PROVNUM,PROVNAME,CITY,STATE,COUNTY_NAME,COUNTY_FIPS,CY_Qtr,WorkDate,MDScensus,Hrs_RNDON,Hrs_RNDON_emp,Hrs_RNDON_ctr,Hrs_RNadmin,Hrs_RNadmin_emp,Hrs_RNadmin_ctr,Hrs_RN,Hrs_RN_emp,Hrs_RN_ctr,Hrs_LPNadmin,Hrs_LPNadmin_emp,Hrs_LPNadmin_ctr,Hrs_LPN,Hrs_LPN_emp,Hrs_LPN_ctr,Hrs_CNA,Hrs_CNA_emp,Hrs_CNA_ctr,Hrs_NAtrn,Hrs_NAtrn_emp,Hrs_NAtrn_ctr,Hrs_MedAide,Hrs_MedAide_emp,Hrs_MedAide_ctr,Hrs_RNDON.1
495241,KINDRED NURSING AND REHABILITATION-RIVER POINTE,VIRGINIA BEACH,VA,Virginia Beach City,810,2017Q1,20170101,126,0.0,0.0,0.0,2.75,2.75,0.0,59.5,59.5,0.0,0.0,0.0,0.0,71.0,71.0,0.0,197.0,197.0,0.0,0.0,0.0,0.0,0.0,0.0,0.0,
495241,KINDRED NURSING AND REHABILITATION-RIVER POINTE,VIRGINIA BEACH,VA,Virginia Beach City,810,2017Q1,20170102,126,0.0,0.0,0.0,11.25,11.25,0.0,59.25,59.25,0.0,0.0,0.0,0.0,90.75,90.75,0.0,211.75,211.75,0.0,0.0,0.0,0.0,0.0,0.0,0.0,
495241,KINDRED NURSING AND REHABILITATION-RIVER POINTE,VIRGINIA BEACH,VA,Virginia Beach City,810,2017Q1,20170103,126,8.0,8.0,0.0,28.25,28.25,0.0,87.5,87.5,0.0,9.25,9.25,0.0,71.0,71.0,0.0,237.75,237.75,0.0,0.0,0.0,0.0,0.0,0.0,0.0,
495241,KINDRED NURSING AND REHABILITATION-RIVER POINTE,VIRGINIA BEACH,VA,Virginia Beach City,810,2017Q1,20170104,126,8.0,8.0,0.0,27.0,27.0,0.0,83.5,83.5,0.0,17.5,17.5,0.0,78.0,78.0,0.0,214.0,214.0,0.0,0.0,0.0,0.0,0.0,0.0,0.0,
495241,KINDRED NURSING AND REHABILITATION-RIVER POINTE,VIRGINIA BEACH,VA,Virginia Beach City,810,2017Q1,20170105,126,8.0,8.0,0.0,29.25,29.25,0.0,84.75,84.75,0.0,9.75,9.75,0.0,80.75,80.75,0.0,250.25,250.25,0.0,0.0,0.0,0.0,0.0,0.0,0.0,
495241,KINDRED NURSING AND REHABILITATION-RIVER POINTE,VIRGINIA BEACH,VA,Virginia Beach City,810,2017Q1,20170106,128,8.0,8.0,0.0,28.75,28.75,0.0,40.75,40.75,0.0,7.5,7.5,0.0,121.0,121.0,0.0,257.5,257.5,0.0,0.0,0.0,0.0,0.0,0.0,0.0,
495241,KINDRED NURSING AND REHABILITATION-RIVER POINTE,VIRGINIA BEACH,VA,Virginia Beach City,810,2017Q1,20170107,129,0.0,0.0,0.0,23.25,23.25,0.0,90.5,90.5,0.0,0.0,0.0,0.0,62.0,62.0,0.0,235.5,235.5,0.0,0.0,0.0,0.0,0.0,0.0,0.0,
495241,KINDRED NURSING AND REHABILITATION-RIVER POINTE,VIRGINIA BEACH,VA,Virginia Beach City,810,2017Q1,20170108,129,0.0,0.0,0.0,0.0,0.0,0.0,68.25,68.25,0.0,0.0,0.0,0.0,61.75,61.75,0.0,230.0,230.0,0.0,0.0,0.0,0.0,0.0,0.0,0.0,
495241,KINDRED NURSING AND REHABILITATION-RIVER POINTE,VIRGINIA BEACH,VA,Virginia Beach City,810,2017Q1,20170109,126,8.0,8.0,0.0,19.5,19.5,0.0,65.5,65.5,0.0,7.0,7.0,0.0,98.0,98.0,0.0,218.75,218.75,0.0,0.0,0.0,0.0,0.0,0.0,0.0,
495241,KINDRED NURSING AND REHABILITATION-RIVER POINTE,VIRGINIA BEACH,VA,Virginia Beach City,810,2017Q1,20170110,126,8.0,8.0,0.0,22.25,22.25,0.0,47.75,47.75,0.0,8.5,8.5,0.0,101.25,101.25,0.0,243.75,243.75,0.0,0.0,0.0,0.0,0.0,0.0,0.0,
495241,KINDRED NURSING AND REHABILITATION-RIVER POINTE,VIRGINIA BEACH,VA,Virginia Beach City,810,2017Q1,20170111,128,8.0,8.0,0.0,20.0,20.0,0.0,64.75,64.75,0.0,6.75,6.75,0.0,93.0,93.0,0.0,236.5,236.5,0.0,0.0,0.0,0.0,0.0,0.0,0.0,
495241,KINDRED NURSING AND REHABILITATION-RIVER POINTE,VIRGINIA BEACH,VA,Virginia Beach City,810,2017Q1,20170112,126,8.0,8.0,0.0,16.25,16.25,0.0,63.0,63.0,0.0,6.5,6.5,0.0,78.0,78.0,0.0,236.75,236.75,0.0,0.0,0.0,0.0,0.0,0.0,0.0,
495241,KINDRED NURSING AND REHABILITATION-RIVER POINTE,VIRGINIA BEACH,VA,Virginia Beach City,810,2017Q1,20170113,123,8.0,8.0,0.0,16.5,16.5,0.0,63.5,63.5,0.0,0.0,0.0,0.0,88.25,88.25,0.0,228.5,228.5,0.0,0.0,0.0,0.0,0.0,0.0,0.0,
495241,KINDRED NURSING AND REHABILITATION-RIVER POINTE,VIRGINIA BEACH,VA,Virginia Beach City,810,2017Q1,20170114,125,0.0,0.0,0.0,0.0,0.0,0.0,52.5,52.5,0.0,0.0,0.0,0.0,81.25,81.25,0.0,225.75,225.75,0.0,0.0,0.0,0.0,0.0,0.0,0.0,
495241,KINDRED NURSING AND REHABILITATION-RIVER POINTE,VIRGINIA BEACH,VA,Virginia Beach City,810,2017Q1,20170115,127,0.0,0.0,0.0,5.0,5.0,0.0,55.5,55.5,0.0,0.0,0.0,0.0,83.75,83.75,0.0,250.0,250.0,0.0,0.0,0.0,0.0,0.0,0.0,0.0,
495241,KINDRED NURSING AND REHABILITATION-RIVER POINTE,VIRGINIA BEACH,VA,Virginia Beach City,810,2017Q1,20170116,128,8.0,8.0,0.0,13.0,13.0,0.0,54.5,54.5,0.0,9.0,9.0,0.0,79.75,79.75,0.0,225.25,225.25,0.0,0.0,0.0,0.0,0.0,0.0,0.0,
495241,KINDRED NURSING AND REHABILITATION-RIVER POINTE,VIRGINIA BEACH,VA,Virginia Beach City,810,2017Q1,20170117,129,8.0,8.0,0.0,28.5,28.5,0.0,82.5,82.5,0.0,8.25,8.25,0.0,79.25,79.25,0.0,233.75,233.75,0.0,0.0,0.0,0.0,0.0,0.0,0.0,
495241,KINDRED NURSING AND REHABILITATION-RIVER POINTE,VIRGINIA BEACH,VA,Virginia Beach City,810,2017Q1,20170118,129,8.0,8.0,0.0,23.5,23.5,0.0,78.5,78.5,0.0,8.0,8.0,0.0,84.25,84.25,0.0,251.5,251.5,0.0,0.0,0.0,0.0,0.0,0.0,0.0,
495241,KINDRED NURSING AND REHABILITATION-RIVER POINTE,VIRGINIA BEACH,VA,Virginia Beach City,810,2017Q1,20170119,130,8.0,8.0,0.0,24.0,24.0,0.0,82.75,82.75,0.0,7.5,7.5,0.0,77.75,77.75,0.0,247.5,247.5,0.0,0.0,0.0,0.0,0.0,0.0,0.0,
495241,KINDRED NURSING AND REHABILITATION-RIVER POINTE,VIRGINIA BEACH,VA,Virginia Beach City,810,2017Q1,20170120,129,8.0,8.0,0.0,26.0,26.0,0.0,58.5,58.5,0.0,7.0,7.0,0.0,92.0,92.0,0.0,229.5,229.5,0.0,0.0,0.0,0.0,0.0,0.0,0.0,
495241,KINDRED NURSING AND REHABILITATION-RIVER POINTE,VIRGINIA BEACH,VA,Virginia Beach City,810,2017Q1,20170121,129,0.0,0.0,0.0,2.5,2.5,0.0,68.75,68.75,0.0,0.0,0.0,0.0,61.75,61.75,0.0,236.0,236.0,0.0,0.0,0.0,0.0,0.0,0.0,0.0,
495241,KINDRED NURSING AND REHABILITATION-RIVER POINTE,VIRGINIA BEACH,VA,Virginia Beach City,810,2017Q1,20170122,127,0.0,0.0,0.0,0.0,0.0,0.0,61.5,61.5,0.0,0.0,0.0,0.0,76.5,76.5,0.0,251.75,251.75,0.0,0.0,0.0,0.0,0.0,0.0,0.0,
495241,KINDRED NURSING AND REHABILITATION-RIVER POINTE,VIRGINIA BEACH,VA,Virginia Beach City,810,2017Q1,20170123,130,8.0,8.0,0.0,21.75,21.75,0.0,69.25,69.25,0.0,8.25,8.25,0.0,102.25,102.25,0.0,244.5,244.5,0.0,0.0,0.0,0.0,0.0,0.0,0.0,
495241,KINDRED NURSING AND REHABILITATION-RIVER POINTE,VIRGINIA BEACH,VA,Virginia Beach City,810,2017Q1,20170124,131,8.0,8.0,0.0,28.75,28.75,0.0,66.0,66.0,0.0,9.75,9.75,0.0,97.25,97.25,0.0,247.5,247.5,0.0,0.0,0.0,0.0,0.0,0.0,0.0,
495241,KINDRED NURSING AND REHABILITATION-RIVER POINTE,VIRGINIA BEACH,VA,Virginia Beach City,810,2017Q1,20170125,132,8.0,8.0,0.0,28.25,28.25,0.0,83.5,83.5,0.0,6.75,6.75,0.0,87.75,87.75,0.0,242.25,242.25,0.0,0.0,0.0,0.0,0.0,0.0,0.0,
495241,KINDRED NURSING AND REHABILITATION-RIVER POINTE,VIRGINIA BEACH,VA,Virginia Beach City,810,2017Q1,20170126,130,8.0,8.0,0.0,26.5,26.5,0.0,60.5,60.5,0.0,7.75,7.75,0.0,108.25,108.25,0.0,240.0,240.0,0.0,0.0,0.0,0.0,0.0,0.0,0.0,
495241,KINDRED NURSING AND REHABILITATION-RIVER POINTE,VIRGINIA BEACH,VA,Virginia Beach City,810,2017Q1,20170127,130,8.0,8.0,0.0,24.25,24.25,0.0,63.75,63.75,0.0,5.75,5.75,0.0,91.25,91.25,0.0,241.25,241.25,0.0,0.0,0.0,0.0,0.0,0.0,0.0,
495241,KINDRED NURSING AND REHABILITATION-RIVER POINTE,VIRGINIA BEACH,VA,Virginia Beach City,810,2017Q1,20170128,130,0.0,0.0,0.0,0.0,0.0,0.0,47.25,47.25,0.0,0.0,0.0,0.0,83.75,83.75,0.0,216.5,216.5,0.0,0.0,0.0,0.0,0.0,0.0,0.0,
495241,KINDRED NURSING AND REHABILITATION-RIVER POINTE,VIRGINIA BEACH,VA,Virginia Beach City,810,2017Q1,20170129,130,0.0,0.0,0.0,8.25,8.25,0.0,61.75,61.75,0.0,0.0,0.0,0.0,68.5,68.5,0.0,232.0,232.0,0.0,0.0,0.0,0.0,0.0,0.0,0.0,
495241,KINDRED NURSING AND REHABILITATION-RIVER POINTE,VIRGINIA BEACH,VA,Virginia Beach City,810,2017Q1,20170130,129,8.0,8.0,0.0,23.25,23.25,0.0,65.25,65.25,0.0,7.5,7.5,0.0,98.25,98.25,0.0,232.0,232.0,0.0,0.0,0.0,0.0,0.0,0.0,0.0,
495241,KINDRED NURSING AND REHABILITATION-RIVER POINTE,VIRGINIA BEACH,VA,Virginia Beach City,810,2017Q1,20170131,130,8.0,8.0,0.0,27.75,27.75,0.0,84.0,84.0,0.0,7.25,7.25,0.0,69.5,69.5,0.0,234.5,234.5,0.0,0.0,0.0,0.0,0.0,0.0,0.0,
495241,KINDRED NURSING AND REHABILITATION-RIVER POINTE,VIRGINIA BEACH,VA,Virginia Beach City,810,2017Q1,20170201,129,8.0,8.0,0.0,28.5,28.5,0.0,75.75,75.75,0.0,8.25,8.25,0.0,88.0,88.0,0.0,215.75,215.75,0.0,0.0,0.0,0.0,0.0,0.0,0.0,
495241,KINDRED NURSING AND REHABILITATION-RIVER POINTE,VIRGINIA BEACH,VA,Virginia Beach City,810,2017Q1,20170202,129,8.0,8.0,0.0,26.5,26.5,0.0,75.5,75.5,0.0,7.25,7.25,0.0,87.25,87.25,0.0,247.5,247.5,0.0,0.0,0.0,0.0,0.0,0.0,0.0,
495241,KINDRED NURSING AND REHABILITATION-RIVER POINTE,VIRGINIA BEACH,VA,Virginia Beach City,810,2017Q1,20170203,128,8.0,8.0,0.0,26.0,26.0,0.0,68.25,68.25,0.0,9.0,9.0,0.0,94.5,94.5,0.0,232.75,232.75,0.0,0.0,0.0,0.0,0.0,0.0,0.0,
495241,KINDRED NURSING AND REHABILITATION-RIVER POINTE,VIRGINIA BEACH,VA,Virginia Beach City,810,2017Q1,20170204,127,0.0,0.0,0.0,3.75,3.75,0.0,70.5,70.5,0.0,5.25,5.25,0.0,61.5,61.5,0.0,242.0,242.0,0.0,0.0,0.0,0.0,0.0,0.0,0.0,
495241,KINDRED NURSING AND REHABILITATION-RIVER POINTE,VIRGINIA BEACH,VA,Virginia Beach City,810,2017Q1,20170205,127,0.0,0.0,0.0,0.0,0.0,0.0,53.0,53.0,0.0,0.0,0.0,0.0,76.25,76.25,0.0,242.75,242.75,0.0,0.0,0.0,0.0,0.0,0.0,0.0,
495241,KINDRED NURSING AND REHABILITATION-RIVER POINTE,VIRGINIA BEACH,VA,Virginia Beach City,810,2017Q1,20170206,126,8.0,8.0,0.0,26.25,26.25,0.0,66.75,66.75,0.0,9.0,9.0,0.0,97.75,97.75,0.0,231.5,231.5,0.0,0.0,0.0,0.0,0.0,0.0,0.0,
495241,KINDRED NURSING AND REHABILITATION-RIVER POINTE,VIRGINIA BEACH,VA,Virginia Beach City,810,2017Q1,20170207,126,8.0,8.0,0.0,38.25,38.25,0.0,78.0,78.0,0.0,10.75,10.75,0.0,90.0,90.0,0.0,243.5,243.5,0.0,0.0,0.0,0.0,0.0,0.0,0.0,
495241,KINDRED NURSING AND REHABILITATION-RIVER POINTE,VIRGINIA BEACH,VA,Virginia Beach City,810,2017Q1,20170208,127,8.0,8.0,0.0,46.25,46.25,0.0,91.25,91.25,0.0,10.75,10.75,0.0,98.75,98.75,0.0,232.5,232.5,0.0,0.0,0.0,0.0,0.0,0.0,0.0,
495241,KINDRED NURSING AND REHABILITATION-RIVER POINTE,VIRGINIA BEACH,VA,Virginia Beach City,810,2017Q1,20170209,126,8.0,8.0,0.0,38.5,38.5,0.0,74.0,74.0,0.0,10.75,10.75,0.0,105.0,105.0,0.0,263.75,263.75,0.0,0.0,0.0,0.0,0.0,0.0,0.0,
495241,KINDRED NURSING AND REHABILITATION-RIVER POINTE,VIRGINIA BEACH,VA,Virginia Beach City,810,2017Q1,20170210,128,8.0,8.0,0.0,22.25,22.25,0.0,68.75,68.75,0.0,3.5,3.5,0.0,97.0,97.0,0.0,235.5,235.5,0.0,0.0,0.0,0.0,0.0,0.0,0.0,
495241,KINDRED NURSING AND REHABILITATION-RIVER POINTE,VIRGINIA BEACH,VA,Virginia Beach City,810,2017Q1,20170211,128,0.0,0.0,0.0,2.75,2.75,0.0,36.0,36.0,0.0,0.0,0.0,0.0,94.0,94.0,0.0,224.0,224.0,0.0,0.0,0.0,0.0,0.0,0.0,0.0,
495241,KINDRED NURSING AND REHABILITATION-RIVER POINTE,VIRGINIA BEACH,VA,Virginia Beach City,810,2017Q1,20170212,128,0.0,0.0,0.0,0.0,0.0,0.0,48.0,48.0,0.0,0.0,0.0,0.0,87.75,87.75,0.0,230.75,230.75,0.0,0.0,0.0,0.0,0.0,0.0,0.0,
495241,KINDRED NURSING AND REHABILITATION-RIVER POINTE,VIRGINIA BEACH,VA,Virginia Beach City,810,2017Q1,20170213,128,8.0,8.0,0.0,26.0,26.0,0.0,63.5,63.5,0.0,8.25,8.25,0.0,98.5,98.5,0.0,237.75,237.75,0.0,0.0,0.0,0.0,0.0,0.0,0.0,
495241,KINDRED NURSING AND REHABILITATION-RIVER POINTE,VIRGINIA BEACH,VA,Virginia Beach City,810,2017Q1,20170214,127,8.0,8.0,0.0,18.5,18.5,0.0,82.25,82.25,0.0,7.0,7.0,0.0,66.75,66.75,0.0,233.75,233.75,0.0,0.0,0.0,0.0,0.0,0.0,0.0,
495241,KINDRED NURSING AND REHABILITATION-RIVER POINTE,VIRGINIA BEACH,VA,Virginia Beach City,810,2017Q1,20170215,125,8.0,8.0,0.0,21.0,21.0,0.0,66.5,66.5,0.0,7.5,7.5,0.0,90.75,90.75,0.0,229.0,229.0,0.0,0.0,0.0,0.0,0.0,0.0,0.0,
495241,KINDRED NURSING AND REHABILITATION-RIVER POINTE,VIRGINIA BEACH,VA,Virginia Beach City,810,2017Q1,20170216,126,8.0,8.0,0.0,20.0,20.0,0.0,91.75,91.75,0.0,7.25,7.25,0.0,78.25,78.25,0.0,234.5,234.5,0.0,0.0,0.0,0.0,0.0,0.0,0.0,
495241,KINDRED NURSING AND REHABILITATION-RIVER POINTE,VIRGINIA BEACH,VA,Virginia Beach City,810,2017Q1,20170217,126,8.0,8.0,0.0,16.0,16.0,0.0,38.25,38.25,0.0,0.0,0.0,0.0,103.5,103.5,0.0,245.0,245.0,0.0,0.0,0.0,0.0,0.0,0.0,0.0,
495241,KINDRED NURSING AND REHABILITATION-RIVER POINTE,VIRGINIA BEACH,VA,Virginia Beach City,810,2017Q1,20170218,125,0.0,0.0,0.0,0.0,0.0,0.0,70.25,70.25,0.0,0.0,0.0,0.0,68.5,68.5,0.0,235.5,235.5,0.0,0.0,0.0,0.0,0.0,0.0,0.0,
495241,KINDRED NURSING AND REHABILITATION-RIVER POINTE,VIRGINIA BEACH,VA,Virginia Beach City,810,2017Q1,20170219,125,0.0,0.0,0.0,4.5,4.5,0.0,68.75,68.75,0.0,0.0,0.0,0.0,67.25,67.25,0.0,231.75,231.75,0.0,0.0,0.0,0.0,0.0,0.0,0.0,
495241,KINDRED NURSING AND REHABILITATION-RIVER POINTE,VIRGINIA BEACH,VA,Virginia Beach City,810,2017Q1,20170220,125,8.0,8.0,0.0,15.75,15.75,0.0,73.25,73.25,0.0,7.25,7.25,0.0,89.0,89.0,0.0,243.25,243.25,0.0,0.0,0.0,0.0,0.0,0.0,0.0,
495241,KINDRED NURSING AND REHABILITATION-RIVER POINTE,VIRGINIA BEACH,VA,Virginia Beach City,810,2017Q1,20170221,124,8.0,8.0,0.0,18.25,18.25,0.0,56.0,56.0,0.0,8.25,8.25,0.0,94.25,94.25,0.0,220.25,220.25,0.0,0.0,0.0,0.0,0.0,0.0,0.0,
495241,KINDRED NURSING AND REHABILITATION-RIVER POINTE,VIRGINIA BEACH,VA,Virginia Beach City,810,2017Q1,20170222,124,8.0,8.0,0.0,18.75,18.75,0.0,71.25,71.25,0.0,6.75,6.75,0.0,76.5,76.5,0.0,218.25,218.25,0.0,0.0,0.0,0.0,0.0,0.0,0.0,
495241,KINDRED NURSING AND REHABILITATION-RIVER POINTE,VIRGINIA BEACH,VA,Virginia Beach City,810,2017Q1,20170223,124,8.0,8.0,0.0,20.5,20.5,0.0,91.75,91.75,0.0,6.75,6.75,0.0,67.0,67.0,0.0,236.5,236.5,0.0,0.0,0.0,0.0,0.0,0.0,0.0,
495241,KINDRED NURSING AND REHABILITATION-RIVER POINTE,VIRGINIA BEACH,VA,Virginia Beach City,810,2017Q1,20170224,121,8.0,8.0,0.0,14.75,14.75,0.0,75.75,75.75,0.0,6.25,6.25,0.0,84.75,84.75,0.0,226.0,226.0,0.0,0.0,0.0,0.0,0.0,0.0,0.0,
495241,KINDRED NURSING AND REHABILITATION-RIVER POINTE,VIRGINIA BEACH,VA,Virginia Beach City,810,2017Q1,20170225,122,0.0,0.0,0.0,5.0,5.0,0.0,51.0,51.0,0.0,0.0,0.0,0.0,87.5,87.5,0.0,216.25,216.25,0.0,0.0,0.0,0.0,0.0,0.0,0.0,
495241,KINDRED NURSING AND REHABILITATION-RIVER POINTE,VIRGINIA BEACH,VA,Virginia Beach City,810,2017Q1,20170226,122,0.0,0.0,0.0,0.0,0.0,0.0,59.25,59.25,0.0,0.0,0.0,0.0,71.25,71.25,0.0,223.5,223.5,0.0,0.0,0.0,0.0,0.0,0.0,0.0,
495241,KINDRED NURSING AND REHABILITATION-RIVER POINTE,VIRGINIA BEACH,VA,Virginia Beach City,810,2017Q1,20170227,123,8.0,8.0,0.0,20.0,20.0,0.0,59.5,59.5,0.0,5.75,5.75,0.0,98.25,98.25,0.0,235.75,235.75,0.0,0.0,0.0,0.0,0.0,0.0,0.0,
495241,KINDRED NURSING AND REHABILITATION-RIVER POINTE,VIRGINIA BEACH,VA,Virginia Beach City,810,2017Q1,20170228,123,8.0,8.0,0.0,4.75,4.75,0.0,74.75,74.75,0.0,7.5,7.5,0.0,67.25,67.25,0.0,235.0,235.0,0.0,0.0,0.0,0.0,0.0,0.0,0.0,
495241,KINDRED NURSING AND REHABILITATION-RIVER POINTE,VIRGINIA BEACH,VA,Virginia Beach City,810,2017Q1,20170301,123,8.0,8.0,0.0,22.0,22.0,0.0,81.0,81.0,0.0,7.0,7.0,0.0,67.5,67.5,0.0,224.25,224.25,0.0,0.0,0.0,0.0,0.0,0.0,0.0,
495241,KINDRED NURSING AND REHABILITATION-RIVER POINTE,VIRGINIA BEACH,VA,Virginia Beach City,810,2017Q1,20170302,123,8.0,8.0,0.0,19.5,19.5,0.0,73.25,73.25,0.0,6.75,6.75,0.0,96.25,96.25,0.0,230.0,230.0,0.0,0.0,0.0,0.0,0.0,0.0,0.0,
495241,KINDRED NURSING AND REHABILITATION-RIVER POINTE,VIRGINIA BEACH,VA,Virginia Beach City,810,2017Q1,20170303,123,8.0,8.0,0.0,19.0,19.0,0.0,68.0,68.0,0.0,6.5,6.5,0.0,105.0,105.0,0.0,223.5,223.5,0.0,0.0,0.0,0.0,0.0,0.0,0.0,
495241,KINDRED NURSING AND REHABILITATION-RIVER POINTE,VIRGINIA BEACH,VA,Virginia Beach City,810,2017Q1,20170304,122,0.0,0.0,0.0,0.0,0.0,0.0,61.75,61.75,0.0,0.0,0.0,0.0,71.25,71.25,0.0,203.5,203.5,0.0,0.0,0.0,0.0,0.0,0.0,0.0,
495241,KINDRED NURSING AND REHABILITATION-RIVER POINTE,VIRGINIA BEACH,VA,Virginia Beach City,810,2017Q1,20170305,122,0.0,0.0,0.0,0.75,0.75,0.0,49.25,49.25,0.0,0.0,0.0,0.0,78.5,78.5,0.0,200.5,200.5,0.0,0.0,0.0,0.0,0.0,0.0,0.0,
495241,KINDRED NURSING AND REHABILITATION-RIVER POINTE,VIRGINIA BEACH,VA,Virginia Beach City,810,2017Q1,20170306,122,8.0,8.0,0.0,18.75,18.75,0.0,74.75,74.75,0.0,8.0,8.0,0.0,101.5,101.5,0.0,220.25,220.25,0.0,0.0,0.0,0.0,0.0,0.0,0.0,
495241,KINDRED NURSING AND REHABILITATION-RIVER POINTE,VIRGINIA BEACH,VA,Virginia Beach City,810,2017Q1,20170307,121,8.0,8.0,0.0,19.0,19.0,0.0,64.75,64.75,0.0,8.25,8.25,0.0,106.0,106.0,0.0,245.0,245.0,0.0,0.0,0.0,0.0,0.0,0.0,0.0,
495241,KINDRED NURSING AND REHABILITATION-RIVER POINTE,VIRGINIA BEACH,VA,Virginia Beach City,810,2017Q1,20170308,122,8.0,8.0,0.0,22.0,22.0,0.0,90.75,90.75,0.0,6.5,6.5,0.0,73.75,73.75,0.0,232.0,232.0,0.0,0.0,0.0,0.0,0.0,0.0,0.0,
495241,KINDRED NURSING AND REHABILITATION-RIVER POINTE,VIRGINIA BEACH,VA,Virginia Beach City,810,2017Q1,20170309,125,8.0,8.0,0.0,19.5,19.5,0.0,81.25,81.25,0.0,7.25,7.25,0.0,98.25,98.25,0.0,222.75,222.75,0.0,0.0,0.0,0.0,0.0,0.0,0.0,
495241,KINDRED NURSING AND REHABILITATION-RIVER POINTE,VIRGINIA BEACH,VA,Virginia Beach City,810,2017Q1,20170310,125,8.0,8.0,0.0,18.5,18.5,0.0,59.75,59.75,0.0,7.5,7.5,0.0,99.5,99.5,0.0,228.25,228.25,0.0,0.0,0.0,0.0,0.0,0.0,0.0,
495241,KINDRED NURSING AND REHABILITATION-RIVER POINTE,VIRGINIA BEACH,VA,Virginia Beach City,810,2017Q1,20170311,124,0.0,0.0,0.0,0.0,0.0,0.0,55.25,55.25,0.0,0.0,0.0,0.0,88.5,88.5,0.0,235.25,235.25,0.0,0.0,0.0,0.0,0.0,0.0,0.0,
495241,KINDRED NURSING AND REHABILITATION-RIVER POINTE,VIRGINIA BEACH,VA,Virginia Beach City,810,2017Q1,20170312,123,0.0,0.0,0.0,0.75,0.75,0.0,59.5,59.5,0.0,0.0,0.0,0.0,73.75,73.75,0.0,219.0,219.0,0.0,0.0,0.0,0.0,0.0,0.0,0.0,
495241,KINDRED NURSING AND REHABILITATION-RIVER POINTE,VIRGINIA BEACH,VA,Virginia Beach City,810,2017Q1,20170313,124,8.0,8.0,0.0,26.75,26.75,0.0,64.25,64.25,0.0,9.0,9.0,0.0,97.75,97.75,0.0,221.75,221.75,0.0,0.0,0.0,0.0,0.0,0.0,0.0,
495241,KINDRED NURSING AND REHABILITATION-RIVER POINTE,VIRGINIA BEACH,VA,Virginia Beach City,810,2017Q1,20170314,124,8.0,8.0,0.0,27.0,27.0,0.0,63.75,63.75,0.0,7.75,7.75,0.0,83.25,83.25,0.0,220.75,220.75,0.0,0.0,0.0,0.0,0.0,0.0,0.0,
495241,KINDRED NURSING AND REHABILITATION-RIVER POINTE,VIRGINIA BEACH,VA,Virginia Beach City,810,2017Q1,20170315,123,8.0,8.0,0.0,46.5,46.5,0.0,79.25,79.25,0.0,9.0,9.0,0.0,97.25,97.25,0.0,193.5,193.5,0.0,0.0,0.0,0.0,0.0,0.0,0.0,
495241,KINDRED NURSING AND REHABILITATION-RIVER POINTE,VIRGINIA BEACH,VA,Virginia Beach City,810,2017Q1,20170316,122,8.0,8.0,0.0,37.75,37.75,0.0,68.75,68.75,0.0,6.5,6.5,0.0,89.5,89.5,0.0,216.5,216.5,0.0,0.0,0.0,0.0,0.0,0.0,0.0,
495241,KINDRED NURSING AND REHABILITATION-RIVER POINTE,VIRGINIA BEACH,VA,Virginia Beach City,810,2017Q1,20170317,121,8.0,8.0,0.0,30.5,30.5,0.0,48.25,48.25,0.0,8.75,8.75,0.0,116.25,116.25,0.0,223.0,223.0,0.0,0.0,0.0,0.0,0.0,0.0,0.0,
495241,KINDRED NURSING AND REHABILITATION-RIVER POINTE,VIRGINIA BEACH,VA,Virginia Beach City,810,2017Q1,20170318,122,0.0,0.0,0.0,0.0,0.0,0.0,70.5,70.5,0.0,0.0,0.0,0.0,66.5,66.5,0.0,181.0,181.0,0.0,0.0,0.0,0.0,0.0,0.0,0.0,
495241,KINDRED NURSING AND REHABILITATION-RIVER POINTE,VIRGINIA BEACH,VA,Virginia Beach City,810,2017Q1,20170319,122,0.0,0.0,0.0,8.25,8.25,0.0,68.0,68.0,0.0,0.0,0.0,0.0,71.75,71.75,0.0,216.0,216.0,0.0,0.0,0.0,0.0,0.0,0.0,0.0,
495241,KINDRED NURSING AND REHABILITATION-RIVER POINTE,VIRGINIA BEACH,VA,Virginia Beach City,810,2017Q1,20170320,122,8.0,8.0,0.0,36.75,36.75,0.0,70.0,70.0,0.0,8.75,8.75,0.0,94.25,94.25,0.0,206.0,206.0,0.0,0.0,0.0,0.0,0.0,0.0,0.0,
495241,KINDRED NURSING AND REHABILITATION-RIVER POINTE,VIRGINIA BEACH,VA,Virginia Beach City,810,2017Q1,20170321,121,8.0,8.0,0.0,42.25,42.25,0.0,61.5,61.5,0.0,12.5,12.5,0.0,119.75,119.75,0.0,231.25,231.25,0.0,0.0,0.0,0.0,0.0,0.0,0.0,
495241,KINDRED NURSING AND REHABILITATION-RIVER POINTE,VIRGINIA BEACH,VA,Virginia Beach City,810,2017Q1,20170322,120,8.0,8.0,0.0,38.5,38.5,0.0,97.0,97.0,0.0,10.75,10.75,0.0,74.0,74.0,0.0,220.75,220.75,0.0,0.0,0.0,0.0,0.0,0.0,0.0,
495241,KINDRED NURSING AND REHABILITATION-RIVER POINTE,VIRGINIA BEACH,VA,Virginia Beach City,810,2017Q1,20170323,120,8.0,8.0,0.0,25.0,25.0,0.0,69.75,69.75,0.0,8.0,8.0,0.0,92.5,92.5,0.0,219.0,219.0,0.0,0.0,0.0,0.0,0.0,0.0,0.0,
495241,KINDRED NURSING AND REHABILITATION-RIVER POINTE,VIRGINIA BEACH,VA,Virginia Beach City,810,2017Q1,20170324,123,8.0,8.0,0.0,28.0,28.0,0.0,70.75,70.75,0.0,8.25,8.25,0.0,103.5,103.5,0.0,212.75,212.75,0.0,0.0,0.0,0.0,0.0,0.0,0.0,
495241,KINDRED NURSING AND REHABILITATION-RIVER POINTE,VIRGINIA BEACH,VA,Virginia Beach City,810,2017Q1,20170325,122,0.0,0.0,0.0,5.5,5.5,0.0,58.0,58.0,0.0,0.0,0.0,0.0,87.25,87.25,0.0,213.25,213.25,0.0,0.0,0.0,0.0,0.0,0.0,0.0,
495241,KINDRED NURSING AND REHABILITATION-RIVER POINTE,VIRGINIA BEACH,VA,Virginia Beach City,810,2017Q1,20170326,121,0.0,0.0,0.0,4.0,4.0,0.0,56.0,56.0,0.0,0.0,0.0,0.0,85.0,85.0,0.0,210.25,210.25,0.0,0.0,0.0,0.0,0.0,0.0,0.0,
495241,KINDRED NURSING AND REHABILITATION-RIVER POINTE,VIRGINIA BEACH,VA,Virginia Beach City,810,2017Q1,20170327,121,8.0,8.0,0.0,28.5,28.5,0.0,58.0,58.0,0.0,10.25,10.25,0.0,104.5,104.5,0.0,229.0,229.0,0.0,0.0,0.0,0.0,0.0,0.0,0.0,
495241,KINDRED NURSING AND REHABILITATION-RIVER POINTE,VIRGINIA BEACH,VA,Virginia Beach City,810,2017Q1,20170328,122,8.0,8.0,0.0,33.0,33.0,0.0,86.25,86.25,0.0,9.0,9.0,0.0,81.5,81.5,0.0,197.75,197.75,0.0,0.0,0.0,0.0,0.0,0.0,0.0,
495241,KINDRED NURSING AND REHABILITATION-RIVER POINTE,VIRGINIA BEACH,VA,Virginia Beach City,810,2017Q1,20170329,122,8.0,8.0,0.0,32.25,32.25,0.0,80.25,80.25,0.0,10.0,10.0,0.0,91.75,91.75,0.0,216.75,216.75,0.0,0.0,0.0,0.0,0.0,0.0,0.0,
495241,KINDRED NURSING AND REHABILITATION-RIVER POINTE,VIRGINIA BEACH,VA,Virginia Beach City,810,2017Q1,20170330,123,8.0,8.0,0.0,37.5,37.5,0.0,82.5,82.5,0.0,10.25,10.25,0.0,95.75,95.75,0.0,234.75,234.75,0.0,0.0,0.0,0.0,0.0,0.0,0.0,
495241,KINDRED NURSING AND REHABILITATION-RIVER POINTE,VIRGINIA BEACH,VA,Virginia Beach City,810,2017Q1,20170331,123,8.0,8.0,0.0,21.0,21.0,0.0,65.0,65.0,0.0,7.75,7.75,0.0,111.5,111.5,0.0,241.75,241.75,0.0,0.0,0.0,0.0,0.0,0.0,0.0,
495241,KINDRED NURSING AND REHABILITATION-RIVER POINTE,VIRGINIA BEACH,VA,Virginia Beach City,810,2017Q2,20170401,123,0.0,0.0,0.0,0.0,0.0,0.0,77.0,77.0,0.0,0.0,0.0,0.0,67.25,67.25,0.0,218.0,218.0,0.0,0.0,0.0,0.0,0.0,0.0,,0.0
495241,KINDRED NURSING AND REHABILITATION-RIVER POINTE,VIRGINIA BEACH,VA,Virginia Beach City,810,2017Q2,20170402,124,0.0,0.0,0.0,0.0,0.0,0.0,53.75,53.75,0.0,0.0,0.0,0.0,76.5,76.5,0.0,198.25,198.25,0.0,0.0,0.0,0.0,0.0,0.0,,0.0
495241,KINDRED NURSING AND REHABILITATION-RIVER POINTE,VIRGINIA BEACH,VA,Virginia Beach City,810,2017Q2,20170403,124,8.0,8.0,0.0,27.25,27.25,0.0,65.75,65.75,0.0,7.75,7.75,0.0,98.5,98.5,0.0,215.0,215.0,0.0,0.0,0.0,0.0,0.0,0.0,,0.0
495241,KINDRED NURSING AND REHABILITATION-RIVER POINTE,VIRGINIA BEACH,VA,Virginia Beach City,810,2017Q2,20170404,125,8.0,8.0,0.0,27.5,27.5,0.0,44.5,44.5,0.0,8.75,8.75,0.0,118.5,118.5,0.0,194.25,194.25,0.0,0.0,0.0,0.0,0.0,0.0,,0.0
495241,KINDRED NURSING AND REHABILITATION-RIVER POINTE,VIRGINIA BEACH,VA,Virginia Beach City,810,2017Q2,20170405,123,8.0,8.0,0.0,27.75,27.75,0.0,93.5,93.5,0.0,7.75,7.75,0.0,84.25,84.25,0.0,208.0,208.0,0.0,0.0,0.0,0.0,0.0,0.0,,0.0
495241,KINDRED NURSING AND REHABILITATION-RIVER POINTE,VIRGINIA BEACH,VA,Virginia Beach City,810,2017Q2,20170406,121,8.0,8.0,0.0,27.0,27.0,0.0,83.75,83.75,0.0,8.0,8.0,0.0,83.75,83.75,0.0,216.0,216.0,0.0,0.0,0.0,0.0,0.0,0.0,,0.0
495241,KINDRED NURSING AND REHABILITATION-RIVER POINTE,VIRGINIA BEACH,VA,Virginia Beach City,810,2017Q2,20170407,121,8.0,8.0,0.0,25.75,25.75,0.0,67.75,67.75,0.0,2.25,2.25,0.0,89.75,89.75,0.0,209.5,209.5,0.0,0.0,0.0,0.0,0.0,0.0,,0.0
495241,KINDRED NURSING AND REHABILITATION-RIVER POINTE,VIRGINIA BEACH,VA,Virginia Beach City,810,2017Q2,20170408,121,0.0,0.0,0.0,0.0,0.0,0.0,55.25,55.25,0.0,0.0,0.0,0.0,80.0,80.0,0.0,224.0,224.0,0.0,0.0,0.0,0.0,0.0,0.0,,0.0
495241,KINDRED NURSING AND REHABILITATION-RIVER POINTE,VIRGINIA BEACH,VA,Virginia Beach City,810,2017Q2,20170409,121,0.0,0.0,0.0,0.0,0.0,0.0,46.75,46.75,0.0,0.0,0.0,0.0,84.5,84.5,0.0,212.0,212.0,0.0,0.0,0.0,0.0,0.0,0.0,,0.0
495241,KINDRED NURSING AND REHABILITATION-RIVER POINTE,VIRGINIA BEACH,VA,Virginia Beach City,810,2017Q2,20170410,119,8.0,8.0,0.0,26.0,26.0,0.0,57.25,57.25,0.0,7.75,7.75,0.0,96.75,96.75,0.0,208.0,208.0,0.0,0.0,0.0,0.0,0.0,0.0,,0.0
495241,KINDRED NURSING AND REHABILITATION-RIVER POINTE,VIRGINIA BEACH,VA,Virginia Beach City,810,2017Q2,20170411,118,8.0,8.0,0.0,17.25,17.25,0.0,72.5,72.5,0.0,7.75,7.75,0.0,88.0,88.0,0.0,205.25,205.25,0.0,0.0,0.0,0.0,0.0,0.0,,0.0
495241,KINDRED NURSING AND REHABILITATION-RIVER POINTE,VIRGINIA BEACH,VA,Virginia Beach City,810,2017Q2,20170412,117,8.0,8.0,0.0,27.25,27.25,0.0,66.0,66.0,0.0,8.5,8.5,0.0,94.25,94.25,0.0,180.0,180.0,0.0,0.0,0.0,0.0,0.0,0.0,,0.0
495241,KINDRED NURSING AND REHABILITATION-RIVER POINTE,VIRGINIA BEACH,VA,Virginia Beach City,810,2017Q2,20170413,117,8.0,8.0,0.0,17.25,17.25,0.0,81.75,81.75,0.0,7.5,7.5,0.0,73.25,73.25,0.0,219.25,219.25,0.0,0.0,0.0,0.0,0.0,0.0,,0.0
495241,KINDRED NURSING AND REHABILITATION-RIVER POINTE,VIRGINIA BEACH,VA,Virginia Beach City,810,2017Q2,20170414,119,8.0,8.0,0.0,17.0,17.0,0.0,51.0,51.0,0.0,6.5,6.5,0.0,82.75,82.75,0.0,202.5,202.5,0.0,0.0,0.0,0.0,0.0,0.0,,0.0
495241,KINDRED NURSING AND REHABILITATION-RIVER POINTE,VIRGINIA BEACH,VA,Virginia Beach City,810,2017Q2,20170415,121,0.0,0.0,0.0,0.0,0.0,0.0,67.0,67.0,0.0,0.0,0.0,0.0,69.75,69.75,0.0,190.5,190.5,0.0,0.0,0.0,0.0,0.0,0.0,,0.0
495241,KINDRED NURSING AND REHABILITATION-RIVER POINTE,VIRGINIA BEACH,VA,Virginia Beach City,810,2017Q2,20170416,121,0.0,0.0,0.0,0.0,0.0,0.0,66.25,66.25,0.0,0.0,0.0,0.0,65.5,65.5,0.0,165.0,165.0,0.0,0.0,0.0,0.0,0.0,0.0,,0.0
495241,KINDRED NURSING AND REHABILITATION-RIVER POINTE,VIRGINIA BEACH,VA,Virginia Beach City,810,2017Q2,20170417,121,8.0,8.0,0.0,24.75,24.75,0.0,52.5,52.5,0.0,0.0,0.0,0.0,95.0,95.0,0.0,196.25,196.25,0.0,0.0,0.0,0.0,0.0,0.0,,0.0
495241,KINDRED NURSING AND REHABILITATION-RIVER POINTE,VIRGINIA BEACH,VA,Virginia Beach City,810,2017Q2,20170418,122,8.0,8.0,0.0,25.75,25.75,0.0,44.75,44.75,0.0,7.75,7.75,0.0,102.0,102.0,0.0,210.5,210.5,0.0,0.0,0.0,0.0,0.0,0.0,,0.0
495241,KINDRED NURSING AND REHABILITATION-RIVER POINTE,VIRGINIA BEACH,VA,Virginia Beach City,810,2017Q2,20170419,124,8.0,8.0,0.0,24.0,24.0,0.0,71.5,71.5,0.0,7.75,7.75,0.0,84.0,84.0,0.0,224.75,224.75,0.0,0.0,0.0,0.0,0.0,0.0,,0.0
495241,KINDRED NURSING AND REHABILITATION-RIVER POINTE,VIRGINIA BEACH,VA,Virginia Beach City,810,2017Q2,20170420,122,8.0,8.0,0.0,23.75,23.75,0.0,69.75,69.75,0.0,8.5,8.5,0.0,73.25,73.25,0.0,209.0,209.0,0.0,0.0,0.0,0.0,0.0,0.0,,0.0
495241,KINDRED NURSING AND REHABILITATION-RIVER POINTE,VIRGINIA BEACH,VA,Virginia Beach City,810,2017Q2,20170421,120,8.0,8.0,0.0,17.25,17.25,0.0,63.0,63.0,0.0,8.25,8.25,0.0,80.0,80.0,0.0,205.5,205.5,0.0,0.0,0.0,0.0,0.0,0.0,,0.0
495241,KINDRED NURSING AND REHABILITATION-RIVER POINTE,VIRGINIA BEACH,VA,Virginia Beach City,810,2017Q2,20170422,120,0.0,0.0,0.0,0.0,0.0,0.0,54.75,54.75,0.0,0.0,0.0,0.0,74.25,74.25,0.0,220.75,220.75,0.0,0.0,0.0,0.0,0.0,0.0,,0.0
495241,KINDRED NURSING AND REHABILITATION-RIVER POINTE,VIRGINIA BEACH,VA,Virginia Beach City,810,2017Q2,20170423,120,0.0,0.0,0.0,0.0,0.0,0.0,47.0,47.0,0.0,0.0,0.0,0.0,81.75,81.75,0.0,209.25,209.25,0.0,0.0,0.0,0.0,0.0,0.0,,0.0
495241,KINDRED NURSING AND REHABILITATION-RIVER POINTE,VIRGINIA BEACH,VA,Virginia Beach City,810,2017Q2,20170424,119,8.0,8.0,0.0,27.25,27.25,0.0,71.25,71.25,0.0,7.75,7.75,0.0,71.25,71.25,0.0,204.75,204.75,0.0,0.0,0.0,0.0,0.0,0.0,,0.0
495241,KINDRED NURSING AND REHABILITATION-RIVER POINTE,VIRGINIA BEACH,VA,Virginia Beach City,810,2017Q2,20170425,119,8.0,8.0,0.0,28.5,28.5,0.0,69.5,69.5,0.0,7.75,7.75,0.0,81.75,81.75,0.0,209.25,209.25,0.0,0.0,0.0,0.0,0.0,0.0,,0.0
495241,KINDRED NURSING AND REHABILITATION-RIVER POINTE,VIRGINIA BEACH,VA,Virginia Beach City,810,2017Q2,20170426,120,8.0,8.0,0.0,28.5,28.5,0.0,63.75,63.75,0.0,9.25,9.25,0.0,99.25,99.25,0.0,211.25,211.25,0.0,0.0,0.0,0.0,0.0,0.0,,0.0
495241,KINDRED NURSING AND REHABILITATION-RIVER POINTE,VIRGINIA BEACH,VA,Virginia Beach City,810,2017Q2,20170427,120,8.0,8.0,0.0,26.25,26.25,0.0,88.75,88.75,0.0,7.75,7.75,0.0,72.5,72.5,0.0,178.75,178.75,0.0,0.0,0.0,0.0,0.0,0.0,,0.0
495241,KINDRED NURSING AND REHABILITATION-RIVER POINTE,VIRGINIA BEACH,VA,Virginia Beach City,810,2017Q2,20170428,121,8.0,8.0,0.0,27.25,27.25,0.0,53.5,53.5,0.0,7.75,7.75,0.0,104.0,104.0,0.0,208.75,208.75,0.0,0.0,0.0,0.0,0.0,0.0,,0.0
495241,KINDRED NURSING AND REHABILITATION-RIVER POINTE,VIRGINIA BEACH,VA,Virginia Beach City,810,2017Q2,20170429,121,0.0,0.0,0.0,0.0,0.0,0.0,79.75,79.75,0.0,0.0,0.0,0.0,58.75,58.75,0.0,184.75,184.75,0.0,0.0,0.0,0.0,0.0,0.0,,0.0
495241,KINDRED NURSING AND REHABILITATION-RIVER POINTE,VIRGINIA BEACH,VA,Virginia Beach City,810,2017Q2,20170430,121,0.0,0.0,0.0,0.0,0.0,0.0,67.5,67.5,0.0,0.0,0.0,0.0,64.75,64.75,0.0,206.5,206.5,0.0,0.0,0.0,0.0,0.0,0.0,,0.0
495241,KINDRED NURSING AND REHABILITATION-RIVER POINTE,VIRGINIA BEACH,VA,Virginia Beach City,810,2017Q2,20170501,121,8.0,8.0,0.0,19.25,19.25,0.0,52.25,52.25,0.0,8.25,8.25,0.0,98.75,98.75,0.0,208.75,208.75,0.0,0.0,0.0,0.0,0.0,0.0,,0.0
495241,KINDRED NURSING AND REHABILITATION-RIVER POINTE,VIRGINIA BEACH,VA,Virginia Beach City,810,2017Q2,20170502,121,8.0,8.0,0.0,28.5,28.5,0.0,44.5,44.5,0.0,7.5,7.5,0.0,113.75,113.75,0.0,229.5,229.5,0.0,0.0,0.0,0.0,0.0,0.0,,0.0
495241,KINDRED NURSING AND REHABILITATION-RIVER POINTE,VIRGINIA BEACH,VA,Virginia Beach City,810,2017Q2,20170503,121,8.0,8.0,0.0,24.0,24.0,0.0,71.5,71.5,0.0,8.75,8.75,0.0,85.25,85.25,0.0,222.25,222.25,0.0,0.0,0.0,0.0,0.0,0.0,,0.0
495241,KINDRED NURSING AND REHABILITATION-RIVER POINTE,VIRGINIA BEACH,VA,Virginia Beach City,810,2017Q2,20170504,122,8.0,8.0,0.0,27.5,27.5,0.0,59.75,59.75,0.0,8.25,8.25,0.0,90.25,90.25,0.0,216.5,216.5,0.0,0.0,0.0,0.0,0.0,0.0,,0.0
495241,KINDRED NURSING AND REHABILITATION-RIVER POINTE,VIRGINIA BEACH,VA,Virginia Beach City,810,2017Q2,20170505,122,8.0,8.0,0.0,25.5,25.5,0.0,54.75,54.75,0.0,7.5,7.5,0.0,106.0,106.0,0.0,201.75,201.75,0.0,0.0,0.0,0.0,0.0,0.0,,0.0
495241,KINDRED NURSING AND REHABILITATION-RIVER POINTE,VIRGINIA BEACH,VA,Virginia Beach City,810,2017Q2,20170506,124,0.0,0.0,0.0,0.0,0.0,0.0,45.25,45.25,0.0,0.0,0.0,0.0,90.0,90.0,0.0,228.5,228.5,0.0,0.0,0.0,0.0,0.0,0.0,,0.0
495241,KINDRED NURSING AND REHABILITATION-RIVER POINTE,VIRGINIA BEACH,VA,Virginia Beach City,810,2017Q2,20170507,124,0.0,0.0,0.0,0.0,0.0,0.0,32.75,32.75,0.0,0.0,0.0,0.0,102.25,102.25,0.0,227.75,227.75,0.0,0.0,0.0,0.0,0.0,0.0,,0.0
495241,KINDRED NURSING AND REHABILITATION-RIVER POINTE,VIRGINIA BEACH,VA,Virginia Beach City,810,2017Q2,20170508,124,8.0,8.0,0.0,28.75,28.75,0.0,53.25,53.25,0.0,7.75,7.75,0.0,100.75,100.75,0.0,237.75,237.75,0.0,0.0,0.0,0.0,0.0,0.0,,0.0
495241,KINDRED NURSING AND REHABILITATION-RIVER POINTE,VIRGINIA BEACH,VA,Virginia Beach City,810,2017Q2,20170509,120,8.0,8.0,0.0,27.25,27.25,0.0,72.75,72.75,0.0,7.75,7.75,0.0,87.75,87.75,0.0,212.75,212.75,0.0,0.0,0.0,0.0,0.0,0.0,,0.0
495241,KINDRED NURSING AND REHABILITATION-RIVER POINTE,VIRGINIA BEACH,VA,Virginia Beach City,810,2017Q2,20170510,121,8.0,8.0,0.0,29.75,29.75,0.0,64.25,64.25,0.0,8.0,8.0,0.0,90.0,90.0,0.0,233.0,233.0,0.0,0.0,0.0,0.0,0.0,0.0,,0.0
495241,KINDRED NURSING AND REHABILITATION-RIVER POINTE,VIRGINIA BEACH,VA,Virginia Beach City,810,2017Q2,20170511,121,8.0,8.0,0.0,28.25,28.25,0.0,63.25,63.25,0.0,7.5,7.5,0.0,88.75,88.75,0.0,201.0,201.0,0.0,0.0,0.0,0.0,0.0,0.0,,0.0
495241,KINDRED NURSING AND REHABILITATION-RIVER POINTE,VIRGINIA BEACH,VA,Virginia Beach City,810,2017Q2,20170512,119,8.0,8.0,0.0,26.25,26.25,0.0,49.25,49.25,0.0,7.5,7.5,0.0,114.75,114.75,0.0,221.25,221.25,0.0,0.0,0.0,0.0,0.0,0.0,,0.0
495241,KINDRED NURSING AND REHABILITATION-RIVER POINTE,VIRGINIA BEACH,VA,Virginia Beach City,810,2017Q2,20170513,120,0.0,0.0,0.0,0.0,0.0,0.0,79.75,79.75,0.0,0.0,0.0,0.0,67.5,67.5,0.0,216.0,216.0,0.0,0.0,0.0,0.0,0.0,0.0,,0.0
495241,KINDRED NURSING AND REHABILITATION-RIVER POINTE,VIRGINIA BEACH,VA,Virginia Beach City,810,2017Q2,20170514,120,0.0,0.0,0.0,0.0,0.0,0.0,60.75,60.75,0.0,0.0,0.0,0.0,70.75,70.75,0.0,190.25,190.25,0.0,0.0,0.0,0.0,0.0,0.0,,0.0
495241,KINDRED NURSING AND REHABILITATION-RIVER POINTE,VIRGINIA BEACH,VA,Virginia Beach City,810,2017Q2,20170515,123,8.0,8.0,0.0,25.25,25.25,0.0,72.75,72.75,0.0,7.25,7.25,0.0,89.75,89.75,0.0,197.75,197.75,0.0,0.0,0.0,0.0,0.0,0.0,,0.0
495241,KINDRED NURSING AND REHABILITATION-RIVER POINTE,VIRGINIA BEACH,VA,Virginia Beach City,810,2017Q2,20170516,122,8.0,8.0,0.0,24.25,24.25,0.0,46.0,46.0,0.0,8.0,8.0,0.0,113.75,113.75,0.0,213.5,213.5,0.0,0.0,0.0,0.0,0.0,0.0,,0.0
495241,KINDRED NURSING AND REHABILITATION-RIVER POINTE,VIRGINIA BEACH,VA,Virginia Beach City,810,2017Q2,20170517,124,8.0,8.0,0.0,29.75,29.75,0.0,84.0,84.0,0.0,8.0,8.0,0.0,82.5,82.5,0.0,223.0,223.0,0.0,0.0,0.0,0.0,0.0,0.0,,0.0
495241,KINDRED NURSING AND REHABILITATION-RIVER POINTE,VIRGINIA BEACH,VA,Virginia Beach City,810,2017Q2,20170518,124,8.0,8.0,0.0,28.0,28.0,0.0,70.25,70.25,0.0,7.75,7.75,0.0,87.75,87.75,0.0,239.25,239.25,0.0,0.0,0.0,0.0,0.0,0.0,,0.0
495241,KINDRED NURSING AND REHABILITATION-RIVER POINTE,VIRGINIA BEACH,VA,Virginia Beach City,810,2017Q2,20170519,124,8.0,8.0,0.0,26.5,26.5,0.0,68.5,68.5,0.0,8.5,8.5,0.0,101.25,101.25,0.0,195.75,195.75,0.0,0.0,0.0,0.0,0.0,0.0,,0.0
495241,KINDRED NURSING AND REHABILITATION-RIVER POINTE,VIRGINIA BEACH,VA,Virginia Beach City,810,2017Q2,20170520,123,0.0,0.0,0.0,1.75,1.75,0.0,48.0,48.0,0.0,0.0,0.0,0.0,88.25,88.25,0.0,218.5,218.5,0.0,0.0,0.0,0.0,0.0,0.0,,0.0
495241,KINDRED NURSING AND REHABILITATION-RIVER POINTE,VIRGINIA BEACH,VA,Virginia Beach City,810,2017Q2,20170521,121,0.0,0.0,0.0,3.0,3.0,0.0,40.5,40.5,0.0,0.0,0.0,0.0,94.0,94.0,0.0,228.25,228.25,0.0,0.0,0.0,0.0,0.0,0.0,,0.0
495241,KINDRED NURSING AND REHABILITATION-RIVER POINTE,VIRGINIA BEACH,VA,Virginia Beach City,810,2017Q2,20170522,124,8.0,8.0,0.0,26.25,26.25,0.0,63.25,63.25,0.0,7.25,7.25,0.0,97.75,97.75,0.0,184.75,184.75,0.0,0.0,0.0,0.0,0.0,0.0,,0.0
495241,KINDRED NURSING AND REHABILITATION-RIVER POINTE,VIRGINIA BEACH,VA,Virginia Beach City,810,2017Q2,20170523,123,8.0,8.0,0.0,26.0,26.0,0.0,80.0,80.0,0.0,8.75,8.75,0.0,82.75,82.75,0.0,187.0,187.0,0.0,0.0,0.0,0.0,0.0,0.0,,0.0
495241,KINDRED NURSING AND REHABILITATION-RIVER POINTE,VIRGINIA BEACH,VA,Virginia Beach City,810,2017Q2,20170524,124,8.0,8.0,0.0,26.5,26.5,0.0,69.0,69.0,0.0,6.5,6.5,0.0,95.5,95.5,0.0,222.0,222.0,0.0,0.0,0.0,0.0,0.0,0.0,,0.0
495241,KINDRED NURSING AND REHABILITATION-RIVER POINTE,VIRGINIA BEACH,VA,Virginia Beach City,810,2017Q2,20170525,124,8.0,8.0,0.0,27.5,27.5,0.0,81.75,81.75,0.0,7.0,7.0,0.0,83.75,83.75,0.0,225.0,225.0,0.0,0.0,0.0,0.0,0.0,0.0,,0.0
495241,KINDRED NURSING AND REHABILITATION-RIVER POINTE,VIRGINIA BEACH,VA,Virginia Beach City,810,2017Q2,20170526,126,8.0,8.0,0.0,26.5,26.5,0.0,50.5,50.5,0.0,7.75,7.75,0.0,109.25,109.25,0.0,220.5,220.5,0.0,0.0,0.0,0.0,0.0,0.0,,0.0
495241,KINDRED NURSING AND REHABILITATION-RIVER POINTE,VIRGINIA BEACH,VA,Virginia Beach City,810,2017Q2,20170527,125,0.0,0.0,0.0,0.0,0.0,0.0,67.5,67.5,0.0,0.0,0.0,0.0,72.75,72.75,0.0,207.0,207.0,0.0,0.0,0.0,0.0,0.0,0.0,,0.0
495241,KINDRED NURSING AND REHABILITATION-RIVER POINTE,VIRGINIA BEACH,VA,Virginia Beach City,810,2017Q2,20170528,127,0.0,0.0,0.0,3.25,3.25,0.0,58.0,58.0,0.0,0.0,0.0,0.0,72.0,72.0,0.0,202.0,202.0,0.0,0.0,0.0,0.0,0.0,0.0,,0.0
495241,KINDRED NURSING AND REHABILITATION-RIVER POINTE,VIRGINIA BEACH,VA,Virginia Beach City,810,2017Q2,20170529,127,0.0,0.0,0.0,6.75,6.75,0.0,52.25,52.25,0.0,0.0,0.0,0.0,92.0,92.0,0.0,201.25,201.25,0.0,0.0,0.0,0.0,0.0,0.0,,0.0
495241,KINDRED NURSING AND REHABILITATION-RIVER POINTE,VIRGINIA BEACH,VA,Virginia Beach City,810,2017Q2,20170530,126,8.0,8.0,0.0,20.5,20.5,0.0,47.5,47.5,0.0,8.25,8.25,0.0,110.75,110.75,0.0,218.5,218.5,0.0,0.0,0.0,0.0,0.0,0.0,,0.0
495241,KINDRED NURSING AND REHABILITATION-RIVER POINTE,VIRGINIA BEACH,VA,Virginia Beach City,810,2017Q2,20170531,125,8.0,8.0,0.0,17.75,17.75,0.0,72.75,72.75,0.0,8.25,8.25,0.0,77.75,77.75,0.0,212.75,212.75,0.0,0.0,0.0,0.0,0.0,0.0,,0.0
495241,KINDRED NURSING AND REHABILITATION-RIVER POINTE,VIRGINIA BEACH,VA,Virginia Beach City,810,2017Q2,20170601,125,8.0,8.0,0.0,16.0,16.0,0.0,63.25,63.25,0.0,8.0,8.0,0.0,104.0,104.0,0.0,210.75,210.75,0.0,0.0,0.0,0.0,0.0,0.0,,0.0
495241,KINDRED NURSING AND REHABILITATION-RIVER POINTE,VIRGINIA BEACH,VA,Virginia Beach City,810,2017Q2,20170602,127,8.0,8.0,0.0,11.75,11.75,0.0,77.75,77.75,0.0,8.5,8.5,0.0,81.25,81.25,0.0,195.25,195.25,0.0,0.0,0.0,0.0,0.0,0.0,,0.0
495241,KINDRED NURSING AND REHABILITATION-RIVER POINTE,VIRGINIA BEACH,VA,Virginia Beach City,810,2017Q2,20170603,128,0.0,0.0,0.0,0.0,0.0,0.0,36.5,36.5,0.0,0.0,0.0,0.0,95.5,95.5,0.0,205.0,205.0,0.0,0.0,0.0,0.0,0.0,0.0,,0.0
495241,KINDRED NURSING AND REHABILITATION-RIVER POINTE,VIRGINIA BEACH,VA,Virginia Beach City,810,2017Q2,20170604,128,0.0,0.0,0.0,0.0,0.0,0.0,28.25,28.25,0.0,0.0,0.0,0.0,104.75,104.75,0.0,223.5,223.5,0.0,0.0,0.0,0.0,0.0,0.0,,0.0
495241,KINDRED NURSING AND REHABILITATION-RIVER POINTE,VIRGINIA BEACH,VA,Virginia Beach City,810,2017Q2,20170605,130,8.0,8.0,0.0,28.0,28.0,0.0,53.5,53.5,0.0,8.25,8.25,0.0,106.25,106.25,0.0,206.5,206.5,0.0,0.0,0.0,0.0,0.0,0.0,,0.0
495241,KINDRED NURSING AND REHABILITATION-RIVER POINTE,VIRGINIA BEACH,VA,Virginia Beach City,810,2017Q2,20170606,130,8.0,8.0,0.0,27.5,27.5,0.0,85.5,85.5,0.0,8.5,8.5,0.0,82.5,82.5,0.0,185.5,185.5,0.0,0.0,0.0,0.0,0.0,0.0,,0.0
495241,KINDRED NURSING AND REHABILITATION-RIVER POINTE,VIRGINIA BEACH,VA,Virginia Beach City,810,2017Q2,20170607,128,8.0,8.0,0.0,28.5,28.5,0.0,67.75,67.75,0.0,7.75,7.75,0.0,107.0,107.0,0.0,227.5,227.5,0.0,0.0,0.0,0.0,0.0,0.0,,0.0
495241,KINDRED NURSING AND REHABILITATION-RIVER POINTE,VIRGINIA BEACH,VA,Virginia Beach City,810,2017Q2,20170608,130,8.0,8.0,0.0,28.75,28.75,0.0,88.75,88.75,0.0,7.5,7.5,0.0,64.5,64.5,0.0,223.0,223.0,0.0,0.0,0.0,0.0,0.0,0.0,,0.0
495241,KINDRED NURSING AND REHABILITATION-RIVER POINTE,VIRGINIA BEACH,VA,Virginia Beach City,810,2017Q2,20170609,131,8.0,8.0,0.0,15.0,15.0,0.0,50.0,50.0,0.0,8.75,8.75,0.0,114.25,114.25,0.0,219.25,219.25,0.0,0.0,0.0,0.0,0.0,0.0,,0.0
495241,KINDRED NURSING AND REHABILITATION-RIVER POINTE,VIRGINIA BEACH,VA,Virginia Beach City,810,2017Q2,20170610,131,0.0,0.0,0.0,0.0,0.0,0.0,71.75,71.75,0.0,0.0,0.0,0.0,67.25,67.25,0.0,195.5,195.5,0.0,0.0,0.0,0.0,0.0,0.0,,0.0
495241,KINDRED NURSING AND REHABILITATION-RIVER POINTE,VIRGINIA BEACH,VA,Virginia Beach City,810,2017Q2,20170611,131,0.0,0.0,0.0,0.0,0.0,0.0,72.25,72.25,0.0,0.0,0.0,0.0,59.75,59.75,0.0,190.0,190.0,0.0,0.0,0.0,0.0,0.0,0.0,,0.0
495241,KINDRED NURSING AND REHABILITATION-RIVER POINTE,VIRGINIA BEACH,VA,Virginia Beach City,810,2017Q2,20170612,131,8.0,8.0,0.0,29.0,29.0,0.0,76.75,76.75,0.0,9.0,9.0,0.0,100.5,100.5,0.0,195.25,195.25,0.0,0.0,0.0,0.0,0.0,0.0,,0.0
495241,KINDRED NURSING AND REHABILITATION-RIVER POINTE,VIRGINIA BEACH,VA,Virginia Beach City,810,2017Q2,20170613,130,8.0,8.0,0.0,18.75,18.75,0.0,51.25,51.25,0.0,7.5,7.5,0.0,107.0,107.0,0.0,194.5,194.5,0.0,0.0,0.0,0.0,0.0,0.0,,0.0
495241,KINDRED NURSING AND REHABILITATION-RIVER POINTE,VIRGINIA BEACH,VA,Virginia Beach City,810,2017Q2,20170614,128,8.0,8.0,0.0,26.0,26.0,0.0,67.0,67.0,0.0,7.5,7.5,0.0,98.0,98.0,0.0,195.25,195.25,0.0,0.0,0.0,0.0,0.0,0.0,,0.0
495241,KINDRED NURSING AND REHABILITATION-RIVER POINTE,VIRGINIA BEACH,VA,Virginia Beach City,810,2017Q2,20170615,128,8.0,8.0,0.0,26.75,26.75,0.0,78.0,78.0,0.0,7.0,7.0,0.0,80.0,80.0,0.0,226.0,226.0,0.0,0.0,0.0,0.0,0.0,0.0,,0.0
495241,KINDRED NURSING AND REHABILITATION-RIVER POINTE,VIRGINIA BEACH,VA,Virginia Beach City,810,2017Q2,20170616,129,8.0,8.0,0.0,26.0,26.0,0.0,57.0,57.0,0.0,0.0,0.0,0.0,88.0,88.0,0.0,192.5,192.5,0.0,0.0,0.0,0.0,0.0,0.0,,0.0
495241,KINDRED NURSING AND REHABILITATION-RIVER POINTE,VIRGINIA BEACH,VA,Virginia Beach City,810,2017Q2,20170617,128,0.0,0.0,0.0,0.0,0.0,0.0,46.25,46.25,0.0,0.0,0.0,0.0,90.5,90.5,0.0,234.25,234.25,0.0,0.0,0.0,0.0,0.0,0.0,,0.0
495241,KINDRED NURSING AND REHABILITATION-RIVER POINTE,VIRGINIA BEACH,VA,Virginia Beach City,810,2017Q2,20170618,127,0.0,0.0,0.0,4.0,4.0,0.0,47.25,47.25,0.0,0.0,0.0,0.0,95.0,95.0,0.0,200.0,200.0,0.0,0.0,0.0,0.0,0.0,0.0,,0.0
495241,KINDRED NURSING AND REHABILITATION-RIVER POINTE,VIRGINIA BEACH,VA,Virginia Beach City,810,2017Q2,20170619,127,8.0,8.0,0.0,23.75,23.75,0.0,65.75,65.75,0.0,0.0,0.0,0.0,102.0,102.0,0.0,215.5,215.5,0.0,0.0,0.0,0.0,0.0,0.0,,0.0
495241,KINDRED NURSING AND REHABILITATION-RIVER POINTE,VIRGINIA BEACH,VA,Virginia Beach City,810,2017Q2,20170620,129,8.0,8.0,0.0,26.25,26.25,0.0,80.75,80.75,0.0,8.25,8.25,0.0,72.75,72.75,0.0,187.0,187.0,0.0,0.0,0.0,0.0,0.0,0.0,,0.0
495241,KINDRED NURSING AND REHABILITATION-RIVER POINTE,VIRGINIA BEACH,VA,Virginia Beach City,810,2017Q2,20170621,128,8.0,8.0,0.0,19.5,19.5,0.0,67.0,67.0,0.0,8.5,8.5,0.0,96.25,96.25,0.0,225.5,225.5,0.0,0.0,0.0,0.0,0.0,0.0,,0.0
495241,KINDRED NURSING AND REHABILITATION-RIVER POINTE,VIRGINIA BEACH,VA,Virginia Beach City,810,2017Q2,20170622,128,8.0,8.0,0.0,29.0,29.0,0.0,78.75,78.75,0.0,7.0,7.0,0.0,77.75,77.75,0.0,249.25,249.25,0.0,0.0,0.0,0.0,0.0,0.0,,0.0
495241,KINDRED NURSING AND REHABILITATION-RIVER POINTE,VIRGINIA BEACH,VA,Virginia Beach City,810,2017Q2,20170623,129,8.0,8.0,0.0,26.5,26.5,0.0,37.25,37.25,0.0,8.25,8.25,0.0,110.5,110.5,0.0,215.75,215.75,0.0,0.0,0.0,0.0,0.0,0.0,,0.0
495241,KINDRED NURSING AND REHABILITATION-RIVER POINTE,VIRGINIA BEACH,VA,Virginia Beach City,810,2017Q2,20170624,130,0.0,0.0,0.0,3.5,3.5,0.0,59.25,59.25,0.0,0.0,0.0,0.0,79.5,79.5,0.0,197.5,197.5,0.0,0.0,0.0,0.0,0.0,0.0,,0.0
495241,KINDRED NURSING AND REHABILITATION-RIVER POINTE,VIRGINIA BEACH,VA,Virginia Beach City,810,2017Q2,20170625,129,0.0,0.0,0.0,0.0,0.0,0.0,68.25,68.25,0.0,0.0,0.0,0.0,73.25,73.25,0.0,201.25,201.25,0.0,0.0,0.0,0.0,0.0,0.0,,0.0
495241,KINDRED NURSING AND REHABILITATION-RIVER POINTE,VIRGINIA BEACH,VA,Virginia Beach City,810,2017Q2,20170626,129,8.0,8.0,0.0,28.0,28.0,0.0,52.25,52.25,0.0,8.0,8.0,0.0,100.0,100.0,0.0,190.0,190.0,0.0,0.0,0.0,0.0,0.0,0.0,,0.0
495241,KINDRED NURSING AND REHABILITATION-RIVER POINTE,VIRGINIA BEACH,VA,Virginia Beach City,810,2017Q2,20170627,130,8.0,8.0,0.0,27.75,27.75,0.0,48.5,48.5,0.0,6.75,6.75,0.0,104.25,104.25,0.0,202.25,202.25,0.0,0.0,0.0,0.0,0.0,0.0,,0.0
495241,KINDRED NURSING AND REHABILITATION-RIVER POINTE,VIRGINIA BEACH,VA,Virginia Beach City,810,2017Q2,20170628,130,8.0,8.0,0.0,27.0,27.0,0.0,74.0,74.0,0.0,7.75,7.75,0.0,94.25,94.25,0.0,199.75,199.75,0.0,0.0,0.0,0.0,0.0,0.0,,0.0
495241,KINDRED NURSING AND REHABILITATION-RIVER POINTE,VIRGINIA BEACH,VA,Virginia Beach City,810,2017Q2,20170629,130,8.0,8.0,0.0,18.25,18.25,0.0,73.25,73.25,0.0,0.0,0.0,0.0,83.0,83.0,0.0,190.5,190.5,0.0,0.0,0.0,0.0,0.0,0.0,,0.0
495241,KINDRED NURSING AND REHABILITATION-RIVER POINTE,VIRGINIA BEACH,VA,Virginia Beach City,810,2017Q2,20170630,129,8.0,8.0,0.0,23.25,23.25,0.0,71.25,71.25,0.0,7.5,7.5,0.0,88.5,88.5,0.0,206.25,206.25,0.0,0.0,0.0,0.0,0.0,0.0,,0.0
495241,CONCORDIA TRANSITIONAL CARE AND REHAB-RIVER POINTE,VIRGINIA BEACH,VA,Virginia Beach City,810,2017Q3,20170701,129,0.0,0.0,0.0,0.0,0.0,0.0,55.25,55.25,0.0,0.0,0.0,0.0,89.25,89.25,0.0,195.5,195.5,0.0,0.0,0.0,0.0,0.0,0.0,0.0,
495241,CONCORDIA TRANSITIONAL CARE AND REHAB-RIVER POINTE,VIRGINIA BEACH,VA,Virginia Beach City,810,2017Q3,20170702,128,0.0,0.0,0.0,3.0,3.0,0.0,50.0,50.0,0.0,0.0,0.0,0.0,93.75,93.75,0.0,198.5,198.5,0.0,0.0,0.0,0.0,0.0,0.0,0.0,
495241,CONCORDIA TRANSITIONAL CARE AND REHAB-RIVER POINTE,VIRGINIA BEACH,VA,Virginia Beach City,810,2017Q3,20170703,127,8.0,8.0,0.0,15.75,15.75,0.0,65.5,65.5,0.0,7.5,7.5,0.0,92.0,92.0,0.0,237.0,237.0,0.0,0.0,0.0,0.0,0.0,0.0,0.0,
495241,CONCORDIA TRANSITIONAL CARE AND REHAB-RIVER POINTE,VIRGINIA BEACH,VA,Virginia Beach City,810,2017Q3,20170704,127,0.0,0.0,0.0,12.5,12.5,0.0,70.0,70.0,0.0,0.0,0.0,0.0,69.25,69.25,0.0,221.0,221.0,0.0,0.0,0.0,0.0,0.0,0.0,0.0,
495241,CONCORDIA TRANSITIONAL CARE AND REHAB-RIVER POINTE,VIRGINIA BEACH,VA,Virginia Beach City,810,2017Q3,20170705,127,8.0,8.0,0.0,16.25,16.25,0.0,71.75,71.75,0.0,8.0,8.0,0.0,87.75,87.75,0.0,210.0,210.0,0.0,0.0,0.0,0.0,0.0,0.0,0.0,
495241,CONCORDIA TRANSITIONAL CARE AND REHAB-RIVER POINTE,VIRGINIA BEACH,VA,Virginia Beach City,810,2017Q3,20170706,127,8.0,8.0,0.0,19.25,19.25,0.0,90.5,90.5,0.0,7.0,7.0,0.0,75.25,75.25,0.0,238.25,238.25,0.0,0.0,0.0,0.0,0.0,0.0,0.0,
495241,CONCORDIA TRANSITIONAL CARE AND REHAB-RIVER POINTE,VIRGINIA BEACH,VA,Virginia Beach City,810,2017Q3,20170707,127,8.0,8.0,0.0,19.25,19.25,0.0,49.0,49.0,0.0,7.75,7.75,0.0,114.25,114.25,0.0,210.75,210.75,0.0,0.0,0.0,0.0,0.0,0.0,0.0,
495241,CONCORDIA TRANSITIONAL CARE AND REHAB-RIVER POINTE,VIRGINIA BEACH,VA,Virginia Beach City,810,2017Q3,20170708,126,0.0,0.0,0.0,0.0,0.0,0.0,67.5,67.5,0.0,0.0,0.0,0.0,65.75,65.75,0.0,214.75,214.75,0.0,0.0,0.0,0.0,0.0,0.0,0.0,
495241,CONCORDIA TRANSITIONAL CARE AND REHAB-RIVER POINTE,VIRGINIA BEACH,VA,Virginia Beach City,810,2017Q3,20170709,126,0.0,0.0,0.0,0.0,0.0,0.0,60.5,60.5,0.0,0.0,0.0,0.0,65.0,65.0,0.0,217.25,217.25,0.0,0.0,0.0,0.0,0.0,0.0,0.0,
495241,CONCORDIA TRANSITIONAL CARE AND REHAB-RIVER POINTE,VIRGINIA BEACH,VA,Virginia Beach City,810,2017Q3,20170710,126,8.0,8.0,0.0,27.75,27.75,0.0,44.75,44.75,0.0,7.25,7.25,0.0,98.0,98.0,0.0,196.75,196.75,0.0,0.0,0.0,0.0,0.0,0.0,0.0,
495241,CONCORDIA TRANSITIONAL CARE AND REHAB-RIVER POINTE,VIRGINIA BEACH,VA,Virginia Beach City,810,2017Q3,20170711,126,8.0,8.0,0.0,29.25,29.25,0.0,44.5,44.5,0.0,0.0,0.0,0.0,106.5,106.5,0.0,223.75,223.75,0.0,0.0,0.0,0.0,0.0,0.0,0.0,
495241,CONCORDIA TRANSITIONAL CARE AND REHAB-RIVER POINTE,VIRGINIA BEACH,VA,Virginia Beach City,810,2017Q3,20170712,125,8.0,8.0,0.0,27.5,27.5,0.0,65.25,65.25,0.0,7.75,7.75,0.0,88.5,88.5,0.0,204.25,204.25,0.0,0.0,0.0,0.0,0.0,0.0,0.0,
495241,CONCORDIA TRANSITIONAL CARE AND REHAB-RIVER POINTE,VIRGINIA BEACH,VA,Virginia Beach City,810,2017Q3,20170713,124,8.0,8.0,0.0,26.25,26.25,0.0,64.0,64.0,0.0,6.0,6.0,0.0,89.25,89.25,0.0,211.5,211.5,0.0,0.0,0.0,0.0,0.0,0.0,0.0,
495241,CONCORDIA TRANSITIONAL CARE AND REHAB-RIVER POINTE,VIRGINIA BEACH,VA,Virginia Beach City,810,2017Q3,20170714,123,8.0,8.0,0.0,23.25,23.25,0.0,57.0,57.0,0.0,7.5,7.5,0.0,90.25,90.25,0.0,192.25,192.25,0.0,0.0,0.0,0.0,0.0,0.0,0.0,
495241,CONCORDIA TRANSITIONAL CARE AND REHAB-RIVER POINTE,VIRGINIA BEACH,VA,Virginia Beach City,810,2017Q3,20170715,124,0.0,0.0,0.0,0.0,0.0,0.0,43.75,43.75,0.0,0.0,0.0,0.0,85.5,85.5,0.0,183.25,183.25,0.0,0.0,0.0,0.0,0.0,0.0,0.0,
495241,CONCORDIA TRANSITIONAL CARE AND REHAB-RIVER POINTE,VIRGINIA BEACH,VA,Virginia Beach City,810,2017Q3,20170716,125,0.0,0.0,0.0,3.0,3.0,0.0,42.75,42.75,0.0,0.0,0.0,0.0,95.5,95.5,0.0,210.0,210.0,0.0,0.0,0.0,0.0,0.0,0.0,0.0,
495241,CONCORDIA TRANSITIONAL CARE AND REHAB-RIVER POINTE,VIRGINIA BEACH,VA,Virginia Beach City,810,2017Q3,20170717,124,8.0,8.0,0.0,26.75,26.75,0.0,54.25,54.25,0.0,7.75,7.75,0.0,101.0,101.0,0.0,229.25,229.25,0.0,0.0,0.0,0.0,0.0,0.0,0.0,
495241,CONCORDIA TRANSITIONAL CARE AND REHAB-RIVER POINTE,VIRGINIA BEACH,VA,Virginia Beach City,810,2017Q3,20170718,124,8.0,8.0,0.0,28.75,28.75,0.0,69.5,69.5,0.0,7.25,7.25,0.0,78.0,78.0,0.0,237.5,237.5,0.0,0.0,0.0,0.0,0.0,0.0,0.0,
495241,CONCORDIA TRANSITIONAL CARE AND REHAB-RIVER POINTE,VIRGINIA BEACH,VA,Virginia Beach City,810,2017Q3,20170719,126,8.0,8.0,0.0,25.25,25.25,0.0,68.75,68.75,0.0,7.5,7.5,0.0,103.0,103.0,0.0,226.75,226.75,0.0,0.0,0.0,0.0,0.0,0.0,0.0,
495241,CONCORDIA TRANSITIONAL CARE AND REHAB-RIVER POINTE,VIRGINIA BEACH,VA,Virginia Beach City,810,2017Q3,20170720,126,8.0,8.0,0.0,29.0,29.0,0.0,93.0,93.0,0.0,5.5,5.5,0.0,76.25,76.25,0.0,247.0,247.0,0.0,0.0,0.0,0.0,0.0,0.0,0.0,
495241,CONCORDIA TRANSITIONAL CARE AND REHAB-RIVER POINTE,VIRGINIA BEACH,VA,Virginia Beach City,810,2017Q3,20170721,127,8.0,8.0,0.0,27.5,27.5,0.0,52.75,52.75,0.0,7.0,7.0,0.0,112.75,112.75,0.0,216.75,216.75,0.0,0.0,0.0,0.0,0.0,0.0,0.0,
495241,CONCORDIA TRANSITIONAL CARE AND REHAB-RIVER POINTE,VIRGINIA BEACH,VA,Virginia Beach City,810,2017Q3,20170722,127,0.0,0.0,0.0,0.0,0.0,0.0,75.0,75.0,0.0,0.0,0.0,0.0,57.75,57.75,0.0,213.25,213.25,0.0,0.0,0.0,0.0,0.0,0.0,0.0,
495241,CONCORDIA TRANSITIONAL CARE AND REHAB-RIVER POINTE,VIRGINIA BEACH,VA,Virginia Beach City,810,2017Q3,20170723,127,0.0,0.0,0.0,0.0,0.0,0.0,57.25,57.25,0.0,0.0,0.0,0.0,69.0,69.0,0.0,202.75,202.75,0.0,0.0,0.0,0.0,0.0,0.0,0.0,
495241,CONCORDIA TRANSITIONAL CARE AND REHAB-RIVER POINTE,VIRGINIA BEACH,VA,Virginia Beach City,810,2017Q3,20170724,126,8.0,8.0,0.0,24.0,24.0,0.0,61.0,61.0,0.0,7.5,7.5,0.0,87.5,87.5,0.0,206.25,206.25,0.0,0.0,0.0,0.0,0.0,0.0,0.0,
495241,CONCORDIA TRANSITIONAL CARE AND REHAB-RIVER POINTE,VIRGINIA BEACH,VA,Virginia Beach City,810,2017Q3,20170725,125,8.0,8.0,0.0,29.25,29.25,0.0,57.75,57.75,0.0,7.75,7.75,0.0,97.0,97.0,0.0,219.25,219.25,0.0,0.0,0.0,0.0,0.0,0.0,0.0,
495241,CONCORDIA TRANSITIONAL CARE AND REHAB-RIVER POINTE,VIRGINIA BEACH,VA,Virginia Beach City,810,2017Q3,20170726,126,8.0,8.0,0.0,27.75,27.75,0.0,64.0,64.0,0.0,6.75,6.75,0.0,85.25,85.25,0.0,207.5,207.5,0.0,0.0,0.0,0.0,0.0,0.0,0.0,
495241,CONCORDIA TRANSITIONAL CARE AND REHAB-RIVER POINTE,VIRGINIA BEACH,VA,Virginia Beach City,810,2017Q3,20170727,125,8.0,8.0,0.0,22.75,22.75,0.0,80.0,80.0,0.0,0.0,0.0,0.0,82.75,82.75,0.0,231.0,231.0,0.0,0.0,0.0,0.0,0.0,0.0,0.0,
495241,CONCORDIA TRANSITIONAL CARE AND REHAB-RIVER POINTE,VIRGINIA BEACH,VA,Virginia Beach City,810,2017Q3,20170728,125,8.0,8.0,0.0,16.75,16.75,0.0,68.25,68.25,0.0,7.25,7.25,0.0,81.25,81.25,0.0,212.25,212.25,0.0,0.0,0.0,0.0,0.0,0.0,0.0,
495241,CONCORDIA TRANSITIONAL CARE AND REHAB-RIVER POINTE,VIRGINIA BEACH,VA,Virginia Beach City,810,2017Q3,20170729,125,0.0,0.0,0.0,0.0,0.0,0.0,44.5,44.5,0.0,0.0,0.0,0.0,89.0,89.0,0.0,213.25,213.25,0.0,0.0,0.0,0.0,0.0,0.0,0.0,
495241,CONCORDIA TRANSITIONAL CARE AND REHAB-RIVER POINTE,VIRGINIA BEACH,VA,Virginia Beach City,810,2017Q3,20170730,125,0.0,0.0,0.0,0.0,0.0,0.0,39.25,39.25,0.0,0.0,0.0,0.0,91.0,91.0,0.0,211.0,211.0,0.0,0.0,0.0,0.0,0.0,0.0,0.0,
495241,CONCORDIA TRANSITIONAL CARE AND REHAB-RIVER POINTE,VIRGINIA BEACH,VA,Virginia Beach City,810,2017Q3,20170731,123,8.0,8.0,0.0,20.25,20.25,0.0,68.25,68.25,0.0,8.25,8.25,0.0,104.0,104.0,0.0,240.0,240.0,0.0,0.0,0.0,0.0,0.0,0.0,0.0,
495241,CONCORDIA TRANSITIONAL CARE AND REHAB-RIVER POINTE,VIRGINIA BEACH,VA,Virginia Beach City,810,2017Q3,20170801,125,8.0,8.0,0.0,27.25,27.25,0.0,78.5,78.5,0.0,7.5,7.5,0.0,66.5,66.5,0.0,233.5,233.5,0.0,0.0,0.0,0.0,0.0,0.0,0.0,
495241,CONCORDIA TRANSITIONAL CARE AND REHAB-RIVER POINTE,VIRGINIA BEACH,VA,Virginia Beach City,810,2017Q3,20170802,128,8.0,8.0,0.0,18.5,18.5,0.0,48.25,48.25,0.0,6.75,6.75,0.0,111.25,111.25,0.0,241.75,241.75,0.0,0.0,0.0,0.0,0.0,0.0,0.0,
495241,CONCORDIA TRANSITIONAL CARE AND REHAB-RIVER POINTE,VIRGINIA BEACH,VA,Virginia Beach City,810,2017Q3,20170803,128,8.0,8.0,0.0,28.75,28.75,0.0,74.75,74.75,0.0,7.75,7.75,0.0,85.75,85.75,0.0,228.0,228.0,0.0,0.0,0.0,0.0,0.0,0.0,0.0,
495241,CONCORDIA TRANSITIONAL CARE AND REHAB-RIVER POINTE,VIRGINIA BEACH,VA,Virginia Beach City,810,2017Q3,20170804,129,8.0,8.0,0.0,21.75,21.75,0.0,30.0,30.0,0.0,7.75,7.75,0.0,102.75,102.75,0.0,233.25,233.25,0.0,0.0,0.0,0.0,0.0,0.0,0.0,
495241,CONCORDIA TRANSITIONAL CARE AND REHAB-RIVER POINTE,VIRGINIA BEACH,VA,Virginia Beach City,810,2017Q3,20170805,129,0.0,0.0,0.0,0.0,0.0,0.0,77.25,77.25,0.0,0.0,0.0,0.0,71.5,71.5,0.0,200.0,200.0,0.0,0.0,0.0,0.0,0.0,0.0,0.0,
495241,CONCORDIA TRANSITIONAL CARE AND REHAB-RIVER POINTE,VIRGINIA BEACH,VA,Virginia Beach City,810,2017Q3,20170806,129,0.0,0.0,0.0,0.0,0.0,0.0,67.75,67.75,0.0,0.0,0.0,0.0,67.0,67.0,0.0,183.25,183.25,0.0,0.0,0.0,0.0,0.0,0.0,0.0,
495241,CONCORDIA TRANSITIONAL CARE AND REHAB-RIVER POINTE,VIRGINIA BEACH,VA,Virginia Beach City,810,2017Q3,20170807,127,8.0,8.0,0.0,26.0,26.0,0.0,64.25,64.25,0.0,8.0,8.0,0.0,86.5,86.5,0.0,212.75,212.75,0.0,0.0,0.0,0.0,0.0,0.0,0.0,
495241,CONCORDIA TRANSITIONAL CARE AND REHAB-RIVER POINTE,VIRGINIA BEACH,VA,Virginia Beach City,810,2017Q3,20170808,127,8.0,8.0,0.0,23.75,23.75,0.0,47.25,47.25,0.0,7.5,7.5,0.0,116.0,116.0,0.0,216.25,216.25,0.0,0.0,0.0,0.0,0.0,0.0,0.0,
495241,CONCORDIA TRANSITIONAL CARE AND REHAB-RIVER POINTE,VIRGINIA BEACH,VA,Virginia Beach City,810,2017Q3,20170809,127,8.0,8.0,0.0,29.0,29.0,0.0,64.75,64.75,0.0,7.25,7.25,0.0,97.5,97.5,0.0,229.5,229.5,0.0,0.0,0.0,0.0,0.0,0.0,0.0,
495241,CONCORDIA TRANSITIONAL CARE AND REHAB-RIVER POINTE,VIRGINIA BEACH,VA,Virginia Beach City,810,2017Q3,20170810,130,8.0,8.0,0.0,27.5,27.5,0.0,88.0,88.0,0.0,7.0,7.0,0.0,84.5,84.5,0.0,217.75,217.75,0.0,0.0,0.0,0.0,0.0,0.0,0.0,
495241,CONCORDIA TRANSITIONAL CARE AND REHAB-RIVER POINTE,VIRGINIA BEACH,VA,Virginia Beach City,810,2017Q3,20170811,130,8.0,8.0,0.0,23.0,23.0,0.0,58.75,58.75,0.0,8.5,8.5,0.0,101.75,101.75,0.0,184.5,184.5,0.0,0.0,0.0,0.0,0.0,0.0,0.0,
495241,CONCORDIA TRANSITIONAL CARE AND REHAB-RIVER POINTE,VIRGINIA BEACH,VA,Virginia Beach City,810,2017Q3,20170812,129,0.0,0.0,0.0,0.0,0.0,0.0,45.5,45.5,0.0,0.0,0.0,0.0,89.25,89.25,0.0,196.0,196.0,0.0,0.0,0.0,0.0,0.0,0.0,0.0,
495241,CONCORDIA TRANSITIONAL CARE AND REHAB-RIVER POINTE,VIRGINIA BEACH,VA,Virginia Beach City,810,2017Q3,20170813,129,0.0,0.0,0.0,4.75,4.75,0.0,49.5,49.5,0.0,0.0,0.0,0.0,82.25,82.25,0.0,175.25,175.25,0.0,0.0,0.0,0.0,0.0,0.0,0.0,
495241,CONCORDIA TRANSITIONAL CARE AND REHAB-RIVER POINTE,VIRGINIA BEACH,VA,Virginia Beach City,810,2017Q3,20170814,129,8.0,8.0,0.0,29.5,29.5,0.0,63.25,63.25,0.0,8.25,8.25,0.0,99.0,99.0,0.0,212.75,212.75,0.0,0.0,0.0,0.0,0.0,0.0,0.0,
495241,CONCORDIA TRANSITIONAL CARE AND REHAB-RIVER POINTE,VIRGINIA BEACH,VA,Virginia Beach City,810,2017Q3,20170815,127,8.0,8.0,0.0,29.0,29.0,0.0,78.25,78.25,0.0,8.0,8.0,0.0,69.75,69.75,0.0,198.0,198.0,0.0,0.0,0.0,0.0,0.0,0.0,0.0,
495241,CONCORDIA TRANSITIONAL CARE AND REHAB-RIVER POINTE,VIRGINIA BEACH,VA,Virginia Beach City,810,2017Q3,20170816,129,8.0,8.0,0.0,26.75,26.75,0.0,56.75,56.75,0.0,7.25,7.25,0.0,100.75,100.75,0.0,201.25,201.25,0.0,0.0,0.0,0.0,0.0,0.0,0.0,
495241,CONCORDIA TRANSITIONAL CARE AND REHAB-RIVER POINTE,VIRGINIA BEACH,VA,Virginia Beach City,810,2017Q3,20170817,129,8.0,8.0,0.0,28.0,28.0,0.0,88.25,88.25,0.0,7.5,7.5,0.0,71.25,71.25,0.0,202.25,202.25,0.0,0.0,0.0,0.0,0.0,0.0,0.0,
495241,CONCORDIA TRANSITIONAL CARE AND REHAB-RIVER POINTE,VIRGINIA BEACH,VA,Virginia Beach City,810,2017Q3,20170818,129,8.0,8.0,0.0,26.75,26.75,0.0,29.25,29.25,0.0,7.25,7.25,0.0,119.5,119.5,0.0,204.25,204.25,0.0,0.0,0.0,0.0,0.0,0.0,0.0,
495241,CONCORDIA TRANSITIONAL CARE AND REHAB-RIVER POINTE,VIRGINIA BEACH,VA,Virginia Beach City,810,2017Q3,20170819,128,0.0,0.0,0.0,0.0,0.0,0.0,62.5,62.5,0.0,0.0,0.0,0.0,71.75,71.75,0.0,218.5,218.5,0.0,0.0,0.0,0.0,0.0,0.0,0.0,
495241,CONCORDIA TRANSITIONAL CARE AND REHAB-RIVER POINTE,VIRGINIA BEACH,VA,Virginia Beach City,810,2017Q3,20170820,128,0.0,0.0,0.0,4.0,4.0,0.0,47.0,47.0,0.0,0.0,0.0,0.0,87.0,87.0,0.0,206.0,206.0,0.0,0.0,0.0,0.0,0.0,0.0,0.0,
495241,CONCORDIA TRANSITIONAL CARE AND REHAB-RIVER POINTE,VIRGINIA BEACH,VA,Virginia Beach City,810,2017Q3,20170821,127,8.0,8.0,0.0,30.25,30.25,0.0,70.25,70.25,0.0,4.5,4.5,0.0,87.75,87.75,0.0,173.75,173.75,0.0,0.0,0.0,0.0,0.0,0.0,0.0,
495241,CONCORDIA TRANSITIONAL CARE AND REHAB-RIVER POINTE,VIRGINIA BEACH,VA,Virginia Beach City,810,2017Q3,20170822,125,8.0,8.0,0.0,25.25,25.25,0.0,38.5,38.5,0.0,7.5,7.5,0.0,122.25,122.25,0.0,195.5,195.5,0.0,0.0,0.0,0.0,0.0,0.0,0.0,
495241,CONCORDIA TRANSITIONAL CARE AND REHAB-RIVER POINTE,VIRGINIA BEACH,VA,Virginia Beach City,810,2017Q3,20170823,126,8.0,8.0,0.0,27.75,27.75,0.0,66.5,66.5,0.0,7.75,7.75,0.0,100.0,100.0,0.0,196.75,196.75,0.0,0.0,0.0,0.0,0.0,0.0,0.0,
495241,CONCORDIA TRANSITIONAL CARE AND REHAB-RIVER POINTE,VIRGINIA BEACH,VA,Virginia Beach City,810,2017Q3,20170824,126,8.0,8.0,0.0,25.5,25.5,0.0,81.0,81.0,0.0,7.25,7.25,0.0,82.5,82.5,0.0,184.5,184.5,0.0,0.0,0.0,0.0,0.0,0.0,0.0,
495241,CONCORDIA TRANSITIONAL CARE AND REHAB-RIVER POINTE,VIRGINIA BEACH,VA,Virginia Beach City,810,2017Q3,20170825,125,8.0,8.0,0.0,18.75,18.75,0.0,62.5,62.5,0.0,7.5,7.5,0.0,91.25,91.25,0.0,189.25,189.25,0.0,0.0,0.0,0.0,0.0,0.0,0.0,
495241,CONCORDIA TRANSITIONAL CARE AND REHAB-RIVER POINTE,VIRGINIA BEACH,VA,Virginia Beach City,810,2017Q3,20170826,125,0.0,0.0,0.0,2.25,2.25,0.0,50.0,50.0,0.0,0.0,0.0,0.0,85.25,85.25,0.0,180.25,180.25,0.0,0.0,0.0,0.0,0.0,0.0,0.0,
495241,CONCORDIA TRANSITIONAL CARE AND REHAB-RIVER POINTE,VIRGINIA BEACH,VA,Virginia Beach City,810,2017Q3,20170827,125,0.0,0.0,0.0,3.75,3.75,0.0,57.25,57.25,0.0,0.0,0.0,0.0,74.75,74.75,0.0,189.0,189.0,0.0,0.0,0.0,0.0,0.0,0.0,0.0,
495241,CONCORDIA TRANSITIONAL CARE AND REHAB-RIVER POINTE,VIRGINIA BEACH,VA,Virginia Beach City,810,2017Q3,20170828,126,8.0,8.0,0.0,27.0,27.0,0.0,56.0,56.0,0.0,7.75,7.75,0.0,107.25,107.25,0.0,205.25,205.25,0.0,0.0,0.0,0.0,0.0,0.0,0.0,
495241,CONCORDIA TRANSITIONAL CARE AND REHAB-RIVER POINTE,VIRGINIA BEACH,VA,Virginia Beach City,810,2017Q3,20170829,127,8.0,8.0,0.0,21.75,21.75,0.0,62.25,62.25,0.0,6.75,6.75,0.0,87.75,87.75,0.0,208.5,208.5,0.0,0.0,0.0,0.0,0.0,0.0,0.0,
495241,CONCORDIA TRANSITIONAL CARE AND REHAB-RIVER POINTE,VIRGINIA BEACH,VA,Virginia Beach City,810,2017Q3,20170830,125,8.0,8.0,0.0,28.75,28.75,0.0,37.0,37.0,0.0,7.75,7.75,0.0,110.5,110.5,0.0,236.0,236.0,0.0,0.0,0.0,0.0,0.0,0.0,0.0,
495241,CONCORDIA TRANSITIONAL CARE AND REHAB-RIVER POINTE,VIRGINIA BEACH,VA,Virginia Beach City,810,2017Q3,20170831,125,8.0,8.0,0.0,30.0,30.0,0.0,72.75,72.75,0.0,8.25,8.25,0.0,97.75,97.75,0.0,221.75,221.75,0.0,0.0,0.0,0.0,0.0,0.0,0.0,
495241,CONCORDIA TRANSITIONAL CARE AND REHAB-RIVER POINTE,VIRGINIA BEACH,VA,Virginia Beach City,810,2017Q3,20170901,126,8.0,8.0,0.0,9.0,9.0,0.0,33.03,33.03,0.0,16.0,16.0,0.0,99.85,99.85,0.0,220.81,220.81,0.0,0.0,0.0,0.0,0.0,0.0,0.0,
495241,CONCORDIA TRANSITIONAL CARE AND REHAB-RIVER POINTE,VIRGINIA BEACH,VA,Virginia Beach City,810,2017Q3,20170902,126,0.0,0.0,0.0,0.0,0.0,0.0,58.75,58.75,0.0,0.0,0.0,0.0,67.84,67.84,0.0,211.1,211.1,0.0,0.0,0.0,0.0,0.0,0.0,0.0,
495241,CONCORDIA TRANSITIONAL CARE AND REHAB-RIVER POINTE,VIRGINIA BEACH,VA,Virginia Beach City,810,2017Q3,20170903,127,0.0,0.0,0.0,0.0,0.0,0.0,51.0,51.0,0.0,0.0,0.0,0.0,78.25,78.25,0.0,199.36,199.36,0.0,0.0,0.0,0.0,0.0,0.0,0.0,
495241,CONCORDIA TRANSITIONAL CARE AND REHAB-RIVER POINTE,VIRGINIA BEACH,VA,Virginia Beach City,810,2017Q3,20170904,127,0.0,0.0,0.0,3.75,3.75,0.0,56.31,56.31,0.0,8.0,8.0,0.0,78.78,78.78,0.0,197.3,197.3,0.0,0.0,0.0,0.0,0.0,0.0,0.0,
495241,CONCORDIA TRANSITIONAL CARE AND REHAB-RIVER POINTE,VIRGINIA BEACH,VA,Virginia Beach City,810,2017Q3,20170905,126,8.0,8.0,0.0,8.0,8.0,0.0,40.25,40.25,0.0,18.25,18.25,0.0,107.66,107.66,0.0,184.22,184.22,0.0,0.0,0.0,0.0,0.0,0.0,0.0,
495241,CONCORDIA TRANSITIONAL CARE AND REHAB-RIVER POINTE,VIRGINIA BEACH,VA,Virginia Beach City,810,2017Q3,20170906,128,8.0,8.0,0.0,17.19,17.19,0.0,53.68,53.68,0.0,16.57,16.57,0.0,97.11,97.11,0.0,199.09,199.09,0.0,0.0,0.0,0.0,0.0,0.0,0.0,
495241,CONCORDIA TRANSITIONAL CARE AND REHAB-RIVER POINTE,VIRGINIA BEACH,VA,Virginia Beach City,810,2017Q3,20170907,128,8.0,8.0,0.0,18.52,18.52,0.0,70.25,70.25,0.0,16.03,16.03,0.0,90.4,90.4,0.0,182.98,182.98,0.0,0.0,0.0,0.0,0.0,0.0,0.0,
495241,CONCORDIA TRANSITIONAL CARE AND REHAB-RIVER POINTE,VIRGINIA BEACH,VA,Virginia Beach City,810,2017Q3,20170908,128,8.0,8.0,0.0,16.49,16.49,0.0,65.66,65.66,0.0,16.34,16.34,0.0,88.06,88.06,0.0,202.21,202.21,0.0,0.0,0.0,0.0,0.0,0.0,0.0,
495241,CONCORDIA TRANSITIONAL CARE AND REHAB-RIVER POINTE,VIRGINIA BEACH,VA,Virginia Beach City,810,2017Q3,20170909,128,0.0,0.0,0.0,0.0,0.0,0.0,42.56,42.56,0.0,0.0,0.0,0.0,94.63,94.63,0.0,214.75,214.75,0.0,0.0,0.0,0.0,0.0,0.0,0.0,
495241,CONCORDIA TRANSITIONAL CARE AND REHAB-RIVER POINTE,VIRGINIA BEACH,VA,Virginia Beach City,810,2017Q3,20170910,128,0.0,0.0,0.0,0.0,0.0,0.0,35.38,35.38,0.0,0.0,0.0,0.0,97.99,97.99,0.0,191.7,191.7,0.0,0.0,0.0,0.0,0.0,0.0,0.0,
495241,CONCORDIA TRANSITIONAL CARE AND REHAB-RIVER POINTE,VIRGINIA BEACH,VA,Virginia Beach City,810,2017Q3,20170911,126,8.0,8.0,0.0,18.95,18.95,0.0,54.0,54.0,0.0,17.06,17.06,0.0,99.48,99.48,0.0,226.13,226.13,0.0,0.0,0.0,0.0,0.0,0.0,0.0,
495241,CONCORDIA TRANSITIONAL CARE AND REHAB-RIVER POINTE,VIRGINIA BEACH,VA,Virginia Beach City,810,2017Q3,20170912,127,8.0,8.0,0.0,17.01,17.01,0.0,72.09,72.09,0.0,17.48,17.48,0.0,95.69,95.69,0.0,201.82,201.82,0.0,0.0,0.0,0.0,0.0,0.0,0.0,
495241,CONCORDIA TRANSITIONAL CARE AND REHAB-RIVER POINTE,VIRGINIA BEACH,VA,Virginia Beach City,810,2017Q3,20170913,127,8.0,8.0,0.0,23.2,23.2,0.0,47.56,47.56,0.0,16.6,16.6,0.0,109.98,109.98,0.0,228.51,228.51,0.0,0.0,0.0,0.0,0.0,0.0,0.0,
495241,CONCORDIA TRANSITIONAL CARE AND REHAB-RIVER POINTE,VIRGINIA BEACH,VA,Virginia Beach City,810,2017Q3,20170914,128,8.0,8.0,0.0,17.8,17.8,0.0,70.28,70.28,0.0,17.0,17.0,0.0,86.54,86.54,0.0,244.24,244.24,0.0,0.0,0.0,0.0,0.0,0.0,0.0,
495241,CONCORDIA TRANSITIONAL CARE AND REHAB-RIVER POINTE,VIRGINIA BEACH,VA,Virginia Beach City,810,2017Q3,20170915,126,8.0,8.0,0.0,20.97,20.97,0.0,29.53,29.53,0.0,22.82,22.82,0.0,116.1,116.1,0.0,230.91,230.91,0.0,0.0,0.0,0.0,0.0,0.0,0.0,
495241,CONCORDIA TRANSITIONAL CARE AND REHAB-RIVER POINTE,VIRGINIA BEACH,VA,Virginia Beach City,810,2017Q3,20170916,125,0.0,0.0,0.0,0.0,0.0,0.0,58.83,58.83,0.0,0.0,0.0,0.0,81.72,81.72,0.0,174.27,174.27,0.0,0.0,0.0,0.0,0.0,0.0,0.0,
495241,CONCORDIA TRANSITIONAL CARE AND REHAB-RIVER POINTE,VIRGINIA BEACH,VA,Virginia Beach City,810,2017Q3,20170917,124,0.0,0.0,0.0,2.63,2.63,0.0,68.47,68.47,0.0,0.0,0.0,0.0,72.51,72.51,0.0,181.16,181.16,0.0,0.0,0.0,0.0,0.0,0.0,0.0,
495241,CONCORDIA TRANSITIONAL CARE AND REHAB-RIVER POINTE,VIRGINIA BEACH,VA,Virginia Beach City,810,2017Q3,20170918,123,8.0,8.0,0.0,16.82,16.82,0.0,55.63,55.63,0.0,17.84,17.84,0.0,103.17,103.17,0.0,170.01,170.01,0.0,0.0,0.0,0.0,0.0,0.0,0.0,
495241,CONCORDIA TRANSITIONAL CARE AND REHAB-RIVER POINTE,VIRGINIA BEACH,VA,Virginia Beach City,810,2017Q3,20170919,122,8.0,8.0,0.0,15.47,15.47,0.0,36.85,36.85,0.0,17.23,17.23,0.0,113.71,113.71,0.0,214.76,214.76,0.0,0.0,0.0,0.0,0.0,0.0,0.0,
495241,CONCORDIA TRANSITIONAL CARE AND REHAB-RIVER POINTE,VIRGINIA BEACH,VA,Virginia Beach City,810,2017Q3,20170920,124,8.0,8.0,0.0,19.19,19.19,0.0,65.67,65.67,0.0,16.95,16.95,0.0,93.14,93.14,0.0,243.56,243.56,0.0,0.0,0.0,0.0,0.0,0.0,0.0,
495241,CONCORDIA TRANSITIONAL CARE AND REHAB-RIVER POINTE,VIRGINIA BEACH,VA,Virginia Beach City,810,2017Q3,20170921,124,8.0,8.0,0.0,16.51,16.51,0.0,60.68,60.68,0.0,14.4,14.4,0.0,89.89,89.89,0.0,221.91,221.91,0.0,0.0,0.0,0.0,0.0,0.0,0.0,
495241,CONCORDIA TRANSITIONAL CARE AND REHAB-RIVER POINTE,VIRGINIA BEACH,VA,Virginia Beach City,810,2017Q3,20170922,126,8.0,8.0,0.0,16.7,16.7,0.0,75.22,75.22,0.0,15.7,15.7,0.0,71.75,71.75,0.0,199.75,199.75,0.0,0.0,0.0,0.0,0.0,0.0,0.0,
495241,CONCORDIA TRANSITIONAL CARE AND REHAB-RIVER POINTE,VIRGINIA BEACH,VA,Virginia Beach City,810,2017Q3,20170923,126,0.0,0.0,0.0,0.0,0.0,0.0,51.62,51.62,0.0,0.0,0.0,0.0,77.9,77.9,0.0,209.15,209.15,0.0,0.0,0.0,0.0,0.0,0.0,0.0,
495241,CONCORDIA TRANSITIONAL CARE AND REHAB-RIVER POINTE,VIRGINIA BEACH,VA,Virginia Beach City,810,2017Q3,20170924,126,0.0,0.0,0.0,4.0,4.0,0.0,52.89,52.89,0.0,0.0,0.0,0.0,78.64,78.64,0.0,182.22,182.22,0.0,0.0,0.0,0.0,0.0,0.0,0.0,
495241,CONCORDIA TRANSITIONAL CARE AND REHAB-RIVER POINTE,VIRGINIA BEACH,VA,Virginia Beach City,810,2017Q3,20170925,125,8.0,8.0,0.0,19.75,19.75,0.0,53.86,53.86,0.0,14.5,14.5,0.0,100.68,100.68,0.0,211.26,211.26,0.0,0.0,0.0,0.0,0.0,0.0,0.0,
495241,CONCORDIA TRANSITIONAL CARE AND REHAB-RIVER POINTE,VIRGINIA BEACH,VA,Virginia Beach City,810,2017Q3,20170926,128,8.0,8.0,0.0,19.25,19.25,0.0,60.89,60.89,0.0,18.5,18.5,0.0,95.04,95.04,0.0,214.97,214.97,0.0,0.0,0.0,0.0,0.0,0.0,0.0,
495241,CONCORDIA TRANSITIONAL CARE AND REHAB-RIVER POINTE,VIRGINIA BEACH,VA,Virginia Beach City,810,2017Q3,20170927,127,8.0,8.0,0.0,19.25,19.25,0.0,46.67,46.67,0.0,18.75,18.75,0.0,116.17,116.17,0.0,235.22,235.22,0.0,0.0,0.0,0.0,0.0,0.0,0.0,
495241,CONCORDIA TRANSITIONAL CARE AND REHAB-RIVER POINTE,VIRGINIA BEACH,VA,Virginia Beach City,810,2017Q3,20170928,125,8.0,8.0,0.0,18.62,18.62,0.0,70.09,70.09,0.0,8.0,8.0,0.0,88.1,88.1,0.0,227.83,227.83,0.0,0.0,0.0,0.0,0.0,0.0,0.0,
495241,CONCORDIA TRANSITIONAL CARE AND REHAB-RIVER POINTE,VIRGINIA BEACH,VA,Virginia Beach City,810,2017Q3,20170929,125,8.0,8.0,0.0,18.92,18.92,0.0,21.25,21.25,0.0,17.0,17.0,0.0,120.89,120.89,0.0,228.37,228.37,0.0,0.0,0.0,0.0,0.0,0.0,0.0,
495241,CONCORDIA TRANSITIONAL CARE AND REHAB-RIVER POINTE,VIRGINIA BEACH,VA,Virginia Beach City,810,2017Q3,20170930,125,0.0,0.0,0.0,0.0,0.0,0.0,51.08,51.08,0.0,0.0,0.0,0.0,93.4,93.4,0.0,210.04,210.04,0.0,0.0,0.0,0.0,0.0,0.0,0.0,
495241,CONCORDIA TRANSITIONAL CARE AND REHAB-RIVER POINTE,VIRGINIA BEACH,VA,Virginia Beach City,810,2017Q4,20171001,123,0.0,0.0,0.0,3.0,3.0,0.0,57.0,57.0,0.0,0.0,0.0,0.0,96.14,96.14,0.0,208.36,208.36,0.0,0.0,0.0,0.0,0.0,0.0,0.0,
495241,CONCORDIA TRANSITIONAL CARE AND REHAB-RIVER POINTE,VIRGINIA BEACH,VA,Virginia Beach City,810,2017Q4,20171002,124,8.0,8.0,0.0,16.5,16.5,0.0,35.22,35.22,0.0,16.92,16.92,0.0,117.1,117.1,0.0,219.68,219.68,0.0,0.0,0.0,0.0,0.0,0.0,0.0,
495241,CONCORDIA TRANSITIONAL CARE AND REHAB-RIVER POINTE,VIRGINIA BEACH,VA,Virginia Beach City,810,2017Q4,20171003,124,8.0,8.0,0.0,16.0,16.0,0.0,36.15,36.15,0.0,17.17,17.17,0.0,127.53,127.53,0.0,201.08,201.08,0.0,0.0,0.0,0.0,0.0,0.0,0.0,
495241,CONCORDIA TRANSITIONAL CARE AND REHAB-RIVER POINTE,VIRGINIA BEACH,VA,Virginia Beach City,810,2017Q4,20171004,124,8.0,8.0,0.0,19.25,19.25,0.0,63.29,63.29,0.0,18.75,18.75,0.0,95.47,95.47,0.0,240.62,240.62,0.0,0.0,0.0,0.0,0.0,0.0,0.0,
495241,CONCORDIA TRANSITIONAL CARE AND REHAB-RIVER POINTE,VIRGINIA BEACH,VA,Virginia Beach City,810,2017Q4,20171005,126,8.0,8.0,0.0,8.25,8.25,0.0,50.92,50.92,0.0,17.5,17.5,0.0,110.27,110.27,0.0,246.13,246.13,0.0,0.0,0.0,0.0,0.0,0.0,0.0,
495241,CONCORDIA TRANSITIONAL CARE AND REHAB-RIVER POINTE,VIRGINIA BEACH,VA,Virginia Beach City,810,2017Q4,20171006,126,8.0,8.0,0.0,17.5,17.5,0.0,52.11,52.11,0.0,19.0,19.0,0.0,101.85,101.85,0.0,238.87,238.87,0.0,0.0,0.0,0.0,0.0,0.0,0.0,
495241,CONCORDIA TRANSITIONAL CARE AND REHAB-RIVER POINTE,VIRGINIA BEACH,VA,Virginia Beach City,810,2017Q4,20171007,127,0.0,0.0,0.0,0.0,0.0,0.0,34.83,34.83,0.0,0.0,0.0,0.0,99.95,99.95,0.0,215.87,215.87,0.0,0.0,0.0,0.0,0.0,0.0,0.0,
495241,CONCORDIA TRANSITIONAL CARE AND REHAB-RIVER POINTE,VIRGINIA BEACH,VA,Virginia Beach City,810,2017Q4,20171008,127,0.0,0.0,0.0,3.5,3.5,0.0,42.67,42.67,0.0,0.0,0.0,0.0,86.92,86.92,0.0,210.68,210.68,0.0,0.0,0.0,0.0,0.0,0.0,0.0,
495241,CONCORDIA TRANSITIONAL CARE AND REHAB-RIVER POINTE,VIRGINIA BEACH,VA,Virginia Beach City,810,2017Q4,20171009,126,8.0,8.0,0.0,19.92,19.92,0.0,55.25,55.25,0.0,18.5,18.5,0.0,114.67,114.67,0.0,223.76,223.76,0.0,0.0,0.0,0.0,0.0,0.0,0.0,
495241,CONCORDIA TRANSITIONAL CARE AND REHAB-RIVER POINTE,VIRGINIA BEACH,VA,Virginia Beach City,810,2017Q4,20171010,127,8.0,8.0,0.0,20.92,20.92,0.0,47.08,47.08,0.0,17.75,17.75,0.0,102.51,102.51,0.0,243.01,243.01,0.0,0.0,0.0,0.0,0.0,0.0,0.0,
495241,CONCORDIA TRANSITIONAL CARE AND REHAB-RIVER POINTE,VIRGINIA BEACH,VA,Virginia Beach City,810,2017Q4,20171011,126,8.0,8.0,0.0,19.58,19.58,0.0,57.5,57.5,0.0,19.5,19.5,0.0,103.15,103.15,0.0,268.39,268.39,0.0,0.0,0.0,0.0,0.0,0.0,0.0,
495241,CONCORDIA TRANSITIONAL CARE AND REHAB-RIVER POINTE,VIRGINIA BEACH,VA,Virginia Beach City,810,2017Q4,20171012,126,8.0,8.0,0.0,19.67,19.67,0.0,70.27,70.27,0.0,16.25,16.25,0.0,80.75,80.75,0.0,260.36,260.36,0.0,0.0,0.0,0.0,0.0,0.0,0.0,
495241,CONCORDIA TRANSITIONAL CARE AND REHAB-RIVER POINTE,VIRGINIA BEACH,VA,Virginia Beach City,810,2017Q4,20171013,124,8.0,8.0,0.0,18.83,18.83,0.0,23.41,23.41,0.0,21.75,21.75,0.0,125.48,125.48,0.0,238.38,238.38,0.0,0.0,0.0,0.0,0.0,0.0,0.0,
495241,CONCORDIA TRANSITIONAL CARE AND REHAB-RIVER POINTE,VIRGINIA BEACH,VA,Virginia Beach City,810,2017Q4,20171014,123,0.0,0.0,0.0,0.0,0.0,0.0,51.48,51.48,0.0,0.0,0.0,0.0,83.33,83.33,0.0,236.49,236.49,0.0,0.0,0.0,0.0,0.0,0.0,0.0,
495241,CONCORDIA TRANSITIONAL CARE AND REHAB-RIVER POINTE,VIRGINIA BEACH,VA,Virginia Beach City,810,2017Q4,20171015,123,0.0,0.0,0.0,0.0,0.0,0.0,41.75,41.75,0.0,0.0,0.0,0.0,89.7,89.7,0.0,252.15,252.15,0.0,0.0,0.0,0.0,0.0,0.0,0.0,
495241,CONCORDIA TRANSITIONAL CARE AND REHAB-RIVER POINTE,VIRGINIA BEACH,VA,Virginia Beach City,810,2017Q4,20171016,123,8.0,8.0,0.0,18.92,18.92,0.0,33.49,33.49,0.0,19.0,19.0,0.0,98.78,98.78,0.0,242.68,242.68,0.0,0.0,0.0,0.0,0.0,0.0,0.0,
495241,CONCORDIA TRANSITIONAL CARE AND REHAB-RIVER POINTE,VIRGINIA BEACH,VA,Virginia Beach City,810,2017Q4,20171017,123,8.0,8.0,0.0,19.75,19.75,0.0,39.42,39.42,0.0,19.0,19.0,0.0,115.53,115.53,0.0,252.85,252.85,0.0,0.0,0.0,0.0,0.0,0.0,0.0,
495241,CONCORDIA TRANSITIONAL CARE AND REHAB-RIVER POINTE,VIRGINIA BEACH,VA,Virginia Beach City,810,2017Q4,20171018,124,8.0,8.0,0.0,19.25,19.25,0.0,69.62,69.62,0.0,17.75,17.75,0.0,89.37,89.37,0.0,250.21,250.21,0.0,0.0,0.0,0.0,0.0,0.0,0.0,
495241,CONCORDIA TRANSITIONAL CARE AND REHAB-RIVER POINTE,VIRGINIA BEACH,VA,Virginia Beach City,810,2017Q4,20171019,123,8.0,8.0,0.0,17.75,17.75,0.0,61.58,61.58,0.0,23.83,23.83,0.0,97.34,97.34,0.0,245.37,245.37,0.0,0.0,0.0,0.0,0.0,0.0,0.0,
495241,CONCORDIA TRANSITIONAL CARE AND REHAB-RIVER POINTE,VIRGINIA BEACH,VA,Virginia Beach City,810,2017Q4,20171020,126,8.0,8.0,0.0,18.0,18.0,0.0,64.5,64.5,0.0,20.25,20.25,0.0,96.39,96.39,0.0,242.92,242.92,0.0,0.0,0.0,0.0,0.0,0.0,0.0,
495241,CONCORDIA TRANSITIONAL CARE AND REHAB-RIVER POINTE,VIRGINIA BEACH,VA,Virginia Beach City,810,2017Q4,20171021,125,0.0,0.0,0.0,0.0,0.0,0.0,30.58,30.58,0.0,0.0,0.0,0.0,107.62,107.62,0.0,249.5,249.5,0.0,0.0,0.0,0.0,0.0,0.0,0.0,
495241,CONCORDIA TRANSITIONAL CARE AND REHAB-RIVER POINTE,VIRGINIA BEACH,VA,Virginia Beach City,810,2017Q4,20171022,125,0.0,0.0,0.0,3.0,3.0,0.0,38.17,38.17,0.0,0.0,0.0,0.0,97.84,97.84,0.0,198.11,198.11,0.0,0.0,0.0,0.0,0.0,0.0,0.0,
495241,CONCORDIA TRANSITIONAL CARE AND REHAB-RIVER POINTE,VIRGINIA BEACH,VA,Virginia Beach City,810,2017Q4,20171023,124,8.0,8.0,0.0,18.5,18.5,0.0,53.61,53.61,0.0,18.5,18.5,0.0,112.47,112.47,0.0,222.55,222.55,0.0,0.0,0.0,0.0,0.0,0.0,0.0,
495241,CONCORDIA TRANSITIONAL CARE AND REHAB-RIVER POINTE,VIRGINIA BEACH,VA,Virginia Beach City,810,2017Q4,20171024,124,8.0,8.0,0.0,18.67,18.67,0.0,53.35,53.35,0.0,17.25,17.25,0.0,107.64,107.64,0.0,234.96,234.96,0.0,0.0,0.0,0.0,0.0,0.0,0.0,
495241,CONCORDIA TRANSITIONAL CARE AND REHAB-RIVER POINTE,VIRGINIA BEACH,VA,Virginia Beach City,810,2017Q4,20171025,124,8.0,8.0,0.0,19.0,19.0,0.0,65.34,65.34,0.0,8.0,8.0,0.0,93.68,93.68,0.0,264.59,264.59,0.0,0.0,0.0,0.0,0.0,0.0,0.0,
495241,CONCORDIA TRANSITIONAL CARE AND REHAB-RIVER POINTE,VIRGINIA BEACH,VA,Virginia Beach City,810,2017Q4,20171026,124,8.0,8.0,0.0,19.0,19.0,0.0,56.08,56.08,0.0,6.75,6.75,0.0,93.43,93.43,0.0,230.51,230.51,0.0,0.0,0.0,0.0,0.0,0.0,0.0,
495241,CONCORDIA TRANSITIONAL CARE AND REHAB-RIVER POINTE,VIRGINIA BEACH,VA,Virginia Beach City,810,2017Q4,20171027,126,8.0,8.0,0.0,15.5,15.5,0.0,29.7,29.7,0.0,5.0,5.0,0.0,108.0,108.0,0.0,251.47,251.47,0.0,0.0,0.0,0.0,0.0,0.0,0.0,
495241,CONCORDIA TRANSITIONAL CARE AND REHAB-RIVER POINTE,VIRGINIA BEACH,VA,Virginia Beach City,810,2017Q4,20171028,126,0.0,0.0,0.0,0.0,0.0,0.0,51.5,51.5,0.0,0.0,0.0,0.0,88.88,88.88,0.0,211.12,211.12,0.0,0.0,0.0,0.0,0.0,0.0,0.0,
495241,CONCORDIA TRANSITIONAL CARE AND REHAB-RIVER POINTE,VIRGINIA BEACH,VA,Virginia Beach City,810,2017Q4,20171029,125,0.0,0.0,0.0,4.0,4.0,0.0,59.01,59.01,0.0,0.0,0.0,0.0,75.72,75.72,0.0,186.31,186.31,0.0,0.0,0.0,0.0,0.0,0.0,0.0,
495241,CONCORDIA TRANSITIONAL CARE AND REHAB-RIVER POINTE,VIRGINIA BEACH,VA,Virginia Beach City,810,2017Q4,20171030,124,8.0,8.0,0.0,20.28,20.28,0.0,53.6,53.6,0.0,18.83,18.83,0.0,98.49,98.49,0.0,216.12,216.12,0.0,0.0,0.0,0.0,0.0,0.0,0.0,
495241,CONCORDIA TRANSITIONAL CARE AND REHAB-RIVER POINTE,VIRGINIA BEACH,VA,Virginia Beach City,810,2017Q4,20171031,122,8.0,8.0,0.0,20.19,20.19,0.0,46.5,46.5,0.0,17.12,17.12,0.0,105.28,105.28,0.0,227.99,227.99,0.0,0.0,0.0,0.0,0.0,0.0,0.0,
495241,CONCORDIA TRANSITIONAL CARE AND REHAB-RIVER POINTE,VIRGINIA BEACH,VA,Virginia Beach City,810,2017Q4,20171101,121,8.0,8.0,0.0,17.1,17.1,0.0,45.76,45.76,0.0,17.24,17.24,0.0,107.97,107.97,0.0,259.63,259.63,0.0,0.0,0.0,0.0,0.0,0.0,0.0,
495241,CONCORDIA TRANSITIONAL CARE AND REHAB-RIVER POINTE,VIRGINIA BEACH,VA,Virginia Beach City,810,2017Q4,20171102,122,8.0,8.0,0.0,18.26,18.26,0.0,55.63,55.63,0.0,18.15,18.15,0.0,99.93,99.93,0.0,198.9,198.9,0.0,0.0,0.0,0.0,0.0,0.0,0.0,
495241,CONCORDIA TRANSITIONAL CARE AND REHAB-RIVER POINTE,VIRGINIA BEACH,VA,Virginia Beach City,810,2017Q4,20171103,122,8.0,8.0,0.0,16.61,16.61,0.0,55.84,55.84,0.0,17.97,17.97,0.0,107.24,107.24,0.0,223.56,223.56,0.0,0.0,0.0,0.0,0.0,0.0,0.0,
495241,CONCORDIA TRANSITIONAL CARE AND REHAB-RIVER POINTE,VIRGINIA BEACH,VA,Virginia Beach City,810,2017Q4,20171104,122,0.0,0.0,0.0,0.0,0.0,0.0,34.03,34.03,0.0,0.0,0.0,0.0,93.16,93.16,0.0,218.51,218.51,0.0,0.0,0.0,0.0,0.0,0.0,0.0,
495241,CONCORDIA TRANSITIONAL CARE AND REHAB-RIVER POINTE,VIRGINIA BEACH,VA,Virginia Beach City,810,2017Q4,20171105,123,0.0,0.0,0.0,4.13,4.13,0.0,39.3,39.3,0.0,0.0,0.0,0.0,98.07,98.07,0.0,239.96,239.96,0.0,0.0,0.0,0.0,0.0,0.0,0.0,
495241,CONCORDIA TRANSITIONAL CARE AND REHAB-RIVER POINTE,VIRGINIA BEACH,VA,Virginia Beach City,810,2017Q4,20171106,123,8.0,8.0,0.0,20.52,20.52,0.0,55.64,55.64,0.0,16.57,16.57,0.0,94.7,94.7,0.0,233.84,233.84,0.0,0.0,0.0,0.0,0.0,0.0,0.0,
495241,CONCORDIA TRANSITIONAL CARE AND REHAB-RIVER POINTE,VIRGINIA BEACH,VA,Virginia Beach City,810,2017Q4,20171107,124,8.0,8.0,0.0,17.86,17.86,0.0,62.53,62.53,0.0,18.63,18.63,0.0,102.1,102.1,0.0,202.92,202.92,0.0,0.0,0.0,0.0,0.0,0.0,0.0,
495241,CONCORDIA TRANSITIONAL CARE AND REHAB-RIVER POINTE,VIRGINIA BEACH,VA,Virginia Beach City,810,2017Q4,20171108,124,8.0,8.0,0.0,17.59,17.59,0.0,55.4,55.4,0.0,16.94,16.94,0.0,100.32,100.32,0.0,231.02,231.02,0.0,0.0,0.0,0.0,0.0,0.0,0.0,
495241,CONCORDIA TRANSITIONAL CARE AND REHAB-RIVER POINTE,VIRGINIA BEACH,VA,Virginia Beach City,810,2017Q4,20171109,126,8.0,8.0,0.0,18.88,18.88,0.0,75.23,75.23,0.0,16.4,16.4,0.0,93.21,93.21,0.0,233.0,233.0,0.0,0.0,0.0,0.0,0.0,0.0,0.0,
495241,CONCORDIA TRANSITIONAL CARE AND REHAB-RIVER POINTE,VIRGINIA BEACH,VA,Virginia Beach City,810,2017Q4,20171110,126,8.0,8.0,0.0,18.87,18.87,0.0,29.82,29.82,0.0,16.12,16.12,0.0,145.31,145.31,0.0,224.83,224.83,0.0,0.0,0.0,0.0,0.0,0.0,0.0,
495241,CONCORDIA TRANSITIONAL CARE AND REHAB-RIVER POINTE,VIRGINIA BEACH,VA,Virginia Beach City,810,2017Q4,20171111,125,0.0,0.0,0.0,0.0,0.0,0.0,50.72,50.72,0.0,0.0,0.0,0.0,102.56,102.56,0.0,208.65,208.65,0.0,0.0,0.0,0.0,0.0,0.0,0.0,
495241,CONCORDIA TRANSITIONAL CARE AND REHAB-RIVER POINTE,VIRGINIA BEACH,VA,Virginia Beach City,810,2017Q4,20171112,125,0.0,0.0,0.0,0.0,0.0,0.0,42.3,42.3,0.0,0.0,0.0,0.0,101.32,101.32,0.0,193.7,193.7,0.0,0.0,0.0,0.0,0.0,0.0,0.0,
495241,CONCORDIA TRANSITIONAL CARE AND REHAB-RIVER POINTE,VIRGINIA BEACH,VA,Virginia Beach City,810,2017Q4,20171113,125,8.0,8.0,0.0,20.25,20.25,0.0,57.17,57.17,0.0,15.7,15.7,0.0,106.57,106.57,0.0,226.51,226.51,0.0,0.0,0.0,0.0,0.0,0.0,0.0,
495241,CONCORDIA TRANSITIONAL CARE AND REHAB-RIVER POINTE,VIRGINIA BEACH,VA,Virginia Beach City,810,2017Q4,20171114,124,8.0,8.0,0.0,18.57,18.57,0.0,49.19,49.19,0.0,16.95,16.95,0.0,110.59,110.59,0.0,246.59,246.59,0.0,0.0,0.0,0.0,0.0,0.0,0.0,
495241,CONCORDIA TRANSITIONAL CARE AND REHAB-RIVER POINTE,VIRGINIA BEACH,VA,Virginia Beach City,810,2017Q4,20171115,123,8.0,8.0,0.0,23.27,23.27,0.0,67.68,67.68,0.0,9.47,9.47,0.0,88.11,88.11,0.0,231.94,231.94,0.0,0.0,0.0,0.0,0.0,0.0,0.0,
495241,CONCORDIA TRANSITIONAL CARE AND REHAB-RIVER POINTE,VIRGINIA BEACH,VA,Virginia Beach City,810,2017Q4,20171116,123,8.0,8.0,0.0,20.04,20.04,0.0,30.8,30.8,0.0,9.23,9.23,0.0,117.59,117.59,0.0,244.27,244.27,0.0,0.0,0.0,0.0,0.0,0.0,0.0,
495241,CONCORDIA TRANSITIONAL CARE AND REHAB-RIVER POINTE,VIRGINIA BEACH,VA,Virginia Beach City,810,2017Q4,20171117,124,8.0,8.0,0.0,19.83,19.83,0.0,46.87,46.87,0.0,9.58,9.58,0.0,107.48,107.48,0.0,227.66,227.66,0.0,0.0,0.0,0.0,0.0,0.0,0.0,
495241,CONCORDIA TRANSITIONAL CARE AND REHAB-RIVER POINTE,VIRGINIA BEACH,VA,Virginia Beach City,810,2017Q4,20171118,124,0.0,0.0,0.0,3.07,3.07,0.0,30.83,30.83,0.0,4.12,4.12,0.0,132.43,132.43,0.0,205.03,205.03,0.0,0.0,0.0,0.0,0.0,0.0,0.0,
495241,CONCORDIA TRANSITIONAL CARE AND REHAB-RIVER POINTE,VIRGINIA BEACH,VA,Virginia Beach City,810,2017Q4,20171119,123,0.0,0.0,0.0,12.15,12.15,0.0,18.35,18.35,0.0,4.5,4.5,0.0,124.36,124.36,0.0,220.69,220.69,0.0,0.0,0.0,0.0,0.0,0.0,0.0,
495241,CONCORDIA TRANSITIONAL CARE AND REHAB-RIVER POINTE,VIRGINIA BEACH,VA,Virginia Beach City,810,2017Q4,20171120,122,8.0,8.0,0.0,16.69,16.69,0.0,45.77,45.77,0.0,9.37,9.37,0.0,119.11,119.11,0.0,245.06,245.06,0.0,0.0,0.0,0.0,0.0,0.0,0.0,
495241,CONCORDIA TRANSITIONAL CARE AND REHAB-RIVER POINTE,VIRGINIA BEACH,VA,Virginia Beach City,810,2017Q4,20171121,125,8.0,8.0,0.0,15.43,15.43,0.0,49.11,49.11,0.0,7.67,7.67,0.0,110.12,110.12,0.0,223.92,223.92,0.0,0.0,0.0,0.0,0.0,0.0,0.0,
495241,CONCORDIA TRANSITIONAL CARE AND REHAB-RIVER POINTE,VIRGINIA BEACH,VA,Virginia Beach City,810,2017Q4,20171122,125,8.0,8.0,0.0,23.97,23.97,0.0,47.52,47.52,0.0,9.05,9.05,0.0,105.94,105.94,0.0,219.59,219.59,0.0,0.0,0.0,0.0,0.0,0.0,0.0,
495241,CONCORDIA TRANSITIONAL CARE AND REHAB-RIVER POINTE,VIRGINIA BEACH,VA,Virginia Beach City,810,2017Q4,20171123,125,0.0,0.0,0.0,4.47,4.47,0.0,36.42,36.42,0.0,3.77,3.77,0.0,99.05,99.05,0.0,223.23,223.23,0.0,0.0,0.0,0.0,0.0,0.0,0.0,
495241,CONCORDIA TRANSITIONAL CARE AND REHAB-RIVER POINTE,VIRGINIA BEACH,VA,Virginia Beach City,810,2017Q4,20171124,127,8.0,8.0,0.0,5.12,5.12,0.0,45.93,45.93,0.0,5.2,5.2,0.0,105.31,105.31,0.0,209.64,209.64,0.0,0.0,0.0,0.0,0.0,0.0,0.0,
495241,CONCORDIA TRANSITIONAL CARE AND REHAB-RIVER POINTE,VIRGINIA BEACH,VA,Virginia Beach City,810,2017Q4,20171125,127,0.0,0.0,0.0,0.0,0.0,0.0,37.05,37.05,0.0,0.0,0.0,0.0,99.78,99.78,0.0,243.13,243.13,0.0,0.0,0.0,0.0,0.0,0.0,0.0,
495241,CONCORDIA TRANSITIONAL CARE AND REHAB-RIVER POINTE,VIRGINIA BEACH,VA,Virginia Beach City,810,2017Q4,20171126,126,0.0,0.0,0.0,0.0,0.0,0.0,33.75,33.75,0.0,4.12,4.12,0.0,98.01,98.01,0.0,232.4,232.4,0.0,0.0,0.0,0.0,0.0,0.0,0.0,
495241,CONCORDIA TRANSITIONAL CARE AND REHAB-RIVER POINTE,VIRGINIA BEACH,VA,Virginia Beach City,810,2017Q4,20171127,125,8.0,8.0,0.0,11.18,11.18,0.0,50.17,50.17,0.0,7.0,7.0,0.0,108.3,108.3,0.0,227.71,227.71,0.0,0.0,0.0,0.0,0.0,0.0,0.0,
495241,CONCORDIA TRANSITIONAL CARE AND REHAB-RIVER POINTE,VIRGINIA BEACH,VA,Virginia Beach City,810,2017Q4,20171128,125,8.0,8.0,0.0,10.85,10.85,0.0,51.13,51.13,0.0,9.63,9.63,0.0,125.36,125.36,0.0,222.18,222.18,0.0,0.0,0.0,0.0,0.0,0.0,0.0,
495241,CONCORDIA TRANSITIONAL CARE AND REHAB-RIVER POINTE,VIRGINIA BEACH,VA,Virginia Beach City,810,2017Q4,20171129,126,8.0,8.0,0.0,11.57,11.57,0.0,72.05,72.05,0.0,10.88,10.88,0.0,106.27,106.27,0.0,249.75,249.75,0.0,0.0,0.0,0.0,0.0,0.0,0.0,
495241,CONCORDIA TRANSITIONAL CARE AND REHAB-RIVER POINTE,VIRGINIA BEACH,VA,Virginia Beach City,810,2017Q4,20171130,126,8.0,8.0,0.0,10.62,10.62,0.0,58.77,58.77,0.0,11.05,11.05,0.0,115.15,115.15,0.0,242.31,242.31,0.0,0.0,0.0,0.0,0.0,0.0,0.0,
495241,CONCORDIA TRANSITIONAL CARE AND REHAB-RIVER POINTE,VIRGINIA BEACH,VA,Virginia Beach City,810,2017Q4,20171201,125,8.0,8.0,0.0,10.83,10.83,0.0,73.57,73.57,0.0,8.67,8.67,0.0,96.6,96.6,0.0,185.97,185.97,0.0,0.0,0.0,0.0,0.0,0.0,0.0,
495241,CONCORDIA TRANSITIONAL CARE AND REHAB-RIVER POINTE,VIRGINIA BEACH,VA,Virginia Beach City,810,2017Q4,20171202,123,0.0,0.0,0.0,0.0,0.0,0.0,27.26,27.26,0.0,0.0,0.0,0.0,103.4,103.4,0.0,212.95,212.95,0.0,0.0,0.0,0.0,0.0,0.0,0.0,
495241,CONCORDIA TRANSITIONAL CARE AND REHAB-RIVER POINTE,VIRGINIA BEACH,VA,Virginia Beach City,810,2017Q4,20171203,123,0.0,0.0,0.0,0.0,0.0,0.0,25.05,25.05,0.0,0.0,0.0,0.0,112.8,112.8,0.0,204.57,204.57,0.0,0.0,0.0,0.0,0.0,0.0,0.0,
495241,CONCORDIA TRANSITIONAL CARE AND REHAB-RIVER POINTE,VIRGINIA BEACH,VA,Virginia Beach City,810,2017Q4,20171204,123,8.0,8.0,0.0,10.58,10.58,0.0,65.57,65.57,0.0,9.1,9.1,0.0,109.25,109.25,0.0,224.28,224.28,0.0,0.0,0.0,0.0,0.0,0.0,0.0,
495241,CONCORDIA TRANSITIONAL CARE AND REHAB-RIVER POINTE,VIRGINIA BEACH,VA,Virginia Beach City,810,2017Q4,20171205,122,8.0,8.0,0.0,11.25,11.25,0.0,69.48,69.48,0.0,10.92,10.92,0.0,105.88,105.88,0.0,203.88,203.88,0.0,0.0,0.0,0.0,0.0,0.0,0.0,
495241,CONCORDIA TRANSITIONAL CARE AND REHAB-RIVER POINTE,VIRGINIA BEACH,VA,Virginia Beach City,810,2017Q4,20171206,121,8.0,8.0,0.0,10.2,10.2,0.0,69.66,69.66,0.0,11.5,11.5,0.0,108.22,108.22,0.0,243.14,243.14,0.0,0.0,0.0,0.0,0.0,0.0,0.0,
495241,CONCORDIA TRANSITIONAL CARE AND REHAB-RIVER POINTE,VIRGINIA BEACH,VA,Virginia Beach City,810,2017Q4,20171207,122,8.0,8.0,0.0,10.22,10.22,0.0,72.39,72.39,0.0,5.07,5.07,0.0,90.77,90.77,0.0,220.22,220.22,0.0,0.0,0.0,0.0,0.0,0.0,0.0,
495241,CONCORDIA TRANSITIONAL CARE AND REHAB-RIVER POINTE,VIRGINIA BEACH,VA,Virginia Beach City,810,2017Q4,20171208,122,8.0,8.0,0.0,10.0,10.0,0.0,29.67,29.67,0.0,11.73,11.73,0.0,120.22,120.22,0.0,240.63,240.63,0.0,0.0,0.0,0.0,0.0,0.0,0.0,
495241,CONCORDIA TRANSITIONAL CARE AND REHAB-RIVER POINTE,VIRGINIA BEACH,VA,Virginia Beach City,810,2017Q4,20171209,122,0.0,0.0,0.0,0.0,0.0,0.0,41.72,41.72,0.0,6.5,6.5,0.0,92.48,92.48,0.0,191.31,191.31,0.0,0.0,0.0,0.0,0.0,0.0,0.0,
495241,CONCORDIA TRANSITIONAL CARE AND REHAB-RIVER POINTE,VIRGINIA BEACH,VA,Virginia Beach City,810,2017Q4,20171210,122,0.0,0.0,0.0,0.0,0.0,0.0,54.01,54.01,0.0,0.0,0.0,0.0,89.53,89.53,0.0,190.54,190.54,0.0,0.0,0.0,0.0,0.0,0.0,0.0,
495241,CONCORDIA TRANSITIONAL CARE AND REHAB-RIVER POINTE,VIRGINIA BEACH,VA,Virginia Beach City,810,2017Q4,20171211,122,8.0,8.0,0.0,10.1,10.1,0.0,54.86,54.86,0.0,9.63,9.63,0.0,113.1,113.1,0.0,221.21,221.21,0.0,0.0,0.0,0.0,0.0,0.0,0.0,
495241,CONCORDIA TRANSITIONAL CARE AND REHAB-RIVER POINTE,VIRGINIA BEACH,VA,Virginia Beach City,810,2017Q4,20171212,122,8.0,8.0,0.0,9.32,9.32,0.0,36.31,36.31,0.0,11.17,11.17,0.0,122.82,122.82,0.0,223.13,223.13,0.0,0.0,0.0,0.0,0.0,0.0,0.0,
495241,CONCORDIA TRANSITIONAL CARE AND REHAB-RIVER POINTE,VIRGINIA BEACH,VA,Virginia Beach City,810,2017Q4,20171213,122,8.0,8.0,0.0,10.27,10.27,0.0,57.26,57.26,0.0,9.92,9.92,0.0,105.35,105.35,0.0,264.8,264.8,0.0,0.0,0.0,0.0,0.0,0.0,0.0,
495241,CONCORDIA TRANSITIONAL CARE AND REHAB-RIVER POINTE,VIRGINIA BEACH,VA,Virginia Beach City,810,2017Q4,20171214,122,8.0,8.0,0.0,9.23,9.23,0.0,52.3,52.3,0.0,13.88,13.88,0.0,91.5,91.5,0.0,204.1,204.1,0.0,0.0,0.0,0.0,0.0,0.0,0.0,
495241,CONCORDIA TRANSITIONAL CARE AND REHAB-RIVER POINTE,VIRGINIA BEACH,VA,Virginia Beach City,810,2017Q4,20171215,121,8.0,8.0,0.0,9.1,9.1,0.0,50.51,50.51,0.0,12.33,12.33,0.0,104.42,104.42,0.0,186.97,186.97,0.0,0.0,0.0,0.0,0.0,0.0,0.0,
495241,CONCORDIA TRANSITIONAL CARE AND REHAB-RIVER POINTE,VIRGINIA BEACH,VA,Virginia Beach City,810,2017Q4,20171216,120,0.0,0.0,0.0,0.0,0.0,0.0,18.45,18.45,0.0,8.0,8.0,0.0,113.64,113.64,0.0,227.37,227.37,0.0,0.0,0.0,0.0,0.0,0.0,0.0,
495241,CONCORDIA TRANSITIONAL CARE AND REHAB-RIVER POINTE,VIRGINIA BEACH,VA,Virginia Beach City,810,2017Q4,20171217,120,0.0,0.0,0.0,0.0,0.0,0.0,29.25,29.25,0.0,0.0,0.0,0.0,110.73,110.73,0.0,195.15,195.15,0.0,0.0,0.0,0.0,0.0,0.0,0.0,
495241,CONCORDIA TRANSITIONAL CARE AND REHAB-RIVER POINTE,VIRGINIA BEACH,VA,Virginia Beach City,810,2017Q4,20171218,120,8.0,8.0,0.0,9.17,9.17,0.0,57.86,57.86,0.0,9.97,9.97,0.0,107.4,107.4,0.0,217.85,217.85,0.0,0.0,0.0,0.0,0.0,0.0,0.0,
495241,CONCORDIA TRANSITIONAL CARE AND REHAB-RIVER POINTE,VIRGINIA BEACH,VA,Virginia Beach City,810,2017Q4,20171219,121,8.0,8.0,0.0,10.35,10.35,0.0,58.32,58.32,0.0,9.17,9.17,0.0,105.05,105.05,0.0,215.69,215.69,0.0,0.0,0.0,0.0,0.0,0.0,0.0,
495241,CONCORDIA TRANSITIONAL CARE AND REHAB-RIVER POINTE,VIRGINIA BEACH,VA,Virginia Beach City,810,2017Q4,20171220,121,8.0,8.0,0.0,10.0,10.0,0.0,58.46,58.46,0.0,0.0,0.0,0.0,102.44,102.44,0.0,260.11,260.11,0.0,0.0,0.0,0.0,0.0,0.0,0.0,
495241,CONCORDIA TRANSITIONAL CARE AND REHAB-RIVER POINTE,VIRGINIA BEACH,VA,Virginia Beach City,810,2017Q4,20171221,121,8.0,8.0,0.0,10.77,10.77,0.0,72.22,72.22,0.0,9.28,9.28,0.0,98.9,98.9,0.0,242.23,242.23,0.0,0.0,0.0,0.0,0.0,0.0,0.0,
495241,CONCORDIA TRANSITIONAL CARE AND REHAB-RIVER POINTE,VIRGINIA BEACH,VA,Virginia Beach City,810,2017Q4,20171222,121,8.0,8.0,0.0,0.0,0.0,0.0,29.75,29.75,0.0,9.32,9.32,0.0,141.45,141.45,0.0,226.6,226.6,0.0,0.0,0.0,0.0,0.0,0.0,0.0,
495241,CONCORDIA TRANSITIONAL CARE AND REHAB-RIVER POINTE,VIRGINIA BEACH,VA,Virginia Beach City,810,2017Q4,20171223,121,0.0,0.0,0.0,0.0,0.0,0.0,49.79,49.79,0.0,5.0,5.0,0.0,86.0,86.0,0.0,205.7,205.7,0.0,0.0,0.0,0.0,0.0,0.0,0.0,
495241,CONCORDIA TRANSITIONAL CARE AND REHAB-RIVER POINTE,VIRGINIA BEACH,VA,Virginia Beach City,810,2017Q4,20171224,121,0.0,0.0,0.0,0.0,0.0,0.0,43.3,43.3,0.0,0.0,0.0,0.0,87.89,87.89,0.0,201.6,201.6,0.0,0.0,0.0,0.0,0.0,0.0,0.0,
495241,CONCORDIA TRANSITIONAL CARE AND REHAB-RIVER POINTE,VIRGINIA BEACH,VA,Virginia Beach City,810,2017Q4,20171225,121,0.0,0.0,0.0,0.0,0.0,0.0,25.58,25.58,0.0,0.0,0.0,0.0,104.05,104.05,0.0,191.11,191.11,0.0,0.0,0.0,0.0,0.0,0.0,0.0,
495241,CONCORDIA TRANSITIONAL CARE AND REHAB-RIVER POINTE,VIRGINIA BEACH,VA,Virginia Beach City,810,2017Q4,20171226,121,8.0,8.0,0.0,8.88,8.88,0.0,31.12,31.12,0.0,9.3,9.3,0.0,119.15,119.15,0.0,208.34,208.34,0.0,0.0,0.0,0.0,0.0,0.0,0.0,
495241,CONCORDIA TRANSITIONAL CARE AND REHAB-RIVER POINTE,VIRGINIA BEACH,VA,Virginia Beach City,810,2017Q4,20171227,123,8.0,8.0,0.0,10.38,10.38,0.0,68.23,68.23,0.0,8.97,8.97,0.0,113.32,113.32,0.0,251.79,251.79,0.0,0.0,0.0,0.0,0.0,0.0,0.0,
495241,CONCORDIA TRANSITIONAL CARE AND REHAB-RIVER POINTE,VIRGINIA BEACH,VA,Virginia Beach City,810,2017Q4,20171228,123,8.0,8.0,0.0,6.83,6.83,0.0,52.65,52.65,0.0,9.08,9.08,0.0,116.34,116.34,0.0,239.56,239.56,0.0,0.0,0.0,0.0,0.0,0.0,0.0,
495241,CONCORDIA TRANSITIONAL CARE AND REHAB-RIVER POINTE,VIRGINIA BEACH,VA,Virginia Beach City,810,2017Q4,20171229,124,8.0,8.0,0.0,9.65,9.65,0.0,67.02,67.02,0.0,11.02,11.02,0.0,95.16,95.16,0.0,200.55,200.55,0.0,0.0,0.0,0.0,0.0,0.0,0.0,
495241,CONCORDIA TRANSITIONAL CARE AND REHAB-RIVER POINTE,VIRGINIA BEACH,VA,Virginia Beach City,810,2017Q4,20171230,124,0.0,0.0,0.0,0.0,0.0,0.0,9.67,9.67,0.0,0.0,0.0,0.0,121.29,121.29,0.0,246.56,246.56,0.0,0.0,0.0,0.0,0.0,0.0,0.0,
495241,CONCORDIA TRANSITIONAL CARE AND REHAB-RIVER POINTE,VIRGINIA BEACH,VA,Virginia Beach City,810,2017Q4,20171231,121,0.0,0.0,0.0,0.0,0.0,0.0,22.1,22.1,0.0,5.0,5.0,0.0,107.63,107.63,0.0,200.56,200.56,0.0,0.0,0.0,0.0,0.0,0.0,0.0,
495241,CONCORDIA TRANSITIONAL CARE AND REHAB-RIVER POINTE,VIRGINIA BEACH,VA,Virginia Beach City,810,2018Q1,20180101,120,0.0,0.0,0.0,0.0,0.0,0.0,31.59,31.59,0.0,5.97,5.97,0.0,117.22,117.22,0.0,196.5,196.5,0.0,0.0,0.0,0.0,0.0,0.0,0.0,
495241,CONCORDIA TRANSITIONAL CARE AND REHAB-RIVER POINTE,VIRGINIA BEACH,VA,Virginia Beach City,810,2018Q1,20180102,121,8.0,8.0,0.0,10.4,10.4,0.0,47.76,47.76,0.0,9.25,9.25,0.0,124.48,124.48,0.0,205.92,205.92,0.0,0.0,0.0,0.0,0.0,0.0,0.0,
495241,CONCORDIA TRANSITIONAL CARE AND REHAB-RIVER POINTE,VIRGINIA BEACH,VA,Virginia Beach City,810,2018Q1,20180103,121,8.0,8.0,0.0,6.9,6.9,0.0,54.79,54.79,0.0,6.0,6.0,0.0,114.75,114.75,0.0,230.34,230.34,0.0,0.0,0.0,0.0,0.0,0.0,0.0,
495241,CONCORDIA TRANSITIONAL CARE AND REHAB-RIVER POINTE,VIRGINIA BEACH,VA,Virginia Beach City,810,2018Q1,20180104,121,8.0,8.0,0.0,0.0,0.0,0.0,78.04,78.04,0.0,12.0,12.0,0.0,74.11,74.11,0.0,175.38,175.38,0.0,0.0,0.0,0.0,0.0,0.0,0.0,
495241,CONCORDIA TRANSITIONAL CARE AND REHAB-RIVER POINTE,VIRGINIA BEACH,VA,Virginia Beach City,810,2018Q1,20180105,122,8.0,8.0,0.0,7.87,7.87,0.0,38.59,38.59,0.0,10.63,10.63,0.0,85.44,85.44,0.0,218.5,218.5,0.0,0.0,0.0,0.0,0.0,0.0,0.0,
495241,CONCORDIA TRANSITIONAL CARE AND REHAB-RIVER POINTE,VIRGINIA BEACH,VA,Virginia Beach City,810,2018Q1,20180106,120,0.0,0.0,0.0,0.0,0.0,0.0,43.13,43.13,0.0,0.0,0.0,0.0,95.29,95.29,0.0,218.52,218.52,0.0,0.0,0.0,0.0,0.0,0.0,0.0,
495241,CONCORDIA TRANSITIONAL CARE AND REHAB-RIVER POINTE,VIRGINIA BEACH,VA,Virginia Beach City,810,2018Q1,20180107,120,0.0,0.0,0.0,0.0,0.0,0.0,48.34,48.34,0.0,0.0,0.0,0.0,78.75,78.75,0.0,180.48,180.48,0.0,0.0,0.0,0.0,0.0,0.0,0.0,
495241,CONCORDIA TRANSITIONAL CARE AND REHAB-RIVER POINTE,VIRGINIA BEACH,VA,Virginia Beach City,810,2018Q1,20180108,121,8.0,8.0,0.0,0.0,0.0,0.0,47.33,47.33,0.0,9.22,9.22,0.0,120.33,120.33,0.0,204.86,204.86,0.0,0.0,0.0,0.0,0.0,0.0,0.0,
495241,CONCORDIA TRANSITIONAL CARE AND REHAB-RIVER POINTE,VIRGINIA BEACH,VA,Virginia Beach City,810,2018Q1,20180109,119,8.0,8.0,0.0,11.93,11.93,0.0,44.0,44.0,0.0,9.17,9.17,0.0,116.74,116.74,0.0,218.38,218.38,0.0,0.0,0.0,0.0,0.0,0.0,0.0,
495241,CONCORDIA TRANSITIONAL CARE AND REHAB-RIVER POINTE,VIRGINIA BEACH,VA,Virginia Beach City,810,2018Q1,20180110,120,8.0,8.0,0.0,11.88,11.88,0.0,50.37,50.37,0.0,8.2,8.2,0.0,121.47,121.47,0.0,245.45,245.45,0.0,0.0,0.0,0.0,0.0,0.0,0.0,
495241,CONCORDIA TRANSITIONAL CARE AND REHAB-RIVER POINTE,VIRGINIA BEACH,VA,Virginia Beach City,810,2018Q1,20180111,121,8.0,8.0,0.0,10.98,10.98,0.0,58.55,58.55,0.0,8.6,8.6,0.0,130.29,130.29,0.0,232.94,232.94,0.0,0.0,0.0,0.0,0.0,0.0,0.0,
495241,CONCORDIA TRANSITIONAL CARE AND REHAB-RIVER POINTE,VIRGINIA BEACH,VA,Virginia Beach City,810,2018Q1,20180112,123,8.0,8.0,0.0,10.98,10.98,0.0,45.22,45.22,0.0,9.2,9.2,0.0,112.84,112.84,0.0,198.1,198.1,0.0,0.0,0.0,0.0,0.0,0.0,0.0,
495241,CONCORDIA TRANSITIONAL CARE AND REHAB-RIVER POINTE,VIRGINIA BEACH,VA,Virginia Beach City,810,2018Q1,20180113,123,0.0,0.0,0.0,5.4,5.4,0.0,11.0,11.0,0.0,0.0,0.0,0.0,126.08,126.08,0.0,194.73,194.73,0.0,0.0,0.0,0.0,0.0,0.0,0.0,
495241,CONCORDIA TRANSITIONAL CARE AND REHAB-RIVER POINTE,VIRGINIA BEACH,VA,Virginia Beach City,810,2018Q1,20180114,123,0.0,0.0,0.0,0.0,0.0,0.0,20.52,20.52,0.0,0.0,0.0,0.0,131.1,131.1,0.0,181.74,181.74,0.0,0.0,0.0,0.0,0.0,0.0,0.0,
495241,CONCORDIA TRANSITIONAL CARE AND REHAB-RIVER POINTE,VIRGINIA BEACH,VA,Virginia Beach City,810,2018Q1,20180115,123,8.0,8.0,0.0,10.22,10.22,0.0,36.29,36.29,0.0,9.43,9.43,0.0,130.47,130.47,0.0,234.37,234.37,0.0,0.0,0.0,0.0,0.0,0.0,0.0,
495241,CONCORDIA TRANSITIONAL CARE AND REHAB-RIVER POINTE,VIRGINIA BEACH,VA,Virginia Beach City,810,2018Q1,20180116,123,8.0,8.0,0.0,11.4,11.4,0.0,54.18,54.18,0.0,9.55,9.55,0.0,115.76,115.76,0.0,194.93,194.93,0.0,0.0,0.0,0.0,0.0,0.0,0.0,
495241,CONCORDIA TRANSITIONAL CARE AND REHAB-RIVER POINTE,VIRGINIA BEACH,VA,Virginia Beach City,810,2018Q1,20180117,125,8.0,8.0,0.0,8.58,8.58,0.0,49.16,49.16,0.0,8.78,8.78,0.0,123.92,123.92,0.0,219.69,219.69,0.0,0.0,0.0,0.0,0.0,0.0,0.0,
495241,CONCORDIA TRANSITIONAL CARE AND REHAB-RIVER POINTE,VIRGINIA BEACH,VA,Virginia Beach City,810,2018Q1,20180118,128,8.0,8.0,0.0,11.33,11.33,0.0,58.23,58.23,0.0,8.95,8.95,0.0,112.05,112.05,0.0,232.64,232.64,0.0,0.0,0.0,0.0,0.0,0.0,0.0,
495241,CONCORDIA TRANSITIONAL CARE AND REHAB-RIVER POINTE,VIRGINIA BEACH,VA,Virginia Beach City,810,2018Q1,20180119,126,8.0,8.0,0.0,11.62,11.62,0.0,29.15,29.15,0.0,0.0,0.0,0.0,144.92,144.92,0.0,247.54,247.54,0.0,0.0,0.0,0.0,0.0,0.0,0.0,
495241,CONCORDIA TRANSITIONAL CARE AND REHAB-RIVER POINTE,VIRGINIA BEACH,VA,Virginia Beach City,810,2018Q1,20180120,125,0.0,0.0,0.0,0.0,0.0,0.0,53.27,53.27,0.0,0.0,0.0,0.0,84.21,84.21,0.0,202.05,202.05,0.0,0.0,0.0,0.0,0.0,0.0,0.0,
495241,CONCORDIA TRANSITIONAL CARE AND REHAB-RIVER POINTE,VIRGINIA BEACH,VA,Virginia Beach City,810,2018Q1,20180121,125,0.0,0.0,0.0,0.0,0.0,0.0,52.37,52.37,0.0,0.0,0.0,0.0,83.57,83.57,0.0,190.06,190.06,0.0,0.0,0.0,0.0,0.0,0.0,0.0,
495241,CONCORDIA TRANSITIONAL CARE AND REHAB-RIVER POINTE,VIRGINIA BEACH,VA,Virginia Beach City,810,2018Q1,20180122,126,8.0,8.0,0.0,9.95,9.95,0.0,53.45,53.45,0.0,9.43,9.43,0.0,133.24,133.24,0.0,210.78,210.78,0.0,0.0,0.0,0.0,0.0,0.0,0.0,
495241,CONCORDIA TRANSITIONAL CARE AND REHAB-RIVER POINTE,VIRGINIA BEACH,VA,Virginia Beach City,810,2018Q1,20180123,128,8.0,8.0,0.0,10.95,10.95,0.0,39.73,39.73,0.0,10.67,10.67,0.0,130.53,130.53,0.0,207.69,207.69,0.0,0.0,0.0,0.0,0.0,0.0,0.0,
495241,CONCORDIA TRANSITIONAL CARE AND REHAB-RIVER POINTE,VIRGINIA BEACH,VA,Virginia Beach City,810,2018Q1,20180124,128,8.0,8.0,0.0,11.6,11.6,0.0,64.22,64.22,0.0,9.67,9.67,0.0,114.75,114.75,0.0,248.18,248.18,0.0,0.0,0.0,0.0,0.0,0.0,0.0,
495241,CONCORDIA TRANSITIONAL CARE AND REHAB-RIVER POINTE,VIRGINIA BEACH,VA,Virginia Beach City,810,2018Q1,20180125,129,8.0,8.0,0.0,11.57,11.57,0.0,55.66,55.66,0.0,12.0,12.0,0.0,116.58,116.58,0.0,218.45,218.45,0.0,0.0,0.0,0.0,0.0,0.0,0.0,
495241,CONCORDIA TRANSITIONAL CARE AND REHAB-RIVER POINTE,VIRGINIA BEACH,VA,Virginia Beach City,810,2018Q1,20180126,128,8.0,8.0,0.0,10.47,10.47,0.0,69.71,69.71,0.0,9.05,9.05,0.0,110.23,110.23,0.0,218.22,218.22,0.0,0.0,0.0,0.0,0.0,0.0,0.0,
495241,CONCORDIA TRANSITIONAL CARE AND REHAB-RIVER POINTE,VIRGINIA BEACH,VA,Virginia Beach City,810,2018Q1,20180127,128,0.0,0.0,0.0,0.0,0.0,0.0,20.96,20.96,0.0,0.0,0.0,0.0,113.63,113.63,0.0,228.66,228.66,0.0,0.0,0.0,0.0,0.0,0.0,0.0,
495241,CONCORDIA TRANSITIONAL CARE AND REHAB-RIVER POINTE,VIRGINIA BEACH,VA,Virginia Beach City,810,2018Q1,20180128,128,0.0,0.0,0.0,0.0,0.0,0.0,20.92,20.92,0.0,0.0,0.0,0.0,118.23,118.23,0.0,198.36,198.36,0.0,0.0,0.0,0.0,0.0,0.0,0.0,
495241,CONCORDIA TRANSITIONAL CARE AND REHAB-RIVER POINTE,VIRGINIA BEACH,VA,Virginia Beach City,810,2018Q1,20180129,130,8.0,8.0,0.0,11.7,11.7,0.0,63.48,63.48,0.0,8.88,8.88,0.0,111.8,111.8,0.0,232.18,232.18,0.0,0.0,0.0,0.0,0.0,0.0,0.0,
495241,CONCORDIA TRANSITIONAL CARE AND REHAB-RIVER POINTE,VIRGINIA BEACH,VA,Virginia Beach City,810,2018Q1,20180130,129,8.0,8.0,0.0,11.13,11.13,0.0,65.0,65.0,0.0,10.08,10.08,0.0,108.96,108.96,0.0,226.12,226.12,0.0,0.0,0.0,0.0,0.0,0.0,0.0,
495241,CONCORDIA TRANSITIONAL CARE AND REHAB-RIVER POINTE,VIRGINIA BEACH,VA,Virginia Beach City,810,2018Q1,20180131,129,8.0,8.0,0.0,11.65,11.65,0.0,70.38,70.38,0.0,11.38,11.38,0.0,120.33,120.33,0.0,210.74,210.74,0.0,0.0,0.0,0.0,0.0,0.0,0.0,
495241,CONCORDIA TRANSITIONAL CARE AND REHAB-RIVER POINTE,VIRGINIA BEACH,VA,Virginia Beach City,810,2018Q1,20180201,130,8.0,8.0,0.0,11.82,11.82,0.0,71.63,71.63,0.0,10.62,10.62,0.0,110.91,110.91,0.0,213.87,213.87,0.0,0.0,0.0,0.0,0.0,0.0,0.0,
495241,CONCORDIA TRANSITIONAL CARE AND REHAB-RIVER POINTE,VIRGINIA BEACH,VA,Virginia Beach City,810,2018Q1,20180202,130,8.0,8.0,0.0,10.6,10.6,0.0,34.07,34.07,0.0,9.95,9.95,0.0,144.88,144.88,0.0,232.31,232.31,0.0,0.0,0.0,0.0,0.0,0.0,0.0,
495241,CONCORDIA TRANSITIONAL CARE AND REHAB-RIVER POINTE,VIRGINIA BEACH,VA,Virginia Beach City,810,2018Q1,20180203,128,0.0,0.0,0.0,4.2,4.2,0.0,51.07,51.07,0.0,0.0,0.0,0.0,102.6,102.6,0.0,217.96,217.96,0.0,0.0,0.0,0.0,0.0,0.0,0.0,
495241,CONCORDIA TRANSITIONAL CARE AND REHAB-RIVER POINTE,VIRGINIA BEACH,VA,Virginia Beach City,810,2018Q1,20180204,126,0.0,0.0,0.0,0.0,0.0,0.0,49.31,49.31,0.0,2.0,2.0,0.0,98.77,98.77,0.0,199.88,199.88,0.0,0.0,0.0,0.0,0.0,0.0,0.0,
495241,CONCORDIA TRANSITIONAL CARE AND REHAB-RIVER POINTE,VIRGINIA BEACH,VA,Virginia Beach City,810,2018Q1,20180205,126,8.0,8.0,0.0,9.95,9.95,0.0,61.45,61.45,0.0,8.87,8.87,0.0,108.88,108.88,0.0,156.64,156.64,0.0,0.0,0.0,0.0,0.0,0.0,0.0,
495241,CONCORDIA TRANSITIONAL CARE AND REHAB-RIVER POINTE,VIRGINIA BEACH,VA,Virginia Beach City,810,2018Q1,20180206,127,8.0,8.0,0.0,9.18,9.18,0.0,43.69,43.69,0.0,10.98,10.98,0.0,139.65,139.65,0.0,186.13,186.13,0.0,0.0,0.0,0.0,0.0,0.0,0.0,
495241,CONCORDIA TRANSITIONAL CARE AND REHAB-RIVER POINTE,VIRGINIA BEACH,VA,Virginia Beach City,810,2018Q1,20180207,128,8.0,8.0,0.0,10.68,10.68,0.0,67.86,67.86,0.0,3.72,3.72,0.0,106.72,106.72,0.0,264.66,264.66,0.0,0.0,0.0,0.0,0.0,0.0,0.0,
495241,CONCORDIA TRANSITIONAL CARE AND REHAB-RIVER POINTE,VIRGINIA BEACH,VA,Virginia Beach City,810,2018Q1,20180208,125,8.0,8.0,0.0,11.07,11.07,0.0,59.58,59.58,0.0,0.0,0.0,0.0,113.66,113.66,0.0,260.74,260.74,0.0,0.0,0.0,0.0,0.0,0.0,0.0,
495241,CONCORDIA TRANSITIONAL CARE AND REHAB-RIVER POINTE,VIRGINIA BEACH,VA,Virginia Beach City,810,2018Q1,20180209,123,8.0,8.0,0.0,11.08,11.08,0.0,64.85,64.85,0.0,0.0,0.0,0.0,84.06,84.06,0.0,221.27,221.27,0.0,0.0,0.0,0.0,0.0,0.0,0.0,
495241,CONCORDIA TRANSITIONAL CARE AND REHAB-RIVER POINTE,VIRGINIA BEACH,VA,Virginia Beach City,810,2018Q1,20180210,122,0.0,0.0,0.0,0.0,0.0,0.0,10.6,10.6,0.0,0.0,0.0,0.0,110.04,110.04,0.0,224.3,224.3,0.0,0.0,0.0,0.0,0.0,0.0,0.0,
495241,CONCORDIA TRANSITIONAL CARE AND REHAB-RIVER POINTE,VIRGINIA BEACH,VA,Virginia Beach City,810,2018Q1,20180211,122,0.0,0.0,0.0,0.0,0.0,0.0,25.76,25.76,0.0,2.5,2.5,0.0,110.95,110.95,0.0,164.91,164.91,0.0,0.0,0.0,0.0,0.0,0.0,0.0,
495241,CONCORDIA TRANSITIONAL CARE AND REHAB-RIVER POINTE,VIRGINIA BEACH,VA,Virginia Beach City,810,2018Q1,20180212,124,8.0,8.0,0.0,0.0,0.0,0.0,69.08,69.08,0.0,9.42,9.42,0.0,112.82,112.82,0.0,206.58,206.58,0.0,0.0,0.0,0.0,0.0,0.0,0.0,
495241,CONCORDIA TRANSITIONAL CARE AND REHAB-RIVER POINTE,VIRGINIA BEACH,VA,Virginia Beach City,810,2018Q1,20180213,123,8.0,8.0,0.0,0.0,0.0,0.0,60.34,60.34,0.0,10.22,10.22,0.0,113.44,113.44,0.0,199.41,199.41,0.0,0.0,0.0,0.0,0.0,0.0,0.0,
495241,CONCORDIA TRANSITIONAL CARE AND REHAB-RIVER POINTE,VIRGINIA BEACH,VA,Virginia Beach City,810,2018Q1,20180214,123,8.0,8.0,0.0,0.0,0.0,0.0,63.13,63.13,0.0,9.63,9.63,0.0,123.35,123.35,0.0,261.98,261.98,0.0,0.0,0.0,0.0,0.0,0.0,0.0,
495241,CONCORDIA TRANSITIONAL CARE AND REHAB-RIVER POINTE,VIRGINIA BEACH,VA,Virginia Beach City,810,2018Q1,20180215,124,8.0,8.0,0.0,0.0,0.0,0.0,78.89,78.89,0.0,9.5,9.5,0.0,113.16,113.16,0.0,228.48,228.48,0.0,0.0,0.0,0.0,0.0,0.0,0.0,
495241,CONCORDIA TRANSITIONAL CARE AND REHAB-RIVER POINTE,VIRGINIA BEACH,VA,Virginia Beach City,810,2018Q1,20180216,123,8.0,8.0,0.0,0.0,0.0,0.0,23.89,23.89,0.0,9.18,9.18,0.0,111.78,111.78,0.0,223.09,223.09,0.0,0.0,0.0,0.0,0.0,0.0,0.0,
495241,CONCORDIA TRANSITIONAL CARE AND REHAB-RIVER POINTE,VIRGINIA BEACH,VA,Virginia Beach City,810,2018Q1,20180217,124,0.0,0.0,0.0,7.02,7.02,0.0,51.58,51.58,0.0,0.0,0.0,0.0,95.32,95.32,0.0,188.06,188.06,0.0,0.0,0.0,0.0,0.0,0.0,0.0,
495241,CONCORDIA TRANSITIONAL CARE AND REHAB-RIVER POINTE,VIRGINIA BEACH,VA,Virginia Beach City,810,2018Q1,20180218,123,0.0,0.0,0.0,6.83,6.83,0.0,59.32,59.32,0.0,0.0,0.0,0.0,95.48,95.48,0.0,176.83,176.83,0.0,0.0,0.0,0.0,0.0,0.0,0.0,
495241,CONCORDIA TRANSITIONAL CARE AND REHAB-RIVER POINTE,VIRGINIA BEACH,VA,Virginia Beach City,810,2018Q1,20180219,121,8.0,8.0,0.0,0.0,0.0,0.0,52.43,52.43,0.0,9.63,9.63,0.0,125.89,125.89,0.0,205.18,205.18,0.0,0.0,0.0,0.0,0.0,0.0,0.0,
495241,CONCORDIA TRANSITIONAL CARE AND REHAB-RIVER POINTE,VIRGINIA BEACH,VA,Virginia Beach City,810,2018Q1,20180220,122,8.0,8.0,0.0,0.0,0.0,0.0,32.24,32.24,0.0,9.43,9.43,0.0,144.23,144.23,0.0,220.78,220.78,0.0,0.0,0.0,0.0,0.0,0.0,0.0,
495241,CONCORDIA TRANSITIONAL CARE AND REHAB-RIVER POINTE,VIRGINIA BEACH,VA,Virginia Beach City,810,2018Q1,20180221,123,8.0,8.0,0.0,0.0,0.0,0.0,59.1,59.1,0.0,10.27,10.27,0.0,118.63,118.63,0.0,230.94,230.94,0.0,0.0,0.0,0.0,0.0,0.0,0.0,
495241,CONCORDIA TRANSITIONAL CARE AND REHAB-RIVER POINTE,VIRGINIA BEACH,VA,Virginia Beach City,810,2018Q1,20180222,123,8.0,8.0,0.0,0.0,0.0,0.0,60.11,60.11,0.0,9.47,9.47,0.0,126.15,126.15,0.0,221.31,221.31,0.0,0.0,0.0,0.0,0.0,0.0,0.0,
495241,CONCORDIA TRANSITIONAL CARE AND REHAB-RIVER POINTE,VIRGINIA BEACH,VA,Virginia Beach City,810,2018Q1,20180223,123,8.0,8.0,0.0,0.0,0.0,0.0,56.39,56.39,0.0,12.23,12.23,0.0,105.63,105.63,0.0,218.43,218.43,0.0,0.0,0.0,0.0,0.0,0.0,0.0,
495241,CONCORDIA TRANSITIONAL CARE AND REHAB-RIVER POINTE,VIRGINIA BEACH,VA,Virginia Beach City,810,2018Q1,20180224,123,0.0,0.0,0.0,6.3,6.3,0.0,11.97,11.97,0.0,3.12,3.12,0.0,124.48,124.48,0.0,168.66,168.66,0.0,0.0,0.0,0.0,0.0,0.0,0.0,
495241,CONCORDIA TRANSITIONAL CARE AND REHAB-RIVER POINTE,VIRGINIA BEACH,VA,Virginia Beach City,810,2018Q1,20180225,123,0.0,0.0,0.0,5.58,5.58,0.0,19.23,19.23,0.0,0.0,0.0,0.0,114.67,114.67,0.0,183.98,183.98,0.0,0.0,0.0,0.0,0.0,0.0,0.0,
495241,CONCORDIA TRANSITIONAL CARE AND REHAB-RIVER POINTE,VIRGINIA BEACH,VA,Virginia Beach City,810,2018Q1,20180226,125,8.0,8.0,0.0,9.0,9.0,0.0,66.39,66.39,0.0,6.47,6.47,0.0,113.4,113.4,0.0,216.82,216.82,0.0,0.0,0.0,0.0,0.0,0.0,0.0,
495241,CONCORDIA TRANSITIONAL CARE AND REHAB-RIVER POINTE,VIRGINIA BEACH,VA,Virginia Beach City,810,2018Q1,20180227,128,8.0,8.0,0.0,8.0,8.0,0.0,60.7,60.7,0.0,9.38,9.38,0.0,110.37,110.37,0.0,224.5,224.5,0.0,0.0,0.0,0.0,0.0,0.0,0.0,
495241,CONCORDIA TRANSITIONAL CARE AND REHAB-RIVER POINTE,VIRGINIA BEACH,VA,Virginia Beach City,810,2018Q1,20180228,129,8.0,8.0,0.0,8.05,8.05,0.0,69.05,69.05,0.0,9.98,9.98,0.0,121.27,121.27,0.0,217.42,217.42,0.0,0.0,0.0,0.0,0.0,0.0,0.0,
495241,CONCORDIA TRANSITIONAL CARE AND REHAB-RIVER POINTE,VIRGINIA BEACH,VA,Virginia Beach City,810,2018Q1,20180301,129,8.0,8.0,0.0,8.25,8.25,0.0,60.85,60.85,0.0,10.5,10.5,0.0,118.21,118.21,0.0,211.27,211.27,0.0,0.0,0.0,0.0,0.0,0.0,0.0,
495241,CONCORDIA TRANSITIONAL CARE AND REHAB-RIVER POINTE,VIRGINIA BEACH,VA,Virginia Beach City,810,2018Q1,20180302,127,8.0,8.0,0.0,11.38,11.38,0.0,21.82,21.82,0.0,9.12,9.12,0.0,148.19,148.19,0.0,201.44,201.44,0.0,0.0,0.0,0.0,0.0,0.0,0.0,
495241,CONCORDIA TRANSITIONAL CARE AND REHAB-RIVER POINTE,VIRGINIA BEACH,VA,Virginia Beach City,810,2018Q1,20180303,127,0.0,0.0,0.0,7.05,7.05,0.0,31.28,31.28,0.0,0.0,0.0,0.0,89.71,89.71,0.0,161.26,161.26,0.0,0.0,0.0,0.0,0.0,0.0,0.0,
495241,CONCORDIA TRANSITIONAL CARE AND REHAB-RIVER POINTE,VIRGINIA BEACH,VA,Virginia Beach City,810,2018Q1,20180304,127,0.0,0.0,0.0,0.0,0.0,0.0,43.97,43.97,0.0,0.0,0.0,0.0,86.87,86.87,0.0,164.77,164.77,0.0,0.0,0.0,0.0,0.0,0.0,0.0,
495241,CONCORDIA TRANSITIONAL CARE AND REHAB-RIVER POINTE,VIRGINIA BEACH,VA,Virginia Beach City,810,2018Q1,20180305,127,8.0,8.0,0.0,16.57,16.57,0.0,36.98,36.98,0.0,9.38,9.38,0.0,125.63,125.63,0.0,188.97,188.97,0.0,0.0,0.0,0.0,0.0,0.0,0.0,
495241,CONCORDIA TRANSITIONAL CARE AND REHAB-RIVER POINTE,VIRGINIA BEACH,VA,Virginia Beach City,810,2018Q1,20180306,126,8.0,8.0,0.0,15.92,15.92,0.0,29.77,29.77,0.0,9.37,9.37,0.0,149.07,149.07,0.0,183.56,183.56,0.0,0.0,0.0,0.0,0.0,0.0,0.0,
495241,CONCORDIA TRANSITIONAL CARE AND REHAB-RIVER POINTE,VIRGINIA BEACH,VA,Virginia Beach City,810,2018Q1,20180307,125,8.0,8.0,0.0,15.78,15.78,0.0,56.85,56.85,0.0,9.15,9.15,0.0,105.8,105.8,0.0,227.56,227.56,0.0,0.0,0.0,0.0,0.0,0.0,0.0,
495241,CONCORDIA TRANSITIONAL CARE AND REHAB-RIVER POINTE,VIRGINIA BEACH,VA,Virginia Beach City,810,2018Q1,20180308,125,8.0,8.0,0.0,15.38,15.38,0.0,38.07,38.07,0.0,10.12,10.12,0.0,127.91,127.91,0.0,227.11,210.11,17.0,0.0,0.0,0.0,0.0,0.0,0.0,
495241,CONCORDIA TRANSITIONAL CARE AND REHAB-RIVER POINTE,VIRGINIA BEACH,VA,Virginia Beach City,810,2018Q1,20180309,124,8.0,8.0,0.0,13.83,13.83,0.0,36.14,36.14,0.0,9.63,9.63,0.0,111.77,111.77,0.0,207.73,186.23,21.5,0.0,0.0,0.0,0.0,0.0,0.0,
495241,CONCORDIA TRANSITIONAL CARE AND REHAB-RIVER POINTE,VIRGINIA BEACH,VA,Virginia Beach City,810,2018Q1,20180310,123,0.0,0.0,0.0,4.98,4.98,0.0,10.62,10.62,0.0,0.0,0.0,0.0,123.58,123.58,0.0,220.18,183.68,36.5,0.0,0.0,0.0,0.0,0.0,0.0,
495241,CONCORDIA TRANSITIONAL CARE AND REHAB-RIVER POINTE,VIRGINIA BEACH,VA,Virginia Beach City,810,2018Q1,20180311,122,0.0,0.0,0.0,0.0,0.0,0.0,8.62,8.62,0.0,0.0,0.0,0.0,115.09,115.09,0.0,207.1,169.6,37.5,0.0,0.0,0.0,0.0,0.0,0.0,
495241,CONCORDIA TRANSITIONAL CARE AND REHAB-RIVER POINTE,VIRGINIA BEACH,VA,Virginia Beach City,810,2018Q1,20180312,121,8.0,8.0,0.0,16.07,16.07,0.0,33.72,33.72,0.0,8.85,8.85,0.0,118.04,118.04,0.0,213.32,160.82,52.5,0.0,0.0,0.0,0.0,0.0,0.0,
495241,CONCORDIA TRANSITIONAL CARE AND REHAB-RIVER POINTE,VIRGINIA BEACH,VA,Virginia Beach City,810,2018Q1,20180313,120,8.0,8.0,0.0,15.75,15.75,0.0,29.62,29.62,0.0,10.6,10.6,0.0,103.52,103.52,0.0,251.36,197.86,53.5,0.0,0.0,0.0,0.0,0.0,0.0,
495241,CONCORDIA TRANSITIONAL CARE AND REHAB-RIVER POINTE,VIRGINIA BEACH,VA,Virginia Beach City,810,2018Q1,20180314,122,8.0,8.0,0.0,15.18,15.18,0.0,48.86,48.86,0.0,9.35,9.35,0.0,117.05,117.05,0.0,267.01,193.01,74.0,0.0,0.0,0.0,0.0,0.0,0.0,
495241,CONCORDIA TRANSITIONAL CARE AND REHAB-RIVER POINTE,VIRGINIA BEACH,VA,Virginia Beach City,810,2018Q1,20180315,122,8.0,8.0,0.0,15.42,15.42,0.0,49.2,49.2,0.0,9.0,9.0,0.0,103.48,103.48,0.0,226.81,182.31,44.5,0.0,0.0,0.0,0.0,0.0,0.0,
495241,CONCORDIA TRANSITIONAL CARE AND REHAB-RIVER POINTE,VIRGINIA BEACH,VA,Virginia Beach City,810,2018Q1,20180316,122,8.0,8.0,0.0,15.4,15.4,0.0,11.0,11.0,0.0,9.4,9.4,0.0,123.05,123.05,0.0,232.94,195.44,37.5,0.0,0.0,0.0,0.0,0.0,0.0,
495241,CONCORDIA TRANSITIONAL CARE AND REHAB-RIVER POINTE,VIRGINIA BEACH,VA,Virginia Beach City,810,2018Q1,20180317,122,0.0,0.0,0.0,6.6,6.6,0.0,41.56,41.56,0.0,0.0,0.0,0.0,89.91,89.91,0.0,222.31,199.81,22.5,0.0,0.0,0.0,0.0,0.0,0.0,
495241,CONCORDIA TRANSITIONAL CARE AND REHAB-RIVER POINTE,VIRGINIA BEACH,VA,Virginia Beach City,810,2018Q1,20180318,121,0.0,0.0,0.0,4.3,4.3,0.0,39.15,39.15,0.0,4.0,4.0,0.0,82.28,82.28,0.0,164.5,142.0,22.5,0.0,0.0,0.0,0.0,0.0,0.0,
495241,CONCORDIA TRANSITIONAL CARE AND REHAB-RIVER POINTE,VIRGINIA BEACH,VA,Virginia Beach City,810,2018Q1,20180319,121,8.0,8.0,0.0,8.0,8.0,0.0,26.85,26.85,0.0,9.3,9.3,0.0,118.9,118.9,0.0,206.29,146.29,60.0,0.0,0.0,0.0,0.0,0.0,0.0,
495241,CONCORDIA TRANSITIONAL CARE AND REHAB-RIVER POINTE,VIRGINIA BEACH,VA,Virginia Beach City,810,2018Q1,20180320,122,8.0,8.0,0.0,17.33,17.33,0.0,28.75,28.75,0.0,9.85,9.85,0.0,121.59,121.59,0.0,202.64,151.64,51.0,0.0,0.0,0.0,0.0,0.0,0.0,
495241,CONCORDIA TRANSITIONAL CARE AND REHAB-RIVER POINTE,VIRGINIA BEACH,VA,Virginia Beach City,810,2018Q1,20180321,125,8.0,8.0,0.0,16.43,16.43,0.0,39.08,39.08,0.0,0.0,0.0,0.0,112.13,112.13,0.0,246.36,201.36,45.0,0.0,0.0,0.0,0.0,0.0,0.0,
495241,CONCORDIA TRANSITIONAL CARE AND REHAB-RIVER POINTE,VIRGINIA BEACH,VA,Virginia Beach City,810,2018Q1,20180322,126,8.0,8.0,0.0,16.03,16.03,0.0,36.66,36.66,0.0,9.3,9.3,0.0,124.7,124.7,0.0,255.17,210.17,45.0,0.0,0.0,0.0,0.0,0.0,0.0,
495241,CONCORDIA TRANSITIONAL CARE AND REHAB-RIVER POINTE,VIRGINIA BEACH,VA,Virginia Beach City,810,2018Q1,20180323,126,8.0,8.0,0.0,15.23,15.23,0.0,45.83,45.83,0.0,8.78,8.78,0.0,107.98,107.98,0.0,250.9,212.4,38.5,0.0,0.0,0.0,0.0,0.0,0.0,
495241,CONCORDIA TRANSITIONAL CARE AND REHAB-RIVER POINTE,VIRGINIA BEACH,VA,Virginia Beach City,810,2018Q1,20180324,124,0.0,0.0,0.0,8.07,8.07,0.0,11.43,11.43,0.0,0.0,0.0,0.0,135.69,135.69,0.0,229.91,185.41,44.5,0.0,0.0,0.0,0.0,0.0,0.0,
495241,CONCORDIA TRANSITIONAL CARE AND REHAB-RIVER POINTE,VIRGINIA BEACH,VA,Virginia Beach City,810,2018Q1,20180325,123,0.0,0.0,0.0,0.0,0.0,0.0,24.24,24.24,0.0,0.0,0.0,0.0,121.94,121.94,0.0,203.71,140.21,63.5,0.0,0.0,0.0,0.0,0.0,0.0,
495241,CONCORDIA TRANSITIONAL CARE AND REHAB-RIVER POINTE,VIRGINIA BEACH,VA,Virginia Beach City,810,2018Q1,20180326,124,8.0,8.0,0.0,17.08,17.08,0.0,43.05,43.05,0.0,8.37,8.37,0.0,121.41,121.41,0.0,219.2,158.38,60.82,0.0,0.0,0.0,0.0,0.0,0.0,
495241,CONCORDIA TRANSITIONAL CARE AND REHAB-RIVER POINTE,VIRGINIA BEACH,VA,Virginia Beach City,810,2018Q1,20180327,125,8.0,8.0,0.0,15.42,15.42,0.0,39.92,39.92,0.0,9.37,9.37,0.0,106.85,106.85,0.0,229.67,191.67,38.0,0.0,0.0,0.0,0.0,0.0,0.0,
495241,CONCORDIA TRANSITIONAL CARE AND REHAB-RIVER POINTE,VIRGINIA BEACH,VA,Virginia Beach City,810,2018Q1,20180328,127,8.0,8.0,0.0,16.42,16.42,0.0,51.1,51.1,0.0,7.83,7.83,0.0,113.42,113.42,0.0,253.36,195.36,58.0,0.0,0.0,0.0,0.0,0.0,0.0,
495241,CONCORDIA TRANSITIONAL CARE AND REHAB-RIVER POINTE,VIRGINIA BEACH,VA,Virginia Beach City,810,2018Q1,20180329,125,8.0,8.0,0.0,19.08,19.08,0.0,28.99,28.99,0.0,8.55,8.55,0.0,126.42,126.42,0.0,244.51,203.01,41.5,0.0,0.0,0.0,0.0,0.0,0.0,
495241,CONCORDIA TRANSITIONAL CARE AND REHAB-RIVER POINTE,VIRGINIA BEACH,VA,Virginia Beach City,810,2018Q1,20180330,125,8.0,8.0,0.0,15.07,15.07,0.0,29.49,29.49,0.0,9.3,9.3,0.0,129.84,129.84,0.0,237.45,191.45,46.0,0.0,0.0,0.0,0.0,0.0,0.0,
495241,CONCORDIA TRANSITIONAL CARE AND REHAB-RIVER POINTE,VIRGINIA BEACH,VA,Virginia Beach City,810,2018Q1,20180331,124,0.0,0.0,0.0,0.0,0.0,0.0,41.92,41.92,0.0,0.0,0.0,0.0,92.67,92.67,0.0,220.63,174.63,46.0,0.0,0.0,0.0,0.0,0.0,0.0,
495241,CONCORDIA TRANSITIONAL CARE AND REHAB-RIVER POINTE,VIRGINIA BEACH,VA,Virginia Beach City,810,2018Q2,20180401,124,0.0,0.0,0.0,0.0,0.0,0.0,13.85,13.85,0.0,0.0,0.0,0.0,98.16,98.16,0.0,211.15,136.65,74.5,0.0,0.0,0.0,0.0,0.0,0.0,
495241,CONCORDIA TRANSITIONAL CARE AND REHAB-RIVER POINTE,VIRGINIA BEACH,VA,Virginia Beach City,810,2018Q2,20180402,124,8.0,8.0,0.0,16.3,16.3,0.0,37.65,37.65,0.0,7.8,7.8,0.0,118.03,118.03,0.0,185.05,134.55,50.5,0.0,0.0,0.0,0.0,0.0,0.0,
495241,CONCORDIA TRANSITIONAL CARE AND REHAB-RIVER POINTE,VIRGINIA BEACH,VA,Virginia Beach City,810,2018Q2,20180403,124,8.0,8.0,0.0,15.83,15.83,0.0,38.58,38.58,0.0,8.4,8.4,0.0,129.24,129.24,0.0,247.06,172.06,75.0,0.0,0.0,0.0,0.0,0.0,0.0,
495241,CONCORDIA TRANSITIONAL CARE AND REHAB-RIVER POINTE,VIRGINIA BEACH,VA,Virginia Beach City,810,2018Q2,20180404,120,8.0,8.0,0.0,15.5,15.5,0.0,41.08,41.08,0.0,8.57,8.57,0.0,119.43,119.43,0.0,252.95,178.95,74.0,0.0,0.0,0.0,0.0,0.0,0.0,
495241,CONCORDIA TRANSITIONAL CARE AND REHAB-RIVER POINTE,VIRGINIA BEACH,VA,Virginia Beach City,810,2018Q2,20180405,120,8.0,8.0,0.0,27.0,27.0,0.0,45.77,45.77,0.0,9.03,9.03,0.0,107.43,107.43,0.0,254.31,161.81,92.5,0.0,0.0,0.0,0.0,0.0,0.0,
495241,CONCORDIA TRANSITIONAL CARE AND REHAB-RIVER POINTE,VIRGINIA BEACH,VA,Virginia Beach City,810,2018Q2,20180406,120,8.0,8.0,0.0,15.07,15.07,0.0,25.47,25.47,0.0,9.03,9.03,0.0,126.82,126.82,0.0,242.48,182.48,60.0,0.0,0.0,0.0,0.0,0.0,0.0,
495241,CONCORDIA TRANSITIONAL CARE AND REHAB-RIVER POINTE,VIRGINIA BEACH,VA,Virginia Beach City,810,2018Q2,20180407,120,0.0,0.0,0.0,8.25,8.25,0.0,35.73,35.73,0.0,0.0,0.0,0.0,105.9,105.9,0.0,227.25,157.25,70.0,0.0,0.0,0.0,0.0,0.0,0.0,
495241,CONCORDIA TRANSITIONAL CARE AND REHAB-RIVER POINTE,VIRGINIA BEACH,VA,Virginia Beach City,810,2018Q2,20180408,120,0.0,0.0,0.0,0.0,0.0,0.0,35.42,35.42,0.0,0.0,0.0,0.0,93.35,93.35,0.0,224.61,162.61,62.0,0.0,0.0,0.0,0.0,0.0,0.0,
495241,CONCORDIA TRANSITIONAL CARE AND REHAB-RIVER POINTE,VIRGINIA BEACH,VA,Virginia Beach City,810,2018Q2,20180409,120,8.0,8.0,0.0,16.57,16.57,0.0,32.9,32.9,0.0,9.03,9.03,0.0,127.05,127.05,0.0,258.67,167.67,91.0,0.0,0.0,0.0,0.0,0.0,0.0,
495241,CONCORDIA TRANSITIONAL CARE AND REHAB-RIVER POINTE,VIRGINIA BEACH,VA,Virginia Beach City,810,2018Q2,20180410,122,8.0,8.0,0.0,15.33,15.33,0.0,36.99,36.99,0.0,8.9,8.9,0.0,116.79,116.79,0.0,234.49,166.99,67.5,0.0,0.0,0.0,0.0,0.0,0.0,
495241,CONCORDIA TRANSITIONAL CARE AND REHAB-RIVER POINTE,VIRGINIA BEACH,VA,Virginia Beach City,810,2018Q2,20180411,123,8.0,8.0,0.0,16.27,16.27,0.0,44.46,44.46,0.0,9.53,9.53,0.0,120.23,120.23,0.0,258.83,151.83,107.0,0.0,0.0,0.0,0.0,0.0,0.0,
495241,CONCORDIA TRANSITIONAL CARE AND REHAB-RIVER POINTE,VIRGINIA BEACH,VA,Virginia Beach City,810,2018Q2,20180412,123,8.0,8.0,0.0,16.07,16.07,0.0,47.33,47.33,0.0,9.48,9.48,0.0,115.31,115.31,0.0,258.88,186.28,72.6,0.0,0.0,0.0,0.0,0.0,0.0,
495241,CONCORDIA TRANSITIONAL CARE AND REHAB-RIVER POINTE,VIRGINIA BEACH,VA,Virginia Beach City,810,2018Q2,20180413,122,8.0,8.0,0.0,18.33,18.33,0.0,23.46,23.46,0.0,8.53,8.53,0.0,137.33,137.33,0.0,242.33,162.58,79.75,0.0,0.0,0.0,0.0,0.0,0.0,
495241,CONCORDIA TRANSITIONAL CARE AND REHAB-RIVER POINTE,VIRGINIA BEACH,VA,Virginia Beach City,810,2018Q2,20180414,123,0.0,0.0,0.0,8.12,8.12,0.0,43.82,43.82,0.0,0.0,0.0,0.0,97.62,97.62,0.0,213.97,165.47,48.5,0.0,0.0,0.0,0.0,0.0,0.0,
495241,CONCORDIA TRANSITIONAL CARE AND REHAB-RIVER POINTE,VIRGINIA BEACH,VA,Virginia Beach City,810,2018Q2,20180415,123,0.0,0.0,0.0,0.0,0.0,0.0,34.74,34.74,0.0,0.0,0.0,0.0,103.27,103.27,0.0,214.05,162.55,51.5,0.0,0.0,0.0,0.0,0.0,0.0,
495241,CONCORDIA TRANSITIONAL CARE AND REHAB-RIVER POINTE,VIRGINIA BEACH,VA,Virginia Beach City,810,2018Q2,20180416,121,8.0,8.0,0.0,16.93,16.93,0.0,37.53,37.53,0.0,8.85,8.85,0.0,125.18,125.18,0.0,218.05,149.57,68.48,0.0,0.0,0.0,0.0,0.0,0.0,
495241,CONCORDIA TRANSITIONAL CARE AND REHAB-RIVER POINTE,VIRGINIA BEACH,VA,Virginia Beach City,810,2018Q2,20180417,119,8.0,8.0,0.0,17.9,17.9,0.0,36.3,36.3,0.0,8.27,8.27,0.0,112.75,112.75,0.0,258.62,160.03,98.59,0.0,0.0,0.0,0.0,0.0,0.0,
495241,CONCORDIA TRANSITIONAL CARE AND REHAB-RIVER POINTE,VIRGINIA BEACH,VA,Virginia Beach City,810,2018Q2,20180418,121,8.0,8.0,0.0,18.17,18.17,0.0,47.95,47.95,0.0,8.8,8.8,0.0,130.04,130.04,0.0,253.04,181.56,71.48,0.0,0.0,0.0,0.0,0.0,0.0,
495241,CONCORDIA TRANSITIONAL CARE AND REHAB-RIVER POINTE,VIRGINIA BEACH,VA,Virginia Beach City,810,2018Q2,20180419,123,8.0,8.0,0.0,16.45,16.45,0.0,46.34,46.34,0.0,10.03,10.03,0.0,130.16,130.16,0.0,257.59,189.92,67.67,0.0,0.0,0.0,0.0,0.0,0.0,
495241,CONCORDIA TRANSITIONAL CARE AND REHAB-RIVER POINTE,VIRGINIA BEACH,VA,Virginia Beach City,810,2018Q2,20180420,123,8.0,8.0,0.0,18.47,18.47,0.0,47.52,47.52,0.0,8.92,8.92,0.0,116.62,116.62,0.0,220.9,152.51,68.39,0.0,0.0,0.0,0.0,0.0,0.0,
495241,CONCORDIA TRANSITIONAL CARE AND REHAB-RIVER POINTE,VIRGINIA BEACH,VA,Virginia Beach City,810,2018Q2,20180421,125,0.0,0.0,0.0,0.0,0.0,0.0,20.37,20.37,0.0,0.0,0.0,0.0,121.36,121.36,0.0,232.95,150.53,82.42,0.0,0.0,0.0,0.0,0.0,0.0,
495241,CONCORDIA TRANSITIONAL CARE AND REHAB-RIVER POINTE,VIRGINIA BEACH,VA,Virginia Beach City,810,2018Q2,20180422,125,0.0,0.0,0.0,0.0,0.0,0.0,17.5,17.5,0.0,0.0,0.0,0.0,116.23,116.23,0.0,235.12,187.5,47.62,0.0,0.0,0.0,0.0,0.0,0.0,
495241,CONCORDIA TRANSITIONAL CARE AND REHAB-RIVER POINTE,VIRGINIA BEACH,VA,Virginia Beach City,810,2018Q2,20180423,122,8.0,8.0,0.0,15.52,15.52,0.0,38.78,38.78,0.0,8.2,8.2,0.0,126.88,126.88,0.0,237.58,150.84,86.74,0.0,0.0,0.0,0.0,0.0,0.0,
495241,CONCORDIA TRANSITIONAL CARE AND REHAB-RIVER POINTE,VIRGINIA BEACH,VA,Virginia Beach City,810,2018Q2,20180424,122,8.0,8.0,0.0,21.05,21.05,0.0,39.62,39.62,0.0,8.9,8.9,0.0,121.96,121.96,0.0,253.23,176.41,76.82,0.0,0.0,0.0,0.0,0.0,0.0,
495241,CONCORDIA TRANSITIONAL CARE AND REHAB-RIVER POINTE,VIRGINIA BEACH,VA,Virginia Beach City,810,2018Q2,20180425,128,8.0,8.0,0.0,24.67,24.67,0.0,56.66,56.66,0.0,9.92,9.92,0.0,113.59,113.59,0.0,258.06,180.65,77.41,0.0,0.0,0.0,0.0,0.0,0.0,
495241,CONCORDIA TRANSITIONAL CARE AND REHAB-RIVER POINTE,VIRGINIA BEACH,VA,Virginia Beach City,810,2018Q2,20180426,128,8.0,8.0,0.0,27.52,27.52,0.0,56.66,56.66,0.0,10.82,10.82,0.0,127.28,127.28,0.0,266.4,196.25,70.15,0.0,0.0,0.0,0.0,0.0,0.0,
495241,CONCORDIA TRANSITIONAL CARE AND REHAB-RIVER POINTE,VIRGINIA BEACH,VA,Virginia Beach City,810,2018Q2,20180427,127,8.0,8.0,0.0,28.27,28.27,0.0,24.3,24.3,0.0,9.58,9.58,0.0,148.79,148.79,0.0,266.05,181.34,84.71,0.0,0.0,0.0,0.0,0.0,0.0,
495241,CONCORDIA TRANSITIONAL CARE AND REHAB-RIVER POINTE,VIRGINIA BEACH,VA,Virginia Beach City,810,2018Q2,20180428,127,0.0,0.0,0.0,0.0,0.0,0.0,40.51,40.51,0.0,2.0,2.0,0.0,94.18,94.18,0.0,251.52,163.52,88.0,0.0,0.0,0.0,0.0,0.0,0.0,
495241,CONCORDIA TRANSITIONAL CARE AND REHAB-RIVER POINTE,VIRGINIA BEACH,VA,Virginia Beach City,810,2018Q2,20180429,125,0.0,0.0,0.0,0.0,0.0,0.0,35.76,35.76,0.0,0.0,0.0,0.0,95.99,95.99,0.0,255.46,170.77,84.69,0.0,0.0,0.0,0.0,0.0,0.0,
495241,CONCORDIA TRANSITIONAL CARE AND REHAB-RIVER POINTE,VIRGINIA BEACH,VA,Virginia Beach City,810,2018Q2,20180430,125,8.0,8.0,0.0,27.17,27.17,0.0,46.67,46.67,0.0,6.62,6.62,0.0,117.18,117.18,0.0,265.25,152.82,112.43,0.0,0.0,0.0,0.0,0.0,0.0,
495241,CONCORDIA TRANSITIONAL CARE AND REHAB-RIVER POINTE,VIRGINIA BEACH,VA,Virginia Beach City,810,2018Q2,20180501,127,8.0,8.0,0.0,29.46,29.46,0.0,27.84,27.84,0.0,12.2,12.2,0.0,135.96,135.96,0.0,263.13,180.08,83.05,0.0,0.0,0.0,0.0,0.0,0.0,
495241,CONCORDIA TRANSITIONAL CARE AND REHAB-RIVER POINTE,VIRGINIA BEACH,VA,Virginia Beach City,810,2018Q2,20180502,128,8.0,8.0,0.0,34.0,34.0,0.0,63.91,63.91,0.0,14.37,14.37,0.0,116.29,116.29,0.0,288.85,236.01,52.84,0.0,0.0,0.0,0.0,0.0,0.0,
495241,CONCORDIA TRANSITIONAL CARE AND REHAB-RIVER POINTE,VIRGINIA BEACH,VA,Virginia Beach City,810,2018Q2,20180503,127,8.0,8.0,0.0,23.17,23.17,0.0,66.61,66.61,0.0,13.23,13.23,0.0,119.83,119.83,0.0,314.13,221.09,93.04,0.0,0.0,0.0,0.0,0.0,0.0,
495241,CONCORDIA TRANSITIONAL CARE AND REHAB-RIVER POINTE,VIRGINIA BEACH,VA,Virginia Beach City,810,2018Q2,20180504,125,8.0,8.0,0.0,31.6,31.6,0.0,71.88,71.88,0.0,12.95,12.95,0.0,122.78,122.78,0.0,238.17,170.37,67.8,0.0,0.0,0.0,0.0,0.0,0.0,
495241,CONCORDIA TRANSITIONAL CARE AND REHAB-RIVER POINTE,VIRGINIA BEACH,VA,Virginia Beach City,810,2018Q2,20180505,125,0.0,0.0,0.0,3.78,3.78,0.0,19.22,19.22,0.0,0.0,0.0,0.0,128.99,128.99,0.0,236.73,161.43,75.3,0.0,0.0,0.0,0.0,0.0,0.0,
495241,CONCORDIA TRANSITIONAL CARE AND REHAB-RIVER POINTE,VIRGINIA BEACH,VA,Virginia Beach City,810,2018Q2,20180506,125,0.0,0.0,0.0,0.0,0.0,0.0,18.65,18.65,0.0,0.0,0.0,0.0,120.19,120.19,0.0,200.96,154.96,46.0,0.0,0.0,0.0,0.0,0.0,0.0,
495241,CONCORDIA TRANSITIONAL CARE AND REHAB-RIVER POINTE,VIRGINIA BEACH,VA,Virginia Beach City,810,2018Q2,20180507,126,8.0,8.0,0.0,25.8,25.8,0.0,25.14,25.14,0.0,8.52,8.52,0.0,138.77,138.77,0.0,265.35,174.7,90.65,0.0,0.0,0.0,0.0,0.0,0.0,
495241,CONCORDIA TRANSITIONAL CARE AND REHAB-RIVER POINTE,VIRGINIA BEACH,VA,Virginia Beach City,810,2018Q2,20180508,128,8.0,8.0,0.0,22.18,22.18,0.0,34.72,34.72,0.0,9.87,9.87,0.0,112.64,112.64,0.0,232.31,201.82,30.49,0.0,0.0,0.0,0.0,0.0,0.0,
495241,CONCORDIA TRANSITIONAL CARE AND REHAB-RIVER POINTE,VIRGINIA BEACH,VA,Virginia Beach City,810,2018Q2,20180509,129,8.0,8.0,0.0,26.25,26.25,0.0,44.52,44.52,0.0,10.5,10.5,0.0,118.67,118.67,0.0,284.57,239.24,45.33,0.0,0.0,0.0,0.0,0.0,0.0,
495241,CONCORDIA TRANSITIONAL CARE AND REHAB-RIVER POINTE,VIRGINIA BEACH,VA,Virginia Beach City,810,2018Q2,20180510,130,8.0,8.0,0.0,26.9,26.9,0.0,42.11,42.11,0.0,7.23,7.23,0.0,118.31,118.31,0.0,273.62,226.71,46.91,0.0,0.0,0.0,0.0,0.0,0.0,
495241,CONCORDIA TRANSITIONAL CARE AND REHAB-RIVER POINTE,VIRGINIA BEACH,VA,Virginia Beach City,810,2018Q2,20180511,131,8.0,8.0,0.0,25.18,25.18,0.0,29.68,29.68,0.0,9.12,9.12,0.0,134.85,134.85,0.0,241.36,164.8,76.56,0.0,0.0,0.0,0.0,0.0,0.0,
495241,CONCORDIA TRANSITIONAL CARE AND REHAB-RIVER POINTE,VIRGINIA BEACH,VA,Virginia Beach City,810,2018Q2,20180512,130,0.0,0.0,0.0,5.87,5.87,0.0,22.84,22.84,0.0,0.0,0.0,0.0,108.41,108.41,0.0,238.37,145.91,92.46,0.0,0.0,0.0,0.0,0.0,0.0,
495241,CONCORDIA TRANSITIONAL CARE AND REHAB-RIVER POINTE,VIRGINIA BEACH,VA,Virginia Beach City,810,2018Q2,20180513,130,0.0,0.0,0.0,0.0,0.0,0.0,27.7,27.7,0.0,0.0,0.0,0.0,96.16,96.16,0.0,179.65,158.0,21.65,0.0,0.0,0.0,0.0,0.0,0.0,
495241,CONCORDIA TRANSITIONAL CARE AND REHAB-RIVER POINTE,VIRGINIA BEACH,VA,Virginia Beach City,810,2018Q2,20180514,132,8.0,8.0,0.0,29.15,29.15,0.0,39.1,39.1,0.0,7.95,7.95,0.0,123.4,123.4,0.0,198.18,131.46,66.72,0.0,0.0,0.0,0.0,0.0,0.0,
495241,CONCORDIA TRANSITIONAL CARE AND REHAB-RIVER POINTE,VIRGINIA BEACH,VA,Virginia Beach City,810,2018Q2,20180515,131,8.0,8.0,0.0,28.8,28.8,0.0,29.17,29.17,0.0,9.05,9.05,0.0,134.04,134.04,0.0,235.39,182.24,53.15,0.0,0.0,0.0,0.0,0.0,0.0,
495241,CONCORDIA TRANSITIONAL CARE AND REHAB-RIVER POINTE,VIRGINIA BEACH,VA,Virginia Beach City,810,2018Q2,20180516,131,8.0,8.0,0.0,18.53,18.53,0.0,62.7,62.7,0.0,8.5,8.5,0.0,103.39,103.39,0.0,252.66,214.84,37.82,0.0,0.0,0.0,0.0,0.0,0.0,
495241,CONCORDIA TRANSITIONAL CARE AND REHAB-RIVER POINTE,VIRGINIA BEACH,VA,Virginia Beach City,810,2018Q2,20180517,132,8.0,8.0,0.0,16.63,16.63,0.0,34.69,34.69,0.0,9.18,9.18,0.0,130.68,130.68,0.0,246.6,222.1,24.5,0.0,0.0,0.0,0.0,0.0,0.0,
495241,CONCORDIA TRANSITIONAL CARE AND REHAB-RIVER POINTE,VIRGINIA BEACH,VA,Virginia Beach City,810,2018Q2,20180518,132,8.0,8.0,0.0,25.37,25.37,0.0,27.86,27.86,0.0,11.47,11.47,0.0,124.29,124.29,0.0,246.71,163.34,83.37,0.0,0.0,0.0,0.0,0.0,0.0,
495241,CONCORDIA TRANSITIONAL CARE AND REHAB-RIVER POINTE,VIRGINIA BEACH,VA,Virginia Beach City,810,2018Q2,20180519,129,0.0,0.0,0.0,5.45,5.45,0.0,30.83,30.83,0.0,10.3,10.3,0.0,121.1,121.1,0.0,203.8,151.75,52.05,0.0,0.0,0.0,0.0,0.0,0.0,
495241,CONCORDIA TRANSITIONAL CARE AND REHAB-RIVER POINTE,VIRGINIA BEACH,VA,Virginia Beach City,810,2018Q2,20180520,127,0.0,0.0,0.0,6.6,6.6,0.0,47.58,47.58,0.0,5.02,5.02,0.0,113.95,113.95,0.0,229.89,167.47,62.42,0.0,0.0,0.0,0.0,0.0,0.0,
495241,CONCORDIA TRANSITIONAL CARE AND REHAB-RIVER POINTE,VIRGINIA BEACH,VA,Virginia Beach City,810,2018Q2,20180521,127,8.0,8.0,0.0,27.13,27.13,0.0,40.7,40.7,0.0,16.1,16.1,0.0,131.42,131.42,0.0,258.11,200.39,57.72,0.0,0.0,0.0,0.0,0.0,0.0,
495241,CONCORDIA TRANSITIONAL CARE AND REHAB-RIVER POINTE,VIRGINIA BEACH,VA,Virginia Beach City,810,2018Q2,20180522,127,8.0,8.0,0.0,29.22,29.22,0.0,39.76,39.76,0.0,10.85,10.85,0.0,126.06,126.06,0.0,242.37,200.07,42.3,0.0,0.0,0.0,0.0,0.0,0.0,
495241,CONCORDIA TRANSITIONAL CARE AND REHAB-RIVER POINTE,VIRGINIA BEACH,VA,Virginia Beach City,810,2018Q2,20180523,128,8.0,8.0,0.0,25.7,25.7,0.0,61.9,61.9,0.0,15.33,15.33,0.0,103.3,103.3,0.0,264.77,206.95,57.82,0.0,0.0,0.0,0.0,0.0,0.0,
495241,CONCORDIA TRANSITIONAL CARE AND REHAB-RIVER POINTE,VIRGINIA BEACH,VA,Virginia Beach City,810,2018Q2,20180524,131,8.0,8.0,0.0,26.87,26.87,0.0,51.7,51.7,0.0,9.82,9.82,0.0,122.5,122.5,0.0,276.36,179.42,96.94,0.0,0.0,0.0,0.0,0.0,0.0,
495241,CONCORDIA TRANSITIONAL CARE AND REHAB-RIVER POINTE,VIRGINIA BEACH,VA,Virginia Beach City,810,2018Q2,20180525,132,8.0,8.0,0.0,18.68,18.68,0.0,39.12,39.12,0.0,9.97,9.97,0.0,120.22,120.22,0.0,262.71,188.59,74.12,0.0,0.0,0.0,0.0,0.0,0.0,
495241,CONCORDIA TRANSITIONAL CARE AND REHAB-RIVER POINTE,VIRGINIA BEACH,VA,Virginia Beach City,810,2018Q2,20180526,130,0.0,0.0,0.0,2.0,2.0,0.0,26.52,26.52,0.0,2.98,2.98,0.0,114.85,114.85,0.0,228.31,173.31,55.0,0.0,0.0,0.0,0.0,0.0,0.0,
495241,CONCORDIA TRANSITIONAL CARE AND REHAB-RIVER POINTE,VIRGINIA BEACH,VA,Virginia Beach City,810,2018Q2,20180527,130,0.0,0.0,0.0,2.0,2.0,0.0,34.42,34.42,0.0,0.0,0.0,0.0,93.3,93.3,0.0,185.59,147.32,38.27,0.0,0.0,0.0,0.0,0.0,0.0,
495241,CONCORDIA TRANSITIONAL CARE AND REHAB-RIVER POINTE,VIRGINIA BEACH,VA,Virginia Beach City,810,2018Q2,20180528,131,8.0,8.0,0.0,8.03,8.03,0.0,28.48,28.48,0.0,9.05,9.05,0.0,116.28,116.28,0.0,235.39,150.2,85.19,0.0,0.0,0.0,0.0,0.0,0.0,
495241,CONCORDIA TRANSITIONAL CARE AND REHAB-RIVER POINTE,VIRGINIA BEACH,VA,Virginia Beach City,810,2018Q2,20180529,128,8.0,8.0,0.0,25.27,25.27,0.0,18.72,18.72,0.0,9.75,9.75,0.0,130.68,130.68,0.0,263.11,179.22,83.89,0.0,0.0,0.0,0.0,0.0,0.0,
495241,CONCORDIA TRANSITIONAL CARE AND REHAB-RIVER POINTE,VIRGINIA BEACH,VA,Virginia Beach City,810,2018Q2,20180530,130,8.0,8.0,0.0,18.27,18.27,0.0,63.28,63.28,0.0,3.12,3.12,0.0,124.01,124.01,0.0,267.86,224.84,43.02,0.0,0.0,0.0,0.0,0.0,0.0,
495241,CONCORDIA TRANSITIONAL CARE AND REHAB-RIVER POINTE,VIRGINIA BEACH,VA,Virginia Beach City,810,2018Q2,20180531,130,8.0,8.0,0.0,25.68,25.68,0.0,51.07,51.07,0.0,11.3,11.3,0.0,117.06,117.06,0.0,282.68,211.44,71.24,0.0,0.0,0.0,0.0,0.0,0.0,
495241,CONCORDIA TRANSITIONAL CARE AND REHAB-RIVER POINTE,VIRGINIA BEACH,VA,Virginia Beach City,810,2018Q2,20180601,130,8.0,8.0,0.0,21.23,21.23,0.0,59.1,59.1,0.0,9.47,9.47,0.0,106.21,106.21,0.0,250.96,191.82,59.14,0.0,0.0,0.0,0.0,0.0,0.0,
495241,CONCORDIA TRANSITIONAL CARE AND REHAB-RIVER POINTE,VIRGINIA BEACH,VA,Virginia Beach City,810,2018Q2,20180602,130,0.0,0.0,0.0,5.18,5.18,0.0,28.26,28.26,0.0,0.0,0.0,0.0,108.96,108.96,0.0,208.21,177.29,30.92,0.0,0.0,0.0,0.0,0.0,0.0,
495241,CONCORDIA TRANSITIONAL CARE AND REHAB-RIVER POINTE,VIRGINIA BEACH,VA,Virginia Beach City,810,2018Q2,20180603,130,0.0,0.0,0.0,2.0,2.0,0.0,42.9,42.9,0.0,0.0,0.0,0.0,93.09,93.09,0.0,214.96,176.3,38.66,0.0,0.0,0.0,0.0,0.0,0.0,
495241,CONCORDIA TRANSITIONAL CARE AND REHAB-RIVER POINTE,VIRGINIA BEACH,VA,Virginia Beach City,810,2018Q2,20180604,134,8.0,8.0,0.0,18.33,18.33,0.0,39.3,39.3,0.0,9.63,9.63,0.0,130.26,130.26,0.0,219.57,158.0,61.57,0.0,0.0,0.0,0.0,0.0,0.0,
495241,CONCORDIA TRANSITIONAL CARE AND REHAB-RIVER POINTE,VIRGINIA BEACH,VA,Virginia Beach City,810,2018Q2,20180605,135,16.0,16.0,0.0,25.33,25.33,0.0,30.27,30.27,0.0,9.82,9.82,0.0,128.17,128.17,0.0,272.88,199.45,73.43,0.0,0.0,0.0,0.0,0.0,0.0,
495241,CONCORDIA TRANSITIONAL CARE AND REHAB-RIVER POINTE,VIRGINIA BEACH,VA,Virginia Beach City,810,2018Q2,20180606,135,16.0,16.0,0.0,26.53,26.53,0.0,54.88,54.88,0.0,8.7,8.7,0.0,108.78,108.78,0.0,259.73,212.55,47.18,0.0,0.0,0.0,0.0,0.0,0.0,
495241,CONCORDIA TRANSITIONAL CARE AND REHAB-RIVER POINTE,VIRGINIA BEACH,VA,Virginia Beach City,810,2018Q2,20180607,133,16.0,16.0,0.0,26.4,26.4,0.0,60.45,60.45,0.0,10.5,10.5,0.0,120.08,120.08,0.0,283.08,237.21,45.87,0.0,0.0,0.0,0.0,0.0,0.0,
495241,CONCORDIA TRANSITIONAL CARE AND REHAB-RIVER POINTE,VIRGINIA BEACH,VA,Virginia Beach City,810,2018Q2,20180608,130,16.0,16.0,0.0,24.25,24.25,0.0,27.97,27.97,0.0,8.88,8.88,0.0,123.43,123.43,0.0,245.4,204.67,40.73,0.0,0.0,0.0,0.0,0.0,0.0,
495241,CONCORDIA TRANSITIONAL CARE AND REHAB-RIVER POINTE,VIRGINIA BEACH,VA,Virginia Beach City,810,2018Q2,20180609,130,0.0,0.0,0.0,5.72,5.72,0.0,34.17,34.17,0.0,0.0,0.0,0.0,99.88,99.88,0.0,291.11,191.19,99.92,0.0,0.0,0.0,0.0,0.0,0.0,
495241,CONCORDIA TRANSITIONAL CARE AND REHAB-RIVER POINTE,VIRGINIA BEACH,VA,Virginia Beach City,810,2018Q2,20180610,130,0.0,0.0,0.0,0.0,0.0,0.0,34.61,34.61,0.0,0.0,0.0,0.0,97.91,97.91,0.0,218.28,166.23,52.05,0.0,0.0,0.0,0.0,0.0,0.0,
495241,CONCORDIA TRANSITIONAL CARE AND REHAB-RIVER POINTE,VIRGINIA BEACH,VA,Virginia Beach City,810,2018Q2,20180611,129,16.0,16.0,0.0,32.43,32.43,0.0,28.67,28.67,0.0,8.72,8.72,0.0,145.59,145.59,0.0,287.67,185.94,101.73,0.0,0.0,0.0,0.0,0.0,0.0,
495241,CONCORDIA TRANSITIONAL CARE AND REHAB-RIVER POINTE,VIRGINIA BEACH,VA,Virginia Beach City,810,2018Q2,20180612,130,16.0,16.0,0.0,19.82,19.82,0.0,20.53,20.53,0.0,10.32,10.32,0.0,141.4,141.4,0.0,322.9,197.64,125.26,0.0,0.0,0.0,0.0,0.0,0.0,
495241,CONCORDIA TRANSITIONAL CARE AND REHAB-RIVER POINTE,VIRGINIA BEACH,VA,Virginia Beach City,810,2018Q2,20180613,131,16.0,16.0,0.0,25.58,25.58,0.0,56.75,56.75,0.0,10.27,10.27,0.0,111.63,111.63,0.0,324.81,214.72,110.09,0.0,0.0,0.0,0.0,0.0,0.0,
495241,CONCORDIA TRANSITIONAL CARE AND REHAB-RIVER POINTE,VIRGINIA BEACH,VA,Virginia Beach City,810,2018Q2,20180614,133,16.0,16.0,0.0,25.22,25.22,0.0,50.83,50.83,0.0,9.95,9.95,0.0,107.66,107.66,0.0,275.58,188.27,87.31,0.0,0.0,0.0,0.0,0.0,0.0,
495241,CONCORDIA TRANSITIONAL CARE AND REHAB-RIVER POINTE,VIRGINIA BEACH,VA,Virginia Beach City,810,2018Q2,20180615,134,16.0,16.0,0.0,18.61,18.61,0.0,33.0,33.0,0.0,8.82,8.82,0.0,91.31,91.31,0.0,268.17,160.22,107.95,0.0,0.0,0.0,0.0,0.0,0.0,
495241,CONCORDIA TRANSITIONAL CARE AND REHAB-RIVER POINTE,VIRGINIA BEACH,VA,Virginia Beach City,810,2018Q2,20180616,134,0.0,0.0,0.0,6.15,6.15,0.0,35.22,35.22,0.0,0.0,0.0,0.0,97.61,97.61,0.0,208.13,145.97,62.16,0.0,0.0,0.0,0.0,0.0,0.0,
495241,CONCORDIA TRANSITIONAL CARE AND REHAB-RIVER POINTE,VIRGINIA BEACH,VA,Virginia Beach City,810,2018Q2,20180617,134,0.0,0.0,0.0,0.0,0.0,0.0,46.63,46.63,0.0,0.0,0.0,0.0,87.99,87.99,0.0,239.53,157.43,82.1,0.0,0.0,0.0,0.0,0.0,0.0,
495241,CONCORDIA TRANSITIONAL CARE AND REHAB-RIVER POINTE,VIRGINIA BEACH,VA,Virginia Beach City,810,2018Q2,20180618,133,16.0,16.0,0.0,18.9,18.9,0.0,45.41,45.41,0.0,8.97,8.97,0.0,114.51,114.51,0.0,260.46,175.97,84.49,0.0,0.0,0.0,0.0,0.0,0.0,
495241,CONCORDIA TRANSITIONAL CARE AND REHAB-RIVER POINTE,VIRGINIA BEACH,VA,Virginia Beach City,810,2018Q2,20180619,131,16.0,16.0,0.0,27.2,27.2,0.0,40.57,40.57,0.0,9.38,9.38,0.0,110.99,110.99,0.0,300.72,222.25,78.47,0.0,0.0,0.0,0.0,0.0,0.0,
495241,CONCORDIA TRANSITIONAL CARE AND REHAB-RIVER POINTE,VIRGINIA BEACH,VA,Virginia Beach City,810,2018Q2,20180620,130,16.0,16.0,0.0,19.0,19.0,0.0,55.48,55.48,0.0,9.0,9.0,0.0,121.28,121.28,0.0,253.84,214.72,39.12,0.0,0.0,0.0,0.0,0.0,0.0,
495241,CONCORDIA TRANSITIONAL CARE AND REHAB-RIVER POINTE,VIRGINIA BEACH,VA,Virginia Beach City,810,2018Q2,20180621,131,16.0,16.0,0.0,8.0,8.0,0.0,49.8,49.8,0.0,8.78,8.78,0.0,125.75,125.75,0.0,294.0,255.06,38.94,0.0,0.0,0.0,0.0,0.0,0.0,
495241,CONCORDIA TRANSITIONAL CARE AND REHAB-RIVER POINTE,VIRGINIA BEACH,VA,Virginia Beach City,810,2018Q2,20180622,133,16.0,16.0,0.0,16.85,16.85,0.0,35.91,35.91,0.0,9.67,9.67,0.0,127.98,127.98,0.0,308.44,245.63,62.81,0.0,0.0,0.0,0.0,0.0,0.0,
495241,CONCORDIA TRANSITIONAL CARE AND REHAB-RIVER POINTE,VIRGINIA BEACH,VA,Virginia Beach City,810,2018Q2,20180623,131,0.0,0.0,0.0,0.0,0.0,0.0,26.94,26.94,0.0,0.0,0.0,0.0,121.91,121.91,0.0,268.26,210.0,58.26,0.0,0.0,0.0,0.0,0.0,0.0,
495241,CONCORDIA TRANSITIONAL CARE AND REHAB-RIVER POINTE,VIRGINIA BEACH,VA,Virginia Beach City,810,2018Q2,20180624,130,0.0,0.0,0.0,8.96,8.96,0.0,17.69,17.69,0.0,0.0,0.0,0.0,114.97,114.97,0.0,218.3,187.49,30.81,0.0,0.0,0.0,0.0,0.0,0.0,
495241,CONCORDIA TRANSITIONAL CARE AND REHAB-RIVER POINTE,VIRGINIA BEACH,VA,Virginia Beach City,810,2018Q2,20180625,130,8.0,8.0,0.0,16.45,16.45,0.0,51.68,51.68,0.0,8.23,8.23,0.0,112.1,112.1,0.0,222.52,177.45,45.07,0.0,0.0,0.0,0.0,0.0,0.0,
495241,CONCORDIA TRANSITIONAL CARE AND REHAB-RIVER POINTE,VIRGINIA BEACH,VA,Virginia Beach City,810,2018Q2,20180626,131,8.0,8.0,0.0,16.22,16.22,0.0,28.39,28.39,0.0,9.15,9.15,0.0,133.37,133.37,0.0,292.66,238.35,54.31,0.0,0.0,0.0,0.0,0.0,0.0,
495241,CONCORDIA TRANSITIONAL CARE AND REHAB-RIVER POINTE,VIRGINIA BEACH,VA,Virginia Beach City,810,2018Q2,20180627,134,8.0,8.0,0.0,16.18,16.18,0.0,49.65,49.65,0.0,8.87,8.87,0.0,110.07,110.07,0.0,291.71,261.36,30.35,0.0,0.0,0.0,0.0,0.0,0.0,
495241,CONCORDIA TRANSITIONAL CARE AND REHAB-RIVER POINTE,VIRGINIA BEACH,VA,Virginia Beach City,810,2018Q2,20180628,136,8.0,8.0,0.0,14.88,14.88,0.0,39.83,39.83,0.0,8.18,8.18,0.0,116.49,116.49,0.0,309.08,292.35,16.73,0.0,0.0,0.0,0.0,0.0,0.0,
495241,CONCORDIA TRANSITIONAL CARE AND REHAB-RIVER POINTE,VIRGINIA BEACH,VA,Virginia Beach City,810,2018Q2,20180629,135,8.0,8.0,0.0,15.53,15.53,0.0,32.05,32.05,0.0,8.32,8.32,0.0,117.09,117.09,0.0,215.38,191.71,23.67,0.0,0.0,0.0,0.0,0.0,0.0,
495241,CONCORDIA TRANSITIONAL CARE AND REHAB-RIVER POINTE,VIRGINIA BEACH,VA,Virginia Beach City,810,2018Q2,20180630,135,0.0,0.0,0.0,0.0,0.0,0.0,34.57,34.57,0.0,0.0,0.0,0.0,99.36,99.36,0.0,250.77,219.12,31.65,0.0,0.0,0.0,0.0,0.0,0.0,
495241,CONCORDIA TRANSITIONAL CARE AND REHAB-RIVER POINTE,VIRGINIA BEACH,VA,Virginia Beach City,810,2018Q3,20180701,135,0.0,0.0,0.0,0.0,0.0,0.0,35.41,35.41,0.0,0.0,0.0,0.0,100.85,100.85,0.0,199.67,199.67,0.0,0.0,0.0,0.0,0.0,0.0,0.0,
495241,CONCORDIA TRANSITIONAL CARE AND REHAB-RIVER POINTE,VIRGINIA BEACH,VA,Virginia Beach City,810,2018Q3,20180702,135,8.0,8.0,0.0,15.93,15.93,0.0,27.14,27.14,0.0,8.12,8.12,0.0,125.25,125.25,0.0,214.14,202.39,11.75,0.0,0.0,0.0,0.0,0.0,0.0,
495241,CONCORDIA TRANSITIONAL CARE AND REHAB-RIVER POINTE,VIRGINIA BEACH,VA,Virginia Beach City,810,2018Q3,20180703,135,8.0,8.0,0.0,16.55,16.55,0.0,35.78,35.78,0.0,8.8,8.8,0.0,129.68,129.68,0.0,251.55,228.49,23.06,0.0,0.0,0.0,0.0,0.0,0.0,
495241,CONCORDIA TRANSITIONAL CARE AND REHAB-RIVER POINTE,VIRGINIA BEACH,VA,Virginia Beach City,810,2018Q3,20180704,135,0.0,0.0,0.0,0.0,0.0,0.0,35.04,35.04,0.0,7.1,7.1,0.0,123.14,123.14,0.0,275.22,222.36,52.86,0.0,0.0,0.0,0.0,0.0,0.0,
495241,CONCORDIA TRANSITIONAL CARE AND REHAB-RIVER POINTE,VIRGINIA BEACH,VA,Virginia Beach City,810,2018Q3,20180705,134,8.0,8.0,0.0,15.97,15.97,0.0,48.01,48.01,0.0,0.0,0.0,0.0,126.48,126.48,0.0,298.29,281.67,16.62,0.0,0.0,0.0,0.0,0.0,0.0,
495241,CONCORDIA TRANSITIONAL CARE AND REHAB-RIVER POINTE,VIRGINIA BEACH,VA,Virginia Beach City,810,2018Q3,20180706,134,8.0,8.0,0.0,15.77,15.77,0.0,61.09,61.09,0.0,8.55,8.55,0.0,107.43,107.43,0.0,286.07,262.57,23.5,0.0,0.0,0.0,0.0,0.0,0.0,
495241,CONCORDIA TRANSITIONAL CARE AND REHAB-RIVER POINTE,VIRGINIA BEACH,VA,Virginia Beach City,810,2018Q3,20180707,133,0.0,0.0,0.0,0.0,0.0,0.0,27.48,27.48,0.0,0.0,0.0,0.0,105.87,105.87,0.0,273.65,265.45,8.2,0.0,0.0,0.0,0.0,0.0,0.0,
495241,CONCORDIA TRANSITIONAL CARE AND REHAB-RIVER POINTE,VIRGINIA BEACH,VA,Virginia Beach City,810,2018Q3,20180708,134,0.0,0.0,0.0,0.0,0.0,0.0,16.45,16.45,0.0,0.0,0.0,0.0,111.63,111.63,0.0,261.87,261.87,0.0,0.0,0.0,0.0,0.0,0.0,0.0,
495241,CONCORDIA TRANSITIONAL CARE AND REHAB-RIVER POINTE,VIRGINIA BEACH,VA,Virginia Beach City,810,2018Q3,20180709,135,8.0,8.0,0.0,19.0,19.0,0.0,53.83,53.83,0.0,8.32,8.32,0.0,99.28,99.28,0.0,264.75,226.51,38.24,0.0,0.0,0.0,0.0,0.0,0.0,
495241,CONCORDIA TRANSITIONAL CARE AND REHAB-RIVER POINTE,VIRGINIA BEACH,VA,Virginia Beach City,810,2018Q3,20180710,136,8.0,8.0,0.0,21.4,21.4,0.0,39.15,39.15,0.0,12.52,12.52,0.0,139.94,139.94,0.0,283.89,276.81,7.08,0.0,0.0,0.0,0.0,0.0,0.0,
495241,CONCORDIA TRANSITIONAL CARE AND REHAB-RIVER POINTE,VIRGINIA BEACH,VA,Virginia Beach City,810,2018Q3,20180711,136,8.0,8.0,0.0,18.05,18.05,0.0,57.89,57.89,0.0,16.63,16.63,0.0,116.31,116.31,0.0,275.86,245.21,30.65,0.0,0.0,0.0,0.0,0.0,0.0,
495241,CONCORDIA TRANSITIONAL CARE AND REHAB-RIVER POINTE,VIRGINIA BEACH,VA,Virginia Beach City,810,2018Q3,20180712,135,8.0,8.0,0.0,18.23,18.23,0.0,44.01,44.01,0.0,15.04,15.04,0.0,114.78,114.78,0.0,281.85,251.25,30.6,0.0,0.0,0.0,0.0,0.0,0.0,
495241,CONCORDIA TRANSITIONAL CARE AND REHAB-RIVER POINTE,VIRGINIA BEACH,VA,Virginia Beach City,810,2018Q3,20180713,135,8.0,8.0,0.0,16.5,16.5,0.0,41.69,41.69,0.0,19.65,19.65,0.0,122.92,122.92,0.0,267.33,251.36,15.97,0.0,0.0,0.0,0.0,0.0,0.0,
495241,CONCORDIA TRANSITIONAL CARE AND REHAB-RIVER POINTE,VIRGINIA BEACH,VA,Virginia Beach City,810,2018Q3,20180714,135,0.0,0.0,0.0,6.3,6.3,0.0,42.03,42.03,0.0,0.0,0.0,0.0,101.47,101.47,0.0,253.18,206.77,46.41,0.0,0.0,0.0,0.0,0.0,0.0,
495241,CONCORDIA TRANSITIONAL CARE AND REHAB-RIVER POINTE,VIRGINIA BEACH,VA,Virginia Beach City,810,2018Q3,20180715,135,0.0,0.0,0.0,6.37,6.37,0.0,49.83,49.83,0.0,0.0,0.0,0.0,92.53,92.53,0.0,259.53,244.75,14.78,0.0,0.0,0.0,0.0,0.0,0.0,
495241,CONCORDIA TRANSITIONAL CARE AND REHAB-RIVER POINTE,VIRGINIA BEACH,VA,Virginia Beach City,810,2018Q3,20180716,135,8.0,8.0,0.0,25.98,25.98,0.0,29.0,29.0,0.0,8.0,8.0,0.0,128.42,128.42,0.0,247.04,208.36,38.68,0.0,0.0,0.0,0.0,0.0,0.0,
495241,CONCORDIA TRANSITIONAL CARE AND REHAB-RIVER POINTE,VIRGINIA BEACH,VA,Virginia Beach City,810,2018Q3,20180717,133,8.0,8.0,0.0,27.3,27.3,0.0,37.72,37.72,0.0,8.2,8.2,0.0,133.3,133.3,0.0,266.71,245.02,21.69,0.0,0.0,0.0,0.0,0.0,0.0,
495241,CONCORDIA TRANSITIONAL CARE AND REHAB-RIVER POINTE,VIRGINIA BEACH,VA,Virginia Beach City,810,2018Q3,20180718,134,8.0,8.0,0.0,20.62,20.62,0.0,49.48,49.48,0.0,7.0,7.0,0.0,123.39,123.39,0.0,259.65,229.92,29.73,0.0,0.0,0.0,0.0,0.0,0.0,
495241,CONCORDIA TRANSITIONAL CARE AND REHAB-RIVER POINTE,VIRGINIA BEACH,VA,Virginia Beach City,810,2018Q3,20180719,134,8.0,8.0,0.0,26.56,26.56,0.0,47.8,47.8,0.0,8.22,8.22,0.0,122.89,122.89,0.0,262.85,246.31,16.54,0.0,0.0,0.0,0.0,0.0,0.0,
495241,CONCORDIA TRANSITIONAL CARE AND REHAB-RIVER POINTE,VIRGINIA BEACH,VA,Virginia Beach City,810,2018Q3,20180720,133,8.0,8.0,0.0,15.57,15.57,0.0,53.79,53.79,0.0,8.65,8.65,0.0,99.85,99.85,0.0,254.14,221.56,32.58,0.0,0.0,0.0,0.0,0.0,0.0,
495241,CONCORDIA TRANSITIONAL CARE AND REHAB-RIVER POINTE,VIRGINIA BEACH,VA,Virginia Beach City,810,2018Q3,20180721,133,0.0,0.0,0.0,5.22,5.22,0.0,34.78,34.78,0.0,4.0,4.0,0.0,86.35,86.35,0.0,244.89,197.64,47.25,0.0,0.0,0.0,0.0,0.0,0.0,
495241,CONCORDIA TRANSITIONAL CARE AND REHAB-RIVER POINTE,VIRGINIA BEACH,VA,Virginia Beach City,810,2018Q3,20180722,133,0.0,0.0,0.0,5.02,5.02,0.0,25.55,25.55,0.0,4.0,4.0,0.0,110.27,110.27,0.0,236.37,188.24,48.13,0.0,0.0,0.0,0.0,0.0,0.0,
495241,CONCORDIA TRANSITIONAL CARE AND REHAB-RIVER POINTE,VIRGINIA BEACH,VA,Virginia Beach City,810,2018Q3,20180723,132,8.0,8.0,0.0,26.4,26.4,0.0,38.09,38.09,0.0,0.0,0.0,0.0,128.71,128.71,0.0,234.0,196.82,37.18,0.0,0.0,0.0,0.0,0.0,0.0,
495241,CONCORDIA TRANSITIONAL CARE AND REHAB-RIVER POINTE,VIRGINIA BEACH,VA,Virginia Beach City,810,2018Q3,20180724,134,8.0,8.0,0.0,20.05,20.05,0.0,29.72,29.72,0.0,8.73,8.73,0.0,137.87,137.87,0.0,266.5,242.99,23.51,0.0,0.0,0.0,0.0,0.0,0.0,
495241,CONCORDIA TRANSITIONAL CARE AND REHAB-RIVER POINTE,VIRGINIA BEACH,VA,Virginia Beach City,810,2018Q3,20180725,135,8.0,8.0,0.0,25.38,25.38,0.0,38.13,38.13,0.0,0.0,0.0,0.0,135.28,135.28,0.0,281.98,274.25,7.73,0.0,0.0,0.0,0.0,0.0,0.0,
495241,CONCORDIA TRANSITIONAL CARE AND REHAB-RIVER POINTE,VIRGINIA BEACH,VA,Virginia Beach City,810,2018Q3,20180726,136,8.0,8.0,0.0,17.83,17.83,0.0,46.67,46.67,0.0,0.0,0.0,0.0,119.86,119.86,0.0,271.03,246.99,24.04,0.0,0.0,0.0,0.0,0.0,0.0,
495241,CONCORDIA TRANSITIONAL CARE AND REHAB-RIVER POINTE,VIRGINIA BEACH,VA,Virginia Beach City,810,2018Q3,20180727,134,8.0,8.0,0.0,21.27,21.27,0.0,45.2,45.2,0.0,9.17,9.17,0.0,129.74,129.74,0.0,249.68,219.3,30.38,0.0,0.0,0.0,0.0,0.0,0.0,
495241,CONCORDIA TRANSITIONAL CARE AND REHAB-RIVER POINTE,VIRGINIA BEACH,VA,Virginia Beach City,810,2018Q3,20180728,133,0.0,0.0,0.0,10.11,10.11,0.0,45.14,45.14,0.0,0.0,0.0,0.0,79.94,79.94,0.0,207.75,155.35,52.4,0.0,0.0,0.0,0.0,0.0,0.0,
495241,CONCORDIA TRANSITIONAL CARE AND REHAB-RIVER POINTE,VIRGINIA BEACH,VA,Virginia Beach City,810,2018Q3,20180729,132,0.0,0.0,0.0,2.0,2.0,0.0,43.68,43.68,0.0,0.0,0.0,0.0,90.31,90.31,0.0,221.57,196.58,24.99,0.0,0.0,0.0,0.0,0.0,0.0,
495241,CONCORDIA TRANSITIONAL CARE AND REHAB-RIVER POINTE,VIRGINIA BEACH,VA,Virginia Beach City,810,2018Q3,20180730,133,8.0,8.0,0.0,25.45,25.45,0.0,45.94,45.94,0.0,6.88,6.88,0.0,121.7,121.7,0.0,226.53,179.02,47.51,0.0,0.0,0.0,0.0,0.0,0.0,
495241,CONCORDIA TRANSITIONAL CARE AND REHAB-RIVER POINTE,VIRGINIA BEACH,VA,Virginia Beach City,810,2018Q3,20180731,133,8.0,8.0,0.0,34.47,34.47,0.0,30.14,30.14,0.0,8.97,8.97,0.0,127.1,127.1,0.0,251.14,235.71,15.43,0.0,0.0,0.0,0.0,0.0,0.0,
495241,CONCORDIA TRANSITIONAL CARE AND REHAB-RIVER POINTE,VIRGINIA BEACH,VA,Virginia Beach City,810,2018Q3,20180801,133,8.0,8.0,0.0,32.36,32.36,0.0,56.41,56.41,0.0,9.87,9.87,0.0,126.33,126.33,0.0,269.63,261.73,7.9,0.0,0.0,0.0,0.0,0.0,0.0,
495241,CONCORDIA TRANSITIONAL CARE AND REHAB-RIVER POINTE,VIRGINIA BEACH,VA,Virginia Beach City,810,2018Q3,20180802,135,8.0,8.0,0.0,28.73,28.73,0.0,51.68,51.68,0.0,9.87,9.87,0.0,126.0,126.0,0.0,260.04,260.04,0.0,0.0,0.0,0.0,0.0,0.0,0.0,
495241,CONCORDIA TRANSITIONAL CARE AND REHAB-RIVER POINTE,VIRGINIA BEACH,VA,Virginia Beach City,810,2018Q3,20180803,133,8.0,8.0,0.0,17.05,17.05,0.0,53.65,53.65,0.0,9.03,9.03,0.0,116.88,116.88,0.0,268.65,238.37,30.28,0.0,0.0,0.0,0.0,0.0,0.0,
495241,CONCORDIA TRANSITIONAL CARE AND REHAB-RIVER POINTE,VIRGINIA BEACH,VA,Virginia Beach City,810,2018Q3,20180804,131,0.0,0.0,0.0,4.52,4.52,0.0,12.44,12.44,0.0,0.0,0.0,0.0,121.54,121.54,0.0,261.37,214.93,46.44,0.0,0.0,0.0,0.0,0.0,0.0,
495241,CONCORDIA TRANSITIONAL CARE AND REHAB-RIVER POINTE,VIRGINIA BEACH,VA,Virginia Beach City,810,2018Q3,20180805,131,0.0,0.0,0.0,0.0,0.0,0.0,33.66,33.66,0.0,0.0,0.0,0.0,94.26,94.26,0.0,234.34,196.37,37.97,0.0,0.0,0.0,0.0,0.0,0.0,
495241,CONCORDIA TRANSITIONAL CARE AND REHAB-RIVER POINTE,VIRGINIA BEACH,VA,Virginia Beach City,810,2018Q3,20180806,131,8.0,8.0,0.0,17.25,17.25,0.0,49.49,49.49,0.0,7.97,7.97,0.0,125.54,125.54,0.0,215.97,193.97,22.0,0.0,0.0,0.0,0.0,0.0,0.0,
495241,CONCORDIA TRANSITIONAL CARE AND REHAB-RIVER POINTE,VIRGINIA BEACH,VA,Virginia Beach City,810,2018Q3,20180807,131,8.0,8.0,0.0,13.92,13.92,0.0,32.7,32.7,0.0,7.17,7.17,0.0,126.18,126.18,0.0,222.16,209.17,12.99,0.0,0.0,0.0,0.0,0.0,0.0,
495241,CONCORDIA TRANSITIONAL CARE AND REHAB-RIVER POINTE,VIRGINIA BEACH,VA,Virginia Beach City,810,2018Q3,20180808,132,8.0,8.0,0.0,17.39,17.39,0.0,55.46,55.46,0.0,8.97,8.97,0.0,105.81,105.81,0.0,254.68,239.68,15.0,0.0,0.0,0.0,0.0,0.0,0.0,
495241,CONCORDIA TRANSITIONAL CARE AND REHAB-RIVER POINTE,VIRGINIA BEACH,VA,Virginia Beach City,810,2018Q3,20180809,133,8.0,8.0,0.0,17.26,17.26,0.0,34.76,34.76,0.0,9.22,9.22,0.0,112.48,112.48,0.0,273.46,249.78,23.68,0.0,0.0,0.0,0.0,0.0,0.0,
495241,CONCORDIA TRANSITIONAL CARE AND REHAB-RIVER POINTE,VIRGINIA BEACH,VA,Virginia Beach City,810,2018Q3,20180810,136,8.0,8.0,0.0,15.92,15.92,0.0,30.12,30.12,0.0,8.5,8.5,0.0,136.96,136.96,0.0,244.88,199.24,45.64,0.0,0.0,0.0,0.0,0.0,0.0,
495241,CONCORDIA TRANSITIONAL CARE AND REHAB-RIVER POINTE,VIRGINIA BEACH,VA,Virginia Beach City,810,2018Q3,20180811,134,0.0,0.0,0.0,0.0,0.0,0.0,34.64,34.64,0.0,0.0,0.0,0.0,100.19,100.19,0.0,238.24,207.74,30.5,0.0,0.0,0.0,0.0,0.0,0.0,
495241,CONCORDIA TRANSITIONAL CARE AND REHAB-RIVER POINTE,VIRGINIA BEACH,VA,Virginia Beach City,810,2018Q3,20180812,133,0.0,0.0,0.0,0.0,0.0,0.0,34.82,34.82,0.0,0.0,0.0,0.0,92.17,92.17,0.0,243.45,212.57,30.88,0.0,0.0,0.0,0.0,0.0,0.0,
495241,CONCORDIA TRANSITIONAL CARE AND REHAB-RIVER POINTE,VIRGINIA BEACH,VA,Virginia Beach City,810,2018Q3,20180813,131,8.0,8.0,0.0,17.33,17.33,0.0,36.41,36.41,0.0,9.1,9.1,0.0,134.44,134.44,0.0,247.09,192.05,55.04,0.0,0.0,0.0,0.0,0.0,0.0,
495241,CONCORDIA TRANSITIONAL CARE AND REHAB-RIVER POINTE,VIRGINIA BEACH,VA,Virginia Beach City,810,2018Q3,20180814,129,8.0,8.0,0.0,25.22,25.22,0.0,36.69,36.69,0.0,9.2,9.2,0.0,139.72,139.72,0.0,254.79,236.76,18.03,0.0,0.0,0.0,0.0,0.0,0.0,
495241,CONCORDIA TRANSITIONAL CARE AND REHAB-RIVER POINTE,VIRGINIA BEACH,VA,Virginia Beach City,810,2018Q3,20180815,131,8.0,8.0,0.0,23.3,23.3,0.0,56.8,56.8,0.0,7.12,7.12,0.0,144.93,144.93,0.0,269.99,253.79,16.2,0.0,0.0,0.0,0.0,0.0,0.0,
495241,CONCORDIA TRANSITIONAL CARE AND REHAB-RIVER POINTE,VIRGINIA BEACH,VA,Virginia Beach City,810,2018Q3,20180816,135,8.0,8.0,0.0,15.45,15.45,0.0,43.49,43.49,0.0,7.77,7.77,0.0,137.13,137.13,0.0,254.26,246.36,7.9,0.0,0.0,0.0,0.0,0.0,0.0,
495241,CONCORDIA TRANSITIONAL CARE AND REHAB-RIVER POINTE,VIRGINIA BEACH,VA,Virginia Beach City,810,2018Q3,20180817,136,8.0,8.0,0.0,16.0,16.0,0.0,51.58,51.58,0.0,8.0,8.0,0.0,119.23,119.23,0.0,241.58,224.8,16.78,0.0,0.0,0.0,0.0,0.0,0.0,
495241,CONCORDIA TRANSITIONAL CARE AND REHAB-RIVER POINTE,VIRGINIA BEACH,VA,Virginia Beach City,810,2018Q3,20180818,135,0.0,0.0,0.0,4.95,4.95,0.0,28.74,28.74,0.0,0.0,0.0,0.0,107.86,107.86,0.0,204.79,190.09,14.7,0.0,0.0,0.0,0.0,0.0,0.0,
495241,CONCORDIA TRANSITIONAL CARE AND REHAB-RIVER POINTE,VIRGINIA BEACH,VA,Virginia Beach City,810,2018Q3,20180819,135,0.0,0.0,0.0,5.65,5.65,0.0,18.45,18.45,0.0,0.0,0.0,0.0,111.56,111.56,0.0,229.86,198.35,31.51,0.0,0.0,0.0,0.0,0.0,0.0,
495241,CONCORDIA TRANSITIONAL CARE AND REHAB-RIVER POINTE,VIRGINIA BEACH,VA,Virginia Beach City,810,2018Q3,20180820,133,8.0,8.0,0.0,26.08,26.08,0.0,49.44,49.44,0.0,8.0,8.0,0.0,132.42,132.42,0.0,219.2,204.2,15.0,0.0,0.0,0.0,0.0,0.0,0.0,
495241,CONCORDIA TRANSITIONAL CARE AND REHAB-RIVER POINTE,VIRGINIA BEACH,VA,Virginia Beach City,810,2018Q3,20180821,132,8.0,8.0,0.0,27.32,27.32,0.0,35.79,35.79,0.0,8.0,8.0,0.0,124.13,124.13,0.0,243.46,216.31,27.15,0.0,0.0,0.0,0.0,0.0,0.0,
495241,CONCORDIA TRANSITIONAL CARE AND REHAB-RIVER POINTE,VIRGINIA BEACH,VA,Virginia Beach City,810,2018Q3,20180822,132,8.0,8.0,0.0,25.07,25.07,0.0,58.56,58.56,0.0,8.0,8.0,0.0,95.83,95.83,0.0,244.65,211.32,33.33,0.0,0.0,0.0,0.0,0.0,0.0,
495241,CONCORDIA TRANSITIONAL CARE AND REHAB-RIVER POINTE,VIRGINIA BEACH,VA,Virginia Beach City,810,2018Q3,20180823,133,8.0,8.0,0.0,16.17,16.17,0.0,40.52,40.52,0.0,8.0,8.0,0.0,116.95,116.95,0.0,247.65,211.47,36.18,0.0,0.0,0.0,0.0,0.0,0.0,
495241,CONCORDIA TRANSITIONAL CARE AND REHAB-RIVER POINTE,VIRGINIA BEACH,VA,Virginia Beach City,810,2018Q3,20180824,132,8.0,8.0,0.0,23.32,23.32,0.0,27.92,27.92,0.0,8.0,8.0,0.0,122.16,122.16,0.0,256.69,218.51,38.18,0.0,0.0,0.0,0.0,0.0,0.0,
495241,CONCORDIA TRANSITIONAL CARE AND REHAB-RIVER POINTE,VIRGINIA BEACH,VA,Virginia Beach City,810,2018Q3,20180825,131,0.0,0.0,0.0,0.0,0.0,0.0,34.58,34.58,0.0,0.0,0.0,0.0,95.05,95.05,0.0,292.12,245.45,46.67,0.0,0.0,0.0,0.0,0.0,0.0,
495241,CONCORDIA TRANSITIONAL CARE AND REHAB-RIVER POINTE,VIRGINIA BEACH,VA,Virginia Beach City,810,2018Q3,20180826,132,0.0,0.0,0.0,0.0,0.0,0.0,33.56,33.56,0.0,0.0,0.0,0.0,101.83,101.83,0.0,259.6,235.61,23.99,0.0,0.0,0.0,0.0,0.0,0.0,
495241,CONCORDIA TRANSITIONAL CARE AND REHAB-RIVER POINTE,VIRGINIA BEACH,VA,Virginia Beach City,810,2018Q3,20180827,133,8.0,8.0,0.0,23.47,23.47,0.0,32.87,32.87,0.0,8.0,8.0,0.0,122.4,122.4,0.0,238.9,236.9,2.0,0.0,0.0,0.0,0.0,0.0,0.0,
495241,CONCORDIA TRANSITIONAL CARE AND REHAB-RIVER POINTE,VIRGINIA BEACH,VA,Virginia Beach City,810,2018Q3,20180828,133,8.0,8.0,0.0,23.3,23.3,0.0,21.37,21.37,0.0,8.0,8.0,0.0,140.22,140.22,0.0,277.62,273.62,4.0,0.0,0.0,0.0,0.0,0.0,0.0,
495241,CONCORDIA TRANSITIONAL CARE AND REHAB-RIVER POINTE,VIRGINIA BEACH,VA,Virginia Beach City,810,2018Q3,20180829,134,8.0,8.0,0.0,24.45,24.45,0.0,37.7,37.7,0.0,8.0,8.0,0.0,116.9,116.9,0.0,265.11,263.11,2.0,0.0,0.0,0.0,0.0,0.0,0.0,
495241,CONCORDIA TRANSITIONAL CARE AND REHAB-RIVER POINTE,VIRGINIA BEACH,VA,Virginia Beach City,810,2018Q3,20180830,134,8.0,8.0,0.0,22.0,22.0,0.0,43.89,43.89,0.0,8.0,8.0,0.0,114.69,114.69,0.0,268.07,259.52,8.55,0.0,0.0,0.0,0.0,0.0,0.0,
495241,CONCORDIA TRANSITIONAL CARE AND REHAB-RIVER POINTE,VIRGINIA BEACH,VA,Virginia Beach City,810,2018Q3,20180831,137,8.0,8.0,0.0,16.07,16.07,0.0,27.26,27.26,0.0,8.0,8.0,0.0,118.56,118.56,0.0,256.11,231.77,24.34,0.0,0.0,0.0,0.0,0.0,0.0,
495241,CONCORDIA TRANSITIONAL CARE AND REHAB-RIVER POINTE,VIRGINIA BEACH,VA,Virginia Beach City,810,2018Q3,20180901,137,0.0,0.0,0.0,0.0,0.0,0.0,30.29,30.29,0.0,0.0,0.0,0.0,109.28,109.28,0.0,240.91,240.91,0.0,0.0,0.0,0.0,0.0,0.0,0.0,
495241,CONCORDIA TRANSITIONAL CARE AND REHAB-RIVER POINTE,VIRGINIA BEACH,VA,Virginia Beach City,810,2018Q3,20180902,135,0.0,0.0,0.0,0.0,0.0,0.0,34.7,34.7,0.0,0.0,0.0,0.0,97.93,97.93,0.0,232.66,232.66,0.0,0.0,0.0,0.0,0.0,0.0,0.0,
495241,CONCORDIA TRANSITIONAL CARE AND REHAB-RIVER POINTE,VIRGINIA BEACH,VA,Virginia Beach City,810,2018Q3,20180903,134,8.0,8.0,0.0,8.0,8.0,0.0,18.45,18.45,0.0,0.0,0.0,0.0,116.0,116.0,0.0,226.58,226.58,0.0,0.0,0.0,0.0,0.0,0.0,0.0,
495241,CONCORDIA TRANSITIONAL CARE AND REHAB-RIVER POINTE,VIRGINIA BEACH,VA,Virginia Beach City,810,2018Q3,20180904,134,8.0,8.0,0.0,15.18,15.18,0.0,18.45,18.45,0.0,8.0,8.0,0.0,123.36,123.36,0.0,234.57,234.57,0.0,0.0,0.0,0.0,0.0,0.0,0.0,
495241,CONCORDIA TRANSITIONAL CARE AND REHAB-RIVER POINTE,VIRGINIA BEACH,VA,Virginia Beach City,810,2018Q3,20180905,133,8.0,8.0,0.0,15.8,15.8,0.0,38.62,38.62,0.0,8.0,8.0,0.0,112.75,112.75,0.0,257.07,257.07,0.0,0.0,0.0,0.0,0.0,0.0,0.0,
495241,CONCORDIA TRANSITIONAL CARE AND REHAB-RIVER POINTE,VIRGINIA BEACH,VA,Virginia Beach City,810,2018Q3,20180906,132,8.0,8.0,0.0,14.85,14.85,0.0,41.15,41.15,0.0,8.0,8.0,0.0,103.72,103.72,0.0,246.13,246.13,0.0,0.0,0.0,0.0,0.0,0.0,0.0,
495241,CONCORDIA TRANSITIONAL CARE AND REHAB-RIVER POINTE,VIRGINIA BEACH,VA,Virginia Beach City,810,2018Q3,20180907,132,8.0,8.0,0.0,15.18,15.18,0.0,35.42,35.42,0.0,8.0,8.0,0.0,113.94,113.94,0.0,227.5,227.5,0.0,0.0,0.0,0.0,0.0,0.0,0.0,
495241,CONCORDIA TRANSITIONAL CARE AND REHAB-RIVER POINTE,VIRGINIA BEACH,VA,Virginia Beach City,810,2018Q3,20180908,133,0.0,0.0,0.0,0.0,0.0,0.0,17.6,17.6,0.0,0.0,0.0,0.0,100.22,100.22,0.0,249.08,249.08,0.0,0.0,0.0,0.0,0.0,0.0,0.0,
495241,CONCORDIA TRANSITIONAL CARE AND REHAB-RIVER POINTE,VIRGINIA BEACH,VA,Virginia Beach City,810,2018Q3,20180909,132,0.0,0.0,0.0,0.0,0.0,0.0,34.38,34.38,0.0,0.0,0.0,0.0,115.14,115.14,0.0,257.52,257.52,0.0,0.0,0.0,0.0,0.0,0.0,0.0,
495241,CONCORDIA TRANSITIONAL CARE AND REHAB-RIVER POINTE,VIRGINIA BEACH,VA,Virginia Beach City,810,2018Q3,20180910,131,8.0,8.0,0.0,15.32,15.32,0.0,24.88,24.88,0.0,8.0,8.0,0.0,126.53,126.53,0.0,235.68,235.68,0.0,0.0,0.0,0.0,0.0,0.0,0.0,
495241,CONCORDIA TRANSITIONAL CARE AND REHAB-RIVER POINTE,VIRGINIA BEACH,VA,Virginia Beach City,810,2018Q3,20180911,131,8.0,8.0,0.0,8.0,8.0,0.0,41.36,41.36,0.0,8.0,8.0,0.0,108.58,108.58,0.0,258.32,258.32,0.0,0.0,0.0,0.0,0.0,0.0,0.0,
495241,CONCORDIA TRANSITIONAL CARE AND REHAB-RIVER POINTE,VIRGINIA BEACH,VA,Virginia Beach City,810,2018Q3,20180912,136,8.0,8.0,0.0,16.48,16.48,0.0,55.05,55.05,0.0,8.0,8.0,0.0,111.75,111.75,0.0,257.03,257.03,0.0,0.0,0.0,0.0,0.0,0.0,0.0,
495241,CONCORDIA TRANSITIONAL CARE AND REHAB-RIVER POINTE,VIRGINIA BEACH,VA,Virginia Beach City,810,2018Q3,20180913,134,8.0,8.0,0.0,15.57,15.57,0.0,46.22,46.22,0.0,8.0,8.0,0.0,98.85,98.85,0.0,253.15,253.15,0.0,0.0,0.0,0.0,0.0,0.0,0.0,
495241,CONCORDIA TRANSITIONAL CARE AND REHAB-RIVER POINTE,VIRGINIA BEACH,VA,Virginia Beach City,810,2018Q3,20180914,134,8.0,8.0,0.0,8.0,8.0,0.0,46.56,46.56,0.0,8.0,8.0,0.0,86.44,86.44,0.0,218.56,218.56,0.0,0.0,0.0,0.0,0.0,0.0,0.0,
495241,CONCORDIA TRANSITIONAL CARE AND REHAB-RIVER POINTE,VIRGINIA BEACH,VA,Virginia Beach City,810,2018Q3,20180915,133,0.0,0.0,0.0,0.0,0.0,0.0,34.68,34.68,0.0,0.0,0.0,0.0,92.8,92.8,0.0,239.02,239.02,0.0,0.0,0.0,0.0,0.0,0.0,0.0,
495241,CONCORDIA TRANSITIONAL CARE AND REHAB-RIVER POINTE,VIRGINIA BEACH,VA,Virginia Beach City,810,2018Q3,20180916,131,0.0,0.0,0.0,0.0,0.0,0.0,18.33,18.33,0.0,0.0,0.0,0.0,97.29,97.29,0.0,221.69,221.69,0.0,0.0,0.0,0.0,0.0,0.0,0.0,
495241,CONCORDIA TRANSITIONAL CARE AND REHAB-RIVER POINTE,VIRGINIA BEACH,VA,Virginia Beach City,810,2018Q3,20180917,128,8.0,8.0,0.0,16.18,16.18,0.0,57.39,57.39,0.0,8.0,8.0,0.0,86.28,86.28,0.0,229.97,229.97,0.0,0.0,0.0,0.0,0.0,0.0,0.0,
495241,CONCORDIA TRANSITIONAL CARE AND REHAB-RIVER POINTE,VIRGINIA BEACH,VA,Virginia Beach City,810,2018Q3,20180918,127,8.0,8.0,0.0,15.18,15.18,0.0,36.13,36.13,0.0,8.0,8.0,0.0,109.0,109.0,0.0,249.16,249.16,0.0,0.0,0.0,0.0,0.0,0.0,0.0,
495241,CONCORDIA TRANSITIONAL CARE AND REHAB-RIVER POINTE,VIRGINIA BEACH,VA,Virginia Beach City,810,2018Q3,20180919,128,8.0,8.0,0.0,16.07,16.07,0.0,53.32,53.32,0.0,8.0,8.0,0.0,86.26,86.26,0.0,247.88,247.88,0.0,0.0,0.0,0.0,0.0,0.0,0.0,
495241,CONCORDIA TRANSITIONAL CARE AND REHAB-RIVER POINTE,VIRGINIA BEACH,VA,Virginia Beach City,810,2018Q3,20180920,129,8.0,8.0,0.0,15.98,15.98,0.0,49.25,49.25,0.0,8.0,8.0,0.0,109.77,109.77,0.0,237.56,237.56,0.0,0.0,0.0,0.0,0.0,0.0,0.0,
495241,CONCORDIA TRANSITIONAL CARE AND REHAB-RIVER POINTE,VIRGINIA BEACH,VA,Virginia Beach City,810,2018Q3,20180921,133,8.0,8.0,0.0,16.58,16.58,0.0,34.32,34.32,0.0,8.0,8.0,0.0,123.87,123.87,0.0,245.96,245.96,0.0,0.0,0.0,0.0,0.0,0.0,0.0,
495241,CONCORDIA TRANSITIONAL CARE AND REHAB-RIVER POINTE,VIRGINIA BEACH,VA,Virginia Beach City,810,2018Q3,20180922,135,0.0,0.0,0.0,0.0,0.0,0.0,33.18,33.18,0.0,0.0,0.0,0.0,106.99,106.99,0.0,250.91,250.91,0.0,0.0,0.0,0.0,0.0,0.0,0.0,
495241,CONCORDIA TRANSITIONAL CARE AND REHAB-RIVER POINTE,VIRGINIA BEACH,VA,Virginia Beach City,810,2018Q3,20180923,135,0.0,0.0,0.0,0.0,0.0,0.0,41.47,41.47,0.0,0.0,0.0,0.0,93.95,93.95,0.0,265.13,265.13,0.0,0.0,0.0,0.0,0.0,0.0,0.0,
495241,CONCORDIA TRANSITIONAL CARE AND REHAB-RIVER POINTE,VIRGINIA BEACH,VA,Virginia Beach City,810,2018Q3,20180924,135,8.0,8.0,0.0,16.5,16.5,0.0,42.79,42.79,0.0,8.0,8.0,0.0,101.7,101.7,0.0,235.45,235.45,0.0,0.0,0.0,0.0,0.0,0.0,0.0,
495241,CONCORDIA TRANSITIONAL CARE AND REHAB-RIVER POINTE,VIRGINIA BEACH,VA,Virginia Beach City,810,2018Q3,20180925,134,8.0,8.0,0.0,16.58,16.58,0.0,43.51,43.51,0.0,8.0,8.0,0.0,100.36,100.36,0.0,237.94,237.94,0.0,0.0,0.0,0.0,0.0,0.0,0.0,
495241,CONCORDIA TRANSITIONAL CARE AND REHAB-RIVER POINTE,VIRGINIA BEACH,VA,Virginia Beach City,810,2018Q3,20180926,134,8.0,8.0,0.0,14.92,14.92,0.0,46.08,46.08,0.0,8.0,8.0,0.0,100.36,100.36,0.0,246.29,246.29,0.0,0.0,0.0,0.0,0.0,0.0,0.0,
495241,CONCORDIA TRANSITIONAL CARE AND REHAB-RIVER POINTE,VIRGINIA BEACH,VA,Virginia Beach City,810,2018Q3,20180927,132,8.0,8.0,0.0,15.42,15.42,0.0,42.09,42.09,0.0,8.0,8.0,0.0,90.65,90.65,0.0,245.38,245.38,0.0,0.0,0.0,0.0,0.0,0.0,0.0,
495241,CONCORDIA TRANSITIONAL CARE AND REHAB-RIVER POINTE,VIRGINIA BEACH,VA,Virginia Beach City,810,2018Q3,20180928,131,8.0,8.0,0.0,23.87,23.87,0.0,19.12,19.12,0.0,8.0,8.0,0.0,135.88,135.88,0.0,240.35,240.35,0.0,0.0,0.0,0.0,0.0,0.0,0.0,
495241,CONCORDIA TRANSITIONAL CARE AND REHAB-RIVER POINTE,VIRGINIA BEACH,VA,Virginia Beach City,810,2018Q3,20180929,130,0.0,0.0,0.0,5.0,5.0,0.0,38.27,38.27,0.0,0.0,0.0,0.0,108.15,108.15,0.0,210.43,210.43,0.0,0.0,0.0,0.0,0.0,0.0,0.0,
495241,CONCORDIA TRANSITIONAL CARE AND REHAB-RIVER POINTE,VIRGINIA BEACH,VA,Virginia Beach City,810,2018Q3,20180930,130,0.0,0.0,0.0,0.0,0.0,0.0,35.26,35.26,0.0,0.0,0.0,0.0,97.12,97.12,0.0,232.97,232.97,0.0,0.0,0.0,0.0,0.0,0.0,0.0,
495241,CONCORDIA TRANSITIONAL CARE AND REHAB-RIVER POINTE,VIRGINIA BEACH,VA,Virginia Beach City,810,2018Q4,20181001,131,8.0,8.0,0.0,23.82,23.82,0.0,36.79,36.79,0.0,8.0,8.0,0.0,125.49,125.49,0.0,250.94,250.94,0.0,0.0,0.0,0.0,0.0,0.0,0.0,
495241,CONCORDIA TRANSITIONAL CARE AND REHAB-RIVER POINTE,VIRGINIA BEACH,VA,Virginia Beach City,810,2018Q4,20181002,133,8.0,8.0,0.0,24.0,24.0,0.0,28.21,28.21,0.0,8.0,8.0,0.0,111.93,111.93,0.0,278.99,278.99,0.0,0.0,0.0,0.0,0.0,0.0,0.0,
495241,CONCORDIA TRANSITIONAL CARE AND REHAB-RIVER POINTE,VIRGINIA BEACH,VA,Virginia Beach City,810,2018Q4,20181003,133,8.0,8.0,0.0,24.78,24.78,0.0,37.93,37.93,0.0,8.0,8.0,0.0,114.05,114.05,0.0,273.18,273.18,0.0,0.0,0.0,0.0,0.0,0.0,0.0,
495241,CONCORDIA TRANSITIONAL CARE AND REHAB-RIVER POINTE,VIRGINIA BEACH,VA,Virginia Beach City,810,2018Q4,20181004,132,8.0,8.0,0.0,24.32,24.32,0.0,34.83,34.83,0.0,8.0,8.0,0.0,119.47,119.47,0.0,269.78,261.53,8.25,0.0,0.0,0.0,0.0,0.0,0.0,
495241,CONCORDIA TRANSITIONAL CARE AND REHAB-RIVER POINTE,VIRGINIA BEACH,VA,Virginia Beach City,810,2018Q4,20181005,132,8.0,8.0,0.0,16.0,16.0,0.0,26.85,26.85,0.0,8.0,8.0,0.0,151.11,151.11,0.0,248.31,247.31,1.0,0.0,0.0,0.0,0.0,0.0,0.0,
495241,CONCORDIA TRANSITIONAL CARE AND REHAB-RIVER POINTE,VIRGINIA BEACH,VA,Virginia Beach City,810,2018Q4,20181006,132,0.0,0.0,0.0,0.0,0.0,0.0,33.53,33.53,0.0,0.0,0.0,0.0,101.23,101.23,0.0,301.42,293.59,7.83,0.0,0.0,0.0,0.0,0.0,0.0,
495241,CONCORDIA TRANSITIONAL CARE AND REHAB-RIVER POINTE,VIRGINIA BEACH,VA,Virginia Beach City,810,2018Q4,20181007,131,0.0,0.0,0.0,0.0,0.0,0.0,41.93,41.93,0.0,0.0,0.0,0.0,80.33,80.33,0.0,259.28,259.28,0.0,0.0,0.0,0.0,0.0,0.0,0.0,
495241,CONCORDIA TRANSITIONAL CARE AND REHAB-RIVER POINTE,VIRGINIA BEACH,VA,Virginia Beach City,810,2018Q4,20181008,130,8.0,8.0,0.0,24.97,24.97,0.0,10.37,10.37,0.0,8.0,8.0,0.0,94.25,94.25,0.0,243.83,243.83,0.0,0.0,0.0,0.0,0.0,0.0,0.0,
495241,CONCORDIA TRANSITIONAL CARE AND REHAB-RIVER POINTE,VIRGINIA BEACH,VA,Virginia Beach City,810,2018Q4,20181009,134,8.0,8.0,0.0,25.42,25.42,0.0,26.96,26.96,0.0,8.0,8.0,0.0,127.89,127.89,0.0,286.42,286.42,0.0,0.0,0.0,0.0,0.0,0.0,0.0,
495241,CONCORDIA TRANSITIONAL CARE AND REHAB-RIVER POINTE,VIRGINIA BEACH,VA,Virginia Beach City,810,2018Q4,20181010,135,8.0,8.0,0.0,24.95,24.95,0.0,45.49,45.49,0.0,8.0,8.0,0.0,95.09,95.09,0.0,278.58,278.58,0.0,0.0,0.0,0.0,0.0,0.0,0.0,
495241,CONCORDIA TRANSITIONAL CARE AND REHAB-RIVER POINTE,VIRGINIA BEACH,VA,Virginia Beach City,810,2018Q4,20181011,135,8.0,8.0,0.0,24.42,24.42,0.0,47.51,47.51,0.0,8.0,8.0,0.0,109.44,109.44,0.0,287.88,287.88,0.0,0.0,0.0,0.0,0.0,0.0,0.0,
495241,CONCORDIA TRANSITIONAL CARE AND REHAB-RIVER POINTE,VIRGINIA BEACH,VA,Virginia Beach City,810,2018Q4,20181012,135,8.0,8.0,0.0,24.68,24.68,0.0,38.94,38.94,0.0,16.0,16.0,0.0,108.89,108.89,0.0,219.41,219.41,0.0,0.0,0.0,0.0,0.0,0.0,0.0,
495241,CONCORDIA TRANSITIONAL CARE AND REHAB-RIVER POINTE,VIRGINIA BEACH,VA,Virginia Beach City,810,2018Q4,20181013,133,0.0,0.0,0.0,0.0,0.0,0.0,37.29,37.29,0.0,0.0,0.0,0.0,97.1,97.1,0.0,249.29,249.29,0.0,0.0,0.0,0.0,0.0,0.0,0.0,
495241,CONCORDIA TRANSITIONAL CARE AND REHAB-RIVER POINTE,VIRGINIA BEACH,VA,Virginia Beach City,810,2018Q4,20181014,132,0.0,0.0,0.0,0.0,0.0,0.0,43.76,43.76,0.0,0.0,0.0,0.0,84.23,84.23,0.0,235.52,235.52,0.0,0.0,0.0,0.0,0.0,0.0,0.0,
495241,CONCORDIA TRANSITIONAL CARE AND REHAB-RIVER POINTE,VIRGINIA BEACH,VA,Virginia Beach City,810,2018Q4,20181015,133,8.0,8.0,0.0,25.17,25.17,0.0,11.47,11.47,0.0,16.0,16.0,0.0,110.89,110.89,0.0,264.59,264.59,0.0,0.0,0.0,0.0,0.0,0.0,0.0,
495241,CONCORDIA TRANSITIONAL CARE AND REHAB-RIVER POINTE,VIRGINIA BEACH,VA,Virginia Beach City,810,2018Q4,20181016,134,8.0,8.0,0.0,23.93,23.93,0.0,24.0,24.0,0.0,16.0,16.0,0.0,107.3,107.3,0.0,248.03,248.03,0.0,0.0,0.0,0.0,0.0,0.0,0.0,
495241,CONCORDIA TRANSITIONAL CARE AND REHAB-RIVER POINTE,VIRGINIA BEACH,VA,Virginia Beach City,810,2018Q4,20181017,134,8.0,8.0,0.0,25.57,25.57,0.0,29.15,29.15,0.0,24.0,24.0,0.0,104.19,104.19,0.0,239.5,239.5,0.0,0.0,0.0,0.0,0.0,0.0,0.0,
495241,CONCORDIA TRANSITIONAL CARE AND REHAB-RIVER POINTE,VIRGINIA BEACH,VA,Virginia Beach City,810,2018Q4,20181018,133,8.0,8.0,0.0,21.3,21.3,0.0,26.95,26.95,0.0,16.0,16.0,0.0,99.15,99.15,0.0,269.22,269.22,0.0,0.0,0.0,0.0,0.0,0.0,0.0,
495241,CONCORDIA TRANSITIONAL CARE AND REHAB-RIVER POINTE,VIRGINIA BEACH,VA,Virginia Beach City,810,2018Q4,20181019,134,8.0,8.0,0.0,16.0,16.0,0.0,27.52,27.52,0.0,16.0,16.0,0.0,105.96,105.96,0.0,236.65,236.65,0.0,0.0,0.0,0.0,0.0,0.0,0.0,
495241,CONCORDIA TRANSITIONAL CARE AND REHAB-RIVER POINTE,VIRGINIA BEACH,VA,Virginia Beach City,810,2018Q4,20181020,134,0.0,0.0,0.0,0.0,0.0,0.0,26.77,26.77,0.0,0.0,0.0,0.0,86.69,86.69,0.0,279.03,279.03,0.0,0.0,0.0,0.0,0.0,0.0,0.0,
495241,CONCORDIA TRANSITIONAL CARE AND REHAB-RIVER POINTE,VIRGINIA BEACH,VA,Virginia Beach City,810,2018Q4,20181021,133,0.0,0.0,0.0,0.0,0.0,0.0,53.16,53.16,0.0,0.0,0.0,0.0,83.07,83.07,0.0,226.37,226.37,0.0,0.0,0.0,0.0,0.0,0.0,0.0,
495241,CONCORDIA TRANSITIONAL CARE AND REHAB-RIVER POINTE,VIRGINIA BEACH,VA,Virginia Beach City,810,2018Q4,20181022,131,8.0,8.0,0.0,26.97,26.97,0.0,20.73,20.73,0.0,16.0,16.0,0.0,120.65,120.65,0.0,222.27,222.27,0.0,0.0,0.0,0.0,0.0,0.0,0.0,
495241,CONCORDIA TRANSITIONAL CARE AND REHAB-RIVER POINTE,VIRGINIA BEACH,VA,Virginia Beach City,810,2018Q4,20181023,132,8.0,8.0,0.0,23.45,23.45,0.0,41.05,41.05,0.0,16.0,16.0,0.0,113.33,113.33,0.0,235.03,235.03,0.0,0.0,0.0,0.0,0.0,0.0,0.0,
495241,CONCORDIA TRANSITIONAL CARE AND REHAB-RIVER POINTE,VIRGINIA BEACH,VA,Virginia Beach City,810,2018Q4,20181024,132,8.0,8.0,0.0,24.03,24.03,0.0,36.46,36.46,0.0,16.0,16.0,0.0,111.99,111.99,0.0,243.36,243.36,0.0,0.0,0.0,0.0,0.0,0.0,0.0,
495241,CONCORDIA TRANSITIONAL CARE AND REHAB-RIVER POINTE,VIRGINIA BEACH,VA,Virginia Beach City,810,2018Q4,20181025,135,8.0,8.0,0.0,26.83,26.83,0.0,43.41,43.41,0.0,16.0,16.0,0.0,108.13,108.13,0.0,263.14,263.14,0.0,0.0,0.0,0.0,0.0,0.0,0.0,
495241,CONCORDIA TRANSITIONAL CARE AND REHAB-RIVER POINTE,VIRGINIA BEACH,VA,Virginia Beach City,810,2018Q4,20181026,134,8.0,8.0,0.0,22.67,22.67,0.0,36.45,36.45,0.0,16.0,16.0,0.0,116.3,116.3,0.0,248.8,248.8,0.0,0.0,0.0,0.0,0.0,0.0,0.0,
495241,CONCORDIA TRANSITIONAL CARE AND REHAB-RIVER POINTE,VIRGINIA BEACH,VA,Virginia Beach City,810,2018Q4,20181027,134,0.0,0.0,0.0,0.0,0.0,0.0,35.16,35.16,0.0,0.0,0.0,0.0,95.54,95.54,0.0,212.63,212.63,0.0,0.0,0.0,0.0,0.0,0.0,0.0,
495241,CONCORDIA TRANSITIONAL CARE AND REHAB-RIVER POINTE,VIRGINIA BEACH,VA,Virginia Beach City,810,2018Q4,20181028,134,0.0,0.0,0.0,0.0,0.0,0.0,43.86,43.86,0.0,0.0,0.0,0.0,94.55,94.55,0.0,190.87,190.87,0.0,0.0,0.0,0.0,0.0,0.0,0.0,
495241,CONCORDIA TRANSITIONAL CARE AND REHAB-RIVER POINTE,VIRGINIA BEACH,VA,Virginia Beach City,810,2018Q4,20181029,134,8.0,8.0,0.0,22.22,22.22,0.0,27.49,27.49,0.0,16.0,16.0,0.0,108.73,108.73,0.0,224.32,224.32,0.0,0.0,0.0,0.0,0.0,0.0,0.0,
495241,CONCORDIA TRANSITIONAL CARE AND REHAB-RIVER POINTE,VIRGINIA BEACH,VA,Virginia Beach City,810,2018Q4,20181030,133,8.0,8.0,0.0,24.45,24.45,0.0,26.75,26.75,0.0,16.0,16.0,0.0,99.12,99.12,0.0,232.83,232.83,0.0,0.0,0.0,0.0,0.0,0.0,0.0,
495241,CONCORDIA TRANSITIONAL CARE AND REHAB-RIVER POINTE,VIRGINIA BEACH,VA,Virginia Beach City,810,2018Q4,20181031,132,8.0,8.0,0.0,26.8,26.8,0.0,57.49,57.49,0.0,16.0,16.0,0.0,76.46,76.46,0.0,243.83,243.83,0.0,0.0,0.0,0.0,0.0,0.0,0.0,
495241,CONCORDIA TRANSITIONAL CARE AND REHAB-RIVER POINTE,VIRGINIA BEACH,VA,Virginia Beach City,810,2018Q4,20181101,131,8.0,8.0,0.0,24.05,24.05,0.0,36.5,36.5,0.0,16.0,16.0,0.0,97.87,97.87,0.0,212.15,212.15,0.0,0.0,0.0,0.0,0.0,0.0,0.0,
495241,CONCORDIA TRANSITIONAL CARE AND REHAB-RIVER POINTE,VIRGINIA BEACH,VA,Virginia Beach City,810,2018Q4,20181102,128,8.0,8.0,0.0,20.72,20.72,0.0,20.86,20.86,0.0,16.0,16.0,0.0,110.69,110.69,0.0,214.4,214.4,0.0,0.0,0.0,0.0,0.0,0.0,0.0,
495241,CONCORDIA TRANSITIONAL CARE AND REHAB-RIVER POINTE,VIRGINIA BEACH,VA,Virginia Beach City,810,2018Q4,20181103,126,0.0,0.0,0.0,0.0,0.0,0.0,35.37,35.37,0.0,0.0,0.0,0.0,75.97,75.97,0.0,252.56,252.56,0.0,0.0,0.0,0.0,0.0,0.0,0.0,
495241,CONCORDIA TRANSITIONAL CARE AND REHAB-RIVER POINTE,VIRGINIA BEACH,VA,Virginia Beach City,810,2018Q4,20181104,126,0.0,0.0,0.0,0.0,0.0,0.0,44.43,44.43,0.0,0.0,0.0,0.0,76.28,76.28,0.0,239.51,239.51,0.0,0.0,0.0,0.0,0.0,0.0,0.0,
495241,CONCORDIA TRANSITIONAL CARE AND REHAB-RIVER POINTE,VIRGINIA BEACH,VA,Virginia Beach City,810,2018Q4,20181105,128,8.0,8.0,0.0,16.0,16.0,0.0,31.44,31.44,0.0,16.0,16.0,0.0,116.72,116.72,0.0,215.37,215.37,0.0,0.0,0.0,0.0,0.0,0.0,0.0,
495241,CONCORDIA TRANSITIONAL CARE AND REHAB-RIVER POINTE,VIRGINIA BEACH,VA,Virginia Beach City,810,2018Q4,20181106,130,8.0,8.0,0.0,16.0,16.0,0.0,10.33,10.33,0.0,16.0,16.0,0.0,130.1,130.1,0.0,240.88,240.88,0.0,0.0,0.0,0.0,0.0,0.0,0.0,
495241,CONCORDIA TRANSITIONAL CARE AND REHAB-RIVER POINTE,VIRGINIA BEACH,VA,Virginia Beach City,810,2018Q4,20181107,132,8.0,8.0,0.0,16.0,16.0,0.0,46.28,46.28,0.0,16.0,16.0,0.0,113.61,113.61,0.0,260.0,260.0,0.0,0.0,0.0,0.0,0.0,0.0,0.0,
495241,CONCORDIA TRANSITIONAL CARE AND REHAB-RIVER POINTE,VIRGINIA BEACH,VA,Virginia Beach City,810,2018Q4,20181108,133,8.0,8.0,0.0,16.0,16.0,0.0,46.33,46.33,0.0,16.0,16.0,0.0,112.14,112.14,0.0,266.48,266.48,0.0,0.0,0.0,0.0,0.0,0.0,0.0,
495241,CONCORDIA TRANSITIONAL CARE AND REHAB-RIVER POINTE,VIRGINIA BEACH,VA,Virginia Beach City,810,2018Q4,20181109,133,8.0,8.0,0.0,26.55,26.55,0.0,26.26,26.26,0.0,16.0,16.0,0.0,113.7,113.7,0.0,249.49,249.49,0.0,0.0,0.0,0.0,0.0,0.0,0.0,
495241,CONCORDIA TRANSITIONAL CARE AND REHAB-RIVER POINTE,VIRGINIA BEACH,VA,Virginia Beach City,810,2018Q4,20181110,134,0.0,0.0,0.0,0.0,0.0,0.0,38.81,38.81,0.0,0.0,0.0,0.0,106.81,106.81,0.0,218.16,218.16,0.0,0.0,0.0,0.0,0.0,0.0,0.0,
495241,CONCORDIA TRANSITIONAL CARE AND REHAB-RIVER POINTE,VIRGINIA BEACH,VA,Virginia Beach City,810,2018Q4,20181111,134,0.0,0.0,0.0,0.0,0.0,0.0,27.5,27.5,0.0,0.0,0.0,0.0,93.7,93.7,0.0,199.09,199.09,0.0,0.0,0.0,0.0,0.0,0.0,0.0,
495241,CONCORDIA TRANSITIONAL CARE AND REHAB-RIVER POINTE,VIRGINIA BEACH,VA,Virginia Beach City,810,2018Q4,20181112,134,8.0,8.0,0.0,27.65,27.65,0.0,27.25,27.25,0.0,16.0,16.0,0.0,114.33,114.33,0.0,220.03,220.03,0.0,0.0,0.0,0.0,0.0,0.0,0.0,
495241,CONCORDIA TRANSITIONAL CARE AND REHAB-RIVER POINTE,VIRGINIA BEACH,VA,Virginia Beach City,810,2018Q4,20181113,134,8.0,8.0,0.0,25.76,25.76,0.0,19.5,19.5,0.0,16.0,16.0,0.0,118.76,118.76,0.0,263.27,263.27,0.0,0.0,0.0,0.0,0.0,0.0,0.0,
495241,CONCORDIA TRANSITIONAL CARE AND REHAB-RIVER POINTE,VIRGINIA BEACH,VA,Virginia Beach City,810,2018Q4,20181114,134,8.0,8.0,0.0,26.03,26.03,0.0,36.77,36.77,0.0,16.0,16.0,0.0,109.71,109.71,0.0,236.05,236.05,0.0,0.0,0.0,0.0,0.0,0.0,0.0,
495241,CONCORDIA TRANSITIONAL CARE AND REHAB-RIVER POINTE,VIRGINIA BEACH,VA,Virginia Beach City,810,2018Q4,20181115,134,8.0,8.0,0.0,27.58,27.58,0.0,27.3,27.3,0.0,16.0,16.0,0.0,115.53,115.53,0.0,217.7,217.7,0.0,0.0,0.0,0.0,0.0,0.0,0.0,
495241,CONCORDIA TRANSITIONAL CARE AND REHAB-RIVER POINTE,VIRGINIA BEACH,VA,Virginia Beach City,810,2018Q4,20181116,135,8.0,8.0,0.0,28.85,28.85,0.0,33.76,33.76,0.0,16.0,16.0,0.0,111.96,111.96,0.0,226.37,226.37,0.0,0.0,0.0,0.0,0.0,0.0,0.0,
495241,CONCORDIA TRANSITIONAL CARE AND REHAB-RIVER POINTE,VIRGINIA BEACH,VA,Virginia Beach City,810,2018Q4,20181117,134,0.0,0.0,0.0,0.0,0.0,0.0,36.5,36.5,0.0,0.0,0.0,0.0,93.25,93.25,0.0,223.33,223.33,0.0,0.0,0.0,0.0,0.0,0.0,0.0,
495241,CONCORDIA TRANSITIONAL CARE AND REHAB-RIVER POINTE,VIRGINIA BEACH,VA,Virginia Beach City,810,2018Q4,20181118,135,0.0,0.0,0.0,0.0,0.0,0.0,35.15,35.15,0.0,0.0,0.0,0.0,95.19,95.19,0.0,207.31,207.31,0.0,0.0,0.0,0.0,0.0,0.0,0.0,
495241,CONCORDIA TRANSITIONAL CARE AND REHAB-RIVER POINTE,VIRGINIA BEACH,VA,Virginia Beach City,810,2018Q4,20181119,134,8.0,8.0,0.0,25.65,25.65,0.0,17.02,17.02,0.0,16.0,16.0,0.0,123.11,123.11,0.0,225.33,225.33,0.0,0.0,0.0,0.0,0.0,0.0,0.0,
495241,CONCORDIA TRANSITIONAL CARE AND REHAB-RIVER POINTE,VIRGINIA BEACH,VA,Virginia Beach City,810,2018Q4,20181120,137,8.0,8.0,0.0,25.83,25.83,0.0,18.05,18.05,0.0,16.0,16.0,0.0,112.6,112.6,0.0,197.06,197.06,0.0,0.0,0.0,0.0,0.0,0.0,0.0,
495241,CONCORDIA TRANSITIONAL CARE AND REHAB-RIVER POINTE,VIRGINIA BEACH,VA,Virginia Beach City,810,2018Q4,20181121,138,8.0,8.0,0.0,27.35,27.35,0.0,36.4,36.4,0.0,16.0,16.0,0.0,118.77,118.77,0.0,214.25,214.25,0.0,0.0,0.0,0.0,0.0,0.0,0.0,
495241,CONCORDIA TRANSITIONAL CARE AND REHAB-RIVER POINTE,VIRGINIA BEACH,VA,Virginia Beach City,810,2018Q4,20181122,138,0.0,0.0,0.0,0.0,0.0,0.0,27.17,27.17,0.0,0.0,0.0,0.0,98.2,98.2,0.0,222.69,222.69,0.0,0.0,0.0,0.0,0.0,0.0,0.0,
495241,CONCORDIA TRANSITIONAL CARE AND REHAB-RIVER POINTE,VIRGINIA BEACH,VA,Virginia Beach City,810,2018Q4,20181123,136,8.0,8.0,0.0,25.1,25.1,0.0,25.97,25.97,0.0,16.0,16.0,0.0,93.18,93.18,0.0,186.98,186.98,0.0,0.0,0.0,0.0,0.0,0.0,0.0,
495241,CONCORDIA TRANSITIONAL CARE AND REHAB-RIVER POINTE,VIRGINIA BEACH,VA,Virginia Beach City,810,2018Q4,20181124,135,0.0,0.0,0.0,0.0,0.0,0.0,30.27,30.27,0.0,0.0,0.0,0.0,106.65,106.65,0.0,210.97,210.97,0.0,0.0,0.0,0.0,0.0,0.0,0.0,
495241,CONCORDIA TRANSITIONAL CARE AND REHAB-RIVER POINTE,VIRGINIA BEACH,VA,Virginia Beach City,810,2018Q4,20181125,135,0.0,0.0,0.0,0.0,0.0,0.0,39.18,39.18,0.0,0.0,0.0,0.0,106.98,106.98,0.0,178.66,178.66,0.0,0.0,0.0,0.0,0.0,0.0,0.0,
495241,CONCORDIA TRANSITIONAL CARE AND REHAB-RIVER POINTE,VIRGINIA BEACH,VA,Virginia Beach City,810,2018Q4,20181126,132,8.0,8.0,0.0,28.15,28.15,0.0,18.93,18.93,0.0,16.0,16.0,0.0,133.27,133.27,0.0,215.31,215.31,0.0,0.0,0.0,0.0,0.0,0.0,0.0,
495241,CONCORDIA TRANSITIONAL CARE AND REHAB-RIVER POINTE,VIRGINIA BEACH,VA,Virginia Beach City,810,2018Q4,20181127,132,8.0,8.0,0.0,27.9,27.9,0.0,17.19,17.19,0.0,16.0,16.0,0.0,128.15,128.15,0.0,272.01,272.01,0.0,0.0,0.0,0.0,0.0,0.0,0.0,
495241,CONCORDIA TRANSITIONAL CARE AND REHAB-RIVER POINTE,VIRGINIA BEACH,VA,Virginia Beach City,810,2018Q4,20181128,134,8.0,8.0,0.0,27.53,27.53,0.0,36.84,36.84,0.0,16.0,16.0,0.0,125.43,125.43,0.0,260.3,260.3,0.0,0.0,0.0,0.0,0.0,0.0,0.0,
495241,CONCORDIA TRANSITIONAL CARE AND REHAB-RIVER POINTE,VIRGINIA BEACH,VA,Virginia Beach City,810,2018Q4,20181129,134,8.0,8.0,0.0,27.1,27.1,0.0,32.23,32.23,0.0,8.0,8.0,0.0,126.17,126.17,0.0,207.34,207.34,0.0,0.0,0.0,0.0,0.0,0.0,0.0,
495241,CONCORDIA TRANSITIONAL CARE AND REHAB-RIVER POINTE,VIRGINIA BEACH,VA,Virginia Beach City,810,2018Q4,20181130,134,8.0,8.0,0.0,25.23,25.23,0.0,22.01,22.01,0.0,16.0,16.0,0.0,128.95,128.95,0.0,211.0,211.0,0.0,0.0,0.0,0.0,0.0,0.0,0.0,
495241,CONCORDIA TRANSITIONAL CARE AND REHAB-RIVER POINTE,VIRGINIA BEACH,VA,Virginia Beach City,810,2018Q4,20181201,134,0.0,0.0,0.0,0.0,0.0,0.0,25.72,25.72,0.0,0.0,0.0,0.0,110.59,110.59,0.0,249.68,249.68,0.0,0.0,0.0,0.0,0.0,0.0,0.0,
495241,CONCORDIA TRANSITIONAL CARE AND REHAB-RIVER POINTE,VIRGINIA BEACH,VA,Virginia Beach City,810,2018Q4,20181202,133,0.0,0.0,0.0,0.0,0.0,0.0,26.58,26.58,0.0,0.0,0.0,0.0,96.62,96.62,0.0,228.94,228.94,0.0,0.0,0.0,0.0,0.0,0.0,0.0,
495241,CONCORDIA TRANSITIONAL CARE AND REHAB-RIVER POINTE,VIRGINIA BEACH,VA,Virginia Beach City,810,2018Q4,20181203,134,8.0,8.0,0.0,26.32,26.32,0.0,16.77,16.77,0.0,16.0,16.0,0.0,134.02,134.02,0.0,211.4,211.4,0.0,0.0,0.0,0.0,0.0,0.0,0.0,
495241,CONCORDIA TRANSITIONAL CARE AND REHAB-RIVER POINTE,VIRGINIA BEACH,VA,Virginia Beach City,810,2018Q4,20181204,137,8.0,8.0,0.0,25.75,25.75,0.0,19.18,19.18,0.0,16.0,16.0,0.0,121.25,121.25,0.0,218.83,218.83,0.0,0.0,0.0,0.0,0.0,0.0,0.0,
495241,CONCORDIA TRANSITIONAL CARE AND REHAB-RIVER POINTE,VIRGINIA BEACH,VA,Virginia Beach City,810,2018Q4,20181205,136,8.0,8.0,0.0,18.73,18.73,0.0,29.7,29.7,0.0,16.0,16.0,0.0,134.29,134.29,0.0,246.2,246.2,0.0,0.0,0.0,0.0,0.0,0.0,0.0,
495241,CONCORDIA TRANSITIONAL CARE AND REHAB-RIVER POINTE,VIRGINIA BEACH,VA,Virginia Beach City,810,2018Q4,20181206,137,8.0,8.0,0.0,21.1,21.1,0.0,38.62,38.62,0.0,16.0,16.0,0.0,118.68,118.68,0.0,252.68,252.68,0.0,0.0,0.0,0.0,0.0,0.0,0.0,
495241,CONCORDIA TRANSITIONAL CARE AND REHAB-RIVER POINTE,VIRGINIA BEACH,VA,Virginia Beach City,810,2018Q4,20181207,135,8.0,8.0,0.0,16.0,16.0,0.0,18.38,18.38,0.0,16.0,16.0,0.0,133.88,133.88,0.0,229.21,229.21,0.0,0.0,0.0,0.0,0.0,0.0,0.0,
495241,CONCORDIA TRANSITIONAL CARE AND REHAB-RIVER POINTE,VIRGINIA BEACH,VA,Virginia Beach City,810,2018Q4,20181208,134,0.0,0.0,0.0,0.0,0.0,0.0,30.31,30.31,0.0,0.0,0.0,0.0,111.12,111.12,0.0,217.34,217.34,0.0,0.0,0.0,0.0,0.0,0.0,0.0,
495241,CONCORDIA TRANSITIONAL CARE AND REHAB-RIVER POINTE,VIRGINIA BEACH,VA,Virginia Beach City,810,2018Q4,20181209,134,0.0,0.0,0.0,0.0,0.0,0.0,16.57,16.57,0.0,0.0,0.0,0.0,114.09,114.09,0.0,210.81,210.81,0.0,0.0,0.0,0.0,0.0,0.0,0.0,
495241,CONCORDIA TRANSITIONAL CARE AND REHAB-RIVER POINTE,VIRGINIA BEACH,VA,Virginia Beach City,810,2018Q4,20181210,132,8.0,8.0,0.0,16.0,16.0,0.0,27.27,27.27,0.0,16.0,16.0,0.0,116.73,116.73,0.0,220.28,220.28,0.0,0.0,0.0,0.0,0.0,0.0,0.0,
495241,CONCORDIA TRANSITIONAL CARE AND REHAB-RIVER POINTE,VIRGINIA BEACH,VA,Virginia Beach City,810,2018Q4,20181211,134,8.0,8.0,0.0,16.0,16.0,0.0,10.37,10.37,0.0,16.0,16.0,0.0,118.68,118.68,0.0,242.64,242.64,0.0,0.0,0.0,0.0,0.0,0.0,0.0,
495241,CONCORDIA TRANSITIONAL CARE AND REHAB-RIVER POINTE,VIRGINIA BEACH,VA,Virginia Beach City,810,2018Q4,20181212,133,8.0,8.0,0.0,16.0,16.0,0.0,38.41,38.41,0.0,16.0,16.0,0.0,99.87,99.87,0.0,244.64,244.64,0.0,0.0,0.0,0.0,0.0,0.0,0.0,
495241,CONCORDIA TRANSITIONAL CARE AND REHAB-RIVER POINTE,VIRGINIA BEACH,VA,Virginia Beach City,810,2018Q4,20181213,131,8.0,8.0,0.0,16.0,16.0,0.0,33.23,33.23,0.0,16.0,16.0,0.0,109.48,109.48,0.0,228.12,228.12,0.0,0.0,0.0,0.0,0.0,0.0,0.0,
495241,CONCORDIA TRANSITIONAL CARE AND REHAB-RIVER POINTE,VIRGINIA BEACH,VA,Virginia Beach City,810,2018Q4,20181214,131,8.0,8.0,0.0,16.0,16.0,0.0,19.43,19.43,0.0,16.0,16.0,0.0,126.78,126.78,0.0,204.75,204.75,0.0,0.0,0.0,0.0,0.0,0.0,0.0,
495241,CONCORDIA TRANSITIONAL CARE AND REHAB-RIVER POINTE,VIRGINIA BEACH,VA,Virginia Beach City,810,2018Q4,20181215,129,0.0,0.0,0.0,0.0,0.0,0.0,35.43,35.43,0.0,0.0,0.0,0.0,102.87,102.87,0.0,246.58,246.58,0.0,0.0,0.0,0.0,0.0,0.0,0.0,
495241,CONCORDIA TRANSITIONAL CARE AND REHAB-RIVER POINTE,VIRGINIA BEACH,VA,Virginia Beach City,810,2018Q4,20181216,128,0.0,0.0,0.0,0.0,0.0,0.0,33.17,33.17,0.0,0.0,0.0,0.0,93.0,93.0,0.0,225.42,225.42,0.0,0.0,0.0,0.0,0.0,0.0,0.0,
495241,CONCORDIA TRANSITIONAL CARE AND REHAB-RIVER POINTE,VIRGINIA BEACH,VA,Virginia Beach City,810,2018Q4,20181217,132,8.0,8.0,0.0,16.0,16.0,0.0,8.42,8.42,0.0,16.0,16.0,0.0,126.36,126.36,0.0,213.53,213.53,0.0,0.0,0.0,0.0,0.0,0.0,0.0,
495241,CONCORDIA TRANSITIONAL CARE AND REHAB-RIVER POINTE,VIRGINIA BEACH,VA,Virginia Beach City,810,2018Q4,20181218,131,8.0,8.0,0.0,16.0,16.0,0.0,20.53,20.53,0.0,16.0,16.0,0.0,114.25,114.25,0.0,226.34,226.34,0.0,0.0,0.0,0.0,0.0,0.0,0.0,
495241,CONCORDIA TRANSITIONAL CARE AND REHAB-RIVER POINTE,VIRGINIA BEACH,VA,Virginia Beach City,810,2018Q4,20181219,128,8.0,8.0,0.0,16.0,16.0,0.0,26.22,26.22,0.0,16.0,16.0,0.0,124.07,124.07,0.0,222.7,222.7,0.0,0.0,0.0,0.0,0.0,0.0,0.0,
495241,CONCORDIA TRANSITIONAL CARE AND REHAB-RIVER POINTE,VIRGINIA BEACH,VA,Virginia Beach City,810,2018Q4,20181220,127,8.0,8.0,0.0,16.0,16.0,0.0,36.15,36.15,0.0,16.0,16.0,0.0,100.71,100.71,0.0,229.46,229.46,0.0,0.0,0.0,0.0,0.0,0.0,0.0,
495241,CONCORDIA TRANSITIONAL CARE AND REHAB-RIVER POINTE,VIRGINIA BEACH,VA,Virginia Beach City,810,2018Q4,20181221,127,8.0,8.0,0.0,18.0,18.0,0.0,17.92,17.92,0.0,16.0,16.0,0.0,125.92,125.92,0.0,207.08,207.08,0.0,0.0,0.0,0.0,0.0,0.0,0.0,
495241,CONCORDIA TRANSITIONAL CARE AND REHAB-RIVER POINTE,VIRGINIA BEACH,VA,Virginia Beach City,810,2018Q4,20181222,126,0.0,0.0,0.0,7.0,7.0,0.0,28.22,28.22,0.0,0.0,0.0,0.0,99.85,99.85,0.0,214.25,214.25,0.0,0.0,0.0,0.0,0.0,0.0,0.0,
495241,CONCORDIA TRANSITIONAL CARE AND REHAB-RIVER POINTE,VIRGINIA BEACH,VA,Virginia Beach City,810,2018Q4,20181223,127,0.0,0.0,0.0,4.0,4.0,0.0,24.89,24.89,0.0,0.0,0.0,0.0,113.86,113.86,0.0,202.53,202.53,0.0,0.0,0.0,0.0,0.0,0.0,0.0,
495241,CONCORDIA TRANSITIONAL CARE AND REHAB-RIVER POINTE,VIRGINIA BEACH,VA,Virginia Beach City,810,2018Q4,20181224,129,8.0,8.0,0.0,18.0,18.0,0.0,25.45,25.45,0.0,8.0,8.0,0.0,108.66,108.66,0.0,210.7,210.7,0.0,0.0,0.0,0.0,0.0,0.0,0.0,
495241,CONCORDIA TRANSITIONAL CARE AND REHAB-RIVER POINTE,VIRGINIA BEACH,VA,Virginia Beach City,810,2018Q4,20181225,130,0.0,0.0,0.0,2.0,2.0,0.0,9.98,9.98,0.0,0.0,0.0,0.0,106.27,106.27,0.0,200.31,200.31,0.0,0.0,0.0,0.0,0.0,0.0,0.0,
495241,CONCORDIA TRANSITIONAL CARE AND REHAB-RIVER POINTE,VIRGINIA BEACH,VA,Virginia Beach City,810,2018Q4,20181226,129,8.0,8.0,0.0,18.0,18.0,0.0,38.11,38.11,0.0,8.0,8.0,0.0,106.66,106.66,0.0,217.24,217.24,0.0,0.0,0.0,0.0,0.0,0.0,0.0,
495241,CONCORDIA TRANSITIONAL CARE AND REHAB-RIVER POINTE,VIRGINIA BEACH,VA,Virginia Beach City,810,2018Q4,20181227,129,8.0,8.0,0.0,19.0,19.0,0.0,17.14,17.14,0.0,8.0,8.0,0.0,115.51,115.51,0.0,218.76,218.76,0.0,0.0,0.0,0.0,0.0,0.0,0.0,
495241,CONCORDIA TRANSITIONAL CARE AND REHAB-RIVER POINTE,VIRGINIA BEACH,VA,Virginia Beach City,810,2018Q4,20181228,129,8.0,8.0,0.0,16.0,16.0,0.0,10.17,10.17,0.0,8.0,8.0,0.0,117.44,117.44,0.0,225.0,225.0,0.0,0.0,0.0,0.0,0.0,0.0,0.0,
495241,CONCORDIA TRANSITIONAL CARE AND REHAB-RIVER POINTE,VIRGINIA BEACH,VA,Virginia Beach City,810,2018Q4,20181229,130,0.0,0.0,0.0,0.0,0.0,0.0,16.32,16.32,0.0,0.0,0.0,0.0,103.8,103.8,0.0,217.59,217.59,0.0,0.0,0.0,0.0,0.0,0.0,0.0,
495241,CONCORDIA TRANSITIONAL CARE AND REHAB-RIVER POINTE,VIRGINIA BEACH,VA,Virginia Beach City,810,2018Q4,20181230,130,0.0,0.0,0.0,0.0,0.0,0.0,13.28,13.28,0.0,0.0,0.0,0.0,119.12,119.12,0.0,219.41,219.41,0.0,0.0,0.0,0.0,0.0,0.0,0.0,
495241,CONCORDIA TRANSITIONAL CARE AND REHAB-RIVER POINTE,VIRGINIA BEACH,VA,Virginia Beach City,810,2018Q4,20181231,132,8.0,8.0,0.0,16.0,16.0,0.0,8.2,8.2,0.0,16.0,16.0,0.0,128.36,128.36,0.0,208.97,208.97,0.0,0.0,0.0,0.0,0.0,0.0,0.0,
495241,CONCORDIA TRANSITIONAL CARE AND REHAB-RIVER POINTE,VIRGINIA BEACH,VA,Virginia Beach City,810,2019Q1,20190101,131,0.0,0.0,0.0,2.0,2.0,0.0,1.22,1.22,0.0,0.0,0.0,0.0,118.16,118.16,0.0,221.06,221.06,0.0,0.0,0.0,0.0,0.0,0.0,0.0,
495241,CONCORDIA TRANSITIONAL CARE AND REHAB-RIVER POINTE,VIRGINIA BEACH,VA,Virginia Beach City,810,2019Q1,20190102,130,8.0,8.0,0.0,18.5,18.5,0.0,32.37,32.37,0.0,8.0,8.0,0.0,125.81,125.81,0.0,269.75,269.75,0.0,0.0,0.0,0.0,0.0,0.0,0.0,
495241,CONCORDIA TRANSITIONAL CARE AND REHAB-RIVER POINTE,VIRGINIA BEACH,VA,Virginia Beach City,810,2019Q1,20190103,129,8.0,8.0,0.0,26.0,26.0,0.0,32.41,32.41,0.0,8.0,8.0,0.0,125.72,125.72,0.0,237.34,237.34,0.0,0.0,0.0,0.0,0.0,0.0,0.0,
495241,CONCORDIA TRANSITIONAL CARE AND REHAB-RIVER POINTE,VIRGINIA BEACH,VA,Virginia Beach City,810,2019Q1,20190104,132,8.0,8.0,0.0,24.0,24.0,0.0,8.58,8.58,0.0,8.0,8.0,0.0,127.79,127.79,0.0,225.01,225.01,0.0,0.0,0.0,0.0,0.0,0.0,0.0,
495241,CONCORDIA TRANSITIONAL CARE AND REHAB-RIVER POINTE,VIRGINIA BEACH,VA,Virginia Beach City,810,2019Q1,20190105,132,0.0,0.0,0.0,5.75,5.75,0.0,25.86,25.86,0.0,0.0,0.0,0.0,94.94,94.94,0.0,239.4,239.4,0.0,0.0,0.0,0.0,0.0,0.0,0.0,
495241,CONCORDIA TRANSITIONAL CARE AND REHAB-RIVER POINTE,VIRGINIA BEACH,VA,Virginia Beach City,810,2019Q1,20190106,132,0.0,0.0,0.0,0.0,0.0,0.0,16.4,16.4,0.0,0.0,0.0,0.0,101.31,101.31,0.0,213.36,213.36,0.0,0.0,0.0,0.0,0.0,0.0,0.0,
495241,CONCORDIA TRANSITIONAL CARE AND REHAB-RIVER POINTE,VIRGINIA BEACH,VA,Virginia Beach City,810,2019Q1,20190107,132,8.0,8.0,0.0,26.0,26.0,0.0,10.23,10.23,0.0,8.0,8.0,0.0,140.64,140.64,0.0,224.89,224.89,0.0,0.0,0.0,0.0,0.0,0.0,0.0,
495241,CONCORDIA TRANSITIONAL CARE AND REHAB-RIVER POINTE,VIRGINIA BEACH,VA,Virginia Beach City,810,2019Q1,20190108,134,8.0,8.0,0.0,26.0,26.0,0.0,9.6,9.6,0.0,8.0,8.0,0.0,132.46,132.46,0.0,223.98,223.98,0.0,0.0,0.0,0.0,0.0,0.0,0.0,
495241,CONCORDIA TRANSITIONAL CARE AND REHAB-RIVER POINTE,VIRGINIA BEACH,VA,Virginia Beach City,810,2019Q1,20190109,135,8.0,8.0,0.0,26.0,26.0,0.0,27.37,27.37,0.0,8.0,8.0,0.0,119.15,119.15,0.0,245.55,245.55,0.0,0.0,0.0,0.0,0.0,0.0,0.0,
495241,CONCORDIA TRANSITIONAL CARE AND REHAB-RIVER POINTE,VIRGINIA BEACH,VA,Virginia Beach City,810,2019Q1,20190110,134,8.0,8.0,0.0,24.0,24.0,0.0,17.12,17.12,0.0,8.0,8.0,0.0,141.61,141.61,0.0,252.33,252.33,0.0,0.0,0.0,0.0,0.0,0.0,0.0,
495241,CONCORDIA TRANSITIONAL CARE AND REHAB-RIVER POINTE,VIRGINIA BEACH,VA,Virginia Beach City,810,2019Q1,20190111,133,8.0,8.0,0.0,24.0,24.0,0.0,22.88,22.88,0.0,8.0,8.0,0.0,137.37,137.37,0.0,173.85,173.85,0.0,0.0,0.0,0.0,0.0,0.0,0.0,
495241,CONCORDIA TRANSITIONAL CARE AND REHAB-RIVER POINTE,VIRGINIA BEACH,VA,Virginia Beach City,810,2019Q1,20190112,132,0.0,0.0,0.0,5.08,5.08,0.0,19.52,19.52,0.0,0.0,0.0,0.0,113.81,113.81,0.0,243.46,243.46,0.0,0.0,0.0,0.0,0.0,0.0,0.0,
495241,CONCORDIA TRANSITIONAL CARE AND REHAB-RIVER POINTE,VIRGINIA BEACH,VA,Virginia Beach City,810,2019Q1,20190113,131,0.0,0.0,0.0,0.0,0.0,0.0,20.47,20.47,0.0,0.0,0.0,0.0,99.23,99.23,0.0,210.55,210.55,0.0,0.0,0.0,0.0,0.0,0.0,0.0,
495241,CONCORDIA TRANSITIONAL CARE AND REHAB-RIVER POINTE,VIRGINIA BEACH,VA,Virginia Beach City,810,2019Q1,20190114,130,8.0,8.0,0.0,16.0,16.0,0.0,11.38,11.38,0.0,8.0,8.0,0.0,121.8,121.8,0.0,242.18,242.18,0.0,0.0,0.0,0.0,0.0,0.0,0.0,
495241,CONCORDIA TRANSITIONAL CARE AND REHAB-RIVER POINTE,VIRGINIA BEACH,VA,Virginia Beach City,810,2019Q1,20190115,131,8.0,8.0,0.0,16.0,16.0,0.0,16.74,16.74,0.0,8.0,8.0,0.0,126.84,126.84,0.0,192.27,192.27,0.0,0.0,0.0,0.0,0.0,0.0,0.0,
495241,CONCORDIA TRANSITIONAL CARE AND REHAB-RIVER POINTE,VIRGINIA BEACH,VA,Virginia Beach City,810,2019Q1,20190116,131,8.0,8.0,0.0,16.0,16.0,0.0,27.48,27.48,0.0,8.0,8.0,0.0,136.18,136.18,0.0,237.51,237.51,0.0,0.0,0.0,0.0,0.0,0.0,0.0,
495241,CONCORDIA TRANSITIONAL CARE AND REHAB-RIVER POINTE,VIRGINIA BEACH,VA,Virginia Beach City,810,2019Q1,20190117,130,8.0,8.0,0.0,24.0,24.0,0.0,27.13,27.13,0.0,8.0,8.0,0.0,120.56,120.56,0.0,228.85,228.85,0.0,0.0,0.0,0.0,0.0,0.0,0.0,
495241,CONCORDIA TRANSITIONAL CARE AND REHAB-RIVER POINTE,VIRGINIA BEACH,VA,Virginia Beach City,810,2019Q1,20190118,128,8.0,8.0,0.0,24.0,24.0,0.0,9.34,9.34,0.0,8.0,8.0,0.0,134.85,134.85,0.0,241.46,241.46,0.0,0.0,0.0,0.0,0.0,0.0,0.0,
495241,CONCORDIA TRANSITIONAL CARE AND REHAB-RIVER POINTE,VIRGINIA BEACH,VA,Virginia Beach City,810,2019Q1,20190119,131,0.0,0.0,0.0,0.0,0.0,0.0,23.57,23.57,0.0,0.0,0.0,0.0,104.32,104.32,0.0,188.67,188.67,0.0,0.0,0.0,0.0,0.0,0.0,0.0,
495241,CONCORDIA TRANSITIONAL CARE AND REHAB-RIVER POINTE,VIRGINIA BEACH,VA,Virginia Beach City,810,2019Q1,20190120,128,0.0,0.0,0.0,0.0,0.0,0.0,24.02,24.02,0.0,0.0,0.0,0.0,107.02,107.02,0.0,175.84,175.84,0.0,0.0,0.0,0.0,0.0,0.0,0.0,
495241,CONCORDIA TRANSITIONAL CARE AND REHAB-RIVER POINTE,VIRGINIA BEACH,VA,Virginia Beach City,810,2019Q1,20190121,127,8.0,8.0,0.0,24.0,24.0,0.0,15.0,15.0,0.0,8.0,8.0,0.0,129.97,129.97,0.0,232.42,232.42,0.0,0.0,0.0,0.0,0.0,0.0,0.0,
495241,CONCORDIA TRANSITIONAL CARE AND REHAB-RIVER POINTE,VIRGINIA BEACH,VA,Virginia Beach City,810,2019Q1,20190122,125,8.0,8.0,0.0,24.0,24.0,0.0,8.9,8.9,0.0,8.0,8.0,0.0,142.55,142.55,0.0,228.6,228.6,0.0,0.0,0.0,0.0,0.0,0.0,0.0,
495241,CONCORDIA TRANSITIONAL CARE AND REHAB-RIVER POINTE,VIRGINIA BEACH,VA,Virginia Beach City,810,2019Q1,20190123,125,8.0,8.0,0.0,24.0,24.0,0.0,29.25,29.25,0.0,8.0,8.0,0.0,126.03,126.03,0.0,235.3,235.3,0.0,0.0,0.0,0.0,0.0,0.0,0.0,
495241,CONCORDIA TRANSITIONAL CARE AND REHAB-RIVER POINTE,VIRGINIA BEACH,VA,Virginia Beach City,810,2019Q1,20190124,126,8.0,8.0,0.0,24.0,24.0,0.0,21.92,21.92,0.0,8.0,8.0,0.0,140.41,140.41,0.0,278.98,278.98,0.0,0.0,0.0,0.0,0.0,0.0,0.0,
495241,CONCORDIA TRANSITIONAL CARE AND REHAB-RIVER POINTE,VIRGINIA BEACH,VA,Virginia Beach City,810,2019Q1,20190125,125,8.0,8.0,0.0,24.0,24.0,0.0,18.93,18.93,0.0,8.0,8.0,0.0,153.38,153.38,0.0,239.6,239.6,0.0,0.0,0.0,0.0,0.0,0.0,0.0,
495241,CONCORDIA TRANSITIONAL CARE AND REHAB-RIVER POINTE,VIRGINIA BEACH,VA,Virginia Beach City,810,2019Q1,20190126,124,0.0,0.0,0.0,0.0,0.0,0.0,17.1,17.1,0.0,0.0,0.0,0.0,126.05,126.05,0.0,225.84,225.84,0.0,0.0,0.0,0.0,0.0,0.0,0.0,
495241,CONCORDIA TRANSITIONAL CARE AND REHAB-RIVER POINTE,VIRGINIA BEACH,VA,Virginia Beach City,810,2019Q1,20190127,122,0.0,0.0,0.0,0.0,0.0,0.0,16.89,16.89,0.0,0.0,0.0,0.0,125.15,125.15,0.0,232.12,232.12,0.0,0.0,0.0,0.0,0.0,0.0,0.0,
495241,CONCORDIA TRANSITIONAL CARE AND REHAB-RIVER POINTE,VIRGINIA BEACH,VA,Virginia Beach City,810,2019Q1,20190128,122,8.0,8.0,0.0,24.0,24.0,0.0,8.29,8.29,0.0,8.0,8.0,0.0,132.95,132.95,0.0,257.63,257.63,0.0,0.0,0.0,0.0,0.0,0.0,0.0,
495241,CONCORDIA TRANSITIONAL CARE AND REHAB-RIVER POINTE,VIRGINIA BEACH,VA,Virginia Beach City,810,2019Q1,20190129,121,8.0,8.0,0.0,24.0,24.0,0.0,18.06,18.06,0.0,8.0,8.0,0.0,142.71,142.71,0.0,259.54,259.54,0.0,0.0,0.0,0.0,0.0,0.0,0.0,
495241,CONCORDIA TRANSITIONAL CARE AND REHAB-RIVER POINTE,VIRGINIA BEACH,VA,Virginia Beach City,810,2019Q1,20190130,120,8.0,8.0,0.0,24.0,24.0,0.0,27.25,27.25,0.0,8.0,8.0,0.0,135.83,135.83,0.0,254.44,254.44,0.0,0.0,0.0,0.0,0.0,0.0,0.0,
495241,CONCORDIA TRANSITIONAL CARE AND REHAB-RIVER POINTE,VIRGINIA BEACH,VA,Virginia Beach City,810,2019Q1,20190131,120,8.0,8.0,0.0,24.0,24.0,0.0,32.13,32.13,0.0,8.0,8.0,0.0,130.11,130.11,0.0,258.15,258.15,0.0,0.0,0.0,0.0,0.0,0.0,0.0,
495241,CONCORDIA TRANSITIONAL CARE AND REHAB-RIVER POINTE,VIRGINIA BEACH,VA,Virginia Beach City,810,2019Q1,20190201,120,8.0,8.0,0.0,32.0,32.0,0.0,16.33,16.33,0.0,8.0,8.0,0.0,133.29,133.29,0.0,257.62,257.62,0.0,0.0,0.0,0.0,0.0,0.0,0.0,
495241,CONCORDIA TRANSITIONAL CARE AND REHAB-RIVER POINTE,VIRGINIA BEACH,VA,Virginia Beach City,810,2019Q1,20190202,119,0.0,0.0,0.0,8.5,8.5,0.0,27.56,27.56,0.0,0.0,0.0,0.0,89.98,89.98,0.0,249.12,249.12,0.0,0.0,0.0,0.0,0.0,0.0,0.0,
495241,CONCORDIA TRANSITIONAL CARE AND REHAB-RIVER POINTE,VIRGINIA BEACH,VA,Virginia Beach City,810,2019Q1,20190203,118,0.0,0.0,0.0,0.0,0.0,0.0,16.95,16.95,0.0,0.0,0.0,0.0,97.77,97.77,0.0,214.14,214.14,0.0,0.0,0.0,0.0,0.0,0.0,0.0,
495241,CONCORDIA TRANSITIONAL CARE AND REHAB-RIVER POINTE,VIRGINIA BEACH,VA,Virginia Beach City,810,2019Q1,20190204,119,8.0,8.0,0.0,24.0,24.0,0.0,8.75,8.75,0.0,8.0,8.0,0.0,146.95,146.95,0.0,233.01,233.01,0.0,0.0,0.0,0.0,0.0,0.0,0.0,
495241,CONCORDIA TRANSITIONAL CARE AND REHAB-RIVER POINTE,VIRGINIA BEACH,VA,Virginia Beach City,810,2019Q1,20190205,122,8.0,8.0,0.0,32.0,32.0,0.0,1.07,1.07,0.0,8.0,8.0,0.0,147.15,147.15,0.0,255.8,255.8,0.0,0.0,0.0,0.0,0.0,0.0,0.0,
495241,CONCORDIA TRANSITIONAL CARE AND REHAB-RIVER POINTE,VIRGINIA BEACH,VA,Virginia Beach City,810,2019Q1,20190206,121,8.0,8.0,0.0,24.0,24.0,0.0,26.81,26.81,0.0,8.0,8.0,0.0,124.14,124.14,0.0,272.79,272.79,0.0,0.0,0.0,0.0,0.0,0.0,0.0,
495241,CONCORDIA TRANSITIONAL CARE AND REHAB-RIVER POINTE,VIRGINIA BEACH,VA,Virginia Beach City,810,2019Q1,20190207,122,8.0,8.0,0.0,24.0,24.0,0.0,16.56,16.56,0.0,8.0,8.0,0.0,136.21,136.21,0.0,291.53,291.53,0.0,0.0,0.0,0.0,0.0,0.0,0.0,
495241,CONCORDIA TRANSITIONAL CARE AND REHAB-RIVER POINTE,VIRGINIA BEACH,VA,Virginia Beach City,810,2019Q1,20190208,122,8.0,8.0,0.0,24.0,24.0,0.0,29.24,29.24,0.0,8.0,8.0,0.0,132.93,132.93,0.0,258.34,258.34,0.0,0.0,0.0,0.0,0.0,0.0,0.0,
495241,CONCORDIA TRANSITIONAL CARE AND REHAB-RIVER POINTE,VIRGINIA BEACH,VA,Virginia Beach City,810,2019Q1,20190209,123,0.0,0.0,0.0,0.0,0.0,0.0,27.17,27.17,0.0,0.0,0.0,0.0,104.83,104.83,0.0,272.35,272.35,0.0,0.0,0.0,0.0,0.0,0.0,0.0,
495241,CONCORDIA TRANSITIONAL CARE AND REHAB-RIVER POINTE,VIRGINIA BEACH,VA,Virginia Beach City,810,2019Q1,20190210,122,0.0,0.0,0.0,8.0,8.0,0.0,16.72,16.72,0.0,0.0,0.0,0.0,103.5,103.5,0.0,262.41,262.41,0.0,0.0,0.0,0.0,0.0,0.0,0.0,
495241,CONCORDIA TRANSITIONAL CARE AND REHAB-RIVER POINTE,VIRGINIA BEACH,VA,Virginia Beach City,810,2019Q1,20190211,122,8.0,8.0,0.0,24.0,24.0,0.0,7.83,7.83,0.0,8.0,8.0,0.0,124.52,124.52,0.0,279.79,279.79,0.0,0.0,0.0,0.0,0.0,0.0,0.0,
495241,CONCORDIA TRANSITIONAL CARE AND REHAB-RIVER POINTE,VIRGINIA BEACH,VA,Virginia Beach City,810,2019Q1,20190212,124,8.0,8.0,0.0,24.0,24.0,0.0,11.95,11.95,0.0,8.0,8.0,0.0,126.26,126.26,0.0,257.15,257.15,0.0,0.0,0.0,0.0,0.0,0.0,0.0,
495241,CONCORDIA TRANSITIONAL CARE AND REHAB-RIVER POINTE,VIRGINIA BEACH,VA,Virginia Beach City,810,2019Q1,20190213,124,8.0,8.0,0.0,24.0,24.0,0.0,34.76,34.76,0.0,8.0,8.0,0.0,133.37,133.37,0.0,244.13,244.13,0.0,0.0,0.0,0.0,0.0,0.0,0.0,
495241,CONCORDIA TRANSITIONAL CARE AND REHAB-RIVER POINTE,VIRGINIA BEACH,VA,Virginia Beach City,810,2019Q1,20190214,125,8.0,8.0,0.0,24.0,24.0,0.0,26.17,26.17,0.0,8.0,8.0,0.0,123.49,123.49,0.0,254.56,254.56,0.0,0.0,0.0,0.0,0.0,0.0,0.0,
495241,CONCORDIA TRANSITIONAL CARE AND REHAB-RIVER POINTE,VIRGINIA BEACH,VA,Virginia Beach City,810,2019Q1,20190215,126,8.0,8.0,0.0,24.0,24.0,0.0,9.8,9.8,0.0,8.0,8.0,0.0,131.69,131.69,0.0,214.03,214.03,0.0,0.0,0.0,0.0,0.0,0.0,0.0,
495241,CONCORDIA TRANSITIONAL CARE AND REHAB-RIVER POINTE,VIRGINIA BEACH,VA,Virginia Beach City,810,2019Q1,20190216,126,0.0,0.0,0.0,0.0,0.0,0.0,27.19,27.19,0.0,0.0,0.0,0.0,116.78,116.78,0.0,238.59,238.59,0.0,0.0,0.0,0.0,0.0,0.0,0.0,
495241,CONCORDIA TRANSITIONAL CARE AND REHAB-RIVER POINTE,VIRGINIA BEACH,VA,Virginia Beach City,810,2019Q1,20190217,124,0.0,0.0,0.0,0.0,0.0,0.0,23.88,23.88,0.0,0.0,0.0,0.0,99.7,99.7,0.0,211.99,211.99,0.0,0.0,0.0,0.0,0.0,0.0,0.0,
495241,CONCORDIA TRANSITIONAL CARE AND REHAB-RIVER POINTE,VIRGINIA BEACH,VA,Virginia Beach City,810,2019Q1,20190218,124,8.0,8.0,0.0,24.0,24.0,0.0,11.2,11.2,0.0,8.0,8.0,0.0,129.44,129.44,0.0,231.14,231.14,0.0,0.0,0.0,0.0,0.0,0.0,0.0,
495241,CONCORDIA TRANSITIONAL CARE AND REHAB-RIVER POINTE,VIRGINIA BEACH,VA,Virginia Beach City,810,2019Q1,20190219,123,8.0,8.0,0.0,24.0,24.0,0.0,8.86,8.86,0.0,8.0,8.0,0.0,146.46,146.46,0.0,249.33,249.33,0.0,0.0,0.0,0.0,0.0,0.0,0.0,
495241,CONCORDIA TRANSITIONAL CARE AND REHAB-RIVER POINTE,VIRGINIA BEACH,VA,Virginia Beach City,810,2019Q1,20190220,122,8.0,8.0,0.0,32.0,32.0,0.0,26.12,26.12,0.0,8.0,8.0,0.0,125.22,125.22,0.0,282.74,282.74,0.0,0.0,0.0,0.0,0.0,0.0,0.0,
495241,CONCORDIA TRANSITIONAL CARE AND REHAB-RIVER POINTE,VIRGINIA BEACH,VA,Virginia Beach City,810,2019Q1,20190221,122,8.0,8.0,0.0,28.0,28.0,0.0,24.88,24.88,0.0,8.0,8.0,0.0,113.61,113.61,0.0,249.95,249.95,0.0,0.0,0.0,0.0,0.0,0.0,0.0,
495241,CONCORDIA TRANSITIONAL CARE AND REHAB-RIVER POINTE,VIRGINIA BEACH,VA,Virginia Beach City,810,2019Q1,20190222,122,8.0,8.0,0.0,24.0,24.0,0.0,26.01,26.01,0.0,8.0,8.0,0.0,131.56,131.56,0.0,248.41,248.41,0.0,0.0,0.0,0.0,0.0,0.0,0.0,
495241,CONCORDIA TRANSITIONAL CARE AND REHAB-RIVER POINTE,VIRGINIA BEACH,VA,Virginia Beach City,810,2019Q1,20190223,122,0.0,0.0,0.0,3.0,3.0,0.0,25.6,25.6,0.0,0.0,0.0,0.0,109.59,109.59,0.0,259.03,259.03,0.0,0.0,0.0,0.0,0.0,0.0,0.0,
495241,CONCORDIA TRANSITIONAL CARE AND REHAB-RIVER POINTE,VIRGINIA BEACH,VA,Virginia Beach City,810,2019Q1,20190224,120,0.0,0.0,0.0,0.0,0.0,0.0,17.17,17.17,0.0,0.0,0.0,0.0,104.17,104.17,0.0,230.5,230.5,0.0,0.0,0.0,0.0,0.0,0.0,0.0,
495241,CONCORDIA TRANSITIONAL CARE AND REHAB-RIVER POINTE,VIRGINIA BEACH,VA,Virginia Beach City,810,2019Q1,20190225,119,8.0,8.0,0.0,35.0,35.0,0.0,14.56,14.56,0.0,8.0,8.0,0.0,109.32,109.32,0.0,236.82,236.82,0.0,0.0,0.0,0.0,0.0,0.0,0.0,
495241,CONCORDIA TRANSITIONAL CARE AND REHAB-RIVER POINTE,VIRGINIA BEACH,VA,Virginia Beach City,810,2019Q1,20190226,121,8.0,8.0,0.0,30.0,30.0,0.0,9.67,9.67,0.0,8.0,8.0,0.0,130.05,130.05,0.0,244.63,244.63,0.0,0.0,0.0,0.0,0.0,0.0,0.0,
495241,CONCORDIA TRANSITIONAL CARE AND REHAB-RIVER POINTE,VIRGINIA BEACH,VA,Virginia Beach City,810,2019Q1,20190227,122,8.0,8.0,0.0,30.5,30.5,0.0,27.7,27.7,0.0,8.0,8.0,0.0,124.78,124.78,0.0,262.38,262.38,0.0,0.0,0.0,0.0,0.0,0.0,0.0,
495241,CONCORDIA TRANSITIONAL CARE AND REHAB-RIVER POINTE,VIRGINIA BEACH,VA,Virginia Beach City,810,2019Q1,20190228,122,8.0,8.0,0.0,32.5,32.5,0.0,28.91,28.91,0.0,8.0,8.0,0.0,115.07,115.07,0.0,263.47,263.47,0.0,0.0,0.0,0.0,0.0,0.0,0.0,
495241,CONCORDIA TRANSITIONAL CARE AND REHAB-RIVER POINTE,VIRGINIA BEACH,VA,Virginia Beach City,810,2019Q1,20190301,122,8.0,8.0,0.0,24.0,24.0,0.0,16.94,16.94,0.0,8.0,8.0,0.0,131.66,131.66,0.0,254.22,254.22,0.0,0.0,0.0,0.0,0.0,0.0,0.0,
495241,CONCORDIA TRANSITIONAL CARE AND REHAB-RIVER POINTE,VIRGINIA BEACH,VA,Virginia Beach City,810,2019Q1,20190302,120,0.0,0.0,0.0,4.0,4.0,0.0,28.07,28.07,0.0,0.0,0.0,0.0,99.46,99.46,0.0,220.22,220.22,0.0,0.0,0.0,0.0,0.0,0.0,0.0,
495241,CONCORDIA TRANSITIONAL CARE AND REHAB-RIVER POINTE,VIRGINIA BEACH,VA,Virginia Beach City,810,2019Q1,20190303,118,0.0,0.0,0.0,4.0,4.0,0.0,27.61,27.61,0.0,0.0,0.0,0.0,105.86,105.86,0.0,228.98,228.98,0.0,0.0,0.0,0.0,0.0,0.0,0.0,
495241,CONCORDIA TRANSITIONAL CARE AND REHAB-RIVER POINTE,VIRGINIA BEACH,VA,Virginia Beach City,810,2019Q1,20190304,118,8.0,8.0,0.0,27.25,27.25,0.0,20.91,20.91,0.0,8.0,8.0,0.0,125.56,125.56,0.0,266.53,266.53,0.0,0.0,0.0,0.0,0.0,0.0,0.0,
495241,CONCORDIA TRANSITIONAL CARE AND REHAB-RIVER POINTE,VIRGINIA BEACH,VA,Virginia Beach City,810,2019Q1,20190305,119,8.0,8.0,0.0,32.0,32.0,0.0,1.54,1.54,0.0,8.0,8.0,0.0,134.77,134.77,0.0,271.13,271.13,0.0,0.0,0.0,0.0,0.0,0.0,0.0,
495241,CONCORDIA TRANSITIONAL CARE AND REHAB-RIVER POINTE,VIRGINIA BEACH,VA,Virginia Beach City,810,2019Q1,20190306,119,8.0,8.0,0.0,26.0,26.0,0.0,29.62,29.62,0.0,8.0,8.0,0.0,125.1,125.1,0.0,278.45,278.45,0.0,0.0,0.0,0.0,0.0,0.0,0.0,
495241,CONCORDIA TRANSITIONAL CARE AND REHAB-RIVER POINTE,VIRGINIA BEACH,VA,Virginia Beach City,810,2019Q1,20190307,117,8.0,8.0,0.0,25.0,25.0,0.0,25.09,25.09,0.0,8.0,8.0,0.0,112.55,112.55,0.0,299.4,299.4,0.0,0.0,0.0,0.0,0.0,0.0,0.0,
495241,CONCORDIA TRANSITIONAL CARE AND REHAB-RIVER POINTE,VIRGINIA BEACH,VA,Virginia Beach City,810,2019Q1,20190308,119,8.0,8.0,0.0,24.0,24.0,0.0,27.0,27.0,0.0,8.0,8.0,0.0,143.81,143.81,0.0,257.61,257.61,0.0,0.0,0.0,0.0,0.0,0.0,0.0,
495241,CONCORDIA TRANSITIONAL CARE AND REHAB-RIVER POINTE,VIRGINIA BEACH,VA,Virginia Beach City,810,2019Q1,20190309,120,0.0,0.0,0.0,4.25,4.25,0.0,19.5,19.5,0.0,0.0,0.0,0.0,114.46,114.46,0.0,262.77,262.77,0.0,0.0,0.0,0.0,0.0,0.0,0.0,
495241,CONCORDIA TRANSITIONAL CARE AND REHAB-RIVER POINTE,VIRGINIA BEACH,VA,Virginia Beach City,810,2019Q1,20190310,120,0.0,0.0,0.0,3.0,3.0,0.0,16.67,16.67,0.0,0.0,0.0,0.0,101.98,101.98,0.0,242.59,242.59,0.0,0.0,0.0,0.0,0.0,0.0,0.0,
495241,CONCORDIA TRANSITIONAL CARE AND REHAB-RIVER POINTE,VIRGINIA BEACH,VA,Virginia Beach City,810,2019Q1,20190311,120,8.0,8.0,0.0,28.0,28.0,0.0,7.95,7.95,0.0,8.0,8.0,0.0,130.51,130.51,0.0,260.17,260.17,0.0,0.0,0.0,0.0,0.0,0.0,0.0,
495241,CONCORDIA TRANSITIONAL CARE AND REHAB-RIVER POINTE,VIRGINIA BEACH,VA,Virginia Beach City,810,2019Q1,20190312,120,8.0,8.0,0.0,24.0,24.0,0.0,10.8,10.8,0.0,8.0,8.0,0.0,131.72,131.72,0.0,244.76,244.76,0.0,0.0,0.0,0.0,0.0,0.0,0.0,
495241,CONCORDIA TRANSITIONAL CARE AND REHAB-RIVER POINTE,VIRGINIA BEACH,VA,Virginia Beach City,810,2019Q1,20190313,121,8.0,8.0,0.0,26.5,26.5,0.0,19.34,19.34,0.0,8.0,8.0,0.0,137.24,137.24,0.0,273.77,273.77,0.0,0.0,0.0,0.0,0.0,0.0,0.0,
495241,CONCORDIA TRANSITIONAL CARE AND REHAB-RIVER POINTE,VIRGINIA BEACH,VA,Virginia Beach City,810,2019Q1,20190314,120,8.0,8.0,0.0,24.0,24.0,0.0,33.85,33.85,0.0,8.0,8.0,0.0,126.2,126.2,0.0,339.36,339.36,0.0,0.0,0.0,0.0,0.0,0.0,0.0,
495241,CONCORDIA TRANSITIONAL CARE AND REHAB-RIVER POINTE,VIRGINIA BEACH,VA,Virginia Beach City,810,2019Q1,20190315,119,8.0,8.0,0.0,24.0,24.0,0.0,12.15,12.15,0.0,8.0,8.0,0.0,113.52,113.52,0.0,232.62,232.62,0.0,0.0,0.0,0.0,0.0,0.0,0.0,
495241,CONCORDIA TRANSITIONAL CARE AND REHAB-RIVER POINTE,VIRGINIA BEACH,VA,Virginia Beach City,810,2019Q1,20190316,119,0.0,0.0,0.0,0.0,0.0,0.0,27.69,27.69,0.0,0.0,0.0,0.0,85.53,85.53,0.0,230.04,230.04,0.0,0.0,0.0,0.0,0.0,0.0,0.0,
495241,CONCORDIA TRANSITIONAL CARE AND REHAB-RIVER POINTE,VIRGINIA BEACH,VA,Virginia Beach City,810,2019Q1,20190317,119,0.0,0.0,0.0,0.0,0.0,0.0,22.89,22.89,0.0,0.0,0.0,0.0,91.72,91.72,0.0,195.48,195.48,0.0,0.0,0.0,0.0,0.0,0.0,0.0,
495241,CONCORDIA TRANSITIONAL CARE AND REHAB-RIVER POINTE,VIRGINIA BEACH,VA,Virginia Beach City,810,2019Q1,20190318,119,8.0,8.0,0.0,24.0,24.0,0.0,19.17,19.17,0.0,8.0,8.0,0.0,125.44,125.44,0.0,218.31,218.31,0.0,0.0,0.0,0.0,0.0,0.0,0.0,
495241,CONCORDIA TRANSITIONAL CARE AND REHAB-RIVER POINTE,VIRGINIA BEACH,VA,Virginia Beach City,810,2019Q1,20190319,119,8.0,8.0,0.0,24.0,24.0,0.0,1.27,1.27,0.0,8.0,8.0,0.0,157.39,157.39,0.0,273.36,273.36,0.0,0.0,0.0,0.0,0.0,0.0,0.0,
495241,CONCORDIA TRANSITIONAL CARE AND REHAB-RIVER POINTE,VIRGINIA BEACH,VA,Virginia Beach City,810,2019Q1,20190320,118,8.0,8.0,0.0,24.0,24.0,0.0,27.0,27.0,0.0,8.0,8.0,0.0,125.63,125.63,0.0,282.79,282.79,0.0,0.0,0.0,0.0,0.0,0.0,0.0,
495241,CONCORDIA TRANSITIONAL CARE AND REHAB-RIVER POINTE,VIRGINIA BEACH,VA,Virginia Beach City,810,2019Q1,20190321,117,8.0,8.0,0.0,24.0,24.0,0.0,16.24,16.24,0.0,8.0,8.0,0.0,120.44,120.44,0.0,305.03,305.03,0.0,0.0,0.0,0.0,0.0,0.0,0.0,
495241,CONCORDIA TRANSITIONAL CARE AND REHAB-RIVER POINTE,VIRGINIA BEACH,VA,Virginia Beach City,810,2019Q1,20190322,117,8.0,8.0,0.0,24.0,24.0,0.0,25.25,25.25,0.0,0.0,0.0,0.0,129.66,129.66,0.0,262.08,262.08,0.0,0.0,0.0,0.0,0.0,0.0,0.0,
495241,CONCORDIA TRANSITIONAL CARE AND REHAB-RIVER POINTE,VIRGINIA BEACH,VA,Virginia Beach City,810,2019Q1,20190323,117,0.0,0.0,0.0,0.0,0.0,0.0,15.22,15.22,0.0,0.0,0.0,0.0,108.0,108.0,0.0,242.99,242.99,0.0,0.0,0.0,0.0,0.0,0.0,0.0,
495241,CONCORDIA TRANSITIONAL CARE AND REHAB-RIVER POINTE,VIRGINIA BEACH,VA,Virginia Beach City,810,2019Q1,20190324,117,0.0,0.0,0.0,4.25,4.25,0.0,16.9,16.9,0.0,0.0,0.0,0.0,96.8,96.8,0.0,255.16,255.16,0.0,0.0,0.0,0.0,0.0,0.0,0.0,
495241,CONCORDIA TRANSITIONAL CARE AND REHAB-RIVER POINTE,VIRGINIA BEACH,VA,Virginia Beach City,810,2019Q1,20190325,119,8.0,8.0,0.0,26.0,26.0,0.0,7.6,7.6,0.0,0.0,0.0,0.0,141.82,141.82,0.0,253.5,253.5,0.0,0.0,0.0,0.0,0.0,0.0,0.0,
495241,CONCORDIA TRANSITIONAL CARE AND REHAB-RIVER POINTE,VIRGINIA BEACH,VA,Virginia Beach City,810,2019Q1,20190326,119,8.0,8.0,0.0,27.0,27.0,0.0,10.07,10.07,0.0,0.0,0.0,0.0,139.17,139.17,0.0,260.31,260.31,0.0,0.0,0.0,0.0,0.0,0.0,0.0,
495241,CONCORDIA TRANSITIONAL CARE AND REHAB-RIVER POINTE,VIRGINIA BEACH,VA,Virginia Beach City,810,2019Q1,20190327,120,8.0,8.0,0.0,30.25,30.25,0.0,28.16,28.16,0.0,0.0,0.0,0.0,141.15,141.15,0.0,265.04,265.04,0.0,0.0,0.0,0.0,0.0,0.0,0.0,
495241,CONCORDIA TRANSITIONAL CARE AND REHAB-RIVER POINTE,VIRGINIA BEACH,VA,Virginia Beach City,810,2019Q1,20190328,121,8.0,8.0,0.0,29.0,29.0,0.0,36.33,36.33,0.0,0.0,0.0,0.0,142.32,142.32,0.0,299.49,299.49,0.0,0.0,0.0,0.0,0.0,0.0,0.0,
495241,CONCORDIA TRANSITIONAL CARE AND REHAB-RIVER POINTE,VIRGINIA BEACH,VA,Virginia Beach City,810,2019Q1,20190329,121,8.0,8.0,0.0,24.0,24.0,0.0,9.97,9.97,0.0,0.0,0.0,0.0,129.66,129.66,0.0,255.65,255.65,0.0,0.0,0.0,0.0,0.0,0.0,0.0,
495241,CONCORDIA TRANSITIONAL CARE AND REHAB-RIVER POINTE,VIRGINIA BEACH,VA,Virginia Beach City,810,2019Q1,20190330,120,0.0,0.0,0.0,9.0,9.0,0.0,25.01,25.01,0.0,0.0,0.0,0.0,74.08,74.08,0.0,201.7,201.7,0.0,0.0,0.0,0.0,0.0,0.0,0.0,
495241,CONCORDIA TRANSITIONAL CARE AND REHAB-RIVER POINTE,VIRGINIA BEACH,VA,Virginia Beach City,810,2019Q1,20190331,120,0.0,0.0,0.0,2.0,2.0,0.0,23.7,23.7,0.0,0.0,0.0,0.0,102.54,102.54,0.0,200.06,200.06,0.0,0.0,0.0,0.0,0.0,0.0,0.0,
495241,CONCORDIA TRANSITIONAL CARE AND REHAB-RIVER POINTE,VIRGINIA BEACH,VA,Virginia Beach City,810,2019Q2,20190401,118,8.0,8.0,0.0,26.0,26.0,0.0,8.7,8.7,0.0,0.0,0.0,0.0,139.62,139.62,0.0,236.84,236.84,0.0,0.0,0.0,0.0,0.0,0.0,0.0,
495241,CONCORDIA TRANSITIONAL CARE AND REHAB-RIVER POINTE,VIRGINIA BEACH,VA,Virginia Beach City,810,2019Q2,20190402,120,8.0,8.0,0.0,26.25,26.25,0.0,1.88,1.88,0.0,0.0,0.0,0.0,149.35,149.35,0.0,226.55,226.55,0.0,0.0,0.0,0.0,0.0,0.0,0.0,
495241,CONCORDIA TRANSITIONAL CARE AND REHAB-RIVER POINTE,VIRGINIA BEACH,VA,Virginia Beach City,810,2019Q2,20190403,120,8.0,8.0,0.0,24.0,24.0,0.0,26.9,26.9,0.0,0.0,0.0,0.0,129.56,129.56,0.0,262.93,262.93,0.0,0.0,0.0,0.0,0.0,0.0,0.0,
495241,CONCORDIA TRANSITIONAL CARE AND REHAB-RIVER POINTE,VIRGINIA BEACH,VA,Virginia Beach City,810,2019Q2,20190404,120,8.0,8.0,0.0,24.0,24.0,0.0,23.25,23.25,0.0,0.0,0.0,0.0,127.8,127.8,0.0,257.46,257.46,0.0,0.0,0.0,0.0,0.0,0.0,0.0,
495241,CONCORDIA TRANSITIONAL CARE AND REHAB-RIVER POINTE,VIRGINIA BEACH,VA,Virginia Beach City,810,2019Q2,20190405,121,8.0,8.0,0.0,24.0,24.0,0.0,28.44,28.44,0.0,0.0,0.0,0.0,121.95,121.95,0.0,240.06,240.06,0.0,0.0,0.0,0.0,0.0,0.0,0.0,
495241,CONCORDIA TRANSITIONAL CARE AND REHAB-RIVER POINTE,VIRGINIA BEACH,VA,Virginia Beach City,810,2019Q2,20190406,122,0.0,0.0,0.0,0.0,0.0,0.0,19.94,19.94,0.0,0.0,0.0,0.0,125.91,125.91,0.0,219.95,219.95,0.0,0.0,0.0,0.0,0.0,0.0,0.0,
495241,CONCORDIA TRANSITIONAL CARE AND REHAB-RIVER POINTE,VIRGINIA BEACH,VA,Virginia Beach City,810,2019Q2,20190407,122,0.0,0.0,0.0,0.0,0.0,0.0,17.09,17.09,0.0,0.0,0.0,0.0,105.5,105.5,0.0,218.94,218.94,0.0,0.0,0.0,0.0,0.0,0.0,0.0,
495241,CONCORDIA TRANSITIONAL CARE AND REHAB-RIVER POINTE,VIRGINIA BEACH,VA,Virginia Beach City,810,2019Q2,20190408,122,8.0,8.0,0.0,24.0,24.0,0.0,7.87,7.87,0.0,0.0,0.0,0.0,118.57,118.57,0.0,241.87,241.87,0.0,0.0,0.0,0.0,0.0,0.0,0.0,
495241,CONCORDIA TRANSITIONAL CARE AND REHAB-RIVER POINTE,VIRGINIA BEACH,VA,Virginia Beach City,810,2019Q2,20190409,121,8.0,8.0,0.0,17.0,17.0,0.0,15.92,15.92,0.0,0.0,0.0,0.0,107.04,107.04,0.0,253.1,253.1,0.0,0.0,0.0,0.0,0.0,0.0,0.0,
495241,CONCORDIA TRANSITIONAL CARE AND REHAB-RIVER POINTE,VIRGINIA BEACH,VA,Virginia Beach City,810,2019Q2,20190410,121,8.0,8.0,0.0,32.58,32.58,0.0,30.87,30.87,0.0,0.0,0.0,0.0,121.06,121.06,0.0,220.87,220.87,0.0,0.0,0.0,0.0,0.0,0.0,0.0,
495241,CONCORDIA TRANSITIONAL CARE AND REHAB-RIVER POINTE,VIRGINIA BEACH,VA,Virginia Beach City,810,2019Q2,20190411,121,8.0,8.0,0.0,26.5,26.5,0.0,35.51,35.51,0.0,0.0,0.0,0.0,121.61,121.61,0.0,254.08,254.08,0.0,0.0,0.0,0.0,0.0,0.0,0.0,
495241,CONCORDIA TRANSITIONAL CARE AND REHAB-RIVER POINTE,VIRGINIA BEACH,VA,Virginia Beach City,810,2019Q2,20190412,121,8.0,8.0,0.0,24.0,24.0,0.0,16.36,16.36,0.0,0.0,0.0,0.0,126.06,126.06,0.0,231.97,231.97,0.0,0.0,0.0,0.0,0.0,0.0,0.0,
495241,CONCORDIA TRANSITIONAL CARE AND REHAB-RIVER POINTE,VIRGINIA BEACH,VA,Virginia Beach City,810,2019Q2,20190413,118,0.0,0.0,0.0,2.25,2.25,0.0,26.82,26.82,0.0,0.0,0.0,0.0,105.6,105.6,0.0,242.22,242.22,0.0,0.0,0.0,0.0,0.0,0.0,0.0,
495241,CONCORDIA TRANSITIONAL CARE AND REHAB-RIVER POINTE,VIRGINIA BEACH,VA,Virginia Beach City,810,2019Q2,20190414,118,0.0,0.0,0.0,2.25,2.25,0.0,16.79,16.79,0.0,0.0,0.0,0.0,116.51,116.51,0.0,204.65,204.65,0.0,0.0,0.0,0.0,0.0,0.0,0.0,
495241,CONCORDIA TRANSITIONAL CARE AND REHAB-RIVER POINTE,VIRGINIA BEACH,VA,Virginia Beach City,810,2019Q2,20190415,117,8.0,8.0,0.0,25.5,25.5,0.0,9.23,9.23,0.0,0.0,0.0,0.0,112.49,112.49,0.0,199.89,199.89,0.0,0.0,0.0,0.0,0.0,0.0,0.0,
495241,CONCORDIA TRANSITIONAL CARE AND REHAB-RIVER POINTE,VIRGINIA BEACH,VA,Virginia Beach City,810,2019Q2,20190416,119,8.0,8.0,0.0,24.0,24.0,0.0,0.97,0.97,0.0,0.0,0.0,0.0,121.64,121.64,0.0,213.75,213.75,0.0,0.0,0.0,0.0,0.0,0.0,0.0,
495241,CONCORDIA TRANSITIONAL CARE AND REHAB-RIVER POINTE,VIRGINIA BEACH,VA,Virginia Beach City,810,2019Q2,20190417,118,8.0,8.0,0.0,25.0,25.0,0.0,30.82,30.82,0.0,0.0,0.0,0.0,118.13,118.13,0.0,243.04,243.04,0.0,0.0,0.0,0.0,0.0,0.0,0.0,
495241,CONCORDIA TRANSITIONAL CARE AND REHAB-RIVER POINTE,VIRGINIA BEACH,VA,Virginia Beach City,810,2019Q2,20190418,119,8.0,8.0,0.0,24.0,24.0,0.0,25.03,25.03,0.0,0.0,0.0,0.0,136.8,136.8,0.0,239.06,239.06,0.0,0.0,0.0,0.0,0.0,0.0,0.0,
495241,CONCORDIA TRANSITIONAL CARE AND REHAB-RIVER POINTE,VIRGINIA BEACH,VA,Virginia Beach City,810,2019Q2,20190419,120,8.0,8.0,0.0,24.0,24.0,0.0,29.7,29.7,0.0,0.0,0.0,0.0,126.31,126.31,0.0,225.69,225.69,0.0,0.0,0.0,0.0,0.0,0.0,0.0,
495241,CONCORDIA TRANSITIONAL CARE AND REHAB-RIVER POINTE,VIRGINIA BEACH,VA,Virginia Beach City,810,2019Q2,20190420,120,0.0,0.0,0.0,12.0,12.0,0.0,16.82,16.82,0.0,0.0,0.0,0.0,107.7,107.7,0.0,200.08,200.08,0.0,0.0,0.0,0.0,0.0,0.0,0.0,
495241,CONCORDIA TRANSITIONAL CARE AND REHAB-RIVER POINTE,VIRGINIA BEACH,VA,Virginia Beach City,810,2019Q2,20190421,120,0.0,0.0,0.0,12.0,12.0,0.0,8.53,8.53,0.0,0.0,0.0,0.0,106.11,106.11,0.0,205.72,205.72,0.0,0.0,0.0,0.0,0.0,0.0,0.0,
495241,CONCORDIA TRANSITIONAL CARE AND REHAB-RIVER POINTE,VIRGINIA BEACH,VA,Virginia Beach City,810,2019Q2,20190422,120,8.0,8.0,0.0,26.0,26.0,0.0,8.3,8.3,0.0,0.0,0.0,0.0,115.09,115.09,0.0,230.17,230.17,0.0,0.0,0.0,0.0,0.0,0.0,0.0,
495241,CONCORDIA TRANSITIONAL CARE AND REHAB-RIVER POINTE,VIRGINIA BEACH,VA,Virginia Beach City,810,2019Q2,20190423,120,8.0,8.0,0.0,26.5,26.5,0.0,18.5,18.5,0.0,0.0,0.0,0.0,113.62,113.62,0.0,255.06,255.06,0.0,0.0,0.0,0.0,0.0,0.0,0.0,
495241,CONCORDIA TRANSITIONAL CARE AND REHAB-RIVER POINTE,VIRGINIA BEACH,VA,Virginia Beach City,810,2019Q2,20190424,118,8.0,8.0,0.0,17.5,17.5,0.0,33.85,33.85,0.0,0.0,0.0,0.0,105.15,105.15,0.0,248.84,248.84,0.0,0.0,0.0,0.0,0.0,0.0,0.0,
495241,CONCORDIA TRANSITIONAL CARE AND REHAB-RIVER POINTE,VIRGINIA BEACH,VA,Virginia Beach City,810,2019Q2,20190425,118,8.0,8.0,0.0,27.25,27.25,0.0,32.96,32.96,0.0,0.0,0.0,0.0,123.74,123.74,0.0,245.47,245.47,0.0,0.0,0.0,0.0,0.0,0.0,0.0,
495241,CONCORDIA TRANSITIONAL CARE AND REHAB-RIVER POINTE,VIRGINIA BEACH,VA,Virginia Beach City,810,2019Q2,20190426,118,8.0,8.0,0.0,27.25,27.25,0.0,25.1,25.1,0.0,0.0,0.0,0.0,91.19,91.19,0.0,206.95,206.95,0.0,0.0,0.0,0.0,0.0,0.0,0.0,
495241,CONCORDIA TRANSITIONAL CARE AND REHAB-RIVER POINTE,VIRGINIA BEACH,VA,Virginia Beach City,810,2019Q2,20190427,117,0.0,0.0,0.0,4.25,4.25,0.0,25.27,25.27,0.0,0.0,0.0,0.0,113.85,113.85,0.0,224.83,224.83,0.0,0.0,0.0,0.0,0.0,0.0,0.0,
495241,CONCORDIA TRANSITIONAL CARE AND REHAB-RIVER POINTE,VIRGINIA BEACH,VA,Virginia Beach City,810,2019Q2,20190428,116,0.0,0.0,0.0,3.25,3.25,0.0,8.9,8.9,0.0,0.0,0.0,0.0,97.1,97.1,0.0,205.72,205.72,0.0,0.0,0.0,0.0,0.0,0.0,0.0,
495241,CONCORDIA TRANSITIONAL CARE AND REHAB-RIVER POINTE,VIRGINIA BEACH,VA,Virginia Beach City,810,2019Q2,20190429,116,8.0,8.0,0.0,27.0,27.0,0.0,9.27,9.27,0.0,0.0,0.0,0.0,131.0,131.0,0.0,235.59,235.59,0.0,0.0,0.0,0.0,0.0,0.0,0.0,
495241,CONCORDIA TRANSITIONAL CARE AND REHAB-RIVER POINTE,VIRGINIA BEACH,VA,Virginia Beach City,810,2019Q2,20190430,116,8.0,8.0,0.0,25.0,25.0,0.0,1.75,1.75,0.0,0.0,0.0,0.0,134.35,134.35,0.0,266.46,266.46,0.0,0.0,0.0,0.0,0.0,0.0,0.0,
495241,CONCORDIA TRANSITIONAL CARE AND REHAB-RIVER POINTE,VIRGINIA BEACH,VA,Virginia Beach City,810,2019Q2,20190501,115,8.0,8.0,0.0,25.25,25.25,0.0,26.55,26.55,0.0,0.0,0.0,0.0,113.92,113.92,0.0,293.77,293.77,0.0,0.0,0.0,0.0,0.0,0.0,0.0,
495241,CONCORDIA TRANSITIONAL CARE AND REHAB-RIVER POINTE,VIRGINIA BEACH,VA,Virginia Beach City,810,2019Q2,20190502,115,8.0,8.0,0.0,26.0,26.0,0.0,37.21,37.21,0.0,0.0,0.0,0.0,126.78,126.78,0.0,261.13,261.13,0.0,0.0,0.0,0.0,0.0,0.0,0.0,
495241,CONCORDIA TRANSITIONAL CARE AND REHAB-RIVER POINTE,VIRGINIA BEACH,VA,Virginia Beach City,810,2019Q2,20190503,116,8.0,8.0,0.0,26.5,26.5,0.0,25.8,25.8,0.0,0.0,0.0,0.0,115.36,115.36,0.0,241.27,241.27,0.0,0.0,0.0,0.0,0.0,0.0,0.0,
495241,CONCORDIA TRANSITIONAL CARE AND REHAB-RIVER POINTE,VIRGINIA BEACH,VA,Virginia Beach City,810,2019Q2,20190504,115,0.0,0.0,0.0,0.0,0.0,0.0,17.03,17.03,0.0,0.0,0.0,0.0,118.25,118.25,0.0,190.74,190.74,0.0,0.0,0.0,0.0,0.0,0.0,0.0,
495241,CONCORDIA TRANSITIONAL CARE AND REHAB-RIVER POINTE,VIRGINIA BEACH,VA,Virginia Beach City,810,2019Q2,20190505,114,0.0,0.0,0.0,3.0,3.0,0.0,18.01,18.01,0.0,0.0,0.0,0.0,100.78,100.78,0.0,194.03,194.03,0.0,0.0,0.0,0.0,0.0,0.0,0.0,
495241,CONCORDIA TRANSITIONAL CARE AND REHAB-RIVER POINTE,VIRGINIA BEACH,VA,Virginia Beach City,810,2019Q2,20190506,116,8.0,8.0,0.0,25.25,25.25,0.0,15.98,15.98,0.0,0.0,0.0,0.0,98.58,98.58,0.0,240.69,240.69,0.0,0.0,0.0,0.0,0.0,0.0,0.0,
495241,CONCORDIA TRANSITIONAL CARE AND REHAB-RIVER POINTE,VIRGINIA BEACH,VA,Virginia Beach City,810,2019Q2,20190507,117,8.0,8.0,0.0,27.0,27.0,0.0,18.17,18.17,0.0,0.0,0.0,0.0,108.85,108.85,0.0,241.64,241.64,0.0,0.0,0.0,0.0,0.0,0.0,0.0,
495241,CONCORDIA TRANSITIONAL CARE AND REHAB-RIVER POINTE,VIRGINIA BEACH,VA,Virginia Beach City,810,2019Q2,20190508,118,8.0,8.0,0.0,25.25,25.25,0.0,27.9,27.9,0.0,0.0,0.0,0.0,130.13,130.13,0.0,246.17,246.17,0.0,0.0,0.0,0.0,0.0,0.0,0.0,
495241,CONCORDIA TRANSITIONAL CARE AND REHAB-RIVER POINTE,VIRGINIA BEACH,VA,Virginia Beach City,810,2019Q2,20190509,118,8.0,8.0,0.0,26.25,26.25,0.0,27.67,27.67,0.0,0.0,0.0,0.0,136.36,136.36,0.0,268.23,268.23,0.0,0.0,0.0,0.0,0.0,0.0,0.0,
495241,CONCORDIA TRANSITIONAL CARE AND REHAB-RIVER POINTE,VIRGINIA BEACH,VA,Virginia Beach City,810,2019Q2,20190510,117,8.0,8.0,0.0,24.0,24.0,0.0,16.9,16.9,0.0,0.0,0.0,0.0,109.97,109.97,0.0,236.89,236.89,0.0,0.0,0.0,0.0,0.0,0.0,0.0,
495241,CONCORDIA TRANSITIONAL CARE AND REHAB-RIVER POINTE,VIRGINIA BEACH,VA,Virginia Beach City,810,2019Q2,20190511,117,0.0,0.0,0.0,0.0,0.0,0.0,25.91,25.91,0.0,0.0,0.0,0.0,102.92,102.92,0.0,237.34,237.34,0.0,0.0,0.0,0.0,0.0,0.0,0.0,
495241,CONCORDIA TRANSITIONAL CARE AND REHAB-RIVER POINTE,VIRGINIA BEACH,VA,Virginia Beach City,810,2019Q2,20190512,118,0.0,0.0,0.0,3.0,3.0,0.0,29.44,29.44,0.0,0.0,0.0,0.0,103.59,103.59,0.0,228.89,228.89,0.0,0.0,0.0,0.0,0.0,0.0,0.0,
495241,CONCORDIA TRANSITIONAL CARE AND REHAB-RIVER POINTE,VIRGINIA BEACH,VA,Virginia Beach City,810,2019Q2,20190513,119,8.0,8.0,0.0,25.5,25.5,0.0,8.87,8.87,0.0,0.0,0.0,0.0,133.2,133.2,0.0,231.77,231.77,0.0,0.0,0.0,0.0,0.0,0.0,0.0,
495241,CONCORDIA TRANSITIONAL CARE AND REHAB-RIVER POINTE,VIRGINIA BEACH,VA,Virginia Beach City,810,2019Q2,20190514,120,8.0,8.0,0.0,24.0,24.0,0.0,9.43,9.43,0.0,0.0,0.0,0.0,148.41,148.41,0.0,244.51,244.51,0.0,0.0,0.0,0.0,0.0,0.0,0.0,
495241,CONCORDIA TRANSITIONAL CARE AND REHAB-RIVER POINTE,VIRGINIA BEACH,VA,Virginia Beach City,810,2019Q2,20190515,120,8.0,8.0,0.0,24.0,24.0,0.0,35.16,35.16,0.0,0.0,0.0,0.0,113.65,113.65,0.0,254.06,254.06,0.0,0.0,0.0,0.0,0.0,0.0,0.0,
495241,CONCORDIA TRANSITIONAL CARE AND REHAB-RIVER POINTE,VIRGINIA BEACH,VA,Virginia Beach City,810,2019Q2,20190516,119,8.0,8.0,0.0,24.0,24.0,0.0,24.5,24.5,0.0,0.0,0.0,0.0,113.75,113.75,0.0,279.27,279.27,0.0,0.0,0.0,0.0,0.0,0.0,0.0,
495241,CONCORDIA TRANSITIONAL CARE AND REHAB-RIVER POINTE,VIRGINIA BEACH,VA,Virginia Beach City,810,2019Q2,20190517,121,8.0,8.0,0.0,24.0,24.0,0.0,36.27,36.27,0.0,0.0,0.0,0.0,116.83,116.83,0.0,240.73,240.73,0.0,0.0,0.0,0.0,0.0,0.0,0.0,
495241,CONCORDIA TRANSITIONAL CARE AND REHAB-RIVER POINTE,VIRGINIA BEACH,VA,Virginia Beach City,810,2019Q2,20190518,119,0.0,0.0,0.0,0.0,0.0,0.0,30.6,30.6,0.0,0.0,0.0,0.0,101.09,101.09,0.0,227.55,227.55,0.0,0.0,0.0,0.0,0.0,0.0,0.0,
495241,CONCORDIA TRANSITIONAL CARE AND REHAB-RIVER POINTE,VIRGINIA BEACH,VA,Virginia Beach City,810,2019Q2,20190519,119,0.0,0.0,0.0,1.5,1.5,0.0,17.95,17.95,0.0,0.0,0.0,0.0,106.08,106.08,0.0,253.24,253.24,0.0,0.0,0.0,0.0,0.0,0.0,0.0,
495241,CONCORDIA TRANSITIONAL CARE AND REHAB-RIVER POINTE,VIRGINIA BEACH,VA,Virginia Beach City,810,2019Q2,20190520,119,8.0,8.0,0.0,26.25,26.25,0.0,15.8,15.8,0.0,0.0,0.0,0.0,124.42,124.42,0.0,253.06,253.06,0.0,0.0,0.0,0.0,0.0,0.0,0.0,
495241,CONCORDIA TRANSITIONAL CARE AND REHAB-RIVER POINTE,VIRGINIA BEACH,VA,Virginia Beach City,810,2019Q2,20190521,118,8.0,8.0,0.0,25.0,25.0,0.0,42.65,42.65,0.0,0.0,0.0,0.0,106.79,106.79,0.0,247.7,247.7,0.0,0.0,0.0,0.0,0.0,0.0,0.0,
495241,CONCORDIA TRANSITIONAL CARE AND REHAB-RIVER POINTE,VIRGINIA BEACH,VA,Virginia Beach City,810,2019Q2,20190522,119,8.0,8.0,0.0,25.75,25.75,0.0,51.81,51.81,0.0,0.0,0.0,0.0,107.98,107.98,0.0,248.87,248.87,0.0,0.0,0.0,0.0,0.0,0.0,0.0,
495241,CONCORDIA TRANSITIONAL CARE AND REHAB-RIVER POINTE,VIRGINIA BEACH,VA,Virginia Beach City,810,2019Q2,20190523,121,8.0,8.0,0.0,25.0,25.0,0.0,37.34,37.34,0.0,0.0,0.0,0.0,112.34,112.34,0.0,256.65,256.65,0.0,0.0,0.0,0.0,0.0,0.0,0.0,
495241,CONCORDIA TRANSITIONAL CARE AND REHAB-RIVER POINTE,VIRGINIA BEACH,VA,Virginia Beach City,810,2019Q2,20190524,120,8.0,8.0,0.0,26.0,26.0,0.0,16.94,16.94,0.0,0.0,0.0,0.0,110.58,110.58,0.0,228.81,228.81,0.0,0.0,0.0,0.0,0.0,0.0,0.0,
495241,CONCORDIA TRANSITIONAL CARE AND REHAB-RIVER POINTE,VIRGINIA BEACH,VA,Virginia Beach City,810,2019Q2,20190525,120,0.0,0.0,0.0,7.0,7.0,0.0,36.6,36.6,0.0,0.0,0.0,0.0,99.49,99.49,0.0,222.25,222.25,0.0,0.0,0.0,0.0,0.0,0.0,0.0,
495241,CONCORDIA TRANSITIONAL CARE AND REHAB-RIVER POINTE,VIRGINIA BEACH,VA,Virginia Beach City,810,2019Q2,20190526,119,0.0,0.0,0.0,5.0,5.0,0.0,23.84,23.84,0.0,0.0,0.0,0.0,88.67,88.67,0.0,216.29,216.29,0.0,0.0,0.0,0.0,0.0,0.0,0.0,
495241,CONCORDIA TRANSITIONAL CARE AND REHAB-RIVER POINTE,VIRGINIA BEACH,VA,Virginia Beach City,810,2019Q2,20190527,118,0.0,0.0,0.0,5.0,5.0,0.0,19.8,19.8,0.0,0.0,0.0,0.0,108.28,108.28,0.0,214.15,214.15,0.0,0.0,0.0,0.0,0.0,0.0,0.0,
495241,CONCORDIA TRANSITIONAL CARE AND REHAB-RIVER POINTE,VIRGINIA BEACH,VA,Virginia Beach City,810,2019Q2,20190528,116,8.0,8.0,0.0,27.0,27.0,0.0,10.62,10.62,0.0,4.0,4.0,0.0,130.48,130.48,0.0,228.77,228.77,0.0,0.0,0.0,0.0,0.0,0.0,0.0,
495241,CONCORDIA TRANSITIONAL CARE AND REHAB-RIVER POINTE,VIRGINIA BEACH,VA,Virginia Beach City,810,2019Q2,20190529,117,8.0,8.0,0.0,24.0,24.0,0.0,36.7,36.7,0.0,4.17,4.17,0.0,106.59,106.59,0.0,277.83,277.83,0.0,0.0,0.0,0.0,0.0,0.0,0.0,
495241,CONCORDIA TRANSITIONAL CARE AND REHAB-RIVER POINTE,VIRGINIA BEACH,VA,Virginia Beach City,810,2019Q2,20190530,119,8.0,8.0,0.0,27.0,27.0,0.0,26.17,26.17,0.0,4.0,4.0,0.0,101.1,101.1,0.0,266.71,266.71,0.0,0.0,0.0,0.0,0.0,0.0,0.0,
495241,CONCORDIA TRANSITIONAL CARE AND REHAB-RIVER POINTE,VIRGINIA BEACH,VA,Virginia Beach City,810,2019Q2,20190531,119,8.0,8.0,0.0,27.5,27.5,0.0,29.18,29.18,0.0,0.0,0.0,0.0,135.73,135.73,0.0,207.42,207.42,0.0,0.0,0.0,0.0,0.0,0.0,0.0,
495241,CONCORDIA TRANSITIONAL CARE AND REHAB-RIVER POINTE,VIRGINIA BEACH,VA,Virginia Beach City,810,2019Q2,20190601,120,0.0,0.0,0.0,0.0,0.0,0.0,24.47,24.47,0.0,0.0,0.0,0.0,99.48,99.48,0.0,226.92,226.92,0.0,0.0,0.0,0.0,0.0,0.0,0.0,
495241,CONCORDIA TRANSITIONAL CARE AND REHAB-RIVER POINTE,VIRGINIA BEACH,VA,Virginia Beach City,810,2019Q2,20190602,119,0.0,0.0,0.0,3.5,3.5,0.0,16.81,16.81,0.0,0.0,0.0,0.0,95.85,95.85,0.0,233.69,233.69,0.0,0.0,0.0,0.0,0.0,0.0,0.0,
495241,CONCORDIA TRANSITIONAL CARE AND REHAB-RIVER POINTE,VIRGINIA BEACH,VA,Virginia Beach City,810,2019Q2,20190603,119,8.0,8.0,0.0,27.0,27.0,0.0,26.44,26.44,0.0,0.0,0.0,0.0,117.87,117.87,0.0,229.18,229.18,0.0,0.0,0.0,0.0,0.0,0.0,0.0,
495241,CONCORDIA TRANSITIONAL CARE AND REHAB-RIVER POINTE,VIRGINIA BEACH,VA,Virginia Beach City,810,2019Q2,20190604,119,2.0,2.0,0.0,28.0,28.0,0.0,37.92,37.92,0.0,3.75,3.75,0.0,115.39,115.39,0.0,284.24,284.24,0.0,0.0,0.0,0.0,0.0,0.0,0.0,
495241,CONCORDIA TRANSITIONAL CARE AND REHAB-RIVER POINTE,VIRGINIA BEACH,VA,Virginia Beach City,810,2019Q2,20190605,119,0.0,0.0,0.0,27.0,27.0,0.0,44.4,44.4,0.0,1.67,1.67,0.0,108.67,108.67,0.0,228.9,228.9,0.0,0.0,0.0,0.0,0.0,0.0,0.0,
495241,CONCORDIA TRANSITIONAL CARE AND REHAB-RIVER POINTE,VIRGINIA BEACH,VA,Virginia Beach City,810,2019Q2,20190606,116,0.0,0.0,0.0,18.5,18.5,0.0,45.02,45.02,0.0,4.23,4.23,0.0,117.53,117.53,0.0,210.81,210.81,0.0,0.0,0.0,0.0,0.0,0.0,0.0,
495241,CONCORDIA TRANSITIONAL CARE AND REHAB-RIVER POINTE,VIRGINIA BEACH,VA,Virginia Beach City,810,2019Q2,20190607,115,0.0,0.0,0.0,24.0,24.0,0.0,27.16,27.16,0.0,0.0,0.0,0.0,128.07,128.07,0.0,222.79,222.79,0.0,0.0,0.0,0.0,0.0,0.0,0.0,
495241,CONCORDIA TRANSITIONAL CARE AND REHAB-RIVER POINTE,VIRGINIA BEACH,VA,Virginia Beach City,810,2019Q2,20190608,114,0.0,0.0,0.0,0.0,0.0,0.0,25.42,25.42,0.0,0.0,0.0,0.0,105.03,105.03,0.0,217.44,217.44,0.0,0.0,0.0,0.0,0.0,0.0,0.0,
495241,CONCORDIA TRANSITIONAL CARE AND REHAB-RIVER POINTE,VIRGINIA BEACH,VA,Virginia Beach City,810,2019Q2,20190609,112,0.0,0.0,0.0,5.0,5.0,0.0,31.93,31.93,0.0,0.0,0.0,0.0,84.65,84.65,0.0,231.65,231.65,0.0,0.0,0.0,0.0,0.0,0.0,0.0,
495241,CONCORDIA TRANSITIONAL CARE AND REHAB-RIVER POINTE,VIRGINIA BEACH,VA,Virginia Beach City,810,2019Q2,20190610,112,0.0,0.0,0.0,26.5,26.5,0.0,20.21,20.21,0.0,0.0,0.0,0.0,112.85,112.85,0.0,204.67,204.67,0.0,0.0,0.0,0.0,0.0,0.0,0.0,
495241,CONCORDIA TRANSITIONAL CARE AND REHAB-RIVER POINTE,VIRGINIA BEACH,VA,Virginia Beach City,810,2019Q2,20190611,111,0.0,0.0,0.0,24.0,24.0,0.0,19.98,19.98,0.0,3.83,3.83,0.0,130.38,130.38,0.0,210.75,210.75,0.0,0.0,0.0,0.0,0.0,0.0,0.0,
495241,CONCORDIA TRANSITIONAL CARE AND REHAB-RIVER POINTE,VIRGINIA BEACH,VA,Virginia Beach City,810,2019Q2,20190612,110,0.0,0.0,0.0,24.0,24.0,0.0,34.33,34.33,0.0,0.0,0.0,0.0,120.07,120.07,0.0,261.4,261.4,0.0,0.0,0.0,0.0,0.0,0.0,0.0,
495241,CONCORDIA TRANSITIONAL CARE AND REHAB-RIVER POINTE,VIRGINIA BEACH,VA,Virginia Beach City,810,2019Q2,20190613,113,0.0,0.0,0.0,26.75,26.75,0.0,34.77,34.77,0.0,4.3,4.3,0.0,115.6,115.6,0.0,270.51,270.51,0.0,0.0,0.0,0.0,0.0,0.0,0.0,
495241,CONCORDIA TRANSITIONAL CARE AND REHAB-RIVER POINTE,VIRGINIA BEACH,VA,Virginia Beach City,810,2019Q2,20190614,114,0.0,0.0,0.0,26.5,26.5,0.0,45.71,45.71,0.0,0.0,0.0,0.0,109.15,109.15,0.0,206.71,206.71,0.0,0.0,0.0,0.0,0.0,0.0,0.0,
495241,CONCORDIA TRANSITIONAL CARE AND REHAB-RIVER POINTE,VIRGINIA BEACH,VA,Virginia Beach City,810,2019Q2,20190615,115,0.0,0.0,0.0,3.5,3.5,0.0,16.3,16.3,0.0,0.0,0.0,0.0,105.24,105.24,0.0,231.16,231.16,0.0,0.0,0.0,0.0,0.0,0.0,0.0,
495241,CONCORDIA TRANSITIONAL CARE AND REHAB-RIVER POINTE,VIRGINIA BEACH,VA,Virginia Beach City,810,2019Q2,20190616,114,0.0,0.0,0.0,0.0,0.0,0.0,9.02,9.02,0.0,0.0,0.0,0.0,107.1,107.1,0.0,230.66,230.66,0.0,0.0,0.0,0.0,0.0,0.0,0.0,
495241,CONCORDIA TRANSITIONAL CARE AND REHAB-RIVER POINTE,VIRGINIA BEACH,VA,Virginia Beach City,810,2019Q2,20190617,113,0.0,0.0,0.0,27.75,27.75,0.0,24.83,24.83,0.0,3.85,3.85,0.0,101.52,101.52,0.0,270.85,270.85,0.0,0.0,0.0,0.0,0.0,0.0,0.0,
495241,CONCORDIA TRANSITIONAL CARE AND REHAB-RIVER POINTE,VIRGINIA BEACH,VA,Virginia Beach City,810,2019Q2,20190618,115,0.0,0.0,0.0,24.0,24.0,0.0,26.17,26.17,0.0,0.0,0.0,0.0,126.66,126.66,0.0,279.35,279.35,0.0,0.0,0.0,0.0,0.0,0.0,0.0,
495241,CONCORDIA TRANSITIONAL CARE AND REHAB-RIVER POINTE,VIRGINIA BEACH,VA,Virginia Beach City,810,2019Q2,20190619,114,0.0,0.0,0.0,26.0,26.0,0.0,35.41,35.41,0.0,0.0,0.0,0.0,110.41,110.41,0.0,270.03,270.03,0.0,0.0,0.0,0.0,0.0,0.0,0.0,
495241,CONCORDIA TRANSITIONAL CARE AND REHAB-RIVER POINTE,VIRGINIA BEACH,VA,Virginia Beach City,810,2019Q2,20190620,116,0.0,0.0,0.0,24.0,24.0,0.0,51.67,51.67,0.0,4.05,4.05,0.0,101.93,101.93,0.0,236.54,236.54,0.0,0.0,0.0,0.0,0.0,0.0,0.0,
495241,CONCORDIA TRANSITIONAL CARE AND REHAB-RIVER POINTE,VIRGINIA BEACH,VA,Virginia Beach City,810,2019Q2,20190621,115,0.0,0.0,0.0,24.0,24.0,0.0,43.6,43.6,0.0,0.0,0.0,0.0,117.3,117.3,0.0,256.92,256.92,0.0,0.0,0.0,0.0,0.0,0.0,0.0,
495241,CONCORDIA TRANSITIONAL CARE AND REHAB-RIVER POINTE,VIRGINIA BEACH,VA,Virginia Beach City,810,2019Q2,20190622,115,0.0,0.0,0.0,0.0,0.0,0.0,29.41,29.41,0.0,0.0,0.0,0.0,111.67,111.67,0.0,201.85,201.85,0.0,0.0,0.0,0.0,0.0,0.0,0.0,
495241,CONCORDIA TRANSITIONAL CARE AND REHAB-RIVER POINTE,VIRGINIA BEACH,VA,Virginia Beach City,810,2019Q2,20190623,115,0.0,0.0,0.0,0.0,0.0,0.0,7.98,7.98,0.0,0.0,0.0,0.0,111.23,111.23,0.0,208.03,208.03,0.0,0.0,0.0,0.0,0.0,0.0,0.0,
495241,CONCORDIA TRANSITIONAL CARE AND REHAB-RIVER POINTE,VIRGINIA BEACH,VA,Virginia Beach City,810,2019Q2,20190624,114,0.0,0.0,0.0,24.0,24.0,0.0,30.7,30.7,0.0,0.0,0.0,0.0,122.33,122.33,0.0,214.45,214.45,0.0,0.0,0.0,0.0,0.0,0.0,0.0,
495241,CONCORDIA TRANSITIONAL CARE AND REHAB-RIVER POINTE,VIRGINIA BEACH,VA,Virginia Beach City,810,2019Q2,20190625,116,0.0,0.0,0.0,24.0,24.0,0.0,13.45,13.45,0.0,3.95,3.95,0.0,126.87,126.87,0.0,273.84,273.84,0.0,0.0,0.0,0.0,0.0,0.0,0.0,
495241,CONCORDIA TRANSITIONAL CARE AND REHAB-RIVER POINTE,VIRGINIA BEACH,VA,Virginia Beach City,810,2019Q2,20190626,116,0.0,0.0,0.0,24.0,24.0,0.0,38.31,38.31,0.0,4.02,4.02,0.0,99.31,99.31,0.0,263.26,263.26,0.0,0.0,0.0,0.0,0.0,0.0,0.0,
495241,CONCORDIA TRANSITIONAL CARE AND REHAB-RIVER POINTE,VIRGINIA BEACH,VA,Virginia Beach City,810,2019Q2,20190627,115,0.0,0.0,0.0,24.0,24.0,0.0,24.98,24.98,0.0,0.0,0.0,0.0,116.16,116.16,0.0,250.67,250.67,0.0,0.0,0.0,0.0,0.0,0.0,0.0,
495241,CONCORDIA TRANSITIONAL CARE AND REHAB-RIVER POINTE,VIRGINIA BEACH,VA,Virginia Beach City,810,2019Q2,20190628,116,0.0,0.0,0.0,24.0,24.0,0.0,27.18,27.18,0.0,0.0,0.0,0.0,111.39,111.39,0.0,213.81,213.81,0.0,0.0,0.0,0.0,0.0,0.0,0.0,
495241,CONCORDIA TRANSITIONAL CARE AND REHAB-RIVER POINTE,VIRGINIA BEACH,VA,Virginia Beach City,810,2019Q2,20190629,115,0.0,0.0,0.0,2.0,2.0,0.0,15.75,15.75,0.0,0.0,0.0,0.0,118.95,118.95,0.0,212.75,212.75,0.0,0.0,0.0,0.0,0.0,0.0,0.0,
495241,CONCORDIA TRANSITIONAL CARE AND REHAB-RIVER POINTE,VIRGINIA BEACH,VA,Virginia Beach City,810,2019Q2,20190630,114,0.0,0.0,0.0,2.5,2.5,0.0,9.58,9.58,0.0,0.0,0.0,0.0,101.35,101.35,0.0,237.1,237.1,0.0,0.0,0.0,0.0,0.0,0.0,0.0,
495241,ACCORDIUS HEALTH AT RIVER POINTE LLC,VIRGINIA BEACH,VA,Virginia Beach City,810,2019Q3,20190701,115,0.0,0.0,0.0,7.5,7.5,0.0,33.28,33.28,0.0,0.0,0.0,0.0,96.4,96.4,0.0,227.49,227.49,0.0,0.0,0.0,0.0,0.0,0.0,0.0,
495241,ACCORDIUS HEALTH AT RIVER POINTE LLC,VIRGINIA BEACH,VA,Virginia Beach City,810,2019Q3,20190702,115,0.0,0.0,0.0,22.5,22.5,0.0,42.94,42.94,0.0,0.0,0.0,0.0,91.23,91.23,0.0,239.04,239.04,0.0,0.0,0.0,0.0,0.0,0.0,0.0,
495241,ACCORDIUS HEALTH AT RIVER POINTE LLC,VIRGINIA BEACH,VA,Virginia Beach City,810,2019Q3,20190703,116,0.0,0.0,0.0,15.0,15.0,0.0,50.4,50.4,0.0,0.0,0.0,0.0,93.5,93.5,0.0,250.13,250.13,0.0,0.0,0.0,0.0,0.0,0.0,0.0,
495241,ACCORDIUS HEALTH AT RIVER POINTE LLC,VIRGINIA BEACH,VA,Virginia Beach City,810,2019Q3,20190704,115,0.0,0.0,0.0,7.5,7.5,0.0,41.9,41.9,0.0,0.0,0.0,0.0,83.58,83.58,0.0,239.12,239.12,0.0,0.0,0.0,0.0,0.0,0.0,0.0,
495241,ACCORDIUS HEALTH AT RIVER POINTE LLC,VIRGINIA BEACH,VA,Virginia Beach City,810,2019Q3,20190705,117,0.0,0.0,0.0,15.0,15.0,0.0,23.56,23.56,0.0,0.0,0.0,0.0,117.7,117.7,0.0,226.13,226.13,0.0,0.0,0.0,0.0,0.0,0.0,0.0,
495241,ACCORDIUS HEALTH AT RIVER POINTE LLC,VIRGINIA BEACH,VA,Virginia Beach City,810,2019Q3,20190706,117,0.0,0.0,0.0,0.0,0.0,0.0,31.65,31.65,0.0,0.0,0.0,0.0,90.2,90.2,0.0,217.48,217.48,0.0,0.0,0.0,0.0,0.0,0.0,0.0,
495241,ACCORDIUS HEALTH AT RIVER POINTE LLC,VIRGINIA BEACH,VA,Virginia Beach City,810,2019Q3,20190707,117,0.0,0.0,0.0,0.0,0.0,0.0,15.75,15.75,0.0,0.0,0.0,0.0,107.91,107.91,0.0,187.25,187.25,0.0,0.0,0.0,0.0,0.0,0.0,0.0,
495241,ACCORDIUS HEALTH AT RIVER POINTE LLC,VIRGINIA BEACH,VA,Virginia Beach City,810,2019Q3,20190708,117,0.0,0.0,0.0,22.5,22.5,0.0,25.25,25.25,0.0,0.0,0.0,0.0,107.61,107.61,0.0,210.21,210.21,0.0,0.0,0.0,0.0,0.0,0.0,0.0,
495241,ACCORDIUS HEALTH AT RIVER POINTE LLC,VIRGINIA BEACH,VA,Virginia Beach City,810,2019Q3,20190709,114,0.0,0.0,0.0,15.0,15.0,0.0,29.74,29.74,0.0,11.47,11.47,0.0,97.42,97.42,0.0,266.18,260.68,5.5,0.0,0.0,0.0,0.0,0.0,0.0,
495241,ACCORDIUS HEALTH AT RIVER POINTE LLC,VIRGINIA BEACH,VA,Virginia Beach City,810,2019Q3,20190710,113,0.0,0.0,0.0,22.5,22.5,0.0,26.85,26.85,0.0,12.13,12.13,0.0,92.08,92.08,0.0,265.32,261.32,4.0,0.0,0.0,0.0,0.0,0.0,0.0,
495241,ACCORDIUS HEALTH AT RIVER POINTE LLC,VIRGINIA BEACH,VA,Virginia Beach City,810,2019Q3,20190711,112,0.0,0.0,0.0,7.5,7.5,0.0,23.72,23.72,0.0,9.95,9.95,0.0,103.0,103.0,0.0,278.0,271.0,7.0,0.0,0.0,0.0,0.0,0.0,0.0,
495241,ACCORDIUS HEALTH AT RIVER POINTE LLC,VIRGINIA BEACH,VA,Virginia Beach City,810,2019Q3,20190712,111,0.0,0.0,0.0,7.5,7.5,0.0,25.8,25.8,0.0,8.6,8.6,0.0,117.6,117.6,0.0,206.78,206.78,0.0,0.0,0.0,0.0,0.0,0.0,0.0,
495241,ACCORDIUS HEALTH AT RIVER POINTE LLC,VIRGINIA BEACH,VA,Virginia Beach City,810,2019Q3,20190713,111,0.0,0.0,0.0,0.0,0.0,0.0,10.68,10.68,0.0,0.62,0.62,0.0,108.53,108.53,0.0,205.27,205.27,0.0,0.0,0.0,0.0,0.0,0.0,0.0,
495241,ACCORDIUS HEALTH AT RIVER POINTE LLC,VIRGINIA BEACH,VA,Virginia Beach City,810,2019Q3,20190714,111,0.0,0.0,0.0,0.0,0.0,0.0,8.57,8.57,0.0,0.0,0.0,0.0,99.38,98.41,0.97,209.92,209.92,0.0,0.0,0.0,0.0,0.0,0.0,0.0,
495241,ACCORDIUS HEALTH AT RIVER POINTE LLC,VIRGINIA BEACH,VA,Virginia Beach City,810,2019Q3,20190715,110,0.0,0.0,0.0,22.5,22.5,0.0,21.45,21.45,0.0,7.67,7.67,0.0,114.44,107.34,7.1,211.26,203.76,7.5,0.0,0.0,0.0,0.0,0.0,0.0,
495241,ACCORDIUS HEALTH AT RIVER POINTE LLC,VIRGINIA BEACH,VA,Virginia Beach City,810,2019Q3,20190716,113,0.0,0.0,0.0,15.0,15.0,0.0,39.7,39.7,0.0,10.75,10.75,0.0,100.02,99.09,0.93,206.55,206.55,0.0,0.0,0.0,0.0,0.0,0.0,0.0,
495241,ACCORDIUS HEALTH AT RIVER POINTE LLC,VIRGINIA BEACH,VA,Virginia Beach City,810,2019Q3,20190717,114,0.0,0.0,0.0,22.5,22.5,0.0,34.52,34.52,0.0,8.58,8.58,0.0,116.6,109.12,7.48,217.94,210.69,7.25,0.0,0.0,0.0,0.0,0.0,0.0,
495241,ACCORDIUS HEALTH AT RIVER POINTE LLC,VIRGINIA BEACH,VA,Virginia Beach City,810,2019Q3,20190718,115,0.0,0.0,0.0,15.0,15.0,0.0,51.17,51.17,0.0,9.42,9.42,0.0,101.75,100.83,0.92,224.37,216.99,7.38,0.0,0.0,0.0,0.0,0.0,0.0,
495241,ACCORDIUS HEALTH AT RIVER POINTE LLC,VIRGINIA BEACH,VA,Virginia Beach City,810,2019Q3,20190719,118,0.0,0.0,0.0,15.0,15.0,0.0,27.38,27.38,0.0,8.03,8.03,0.0,127.23,119.31,7.92,190.53,190.53,0.0,0.0,0.0,0.0,0.0,0.0,0.0,
495241,ACCORDIUS HEALTH AT RIVER POINTE LLC,VIRGINIA BEACH,VA,Virginia Beach City,810,2019Q3,20190720,118,0.0,0.0,0.0,0.0,0.0,0.0,24.18,24.18,0.0,0.0,0.0,0.0,93.76,93.76,0.0,190.86,190.86,0.0,0.0,0.0,0.0,0.0,0.0,0.0,
495241,ACCORDIUS HEALTH AT RIVER POINTE LLC,VIRGINIA BEACH,VA,Virginia Beach City,810,2019Q3,20190721,118,0.0,0.0,0.0,0.0,0.0,0.0,25.15,25.15,0.0,0.0,0.0,0.0,98.33,98.33,0.0,200.42,200.42,0.0,0.0,0.0,0.0,0.0,0.0,0.0,
495241,ACCORDIUS HEALTH AT RIVER POINTE LLC,VIRGINIA BEACH,VA,Virginia Beach City,810,2019Q3,20190722,120,0.0,0.0,0.0,15.0,15.0,0.0,29.2,29.2,0.0,8.5,8.5,0.0,107.0,107.0,0.0,185.79,178.29,7.5,0.0,0.0,0.0,0.0,0.0,0.0,
495241,ACCORDIUS HEALTH AT RIVER POINTE LLC,VIRGINIA BEACH,VA,Virginia Beach City,810,2019Q3,20190723,119,0.0,0.0,0.0,15.0,15.0,0.0,17.22,17.22,0.0,9.62,9.62,0.0,122.49,122.49,0.0,203.22,203.22,0.0,0.0,0.0,0.0,0.0,0.0,0.0,
495241,ACCORDIUS HEALTH AT RIVER POINTE LLC,VIRGINIA BEACH,VA,Virginia Beach City,810,2019Q3,20190724,117,0.0,0.0,0.0,15.0,15.0,0.0,25.08,25.08,0.0,0.0,0.0,0.0,116.89,116.89,0.0,218.16,210.41,7.75,0.0,0.0,0.0,0.0,0.0,0.0,
495241,ACCORDIUS HEALTH AT RIVER POINTE LLC,VIRGINIA BEACH,VA,Virginia Beach City,810,2019Q3,20190725,114,0.0,0.0,0.0,15.0,15.0,0.0,40.72,40.72,0.0,9.02,9.02,0.0,105.45,105.45,0.0,215.35,207.92,7.43,0.0,0.0,0.0,0.0,0.0,0.0,
495241,ACCORDIUS HEALTH AT RIVER POINTE LLC,VIRGINIA BEACH,VA,Virginia Beach City,810,2019Q3,20190726,114,0.0,0.0,0.0,15.0,15.0,0.0,34.53,34.53,0.0,9.53,9.53,0.0,109.17,109.17,0.0,195.51,187.74,7.77,0.0,0.0,0.0,0.0,0.0,0.0,
495241,ACCORDIUS HEALTH AT RIVER POINTE LLC,VIRGINIA BEACH,VA,Virginia Beach City,810,2019Q3,20190727,114,0.0,0.0,0.0,0.0,0.0,0.0,18.13,18.13,0.0,1.42,1.42,0.0,106.11,106.11,0.0,181.17,181.17,0.0,0.0,0.0,0.0,0.0,0.0,0.0,
495241,ACCORDIUS HEALTH AT RIVER POINTE LLC,VIRGINIA BEACH,VA,Virginia Beach City,810,2019Q3,20190728,114,0.0,0.0,0.0,0.0,0.0,0.0,23.83,23.83,0.0,7.27,7.27,0.0,82.71,82.71,0.0,192.49,192.49,0.0,0.0,0.0,0.0,0.0,0.0,0.0,
495241,ACCORDIUS HEALTH AT RIVER POINTE LLC,VIRGINIA BEACH,VA,Virginia Beach City,810,2019Q3,20190729,113,0.0,0.0,0.0,15.0,15.0,0.0,24.05,24.05,0.0,9.02,9.02,0.0,110.36,110.36,0.0,211.66,204.16,7.5,0.0,0.0,0.0,0.0,0.0,0.0,
495241,ACCORDIUS HEALTH AT RIVER POINTE LLC,VIRGINIA BEACH,VA,Virginia Beach City,810,2019Q3,20190730,116,0.0,0.0,0.0,15.0,15.0,0.0,35.9,35.9,0.0,9.65,9.65,0.0,105.33,104.35,0.98,213.7,213.7,0.0,0.0,0.0,0.0,0.0,0.0,0.0,
495241,ACCORDIUS HEALTH AT RIVER POINTE LLC,VIRGINIA BEACH,VA,Virginia Beach City,810,2019Q3,20190731,116,0.0,0.0,0.0,15.0,15.0,0.0,52.18,52.18,0.0,10.27,10.27,0.0,105.67,98.22,7.45,188.9,181.25,7.65,0.0,0.0,0.0,0.0,0.0,0.0,
495241,ACCORDIUS HEALTH AT RIVER POINTE LLC,VIRGINIA BEACH,VA,Virginia Beach City,810,2019Q3,20190801,115,0.0,0.0,0.0,15.0,15.0,0.0,36.95,36.95,0.0,9.92,9.92,0.0,103.33,102.36,0.97,223.48,215.9,7.58,0.0,0.0,0.0,0.0,0.0,0.0,
495241,ACCORDIUS HEALTH AT RIVER POINTE LLC,VIRGINIA BEACH,VA,Virginia Beach City,810,2019Q3,20190802,116,0.0,0.0,0.0,7.5,7.5,0.0,33.75,33.75,0.0,0.0,0.0,0.0,115.76,108.51,7.25,217.68,216.61,1.07,0.0,0.0,0.0,0.0,0.0,0.0,
495241,ACCORDIUS HEALTH AT RIVER POINTE LLC,VIRGINIA BEACH,VA,Virginia Beach City,810,2019Q3,20190803,115,0.0,0.0,0.0,0.0,0.0,0.0,17.33,17.33,0.0,0.0,0.0,0.0,107.49,107.49,0.0,189.03,174.56,14.47,0.0,0.0,0.0,0.0,0.0,0.0,
495241,ACCORDIUS HEALTH AT RIVER POINTE LLC,VIRGINIA BEACH,VA,Virginia Beach City,810,2019Q3,20190804,113,0.0,0.0,0.0,0.0,0.0,0.0,7.7,7.7,0.0,0.0,0.0,0.0,111.16,111.16,0.0,213.77,205.89,7.88,0.0,0.0,0.0,0.0,0.0,0.0,
495241,ACCORDIUS HEALTH AT RIVER POINTE LLC,VIRGINIA BEACH,VA,Virginia Beach City,810,2019Q3,20190805,115,0.0,0.0,0.0,15.5,15.5,0.0,33.4,33.4,0.0,8.83,8.83,0.0,121.62,121.62,0.0,192.77,177.35,15.42,0.0,0.0,0.0,0.0,0.0,0.0,
495241,ACCORDIUS HEALTH AT RIVER POINTE LLC,VIRGINIA BEACH,VA,Virginia Beach City,810,2019Q3,20190806,117,0.0,0.0,0.0,15.5,15.5,0.0,27.4,27.4,0.0,10.38,10.38,0.0,126.0,125.55,0.45,212.88,212.88,0.0,0.0,0.0,0.0,0.0,0.0,0.0,
495241,ACCORDIUS HEALTH AT RIVER POINTE LLC,VIRGINIA BEACH,VA,Virginia Beach City,810,2019Q3,20190807,117,0.0,0.0,0.0,15.5,15.5,0.0,41.64,41.64,0.0,9.7,9.7,0.0,113.47,105.92,7.55,198.18,190.4,7.78,0.0,0.0,0.0,0.0,0.0,0.0,
495241,ACCORDIUS HEALTH AT RIVER POINTE LLC,VIRGINIA BEACH,VA,Virginia Beach City,810,2019Q3,20190808,117,0.0,0.0,0.0,15.5,15.5,0.0,41.51,41.51,0.0,1.28,1.28,0.0,95.18,95.18,0.0,209.13,200.96,8.17,0.0,0.0,0.0,0.0,0.0,0.0,
495241,ACCORDIUS HEALTH AT RIVER POINTE LLC,VIRGINIA BEACH,VA,Virginia Beach City,810,2019Q3,20190809,113,0.0,0.0,0.0,22.5,22.5,0.0,43.73,43.73,0.0,10.42,10.42,0.0,103.18,103.18,0.0,190.49,174.87,15.62,0.0,0.0,0.0,0.0,0.0,0.0,
495241,ACCORDIUS HEALTH AT RIVER POINTE LLC,VIRGINIA BEACH,VA,Virginia Beach City,810,2019Q3,20190810,112,0.0,0.0,0.0,0.0,0.0,0.0,19.76,19.76,0.0,3.25,3.25,0.0,108.56,107.56,1.0,189.37,189.37,0.0,0.0,0.0,0.0,0.0,0.0,0.0,
495241,ACCORDIUS HEALTH AT RIVER POINTE LLC,VIRGINIA BEACH,VA,Virginia Beach City,810,2019Q3,20190811,112,0.0,0.0,0.0,0.0,0.0,0.0,18.77,18.77,0.0,16.27,16.27,0.0,67.21,57.89,9.32,185.56,185.56,0.0,0.0,0.0,0.0,0.0,0.0,0.0,
495241,ACCORDIUS HEALTH AT RIVER POINTE LLC,VIRGINIA BEACH,VA,Virginia Beach City,810,2019Q3,20190812,113,0.0,0.0,0.0,22.5,22.5,0.0,16.48,16.48,0.0,6.43,6.43,0.0,89.95,81.95,8.0,230.32,215.15,15.17,0.0,0.0,0.0,0.0,0.0,0.0,
495241,ACCORDIUS HEALTH AT RIVER POINTE LLC,VIRGINIA BEACH,VA,Virginia Beach City,810,2019Q3,20190813,114,0.0,0.0,0.0,22.5,22.5,0.0,34.46,34.46,0.0,10.27,10.27,0.0,83.18,82.26,0.92,216.41,209.06,7.35,0.0,0.0,0.0,0.0,0.0,0.0,
495241,ACCORDIUS HEALTH AT RIVER POINTE LLC,VIRGINIA BEACH,VA,Virginia Beach City,810,2019Q3,20190814,114,0.0,0.0,0.0,15.0,15.0,0.0,60.61,60.61,0.0,9.88,9.88,0.0,85.55,77.87,7.68,204.22,188.79,15.43,0.0,0.0,0.0,0.0,0.0,0.0,
495241,ACCORDIUS HEALTH AT RIVER POINTE LLC,VIRGINIA BEACH,VA,Virginia Beach City,810,2019Q3,20190815,114,0.0,0.0,0.0,15.0,15.0,0.0,55.75,55.75,0.0,9.07,9.07,0.0,81.74,80.77,0.97,239.69,223.77,15.92,0.0,0.0,0.0,0.0,0.0,0.0,
495241,ACCORDIUS HEALTH AT RIVER POINTE LLC,VIRGINIA BEACH,VA,Virginia Beach City,810,2019Q3,20190816,113,0.0,0.0,0.0,15.0,15.0,0.0,26.84,26.84,0.0,8.83,8.83,0.0,111.45,103.37,8.08,203.16,195.91,7.25,0.0,0.0,0.0,0.0,0.0,0.0,
495241,ACCORDIUS HEALTH AT RIVER POINTE LLC,VIRGINIA BEACH,VA,Virginia Beach City,810,2019Q3,20190817,113,0.0,0.0,0.0,0.0,0.0,0.0,16.63,16.63,0.0,0.0,0.0,0.0,90.74,90.74,0.0,211.21,202.58,8.63,0.0,0.0,0.0,0.0,0.0,0.0,
495241,ACCORDIUS HEALTH AT RIVER POINTE LLC,VIRGINIA BEACH,VA,Virginia Beach City,810,2019Q3,20190818,113,0.0,0.0,0.0,0.0,0.0,0.0,15.67,15.67,0.0,1.28,1.28,0.0,90.73,90.73,0.0,204.77,188.99,15.78,0.0,0.0,0.0,0.0,0.0,0.0,
495241,ACCORDIUS HEALTH AT RIVER POINTE LLC,VIRGINIA BEACH,VA,Virginia Beach City,810,2019Q3,20190819,113,0.0,0.0,0.0,15.0,15.0,0.0,15.5,15.5,0.0,13.48,13.48,0.0,119.68,119.68,0.0,207.31,198.34,8.97,0.0,0.0,0.0,0.0,0.0,0.0,
495241,ACCORDIUS HEALTH AT RIVER POINTE LLC,VIRGINIA BEACH,VA,Virginia Beach City,810,2019Q3,20190820,112,0.0,0.0,0.0,15.0,15.0,0.0,16.53,16.53,0.0,9.28,9.28,0.0,105.57,105.15,0.42,212.65,212.65,0.0,0.0,0.0,0.0,0.0,0.0,0.0,
495241,ACCORDIUS HEALTH AT RIVER POINTE LLC,VIRGINIA BEACH,VA,Virginia Beach City,810,2019Q3,20190821,111,0.0,0.0,0.0,15.0,15.0,0.0,33.3,33.3,0.0,8.97,8.97,0.0,113.16,105.41,7.75,215.05,207.12,7.93,0.0,0.0,0.0,0.0,0.0,0.0,
495241,ACCORDIUS HEALTH AT RIVER POINTE LLC,VIRGINIA BEACH,VA,Virginia Beach City,810,2019Q3,20190822,112,0.0,0.0,0.0,15.0,15.0,0.0,31.74,31.74,0.0,8.4,8.4,0.0,119.15,119.15,0.0,192.06,184.11,7.95,0.0,0.0,0.0,0.0,0.0,0.0,
495241,ACCORDIUS HEALTH AT RIVER POINTE LLC,VIRGINIA BEACH,VA,Virginia Beach City,810,2019Q3,20190823,112,0.0,0.0,0.0,15.0,15.0,0.0,33.83,33.83,0.0,0.0,0.0,0.0,104.84,104.84,0.0,199.37,199.37,0.0,0.0,0.0,0.0,0.0,0.0,0.0,
495241,ACCORDIUS HEALTH AT RIVER POINTE LLC,VIRGINIA BEACH,VA,Virginia Beach City,810,2019Q3,20190824,112,0.0,0.0,0.0,0.0,0.0,0.0,17.65,17.65,0.0,1.43,1.43,0.0,109.99,109.99,0.0,188.1,188.1,0.0,0.0,0.0,0.0,0.0,0.0,0.0,
495241,ACCORDIUS HEALTH AT RIVER POINTE LLC,VIRGINIA BEACH,VA,Virginia Beach City,810,2019Q3,20190825,110,0.0,0.0,0.0,0.0,0.0,0.0,17.41,17.41,0.0,0.0,0.0,0.0,84.18,84.18,0.0,189.96,182.44,7.52,0.0,0.0,0.0,0.0,0.0,0.0,
495241,ACCORDIUS HEALTH AT RIVER POINTE LLC,VIRGINIA BEACH,VA,Virginia Beach City,810,2019Q3,20190826,112,0.0,0.0,0.0,15.0,15.0,0.0,33.63,33.63,0.0,9.9,9.9,0.0,92.22,92.22,0.0,213.7,205.45,8.25,0.0,0.0,0.0,0.0,0.0,0.0,
495241,ACCORDIUS HEALTH AT RIVER POINTE LLC,VIRGINIA BEACH,VA,Virginia Beach City,810,2019Q3,20190827,112,0.0,0.0,0.0,23.0,23.0,0.0,42.79,42.79,0.0,9.73,9.73,0.0,94.13,94.13,0.0,224.0,208.58,15.42,0.0,0.0,0.0,0.0,0.0,0.0,
495241,ACCORDIUS HEALTH AT RIVER POINTE LLC,VIRGINIA BEACH,VA,Virginia Beach City,810,2019Q3,20190828,110,0.0,0.0,0.0,15.0,15.0,0.0,42.84,42.84,0.0,14.12,14.12,0.0,98.01,98.01,0.0,228.34,213.86,14.48,0.0,0.0,0.0,0.0,0.0,0.0,
495241,ACCORDIUS HEALTH AT RIVER POINTE LLC,VIRGINIA BEACH,VA,Virginia Beach City,810,2019Q3,20190829,111,0.0,0.0,0.0,15.0,15.0,0.0,42.24,42.24,0.0,14.07,14.07,0.0,104.36,104.36,0.0,225.8,217.8,8.0,0.0,0.0,0.0,0.0,0.0,0.0,
495241,ACCORDIUS HEALTH AT RIVER POINTE LLC,VIRGINIA BEACH,VA,Virginia Beach City,810,2019Q3,20190830,111,0.0,0.0,0.0,22.5,22.5,0.0,27.04,27.04,0.0,8.45,8.45,0.0,93.93,93.93,0.0,178.78,178.78,0.0,0.0,0.0,0.0,0.0,0.0,0.0,
495241,ACCORDIUS HEALTH AT RIVER POINTE LLC,VIRGINIA BEACH,VA,Virginia Beach City,810,2019Q3,20190831,111,0.0,0.0,0.0,0.0,0.0,0.0,24.97,24.97,0.0,0.0,0.0,0.0,83.79,83.79,0.0,197.27,189.54,7.73,0.0,0.0,0.0,0.0,0.0,0.0,
495241,ACCORDIUS HEALTH AT RIVER POINTE LLC,VIRGINIA BEACH,VA,Virginia Beach City,810,2019Q3,20190901,111,0.0,0.0,0.0,0.0,0.0,0.0,15.17,15.17,0.0,16.13,16.13,0.0,70.17,70.17,0.0,192.77,185.02,7.75,0.0,0.0,0.0,0.0,0.0,0.0,
495241,ACCORDIUS HEALTH AT RIVER POINTE LLC,VIRGINIA BEACH,VA,Virginia Beach City,810,2019Q3,20190902,111,0.0,0.0,0.0,7.5,7.5,0.0,16.05,16.05,0.0,0.0,0.0,0.0,98.48,98.48,0.0,180.98,173.6,7.38,0.0,0.0,0.0,0.0,0.0,0.0,
495241,ACCORDIUS HEALTH AT RIVER POINTE LLC,VIRGINIA BEACH,VA,Virginia Beach City,810,2019Q3,20190903,111,0.0,0.0,0.0,22.5,22.5,0.0,20.86,20.86,0.0,9.32,9.32,0.0,85.39,85.39,0.0,196.45,196.45,0.0,0.0,0.0,0.0,0.0,0.0,0.0,
495241,ACCORDIUS HEALTH AT RIVER POINTE LLC,VIRGINIA BEACH,VA,Virginia Beach City,810,2019Q3,20190904,110,0.0,0.0,0.0,22.5,22.5,0.0,31.46,31.46,0.0,9.2,9.2,0.0,91.65,91.65,0.0,216.32,208.57,7.75,0.0,0.0,0.0,0.0,0.0,0.0,
495241,ACCORDIUS HEALTH AT RIVER POINTE LLC,VIRGINIA BEACH,VA,Virginia Beach City,810,2019Q3,20190905,111,0.0,0.0,0.0,22.5,22.5,0.0,21.84,21.84,0.0,16.33,16.33,0.0,108.86,108.86,0.0,214.18,206.66,7.52,0.0,0.0,0.0,0.0,0.0,0.0,
495241,ACCORDIUS HEALTH AT RIVER POINTE LLC,VIRGINIA BEACH,VA,Virginia Beach City,810,2019Q3,20190906,111,0.0,0.0,0.0,22.5,22.5,0.0,25.85,25.85,0.0,4.05,4.05,0.0,113.21,113.21,0.0,206.81,206.81,0.0,0.0,0.0,0.0,0.0,0.0,0.0,
495241,ACCORDIUS HEALTH AT RIVER POINTE LLC,VIRGINIA BEACH,VA,Virginia Beach City,810,2019Q3,20190907,111,0.0,0.0,0.0,0.0,0.0,0.0,25.42,25.42,0.0,0.0,0.0,0.0,95.5,95.5,0.0,182.15,182.15,0.0,0.0,0.0,0.0,0.0,0.0,0.0,
495241,ACCORDIUS HEALTH AT RIVER POINTE LLC,VIRGINIA BEACH,VA,Virginia Beach City,810,2019Q3,20190908,111,0.0,0.0,0.0,0.0,0.0,0.0,18.22,18.22,0.0,15.92,15.92,0.0,78.55,78.55,0.0,170.47,170.47,0.0,0.0,0.0,0.0,0.0,0.0,0.0,
495241,ACCORDIUS HEALTH AT RIVER POINTE LLC,VIRGINIA BEACH,VA,Virginia Beach City,810,2019Q3,20190909,112,0.0,0.0,0.0,15.0,15.0,0.0,34.36,34.36,0.0,8.95,8.95,0.0,92.58,92.58,0.0,181.15,173.32,7.83,0.0,0.0,0.0,0.0,0.0,0.0,
495241,ACCORDIUS HEALTH AT RIVER POINTE LLC,VIRGINIA BEACH,VA,Virginia Beach City,810,2019Q3,20190910,112,0.0,0.0,0.0,15.0,15.0,0.0,37.95,37.95,0.0,8.87,8.87,0.0,81.51,81.51,0.0,202.85,202.85,0.0,0.0,0.0,0.0,0.0,0.0,0.0,
495241,ACCORDIUS HEALTH AT RIVER POINTE LLC,VIRGINIA BEACH,VA,Virginia Beach City,810,2019Q3,20190911,112,0.0,0.0,0.0,15.0,15.0,0.0,32.15,32.15,0.0,6.25,6.25,0.0,110.18,110.18,0.0,210.4,194.73,15.67,0.0,0.0,0.0,0.0,0.0,0.0,
495241,ACCORDIUS HEALTH AT RIVER POINTE LLC,VIRGINIA BEACH,VA,Virginia Beach City,810,2019Q3,20190912,111,0.0,0.0,0.0,15.0,15.0,0.0,45.78,45.78,0.0,8.27,8.27,0.0,67.31,67.31,0.0,216.32,216.32,0.0,0.0,0.0,0.0,0.0,0.0,0.0,
495241,ACCORDIUS HEALTH AT RIVER POINTE LLC,VIRGINIA BEACH,VA,Virginia Beach City,810,2019Q3,20190913,110,0.0,0.0,0.0,15.0,15.0,0.0,22.47,22.47,0.0,15.0,15.0,0.0,86.09,86.09,0.0,190.27,190.27,0.0,0.0,0.0,0.0,0.0,0.0,0.0,
495241,ACCORDIUS HEALTH AT RIVER POINTE LLC,VIRGINIA BEACH,VA,Virginia Beach City,810,2019Q3,20190914,109,0.0,0.0,0.0,0.0,0.0,0.0,12.25,12.25,0.0,3.08,3.08,0.0,99.54,99.54,0.0,202.84,195.32,7.52,0.0,0.0,0.0,0.0,0.0,0.0,
495241,ACCORDIUS HEALTH AT RIVER POINTE LLC,VIRGINIA BEACH,VA,Virginia Beach City,810,2019Q3,20190915,108,0.0,0.0,0.0,0.0,0.0,0.0,14.23,14.23,0.0,0.0,0.0,0.0,105.9,105.9,0.0,186.91,179.24,7.67,0.0,0.0,0.0,0.0,0.0,0.0,
495241,ACCORDIUS HEALTH AT RIVER POINTE LLC,VIRGINIA BEACH,VA,Virginia Beach City,810,2019Q3,20190916,106,0.0,0.0,0.0,15.0,15.0,0.0,22.61,22.61,0.0,7.2,7.2,0.0,107.4,107.4,0.0,189.22,181.42,7.8,0.0,0.0,0.0,0.0,0.0,0.0,
495241,ACCORDIUS HEALTH AT RIVER POINTE LLC,VIRGINIA BEACH,VA,Virginia Beach City,810,2019Q3,20190917,108,0.0,0.0,0.0,15.0,15.0,0.0,19.42,19.42,0.0,14.22,14.22,0.0,93.8,93.8,0.0,204.19,199.11,5.08,0.0,0.0,0.0,0.0,0.0,0.0,
495241,ACCORDIUS HEALTH AT RIVER POINTE LLC,VIRGINIA BEACH,VA,Virginia Beach City,810,2019Q3,20190918,109,0.0,0.0,0.0,15.0,15.0,0.0,36.96,36.96,0.0,7.8,7.8,0.0,106.29,106.29,0.0,195.29,187.92,7.37,0.0,0.0,0.0,0.0,0.0,0.0,
495241,ACCORDIUS HEALTH AT RIVER POINTE LLC,VIRGINIA BEACH,VA,Virginia Beach City,810,2019Q3,20190919,108,0.0,0.0,0.0,15.0,15.0,0.0,35.22,35.22,0.0,9.48,9.48,0.0,110.55,110.55,0.0,194.82,187.2,7.62,0.0,0.0,0.0,0.0,0.0,0.0,
495241,ACCORDIUS HEALTH AT RIVER POINTE LLC,VIRGINIA BEACH,VA,Virginia Beach City,810,2019Q3,20190920,108,0.0,0.0,0.0,15.0,15.0,0.0,35.69,35.69,0.0,9.08,9.08,0.0,116.51,116.51,0.0,195.39,189.02,6.37,0.0,0.0,0.0,0.0,0.0,0.0,
495241,ACCORDIUS HEALTH AT RIVER POINTE LLC,VIRGINIA BEACH,VA,Virginia Beach City,810,2019Q3,20190921,108,0.0,0.0,0.0,0.0,0.0,0.0,17.02,17.02,0.0,3.47,3.47,0.0,105.62,105.62,0.0,165.75,160.13,5.62,0.0,0.0,0.0,0.0,0.0,0.0,
495241,ACCORDIUS HEALTH AT RIVER POINTE LLC,VIRGINIA BEACH,VA,Virginia Beach City,810,2019Q3,20190922,107,0.0,0.0,0.0,0.0,0.0,0.0,29.29,29.29,0.0,8.2,8.2,0.0,81.7,81.7,0.0,166.76,166.76,0.0,0.0,0.0,0.0,0.0,0.0,0.0,
495241,ACCORDIUS HEALTH AT RIVER POINTE LLC,VIRGINIA BEACH,VA,Virginia Beach City,810,2019Q3,20190923,107,0.0,0.0,0.0,7.5,7.5,0.0,28.38,28.38,0.0,14.98,14.98,0.0,107.68,107.68,0.0,208.67,200.72,7.95,0.0,0.0,0.0,0.0,0.0,0.0,
495241,ACCORDIUS HEALTH AT RIVER POINTE LLC,VIRGINIA BEACH,VA,Virginia Beach City,810,2019Q3,20190924,107,0.0,0.0,0.0,17.0,17.0,0.0,31.25,31.25,0.0,12.17,12.17,0.0,108.66,108.66,0.0,192.78,192.78,0.0,0.0,0.0,0.0,0.0,0.0,0.0,
495241,ACCORDIUS HEALTH AT RIVER POINTE LLC,VIRGINIA BEACH,VA,Virginia Beach City,810,2019Q3,20190925,106,0.0,0.0,0.0,17.25,17.25,0.0,33.2,33.2,0.0,0.0,0.0,0.0,117.71,117.71,0.0,188.61,182.09,6.52,0.0,0.0,0.0,0.0,0.0,0.0,
495241,ACCORDIUS HEALTH AT RIVER POINTE LLC,VIRGINIA BEACH,VA,Virginia Beach City,810,2019Q3,20190926,107,0.0,0.0,0.0,16.0,16.0,0.0,43.46,43.46,0.0,8.0,8.0,0.0,97.98,97.98,0.0,195.65,187.33,8.32,0.0,0.0,0.0,0.0,0.0,0.0,
495241,ACCORDIUS HEALTH AT RIVER POINTE LLC,VIRGINIA BEACH,VA,Virginia Beach City,810,2019Q3,20190927,111,0.0,0.0,0.0,15.0,15.0,0.0,30.07,30.07,0.0,8.38,8.38,0.0,112.32,112.32,0.0,170.85,164.88,5.97,0.0,0.0,0.0,0.0,0.0,0.0,
495241,ACCORDIUS HEALTH AT RIVER POINTE LLC,VIRGINIA BEACH,VA,Virginia Beach City,810,2019Q3,20190928,111,0.0,0.0,0.0,0.0,0.0,0.0,20.9,20.9,0.0,0.0,0.0,0.0,123.22,123.22,0.0,190.16,182.01,8.15,0.0,0.0,0.0,0.0,0.0,0.0,
495241,ACCORDIUS HEALTH AT RIVER POINTE LLC,VIRGINIA BEACH,VA,Virginia Beach City,810,2019Q3,20190929,112,0.0,0.0,0.0,0.0,0.0,0.0,10.6,10.6,0.0,0.0,0.0,0.0,125.99,125.99,0.0,171.6,156.45,15.15,0.0,0.0,0.0,0.0,0.0,0.0,
495241,ACCORDIUS HEALTH AT RIVER POINTE LLC,VIRGINIA BEACH,VA,Virginia Beach City,810,2019Q3,20190930,112,0.0,0.0,0.0,9.5,9.5,0.0,37.74,37.74,0.0,8.52,8.52,0.0,110.13,110.13,0.0,169.79,163.52,6.27,0.0,0.0,0.0,0.0,0.0,0.0,
495241,ACCORDIUS HEALTH AT RIVER POINTE LLC,VIRGINIA BEACH,VA,Virginia Beach City,810,2019Q4,20191001,114,0.0,0.0,0.0,15.0,15.0,0.0,21.19,21.19,0.0,6.48,6.48,0.0,122.98,122.98,0.0,204.73,204.73,0.0,0.0,0.0,0.0,0.0,0.0,0.0,
495241,ACCORDIUS HEALTH AT RIVER POINTE LLC,VIRGINIA BEACH,VA,Virginia Beach City,810,2019Q4,20191002,113,0.0,0.0,0.0,15.0,15.0,0.0,45.63,45.63,0.0,9.1,9.1,0.0,106.62,106.62,0.0,187.1,187.1,0.0,0.0,0.0,0.0,0.0,0.0,0.0,
495241,ACCORDIUS HEALTH AT RIVER POINTE LLC,VIRGINIA BEACH,VA,Virginia Beach City,810,2019Q4,20191003,112,0.0,0.0,0.0,17.97,17.97,0.0,28.05,28.05,0.0,8.97,8.97,0.0,105.11,105.11,0.0,201.38,201.38,0.0,0.0,0.0,0.0,0.0,0.0,0.0,
495241,ACCORDIUS HEALTH AT RIVER POINTE LLC,VIRGINIA BEACH,VA,Virginia Beach City,810,2019Q4,20191004,112,0.0,0.0,0.0,15.0,15.0,0.0,37.19,37.19,0.0,8.65,8.65,0.0,114.9,114.9,0.0,159.28,159.28,0.0,0.0,0.0,0.0,0.0,0.0,0.0,
495241,ACCORDIUS HEALTH AT RIVER POINTE LLC,VIRGINIA BEACH,VA,Virginia Beach City,810,2019Q4,20191005,112,0.0,0.0,0.0,0.0,0.0,0.0,38.83,38.83,0.0,0.0,0.0,0.0,81.88,81.88,0.0,178.27,178.27,0.0,0.0,0.0,0.0,0.0,0.0,0.0,
495241,ACCORDIUS HEALTH AT RIVER POINTE LLC,VIRGINIA BEACH,VA,Virginia Beach City,810,2019Q4,20191006,112,0.0,0.0,0.0,0.0,0.0,0.0,25.24,25.24,0.0,7.85,7.85,0.0,88.23,88.23,0.0,170.17,170.17,0.0,0.0,0.0,0.0,0.0,0.0,0.0,
495241,ACCORDIUS HEALTH AT RIVER POINTE LLC,VIRGINIA BEACH,VA,Virginia Beach City,810,2019Q4,20191007,113,0.0,0.0,0.0,16.0,16.0,0.0,19.87,19.87,0.0,5.53,5.53,0.0,113.95,113.95,0.0,177.68,177.68,0.0,0.0,0.0,0.0,0.0,0.0,0.0,
495241,ACCORDIUS HEALTH AT RIVER POINTE LLC,VIRGINIA BEACH,VA,Virginia Beach City,810,2019Q4,20191008,113,0.0,0.0,0.0,16.83,16.83,0.0,32.66,32.66,0.0,8.23,8.23,0.0,101.34,101.34,0.0,198.05,198.05,0.0,0.0,0.0,0.0,0.0,0.0,0.0,
495241,ACCORDIUS HEALTH AT RIVER POINTE LLC,VIRGINIA BEACH,VA,Virginia Beach City,810,2019Q4,20191009,113,0.0,0.0,0.0,16.33,16.33,0.0,44.07,44.07,0.0,8.2,8.2,0.0,101.2,101.2,0.0,193.74,193.74,0.0,0.0,0.0,0.0,0.0,0.0,0.0,
495241,ACCORDIUS HEALTH AT RIVER POINTE LLC,VIRGINIA BEACH,VA,Virginia Beach City,810,2019Q4,20191010,111,0.0,0.0,0.0,8.5,8.5,0.0,33.43,33.43,0.0,8.22,8.22,0.0,110.23,110.23,0.0,193.43,193.43,0.0,0.0,0.0,0.0,0.0,0.0,0.0,
495241,ACCORDIUS HEALTH AT RIVER POINTE LLC,VIRGINIA BEACH,VA,Virginia Beach City,810,2019Q4,20191011,111,0.0,0.0,0.0,9.0,9.0,0.0,18.43,18.43,0.0,9.02,9.02,0.0,109.46,109.46,0.0,167.86,167.86,0.0,0.0,0.0,0.0,0.0,0.0,0.0,
495241,ACCORDIUS HEALTH AT RIVER POINTE LLC,VIRGINIA BEACH,VA,Virginia Beach City,810,2019Q4,20191012,109,0.0,0.0,0.0,0.0,0.0,0.0,25.67,25.67,0.0,0.0,0.0,0.0,101.74,101.74,0.0,190.67,190.67,0.0,0.0,0.0,0.0,0.0,0.0,0.0,
495241,ACCORDIUS HEALTH AT RIVER POINTE LLC,VIRGINIA BEACH,VA,Virginia Beach City,810,2019Q4,20191013,109,0.0,0.0,0.0,0.0,0.0,0.0,9.15,9.15,0.0,0.0,0.0,0.0,123.12,123.12,0.0,192.56,192.56,0.0,0.0,0.0,0.0,0.0,0.0,0.0,
495241,ACCORDIUS HEALTH AT RIVER POINTE LLC,VIRGINIA BEACH,VA,Virginia Beach City,810,2019Q4,20191014,109,0.0,0.0,0.0,8.5,8.5,0.0,28.0,28.0,0.0,9.45,9.45,0.0,120.77,120.77,0.0,170.61,170.61,0.0,0.0,0.0,0.0,0.0,0.0,0.0,
495241,ACCORDIUS HEALTH AT RIVER POINTE LLC,VIRGINIA BEACH,VA,Virginia Beach City,810,2019Q4,20191015,107,0.0,0.0,0.0,8.67,8.67,0.0,26.65,26.65,0.0,14.18,14.18,0.0,114.61,114.61,0.0,189.0,189.0,0.0,0.0,0.0,0.0,0.0,0.0,0.0,
495241,ACCORDIUS HEALTH AT RIVER POINTE LLC,VIRGINIA BEACH,VA,Virginia Beach City,810,2019Q4,20191016,107,0.0,0.0,0.0,15.0,15.0,0.0,41.92,41.92,0.0,6.65,6.65,0.0,99.27,99.27,0.0,201.21,201.21,0.0,0.0,0.0,0.0,0.0,0.0,0.0,
495241,ACCORDIUS HEALTH AT RIVER POINTE LLC,VIRGINIA BEACH,VA,Virginia Beach City,810,2019Q4,20191017,111,0.0,0.0,0.0,16.08,16.08,0.0,25.95,25.95,0.0,9.3,9.3,0.0,130.17,130.17,0.0,204.53,204.53,0.0,0.0,0.0,0.0,0.0,0.0,0.0,
495241,ACCORDIUS HEALTH AT RIVER POINTE LLC,VIRGINIA BEACH,VA,Virginia Beach City,810,2019Q4,20191018,111,0.0,0.0,0.0,17.0,17.0,0.0,8.61,8.61,0.0,8.18,8.18,0.0,134.79,134.79,0.0,184.55,184.55,0.0,0.0,0.0,0.0,0.0,0.0,0.0,
495241,ACCORDIUS HEALTH AT RIVER POINTE LLC,VIRGINIA BEACH,VA,Virginia Beach City,810,2019Q4,20191019,111,0.0,0.0,0.0,2.0,2.0,0.0,3.3,3.3,0.0,0.0,0.0,0.0,110.69,110.69,0.0,200.44,200.44,0.0,0.0,0.0,0.0,0.0,0.0,0.0,
495241,ACCORDIUS HEALTH AT RIVER POINTE LLC,VIRGINIA BEACH,VA,Virginia Beach City,810,2019Q4,20191020,111,0.0,0.0,0.0,2.0,2.0,0.0,13.72,13.72,0.0,5.85,5.85,0.0,119.19,119.19,0.0,211.45,211.45,0.0,0.0,0.0,0.0,0.0,0.0,0.0,
495241,ACCORDIUS HEALTH AT RIVER POINTE LLC,VIRGINIA BEACH,VA,Virginia Beach City,810,2019Q4,20191021,112,0.0,0.0,0.0,10.92,10.92,0.0,21.59,21.59,0.0,12.83,12.83,0.0,113.48,113.48,0.0,222.85,222.85,0.0,0.0,0.0,0.0,0.0,0.0,0.0,
495241,ACCORDIUS HEALTH AT RIVER POINTE LLC,VIRGINIA BEACH,VA,Virginia Beach City,810,2019Q4,20191022,112,0.0,0.0,0.0,17.0,17.0,0.0,27.05,27.05,0.0,14.38,14.38,0.0,102.69,102.69,0.0,188.14,188.14,0.0,0.0,0.0,0.0,0.0,0.0,0.0,
495241,ACCORDIUS HEALTH AT RIVER POINTE LLC,VIRGINIA BEACH,VA,Virginia Beach City,810,2019Q4,20191023,113,0.0,0.0,0.0,17.0,17.0,0.0,32.71,32.71,0.0,7.95,7.95,0.0,108.0,108.0,0.0,207.66,207.66,0.0,0.0,0.0,0.0,0.0,0.0,0.0,
495241,ACCORDIUS HEALTH AT RIVER POINTE LLC,VIRGINIA BEACH,VA,Virginia Beach City,810,2019Q4,20191024,114,0.0,0.0,0.0,17.0,17.0,0.0,33.34,33.34,0.0,7.25,7.25,0.0,109.74,109.74,0.0,196.19,196.19,0.0,0.0,0.0,0.0,0.0,0.0,0.0,
495241,ACCORDIUS HEALTH AT RIVER POINTE LLC,VIRGINIA BEACH,VA,Virginia Beach City,810,2019Q4,20191025,114,0.0,0.0,0.0,15.0,15.0,0.0,18.82,18.82,0.0,9.57,9.57,0.0,128.94,128.94,0.0,196.01,196.01,0.0,0.0,0.0,0.0,0.0,0.0,0.0,
495241,ACCORDIUS HEALTH AT RIVER POINTE LLC,VIRGINIA BEACH,VA,Virginia Beach City,810,2019Q4,20191026,114,0.0,0.0,0.0,5.0,5.0,0.0,24.98,24.98,0.0,7.92,7.92,0.0,91.84,91.84,0.0,234.7,234.7,0.0,0.0,0.0,0.0,0.0,0.0,0.0,
495241,ACCORDIUS HEALTH AT RIVER POINTE LLC,VIRGINIA BEACH,VA,Virginia Beach City,810,2019Q4,20191027,114,0.0,0.0,0.0,2.0,2.0,0.0,7.97,7.97,0.0,0.0,0.0,0.0,115.44,115.44,0.0,186.83,186.83,0.0,0.0,0.0,0.0,0.0,0.0,0.0,
495241,ACCORDIUS HEALTH AT RIVER POINTE LLC,VIRGINIA BEACH,VA,Virginia Beach City,810,2019Q4,20191028,114,0.0,0.0,0.0,9.5,9.5,0.0,27.37,27.37,0.0,13.78,13.78,0.0,111.92,111.92,0.0,173.6,173.6,0.0,0.0,0.0,0.0,0.0,0.0,0.0,
495241,ACCORDIUS HEALTH AT RIVER POINTE LLC,VIRGINIA BEACH,VA,Virginia Beach City,810,2019Q4,20191029,113,0.0,0.0,0.0,18.75,18.75,0.0,17.42,17.42,0.0,5.58,5.58,0.0,124.72,124.72,0.0,187.73,187.73,0.0,0.0,0.0,0.0,0.0,0.0,0.0,
495241,ACCORDIUS HEALTH AT RIVER POINTE LLC,VIRGINIA BEACH,VA,Virginia Beach City,810,2019Q4,20191030,114,0.0,0.0,0.0,17.0,17.0,0.0,40.36,40.36,0.0,8.87,8.87,0.0,98.87,98.87,0.0,215.13,215.13,0.0,0.0,0.0,0.0,0.0,0.0,0.0,
495241,ACCORDIUS HEALTH AT RIVER POINTE LLC,VIRGINIA BEACH,VA,Virginia Beach City,810,2019Q4,20191031,114,0.0,0.0,0.0,17.0,17.0,0.0,19.86,19.86,0.0,5.6,5.6,0.0,117.63,117.63,0.0,214.35,214.35,0.0,0.0,0.0,0.0,0.0,0.0,0.0,
495241,ACCORDIUS HEALTH AT RIVER POINTE LLC,VIRGINIA BEACH,VA,Virginia Beach City,810,2019Q4,20191101,113,0.0,0.0,0.0,15.0,15.0,0.0,9.28,9.28,0.0,7.23,7.23,0.0,136.51,136.51,0.0,175.05,175.05,0.0,0.0,0.0,0.0,0.0,0.0,0.0,
495241,ACCORDIUS HEALTH AT RIVER POINTE LLC,VIRGINIA BEACH,VA,Virginia Beach City,810,2019Q4,20191102,113,0.0,0.0,0.0,3.0,3.0,0.0,17.54,17.54,0.0,0.0,0.0,0.0,96.0,96.0,0.0,205.01,205.01,0.0,0.0,0.0,0.0,0.0,0.0,0.0,
495241,ACCORDIUS HEALTH AT RIVER POINTE LLC,VIRGINIA BEACH,VA,Virginia Beach City,810,2019Q4,20191103,113,0.0,0.0,0.0,0.0,0.0,0.0,33.62,33.62,0.0,6.25,6.25,0.0,81.91,81.91,0.0,220.1,220.1,0.0,0.0,0.0,0.0,0.0,0.0,0.0,
495241,ACCORDIUS HEALTH AT RIVER POINTE LLC,VIRGINIA BEACH,VA,Virginia Beach City,810,2019Q4,20191104,112,0.0,0.0,0.0,15.0,15.0,0.0,22.9,22.9,0.0,7.93,7.93,0.0,105.91,105.91,0.0,209.48,209.48,0.0,0.0,0.0,0.0,0.0,0.0,0.0,
495241,ACCORDIUS HEALTH AT RIVER POINTE LLC,VIRGINIA BEACH,VA,Virginia Beach City,810,2019Q4,20191105,113,0.0,0.0,0.0,15.0,15.0,0.0,11.58,11.58,0.0,8.12,8.12,0.0,123.79,123.79,0.0,207.59,207.59,0.0,0.0,0.0,0.0,0.0,0.0,0.0,
495241,ACCORDIUS HEALTH AT RIVER POINTE LLC,VIRGINIA BEACH,VA,Virginia Beach City,810,2019Q4,20191106,111,0.0,0.0,0.0,15.0,15.0,0.0,29.45,29.45,0.0,8.3,8.3,0.0,91.96,91.96,0.0,202.12,202.12,0.0,0.0,0.0,0.0,0.0,0.0,0.0,
495241,ACCORDIUS HEALTH AT RIVER POINTE LLC,VIRGINIA BEACH,VA,Virginia Beach City,810,2019Q4,20191107,111,0.0,0.0,0.0,15.0,15.0,0.0,27.09,27.09,0.0,8.45,8.45,0.0,104.9,104.9,0.0,204.07,204.07,0.0,0.0,0.0,0.0,0.0,0.0,0.0,
495241,ACCORDIUS HEALTH AT RIVER POINTE LLC,VIRGINIA BEACH,VA,Virginia Beach City,810,2019Q4,20191108,110,0.0,0.0,0.0,7.5,7.5,0.0,29.97,29.97,0.0,8.38,8.38,0.0,103.4,103.4,0.0,200.4,200.4,0.0,0.0,0.0,0.0,0.0,0.0,0.0,
495241,ACCORDIUS HEALTH AT RIVER POINTE LLC,VIRGINIA BEACH,VA,Virginia Beach City,810,2019Q4,20191109,109,0.0,0.0,0.0,0.0,0.0,0.0,21.35,21.35,0.0,15.55,15.55,0.0,76.34,76.34,0.0,215.21,215.21,0.0,0.0,0.0,0.0,0.0,0.0,0.0,
495241,ACCORDIUS HEALTH AT RIVER POINTE LLC,VIRGINIA BEACH,VA,Virginia Beach City,810,2019Q4,20191110,109,0.0,0.0,0.0,0.0,0.0,0.0,5.17,5.17,0.0,15.38,15.38,0.0,88.04,88.04,0.0,199.0,199.0,0.0,0.0,0.0,0.0,0.0,0.0,0.0,
495241,ACCORDIUS HEALTH AT RIVER POINTE LLC,VIRGINIA BEACH,VA,Virginia Beach City,810,2019Q4,20191111,110,0.0,0.0,0.0,15.0,15.0,0.0,24.5,24.5,0.0,0.0,0.0,0.0,111.61,111.61,0.0,209.99,209.99,0.0,0.0,0.0,0.0,0.0,0.0,0.0,
495241,ACCORDIUS HEALTH AT RIVER POINTE LLC,VIRGINIA BEACH,VA,Virginia Beach City,810,2019Q4,20191112,108,0.0,0.0,0.0,15.0,15.0,0.0,18.08,18.08,0.0,8.58,8.58,0.0,124.14,124.14,0.0,210.94,210.94,0.0,0.0,0.0,0.0,0.0,0.0,0.0,
495241,ACCORDIUS HEALTH AT RIVER POINTE LLC,VIRGINIA BEACH,VA,Virginia Beach City,810,2019Q4,20191113,107,0.0,0.0,0.0,17.0,17.0,0.0,34.25,34.25,0.0,5.87,5.87,0.0,117.13,117.13,0.0,211.14,211.14,0.0,0.0,0.0,0.0,0.0,0.0,0.0,
495241,ACCORDIUS HEALTH AT RIVER POINTE LLC,VIRGINIA BEACH,VA,Virginia Beach City,810,2019Q4,20191114,107,0.0,0.0,0.0,15.0,15.0,0.0,25.07,25.07,0.0,8.72,8.72,0.0,110.38,110.38,0.0,200.71,200.71,0.0,0.0,0.0,0.0,0.0,0.0,0.0,
495241,ACCORDIUS HEALTH AT RIVER POINTE LLC,VIRGINIA BEACH,VA,Virginia Beach City,810,2019Q4,20191115,107,0.0,0.0,0.0,15.0,15.0,0.0,24.17,24.17,0.0,8.22,8.22,0.0,123.32,123.32,0.0,197.53,197.53,0.0,0.0,0.0,0.0,0.0,0.0,0.0,
495241,ACCORDIUS HEALTH AT RIVER POINTE LLC,VIRGINIA BEACH,VA,Virginia Beach City,810,2019Q4,20191116,107,0.0,0.0,0.0,0.0,0.0,0.0,26.46,26.46,0.0,0.0,0.0,0.0,100.66,100.66,0.0,222.96,222.96,0.0,0.0,0.0,0.0,0.0,0.0,0.0,
495241,ACCORDIUS HEALTH AT RIVER POINTE LLC,VIRGINIA BEACH,VA,Virginia Beach City,810,2019Q4,20191117,106,0.0,0.0,0.0,0.0,0.0,0.0,18.12,18.12,0.0,7.68,7.68,0.0,97.13,97.13,0.0,250.92,250.92,0.0,0.0,0.0,0.0,0.0,0.0,0.0,
495241,ACCORDIUS HEALTH AT RIVER POINTE LLC,VIRGINIA BEACH,VA,Virginia Beach City,810,2019Q4,20191118,105,0.0,0.0,0.0,7.5,7.5,0.0,27.08,27.08,0.0,9.43,9.43,0.0,122.62,122.62,0.0,223.36,223.36,0.0,0.0,0.0,0.0,0.0,0.0,0.0,
495241,ACCORDIUS HEALTH AT RIVER POINTE LLC,VIRGINIA BEACH,VA,Virginia Beach City,810,2019Q4,20191119,106,0.0,0.0,0.0,15.0,15.0,0.0,19.11,19.11,0.0,0.0,0.0,0.0,100.82,100.82,0.0,191.44,191.44,0.0,0.0,0.0,0.0,0.0,0.0,0.0,
495241,ACCORDIUS HEALTH AT RIVER POINTE LLC,VIRGINIA BEACH,VA,Virginia Beach City,810,2019Q4,20191120,104,0.0,0.0,0.0,15.0,15.0,0.0,18.46,18.46,0.0,0.0,0.0,0.0,116.7,116.7,0.0,175.56,175.56,0.0,0.0,0.0,0.0,0.0,0.0,0.0,
495241,ACCORDIUS HEALTH AT RIVER POINTE LLC,VIRGINIA BEACH,VA,Virginia Beach City,810,2019Q4,20191121,104,0.0,0.0,0.0,15.0,15.0,0.0,31.72,31.72,0.0,0.0,0.0,0.0,93.7,93.7,0.0,198.64,198.64,0.0,0.0,0.0,0.0,0.0,0.0,0.0,
495241,ACCORDIUS HEALTH AT RIVER POINTE LLC,VIRGINIA BEACH,VA,Virginia Beach City,810,2019Q4,20191122,107,0.0,0.0,0.0,15.0,15.0,0.0,16.75,16.75,0.0,9.28,9.28,0.0,119.89,119.89,0.0,196.0,196.0,0.0,0.0,0.0,0.0,0.0,0.0,0.0,
495241,ACCORDIUS HEALTH AT RIVER POINTE LLC,VIRGINIA BEACH,VA,Virginia Beach City,810,2019Q4,20191123,106,0.0,0.0,0.0,0.0,0.0,0.0,16.45,16.45,0.0,0.0,0.0,0.0,115.37,115.37,0.0,209.81,209.81,0.0,0.0,0.0,0.0,0.0,0.0,0.0,
495241,ACCORDIUS HEALTH AT RIVER POINTE LLC,VIRGINIA BEACH,VA,Virginia Beach City,810,2019Q4,20191124,107,0.0,0.0,0.0,0.0,0.0,0.0,8.12,8.12,0.0,7.0,7.0,0.0,106.18,106.18,0.0,189.42,189.42,0.0,0.0,0.0,0.0,0.0,0.0,0.0,
495241,ACCORDIUS HEALTH AT RIVER POINTE LLC,VIRGINIA BEACH,VA,Virginia Beach City,810,2019Q4,20191125,108,0.0,0.0,0.0,7.5,7.5,0.0,27.25,27.25,0.0,10.4,10.4,0.0,126.38,126.38,0.0,187.52,187.52,0.0,0.0,0.0,0.0,0.0,0.0,0.0,
495241,ACCORDIUS HEALTH AT RIVER POINTE LLC,VIRGINIA BEACH,VA,Virginia Beach City,810,2019Q4,20191126,111,0.0,0.0,0.0,15.0,15.0,0.0,18.45,18.45,0.0,8.78,8.78,0.0,142.93,142.93,0.0,195.09,195.09,0.0,0.0,0.0,0.0,0.0,0.0,0.0,
495241,ACCORDIUS HEALTH AT RIVER POINTE LLC,VIRGINIA BEACH,VA,Virginia Beach City,810,2019Q4,20191127,112,0.0,0.0,0.0,15.0,15.0,0.0,31.59,31.59,0.0,5.2,5.2,0.0,123.79,123.79,0.0,202.63,202.63,0.0,0.0,0.0,0.0,0.0,0.0,0.0,
495241,ACCORDIUS HEALTH AT RIVER POINTE LLC,VIRGINIA BEACH,VA,Virginia Beach City,810,2019Q4,20191128,114,0.0,0.0,0.0,15.0,15.0,0.0,16.45,16.45,0.0,0.0,0.0,0.0,124.93,124.93,0.0,182.97,182.97,0.0,0.0,0.0,0.0,0.0,0.0,0.0,
495241,ACCORDIUS HEALTH AT RIVER POINTE LLC,VIRGINIA BEACH,VA,Virginia Beach City,810,2019Q4,20191129,113,0.0,0.0,0.0,7.5,7.5,0.0,18.93,18.93,0.0,5.8,5.8,0.0,125.68,125.68,0.0,195.7,195.7,0.0,0.0,0.0,0.0,0.0,0.0,0.0,
495241,ACCORDIUS HEALTH AT RIVER POINTE LLC,VIRGINIA BEACH,VA,Virginia Beach City,810,2019Q4,20191130,113,0.0,0.0,0.0,0.0,0.0,0.0,17.35,17.35,0.0,0.0,0.0,0.0,105.96,105.96,0.0,177.3,177.3,0.0,0.0,0.0,0.0,0.0,0.0,0.0,
495241,ACCORDIUS HEALTH AT RIVER POINTE LLC,VIRGINIA BEACH,VA,Virginia Beach City,810,2019Q4,20191201,111,0.0,0.0,0.0,0.0,0.0,0.0,37.85,37.85,0.0,0.0,0.0,0.0,85.56,85.56,0.0,182.08,182.08,0.0,0.0,0.0,0.0,0.0,0.0,0.0,
495241,ACCORDIUS HEALTH AT RIVER POINTE LLC,VIRGINIA BEACH,VA,Virginia Beach City,810,2019Q4,20191202,109,0.0,0.0,0.0,7.5,7.5,0.0,13.1,13.1,0.0,8.88,8.88,0.0,127.91,127.91,0.0,202.01,202.01,0.0,0.0,0.0,0.0,0.0,0.0,0.0,
495241,ACCORDIUS HEALTH AT RIVER POINTE LLC,VIRGINIA BEACH,VA,Virginia Beach City,810,2019Q4,20191203,110,0.0,0.0,0.0,15.0,15.0,0.0,27.08,27.08,0.0,9.67,9.67,0.0,101.79,101.79,0.0,175.19,175.19,0.0,0.0,0.0,0.0,0.0,0.0,0.0,
495241,ACCORDIUS HEALTH AT RIVER POINTE LLC,VIRGINIA BEACH,VA,Virginia Beach City,810,2019Q4,20191204,110,0.0,0.0,0.0,15.0,15.0,0.0,35.86,35.86,0.0,9.82,9.82,0.0,101.96,101.96,0.0,184.06,184.06,0.0,0.0,0.0,0.0,0.0,0.0,0.0,
495241,ACCORDIUS HEALTH AT RIVER POINTE LLC,VIRGINIA BEACH,VA,Virginia Beach City,810,2019Q4,20191205,110,0.0,0.0,0.0,15.0,15.0,0.0,34.59,34.59,0.0,8.72,8.72,0.0,124.02,124.02,0.0,186.6,186.6,0.0,0.0,0.0,0.0,0.0,0.0,0.0,
495241,ACCORDIUS HEALTH AT RIVER POINTE LLC,VIRGINIA BEACH,VA,Virginia Beach City,810,2019Q4,20191206,112,0.0,0.0,0.0,7.5,7.5,0.0,16.37,16.37,0.0,7.4,7.4,0.0,133.31,133.31,0.0,210.99,210.99,0.0,0.0,0.0,0.0,0.0,0.0,0.0,
495241,ACCORDIUS HEALTH AT RIVER POINTE LLC,VIRGINIA BEACH,VA,Virginia Beach City,810,2019Q4,20191207,111,0.0,0.0,0.0,0.0,0.0,0.0,18.02,18.02,0.0,8.52,8.52,0.0,100.54,100.54,0.0,226.48,226.48,0.0,0.0,0.0,0.0,0.0,0.0,0.0,
495241,ACCORDIUS HEALTH AT RIVER POINTE LLC,VIRGINIA BEACH,VA,Virginia Beach City,810,2019Q4,20191208,110,0.0,0.0,0.0,0.0,0.0,0.0,8.28,8.28,0.0,2.6,2.6,0.0,109.29,109.29,0.0,201.86,201.86,0.0,0.0,0.0,0.0,0.0,0.0,0.0,
495241,ACCORDIUS HEALTH AT RIVER POINTE LLC,VIRGINIA BEACH,VA,Virginia Beach City,810,2019Q4,20191209,109,0.0,0.0,0.0,7.5,7.5,0.0,16.89,16.89,0.0,8.77,8.77,0.0,136.15,136.15,0.0,172.86,172.86,0.0,0.0,0.0,0.0,0.0,0.0,0.0,
495241,ACCORDIUS HEALTH AT RIVER POINTE LLC,VIRGINIA BEACH,VA,Virginia Beach City,810,2019Q4,20191210,107,0.0,0.0,0.0,15.0,15.0,0.0,18.59,18.59,0.0,9.05,9.05,0.0,118.35,118.35,0.0,204.18,204.18,0.0,0.0,0.0,0.0,0.0,0.0,0.0,
495241,ACCORDIUS HEALTH AT RIVER POINTE LLC,VIRGINIA BEACH,VA,Virginia Beach City,810,2019Q4,20191211,107,0.0,0.0,0.0,15.0,15.0,0.0,35.36,35.36,0.0,9.52,9.52,0.0,118.25,118.25,0.0,199.89,199.89,0.0,0.0,0.0,0.0,0.0,0.0,0.0,
495241,ACCORDIUS HEALTH AT RIVER POINTE LLC,VIRGINIA BEACH,VA,Virginia Beach City,810,2019Q4,20191212,108,0.0,0.0,0.0,15.0,15.0,0.0,16.94,16.94,0.0,8.85,8.85,0.0,125.39,125.39,0.0,208.53,208.53,0.0,0.0,0.0,0.0,0.0,0.0,0.0,
495241,ACCORDIUS HEALTH AT RIVER POINTE LLC,VIRGINIA BEACH,VA,Virginia Beach City,810,2019Q4,20191213,108,0.0,0.0,0.0,7.5,7.5,0.0,27.4,27.4,0.0,9.33,9.33,0.0,131.41,131.41,0.0,182.62,182.62,0.0,0.0,0.0,0.0,0.0,0.0,0.0,
495241,ACCORDIUS HEALTH AT RIVER POINTE LLC,VIRGINIA BEACH,VA,Virginia Beach City,810,2019Q4,20191214,109,0.0,0.0,0.0,0.0,0.0,0.0,17.2,17.2,0.0,0.0,0.0,0.0,116.2,116.2,0.0,182.85,182.85,0.0,0.0,0.0,0.0,0.0,0.0,0.0,
495241,ACCORDIUS HEALTH AT RIVER POINTE LLC,VIRGINIA BEACH,VA,Virginia Beach City,810,2019Q4,20191215,108,0.0,0.0,0.0,0.0,0.0,0.0,21.91,21.91,0.0,0.0,0.0,0.0,122.65,122.65,0.0,176.2,176.2,0.0,0.0,0.0,0.0,0.0,0.0,0.0,
495241,ACCORDIUS HEALTH AT RIVER POINTE LLC,VIRGINIA BEACH,VA,Virginia Beach City,810,2019Q4,20191216,107,0.0,0.0,0.0,7.5,7.5,0.0,17.58,17.58,0.0,8.72,8.72,0.0,130.61,130.61,0.0,168.08,168.08,0.0,0.0,0.0,0.0,0.0,0.0,0.0,
495241,ACCORDIUS HEALTH AT RIVER POINTE LLC,VIRGINIA BEACH,VA,Virginia Beach City,810,2019Q4,20191217,107,0.0,0.0,0.0,7.5,7.5,0.0,26.15,26.15,0.0,8.53,8.53,0.0,108.73,108.73,0.0,160.21,160.21,0.0,0.0,0.0,0.0,0.0,0.0,0.0,
495241,ACCORDIUS HEALTH AT RIVER POINTE LLC,VIRGINIA BEACH,VA,Virginia Beach City,810,2019Q4,20191218,106,0.0,0.0,0.0,7.5,7.5,0.0,33.72,33.72,0.0,7.93,7.93,0.0,120.1,120.1,0.0,172.98,172.98,0.0,0.0,0.0,0.0,0.0,0.0,0.0,
495241,ACCORDIUS HEALTH AT RIVER POINTE LLC,VIRGINIA BEACH,VA,Virginia Beach City,810,2019Q4,20191219,106,0.0,0.0,0.0,7.5,7.5,0.0,34.82,34.82,0.0,7.02,7.02,0.0,129.35,129.35,0.0,156.32,156.32,0.0,0.0,0.0,0.0,0.0,0.0,0.0,
495241,ACCORDIUS HEALTH AT RIVER POINTE LLC,VIRGINIA BEACH,VA,Virginia Beach City,810,2019Q4,20191220,107,0.0,0.0,0.0,7.5,7.5,0.0,17.77,17.77,0.0,5.65,5.65,0.0,124.56,124.56,0.0,143.74,143.74,0.0,0.0,0.0,0.0,0.0,0.0,0.0,
495241,ACCORDIUS HEALTH AT RIVER POINTE LLC,VIRGINIA BEACH,VA,Virginia Beach City,810,2019Q4,20191221,107,0.0,0.0,0.0,0.0,0.0,0.0,18.45,18.45,0.0,0.0,0.0,0.0,98.59,98.59,0.0,155.22,155.22,0.0,0.0,0.0,0.0,0.0,0.0,0.0,
495241,ACCORDIUS HEALTH AT RIVER POINTE LLC,VIRGINIA BEACH,VA,Virginia Beach City,810,2019Q4,20191222,107,0.0,0.0,0.0,0.0,0.0,0.0,8.13,8.13,0.0,0.0,0.0,0.0,111.66,111.66,0.0,157.35,157.35,0.0,0.0,0.0,0.0,0.0,0.0,0.0,
495241,ACCORDIUS HEALTH AT RIVER POINTE LLC,VIRGINIA BEACH,VA,Virginia Beach City,810,2019Q4,20191223,107,0.0,0.0,0.0,7.5,7.5,0.0,26.83,26.83,0.0,9.2,9.2,0.0,120.56,120.56,0.0,149.54,149.54,0.0,0.0,0.0,0.0,0.0,0.0,0.0,
495241,ACCORDIUS HEALTH AT RIVER POINTE LLC,VIRGINIA BEACH,VA,Virginia Beach City,810,2019Q4,20191224,107,0.0,0.0,0.0,7.5,7.5,0.0,7.02,7.02,0.0,7.68,7.68,0.0,132.95,132.95,0.0,159.72,159.72,0.0,0.0,0.0,0.0,0.0,0.0,0.0,
495241,ACCORDIUS HEALTH AT RIVER POINTE LLC,VIRGINIA BEACH,VA,Virginia Beach City,810,2019Q4,20191225,107,0.0,0.0,0.0,0.0,0.0,0.0,18.83,18.83,0.0,2.35,2.35,0.0,102.71,102.71,0.0,162.64,162.64,0.0,0.0,0.0,0.0,0.0,0.0,0.0,
495241,ACCORDIUS HEALTH AT RIVER POINTE LLC,VIRGINIA BEACH,VA,Virginia Beach City,810,2019Q4,20191226,108,0.0,0.0,0.0,7.5,7.5,0.0,24.23,24.23,0.0,7.07,7.07,0.0,103.29,103.29,0.0,173.66,173.66,0.0,0.0,0.0,0.0,0.0,0.0,0.0,
495241,ACCORDIUS HEALTH AT RIVER POINTE LLC,VIRGINIA BEACH,VA,Virginia Beach City,810,2019Q4,20191227,107,0.0,0.0,0.0,7.5,7.5,0.0,26.62,26.62,0.0,5.15,5.15,0.0,106.7,106.7,0.0,147.56,147.56,0.0,0.0,0.0,0.0,0.0,0.0,0.0,
495241,ACCORDIUS HEALTH AT RIVER POINTE LLC,VIRGINIA BEACH,VA,Virginia Beach City,810,2019Q4,20191228,107,0.0,0.0,0.0,0.0,0.0,0.0,15.49,15.49,0.0,5.4,5.4,0.0,102.56,102.56,0.0,146.31,146.31,0.0,0.0,0.0,0.0,0.0,0.0,0.0,
495241,ACCORDIUS HEALTH AT RIVER POINTE LLC,VIRGINIA BEACH,VA,Virginia Beach City,810,2019Q4,20191229,107,0.0,0.0,0.0,0.0,0.0,0.0,17.87,17.87,0.0,8.82,8.82,0.0,95.38,95.38,0.0,139.11,139.11,0.0,0.0,0.0,0.0,0.0,0.0,0.0,
495241,ACCORDIUS HEALTH AT RIVER POINTE LLC,VIRGINIA BEACH,VA,Virginia Beach City,810,2019Q4,20191230,107,0.0,0.0,0.0,9.5,9.5,0.0,26.22,26.22,0.0,8.87,8.87,0.0,124.39,124.39,0.0,141.46,141.46,0.0,0.0,0.0,0.0,0.0,0.0,0.0,
495241,ACCORDIUS HEALTH AT RIVER POINTE LLC,VIRGINIA BEACH,VA,Virginia Beach City,810,2019Q4,20191231,108,0.0,0.0,0.0,7.5,7.5,0.0,26.3,26.3,0.0,9.0,9.0,0.0,114.92,114.92,0.0,148.43,148.43,0.0,0.0,0.0,0.0,0.0,0.0,0.0,
495241,ACCORDIUS HEALTH AT RIVER POINTE LLC,VIRGINIA BEACH,VA,Virginia Beach City,810,2020Q2,20200401,105,8.0,8.0,0.0,7.5,7.5,0.0,32.65,32.65,0.0,11.02,11.02,0.0,121.02,121.02,0.0,193.02,193.02,0.0,0.0,0.0,0.0,0.0,0.0,0.0,
495241,ACCORDIUS HEALTH AT RIVER POINTE LLC,VIRGINIA BEACH,VA,Virginia Beach City,810,2020Q2,20200402,105,8.0,8.0,0.0,7.5,7.5,0.0,27.97,27.97,0.0,9.87,9.87,0.0,136.53,136.53,0.0,198.94,198.94,0.0,0.0,0.0,0.0,0.0,0.0,0.0,
495241,ACCORDIUS HEALTH AT RIVER POINTE LLC,VIRGINIA BEACH,VA,Virginia Beach City,810,2020Q2,20200403,105,8.0,8.0,0.0,7.5,7.5,0.0,28.37,28.37,0.0,9.73,9.73,0.0,135.33,135.33,0.0,171.04,171.04,0.0,0.0,0.0,0.0,0.0,0.0,0.0,
495241,ACCORDIUS HEALTH AT RIVER POINTE LLC,VIRGINIA BEACH,VA,Virginia Beach City,810,2020Q2,20200404,105,0.0,0.0,0.0,0.0,0.0,0.0,12.36,12.36,0.0,0.0,0.0,0.0,121.54,121.54,0.0,212.99,212.99,0.0,0.0,0.0,0.0,0.0,0.0,0.0,
495241,ACCORDIUS HEALTH AT RIVER POINTE LLC,VIRGINIA BEACH,VA,Virginia Beach City,810,2020Q2,20200405,105,0.0,0.0,0.0,0.0,0.0,0.0,10.02,10.02,0.0,0.0,0.0,0.0,109.29,109.29,0.0,158.13,158.13,0.0,0.0,0.0,0.0,0.0,0.0,0.0,
495241,ACCORDIUS HEALTH AT RIVER POINTE LLC,VIRGINIA BEACH,VA,Virginia Beach City,810,2020Q2,20200406,105,8.0,8.0,0.0,15.0,15.0,0.0,17.72,17.72,0.0,9.83,9.83,0.0,132.7,132.7,0.0,171.57,171.57,0.0,0.0,0.0,0.0,0.0,0.0,0.0,
495241,ACCORDIUS HEALTH AT RIVER POINTE LLC,VIRGINIA BEACH,VA,Virginia Beach City,810,2020Q2,20200407,105,8.0,8.0,0.0,15.0,15.0,0.0,20.4,20.4,0.0,9.77,9.77,0.0,127.2,127.2,0.0,152.04,152.04,0.0,0.0,0.0,0.0,0.0,0.0,0.0,
495241,ACCORDIUS HEALTH AT RIVER POINTE LLC,VIRGINIA BEACH,VA,Virginia Beach City,810,2020Q2,20200408,105,8.0,8.0,0.0,15.0,15.0,0.0,29.15,29.15,0.0,10.37,10.37,0.0,117.77,117.77,0.0,166.94,166.94,0.0,0.0,0.0,0.0,0.0,0.0,0.0,
495241,ACCORDIUS HEALTH AT RIVER POINTE LLC,VIRGINIA BEACH,VA,Virginia Beach City,810,2020Q2,20200409,105,8.0,8.0,0.0,15.0,15.0,0.0,27.54,27.54,0.0,10.3,10.3,0.0,123.03,123.03,0.0,197.54,197.54,0.0,0.0,0.0,0.0,0.0,0.0,0.0,
495241,ACCORDIUS HEALTH AT RIVER POINTE LLC,VIRGINIA BEACH,VA,Virginia Beach City,810,2020Q2,20200410,104,8.0,8.0,0.0,15.0,15.0,0.0,9.33,9.33,0.0,10.37,10.37,0.0,136.74,136.74,0.0,173.82,173.82,0.0,0.0,0.0,0.0,0.0,0.0,0.0,
495241,ACCORDIUS HEALTH AT RIVER POINTE LLC,VIRGINIA BEACH,VA,Virginia Beach City,810,2020Q2,20200411,105,0.0,0.0,0.0,0.0,0.0,0.0,22.02,22.02,0.0,0.0,0.0,0.0,111.17,111.17,0.0,206.15,206.15,0.0,0.0,0.0,0.0,0.0,0.0,0.0,
495241,ACCORDIUS HEALTH AT RIVER POINTE LLC,VIRGINIA BEACH,VA,Virginia Beach City,810,2020Q2,20200412,106,0.0,0.0,0.0,0.0,0.0,0.0,9.05,9.05,0.0,0.0,0.0,0.0,123.55,123.55,0.0,170.33,170.33,0.0,0.0,0.0,0.0,0.0,0.0,0.0,
495241,ACCORDIUS HEALTH AT RIVER POINTE LLC,VIRGINIA BEACH,VA,Virginia Beach City,810,2020Q2,20200413,106,8.0,8.0,0.0,15.0,15.0,0.0,8.5,8.5,0.0,7.0,7.0,0.0,119.75,119.75,0.0,156.97,156.97,0.0,0.0,0.0,0.0,0.0,0.0,0.0,
495241,ACCORDIUS HEALTH AT RIVER POINTE LLC,VIRGINIA BEACH,VA,Virginia Beach City,810,2020Q2,20200414,106,8.0,8.0,0.0,15.0,15.0,0.0,9.23,9.23,0.0,9.72,9.72,0.0,140.52,140.52,0.0,149.85,149.85,0.0,0.0,0.0,0.0,0.0,0.0,0.0,
495241,ACCORDIUS HEALTH AT RIVER POINTE LLC,VIRGINIA BEACH,VA,Virginia Beach City,810,2020Q2,20200415,107,8.0,8.0,0.0,15.0,15.0,0.0,17.95,17.95,0.0,9.28,9.28,0.0,117.44,117.44,0.0,172.39,172.39,0.0,0.0,0.0,0.0,0.0,0.0,0.0,
495241,ACCORDIUS HEALTH AT RIVER POINTE LLC,VIRGINIA BEACH,VA,Virginia Beach City,810,2020Q2,20200416,107,8.0,8.0,0.0,15.0,15.0,0.0,16.45,16.45,0.0,0.0,0.0,0.0,128.16,128.16,0.0,181.02,181.02,0.0,0.0,0.0,0.0,0.0,0.0,0.0,
495241,ACCORDIUS HEALTH AT RIVER POINTE LLC,VIRGINIA BEACH,VA,Virginia Beach City,810,2020Q2,20200417,106,8.0,8.0,0.0,15.0,15.0,0.0,1.08,1.08,0.0,10.28,10.28,0.0,149.35,149.35,0.0,171.59,171.59,0.0,0.0,0.0,0.0,0.0,0.0,0.0,
495241,ACCORDIUS HEALTH AT RIVER POINTE LLC,VIRGINIA BEACH,VA,Virginia Beach City,810,2020Q2,20200418,106,0.0,0.0,0.0,0.0,0.0,0.0,9.4,9.4,0.0,0.0,0.0,0.0,111.51,111.51,0.0,179.0,179.0,0.0,0.0,0.0,0.0,0.0,0.0,0.0,
495241,ACCORDIUS HEALTH AT RIVER POINTE LLC,VIRGINIA BEACH,VA,Virginia Beach City,810,2020Q2,20200419,106,0.0,0.0,0.0,0.0,0.0,0.0,8.92,8.92,0.0,12.43,12.43,0.0,107.04,107.04,0.0,175.5,175.5,0.0,0.0,0.0,0.0,0.0,0.0,0.0,
495241,ACCORDIUS HEALTH AT RIVER POINTE LLC,VIRGINIA BEACH,VA,Virginia Beach City,810,2020Q2,20200420,106,8.0,8.0,0.0,15.0,15.0,0.0,16.18,16.18,0.0,8.45,8.45,0.0,108.86,108.86,0.0,169.24,169.24,0.0,0.0,0.0,0.0,0.0,0.0,0.0,
495241,ACCORDIUS HEALTH AT RIVER POINTE LLC,VIRGINIA BEACH,VA,Virginia Beach City,810,2020Q2,20200421,106,8.0,8.0,0.0,15.0,15.0,0.0,9.22,9.22,0.0,9.03,9.03,0.0,110.45,110.45,0.0,147.02,147.02,0.0,0.0,0.0,0.0,0.0,0.0,0.0,
495241,ACCORDIUS HEALTH AT RIVER POINTE LLC,VIRGINIA BEACH,VA,Virginia Beach City,810,2020Q2,20200422,106,8.0,8.0,0.0,15.0,15.0,0.0,17.12,17.12,0.0,9.0,9.0,0.0,121.52,121.52,0.0,163.99,163.99,0.0,0.0,0.0,0.0,0.0,0.0,0.0,
495241,ACCORDIUS HEALTH AT RIVER POINTE LLC,VIRGINIA BEACH,VA,Virginia Beach City,810,2020Q2,20200423,105,8.0,8.0,0.0,15.0,15.0,0.0,16.2,16.2,0.0,9.25,9.25,0.0,119.17,119.17,0.0,200.06,200.06,0.0,0.0,0.0,0.0,0.0,0.0,0.0,
495241,ACCORDIUS HEALTH AT RIVER POINTE LLC,VIRGINIA BEACH,VA,Virginia Beach City,810,2020Q2,20200424,105,8.0,8.0,0.0,15.0,15.0,0.0,9.65,9.65,0.0,9.7,9.7,0.0,142.36,142.36,0.0,173.24,173.24,0.0,0.0,0.0,0.0,0.0,0.0,0.0,
495241,ACCORDIUS HEALTH AT RIVER POINTE LLC,VIRGINIA BEACH,VA,Virginia Beach City,810,2020Q2,20200425,105,0.0,0.0,0.0,0.0,0.0,0.0,9.9,9.9,0.0,1.25,1.25,0.0,119.14,119.14,0.0,167.64,167.64,0.0,0.0,0.0,0.0,0.0,0.0,0.0,
495241,ACCORDIUS HEALTH AT RIVER POINTE LLC,VIRGINIA BEACH,VA,Virginia Beach City,810,2020Q2,20200426,104,0.0,0.0,0.0,0.0,0.0,0.0,8.55,8.55,0.0,13.03,13.03,0.0,115.9,115.9,0.0,170.16,170.16,0.0,0.0,0.0,0.0,0.0,0.0,0.0,
495241,ACCORDIUS HEALTH AT RIVER POINTE LLC,VIRGINIA BEACH,VA,Virginia Beach City,810,2020Q2,20200427,105,8.0,8.0,0.0,15.0,15.0,0.0,8.13,8.13,0.0,11.03,11.03,0.0,116.41,116.41,0.0,121.11,121.11,0.0,0.0,0.0,0.0,0.0,0.0,0.0,
495241,ACCORDIUS HEALTH AT RIVER POINTE LLC,VIRGINIA BEACH,VA,Virginia Beach City,810,2020Q2,20200428,105,8.0,8.0,0.0,15.0,15.0,0.0,9.6,9.6,0.0,12.2,12.2,0.0,124.7,124.7,0.0,128.27,128.27,0.0,0.0,0.0,0.0,0.0,0.0,0.0,
495241,ACCORDIUS HEALTH AT RIVER POINTE LLC,VIRGINIA BEACH,VA,Virginia Beach City,810,2020Q2,20200429,104,8.0,8.0,0.0,15.0,15.0,0.0,19.44,19.44,0.0,10.23,10.23,0.0,120.55,120.55,0.0,168.99,168.99,0.0,0.0,0.0,0.0,0.0,0.0,0.0,
495241,ACCORDIUS HEALTH AT RIVER POINTE LLC,VIRGINIA BEACH,VA,Virginia Beach City,810,2020Q2,20200430,104,8.0,8.0,0.0,15.0,15.0,0.0,16.67,16.67,0.0,8.75,8.75,0.0,113.66,113.66,0.0,158.67,158.67,0.0,0.0,0.0,0.0,0.0,0.0,0.0,
495241,ACCORDIUS HEALTH AT RIVER POINTE LLC,VIRGINIA BEACH,VA,Virginia Beach City,810,2020Q2,20200501,102,8.0,8.0,0.0,15.0,15.0,0.0,9.7,9.7,0.0,14.67,14.67,0.0,131.62,131.62,0.0,122.17,122.17,0.0,0.0,0.0,0.0,0.0,0.0,0.0,
495241,ACCORDIUS HEALTH AT RIVER POINTE LLC,VIRGINIA BEACH,VA,Virginia Beach City,810,2020Q2,20200502,102,0.0,0.0,0.0,0.0,0.0,0.0,18.32,18.32,0.0,0.0,0.0,0.0,115.91,115.91,0.0,131.34,131.34,0.0,0.0,0.0,0.0,0.0,0.0,0.0,
495241,ACCORDIUS HEALTH AT RIVER POINTE LLC,VIRGINIA BEACH,VA,Virginia Beach City,810,2020Q2,20200503,102,0.0,0.0,0.0,0.0,0.0,0.0,23.7,23.7,0.0,8.35,8.35,0.0,97.23,97.23,0.0,131.54,131.54,0.0,0.0,0.0,0.0,0.0,0.0,0.0,
495241,ACCORDIUS HEALTH AT RIVER POINTE LLC,VIRGINIA BEACH,VA,Virginia Beach City,810,2020Q2,20200504,102,8.0,8.0,0.0,15.0,15.0,0.0,15.75,15.75,0.0,10.93,10.93,0.0,122.95,122.95,0.0,149.79,149.79,0.0,0.0,0.0,0.0,0.0,0.0,0.0,
495241,ACCORDIUS HEALTH AT RIVER POINTE LLC,VIRGINIA BEACH,VA,Virginia Beach City,810,2020Q2,20200505,102,8.0,8.0,0.0,15.0,15.0,0.0,9.07,9.07,0.0,13.87,13.87,0.0,112.86,112.86,0.0,156.97,156.97,0.0,0.0,0.0,0.0,0.0,0.0,0.0,
495241,ACCORDIUS HEALTH AT RIVER POINTE LLC,VIRGINIA BEACH,VA,Virginia Beach City,810,2020Q2,20200506,102,8.0,8.0,0.0,15.0,15.0,0.0,17.78,17.78,0.0,8.45,8.45,0.0,119.62,119.62,0.0,139.51,139.51,0.0,0.0,0.0,0.0,0.0,0.0,0.0,
495241,ACCORDIUS HEALTH AT RIVER POINTE LLC,VIRGINIA BEACH,VA,Virginia Beach City,810,2020Q2,20200507,102,8.0,8.0,0.0,15.0,15.0,0.0,16.24,16.24,0.0,9.83,9.83,0.0,120.65,120.65,0.0,176.48,176.48,0.0,0.0,0.0,0.0,0.0,0.0,0.0,
495241,ACCORDIUS HEALTH AT RIVER POINTE LLC,VIRGINIA BEACH,VA,Virginia Beach City,810,2020Q2,20200508,101,8.0,8.0,0.0,15.0,15.0,0.0,5.78,5.78,0.0,11.05,11.05,0.0,125.59,125.59,0.0,134.27,134.27,0.0,0.0,0.0,0.0,0.0,0.0,0.0,
495241,ACCORDIUS HEALTH AT RIVER POINTE LLC,VIRGINIA BEACH,VA,Virginia Beach City,810,2020Q2,20200509,100,0.0,0.0,0.0,0.0,0.0,0.0,16.38,16.38,0.0,0.0,0.0,0.0,106.91,106.91,0.0,129.75,129.75,0.0,0.0,0.0,0.0,0.0,0.0,0.0,
495241,ACCORDIUS HEALTH AT RIVER POINTE LLC,VIRGINIA BEACH,VA,Virginia Beach City,810,2020Q2,20200510,100,0.0,0.0,0.0,0.0,0.0,0.0,0.0,0.0,0.0,7.18,7.18,0.0,100.82,100.82,0.0,118.46,118.46,0.0,0.0,0.0,0.0,0.0,0.0,0.0,
495241,ACCORDIUS HEALTH AT RIVER POINTE LLC,VIRGINIA BEACH,VA,Virginia Beach City,810,2020Q2,20200511,100,8.0,8.0,0.0,15.0,15.0,0.0,7.02,7.02,0.0,8.45,8.45,0.0,119.59,119.59,0.0,109.55,109.55,0.0,0.0,0.0,0.0,0.0,0.0,0.0,
495241,ACCORDIUS HEALTH AT RIVER POINTE LLC,VIRGINIA BEACH,VA,Virginia Beach City,810,2020Q2,20200512,100,8.0,8.0,0.0,15.0,15.0,0.0,9.21,9.21,0.0,9.22,9.22,0.0,120.65,120.65,0.0,111.71,111.71,0.0,0.0,0.0,0.0,0.0,0.0,0.0,
495241,ACCORDIUS HEALTH AT RIVER POINTE LLC,VIRGINIA BEACH,VA,Virginia Beach City,810,2020Q2,20200513,100,8.0,8.0,0.0,15.0,15.0,0.0,17.29,17.29,0.0,8.9,8.9,0.0,120.08,120.08,0.0,156.5,156.5,0.0,0.0,0.0,0.0,0.0,0.0,0.0,
495241,ACCORDIUS HEALTH AT RIVER POINTE LLC,VIRGINIA BEACH,VA,Virginia Beach City,810,2020Q2,20200514,102,8.0,8.0,0.0,15.0,15.0,0.0,7.63,7.63,0.0,9.33,9.33,0.0,121.06,121.06,0.0,145.88,145.88,0.0,0.0,0.0,0.0,0.0,0.0,0.0,
495241,ACCORDIUS HEALTH AT RIVER POINTE LLC,VIRGINIA BEACH,VA,Virginia Beach City,810,2020Q2,20200515,102,8.0,8.0,0.0,15.0,15.0,0.0,1.1,1.1,0.0,9.07,9.07,0.0,135.81,135.81,0.0,138.69,138.69,0.0,0.0,0.0,0.0,0.0,0.0,0.0,
495241,ACCORDIUS HEALTH AT RIVER POINTE LLC,VIRGINIA BEACH,VA,Virginia Beach City,810,2020Q2,20200516,102,0.0,0.0,0.0,0.0,0.0,0.0,9.1,9.1,0.0,0.0,0.0,0.0,105.97,105.97,0.0,130.14,130.14,0.0,0.0,0.0,0.0,0.0,0.0,0.0,
495241,ACCORDIUS HEALTH AT RIVER POINTE LLC,VIRGINIA BEACH,VA,Virginia Beach City,810,2020Q2,20200517,102,0.0,0.0,0.0,0.0,0.0,0.0,8.73,8.73,0.0,8.87,8.87,0.0,93.88,93.88,0.0,133.87,133.87,0.0,0.0,0.0,0.0,0.0,0.0,0.0,
495241,ACCORDIUS HEALTH AT RIVER POINTE LLC,VIRGINIA BEACH,VA,Virginia Beach City,810,2020Q2,20200518,100,8.0,8.0,0.0,15.0,15.0,0.0,7.52,7.52,0.0,10.83,10.83,0.0,114.61,114.61,0.0,113.52,113.52,0.0,0.0,0.0,0.0,0.0,0.0,0.0,
495241,ACCORDIUS HEALTH AT RIVER POINTE LLC,VIRGINIA BEACH,VA,Virginia Beach City,810,2020Q2,20200519,99,8.0,8.0,0.0,15.0,15.0,0.0,1.07,1.07,0.0,10.53,10.53,0.0,102.02,102.02,0.0,119.0,119.0,0.0,0.0,0.0,0.0,0.0,0.0,0.0,
495241,ACCORDIUS HEALTH AT RIVER POINTE LLC,VIRGINIA BEACH,VA,Virginia Beach City,810,2020Q2,20200520,99,8.0,8.0,0.0,15.0,15.0,0.0,9.53,9.53,0.0,10.17,10.17,0.0,112.62,112.62,0.0,129.89,129.89,0.0,0.0,0.0,0.0,0.0,0.0,0.0,
495241,ACCORDIUS HEALTH AT RIVER POINTE LLC,VIRGINIA BEACH,VA,Virginia Beach City,810,2020Q2,20200521,98,8.0,8.0,0.0,15.0,15.0,0.0,9.37,9.37,0.0,9.32,9.32,0.0,115.95,115.95,0.0,141.35,141.35,0.0,0.0,0.0,0.0,0.0,0.0,0.0,
495241,ACCORDIUS HEALTH AT RIVER POINTE LLC,VIRGINIA BEACH,VA,Virginia Beach City,810,2020Q2,20200522,97,8.0,8.0,0.0,15.0,15.0,0.0,1.03,1.03,0.0,9.08,9.08,0.0,113.0,113.0,0.0,122.81,122.81,0.0,0.0,0.0,0.0,0.0,0.0,0.0,
495241,ACCORDIUS HEALTH AT RIVER POINTE LLC,VIRGINIA BEACH,VA,Virginia Beach City,810,2020Q2,20200523,97,0.0,0.0,0.0,0.0,0.0,0.0,9.7,9.7,0.0,0.0,0.0,0.0,99.21,99.21,0.0,147.41,147.41,0.0,0.0,0.0,0.0,0.0,0.0,0.0,
495241,ACCORDIUS HEALTH AT RIVER POINTE LLC,VIRGINIA BEACH,VA,Virginia Beach City,810,2020Q2,20200524,97,0.0,0.0,0.0,0.0,0.0,0.0,0.0,0.0,0.0,4.7,4.7,0.0,75.61,75.61,0.0,110.96,110.96,0.0,0.0,0.0,0.0,0.0,0.0,0.0,
495241,ACCORDIUS HEALTH AT RIVER POINTE LLC,VIRGINIA BEACH,VA,Virginia Beach City,810,2020Q2,20200525,97,8.0,8.0,0.0,7.5,7.5,0.0,0.0,0.0,0.0,5.8,5.8,0.0,110.96,110.96,0.0,128.16,128.16,0.0,0.0,0.0,0.0,0.0,0.0,0.0,
495241,ACCORDIUS HEALTH AT RIVER POINTE LLC,VIRGINIA BEACH,VA,Virginia Beach City,810,2020Q2,20200526,97,8.0,8.0,0.0,15.0,15.0,0.0,1.07,1.07,0.0,10.85,10.85,0.0,123.9,123.9,0.0,131.27,131.27,0.0,0.0,0.0,0.0,0.0,0.0,0.0,
495241,ACCORDIUS HEALTH AT RIVER POINTE LLC,VIRGINIA BEACH,VA,Virginia Beach City,810,2020Q2,20200527,98,8.0,8.0,0.0,15.0,15.0,0.0,8.58,8.58,0.0,7.82,7.82,0.0,97.3,97.3,0.0,153.36,153.36,0.0,0.0,0.0,0.0,0.0,0.0,0.0,
495241,ACCORDIUS HEALTH AT RIVER POINTE LLC,VIRGINIA BEACH,VA,Virginia Beach City,810,2020Q2,20200528,99,8.0,8.0,0.0,15.0,15.0,0.0,7.52,7.52,0.0,9.68,9.68,0.0,91.06,91.06,0.0,144.83,144.83,0.0,0.0,0.0,0.0,0.0,0.0,0.0,
495241,ACCORDIUS HEALTH AT RIVER POINTE LLC,VIRGINIA BEACH,VA,Virginia Beach City,810,2020Q2,20200529,98,8.0,8.0,0.0,15.0,15.0,0.0,1.08,1.08,0.0,7.13,7.13,0.0,102.23,102.23,0.0,114.92,114.92,0.0,0.0,0.0,0.0,0.0,0.0,0.0,
495241,ACCORDIUS HEALTH AT RIVER POINTE LLC,VIRGINIA BEACH,VA,Virginia Beach City,810,2020Q2,20200530,98,0.0,0.0,0.0,0.0,0.0,0.0,8.93,8.93,0.0,3.98,3.98,0.0,103.13,103.13,0.0,138.32,138.32,0.0,0.0,0.0,0.0,0.0,0.0,0.0,
495241,ACCORDIUS HEALTH AT RIVER POINTE LLC,VIRGINIA BEACH,VA,Virginia Beach City,810,2020Q2,20200531,98,0.0,0.0,0.0,0.0,0.0,0.0,9.0,9.0,0.0,0.0,0.0,0.0,104.98,104.98,0.0,110.24,110.24,0.0,0.0,0.0,0.0,0.0,0.0,0.0,
495241,ACCORDIUS HEALTH AT RIVER POINTE LLC,VIRGINIA BEACH,VA,Virginia Beach City,810,2020Q2,20200601,98,8.0,8.0,0.0,15.0,15.0,0.0,8.53,8.53,0.0,9.37,9.37,0.0,104.08,104.08,0.0,134.71,134.71,0.0,0.0,0.0,0.0,0.0,0.0,0.0,
495241,ACCORDIUS HEALTH AT RIVER POINTE LLC,VIRGINIA BEACH,VA,Virginia Beach City,810,2020Q2,20200602,97,8.0,8.0,0.0,15.0,15.0,0.0,9.0,9.0,0.0,9.38,9.38,0.0,79.83,79.83,0.0,113.5,113.5,0.0,0.0,0.0,0.0,0.0,0.0,0.0,
495241,ACCORDIUS HEALTH AT RIVER POINTE LLC,VIRGINIA BEACH,VA,Virginia Beach City,810,2020Q2,20200603,97,8.0,8.0,0.0,15.0,15.0,0.0,10.17,10.17,0.0,8.83,8.83,0.0,93.63,93.63,0.0,133.61,133.61,0.0,0.0,0.0,0.0,0.0,0.0,0.0,
495241,ACCORDIUS HEALTH AT RIVER POINTE LLC,VIRGINIA BEACH,VA,Virginia Beach City,810,2020Q2,20200604,96,8.0,8.0,0.0,15.0,15.0,0.0,7.75,7.75,0.0,8.93,8.93,0.0,107.82,107.82,0.0,137.64,137.64,0.0,0.0,0.0,0.0,0.0,0.0,0.0,
495241,ACCORDIUS HEALTH AT RIVER POINTE LLC,VIRGINIA BEACH,VA,Virginia Beach City,810,2020Q2,20200605,95,8.0,8.0,0.0,7.5,7.5,0.0,1.1,1.1,0.0,6.38,6.38,0.0,111.76,111.76,0.0,133.27,133.27,0.0,0.0,0.0,0.0,0.0,0.0,0.0,
495241,ACCORDIUS HEALTH AT RIVER POINTE LLC,VIRGINIA BEACH,VA,Virginia Beach City,810,2020Q2,20200606,95,0.0,0.0,0.0,0.0,0.0,0.0,7.65,7.65,0.0,0.0,0.0,0.0,112.07,112.07,0.0,130.91,130.91,0.0,0.0,0.0,0.0,0.0,0.0,0.0,
495241,ACCORDIUS HEALTH AT RIVER POINTE LLC,VIRGINIA BEACH,VA,Virginia Beach City,810,2020Q2,20200607,94,0.0,0.0,0.0,0.0,0.0,0.0,1.08,1.08,0.0,0.0,0.0,0.0,80.49,80.49,0.0,121.32,121.32,0.0,0.0,0.0,0.0,0.0,0.0,0.0,
495241,ACCORDIUS HEALTH AT RIVER POINTE LLC,VIRGINIA BEACH,VA,Virginia Beach City,810,2020Q2,20200608,96,8.0,8.0,0.0,15.0,15.0,0.0,7.47,7.47,0.0,0.0,0.0,0.0,110.91,110.91,0.0,128.91,128.91,0.0,0.0,0.0,0.0,0.0,0.0,0.0,
495241,ACCORDIUS HEALTH AT RIVER POINTE LLC,VIRGINIA BEACH,VA,Virginia Beach City,810,2020Q2,20200609,96,8.0,8.0,0.0,15.0,15.0,0.0,1.07,1.07,0.0,9.17,9.17,0.0,123.47,123.47,0.0,128.46,128.46,0.0,0.0,0.0,0.0,0.0,0.0,0.0,
495241,ACCORDIUS HEALTH AT RIVER POINTE LLC,VIRGINIA BEACH,VA,Virginia Beach City,810,2020Q2,20200610,96,8.0,8.0,0.0,15.0,15.0,0.0,8.57,8.57,0.0,8.12,8.12,0.0,108.23,108.23,0.0,143.43,143.43,0.0,0.0,0.0,0.0,0.0,0.0,0.0,
495241,ACCORDIUS HEALTH AT RIVER POINTE LLC,VIRGINIA BEACH,VA,Virginia Beach City,810,2020Q2,20200611,96,8.0,8.0,0.0,15.0,15.0,0.0,7.7,7.7,0.0,8.45,8.45,0.0,104.9,104.9,0.0,167.32,167.32,0.0,0.0,0.0,0.0,0.0,0.0,0.0,
495241,ACCORDIUS HEALTH AT RIVER POINTE LLC,VIRGINIA BEACH,VA,Virginia Beach City,810,2020Q2,20200612,96,8.0,8.0,0.0,15.0,15.0,0.0,1.1,1.1,0.0,8.67,8.67,0.0,131.33,131.33,0.0,114.23,114.23,0.0,0.0,0.0,0.0,0.0,0.0,0.0,
495241,ACCORDIUS HEALTH AT RIVER POINTE LLC,VIRGINIA BEACH,VA,Virginia Beach City,810,2020Q2,20200613,96,0.0,0.0,0.0,0.0,0.0,0.0,9.62,9.62,0.0,0.0,0.0,0.0,103.0,103.0,0.0,124.31,124.31,0.0,0.0,0.0,0.0,0.0,0.0,0.0,
495241,ACCORDIUS HEALTH AT RIVER POINTE LLC,VIRGINIA BEACH,VA,Virginia Beach City,810,2020Q2,20200614,95,0.0,0.0,0.0,0.0,0.0,0.0,8.77,8.77,0.0,0.0,0.0,0.0,97.26,97.26,0.0,95.17,95.17,0.0,0.0,0.0,0.0,0.0,0.0,0.0,
495241,ACCORDIUS HEALTH AT RIVER POINTE LLC,VIRGINIA BEACH,VA,Virginia Beach City,810,2020Q2,20200615,95,8.0,8.0,0.0,15.0,15.0,0.0,7.7,7.7,0.0,9.1,9.1,0.0,95.82,95.82,0.0,135.04,135.04,0.0,0.0,0.0,0.0,0.0,0.0,0.0,
495241,ACCORDIUS HEALTH AT RIVER POINTE LLC,VIRGINIA BEACH,VA,Virginia Beach City,810,2020Q2,20200616,95,8.0,8.0,0.0,15.0,15.0,0.0,1.05,1.05,0.0,10.07,10.07,0.0,104.11,104.11,0.0,135.89,135.89,0.0,0.0,0.0,0.0,0.0,0.0,0.0,
495241,ACCORDIUS HEALTH AT RIVER POINTE LLC,VIRGINIA BEACH,VA,Virginia Beach City,810,2020Q2,20200617,95,8.0,8.0,0.0,15.0,15.0,0.0,9.78,9.78,0.0,12.25,12.25,0.0,100.34,100.34,0.0,117.72,117.72,0.0,0.0,0.0,0.0,0.0,0.0,0.0,
495241,ACCORDIUS HEALTH AT RIVER POINTE LLC,VIRGINIA BEACH,VA,Virginia Beach City,810,2020Q2,20200618,95,8.0,8.0,0.0,7.5,7.5,0.0,8.8,8.8,0.0,10.85,10.85,0.0,106.67,106.67,0.0,128.06,128.06,0.0,0.0,0.0,0.0,0.0,0.0,0.0,
495241,ACCORDIUS HEALTH AT RIVER POINTE LLC,VIRGINIA BEACH,VA,Virginia Beach City,810,2020Q2,20200619,95,8.0,8.0,0.0,15.0,15.0,0.0,9.05,9.05,0.0,7.95,7.95,0.0,90.03,90.03,0.0,122.2,122.2,0.0,0.0,0.0,0.0,0.0,0.0,0.0,
495241,ACCORDIUS HEALTH AT RIVER POINTE LLC,VIRGINIA BEACH,VA,Virginia Beach City,810,2020Q2,20200620,95,0.0,0.0,0.0,0.0,0.0,0.0,7.93,7.93,0.0,0.0,0.0,0.0,104.5,104.5,0.0,137.13,137.13,0.0,0.0,0.0,0.0,0.0,0.0,0.0,
495241,ACCORDIUS HEALTH AT RIVER POINTE LLC,VIRGINIA BEACH,VA,Virginia Beach City,810,2020Q2,20200621,95,0.0,0.0,0.0,0.0,0.0,0.0,0.98,0.98,0.0,0.0,0.0,0.0,100.07,100.07,0.0,120.69,120.69,0.0,0.0,0.0,0.0,0.0,0.0,0.0,
495241,ACCORDIUS HEALTH AT RIVER POINTE LLC,VIRGINIA BEACH,VA,Virginia Beach City,810,2020Q2,20200622,95,8.0,8.0,0.0,15.0,15.0,0.0,7.75,7.75,0.0,8.87,8.87,0.0,91.15,91.15,0.0,128.99,128.99,0.0,0.0,0.0,0.0,0.0,0.0,0.0,
495241,ACCORDIUS HEALTH AT RIVER POINTE LLC,VIRGINIA BEACH,VA,Virginia Beach City,810,2020Q2,20200623,95,8.0,8.0,0.0,15.0,15.0,0.0,1.07,1.07,0.0,9.93,9.93,0.0,116.32,116.32,0.0,122.16,122.16,0.0,0.0,0.0,0.0,0.0,0.0,0.0,
495241,ACCORDIUS HEALTH AT RIVER POINTE LLC,VIRGINIA BEACH,VA,Virginia Beach City,810,2020Q2,20200624,93,8.0,8.0,0.0,15.0,15.0,0.0,9.2,9.2,0.0,8.6,8.6,0.0,98.51,98.51,0.0,129.0,129.0,0.0,0.0,0.0,0.0,0.0,0.0,0.0,
495241,ACCORDIUS HEALTH AT RIVER POINTE LLC,VIRGINIA BEACH,VA,Virginia Beach City,810,2020Q2,20200625,93,8.0,8.0,0.0,7.5,7.5,0.0,9.22,9.22,0.0,8.13,8.13,0.0,97.87,97.87,0.0,160.82,160.82,0.0,0.0,0.0,0.0,0.0,0.0,0.0,
495241,ACCORDIUS HEALTH AT RIVER POINTE LLC,VIRGINIA BEACH,VA,Virginia Beach City,810,2020Q2,20200626,93,8.0,8.0,0.0,15.0,15.0,0.0,1.12,1.12,0.0,8.67,8.67,0.0,96.66,96.66,0.0,109.03,109.03,0.0,0.0,0.0,0.0,0.0,0.0,0.0,
495241,ACCORDIUS HEALTH AT RIVER POINTE LLC,VIRGINIA BEACH,VA,Virginia Beach City,810,2020Q2,20200627,93,0.0,0.0,0.0,0.0,0.0,0.0,9.73,9.73,0.0,0.0,0.0,0.0,96.07,96.07,0.0,114.03,114.03,0.0,0.0,0.0,0.0,0.0,0.0,0.0,
495241,ACCORDIUS HEALTH AT RIVER POINTE LLC,VIRGINIA BEACH,VA,Virginia Beach City,810,2020Q2,20200628,93,0.0,0.0,0.0,0.0,0.0,0.0,9.3,9.3,0.0,0.0,0.0,0.0,116.98,116.98,0.0,99.98,99.98,0.0,0.0,0.0,0.0,0.0,0.0,0.0,
495241,ACCORDIUS HEALTH AT RIVER POINTE LLC,VIRGINIA BEACH,VA,Virginia Beach City,810,2020Q2,20200629,94,8.0,8.0,0.0,15.0,15.0,0.0,7.85,7.85,0.0,0.0,0.0,0.0,90.36,90.36,0.0,121.81,121.81,0.0,0.0,0.0,0.0,0.0,0.0,0.0,
495241,ACCORDIUS HEALTH AT RIVER POINTE LLC,VIRGINIA BEACH,VA,Virginia Beach City,810,2020Q2,20200630,94,8.0,8.0,0.0,15.0,15.0,0.0,1.12,1.12,0.0,8.75,8.75,0.0,89.16,89.16,0.0,134.16,134.16,0.0,0.0,0.0,0.0,0.0,0.0,0.0,
495241,ACCORDIUS HEALTH AT RIVER POINTE LLC,VIRGINIA BEACH,VA,Virginia Beach City,810,2020Q3,20200701,93,8.0,8.0,0.0,15.0,15.0,0.0,8.7,8.7,0.0,8.68,8.68,0.0,105.96,105.96,0.0,136.51,120.69,15.82,0.0,0.0,0.0,0.0,0.0,0.0,
495241,ACCORDIUS HEALTH AT RIVER POINTE LLC,VIRGINIA BEACH,VA,Virginia Beach City,810,2020Q3,20200702,92,8.0,8.0,0.0,15.0,15.0,0.0,7.47,7.47,0.0,9.68,9.68,0.0,114.12,114.12,0.0,123.49,115.46,8.03,0.0,0.0,0.0,0.0,0.0,0.0,
495241,ACCORDIUS HEALTH AT RIVER POINTE LLC,VIRGINIA BEACH,VA,Virginia Beach City,810,2020Q3,20200703,92,8.0,8.0,0.0,15.0,15.0,0.0,1.08,1.08,0.0,7.35,7.35,0.0,96.25,96.25,0.0,143.28,119.4,23.88,0.0,0.0,0.0,0.0,0.0,0.0,
495241,ACCORDIUS HEALTH AT RIVER POINTE LLC,VIRGINIA BEACH,VA,Virginia Beach City,810,2020Q3,20200704,92,0.0,0.0,0.0,0.0,0.0,0.0,8.2,8.2,0.0,4.48,4.48,0.0,94.42,94.42,0.0,163.15,133.81,29.34,0.0,0.0,0.0,0.0,0.0,0.0,
495241,ACCORDIUS HEALTH AT RIVER POINTE LLC,VIRGINIA BEACH,VA,Virginia Beach City,810,2020Q3,20200705,91,0.0,0.0,0.0,8.0,8.0,0.0,0.0,0.0,0.0,0.0,0.0,0.0,105.4,105.4,0.0,133.25,109.82,23.43,0.0,0.0,0.0,0.0,0.0,0.0,
495241,ACCORDIUS HEALTH AT RIVER POINTE LLC,VIRGINIA BEACH,VA,Virginia Beach City,810,2020Q3,20200706,91,8.0,8.0,0.0,7.5,7.5,0.0,0.0,0.0,0.0,8.32,8.32,0.0,90.52,90.52,0.0,145.79,123.22,22.57,0.0,0.0,0.0,0.0,0.0,0.0,
495241,ACCORDIUS HEALTH AT RIVER POINTE LLC,VIRGINIA BEACH,VA,Virginia Beach City,810,2020Q3,20200707,91,8.0,8.0,0.0,15.0,15.0,0.0,1.08,1.08,0.0,9.17,9.17,0.0,111.99,111.99,0.0,123.77,85.0,38.77,0.0,0.0,0.0,0.0,0.0,0.0,
495241,ACCORDIUS HEALTH AT RIVER POINTE LLC,VIRGINIA BEACH,VA,Virginia Beach City,810,2020Q3,20200708,92,8.0,8.0,0.0,21.92,21.92,0.0,8.53,8.53,0.0,8.33,8.33,0.0,106.33,106.33,0.0,135.83,108.55,27.28,0.0,0.0,0.0,0.0,0.0,0.0,
495241,ACCORDIUS HEALTH AT RIVER POINTE LLC,VIRGINIA BEACH,VA,Virginia Beach City,810,2020Q3,20200709,92,8.0,8.0,0.0,18.22,18.22,0.0,7.47,7.47,0.0,9.13,9.13,0.0,91.8,91.8,0.0,139.36,125.86,13.5,0.0,0.0,0.0,0.0,0.0,0.0,
495241,ACCORDIUS HEALTH AT RIVER POINTE LLC,VIRGINIA BEACH,VA,Virginia Beach City,810,2020Q3,20200710,93,8.0,8.0,0.0,23.43,23.43,0.0,1.12,1.12,0.0,8.65,8.65,0.0,119.88,119.88,0.0,120.51,93.4,27.11,0.0,0.0,0.0,0.0,0.0,0.0,
495241,ACCORDIUS HEALTH AT RIVER POINTE LLC,VIRGINIA BEACH,VA,Virginia Beach City,810,2020Q3,20200711,93,0.0,0.0,0.0,0.0,0.0,0.0,8.6,8.6,0.0,0.0,0.0,0.0,99.97,99.97,0.0,132.67,127.17,5.5,0.0,0.0,0.0,0.0,0.0,0.0,
495241,ACCORDIUS HEALTH AT RIVER POINTE LLC,VIRGINIA BEACH,VA,Virginia Beach City,810,2020Q3,20200712,93,0.0,0.0,0.0,0.0,0.0,0.0,8.3,8.3,0.0,0.0,0.0,0.0,101.78,101.78,0.0,124.67,104.35,20.32,0.0,0.0,0.0,0.0,0.0,0.0,
495241,ACCORDIUS HEALTH AT RIVER POINTE LLC,VIRGINIA BEACH,VA,Virginia Beach City,810,2020Q3,20200713,94,8.0,8.0,0.0,22.5,22.5,0.0,7.07,7.07,0.0,9.25,9.25,0.0,108.63,108.63,0.0,134.74,119.79,14.95,0.0,0.0,0.0,0.0,0.0,0.0,
495241,ACCORDIUS HEALTH AT RIVER POINTE LLC,VIRGINIA BEACH,VA,Virginia Beach City,810,2020Q3,20200714,94,8.0,8.0,0.0,15.0,15.0,0.0,1.05,1.05,0.0,9.37,9.37,0.0,124.91,116.84,8.07,126.17,119.44,6.73,0.0,0.0,0.0,0.0,0.0,0.0,
495241,ACCORDIUS HEALTH AT RIVER POINTE LLC,VIRGINIA BEACH,VA,Virginia Beach City,810,2020Q3,20200715,95,8.0,8.0,0.0,22.5,22.5,0.0,8.52,8.52,0.0,7.68,7.68,0.0,104.53,104.53,0.0,131.82,111.09,20.73,0.0,0.0,0.0,0.0,0.0,0.0,
495241,ACCORDIUS HEALTH AT RIVER POINTE LLC,VIRGINIA BEACH,VA,Virginia Beach City,810,2020Q3,20200716,95,8.0,8.0,0.0,22.5,22.5,0.0,15.8,8.3,7.5,7.78,7.78,0.0,94.55,94.55,0.0,134.19,117.94,16.25,0.0,0.0,0.0,0.0,0.0,0.0,
495241,ACCORDIUS HEALTH AT RIVER POINTE LLC,VIRGINIA BEACH,VA,Virginia Beach City,810,2020Q3,20200717,95,8.0,8.0,0.0,15.0,15.0,0.0,17.47,8.97,8.5,4.42,4.42,0.0,99.29,99.29,0.0,138.85,101.63,37.22,0.0,0.0,0.0,0.0,0.0,0.0,
495241,ACCORDIUS HEALTH AT RIVER POINTE LLC,VIRGINIA BEACH,VA,Virginia Beach City,810,2020Q3,20200718,95,0.0,0.0,0.0,0.0,0.0,0.0,9.48,8.48,1.0,0.0,0.0,0.0,97.23,90.0,7.23,130.96,116.83,14.13,0.0,0.0,0.0,0.0,0.0,0.0,
495241,ACCORDIUS HEALTH AT RIVER POINTE LLC,VIRGINIA BEACH,VA,Virginia Beach City,810,2020Q3,20200719,95,0.0,0.0,0.0,0.0,0.0,0.0,9.58,1.08,8.5,0.0,0.0,0.0,95.91,88.18,7.73,101.68,95.18,6.5,0.0,0.0,0.0,0.0,0.0,0.0,
495241,ACCORDIUS HEALTH AT RIVER POINTE LLC,VIRGINIA BEACH,VA,Virginia Beach City,810,2020Q3,20200720,94,8.0,8.0,0.0,15.0,15.0,0.0,16.45,8.95,7.5,9.82,9.82,0.0,84.7,84.7,0.0,99.2,99.2,0.0,0.0,0.0,0.0,0.0,0.0,0.0,
495241,ACCORDIUS HEALTH AT RIVER POINTE LLC,VIRGINIA BEACH,VA,Virginia Beach City,810,2020Q3,20200721,93,8.0,8.0,0.0,15.0,15.0,0.0,16.34,1.0,15.34,9.23,9.23,0.0,87.65,87.65,0.0,127.05,106.67,20.38,0.0,0.0,0.0,0.0,0.0,0.0,
495241,ACCORDIUS HEALTH AT RIVER POINTE LLC,VIRGINIA BEACH,VA,Virginia Beach City,810,2020Q3,20200722,93,8.0,8.0,0.0,15.0,15.0,0.0,28.63,9.38,19.25,9.77,9.77,0.0,93.49,93.49,0.0,153.67,130.72,22.95,0.0,0.0,0.0,0.0,0.0,0.0,
495241,ACCORDIUS HEALTH AT RIVER POINTE LLC,VIRGINIA BEACH,VA,Virginia Beach City,810,2020Q3,20200723,92,8.0,8.0,0.0,15.0,15.0,0.0,32.67,7.87,24.8,9.35,9.35,0.0,92.03,84.36,7.67,153.54,108.63,44.91,0.0,0.0,0.0,0.0,0.0,0.0,
495241,ACCORDIUS HEALTH AT RIVER POINTE LLC,VIRGINIA BEACH,VA,Virginia Beach City,810,2020Q3,20200724,92,8.0,8.0,0.0,15.0,15.0,0.0,9.78,1.08,8.7,11.07,11.07,0.0,98.33,98.33,0.0,142.44,92.97,49.47,0.0,0.0,0.0,0.0,0.0,0.0,
495241,ACCORDIUS HEALTH AT RIVER POINTE LLC,VIRGINIA BEACH,VA,Virginia Beach City,810,2020Q3,20200725,90,0.0,0.0,0.0,0.0,0.0,0.0,23.88,8.3,15.58,5.23,5.23,0.0,86.1,72.58,13.52,193.25,142.35,50.9,0.0,0.0,0.0,0.0,0.0,0.0,
495241,ACCORDIUS HEALTH AT RIVER POINTE LLC,VIRGINIA BEACH,VA,Virginia Beach City,810,2020Q3,20200726,90,0.0,0.0,0.0,0.0,0.0,0.0,26.62,9.17,17.45,6.83,6.83,0.0,52.23,43.95,8.28,133.55,73.31,60.24,0.0,0.0,0.0,0.0,0.0,0.0,
495241,ACCORDIUS HEALTH AT RIVER POINTE LLC,VIRGINIA BEACH,VA,Virginia Beach City,810,2020Q3,20200727,90,8.0,8.0,0.0,7.5,7.5,0.0,26.97,8.85,18.12,9.17,9.17,0.0,72.7,55.92,16.78,160.54,82.96,77.58,0.0,0.0,0.0,0.0,0.0,0.0,
495241,ACCORDIUS HEALTH AT RIVER POINTE LLC,VIRGINIA BEACH,VA,Virginia Beach City,810,2020Q3,20200728,89,8.0,8.0,0.0,7.5,7.5,0.0,45.57,1.12,44.45,9.35,9.35,0.0,58.58,49.53,9.05,171.0,73.68,97.32,0.0,0.0,0.0,0.0,0.0,0.0,
495241,ACCORDIUS HEALTH AT RIVER POINTE LLC,VIRGINIA BEACH,VA,Virginia Beach City,810,2020Q3,20200729,88,8.0,8.0,0.0,7.5,7.5,0.0,16.62,9.6,7.02,8.42,8.42,0.0,80.9,53.94,26.96,151.26,68.17,83.09,0.0,0.0,0.0,0.0,0.0,0.0,
495241,ACCORDIUS HEALTH AT RIVER POINTE LLC,VIRGINIA BEACH,VA,Virginia Beach City,810,2020Q3,20200730,88,8.0,8.0,0.0,7.5,7.5,0.0,17.33,8.78,8.55,9.58,9.58,0.0,80.27,47.15,33.12,161.84,87.65,74.19,0.0,0.0,0.0,0.0,0.0,0.0,
495241,ACCORDIUS HEALTH AT RIVER POINTE LLC,VIRGINIA BEACH,VA,Virginia Beach City,810,2020Q3,20200731,87,8.0,8.0,0.0,7.5,7.5,0.0,42.18,1.1,41.08,8.35,8.35,0.0,61.3,45.13,16.17,173.86,67.05,106.81,0.0,0.0,0.0,0.0,0.0,0.0,
495241,ACCORDIUS HEALTH AT RIVER POINTE LLC,VIRGINIA BEACH,VA,Virginia Beach City,810,2020Q3,20200801,86,0.0,0.0,0.0,0.0,0.0,0.0,8.8,8.8,0.0,0.0,0.0,0.0,81.32,72.32,9.0,177.4,102.14,75.26,0.0,0.0,0.0,0.0,0.0,0.0,
495241,ACCORDIUS HEALTH AT RIVER POINTE LLC,VIRGINIA BEACH,VA,Virginia Beach City,810,2020Q3,20200802,86,0.0,0.0,0.0,0.0,0.0,0.0,0.0,0.0,0.0,0.0,0.0,0.0,115.26,58.81,56.45,190.93,78.31,112.62,0.0,0.0,0.0,0.0,0.0,0.0,
495241,ACCORDIUS HEALTH AT RIVER POINTE LLC,VIRGINIA BEACH,VA,Virginia Beach City,810,2020Q3,20200803,86,8.0,8.0,0.0,7.5,7.5,0.0,8.73,0.0,8.73,8.97,8.97,0.0,45.57,32.75,12.82,150.09,82.84,67.25,0.0,0.0,0.0,0.0,0.0,0.0,
495241,ACCORDIUS HEALTH AT RIVER POINTE LLC,VIRGINIA BEACH,VA,Virginia Beach City,810,2020Q3,20200804,85,8.0,8.0,0.0,7.5,7.5,0.0,3.35,1.08,2.27,8.83,8.83,0.0,64.83,42.88,21.95,129.1,76.15,52.95,0.0,0.0,0.0,0.0,0.0,0.0,
495241,ACCORDIUS HEALTH AT RIVER POINTE LLC,VIRGINIA BEACH,VA,Virginia Beach City,810,2020Q3,20200805,85,8.0,8.0,0.0,7.5,7.5,0.0,8.88,8.88,0.0,9.17,9.17,0.0,93.75,67.68,26.07,154.01,87.86,66.15,0.0,0.0,0.0,0.0,0.0,0.0,
495241,ACCORDIUS HEALTH AT RIVER POINTE LLC,VIRGINIA BEACH,VA,Virginia Beach City,810,2020Q3,20200806,85,8.0,8.0,0.0,7.5,7.5,0.0,24.77,8.62,16.15,8.87,8.87,0.0,58.67,32.14,26.53,152.71,97.39,55.32,0.0,0.0,0.0,0.0,0.0,0.0,
495241,ACCORDIUS HEALTH AT RIVER POINTE LLC,VIRGINIA BEACH,VA,Virginia Beach City,810,2020Q3,20200807,83,8.0,8.0,0.0,7.5,7.5,0.0,10.27,1.05,9.22,8.72,8.72,0.0,71.63,45.55,26.08,135.83,54.9,80.93,0.0,0.0,0.0,0.0,0.0,0.0,
495241,ACCORDIUS HEALTH AT RIVER POINTE LLC,VIRGINIA BEACH,VA,Virginia Beach City,810,2020Q3,20200808,83,0.0,0.0,0.0,0.0,0.0,0.0,9.17,9.17,0.0,0.0,0.0,0.0,81.91,73.91,8.0,140.46,89.71,50.75,0.0,0.0,0.0,0.0,0.0,0.0,
495241,ACCORDIUS HEALTH AT RIVER POINTE LLC,VIRGINIA BEACH,VA,Virginia Beach City,810,2020Q3,20200809,81,0.0,0.0,0.0,0.0,0.0,0.0,9.63,9.63,0.0,0.0,0.0,0.0,84.4,55.26,29.14,208.22,75.1,133.12,0.0,0.0,0.0,0.0,0.0,0.0,
495241,ACCORDIUS HEALTH AT RIVER POINTE LLC,VIRGINIA BEACH,VA,Virginia Beach City,810,2020Q3,20200810,80,8.0,8.0,0.0,7.5,7.5,0.0,25.98,8.58,17.4,7.43,7.43,0.0,94.55,69.37,25.18,173.17,82.33,90.84,0.0,0.0,0.0,0.0,0.0,0.0,
495241,ACCORDIUS HEALTH AT RIVER POINTE LLC,VIRGINIA BEACH,VA,Virginia Beach City,810,2020Q3,20200811,80,8.0,8.0,0.0,7.5,7.5,0.0,39.88,7.9,31.98,8.38,8.38,0.0,90.93,75.01,15.92,174.5,72.87,101.63,0.0,0.0,0.0,0.0,0.0,0.0,
495241,ACCORDIUS HEALTH AT RIVER POINTE LLC,VIRGINIA BEACH,VA,Virginia Beach City,810,2020Q3,20200812,80,8.0,8.0,0.0,7.5,7.5,0.0,31.58,15.33,16.25,5.7,5.7,0.0,107.09,98.59,8.5,168.03,60.3,107.73,0.0,0.0,0.0,0.0,0.0,0.0,
495241,ACCORDIUS HEALTH AT RIVER POINTE LLC,VIRGINIA BEACH,VA,Virginia Beach City,810,2020Q3,20200813,82,8.0,8.0,0.0,7.5,7.5,0.0,34.32,15.95,18.37,0.0,0.0,0.0,89.25,80.1,9.15,168.73,70.96,97.77,0.0,0.0,0.0,0.0,0.0,0.0,
495241,ACCORDIUS HEALTH AT RIVER POINTE LLC,VIRGINIA BEACH,VA,Virginia Beach City,810,2020Q3,20200814,83,8.0,8.0,0.0,7.5,7.5,0.0,19.56,15.93,3.63,0.0,0.0,0.0,98.17,40.84,57.33,168.86,71.99,96.87,0.0,0.0,0.0,0.0,0.0,0.0,
495241,ACCORDIUS HEALTH AT RIVER POINTE LLC,VIRGINIA BEACH,VA,Virginia Beach City,810,2020Q3,20200815,81,0.0,0.0,0.0,0.0,0.0,0.0,15.45,14.25,1.2,0.0,0.0,0.0,60.87,51.87,9.0,121.36,78.36,43.0,0.0,0.0,0.0,0.0,0.0,0.0,
495241,ACCORDIUS HEALTH AT RIVER POINTE LLC,VIRGINIA BEACH,VA,Virginia Beach City,810,2020Q3,20200816,80,0.0,0.0,0.0,0.0,0.0,0.0,23.68,14.68,9.0,0.0,0.0,0.0,82.76,58.26,24.5,117.57,56.38,61.19,0.0,0.0,0.0,0.0,0.0,0.0,
495241,ACCORDIUS HEALTH AT RIVER POINTE LLC,VIRGINIA BEACH,VA,Virginia Beach City,810,2020Q3,20200817,79,8.0,8.0,0.0,7.5,7.5,0.0,24.82,15.9,8.92,0.0,0.0,0.0,80.83,64.53,16.3,126.85,71.82,55.03,0.0,0.0,0.0,0.0,0.0,0.0,
495241,ACCORDIUS HEALTH AT RIVER POINTE LLC,VIRGINIA BEACH,VA,Virginia Beach City,810,2020Q3,20200818,82,8.0,8.0,0.0,15.0,15.0,0.0,35.73,16.4,19.33,8.9,8.9,0.0,76.84,59.84,17.0,174.5,84.91,89.59,0.0,0.0,0.0,0.0,0.0,0.0,
495241,ACCORDIUS HEALTH AT RIVER POINTE LLC,VIRGINIA BEACH,VA,Virginia Beach City,810,2020Q3,20200819,82,8.0,8.0,0.0,15.0,15.0,0.0,39.42,24.75,14.67,8.88,8.88,0.0,68.23,67.4,0.83,182.89,91.8,91.09,0.0,0.0,0.0,0.0,0.0,0.0,
495241,ACCORDIUS HEALTH AT RIVER POINTE LLC,VIRGINIA BEACH,VA,Virginia Beach City,810,2020Q3,20200820,80,8.0,8.0,0.0,15.0,15.0,0.0,38.13,23.98,14.15,9.67,9.67,0.0,65.02,45.47,19.55,178.77,97.02,81.75,0.0,0.0,0.0,0.0,0.0,0.0,
495241,ACCORDIUS HEALTH AT RIVER POINTE LLC,VIRGINIA BEACH,VA,Virginia Beach City,810,2020Q3,20200821,79,8.0,8.0,0.0,15.0,15.0,0.0,24.86,17.28,7.58,9.83,9.83,0.0,87.58,71.08,16.5,166.27,85.84,80.43,0.0,0.0,0.0,0.0,0.0,0.0,
495241,ACCORDIUS HEALTH AT RIVER POINTE LLC,VIRGINIA BEACH,VA,Virginia Beach City,810,2020Q3,20200822,80,0.0,0.0,0.0,0.0,0.0,0.0,25.2,25.2,0.0,4.53,4.53,0.0,63.17,62.17,1.0,153.36,87.43,65.93,0.0,0.0,0.0,0.0,0.0,0.0,
495241,ACCORDIUS HEALTH AT RIVER POINTE LLC,VIRGINIA BEACH,VA,Virginia Beach City,810,2020Q3,20200823,81,0.0,0.0,0.0,0.0,0.0,0.0,16.85,9.17,7.68,0.0,0.0,0.0,79.68,46.02,33.66,144.62,63.36,81.26,0.0,0.0,0.0,0.0,0.0,0.0,
495241,ACCORDIUS HEALTH AT RIVER POINTE LLC,VIRGINIA BEACH,VA,Virginia Beach City,810,2020Q3,20200824,81,8.0,8.0,0.0,15.0,15.0,0.0,29.43,16.8,12.63,9.72,9.72,0.0,77.93,58.75,19.18,173.58,97.26,76.32,0.0,0.0,0.0,0.0,0.0,0.0,
495241,ACCORDIUS HEALTH AT RIVER POINTE LLC,VIRGINIA BEACH,VA,Virginia Beach City,810,2020Q3,20200825,82,8.0,8.0,0.0,15.0,15.0,0.0,20.61,12.09,8.52,11.58,11.58,0.0,73.79,41.22,32.57,175.41,81.37,94.04,0.0,0.0,0.0,0.0,0.0,0.0,
495241,ACCORDIUS HEALTH AT RIVER POINTE LLC,VIRGINIA BEACH,VA,Virginia Beach City,810,2020Q3,20200826,81,8.0,8.0,0.0,15.0,15.0,0.0,35.37,19.94,15.43,13.38,13.38,0.0,90.75,50.32,40.43,184.6,82.57,102.03,0.0,0.0,0.0,0.0,0.0,0.0,
495241,ACCORDIUS HEALTH AT RIVER POINTE LLC,VIRGINIA BEACH,VA,Virginia Beach City,810,2020Q3,20200827,81,8.0,8.0,0.0,15.0,15.0,0.0,27.86,22.91,4.95,9.48,9.48,0.0,81.2,64.55,16.65,169.25,77.98,91.27,0.0,0.0,0.0,0.0,0.0,0.0,
495241,ACCORDIUS HEALTH AT RIVER POINTE LLC,VIRGINIA BEACH,VA,Virginia Beach City,810,2020Q3,20200828,80,8.0,8.0,0.0,15.0,15.0,0.0,30.99,16.82,14.17,11.83,11.83,0.0,66.1,41.26,24.84,177.38,73.31,104.07,0.0,0.0,0.0,0.0,0.0,0.0,
495241,ACCORDIUS HEALTH AT RIVER POINTE LLC,VIRGINIA BEACH,VA,Virginia Beach City,810,2020Q3,20200829,80,0.0,0.0,0.0,0.0,0.0,0.0,18.12,9.3,8.82,0.0,0.0,0.0,88.29,75.87,12.42,154.94,93.01,61.93,0.0,0.0,0.0,0.0,0.0,0.0,
495241,ACCORDIUS HEALTH AT RIVER POINTE LLC,VIRGINIA BEACH,VA,Virginia Beach City,810,2020Q3,20200830,80,0.0,0.0,0.0,0.0,0.0,0.0,19.67,0.0,19.67,0.0,0.0,0.0,94.81,72.42,22.39,184.4,91.74,92.66,0.0,0.0,0.0,0.0,0.0,0.0,
495241,ACCORDIUS HEALTH AT RIVER POINTE LLC,VIRGINIA BEACH,VA,Virginia Beach City,810,2020Q3,20200831,80,8.0,8.0,0.0,15.0,15.0,0.0,16.72,6.72,10.0,9.62,9.62,0.0,95.85,80.97,14.88,186.42,99.91,86.51,0.0,0.0,0.0,0.0,0.0,0.0,
495241,ACCORDIUS HEALTH AT RIVER POINTE LLC,VIRGINIA BEACH,VA,Virginia Beach City,810,2020Q3,20200901,81,8.0,8.0,0.0,15.0,15.0,0.0,14.62,9.55,5.07,9.43,9.43,0.0,83.78,83.78,0.0,169.85,110.46,59.39,0.0,0.0,0.0,0.0,0.0,0.0,
495241,ACCORDIUS HEALTH AT RIVER POINTE LLC,VIRGINIA BEACH,VA,Virginia Beach City,810,2020Q3,20200902,82,8.0,8.0,0.0,15.0,15.0,0.0,33.12,25.45,7.67,9.77,9.77,0.0,81.33,73.88,7.45,187.59,98.05,89.54,0.0,0.0,0.0,0.0,0.0,0.0,
495241,ACCORDIUS HEALTH AT RIVER POINTE LLC,VIRGINIA BEACH,VA,Virginia Beach City,810,2020Q3,20200903,82,8.0,8.0,0.0,15.0,15.0,0.0,23.85,22.85,1.0,10.73,10.73,0.0,82.28,82.28,0.0,197.41,98.46,98.95,0.0,0.0,0.0,0.0,0.0,0.0,
495241,ACCORDIUS HEALTH AT RIVER POINTE LLC,VIRGINIA BEACH,VA,Virginia Beach City,810,2020Q3,20200904,82,8.0,8.0,0.0,15.0,15.0,0.0,26.07,17.82,8.25,11.22,11.22,0.0,88.28,88.28,0.0,185.33,98.69,86.64,0.0,0.0,0.0,0.0,0.0,0.0,
495241,ACCORDIUS HEALTH AT RIVER POINTE LLC,VIRGINIA BEACH,VA,Virginia Beach City,810,2020Q3,20200905,81,0.0,0.0,0.0,0.0,0.0,0.0,19.63,12.63,7.0,4.85,4.85,0.0,88.68,87.68,1.0,150.72,75.5,75.22,0.0,0.0,0.0,0.0,0.0,0.0,
495241,ACCORDIUS HEALTH AT RIVER POINTE LLC,VIRGINIA BEACH,VA,Virginia Beach City,810,2020Q3,20200906,81,0.0,0.0,0.0,0.0,0.0,0.0,9.87,9.87,0.0,0.0,0.0,0.0,99.76,91.26,8.5,189.56,75.68,113.88,0.0,0.0,0.0,0.0,0.0,0.0,
495241,ACCORDIUS HEALTH AT RIVER POINTE LLC,VIRGINIA BEACH,VA,Virginia Beach City,810,2020Q3,20200907,81,8.0,8.0,0.0,0.0,0.0,0.0,17.63,17.63,0.0,6.68,6.68,0.0,108.54,84.47,24.07,208.96,102.37,106.59,0.0,0.0,0.0,0.0,0.0,0.0,
495241,ACCORDIUS HEALTH AT RIVER POINTE LLC,VIRGINIA BEACH,VA,Virginia Beach City,810,2020Q3,20200908,80,8.0,8.0,0.0,15.0,15.0,0.0,17.28,16.23,1.05,9.7,9.7,0.0,71.19,62.94,8.25,183.95,107.99,75.96,0.0,0.0,0.0,0.0,0.0,0.0,
495241,ACCORDIUS HEALTH AT RIVER POINTE LLC,VIRGINIA BEACH,VA,Virginia Beach City,810,2020Q3,20200909,80,8.0,8.0,0.0,15.0,15.0,0.0,42.42,24.3,18.12,9.92,9.92,0.0,74.9,74.9,0.0,190.0,103.4,86.6,0.0,0.0,0.0,0.0,0.0,0.0,
495241,ACCORDIUS HEALTH AT RIVER POINTE LLC,VIRGINIA BEACH,VA,Virginia Beach City,810,2020Q3,20200910,80,8.0,8.0,0.0,15.0,15.0,0.0,40.87,21.75,19.12,11.23,11.23,0.0,82.71,72.68,10.03,157.47,88.87,68.6,0.0,0.0,0.0,0.0,0.0,0.0,
495241,ACCORDIUS HEALTH AT RIVER POINTE LLC,VIRGINIA BEACH,VA,Virginia Beach City,810,2020Q3,20200911,80,8.0,8.0,0.0,15.0,15.0,0.0,42.6,18.0,24.6,9.05,9.05,0.0,67.73,59.76,7.97,120.73,75.34,45.39,0.0,0.0,0.0,0.0,0.0,0.0,
495241,ACCORDIUS HEALTH AT RIVER POINTE LLC,VIRGINIA BEACH,VA,Virginia Beach City,810,2020Q3,20200912,80,0.0,0.0,0.0,0.0,0.0,0.0,43.67,9.44,34.23,7.07,7.07,0.0,62.28,61.45,0.83,129.45,107.18,22.27,0.0,0.0,0.0,0.0,0.0,0.0,
495241,ACCORDIUS HEALTH AT RIVER POINTE LLC,VIRGINIA BEACH,VA,Virginia Beach City,810,2020Q3,20200913,80,0.0,0.0,0.0,0.0,0.0,0.0,9.72,0.0,9.72,4.3,4.3,0.0,98.92,83.37,15.55,129.58,85.79,43.79,0.0,0.0,0.0,0.0,0.0,0.0,
495241,ACCORDIUS HEALTH AT RIVER POINTE LLC,VIRGINIA BEACH,VA,Virginia Beach City,810,2020Q3,20200914,79,8.0,8.0,0.0,15.0,15.0,0.0,24.28,8.15,16.13,10.73,10.73,0.0,99.14,81.64,17.5,148.37,113.39,34.98,0.0,0.0,0.0,0.0,0.0,0.0,
495241,ACCORDIUS HEALTH AT RIVER POINTE LLC,VIRGINIA BEACH,VA,Virginia Beach City,810,2020Q3,20200915,78,8.0,8.0,0.0,15.0,15.0,0.0,25.54,17.09,8.45,8.65,8.65,0.0,93.74,93.74,0.0,132.14,96.59,35.55,0.0,0.0,0.0,0.0,0.0,0.0,
495241,ACCORDIUS HEALTH AT RIVER POINTE LLC,VIRGINIA BEACH,VA,Virginia Beach City,810,2020Q3,20200916,79,8.0,8.0,0.0,15.0,15.0,0.0,41.63,25.18,16.45,8.67,8.67,0.0,80.47,65.25,15.22,142.71,111.94,30.77,0.0,0.0,0.0,0.0,0.0,0.0,
495241,ACCORDIUS HEALTH AT RIVER POINTE LLC,VIRGINIA BEACH,VA,Virginia Beach City,810,2020Q3,20200917,80,8.0,8.0,0.0,15.0,15.0,0.0,32.03,23.05,8.98,7.55,7.55,0.0,99.53,91.95,7.58,157.98,118.12,39.86,0.0,0.0,0.0,0.0,0.0,0.0,
495241,ACCORDIUS HEALTH AT RIVER POINTE LLC,VIRGINIA BEACH,VA,Virginia Beach City,810,2020Q3,20200918,82,8.0,8.0,0.0,15.0,15.0,0.0,32.32,14.82,17.5,7.95,7.95,0.0,103.12,74.43,28.69,130.07,74.77,55.3,0.0,0.0,0.0,0.0,0.0,0.0,
495241,ACCORDIUS HEALTH AT RIVER POINTE LLC,VIRGINIA BEACH,VA,Virginia Beach City,810,2020Q3,20200919,81,0.0,0.0,0.0,0.0,0.0,0.0,23.05,15.05,8.0,0.0,0.0,0.0,90.87,82.89,7.98,124.73,82.92,41.81,0.0,0.0,0.0,0.0,0.0,0.0,
495241,ACCORDIUS HEALTH AT RIVER POINTE LLC,VIRGINIA BEACH,VA,Virginia Beach City,810,2020Q3,20200920,81,0.0,0.0,0.0,0.0,0.0,0.0,16.22,16.22,0.0,0.0,0.0,0.0,92.37,83.37,9.0,102.78,67.78,35.0,0.0,0.0,0.0,0.0,0.0,0.0,
495241,ACCORDIUS HEALTH AT RIVER POINTE LLC,VIRGINIA BEACH,VA,Virginia Beach City,810,2020Q3,20200921,83,8.0,8.0,0.0,15.0,15.0,0.0,36.09,23.36,12.73,10.27,10.27,0.0,91.0,79.27,11.73,131.16,80.56,50.6,0.0,0.0,0.0,0.0,0.0,0.0,
495241,ACCORDIUS HEALTH AT RIVER POINTE LLC,VIRGINIA BEACH,VA,Virginia Beach City,810,2020Q3,20200922,83,8.0,8.0,0.0,15.0,15.0,0.0,30.28,13.58,16.7,12.32,12.32,0.0,109.58,82.73,26.85,161.34,104.74,56.6,0.0,0.0,0.0,0.0,0.0,0.0,
495241,ACCORDIUS HEALTH AT RIVER POINTE LLC,VIRGINIA BEACH,VA,Virginia Beach City,810,2020Q3,20200923,84,8.0,8.0,0.0,17.33,17.33,0.0,25.55,25.33,0.22,11.13,11.13,0.0,105.6,80.2,25.4,148.7,84.86,63.84,0.0,0.0,0.0,0.0,0.0,0.0,
495241,ACCORDIUS HEALTH AT RIVER POINTE LLC,VIRGINIA BEACH,VA,Virginia Beach City,810,2020Q3,20200924,86,8.0,8.0,0.0,17.0,17.0,0.0,33.98,21.43,12.55,10.73,10.73,0.0,96.91,89.41,7.5,167.79,94.17,73.62,0.0,0.0,0.0,0.0,0.0,0.0,
495241,ACCORDIUS HEALTH AT RIVER POINTE LLC,VIRGINIA BEACH,VA,Virginia Beach City,810,2020Q3,20200925,85,8.0,8.0,0.0,15.0,15.0,0.0,28.89,15.07,13.82,9.4,9.4,0.0,94.59,94.59,0.0,165.23,78.46,86.77,0.0,0.0,0.0,0.0,0.0,0.0,
495241,ACCORDIUS HEALTH AT RIVER POINTE LLC,VIRGINIA BEACH,VA,Virginia Beach City,810,2020Q3,20200926,85,0.0,0.0,0.0,0.0,0.0,0.0,31.53,10.03,21.5,0.0,0.0,0.0,74.75,50.84,23.91,137.11,81.46,55.65,0.0,0.0,0.0,0.0,0.0,0.0,
495241,ACCORDIUS HEALTH AT RIVER POINTE LLC,VIRGINIA BEACH,VA,Virginia Beach City,810,2020Q3,20200927,85,0.0,0.0,0.0,10.5,10.5,0.0,0.0,0.0,0.0,0.0,0.0,0.0,101.0,76.78,24.22,160.38,78.6,81.78,0.0,0.0,0.0,0.0,0.0,0.0,
495241,ACCORDIUS HEALTH AT RIVER POINTE LLC,VIRGINIA BEACH,VA,Virginia Beach City,810,2020Q3,20200928,84,8.0,8.0,0.0,15.5,15.5,0.0,8.88,8.88,0.0,8.85,8.85,0.0,111.91,93.42,18.49,176.07,63.36,112.71,0.0,0.0,0.0,0.0,0.0,0.0,
495241,ACCORDIUS HEALTH AT RIVER POINTE LLC,VIRGINIA BEACH,VA,Virginia Beach City,810,2020Q3,20200929,85,8.0,8.0,0.0,15.5,15.5,0.0,16.37,16.37,0.0,8.72,8.72,0.0,113.37,80.83,32.54,152.83,90.8,62.03,0.0,0.0,0.0,0.0,0.0,0.0,
495241,ACCORDIUS HEALTH AT RIVER POINTE LLC,VIRGINIA BEACH,VA,Virginia Beach City,810,2020Q3,20200930,85,8.0,8.0,0.0,17.5,17.5,0.0,19.2,19.2,0.0,9.18,9.18,0.0,84.52,84.52,0.0,99.97,91.0,8.97,0.0,0.0,0.0,0.0,0.0,0.0,
495241,ACCORDIUS HEALTH AT RIVER POINTE LLC,VIRGINIA BEACH,VA,Virginia Beach City,810,2020Q4,20201001,85,8.0,8.0,0.0,23.75,23.75,0.0,19.5,19.5,0.0,9.17,9.17,0.0,86.25,86.25,0.0,124.36,106.49,17.87,0.0,0.0,0.0,0.0,0.0,0.0,
495241,ACCORDIUS HEALTH AT RIVER POINTE LLC,VIRGINIA BEACH,VA,Virginia Beach City,810,2020Q4,20201002,87,8.0,8.0,0.0,15.5,15.5,0.0,18.52,1.1,17.42,10.5,10.5,0.0,84.74,84.74,0.0,104.81,90.79,14.02,0.0,0.0,0.0,0.0,0.0,0.0,
495241,ACCORDIUS HEALTH AT RIVER POINTE LLC,VIRGINIA BEACH,VA,Virginia Beach City,810,2020Q4,20201003,87,0.0,0.0,0.0,0.0,0.0,0.0,34.68,10.15,24.53,5.32,5.32,0.0,97.24,97.24,0.0,104.24,104.24,0.0,0.0,0.0,0.0,0.0,0.0,0.0,
495241,ACCORDIUS HEALTH AT RIVER POINTE LLC,VIRGINIA BEACH,VA,Virginia Beach City,810,2020Q4,20201004,87,0.0,0.0,0.0,0.0,0.0,0.0,17.45,9.2,8.25,0.0,0.0,0.0,91.92,82.92,9.0,82.9,82.9,0.0,0.0,0.0,0.0,0.0,0.0,0.0,
495241,ACCORDIUS HEALTH AT RIVER POINTE LLC,VIRGINIA BEACH,VA,Virginia Beach City,810,2020Q4,20201005,86,8.0,8.0,0.0,30.0,30.0,0.0,28.11,15.53,12.58,9.97,9.97,0.0,106.25,93.19,13.06,102.44,82.04,20.4,0.0,0.0,0.0,0.0,0.0,0.0,
495241,ACCORDIUS HEALTH AT RIVER POINTE LLC,VIRGINIA BEACH,VA,Virginia Beach City,810,2020Q4,20201006,86,8.0,8.0,0.0,30.0,30.0,0.0,32.31,11.36,20.95,10.47,10.47,0.0,91.78,82.68,9.1,136.14,98.14,38.0,0.0,0.0,0.0,0.0,0.0,0.0,
495241,ACCORDIUS HEALTH AT RIVER POINTE LLC,VIRGINIA BEACH,VA,Virginia Beach City,810,2020Q4,20201007,88,8.0,8.0,0.0,30.0,30.0,0.0,29.65,17.38,12.27,9.75,9.75,0.0,101.85,101.85,0.0,95.25,81.75,13.5,0.0,0.0,0.0,0.0,0.0,0.0,
495241,ACCORDIUS HEALTH AT RIVER POINTE LLC,VIRGINIA BEACH,VA,Virginia Beach City,810,2020Q4,20201008,88,8.0,8.0,0.0,30.0,30.0,0.0,29.68,17.6,12.08,10.88,10.88,0.0,109.99,86.24,23.75,111.13,96.13,15.0,0.0,0.0,0.0,0.0,0.0,0.0,
495241,ACCORDIUS HEALTH AT RIVER POINTE LLC,VIRGINIA BEACH,VA,Virginia Beach City,810,2020Q4,20201009,88,8.0,8.0,0.0,30.0,30.0,0.0,29.84,20.51,9.33,0.0,0.0,0.0,112.85,82.04,30.81,103.17,66.77,36.4,0.0,0.0,0.0,0.0,0.0,0.0,
495241,ACCORDIUS HEALTH AT RIVER POINTE LLC,VIRGINIA BEACH,VA,Virginia Beach City,810,2020Q4,20201010,88,0.0,0.0,0.0,0.0,0.0,0.0,8.35,8.35,0.0,0.0,0.0,0.0,108.27,89.99,18.28,134.33,95.93,38.4,0.0,0.0,0.0,0.0,0.0,0.0,
495241,ACCORDIUS HEALTH AT RIVER POINTE LLC,VIRGINIA BEACH,VA,Virginia Beach City,810,2020Q4,20201011,88,0.0,0.0,0.0,0.0,0.0,0.0,7.22,7.22,0.0,0.0,0.0,0.0,100.04,73.99,26.05,168.15,88.86,79.29,0.0,0.0,0.0,0.0,0.0,0.0,
495241,ACCORDIUS HEALTH AT RIVER POINTE LLC,VIRGINIA BEACH,VA,Virginia Beach City,810,2020Q4,20201012,88,8.0,8.0,0.0,30.0,30.0,0.0,20.35,7.88,12.47,11.18,11.18,0.0,118.51,78.76,39.75,154.92,95.16,59.76,0.0,0.0,0.0,0.0,0.0,0.0,
495241,ACCORDIUS HEALTH AT RIVER POINTE LLC,VIRGINIA BEACH,VA,Virginia Beach City,810,2020Q4,20201013,88,8.0,8.0,0.0,30.0,30.0,0.0,22.46,9.96,12.5,10.22,10.22,0.0,129.6,98.35,31.25,146.42,92.77,53.65,0.0,0.0,0.0,0.0,0.0,0.0,
495241,ACCORDIUS HEALTH AT RIVER POINTE LLC,VIRGINIA BEACH,VA,Virginia Beach City,810,2020Q4,20201014,89,8.0,8.0,0.0,30.0,30.0,0.0,34.6,21.27,13.33,11.17,11.17,0.0,105.95,70.5,35.45,137.27,79.67,57.6,0.0,0.0,0.0,0.0,0.0,0.0,
495241,ACCORDIUS HEALTH AT RIVER POINTE LLC,VIRGINIA BEACH,VA,Virginia Beach City,810,2020Q4,20201015,88,8.0,8.0,0.0,30.0,30.0,0.0,35.85,18.47,17.38,9.93,9.93,0.0,90.74,66.19,24.55,140.14,92.53,47.61,0.0,0.0,0.0,0.0,0.0,0.0,
495241,ACCORDIUS HEALTH AT RIVER POINTE LLC,VIRGINIA BEACH,VA,Virginia Beach City,810,2020Q4,20201016,87,8.0,8.0,0.0,30.0,30.0,0.0,35.67,12.05,23.62,9.68,9.68,0.0,89.91,74.91,15.0,101.62,76.8,24.82,0.0,0.0,0.0,0.0,0.0,0.0,
495241,ACCORDIUS HEALTH AT RIVER POINTE LLC,VIRGINIA BEACH,VA,Virginia Beach City,810,2020Q4,20201017,87,0.0,0.0,0.0,0.0,0.0,0.0,11.78,10.78,1.0,0.0,0.0,0.0,101.14,101.14,0.0,68.83,62.28,6.55,0.0,0.0,0.0,0.0,0.0,0.0,
495241,ACCORDIUS HEALTH AT RIVER POINTE LLC,VIRGINIA BEACH,VA,Virginia Beach City,810,2020Q4,20201018,87,0.0,0.0,0.0,0.0,0.0,0.0,19.5,11.75,7.75,0.0,0.0,0.0,90.39,80.39,10.0,131.66,69.18,62.48,0.0,0.0,0.0,0.0,0.0,0.0,
495241,ACCORDIUS HEALTH AT RIVER POINTE LLC,VIRGINIA BEACH,VA,Virginia Beach City,810,2020Q4,20201019,88,8.0,8.0,0.0,30.0,30.0,0.0,16.43,16.43,0.0,10.67,10.67,0.0,129.74,75.44,54.3,179.55,98.12,81.43,0.0,0.0,0.0,0.0,0.0,0.0,
495241,ACCORDIUS HEALTH AT RIVER POINTE LLC,VIRGINIA BEACH,VA,Virginia Beach City,810,2020Q4,20201020,88,8.0,8.0,0.0,30.0,30.0,0.0,24.45,12.05,12.4,9.7,9.7,0.0,119.18,71.24,47.94,165.26,113.8,51.46,0.0,0.0,0.0,0.0,0.0,0.0,
495241,ACCORDIUS HEALTH AT RIVER POINTE LLC,VIRGINIA BEACH,VA,Virginia Beach City,810,2020Q4,20201021,87,8.0,8.0,0.0,30.0,30.0,0.0,30.01,17.48,12.53,10.73,10.73,0.0,118.98,94.45,24.53,171.08,98.74,72.34,0.0,0.0,0.0,0.0,0.0,0.0,
495241,ACCORDIUS HEALTH AT RIVER POINTE LLC,VIRGINIA BEACH,VA,Virginia Beach City,810,2020Q4,20201022,85,8.0,8.0,0.0,30.0,30.0,0.0,30.91,18.38,12.53,5.5,5.5,0.0,121.27,103.44,17.83,161.33,101.81,59.52,0.0,0.0,0.0,0.0,0.0,0.0,
495241,ACCORDIUS HEALTH AT RIVER POINTE LLC,VIRGINIA BEACH,VA,Virginia Beach City,810,2020Q4,20201023,85,8.0,8.0,0.0,30.0,30.0,0.0,30.37,17.92,12.45,6.57,6.57,0.0,116.71,76.37,40.34,129.87,68.29,61.58,0.0,0.0,0.0,0.0,0.0,0.0,
495241,ACCORDIUS HEALTH AT RIVER POINTE LLC,VIRGINIA BEACH,VA,Virginia Beach City,810,2020Q4,20201024,85,0.0,0.0,0.0,0.0,0.0,0.0,9.97,8.65,1.32,7.58,7.58,0.0,107.37,62.42,44.95,151.68,100.51,51.17,0.0,0.0,0.0,0.0,0.0,0.0,
495241,ACCORDIUS HEALTH AT RIVER POINTE LLC,VIRGINIA BEACH,VA,Virginia Beach City,810,2020Q4,20201025,84,0.0,0.0,0.0,0.0,0.0,0.0,7.6,1.1,6.5,5.0,5.0,0.0,82.45,66.28,16.17,125.35,74.11,51.24,0.0,0.0,0.0,0.0,0.0,0.0,
495241,ACCORDIUS HEALTH AT RIVER POINTE LLC,VIRGINIA BEACH,VA,Virginia Beach City,810,2020Q4,20201026,84,8.0,8.0,0.0,30.0,30.0,0.0,17.22,17.22,0.0,0.0,0.0,0.0,104.78,79.5,25.28,136.84,66.92,69.92,0.0,0.0,0.0,0.0,0.0,0.0,
495241,ACCORDIUS HEALTH AT RIVER POINTE LLC,VIRGINIA BEACH,VA,Virginia Beach City,810,2020Q4,20201027,83,8.0,8.0,0.0,30.0,30.0,0.0,18.77,18.77,0.0,9.17,9.17,0.0,103.01,88.46,14.55,141.8,91.26,50.54,0.0,0.0,0.0,0.0,0.0,0.0,
495241,ACCORDIUS HEALTH AT RIVER POINTE LLC,VIRGINIA BEACH,VA,Virginia Beach City,810,2020Q4,20201028,83,8.0,8.0,0.0,30.0,30.0,0.0,18.78,18.78,0.0,10.02,10.02,0.0,119.21,103.53,15.68,145.03,96.79,48.24,0.0,0.0,0.0,0.0,0.0,0.0,
495241,ACCORDIUS HEALTH AT RIVER POINTE LLC,VIRGINIA BEACH,VA,Virginia Beach City,810,2020Q4,20201029,83,8.0,8.0,0.0,30.0,30.0,0.0,16.82,16.82,0.0,10.62,10.62,0.0,110.34,95.02,15.32,141.7,96.91,44.79,0.0,0.0,0.0,0.0,0.0,0.0,
495241,ACCORDIUS HEALTH AT RIVER POINTE LLC,VIRGINIA BEACH,VA,Virginia Beach City,810,2020Q4,20201030,85,8.0,8.0,0.0,30.0,30.0,0.0,11.05,11.05,0.0,10.45,10.45,0.0,91.36,83.11,8.25,133.35,72.56,60.79,0.0,0.0,0.0,0.0,0.0,0.0,
495241,ACCORDIUS HEALTH AT RIVER POINTE LLC,VIRGINIA BEACH,VA,Virginia Beach City,810,2020Q4,20201031,85,0.0,0.0,0.0,0.0,0.0,0.0,9.88,9.88,0.0,0.0,0.0,0.0,106.2,97.45,8.75,163.64,103.96,59.68,0.0,0.0,0.0,0.0,0.0,0.0,
495241,ACCORDIUS HEALTH AT RIVER POINTE LLC,VIRGINIA BEACH,VA,Virginia Beach City,810,2020Q4,20201101,85,0.0,0.0,0.0,0.0,0.0,0.0,11.95,10.45,1.5,0.0,0.0,0.0,129.8,113.8,16.0,159.12,92.86,66.26,0.0,0.0,0.0,0.0,0.0,0.0,
495241,ACCORDIUS HEALTH AT RIVER POINTE LLC,VIRGINIA BEACH,VA,Virginia Beach City,810,2020Q4,20201102,84,8.0,8.0,0.0,15.0,15.0,0.0,23.25,16.0,7.25,10.28,10.28,0.0,117.96,74.65,43.31,158.05,90.25,67.8,0.0,0.0,0.0,0.0,0.0,0.0,
495241,ACCORDIUS HEALTH AT RIVER POINTE LLC,VIRGINIA BEACH,VA,Virginia Beach City,810,2020Q4,20201103,84,8.0,8.0,0.0,15.0,15.0,0.0,2.09,2.09,0.0,8.7,8.7,0.0,117.02,80.89,36.13,152.66,114.95,37.71,0.0,0.0,0.0,0.0,0.0,0.0,
495241,ACCORDIUS HEALTH AT RIVER POINTE LLC,VIRGINIA BEACH,VA,Virginia Beach City,810,2020Q4,20201104,84,8.0,8.0,0.0,15.0,15.0,0.0,9.91,9.91,0.0,10.82,10.82,0.0,109.72,97.62,12.1,158.37,94.83,63.54,0.0,0.0,0.0,0.0,0.0,0.0,
495241,ACCORDIUS HEALTH AT RIVER POINTE LLC,VIRGINIA BEACH,VA,Virginia Beach City,810,2020Q4,20201105,83,8.0,8.0,0.0,7.5,7.5,0.0,9.12,9.12,0.0,8.98,8.98,0.0,104.88,93.28,11.6,146.01,107.34,38.67,0.0,0.0,0.0,0.0,0.0,0.0,
495241,ACCORDIUS HEALTH AT RIVER POINTE LLC,VIRGINIA BEACH,VA,Virginia Beach City,810,2020Q4,20201106,84,8.0,8.0,0.0,7.5,7.5,0.0,9.35,9.35,0.0,6.1,6.1,0.0,104.42,71.32,33.1,127.03,79.15,47.88,0.0,0.0,0.0,0.0,0.0,0.0,
495241,ACCORDIUS HEALTH AT RIVER POINTE LLC,VIRGINIA BEACH,VA,Virginia Beach City,810,2020Q4,20201107,84,0.0,0.0,0.0,0.0,0.0,0.0,17.1,17.1,0.0,0.0,0.0,0.0,107.72,65.65,42.07,149.84,101.14,48.7,0.0,0.0,0.0,0.0,0.0,0.0,
495241,ACCORDIUS HEALTH AT RIVER POINTE LLC,VIRGINIA BEACH,VA,Virginia Beach City,810,2020Q4,20201108,84,0.0,0.0,0.0,0.0,0.0,0.0,8.88,8.88,0.0,0.0,0.0,0.0,113.2,80.58,32.62,140.86,108.06,32.8,0.0,0.0,0.0,0.0,0.0,0.0,
495241,ACCORDIUS HEALTH AT RIVER POINTE LLC,VIRGINIA BEACH,VA,Virginia Beach City,810,2020Q4,20201109,84,8.0,8.0,0.0,15.0,15.0,0.0,10.09,10.09,0.0,11.18,11.18,0.0,104.46,82.06,22.4,132.36,83.19,49.17,0.0,0.0,0.0,0.0,0.0,0.0,
495241,ACCORDIUS HEALTH AT RIVER POINTE LLC,VIRGINIA BEACH,VA,Virginia Beach City,810,2020Q4,20201110,83,8.0,8.0,0.0,9.0,9.0,0.0,18.12,18.12,0.0,9.05,9.05,0.0,104.62,80.21,24.41,138.47,100.47,38.0,0.0,0.0,0.0,0.0,0.0,0.0,
495241,ACCORDIUS HEALTH AT RIVER POINTE LLC,VIRGINIA BEACH,VA,Virginia Beach City,810,2020Q4,20201111,85,8.0,8.0,0.0,9.58,9.58,0.0,20.4,20.4,0.0,11.07,11.07,0.0,108.36,92.64,15.72,150.24,119.7,30.54,0.0,0.0,0.0,0.0,0.0,0.0,
495241,ACCORDIUS HEALTH AT RIVER POINTE LLC,VIRGINIA BEACH,VA,Virginia Beach City,810,2020Q4,20201112,86,8.0,8.0,0.0,15.0,15.0,0.0,19.9,19.9,0.0,9.97,9.97,0.0,111.93,99.33,12.6,141.91,107.07,34.84,0.0,0.0,0.0,0.0,0.0,0.0,
495241,ACCORDIUS HEALTH AT RIVER POINTE LLC,VIRGINIA BEACH,VA,Virginia Beach City,810,2020Q4,20201113,85,8.0,8.0,0.0,15.0,15.0,0.0,6.8,6.8,0.0,9.57,9.57,0.0,119.65,54.9,64.75,131.76,99.03,32.73,0.0,0.0,0.0,0.0,0.0,0.0,
495241,ACCORDIUS HEALTH AT RIVER POINTE LLC,VIRGINIA BEACH,VA,Virginia Beach City,810,2020Q4,20201114,85,0.0,0.0,0.0,0.0,0.0,0.0,9.1,9.1,0.0,4.42,4.42,0.0,98.81,88.59,10.22,123.29,101.29,22.0,0.0,0.0,0.0,0.0,0.0,0.0,
495241,ACCORDIUS HEALTH AT RIVER POINTE LLC,VIRGINIA BEACH,VA,Virginia Beach City,810,2020Q4,20201115,85,0.0,0.0,0.0,0.0,0.0,0.0,12.48,11.23,1.25,0.0,0.0,0.0,82.43,78.67,3.76,169.82,88.19,81.63,0.0,0.0,0.0,0.0,0.0,0.0,
495241,ACCORDIUS HEALTH AT RIVER POINTE LLC,VIRGINIA BEACH,VA,Virginia Beach City,810,2020Q4,20201116,85,8.0,8.0,0.0,15.0,15.0,0.0,28.19,19.36,8.83,10.22,10.22,0.0,99.8,68.07,31.73,155.39,105.4,49.99,0.0,0.0,0.0,0.0,0.0,0.0,
495241,ACCORDIUS HEALTH AT RIVER POINTE LLC,VIRGINIA BEACH,VA,Virginia Beach City,810,2020Q4,20201117,84,8.0,8.0,0.0,7.5,7.5,0.0,11.85,11.85,0.0,10.65,10.65,0.0,115.91,68.28,47.63,154.89,116.31,38.58,0.0,0.0,0.0,0.0,0.0,0.0,
495241,ACCORDIUS HEALTH AT RIVER POINTE LLC,VIRGINIA BEACH,VA,Virginia Beach City,810,2020Q4,20201118,83,8.0,8.0,0.0,15.0,15.0,0.0,21.01,21.01,0.0,10.63,10.63,0.0,104.83,72.59,32.24,151.02,101.38,49.64,0.0,0.0,0.0,0.0,0.0,0.0,
495241,ACCORDIUS HEALTH AT RIVER POINTE LLC,VIRGINIA BEACH,VA,Virginia Beach City,810,2020Q4,20201119,81,8.0,8.0,0.0,15.0,15.0,0.0,19.12,19.12,0.0,9.73,9.73,0.0,96.91,65.18,31.73,148.12,106.21,41.91,0.0,0.0,0.0,0.0,0.0,0.0,
495241,ACCORDIUS HEALTH AT RIVER POINTE LLC,VIRGINIA BEACH,VA,Virginia Beach City,810,2020Q4,20201120,82,0.0,0.0,0.0,15.0,15.0,0.0,20.12,20.12,0.0,10.55,10.55,0.0,112.65,79.05,33.6,136.06,95.41,40.65,0.0,0.0,0.0,0.0,0.0,0.0,
495241,ACCORDIUS HEALTH AT RIVER POINTE LLC,VIRGINIA BEACH,VA,Virginia Beach City,810,2020Q4,20201121,82,0.0,0.0,0.0,0.0,0.0,0.0,21.68,21.68,0.0,0.0,0.0,0.0,94.22,60.37,33.85,146.81,123.27,23.54,0.0,0.0,0.0,0.0,0.0,0.0,
495241,ACCORDIUS HEALTH AT RIVER POINTE LLC,VIRGINIA BEACH,VA,Virginia Beach City,810,2020Q4,20201122,82,0.0,0.0,0.0,0.0,0.0,0.0,10.92,10.92,0.0,0.0,0.0,0.0,100.93,69.34,31.59,130.02,100.74,29.28,0.0,0.0,0.0,0.0,0.0,0.0,
495241,ACCORDIUS HEALTH AT RIVER POINTE LLC,VIRGINIA BEACH,VA,Virginia Beach City,810,2020Q4,20201123,82,0.0,0.0,0.0,15.0,15.0,0.0,19.47,19.47,0.0,11.9,11.9,0.0,107.96,78.69,29.27,147.47,115.52,31.95,0.0,0.0,0.0,0.0,0.0,0.0,
495241,ACCORDIUS HEALTH AT RIVER POINTE LLC,VIRGINIA BEACH,VA,Virginia Beach City,810,2020Q4,20201124,80,0.0,0.0,0.0,15.0,15.0,0.0,18.45,18.45,0.0,10.85,10.85,0.0,111.1,78.97,32.13,152.75,101.69,51.06,0.0,0.0,0.0,0.0,0.0,0.0,
495241,ACCORDIUS HEALTH AT RIVER POINTE LLC,VIRGINIA BEACH,VA,Virginia Beach City,810,2020Q4,20201125,83,0.0,0.0,0.0,15.0,15.0,0.0,17.68,17.68,0.0,9.97,9.97,0.0,110.99,85.11,25.88,136.84,81.61,55.23,0.0,0.0,0.0,0.0,0.0,0.0,
495241,ACCORDIUS HEALTH AT RIVER POINTE LLC,VIRGINIA BEACH,VA,Virginia Beach City,810,2020Q4,20201126,83,0.0,0.0,0.0,0.0,0.0,0.0,15.65,15.65,0.0,7.05,7.05,0.0,103.78,54.27,49.51,129.12,102.51,26.61,0.0,0.0,0.0,0.0,0.0,0.0,
495241,ACCORDIUS HEALTH AT RIVER POINTE LLC,VIRGINIA BEACH,VA,Virginia Beach City,810,2020Q4,20201127,83,0.0,0.0,0.0,15.0,15.0,0.0,10.7,10.7,0.0,9.13,9.13,0.0,115.82,67.33,48.49,107.17,67.4,39.77,0.0,0.0,0.0,0.0,0.0,0.0,
495241,ACCORDIUS HEALTH AT RIVER POINTE LLC,VIRGINIA BEACH,VA,Virginia Beach City,810,2020Q4,20201128,84,0.0,0.0,0.0,0.0,0.0,0.0,9.58,9.58,0.0,4.2,4.2,0.0,95.15,78.1,17.05,107.15,85.65,21.5,0.0,0.0,0.0,0.0,0.0,0.0,
495241,ACCORDIUS HEALTH AT RIVER POINTE LLC,VIRGINIA BEACH,VA,Virginia Beach City,810,2020Q4,20201129,84,0.0,0.0,0.0,0.0,0.0,0.0,10.65,10.65,0.0,0.0,0.0,0.0,84.18,66.38,17.8,125.17,91.24,33.93,0.0,0.0,0.0,0.0,0.0,0.0,
495241,ACCORDIUS HEALTH AT RIVER POINTE LLC,VIRGINIA BEACH,VA,Virginia Beach City,810,2020Q4,20201130,84,0.0,0.0,0.0,15.0,15.0,0.0,8.07,8.07,0.0,0.0,0.0,0.0,94.3,84.8,9.5,152.01,106.18,45.83,0.0,0.0,0.0,0.0,0.0,0.0,
495241,ACCORDIUS HEALTH AT RIVER POINTE LLC,VIRGINIA BEACH,VA,Virginia Beach City,810,2020Q4,20201201,84,0.0,0.0,0.0,7.5,7.5,0.0,1.05,1.05,0.0,11.12,11.12,0.0,95.51,68.55,26.96,152.54,115.39,37.15,0.0,0.0,0.0,0.0,0.0,0.0,
495241,ACCORDIUS HEALTH AT RIVER POINTE LLC,VIRGINIA BEACH,VA,Virginia Beach City,810,2020Q4,20201202,85,0.0,0.0,0.0,15.0,15.0,0.0,17.72,17.72,0.0,10.9,10.9,0.0,96.72,72.32,24.4,154.58,116.02,38.56,0.0,0.0,0.0,0.0,0.0,0.0,
495241,ACCORDIUS HEALTH AT RIVER POINTE LLC,VIRGINIA BEACH,VA,Virginia Beach City,810,2020Q4,20201203,85,0.0,0.0,0.0,15.0,15.0,0.0,18.59,18.59,0.0,10.5,10.5,0.0,105.35,73.16,32.19,145.19,110.4,34.79,0.0,0.0,0.0,0.0,0.0,0.0,
495241,ACCORDIUS HEALTH AT RIVER POINTE LLC,VIRGINIA BEACH,VA,Virginia Beach City,810,2020Q4,20201204,86,0.0,0.0,0.0,15.0,15.0,0.0,16.48,16.48,0.0,10.78,10.78,0.0,101.49,64.28,37.21,146.28,113.0,33.28,0.0,0.0,0.0,0.0,0.0,0.0,
495241,ACCORDIUS HEALTH AT RIVER POINTE LLC,VIRGINIA BEACH,VA,Virginia Beach City,810,2020Q4,20201205,86,0.0,0.0,0.0,0.0,0.0,0.0,8.6,8.6,0.0,0.0,0.0,0.0,91.9,33.99,57.91,156.02,146.02,10.0,0.0,0.0,0.0,0.0,0.0,0.0,
495241,ACCORDIUS HEALTH AT RIVER POINTE LLC,VIRGINIA BEACH,VA,Virginia Beach City,810,2020Q4,20201206,85,0.0,0.0,0.0,0.0,0.0,0.0,17.85,17.85,0.0,0.0,0.0,0.0,99.77,48.55,51.22,150.93,105.92,45.01,0.0,0.0,0.0,0.0,0.0,0.0,
495241,ACCORDIUS HEALTH AT RIVER POINTE LLC,VIRGINIA BEACH,VA,Virginia Beach City,810,2020Q4,20201207,85,0.0,0.0,0.0,15.0,15.0,0.0,11.91,11.91,0.0,10.9,10.9,0.0,110.97,83.4,27.57,164.14,125.37,38.77,0.0,0.0,0.0,0.0,0.0,0.0,
495241,ACCORDIUS HEALTH AT RIVER POINTE LLC,VIRGINIA BEACH,VA,Virginia Beach City,810,2020Q4,20201208,85,0.0,0.0,0.0,15.0,15.0,0.0,16.08,16.08,0.0,10.9,10.9,0.0,107.91,80.54,27.37,152.6,136.45,16.15,0.0,0.0,0.0,0.0,0.0,0.0,
495241,ACCORDIUS HEALTH AT RIVER POINTE LLC,VIRGINIA BEACH,VA,Virginia Beach City,810,2020Q4,20201209,87,8.0,8.0,0.0,15.0,15.0,0.0,18.39,18.39,0.0,11.07,11.07,0.0,107.08,74.82,32.26,156.05,148.2,7.85,0.0,0.0,0.0,0.0,0.0,0.0,
495241,ACCORDIUS HEALTH AT RIVER POINTE LLC,VIRGINIA BEACH,VA,Virginia Beach City,810,2020Q4,20201210,86,8.0,8.0,0.0,15.0,15.0,0.0,16.3,16.3,0.0,8.72,8.72,0.0,105.82,82.1,23.72,154.16,131.58,22.58,0.0,0.0,0.0,0.0,0.0,0.0,
495241,ACCORDIUS HEALTH AT RIVER POINTE LLC,VIRGINIA BEACH,VA,Virginia Beach City,810,2020Q4,20201211,86,8.0,8.0,0.0,15.0,15.0,0.0,9.15,9.15,0.0,10.8,10.8,0.0,96.2,38.51,57.69,137.97,104.19,33.78,0.0,0.0,0.0,0.0,0.0,0.0,
495241,ACCORDIUS HEALTH AT RIVER POINTE LLC,VIRGINIA BEACH,VA,Virginia Beach City,810,2020Q4,20201212,87,0.0,0.0,0.0,0.0,0.0,0.0,12.5,12.5,0.0,0.0,0.0,0.0,82.8,82.7,0.1,148.22,132.48,15.74,0.0,0.0,0.0,0.0,0.0,0.0,
495241,ACCORDIUS HEALTH AT RIVER POINTE LLC,VIRGINIA BEACH,VA,Virginia Beach City,810,2020Q4,20201213,86,0.0,0.0,0.0,0.0,0.0,0.0,8.83,8.83,0.0,0.0,0.0,0.0,88.1,88.1,0.0,153.27,107.17,46.1,0.0,0.0,0.0,0.0,0.0,0.0,
495241,ACCORDIUS HEALTH AT RIVER POINTE LLC,VIRGINIA BEACH,VA,Virginia Beach City,810,2020Q4,20201214,87,8.0,8.0,0.0,15.0,15.0,0.0,8.2,8.2,0.0,10.6,10.6,0.0,91.84,69.4,22.44,142.99,120.34,22.65,0.0,0.0,0.0,0.0,0.0,0.0,
495241,ACCORDIUS HEALTH AT RIVER POINTE LLC,VIRGINIA BEACH,VA,Virginia Beach City,810,2020Q4,20201215,88,8.0,8.0,0.0,15.0,15.0,0.0,9.01,9.01,0.0,11.05,11.05,0.0,98.73,59.59,39.14,146.51,132.04,14.47,0.0,0.0,0.0,0.0,0.0,0.0,
495241,ACCORDIUS HEALTH AT RIVER POINTE LLC,VIRGINIA BEACH,VA,Virginia Beach City,810,2020Q4,20201216,87,8.0,8.0,0.0,15.0,15.0,0.0,20.99,20.16,0.83,9.93,9.93,0.0,94.13,78.0,16.13,152.71,129.31,23.4,0.0,0.0,0.0,0.0,0.0,0.0,
495241,ACCORDIUS HEALTH AT RIVER POINTE LLC,VIRGINIA BEACH,VA,Virginia Beach City,810,2020Q4,20201217,86,8.0,8.0,0.0,15.0,15.0,0.0,26.45,17.45,9.0,11.52,11.52,0.0,86.2,70.22,15.98,147.27,127.76,19.51,0.0,0.0,0.0,0.0,0.0,0.0,
495241,ACCORDIUS HEALTH AT RIVER POINTE LLC,VIRGINIA BEACH,VA,Virginia Beach City,810,2020Q4,20201218,87,8.0,8.0,0.0,15.0,15.0,0.0,0.93,0.93,0.0,10.55,10.55,0.0,109.37,70.4,38.97,129.25,113.01,16.24,0.0,0.0,0.0,0.0,0.0,0.0,
495241,ACCORDIUS HEALTH AT RIVER POINTE LLC,VIRGINIA BEACH,VA,Virginia Beach City,810,2020Q4,20201219,86,0.0,0.0,0.0,0.0,0.0,0.0,19.0,19.0,0.0,0.0,0.0,0.0,92.08,65.96,26.12,152.59,144.66,7.93,0.0,0.0,0.0,0.0,0.0,0.0,
495241,ACCORDIUS HEALTH AT RIVER POINTE LLC,VIRGINIA BEACH,VA,Virginia Beach City,810,2020Q4,20201220,86,0.0,0.0,0.0,0.0,0.0,0.0,8.22,8.22,0.0,0.0,0.0,0.0,97.54,58.18,39.36,136.5,115.08,21.42,0.0,0.0,0.0,0.0,0.0,0.0,
495241,ACCORDIUS HEALTH AT RIVER POINTE LLC,VIRGINIA BEACH,VA,Virginia Beach City,810,2020Q4,20201221,85,8.0,8.0,0.0,15.0,15.0,0.0,8.79,8.79,0.0,11.12,11.12,0.0,114.4,80.64,33.76,146.33,115.4,30.93,0.0,0.0,0.0,0.0,0.0,0.0,
495241,ACCORDIUS HEALTH AT RIVER POINTE LLC,VIRGINIA BEACH,VA,Virginia Beach City,810,2020Q4,20201222,84,8.0,8.0,0.0,15.0,15.0,0.0,17.63,17.63,0.0,12.12,12.12,0.0,117.96,93.38,24.58,141.29,110.88,30.41,0.0,0.0,0.0,0.0,0.0,0.0,
495241,ACCORDIUS HEALTH AT RIVER POINTE LLC,VIRGINIA BEACH,VA,Virginia Beach City,810,2020Q4,20201223,85,8.0,8.0,0.0,15.0,15.0,0.0,15.02,15.02,0.0,0.0,0.0,0.0,95.33,87.08,8.25,141.32,122.88,18.44,0.0,0.0,0.0,0.0,0.0,0.0,
495241,ACCORDIUS HEALTH AT RIVER POINTE LLC,VIRGINIA BEACH,VA,Virginia Beach City,810,2020Q4,20201224,86,8.0,8.0,0.0,15.0,15.0,0.0,1.07,1.07,0.0,0.0,0.0,0.0,101.49,100.67,0.82,158.88,112.38,46.5,0.0,0.0,0.0,0.0,0.0,0.0,
495241,ACCORDIUS HEALTH AT RIVER POINTE LLC,VIRGINIA BEACH,VA,Virginia Beach City,810,2020Q4,20201225,83,8.0,8.0,0.0,15.0,15.0,0.0,8.83,8.83,0.0,0.0,0.0,0.0,95.03,63.52,31.51,129.18,113.48,15.7,0.0,0.0,0.0,0.0,0.0,0.0,
495241,ACCORDIUS HEALTH AT RIVER POINTE LLC,VIRGINIA BEACH,VA,Virginia Beach City,810,2020Q4,20201226,83,0.0,0.0,0.0,0.0,0.0,0.0,20.6,20.6,0.0,0.0,0.0,0.0,91.59,81.81,9.78,129.51,113.53,15.98,0.0,0.0,0.0,0.0,0.0,0.0,
495241,ACCORDIUS HEALTH AT RIVER POINTE LLC,VIRGINIA BEACH,VA,Virginia Beach City,810,2020Q4,20201227,81,0.0,0.0,0.0,5.3,5.3,0.0,9.36,9.36,0.0,0.0,0.0,0.0,99.09,76.72,22.37,129.76,100.84,28.92,0.0,0.0,0.0,0.0,0.0,0.0,
495241,ACCORDIUS HEALTH AT RIVER POINTE LLC,VIRGINIA BEACH,VA,Virginia Beach City,810,2020Q4,20201228,83,8.5,8.5,0.0,19.32,19.32,0.0,18.28,18.28,0.0,11.62,11.62,0.0,91.77,68.27,23.5,155.49,98.53,56.96,0.0,0.0,0.0,0.0,0.0,0.0,
495241,ACCORDIUS HEALTH AT RIVER POINTE LLC,VIRGINIA BEACH,VA,Virginia Beach City,810,2020Q4,20201229,84,8.5,8.5,0.0,16.42,16.42,0.0,0.55,0.55,0.0,11.28,11.28,0.0,106.99,65.89,41.1,145.16,116.0,29.16,0.0,0.0,0.0,0.0,0.0,0.0,
495241,ACCORDIUS HEALTH AT RIVER POINTE LLC,VIRGINIA BEACH,VA,Virginia Beach City,810,2020Q4,20201230,86,8.5,8.5,0.0,12.72,12.72,0.0,9.6,9.6,0.0,10.25,10.25,0.0,108.68,84.18,24.5,161.48,109.31,52.17,0.0,0.0,0.0,0.0,0.0,0.0,
495241,ACCORDIUS HEALTH AT RIVER POINTE LLC,VIRGINIA BEACH,VA,Virginia Beach City,810,2020Q4,20201231,86,8.5,8.5,0.0,17.47,17.47,0.0,17.13,9.13,8.0,10.8,10.8,0.0,103.02,86.52,16.5,135.95,117.53,18.42,0.0,0.0,0.0,0.0,0.0,0.0,
495241,ACCORDIUS HEALTH AT RIVER POINTE LLC,VIRGINIA BEACH,VA,Virginia Beach City,810,2021Q1,20210101,87,8.0,8.0,0.0,8.0,8.0,0.0,9.1,0.6,8.5,9.58,9.58,0.0,106.55,84.72,21.83,141.55,87.85,53.7,0.0,0.0,0.0,0.0,0.0,0.0,
495241,ACCORDIUS HEALTH AT RIVER POINTE LLC,VIRGINIA BEACH,VA,Virginia Beach City,810,2021Q1,20210102,86,0.0,0.0,0.0,0.0,0.0,0.0,10.17,10.17,0.0,0.0,0.0,0.0,91.17,67.17,24.0,134.07,92.82,41.25,0.0,0.0,0.0,0.0,0.0,0.0,
495241,ACCORDIUS HEALTH AT RIVER POINTE LLC,VIRGINIA BEACH,VA,Virginia Beach City,810,2021Q1,20210103,85,0.0,0.0,0.0,0.0,0.0,0.0,0.52,0.52,0.0,0.0,0.0,0.0,89.1,59.1,30.0,141.32,106.46,34.86,0.0,0.0,0.0,0.0,0.0,0.0,
495241,ACCORDIUS HEALTH AT RIVER POINTE LLC,VIRGINIA BEACH,VA,Virginia Beach City,810,2021Q1,20210104,86,8.0,8.0,0.0,16.0,16.0,0.0,9.3,9.3,0.0,10.2,10.2,0.0,99.96,92.46,7.5,170.95,122.62,48.33,0.0,0.0,0.0,0.0,0.0,0.0,
495241,ACCORDIUS HEALTH AT RIVER POINTE LLC,VIRGINIA BEACH,VA,Virginia Beach City,810,2021Q1,20210105,87,8.0,8.0,0.0,16.0,16.0,0.0,9.45,9.45,0.0,12.32,12.32,0.0,103.93,88.21,15.72,165.89,135.89,30.0,0.0,0.0,0.0,0.0,0.0,0.0,
495241,ACCORDIUS HEALTH AT RIVER POINTE LLC,VIRGINIA BEACH,VA,Virginia Beach City,810,2021Q1,20210106,89,8.0,8.0,0.0,16.0,16.0,0.0,9.7,9.7,0.0,10.1,10.1,0.0,110.37,96.0,14.37,159.24,144.57,14.67,0.0,0.0,0.0,0.0,0.0,0.0,
495241,ACCORDIUS HEALTH AT RIVER POINTE LLC,VIRGINIA BEACH,VA,Virginia Beach City,810,2021Q1,20210107,88,8.0,8.0,0.0,16.0,16.0,0.0,9.3,9.3,0.0,10.0,10.0,0.0,95.41,71.19,24.22,157.43,121.96,35.47,0.0,0.0,0.0,0.0,0.0,0.0,
495241,ACCORDIUS HEALTH AT RIVER POINTE LLC,VIRGINIA BEACH,VA,Virginia Beach City,810,2021Q1,20210108,88,8.0,8.0,0.0,16.0,16.0,0.0,0.52,0.52,0.0,10.83,10.83,0.0,114.05,58.89,55.16,157.88,123.26,34.62,0.0,0.0,0.0,0.0,0.0,0.0,
495241,ACCORDIUS HEALTH AT RIVER POINTE LLC,VIRGINIA BEACH,VA,Virginia Beach City,810,2021Q1,20210109,87,0.0,0.0,0.0,0.0,0.0,0.0,11.67,11.67,0.0,0.0,0.0,0.0,98.6,90.87,7.73,142.68,127.1,15.58,0.0,0.0,0.0,0.0,0.0,0.0,
495241,ACCORDIUS HEALTH AT RIVER POINTE LLC,VIRGINIA BEACH,VA,Virginia Beach City,810,2021Q1,20210110,87,0.0,0.0,0.0,0.0,0.0,0.0,9.83,9.83,0.0,0.0,0.0,0.0,93.17,70.71,22.46,137.86,122.86,15.0,0.0,0.0,0.0,0.0,0.0,0.0,
495241,ACCORDIUS HEALTH AT RIVER POINTE LLC,VIRGINIA BEACH,VA,Virginia Beach City,810,2021Q1,20210111,87,8.0,8.0,0.0,24.0,24.0,0.0,10.15,10.15,0.0,3.88,3.88,0.0,100.7,73.87,26.83,145.72,124.97,20.75,0.0,0.0,0.0,0.0,0.0,0.0,
495241,ACCORDIUS HEALTH AT RIVER POINTE LLC,VIRGINIA BEACH,VA,Virginia Beach City,810,2021Q1,20210112,88,8.0,8.0,0.0,24.0,24.0,0.0,0.58,0.58,0.0,8.55,8.55,0.0,102.0,72.5,29.5,122.19,89.94,32.25,0.0,0.0,0.0,0.0,0.0,0.0,
495241,ACCORDIUS HEALTH AT RIVER POINTE LLC,VIRGINIA BEACH,VA,Virginia Beach City,810,2021Q1,20210113,89,8.0,8.0,0.0,24.0,24.0,0.0,8.92,8.92,0.0,9.75,9.75,0.0,112.76,72.97,39.79,154.55,120.46,34.09,0.0,0.0,0.0,0.0,0.0,0.0,
495241,ACCORDIUS HEALTH AT RIVER POINTE LLC,VIRGINIA BEACH,VA,Virginia Beach City,810,2021Q1,20210114,88,8.0,8.0,0.0,24.0,24.0,0.0,8.75,8.75,0.0,9.68,9.68,0.0,112.65,66.29,46.36,150.96,121.19,29.77,0.0,0.0,0.0,0.0,0.0,0.0,
495241,ACCORDIUS HEALTH AT RIVER POINTE LLC,VIRGINIA BEACH,VA,Virginia Beach City,810,2021Q1,20210115,89,8.0,8.0,0.0,16.0,16.0,0.0,0.58,0.58,0.0,9.18,9.18,0.0,121.67,58.14,63.53,127.33,89.5,37.83,0.0,0.0,0.0,0.0,0.0,0.0,
495241,ACCORDIUS HEALTH AT RIVER POINTE LLC,VIRGINIA BEACH,VA,Virginia Beach City,810,2021Q1,20210116,89,0.0,0.0,0.0,0.0,0.0,0.0,9.35,9.35,0.0,0.0,0.0,0.0,109.61,71.43,38.18,115.55,100.05,15.5,0.0,0.0,0.0,0.0,0.0,0.0,
495241,ACCORDIUS HEALTH AT RIVER POINTE LLC,VIRGINIA BEACH,VA,Virginia Beach City,810,2021Q1,20210117,89,0.0,0.0,0.0,8.0,8.0,0.0,0.57,0.57,0.0,0.0,0.0,0.0,104.87,52.65,52.22,131.92,84.17,47.75,0.0,0.0,0.0,0.0,0.0,0.0,
495241,ACCORDIUS HEALTH AT RIVER POINTE LLC,VIRGINIA BEACH,VA,Virginia Beach City,810,2021Q1,20210118,89,8.0,8.0,0.0,16.0,16.0,0.0,8.9,8.9,0.0,8.33,8.33,0.0,125.62,79.34,46.28,168.53,117.46,51.07,0.0,0.0,0.0,0.0,0.0,0.0,
495241,ACCORDIUS HEALTH AT RIVER POINTE LLC,VIRGINIA BEACH,VA,Virginia Beach City,810,2021Q1,20210119,88,8.0,8.0,0.0,16.0,16.0,0.0,9.12,9.12,0.0,10.52,10.52,0.0,106.59,68.46,38.13,152.67,131.84,20.83,0.0,0.0,0.0,0.0,0.0,0.0,
495241,ACCORDIUS HEALTH AT RIVER POINTE LLC,VIRGINIA BEACH,VA,Virginia Beach City,810,2021Q1,20210120,86,8.0,8.0,0.0,16.0,16.0,0.0,8.52,8.52,0.0,8.1,8.1,0.0,116.05,70.46,45.59,155.3,125.3,30.0,0.0,0.0,0.0,0.0,0.0,0.0,
495241,ACCORDIUS HEALTH AT RIVER POINTE LLC,VIRGINIA BEACH,VA,Virginia Beach City,810,2021Q1,20210121,87,8.0,8.0,0.0,16.0,16.0,0.0,8.03,8.03,0.0,8.62,8.62,0.0,119.08,65.5,53.58,155.56,135.48,20.08,0.0,0.0,0.0,0.0,0.0,0.0,
495241,ACCORDIUS HEALTH AT RIVER POINTE LLC,VIRGINIA BEACH,VA,Virginia Beach City,810,2021Q1,20210122,87,8.0,8.0,0.0,8.0,8.0,0.0,0.53,0.53,0.0,10.55,10.55,0.0,108.79,47.39,61.4,151.92,113.84,38.08,0.0,0.0,0.0,0.0,0.0,0.0,
495241,ACCORDIUS HEALTH AT RIVER POINTE LLC,VIRGINIA BEACH,VA,Virginia Beach City,810,2021Q1,20210123,87,0.0,0.0,0.0,0.0,0.0,0.0,9.68,9.68,0.0,2.0,2.0,0.0,110.63,87.92,22.71,150.06,104.73,45.33,0.0,0.0,0.0,0.0,0.0,0.0,
495241,ACCORDIUS HEALTH AT RIVER POINTE LLC,VIRGINIA BEACH,VA,Virginia Beach City,810,2021Q1,20210124,86,0.0,0.0,0.0,0.0,0.0,0.0,8.95,8.95,0.0,9.75,9.75,0.0,101.65,78.65,23.0,137.45,103.78,33.67,0.0,0.0,0.0,0.0,0.0,0.0,
495241,ACCORDIUS HEALTH AT RIVER POINTE LLC,VIRGINIA BEACH,VA,Virginia Beach City,810,2021Q1,20210125,86,8.0,8.0,0.0,16.0,16.0,0.0,8.63,8.63,0.0,9.0,9.0,0.0,110.69,80.44,30.25,149.96,98.29,51.67,0.0,0.0,0.0,0.0,0.0,0.0,
495241,ACCORDIUS HEALTH AT RIVER POINTE LLC,VIRGINIA BEACH,VA,Virginia Beach City,810,2021Q1,20210126,85,8.0,8.0,0.0,16.0,16.0,0.0,0.57,0.57,0.0,7.72,7.72,0.0,113.13,65.88,47.25,131.91,109.26,22.65,0.0,0.0,0.0,0.0,0.0,0.0,
495241,ACCORDIUS HEALTH AT RIVER POINTE LLC,VIRGINIA BEACH,VA,Virginia Beach City,810,2021Q1,20210127,85,8.0,8.0,0.0,16.0,16.0,0.0,9.07,9.07,0.0,8.1,8.1,0.0,113.27,76.69,36.58,144.35,121.98,22.37,0.0,0.0,0.0,0.0,0.0,0.0,
495241,ACCORDIUS HEALTH AT RIVER POINTE LLC,VIRGINIA BEACH,VA,Virginia Beach City,810,2021Q1,20210128,84,8.0,8.0,0.0,16.0,16.0,0.0,9.68,9.68,0.0,10.53,10.53,0.0,113.85,73.85,40.0,157.58,120.92,36.66,0.0,0.0,0.0,0.0,0.0,0.0,
495241,ACCORDIUS HEALTH AT RIVER POINTE LLC,VIRGINIA BEACH,VA,Virginia Beach City,810,2021Q1,20210129,84,8.0,8.0,0.0,24.0,24.0,0.0,0.0,0.0,0.0,8.82,8.82,0.0,118.45,88.62,29.83,117.1,81.47,35.63,0.0,0.0,0.0,0.0,0.0,0.0,
495241,ACCORDIUS HEALTH AT RIVER POINTE LLC,VIRGINIA BEACH,VA,Virginia Beach City,810,2021Q1,20210130,84,0.0,0.0,0.0,0.0,0.0,0.0,0.0,0.0,0.0,0.0,0.0,0.0,93.91,39.43,54.48,185.38,125.55,59.83,0.0,0.0,0.0,0.0,0.0,0.0,
495241,ACCORDIUS HEALTH AT RIVER POINTE LLC,VIRGINIA BEACH,VA,Virginia Beach City,810,2021Q1,20210131,84,0.0,0.0,0.0,0.0,0.0,0.0,0.0,0.0,0.0,0.0,0.0,0.0,93.07,38.25,54.82,151.06,102.56,48.5,0.0,0.0,0.0,0.0,0.0,0.0,
495241,ACCORDIUS HEALTH AT RIVER POINTE LLC,VIRGINIA BEACH,VA,Virginia Beach City,810,2021Q1,20210201,84,8.0,8.0,0.0,24.0,24.0,0.0,0.0,0.0,0.0,9.05,9.05,0.0,125.64,78.79,46.85,143.69,99.26,44.43,0.0,0.0,0.0,0.0,0.0,0.0,
495241,ACCORDIUS HEALTH AT RIVER POINTE LLC,VIRGINIA BEACH,VA,Virginia Beach City,810,2021Q1,20210202,82,8.0,8.0,0.0,24.0,24.0,0.0,0.6,0.6,0.0,9.82,9.82,0.0,109.2,74.53,34.67,143.85,129.02,14.83,0.0,0.0,0.0,0.0,0.0,0.0,
495241,ACCORDIUS HEALTH AT RIVER POINTE LLC,VIRGINIA BEACH,VA,Virginia Beach City,810,2021Q1,20210203,82,8.0,8.0,0.0,24.0,24.0,0.0,9.63,9.63,0.0,9.1,9.1,0.0,104.77,82.1,22.67,141.53,134.03,7.5,0.0,0.0,0.0,0.0,0.0,0.0,
495241,ACCORDIUS HEALTH AT RIVER POINTE LLC,VIRGINIA BEACH,VA,Virginia Beach City,810,2021Q1,20210204,80,8.0,8.0,0.0,24.0,24.0,0.0,8.55,8.55,0.0,8.2,8.2,0.0,99.43,74.59,24.84,140.63,118.26,22.37,0.0,0.0,0.0,0.0,0.0,0.0,
495241,ACCORDIUS HEALTH AT RIVER POINTE LLC,VIRGINIA BEACH,VA,Virginia Beach City,810,2021Q1,20210205,80,8.0,8.0,0.0,24.0,24.0,0.0,0.52,0.52,0.0,7.92,7.92,0.0,113.1,88.61,24.49,134.45,112.28,22.17,0.0,0.0,0.0,0.0,0.0,0.0,
495241,ACCORDIUS HEALTH AT RIVER POINTE LLC,VIRGINIA BEACH,VA,Virginia Beach City,810,2021Q1,20210206,80,0.0,0.0,0.0,0.0,0.0,0.0,9.57,9.57,0.0,0.0,0.0,0.0,93.74,55.32,38.42,141.27,119.67,21.6,0.0,0.0,0.0,0.0,0.0,0.0,
495241,ACCORDIUS HEALTH AT RIVER POINTE LLC,VIRGINIA BEACH,VA,Virginia Beach City,810,2021Q1,20210207,80,0.0,0.0,0.0,0.0,0.0,0.0,9.23,9.23,0.0,0.0,0.0,0.0,93.64,55.81,37.83,153.03,126.7,26.33,0.0,0.0,0.0,0.0,0.0,0.0,
495241,ACCORDIUS HEALTH AT RIVER POINTE LLC,VIRGINIA BEACH,VA,Virginia Beach City,810,2021Q1,20210208,82,8.0,8.0,0.0,24.0,24.0,0.0,8.65,8.65,0.0,13.44,13.44,0.0,106.46,59.04,47.42,127.87,105.52,22.35,0.0,0.0,0.0,0.0,0.0,0.0,
495241,ACCORDIUS HEALTH AT RIVER POINTE LLC,VIRGINIA BEACH,VA,Virginia Beach City,810,2021Q1,20210209,82,8.0,8.0,0.0,24.0,24.0,0.0,0.58,0.58,0.0,13.69,13.69,0.0,112.4,56.97,55.43,131.61,113.61,18.0,0.0,0.0,0.0,0.0,0.0,0.0,
495241,ACCORDIUS HEALTH AT RIVER POINTE LLC,VIRGINIA BEACH,VA,Virginia Beach City,810,2021Q1,20210210,83,8.0,8.0,0.0,24.0,24.0,0.0,8.73,8.73,0.0,13.02,13.02,0.0,107.23,81.23,26.0,146.61,124.11,22.5,0.0,0.0,0.0,0.0,0.0,0.0,
495241,ACCORDIUS HEALTH AT RIVER POINTE LLC,VIRGINIA BEACH,VA,Virginia Beach City,810,2021Q1,20210211,81,8.0,8.0,0.0,24.0,24.0,0.0,8.68,8.68,0.0,10.78,10.78,0.0,114.76,75.51,39.25,150.24,135.57,14.67,0.0,0.0,0.0,0.0,0.0,0.0,
495241,ACCORDIUS HEALTH AT RIVER POINTE LLC,VIRGINIA BEACH,VA,Virginia Beach City,810,2021Q1,20210212,81,8.0,8.0,0.0,24.0,24.0,0.0,0.57,0.57,0.0,9.2,9.2,0.0,110.47,65.0,45.47,120.98,98.81,22.17,0.0,0.0,0.0,0.0,0.0,0.0,
495241,ACCORDIUS HEALTH AT RIVER POINTE LLC,VIRGINIA BEACH,VA,Virginia Beach City,810,2021Q1,20210213,80,0.0,0.0,0.0,0.0,0.0,0.0,8.63,8.63,0.0,0.0,0.0,0.0,96.32,64.99,31.33,152.65,126.15,26.5,0.0,0.0,0.0,0.0,0.0,0.0,
495241,ACCORDIUS HEALTH AT RIVER POINTE LLC,VIRGINIA BEACH,VA,Virginia Beach City,810,2021Q1,20210214,80,0.0,0.0,0.0,0.0,0.0,0.0,0.58,0.58,0.0,0.0,0.0,0.0,103.55,63.01,40.54,132.57,103.07,29.5,0.0,0.0,0.0,0.0,0.0,0.0,
495241,ACCORDIUS HEALTH AT RIVER POINTE LLC,VIRGINIA BEACH,VA,Virginia Beach City,810,2021Q1,20210215,80,8.0,8.0,0.0,24.0,24.0,0.0,8.08,8.08,0.0,13.4,13.4,0.0,104.86,74.11,30.75,142.18,119.56,22.62,0.0,0.0,0.0,0.0,0.0,0.0,
495241,ACCORDIUS HEALTH AT RIVER POINTE LLC,VIRGINIA BEACH,VA,Virginia Beach City,810,2021Q1,20210216,80,8.0,8.0,0.0,24.0,24.0,0.0,0.58,0.58,0.0,12.88,12.88,0.0,101.83,71.43,30.4,152.14,137.39,14.75,0.0,0.0,0.0,0.0,0.0,0.0,
495241,ACCORDIUS HEALTH AT RIVER POINTE LLC,VIRGINIA BEACH,VA,Virginia Beach City,810,2021Q1,20210217,79,8.0,8.0,0.0,24.0,24.0,0.0,8.82,8.82,0.0,13.47,13.47,0.0,106.34,74.13,32.21,158.7,150.87,7.83,0.0,0.0,0.0,0.0,0.0,0.0,
495241,ACCORDIUS HEALTH AT RIVER POINTE LLC,VIRGINIA BEACH,VA,Virginia Beach City,810,2021Q1,20210218,79,8.0,8.0,0.0,24.0,24.0,0.0,8.0,8.0,0.0,8.6,8.6,0.0,107.17,92.09,15.08,146.7,124.78,21.92,0.0,0.0,0.0,0.0,0.0,0.0,
495241,ACCORDIUS HEALTH AT RIVER POINTE LLC,VIRGINIA BEACH,VA,Virginia Beach City,810,2021Q1,20210219,80,8.0,8.0,0.0,24.0,24.0,0.0,0.57,0.57,0.0,8.68,8.68,0.0,106.43,75.07,31.36,121.67,90.67,31.0,0.0,0.0,0.0,0.0,0.0,0.0,
495241,ACCORDIUS HEALTH AT RIVER POINTE LLC,VIRGINIA BEACH,VA,Virginia Beach City,810,2021Q1,20210220,80,0.0,0.0,0.0,0.0,0.0,0.0,8.8,8.8,0.0,0.0,0.0,0.0,93.48,77.73,15.75,135.3,104.8,30.5,0.0,0.0,0.0,0.0,0.0,0.0,
495241,ACCORDIUS HEALTH AT RIVER POINTE LLC,VIRGINIA BEACH,VA,Virginia Beach City,810,2021Q1,20210221,78,0.0,0.0,0.0,0.0,0.0,0.0,8.77,8.77,0.0,0.0,0.0,0.0,93.17,77.25,15.92,162.42,118.51,43.91,0.0,0.0,0.0,0.0,0.0,0.0,
495241,ACCORDIUS HEALTH AT RIVER POINTE LLC,VIRGINIA BEACH,VA,Virginia Beach City,810,2021Q1,20210222,78,8.0,8.0,0.0,24.0,24.0,0.0,8.18,8.18,0.0,12.5,12.5,0.0,98.43,74.43,24.0,134.57,98.32,36.25,0.0,0.0,0.0,0.0,0.0,0.0,
495241,ACCORDIUS HEALTH AT RIVER POINTE LLC,VIRGINIA BEACH,VA,Virginia Beach City,810,2021Q1,20210223,79,8.0,8.0,0.0,24.0,24.0,0.0,0.58,0.58,0.0,12.88,12.88,0.0,100.18,61.44,38.74,150.26,121.26,29.0,0.0,0.0,0.0,0.0,0.0,0.0,
495241,ACCORDIUS HEALTH AT RIVER POINTE LLC,VIRGINIA BEACH,VA,Virginia Beach City,810,2021Q1,20210224,81,8.0,8.0,0.0,24.0,24.0,0.0,8.68,8.68,0.0,11.82,11.82,0.0,100.09,84.09,16.0,138.41,123.69,14.72,0.0,0.0,0.0,0.0,0.0,0.0,
495241,ACCORDIUS HEALTH AT RIVER POINTE LLC,VIRGINIA BEACH,VA,Virginia Beach City,810,2021Q1,20210225,81,8.0,8.0,0.0,24.0,24.0,0.0,8.27,8.27,0.0,8.38,8.38,0.0,106.58,91.08,15.5,149.7,114.02,35.68,0.0,0.0,0.0,0.0,0.0,0.0,
495241,ACCORDIUS HEALTH AT RIVER POINTE LLC,VIRGINIA BEACH,VA,Virginia Beach City,810,2021Q1,20210226,81,8.0,8.0,0.0,24.0,24.0,0.0,0.58,0.58,0.0,7.13,7.13,0.0,109.61,71.16,38.45,139.32,118.12,21.2,0.0,0.0,0.0,0.0,0.0,0.0,
495241,ACCORDIUS HEALTH AT RIVER POINTE LLC,VIRGINIA BEACH,VA,Virginia Beach City,810,2021Q1,20210227,81,0.0,0.0,0.0,0.0,0.0,0.0,8.35,8.35,0.0,0.0,0.0,0.0,94.37,48.45,45.92,140.69,120.02,20.67,0.0,0.0,0.0,0.0,0.0,0.0,
495241,ACCORDIUS HEALTH AT RIVER POINTE LLC,VIRGINIA BEACH,VA,Virginia Beach City,810,2021Q1,20210228,80,0.0,0.0,0.0,0.0,0.0,0.0,0.58,0.58,0.0,0.0,0.0,0.0,102.33,64.24,38.09,135.83,106.45,29.38,0.0,0.0,0.0,0.0,0.0,0.0,
495241,ACCORDIUS HEALTH AT RIVER POINTE LLC,VIRGINIA BEACH,VA,Virginia Beach City,810,2021Q1,20210301,78,8.0,8.0,0.0,24.0,24.0,0.0,9.3,9.3,0.0,14.13,14.13,0.0,106.52,99.6,6.92,128.31,120.81,7.5,0.0,0.0,0.0,0.0,0.0,0.0,
495241,ACCORDIUS HEALTH AT RIVER POINTE LLC,VIRGINIA BEACH,VA,Virginia Beach City,810,2021Q1,20210302,76,8.0,8.0,0.0,24.0,24.0,0.0,8.7,8.7,0.0,14.65,14.65,0.0,106.87,82.45,24.42,139.54,132.12,7.42,0.0,0.0,0.0,0.0,0.0,0.0,
495241,ACCORDIUS HEALTH AT RIVER POINTE LLC,VIRGINIA BEACH,VA,Virginia Beach City,810,2021Q1,20210303,76,8.0,8.0,0.0,24.0,24.0,0.0,8.75,8.75,0.0,12.98,12.98,0.0,103.88,71.88,32.0,141.01,141.01,0.0,0.0,0.0,0.0,0.0,0.0,0.0,
495241,ACCORDIUS HEALTH AT RIVER POINTE LLC,VIRGINIA BEACH,VA,Virginia Beach City,810,2021Q1,20210304,75,8.0,8.0,0.0,24.0,24.0,0.0,7.98,7.98,0.0,8.78,8.78,0.0,105.9,82.44,23.46,142.63,127.86,14.77,0.0,0.0,0.0,0.0,0.0,0.0,
495241,ACCORDIUS HEALTH AT RIVER POINTE LLC,VIRGINIA BEACH,VA,Virginia Beach City,810,2021Q1,20210305,75,8.0,8.0,0.0,24.0,24.0,0.0,0.58,0.58,0.0,9.12,9.12,0.0,110.22,71.51,38.71,138.78,124.78,14.0,0.0,0.0,0.0,0.0,0.0,0.0,
495241,ACCORDIUS HEALTH AT RIVER POINTE LLC,VIRGINIA BEACH,VA,Virginia Beach City,810,2021Q1,20210306,75,0.0,0.0,0.0,0.0,0.0,0.0,8.83,8.83,0.0,0.0,0.0,0.0,94.09,70.73,23.36,150.94,129.6,21.34,0.0,0.0,0.0,0.0,0.0,0.0,
495241,ACCORDIUS HEALTH AT RIVER POINTE LLC,VIRGINIA BEACH,VA,Virginia Beach City,810,2021Q1,20210307,75,0.0,0.0,0.0,0.0,0.0,0.0,8.8,8.8,0.0,5.02,5.02,0.0,86.09,76.09,10.0,127.51,127.51,0.0,0.0,0.0,0.0,0.0,0.0,0.0,
495241,ACCORDIUS HEALTH AT RIVER POINTE LLC,VIRGINIA BEACH,VA,Virginia Beach City,810,2021Q1,20210308,75,0.0,0.0,0.0,32.0,32.0,0.0,9.05,9.05,0.0,12.78,12.78,0.0,88.81,70.84,17.97,142.33,127.96,14.37,0.0,0.0,0.0,0.0,0.0,0.0,
495241,ACCORDIUS HEALTH AT RIVER POINTE LLC,VIRGINIA BEACH,VA,Virginia Beach City,810,2021Q1,20210309,75,0.0,0.0,0.0,32.0,32.0,0.0,0.58,0.58,0.0,12.92,12.92,0.0,114.46,65.93,48.53,154.2,131.99,22.21,0.0,0.0,0.0,0.0,0.0,0.0,
495241,ACCORDIUS HEALTH AT RIVER POINTE LLC,VIRGINIA BEACH,VA,Virginia Beach City,810,2021Q1,20210310,76,0.0,0.0,0.0,32.0,32.0,0.0,8.77,8.77,0.0,13.68,13.68,0.0,83.16,51.58,31.58,144.88,121.75,23.13,0.0,0.0,0.0,0.0,0.0,0.0,
495241,ACCORDIUS HEALTH AT RIVER POINTE LLC,VIRGINIA BEACH,VA,Virginia Beach City,810,2021Q1,20210311,74,0.0,0.0,0.0,32.0,32.0,0.0,8.15,8.15,0.0,7.7,7.7,0.0,103.43,76.68,26.75,108.05,100.55,7.5,0.0,0.0,0.0,0.0,0.0,0.0,
495241,ACCORDIUS HEALTH AT RIVER POINTE LLC,VIRGINIA BEACH,VA,Virginia Beach City,810,2021Q1,20210312,76,0.0,0.0,0.0,32.0,32.0,0.0,0.6,0.6,0.0,9.77,9.77,0.0,114.72,63.97,50.75,136.29,128.21,8.08,0.0,0.0,0.0,0.0,0.0,0.0,
495241,ACCORDIUS HEALTH AT RIVER POINTE LLC,VIRGINIA BEACH,VA,Virginia Beach City,810,2021Q1,20210313,76,0.0,0.0,0.0,0.0,0.0,0.0,10.62,10.62,0.0,0.0,0.0,0.0,69.55,42.39,27.16,129.12,129.12,0.0,0.0,0.0,0.0,0.0,0.0,0.0,
495241,ACCORDIUS HEALTH AT RIVER POINTE LLC,VIRGINIA BEACH,VA,Virginia Beach City,810,2021Q1,20210314,76,0.0,0.0,0.0,0.0,0.0,0.0,0.6,0.6,0.0,0.0,0.0,0.0,92.57,55.65,36.92,107.19,107.19,0.0,0.0,0.0,0.0,0.0,0.0,0.0,
495241,ACCORDIUS HEALTH AT RIVER POINTE LLC,VIRGINIA BEACH,VA,Virginia Beach City,810,2021Q1,20210315,76,0.0,0.0,0.0,32.0,32.0,0.0,8.92,8.92,0.0,9.7,9.7,0.0,92.16,77.33,14.83,108.24,108.24,0.0,0.0,0.0,0.0,0.0,0.0,0.0,
495241,ACCORDIUS HEALTH AT RIVER POINTE LLC,VIRGINIA BEACH,VA,Virginia Beach City,810,2021Q1,20210316,76,0.0,0.0,0.0,32.0,32.0,0.0,9.15,9.15,0.0,13.0,13.0,0.0,95.77,78.94,16.83,105.55,105.55,0.0,0.0,0.0,0.0,0.0,0.0,0.0,
495241,ACCORDIUS HEALTH AT RIVER POINTE LLC,VIRGINIA BEACH,VA,Virginia Beach City,810,2021Q1,20210317,78,0.0,0.0,0.0,32.0,32.0,0.0,9.0,9.0,0.0,13.02,13.02,0.0,105.39,89.39,16.0,105.19,105.19,0.0,0.0,0.0,0.0,0.0,0.0,0.0,
495241,ACCORDIUS HEALTH AT RIVER POINTE LLC,VIRGINIA BEACH,VA,Virginia Beach City,810,2021Q1,20210318,77,0.0,0.0,0.0,24.0,24.0,0.0,8.57,8.57,0.0,13.52,13.52,0.0,110.24,92.11,18.13,114.15,107.15,7.0,0.0,0.0,0.0,0.0,0.0,0.0,
495241,ACCORDIUS HEALTH AT RIVER POINTE LLC,VIRGINIA BEACH,VA,Virginia Beach City,810,2021Q1,20210319,76,0.0,0.0,0.0,24.0,24.0,0.0,0.58,0.58,0.0,9.3,9.3,0.0,104.46,56.58,47.88,99.85,92.02,7.83,0.0,0.0,0.0,0.0,0.0,0.0,
495241,ACCORDIUS HEALTH AT RIVER POINTE LLC,VIRGINIA BEACH,VA,Virginia Beach City,810,2021Q1,20210320,76,0.0,0.0,0.0,0.0,0.0,0.0,9.38,9.38,0.0,0.0,0.0,0.0,89.21,64.27,24.94,130.31,130.31,0.0,0.0,0.0,0.0,0.0,0.0,0.0,
495241,ACCORDIUS HEALTH AT RIVER POINTE LLC,VIRGINIA BEACH,VA,Virginia Beach City,810,2021Q1,20210321,76,0.0,0.0,0.0,0.0,0.0,0.0,9.07,9.07,0.0,0.0,0.0,0.0,94.83,63.57,31.26,118.11,118.11,0.0,0.0,0.0,0.0,0.0,0.0,0.0,
495241,ACCORDIUS HEALTH AT RIVER POINTE LLC,VIRGINIA BEACH,VA,Virginia Beach City,810,2021Q1,20210322,76,0.0,0.0,0.0,32.0,32.0,0.0,8.12,8.12,0.0,14.93,14.93,0.0,100.43,83.95,16.48,100.35,100.35,0.0,0.0,0.0,0.0,0.0,0.0,0.0,
495241,ACCORDIUS HEALTH AT RIVER POINTE LLC,VIRGINIA BEACH,VA,Virginia Beach City,810,2021Q1,20210323,76,0.0,0.0,0.0,32.0,32.0,0.0,8.57,0.57,8.0,13.42,13.42,0.0,102.88,56.5,46.38,114.21,114.21,0.0,0.0,0.0,0.0,0.0,0.0,0.0,
495241,ACCORDIUS HEALTH AT RIVER POINTE LLC,VIRGINIA BEACH,VA,Virginia Beach City,810,2021Q1,20210324,76,0.0,0.0,0.0,32.0,32.0,0.0,16.97,9.05,7.92,12.22,12.22,0.0,95.41,79.66,15.75,114.04,114.04,0.0,0.0,0.0,0.0,0.0,0.0,0.0,
495241,ACCORDIUS HEALTH AT RIVER POINTE LLC,VIRGINIA BEACH,VA,Virginia Beach City,810,2021Q1,20210325,78,0.0,0.0,0.0,24.0,24.0,0.0,9.5,9.0,0.5,0.0,0.0,0.0,100.29,91.71,8.58,127.29,127.29,0.0,0.0,0.0,0.0,0.0,0.0,0.0,
495241,ACCORDIUS HEALTH AT RIVER POINTE LLC,VIRGINIA BEACH,VA,Virginia Beach City,810,2021Q1,20210326,77,0.0,0.0,0.0,24.0,24.0,0.0,8.08,0.58,7.5,0.0,0.0,0.0,103.9,50.15,53.75,94.69,94.69,0.0,0.0,0.0,0.0,0.0,0.0,0.0,
495241,ACCORDIUS HEALTH AT RIVER POINTE LLC,VIRGINIA BEACH,VA,Virginia Beach City,810,2021Q1,20210327,77,0.0,0.0,0.0,0.0,0.0,0.0,8.88,8.88,0.0,0.0,0.0,0.0,96.03,55.5,40.53,124.09,124.09,0.0,0.0,0.0,0.0,0.0,0.0,0.0,
495241,ACCORDIUS HEALTH AT RIVER POINTE LLC,VIRGINIA BEACH,VA,Virginia Beach City,810,2021Q1,20210328,77,0.0,0.0,0.0,0.0,0.0,0.0,0.0,0.0,0.0,0.0,0.0,0.0,101.24,53.2,48.04,105.03,105.03,0.0,0.0,0.0,0.0,0.0,0.0,0.0,
495241,ACCORDIUS HEALTH AT RIVER POINTE LLC,VIRGINIA BEACH,VA,Virginia Beach City,810,2021Q1,20210329,76,0.0,0.0,0.0,25.48,25.48,0.0,0.0,0.0,0.0,13.16,13.16,0.0,107.7,83.13,24.57,104.83,97.3,7.53,0.0,0.0,0.0,0.0,0.0,0.0,
495241,ACCORDIUS HEALTH AT RIVER POINTE LLC,VIRGINIA BEACH,VA,Virginia Beach City,810,2021Q1,20210330,76,0.0,0.0,0.0,20.23,20.23,0.0,0.55,0.55,0.0,13.5,13.5,0.0,107.28,75.19,32.09,121.52,121.52,0.0,0.0,0.0,0.0,0.0,0.0,0.0,
495241,ACCORDIUS HEALTH AT RIVER POINTE LLC,VIRGINIA BEACH,VA,Virginia Beach City,810,2021Q1,20210331,77,0.0,0.0,0.0,26.22,26.22,0.0,16.76,9.18,7.58,12.83,12.83,0.0,97.94,82.41,15.53,121.61,121.61,0.0,0.0,0.0,0.0,0.0,0.0,0.0,
495241,ACCORDIUS HEALTH AT RIVER POINTE LLC,VIRGINIA BEACH,VA,Virginia Beach City,810,2021Q2,20210401,77,0.0,0.0,0.0,24.0,24.0,0.0,8.53,8.53,0.0,8.27,8.27,0.0,103.48,86.33,17.15,107.92,107.92,0.0,0.0,0.0,0.0,0.0,0.0,0.0,
495241,ACCORDIUS HEALTH AT RIVER POINTE LLC,VIRGINIA BEACH,VA,Virginia Beach City,810,2021Q2,20210402,76,0.0,0.0,0.0,24.0,24.0,0.0,8.51,0.58,7.93,9.42,9.42,0.0,89.72,61.42,28.3,119.23,119.23,0.0,0.0,0.0,0.0,0.0,0.0,0.0,
495241,ACCORDIUS HEALTH AT RIVER POINTE LLC,VIRGINIA BEACH,VA,Virginia Beach City,810,2021Q2,20210403,75,0.0,0.0,0.0,0.0,0.0,0.0,17.83,9.75,8.08,0.0,0.0,0.0,78.96,70.38,8.58,129.02,129.02,0.0,0.0,0.0,0.0,0.0,0.0,0.0,
495241,ACCORDIUS HEALTH AT RIVER POINTE LLC,VIRGINIA BEACH,VA,Virginia Beach City,810,2021Q2,20210404,75,0.0,0.0,0.0,0.0,0.0,0.0,18.06,10.23,7.83,0.0,0.0,0.0,79.2,56.82,22.38,104.93,97.83,7.1,0.0,0.0,0.0,0.0,0.0,0.0,
495241,ACCORDIUS HEALTH AT RIVER POINTE LLC,VIRGINIA BEACH,VA,Virginia Beach City,810,2021Q2,20210405,74,0.0,0.0,0.0,24.0,24.0,0.0,8.8,8.8,0.0,13.2,13.2,0.0,127.3,97.22,30.08,113.44,113.44,0.0,0.0,0.0,0.0,0.0,0.0,0.0,
495241,ACCORDIUS HEALTH AT RIVER POINTE LLC,VIRGINIA BEACH,VA,Virginia Beach City,810,2021Q2,20210406,75,0.0,0.0,0.0,24.0,24.0,0.0,8.25,0.58,7.67,13.8,13.8,0.0,93.72,77.94,15.78,126.71,126.71,0.0,0.0,0.0,0.0,0.0,0.0,0.0,
495241,ACCORDIUS HEALTH AT RIVER POINTE LLC,VIRGINIA BEACH,VA,Virginia Beach City,810,2021Q2,20210407,75,0.0,0.0,0.0,24.0,24.0,0.0,16.75,9.0,7.75,4.95,4.95,0.0,97.46,80.71,16.75,124.57,124.57,0.0,0.0,0.0,0.0,0.0,0.0,0.0,
495241,ACCORDIUS HEALTH AT RIVER POINTE LLC,VIRGINIA BEACH,VA,Virginia Beach City,810,2021Q2,20210408,76,0.0,0.0,0.0,24.0,24.0,0.0,15.08,8.78,6.3,8.42,8.42,0.0,99.02,74.11,24.91,118.67,118.67,0.0,0.0,0.0,0.0,0.0,0.0,0.0,
495241,ACCORDIUS HEALTH AT RIVER POINTE LLC,VIRGINIA BEACH,VA,Virginia Beach City,810,2021Q2,20210409,77,0.0,0.0,0.0,24.0,24.0,0.0,0.58,0.58,0.0,6.58,6.58,0.0,90.65,50.94,39.71,113.13,98.8,14.33,0.0,0.0,0.0,0.0,0.0,0.0,
495241,ACCORDIUS HEALTH AT RIVER POINTE LLC,VIRGINIA BEACH,VA,Virginia Beach City,810,2021Q2,20210410,77,0.0,0.0,0.0,0.0,0.0,0.0,8.95,8.95,0.0,0.0,0.0,0.0,94.1,56.62,37.48,111.65,96.15,15.5,0.0,0.0,0.0,0.0,0.0,0.0,
495241,ACCORDIUS HEALTH AT RIVER POINTE LLC,VIRGINIA BEACH,VA,Virginia Beach City,810,2021Q2,20210411,77,0.0,0.0,0.0,0.0,0.0,0.0,0.58,0.58,0.0,12.8,12.8,0.0,80.36,47.36,33.0,114.03,84.54,29.49,0.0,0.0,0.0,0.0,0.0,0.0,
495241,ACCORDIUS HEALTH AT RIVER POINTE LLC,VIRGINIA BEACH,VA,Virginia Beach City,810,2021Q2,20210412,76,0.0,0.0,0.0,24.0,24.0,0.0,10.23,10.23,0.0,13.57,13.57,0.0,93.22,67.94,25.28,122.84,115.17,7.67,0.0,0.0,0.0,0.0,0.0,0.0,
495241,ACCORDIUS HEALTH AT RIVER POINTE LLC,VIRGINIA BEACH,VA,Virginia Beach City,810,2021Q2,20210413,75,0.0,0.0,0.0,24.0,24.0,0.0,8.97,8.97,0.0,13.48,13.48,0.0,104.0,63.18,40.82,117.87,110.37,7.5,0.0,0.0,0.0,0.0,0.0,0.0,
495241,ACCORDIUS HEALTH AT RIVER POINTE LLC,VIRGINIA BEACH,VA,Virginia Beach City,810,2021Q2,20210414,74,0.0,0.0,0.0,24.0,24.0,0.0,8.98,8.98,0.0,14.45,14.45,0.0,107.91,91.41,16.5,122.95,114.95,8.0,0.0,0.0,0.0,0.0,0.0,0.0,
495241,ACCORDIUS HEALTH AT RIVER POINTE LLC,VIRGINIA BEACH,VA,Virginia Beach City,810,2021Q2,20210415,75,0.0,0.0,0.0,24.0,24.0,0.0,8.6,8.6,0.0,9.33,9.33,0.0,104.66,66.41,38.25,122.3,99.3,23.0,0.0,0.0,0.0,0.0,0.0,0.0,
495241,ACCORDIUS HEALTH AT RIVER POINTE LLC,VIRGINIA BEACH,VA,Virginia Beach City,810,2021Q2,20210416,75,0.0,0.0,0.0,24.0,24.0,0.0,0.58,0.58,0.0,8.47,8.47,0.0,105.57,50.54,55.03,108.27,101.27,7.0,0.0,0.0,0.0,0.0,0.0,0.0,
495241,ACCORDIUS HEALTH AT RIVER POINTE LLC,VIRGINIA BEACH,VA,Virginia Beach City,810,2021Q2,20210417,75,0.0,0.0,0.0,0.0,0.0,0.0,9.38,9.38,0.0,0.0,0.0,0.0,92.5,68.09,24.41,108.61,102.11,6.5,0.0,0.0,0.0,0.0,0.0,0.0,
495241,ACCORDIUS HEALTH AT RIVER POINTE LLC,VIRGINIA BEACH,VA,Virginia Beach City,810,2021Q2,20210418,75,0.0,0.0,0.0,0.0,0.0,0.0,9.08,9.08,0.0,0.0,0.0,0.0,94.78,56.4,38.38,95.39,95.39,0.0,0.0,0.0,0.0,0.0,0.0,0.0,
495241,ACCORDIUS HEALTH AT RIVER POINTE LLC,VIRGINIA BEACH,VA,Virginia Beach City,810,2021Q2,20210419,73,0.0,0.0,0.0,24.0,24.0,0.0,8.07,8.07,0.0,12.33,12.33,0.0,105.21,64.79,40.42,106.38,98.46,7.92,0.0,0.0,0.0,0.0,0.0,0.0,
495241,ACCORDIUS HEALTH AT RIVER POINTE LLC,VIRGINIA BEACH,VA,Virginia Beach City,810,2021Q2,20210420,74,0.0,0.0,0.0,24.0,24.0,0.0,8.5,0.58,7.92,12.92,12.92,0.0,106.93,75.8,31.13,112.7,105.2,7.5,0.0,0.0,0.0,0.0,0.0,0.0,
495241,ACCORDIUS HEALTH AT RIVER POINTE LLC,VIRGINIA BEACH,VA,Virginia Beach City,810,2021Q2,20210421,75,0.0,0.0,0.0,24.0,24.0,0.0,9.23,9.23,0.0,11.55,11.55,0.0,103.75,87.75,16.0,131.61,117.26,14.35,0.0,0.0,0.0,0.0,0.0,0.0,
495241,ACCORDIUS HEALTH AT RIVER POINTE LLC,VIRGINIA BEACH,VA,Virginia Beach City,810,2021Q2,20210422,74,0.0,0.0,0.0,24.0,24.0,0.0,16.62,8.62,8.0,13.93,13.93,0.0,107.49,90.99,16.5,120.78,107.55,13.23,0.0,0.0,0.0,0.0,0.0,0.0,
495241,ACCORDIUS HEALTH AT RIVER POINTE LLC,VIRGINIA BEACH,VA,Virginia Beach City,810,2021Q2,20210423,75,0.0,0.0,0.0,24.0,24.0,0.0,0.58,0.58,0.0,10.58,10.58,0.0,105.29,65.87,39.42,121.02,100.39,20.63,0.0,0.0,0.0,0.0,0.0,0.0,
495241,ACCORDIUS HEALTH AT RIVER POINTE LLC,VIRGINIA BEACH,VA,Virginia Beach City,810,2021Q2,20210424,75,0.0,0.0,0.0,0.0,0.0,0.0,9.05,9.05,0.0,0.0,0.0,0.0,92.44,58.62,33.82,119.79,112.79,7.0,0.0,0.0,0.0,0.0,0.0,0.0,
495241,ACCORDIUS HEALTH AT RIVER POINTE LLC,VIRGINIA BEACH,VA,Virginia Beach City,810,2021Q2,20210425,75,0.0,0.0,0.0,0.0,0.0,0.0,0.55,0.55,0.0,0.0,0.0,0.0,103.56,57.36,46.2,106.9,86.9,20.0,0.0,0.0,0.0,0.0,0.0,0.0,
495241,ACCORDIUS HEALTH AT RIVER POINTE LLC,VIRGINIA BEACH,VA,Virginia Beach City,810,2021Q2,20210426,75,0.0,0.0,0.0,24.0,24.0,0.0,8.4,8.4,0.0,12.75,12.75,0.0,85.59,67.93,17.66,127.05,119.88,7.17,0.0,0.0,0.0,0.0,0.0,0.0,
495241,ACCORDIUS HEALTH AT RIVER POINTE LLC,VIRGINIA BEACH,VA,Virginia Beach City,810,2021Q2,20210427,75,0.0,0.0,0.0,24.0,24.0,0.0,0.6,0.6,0.0,12.75,12.75,0.0,113.38,81.77,31.61,116.58,108.83,7.75,0.0,0.0,0.0,0.0,0.0,0.0,
495241,ACCORDIUS HEALTH AT RIVER POINTE LLC,VIRGINIA BEACH,VA,Virginia Beach City,810,2021Q2,20210428,75,0.0,0.0,0.0,16.0,16.0,0.0,16.63,8.8,7.83,12.68,12.68,0.0,99.01,83.51,15.5,122.11,114.94,7.17,0.0,0.0,0.0,0.0,0.0,0.0,
495241,ACCORDIUS HEALTH AT RIVER POINTE LLC,VIRGINIA BEACH,VA,Virginia Beach City,810,2021Q2,20210429,76,0.0,0.0,0.0,24.0,24.0,0.0,8.35,8.35,0.0,8.77,8.77,0.0,108.47,77.44,31.03,126.84,103.76,23.08,0.0,0.0,0.0,0.0,0.0,0.0,
495241,ACCORDIUS HEALTH AT RIVER POINTE LLC,VIRGINIA BEACH,VA,Virginia Beach City,810,2021Q2,20210430,76,0.0,0.0,0.0,24.0,24.0,0.0,0.57,0.57,0.0,0.0,0.0,0.0,116.2,58.92,57.28,120.21,104.76,15.45,0.0,0.0,0.0,0.0,0.0,0.0,
495241,ACCORDIUS HEALTH AT RIVER POINTE LLC,VIRGINIA BEACH,VA,Virginia Beach City,810,2021Q2,20210501,75,0.0,0.0,0.0,0.0,0.0,0.0,12.18,12.18,0.0,0.0,0.0,0.0,98.67,82.67,16.0,120.38,105.65,14.73,0.0,0.0,0.0,0.0,0.0,0.0,
495241,ACCORDIUS HEALTH AT RIVER POINTE LLC,VIRGINIA BEACH,VA,Virginia Beach City,810,2021Q2,20210502,75,0.0,0.0,0.0,0.0,0.0,0.0,9.9,9.9,0.0,0.0,0.0,0.0,94.91,63.07,31.84,116.54,102.04,14.5,0.0,0.0,0.0,0.0,0.0,0.0,
495241,ACCORDIUS HEALTH AT RIVER POINTE LLC,VIRGINIA BEACH,VA,Virginia Beach City,810,2021Q2,20210503,75,0.0,0.0,0.0,24.0,24.0,0.0,8.27,8.27,0.0,14.43,14.43,0.0,104.09,64.59,39.5,135.51,113.38,22.13,0.0,0.0,0.0,0.0,0.0,0.0,
495241,ACCORDIUS HEALTH AT RIVER POINTE LLC,VIRGINIA BEACH,VA,Virginia Beach City,810,2021Q2,20210504,77,0.0,0.0,0.0,24.0,24.0,0.0,8.75,0.58,8.17,12.88,12.88,0.0,95.78,71.78,24.0,125.54,110.29,15.25,0.0,0.0,0.0,0.0,0.0,0.0,
495241,ACCORDIUS HEALTH AT RIVER POINTE LLC,VIRGINIA BEACH,VA,Virginia Beach City,810,2021Q2,20210505,75,0.0,0.0,0.0,24.0,24.0,0.0,9.08,9.08,0.0,12.28,12.28,0.0,104.33,79.08,25.25,139.89,117.57,22.32,0.0,0.0,0.0,0.0,0.0,0.0,
495241,ACCORDIUS HEALTH AT RIVER POINTE LLC,VIRGINIA BEACH,VA,Virginia Beach City,810,2021Q2,20210506,74,0.0,0.0,0.0,24.0,24.0,0.0,8.85,8.85,0.0,10.05,10.05,0.0,101.57,62.32,39.25,131.45,115.95,15.5,0.0,0.0,0.0,0.0,0.0,0.0,
495241,ACCORDIUS HEALTH AT RIVER POINTE LLC,VIRGINIA BEACH,VA,Virginia Beach City,810,2021Q2,20210507,79,0.0,0.0,0.0,24.0,24.0,0.0,0.6,0.6,0.0,9.35,9.35,0.0,121.96,56.41,65.55,115.63,101.08,14.55,0.0,0.0,0.0,0.0,0.0,0.0,
495241,ACCORDIUS HEALTH AT RIVER POINTE LLC,VIRGINIA BEACH,VA,Virginia Beach City,810,2021Q2,20210508,79,0.0,0.0,0.0,0.0,0.0,0.0,9.73,9.73,0.0,3.77,3.77,0.0,92.16,65.33,26.83,143.03,119.53,23.5,0.0,0.0,0.0,0.0,0.0,0.0,
495241,ACCORDIUS HEALTH AT RIVER POINTE LLC,VIRGINIA BEACH,VA,Virginia Beach City,810,2021Q2,20210509,79,0.0,0.0,0.0,0.0,0.0,0.0,0.0,0.0,0.0,8.87,8.87,0.0,87.84,48.22,39.62,96.04,74.52,21.52,0.0,0.0,0.0,0.0,0.0,0.0,
495241,ACCORDIUS HEALTH AT RIVER POINTE LLC,VIRGINIA BEACH,VA,Virginia Beach City,810,2021Q2,20210510,79,8.0,8.0,0.0,24.0,24.0,0.0,0.0,0.0,0.0,13.7,13.7,0.0,114.34,65.88,48.46,132.72,102.14,30.58,0.0,0.0,0.0,0.0,0.0,0.0,
495241,ACCORDIUS HEALTH AT RIVER POINTE LLC,VIRGINIA BEACH,VA,Virginia Beach City,810,2021Q2,20210511,80,8.0,8.0,0.0,24.0,24.0,0.0,0.58,0.58,0.0,13.57,13.57,0.0,115.22,82.47,32.75,134.63,112.4,22.23,0.0,0.0,0.0,0.0,0.0,0.0,
495241,ACCORDIUS HEALTH AT RIVER POINTE LLC,VIRGINIA BEACH,VA,Virginia Beach City,810,2021Q2,20210512,77,8.0,8.0,0.0,24.0,24.0,0.0,10.02,10.02,0.0,9.13,9.13,0.0,107.46,90.29,17.17,149.65,119.27,30.38,0.0,0.0,0.0,0.0,0.0,0.0,
495241,ACCORDIUS HEALTH AT RIVER POINTE LLC,VIRGINIA BEACH,VA,Virginia Beach City,810,2021Q2,20210513,77,8.0,8.0,0.0,24.0,24.0,0.0,8.67,8.67,0.0,14.77,14.77,0.0,124.75,74.93,49.82,126.76,96.97,29.79,0.0,0.0,0.0,0.0,0.0,0.0,
495241,ACCORDIUS HEALTH AT RIVER POINTE LLC,VIRGINIA BEACH,VA,Virginia Beach City,810,2021Q2,20210514,79,8.0,8.0,0.0,24.0,24.0,0.0,0.58,0.58,0.0,8.28,8.28,0.0,109.3,44.72,64.58,129.34,102.59,26.75,0.0,0.0,0.0,0.0,0.0,0.0,
495241,ACCORDIUS HEALTH AT RIVER POINTE LLC,VIRGINIA BEACH,VA,Virginia Beach City,810,2021Q2,20210515,79,0.0,0.0,0.0,0.0,0.0,0.0,18.7,10.75,7.95,0.0,0.0,0.0,91.17,66.77,24.4,121.63,113.63,8.0,0.0,0.0,0.0,0.0,0.0,0.0,
495241,ACCORDIUS HEALTH AT RIVER POINTE LLC,VIRGINIA BEACH,VA,Virginia Beach City,810,2021Q2,20210516,78,0.0,0.0,0.0,0.0,0.0,0.0,10.07,10.07,0.0,0.0,0.0,0.0,96.49,57.81,38.68,114.07,91.07,23.0,0.0,0.0,0.0,0.0,0.0,0.0,
495241,ACCORDIUS HEALTH AT RIVER POINTE LLC,VIRGINIA BEACH,VA,Virginia Beach City,810,2021Q2,20210517,77,8.0,8.0,0.0,24.0,24.0,0.0,18.27,10.77,7.5,15.32,15.32,0.0,92.26,58.51,33.75,126.11,96.11,30.0,0.0,0.0,0.0,0.0,0.0,0.0,
495241,ACCORDIUS HEALTH AT RIVER POINTE LLC,VIRGINIA BEACH,VA,Virginia Beach City,810,2021Q2,20210518,77,8.0,8.0,0.0,24.0,24.0,0.0,0.57,0.57,0.0,10.93,10.93,0.0,121.05,81.13,39.92,134.84,127.77,7.07,0.0,0.0,0.0,0.0,0.0,0.0,
495241,ACCORDIUS HEALTH AT RIVER POINTE LLC,VIRGINIA BEACH,VA,Virginia Beach City,810,2021Q2,20210519,77,8.0,8.0,0.0,24.0,24.0,0.0,9.8,9.8,0.0,9.32,9.32,0.0,107.16,82.75,24.41,147.17,120.5,26.67,0.0,0.0,0.0,0.0,0.0,0.0,
495241,ACCORDIUS HEALTH AT RIVER POINTE LLC,VIRGINIA BEACH,VA,Virginia Beach City,810,2021Q2,20210520,77,8.0,8.0,0.0,24.0,24.0,0.0,9.75,9.75,0.0,16.26,16.26,0.0,105.75,50.66,55.09,138.8,123.3,15.5,0.0,0.0,0.0,0.0,0.0,0.0,
495241,ACCORDIUS HEALTH AT RIVER POINTE LLC,VIRGINIA BEACH,VA,Virginia Beach City,810,2021Q2,20210521,77,8.0,8.0,0.0,24.0,24.0,0.0,0.55,0.55,0.0,8.85,8.85,0.0,113.2,40.33,72.87,127.51,86.26,41.25,0.0,0.0,0.0,0.0,0.0,0.0,
495241,ACCORDIUS HEALTH AT RIVER POINTE LLC,VIRGINIA BEACH,VA,Virginia Beach City,810,2021Q2,20210522,77,0.0,0.0,0.0,0.0,0.0,0.0,18.2,10.2,8.0,0.0,0.0,0.0,99.16,43.16,56.0,122.96,78.31,44.65,0.0,0.0,0.0,0.0,0.0,0.0,
495241,ACCORDIUS HEALTH AT RIVER POINTE LLC,VIRGINIA BEACH,VA,Virginia Beach City,810,2021Q2,20210523,77,0.0,0.0,0.0,8.0,8.0,0.0,0.0,0.0,0.0,0.0,0.0,0.0,105.26,40.22,65.04,118.91,74.38,44.53,0.0,0.0,0.0,0.0,0.0,0.0,
495241,ACCORDIUS HEALTH AT RIVER POINTE LLC,VIRGINIA BEACH,VA,Virginia Beach City,810,2021Q2,20210524,76,8.0,8.0,0.0,24.0,24.0,0.0,0.0,0.0,0.0,8.83,8.83,0.0,103.04,63.89,39.15,133.78,126.78,7.0,0.0,0.0,0.0,0.0,0.0,0.0,
495241,ACCORDIUS HEALTH AT RIVER POINTE LLC,VIRGINIA BEACH,VA,Virginia Beach City,810,2021Q2,20210525,78,8.0,8.0,0.0,24.0,24.0,0.0,0.5,0.5,0.0,10.23,10.23,0.0,113.35,56.26,57.09,118.89,103.39,15.5,0.0,0.0,0.0,0.0,0.0,0.0,
495241,ACCORDIUS HEALTH AT RIVER POINTE LLC,VIRGINIA BEACH,VA,Virginia Beach City,810,2021Q2,20210526,78,8.0,8.0,0.0,24.0,24.0,0.0,9.25,9.25,0.0,15.58,15.58,0.0,108.32,83.64,24.68,110.61,110.61,0.0,0.0,0.0,0.0,0.0,0.0,0.0,
495241,ACCORDIUS HEALTH AT RIVER POINTE LLC,VIRGINIA BEACH,VA,Virginia Beach City,810,2021Q2,20210527,76,8.0,8.0,0.0,24.0,24.0,0.0,10.67,10.67,0.0,14.58,14.58,0.0,118.97,79.98,38.99,135.55,105.05,30.5,0.0,0.0,0.0,0.0,0.0,0.0,
495241,ACCORDIUS HEALTH AT RIVER POINTE LLC,VIRGINIA BEACH,VA,Virginia Beach City,810,2021Q2,20210528,76,8.0,8.0,0.0,16.0,16.0,0.0,0.58,0.58,0.0,10.48,10.48,0.0,112.48,33.88,78.6,111.24,97.24,14.0,0.0,0.0,0.0,0.0,0.0,0.0,
495241,ACCORDIUS HEALTH AT RIVER POINTE LLC,VIRGINIA BEACH,VA,Virginia Beach City,810,2021Q2,20210529,75,0.0,0.0,0.0,0.0,0.0,0.0,9.15,9.15,0.0,0.0,0.0,0.0,94.54,70.84,23.7,119.5,113.43,6.07,0.0,0.0,0.0,0.0,0.0,0.0,
495241,ACCORDIUS HEALTH AT RIVER POINTE LLC,VIRGINIA BEACH,VA,Virginia Beach City,810,2021Q2,20210530,75,0.0,0.0,0.0,0.0,0.0,0.0,9.15,9.15,0.0,0.0,0.0,0.0,94.4,62.51,31.89,101.45,101.45,0.0,0.0,0.0,0.0,0.0,0.0,0.0,
495241,ACCORDIUS HEALTH AT RIVER POINTE LLC,VIRGINIA BEACH,VA,Virginia Beach City,810,2021Q2,20210531,74,8.0,8.0,0.0,24.0,24.0,0.0,8.23,8.23,0.0,5.38,5.38,0.0,102.8,53.74,49.06,117.02,79.52,37.5,0.0,0.0,0.0,0.0,0.0,0.0,
495241,ACCORDIUS HEALTH AT RIVER POINTE LLC,VIRGINIA BEACH,VA,Virginia Beach City,810,2021Q2,20210601,75,8.0,8.0,0.0,24.0,24.0,0.0,0.57,0.57,0.0,9.38,9.38,0.0,107.24,66.95,40.29,110.37,102.87,7.5,0.0,0.0,0.0,0.0,0.0,0.0,
495241,ACCORDIUS HEALTH AT RIVER POINTE LLC,VIRGINIA BEACH,VA,Virginia Beach City,810,2021Q2,20210602,74,8.0,8.0,0.0,24.0,24.0,0.0,9.75,9.75,0.0,15.75,15.75,0.0,105.15,71.98,33.17,121.09,113.59,7.5,0.0,0.0,0.0,0.0,0.0,0.0,
495241,ACCORDIUS HEALTH AT RIVER POINTE LLC,VIRGINIA BEACH,VA,Virginia Beach City,810,2021Q2,20210603,72,8.0,8.0,0.0,24.0,24.0,0.0,9.38,9.38,0.0,14.09,14.09,0.0,97.94,50.27,47.67,122.98,102.48,20.5,0.0,0.0,0.0,0.0,0.0,0.0,
495241,ACCORDIUS HEALTH AT RIVER POINTE LLC,VIRGINIA BEACH,VA,Virginia Beach City,810,2021Q2,20210604,75,8.0,8.0,0.0,24.0,24.0,0.0,0.57,0.57,0.0,5.17,5.17,0.0,105.27,58.19,47.08,105.45,75.87,29.58,0.0,0.0,0.0,0.0,0.0,0.0,
495241,ACCORDIUS HEALTH AT RIVER POINTE LLC,VIRGINIA BEACH,VA,Virginia Beach City,810,2021Q2,20210605,75,0.0,0.0,0.0,0.0,0.0,0.0,17.13,9.13,8.0,0.0,0.0,0.0,89.02,63.39,25.63,120.26,82.11,38.15,0.0,0.0,0.0,0.0,0.0,0.0,
495241,ACCORDIUS HEALTH AT RIVER POINTE LLC,VIRGINIA BEACH,VA,Virginia Beach City,810,2021Q2,20210606,75,0.0,0.0,0.0,8.0,8.0,0.0,0.0,0.0,0.0,0.0,0.0,0.0,82.36,66.52,15.84,129.79,92.16,37.63,0.0,0.0,0.0,0.0,0.0,0.0,
495241,ACCORDIUS HEALTH AT RIVER POINTE LLC,VIRGINIA BEACH,VA,Virginia Beach City,810,2021Q2,20210607,76,8.0,8.0,0.0,24.0,24.0,0.0,0.0,0.0,0.0,9.88,9.88,0.0,111.74,70.01,41.73,111.94,104.44,7.5,0.0,0.0,0.0,0.0,0.0,0.0,
495241,ACCORDIUS HEALTH AT RIVER POINTE LLC,VIRGINIA BEACH,VA,Virginia Beach City,810,2021Q2,20210608,74,8.0,8.0,0.0,24.0,24.0,0.0,0.58,0.58,0.0,9.12,9.12,0.0,107.17,64.84,42.33,133.23,111.23,22.0,0.0,0.0,0.0,0.0,0.0,0.0,
495241,ACCORDIUS HEALTH AT RIVER POINTE LLC,VIRGINIA BEACH,VA,Virginia Beach City,810,2021Q2,20210609,76,8.0,8.0,0.0,24.0,24.0,0.0,9.25,9.25,0.0,15.25,15.25,0.0,106.55,73.88,32.67,139.54,132.04,7.5,0.0,0.0,0.0,0.0,0.0,0.0,
495241,ACCORDIUS HEALTH AT RIVER POINTE LLC,VIRGINIA BEACH,VA,Virginia Beach City,810,2021Q2,20210610,76,8.0,8.0,0.0,24.0,24.0,0.0,8.88,8.88,0.0,15.28,15.28,0.0,108.57,60.03,48.54,145.07,121.57,23.5,0.0,0.0,0.0,0.0,0.0,0.0,
495241,ACCORDIUS HEALTH AT RIVER POINTE LLC,VIRGINIA BEACH,VA,Virginia Beach City,810,2021Q2,20210611,77,8.0,8.0,0.0,16.0,16.0,0.0,0.55,0.55,0.0,9.1,9.1,0.0,115.85,33.8,82.05,149.34,119.17,30.17,0.0,0.0,0.0,0.0,0.0,0.0,
495241,ACCORDIUS HEALTH AT RIVER POINTE LLC,VIRGINIA BEACH,VA,Virginia Beach City,810,2021Q2,20210612,78,0.0,0.0,0.0,0.0,0.0,0.0,9.82,9.82,0.0,0.0,0.0,0.0,96.78,71.91,24.87,140.01,117.01,23.0,0.0,0.0,0.0,0.0,0.0,0.0,
495241,ACCORDIUS HEALTH AT RIVER POINTE LLC,VIRGINIA BEACH,VA,Virginia Beach City,810,2021Q2,20210613,79,0.0,0.0,0.0,0.0,0.0,0.0,9.53,9.53,0.0,0.0,0.0,0.0,98.45,66.95,31.5,123.78,101.28,22.5,0.0,0.0,0.0,0.0,0.0,0.0,
495241,ACCORDIUS HEALTH AT RIVER POINTE LLC,VIRGINIA BEACH,VA,Virginia Beach City,810,2021Q2,20210614,79,8.0,8.0,0.0,32.0,32.0,0.0,8.82,8.82,0.0,19.14,19.14,0.0,97.13,57.35,39.78,148.36,89.28,59.08,0.0,0.0,0.0,0.0,0.0,0.0,
495241,ACCORDIUS HEALTH AT RIVER POINTE LLC,VIRGINIA BEACH,VA,Virginia Beach City,810,2021Q2,20210615,80,8.0,8.0,0.0,24.0,24.0,0.0,0.6,0.6,0.0,17.68,17.68,0.0,99.1,50.6,48.5,149.26,111.43,37.83,0.0,0.0,0.0,0.0,0.0,0.0,
495241,ACCORDIUS HEALTH AT RIVER POINTE LLC,VIRGINIA BEACH,VA,Virginia Beach City,810,2021Q2,20210616,80,8.0,8.0,0.0,24.0,24.0,0.0,17.22,17.22,0.0,24.87,24.87,0.0,97.82,58.65,39.17,142.6,128.1,14.5,0.0,0.0,0.0,0.0,0.0,0.0,
495241,ACCORDIUS HEALTH AT RIVER POINTE LLC,VIRGINIA BEACH,VA,Virginia Beach City,810,2021Q2,20210617,81,8.0,8.0,0.0,24.0,24.0,0.0,16.32,16.32,0.0,23.98,23.98,0.0,100.73,66.5,34.23,140.0,109.33,30.67,0.0,0.0,0.0,0.0,0.0,0.0,
495241,ACCORDIUS HEALTH AT RIVER POINTE LLC,VIRGINIA BEACH,VA,Virginia Beach City,810,2021Q2,20210618,81,8.0,8.0,0.0,32.0,32.0,0.0,0.53,0.53,0.0,15.37,15.37,0.0,93.97,41.17,52.8,125.83,88.2,37.63,0.0,0.0,0.0,0.0,0.0,0.0,
495241,ACCORDIUS HEALTH AT RIVER POINTE LLC,VIRGINIA BEACH,VA,Virginia Beach City,810,2021Q2,20210619,80,0.0,0.0,0.0,0.0,0.0,0.0,16.93,9.18,7.75,2.58,2.58,0.0,91.28,41.82,49.46,134.92,83.8,51.12,0.0,0.0,0.0,0.0,0.0,0.0,
495241,ACCORDIUS HEALTH AT RIVER POINTE LLC,VIRGINIA BEACH,VA,Virginia Beach City,810,2021Q2,20210620,79,0.0,0.0,0.0,0.0,0.0,0.0,8.0,0.0,8.0,0.0,0.0,0.0,95.8,36.47,59.33,108.76,89.59,19.17,0.0,0.0,0.0,0.0,0.0,0.0,
495241,ACCORDIUS HEALTH AT RIVER POINTE LLC,VIRGINIA BEACH,VA,Virginia Beach City,810,2021Q2,20210621,78,8.0,8.0,0.0,32.0,32.0,0.0,0.0,0.0,0.0,18.42,18.42,0.0,104.25,57.43,46.82,123.33,95.11,28.22,0.0,0.0,0.0,0.0,0.0,0.0,
495241,ACCORDIUS HEALTH AT RIVER POINTE LLC,VIRGINIA BEACH,VA,Virginia Beach City,810,2021Q2,20210622,77,8.0,8.0,0.0,32.0,32.0,0.0,0.6,0.6,0.0,20.25,20.25,0.0,105.95,65.58,40.37,132.56,124.56,8.0,0.0,0.0,0.0,0.0,0.0,0.0,
495241,ACCORDIUS HEALTH AT RIVER POINTE LLC,VIRGINIA BEACH,VA,Virginia Beach City,810,2021Q2,20210623,79,8.0,8.0,0.0,32.0,32.0,0.0,9.33,9.33,0.0,26.23,26.23,0.0,97.33,72.66,24.67,139.81,125.68,14.13,0.0,0.0,0.0,0.0,0.0,0.0,
495241,ACCORDIUS HEALTH AT RIVER POINTE LLC,VIRGINIA BEACH,VA,Virginia Beach City,810,2021Q2,20210624,76,8.0,8.0,0.0,32.0,32.0,0.0,9.0,9.0,0.0,23.87,23.87,0.0,88.37,47.93,40.44,134.9,103.4,31.5,0.0,0.0,0.0,0.0,0.0,0.0,
495241,ACCORDIUS HEALTH AT RIVER POINTE LLC,VIRGINIA BEACH,VA,Virginia Beach City,810,2021Q2,20210625,74,8.0,8.0,0.0,32.0,32.0,0.0,17.55,0.58,16.97,18.37,18.37,0.0,78.37,31.2,47.17,149.49,127.82,21.67,0.0,0.0,0.0,0.0,0.0,0.0,
495241,ACCORDIUS HEALTH AT RIVER POINTE LLC,VIRGINIA BEACH,VA,Virginia Beach City,810,2021Q2,20210626,75,0.0,0.0,0.0,0.0,0.0,0.0,9.43,9.43,0.0,0.0,0.0,0.0,88.58,79.58,9.0,133.29,125.29,8.0,0.0,0.0,0.0,0.0,0.0,0.0,
495241,ACCORDIUS HEALTH AT RIVER POINTE LLC,VIRGINIA BEACH,VA,Virginia Beach City,810,2021Q2,20210627,75,0.0,0.0,0.0,0.0,0.0,0.0,9.15,9.15,0.0,0.0,0.0,0.0,96.81,72.61,24.2,131.18,115.6,15.58,0.0,0.0,0.0,0.0,0.0,0.0,
495241,ACCORDIUS HEALTH AT RIVER POINTE LLC,VIRGINIA BEACH,VA,Virginia Beach City,810,2021Q2,20210628,75,8.0,8.0,0.0,32.0,32.0,0.0,8.35,8.35,0.0,15.88,15.88,0.0,98.12,42.62,55.5,138.46,101.71,36.75,0.0,0.0,0.0,0.0,0.0,0.0,
495241,ACCORDIUS HEALTH AT RIVER POINTE LLC,VIRGINIA BEACH,VA,Virginia Beach City,810,2021Q2,20210629,78,8.0,8.0,0.0,24.0,24.0,0.0,8.77,0.52,8.25,17.8,17.8,0.0,93.01,56.38,36.63,136.09,120.59,15.5,0.0,0.0,0.0,0.0,0.0,0.0,
495241,ACCORDIUS HEALTH AT RIVER POINTE LLC,VIRGINIA BEACH,VA,Virginia Beach City,810,2021Q2,20210630,80,8.0,8.0,0.0,32.0,32.0,0.0,24.45,9.12,15.33,21.72,21.72,0.0,83.6,58.85,24.75,141.64,134.22,7.42,0.0,0.0,0.0,0.0,0.0,0.0,
495241,THALIA GARDENS REHABILITATION AND NURSING,VIRGINIA BEACH,VA,Virginia Beach City,810,2021Q4,20211001,80,6.7,6.7,0.0,34.1,34.1,0.0,8.7,0.6,8.1,17.6,17.6,0.0,106.2,74.2,32.0,139.1,102.4,36.7,0.0,0.0,0.0,0.0,0.0,0.0,
495241,THALIA GARDENS REHABILITATION AND NURSING,VIRGINIA BEACH,VA,Virginia Beach City,810,2021Q4,20211002,81,0.0,0.0,0.0,0.0,0.0,0.0,10.3,10.3,0.0,0.0,0.0,0.0,98.2,82.8,15.4,136.2,82.2,54.0,0.0,0.0,0.0,0.0,0.0,0.0,
495241,THALIA GARDENS REHABILITATION AND NURSING,VIRGINIA BEACH,VA,Virginia Beach City,810,2021Q4,20211003,80,0.0,0.0,0.0,0.0,0.0,0.0,9.8,9.8,0.0,0.0,0.0,0.0,104.8,65.5,39.3,127.8,84.6,43.2,0.0,0.0,0.0,0.0,0.0,0.0,
495241,THALIA GARDENS REHABILITATION AND NURSING,VIRGINIA BEACH,VA,Virginia Beach City,810,2021Q4,20211004,80,8.0,8.0,0.0,32.0,32.0,0.0,23.9,8.7,15.2,17.2,17.2,0.0,80.4,44.0,36.4,132.8,118.9,13.9,0.0,0.0,0.0,0.0,0.0,0.0,
495241,THALIA GARDENS REHABILITATION AND NURSING,VIRGINIA BEACH,VA,Virginia Beach City,810,2021Q4,20211005,79,8.0,8.0,0.0,32.0,32.0,0.0,15.4,0.5,14.9,15.3,15.3,0.0,88.9,40.7,48.2,144.9,87.1,57.8,0.0,0.0,0.0,0.0,0.0,0.0,
495241,THALIA GARDENS REHABILITATION AND NURSING,VIRGINIA BEACH,VA,Virginia Beach City,810,2021Q4,20211006,80,8.0,8.0,0.0,32.0,32.0,0.0,9.1,9.1,0.0,18.5,18.5,0.0,97.7,42.3,55.4,134.1,77.9,56.2,0.0,0.0,0.0,0.0,0.0,0.0,
495241,THALIA GARDENS REHABILITATION AND NURSING,VIRGINIA BEACH,VA,Virginia Beach City,810,2021Q4,20211007,82,8.0,8.0,0.0,32.0,32.0,0.0,9.2,9.2,0.0,13.2,13.2,0.0,92.6,43.8,48.8,136.8,101.2,35.6,0.0,0.0,0.0,0.0,0.0,0.0,
495241,THALIA GARDENS REHABILITATION AND NURSING,VIRGINIA BEACH,VA,Virginia Beach City,810,2021Q4,20211008,82,8.0,8.0,0.0,32.0,32.0,0.0,13.7,9.7,4.0,8.0,8.0,0.0,83.8,36.1,47.7,148.3,108.5,39.8,0.0,0.0,0.0,0.0,0.0,0.0,
495241,THALIA GARDENS REHABILITATION AND NURSING,VIRGINIA BEACH,VA,Virginia Beach City,810,2021Q4,20211009,82,0.0,0.0,0.0,0.0,0.0,0.0,17.0,8.5,8.5,0.0,0.0,0.0,105.9,56.4,49.5,125.7,89.4,36.3,0.0,0.0,0.0,0.0,0.0,0.0,
495241,THALIA GARDENS REHABILITATION AND NURSING,VIRGINIA BEACH,VA,Virginia Beach City,810,2021Q4,20211010,80,0.0,0.0,0.0,0.0,0.0,0.0,8.0,0.0,8.0,0.0,0.0,0.0,104.2,54.8,49.4,118.1,82.6,35.5,0.0,0.0,0.0,0.0,0.0,0.0,
495241,THALIA GARDENS REHABILITATION AND NURSING,VIRGINIA BEACH,VA,Virginia Beach City,810,2021Q4,20211011,81,8.0,8.0,0.0,32.0,32.0,0.0,0.0,0.0,0.0,5.7,5.7,0.0,97.3,57.2,40.1,129.7,73.7,56.0,0.0,0.0,0.0,0.0,0.0,0.0,
495241,THALIA GARDENS REHABILITATION AND NURSING,VIRGINIA BEACH,VA,Virginia Beach City,810,2021Q4,20211012,80,8.0,8.0,0.0,32.0,32.0,0.0,0.5,0.5,0.0,16.8,16.8,0.0,107.2,66.5,40.7,126.2,91.1,35.1,0.0,0.0,0.0,0.0,0.0,0.0,
495241,THALIA GARDENS REHABILITATION AND NURSING,VIRGINIA BEACH,VA,Virginia Beach City,810,2021Q4,20211013,80,8.0,8.0,0.0,32.0,32.0,0.0,17.8,9.5,8.3,20.6,20.6,0.0,96.5,64.5,32.0,131.6,88.5,43.1,0.0,0.0,0.0,0.0,0.0,0.0,
495241,THALIA GARDENS REHABILITATION AND NURSING,VIRGINIA BEACH,VA,Virginia Beach City,810,2021Q4,20211014,83,8.0,8.0,0.0,32.0,32.0,0.0,18.3,9.3,9.0,25.8,25.8,0.0,99.3,65.5,33.8,153.8,102.5,51.3,0.0,0.0,0.0,0.0,0.0,0.0,
495241,THALIA GARDENS REHABILITATION AND NURSING,VIRGINIA BEACH,VA,Virginia Beach City,810,2021Q4,20211015,84,8.0,8.0,0.0,40.0,40.0,0.0,9.5,0.0,9.5,18.4,18.4,0.0,97.0,48.8,48.2,138.9,78.6,60.3,0.0,0.0,0.0,0.0,0.0,0.0,
495241,THALIA GARDENS REHABILITATION AND NURSING,VIRGINIA BEACH,VA,Virginia Beach City,810,2021Q4,20211016,84,0.0,0.0,0.0,0.0,0.0,0.0,9.4,9.4,0.0,0.0,0.0,0.0,112.4,80.4,32.0,135.1,74.0,61.1,0.0,0.0,0.0,0.0,0.0,0.0,
495241,THALIA GARDENS REHABILITATION AND NURSING,VIRGINIA BEACH,VA,Virginia Beach City,810,2021Q4,20211017,83,0.0,0.0,0.0,0.0,0.0,0.0,8.7,8.7,0.0,0.0,0.0,0.0,103.9,42.2,61.7,134.3,67.4,66.9,0.0,0.0,0.0,0.0,0.0,0.0,
495241,THALIA GARDENS REHABILITATION AND NURSING,VIRGINIA BEACH,VA,Virginia Beach City,810,2021Q4,20211018,84,8.8,8.8,0.0,24.9,24.9,0.0,17.1,9.5,7.6,17.7,17.7,0.0,88.5,38.8,49.7,131.0,80.6,50.4,0.0,0.0,0.0,0.0,0.0,0.0,
495241,THALIA GARDENS REHABILITATION AND NURSING,VIRGINIA BEACH,VA,Virginia Beach City,810,2021Q4,20211019,83,8.0,8.0,0.0,28.9,28.9,0.0,0.5,0.5,0.0,18.4,18.4,0.0,82.6,50.4,32.2,150.7,84.4,66.3,0.0,0.0,0.0,0.0,0.0,0.0,
495241,THALIA GARDENS REHABILITATION AND NURSING,VIRGINIA BEACH,VA,Virginia Beach City,810,2021Q4,20211020,83,8.0,8.0,0.0,30.0,30.0,0.0,16.9,9.3,7.6,18.0,18.0,0.0,85.5,51.2,34.3,153.9,65.6,88.3,0.0,0.0,0.0,0.0,0.0,0.0,
495241,THALIA GARDENS REHABILITATION AND NURSING,VIRGINIA BEACH,VA,Virginia Beach City,810,2021Q4,20211021,82,8.0,8.0,0.0,25.8,25.8,0.0,9.3,9.3,0.0,21.9,21.9,0.0,102.0,60.2,41.8,152.5,98.7,53.8,0.0,0.0,0.0,0.0,0.0,0.0,
495241,THALIA GARDENS REHABILITATION AND NURSING,VIRGINIA BEACH,VA,Virginia Beach City,810,2021Q4,20211022,84,7.2,7.2,0.0,21.9,21.9,0.0,8.4,8.4,0.0,17.0,17.0,0.0,96.6,42.3,54.3,177.5,113.5,64.0,0.0,0.0,0.0,0.0,0.0,0.0,
495241,THALIA GARDENS REHABILITATION AND NURSING,VIRGINIA BEACH,VA,Virginia Beach City,810,2021Q4,20211023,85,0.0,0.0,0.0,0.0,0.0,0.0,9.4,9.4,0.0,4.4,4.4,0.0,100.9,54.0,46.9,140.7,88.1,52.6,0.0,0.0,0.0,0.0,0.0,0.0,
495241,THALIA GARDENS REHABILITATION AND NURSING,VIRGINIA BEACH,VA,Virginia Beach City,810,2021Q4,20211024,85,0.0,0.0,0.0,8.0,8.0,0.0,7.8,0.0,7.8,0.0,0.0,0.0,104.3,57.5,46.8,131.4,66.6,64.8,0.0,0.0,0.0,0.0,0.0,0.0,
495241,THALIA GARDENS REHABILITATION AND NURSING,VIRGINIA BEACH,VA,Virginia Beach City,810,2021Q4,20211025,84,8.0,8.0,0.0,24.3,24.3,0.0,0.6,0.6,0.0,17.9,17.9,0.0,119.8,62.3,57.5,140.6,67.0,73.6,0.0,0.0,0.0,0.0,0.0,0.0,
495241,THALIA GARDENS REHABILITATION AND NURSING,VIRGINIA BEACH,VA,Virginia Beach City,810,2021Q4,20211026,82,8.0,8.0,0.0,22.8,22.8,0.0,9.2,9.2,0.0,16.0,16.0,0.0,109.9,60.3,49.6,172.3,93.8,78.5,0.0,0.0,0.0,0.0,0.0,0.0,
495241,THALIA GARDENS REHABILITATION AND NURSING,VIRGINIA BEACH,VA,Virginia Beach City,810,2021Q4,20211027,85,8.0,8.0,0.0,33.6,33.6,0.0,9.4,9.4,0.0,19.9,19.9,0.0,106.2,62.5,43.7,163.6,113.2,50.4,0.0,0.0,0.0,0.0,0.0,0.0,
495241,THALIA GARDENS REHABILITATION AND NURSING,VIRGINIA BEACH,VA,Virginia Beach City,810,2021Q4,20211028,85,8.0,8.0,0.0,33.5,33.5,0.0,9.4,9.4,0.0,22.8,22.8,0.0,107.7,74.9,32.8,187.1,115.9,71.2,0.0,0.0,0.0,0.0,0.0,0.0,
495241,THALIA GARDENS REHABILITATION AND NURSING,VIRGINIA BEACH,VA,Virginia Beach City,810,2021Q4,20211029,85,8.0,8.0,0.0,33.4,33.4,0.0,0.6,0.6,0.0,25.0,25.0,0.0,102.9,58.3,44.6,166.1,83.1,83.0,0.0,0.0,0.0,0.0,0.0,0.0,
495241,THALIA GARDENS REHABILITATION AND NURSING,VIRGINIA BEACH,VA,Virginia Beach City,810,2021Q4,20211030,86,0.0,0.0,0.0,0.0,0.0,0.0,9.3,9.3,0.0,0.0,0.0,0.0,116.0,74.9,41.1,180.8,93.3,87.5,0.0,0.0,0.0,0.0,0.0,0.0,
495241,THALIA GARDENS REHABILITATION AND NURSING,VIRGINIA BEACH,VA,Virginia Beach City,810,2021Q4,20211031,85,0.0,0.0,0.0,0.0,0.0,0.0,9.3,9.3,0.0,7.6,7.6,0.0,91.5,66.2,25.3,152.9,86.2,66.7,0.0,0.0,0.0,0.0,0.0,0.0,
495241,THALIA GARDENS REHABILITATION AND NURSING,VIRGINIA BEACH,VA,Virginia Beach City,810,2021Q4,20211101,84,8.0,8.0,0.0,33.1,33.1,0.0,9.5,9.5,0.0,16.5,16.5,0.0,103.8,40.6,63.2,131.6,94.7,36.9,0.0,0.0,0.0,0.0,0.0,0.0,
495241,THALIA GARDENS REHABILITATION AND NURSING,VIRGINIA BEACH,VA,Virginia Beach City,810,2021Q4,20211102,84,8.0,8.0,0.0,33.1,33.1,0.0,9.5,9.5,0.0,17.5,17.5,0.0,107.8,58.1,49.7,166.8,94.0,72.8,0.0,0.0,0.0,0.0,0.0,0.0,
495241,THALIA GARDENS REHABILITATION AND NURSING,VIRGINIA BEACH,VA,Virginia Beach City,810,2021Q4,20211103,88,8.0,8.0,0.0,32.8,32.8,0.0,8.9,8.9,0.0,16.0,16.0,0.0,78.5,42.3,36.2,164.8,87.9,76.9,0.0,0.0,0.0,0.0,0.0,0.0,
495241,THALIA GARDENS REHABILITATION AND NURSING,VIRGINIA BEACH,VA,Virginia Beach City,810,2021Q4,20211104,90,8.0,8.0,0.0,24.0,24.0,0.0,8.8,8.8,0.0,23.0,23.0,0.0,114.8,74.6,40.2,174.2,102.0,72.2,0.0,0.0,0.0,0.0,0.0,0.0,
495241,THALIA GARDENS REHABILITATION AND NURSING,VIRGINIA BEACH,VA,Virginia Beach City,810,2021Q4,20211105,90,8.0,8.0,0.0,31.9,31.9,0.0,0.5,0.5,0.0,22.3,22.3,0.0,109.6,51.8,57.8,166.2,100.0,66.2,0.0,0.0,0.0,0.0,0.0,0.0,
495241,THALIA GARDENS REHABILITATION AND NURSING,VIRGINIA BEACH,VA,Virginia Beach City,810,2021Q4,20211106,90,0.0,0.0,0.0,0.0,0.0,0.0,8.3,8.3,0.0,4.5,4.5,0.0,97.1,66.6,30.5,167.9,93.8,74.1,0.0,0.0,0.0,0.0,0.0,0.0,
495241,THALIA GARDENS REHABILITATION AND NURSING,VIRGINIA BEACH,VA,Virginia Beach City,810,2021Q4,20211107,90,0.0,0.0,0.0,8.0,8.0,0.0,0.0,0.0,0.0,5.2,5.2,0.0,103.9,56.5,47.4,159.4,87.1,72.3,0.0,0.0,0.0,0.0,0.0,0.0,
495241,THALIA GARDENS REHABILITATION AND NURSING,VIRGINIA BEACH,VA,Virginia Beach City,810,2021Q4,20211108,90,8.0,8.0,0.0,31.7,31.7,0.0,0.5,0.5,0.0,16.8,16.8,0.0,139.1,50.7,88.4,170.8,96.8,74.0,0.0,0.0,0.0,0.0,0.0,0.0,
495241,THALIA GARDENS REHABILITATION AND NURSING,VIRGINIA BEACH,VA,Virginia Beach City,810,2021Q4,20211109,87,8.0,8.0,0.0,31.8,31.8,0.0,9.6,9.6,0.0,17.6,17.6,0.0,107.6,48.5,59.1,176.3,98.8,77.5,0.0,0.0,0.0,0.0,0.0,0.0,
495241,THALIA GARDENS REHABILITATION AND NURSING,VIRGINIA BEACH,VA,Virginia Beach City,810,2021Q4,20211110,87,8.0,8.0,0.0,31.9,31.9,0.0,9.8,9.8,0.0,24.3,24.3,0.0,120.7,58.8,61.9,171.8,97.6,74.2,0.0,0.0,0.0,0.0,0.0,0.0,
495241,THALIA GARDENS REHABILITATION AND NURSING,VIRGINIA BEACH,VA,Virginia Beach City,810,2021Q4,20211111,86,8.0,8.0,0.0,32.0,32.0,0.0,9.2,9.2,0.0,25.5,25.5,0.0,115.4,71.9,43.5,176.9,110.3,66.6,0.0,0.0,0.0,0.0,0.0,0.0,
495241,THALIA GARDENS REHABILITATION AND NURSING,VIRGINIA BEACH,VA,Virginia Beach City,810,2021Q4,20211112,86,8.0,8.0,0.0,31.9,31.9,0.0,0.6,0.6,0.0,8.8,8.8,0.0,107.6,43.9,63.7,169.6,103.7,65.9,0.0,0.0,0.0,0.0,0.0,0.0,
495241,THALIA GARDENS REHABILITATION AND NURSING,VIRGINIA BEACH,VA,Virginia Beach City,810,2021Q4,20211113,86,0.0,0.0,0.0,16.0,16.0,0.0,10.3,10.3,0.0,0.0,0.0,0.0,80.0,49.9,30.1,137.4,78.1,59.3,0.0,0.0,0.0,0.0,0.0,0.0,
495241,THALIA GARDENS REHABILITATION AND NURSING,VIRGINIA BEACH,VA,Virginia Beach City,810,2021Q4,20211114,85,0.0,0.0,0.0,0.0,0.0,0.0,9.7,9.7,0.0,0.0,0.0,0.0,99.2,56.3,42.9,136.4,74.1,62.3,0.0,0.0,0.0,0.0,0.0,0.0,
495241,THALIA GARDENS REHABILITATION AND NURSING,VIRGINIA BEACH,VA,Virginia Beach City,810,2021Q4,20211115,85,8.0,8.0,0.0,16.8,16.8,0.0,8.7,8.7,0.0,7.8,7.8,0.0,129.5,35.1,94.4,159.5,100.2,59.3,0.0,0.0,0.0,0.0,0.0,0.0,
495241,THALIA GARDENS REHABILITATION AND NURSING,VIRGINIA BEACH,VA,Virginia Beach City,810,2021Q4,20211116,85,8.0,8.0,0.0,25.0,25.0,0.0,0.5,0.5,0.0,16.9,16.9,0.0,96.9,56.7,40.2,156.6,125.0,31.6,0.0,0.0,0.0,0.0,0.0,0.0,
495241,THALIA GARDENS REHABILITATION AND NURSING,VIRGINIA BEACH,VA,Virginia Beach City,810,2021Q4,20211117,86,8.0,8.0,0.0,16.6,16.6,0.0,9.7,9.7,0.0,24.2,24.2,0.0,101.1,36.6,64.5,137.5,93.3,44.2,0.0,0.0,0.0,0.0,0.0,0.0,
495241,THALIA GARDENS REHABILITATION AND NURSING,VIRGINIA BEACH,VA,Virginia Beach City,810,2021Q4,20211118,86,8.0,8.0,0.0,33.8,33.8,0.0,10.0,10.0,0.0,21.9,21.9,0.0,103.0,72.0,31.0,153.1,114.9,38.2,0.0,0.0,0.0,0.0,0.0,0.0,
495241,THALIA GARDENS REHABILITATION AND NURSING,VIRGINIA BEACH,VA,Virginia Beach City,810,2021Q4,20211119,86,8.0,8.0,0.0,33.4,33.4,0.0,9.4,9.4,0.0,8.7,8.7,0.0,96.0,48.6,47.4,159.9,95.9,64.0,0.0,0.0,0.0,0.0,0.0,0.0,
495241,THALIA GARDENS REHABILITATION AND NURSING,VIRGINIA BEACH,VA,Virginia Beach City,810,2021Q4,20211120,86,0.0,0.0,0.0,8.0,8.0,0.0,9.1,9.1,0.0,0.5,0.5,0.0,98.0,69.6,28.4,141.3,97.9,43.4,0.0,0.0,0.0,0.0,0.0,0.0,
495241,THALIA GARDENS REHABILITATION AND NURSING,VIRGINIA BEACH,VA,Virginia Beach City,810,2021Q4,20211121,85,0.0,0.0,0.0,0.0,0.0,0.0,9.7,9.7,0.0,8.5,8.5,0.0,95.4,55.4,40.0,141.8,67.4,74.4,0.0,0.0,0.0,0.0,0.0,0.0,
495241,THALIA GARDENS REHABILITATION AND NURSING,VIRGINIA BEACH,VA,Virginia Beach City,810,2021Q4,20211122,84,9.3,9.3,0.0,33.0,33.0,0.0,8.6,8.6,0.0,24.2,24.2,0.0,106.9,43.0,63.9,129.3,73.4,55.9,0.0,0.0,0.0,0.0,0.0,0.0,
495241,THALIA GARDENS REHABILITATION AND NURSING,VIRGINIA BEACH,VA,Virginia Beach City,810,2021Q4,20211123,85,8.0,8.0,0.0,24.9,24.9,0.0,0.5,0.5,0.0,19.6,19.6,0.0,99.6,50.0,49.6,140.4,94.4,46.0,0.0,0.0,0.0,0.0,0.0,0.0,
495241,THALIA GARDENS REHABILITATION AND NURSING,VIRGINIA BEACH,VA,Virginia Beach City,810,2021Q4,20211124,85,8.0,8.0,0.0,26.1,26.1,0.0,17.5,9.5,8.0,6.8,6.8,0.0,78.2,48.1,30.1,152.5,116.2,36.3,0.0,0.0,0.0,0.0,0.0,0.0,
495241,THALIA GARDENS REHABILITATION AND NURSING,VIRGINIA BEACH,VA,Virginia Beach City,810,2021Q4,20211125,86,8.0,8.0,0.0,8.0,8.0,0.0,9.0,9.0,0.0,0.0,0.0,0.0,70.5,52.6,17.9,130.5,107.1,23.4,0.0,0.0,0.0,0.0,0.0,0.0,
495241,THALIA GARDENS REHABILITATION AND NURSING,VIRGINIA BEACH,VA,Virginia Beach City,810,2021Q4,20211126,86,6.7,6.7,0.0,7.5,7.5,0.0,0.5,0.5,0.0,16.5,16.5,0.0,59.2,51.5,7.7,152.8,90.5,62.3,0.0,0.0,0.0,0.0,0.0,0.0,
495241,THALIA GARDENS REHABILITATION AND NURSING,VIRGINIA BEACH,VA,Virginia Beach City,810,2021Q4,20211127,86,0.0,0.0,0.0,0.0,0.0,0.0,8.5,8.5,0.0,4.5,4.5,0.0,87.0,72.7,14.3,165.1,67.7,97.4,0.0,0.0,0.0,0.0,0.0,0.0,
495241,THALIA GARDENS REHABILITATION AND NURSING,VIRGINIA BEACH,VA,Virginia Beach City,810,2021Q4,20211128,85,0.0,0.0,0.0,0.0,0.0,0.0,9.5,9.5,0.0,0.0,0.0,0.0,90.0,58.4,31.6,157.2,76.5,80.7,0.0,0.0,0.0,0.0,0.0,0.0,
495241,THALIA GARDENS REHABILITATION AND NURSING,VIRGINIA BEACH,VA,Virginia Beach City,810,2021Q4,20211129,85,9.5,9.5,0.0,36.9,36.9,0.0,8.8,8.8,0.0,18.4,18.4,0.0,86.4,27.3,59.1,161.4,89.4,72.0,0.0,0.0,0.0,0.0,0.0,0.0,
495241,THALIA GARDENS REHABILITATION AND NURSING,VIRGINIA BEACH,VA,Virginia Beach City,810,2021Q4,20211130,84,9.2,9.2,0.0,35.4,35.4,0.0,8.2,0.5,7.7,18.6,18.6,0.0,76.1,25.8,50.3,139.7,110.3,29.4,0.0,0.0,0.0,0.0,0.0,0.0,
495241,THALIA GARDENS REHABILITATION AND NURSING,VIRGINIA BEACH,VA,Virginia Beach City,810,2021Q4,20211201,86,0.0,0.0,0.0,16.5,16.5,0.0,29.9,29.9,0.0,18.1,18.1,0.0,59.2,42.4,16.8,128.7,121.7,7.0,0.0,0.0,0.0,0.0,0.0,0.0,
495241,THALIA GARDENS REHABILITATION AND NURSING,VIRGINIA BEACH,VA,Virginia Beach City,810,2021Q4,20211202,86,0.0,0.0,0.0,25.0,25.0,0.0,23.3,23.3,0.0,21.6,21.6,0.0,67.0,67.0,0.0,109.4,109.4,0.0,0.0,0.0,0.0,0.0,0.0,0.0,
495241,THALIA GARDENS REHABILITATION AND NURSING,VIRGINIA BEACH,VA,Virginia Beach City,810,2021Q4,20211203,87,0.0,0.0,0.0,25.4,25.4,0.0,0.5,0.5,0.0,16.6,16.6,0.0,103.2,103.2,0.0,111.0,111.0,0.0,0.0,0.0,0.0,0.0,0.0,0.0,
495241,THALIA GARDENS REHABILITATION AND NURSING,VIRGINIA BEACH,VA,Virginia Beach City,810,2021Q4,20211204,87,0.0,0.0,0.0,0.0,0.0,0.0,8.0,8.0,0.0,0.0,0.0,0.0,71.6,71.6,0.0,142.2,142.2,0.0,0.0,0.0,0.0,0.0,0.0,0.0,
495241,THALIA GARDENS REHABILITATION AND NURSING,VIRGINIA BEACH,VA,Virginia Beach City,810,2021Q4,20211205,86,0.0,0.0,0.0,8.0,8.0,0.0,0.0,0.0,0.0,0.0,0.0,0.0,76.7,76.7,0.0,123.5,123.5,0.0,0.0,0.0,0.0,0.0,0.0,0.0,
495241,THALIA GARDENS REHABILITATION AND NURSING,VIRGINIA BEACH,VA,Virginia Beach City,810,2021Q4,20211206,88,0.0,0.0,0.0,25.1,25.1,0.0,0.0,0.0,0.0,17.9,17.9,0.0,89.1,89.1,0.0,131.3,131.3,0.0,0.0,0.0,0.0,0.0,0.0,0.0,
495241,THALIA GARDENS REHABILITATION AND NURSING,VIRGINIA BEACH,VA,Virginia Beach City,810,2021Q4,20211207,87,0.0,0.0,0.0,33.1,33.1,0.0,0.5,0.5,0.0,8.4,8.4,0.0,90.7,90.7,0.0,125.3,125.3,0.0,0.0,0.0,0.0,0.0,0.0,0.0,
495241,THALIA GARDENS REHABILITATION AND NURSING,VIRGINIA BEACH,VA,Virginia Beach City,810,2021Q4,20211208,85,0.0,0.0,0.0,25.8,25.8,0.0,17.5,17.5,0.0,26.2,26.2,0.0,79.7,79.7,0.0,139.8,139.8,0.0,0.0,0.0,0.0,0.0,0.0,0.0,
495241,THALIA GARDENS REHABILITATION AND NURSING,VIRGINIA BEACH,VA,Virginia Beach City,810,2021Q4,20211209,86,0.0,0.0,0.0,40.4,40.4,0.0,8.4,8.4,0.0,7.7,7.7,0.0,85.1,85.1,0.0,125.6,125.6,0.0,0.0,0.0,0.0,0.0,0.0,0.0,
495241,THALIA GARDENS REHABILITATION AND NURSING,VIRGINIA BEACH,VA,Virginia Beach City,810,2021Q4,20211210,87,0.0,0.0,0.0,40.9,40.9,0.0,0.6,0.6,0.0,20.6,20.6,0.0,89.7,89.7,0.0,121.8,121.8,0.0,0.0,0.0,0.0,7.8,7.8,0.0,
495241,THALIA GARDENS REHABILITATION AND NURSING,VIRGINIA BEACH,VA,Virginia Beach City,810,2021Q4,20211211,86,0.0,0.0,0.0,0.0,0.0,0.0,18.1,18.1,0.0,0.0,0.0,0.0,83.9,83.9,0.0,110.6,110.6,0.0,0.0,0.0,0.0,0.0,0.0,0.0,
495241,THALIA GARDENS REHABILITATION AND NURSING,VIRGINIA BEACH,VA,Virginia Beach City,810,2021Q4,20211212,88,0.0,0.0,0.0,0.0,0.0,0.0,9.1,9.1,0.0,0.0,0.0,0.0,92.8,92.8,0.0,101.8,101.8,0.0,0.0,0.0,0.0,0.0,0.0,0.0,
495241,THALIA GARDENS REHABILITATION AND NURSING,VIRGINIA BEACH,VA,Virginia Beach City,810,2021Q4,20211213,87,0.0,0.0,0.0,15.5,15.5,0.0,9.1,9.1,0.0,17.7,17.7,0.0,79.8,79.8,0.0,124.5,124.5,0.0,0.0,0.0,0.0,0.0,0.0,0.0,
495241,THALIA GARDENS REHABILITATION AND NURSING,VIRGINIA BEACH,VA,Virginia Beach City,810,2021Q4,20211214,85,0.0,0.0,0.0,7.5,7.5,0.0,0.5,0.5,0.0,21.1,21.1,0.0,92.1,92.1,0.0,161.2,161.2,0.0,0.0,0.0,0.0,0.0,0.0,0.0,
495241,THALIA GARDENS REHABILITATION AND NURSING,VIRGINIA BEACH,VA,Virginia Beach City,810,2021Q4,20211215,84,0.0,0.0,0.0,5.7,5.7,0.0,9.2,9.2,0.0,26.7,26.7,0.0,80.1,80.1,0.0,147.0,147.0,0.0,0.0,0.0,0.0,0.0,0.0,0.0,
495241,THALIA GARDENS REHABILITATION AND NURSING,VIRGINIA BEACH,VA,Virginia Beach City,810,2021Q4,20211216,85,0.0,0.0,0.0,23.2,23.2,0.0,9.0,9.0,0.0,25.0,25.0,0.0,82.6,82.6,0.0,164.0,164.0,0.0,0.0,0.0,0.0,0.0,0.0,0.0,
495241,THALIA GARDENS REHABILITATION AND NURSING,VIRGINIA BEACH,VA,Virginia Beach City,810,2021Q4,20211217,85,0.0,0.0,0.0,13.8,13.8,0.0,0.5,0.5,0.0,22.2,22.2,0.0,93.1,93.1,0.0,137.6,137.6,0.0,0.0,0.0,0.0,0.0,0.0,0.0,
495241,THALIA GARDENS REHABILITATION AND NURSING,VIRGINIA BEACH,VA,Virginia Beach City,810,2021Q4,20211218,84,0.0,0.0,0.0,0.0,0.0,0.0,9.6,9.6,0.0,0.0,0.0,0.0,85.4,85.4,0.0,158.1,158.1,0.0,0.0,0.0,0.0,0.0,0.0,0.0,
495241,THALIA GARDENS REHABILITATION AND NURSING,VIRGINIA BEACH,VA,Virginia Beach City,810,2021Q4,20211219,82,0.0,0.0,0.0,3.0,3.0,0.0,8.0,8.0,0.0,0.0,0.0,0.0,89.3,89.3,0.0,148.1,148.1,0.0,0.0,0.0,0.0,0.0,0.0,0.0,
495241,THALIA GARDENS REHABILITATION AND NURSING,VIRGINIA BEACH,VA,Virginia Beach City,810,2021Q4,20211220,81,0.0,0.0,0.0,19.4,19.4,0.0,0.0,0.0,0.0,28.9,28.9,0.0,79.9,79.9,0.0,134.3,134.3,0.0,0.0,0.0,0.0,0.0,0.0,0.0,
495241,THALIA GARDENS REHABILITATION AND NURSING,VIRGINIA BEACH,VA,Virginia Beach City,810,2021Q4,20211221,85,0.0,0.0,0.0,25.1,25.1,0.0,0.4,0.4,0.0,23.2,23.2,0.0,98.9,98.9,0.0,145.7,145.7,0.0,0.0,0.0,0.0,0.0,0.0,0.0,
495241,THALIA GARDENS REHABILITATION AND NURSING,VIRGINIA BEACH,VA,Virginia Beach City,810,2021Q4,20211222,86,0.0,0.0,0.0,31.6,31.6,0.0,8.8,8.8,0.0,24.5,24.5,0.0,78.4,78.4,0.0,150.2,150.2,0.0,0.0,0.0,0.0,0.0,0.0,0.0,
495241,THALIA GARDENS REHABILITATION AND NURSING,VIRGINIA BEACH,VA,Virginia Beach City,810,2021Q4,20211223,86,0.0,0.0,0.0,26.5,26.5,0.0,0.0,0.0,0.0,15.6,15.6,0.0,85.1,85.1,0.0,159.4,159.4,0.0,0.0,0.0,0.0,0.0,0.0,0.0,
495241,THALIA GARDENS REHABILITATION AND NURSING,VIRGINIA BEACH,VA,Virginia Beach City,810,2021Q4,20211224,84,0.0,0.0,0.0,9.6,9.6,0.0,0.0,0.0,0.0,13.4,13.4,0.0,98.7,98.7,0.0,175.6,175.6,0.0,0.0,0.0,0.0,0.0,0.0,0.0,
495241,THALIA GARDENS REHABILITATION AND NURSING,VIRGINIA BEACH,VA,Virginia Beach City,810,2021Q4,20211225,85,0.0,0.0,0.0,8.0,8.0,0.0,0.0,0.0,0.0,0.4,0.4,0.0,100.5,100.5,0.0,104.2,104.2,0.0,0.0,0.0,0.0,0.0,0.0,0.0,
495241,THALIA GARDENS REHABILITATION AND NURSING,VIRGINIA BEACH,VA,Virginia Beach City,810,2021Q4,20211226,85,0.0,0.0,0.0,8.0,8.0,0.0,0.0,0.0,0.0,15.2,15.2,0.0,77.2,77.2,0.0,124.2,124.2,0.0,0.0,0.0,0.0,0.0,0.0,0.0,
495241,THALIA GARDENS REHABILITATION AND NURSING,VIRGINIA BEACH,VA,Virginia Beach City,810,2021Q4,20211227,85,0.0,0.0,0.0,20.3,20.3,0.0,0.0,0.0,0.0,24.4,24.4,0.0,89.8,89.8,0.0,156.3,156.3,0.0,0.0,0.0,0.0,0.0,0.0,0.0,
495241,THALIA GARDENS REHABILITATION AND NURSING,VIRGINIA BEACH,VA,Virginia Beach City,810,2021Q4,20211228,91,0.0,0.0,0.0,16.5,16.5,0.0,0.0,0.0,0.0,35.9,35.9,0.0,113.1,113.1,0.0,135.0,135.0,0.0,0.0,0.0,0.0,0.0,0.0,0.0,
495241,THALIA GARDENS REHABILITATION AND NURSING,VIRGINIA BEACH,VA,Virginia Beach City,810,2021Q4,20211229,91,0.0,0.0,0.0,29.3,29.3,0.0,0.5,0.5,0.0,25.3,25.3,0.0,82.5,82.5,0.0,128.5,128.5,0.0,0.0,0.0,0.0,0.0,0.0,0.0,
495241,THALIA GARDENS REHABILITATION AND NURSING,VIRGINIA BEACH,VA,Virginia Beach City,810,2021Q4,20211230,93,0.0,0.0,0.0,20.7,20.7,0.0,9.3,9.3,0.0,22.3,22.3,0.0,112.9,112.9,0.0,168.3,168.3,0.0,0.0,0.0,0.0,0.0,0.0,0.0,
495241,THALIA GARDENS REHABILITATION AND NURSING,VIRGINIA BEACH,VA,Virginia Beach City,810,2021Q4,20211231,93,0.0,0.0,0.0,8.0,8.0,0.0,9.6,9.6,0.0,19.6,19.6,0.0,95.9,95.9,0.0,153.8,153.8,0.0,0.0,0.0,0.0,0.0,0.0,0.0,
495241,THALIA GARDENS REHABILITATION AND NURSING,VIRGINIA BEACH,VA,Virginia Beach City,810,2022Q1,20220101,94,0.0,0.0,0.0,0.0,0.0,0.0,9.1,9.1,0.0,6.3,6.3,0.0,91.5,91.5,0.0,143.9,143.9,0.0,0.0,0.0,0.0,0.0,0.0,0.0,
495241,THALIA GARDENS REHABILITATION AND NURSING,VIRGINIA BEACH,VA,Virginia Beach City,810,2022Q1,20220102,92,0.0,0.0,0.0,9.2,9.2,0.0,0.6,0.6,0.0,7.5,7.5,0.0,100.7,100.7,0.0,110.0,110.0,0.0,0.0,0.0,0.0,0.0,0.0,0.0,
495241,THALIA GARDENS REHABILITATION AND NURSING,VIRGINIA BEACH,VA,Virginia Beach City,810,2022Q1,20220103,94,0.0,0.0,0.0,31.1,31.1,0.0,9.2,9.2,0.0,17.5,17.5,0.0,90.9,90.9,0.0,117.3,117.3,0.0,0.0,0.0,0.0,0.0,0.0,0.0,
495241,THALIA GARDENS REHABILITATION AND NURSING,VIRGINIA BEACH,VA,Virginia Beach City,810,2022Q1,20220104,96,0.0,0.0,0.0,17.9,17.9,0.0,0.5,0.5,0.0,27.2,27.2,0.0,101.0,101.0,0.0,153.1,153.1,0.0,0.0,0.0,0.0,0.0,0.0,0.0,
495241,THALIA GARDENS REHABILITATION AND NURSING,VIRGINIA BEACH,VA,Virginia Beach City,810,2022Q1,20220105,102,0.0,0.0,0.0,35.7,35.7,0.0,11.1,11.1,0.0,22.0,22.0,0.0,102.3,102.3,0.0,168.1,168.1,0.0,0.0,0.0,0.0,0.0,0.0,0.0,
495241,THALIA GARDENS REHABILITATION AND NURSING,VIRGINIA BEACH,VA,Virginia Beach City,810,2022Q1,20220106,101,0.0,0.0,0.0,28.0,28.0,0.0,12.2,12.2,0.0,17.9,17.9,0.0,131.8,131.8,0.0,172.8,172.8,0.0,0.0,0.0,0.0,0.0,0.0,0.0,
495241,THALIA GARDENS REHABILITATION AND NURSING,VIRGINIA BEACH,VA,Virginia Beach City,810,2022Q1,20220107,103,0.0,0.0,0.0,22.3,22.3,0.0,12.5,12.5,0.0,12.0,12.0,0.0,77.8,77.8,0.0,173.5,173.5,0.0,0.0,0.0,0.0,0.0,0.0,0.0,
495241,THALIA GARDENS REHABILITATION AND NURSING,VIRGINIA BEACH,VA,Virginia Beach City,810,2022Q1,20220108,102,0.0,0.0,0.0,7.0,7.0,0.0,10.0,10.0,0.0,0.0,0.0,0.0,102.4,102.4,0.0,164.9,164.9,0.0,0.0,0.0,0.0,0.0,0.0,0.0,
495241,THALIA GARDENS REHABILITATION AND NURSING,VIRGINIA BEACH,VA,Virginia Beach City,810,2022Q1,20220109,102,0.0,0.0,0.0,5.1,5.1,0.0,10.2,10.2,0.0,0.0,0.0,0.0,112.8,112.8,0.0,124.8,124.8,0.0,0.0,0.0,0.0,0.0,0.0,0.0,
495241,THALIA GARDENS REHABILITATION AND NURSING,VIRGINIA BEACH,VA,Virginia Beach City,810,2022Q1,20220110,103,0.0,0.0,0.0,28.4,28.4,0.0,7.7,7.7,0.0,29.5,29.5,0.0,122.5,122.5,0.0,143.0,143.0,0.0,0.0,0.0,0.0,0.0,0.0,0.0,
495241,THALIA GARDENS REHABILITATION AND NURSING,VIRGINIA BEACH,VA,Virginia Beach City,810,2022Q1,20220111,104,0.0,0.0,0.0,29.5,29.5,0.0,0.6,0.6,0.0,29.5,29.5,0.0,88.5,88.5,0.0,165.7,165.7,0.0,0.0,0.0,0.0,0.0,0.0,0.0,
495241,THALIA GARDENS REHABILITATION AND NURSING,VIRGINIA BEACH,VA,Virginia Beach City,810,2022Q1,20220112,106,0.0,0.0,0.0,28.9,28.9,0.0,9.4,9.4,0.0,30.6,30.6,0.0,96.1,96.1,0.0,160.2,160.2,0.0,0.0,0.0,0.0,0.0,0.0,0.0,
495241,THALIA GARDENS REHABILITATION AND NURSING,VIRGINIA BEACH,VA,Virginia Beach City,810,2022Q1,20220113,105,0.0,0.0,0.0,23.7,23.7,0.0,9.8,9.8,0.0,19.5,19.5,0.0,113.1,113.1,0.0,177.3,177.3,0.0,0.0,0.0,0.0,0.0,0.0,0.0,
495241,THALIA GARDENS REHABILITATION AND NURSING,VIRGINIA BEACH,VA,Virginia Beach City,810,2022Q1,20220114,107,0.0,0.0,0.0,26.9,26.9,0.0,9.4,9.4,0.0,25.5,25.5,0.0,108.1,108.1,0.0,141.8,141.8,0.0,0.0,0.0,0.0,0.0,0.0,0.0,
495241,THALIA GARDENS REHABILITATION AND NURSING,VIRGINIA BEACH,VA,Virginia Beach City,810,2022Q1,20220115,106,0.0,0.0,0.0,0.0,0.0,0.0,9.3,9.3,0.0,0.0,0.0,0.0,122.3,122.3,0.0,140.1,140.1,0.0,0.0,0.0,0.0,0.0,0.0,0.0,
495241,THALIA GARDENS REHABILITATION AND NURSING,VIRGINIA BEACH,VA,Virginia Beach City,810,2022Q1,20220116,106,0.0,0.0,0.0,5.5,5.5,0.0,8.8,8.8,0.0,0.0,0.0,0.0,100.5,100.5,0.0,159.5,159.5,0.0,0.0,0.0,0.0,0.0,0.0,0.0,
495241,THALIA GARDENS REHABILITATION AND NURSING,VIRGINIA BEACH,VA,Virginia Beach City,810,2022Q1,20220117,108,0.0,0.0,0.0,17.9,17.9,0.0,7.8,7.8,0.0,19.1,19.1,0.0,117.0,117.0,0.0,139.5,139.5,0.0,0.0,0.0,0.0,0.0,0.0,0.0,
495241,THALIA GARDENS REHABILITATION AND NURSING,VIRGINIA BEACH,VA,Virginia Beach City,810,2022Q1,20220118,106,0.0,0.0,0.0,25.5,25.5,0.0,8.9,8.9,0.0,27.2,27.2,0.0,88.2,88.2,0.0,169.3,169.3,0.0,0.0,0.0,0.0,0.0,0.0,0.0,
495241,THALIA GARDENS REHABILITATION AND NURSING,VIRGINIA BEACH,VA,Virginia Beach City,810,2022Q1,20220119,104,0.0,0.0,0.0,29.4,29.4,0.0,17.0,17.0,0.0,31.8,31.8,0.0,111.1,111.1,0.0,203.6,203.6,0.0,0.0,0.0,0.0,0.0,0.0,0.0,
495241,THALIA GARDENS REHABILITATION AND NURSING,VIRGINIA BEACH,VA,Virginia Beach City,810,2022Q1,20220120,103,0.0,0.0,0.0,29.0,29.0,0.0,16.2,16.2,0.0,11.0,11.0,0.0,112.4,112.4,0.0,188.4,188.4,0.0,0.0,0.0,0.0,0.0,0.0,0.0,
495241,THALIA GARDENS REHABILITATION AND NURSING,VIRGINIA BEACH,VA,Virginia Beach City,810,2022Q1,20220121,102,0.0,0.0,0.0,13.8,13.8,0.0,8.9,8.9,0.0,18.2,18.2,0.0,113.7,113.7,0.0,199.0,199.0,0.0,0.0,0.0,0.0,0.0,0.0,0.0,
495241,THALIA GARDENS REHABILITATION AND NURSING,VIRGINIA BEACH,VA,Virginia Beach City,810,2022Q1,20220122,104,0.0,0.0,0.0,0.0,0.0,0.0,25.8,25.8,0.0,15.5,15.5,0.0,111.0,111.0,0.0,125.8,125.8,0.0,0.0,0.0,0.0,0.0,0.0,0.0,
495241,THALIA GARDENS REHABILITATION AND NURSING,VIRGINIA BEACH,VA,Virginia Beach City,810,2022Q1,20220123,103,0.0,0.0,0.0,0.0,0.0,0.0,18.5,18.5,0.0,2.8,2.8,0.0,142.3,142.3,0.0,142.7,142.7,0.0,0.0,0.0,0.0,0.0,0.0,0.0,
495241,THALIA GARDENS REHABILITATION AND NURSING,VIRGINIA BEACH,VA,Virginia Beach City,810,2022Q1,20220124,101,0.0,0.0,0.0,16.7,16.7,0.0,17.0,17.0,0.0,32.7,32.7,0.0,93.5,93.5,0.0,168.9,168.9,0.0,0.0,0.0,0.0,0.0,0.0,0.0,
495241,THALIA GARDENS REHABILITATION AND NURSING,VIRGINIA BEACH,VA,Virginia Beach City,810,2022Q1,20220125,101,0.0,0.0,0.0,27.3,27.3,0.0,19.8,19.8,0.0,24.5,24.5,0.0,67.7,67.7,0.0,185.1,185.1,0.0,0.0,0.0,0.0,0.0,0.0,0.0,
495241,THALIA GARDENS REHABILITATION AND NURSING,VIRGINIA BEACH,VA,Virginia Beach City,810,2022Q1,20220126,100,0.0,0.0,0.0,26.1,26.1,0.0,19.6,19.6,0.0,35.5,35.5,0.0,125.9,125.9,0.0,179.8,179.8,0.0,0.0,0.0,0.0,0.0,0.0,0.0,
495241,THALIA GARDENS REHABILITATION AND NURSING,VIRGINIA BEACH,VA,Virginia Beach City,810,2022Q1,20220127,98,0.0,0.0,0.0,14.9,14.9,0.0,9.4,9.4,0.0,25.2,25.2,0.0,128.4,128.4,0.0,176.3,176.3,0.0,0.0,0.0,0.0,0.0,0.0,0.0,
495241,THALIA GARDENS REHABILITATION AND NURSING,VIRGINIA BEACH,VA,Virginia Beach City,810,2022Q1,20220128,100,0.0,0.0,0.0,8.0,8.0,0.0,25.6,25.6,0.0,7.9,7.9,0.0,108.5,108.5,0.0,175.1,175.1,0.0,0.0,0.0,0.0,0.0,0.0,0.0,
495241,THALIA GARDENS REHABILITATION AND NURSING,VIRGINIA BEACH,VA,Virginia Beach City,810,2022Q1,20220129,100,0.0,0.0,0.0,8.0,8.0,0.0,16.6,16.6,0.0,5.9,5.9,0.0,128.7,128.7,0.0,150.7,150.7,0.0,0.0,0.0,0.0,0.0,0.0,0.0,
495241,THALIA GARDENS REHABILITATION AND NURSING,VIRGINIA BEACH,VA,Virginia Beach City,810,2022Q1,20220130,100,0.0,0.0,0.0,0.0,0.0,0.0,18.4,18.4,0.0,14.2,14.2,0.0,100.5,100.5,0.0,180.7,180.7,0.0,0.0,0.0,0.0,0.0,0.0,0.0,
495241,THALIA GARDENS REHABILITATION AND NURSING,VIRGINIA BEACH,VA,Virginia Beach City,810,2022Q1,20220131,105,0.0,0.0,0.0,21.0,21.0,0.0,9.7,9.7,0.0,25.6,25.6,0.0,100.6,100.6,0.0,168.5,168.5,0.0,0.0,0.0,0.0,0.0,0.0,0.0,
495241,THALIA GARDENS REHABILITATION AND NURSING,VIRGINIA BEACH,VA,Virginia Beach City,810,2022Q1,20220201,102,0.0,0.0,0.0,11.1,11.1,0.0,16.0,16.0,0.0,35.8,35.8,0.0,105.3,105.3,0.0,122.8,122.8,0.0,0.0,0.0,0.0,0.0,0.0,0.0,
495241,THALIA GARDENS REHABILITATION AND NURSING,VIRGINIA BEACH,VA,Virginia Beach City,810,2022Q1,20220202,103,0.0,0.0,0.0,21.6,21.6,0.0,8.3,8.3,0.0,36.5,36.5,0.0,120.6,120.6,0.0,177.1,177.1,0.0,0.0,0.0,0.0,0.0,0.0,0.0,
495241,THALIA GARDENS REHABILITATION AND NURSING,VIRGINIA BEACH,VA,Virginia Beach City,810,2022Q1,20220203,104,0.0,0.0,0.0,11.2,11.2,0.0,25.4,17.4,8.0,29.0,29.0,0.0,123.3,123.3,0.0,169.6,169.6,0.0,0.0,0.0,0.0,0.0,0.0,0.0,
495241,THALIA GARDENS REHABILITATION AND NURSING,VIRGINIA BEACH,VA,Virginia Beach City,810,2022Q1,20220204,105,0.0,0.0,0.0,29.3,29.3,0.0,25.2,16.6,8.6,25.0,25.0,0.0,89.2,89.2,0.0,149.6,149.6,0.0,0.0,0.0,0.0,0.0,0.0,0.0,
495241,THALIA GARDENS REHABILITATION AND NURSING,VIRGINIA BEACH,VA,Virginia Beach City,810,2022Q1,20220205,106,0.0,0.0,0.0,0.0,0.0,0.0,8.5,8.5,0.0,0.0,0.0,0.0,117.4,117.4,0.0,164.4,164.4,0.0,0.0,0.0,0.0,0.0,0.0,0.0,
495241,THALIA GARDENS REHABILITATION AND NURSING,VIRGINIA BEACH,VA,Virginia Beach City,810,2022Q1,20220206,104,0.0,0.0,0.0,0.0,0.0,0.0,10.0,10.0,0.0,0.0,0.0,0.0,136.0,136.0,0.0,150.6,150.6,0.0,0.0,0.0,0.0,0.0,0.0,0.0,
495241,THALIA GARDENS REHABILITATION AND NURSING,VIRGINIA BEACH,VA,Virginia Beach City,810,2022Q1,20220207,104,0.0,0.0,0.0,20.4,20.4,0.0,9.1,9.1,0.0,36.1,36.1,0.0,97.9,97.9,0.0,155.1,155.1,0.0,0.0,0.0,0.0,0.0,0.0,0.0,
495241,THALIA GARDENS REHABILITATION AND NURSING,VIRGINIA BEACH,VA,Virginia Beach City,810,2022Q1,20220208,105,0.0,0.0,0.0,20.7,20.7,0.0,1.0,1.0,0.0,33.0,33.0,0.0,82.5,74.5,8.0,187.7,180.2,7.5,0.0,0.0,0.0,0.0,0.0,0.0,
495241,THALIA GARDENS REHABILITATION AND NURSING,VIRGINIA BEACH,VA,Virginia Beach City,810,2022Q1,20220209,106,0.0,0.0,0.0,23.0,23.0,0.0,47.8,31.8,16.0,35.7,35.7,0.0,113.0,105.5,7.5,184.1,176.7,7.4,0.0,0.0,0.0,0.0,0.0,0.0,
495241,THALIA GARDENS REHABILITATION AND NURSING,VIRGINIA BEACH,VA,Virginia Beach City,810,2022Q1,20220210,105,0.0,0.0,0.0,22.8,22.8,0.0,30.6,15.3,15.3,26.4,26.4,0.0,128.6,128.6,0.0,161.4,161.4,0.0,0.0,0.0,0.0,0.0,0.0,0.0,
495241,THALIA GARDENS REHABILITATION AND NURSING,VIRGINIA BEACH,VA,Virginia Beach City,810,2022Q1,20220211,105,0.0,0.0,0.0,21.0,21.0,0.0,0.0,0.0,0.0,25.4,25.4,0.0,118.8,118.8,0.0,168.2,168.2,0.0,0.0,0.0,0.0,0.0,0.0,0.0,
495241,THALIA GARDENS REHABILITATION AND NURSING,VIRGINIA BEACH,VA,Virginia Beach City,810,2022Q1,20220212,108,0.0,0.0,0.0,0.0,0.0,0.0,9.0,9.0,0.0,0.0,0.0,0.0,112.9,112.9,0.0,145.8,145.8,0.0,0.0,0.0,0.0,0.0,0.0,0.0,
495241,THALIA GARDENS REHABILITATION AND NURSING,VIRGINIA BEACH,VA,Virginia Beach City,810,2022Q1,20220213,108,0.0,0.0,0.0,3.0,3.0,0.0,12.3,0.4,11.9,15.7,15.7,0.0,86.4,86.4,0.0,122.1,122.1,0.0,0.0,0.0,0.0,0.0,0.0,0.0,
495241,THALIA GARDENS REHABILITATION AND NURSING,VIRGINIA BEACH,VA,Virginia Beach City,810,2022Q1,20220214,108,0.0,0.0,0.0,15.5,15.5,0.0,24.4,16.3,8.1,34.4,34.4,0.0,69.5,69.5,0.0,148.2,148.2,0.0,0.0,0.0,0.0,0.0,0.0,0.0,
495241,THALIA GARDENS REHABILITATION AND NURSING,VIRGINIA BEACH,VA,Virginia Beach City,810,2022Q1,20220215,110,0.0,0.0,0.0,21.1,21.1,0.0,17.3,8.9,8.4,28.3,28.3,0.0,117.9,117.9,0.0,182.6,175.1,7.5,0.0,0.0,0.0,0.0,0.0,0.0,
495241,THALIA GARDENS REHABILITATION AND NURSING,VIRGINIA BEACH,VA,Virginia Beach City,810,2022Q1,20220216,113,0.0,0.0,0.0,21.0,21.0,0.0,24.5,17.0,7.5,25.6,25.6,0.0,117.4,117.4,0.0,185.8,185.8,0.0,0.0,0.0,0.0,0.0,0.0,0.0,
495241,THALIA GARDENS REHABILITATION AND NURSING,VIRGINIA BEACH,VA,Virginia Beach City,810,2022Q1,20220217,112,0.0,0.0,0.0,21.8,21.8,0.0,35.7,22.4,13.3,33.9,33.9,0.0,105.8,105.8,0.0,222.0,214.6,7.4,0.0,0.0,0.0,0.0,0.0,0.0,
495241,THALIA GARDENS REHABILITATION AND NURSING,VIRGINIA BEACH,VA,Virginia Beach City,810,2022Q1,20220218,111,0.0,0.0,0.0,15.1,15.1,0.0,0.6,0.6,0.0,26.3,26.3,0.0,112.0,112.0,0.0,201.8,187.2,14.6,0.0,0.0,0.0,0.0,0.0,0.0,
495241,THALIA GARDENS REHABILITATION AND NURSING,VIRGINIA BEACH,VA,Virginia Beach City,810,2022Q1,20220219,114,0.0,0.0,0.0,0.0,0.0,0.0,18.1,18.1,0.0,0.0,0.0,0.0,126.8,126.8,0.0,184.1,176.8,7.3,0.0,0.0,0.0,0.0,0.0,0.0,
495241,THALIA GARDENS REHABILITATION AND NURSING,VIRGINIA BEACH,VA,Virginia Beach City,810,2022Q1,20220220,112,0.0,0.0,0.0,0.0,0.0,0.0,20.9,20.9,0.0,0.0,0.0,0.0,128.6,128.6,0.0,129.4,121.8,7.6,0.0,0.0,0.0,0.0,0.0,0.0,
495241,THALIA GARDENS REHABILITATION AND NURSING,VIRGINIA BEACH,VA,Virginia Beach City,810,2022Q1,20220221,111,0.0,0.0,0.0,16.0,16.0,0.0,24.3,24.3,0.0,33.7,33.7,0.0,107.2,107.2,0.0,237.8,223.0,14.8,0.0,0.0,0.0,0.0,0.0,0.0,
495241,THALIA GARDENS REHABILITATION AND NURSING,VIRGINIA BEACH,VA,Virginia Beach City,810,2022Q1,20220222,110,0.0,0.0,0.0,15.6,15.6,0.0,19.4,11.5,7.9,34.4,34.4,0.0,108.9,108.9,0.0,251.3,239.9,11.4,0.0,0.0,0.0,0.0,0.0,0.0,
495241,THALIA GARDENS REHABILITATION AND NURSING,VIRGINIA BEACH,VA,Virginia Beach City,810,2022Q1,20220223,109,0.0,0.0,0.0,16.0,16.0,0.0,39.6,24.1,15.5,35.2,35.2,0.0,110.2,110.2,0.0,240.2,225.0,15.2,0.0,0.0,0.0,0.0,0.0,0.0,
495241,THALIA GARDENS REHABILITATION AND NURSING,VIRGINIA BEACH,VA,Virginia Beach City,810,2022Q1,20220224,107,0.0,0.0,0.0,23.9,23.9,0.0,52.5,37.2,15.3,28.5,28.5,0.0,101.0,101.0,0.0,182.9,168.1,14.8,0.0,0.0,0.0,0.0,0.0,0.0,
495241,THALIA GARDENS REHABILITATION AND NURSING,VIRGINIA BEACH,VA,Virginia Beach City,810,2022Q1,20220225,110,0.0,0.0,0.0,15.5,15.5,0.0,19.0,9.8,9.2,24.2,24.2,0.0,113.6,113.6,0.0,228.7,213.7,15.0,0.0,0.0,0.0,0.0,0.0,0.0,
495241,THALIA GARDENS REHABILITATION AND NURSING,VIRGINIA BEACH,VA,Virginia Beach City,810,2022Q1,20220226,111,0.0,0.0,0.0,8.0,8.0,0.0,7.7,7.7,0.0,0.0,0.0,0.0,78.0,78.0,0.0,184.9,184.9,0.0,0.0,0.0,0.0,0.0,0.0,0.0,
495241,THALIA GARDENS REHABILITATION AND NURSING,VIRGINIA BEACH,VA,Virginia Beach City,810,2022Q1,20220227,109,8.0,8.0,0.0,0.0,0.0,0.0,0.0,0.0,0.0,3.0,3.0,0.0,114.6,114.6,0.0,136.2,136.2,0.0,0.0,0.0,0.0,0.0,0.0,0.0,
495241,THALIA GARDENS REHABILITATION AND NURSING,VIRGINIA BEACH,VA,Virginia Beach City,810,2022Q1,20220228,108,0.0,0.0,0.0,20.9,20.9,0.0,30.6,15.3,15.3,32.7,32.7,0.0,108.8,108.8,0.0,207.3,207.3,0.0,7.5,7.5,0.0,0.0,0.0,0.0,
495241,THALIA GARDENS REHABILITATION AND NURSING,VIRGINIA BEACH,VA,Virginia Beach City,810,2022Q1,20220301,108,0.0,0.0,0.0,20.9,20.9,0.0,31.5,16.0,15.5,37.8,37.8,0.0,105.6,105.6,0.0,201.5,186.1,15.4,15.9,15.9,0.0,0.0,0.0,0.0,
495241,THALIA GARDENS REHABILITATION AND NURSING,VIRGINIA BEACH,VA,Virginia Beach City,810,2022Q1,20220302,109,0.0,0.0,0.0,20.5,20.5,0.0,22.6,15.8,6.8,34.6,34.6,0.0,113.2,113.2,0.0,244.3,229.3,15.0,15.0,15.0,0.0,0.0,0.0,0.0,
495241,THALIA GARDENS REHABILITATION AND NURSING,VIRGINIA BEACH,VA,Virginia Beach City,810,2022Q1,20220303,112,0.0,0.0,0.0,22.1,22.1,0.0,7.6,7.6,0.0,27.1,27.1,0.0,132.6,132.6,0.0,207.8,205.3,2.5,6.5,6.5,0.0,0.0,0.0,0.0,
495241,THALIA GARDENS REHABILITATION AND NURSING,VIRGINIA BEACH,VA,Virginia Beach City,810,2022Q1,20220304,110,0.0,0.0,0.0,20.8,20.8,0.0,0.0,0.0,0.0,27.4,27.4,0.0,124.8,124.8,0.0,275.3,275.3,0.0,0.0,0.0,0.0,0.0,0.0,0.0,
495241,THALIA GARDENS REHABILITATION AND NURSING,VIRGINIA BEACH,VA,Virginia Beach City,810,2022Q1,20220305,110,0.0,0.0,0.0,8.0,8.0,0.0,0.0,0.0,0.0,7.6,7.6,0.0,116.7,116.7,0.0,169.2,169.2,0.0,0.0,0.0,0.0,0.0,0.0,0.0,
495241,THALIA GARDENS REHABILITATION AND NURSING,VIRGINIA BEACH,VA,Virginia Beach City,810,2022Q1,20220306,109,0.0,0.0,0.0,8.0,8.0,0.0,0.0,0.0,0.0,2.4,2.4,0.0,134.7,134.7,0.0,132.0,132.0,0.0,2.4,2.4,0.0,0.0,0.0,0.0,
495241,THALIA GARDENS REHABILITATION AND NURSING,VIRGINIA BEACH,VA,Virginia Beach City,810,2022Q1,20220307,108,0.0,0.0,0.0,21.6,21.6,0.0,29.2,14.6,14.6,31.7,31.7,0.0,105.4,105.4,0.0,225.2,217.7,7.5,6.4,6.4,0.0,0.0,0.0,0.0,
495241,THALIA GARDENS REHABILITATION AND NURSING,VIRGINIA BEACH,VA,Virginia Beach City,810,2022Q1,20220308,107,0.0,0.0,0.0,22.3,22.3,0.0,16.2,8.1,8.1,32.0,32.0,0.0,102.6,102.6,0.0,189.0,181.2,7.8,6.4,6.4,0.0,0.0,0.0,0.0,
495241,THALIA GARDENS REHABILITATION AND NURSING,VIRGINIA BEACH,VA,Virginia Beach City,810,2022Q1,20220309,107,0.0,0.0,0.0,16.0,16.0,0.0,32.1,16.4,15.7,32.6,32.6,0.0,96.3,96.3,0.0,225.7,202.9,22.8,6.0,6.0,0.0,0.0,0.0,0.0,
495241,THALIA GARDENS REHABILITATION AND NURSING,VIRGINIA BEACH,VA,Virginia Beach City,810,2022Q1,20220310,107,0.0,0.0,0.0,22.5,22.5,0.0,40.2,24.5,15.7,24.0,24.0,0.0,80.9,80.9,0.0,197.8,182.9,14.9,5.4,5.4,0.0,0.0,0.0,0.0,
495241,THALIA GARDENS REHABILITATION AND NURSING,VIRGINIA BEACH,VA,Virginia Beach City,810,2022Q1,20220311,106,0.0,0.0,0.0,17.8,17.8,0.0,24.9,16.9,8.0,23.6,23.6,0.0,90.5,90.5,0.0,193.6,186.1,7.5,6.6,6.6,0.0,0.0,0.0,0.0,
495241,THALIA GARDENS REHABILITATION AND NURSING,VIRGINIA BEACH,VA,Virginia Beach City,810,2022Q1,20220312,105,0.0,0.0,0.0,0.0,0.0,0.0,8.1,8.1,0.0,0.0,0.0,0.0,104.1,104.1,0.0,153.1,145.9,7.2,0.0,0.0,0.0,0.0,0.0,0.0,
495241,THALIA GARDENS REHABILITATION AND NURSING,VIRGINIA BEACH,VA,Virginia Beach City,810,2022Q1,20220313,105,0.0,0.0,0.0,0.0,0.0,0.0,8.5,8.5,0.0,0.0,0.0,0.0,102.3,102.3,0.0,131.4,131.4,0.0,0.0,0.0,0.0,0.0,0.0,0.0,
495241,THALIA GARDENS REHABILITATION AND NURSING,VIRGINIA BEACH,VA,Virginia Beach City,810,2022Q1,20220314,105,0.0,0.0,0.0,15.6,15.6,0.0,23.5,15.8,7.7,20.2,20.2,0.0,88.7,88.7,0.0,201.8,186.6,15.2,6.8,6.8,0.0,0.0,0.0,0.0,
495241,THALIA GARDENS REHABILITATION AND NURSING,VIRGINIA BEACH,VA,Virginia Beach City,810,2022Q1,20220315,108,0.0,0.0,0.0,21.5,21.5,0.0,39.4,24.0,15.4,33.3,33.3,0.0,96.4,96.4,0.0,190.1,176.8,13.3,7.8,7.8,0.0,0.0,0.0,0.0,
495241,THALIA GARDENS REHABILITATION AND NURSING,VIRGINIA BEACH,VA,Virginia Beach City,810,2022Q1,20220316,111,0.0,0.0,0.0,22.4,22.4,0.0,38.9,31.0,7.9,35.0,35.0,0.0,88.4,88.4,0.0,182.2,182.2,0.0,0.0,0.0,0.0,0.0,0.0,0.0,
495241,THALIA GARDENS REHABILITATION AND NURSING,VIRGINIA BEACH,VA,Virginia Beach City,810,2022Q1,20220317,106,0.0,0.0,0.0,15.6,15.6,0.0,53.2,37.8,15.4,24.9,24.9,0.0,85.1,85.1,0.0,183.7,183.7,0.0,7.5,7.5,0.0,0.0,0.0,0.0,
495241,THALIA GARDENS REHABILITATION AND NURSING,VIRGINIA BEACH,VA,Virginia Beach City,810,2022Q1,20220318,110,0.0,0.0,0.0,18.5,18.5,0.0,25.3,17.4,7.9,26.8,26.8,0.0,91.7,91.7,0.0,181.4,181.4,0.0,5.5,5.5,0.0,0.0,0.0,0.0,
495241,THALIA GARDENS REHABILITATION AND NURSING,VIRGINIA BEACH,VA,Virginia Beach City,810,2022Q1,20220319,110,0.0,0.0,0.0,8.0,8.0,0.0,0.0,0.0,0.0,0.0,0.0,0.0,109.1,109.1,0.0,193.1,193.1,0.0,7.3,7.3,0.0,0.0,0.0,0.0,
495241,THALIA GARDENS REHABILITATION AND NURSING,VIRGINIA BEACH,VA,Virginia Beach City,810,2022Q1,20220320,111,0.0,0.0,0.0,8.0,8.0,0.0,4.0,4.0,0.0,0.0,0.0,0.0,106.0,106.0,0.0,175.0,175.0,0.0,6.9,6.9,0.0,0.0,0.0,0.0,
495241,THALIA GARDENS REHABILITATION AND NURSING,VIRGINIA BEACH,VA,Virginia Beach City,810,2022Q1,20220321,113,0.0,0.0,0.0,21.4,21.4,0.0,7.8,7.8,0.0,37.4,37.4,0.0,95.6,95.6,0.0,160.6,160.6,0.0,7.0,7.0,0.0,0.0,0.0,0.0,
495241,THALIA GARDENS REHABILITATION AND NURSING,VIRGINIA BEACH,VA,Virginia Beach City,810,2022Q1,20220322,114,0.0,0.0,0.0,19.7,19.7,0.0,31.4,16.0,15.4,30.8,30.8,0.0,87.8,87.8,0.0,175.9,175.9,0.0,14.5,14.5,0.0,0.0,0.0,0.0,
495241,THALIA GARDENS REHABILITATION AND NURSING,VIRGINIA BEACH,VA,Virginia Beach City,810,2022Q1,20220323,114,0.0,0.0,0.0,35.2,35.2,0.0,27.5,18.4,9.1,34.1,34.1,0.0,80.0,80.0,0.0,175.8,175.8,0.0,14.4,14.4,0.0,0.0,0.0,0.0,
495241,THALIA GARDENS REHABILITATION AND NURSING,VIRGINIA BEACH,VA,Virginia Beach City,810,2022Q1,20220324,112,0.0,0.0,0.0,29.0,29.0,0.0,8.7,8.7,0.0,28.1,28.1,0.0,94.6,94.6,0.0,174.0,174.0,0.0,14.6,14.6,0.0,0.0,0.0,0.0,
495241,THALIA GARDENS REHABILITATION AND NURSING,VIRGINIA BEACH,VA,Virginia Beach City,810,2022Q1,20220325,112,0.0,0.0,0.0,26.9,26.9,0.0,16.5,8.5,8.0,17.3,17.3,0.0,80.4,80.4,0.0,185.0,185.0,0.0,7.2,7.2,0.0,0.0,0.0,0.0,
495241,THALIA GARDENS REHABILITATION AND NURSING,VIRGINIA BEACH,VA,Virginia Beach City,810,2022Q1,20220326,113,0.0,0.0,0.0,9.1,9.1,0.0,8.7,8.7,0.0,7.8,7.8,0.0,83.1,83.1,0.0,180.0,180.0,0.0,6.0,6.0,0.0,0.0,0.0,0.0,
495241,THALIA GARDENS REHABILITATION AND NURSING,VIRGINIA BEACH,VA,Virginia Beach City,810,2022Q1,20220327,113,0.0,0.0,0.0,14.5,14.5,0.0,0.6,0.6,0.0,0.0,0.0,0.0,95.2,95.2,0.0,168.3,168.3,0.0,8.7,8.7,0.0,0.0,0.0,0.0,
495241,THALIA GARDENS REHABILITATION AND NURSING,VIRGINIA BEACH,VA,Virginia Beach City,810,2022Q1,20220328,114,0.0,0.0,0.0,35.8,35.8,0.0,40.4,24.2,16.2,24.6,24.6,0.0,74.4,74.4,0.0,166.6,166.6,0.0,8.3,8.3,0.0,0.0,0.0,0.0,
495241,THALIA GARDENS REHABILITATION AND NURSING,VIRGINIA BEACH,VA,Virginia Beach City,810,2022Q1,20220329,113,0.0,0.0,0.0,16.6,16.6,0.0,41.9,25.1,16.8,27.6,27.6,0.0,90.6,90.6,0.0,185.5,185.5,0.0,15.0,15.0,0.0,0.0,0.0,0.0,
495241,THALIA GARDENS REHABILITATION AND NURSING,VIRGINIA BEACH,VA,Virginia Beach City,810,2022Q1,20220330,114,0.0,0.0,0.0,21.4,21.4,0.0,9.1,8.9,0.2,34.9,34.9,0.0,99.0,99.0,0.0,184.8,184.8,0.0,8.0,8.0,0.0,0.0,0.0,0.0,
495241,THALIA GARDENS REHABILITATION AND NURSING,VIRGINIA BEACH,VA,Virginia Beach City,810,2022Q1,20220331,113,0.0,0.0,0.0,20.8,20.8,0.0,32.7,24.0,8.7,20.9,20.9,0.0,104.9,104.9,0.0,156.9,156.9,0.0,15.0,15.0,0.0,0.0,0.0,0.0,
495241,THALIA GARDENS REHABILITATION AND NURSING,VIRGINIA BEACH,VA,Virginia Beach City,810,2022Q2,20220401,110,0.0,0.0,0.0,23.8,23.8,0.0,32.4,32.4,0.0,20.6,20.6,0.0,72.6,72.6,0.0,156.5,156.5,0.0,7.2,7.2,0.0,0.0,0.0,0.0,
495241,THALIA GARDENS REHABILITATION AND NURSING,VIRGINIA BEACH,VA,Virginia Beach City,810,2022Q2,20220402,111,0.0,0.0,0.0,0.0,0.0,0.0,9.6,9.6,0.0,3.0,3.0,0.0,110.4,110.4,0.0,182.3,182.3,0.0,0.0,0.0,0.0,0.0,0.0,0.0,
495241,THALIA GARDENS REHABILITATION AND NURSING,VIRGINIA BEACH,VA,Virginia Beach City,810,2022Q2,20220403,111,0.0,0.0,0.0,1.3,1.3,0.0,9.5,9.5,0.0,0.0,0.0,0.0,96.4,96.4,0.0,150.9,150.9,0.0,0.0,0.0,0.0,0.0,0.0,0.0,
495241,THALIA GARDENS REHABILITATION AND NURSING,VIRGINIA BEACH,VA,Virginia Beach City,810,2022Q2,20220404,109,0.0,0.0,0.0,19.8,19.8,0.0,15.7,15.7,0.0,33.8,33.8,0.0,95.0,95.0,0.0,159.3,159.3,0.0,14.7,14.7,0.0,0.0,0.0,0.0,
495241,THALIA GARDENS REHABILITATION AND NURSING,VIRGINIA BEACH,VA,Virginia Beach City,810,2022Q2,20220405,111,0.0,0.0,0.0,20.0,20.0,0.0,25.2,25.2,0.0,33.5,33.5,0.0,88.2,88.2,0.0,187.0,187.0,0.0,16.1,16.1,0.0,0.0,0.0,0.0,
495241,THALIA GARDENS REHABILITATION AND NURSING,VIRGINIA BEACH,VA,Virginia Beach City,810,2022Q2,20220406,110,0.0,0.0,0.0,21.4,21.4,0.0,27.2,27.2,0.0,30.8,30.8,0.0,102.6,102.6,0.0,176.5,176.5,0.0,7.6,7.6,0.0,0.0,0.0,0.0,
495241,THALIA GARDENS REHABILITATION AND NURSING,VIRGINIA BEACH,VA,Virginia Beach City,810,2022Q2,20220407,109,0.0,0.0,0.0,17.2,17.2,0.0,31.8,31.8,0.0,28.4,28.4,0.0,84.1,84.1,0.0,163.5,163.5,0.0,14.6,14.6,0.0,0.0,0.0,0.0,
495241,THALIA GARDENS REHABILITATION AND NURSING,VIRGINIA BEACH,VA,Virginia Beach City,810,2022Q2,20220408,108,0.0,0.0,0.0,12.2,12.2,0.0,9.4,9.4,0.0,14.8,14.8,0.0,91.4,91.4,0.0,163.8,163.8,0.0,0.0,0.0,0.0,0.0,0.0,0.0,
495241,THALIA GARDENS REHABILITATION AND NURSING,VIRGINIA BEACH,VA,Virginia Beach City,810,2022Q2,20220409,107,0.0,0.0,0.0,7.5,7.5,0.0,8.6,8.6,0.0,0.0,0.0,0.0,114.6,114.6,0.0,161.9,161.9,0.0,14.8,14.8,0.0,0.0,0.0,0.0,
495241,THALIA GARDENS REHABILITATION AND NURSING,VIRGINIA BEACH,VA,Virginia Beach City,810,2022Q2,20220410,106,0.0,0.0,0.0,1.0,1.0,0.0,9.5,9.5,0.0,0.0,0.0,0.0,106.3,106.3,0.0,157.7,157.7,0.0,15.4,15.4,0.0,0.0,0.0,0.0,
495241,THALIA GARDENS REHABILITATION AND NURSING,VIRGINIA BEACH,VA,Virginia Beach City,810,2022Q2,20220411,108,0.0,0.0,0.0,18.8,18.8,0.0,8.8,8.8,0.0,38.8,38.8,0.0,93.3,93.3,0.0,180.2,180.2,0.0,7.1,7.1,0.0,0.0,0.0,0.0,
495241,THALIA GARDENS REHABILITATION AND NURSING,VIRGINIA BEACH,VA,Virginia Beach City,810,2022Q2,20220412,108,0.0,0.0,0.0,15.5,15.5,0.0,9.3,9.3,0.0,34.1,34.1,0.0,102.9,102.9,0.0,171.6,171.6,0.0,7.6,7.6,0.0,0.0,0.0,0.0,
495241,THALIA GARDENS REHABILITATION AND NURSING,VIRGINIA BEACH,VA,Virginia Beach City,810,2022Q2,20220413,109,0.0,0.0,0.0,22.3,22.3,0.0,18.5,18.5,0.0,36.1,36.1,0.0,95.4,95.4,0.0,193.5,193.5,0.0,0.0,0.0,0.0,0.0,0.0,0.0,
495241,THALIA GARDENS REHABILITATION AND NURSING,VIRGINIA BEACH,VA,Virginia Beach City,810,2022Q2,20220414,108,0.0,0.0,0.0,20.0,20.0,0.0,17.5,17.5,0.0,31.6,31.6,0.0,112.0,112.0,0.0,144.0,144.0,0.0,7.6,7.6,0.0,0.0,0.0,0.0,
495241,THALIA GARDENS REHABILITATION AND NURSING,VIRGINIA BEACH,VA,Virginia Beach City,810,2022Q2,20220415,112,0.0,0.0,0.0,19.4,19.4,0.0,8.0,8.0,0.0,12.4,12.4,0.0,112.4,112.4,0.0,162.2,162.2,0.0,16.1,16.1,0.0,0.0,0.0,0.0,
495241,THALIA GARDENS REHABILITATION AND NURSING,VIRGINIA BEACH,VA,Virginia Beach City,810,2022Q2,20220416,110,0.0,0.0,0.0,0.0,0.0,0.0,9.6,9.6,0.0,2.2,2.2,0.0,116.5,116.5,0.0,138.4,138.4,0.0,0.0,0.0,0.0,0.0,0.0,0.0,
495241,THALIA GARDENS REHABILITATION AND NURSING,VIRGINIA BEACH,VA,Virginia Beach City,810,2022Q2,20220417,108,0.0,0.0,0.0,0.0,0.0,0.0,8.8,8.8,0.0,7.6,7.6,0.0,121.2,121.2,0.0,123.1,123.1,0.0,7.5,7.5,0.0,0.0,0.0,0.0,
495241,THALIA GARDENS REHABILITATION AND NURSING,VIRGINIA BEACH,VA,Virginia Beach City,810,2022Q2,20220418,108,0.0,0.0,0.0,21.6,21.6,0.0,16.3,16.3,0.0,32.7,32.7,0.0,104.4,104.4,0.0,153.7,153.7,0.0,8.0,8.0,0.0,0.0,0.0,0.0,
495241,THALIA GARDENS REHABILITATION AND NURSING,VIRGINIA BEACH,VA,Virginia Beach City,810,2022Q2,20220419,108,0.0,0.0,0.0,22.2,22.2,0.0,15.9,15.9,0.0,25.3,25.3,0.0,119.7,119.7,0.0,187.4,187.4,0.0,15.1,15.1,0.0,0.0,0.0,0.0,
495241,THALIA GARDENS REHABILITATION AND NURSING,VIRGINIA BEACH,VA,Virginia Beach City,810,2022Q2,20220420,106,0.0,0.0,0.0,24.5,24.5,0.0,23.6,23.6,0.0,37.0,37.0,0.0,111.9,111.9,0.0,172.3,172.3,0.0,15.0,15.0,0.0,0.0,0.0,0.0,
495241,THALIA GARDENS REHABILITATION AND NURSING,VIRGINIA BEACH,VA,Virginia Beach City,810,2022Q2,20220421,108,0.0,0.0,0.0,24.6,24.6,0.0,17.4,17.4,0.0,24.4,24.4,0.0,111.9,111.9,0.0,178.5,178.5,0.0,15.1,15.1,0.0,0.0,0.0,0.0,
495241,THALIA GARDENS REHABILITATION AND NURSING,VIRGINIA BEACH,VA,Virginia Beach City,810,2022Q2,20220422,103,0.0,0.0,0.0,15.4,15.4,0.0,9.0,9.0,0.0,25.6,25.6,0.0,110.8,110.8,0.0,183.7,183.7,0.0,7.5,7.5,0.0,0.0,0.0,0.0,
495241,THALIA GARDENS REHABILITATION AND NURSING,VIRGINIA BEACH,VA,Virginia Beach City,810,2022Q2,20220423,104,0.0,0.0,0.0,8.1,8.1,0.0,7.6,7.6,0.0,6.7,6.7,0.0,116.6,116.6,0.0,170.5,170.5,0.0,14.7,14.7,0.0,0.0,0.0,0.0,
495241,THALIA GARDENS REHABILITATION AND NURSING,VIRGINIA BEACH,VA,Virginia Beach City,810,2022Q2,20220424,104,0.0,0.0,0.0,0.0,0.0,0.0,9.3,9.3,0.0,0.0,0.0,0.0,103.3,103.3,0.0,145.8,145.8,0.0,16.6,16.6,0.0,0.0,0.0,0.0,
495241,THALIA GARDENS REHABILITATION AND NURSING,VIRGINIA BEACH,VA,Virginia Beach City,810,2022Q2,20220425,103,0.0,0.0,0.0,22.8,22.8,0.0,8.3,8.3,0.0,33.4,33.4,0.0,97.0,97.0,0.0,177.4,177.4,0.0,14.9,14.9,0.0,0.0,0.0,0.0,
495241,THALIA GARDENS REHABILITATION AND NURSING,VIRGINIA BEACH,VA,Virginia Beach City,810,2022Q2,20220426,103,0.0,0.0,0.0,21.3,21.3,0.0,15.9,15.9,0.0,33.6,33.6,0.0,111.8,111.8,0.0,163.1,163.1,0.0,15.0,15.0,0.0,0.0,0.0,0.0,
495241,THALIA GARDENS REHABILITATION AND NURSING,VIRGINIA BEACH,VA,Virginia Beach City,810,2022Q2,20220427,105,0.0,0.0,0.0,21.9,21.9,0.0,25.8,25.8,0.0,26.0,26.0,0.0,104.9,104.9,0.0,190.3,190.3,0.0,15.2,15.2,0.0,0.0,0.0,0.0,
495241,THALIA GARDENS REHABILITATION AND NURSING,VIRGINIA BEACH,VA,Virginia Beach City,810,2022Q2,20220428,108,0.0,0.0,0.0,21.7,21.7,0.0,18.0,18.0,0.0,17.9,17.9,0.0,103.2,103.2,0.0,184.2,184.2,0.0,7.7,7.7,0.0,0.0,0.0,0.0,
495241,THALIA GARDENS REHABILITATION AND NURSING,VIRGINIA BEACH,VA,Virginia Beach City,810,2022Q2,20220429,110,0.0,0.0,0.0,18.5,18.5,0.0,15.8,15.8,0.0,13.4,13.4,0.0,92.4,92.4,0.0,163.9,163.9,0.0,23.0,23.0,0.0,0.0,0.0,0.0,
495241,THALIA GARDENS REHABILITATION AND NURSING,VIRGINIA BEACH,VA,Virginia Beach City,810,2022Q2,20220430,109,0.0,0.0,0.0,0.0,0.0,0.0,21.0,21.0,0.0,0.0,0.0,0.0,93.5,93.5,0.0,158.4,158.4,0.0,0.0,0.0,0.0,0.0,0.0,0.0,
495241,THALIA GARDENS REHABILITATION AND NURSING,VIRGINIA BEACH,VA,Virginia Beach City,810,2022Q2,20220501,109,0.0,0.0,0.0,1.0,1.0,0.0,10.0,10.0,0.0,0.0,0.0,0.0,94.4,94.4,0.0,169.8,169.8,0.0,0.0,0.0,0.0,0.0,0.0,0.0,
495241,THALIA GARDENS REHABILITATION AND NURSING,VIRGINIA BEACH,VA,Virginia Beach City,810,2022Q2,20220502,107,0.0,0.0,0.0,16.8,16.8,0.0,16.8,16.8,0.0,26.6,26.6,0.0,95.6,95.6,0.0,144.4,144.4,0.0,23.8,23.8,0.0,0.0,0.0,0.0,
495241,THALIA GARDENS REHABILITATION AND NURSING,VIRGINIA BEACH,VA,Virginia Beach City,810,2022Q2,20220503,107,0.0,0.0,0.0,27.3,27.3,0.0,28.3,28.3,0.0,27.0,27.0,0.0,92.9,92.9,0.0,162.5,162.5,0.0,29.2,29.2,0.0,0.0,0.0,0.0,
495241,THALIA GARDENS REHABILITATION AND NURSING,VIRGINIA BEACH,VA,Virginia Beach City,810,2022Q2,20220504,109,0.0,0.0,0.0,21.6,21.6,0.0,22.0,22.0,0.0,26.6,26.6,0.0,101.7,101.7,0.0,165.4,165.4,0.0,12.1,12.1,0.0,0.0,0.0,0.0,
495241,THALIA GARDENS REHABILITATION AND NURSING,VIRGINIA BEACH,VA,Virginia Beach City,810,2022Q2,20220505,110,0.0,0.0,0.0,21.8,21.8,0.0,8.5,8.5,0.0,30.6,30.6,0.0,104.6,104.6,0.0,184.0,184.0,0.0,31.1,31.1,0.0,0.0,0.0,0.0,
495241,THALIA GARDENS REHABILITATION AND NURSING,VIRGINIA BEACH,VA,Virginia Beach City,810,2022Q2,20220506,111,0.0,0.0,0.0,20.4,20.4,0.0,7.7,7.7,0.0,20.3,20.3,0.0,103.3,103.3,0.0,162.4,162.4,0.0,7.6,7.6,0.0,0.0,0.0,0.0,
495241,THALIA GARDENS REHABILITATION AND NURSING,VIRGINIA BEACH,VA,Virginia Beach City,810,2022Q2,20220507,110,0.0,0.0,0.0,0.0,0.0,0.0,9.6,9.6,0.0,0.0,0.0,0.0,111.2,111.2,0.0,140.7,140.7,0.0,39.4,39.4,0.0,0.0,0.0,0.0,
495241,THALIA GARDENS REHABILITATION AND NURSING,VIRGINIA BEACH,VA,Virginia Beach City,810,2022Q2,20220508,110,0.0,0.0,0.0,0.0,0.0,0.0,8.6,8.6,0.0,14.7,14.7,0.0,84.2,84.2,0.0,131.9,131.9,0.0,23.0,23.0,0.0,0.0,0.0,0.0,
495241,THALIA GARDENS REHABILITATION AND NURSING,VIRGINIA BEACH,VA,Virginia Beach City,810,2022Q2,20220509,108,0.0,0.0,0.0,24.2,24.2,0.0,16.6,16.6,0.0,20.2,20.2,0.0,100.2,100.2,0.0,165.5,165.5,0.0,15.8,15.8,0.0,0.0,0.0,0.0,
495241,THALIA GARDENS REHABILITATION AND NURSING,VIRGINIA BEACH,VA,Virginia Beach City,810,2022Q2,20220510,108,0.0,0.0,0.0,20.3,20.3,0.0,25.0,25.0,0.0,27.1,27.1,0.0,81.1,81.1,0.0,184.5,184.5,0.0,7.6,7.6,0.0,0.0,0.0,0.0,
495241,THALIA GARDENS REHABILITATION AND NURSING,VIRGINIA BEACH,VA,Virginia Beach City,810,2022Q2,20220511,109,0.0,0.0,0.0,27.0,27.0,0.0,16.8,16.8,0.0,19.0,19.0,0.0,109.0,109.0,0.0,193.2,193.2,0.0,29.5,29.5,0.0,0.0,0.0,0.0,
495241,THALIA GARDENS REHABILITATION AND NURSING,VIRGINIA BEACH,VA,Virginia Beach City,810,2022Q2,20220512,109,0.0,0.0,0.0,20.8,20.8,0.0,15.5,15.5,0.0,10.1,10.1,0.0,114.6,114.6,0.0,197.8,197.8,0.0,22.4,22.4,0.0,0.0,0.0,0.0,
495241,THALIA GARDENS REHABILITATION AND NURSING,VIRGINIA BEACH,VA,Virginia Beach City,810,2022Q2,20220513,107,0.0,0.0,0.0,15.0,15.0,0.0,8.3,8.3,0.0,11.2,11.2,0.0,105.6,105.6,0.0,180.1,180.1,0.0,20.3,20.3,0.0,0.0,0.0,0.0,
495241,THALIA GARDENS REHABILITATION AND NURSING,VIRGINIA BEACH,VA,Virginia Beach City,810,2022Q2,20220514,107,0.0,0.0,0.0,5.0,5.0,0.0,9.2,9.2,0.0,5.9,5.9,0.0,102.3,102.3,0.0,185.1,185.1,0.0,8.1,8.1,0.0,0.0,0.0,0.0,
495241,THALIA GARDENS REHABILITATION AND NURSING,VIRGINIA BEACH,VA,Virginia Beach City,810,2022Q2,20220515,106,0.0,0.0,0.0,0.0,0.0,0.0,9.9,9.9,0.0,10.3,10.3,0.0,95.0,95.0,0.0,162.6,162.6,0.0,0.0,0.0,0.0,0.0,0.0,0.0,
495241,THALIA GARDENS REHABILITATION AND NURSING,VIRGINIA BEACH,VA,Virginia Beach City,810,2022Q2,20220516,107,0.0,0.0,0.0,28.9,28.9,0.0,24.1,24.1,0.0,30.7,30.7,0.0,76.1,76.1,0.0,168.7,168.7,0.0,29.9,29.9,0.0,0.0,0.0,0.0,
495241,THALIA GARDENS REHABILITATION AND NURSING,VIRGINIA BEACH,VA,Virginia Beach City,810,2022Q2,20220517,108,0.0,0.0,0.0,22.1,22.1,0.0,23.5,23.5,0.0,21.6,21.6,0.0,80.1,80.1,0.0,191.5,191.5,0.0,37.0,37.0,0.0,0.0,0.0,0.0,
495241,THALIA GARDENS REHABILITATION AND NURSING,VIRGINIA BEACH,VA,Virginia Beach City,810,2022Q2,20220518,109,0.0,0.0,0.0,19.3,19.3,0.0,23.2,23.2,0.0,26.6,26.6,0.0,80.5,80.5,0.0,194.1,194.1,0.0,14.1,14.1,0.0,0.0,0.0,0.0,
495241,THALIA GARDENS REHABILITATION AND NURSING,VIRGINIA BEACH,VA,Virginia Beach City,810,2022Q2,20220519,109,0.0,0.0,0.0,21.9,21.9,0.0,17.4,17.4,0.0,12.1,12.1,0.0,112.4,112.4,0.0,171.5,171.5,0.0,32.2,32.2,0.0,0.0,0.0,0.0,
495241,THALIA GARDENS REHABILITATION AND NURSING,VIRGINIA BEACH,VA,Virginia Beach City,810,2022Q2,20220520,107,0.0,0.0,0.0,27.0,27.0,0.0,17.1,17.1,0.0,7.8,7.8,0.0,92.5,92.5,0.0,190.3,190.3,0.0,15.2,15.2,0.0,0.0,0.0,0.0,
495241,THALIA GARDENS REHABILITATION AND NURSING,VIRGINIA BEACH,VA,Virginia Beach City,810,2022Q2,20220521,107,0.0,0.0,0.0,2.0,2.0,0.0,15.6,15.6,0.0,0.0,0.0,0.0,104.9,104.9,0.0,149.0,149.0,0.0,29.3,29.3,0.0,0.0,0.0,0.0,
495241,THALIA GARDENS REHABILITATION AND NURSING,VIRGINIA BEACH,VA,Virginia Beach City,810,2022Q2,20220522,107,0.0,0.0,0.0,10.4,10.4,0.0,15.9,15.9,0.0,0.0,0.0,0.0,76.1,76.1,0.0,154.3,154.3,0.0,23.2,23.2,0.0,0.0,0.0,0.0,
495241,THALIA GARDENS REHABILITATION AND NURSING,VIRGINIA BEACH,VA,Virginia Beach City,810,2022Q2,20220523,109,0.0,0.0,0.0,23.3,23.3,0.0,16.0,16.0,0.0,31.9,31.9,0.0,82.4,82.4,0.0,168.4,168.4,0.0,29.7,29.7,0.0,0.0,0.0,0.0,
495241,THALIA GARDENS REHABILITATION AND NURSING,VIRGINIA BEACH,VA,Virginia Beach City,810,2022Q2,20220524,113,0.0,0.0,0.0,25.4,25.4,0.0,30.3,30.3,0.0,28.7,28.7,0.0,89.0,89.0,0.0,174.6,174.6,0.0,22.5,22.5,0.0,0.0,0.0,0.0,
495241,THALIA GARDENS REHABILITATION AND NURSING,VIRGINIA BEACH,VA,Virginia Beach City,810,2022Q2,20220525,114,0.0,0.0,0.0,24.9,24.9,0.0,17.3,17.3,0.0,26.1,26.1,0.0,96.9,96.9,0.0,163.8,163.8,0.0,22.5,22.5,0.0,0.0,0.0,0.0,
495241,THALIA GARDENS REHABILITATION AND NURSING,VIRGINIA BEACH,VA,Virginia Beach City,810,2022Q2,20220526,116,0.0,0.0,0.0,20.3,20.3,0.0,25.5,25.5,0.0,16.9,16.9,0.0,101.4,101.4,0.0,199.6,199.6,0.0,26.0,26.0,0.0,0.0,0.0,0.0,
495241,THALIA GARDENS REHABILITATION AND NURSING,VIRGINIA BEACH,VA,Virginia Beach City,810,2022Q2,20220527,112,0.0,0.0,0.0,15.7,15.7,0.0,16.6,16.6,0.0,15.1,15.1,0.0,92.5,92.5,0.0,171.2,171.2,0.0,44.4,44.4,0.0,0.0,0.0,0.0,
495241,THALIA GARDENS REHABILITATION AND NURSING,VIRGINIA BEACH,VA,Virginia Beach City,810,2022Q2,20220528,110,0.0,0.0,0.0,8.0,8.0,0.0,9.7,9.7,0.0,0.0,0.0,0.0,125.5,125.5,0.0,173.0,173.0,0.0,13.7,13.7,0.0,0.0,0.0,0.0,
495241,THALIA GARDENS REHABILITATION AND NURSING,VIRGINIA BEACH,VA,Virginia Beach City,810,2022Q2,20220529,110,0.0,0.0,0.0,5.0,5.0,0.0,9.8,9.8,0.0,5.8,5.8,0.0,100.9,100.9,0.0,160.7,160.7,0.0,0.0,0.0,0.0,0.0,0.0,0.0,
495241,THALIA GARDENS REHABILITATION AND NURSING,VIRGINIA BEACH,VA,Virginia Beach City,810,2022Q2,20220530,109,0.0,0.0,0.0,15.2,15.2,0.0,31.9,31.9,0.0,24.1,24.1,0.0,86.1,86.1,0.0,176.3,176.3,0.0,29.0,29.0,0.0,0.0,0.0,0.0,
495241,THALIA GARDENS REHABILITATION AND NURSING,VIRGINIA BEACH,VA,Virginia Beach City,810,2022Q2,20220531,108,0.0,0.0,0.0,23.2,23.2,0.0,16.0,16.0,0.0,25.7,25.7,0.0,86.3,86.3,0.0,185.8,185.8,0.0,30.4,30.4,0.0,0.0,0.0,0.0,
495241,THALIA GARDENS REHABILITATION AND NURSING,VIRGINIA BEACH,VA,Virginia Beach City,810,2022Q2,20220601,108,0.0,0.0,0.0,30.6,30.6,0.0,24.9,24.9,0.0,25.0,25.0,0.0,100.4,100.4,0.0,189.4,189.4,0.0,15.5,15.5,0.0,0.0,0.0,0.0,
495241,THALIA GARDENS REHABILITATION AND NURSING,VIRGINIA BEACH,VA,Virginia Beach City,810,2022Q2,20220602,107,0.0,0.0,0.0,30.9,30.9,0.0,16.6,16.6,0.0,19.6,19.6,0.0,86.3,86.3,0.0,166.5,166.5,0.0,45.2,45.2,0.0,0.0,0.0,0.0,
495241,THALIA GARDENS REHABILITATION AND NURSING,VIRGINIA BEACH,VA,Virginia Beach City,810,2022Q2,20220603,106,0.0,0.0,0.0,29.2,29.2,0.0,18.0,18.0,0.0,15.6,15.6,0.0,109.1,109.1,0.0,194.2,194.2,0.0,15.3,15.3,0.0,0.0,0.0,0.0,
495241,THALIA GARDENS REHABILITATION AND NURSING,VIRGINIA BEACH,VA,Virginia Beach City,810,2022Q2,20220604,104,0.0,0.0,0.0,0.0,0.0,0.0,33.6,33.6,0.0,0.0,0.0,0.0,95.9,95.9,0.0,188.6,188.6,0.0,12.1,12.1,0.0,0.0,0.0,0.0,
495241,THALIA GARDENS REHABILITATION AND NURSING,VIRGINIA BEACH,VA,Virginia Beach City,810,2022Q2,20220605,103,0.0,0.0,0.0,6.2,6.2,0.0,25.5,25.5,0.0,2.9,2.9,0.0,89.3,89.3,0.0,169.4,169.4,0.0,19.2,19.2,0.0,0.0,0.0,0.0,
495241,THALIA GARDENS REHABILITATION AND NURSING,VIRGINIA BEACH,VA,Virginia Beach City,810,2022Q2,20220606,105,0.0,0.0,0.0,31.8,31.8,0.0,15.6,15.6,0.0,26.2,26.2,0.0,88.8,88.8,0.0,167.6,167.6,0.0,19.3,19.3,0.0,0.0,0.0,0.0,
495241,THALIA GARDENS REHABILITATION AND NURSING,VIRGINIA BEACH,VA,Virginia Beach City,810,2022Q2,20220607,105,0.0,0.0,0.0,34.2,34.2,0.0,8.7,8.7,0.0,31.1,31.1,0.0,102.4,102.4,0.0,199.1,199.1,0.0,23.0,23.0,0.0,0.0,0.0,0.0,
495241,THALIA GARDENS REHABILITATION AND NURSING,VIRGINIA BEACH,VA,Virginia Beach City,810,2022Q2,20220608,104,0.0,0.0,0.0,24.5,24.5,0.0,7.5,7.5,0.0,35.4,35.4,0.0,115.9,115.9,0.0,226.8,226.8,0.0,15.4,15.4,0.0,0.0,0.0,0.0,
495241,THALIA GARDENS REHABILITATION AND NURSING,VIRGINIA BEACH,VA,Virginia Beach City,810,2022Q2,20220609,106,0.0,0.0,0.0,33.9,33.9,0.0,16.1,16.1,0.0,33.8,33.8,0.0,108.1,108.1,0.0,187.2,187.2,0.0,30.1,30.1,0.0,0.0,0.0,0.0,
495241,THALIA GARDENS REHABILITATION AND NURSING,VIRGINIA BEACH,VA,Virginia Beach City,810,2022Q2,20220610,106,0.0,0.0,0.0,22.6,22.6,0.0,16.0,16.0,0.0,4.9,4.9,0.0,91.5,91.5,0.0,192.2,192.2,0.0,23.2,23.2,0.0,0.0,0.0,0.0,
495241,THALIA GARDENS REHABILITATION AND NURSING,VIRGINIA BEACH,VA,Virginia Beach City,810,2022Q2,20220611,105,0.0,0.0,0.0,7.5,7.5,0.0,25.7,25.7,0.0,0.0,0.0,0.0,72.2,72.2,0.0,166.3,166.3,0.0,15.1,15.1,0.0,0.0,0.0,0.0,
495241,THALIA GARDENS REHABILITATION AND NURSING,VIRGINIA BEACH,VA,Virginia Beach City,810,2022Q2,20220612,105,0.0,0.0,0.0,14.6,14.6,0.0,39.7,39.7,0.0,0.0,0.0,0.0,73.8,73.8,0.0,154.7,154.7,0.0,8.8,8.8,0.0,0.0,0.0,0.0,
495241,THALIA GARDENS REHABILITATION AND NURSING,VIRGINIA BEACH,VA,Virginia Beach City,810,2022Q2,20220613,104,0.0,0.0,0.0,23.6,23.6,0.0,28.2,28.2,0.0,20.3,20.3,0.0,82.3,82.3,0.0,158.4,158.4,0.0,30.4,30.4,0.0,0.0,0.0,0.0,
495241,THALIA GARDENS REHABILITATION AND NURSING,VIRGINIA BEACH,VA,Virginia Beach City,810,2022Q2,20220614,105,0.0,0.0,0.0,22.4,22.4,0.0,16.1,16.1,0.0,19.5,19.5,0.0,90.2,90.2,0.0,165.4,165.4,0.0,22.4,22.4,0.0,0.0,0.0,0.0,
495241,THALIA GARDENS REHABILITATION AND NURSING,VIRGINIA BEACH,VA,Virginia Beach City,810,2022Q2,20220615,107,0.0,0.0,0.0,30.1,30.1,0.0,16.2,16.2,0.0,37.8,37.8,0.0,120.7,120.7,0.0,189.6,189.6,0.0,15.0,15.0,0.0,0.0,0.0,0.0,
495241,THALIA GARDENS REHABILITATION AND NURSING,VIRGINIA BEACH,VA,Virginia Beach City,810,2022Q2,20220616,107,0.0,0.0,0.0,24.6,24.6,0.0,18.4,18.4,0.0,25.6,25.6,0.0,67.9,67.9,0.0,167.1,167.1,0.0,22.1,22.1,0.0,0.0,0.0,0.0,
495241,THALIA GARDENS REHABILITATION AND NURSING,VIRGINIA BEACH,VA,Virginia Beach City,810,2022Q2,20220617,108,0.0,0.0,0.0,16.0,16.0,0.0,8.2,8.2,0.0,31.1,31.1,0.0,106.2,106.2,0.0,205.3,205.3,0.0,6.8,6.8,0.0,0.0,0.0,0.0,
495241,THALIA GARDENS REHABILITATION AND NURSING,VIRGINIA BEACH,VA,Virginia Beach City,810,2022Q2,20220618,108,0.0,0.0,0.0,0.0,0.0,0.0,41.5,41.5,0.0,0.7,0.7,0.0,74.1,74.1,0.0,204.5,204.5,0.0,15.1,15.1,0.0,0.0,0.0,0.0,
495241,THALIA GARDENS REHABILITATION AND NURSING,VIRGINIA BEACH,VA,Virginia Beach City,810,2022Q2,20220619,108,0.0,0.0,0.0,9.5,9.5,0.0,16.6,16.6,0.0,6.4,6.4,0.0,94.2,94.2,0.0,163.4,163.4,0.0,7.5,7.5,0.0,0.0,0.0,0.0,
495241,THALIA GARDENS REHABILITATION AND NURSING,VIRGINIA BEACH,VA,Virginia Beach City,810,2022Q2,20220620,106,0.0,0.0,0.0,25.5,25.5,0.0,15.6,15.6,0.0,35.6,35.6,0.0,92.8,92.8,0.0,170.3,170.3,0.0,15.0,15.0,0.0,0.0,0.0,0.0,
495241,THALIA GARDENS REHABILITATION AND NURSING,VIRGINIA BEACH,VA,Virginia Beach City,810,2022Q2,20220621,108,0.0,0.0,0.0,27.0,27.0,0.0,16.5,16.5,0.0,35.7,35.7,0.0,99.1,99.1,0.0,167.7,167.7,0.0,26.9,26.9,0.0,0.0,0.0,0.0,
495241,THALIA GARDENS REHABILITATION AND NURSING,VIRGINIA BEACH,VA,Virginia Beach City,810,2022Q2,20220622,108,0.0,0.0,0.0,30.8,30.8,0.0,17.4,17.4,0.0,33.7,33.7,0.0,100.3,100.3,0.0,179.5,179.5,0.0,14.8,14.8,0.0,0.0,0.0,0.0,
495241,THALIA GARDENS REHABILITATION AND NURSING,VIRGINIA BEACH,VA,Virginia Beach City,810,2022Q2,20220623,109,0.0,0.0,0.0,23.4,23.4,0.0,16.4,16.4,0.0,24.6,24.6,0.0,110.0,110.0,0.0,194.2,194.2,0.0,30.4,30.4,0.0,0.0,0.0,0.0,
495241,THALIA GARDENS REHABILITATION AND NURSING,VIRGINIA BEACH,VA,Virginia Beach City,810,2022Q2,20220624,109,0.0,0.0,0.0,25.3,25.3,0.0,8.3,8.3,0.0,14.2,14.2,0.0,116.4,116.4,0.0,156.8,156.8,0.0,22.5,22.5,0.0,0.0,0.0,0.0,
495241,THALIA GARDENS REHABILITATION AND NURSING,VIRGINIA BEACH,VA,Virginia Beach City,810,2022Q2,20220625,109,0.0,0.0,0.0,4.8,4.8,0.0,8.5,8.5,0.0,2.8,2.8,0.0,139.9,139.9,0.0,172.8,172.8,0.0,7.6,7.6,0.0,0.0,0.0,0.0,
495241,THALIA GARDENS REHABILITATION AND NURSING,VIRGINIA BEACH,VA,Virginia Beach City,810,2022Q2,20220626,109,0.0,0.0,0.0,7.5,7.5,0.0,9.9,9.9,0.0,5.8,5.8,0.0,93.0,93.0,0.0,150.8,150.8,0.0,0.0,0.0,0.0,0.0,0.0,0.0,
495241,THALIA GARDENS REHABILITATION AND NURSING,VIRGINIA BEACH,VA,Virginia Beach City,810,2022Q2,20220627,110,0.0,0.0,0.0,16.1,16.1,0.0,24.3,24.3,0.0,25.7,25.7,0.0,94.4,94.4,0.0,140.5,140.5,0.0,32.1,32.1,0.0,0.0,0.0,0.0,
495241,THALIA GARDENS REHABILITATION AND NURSING,VIRGINIA BEACH,VA,Virginia Beach City,810,2022Q2,20220628,110,0.0,0.0,0.0,17.6,17.6,0.0,23.0,23.0,0.0,28.2,28.2,0.0,97.6,97.6,0.0,157.2,157.2,0.0,23.7,23.7,0.0,0.0,0.0,0.0,
495241,THALIA GARDENS REHABILITATION AND NURSING,VIRGINIA BEACH,VA,Virginia Beach City,810,2022Q2,20220629,110,0.0,0.0,0.0,20.6,20.6,0.0,25.3,25.3,0.0,28.3,28.3,0.0,96.6,96.6,0.0,172.5,172.5,0.0,23.1,23.1,0.0,0.0,0.0,0.0,
495241,THALIA GARDENS REHABILITATION AND NURSING,VIRGINIA BEACH,VA,Virginia Beach City,810,2022Q2,20220630,113,0.0,0.0,0.0,20.4,20.4,0.0,18.5,18.5,0.0,18.4,18.4,0.0,93.4,93.4,0.0,207.8,207.8,0.0,13.5,13.5,0.0,0.0,0.0,0.0,
495241,THALIA GARDENS REHABILITATION AND NURSING,VIRGINIA BEACH,VA,Virginia Beach City,810,2022Q3,20220701,114,8.0,8.0,0.0,17.9,17.9,0.0,8.8,8.8,0.0,17.9,17.9,0.0,98.5,98.5,0.0,198.8,198.8,0.0,18.6,18.6,0.0,0.0,0.0,0.0,
495241,THALIA GARDENS REHABILITATION AND NURSING,VIRGINIA BEACH,VA,Virginia Beach City,810,2022Q3,20220702,113,0.0,0.0,0.0,0.0,0.0,0.0,23.8,23.8,0.0,0.0,0.0,0.0,109.4,109.4,0.0,181.7,181.7,0.0,7.7,7.7,0.0,0.0,0.0,0.0,
495241,THALIA GARDENS REHABILITATION AND NURSING,VIRGINIA BEACH,VA,Virginia Beach City,810,2022Q3,20220703,113,0.0,0.0,0.0,8.8,8.8,0.0,23.4,23.4,0.0,0.0,0.0,0.0,101.2,101.2,0.0,151.2,151.2,0.0,18.8,18.8,0.0,0.0,0.0,0.0,
495241,THALIA GARDENS REHABILITATION AND NURSING,VIRGINIA BEACH,VA,Virginia Beach City,810,2022Q3,20220704,109,8.0,8.0,0.0,12.5,12.5,0.0,24.0,24.0,0.0,15.3,15.3,0.0,85.8,85.8,0.0,215.2,215.2,0.0,8.1,8.1,0.0,0.0,0.0,0.0,
495241,THALIA GARDENS REHABILITATION AND NURSING,VIRGINIA BEACH,VA,Virginia Beach City,810,2022Q3,20220705,107,8.0,8.0,0.0,16.0,16.0,0.0,16.0,16.0,0.0,27.5,27.5,0.0,88.1,88.1,0.0,181.8,181.8,0.0,15.0,15.0,0.0,0.0,0.0,0.0,
495241,THALIA GARDENS REHABILITATION AND NURSING,VIRGINIA BEACH,VA,Virginia Beach City,810,2022Q3,20220706,110,8.0,8.0,0.0,16.0,16.0,0.0,16.7,16.7,0.0,27.5,27.5,0.0,125.9,125.9,0.0,184.9,184.9,0.0,15.9,15.9,0.0,0.0,0.0,0.0,
495241,THALIA GARDENS REHABILITATION AND NURSING,VIRGINIA BEACH,VA,Virginia Beach City,810,2022Q3,20220707,113,8.0,8.0,0.0,10.8,10.8,0.0,18.2,18.2,0.0,17.9,17.9,0.0,101.6,101.6,0.0,179.4,179.4,0.0,14.5,14.5,0.0,0.0,0.0,0.0,
495241,THALIA GARDENS REHABILITATION AND NURSING,VIRGINIA BEACH,VA,Virginia Beach City,810,2022Q3,20220708,113,8.0,8.0,0.0,16.0,16.0,0.0,8.6,8.6,0.0,18.1,18.1,0.0,105.1,105.1,0.0,170.9,170.9,0.0,13.2,13.2,0.0,0.0,0.0,0.0,
495241,THALIA GARDENS REHABILITATION AND NURSING,VIRGINIA BEACH,VA,Virginia Beach City,810,2022Q3,20220709,111,0.0,0.0,0.0,0.0,0.0,0.0,17.8,17.8,0.0,0.0,0.0,0.0,102.2,102.2,0.0,176.2,176.2,0.0,17.7,17.7,0.0,0.0,0.0,0.0,
495241,THALIA GARDENS REHABILITATION AND NURSING,VIRGINIA BEACH,VA,Virginia Beach City,810,2022Q3,20220710,111,0.0,0.0,0.0,0.0,0.0,0.0,34.4,34.4,0.0,0.0,0.0,0.0,114.9,114.9,0.0,176.4,176.4,0.0,12.2,12.2,0.0,0.0,0.0,0.0,
495241,THALIA GARDENS REHABILITATION AND NURSING,VIRGINIA BEACH,VA,Virginia Beach City,810,2022Q3,20220711,112,8.0,8.0,0.0,16.3,16.3,0.0,17.2,17.2,0.0,17.0,17.0,0.0,102.4,102.4,0.0,182.9,182.9,0.0,7.5,7.5,0.0,0.0,0.0,0.0,
495241,THALIA GARDENS REHABILITATION AND NURSING,VIRGINIA BEACH,VA,Virginia Beach City,810,2022Q3,20220712,113,8.0,8.0,0.0,21.0,21.0,0.0,25.2,25.2,0.0,28.8,28.8,0.0,114.6,114.6,0.0,177.4,177.4,0.0,13.1,13.1,0.0,0.0,0.0,0.0,
495241,THALIA GARDENS REHABILITATION AND NURSING,VIRGINIA BEACH,VA,Virginia Beach City,810,2022Q3,20220713,114,8.0,8.0,0.0,18.4,18.4,0.0,24.4,24.4,0.0,26.1,26.1,0.0,122.8,122.8,0.0,205.5,205.5,0.0,14.4,14.4,0.0,0.0,0.0,0.0,
495241,THALIA GARDENS REHABILITATION AND NURSING,VIRGINIA BEACH,VA,Virginia Beach City,810,2022Q3,20220714,113,8.0,8.0,0.0,16.5,16.5,0.0,27.4,27.4,0.0,23.5,23.5,0.0,106.9,106.9,0.0,218.3,218.3,0.0,4.7,4.7,0.0,0.0,0.0,0.0,
495241,THALIA GARDENS REHABILITATION AND NURSING,VIRGINIA BEACH,VA,Virginia Beach City,810,2022Q3,20220715,113,8.0,8.0,0.0,16.0,16.0,0.0,16.5,16.5,0.0,21.0,21.0,0.0,144.6,144.6,0.0,205.5,205.5,0.0,0.0,0.0,0.0,0.0,0.0,0.0,
495241,THALIA GARDENS REHABILITATION AND NURSING,VIRGINIA BEACH,VA,Virginia Beach City,810,2022Q3,20220716,113,0.0,0.0,0.0,0.0,0.0,0.0,33.3,33.3,0.0,0.5,0.5,0.0,74.3,74.3,0.0,214.2,214.2,0.0,12.8,12.8,0.0,0.0,0.0,0.0,
495241,THALIA GARDENS REHABILITATION AND NURSING,VIRGINIA BEACH,VA,Virginia Beach City,810,2022Q3,20220717,113,0.0,0.0,0.0,6.4,6.4,0.0,22.9,22.9,0.0,0.0,0.0,0.0,111.1,111.1,0.0,168.4,168.4,0.0,13.0,13.0,0.0,0.0,0.0,0.0,
495241,THALIA GARDENS REHABILITATION AND NURSING,VIRGINIA BEACH,VA,Virginia Beach City,810,2022Q3,20220718,111,8.0,8.0,0.0,16.0,16.0,0.0,25.5,25.5,0.0,25.2,25.2,0.0,88.2,88.2,0.0,173.0,173.0,0.0,8.2,8.2,0.0,0.0,0.0,0.0,
495241,THALIA GARDENS REHABILITATION AND NURSING,VIRGINIA BEACH,VA,Virginia Beach City,810,2022Q3,20220719,111,8.0,8.0,0.0,16.0,16.0,0.0,25.4,25.4,0.0,27.6,27.6,0.0,90.3,90.3,0.0,176.8,176.8,0.0,0.0,0.0,0.0,0.0,0.0,0.0,
495241,THALIA GARDENS REHABILITATION AND NURSING,VIRGINIA BEACH,VA,Virginia Beach City,810,2022Q3,20220720,112,8.0,8.0,0.0,16.0,16.0,0.0,17.9,17.9,0.0,27.2,27.2,0.0,118.4,118.4,0.0,206.9,206.9,0.0,8.1,8.1,0.0,0.0,0.0,0.0,
495241,THALIA GARDENS REHABILITATION AND NURSING,VIRGINIA BEACH,VA,Virginia Beach City,810,2022Q3,20220721,112,8.0,8.0,0.0,18.5,18.5,0.0,38.5,38.5,0.0,27.1,27.1,0.0,115.1,115.1,0.0,216.8,216.8,0.0,7.8,7.8,0.0,0.0,0.0,0.0,
495241,THALIA GARDENS REHABILITATION AND NURSING,VIRGINIA BEACH,VA,Virginia Beach City,810,2022Q3,20220722,113,8.0,8.0,0.0,35.0,35.0,0.0,8.8,8.8,0.0,18.7,18.7,0.0,103.1,103.1,0.0,205.0,205.0,0.0,0.0,0.0,0.0,0.0,0.0,0.0,
495241,THALIA GARDENS REHABILITATION AND NURSING,VIRGINIA BEACH,VA,Virginia Beach City,810,2022Q3,20220723,112,0.0,0.0,0.0,0.4,0.4,0.0,18.2,18.2,0.0,2.2,2.2,0.0,96.3,96.3,0.0,232.1,232.1,0.0,0.0,0.0,0.0,0.0,0.0,0.0,
495241,THALIA GARDENS REHABILITATION AND NURSING,VIRGINIA BEACH,VA,Virginia Beach City,810,2022Q3,20220724,111,0.0,0.0,0.0,8.0,8.0,0.0,10.6,10.6,0.0,15.1,15.1,0.0,103.1,103.1,0.0,140.4,140.4,0.0,0.0,0.0,0.0,0.0,0.0,0.0,
495241,THALIA GARDENS REHABILITATION AND NURSING,VIRGINIA BEACH,VA,Virginia Beach City,810,2022Q3,20220725,111,8.0,8.0,0.0,16.0,16.0,0.0,26.8,26.8,0.0,25.4,25.4,0.0,103.7,103.7,0.0,177.8,177.8,0.0,7.8,7.8,0.0,0.0,0.0,0.0,
495241,THALIA GARDENS REHABILITATION AND NURSING,VIRGINIA BEACH,VA,Virginia Beach City,810,2022Q3,20220726,112,8.0,8.0,0.0,19.5,19.5,0.0,16.5,16.5,0.0,25.5,25.5,0.0,152.4,152.4,0.0,197.0,197.0,0.0,7.9,7.9,0.0,0.0,0.0,0.0,
495241,THALIA GARDENS REHABILITATION AND NURSING,VIRGINIA BEACH,VA,Virginia Beach City,810,2022Q3,20220727,109,8.0,8.0,0.0,21.2,21.2,0.0,17.6,17.6,0.0,27.3,27.3,0.0,140.8,140.8,0.0,209.2,209.2,0.0,0.0,0.0,0.0,0.0,0.0,0.0,
495241,THALIA GARDENS REHABILITATION AND NURSING,VIRGINIA BEACH,VA,Virginia Beach City,810,2022Q3,20220728,108,8.0,8.0,0.0,16.4,16.4,0.0,18.7,18.7,0.0,14.6,14.6,0.0,110.2,110.2,0.0,197.2,197.2,0.0,8.0,8.0,0.0,0.0,0.0,0.0,
495241,THALIA GARDENS REHABILITATION AND NURSING,VIRGINIA BEACH,VA,Virginia Beach City,810,2022Q3,20220729,109,8.0,8.0,0.0,9.4,9.4,0.0,24.1,24.1,0.0,18.0,18.0,0.0,91.4,91.4,0.0,214.4,214.4,0.0,0.0,0.0,0.0,0.0,0.0,0.0,
495241,THALIA GARDENS REHABILITATION AND NURSING,VIRGINIA BEACH,VA,Virginia Beach City,810,2022Q3,20220730,107,0.0,0.0,0.0,0.0,0.0,0.0,32.5,32.5,0.0,0.0,0.0,0.0,85.5,85.5,0.0,219.5,219.5,0.0,7.7,7.7,0.0,0.0,0.0,0.0,
495241,THALIA GARDENS REHABILITATION AND NURSING,VIRGINIA BEACH,VA,Virginia Beach City,810,2022Q3,20220731,107,0.0,0.0,0.0,8.0,8.0,0.0,15.4,15.4,0.0,0.0,0.0,0.0,89.2,89.2,0.0,174.2,174.2,0.0,0.0,0.0,0.0,0.0,0.0,0.0,
495241,THALIA GARDENS REHABILITATION AND NURSING,VIRGINIA BEACH,VA,Virginia Beach City,810,2022Q3,20220801,109,8.0,8.0,0.0,16.3,16.3,0.0,0.5,0.5,0.0,25.4,25.4,0.0,136.1,136.1,0.0,193.6,193.6,0.0,8.1,8.1,0.0,0.0,0.0,0.0,
495241,THALIA GARDENS REHABILITATION AND NURSING,VIRGINIA BEACH,VA,Virginia Beach City,810,2022Q3,20220802,108,8.0,8.0,0.0,18.5,18.5,0.0,15.6,15.6,0.0,31.3,31.3,0.0,111.8,111.8,0.0,206.4,206.4,0.0,0.0,0.0,0.0,0.0,0.0,0.0,
495241,THALIA GARDENS REHABILITATION AND NURSING,VIRGINIA BEACH,VA,Virginia Beach City,810,2022Q3,20220803,108,8.0,8.0,0.0,16.5,16.5,0.0,18.1,18.1,0.0,32.4,32.4,0.0,138.5,138.5,0.0,244.5,244.5,0.0,8.3,8.3,0.0,0.0,0.0,0.0,
495241,THALIA GARDENS REHABILITATION AND NURSING,VIRGINIA BEACH,VA,Virginia Beach City,810,2022Q3,20220804,108,8.0,8.0,0.0,17.3,17.3,0.0,17.0,17.0,0.0,33.4,33.4,0.0,137.5,137.5,0.0,196.5,196.5,0.0,8.8,8.8,0.0,0.0,0.0,0.0,
495241,THALIA GARDENS REHABILITATION AND NURSING,VIRGINIA BEACH,VA,Virginia Beach City,810,2022Q3,20220805,110,8.0,8.0,0.0,9.6,9.6,0.0,8.9,8.9,0.0,17.9,17.9,0.0,131.1,131.1,0.0,237.1,237.1,0.0,8.8,8.8,0.0,0.0,0.0,0.0,
495241,THALIA GARDENS REHABILITATION AND NURSING,VIRGINIA BEACH,VA,Virginia Beach City,810,2022Q3,20220806,110,0.0,0.0,0.0,0.0,0.0,0.0,9.9,9.9,0.0,0.0,0.0,0.0,125.1,125.1,0.0,182.4,182.4,0.0,0.0,0.0,0.0,0.0,0.0,0.0,
495241,THALIA GARDENS REHABILITATION AND NURSING,VIRGINIA BEACH,VA,Virginia Beach City,810,2022Q3,20220807,110,0.0,0.0,0.0,8.0,8.0,0.0,9.6,9.6,0.0,9.5,9.5,0.0,104.7,104.7,0.0,170.5,170.5,0.0,0.0,0.0,0.0,0.0,0.0,0.0,
495241,THALIA GARDENS REHABILITATION AND NURSING,VIRGINIA BEACH,VA,Virginia Beach City,810,2022Q3,20220808,109,8.0,8.0,0.0,17.2,17.2,0.0,17.8,17.8,0.0,28.6,28.6,0.0,126.0,126.0,0.0,226.5,226.5,0.0,8.0,8.0,0.0,0.0,0.0,0.0,
495241,THALIA GARDENS REHABILITATION AND NURSING,VIRGINIA BEACH,VA,Virginia Beach City,810,2022Q3,20220809,108,8.0,8.0,0.0,24.5,24.5,0.0,0.5,0.5,0.0,29.5,29.5,0.0,148.2,148.2,0.0,211.1,211.1,0.0,7.8,7.8,0.0,0.0,0.0,0.0,
495241,THALIA GARDENS REHABILITATION AND NURSING,VIRGINIA BEACH,VA,Virginia Beach City,810,2022Q3,20220810,109,8.0,8.0,0.0,26.1,26.1,0.0,10.2,10.2,0.0,33.7,33.7,0.0,135.5,135.5,0.0,219.4,219.4,0.0,0.0,0.0,0.0,0.0,0.0,0.0,
495241,THALIA GARDENS REHABILITATION AND NURSING,VIRGINIA BEACH,VA,Virginia Beach City,810,2022Q3,20220811,110,8.0,8.0,0.0,25.1,25.1,0.0,25.4,25.4,0.0,8.6,8.6,0.0,128.4,128.4,0.0,237.4,237.4,0.0,7.9,7.9,0.0,0.0,0.0,0.0,
495241,THALIA GARDENS REHABILITATION AND NURSING,VIRGINIA BEACH,VA,Virginia Beach City,810,2022Q3,20220812,111,8.0,8.0,0.0,16.5,16.5,0.0,11.3,11.3,0.0,8.5,8.5,0.0,129.3,129.3,0.0,269.0,269.0,0.0,0.0,0.0,0.0,0.0,0.0,0.0,
495241,THALIA GARDENS REHABILITATION AND NURSING,VIRGINIA BEACH,VA,Virginia Beach City,810,2022Q3,20220813,110,0.0,0.0,0.0,0.0,0.0,0.0,19.7,19.7,0.0,0.0,0.0,0.0,141.6,141.6,0.0,203.8,203.8,0.0,7.9,7.9,0.0,0.0,0.0,0.0,
495241,THALIA GARDENS REHABILITATION AND NURSING,VIRGINIA BEACH,VA,Virginia Beach City,810,2022Q3,20220814,110,0.0,0.0,0.0,0.0,0.0,0.0,8.6,8.6,0.0,0.0,0.0,0.0,136.2,136.2,0.0,156.4,156.4,0.0,8.3,8.3,0.0,0.0,0.0,0.0,
495241,THALIA GARDENS REHABILITATION AND NURSING,VIRGINIA BEACH,VA,Virginia Beach City,810,2022Q3,20220815,108,8.0,8.0,0.0,24.0,24.0,0.0,23.5,23.5,0.0,25.0,25.0,0.0,131.8,131.8,0.0,208.5,208.5,0.0,0.0,0.0,0.0,0.0,0.0,0.0,
495241,THALIA GARDENS REHABILITATION AND NURSING,VIRGINIA BEACH,VA,Virginia Beach City,810,2022Q3,20220816,108,8.0,8.0,0.0,24.2,24.2,0.0,16.0,16.0,0.0,28.9,28.9,0.0,139.7,139.7,0.0,223.8,223.8,0.0,0.0,0.0,0.0,0.0,0.0,0.0,
495241,THALIA GARDENS REHABILITATION AND NURSING,VIRGINIA BEACH,VA,Virginia Beach City,810,2022Q3,20220817,108,8.0,8.0,0.0,24.4,24.4,0.0,24.8,24.8,0.0,20.7,20.7,0.0,128.6,128.6,0.0,235.6,235.6,0.0,13.4,13.4,0.0,0.0,0.0,0.0,
495241,THALIA GARDENS REHABILITATION AND NURSING,VIRGINIA BEACH,VA,Virginia Beach City,810,2022Q3,20220818,109,8.0,8.0,0.0,24.6,24.6,0.0,24.7,24.7,0.0,19.0,19.0,0.0,84.7,84.7,0.0,212.1,212.1,0.0,7.6,7.6,0.0,0.0,0.0,0.0,
495241,THALIA GARDENS REHABILITATION AND NURSING,VIRGINIA BEACH,VA,Virginia Beach City,810,2022Q3,20220819,114,8.0,8.0,0.0,17.1,17.1,0.0,29.9,29.9,0.0,19.5,19.5,0.0,92.5,92.5,0.0,195.9,195.9,0.0,12.7,12.7,0.0,0.0,0.0,0.0,
495241,THALIA GARDENS REHABILITATION AND NURSING,VIRGINIA BEACH,VA,Virginia Beach City,810,2022Q3,20220820,114,0.0,0.0,0.0,0.0,0.0,0.0,23.2,23.2,0.0,3.1,3.1,0.0,138.1,138.1,0.0,192.9,192.9,0.0,0.0,0.0,0.0,0.0,0.0,0.0,
495241,THALIA GARDENS REHABILITATION AND NURSING,VIRGINIA BEACH,VA,Virginia Beach City,810,2022Q3,20220821,114,0.0,0.0,0.0,6.4,6.4,0.0,14.8,14.8,0.0,5.7,5.7,0.0,106.5,106.5,0.0,175.3,175.3,0.0,0.0,0.0,0.0,0.0,0.0,0.0,
495241,THALIA GARDENS REHABILITATION AND NURSING,VIRGINIA BEACH,VA,Virginia Beach City,810,2022Q3,20220822,113,8.0,8.0,0.0,18.0,18.0,0.0,23.6,23.6,0.0,19.9,19.9,0.0,104.8,104.8,0.0,179.5,179.5,0.0,12.9,12.9,0.0,0.0,0.0,0.0,
495241,THALIA GARDENS REHABILITATION AND NURSING,VIRGINIA BEACH,VA,Virginia Beach City,810,2022Q3,20220823,113,8.0,8.0,0.0,25.8,25.8,0.0,27.1,27.1,0.0,28.6,28.6,0.0,109.3,109.3,0.0,235.5,235.5,0.0,15.3,15.3,0.0,0.0,0.0,0.0,
495241,THALIA GARDENS REHABILITATION AND NURSING,VIRGINIA BEACH,VA,Virginia Beach City,810,2022Q3,20220824,108,8.0,8.0,0.0,24.0,24.0,0.0,32.9,32.9,0.0,27.6,27.6,0.0,112.8,112.8,0.0,228.4,228.4,0.0,0.0,0.0,0.0,0.0,0.0,0.0,
495241,THALIA GARDENS REHABILITATION AND NURSING,VIRGINIA BEACH,VA,Virginia Beach City,810,2022Q3,20220825,108,8.0,8.0,0.0,18.5,18.5,0.0,53.8,53.8,0.0,18.4,18.4,0.0,70.5,70.5,0.0,209.6,209.6,0.0,7.9,7.9,0.0,0.0,0.0,0.0,
495241,THALIA GARDENS REHABILITATION AND NURSING,VIRGINIA BEACH,VA,Virginia Beach City,810,2022Q3,20220826,109,8.0,8.0,0.0,14.6,14.6,0.0,33.2,33.2,0.0,18.0,18.0,0.0,99.7,99.7,0.0,225.5,225.5,0.0,0.0,0.0,0.0,0.0,0.0,0.0,
495241,THALIA GARDENS REHABILITATION AND NURSING,VIRGINIA BEACH,VA,Virginia Beach City,810,2022Q3,20220827,110,0.0,0.0,0.0,8.4,8.4,0.0,24.7,24.7,0.0,0.0,0.0,0.0,97.3,97.3,0.0,169.0,169.0,0.0,8.3,8.3,0.0,0.0,0.0,0.0,
495241,THALIA GARDENS REHABILITATION AND NURSING,VIRGINIA BEACH,VA,Virginia Beach City,810,2022Q3,20220828,110,0.0,0.0,0.0,7.7,7.7,0.0,31.5,31.5,0.0,0.0,0.0,0.0,87.8,87.8,0.0,209.7,209.7,0.0,12.7,12.7,0.0,0.0,0.0,0.0,
495241,THALIA GARDENS REHABILITATION AND NURSING,VIRGINIA BEACH,VA,Virginia Beach City,810,2022Q3,20220829,110,10.3,10.3,0.0,26.2,26.2,0.0,30.8,30.8,0.0,18.3,18.3,0.0,77.6,77.6,0.0,192.6,192.6,0.0,8.1,8.1,0.0,0.0,0.0,0.0,
495241,THALIA GARDENS REHABILITATION AND NURSING,VIRGINIA BEACH,VA,Virginia Beach City,810,2022Q3,20220830,108,8.0,8.0,0.0,24.4,24.4,0.0,24.7,24.7,0.0,33.0,33.0,0.0,104.3,104.3,0.0,197.1,197.1,0.0,0.0,0.0,0.0,0.0,0.0,0.0,
495241,THALIA GARDENS REHABILITATION AND NURSING,VIRGINIA BEACH,VA,Virginia Beach City,810,2022Q3,20220831,108,8.0,8.0,0.0,16.0,16.0,0.0,8.3,8.3,0.0,34.3,34.3,0.0,125.1,125.1,0.0,211.1,211.1,0.0,8.2,8.2,0.0,0.0,0.0,0.0,
495241,THALIA GARDENS REHABILITATION AND NURSING,VIRGINIA BEACH,VA,Virginia Beach City,810,2022Q3,20220901,108,8.0,8.0,0.0,26.0,26.0,0.0,10.5,10.5,0.0,27.0,27.0,0.0,132.1,132.1,0.0,211.4,211.4,0.0,7.7,7.7,0.0,0.0,0.0,0.0,
495241,THALIA GARDENS REHABILITATION AND NURSING,VIRGINIA BEACH,VA,Virginia Beach City,810,2022Q3,20220902,108,8.0,8.0,0.0,24.5,24.5,0.0,17.3,17.3,0.0,24.4,24.4,0.0,92.9,92.9,0.0,192.0,192.0,0.0,8.0,8.0,0.0,0.0,0.0,0.0,
495241,THALIA GARDENS REHABILITATION AND NURSING,VIRGINIA BEACH,VA,Virginia Beach City,810,2022Q3,20220903,108,0.0,0.0,0.0,0.0,0.0,0.0,17.5,17.5,0.0,2.9,2.9,0.0,92.6,92.6,0.0,151.8,151.8,0.0,0.0,0.0,0.0,0.0,0.0,0.0,
495241,THALIA GARDENS REHABILITATION AND NURSING,VIRGINIA BEACH,VA,Virginia Beach City,810,2022Q3,20220904,106,0.0,0.0,0.0,0.0,0.0,0.0,8.6,8.6,0.0,0.0,0.0,0.0,106.2,106.2,0.0,115.6,115.6,0.0,0.0,0.0,0.0,0.0,0.0,0.0,
495241,THALIA GARDENS REHABILITATION AND NURSING,VIRGINIA BEACH,VA,Virginia Beach City,810,2022Q3,20220905,108,8.0,8.0,0.0,12.9,12.9,0.0,25.1,25.1,0.0,23.4,23.4,0.0,91.8,91.8,0.0,182.5,182.5,0.0,7.6,7.6,0.0,0.0,0.0,0.0,
495241,THALIA GARDENS REHABILITATION AND NURSING,VIRGINIA BEACH,VA,Virginia Beach City,810,2022Q3,20220906,108,8.0,8.0,0.0,23.1,23.1,0.0,16.4,16.4,0.0,23.4,23.4,0.0,100.4,100.4,0.0,203.8,203.8,0.0,7.4,7.4,0.0,0.0,0.0,0.0,
495241,THALIA GARDENS REHABILITATION AND NURSING,VIRGINIA BEACH,VA,Virginia Beach City,810,2022Q3,20220907,108,8.0,8.0,0.0,24.2,24.2,0.0,8.8,8.8,0.0,34.0,34.0,0.0,104.2,104.2,0.0,203.4,203.4,0.0,0.0,0.0,0.0,0.0,0.0,0.0,
495241,THALIA GARDENS REHABILITATION AND NURSING,VIRGINIA BEACH,VA,Virginia Beach City,810,2022Q3,20220908,106,8.0,8.0,0.0,27.0,27.0,0.0,33.2,33.2,0.0,16.9,16.9,0.0,83.9,83.9,0.0,204.3,204.3,0.0,7.8,7.8,0.0,0.0,0.0,0.0,
495241,THALIA GARDENS REHABILITATION AND NURSING,VIRGINIA BEACH,VA,Virginia Beach City,810,2022Q3,20220909,106,8.0,8.0,0.0,23.1,23.1,0.0,9.0,9.0,0.0,13.5,13.5,0.0,98.8,98.8,0.0,200.5,200.5,0.0,0.0,0.0,0.0,0.0,0.0,0.0,
495241,THALIA GARDENS REHABILITATION AND NURSING,VIRGINIA BEACH,VA,Virginia Beach City,810,2022Q3,20220910,106,0.0,0.0,0.0,0.0,0.0,0.0,43.3,43.3,0.0,5.8,5.8,0.0,60.0,60.0,0.0,174.2,174.2,0.0,7.9,7.9,0.0,0.0,0.0,0.0,
495241,THALIA GARDENS REHABILITATION AND NURSING,VIRGINIA BEACH,VA,Virginia Beach City,810,2022Q3,20220911,106,0.0,0.0,0.0,0.0,0.0,0.0,39.0,39.0,0.0,0.0,0.0,0.0,72.6,72.6,0.0,153.7,153.7,0.0,8.3,8.3,0.0,0.0,0.0,0.0,
495241,THALIA GARDENS REHABILITATION AND NURSING,VIRGINIA BEACH,VA,Virginia Beach City,810,2022Q3,20220912,107,8.0,8.0,0.0,16.9,16.9,0.0,29.6,29.6,0.0,19.3,19.3,0.0,72.6,72.6,0.0,195.3,195.3,0.0,7.5,7.5,0.0,0.0,0.0,0.0,
495241,THALIA GARDENS REHABILITATION AND NURSING,VIRGINIA BEACH,VA,Virginia Beach City,810,2022Q3,20220913,105,8.0,8.0,0.0,16.1,16.1,0.0,18.1,18.1,0.0,24.7,24.7,0.0,102.5,102.5,0.0,201.2,201.2,0.0,0.0,0.0,0.0,0.0,0.0,0.0,
495241,THALIA GARDENS REHABILITATION AND NURSING,VIRGINIA BEACH,VA,Virginia Beach City,810,2022Q3,20220914,106,8.0,8.0,0.0,17.8,17.8,0.0,24.9,24.9,0.0,33.1,33.1,0.0,99.0,99.0,0.0,197.5,197.5,0.0,7.7,7.7,0.0,0.0,0.0,0.0,
495241,THALIA GARDENS REHABILITATION AND NURSING,VIRGINIA BEACH,VA,Virginia Beach City,810,2022Q3,20220915,106,8.0,8.0,0.0,17.7,17.7,0.0,39.3,39.3,0.0,29.6,29.6,0.0,86.1,86.1,0.0,189.1,189.1,0.0,8.4,8.4,0.0,0.0,0.0,0.0,
495241,THALIA GARDENS REHABILITATION AND NURSING,VIRGINIA BEACH,VA,Virginia Beach City,810,2022Q3,20220916,105,8.0,8.0,0.0,18.1,18.1,0.0,18.1,18.1,0.0,23.1,23.1,0.0,104.3,104.3,0.0,172.0,172.0,0.0,7.6,7.6,0.0,0.0,0.0,0.0,
495241,THALIA GARDENS REHABILITATION AND NURSING,VIRGINIA BEACH,VA,Virginia Beach City,810,2022Q3,20220917,105,0.0,0.0,0.0,4.2,4.2,0.0,16.6,16.6,0.0,2.4,2.4,0.0,87.1,87.1,0.0,168.4,168.4,0.0,0.0,0.0,0.0,0.0,0.0,0.0,
495241,THALIA GARDENS REHABILITATION AND NURSING,VIRGINIA BEACH,VA,Virginia Beach City,810,2022Q3,20220918,105,0.0,0.0,0.0,5.0,5.0,0.0,9.8,9.8,0.0,18.1,18.1,0.0,85.8,85.8,0.0,164.9,164.9,0.0,0.0,0.0,0.0,0.0,0.0,0.0,
495241,THALIA GARDENS REHABILITATION AND NURSING,VIRGINIA BEACH,VA,Virginia Beach City,810,2022Q3,20220919,106,8.0,8.0,0.0,17.3,17.3,0.0,24.6,24.6,0.0,33.2,33.2,0.0,77.9,77.9,0.0,190.0,190.0,0.0,7.7,7.7,0.0,0.0,0.0,0.0,
495241,THALIA GARDENS REHABILITATION AND NURSING,VIRGINIA BEACH,VA,Virginia Beach City,810,2022Q3,20220920,106,8.0,8.0,0.0,20.2,20.2,0.0,24.3,24.3,0.0,26.0,26.0,0.0,74.8,74.8,0.0,175.3,175.3,0.0,7.7,7.7,0.0,0.0,0.0,0.0,
495241,THALIA GARDENS REHABILITATION AND NURSING,VIRGINIA BEACH,VA,Virginia Beach City,810,2022Q3,20220921,106,8.0,8.0,0.0,15.3,15.3,0.0,17.8,17.8,0.0,27.9,27.9,0.0,101.7,101.7,0.0,195.5,195.5,0.0,0.0,0.0,0.0,0.0,0.0,0.0,
495241,THALIA GARDENS REHABILITATION AND NURSING,VIRGINIA BEACH,VA,Virginia Beach City,810,2022Q3,20220922,106,8.0,8.0,0.0,18.1,18.1,0.0,32.8,32.8,0.0,25.3,25.3,0.0,73.4,73.4,0.0,203.4,203.4,0.0,8.4,8.4,0.0,0.0,0.0,0.0,
495241,THALIA GARDENS REHABILITATION AND NURSING,VIRGINIA BEACH,VA,Virginia Beach City,810,2022Q3,20220923,105,8.0,8.0,0.0,24.6,24.6,0.0,17.1,17.1,0.0,21.7,21.7,0.0,95.9,95.9,0.0,181.1,181.1,0.0,7.6,7.6,0.0,0.0,0.0,0.0,
495241,THALIA GARDENS REHABILITATION AND NURSING,VIRGINIA BEACH,VA,Virginia Beach City,810,2022Q3,20220924,105,0.0,0.0,0.0,0.0,0.0,0.0,45.0,45.0,0.0,0.0,0.0,0.0,62.8,62.8,0.0,162.3,162.3,0.0,0.0,0.0,0.0,0.0,0.0,0.0,
495241,THALIA GARDENS REHABILITATION AND NURSING,VIRGINIA BEACH,VA,Virginia Beach City,810,2022Q3,20220925,105,0.0,0.0,0.0,0.1,0.1,0.0,29.7,29.7,0.0,0.5,0.5,0.0,61.7,61.7,0.0,142.7,142.7,0.0,7.7,7.7,0.0,0.0,0.0,0.0,
495241,THALIA GARDENS REHABILITATION AND NURSING,VIRGINIA BEACH,VA,Virginia Beach City,810,2022Q3,20220926,105,8.0,8.0,0.0,15.8,15.8,0.0,16.3,16.3,0.0,31.7,31.7,0.0,98.5,98.5,0.0,171.8,171.8,0.0,7.8,7.8,0.0,0.0,0.0,0.0,
495241,THALIA GARDENS REHABILITATION AND NURSING,VIRGINIA BEACH,VA,Virginia Beach City,810,2022Q3,20220927,107,8.0,8.0,0.0,17.4,17.4,0.0,26.0,26.0,0.0,35.0,35.0,0.0,90.2,90.2,0.0,176.1,176.1,0.0,7.9,7.9,0.0,0.0,0.0,0.0,
495241,THALIA GARDENS REHABILITATION AND NURSING,VIRGINIA BEACH,VA,Virginia Beach City,810,2022Q3,20220928,108,8.0,8.0,0.0,16.8,16.8,0.0,17.0,17.0,0.0,38.3,38.3,0.0,103.0,103.0,0.0,187.9,187.9,0.0,7.7,7.7,0.0,0.0,0.0,0.0,
495241,THALIA GARDENS REHABILITATION AND NURSING,VIRGINIA BEACH,VA,Virginia Beach City,810,2022Q3,20220929,110,8.0,8.0,0.0,20.0,20.0,0.0,40.1,40.1,0.0,24.1,24.1,0.0,77.4,77.4,0.0,213.1,213.1,0.0,0.0,0.0,0.0,0.0,0.0,0.0,
495241,THALIA GARDENS REHABILITATION AND NURSING,VIRGINIA BEACH,VA,Virginia Beach City,810,2022Q3,20220930,109,8.0,8.0,0.0,14.9,14.9,0.0,25.5,25.5,0.0,20.5,20.5,0.0,97.9,97.9,0.0,152.0,152.0,0.0,10.1,10.1,0.0,0.0,0.0,0.0,
495241,THALIA GARDENS REHABILITATION AND NURSING,VIRGINIA BEACH,VA,Virginia Beach City,810,2022Q4,20221001,105,0.0,0.0,0.0,6.8,6.8,0.0,23.8,23.8,0.0,0.0,0.0,0.0,75.2,75.2,0.0,169.6,169.6,0.0,0.0,0.0,0.0,0.0,0.0,0.0,
495241,THALIA GARDENS REHABILITATION AND NURSING,VIRGINIA BEACH,VA,Virginia Beach City,810,2022Q4,20221002,106,0.0,0.0,0.0,0.0,0.0,0.0,18.1,18.1,0.0,0.0,0.0,0.0,82.5,82.5,0.0,126.4,126.4,0.0,0.0,0.0,0.0,0.0,0.0,0.0,
495241,THALIA GARDENS REHABILITATION AND NURSING,VIRGINIA BEACH,VA,Virginia Beach City,810,2022Q4,20221003,106,8.0,8.0,0.0,18.0,18.0,0.0,16.9,16.9,0.0,8.5,8.5,0.0,95.6,95.6,0.0,189.8,189.8,0.0,8.3,8.3,0.0,0.0,0.0,0.0,
495241,THALIA GARDENS REHABILITATION AND NURSING,VIRGINIA BEACH,VA,Virginia Beach City,810,2022Q4,20221004,107,8.0,8.0,0.0,17.9,17.9,0.0,40.4,40.4,0.0,18.4,18.4,0.0,75.0,75.0,0.0,180.8,180.8,0.0,7.9,7.9,0.0,0.0,0.0,0.0,
495241,THALIA GARDENS REHABILITATION AND NURSING,VIRGINIA BEACH,VA,Virginia Beach City,810,2022Q4,20221005,107,8.0,8.0,0.0,17.8,17.8,0.0,17.2,17.2,0.0,25.5,25.5,0.0,98.0,98.0,0.0,219.5,219.5,0.0,8.6,8.6,0.0,0.0,0.0,0.0,
495241,THALIA GARDENS REHABILITATION AND NURSING,VIRGINIA BEACH,VA,Virginia Beach City,810,2022Q4,20221006,106,8.0,8.0,0.0,19.8,19.8,0.0,17.3,17.3,0.0,28.0,28.0,0.0,114.6,114.6,0.0,199.7,199.7,0.0,0.0,0.0,0.0,0.0,0.0,0.0,
495241,THALIA GARDENS REHABILITATION AND NURSING,VIRGINIA BEACH,VA,Virginia Beach City,810,2022Q4,20221007,108,8.0,8.0,0.0,18.2,18.2,0.0,34.0,34.0,0.0,25.3,25.3,0.0,114.3,114.3,0.0,214.4,214.4,0.0,0.0,0.0,0.0,0.0,0.0,0.0,
495241,THALIA GARDENS REHABILITATION AND NURSING,VIRGINIA BEACH,VA,Virginia Beach City,810,2022Q4,20221008,108,0.0,0.0,0.0,0.0,0.0,0.0,55.1,55.1,0.0,0.0,0.0,0.0,66.7,66.7,0.0,170.0,170.0,0.0,0.0,0.0,0.0,0.0,0.0,0.0,
495241,THALIA GARDENS REHABILITATION AND NURSING,VIRGINIA BEACH,VA,Virginia Beach City,810,2022Q4,20221009,109,0.0,0.0,0.0,0.7,0.7,0.0,32.5,32.5,0.0,0.0,0.0,0.0,84.9,84.9,0.0,138.3,138.3,0.0,0.0,0.0,0.0,0.0,0.0,0.0,
495241,THALIA GARDENS REHABILITATION AND NURSING,VIRGINIA BEACH,VA,Virginia Beach City,810,2022Q4,20221010,108,8.0,8.0,0.0,18.3,18.3,0.0,17.6,17.6,0.0,17.2,17.2,0.0,107.2,107.2,0.0,195.2,195.2,0.0,0.0,0.0,0.0,0.0,0.0,0.0,
495241,THALIA GARDENS REHABILITATION AND NURSING,VIRGINIA BEACH,VA,Virginia Beach City,810,2022Q4,20221011,106,8.0,8.0,0.0,17.5,17.5,0.0,24.6,24.6,0.0,21.2,21.2,0.0,107.8,107.8,0.0,206.6,206.6,0.0,0.0,0.0,0.0,0.0,0.0,0.0,
495241,THALIA GARDENS REHABILITATION AND NURSING,VIRGINIA BEACH,VA,Virginia Beach City,810,2022Q4,20221012,107,8.0,8.0,0.0,17.3,17.3,0.0,27.1,27.1,0.0,26.0,26.0,0.0,117.4,117.4,0.0,250.8,250.8,0.0,0.0,0.0,0.0,0.0,0.0,0.0,
495241,THALIA GARDENS REHABILITATION AND NURSING,VIRGINIA BEACH,VA,Virginia Beach City,810,2022Q4,20221013,105,8.0,8.0,0.0,19.2,19.2,0.0,25.7,25.7,0.0,23.1,23.1,0.0,110.7,110.7,0.0,220.3,220.3,0.0,0.0,0.0,0.0,0.0,0.0,0.0,
495241,THALIA GARDENS REHABILITATION AND NURSING,VIRGINIA BEACH,VA,Virginia Beach City,810,2022Q4,20221014,107,8.0,8.0,0.0,19.9,19.9,0.0,25.6,25.6,0.0,24.0,24.0,0.0,102.3,102.3,0.0,209.1,209.1,0.0,0.0,0.0,0.0,0.0,0.0,0.0,
495241,THALIA GARDENS REHABILITATION AND NURSING,VIRGINIA BEACH,VA,Virginia Beach City,810,2022Q4,20221015,107,0.0,0.0,0.0,0.0,0.0,0.0,48.2,48.2,0.0,0.4,0.4,0.0,90.5,90.5,0.0,102.5,102.5,0.0,0.0,0.0,0.0,0.0,0.0,0.0,
495241,THALIA GARDENS REHABILITATION AND NURSING,VIRGINIA BEACH,VA,Virginia Beach City,810,2022Q4,20221016,107,0.0,0.0,0.0,2.0,2.0,0.0,16.8,16.8,0.0,0.0,0.0,0.0,80.4,80.4,0.0,101.0,101.0,0.0,0.0,0.0,0.0,0.0,0.0,0.0,
495241,THALIA GARDENS REHABILITATION AND NURSING,VIRGINIA BEACH,VA,Virginia Beach City,810,2022Q4,20221017,106,8.0,8.0,0.0,17.1,17.1,0.0,23.1,23.1,0.0,16.4,16.4,0.0,89.5,89.5,0.0,185.0,185.0,0.0,0.0,0.0,0.0,0.0,0.0,0.0,
495241,THALIA GARDENS REHABILITATION AND NURSING,VIRGINIA BEACH,VA,Virginia Beach City,810,2022Q4,20221018,110,8.0,8.0,0.0,21.1,21.1,0.0,24.8,24.8,0.0,16.9,16.9,0.0,111.8,111.8,0.0,193.5,193.5,0.0,0.0,0.0,0.0,0.0,0.0,0.0,
495241,THALIA GARDENS REHABILITATION AND NURSING,VIRGINIA BEACH,VA,Virginia Beach City,810,2022Q4,20221019,108,8.0,8.0,0.0,25.2,25.2,0.0,42.4,42.4,0.0,19.3,19.3,0.0,87.2,87.2,0.0,223.6,223.6,0.0,0.0,0.0,0.0,0.0,0.0,0.0,
495241,THALIA GARDENS REHABILITATION AND NURSING,VIRGINIA BEACH,VA,Virginia Beach City,810,2022Q4,20221020,112,0.0,0.0,0.0,21.7,21.7,0.0,40.1,40.1,0.0,0.7,0.7,0.0,91.3,91.3,0.0,229.1,229.1,0.0,0.0,0.0,0.0,0.0,0.0,0.0,
495241,THALIA GARDENS REHABILITATION AND NURSING,VIRGINIA BEACH,VA,Virginia Beach City,810,2022Q4,20221021,113,0.0,0.0,0.0,20.3,20.3,0.0,17.5,17.5,0.0,0.0,0.0,0.0,89.7,89.7,0.0,201.2,201.2,0.0,0.0,0.0,0.0,0.0,0.0,0.0,
495241,THALIA GARDENS REHABILITATION AND NURSING,VIRGINIA BEACH,VA,Virginia Beach City,810,2022Q4,20221022,113,0.0,0.0,0.0,0.0,0.0,0.0,33.3,33.3,0.0,0.0,0.0,0.0,99.2,99.2,0.0,98.4,98.4,0.0,0.0,0.0,0.0,0.0,0.0,0.0,
495241,THALIA GARDENS REHABILITATION AND NURSING,VIRGINIA BEACH,VA,Virginia Beach City,810,2022Q4,20221023,113,0.0,0.0,0.0,0.0,0.0,0.0,47.0,47.0,0.0,0.0,0.0,0.0,81.2,81.2,0.0,86.1,86.1,0.0,0.0,0.0,0.0,0.0,0.0,0.0,
495241,THALIA GARDENS REHABILITATION AND NURSING,VIRGINIA BEACH,VA,Virginia Beach City,810,2022Q4,20221024,110,0.0,0.0,0.0,21.3,21.3,0.0,23.4,23.4,0.0,10.5,10.5,0.0,91.4,91.4,0.0,209.4,209.4,0.0,0.0,0.0,0.0,0.0,0.0,0.0,
495241,THALIA GARDENS REHABILITATION AND NURSING,VIRGINIA BEACH,VA,Virginia Beach City,810,2022Q4,20221025,110,0.0,0.0,0.0,16.7,16.7,0.0,23.7,23.7,0.0,11.6,11.6,0.0,99.8,99.8,0.0,182.5,182.5,0.0,0.0,0.0,0.0,0.0,0.0,0.0,
495241,THALIA GARDENS REHABILITATION AND NURSING,VIRGINIA BEACH,VA,Virginia Beach City,810,2022Q4,20221026,111,0.0,0.0,0.0,21.9,21.9,0.0,24.3,24.3,0.0,18.5,18.5,0.0,99.1,99.1,0.0,227.3,227.3,0.0,0.0,0.0,0.0,0.0,0.0,0.0,
495241,THALIA GARDENS REHABILITATION AND NURSING,VIRGINIA BEACH,VA,Virginia Beach City,810,2022Q4,20221027,112,0.0,0.0,0.0,12.6,12.6,0.0,29.2,29.2,0.0,17.3,17.3,0.0,83.6,83.6,0.0,202.9,202.9,0.0,0.0,0.0,0.0,0.0,0.0,0.0,
495241,THALIA GARDENS REHABILITATION AND NURSING,VIRGINIA BEACH,VA,Virginia Beach City,810,2022Q4,20221028,113,0.0,0.0,0.0,9.3,9.3,0.0,16.8,16.8,0.0,18.7,18.7,0.0,118.6,118.6,0.0,211.2,211.2,0.0,0.0,0.0,0.0,0.0,0.0,0.0,
495241,THALIA GARDENS REHABILITATION AND NURSING,VIRGINIA BEACH,VA,Virginia Beach City,810,2022Q4,20221029,113,0.0,0.0,0.0,4.9,4.9,0.0,7.6,7.6,0.0,0.0,0.0,0.0,106.5,106.5,0.0,149.0,149.0,0.0,0.0,0.0,0.0,0.0,0.0,0.0,
495241,THALIA GARDENS REHABILITATION AND NURSING,VIRGINIA BEACH,VA,Virginia Beach City,810,2022Q4,20221030,113,0.0,0.0,0.0,3.0,3.0,0.0,32.0,32.0,0.0,0.0,0.0,0.0,94.3,94.3,0.0,106.3,106.3,0.0,0.0,0.0,0.0,0.0,0.0,0.0,
495241,THALIA GARDENS REHABILITATION AND NURSING,VIRGINIA BEACH,VA,Virginia Beach City,810,2022Q4,20221031,115,7.5,7.5,0.0,8.8,8.8,0.0,14.9,14.9,0.0,9.4,9.4,0.0,106.8,106.8,0.0,185.9,185.9,0.0,0.0,0.0,0.0,0.0,0.0,0.0,
495241,THALIA GARDENS REHABILITATION AND NURSING,VIRGINIA BEACH,VA,Virginia Beach City,810,2022Q4,20221101,115,7.5,7.5,0.0,11.4,11.4,0.0,16.7,16.7,0.0,17.0,17.0,0.0,101.5,101.5,0.0,202.8,202.8,0.0,0.0,0.0,0.0,0.0,0.0,0.0,
495241,THALIA GARDENS REHABILITATION AND NURSING,VIRGINIA BEACH,VA,Virginia Beach City,810,2022Q4,20221102,115,7.5,7.5,0.0,10.5,10.5,0.0,33.3,33.3,0.0,18.0,18.0,0.0,98.5,98.5,0.0,190.9,190.9,0.0,0.0,0.0,0.0,0.0,0.0,0.0,
495241,THALIA GARDENS REHABILITATION AND NURSING,VIRGINIA BEACH,VA,Virginia Beach City,810,2022Q4,20221103,115,7.5,7.5,0.0,8.3,8.3,0.0,32.7,32.7,0.0,17.6,17.6,0.0,103.5,103.5,0.0,211.8,211.8,0.0,0.0,0.0,0.0,0.0,0.0,0.0,
495241,THALIA GARDENS REHABILITATION AND NURSING,VIRGINIA BEACH,VA,Virginia Beach City,810,2022Q4,20221104,115,7.5,7.5,0.0,2.8,2.8,0.0,17.0,17.0,0.0,16.5,16.5,0.0,113.1,113.1,0.0,204.5,204.5,0.0,0.0,0.0,0.0,0.0,0.0,0.0,
495241,THALIA GARDENS REHABILITATION AND NURSING,VIRGINIA BEACH,VA,Virginia Beach City,810,2022Q4,20221105,113,0.0,0.0,0.0,0.0,0.0,0.0,32.9,32.9,0.0,0.0,0.0,0.0,82.4,82.4,0.0,155.8,155.8,0.0,0.0,0.0,0.0,0.0,0.0,0.0,
495241,THALIA GARDENS REHABILITATION AND NURSING,VIRGINIA BEACH,VA,Virginia Beach City,810,2022Q4,20221106,112,0.0,0.0,0.0,5.1,5.1,0.0,33.8,33.8,0.0,0.0,0.0,0.0,92.4,92.4,0.0,124.3,124.3,0.0,0.0,0.0,0.0,0.0,0.0,0.0,
495241,THALIA GARDENS REHABILITATION AND NURSING,VIRGINIA BEACH,VA,Virginia Beach City,810,2022Q4,20221107,112,8.0,8.0,0.0,0.8,0.8,0.0,24.4,24.4,0.0,18.1,18.1,0.0,109.2,109.2,0.0,191.7,191.7,0.0,0.0,0.0,0.0,0.0,0.0,0.0,
495241,THALIA GARDENS REHABILITATION AND NURSING,VIRGINIA BEACH,VA,Virginia Beach City,810,2022Q4,20221108,110,7.9,7.9,0.0,10.2,10.2,0.0,25.7,25.7,0.0,9.1,9.1,0.0,109.7,109.7,0.0,228.0,228.0,0.0,0.0,0.0,0.0,0.0,0.0,0.0,
495241,THALIA GARDENS REHABILITATION AND NURSING,VIRGINIA BEACH,VA,Virginia Beach City,810,2022Q4,20221109,110,8.5,8.5,0.0,10.7,10.7,0.0,33.1,33.1,0.0,19.2,19.2,0.0,95.5,95.5,0.0,216.6,216.6,0.0,0.0,0.0,0.0,0.0,0.0,0.0,
495241,THALIA GARDENS REHABILITATION AND NURSING,VIRGINIA BEACH,VA,Virginia Beach City,810,2022Q4,20221110,113,7.8,7.8,0.0,9.1,9.1,0.0,40.1,40.1,0.0,19.2,19.2,0.0,88.6,88.6,0.0,224.1,224.1,0.0,0.0,0.0,0.0,0.0,0.0,0.0,
495241,THALIA GARDENS REHABILITATION AND NURSING,VIRGINIA BEACH,VA,Virginia Beach City,810,2022Q4,20221111,113,0.0,0.0,0.0,0.0,0.0,0.0,29.5,29.5,0.0,23.4,23.4,0.0,97.1,97.1,0.0,193.9,193.9,0.0,0.0,0.0,0.0,0.0,0.0,0.0,
495241,THALIA GARDENS REHABILITATION AND NURSING,VIRGINIA BEACH,VA,Virginia Beach City,810,2022Q4,20221112,113,0.0,0.0,0.0,0.0,0.0,0.0,38.2,38.2,0.0,0.0,0.0,0.0,83.2,83.2,0.0,234.2,234.2,0.0,0.0,0.0,0.0,0.0,0.0,0.0,
495241,THALIA GARDENS REHABILITATION AND NURSING,VIRGINIA BEACH,VA,Virginia Beach City,810,2022Q4,20221113,113,0.0,0.0,0.0,0.3,0.3,0.0,43.3,43.3,0.0,0.0,0.0,0.0,78.9,78.9,0.0,130.5,130.5,0.0,0.0,0.0,0.0,0.0,0.0,0.0,
495241,THALIA GARDENS REHABILITATION AND NURSING,VIRGINIA BEACH,VA,Virginia Beach City,810,2022Q4,20221114,115,9.4,9.4,0.0,8.0,8.0,0.0,31.7,31.7,0.0,17.5,17.5,0.0,100.2,100.2,0.0,203.7,203.7,0.0,0.0,0.0,0.0,0.0,0.0,0.0,
495241,THALIA GARDENS REHABILITATION AND NURSING,VIRGINIA BEACH,VA,Virginia Beach City,810,2022Q4,20221115,117,8.0,8.0,0.0,8.0,8.0,0.0,32.4,32.4,0.0,18.9,18.9,0.0,107.9,107.9,0.0,208.2,208.2,0.0,0.0,0.0,0.0,0.0,0.0,0.0,
495241,THALIA GARDENS REHABILITATION AND NURSING,VIRGINIA BEACH,VA,Virginia Beach City,810,2022Q4,20221116,117,9.4,9.4,0.0,1.8,1.8,0.0,32.6,32.6,0.0,20.0,20.0,0.0,91.5,91.5,0.0,216.9,216.9,0.0,0.0,0.0,0.0,0.0,0.0,0.0,
495241,THALIA GARDENS REHABILITATION AND NURSING,VIRGINIA BEACH,VA,Virginia Beach City,810,2022Q4,20221117,120,9.0,9.0,0.0,14.6,14.6,0.0,33.4,33.4,0.0,21.7,21.7,0.0,105.0,105.0,0.0,213.2,213.2,0.0,0.0,0.0,0.0,0.0,0.0,0.0,
495241,THALIA GARDENS REHABILITATION AND NURSING,VIRGINIA BEACH,VA,Virginia Beach City,810,2022Q4,20221118,116,0.0,0.0,0.0,3.0,3.0,0.0,19.4,19.4,0.0,15.9,15.9,0.0,119.1,119.1,0.0,235.0,235.0,0.0,0.0,0.0,0.0,0.0,0.0,0.0,
495241,THALIA GARDENS REHABILITATION AND NURSING,VIRGINIA BEACH,VA,Virginia Beach City,810,2022Q4,20221119,117,0.0,0.0,0.0,0.0,0.0,0.0,38.6,38.6,0.0,0.0,0.0,0.0,104.9,104.9,0.0,193.0,193.0,0.0,0.0,0.0,0.0,0.0,0.0,0.0,
495241,THALIA GARDENS REHABILITATION AND NURSING,VIRGINIA BEACH,VA,Virginia Beach City,810,2022Q4,20221120,117,0.0,0.0,0.0,4.5,4.5,0.0,36.2,36.2,0.0,0.0,0.0,0.0,108.4,108.4,0.0,105.6,105.6,0.0,0.0,0.0,0.0,0.0,0.0,0.0,
495241,THALIA GARDENS REHABILITATION AND NURSING,VIRGINIA BEACH,VA,Virginia Beach City,810,2022Q4,20221121,116,9.0,9.0,0.0,0.0,0.0,0.0,8.8,8.8,0.0,20.5,20.5,0.0,119.1,119.1,0.0,233.3,233.3,0.0,0.0,0.0,0.0,0.0,0.0,0.0,
495241,THALIA GARDENS REHABILITATION AND NURSING,VIRGINIA BEACH,VA,Virginia Beach City,810,2022Q4,20221122,115,0.0,0.0,0.0,11.4,11.4,0.0,28.2,28.2,0.0,18.5,18.5,0.0,106.4,106.4,0.0,227.8,227.8,0.0,0.0,0.0,0.0,0.0,0.0,0.0,
495241,THALIA GARDENS REHABILITATION AND NURSING,VIRGINIA BEACH,VA,Virginia Beach City,810,2022Q4,20221123,116,8.3,8.3,0.0,12.8,12.8,0.0,34.7,34.7,0.0,19.6,19.6,0.0,88.9,88.9,0.0,228.4,228.4,0.0,0.0,0.0,0.0,0.0,0.0,0.0,
495241,THALIA GARDENS REHABILITATION AND NURSING,VIRGINIA BEACH,VA,Virginia Beach City,810,2022Q4,20221124,116,0.0,0.0,0.0,0.0,0.0,0.0,47.4,47.4,0.0,0.0,0.0,0.0,93.0,93.0,0.0,179.1,179.1,0.0,0.0,0.0,0.0,0.0,0.0,0.0,
495241,THALIA GARDENS REHABILITATION AND NURSING,VIRGINIA BEACH,VA,Virginia Beach City,810,2022Q4,20221125,117,0.0,0.0,0.0,0.4,0.4,0.0,31.5,31.5,0.0,0.0,0.0,0.0,93.9,93.9,0.0,197.0,197.0,0.0,0.0,0.0,0.0,0.0,0.0,0.0,
495241,THALIA GARDENS REHABILITATION AND NURSING,VIRGINIA BEACH,VA,Virginia Beach City,810,2022Q4,20221126,117,0.0,0.0,0.0,6.4,6.4,0.0,39.4,39.4,0.0,0.0,0.0,0.0,89.0,89.0,0.0,166.7,166.7,0.0,0.0,0.0,0.0,0.0,0.0,0.0,
495241,THALIA GARDENS REHABILITATION AND NURSING,VIRGINIA BEACH,VA,Virginia Beach City,810,2022Q4,20221127,117,0.0,0.0,0.0,2.2,2.2,0.0,38.8,38.8,0.0,0.0,0.0,0.0,68.1,68.1,0.0,118.3,118.3,0.0,0.0,0.0,0.0,0.0,0.0,0.0,
495241,THALIA GARDENS REHABILITATION AND NURSING,VIRGINIA BEACH,VA,Virginia Beach City,810,2022Q4,20221128,116,8.0,8.0,0.0,1.9,1.9,0.0,24.5,24.5,0.0,19.7,19.7,0.0,105.6,105.6,0.0,227.8,227.8,0.0,0.0,0.0,0.0,0.0,0.0,0.0,
495241,THALIA GARDENS REHABILITATION AND NURSING,VIRGINIA BEACH,VA,Virginia Beach City,810,2022Q4,20221129,119,0.0,0.0,0.0,13.6,13.6,0.0,33.2,33.2,0.0,21.1,21.1,0.0,104.0,104.0,0.0,216.9,216.9,0.0,0.0,0.0,0.0,0.0,0.0,0.0,
495241,THALIA GARDENS REHABILITATION AND NURSING,VIRGINIA BEACH,VA,Virginia Beach City,810,2022Q4,20221130,117,8.0,8.0,0.0,16.5,16.5,0.0,34.9,34.9,0.0,18.8,18.8,0.0,97.5,97.5,0.0,200.0,200.0,0.0,0.0,0.0,0.0,0.0,0.0,0.0,
495241,THALIA GARDENS REHABILITATION AND NURSING,VIRGINIA BEACH,VA,Virginia Beach City,810,2022Q4,20221201,116,8.0,8.0,0.0,8.0,8.0,0.0,25.9,25.9,0.0,15.1,15.1,0.0,100.1,100.1,0.0,218.9,218.9,0.0,0.0,0.0,0.0,0.0,0.0,0.0,
495241,THALIA GARDENS REHABILITATION AND NURSING,VIRGINIA BEACH,VA,Virginia Beach City,810,2022Q4,20221202,116,0.0,0.0,0.0,8.0,8.0,0.0,17.2,17.2,0.0,9.4,9.4,0.0,113.7,113.7,0.0,241.9,241.9,0.0,0.0,0.0,0.0,0.0,0.0,0.0,
495241,THALIA GARDENS REHABILITATION AND NURSING,VIRGINIA BEACH,VA,Virginia Beach City,810,2022Q4,20221203,116,0.0,0.0,0.0,4.8,4.8,0.0,47.9,47.9,0.0,0.0,0.0,0.0,87.8,87.8,0.0,194.0,194.0,0.0,0.0,0.0,0.0,0.0,0.0,0.0,
495241,THALIA GARDENS REHABILITATION AND NURSING,VIRGINIA BEACH,VA,Virginia Beach City,810,2022Q4,20221204,116,0.0,0.0,0.0,13.6,13.6,0.0,15.5,15.5,0.0,0.0,0.0,0.0,95.2,95.2,0.0,125.6,125.6,0.0,0.0,0.0,0.0,0.0,0.0,0.0,
495241,THALIA GARDENS REHABILITATION AND NURSING,VIRGINIA BEACH,VA,Virginia Beach City,810,2022Q4,20221205,118,8.0,8.0,0.0,12.9,12.9,0.0,25.3,25.3,0.0,19.1,19.1,0.0,113.6,113.6,0.0,215.4,215.4,0.0,0.0,0.0,0.0,0.0,0.0,0.0,
495241,THALIA GARDENS REHABILITATION AND NURSING,VIRGINIA BEACH,VA,Virginia Beach City,810,2022Q4,20221206,118,8.0,8.0,0.0,9.0,9.0,0.0,33.7,33.7,0.0,18.2,18.2,0.0,102.7,102.7,0.0,220.5,220.5,0.0,0.0,0.0,0.0,0.0,0.0,0.0,
495241,THALIA GARDENS REHABILITATION AND NURSING,VIRGINIA BEACH,VA,Virginia Beach City,810,2022Q4,20221207,118,8.0,8.0,0.0,14.0,14.0,0.0,33.1,33.1,0.0,16.6,16.6,0.0,93.6,93.6,0.0,244.3,244.3,0.0,0.0,0.0,0.0,0.0,0.0,0.0,
495241,THALIA GARDENS REHABILITATION AND NURSING,VIRGINIA BEACH,VA,Virginia Beach City,810,2022Q4,20221208,119,8.0,8.0,0.0,10.5,10.5,0.0,25.3,25.3,0.0,18.0,18.0,0.0,100.8,100.8,0.0,236.1,236.1,0.0,0.0,0.0,0.0,0.0,0.0,0.0,
495241,THALIA GARDENS REHABILITATION AND NURSING,VIRGINIA BEACH,VA,Virginia Beach City,810,2022Q4,20221209,120,8.0,8.0,0.0,10.1,10.1,0.0,33.1,33.1,0.0,11.0,11.0,0.0,98.0,98.0,0.0,225.2,225.2,0.0,0.0,0.0,0.0,0.0,0.0,0.0,
495241,THALIA GARDENS REHABILITATION AND NURSING,VIRGINIA BEACH,VA,Virginia Beach City,810,2022Q4,20221210,119,0.0,0.0,0.0,0.0,0.0,0.0,34.0,34.0,0.0,0.0,0.0,0.0,115.0,115.0,0.0,198.6,198.6,0.0,0.0,0.0,0.0,0.0,0.0,0.0,
495241,THALIA GARDENS REHABILITATION AND NURSING,VIRGINIA BEACH,VA,Virginia Beach City,810,2022Q4,20221211,119,0.0,0.0,0.0,0.0,0.0,0.0,49.2,49.2,0.0,0.0,0.0,0.0,68.1,68.1,0.0,123.2,123.2,0.0,0.0,0.0,0.0,0.0,0.0,0.0,
495241,THALIA GARDENS REHABILITATION AND NURSING,VIRGINIA BEACH,VA,Virginia Beach City,810,2022Q4,20221212,120,8.0,8.0,0.0,11.0,11.0,0.0,26.8,26.8,0.0,19.8,19.8,0.0,123.1,123.1,0.0,187.7,187.7,0.0,0.0,0.0,0.0,0.0,0.0,0.0,
495241,THALIA GARDENS REHABILITATION AND NURSING,VIRGINIA BEACH,VA,Virginia Beach City,810,2022Q4,20221213,121,8.0,8.0,0.0,12.0,12.0,0.0,25.6,25.6,0.0,19.2,19.2,0.0,101.7,101.7,0.0,215.7,215.7,0.0,0.0,0.0,0.0,0.0,0.0,0.0,
495241,THALIA GARDENS REHABILITATION AND NURSING,VIRGINIA BEACH,VA,Virginia Beach City,810,2022Q4,20221214,121,8.0,8.0,0.0,9.3,9.3,0.0,24.7,24.7,0.0,17.0,17.0,0.0,110.3,110.3,0.0,220.5,220.5,0.0,0.0,0.0,0.0,0.0,0.0,0.0,
495241,THALIA GARDENS REHABILITATION AND NURSING,VIRGINIA BEACH,VA,Virginia Beach City,810,2022Q4,20221215,121,8.0,8.0,0.0,4.4,4.4,0.0,34.1,34.1,0.0,20.1,20.1,0.0,107.6,107.6,0.0,231.0,231.0,0.0,0.0,0.0,0.0,0.0,0.0,0.0,
495241,THALIA GARDENS REHABILITATION AND NURSING,VIRGINIA BEACH,VA,Virginia Beach City,810,2022Q4,20221216,121,0.0,0.0,0.0,0.6,0.6,0.0,22.3,22.3,0.0,19.8,19.8,0.0,113.7,113.7,0.0,214.3,214.3,0.0,0.0,0.0,0.0,0.0,0.0,0.0,
495241,THALIA GARDENS REHABILITATION AND NURSING,VIRGINIA BEACH,VA,Virginia Beach City,810,2022Q4,20221217,120,0.0,0.0,0.0,0.0,0.0,0.0,23.5,23.5,0.0,0.0,0.0,0.0,104.2,104.2,0.0,134.0,134.0,0.0,0.0,0.0,0.0,0.0,0.0,0.0,
495241,THALIA GARDENS REHABILITATION AND NURSING,VIRGINIA BEACH,VA,Virginia Beach City,810,2022Q4,20221218,119,0.0,0.0,0.0,5.0,5.0,0.0,40.4,40.4,0.0,0.0,0.0,0.0,70.6,70.6,0.0,91.6,91.6,0.0,0.0,0.0,0.0,0.0,0.0,0.0,
495241,THALIA GARDENS REHABILITATION AND NURSING,VIRGINIA BEACH,VA,Virginia Beach City,810,2022Q4,20221219,116,0.0,0.0,0.0,4.6,4.6,0.0,32.2,32.2,0.0,19.4,19.4,0.0,120.5,120.5,0.0,215.0,215.0,0.0,0.0,0.0,0.0,0.0,0.0,0.0,
495241,THALIA GARDENS REHABILITATION AND NURSING,VIRGINIA BEACH,VA,Virginia Beach City,810,2022Q4,20221220,116,8.0,8.0,0.0,12.7,12.7,0.0,24.6,24.6,0.0,28.9,28.9,0.0,114.4,114.4,0.0,205.5,205.5,0.0,0.0,0.0,0.0,0.0,0.0,0.0,
495241,THALIA GARDENS REHABILITATION AND NURSING,VIRGINIA BEACH,VA,Virginia Beach City,810,2022Q4,20221221,117,8.0,8.0,0.0,11.5,11.5,0.0,24.9,24.9,0.0,27.7,27.7,0.0,102.5,102.5,0.0,191.5,191.5,0.0,0.0,0.0,0.0,0.0,0.0,0.0,
495241,THALIA GARDENS REHABILITATION AND NURSING,VIRGINIA BEACH,VA,Virginia Beach City,810,2022Q4,20221222,118,8.0,8.0,0.0,0.0,0.0,0.0,17.0,17.0,0.0,24.6,24.6,0.0,117.3,117.3,0.0,205.2,205.2,0.0,0.0,0.0,0.0,0.0,0.0,0.0,
495241,THALIA GARDENS REHABILITATION AND NURSING,VIRGINIA BEACH,VA,Virginia Beach City,810,2022Q4,20221223,117,0.0,0.0,0.0,0.5,0.5,0.0,25.7,25.7,0.0,0.0,0.0,0.0,83.2,83.2,0.0,188.5,188.5,0.0,0.0,0.0,0.0,0.0,0.0,0.0,
495241,THALIA GARDENS REHABILITATION AND NURSING,VIRGINIA BEACH,VA,Virginia Beach City,810,2022Q4,20221224,115,0.0,0.0,0.0,0.0,0.0,0.0,31.5,31.5,0.0,0.0,0.0,0.0,123.8,123.8,0.0,186.5,186.5,0.0,0.0,0.0,0.0,0.0,0.0,0.0,
495241,THALIA GARDENS REHABILITATION AND NURSING,VIRGINIA BEACH,VA,Virginia Beach City,810,2022Q4,20221225,115,0.0,0.0,0.0,0.0,0.0,0.0,47.4,47.4,0.0,0.0,0.0,0.0,65.9,65.9,0.0,81.3,81.3,0.0,0.0,0.0,0.0,0.0,0.0,0.0,
495241,THALIA GARDENS REHABILITATION AND NURSING,VIRGINIA BEACH,VA,Virginia Beach City,810,2022Q4,20221226,115,8.0,8.0,0.0,3.1,3.1,0.0,29.4,29.4,0.0,0.0,0.0,0.0,89.5,89.5,0.0,173.6,173.6,0.0,0.0,0.0,0.0,0.0,0.0,0.0,
495241,THALIA GARDENS REHABILITATION AND NURSING,VIRGINIA BEACH,VA,Virginia Beach City,810,2022Q4,20221227,116,8.0,8.0,0.0,13.6,13.6,0.0,25.5,25.5,0.0,29.2,29.2,0.0,99.1,99.1,0.0,183.1,183.1,0.0,0.0,0.0,0.0,0.0,0.0,0.0,
495241,THALIA GARDENS REHABILITATION AND NURSING,VIRGINIA BEACH,VA,Virginia Beach City,810,2022Q4,20221228,117,8.0,8.0,0.0,8.6,8.6,0.0,41.7,41.7,0.0,29.6,29.6,0.0,87.6,87.6,0.0,233.8,233.8,0.0,0.0,0.0,0.0,0.0,0.0,0.0,
495241,THALIA GARDENS REHABILITATION AND NURSING,VIRGINIA BEACH,VA,Virginia Beach City,810,2022Q4,20221229,116,8.0,8.0,0.0,12.5,12.5,0.0,33.5,33.5,0.0,31.3,31.3,0.0,110.7,110.7,0.0,238.8,238.8,0.0,0.0,0.0,0.0,0.0,0.0,0.0,
495241,THALIA GARDENS REHABILITATION AND NURSING,VIRGINIA BEACH,VA,Virginia Beach City,810,2022Q4,20221230,115,8.0,8.0,0.0,3.5,3.5,0.0,17.2,17.2,0.0,19.7,19.7,0.0,109.4,109.4,0.0,231.6,231.6,0.0,0.0,0.0,0.0,0.0,0.0,0.0,
495241,THALIA GARDENS REHABILITATION AND NURSING,VIRGINIA BEACH,VA,Virginia Beach City,810,2022Q4,20221231,115,0.0,0.0,0.0,0.0,0.0,0.0,24.7,24.7,0.0,0.0,0.0,0.0,101.4,101.4,0.0,118.3,118.3,0.0,0.0,0.0,0.0,0.0,0.0,0.0,
495241,THALIA GARDENS REHABILITATION AND NURSING,VIRGINIA BEACH,VA,Virginia Beach City,810,2023Q1,20230101,115,0.0,0.0,0.0,0.0,0.0,0.0,22.3,22.3,0.0,0.0,0.0,0.0,99.9,99.9,0.0,81.7,81.7,0.0,0.0,0.0,0.0,0.0,0.0,0.0,
495241,THALIA GARDENS REHABILITATION AND NURSING,VIRGINIA BEACH,VA,Virginia Beach City,810,2023Q1,20230102,114,8.0,8.0,0.0,8.0,8.0,0.0,32.8,32.8,0.0,9.9,9.9,0.0,105.8,105.8,0.0,232.7,232.7,0.0,0.0,0.0,0.0,0.0,0.0,0.0,
495241,THALIA GARDENS REHABILITATION AND NURSING,VIRGINIA BEACH,VA,Virginia Beach City,810,2023Q1,20230103,112,6.2,6.2,0.0,8.0,8.0,0.0,27.8,27.8,0.0,39.5,39.5,0.0,98.0,98.0,0.0,223.5,223.5,0.0,0.0,0.0,0.0,0.0,0.0,0.0,
495241,THALIA GARDENS REHABILITATION AND NURSING,VIRGINIA BEACH,VA,Virginia Beach City,810,2023Q1,20230104,113,5.8,5.8,0.0,8.0,8.0,0.0,44.2,44.2,0.0,47.4,47.4,0.0,99.8,99.8,0.0,225.2,225.2,0.0,0.0,0.0,0.0,0.0,0.0,0.0,
495241,THALIA GARDENS REHABILITATION AND NURSING,VIRGINIA BEACH,VA,Virginia Beach City,810,2023Q1,20230105,114,5.9,5.9,0.0,8.0,8.0,0.0,36.5,36.5,0.0,37.9,37.9,0.0,99.7,99.7,0.0,223.5,223.5,0.0,0.0,0.0,0.0,0.0,0.0,0.0,
495241,THALIA GARDENS REHABILITATION AND NURSING,VIRGINIA BEACH,VA,Virginia Beach City,810,2023Q1,20230106,114,7.2,7.2,0.0,8.0,8.0,0.0,19.6,19.6,0.0,34.3,34.3,0.0,111.5,111.5,0.0,237.3,237.3,0.0,0.0,0.0,0.0,0.0,0.0,0.0,
495241,THALIA GARDENS REHABILITATION AND NURSING,VIRGINIA BEACH,VA,Virginia Beach City,810,2023Q1,20230107,113,0.0,0.0,0.0,0.0,0.0,0.0,17.3,17.3,0.0,0.0,0.0,0.0,97.2,97.2,0.0,178.7,178.7,0.0,0.0,0.0,0.0,0.0,0.0,0.0,
495241,THALIA GARDENS REHABILITATION AND NURSING,VIRGINIA BEACH,VA,Virginia Beach City,810,2023Q1,20230108,113,0.0,0.0,0.0,0.0,0.0,0.0,23.3,23.3,0.0,0.0,0.0,0.0,108.8,108.8,0.0,162.4,162.4,0.0,0.0,0.0,0.0,0.0,0.0,0.0,
495241,THALIA GARDENS REHABILITATION AND NURSING,VIRGINIA BEACH,VA,Virginia Beach City,810,2023Q1,20230109,117,8.0,8.0,0.0,8.0,8.0,0.0,17.2,17.2,0.0,10.0,10.0,0.0,114.5,114.5,0.0,201.3,201.3,0.0,0.0,0.0,0.0,0.0,0.0,0.0,
495241,THALIA GARDENS REHABILITATION AND NURSING,VIRGINIA BEACH,VA,Virginia Beach City,810,2023Q1,20230110,119,8.0,8.0,0.0,8.0,8.0,0.0,33.4,33.4,0.0,37.4,37.4,0.0,113.3,113.3,0.0,201.6,201.6,0.0,0.0,0.0,0.0,0.0,0.0,0.0,
495241,THALIA GARDENS REHABILITATION AND NURSING,VIRGINIA BEACH,VA,Virginia Beach City,810,2023Q1,20230111,120,8.0,8.0,0.0,8.0,8.0,0.0,40.5,40.5,0.0,36.2,36.2,0.0,84.7,84.7,0.0,208.8,208.8,0.0,0.0,0.0,0.0,0.0,0.0,0.0,
495241,THALIA GARDENS REHABILITATION AND NURSING,VIRGINIA BEACH,VA,Virginia Beach City,810,2023Q1,20230112,120,8.0,8.0,0.0,8.0,8.0,0.0,34.2,34.2,0.0,39.4,39.4,0.0,89.4,89.4,0.0,227.6,227.6,0.0,0.0,0.0,0.0,0.0,0.0,0.0,
495241,THALIA GARDENS REHABILITATION AND NURSING,VIRGINIA BEACH,VA,Virginia Beach City,810,2023Q1,20230113,121,8.0,8.0,0.0,8.0,8.0,0.0,23.9,23.9,0.0,36.5,36.5,0.0,112.7,112.7,0.0,204.9,204.9,0.0,0.0,0.0,0.0,0.0,0.0,0.0,
495241,THALIA GARDENS REHABILITATION AND NURSING,VIRGINIA BEACH,VA,Virginia Beach City,810,2023Q1,20230114,120,0.0,0.0,0.0,0.0,0.0,0.0,30.1,30.1,0.0,2.5,2.5,0.0,112.1,112.1,0.0,182.7,182.7,0.0,0.0,0.0,0.0,0.0,0.0,0.0,
495241,THALIA GARDENS REHABILITATION AND NURSING,VIRGINIA BEACH,VA,Virginia Beach City,810,2023Q1,20230115,120,0.0,0.0,0.0,0.0,0.0,0.0,37.8,37.8,0.0,0.0,0.0,0.0,90.2,90.2,0.0,172.5,172.5,0.0,0.0,0.0,0.0,0.0,0.0,0.0,
495241,THALIA GARDENS REHABILITATION AND NURSING,VIRGINIA BEACH,VA,Virginia Beach City,810,2023Q1,20230116,122,8.0,8.0,0.0,8.0,8.0,0.0,31.9,31.9,0.0,26.1,26.1,0.0,96.7,96.7,0.0,197.1,197.1,0.0,0.0,0.0,0.0,0.0,0.0,0.0,
495241,THALIA GARDENS REHABILITATION AND NURSING,VIRGINIA BEACH,VA,Virginia Beach City,810,2023Q1,20230117,123,8.0,8.0,0.0,8.0,8.0,0.0,33.2,33.2,0.0,38.7,38.7,0.0,95.8,95.8,0.0,190.1,190.1,0.0,0.0,0.0,0.0,0.0,0.0,0.0,
495241,THALIA GARDENS REHABILITATION AND NURSING,VIRGINIA BEACH,VA,Virginia Beach City,810,2023Q1,20230118,122,8.0,8.0,0.0,8.0,8.0,0.0,24.7,24.7,0.0,38.3,38.3,0.0,111.5,111.5,0.0,208.8,208.8,0.0,0.0,0.0,0.0,0.0,0.0,0.0,
495241,THALIA GARDENS REHABILITATION AND NURSING,VIRGINIA BEACH,VA,Virginia Beach City,810,2023Q1,20230119,122,8.0,8.0,0.0,8.0,8.0,0.0,22.6,22.6,0.0,41.1,41.1,0.0,100.5,100.5,0.0,189.7,189.7,0.0,0.0,0.0,0.0,0.0,0.0,0.0,
495241,THALIA GARDENS REHABILITATION AND NURSING,VIRGINIA BEACH,VA,Virginia Beach City,810,2023Q1,20230120,123,8.0,8.0,0.0,8.0,8.0,0.0,33.5,33.5,0.0,37.8,37.8,0.0,97.5,97.5,0.0,185.2,185.2,0.0,0.0,0.0,0.0,0.0,0.0,0.0,
495241,THALIA GARDENS REHABILITATION AND NURSING,VIRGINIA BEACH,VA,Virginia Beach City,810,2023Q1,20230121,120,0.0,0.0,0.0,0.0,0.0,0.0,31.4,31.4,0.0,2.3,2.3,0.0,105.0,105.0,0.0,156.9,156.9,0.0,0.0,0.0,0.0,0.0,0.0,0.0,
495241,THALIA GARDENS REHABILITATION AND NURSING,VIRGINIA BEACH,VA,Virginia Beach City,810,2023Q1,20230122,120,0.0,0.0,0.0,0.0,0.0,0.0,40.8,40.8,0.0,6.2,6.2,0.0,83.0,83.0,0.0,126.1,126.1,0.0,0.0,0.0,0.0,0.0,0.0,0.0,
495241,THALIA GARDENS REHABILITATION AND NURSING,VIRGINIA BEACH,VA,Virginia Beach City,810,2023Q1,20230123,118,8.0,8.0,0.0,8.0,8.0,0.0,16.6,16.6,0.0,8.6,8.6,0.0,114.2,114.2,0.0,196.2,196.2,0.0,0.0,0.0,0.0,0.0,0.0,0.0,
495241,THALIA GARDENS REHABILITATION AND NURSING,VIRGINIA BEACH,VA,Virginia Beach City,810,2023Q1,20230124,120,8.0,8.0,0.0,8.0,8.0,0.0,9.1,9.1,0.0,19.3,19.3,0.0,131.8,131.8,0.0,192.1,192.1,0.0,0.0,0.0,0.0,0.0,0.0,0.0,
495241,THALIA GARDENS REHABILITATION AND NURSING,VIRGINIA BEACH,VA,Virginia Beach City,810,2023Q1,20230125,121,8.0,8.0,0.0,8.0,8.0,0.0,51.7,51.7,0.0,37.4,37.4,0.0,74.4,74.4,0.0,215.7,215.7,0.0,0.0,0.0,0.0,0.0,0.0,0.0,
495241,THALIA GARDENS REHABILITATION AND NURSING,VIRGINIA BEACH,VA,Virginia Beach City,810,2023Q1,20230126,121,8.0,8.0,0.0,8.0,8.0,0.0,25.1,25.1,0.0,9.4,9.4,0.0,105.7,105.7,0.0,200.2,200.2,0.0,0.0,0.0,0.0,0.0,0.0,0.0,
495241,THALIA GARDENS REHABILITATION AND NURSING,VIRGINIA BEACH,VA,Virginia Beach City,810,2023Q1,20230127,124,8.0,8.0,0.0,0.8,0.8,0.0,23.4,23.4,0.0,9.2,9.2,0.0,113.4,113.4,0.0,153.6,153.6,0.0,0.0,0.0,0.0,0.0,0.0,0.0,
495241,THALIA GARDENS REHABILITATION AND NURSING,VIRGINIA BEACH,VA,Virginia Beach City,810,2023Q1,20230128,124,0.0,0.0,0.0,0.0,0.0,0.0,39.5,39.5,0.0,16.7,16.7,0.0,83.5,83.5,0.0,192.5,192.5,0.0,0.0,0.0,0.0,0.0,0.0,0.0,
495241,THALIA GARDENS REHABILITATION AND NURSING,VIRGINIA BEACH,VA,Virginia Beach City,810,2023Q1,20230129,123,0.0,0.0,0.0,0.0,0.0,0.0,36.3,36.3,0.0,5.1,5.1,0.0,73.2,73.2,0.0,175.9,175.9,0.0,0.0,0.0,0.0,0.0,0.0,0.0,
495241,THALIA GARDENS REHABILITATION AND NURSING,VIRGINIA BEACH,VA,Virginia Beach City,810,2023Q1,20230130,122,8.0,8.0,0.0,8.0,8.0,0.0,26.2,26.2,0.0,30.5,30.5,0.0,101.0,101.0,0.0,172.8,172.8,0.0,0.0,0.0,0.0,0.0,0.0,0.0,
495241,THALIA GARDENS REHABILITATION AND NURSING,VIRGINIA BEACH,VA,Virginia Beach City,810,2023Q1,20230131,121,8.0,8.0,0.0,8.0,8.0,0.0,25.7,25.7,0.0,36.8,36.8,0.0,111.9,111.9,0.0,178.1,178.1,0.0,0.0,0.0,0.0,0.0,0.0,0.0,
495241,THALIA GARDENS REHABILITATION AND NURSING,VIRGINIA BEACH,VA,Virginia Beach City,810,2023Q1,20230201,120,8.0,8.0,0.0,8.0,8.0,0.0,33.8,33.8,0.0,37.7,37.7,0.0,105.1,105.1,0.0,206.0,206.0,0.0,0.0,0.0,0.0,0.0,0.0,0.0,
495241,THALIA GARDENS REHABILITATION AND NURSING,VIRGINIA BEACH,VA,Virginia Beach City,810,2023Q1,20230202,121,8.0,8.0,0.0,8.0,8.0,0.0,23.5,23.5,0.0,39.3,39.3,0.0,117.1,117.1,0.0,217.1,217.1,0.0,0.0,0.0,0.0,0.0,0.0,0.0,
495241,THALIA GARDENS REHABILITATION AND NURSING,VIRGINIA BEACH,VA,Virginia Beach City,810,2023Q1,20230203,125,8.0,8.0,0.0,8.0,8.0,0.0,22.7,22.7,0.0,38.9,38.9,0.0,139.4,139.4,0.0,153.2,153.2,0.0,0.0,0.0,0.0,0.0,0.0,0.0,
495241,THALIA GARDENS REHABILITATION AND NURSING,VIRGINIA BEACH,VA,Virginia Beach City,810,2023Q1,20230204,123,0.0,0.0,0.0,0.0,0.0,0.0,32.5,32.5,0.0,1.3,1.3,0.0,116.6,116.6,0.0,151.0,151.0,0.0,0.0,0.0,0.0,0.0,0.0,0.0,
495241,THALIA GARDENS REHABILITATION AND NURSING,VIRGINIA BEACH,VA,Virginia Beach City,810,2023Q1,20230205,122,0.0,0.0,0.0,0.0,0.0,0.0,45.7,45.7,0.0,7.8,7.8,0.0,94.7,94.7,0.0,141.1,141.1,0.0,0.0,0.0,0.0,0.0,0.0,0.0,
495241,THALIA GARDENS REHABILITATION AND NURSING,VIRGINIA BEACH,VA,Virginia Beach City,810,2023Q1,20230206,121,8.0,8.0,0.0,8.0,8.0,0.0,8.5,8.5,0.0,9.3,9.3,0.0,153.1,153.1,0.0,206.0,206.0,0.0,0.0,0.0,0.0,0.0,0.0,0.0,
495241,THALIA GARDENS REHABILITATION AND NURSING,VIRGINIA BEACH,VA,Virginia Beach City,810,2023Q1,20230207,123,8.0,8.0,0.0,8.0,8.0,0.0,17.2,17.2,0.0,32.3,32.3,0.0,114.4,114.4,0.0,183.3,183.3,0.0,0.0,0.0,0.0,0.0,0.0,0.0,
495241,THALIA GARDENS REHABILITATION AND NURSING,VIRGINIA BEACH,VA,Virginia Beach City,810,2023Q1,20230208,121,8.0,8.0,0.0,8.0,8.0,0.0,25.6,25.6,0.0,29.7,29.7,0.0,105.7,105.7,0.0,194.7,194.7,0.0,0.0,0.0,0.0,0.0,0.0,0.0,
495241,THALIA GARDENS REHABILITATION AND NURSING,VIRGINIA BEACH,VA,Virginia Beach City,810,2023Q1,20230209,122,8.0,8.0,0.0,8.0,8.0,0.0,25.1,25.1,0.0,40.0,40.0,0.0,118.3,118.3,0.0,191.3,191.3,0.0,0.0,0.0,0.0,0.0,0.0,0.0,
495241,THALIA GARDENS REHABILITATION AND NURSING,VIRGINIA BEACH,VA,Virginia Beach City,810,2023Q1,20230210,121,8.0,8.0,0.0,8.0,8.0,0.0,16.9,16.9,0.0,28.2,28.2,0.0,132.7,132.7,0.0,164.5,164.5,0.0,0.0,0.0,0.0,0.0,0.0,0.0,
495241,THALIA GARDENS REHABILITATION AND NURSING,VIRGINIA BEACH,VA,Virginia Beach City,810,2023Q1,20230211,121,0.0,0.0,0.0,0.0,0.0,0.0,47.6,47.6,0.0,4.4,4.4,0.0,98.4,98.4,0.0,161.9,161.9,0.0,0.0,0.0,0.0,0.0,0.0,0.0,
495241,THALIA GARDENS REHABILITATION AND NURSING,VIRGINIA BEACH,VA,Virginia Beach City,810,2023Q1,20230212,121,0.0,0.0,0.0,0.0,0.0,0.0,31.6,31.6,0.0,0.0,0.0,0.0,94.7,94.7,0.0,135.6,135.6,0.0,0.0,0.0,0.0,0.0,0.0,0.0,
495241,THALIA GARDENS REHABILITATION AND NURSING,VIRGINIA BEACH,VA,Virginia Beach City,810,2023Q1,20230213,121,8.0,8.0,0.0,8.0,8.0,0.0,22.9,22.9,0.0,34.5,34.5,0.0,104.6,104.6,0.0,159.2,159.2,0.0,0.0,0.0,0.0,0.0,0.0,0.0,
495241,THALIA GARDENS REHABILITATION AND NURSING,VIRGINIA BEACH,VA,Virginia Beach City,810,2023Q1,20230214,120,8.0,8.0,0.0,8.0,8.0,0.0,24.0,24.0,0.0,29.1,29.1,0.0,120.7,120.7,0.0,118.2,118.2,0.0,0.0,0.0,0.0,0.0,0.0,0.0,
495241,THALIA GARDENS REHABILITATION AND NURSING,VIRGINIA BEACH,VA,Virginia Beach City,810,2023Q1,20230215,119,8.0,8.0,0.0,8.0,8.0,0.0,8.1,8.1,0.0,40.2,40.2,0.0,121.9,121.9,0.0,181.5,181.5,0.0,0.0,0.0,0.0,0.0,0.0,0.0,
495241,THALIA GARDENS REHABILITATION AND NURSING,VIRGINIA BEACH,VA,Virginia Beach City,810,2023Q1,20230216,120,8.0,8.0,0.0,8.0,8.0,0.0,8.1,8.1,0.0,42.7,42.7,0.0,123.8,123.8,0.0,166.5,166.5,0.0,0.0,0.0,0.0,0.0,0.0,0.0,
495241,THALIA GARDENS REHABILITATION AND NURSING,VIRGINIA BEACH,VA,Virginia Beach City,810,2023Q1,20230217,121,8.0,8.0,0.0,8.0,8.0,0.0,0.5,0.5,0.0,36.9,36.9,0.0,113.8,113.8,0.0,155.7,155.7,0.0,0.0,0.0,0.0,0.0,0.0,0.0,
495241,THALIA GARDENS REHABILITATION AND NURSING,VIRGINIA BEACH,VA,Virginia Beach City,810,2023Q1,20230218,120,0.0,0.0,0.0,0.0,0.0,0.0,25.4,25.4,0.0,4.6,4.6,0.0,103.9,103.9,0.0,168.3,168.3,0.0,0.0,0.0,0.0,0.0,0.0,0.0,
495241,THALIA GARDENS REHABILITATION AND NURSING,VIRGINIA BEACH,VA,Virginia Beach City,810,2023Q1,20230219,120,0.0,0.0,0.0,0.0,0.0,0.0,26.2,26.2,0.0,2.3,2.3,0.0,111.3,111.3,0.0,122.8,122.8,0.0,0.0,0.0,0.0,0.0,0.0,0.0,
495241,THALIA GARDENS REHABILITATION AND NURSING,VIRGINIA BEACH,VA,Virginia Beach City,810,2023Q1,20230220,121,8.0,8.0,0.0,8.0,8.0,0.0,23.9,23.9,0.0,20.5,20.5,0.0,103.7,103.7,0.0,155.1,155.1,0.0,0.0,0.0,0.0,0.0,0.0,0.0,
495241,THALIA GARDENS REHABILITATION AND NURSING,VIRGINIA BEACH,VA,Virginia Beach City,810,2023Q1,20230221,120,8.0,8.0,0.0,8.0,8.0,0.0,17.0,17.0,0.0,31.4,31.4,0.0,121.8,121.8,0.0,177.3,177.3,0.0,0.0,0.0,0.0,0.0,0.0,0.0,
495241,THALIA GARDENS REHABILITATION AND NURSING,VIRGINIA BEACH,VA,Virginia Beach City,810,2023Q1,20230222,121,8.0,8.0,0.0,8.0,8.0,0.0,18.0,18.0,0.0,41.1,41.1,0.0,115.1,115.1,0.0,201.0,201.0,0.0,0.0,0.0,0.0,0.0,0.0,0.0,
495241,THALIA GARDENS REHABILITATION AND NURSING,VIRGINIA BEACH,VA,Virginia Beach City,810,2023Q1,20230223,118,8.0,8.0,0.0,8.0,8.0,0.0,27.9,27.9,0.0,30.6,30.6,0.0,128.8,128.8,0.0,189.7,189.7,0.0,0.0,0.0,0.0,0.0,0.0,0.0,
495241,THALIA GARDENS REHABILITATION AND NURSING,VIRGINIA BEACH,VA,Virginia Beach City,810,2023Q1,20230224,116,8.0,8.0,0.0,8.0,8.0,0.0,10.0,10.0,0.0,26.8,26.8,0.0,135.6,135.6,0.0,181.5,181.5,0.0,0.0,0.0,0.0,0.0,0.0,0.0,
495241,THALIA GARDENS REHABILITATION AND NURSING,VIRGINIA BEACH,VA,Virginia Beach City,810,2023Q1,20230225,115,0.0,0.0,0.0,0.0,0.0,0.0,25.0,25.0,0.0,0.0,0.0,0.0,98.9,98.9,0.0,154.0,154.0,0.0,0.0,0.0,0.0,0.0,0.0,0.0,
495241,THALIA GARDENS REHABILITATION AND NURSING,VIRGINIA BEACH,VA,Virginia Beach City,810,2023Q1,20230226,114,0.0,0.0,0.0,0.0,0.0,0.0,23.2,23.2,0.0,0.0,0.0,0.0,86.6,86.6,0.0,148.9,148.9,0.0,0.0,0.0,0.0,0.0,0.0,0.0,
495241,THALIA GARDENS REHABILITATION AND NURSING,VIRGINIA BEACH,VA,Virginia Beach City,810,2023Q1,20230227,115,8.0,8.0,0.0,0.0,0.0,0.0,8.5,8.5,0.0,12.0,12.0,0.0,124.9,124.9,0.0,159.2,159.2,0.0,0.0,0.0,0.0,0.0,0.0,0.0,
495241,THALIA GARDENS REHABILITATION AND NURSING,VIRGINIA BEACH,VA,Virginia Beach City,810,2023Q1,20230228,115,8.0,8.0,0.0,8.0,8.0,0.0,19.2,19.2,0.0,24.1,24.1,0.0,136.0,136.0,0.0,167.4,167.4,0.0,0.0,0.0,0.0,0.0,0.0,0.0,
495241,THALIA GARDENS REHABILITATION AND NURSING,VIRGINIA BEACH,VA,Virginia Beach City,810,2023Q1,20230301,115,8.0,8.0,0.0,8.0,8.0,0.0,16.3,16.3,0.0,2.7,2.7,0.0,136.7,136.7,0.0,185.6,185.6,0.0,0.0,0.0,0.0,0.0,0.0,0.0,
495241,THALIA GARDENS REHABILITATION AND NURSING,VIRGINIA BEACH,VA,Virginia Beach City,810,2023Q1,20230302,117,8.0,8.0,0.0,8.0,8.0,0.0,18.1,18.1,0.0,9.8,9.8,0.0,131.6,131.6,0.0,189.8,189.8,0.0,0.0,0.0,0.0,0.0,0.0,0.0,
495241,THALIA GARDENS REHABILITATION AND NURSING,VIRGINIA BEACH,VA,Virginia Beach City,810,2023Q1,20230303,118,8.0,8.0,0.0,8.0,8.0,0.0,8.9,8.9,0.0,0.0,0.0,0.0,125.8,125.8,0.0,185.6,185.6,0.0,0.0,0.0,0.0,0.0,0.0,0.0,
495241,THALIA GARDENS REHABILITATION AND NURSING,VIRGINIA BEACH,VA,Virginia Beach City,810,2023Q1,20230304,117,0.0,0.0,0.0,0.0,0.0,0.0,9.0,9.0,0.0,5.2,5.2,0.0,126.8,126.8,0.0,175.7,175.7,0.0,0.0,0.0,0.0,0.0,0.0,0.0,
495241,THALIA GARDENS REHABILITATION AND NURSING,VIRGINIA BEACH,VA,Virginia Beach City,810,2023Q1,20230305,117,0.0,0.0,0.0,0.0,0.0,0.0,19.3,19.3,0.0,0.0,0.0,0.0,126.2,126.2,0.0,98.8,98.8,0.0,0.0,0.0,0.0,0.0,0.0,0.0,
495241,THALIA GARDENS REHABILITATION AND NURSING,VIRGINIA BEACH,VA,Virginia Beach City,810,2023Q1,20230306,116,8.0,8.0,0.0,0.0,0.0,0.0,23.6,23.6,0.0,18.3,18.3,0.0,108.4,108.4,0.0,169.6,169.6,0.0,0.0,0.0,0.0,0.0,0.0,0.0,
495241,THALIA GARDENS REHABILITATION AND NURSING,VIRGINIA BEACH,VA,Virginia Beach City,810,2023Q1,20230307,120,8.0,8.0,0.0,8.0,8.0,0.0,12.0,12.0,0.0,15.9,15.9,0.0,147.4,147.4,0.0,173.7,173.7,0.0,0.0,0.0,0.0,0.0,0.0,0.0,
495241,THALIA GARDENS REHABILITATION AND NURSING,VIRGINIA BEACH,VA,Virginia Beach City,810,2023Q1,20230308,117,8.0,8.0,0.0,8.0,8.0,0.0,30.8,30.8,0.0,24.7,24.7,0.0,131.0,131.0,0.0,216.9,216.9,0.0,0.0,0.0,0.0,0.0,0.0,0.0,
495241,THALIA GARDENS REHABILITATION AND NURSING,VIRGINIA BEACH,VA,Virginia Beach City,810,2023Q1,20230309,118,8.0,8.0,0.0,8.0,8.0,0.0,20.7,20.7,0.0,27.5,27.5,0.0,142.5,142.5,0.0,189.6,189.6,0.0,0.0,0.0,0.0,0.0,0.0,0.0,
495241,THALIA GARDENS REHABILITATION AND NURSING,VIRGINIA BEACH,VA,Virginia Beach City,810,2023Q1,20230310,118,8.0,8.0,0.0,8.0,8.0,0.0,24.8,24.8,0.0,13.5,13.5,0.0,128.4,128.4,0.0,173.1,173.1,0.0,0.0,0.0,0.0,0.0,0.0,0.0,
495241,THALIA GARDENS REHABILITATION AND NURSING,VIRGINIA BEACH,VA,Virginia Beach City,810,2023Q1,20230311,119,0.0,0.0,0.0,0.0,0.0,0.0,15.6,15.6,0.0,0.0,0.0,0.0,115.2,115.2,0.0,191.2,191.2,0.0,0.0,0.0,0.0,0.0,0.0,0.0,
495241,THALIA GARDENS REHABILITATION AND NURSING,VIRGINIA BEACH,VA,Virginia Beach City,810,2023Q1,20230312,119,0.0,0.0,0.0,0.0,0.0,0.0,8.8,8.8,0.0,0.0,0.0,0.0,120.7,120.7,0.0,169.8,169.8,0.0,0.0,0.0,0.0,0.0,0.0,0.0,
495241,THALIA GARDENS REHABILITATION AND NURSING,VIRGINIA BEACH,VA,Virginia Beach City,810,2023Q1,20230313,118,8.0,8.0,0.0,8.0,8.0,0.0,32.3,32.3,0.0,28.6,28.6,0.0,122.2,122.2,0.0,195.0,195.0,0.0,0.0,0.0,0.0,0.0,0.0,0.0,
495241,THALIA GARDENS REHABILITATION AND NURSING,VIRGINIA BEACH,VA,Virginia Beach City,810,2023Q1,20230314,117,8.0,8.0,0.0,8.0,8.0,0.0,25.0,25.0,0.0,23.8,23.8,0.0,134.3,134.3,0.0,199.0,199.0,0.0,0.0,0.0,0.0,0.0,0.0,0.0,
495241,THALIA GARDENS REHABILITATION AND NURSING,VIRGINIA BEACH,VA,Virginia Beach City,810,2023Q1,20230315,119,8.0,8.0,0.0,8.0,8.0,0.0,24.9,24.9,0.0,18.9,18.9,0.0,131.2,131.2,0.0,197.1,197.1,0.0,0.0,0.0,0.0,0.0,0.0,0.0,
495241,THALIA GARDENS REHABILITATION AND NURSING,VIRGINIA BEACH,VA,Virginia Beach City,810,2023Q1,20230316,120,8.0,8.0,0.0,8.0,8.0,0.0,16.5,16.5,0.0,15.9,15.9,0.0,132.4,132.4,0.0,215.2,215.2,0.0,0.0,0.0,0.0,0.0,0.0,0.0,
495241,THALIA GARDENS REHABILITATION AND NURSING,VIRGINIA BEACH,VA,Virginia Beach City,810,2023Q1,20230317,122,8.0,8.0,0.0,8.0,8.0,0.0,17.2,17.2,0.0,7.3,7.3,0.0,111.9,111.9,0.0,202.2,202.2,0.0,0.0,0.0,0.0,0.0,0.0,0.0,
495241,THALIA GARDENS REHABILITATION AND NURSING,VIRGINIA BEACH,VA,Virginia Beach City,810,2023Q1,20230318,121,0.0,0.0,0.0,0.0,0.0,0.0,9.0,9.0,0.0,0.0,0.0,0.0,131.5,131.5,0.0,175.7,175.7,0.0,0.0,0.0,0.0,0.0,0.0,0.0,
495241,THALIA GARDENS REHABILITATION AND NURSING,VIRGINIA BEACH,VA,Virginia Beach City,810,2023Q1,20230319,120,0.0,0.0,0.0,0.0,0.0,0.0,17.6,17.6,0.0,0.0,0.0,0.0,128.9,128.9,0.0,124.6,124.6,0.0,0.0,0.0,0.0,0.0,0.0,0.0,
495241,THALIA GARDENS REHABILITATION AND NURSING,VIRGINIA BEACH,VA,Virginia Beach City,810,2023Q1,20230320,119,8.0,8.0,0.0,10.0,10.0,0.0,8.3,8.3,0.0,5.5,5.5,0.0,149.3,149.3,0.0,189.7,189.7,0.0,0.0,0.0,0.0,0.0,0.0,0.0,
495241,THALIA GARDENS REHABILITATION AND NURSING,VIRGINIA BEACH,VA,Virginia Beach City,810,2023Q1,20230321,118,8.0,8.0,0.0,10.0,10.0,0.0,15.9,15.9,0.0,36.3,36.3,0.0,118.0,118.0,0.0,199.2,199.2,0.0,0.0,0.0,0.0,0.0,0.0,0.0,
495241,THALIA GARDENS REHABILITATION AND NURSING,VIRGINIA BEACH,VA,Virginia Beach City,810,2023Q1,20230322,118,8.0,8.0,0.0,8.0,8.0,0.0,24.7,24.7,0.0,28.4,28.4,0.0,115.5,115.5,0.0,213.2,213.2,0.0,0.0,0.0,0.0,0.0,0.0,0.0,
495241,THALIA GARDENS REHABILITATION AND NURSING,VIRGINIA BEACH,VA,Virginia Beach City,810,2023Q1,20230323,118,8.0,8.0,0.0,9.0,9.0,0.0,40.9,40.9,0.0,24.2,24.2,0.0,101.5,101.5,0.0,199.2,199.2,0.0,0.0,0.0,0.0,0.0,0.0,0.0,
495241,THALIA GARDENS REHABILITATION AND NURSING,VIRGINIA BEACH,VA,Virginia Beach City,810,2023Q1,20230324,119,8.0,8.0,0.0,8.0,8.0,0.0,17.6,17.6,0.0,10.0,10.0,0.0,130.2,130.2,0.0,182.3,182.3,0.0,0.0,0.0,0.0,0.0,0.0,0.0,
495241,THALIA GARDENS REHABILITATION AND NURSING,VIRGINIA BEACH,VA,Virginia Beach City,810,2023Q1,20230325,121,0.0,0.0,0.0,0.0,0.0,0.0,25.2,25.2,0.0,0.0,0.0,0.0,103.9,103.9,0.0,183.0,183.0,0.0,0.0,0.0,0.0,0.0,0.0,0.0,
495241,THALIA GARDENS REHABILITATION AND NURSING,VIRGINIA BEACH,VA,Virginia Beach City,810,2023Q1,20230326,121,0.0,0.0,0.0,0.0,0.0,0.0,8.7,8.7,0.0,6.5,6.5,0.0,118.8,118.8,0.0,167.7,167.7,0.0,0.0,0.0,0.0,0.0,0.0,0.0,
495241,THALIA GARDENS REHABILITATION AND NURSING,VIRGINIA BEACH,VA,Virginia Beach City,810,2023Q1,20230327,121,8.0,8.0,0.0,10.0,10.0,0.0,17.2,17.2,0.0,7.8,7.8,0.0,117.1,117.1,0.0,195.8,195.8,0.0,0.0,0.0,0.0,0.0,0.0,0.0,
495241,THALIA GARDENS REHABILITATION AND NURSING,VIRGINIA BEACH,VA,Virginia Beach City,810,2023Q1,20230328,122,8.0,8.0,0.0,8.0,8.0,0.0,16.1,16.1,0.0,34.4,34.4,0.0,135.6,135.6,0.0,185.8,185.8,0.0,0.0,0.0,0.0,0.0,0.0,0.0,
495241,THALIA GARDENS REHABILITATION AND NURSING,VIRGINIA BEACH,VA,Virginia Beach City,810,2023Q1,20230329,124,8.0,8.0,0.0,10.5,10.5,0.0,25.2,25.2,0.0,38.8,38.8,0.0,116.7,116.7,0.0,211.0,211.0,0.0,0.0,0.0,0.0,0.0,0.0,0.0,
495241,THALIA GARDENS REHABILITATION AND NURSING,VIRGINIA BEACH,VA,Virginia Beach City,810,2023Q1,20230330,123,8.0,8.0,0.0,8.0,8.0,0.0,18.2,18.2,0.0,43.8,43.8,0.0,116.1,116.1,0.0,222.5,222.5,0.0,0.0,0.0,0.0,0.0,0.0,0.0,
495241,THALIA GARDENS REHABILITATION AND NURSING,VIRGINIA BEACH,VA,Virginia Beach City,810,2023Q1,20230331,121,8.0,8.0,0.0,0.0,0.0,0.0,17.4,17.4,0.0,12.0,12.0,0.0,130.0,130.0,0.0,183.0,183.0,0.0,0.0,0.0,0.0,0.0,0.0,0.0,
495241,THALIA GARDENS REHABILITATION AND NURSING,VIRGINIA BEACH,VA,Virginia Beach City,810,2023Q2,20230401,118,0.0,0.0,0.0,5.8,5.8,0.0,17.7,17.7,0.0,0.0,0.0,0.0,132.7,132.7,0.0,159.3,159.3,0.0,0.0,0.0,0.0,0.0,0.0,0.0,
495241,THALIA GARDENS REHABILITATION AND NURSING,VIRGINIA BEACH,VA,Virginia Beach City,810,2023Q2,20230402,118,0.0,0.0,0.0,6.5,6.5,0.0,17.7,17.7,0.0,8.1,8.1,0.0,141.4,141.4,0.0,121.8,121.8,0.0,0.0,0.0,0.0,0.0,0.0,0.0,
495241,THALIA GARDENS REHABILITATION AND NURSING,VIRGINIA BEACH,VA,Virginia Beach City,810,2023Q2,20230403,117,8.0,8.0,0.0,10.5,10.5,0.0,17.2,17.2,0.0,25.7,25.7,0.0,106.4,106.4,0.0,169.1,169.1,0.0,0.0,0.0,0.0,0.0,0.0,0.0,
495241,THALIA GARDENS REHABILITATION AND NURSING,VIRGINIA BEACH,VA,Virginia Beach City,810,2023Q2,20230404,117,8.0,8.0,0.0,8.0,8.0,0.0,21.9,21.9,0.0,24.4,24.4,0.0,120.8,120.8,0.0,185.5,185.5,0.0,0.0,0.0,0.0,0.0,0.0,0.0,
495241,THALIA GARDENS REHABILITATION AND NURSING,VIRGINIA BEACH,VA,Virginia Beach City,810,2023Q2,20230405,117,8.0,8.0,0.0,13.1,13.1,0.0,21.8,21.8,0.0,26.6,26.6,0.0,123.8,123.8,0.0,212.4,212.4,0.0,0.0,0.0,0.0,0.0,0.0,0.0,
495241,THALIA GARDENS REHABILITATION AND NURSING,VIRGINIA BEACH,VA,Virginia Beach City,810,2023Q2,20230406,118,8.0,8.0,0.0,12.1,12.1,0.0,24.9,24.9,0.0,31.0,31.0,0.0,114.2,114.2,0.0,211.8,211.8,0.0,0.0,0.0,0.0,0.0,0.0,0.0,
495241,THALIA GARDENS REHABILITATION AND NURSING,VIRGINIA BEACH,VA,Virginia Beach City,810,2023Q2,20230407,120,8.0,8.0,0.0,4.0,4.0,0.0,25.0,25.0,0.0,20.8,20.8,0.0,141.0,141.0,0.0,199.2,199.2,0.0,0.0,0.0,0.0,0.0,0.0,0.0,
495241,THALIA GARDENS REHABILITATION AND NURSING,VIRGINIA BEACH,VA,Virginia Beach City,810,2023Q2,20230408,120,0.0,0.0,0.0,9.3,9.3,0.0,24.1,24.1,0.0,6.6,6.6,0.0,98.8,98.8,0.0,156.6,156.6,0.0,0.0,0.0,0.0,0.0,0.0,0.0,
495241,THALIA GARDENS REHABILITATION AND NURSING,VIRGINIA BEACH,VA,Virginia Beach City,810,2023Q2,20230409,119,0.0,0.0,0.0,0.0,0.0,0.0,8.7,8.7,0.0,0.0,0.0,0.0,101.4,101.4,0.0,174.0,174.0,0.0,0.0,0.0,0.0,0.0,0.0,0.0,
495241,THALIA GARDENS REHABILITATION AND NURSING,VIRGINIA BEACH,VA,Virginia Beach City,810,2023Q2,20230410,120,8.0,8.0,0.0,17.7,17.7,0.0,16.5,16.5,0.0,5.3,5.3,0.0,130.3,130.3,0.0,211.3,211.3,0.0,0.0,0.0,0.0,0.0,0.0,0.0,
495241,THALIA GARDENS REHABILITATION AND NURSING,VIRGINIA BEACH,VA,Virginia Beach City,810,2023Q2,20230411,121,8.0,8.0,0.0,20.8,20.8,0.0,24.5,24.5,0.0,34.5,34.5,0.0,142.0,142.0,0.0,201.3,201.3,0.0,0.0,0.0,0.0,0.0,0.0,0.0,
495241,THALIA GARDENS REHABILITATION AND NURSING,VIRGINIA BEACH,VA,Virginia Beach City,810,2023Q2,20230412,119,8.0,8.0,0.0,17.8,17.8,0.0,17.6,17.6,0.0,33.3,33.3,0.0,141.4,141.4,0.0,219.6,219.6,0.0,0.0,0.0,0.0,0.0,0.0,0.0,
495241,THALIA GARDENS REHABILITATION AND NURSING,VIRGINIA BEACH,VA,Virginia Beach City,810,2023Q2,20230413,116,8.0,8.0,0.0,10.2,10.2,0.0,31.6,31.6,0.0,18.4,18.4,0.0,111.0,111.0,0.0,207.8,207.8,0.0,0.0,0.0,0.0,0.0,0.0,0.0,
495241,THALIA GARDENS REHABILITATION AND NURSING,VIRGINIA BEACH,VA,Virginia Beach City,810,2023Q2,20230414,118,8.0,8.0,0.0,18.8,18.8,0.0,17.7,17.7,0.0,28.8,28.8,0.0,117.3,117.3,0.0,219.8,219.8,0.0,0.0,0.0,0.0,0.0,0.0,0.0,
495241,THALIA GARDENS REHABILITATION AND NURSING,VIRGINIA BEACH,VA,Virginia Beach City,810,2023Q2,20230415,118,0.0,0.0,0.0,14.1,14.1,0.0,16.0,16.0,0.0,7.4,7.4,0.0,123.2,123.2,0.0,197.7,197.7,0.0,0.0,0.0,0.0,0.0,0.0,0.0,
495241,THALIA GARDENS REHABILITATION AND NURSING,VIRGINIA BEACH,VA,Virginia Beach City,810,2023Q2,20230416,118,0.0,0.0,0.0,0.1,0.1,0.0,8.8,8.8,0.0,0.0,0.0,0.0,123.3,123.3,0.0,137.0,137.0,0.0,0.0,0.0,0.0,0.0,0.0,0.0,
495241,THALIA GARDENS REHABILITATION AND NURSING,VIRGINIA BEACH,VA,Virginia Beach City,810,2023Q2,20230417,116,8.0,8.0,0.0,3.0,3.0,0.0,16.2,16.2,0.0,27.5,27.5,0.0,121.2,121.2,0.0,184.0,184.0,0.0,0.0,0.0,0.0,0.0,0.0,0.0,
495241,THALIA GARDENS REHABILITATION AND NURSING,VIRGINIA BEACH,VA,Virginia Beach City,810,2023Q2,20230418,117,8.0,8.0,0.0,5.0,5.0,0.0,9.0,9.0,0.0,26.9,26.9,0.0,123.1,123.1,0.0,192.9,192.9,0.0,0.0,0.0,0.0,0.0,0.0,0.0,
495241,THALIA GARDENS REHABILITATION AND NURSING,VIRGINIA BEACH,VA,Virginia Beach City,810,2023Q2,20230419,118,8.0,8.0,0.0,11.0,11.0,0.0,24.4,24.4,0.0,30.3,30.3,0.0,107.0,107.0,0.0,235.5,235.5,0.0,0.0,0.0,0.0,0.0,0.0,0.0,
495241,THALIA GARDENS REHABILITATION AND NURSING,VIRGINIA BEACH,VA,Virginia Beach City,810,2023Q2,20230420,118,8.0,8.0,0.0,18.4,18.4,0.0,15.9,15.9,0.0,29.4,29.4,0.0,116.1,116.1,0.0,230.1,230.1,0.0,0.0,0.0,0.0,0.0,0.0,0.0,
495241,THALIA GARDENS REHABILITATION AND NURSING,VIRGINIA BEACH,VA,Virginia Beach City,810,2023Q2,20230421,122,8.0,8.0,0.0,8.0,8.0,0.0,8.3,8.3,0.0,35.0,35.0,0.0,120.7,120.7,0.0,194.7,194.7,0.0,0.0,0.0,0.0,0.0,0.0,0.0,
495241,THALIA GARDENS REHABILITATION AND NURSING,VIRGINIA BEACH,VA,Virginia Beach City,810,2023Q2,20230422,121,0.0,0.0,0.0,10.1,10.1,0.0,8.4,8.4,0.0,8.5,8.5,0.0,135.9,135.9,0.0,160.5,160.5,0.0,0.0,0.0,0.0,0.0,0.0,0.0,
495241,THALIA GARDENS REHABILITATION AND NURSING,VIRGINIA BEACH,VA,Virginia Beach City,810,2023Q2,20230423,121,0.0,0.0,0.0,25.7,25.7,0.0,8.0,8.0,0.0,0.0,0.0,0.0,127.7,127.7,0.0,130.3,130.3,0.0,0.0,0.0,0.0,0.0,0.0,0.0,
495241,THALIA GARDENS REHABILITATION AND NURSING,VIRGINIA BEACH,VA,Virginia Beach City,810,2023Q2,20230424,120,8.0,8.0,0.0,10.1,10.1,0.0,9.6,9.6,0.0,23.1,23.1,0.0,139.1,139.1,0.0,181.6,181.6,0.0,0.0,0.0,0.0,0.0,0.0,0.0,
495241,THALIA GARDENS REHABILITATION AND NURSING,VIRGINIA BEACH,VA,Virginia Beach City,810,2023Q2,20230425,121,8.0,8.0,0.0,8.0,8.0,0.0,9.6,9.6,0.0,21.2,21.2,0.0,140.0,140.0,0.0,192.2,192.2,0.0,0.0,0.0,0.0,0.0,0.0,0.0,
495241,THALIA GARDENS REHABILITATION AND NURSING,VIRGINIA BEACH,VA,Virginia Beach City,810,2023Q2,20230426,123,8.0,8.0,0.0,8.0,8.0,0.0,26.0,26.0,0.0,24.1,24.1,0.0,127.8,127.8,0.0,228.6,228.6,0.0,0.0,0.0,0.0,0.0,0.0,0.0,
495241,THALIA GARDENS REHABILITATION AND NURSING,VIRGINIA BEACH,VA,Virginia Beach City,810,2023Q2,20230427,123,8.0,8.0,0.0,22.3,22.3,0.0,24.2,24.2,0.0,23.7,23.7,0.0,118.4,118.4,0.0,220.9,220.9,0.0,0.0,0.0,0.0,0.0,0.0,0.0,
495241,THALIA GARDENS REHABILITATION AND NURSING,VIRGINIA BEACH,VA,Virginia Beach City,810,2023Q2,20230428,123,8.0,8.0,0.0,2.0,2.0,0.0,10.3,10.3,0.0,13.6,13.6,0.0,144.7,144.7,0.0,214.5,214.5,0.0,0.0,0.0,0.0,0.0,0.0,0.0,
495241,THALIA GARDENS REHABILITATION AND NURSING,VIRGINIA BEACH,VA,Virginia Beach City,810,2023Q2,20230429,122,0.0,0.0,0.0,10.7,10.7,0.0,9.2,9.2,0.0,0.0,0.0,0.0,129.2,129.2,0.0,179.0,179.0,0.0,0.0,0.0,0.0,0.0,0.0,0.0,
495241,THALIA GARDENS REHABILITATION AND NURSING,VIRGINIA BEACH,VA,Virginia Beach City,810,2023Q2,20230430,121,0.0,0.0,0.0,0.0,0.0,0.0,17.7,17.7,0.0,5.4,5.4,0.0,112.9,112.9,0.0,147.7,147.7,0.0,0.0,0.0,0.0,0.0,0.0,0.0,
495241,THALIA GARDENS REHABILITATION AND NURSING,VIRGINIA BEACH,VA,Virginia Beach City,810,2023Q2,20230501,121,8.0,8.0,0.0,10.1,10.1,0.0,24.9,24.9,0.0,16.1,16.1,0.0,116.1,116.1,0.0,177.7,177.7,0.0,0.0,0.0,0.0,0.0,0.0,0.0,
495241,THALIA GARDENS REHABILITATION AND NURSING,VIRGINIA BEACH,VA,Virginia Beach City,810,2023Q2,20230502,120,8.0,8.0,0.0,11.0,11.0,0.0,24.1,24.1,0.0,27.5,27.5,0.0,109.8,109.8,0.0,218.3,218.3,0.0,0.0,0.0,0.0,0.0,0.0,0.0,
495241,THALIA GARDENS REHABILITATION AND NURSING,VIRGINIA BEACH,VA,Virginia Beach City,810,2023Q2,20230503,121,8.0,8.0,0.0,8.0,8.0,0.0,24.3,24.3,0.0,30.4,30.4,0.0,110.2,110.2,0.0,227.4,227.4,0.0,0.0,0.0,0.0,0.0,0.0,0.0,
495241,THALIA GARDENS REHABILITATION AND NURSING,VIRGINIA BEACH,VA,Virginia Beach City,810,2023Q2,20230504,123,8.0,8.0,0.0,11.1,11.1,0.0,24.6,24.6,0.0,36.7,36.7,0.0,109.3,109.3,0.0,199.5,199.5,0.0,0.0,0.0,0.0,0.0,0.0,0.0,
495241,THALIA GARDENS REHABILITATION AND NURSING,VIRGINIA BEACH,VA,Virginia Beach City,810,2023Q2,20230505,121,8.0,8.0,0.0,17.5,17.5,0.0,15.3,15.3,0.0,33.6,33.6,0.0,115.9,115.9,0.0,195.4,195.4,0.0,0.0,0.0,0.0,0.0,0.0,0.0,
495241,THALIA GARDENS REHABILITATION AND NURSING,VIRGINIA BEACH,VA,Virginia Beach City,810,2023Q2,20230506,120,0.0,0.0,0.0,9.8,9.8,0.0,24.7,24.7,0.0,9.8,9.8,0.0,99.6,99.6,0.0,166.5,166.5,0.0,0.0,0.0,0.0,0.0,0.0,0.0,
495241,THALIA GARDENS REHABILITATION AND NURSING,VIRGINIA BEACH,VA,Virginia Beach City,810,2023Q2,20230507,120,0.0,0.0,0.0,10.0,10.0,0.0,17.1,17.1,0.0,10.2,10.2,0.0,97.1,97.1,0.0,190.0,190.0,0.0,0.0,0.0,0.0,0.0,0.0,0.0,
495241,THALIA GARDENS REHABILITATION AND NURSING,VIRGINIA BEACH,VA,Virginia Beach City,810,2023Q2,20230508,118,8.0,8.0,0.0,17.8,17.8,0.0,31.9,31.9,0.0,37.0,37.0,0.0,101.4,101.4,0.0,204.2,204.2,0.0,0.0,0.0,0.0,0.0,0.0,0.0,
495241,THALIA GARDENS REHABILITATION AND NURSING,VIRGINIA BEACH,VA,Virginia Beach City,810,2023Q2,20230509,117,8.0,8.0,0.0,8.0,8.0,0.0,16.6,16.6,0.0,36.1,36.1,0.0,147.9,147.9,0.0,207.3,207.3,0.0,0.0,0.0,0.0,0.0,0.0,0.0,
495241,THALIA GARDENS REHABILITATION AND NURSING,VIRGINIA BEACH,VA,Virginia Beach City,810,2023Q2,20230510,119,8.0,8.0,0.0,11.0,11.0,0.0,25.6,25.6,0.0,25.4,25.4,0.0,129.6,129.6,0.0,204.9,204.9,0.0,0.0,0.0,0.0,0.0,0.0,0.0,
495241,THALIA GARDENS REHABILITATION AND NURSING,VIRGINIA BEACH,VA,Virginia Beach City,810,2023Q2,20230511,118,8.0,8.0,0.0,8.0,8.0,0.0,28.7,28.7,0.0,35.4,35.4,0.0,126.0,126.0,0.0,206.2,206.2,0.0,0.0,0.0,0.0,0.0,0.0,0.0,
495241,THALIA GARDENS REHABILITATION AND NURSING,VIRGINIA BEACH,VA,Virginia Beach City,810,2023Q2,20230512,118,8.0,8.0,0.0,18.5,18.5,0.0,8.8,8.8,0.0,30.0,30.0,0.0,147.6,147.6,0.0,210.3,210.3,0.0,0.0,0.0,0.0,0.0,0.0,0.0,
495241,THALIA GARDENS REHABILITATION AND NURSING,VIRGINIA BEACH,VA,Virginia Beach City,810,2023Q2,20230513,118,0.0,0.0,0.0,9.9,9.9,0.0,8.7,8.7,0.0,0.0,0.0,0.0,133.1,133.1,0.0,156.9,156.9,0.0,0.0,0.0,0.0,0.0,0.0,0.0,
495241,THALIA GARDENS REHABILITATION AND NURSING,VIRGINIA BEACH,VA,Virginia Beach City,810,2023Q2,20230514,118,0.0,0.0,0.0,0.0,0.0,0.0,8.8,8.8,0.0,7.2,7.2,0.0,118.9,118.9,0.0,148.1,148.1,0.0,0.0,0.0,0.0,0.0,0.0,0.0,
495241,THALIA GARDENS REHABILITATION AND NURSING,VIRGINIA BEACH,VA,Virginia Beach City,810,2023Q2,20230515,116,8.0,8.0,0.0,8.0,8.0,0.0,17.0,17.0,0.0,30.7,30.7,0.0,132.5,132.5,0.0,166.1,166.1,0.0,0.0,0.0,0.0,0.0,0.0,0.0,
495241,THALIA GARDENS REHABILITATION AND NURSING,VIRGINIA BEACH,VA,Virginia Beach City,810,2023Q2,20230516,116,8.0,8.0,0.0,18.6,18.6,0.0,9.2,9.2,0.0,26.3,26.3,0.0,154.6,154.6,0.0,186.4,186.4,0.0,0.0,0.0,0.0,0.0,0.0,0.0,
495241,THALIA GARDENS REHABILITATION AND NURSING,VIRGINIA BEACH,VA,Virginia Beach City,810,2023Q2,20230517,117,8.0,8.0,0.0,8.0,8.0,0.0,17.2,17.2,0.0,33.1,33.1,0.0,116.8,116.8,0.0,204.9,204.9,0.0,0.0,0.0,0.0,0.0,0.0,0.0,
495241,THALIA GARDENS REHABILITATION AND NURSING,VIRGINIA BEACH,VA,Virginia Beach City,810,2023Q2,20230518,118,8.0,8.0,0.0,8.0,8.0,0.0,16.7,16.7,0.0,34.0,34.0,0.0,130.0,130.0,0.0,220.5,220.5,0.0,0.0,0.0,0.0,0.0,0.0,0.0,
495241,THALIA GARDENS REHABILITATION AND NURSING,VIRGINIA BEACH,VA,Virginia Beach City,810,2023Q2,20230519,119,8.0,8.0,0.0,17.8,17.8,0.0,8.5,8.5,0.0,30.5,30.5,0.0,121.1,121.1,0.0,187.4,187.4,0.0,0.0,0.0,0.0,0.0,0.0,0.0,
495241,THALIA GARDENS REHABILITATION AND NURSING,VIRGINIA BEACH,VA,Virginia Beach City,810,2023Q2,20230520,119,0.0,0.0,0.0,10.3,10.3,0.0,16.4,16.4,0.0,0.0,0.0,0.0,105.5,105.5,0.0,132.2,132.2,0.0,0.0,0.0,0.0,0.0,0.0,0.0,
495241,THALIA GARDENS REHABILITATION AND NURSING,VIRGINIA BEACH,VA,Virginia Beach City,810,2023Q2,20230521,118,0.0,0.0,0.0,10.3,10.3,0.0,8.6,8.6,0.0,0.0,0.0,0.0,109.7,109.7,0.0,152.7,152.7,0.0,0.0,0.0,0.0,0.0,0.0,0.0,
495241,THALIA GARDENS REHABILITATION AND NURSING,VIRGINIA BEACH,VA,Virginia Beach City,810,2023Q2,20230522,118,8.0,8.0,0.0,10.1,10.1,0.0,16.5,16.5,0.0,33.0,33.0,0.0,119.4,119.4,0.0,167.6,167.6,0.0,0.0,0.0,0.0,0.0,0.0,0.0,
495241,THALIA GARDENS REHABILITATION AND NURSING,VIRGINIA BEACH,VA,Virginia Beach City,810,2023Q2,20230523,118,8.0,8.0,0.0,8.0,8.0,0.0,0.5,0.5,0.0,33.3,33.3,0.0,138.2,138.2,0.0,218.7,218.7,0.0,0.0,0.0,0.0,0.0,0.0,0.0,
495241,THALIA GARDENS REHABILITATION AND NURSING,VIRGINIA BEACH,VA,Virginia Beach City,810,2023Q2,20230524,116,8.0,8.0,0.0,8.0,8.0,0.0,16.5,16.5,0.0,20.3,20.3,0.0,128.7,128.7,0.0,190.6,190.6,0.0,0.0,0.0,0.0,0.0,0.0,0.0,
495241,THALIA GARDENS REHABILITATION AND NURSING,VIRGINIA BEACH,VA,Virginia Beach City,810,2023Q2,20230525,115,8.0,8.0,0.0,12.5,12.5,0.0,16.6,16.6,0.0,23.0,23.0,0.0,120.7,120.7,0.0,186.3,186.3,0.0,0.0,0.0,0.0,0.0,0.0,0.0,
495241,THALIA GARDENS REHABILITATION AND NURSING,VIRGINIA BEACH,VA,Virginia Beach City,810,2023Q2,20230526,117,8.0,8.0,0.0,17.8,17.8,0.0,16.4,16.4,0.0,14.0,14.0,0.0,116.4,116.4,0.0,204.4,204.4,0.0,0.0,0.0,0.0,0.0,0.0,0.0,
495241,THALIA GARDENS REHABILITATION AND NURSING,VIRGINIA BEACH,VA,Virginia Beach City,810,2023Q2,20230527,117,0.0,0.0,0.0,10.1,10.1,0.0,8.5,8.5,0.0,0.0,0.0,0.0,111.1,111.1,0.0,198.0,198.0,0.0,0.0,0.0,0.0,0.0,0.0,0.0,
495241,THALIA GARDENS REHABILITATION AND NURSING,VIRGINIA BEACH,VA,Virginia Beach City,810,2023Q2,20230528,116,0.0,0.0,0.0,10.3,10.3,0.0,8.4,8.4,0.0,0.0,0.0,0.0,116.7,116.7,0.0,177.2,177.2,0.0,0.0,0.0,0.0,0.0,0.0,0.0,
495241,THALIA GARDENS REHABILITATION AND NURSING,VIRGINIA BEACH,VA,Virginia Beach City,810,2023Q2,20230529,116,8.0,8.0,0.0,17.9,17.9,0.0,21.1,21.1,0.0,20.7,20.7,0.0,101.1,101.1,0.0,168.0,168.0,0.0,0.0,0.0,0.0,0.0,0.0,0.0,
495241,THALIA GARDENS REHABILITATION AND NURSING,VIRGINIA BEACH,VA,Virginia Beach City,810,2023Q2,20230530,116,8.0,8.0,0.0,8.0,8.0,0.0,9.0,9.0,0.0,31.2,31.2,0.0,115.7,115.7,0.0,194.5,194.5,0.0,0.0,0.0,0.0,0.0,0.0,0.0,
495241,THALIA GARDENS REHABILITATION AND NURSING,VIRGINIA BEACH,VA,Virginia Beach City,810,2023Q2,20230531,116,8.0,8.0,0.0,8.0,8.0,0.0,18.0,18.0,0.0,23.7,23.7,0.0,96.2,96.2,0.0,185.6,185.6,0.0,0.0,0.0,0.0,0.0,0.0,0.0,
495241,THALIA GARDENS REHABILITATION AND NURSING,VIRGINIA BEACH,VA,Virginia Beach City,810,2023Q2,20230601,116,8.0,8.0,0.0,8.0,8.0,0.0,23.3,23.3,0.0,33.9,33.9,0.0,106.8,106.8,0.0,181.0,181.0,0.0,0.0,0.0,0.0,0.0,0.0,0.0,
495241,THALIA GARDENS REHABILITATION AND NURSING,VIRGINIA BEACH,VA,Virginia Beach City,810,2023Q2,20230602,116,8.0,8.0,0.0,18.0,18.0,0.0,8.1,8.1,0.0,33.7,33.7,0.0,110.0,110.0,0.0,171.6,171.6,0.0,0.0,0.0,0.0,0.0,0.0,0.0,
495241,THALIA GARDENS REHABILITATION AND NURSING,VIRGINIA BEACH,VA,Virginia Beach City,810,2023Q2,20230603,116,0.0,0.0,0.0,9.9,9.9,0.0,16.3,16.3,0.0,0.1,0.1,0.0,123.9,123.9,0.0,156.8,156.8,0.0,0.0,0.0,0.0,0.0,0.0,0.0,
495241,THALIA GARDENS REHABILITATION AND NURSING,VIRGINIA BEACH,VA,Virginia Beach City,810,2023Q2,20230604,116,0.0,0.0,0.0,10.3,10.3,0.0,8.7,8.7,0.0,0.0,0.0,0.0,121.7,121.7,0.0,146.1,146.1,0.0,0.0,0.0,0.0,0.0,0.0,0.0,
495241,THALIA GARDENS REHABILITATION AND NURSING,VIRGINIA BEACH,VA,Virginia Beach City,810,2023Q2,20230605,115,8.0,8.0,0.0,8.0,8.0,0.0,9.1,9.1,0.0,32.1,32.1,0.0,119.9,119.9,0.0,185.3,185.3,0.0,0.0,0.0,0.0,0.0,0.0,0.0,
495241,THALIA GARDENS REHABILITATION AND NURSING,VIRGINIA BEACH,VA,Virginia Beach City,810,2023Q2,20230606,117,8.0,8.0,0.0,18.7,18.7,0.0,8.3,8.3,0.0,30.4,30.4,0.0,111.9,111.9,0.0,224.7,224.7,0.0,0.0,0.0,0.0,0.0,0.0,0.0,
495241,THALIA GARDENS REHABILITATION AND NURSING,VIRGINIA BEACH,VA,Virginia Beach City,810,2023Q2,20230607,118,8.0,8.0,0.0,8.0,8.0,0.0,16.8,16.8,0.0,31.6,31.6,0.0,119.0,119.0,0.0,172.7,172.7,0.0,0.0,0.0,0.0,0.0,0.0,0.0,
495241,THALIA GARDENS REHABILITATION AND NURSING,VIRGINIA BEACH,VA,Virginia Beach City,810,2023Q2,20230608,119,8.0,8.0,0.0,9.1,9.1,0.0,24.8,24.8,0.0,31.9,31.9,0.0,107.0,107.0,0.0,181.7,181.7,0.0,0.0,0.0,0.0,0.0,0.0,0.0,
495241,THALIA GARDENS REHABILITATION AND NURSING,VIRGINIA BEACH,VA,Virginia Beach City,810,2023Q2,20230609,120,8.0,8.0,0.0,8.0,8.0,0.0,8.9,8.9,0.0,23.9,23.9,0.0,113.0,113.0,0.0,189.9,189.9,0.0,0.0,0.0,0.0,0.0,0.0,0.0,
495241,THALIA GARDENS REHABILITATION AND NURSING,VIRGINIA BEACH,VA,Virginia Beach City,810,2023Q2,20230610,120,0.0,0.0,0.0,10.9,10.9,0.0,8.7,8.7,0.0,0.0,0.0,0.0,117.1,117.1,0.0,190.4,190.4,0.0,0.0,0.0,0.0,0.0,0.0,0.0,
495241,THALIA GARDENS REHABILITATION AND NURSING,VIRGINIA BEACH,VA,Virginia Beach City,810,2023Q2,20230611,119,0.0,0.0,0.0,10.3,10.3,0.0,8.6,8.6,0.0,0.0,0.0,0.0,119.2,119.2,0.0,166.9,166.9,0.0,0.0,0.0,0.0,0.0,0.0,0.0,
495241,THALIA GARDENS REHABILITATION AND NURSING,VIRGINIA BEACH,VA,Virginia Beach City,810,2023Q2,20230612,118,8.0,8.0,0.0,9.6,9.6,0.0,16.4,16.4,0.0,25.7,25.7,0.0,108.6,108.6,0.0,166.1,166.1,0.0,0.0,0.0,0.0,0.0,0.0,0.0,
495241,THALIA GARDENS REHABILITATION AND NURSING,VIRGINIA BEACH,VA,Virginia Beach City,810,2023Q2,20230613,120,8.0,8.0,0.0,8.0,8.0,0.0,16.7,16.7,0.0,34.4,34.4,0.0,105.8,105.8,0.0,188.0,188.0,0.0,0.0,0.0,0.0,0.0,0.0,0.0,
495241,THALIA GARDENS REHABILITATION AND NURSING,VIRGINIA BEACH,VA,Virginia Beach City,810,2023Q2,20230614,120,8.0,8.0,0.0,18.5,18.5,0.0,16.8,16.8,0.0,30.1,30.1,0.0,106.3,106.3,0.0,225.2,225.2,0.0,0.0,0.0,0.0,0.0,0.0,0.0,
495241,THALIA GARDENS REHABILITATION AND NURSING,VIRGINIA BEACH,VA,Virginia Beach City,810,2023Q2,20230615,120,8.0,8.0,0.0,8.0,8.0,0.0,16.3,16.3,0.0,30.9,30.9,0.0,103.8,103.8,0.0,212.2,212.2,0.0,0.0,0.0,0.0,0.0,0.0,0.0,
495241,THALIA GARDENS REHABILITATION AND NURSING,VIRGINIA BEACH,VA,Virginia Beach City,810,2023Q2,20230616,119,8.0,8.0,0.0,9.4,9.4,0.0,8.5,8.5,0.0,30.3,30.3,0.0,126.2,126.2,0.0,195.0,195.0,0.0,0.0,0.0,0.0,0.0,0.0,0.0,
495241,THALIA GARDENS REHABILITATION AND NURSING,VIRGINIA BEACH,VA,Virginia Beach City,810,2023Q2,20230617,120,0.0,0.0,0.0,10.4,10.4,0.0,16.3,16.3,0.0,0.0,0.0,0.0,102.8,102.8,0.0,134.1,134.1,0.0,0.0,0.0,0.0,0.0,0.0,0.0,
495241,THALIA GARDENS REHABILITATION AND NURSING,VIRGINIA BEACH,VA,Virginia Beach City,810,2023Q2,20230618,120,0.0,0.0,0.0,9.9,9.9,0.0,8.7,8.7,0.0,0.0,0.0,0.0,138.6,138.6,0.0,154.3,154.3,0.0,0.0,0.0,0.0,0.0,0.0,0.0,
495241,THALIA GARDENS REHABILITATION AND NURSING,VIRGINIA BEACH,VA,Virginia Beach City,810,2023Q2,20230619,120,8.0,8.0,0.0,10.0,10.0,0.0,8.8,8.8,0.0,30.4,30.4,0.0,122.5,122.5,0.0,203.0,203.0,0.0,0.0,0.0,0.0,0.0,0.0,0.0,
495241,THALIA GARDENS REHABILITATION AND NURSING,VIRGINIA BEACH,VA,Virginia Beach City,810,2023Q2,20230620,119,8.0,8.0,0.0,8.0,8.0,0.0,8.3,8.3,0.0,35.3,35.3,0.0,113.2,113.2,0.0,194.1,194.1,0.0,0.0,0.0,0.0,0.0,0.0,0.0,
495241,THALIA GARDENS REHABILITATION AND NURSING,VIRGINIA BEACH,VA,Virginia Beach City,810,2023Q2,20230621,121,8.0,8.0,0.0,17.5,17.5,0.0,17.0,17.0,0.0,24.2,24.2,0.0,106.9,106.9,0.0,189.8,189.8,0.0,0.0,0.0,0.0,0.0,0.0,0.0,
495241,THALIA GARDENS REHABILITATION AND NURSING,VIRGINIA BEACH,VA,Virginia Beach City,810,2023Q2,20230622,121,8.0,8.0,0.0,8.0,8.0,0.0,16.4,16.4,0.0,20.6,20.6,0.0,109.1,109.1,0.0,184.6,184.6,0.0,0.0,0.0,0.0,0.0,0.0,0.0,
495241,THALIA GARDENS REHABILITATION AND NURSING,VIRGINIA BEACH,VA,Virginia Beach City,810,2023Q2,20230623,120,8.0,8.0,0.0,9.1,9.1,0.0,9.0,9.0,0.0,31.7,31.7,0.0,111.7,111.7,0.0,197.1,197.1,0.0,0.0,0.0,0.0,0.0,0.0,0.0,
495241,THALIA GARDENS REHABILITATION AND NURSING,VIRGINIA BEACH,VA,Virginia Beach City,810,2023Q2,20230624,119,0.0,0.0,0.0,9.8,9.8,0.0,8.8,8.8,0.0,0.0,0.0,0.0,121.1,121.1,0.0,193.2,193.2,0.0,0.0,0.0,0.0,0.0,0.0,0.0,
495241,THALIA GARDENS REHABILITATION AND NURSING,VIRGINIA BEACH,VA,Virginia Beach City,810,2023Q2,20230625,119,0.0,0.0,0.0,10.2,10.2,0.0,9.5,9.5,0.0,0.0,0.0,0.0,114.4,114.4,0.0,159.7,159.7,0.0,0.0,0.0,0.0,0.0,0.0,0.0,
495241,THALIA GARDENS REHABILITATION AND NURSING,VIRGINIA BEACH,VA,Virginia Beach City,810,2023Q2,20230626,118,8.0,8.0,0.0,8.0,8.0,0.0,16.1,16.1,0.0,33.3,33.3,0.0,109.6,109.6,0.0,205.6,205.6,0.0,0.0,0.0,0.0,0.0,0.0,0.0,
495241,THALIA GARDENS REHABILITATION AND NURSING,VIRGINIA BEACH,VA,Virginia Beach City,810,2023Q2,20230627,118,8.0,8.0,0.0,9.6,9.6,0.0,23.5,23.5,0.0,37.6,37.6,0.0,103.0,103.0,0.0,213.7,213.7,0.0,0.0,0.0,0.0,0.0,0.0,0.0,
495241,THALIA GARDENS REHABILITATION AND NURSING,VIRGINIA BEACH,VA,Virginia Beach City,810,2023Q2,20230628,119,8.0,8.0,0.0,17.6,17.6,0.0,28.4,28.4,0.0,23.2,23.2,0.0,108.7,108.7,0.0,204.8,204.8,0.0,0.0,0.0,0.0,0.0,0.0,0.0,
495241,THALIA GARDENS REHABILITATION AND NURSING,VIRGINIA BEACH,VA,Virginia Beach City,810,2023Q2,20230629,118,8.0,8.0,0.0,8.0,8.0,0.0,24.5,24.5,0.0,30.3,30.3,0.0,119.3,119.3,0.0,207.9,207.9,0.0,0.0,0.0,0.0,0.0,0.0,0.0,
495241,THALIA GARDENS REHABILITATION AND NURSING,VIRGINIA BEACH,VA,Virginia Beach City,810,2023Q2,20230630,118,8.0,8.0,0.0,18.6,18.6,0.0,16.1,16.1,0.0,31.5,31.5,0.0,105.4,105.4,0.0,185.4,185.4,0.0,0.0,0.0,0.0,0.0,0.0,0.0,
495241,THALIA GARDENS REHABILITATION AND NURSING,VIRGINIA BEACH,VA,Virginia Beach City,810,2023Q3,20230701,116,0.0,0.0,0.0,5.0,5.0,0.0,17.0,17.0,0.0,10.0,10.0,0.0,97.2,89.8,7.4,159.6,90.8,68.8,0.0,0.0,0.0,0.0,0.0,0.0,
495241,THALIA GARDENS REHABILITATION AND NURSING,VIRGINIA BEACH,VA,Virginia Beach City,810,2023Q3,20230702,116,0.0,0.0,0.0,5.0,5.0,0.0,8.7,8.7,0.0,15.8,15.8,0.0,97.0,97.0,0.0,178.1,87.6,90.5,0.0,0.0,0.0,0.0,0.0,0.0,
495241,THALIA GARDENS REHABILITATION AND NURSING,VIRGINIA BEACH,VA,Virginia Beach City,810,2023Q3,20230703,115,8.0,8.0,0.0,13.0,13.0,0.0,16.6,16.6,0.0,31.7,31.7,0.0,126.9,126.9,0.0,183.8,147.2,36.6,0.0,0.0,0.0,0.0,0.0,0.0,
495241,THALIA GARDENS REHABILITATION AND NURSING,VIRGINIA BEACH,VA,Virginia Beach City,810,2023Q3,20230704,116,8.0,8.0,0.0,8.0,8.0,0.0,0.5,0.5,0.0,18.1,18.1,0.0,127.9,120.7,7.2,204.2,187.1,17.1,0.0,0.0,0.0,0.0,0.0,0.0,
495241,THALIA GARDENS REHABILITATION AND NURSING,VIRGINIA BEACH,VA,Virginia Beach City,810,2023Q3,20230705,117,8.0,8.0,0.0,13.0,13.0,0.0,25.1,25.1,0.0,33.4,33.4,0.0,115.1,99.4,15.7,196.9,166.4,30.5,0.0,0.0,0.0,0.0,0.0,0.0,
495241,THALIA GARDENS REHABILITATION AND NURSING,VIRGINIA BEACH,VA,Virginia Beach City,810,2023Q3,20230706,117,8.0,8.0,0.0,13.0,13.0,0.0,24.0,24.0,0.0,32.5,32.5,0.0,108.7,108.2,0.5,213.5,168.6,44.9,0.0,0.0,0.0,0.0,0.0,0.0,
495241,THALIA GARDENS REHABILITATION AND NURSING,VIRGINIA BEACH,VA,Virginia Beach City,810,2023Q3,20230707,116,8.0,8.0,0.0,13.0,13.0,0.0,8.7,8.7,0.0,29.9,29.9,0.0,114.6,95.1,19.5,196.1,173.5,22.6,0.0,0.0,0.0,0.0,0.0,0.0,
495241,THALIA GARDENS REHABILITATION AND NURSING,VIRGINIA BEACH,VA,Virginia Beach City,810,2023Q3,20230708,117,0.0,0.0,0.0,5.0,5.0,0.0,17.7,17.7,0.0,3.8,3.8,0.0,115.2,107.1,8.1,191.8,161.5,30.3,0.0,0.0,0.0,0.0,0.0,0.0,
495241,THALIA GARDENS REHABILITATION AND NURSING,VIRGINIA BEACH,VA,Virginia Beach City,810,2023Q3,20230709,117,0.0,0.0,0.0,5.0,5.0,0.0,17.6,17.6,0.0,0.0,0.0,0.0,118.5,111.0,7.5,165.2,119.6,45.6,0.0,0.0,0.0,0.0,0.0,0.0,
495241,THALIA GARDENS REHABILITATION AND NURSING,VIRGINIA BEACH,VA,Virginia Beach City,810,2023Q3,20230710,116,8.0,8.0,0.0,23.5,23.5,0.0,25.6,25.6,0.0,23.9,23.9,0.0,104.1,96.6,7.5,205.0,129.5,75.5,0.0,0.0,0.0,0.0,0.0,0.0,
495241,THALIA GARDENS REHABILITATION AND NURSING,VIRGINIA BEACH,VA,Virginia Beach City,810,2023Q3,20230711,116,8.0,8.0,0.0,13.0,13.0,0.0,16.9,16.9,0.0,34.5,34.5,0.0,112.1,97.2,14.9,209.7,173.9,35.8,0.0,0.0,0.0,0.0,0.0,0.0,
495241,THALIA GARDENS REHABILITATION AND NURSING,VIRGINIA BEACH,VA,Virginia Beach City,810,2023Q3,20230712,115,8.0,8.0,0.0,13.0,13.0,0.0,34.3,34.3,0.0,28.8,28.8,0.0,97.6,97.6,0.0,192.9,153.9,39.0,0.0,0.0,0.0,0.0,0.0,0.0,
495241,THALIA GARDENS REHABILITATION AND NURSING,VIRGINIA BEACH,VA,Virginia Beach City,810,2023Q3,20230713,118,8.0,8.0,0.0,0.0,0.0,0.0,33.6,33.6,0.0,34.1,34.1,0.0,104.3,94.5,9.8,203.8,174.7,29.1,0.0,0.0,0.0,0.0,0.0,0.0,
495241,THALIA GARDENS REHABILITATION AND NURSING,VIRGINIA BEACH,VA,Virginia Beach City,810,2023Q3,20230714,118,8.0,8.0,0.0,0.0,0.0,0.0,37.1,37.1,0.0,21.5,21.5,0.0,106.9,98.8,8.1,173.9,129.1,44.8,0.0,0.0,0.0,0.0,0.0,0.0,
495241,THALIA GARDENS REHABILITATION AND NURSING,VIRGINIA BEACH,VA,Virginia Beach City,810,2023Q3,20230715,118,0.0,0.0,0.0,10.2,10.2,0.0,17.0,17.0,0.0,0.6,0.6,0.0,113.6,90.0,23.6,173.4,106.1,67.3,0.0,0.0,0.0,0.0,0.0,0.0,
495241,THALIA GARDENS REHABILITATION AND NURSING,VIRGINIA BEACH,VA,Virginia Beach City,810,2023Q3,20230716,116,0.0,0.0,0.0,10.1,10.1,0.0,8.3,8.3,0.0,8.3,8.3,0.0,112.7,103.9,8.8,155.0,93.8,61.2,0.0,0.0,0.0,0.0,0.0,0.0,
495241,THALIA GARDENS REHABILITATION AND NURSING,VIRGINIA BEACH,VA,Virginia Beach City,810,2023Q3,20230717,117,8.0,8.0,0.0,1.0,1.0,0.0,25.8,25.8,0.0,31.8,31.8,0.0,113.5,97.6,15.9,192.7,154.1,38.6,0.0,0.0,0.0,0.0,0.0,0.0,
495241,THALIA GARDENS REHABILITATION AND NURSING,VIRGINIA BEACH,VA,Virginia Beach City,810,2023Q3,20230718,117,8.0,8.0,0.0,16.3,16.3,0.0,17.2,17.2,0.0,30.9,30.9,0.0,125.8,125.8,0.0,230.0,185.6,44.4,0.0,0.0,0.0,0.0,0.0,0.0,
495241,THALIA GARDENS REHABILITATION AND NURSING,VIRGINIA BEACH,VA,Virginia Beach City,810,2023Q3,20230719,118,8.0,8.0,0.0,16.1,16.1,0.0,17.4,17.4,0.0,30.1,30.1,0.0,114.0,114.0,0.0,218.3,203.3,15.0,0.0,0.0,0.0,0.0,0.0,0.0,
495241,THALIA GARDENS REHABILITATION AND NURSING,VIRGINIA BEACH,VA,Virginia Beach City,810,2023Q3,20230720,119,8.0,8.0,0.0,18.1,18.1,0.0,16.8,16.8,0.0,29.8,29.8,0.0,94.6,94.6,0.0,209.4,170.8,38.6,0.0,0.0,0.0,0.0,0.0,0.0,
495241,THALIA GARDENS REHABILITATION AND NURSING,VIRGINIA BEACH,VA,Virginia Beach City,810,2023Q3,20230721,119,8.0,8.0,0.0,25.9,25.9,0.0,8.7,8.7,0.0,15.1,15.1,0.0,117.8,108.9,8.9,198.7,168.2,30.5,0.0,0.0,0.0,0.0,0.0,0.0,
495241,THALIA GARDENS REHABILITATION AND NURSING,VIRGINIA BEACH,VA,Virginia Beach City,810,2023Q3,20230722,120,0.0,0.0,0.0,10.3,10.3,0.0,9.7,9.7,0.0,5.1,5.1,0.0,105.3,103.5,1.8,164.9,133.5,31.4,0.0,0.0,0.0,0.0,0.0,0.0,
495241,THALIA GARDENS REHABILITATION AND NURSING,VIRGINIA BEACH,VA,Virginia Beach City,810,2023Q3,20230723,120,0.0,0.0,0.0,9.7,9.7,0.0,10.1,10.1,0.0,7.9,7.9,0.0,114.7,106.3,8.4,182.1,102.3,79.8,0.0,0.0,0.0,0.0,0.0,0.0,
495241,THALIA GARDENS REHABILITATION AND NURSING,VIRGINIA BEACH,VA,Virginia Beach City,810,2023Q3,20230724,120,8.0,8.0,0.0,9.8,9.8,0.0,16.7,16.7,0.0,28.5,28.5,0.0,112.1,112.0,0.1,181.2,121.3,59.9,0.0,0.0,0.0,0.0,0.0,0.0,
495241,THALIA GARDENS REHABILITATION AND NURSING,VIRGINIA BEACH,VA,Virginia Beach City,810,2023Q3,20230725,121,8.0,8.0,0.0,16.1,16.1,0.0,8.7,8.7,0.0,24.0,24.0,0.0,122.2,122.2,0.0,202.8,152.2,50.6,0.0,0.0,0.0,0.0,0.0,0.0,
495241,THALIA GARDENS REHABILITATION AND NURSING,VIRGINIA BEACH,VA,Virginia Beach City,810,2023Q3,20230726,121,8.0,8.0,0.0,16.0,16.0,0.0,16.7,16.7,0.0,32.3,32.3,0.0,106.9,106.9,0.0,196.1,164.0,32.1,0.0,0.0,0.0,0.0,0.0,0.0,
495241,THALIA GARDENS REHABILITATION AND NURSING,VIRGINIA BEACH,VA,Virginia Beach City,810,2023Q3,20230727,124,8.0,8.0,0.0,16.5,16.5,0.0,24.3,16.2,8.1,34.9,34.9,0.0,125.0,109.8,15.2,215.2,192.1,23.1,0.0,0.0,0.0,0.0,0.0,0.0,
495241,THALIA GARDENS REHABILITATION AND NURSING,VIRGINIA BEACH,VA,Virginia Beach City,810,2023Q3,20230728,123,8.0,8.0,0.0,26.6,26.6,0.0,7.9,7.9,0.0,21.4,21.4,0.0,122.8,122.8,0.0,196.6,173.1,23.5,0.0,0.0,0.0,0.0,0.0,0.0,
495241,THALIA GARDENS REHABILITATION AND NURSING,VIRGINIA BEACH,VA,Virginia Beach City,810,2023Q3,20230729,123,0.0,0.0,0.0,10.8,10.8,0.0,16.2,16.2,0.0,0.0,0.0,0.0,121.2,105.2,16.0,178.3,103.7,74.6,0.0,0.0,0.0,0.0,0.0,0.0,
495241,THALIA GARDENS REHABILITATION AND NURSING,VIRGINIA BEACH,VA,Virginia Beach City,810,2023Q3,20230730,123,0.0,0.0,0.0,10.3,10.3,0.0,8.2,8.2,0.0,0.0,0.0,0.0,115.3,107.3,8.0,153.1,93.4,59.7,0.0,0.0,0.0,0.0,0.0,0.0,
495241,THALIA GARDENS REHABILITATION AND NURSING,VIRGINIA BEACH,VA,Virginia Beach City,810,2023Q3,20230731,122,8.0,8.0,0.0,15.7,15.7,0.0,8.5,8.5,0.0,24.0,24.0,0.0,112.6,104.8,7.8,195.6,165.5,30.1,0.0,0.0,0.0,0.0,0.0,0.0,
495241,THALIA GARDENS REHABILITATION AND NURSING,VIRGINIA BEACH,VA,Virginia Beach City,810,2023Q3,20230801,122,8.0,8.0,0.0,16.2,16.2,0.0,0.6,0.6,0.0,32.5,32.5,0.0,117.1,108.6,8.5,180.8,159.8,21.0,0.0,0.0,0.0,0.0,0.0,0.0,
495241,THALIA GARDENS REHABILITATION AND NURSING,VIRGINIA BEACH,VA,Virginia Beach City,810,2023Q3,20230802,121,8.0,8.0,0.0,26.5,26.5,0.0,16.9,16.9,0.0,31.6,31.6,0.0,113.4,112.7,0.7,179.2,149.1,30.1,0.0,0.0,0.0,0.0,0.0,0.0,
495241,THALIA GARDENS REHABILITATION AND NURSING,VIRGINIA BEACH,VA,Virginia Beach City,810,2023Q3,20230803,122,8.0,8.0,0.0,16.6,16.6,0.0,16.2,16.2,0.0,33.2,33.2,0.0,112.0,111.7,0.3,193.5,170.8,22.7,0.0,0.0,0.0,0.0,0.0,0.0,
495241,THALIA GARDENS REHABILITATION AND NURSING,VIRGINIA BEACH,VA,Virginia Beach City,810,2023Q3,20230804,120,8.0,8.0,0.0,15.6,15.6,0.0,8.9,8.9,0.0,28.6,28.6,0.0,109.8,102.8,7.0,175.6,145.8,29.8,0.0,0.0,0.0,0.0,0.0,0.0,
495241,THALIA GARDENS REHABILITATION AND NURSING,VIRGINIA BEACH,VA,Virginia Beach City,810,2023Q3,20230805,119,0.0,0.0,0.0,8.8,8.8,0.0,16.8,16.8,0.0,0.5,0.5,0.0,96.3,96.3,0.0,154.3,132.6,21.7,0.0,0.0,0.0,0.0,0.0,0.0,
495241,THALIA GARDENS REHABILITATION AND NURSING,VIRGINIA BEACH,VA,Virginia Beach City,810,2023Q3,20230806,119,0.0,0.0,0.0,16.0,16.0,0.0,16.5,16.5,0.0,0.0,0.0,0.0,89.7,89.7,0.0,157.5,119.3,38.2,0.0,0.0,0.0,0.0,0.0,0.0,
495241,THALIA GARDENS REHABILITATION AND NURSING,VIRGINIA BEACH,VA,Virginia Beach City,810,2023Q3,20230807,119,8.0,8.0,0.0,15.6,15.6,0.0,15.9,15.9,0.0,33.7,33.7,0.0,105.0,105.0,0.0,187.3,135.3,52.0,0.0,0.0,0.0,0.0,0.0,0.0,
495241,THALIA GARDENS REHABILITATION AND NURSING,VIRGINIA BEACH,VA,Virginia Beach City,810,2023Q3,20230808,119,8.0,8.0,0.0,16.6,16.6,0.0,8.6,8.6,0.0,30.5,30.5,0.0,120.3,120.3,0.0,180.4,141.9,38.5,0.0,0.0,0.0,0.0,0.0,0.0,
495241,THALIA GARDENS REHABILITATION AND NURSING,VIRGINIA BEACH,VA,Virginia Beach City,810,2023Q3,20230809,118,8.0,8.0,0.0,15.4,15.4,0.0,16.2,16.2,0.0,29.0,29.0,0.0,117.1,117.1,0.0,195.1,173.1,22.0,0.0,0.0,0.0,0.0,0.0,0.0,
495241,THALIA GARDENS REHABILITATION AND NURSING,VIRGINIA BEACH,VA,Virginia Beach City,810,2023Q3,20230810,118,8.0,8.0,0.0,16.2,16.2,0.0,7.9,7.9,0.0,29.5,29.5,0.0,111.9,111.9,0.0,199.2,198.6,0.6,0.0,0.0,0.0,0.0,0.0,0.0,
495241,THALIA GARDENS REHABILITATION AND NURSING,VIRGINIA BEACH,VA,Virginia Beach City,810,2023Q3,20230811,118,8.0,8.0,0.0,15.0,15.0,0.0,7.5,7.5,0.0,29.6,29.6,0.0,120.7,113.5,7.2,198.0,168.5,29.5,0.0,0.0,0.0,0.0,0.0,0.0,
495241,THALIA GARDENS REHABILITATION AND NURSING,VIRGINIA BEACH,VA,Virginia Beach City,810,2023Q3,20230812,119,0.0,0.0,0.0,0.0,0.0,0.0,16.7,16.7,0.0,0.0,0.0,0.0,112.7,97.2,15.5,161.7,124.4,37.3,0.0,0.0,0.0,0.0,0.0,0.0,
495241,THALIA GARDENS REHABILITATION AND NURSING,VIRGINIA BEACH,VA,Virginia Beach City,810,2023Q3,20230813,118,0.0,0.0,0.0,0.0,0.0,0.0,15.9,15.9,0.0,0.0,0.0,0.0,101.7,86.8,14.9,158.7,121.1,37.6,0.0,0.0,0.0,0.0,0.0,0.0,
495241,THALIA GARDENS REHABILITATION AND NURSING,VIRGINIA BEACH,VA,Virginia Beach City,810,2023Q3,20230814,118,8.0,8.0,0.0,15.9,15.9,0.0,8.8,8.8,0.0,24.5,24.5,0.0,121.3,106.5,14.8,201.4,162.9,38.5,0.0,0.0,0.0,0.0,0.0,0.0,
495241,THALIA GARDENS REHABILITATION AND NURSING,VIRGINIA BEACH,VA,Virginia Beach City,810,2023Q3,20230815,118,8.0,8.0,0.0,18.5,18.5,0.0,0.6,0.6,0.0,37.5,37.5,0.0,113.2,107.0,6.2,206.8,154.9,51.9,0.0,0.0,0.0,0.0,0.0,0.0,
495241,THALIA GARDENS REHABILITATION AND NURSING,VIRGINIA BEACH,VA,Virginia Beach City,810,2023Q3,20230816,117,8.0,8.0,0.0,16.3,16.3,0.0,16.4,16.4,0.0,20.3,20.3,0.0,105.0,105.0,0.0,199.0,177.5,21.5,0.0,0.0,0.0,0.0,0.0,0.0,
495241,THALIA GARDENS REHABILITATION AND NURSING,VIRGINIA BEACH,VA,Virginia Beach City,810,2023Q3,20230817,119,8.0,8.0,0.0,16.2,16.2,0.0,16.9,16.9,0.0,12.1,12.1,0.0,99.9,99.9,0.0,209.8,180.6,29.2,0.0,0.0,0.0,0.0,0.0,0.0,
495241,THALIA GARDENS REHABILITATION AND NURSING,VIRGINIA BEACH,VA,Virginia Beach City,810,2023Q3,20230818,119,8.0,8.0,0.0,16.3,16.3,0.0,8.8,8.8,0.0,13.8,13.8,0.0,116.5,116.5,0.0,208.1,164.4,43.7,0.0,0.0,0.0,0.0,0.0,0.0,
495241,THALIA GARDENS REHABILITATION AND NURSING,VIRGINIA BEACH,VA,Virginia Beach City,810,2023Q3,20230819,120,0.0,0.0,0.0,5.6,5.6,0.0,9.0,9.0,0.0,5.6,5.6,0.0,104.5,104.5,0.0,189.9,108.8,81.1,0.0,0.0,0.0,0.0,0.0,0.0,
495241,THALIA GARDENS REHABILITATION AND NURSING,VIRGINIA BEACH,VA,Virginia Beach City,810,2023Q3,20230820,120,0.0,0.0,0.0,0.0,0.0,0.0,8.8,8.8,0.0,15.8,15.8,0.0,99.5,99.5,0.0,162.5,87.9,74.6,0.0,0.0,0.0,0.0,0.0,0.0,
495241,THALIA GARDENS REHABILITATION AND NURSING,VIRGINIA BEACH,VA,Virginia Beach City,810,2023Q3,20230821,120,8.0,8.0,0.0,2.9,2.9,0.0,16.0,16.0,0.0,21.7,21.7,0.0,112.5,112.5,0.0,166.8,129.7,37.1,0.0,0.0,0.0,0.0,0.0,0.0,
495241,THALIA GARDENS REHABILITATION AND NURSING,VIRGINIA BEACH,VA,Virginia Beach City,810,2023Q3,20230822,119,8.0,8.0,0.0,8.0,8.0,0.0,15.5,15.5,0.0,29.6,29.6,0.0,103.0,103.0,0.0,210.2,180.5,29.7,0.0,0.0,0.0,0.0,0.0,0.0,
495241,THALIA GARDENS REHABILITATION AND NURSING,VIRGINIA BEACH,VA,Virginia Beach City,810,2023Q3,20230823,119,8.0,8.0,0.0,8.0,8.0,0.0,16.6,16.6,0.0,31.7,31.7,0.0,106.9,106.9,0.0,189.5,175.1,14.4,0.0,0.0,0.0,0.0,0.0,0.0,
495241,THALIA GARDENS REHABILITATION AND NURSING,VIRGINIA BEACH,VA,Virginia Beach City,810,2023Q3,20230824,119,8.0,8.0,0.0,8.0,8.0,0.0,24.8,24.8,0.0,26.9,26.9,0.0,95.4,95.4,0.0,199.0,169.3,29.7,0.0,0.0,0.0,0.0,0.0,0.0,
495241,THALIA GARDENS REHABILITATION AND NURSING,VIRGINIA BEACH,VA,Virginia Beach City,810,2023Q3,20230825,120,8.0,8.0,0.0,8.0,8.0,0.0,8.2,8.2,0.0,30.8,30.8,0.0,111.0,111.0,0.0,180.4,127.7,52.7,0.0,0.0,0.0,0.0,0.0,0.0,
495241,THALIA GARDENS REHABILITATION AND NURSING,VIRGINIA BEACH,VA,Virginia Beach City,810,2023Q3,20230826,119,0.0,0.0,0.0,0.0,0.0,0.0,16.3,16.3,0.0,0.1,0.1,0.0,103.8,103.8,0.0,202.2,151.5,50.7,0.0,0.0,0.0,0.0,0.0,0.0,
495241,THALIA GARDENS REHABILITATION AND NURSING,VIRGINIA BEACH,VA,Virginia Beach City,810,2023Q3,20230827,119,0.0,0.0,0.0,0.0,0.0,0.0,8.3,8.3,0.0,1.1,1.1,0.0,104.8,104.8,0.0,172.8,113.1,59.7,0.0,0.0,0.0,0.0,0.0,0.0,
495241,THALIA GARDENS REHABILITATION AND NURSING,VIRGINIA BEACH,VA,Virginia Beach City,810,2023Q3,20230828,119,8.0,8.0,0.0,0.0,0.0,0.0,8.7,8.7,0.0,36.6,36.6,0.0,98.1,98.1,0.0,174.8,151.3,23.5,0.0,0.0,0.0,0.0,0.0,0.0,
495241,THALIA GARDENS REHABILITATION AND NURSING,VIRGINIA BEACH,VA,Virginia Beach City,810,2023Q3,20230829,118,8.0,8.0,0.0,16.8,16.8,0.0,8.8,8.8,0.0,30.0,30.0,0.0,122.1,122.1,0.0,189.1,188.1,1.0,0.0,0.0,0.0,0.0,0.0,0.0,
495241,THALIA GARDENS REHABILITATION AND NURSING,VIRGINIA BEACH,VA,Virginia Beach City,810,2023Q3,20230830,119,8.0,8.0,0.0,16.3,16.3,0.0,16.7,16.7,0.0,23.4,23.4,0.0,124.1,124.1,0.0,192.3,177.8,14.5,0.0,0.0,0.0,0.0,0.0,0.0,
495241,THALIA GARDENS REHABILITATION AND NURSING,VIRGINIA BEACH,VA,Virginia Beach City,810,2023Q3,20230831,119,8.0,8.0,0.0,17.0,17.0,0.0,15.6,15.6,0.0,24.9,24.9,0.0,100.4,100.4,0.0,196.3,175.6,20.7,0.0,0.0,0.0,0.0,0.0,0.0,
495241,THALIA GARDENS REHABILITATION AND NURSING,VIRGINIA BEACH,VA,Virginia Beach City,810,2023Q3,20230901,119,8.0,8.0,0.0,16.4,16.4,0.0,8.7,8.7,0.0,23.5,23.5,0.0,112.3,112.3,0.0,204.4,174.2,30.2,0.0,0.0,0.0,0.0,0.0,0.0,
495241,THALIA GARDENS REHABILITATION AND NURSING,VIRGINIA BEACH,VA,Virginia Beach City,810,2023Q3,20230902,120,0.0,0.0,0.0,7.7,7.7,0.0,8.6,8.6,0.0,0.0,0.0,0.0,117.0,117.0,0.0,203.0,156.4,46.6,0.0,0.0,0.0,0.0,0.0,0.0,
495241,THALIA GARDENS REHABILITATION AND NURSING,VIRGINIA BEACH,VA,Virginia Beach City,810,2023Q3,20230903,120,0.0,0.0,0.0,0.4,0.4,0.0,8.3,8.3,0.0,0.0,0.0,0.0,119.1,111.4,7.7,178.2,110.5,67.7,0.0,0.0,0.0,0.0,0.0,0.0,
495241,THALIA GARDENS REHABILITATION AND NURSING,VIRGINIA BEACH,VA,Virginia Beach City,810,2023Q3,20230904,118,8.0,8.0,0.0,16.1,16.1,0.0,16.0,16.0,0.0,8.6,8.6,0.0,111.8,111.8,0.0,218.9,173.2,45.7,0.0,0.0,0.0,0.0,0.0,0.0,
495241,THALIA GARDENS REHABILITATION AND NURSING,VIRGINIA BEACH,VA,Virginia Beach City,810,2023Q3,20230905,118,8.0,8.0,0.0,18.1,18.1,0.0,8.4,8.4,0.0,25.9,25.9,0.0,109.5,109.5,0.0,182.3,160.0,22.3,0.0,0.0,0.0,0.0,0.0,0.0,
495241,THALIA GARDENS REHABILITATION AND NURSING,VIRGINIA BEACH,VA,Virginia Beach City,810,2023Q3,20230906,120,8.0,8.0,0.0,17.4,17.4,0.0,16.4,16.4,0.0,33.4,33.4,0.0,117.2,117.2,0.0,206.8,162.5,44.3,0.0,0.0,0.0,0.0,0.0,0.0,
495241,THALIA GARDENS REHABILITATION AND NURSING,VIRGINIA BEACH,VA,Virginia Beach City,810,2023Q3,20230907,119,8.0,8.0,0.0,16.1,16.1,0.0,16.4,16.4,0.0,27.0,27.0,0.0,102.0,102.0,0.0,210.5,187.9,22.6,0.0,0.0,0.0,0.0,0.0,0.0,
495241,THALIA GARDENS REHABILITATION AND NURSING,VIRGINIA BEACH,VA,Virginia Beach City,810,2023Q3,20230908,120,8.0,8.0,0.0,16.5,16.5,0.0,8.6,8.6,0.0,15.7,15.7,0.0,98.0,80.8,17.2,198.2,139.2,59.0,0.0,0.0,0.0,0.0,0.0,0.0,
495241,THALIA GARDENS REHABILITATION AND NURSING,VIRGINIA BEACH,VA,Virginia Beach City,810,2023Q3,20230909,119,0.0,0.0,0.0,0.0,0.0,0.0,16.1,16.1,0.0,0.0,0.0,0.0,98.6,84.6,14.0,204.1,150.0,54.1,0.0,0.0,0.0,0.0,0.0,0.0,
495241,THALIA GARDENS REHABILITATION AND NURSING,VIRGINIA BEACH,VA,Virginia Beach City,810,2023Q3,20230910,117,0.0,0.0,0.0,0.0,0.0,0.0,7.9,7.9,0.0,0.0,0.0,0.0,105.4,98.0,7.4,164.9,120.8,44.1,0.0,0.0,0.0,0.0,0.0,0.0,
495241,THALIA GARDENS REHABILITATION AND NURSING,VIRGINIA BEACH,VA,Virginia Beach City,810,2023Q3,20230911,119,8.0,8.0,0.0,15.9,15.9,0.0,8.0,8.0,0.0,31.9,31.9,0.0,109.4,108.7,0.7,163.9,148.4,15.5,0.0,0.0,0.0,0.0,0.0,0.0,
495241,THALIA GARDENS REHABILITATION AND NURSING,VIRGINIA BEACH,VA,Virginia Beach City,810,2023Q3,20230912,120,8.0,8.0,0.0,16.3,16.3,0.0,16.6,16.6,0.0,37.3,37.3,0.0,117.2,110.0,7.2,211.6,181.5,30.1,0.0,0.0,0.0,0.0,0.0,0.0,
495241,THALIA GARDENS REHABILITATION AND NURSING,VIRGINIA BEACH,VA,Virginia Beach City,810,2023Q3,20230913,120,8.0,8.0,0.0,16.0,16.0,0.0,24.3,24.3,0.0,30.4,30.4,0.0,95.6,95.6,0.0,208.4,178.8,29.6,0.0,0.0,0.0,0.0,0.0,0.0,
495241,THALIA GARDENS REHABILITATION AND NURSING,VIRGINIA BEACH,VA,Virginia Beach City,810,2023Q3,20230914,116,8.0,8.0,0.0,16.8,16.8,0.0,16.3,16.3,0.0,22.6,22.6,0.0,104.4,104.4,0.0,225.3,202.4,22.9,0.0,0.0,0.0,0.0,0.0,0.0,
495241,THALIA GARDENS REHABILITATION AND NURSING,VIRGINIA BEACH,VA,Virginia Beach City,810,2023Q3,20230915,119,8.0,8.0,0.0,16.9,16.9,0.0,16.1,16.1,0.0,26.1,26.1,0.0,101.2,101.2,0.0,221.6,185.2,36.4,0.0,0.0,0.0,0.0,0.0,0.0,
495241,THALIA GARDENS REHABILITATION AND NURSING,VIRGINIA BEACH,VA,Virginia Beach City,810,2023Q3,20230916,117,0.0,0.0,0.0,0.0,0.0,0.0,8.6,8.6,0.0,8.6,8.6,0.0,107.7,107.7,0.0,215.9,178.4,37.5,0.0,0.0,0.0,0.0,0.0,0.0,
495241,THALIA GARDENS REHABILITATION AND NURSING,VIRGINIA BEACH,VA,Virginia Beach City,810,2023Q3,20230917,117,0.0,0.0,0.0,0.0,0.0,0.0,8.7,8.7,0.0,0.2,0.2,0.0,120.5,120.5,0.0,164.8,148.9,15.9,0.0,0.0,0.0,0.0,0.0,0.0,
495241,THALIA GARDENS REHABILITATION AND NURSING,VIRGINIA BEACH,VA,Virginia Beach City,810,2023Q3,20230918,117,8.0,8.0,0.0,16.2,16.2,0.0,16.4,16.4,0.0,22.9,22.9,0.0,124.2,123.8,0.4,194.9,156.9,38.0,0.0,0.0,0.0,0.0,0.0,0.0,
495241,THALIA GARDENS REHABILITATION AND NURSING,VIRGINIA BEACH,VA,Virginia Beach City,810,2023Q3,20230919,117,8.0,8.0,0.0,16.4,16.4,0.0,15.8,15.8,0.0,21.8,21.8,0.0,118.2,110.7,7.5,200.2,192.7,7.5,0.0,0.0,0.0,0.0,0.0,0.0,
495241,THALIA GARDENS REHABILITATION AND NURSING,VIRGINIA BEACH,VA,Virginia Beach City,810,2023Q3,20230920,118,8.0,8.0,0.0,16.6,16.6,0.0,17.6,17.6,0.0,19.5,19.5,0.0,117.4,117.4,0.0,201.7,194.6,7.1,0.0,0.0,0.0,0.0,0.0,0.0,
495241,THALIA GARDENS REHABILITATION AND NURSING,VIRGINIA BEACH,VA,Virginia Beach City,810,2023Q3,20230921,118,8.0,8.0,0.0,22.9,22.9,0.0,16.2,16.2,0.0,15.2,15.2,0.0,107.6,107.6,0.0,178.8,170.2,8.6,0.0,0.0,0.0,0.0,0.0,0.0,
495241,THALIA GARDENS REHABILITATION AND NURSING,VIRGINIA BEACH,VA,Virginia Beach City,810,2023Q3,20230922,118,8.0,8.0,0.0,17.1,17.1,0.0,8.1,8.1,0.0,25.8,25.8,0.0,109.7,109.7,0.0,208.4,193.1,15.3,0.0,0.0,0.0,0.0,0.0,0.0,
495241,THALIA GARDENS REHABILITATION AND NURSING,VIRGINIA BEACH,VA,Virginia Beach City,810,2023Q3,20230923,119,0.0,0.0,0.0,0.0,0.0,0.0,24.0,24.0,0.0,0.0,0.0,0.0,102.5,102.5,0.0,157.3,150.2,7.1,0.0,0.0,0.0,0.0,0.0,0.0,
495241,THALIA GARDENS REHABILITATION AND NURSING,VIRGINIA BEACH,VA,Virginia Beach City,810,2023Q3,20230924,119,0.0,0.0,0.0,0.0,0.0,0.0,15.3,15.3,0.0,4.3,4.3,0.0,91.7,91.7,0.0,176.1,153.3,22.8,0.0,0.0,0.0,0.0,0.0,0.0,
495241,THALIA GARDENS REHABILITATION AND NURSING,VIRGINIA BEACH,VA,Virginia Beach City,810,2023Q3,20230925,118,8.0,8.0,0.0,16.0,16.0,0.0,8.7,8.7,0.0,31.5,31.5,0.0,89.7,89.7,0.0,204.9,166.7,38.2,0.0,0.0,0.0,0.0,0.0,0.0,
495241,THALIA GARDENS REHABILITATION AND NURSING,VIRGINIA BEACH,VA,Virginia Beach City,810,2023Q3,20230926,119,8.0,8.0,0.0,23.0,23.0,0.0,16.7,16.7,0.0,19.0,19.0,0.0,103.4,103.4,0.0,190.0,190.0,0.0,0.0,0.0,0.0,0.0,0.0,0.0,
495241,THALIA GARDENS REHABILITATION AND NURSING,VIRGINIA BEACH,VA,Virginia Beach City,810,2023Q3,20230927,121,8.0,8.0,0.0,15.8,15.8,0.0,16.4,16.4,0.0,13.4,13.4,0.0,111.3,111.3,0.0,197.8,190.2,7.6,0.0,0.0,0.0,0.0,0.0,0.0,
495241,THALIA GARDENS REHABILITATION AND NURSING,VIRGINIA BEACH,VA,Virginia Beach City,810,2023Q3,20230928,121,8.0,8.0,0.0,16.7,16.7,0.0,16.1,16.1,0.0,17.1,17.1,0.0,127.3,127.3,0.0,187.2,179.3,7.9,0.0,0.0,0.0,0.0,0.0,0.0,
495241,THALIA GARDENS REHABILITATION AND NURSING,VIRGINIA BEACH,VA,Virginia Beach City,810,2023Q3,20230929,119,8.0,8.0,0.0,15.3,15.3,0.0,8.3,8.3,0.0,24.1,24.1,0.0,118.7,118.7,0.0,186.3,154.8,31.5,0.0,0.0,0.0,0.0,0.0,0.0,
495241,THALIA GARDENS REHABILITATION AND NURSING,VIRGINIA BEACH,VA,Virginia Beach City,810,2023Q3,20230930,118,0.0,0.0,0.0,0.0,0.0,0.0,8.6,8.6,0.0,0.0,0.0,0.0,115.2,115.2,0.0,184.9,177.3,7.6,0.0,0.0,0.0,0.0,0.0,0.0,
495241,THALIA GARDENS REHABILITATION AND NURSING,VIRGINIA BEACH,VA,Virginia Beach City,810,2023Q4,20231001,119,0.0,0.0,0.0,8.0,8.0,0.0,8.3,8.3,0.0,0.0,0.0,0.0,106.8,106.8,0.0,156.9,149.6,7.3,0.0,0.0,0.0,0.0,0.0,0.0,
495241,THALIA GARDENS REHABILITATION AND NURSING,VIRGINIA BEACH,VA,Virginia Beach City,810,2023Q4,20231002,118,8.0,8.0,0.0,20.3,20.3,0.0,8.4,8.4,0.0,34.7,34.7,0.0,102.9,94.2,8.7,185.7,170.6,15.1,0.0,0.0,0.0,0.0,0.0,0.0,
495241,THALIA GARDENS REHABILITATION AND NURSING,VIRGINIA BEACH,VA,Virginia Beach City,810,2023Q4,20231003,118,8.0,8.0,0.0,16.6,16.6,0.0,8.6,8.6,0.0,15.1,15.1,0.0,105.8,105.3,0.5,195.0,187.9,7.1,0.0,0.0,0.0,0.0,0.0,0.0,
495241,THALIA GARDENS REHABILITATION AND NURSING,VIRGINIA BEACH,VA,Virginia Beach City,810,2023Q4,20231004,119,8.0,8.0,0.0,18.8,18.8,0.0,16.9,16.9,0.0,26.2,26.2,0.0,116.5,116.5,0.0,200.8,193.1,7.7,0.0,0.0,0.0,0.0,0.0,0.0,
495241,THALIA GARDENS REHABILITATION AND NURSING,VIRGINIA BEACH,VA,Virginia Beach City,810,2023Q4,20231005,119,8.0,8.0,0.0,17.0,17.0,0.0,15.8,15.8,0.0,29.8,29.8,0.0,110.7,110.7,0.0,193.0,170.0,23.0,0.0,0.0,0.0,0.0,0.0,0.0,
495241,THALIA GARDENS REHABILITATION AND NURSING,VIRGINIA BEACH,VA,Virginia Beach City,810,2023Q4,20231006,117,8.0,8.0,0.0,16.6,16.6,0.0,8.4,8.4,0.0,23.9,23.9,0.0,94.3,94.3,0.0,199.2,170.9,28.3,0.0,0.0,0.0,0.0,0.0,0.0,
495241,THALIA GARDENS REHABILITATION AND NURSING,VIRGINIA BEACH,VA,Virginia Beach City,810,2023Q4,20231007,117,0.0,0.0,0.0,0.0,0.0,0.0,15.9,15.9,0.0,0.0,0.0,0.0,106.9,106.9,0.0,156.8,135.0,21.8,0.0,0.0,0.0,0.0,0.0,0.0,
495241,THALIA GARDENS REHABILITATION AND NURSING,VIRGINIA BEACH,VA,Virginia Beach City,810,2023Q4,20231008,117,0.0,0.0,0.0,0.0,0.0,0.0,7.9,7.9,0.0,3.1,3.1,0.0,121.6,121.0,0.6,148.9,141.3,7.6,0.0,0.0,0.0,0.0,0.0,0.0,
495241,THALIA GARDENS REHABILITATION AND NURSING,VIRGINIA BEACH,VA,Virginia Beach City,810,2023Q4,20231009,118,8.0,8.0,0.0,15.7,15.7,0.0,8.0,8.0,0.0,26.7,26.7,0.0,118.2,110.9,7.3,189.2,189.2,0.0,0.0,0.0,0.0,0.0,0.0,0.0,
495241,THALIA GARDENS REHABILITATION AND NURSING,VIRGINIA BEACH,VA,Virginia Beach City,810,2023Q4,20231010,117,8.0,8.0,0.0,15.1,15.1,0.0,0.5,0.5,0.0,36.6,36.6,0.0,118.4,118.4,0.0,213.2,205.7,7.5,0.0,0.0,0.0,0.0,0.0,0.0,
495241,THALIA GARDENS REHABILITATION AND NURSING,VIRGINIA BEACH,VA,Virginia Beach City,810,2023Q4,20231011,117,8.0,8.0,0.0,16.8,16.8,0.0,16.3,16.3,0.0,27.9,27.9,0.0,108.5,108.5,0.0,199.9,192.2,7.7,0.0,0.0,0.0,0.0,0.0,0.0,
495241,THALIA GARDENS REHABILITATION AND NURSING,VIRGINIA BEACH,VA,Virginia Beach City,810,2023Q4,20231012,120,8.0,8.0,0.0,17.2,17.2,0.0,16.3,16.3,0.0,30.4,30.4,0.0,109.7,109.7,0.0,203.1,189.7,13.4,0.0,0.0,0.0,0.0,0.0,0.0,
495241,THALIA GARDENS REHABILITATION AND NURSING,VIRGINIA BEACH,VA,Virginia Beach City,810,2023Q4,20231013,120,8.0,8.0,0.0,16.5,16.5,0.0,8.8,8.8,0.0,28.5,28.5,0.0,105.1,105.1,0.0,185.0,176.4,8.6,0.0,0.0,0.0,0.0,0.0,0.0,
495241,THALIA GARDENS REHABILITATION AND NURSING,VIRGINIA BEACH,VA,Virginia Beach City,810,2023Q4,20231014,120,0.0,0.0,0.0,0.0,0.0,0.0,8.7,8.7,0.0,7.4,7.4,0.0,113.7,113.7,0.0,189.8,174.2,15.6,0.0,0.0,0.0,0.0,0.0,0.0,
495241,THALIA GARDENS REHABILITATION AND NURSING,VIRGINIA BEACH,VA,Virginia Beach City,810,2023Q4,20231015,120,0.0,0.0,0.0,0.0,0.0,0.0,8.8,8.8,0.0,0.0,0.0,0.0,113.6,113.6,0.0,156.9,135.3,21.6,0.0,0.0,0.0,0.0,0.0,0.0,
495241,THALIA GARDENS REHABILITATION AND NURSING,VIRGINIA BEACH,VA,Virginia Beach City,810,2023Q4,20231016,121,8.0,8.0,0.0,15.6,15.6,0.0,16.1,16.1,0.0,23.3,23.3,0.0,113.0,113.0,0.0,177.8,154.0,23.8,0.0,0.0,0.0,0.0,0.0,0.0,
495241,THALIA GARDENS REHABILITATION AND NURSING,VIRGINIA BEACH,VA,Virginia Beach City,810,2023Q4,20231017,120,8.0,8.0,0.0,21.7,21.7,0.0,8.8,8.8,0.0,39.2,39.2,0.0,120.7,120.7,0.0,210.3,196.7,13.6,0.0,0.0,0.0,0.0,0.0,0.0,
495241,THALIA GARDENS REHABILITATION AND NURSING,VIRGINIA BEACH,VA,Virginia Beach City,810,2023Q4,20231018,120,8.0,8.0,0.0,17.8,17.8,0.0,16.5,16.5,0.0,38.8,38.8,0.0,110.5,110.5,0.0,206.7,200.4,6.3,0.0,0.0,0.0,0.0,0.0,0.0,
495241,THALIA GARDENS REHABILITATION AND NURSING,VIRGINIA BEACH,VA,Virginia Beach City,810,2023Q4,20231019,121,8.0,8.0,0.0,18.5,18.5,0.0,16.3,16.3,0.0,36.6,36.6,0.0,110.8,110.8,0.0,192.2,184.9,7.3,0.0,0.0,0.0,0.0,0.0,0.0,
495241,THALIA GARDENS REHABILITATION AND NURSING,VIRGINIA BEACH,VA,Virginia Beach City,810,2023Q4,20231020,122,8.0,8.0,0.0,16.6,16.6,0.0,8.4,8.4,0.0,27.4,27.4,0.0,116.6,116.6,0.0,199.5,184.2,15.3,0.0,0.0,0.0,0.0,0.0,0.0,
495241,THALIA GARDENS REHABILITATION AND NURSING,VIRGINIA BEACH,VA,Virginia Beach City,810,2023Q4,20231021,122,0.0,0.0,0.0,0.0,0.0,0.0,15.7,15.7,0.0,14.8,14.8,0.0,96.5,96.5,0.0,186.6,164.4,22.2,0.0,0.0,0.0,0.0,0.0,0.0,
495241,THALIA GARDENS REHABILITATION AND NURSING,VIRGINIA BEACH,VA,Virginia Beach City,810,2023Q4,20231022,121,0.0,0.0,0.0,0.0,0.0,0.0,8.0,8.0,0.0,5.8,5.8,0.0,103.8,103.8,0.0,168.2,149.3,18.9,0.0,0.0,0.0,0.0,0.0,0.0,
495241,THALIA GARDENS REHABILITATION AND NURSING,VIRGINIA BEACH,VA,Virginia Beach City,810,2023Q4,20231023,121,8.0,8.0,0.0,15.5,15.5,0.0,8.0,8.0,0.0,19.5,19.5,0.0,109.7,109.7,0.0,200.2,177.5,22.7,0.0,0.0,0.0,0.0,0.0,0.0,
495241,THALIA GARDENS REHABILITATION AND NURSING,VIRGINIA BEACH,VA,Virginia Beach City,810,2023Q4,20231024,118,8.0,8.0,0.0,18.0,18.0,0.0,0.5,0.5,0.0,21.5,21.5,0.0,120.6,120.6,0.0,174.9,174.4,0.5,0.0,0.0,0.0,0.0,0.0,0.0,
495241,THALIA GARDENS REHABILITATION AND NURSING,VIRGINIA BEACH,VA,Virginia Beach City,810,2023Q4,20231025,119,8.0,8.0,0.0,8.0,8.0,0.0,24.0,24.0,0.0,35.5,35.5,0.0,102.7,102.7,0.0,213.8,206.7,7.1,0.0,0.0,0.0,0.0,0.0,0.0,
495241,THALIA GARDENS REHABILITATION AND NURSING,VIRGINIA BEACH,VA,Virginia Beach City,810,2023Q4,20231026,119,8.0,8.0,0.0,18.4,18.4,0.0,25.1,25.1,0.0,32.9,32.9,0.0,107.2,107.2,0.0,219.7,194.2,25.5,0.0,0.0,0.0,0.0,0.0,0.0,
495241,THALIA GARDENS REHABILITATION AND NURSING,VIRGINIA BEACH,VA,Virginia Beach City,810,2023Q4,20231027,119,8.0,8.0,0.0,16.9,16.9,0.0,16.3,16.3,0.0,29.4,29.4,0.0,110.3,110.3,0.0,185.2,178.1,7.1,0.0,0.0,0.0,0.0,0.0,0.0,
495241,THALIA GARDENS REHABILITATION AND NURSING,VIRGINIA BEACH,VA,Virginia Beach City,810,2023Q4,20231028,119,0.0,0.0,0.0,7.5,7.5,0.0,0.0,0.0,0.0,9.4,9.4,0.0,112.1,112.1,0.0,172.4,141.9,30.5,0.0,0.0,0.0,0.0,0.0,0.0,
495241,THALIA GARDENS REHABILITATION AND NURSING,VIRGINIA BEACH,VA,Virginia Beach City,810,2023Q4,20231029,119,0.0,0.0,0.0,9.4,9.4,0.0,8.1,8.1,0.0,0.0,0.0,0.0,116.6,116.6,0.0,168.7,147.4,21.3,0.0,0.0,0.0,0.0,0.0,0.0,
495241,THALIA GARDENS REHABILITATION AND NURSING,VIRGINIA BEACH,VA,Virginia Beach City,810,2023Q4,20231030,119,8.0,8.0,0.0,23.1,23.1,0.0,8.2,8.2,0.0,27.7,27.7,0.0,104.1,104.1,0.0,193.7,164.5,29.2,0.0,0.0,0.0,0.0,0.0,0.0,
495241,THALIA GARDENS REHABILITATION AND NURSING,VIRGINIA BEACH,VA,Virginia Beach City,810,2023Q4,20231031,118,8.0,8.0,0.0,17.3,17.3,0.0,8.8,8.8,0.0,19.0,19.0,0.0,87.0,87.0,0.0,172.0,148.7,23.3,0.0,0.0,0.0,0.0,0.0,0.0,
495241,THALIA GARDENS REHABILITATION AND NURSING,VIRGINIA BEACH,VA,Virginia Beach City,810,2023Q4,20231101,120,8.0,8.0,0.0,13.6,13.6,0.0,8.2,8.2,0.0,19.0,19.0,0.0,111.3,111.3,0.0,198.3,189.7,8.6,0.0,0.0,0.0,0.0,0.0,0.0,
495241,THALIA GARDENS REHABILITATION AND NURSING,VIRGINIA BEACH,VA,Virginia Beach City,810,2023Q4,20231102,122,8.0,8.0,0.0,15.9,15.9,0.0,8.6,8.6,0.0,13.8,13.8,0.0,108.3,108.3,0.0,209.2,202.2,7.0,0.0,0.0,0.0,0.0,0.0,0.0,
495241,THALIA GARDENS REHABILITATION AND NURSING,VIRGINIA BEACH,VA,Virginia Beach City,810,2023Q4,20231103,118,8.0,8.0,0.0,16.1,16.1,0.0,0.0,0.0,0.0,33.6,33.6,0.0,131.2,131.2,0.0,209.5,193.0,16.5,0.0,0.0,0.0,0.0,0.0,0.0,
495241,THALIA GARDENS REHABILITATION AND NURSING,VIRGINIA BEACH,VA,Virginia Beach City,810,2023Q4,20231104,117,0.0,0.0,0.0,0.0,0.0,0.0,8.3,8.3,0.0,9.7,9.7,0.0,107.5,107.5,0.0,186.3,164.1,22.2,0.0,0.0,0.0,0.0,0.0,0.0,
495241,THALIA GARDENS REHABILITATION AND NURSING,VIRGINIA BEACH,VA,Virginia Beach City,810,2023Q4,20231105,117,0.0,0.0,0.0,0.0,0.0,0.0,8.2,8.2,0.0,0.1,0.1,0.0,114.2,114.2,0.0,174.6,138.4,36.2,0.0,0.0,0.0,0.0,0.0,0.0,
495241,THALIA GARDENS REHABILITATION AND NURSING,VIRGINIA BEACH,VA,Virginia Beach City,810,2023Q4,20231106,117,8.0,8.0,0.0,15.8,15.8,0.0,8.8,8.8,0.0,40.2,40.2,0.0,100.2,100.2,0.0,200.9,192.2,8.7,0.0,0.0,0.0,0.0,0.0,0.0,
495241,THALIA GARDENS REHABILITATION AND NURSING,VIRGINIA BEACH,VA,Virginia Beach City,810,2023Q4,20231107,118,8.0,8.0,0.0,16.2,16.2,0.0,8.4,8.4,0.0,12.7,12.7,0.0,120.1,120.1,0.0,197.7,176.6,21.1,0.0,0.0,0.0,0.0,0.0,0.0,
495241,THALIA GARDENS REHABILITATION AND NURSING,VIRGINIA BEACH,VA,Virginia Beach City,810,2023Q4,20231108,120,8.0,8.0,0.0,16.3,16.3,0.0,25.8,25.8,0.0,34.4,34.4,0.0,105.9,105.9,0.0,204.3,181.8,22.5,0.0,0.0,0.0,0.0,0.0,0.0,
495241,THALIA GARDENS REHABILITATION AND NURSING,VIRGINIA BEACH,VA,Virginia Beach City,810,2023Q4,20231109,119,8.0,8.0,0.0,17.9,17.9,0.0,24.6,24.6,0.0,38.7,38.7,0.0,80.0,80.0,0.0,195.9,165.3,30.6,0.0,0.0,0.0,0.0,0.0,0.0,
495241,THALIA GARDENS REHABILITATION AND NURSING,VIRGINIA BEACH,VA,Virginia Beach City,810,2023Q4,20231110,121,8.0,8.0,0.0,16.4,16.4,0.0,16.4,16.4,0.0,36.6,36.6,0.0,115.0,115.0,0.0,213.9,176.5,37.4,0.0,0.0,0.0,0.0,0.0,0.0,
495241,THALIA GARDENS REHABILITATION AND NURSING,VIRGINIA BEACH,VA,Virginia Beach City,810,2023Q4,20231111,120,0.0,0.0,0.0,0.0,0.0,0.0,17.1,17.1,0.0,8.6,8.6,0.0,89.4,89.4,0.0,190.3,160.9,29.4,0.0,0.0,0.0,0.0,0.0,0.0,
495241,THALIA GARDENS REHABILITATION AND NURSING,VIRGINIA BEACH,VA,Virginia Beach City,810,2023Q4,20231112,119,0.0,0.0,0.0,0.0,0.0,0.0,8.7,8.7,0.0,5.3,5.3,0.0,113.4,113.4,0.0,175.8,145.3,30.5,0.0,0.0,0.0,0.0,0.0,0.0,
495241,THALIA GARDENS REHABILITATION AND NURSING,VIRGINIA BEACH,VA,Virginia Beach City,810,2023Q4,20231113,120,8.0,8.0,0.0,8.0,8.0,0.0,16.4,16.4,0.0,14.2,14.2,0.0,111.8,111.8,0.0,193.5,171.3,22.2,0.0,0.0,0.0,0.0,0.0,0.0,
495241,THALIA GARDENS REHABILITATION AND NURSING,VIRGINIA BEACH,VA,Virginia Beach City,810,2023Q4,20231114,121,8.0,8.0,0.0,8.0,8.0,0.0,9.1,9.1,0.0,23.0,23.0,0.0,114.7,114.7,0.0,206.3,198.7,7.6,0.0,0.0,0.0,0.0,0.0,0.0,
495241,THALIA GARDENS REHABILITATION AND NURSING,VIRGINIA BEACH,VA,Virginia Beach City,810,2023Q4,20231115,122,8.0,8.0,0.0,16.3,16.3,0.0,16.6,16.6,0.0,13.4,13.4,0.0,100.6,100.6,0.0,187.1,179.7,7.4,0.0,0.0,0.0,0.0,0.0,0.0,
495241,THALIA GARDENS REHABILITATION AND NURSING,VIRGINIA BEACH,VA,Virginia Beach City,810,2023Q4,20231116,121,8.0,8.0,0.0,23.0,23.0,0.0,17.0,17.0,0.0,30.7,30.7,0.0,93.5,93.5,0.0,190.5,173.4,17.1,0.0,0.0,0.0,0.0,0.0,0.0,
495241,THALIA GARDENS REHABILITATION AND NURSING,VIRGINIA BEACH,VA,Virginia Beach City,810,2023Q4,20231117,121,8.0,8.0,0.0,17.6,17.6,0.0,8.4,8.4,0.0,32.7,32.7,0.0,105.4,105.4,0.0,192.5,177.5,15.0,0.0,0.0,0.0,0.0,0.0,0.0,
495241,THALIA GARDENS REHABILITATION AND NURSING,VIRGINIA BEACH,VA,Virginia Beach City,810,2023Q4,20231118,121,0.0,0.0,0.0,4.2,4.2,0.0,16.6,16.6,0.0,8.4,8.4,0.0,111.6,111.6,0.0,168.5,138.6,29.9,0.0,0.0,0.0,0.0,0.0,0.0,
495241,THALIA GARDENS REHABILITATION AND NURSING,VIRGINIA BEACH,VA,Virginia Beach City,810,2023Q4,20231119,121,0.0,0.0,0.0,9.9,9.9,0.0,8.0,8.0,0.0,0.0,0.0,0.0,104.8,104.8,0.0,158.9,141.4,17.5,0.0,0.0,0.0,0.0,0.0,0.0,
495241,THALIA GARDENS REHABILITATION AND NURSING,VIRGINIA BEACH,VA,Virginia Beach City,810,2023Q4,20231120,119,8.0,8.0,0.0,19.4,19.4,0.0,8.1,8.1,0.0,23.5,23.5,0.0,111.6,111.6,0.0,202.4,187.4,15.0,0.0,0.0,0.0,0.0,0.0,0.0,
495241,THALIA GARDENS REHABILITATION AND NURSING,VIRGINIA BEACH,VA,Virginia Beach City,810,2023Q4,20231121,121,8.0,8.0,0.0,17.1,17.1,0.0,0.5,0.5,0.0,29.3,29.3,0.0,130.0,130.0,0.0,222.1,207.9,14.2,0.0,0.0,0.0,0.0,0.0,0.0,
495241,THALIA GARDENS REHABILITATION AND NURSING,VIRGINIA BEACH,VA,Virginia Beach City,810,2023Q4,20231122,122,8.0,8.0,0.0,16.8,16.8,0.0,17.4,17.4,0.0,22.8,22.8,0.0,114.6,114.6,0.0,225.0,225.0,0.0,0.0,0.0,0.0,0.0,0.0,0.0,
495241,THALIA GARDENS REHABILITATION AND NURSING,VIRGINIA BEACH,VA,Virginia Beach City,810,2023Q4,20231123,122,8.0,8.0,0.0,26.1,26.1,0.0,23.9,23.9,0.0,12.8,12.8,0.0,97.9,97.9,0.0,201.5,194.1,7.4,0.0,0.0,0.0,0.0,0.0,0.0,
495241,THALIA GARDENS REHABILITATION AND NURSING,VIRGINIA BEACH,VA,Virginia Beach City,810,2023Q4,20231124,122,8.0,8.0,0.0,15.8,15.8,0.0,0.0,0.0,0.0,30.3,30.3,0.0,117.0,117.0,0.0,209.7,209.7,0.0,0.0,0.0,0.0,0.0,0.0,0.0,
495241,THALIA GARDENS REHABILITATION AND NURSING,VIRGINIA BEACH,VA,Virginia Beach City,810,2023Q4,20231125,122,0.0,0.0,0.0,8.5,8.5,0.0,7.8,7.8,0.0,0.3,0.3,0.0,107.5,107.5,0.0,189.4,182.2,7.2,0.0,0.0,0.0,0.0,0.0,0.0,
495241,THALIA GARDENS REHABILITATION AND NURSING,VIRGINIA BEACH,VA,Virginia Beach City,810,2023Q4,20231126,122,0.0,0.0,0.0,8.4,8.4,0.0,7.9,7.9,0.0,7.5,7.5,0.0,105.4,105.4,0.0,139.9,131.9,8.0,0.0,0.0,0.0,0.0,0.0,0.0,
495241,THALIA GARDENS REHABILITATION AND NURSING,VIRGINIA BEACH,VA,Virginia Beach City,810,2023Q4,20231127,122,8.0,8.0,0.0,11.3,11.3,0.0,16.3,16.3,0.0,22.7,22.7,0.0,89.9,89.9,0.0,190.3,154.2,36.1,0.0,0.0,0.0,0.0,0.0,0.0,
495241,THALIA GARDENS REHABILITATION AND NURSING,VIRGINIA BEACH,VA,Virginia Beach City,810,2023Q4,20231128,121,8.0,8.0,0.0,17.2,17.2,0.0,8.3,8.3,0.0,27.7,27.7,0.0,107.5,107.5,0.0,199.6,184.8,14.8,0.0,0.0,0.0,0.0,0.0,0.0,
495241,THALIA GARDENS REHABILITATION AND NURSING,VIRGINIA BEACH,VA,Virginia Beach City,810,2023Q4,20231129,122,8.0,8.0,0.0,16.8,16.8,0.0,7.6,7.6,0.0,32.4,32.4,0.0,109.2,109.2,0.0,218.7,211.7,7.0,0.0,0.0,0.0,0.0,0.0,0.0,
495241,THALIA GARDENS REHABILITATION AND NURSING,VIRGINIA BEACH,VA,Virginia Beach City,810,2023Q4,20231130,120,8.0,8.0,0.0,16.6,16.6,0.0,9.3,9.3,0.0,27.3,27.3,0.0,108.1,108.1,0.0,231.2,215.8,15.4,0.0,0.0,0.0,0.0,0.0,0.0,
495241,THALIA GARDENS REHABILITATION AND NURSING,VIRGINIA BEACH,VA,Virginia Beach City,810,2023Q4,20231201,121,8.0,8.0,0.0,16.1,16.1,0.0,16.7,16.7,0.0,24.5,24.5,0.0,78.0,78.0,0.0,211.5,211.5,0.0,0.0,0.0,0.0,0.0,0.0,0.0,
495241,THALIA GARDENS REHABILITATION AND NURSING,VIRGINIA BEACH,VA,Virginia Beach City,810,2023Q4,20231202,120,0.0,0.0,0.0,20.7,20.7,0.0,23.6,23.6,0.0,0.0,0.0,0.0,105.3,105.3,0.0,211.0,211.0,0.0,0.0,0.0,0.0,0.0,0.0,0.0,
495241,THALIA GARDENS REHABILITATION AND NURSING,VIRGINIA BEACH,VA,Virginia Beach City,810,2023Q4,20231203,120,0.0,0.0,0.0,16.3,16.3,0.0,7.7,7.7,0.0,2.9,2.9,0.0,116.6,116.6,0.0,208.2,208.2,0.0,0.0,0.0,0.0,0.0,0.0,0.0,
495241,THALIA GARDENS REHABILITATION AND NURSING,VIRGINIA BEACH,VA,Virginia Beach City,810,2023Q4,20231204,120,8.0,8.0,0.0,13.5,13.5,0.0,8.1,8.1,0.0,11.5,11.5,0.0,108.0,108.0,0.0,207.9,207.9,0.0,0.0,0.0,0.0,0.0,0.0,0.0,
495241,THALIA GARDENS REHABILITATION AND NURSING,VIRGINIA BEACH,VA,Virginia Beach City,810,2023Q4,20231205,120,8.0,8.0,0.0,16.6,16.6,0.0,0.5,0.5,0.0,17.2,17.2,0.0,118.5,118.5,0.0,216.3,216.3,0.0,0.0,0.0,0.0,0.0,0.0,0.0,
495241,THALIA GARDENS REHABILITATION AND NURSING,VIRGINIA BEACH,VA,Virginia Beach City,810,2023Q4,20231206,119,8.0,8.0,0.0,20.4,20.4,0.0,16.6,16.6,0.0,13.7,13.7,0.0,110.8,110.8,0.0,230.3,230.3,0.0,0.0,0.0,0.0,0.0,0.0,0.0,
495241,THALIA GARDENS REHABILITATION AND NURSING,VIRGINIA BEACH,VA,Virginia Beach City,810,2023Q4,20231207,118,8.0,8.0,0.0,16.8,16.8,0.0,23.2,23.2,0.0,17.7,17.7,0.0,103.2,103.2,0.0,216.3,216.3,0.0,0.0,0.0,0.0,0.0,0.0,0.0,
495241,THALIA GARDENS REHABILITATION AND NURSING,VIRGINIA BEACH,VA,Virginia Beach City,810,2023Q4,20231208,119,8.0,8.0,0.0,6.9,6.9,0.0,8.6,8.6,0.0,19.7,19.7,0.0,108.9,108.9,0.0,207.6,207.6,0.0,0.0,0.0,0.0,0.0,0.0,0.0,
495241,THALIA GARDENS REHABILITATION AND NURSING,VIRGINIA BEACH,VA,Virginia Beach City,810,2023Q4,20231209,119,0.0,0.0,0.0,0.0,0.0,0.0,9.0,9.0,0.0,5.2,5.2,0.0,106.0,106.0,0.0,208.1,208.1,0.0,0.0,0.0,0.0,0.0,0.0,0.0,
495241,THALIA GARDENS REHABILITATION AND NURSING,VIRGINIA BEACH,VA,Virginia Beach City,810,2023Q4,20231210,118,0.0,0.0,0.0,0.0,0.0,0.0,24.3,24.3,0.0,4.9,4.9,0.0,96.0,96.0,0.0,155.9,155.9,0.0,0.0,0.0,0.0,0.0,0.0,0.0,
495241,THALIA GARDENS REHABILITATION AND NURSING,VIRGINIA BEACH,VA,Virginia Beach City,810,2023Q4,20231211,120,8.0,8.0,0.0,20.9,20.9,0.0,22.7,22.7,0.0,33.0,33.0,0.0,90.8,90.8,0.0,167.1,167.1,0.0,0.0,0.0,0.0,0.0,0.0,0.0,
495241,THALIA GARDENS REHABILITATION AND NURSING,VIRGINIA BEACH,VA,Virginia Beach City,810,2023Q4,20231212,120,8.0,8.0,0.0,18.3,18.3,0.0,16.7,16.7,0.0,24.7,24.7,0.0,103.2,103.2,0.0,185.9,185.9,0.0,0.0,0.0,0.0,0.0,0.0,0.0,
495241,THALIA GARDENS REHABILITATION AND NURSING,VIRGINIA BEACH,VA,Virginia Beach City,810,2023Q4,20231213,122,8.0,8.0,0.0,9.1,9.1,0.0,35.7,35.7,0.0,25.8,25.8,0.0,90.3,90.3,0.0,218.2,218.2,0.0,0.0,0.0,0.0,0.0,0.0,0.0,
495241,THALIA GARDENS REHABILITATION AND NURSING,VIRGINIA BEACH,VA,Virginia Beach City,810,2023Q4,20231214,122,8.0,8.0,0.0,22.6,22.6,0.0,24.0,24.0,0.0,29.3,29.3,0.0,80.3,80.3,0.0,199.1,199.1,0.0,0.0,0.0,0.0,0.0,0.0,0.0,
495241,THALIA GARDENS REHABILITATION AND NURSING,VIRGINIA BEACH,VA,Virginia Beach City,810,2023Q4,20231215,122,8.0,8.0,0.0,8.8,8.8,0.0,23.0,23.0,0.0,23.6,23.6,0.0,98.5,98.5,0.0,186.6,186.6,0.0,0.0,0.0,0.0,0.0,0.0,0.0,
495241,THALIA GARDENS REHABILITATION AND NURSING,VIRGINIA BEACH,VA,Virginia Beach City,810,2023Q4,20231216,122,0.0,0.0,0.0,0.0,0.0,0.0,16.3,16.3,0.0,4.0,4.0,0.0,111.9,111.9,0.0,199.8,192.2,7.6,0.0,0.0,0.0,0.0,0.0,0.0,
495241,THALIA GARDENS REHABILITATION AND NURSING,VIRGINIA BEACH,VA,Virginia Beach City,810,2023Q4,20231217,122,0.0,0.0,0.0,6.9,6.9,0.0,8.1,8.1,0.0,0.7,0.7,0.0,111.6,111.6,0.0,153.8,137.6,16.2,0.0,0.0,0.0,0.0,0.0,0.0,
495241,THALIA GARDENS REHABILITATION AND NURSING,VIRGINIA BEACH,VA,Virginia Beach City,810,2023Q4,20231218,120,8.0,8.0,0.0,0.0,0.0,0.0,20.3,20.3,0.0,32.4,32.4,0.0,90.9,90.9,0.0,172.9,172.9,0.0,0.0,0.0,0.0,0.0,0.0,0.0,
495241,THALIA GARDENS REHABILITATION AND NURSING,VIRGINIA BEACH,VA,Virginia Beach City,810,2023Q4,20231219,121,8.0,8.0,0.0,8.0,8.0,0.0,16.4,16.4,0.0,29.3,29.3,0.0,102.1,102.1,0.0,201.6,201.6,0.0,0.0,0.0,0.0,0.0,0.0,0.0,
495241,THALIA GARDENS REHABILITATION AND NURSING,VIRGINIA BEACH,VA,Virginia Beach City,810,2023Q4,20231220,121,8.0,8.0,0.0,8.0,8.0,0.0,19.7,19.7,0.0,21.5,21.5,0.0,112.7,112.7,0.0,223.7,223.7,0.0,0.0,0.0,0.0,0.0,0.0,0.0,
495241,THALIA GARDENS REHABILITATION AND NURSING,VIRGINIA BEACH,VA,Virginia Beach City,810,2023Q4,20231221,121,8.0,8.0,0.0,0.0,0.0,0.0,8.4,8.4,0.0,19.2,19.2,0.0,108.4,108.4,0.0,211.2,211.2,0.0,0.0,0.0,0.0,0.0,0.0,0.0,
495241,THALIA GARDENS REHABILITATION AND NURSING,VIRGINIA BEACH,VA,Virginia Beach City,810,2023Q4,20231222,121,8.0,8.0,0.0,8.0,8.0,0.0,16.2,16.2,0.0,27.8,27.8,0.0,98.9,98.9,0.0,206.1,206.1,0.0,0.0,0.0,0.0,0.0,0.0,0.0,
495241,THALIA GARDENS REHABILITATION AND NURSING,VIRGINIA BEACH,VA,Virginia Beach City,810,2023Q4,20231223,121,0.0,0.0,0.0,3.5,3.5,0.0,8.5,8.5,0.0,14.8,14.8,0.0,88.2,88.2,0.0,175.5,175.5,0.0,0.0,0.0,0.0,0.0,0.0,0.0,
495241,THALIA GARDENS REHABILITATION AND NURSING,VIRGINIA BEACH,VA,Virginia Beach City,810,2023Q4,20231224,121,0.0,0.0,0.0,1.3,1.3,0.0,25.1,25.1,0.0,11.9,11.9,0.0,63.3,63.3,0.0,148.3,148.3,0.0,0.0,0.0,0.0,0.0,0.0,0.0,
495241,THALIA GARDENS REHABILITATION AND NURSING,VIRGINIA BEACH,VA,Virginia Beach City,810,2023Q4,20231225,121,8.0,8.0,0.0,8.0,8.0,0.0,42.0,42.0,0.0,3.8,3.8,0.0,73.2,73.2,0.0,153.9,145.4,8.5,0.0,0.0,0.0,0.0,0.0,0.0,
495241,THALIA GARDENS REHABILITATION AND NURSING,VIRGINIA BEACH,VA,Virginia Beach City,810,2023Q4,20231226,122,8.0,8.0,0.0,8.3,8.3,0.0,8.4,8.4,0.0,7.1,7.1,0.0,105.6,105.6,0.0,189.9,189.9,0.0,0.0,0.0,0.0,0.0,0.0,0.0,
495241,THALIA GARDENS REHABILITATION AND NURSING,VIRGINIA BEACH,VA,Virginia Beach City,810,2023Q4,20231227,121,8.0,8.0,0.0,13.7,13.7,0.0,19.6,19.6,0.0,25.1,25.1,0.0,98.4,98.4,0.0,210.7,210.7,0.0,0.0,0.0,0.0,0.0,0.0,0.0,
495241,THALIA GARDENS REHABILITATION AND NURSING,VIRGINIA BEACH,VA,Virginia Beach City,810,2023Q4,20231228,118,8.0,8.0,0.0,13.6,13.6,0.0,14.0,14.0,0.0,21.1,21.1,0.0,99.6,99.6,0.0,208.9,208.9,0.0,0.0,0.0,0.0,0.0,0.0,0.0,
495241,THALIA GARDENS REHABILITATION AND NURSING,VIRGINIA BEACH,VA,Virginia Beach City,810,2023Q4,20231229,116,8.0,8.0,0.0,8.5,8.5,0.0,7.5,7.5,0.0,23.3,23.3,0.0,123.0,123.0,0.0,230.6,230.6,0.0,0.0,0.0,0.0,0.0,0.0,0.0,
495241,THALIA GARDENS REHABILITATION AND NURSING,VIRGINIA BEACH,VA,Virginia Beach City,810,2023Q4,20231230,116,0.0,0.0,0.0,0.0,0.0,0.0,16.3,16.3,0.0,0.0,0.0,0.0,109.8,109.8,0.0,205.9,198.5,7.4,0.0,0.0,0.0,0.0,0.0,0.0,
495241,THALIA GARDENS REHABILITATION AND NURSING,VIRGINIA BEACH,VA,Virginia Beach City,810,2023Q4,20231231,116,0.0,0.0,0.0,7.1,7.1,0.0,8.6,8.6,0.0,0.0,0.0,0.0,108.1,108.1,0.0,171.6,163.9,7.7,0.0,0.0,0.0,0.0,0.0,0.0,
495241,THALIA GARDENS REHABILITATION AND NURSING,VIRGINIA BEACH,VA,Virginia Beach City,810,2024Q1,20240101,116,8.0,8.0,0.0,15.93,15.93,0.0,23.87,23.87,0.0,20.59,20.59,0.0,101.08,101.08,0.0,204.2,196.65,7.55,0.0,0.0,0.0,0.0,0.0,0.0,
495241,THALIA GARDENS REHABILITATION AND NURSING,VIRGINIA BEACH,VA,Virginia Beach City,810,2024Q1,20240102,113,8.0,8.0,0.0,16.33,16.33,0.0,0.58,0.58,0.0,30.5,30.5,0.0,119.11,119.11,0.0,187.89,187.89,0.0,0.0,0.0,0.0,0.0,0.0,0.0,
495241,THALIA GARDENS REHABILITATION AND NURSING,VIRGINIA BEACH,VA,Virginia Beach City,810,2024Q1,20240103,113,8.0,8.0,0.0,17.33,17.33,0.0,23.93,23.93,0.0,32.49,32.49,0.0,110.15,110.15,0.0,217.43,217.43,0.0,0.0,0.0,0.0,0.0,0.0,0.0,
495241,THALIA GARDENS REHABILITATION AND NURSING,VIRGINIA BEACH,VA,Virginia Beach City,810,2024Q1,20240104,113,8.0,8.0,0.0,24.63,24.63,0.0,23.6,23.6,0.0,23.62,23.62,0.0,98.64,98.64,0.0,203.13,203.13,0.0,0.0,0.0,0.0,0.0,0.0,0.0,
495241,THALIA GARDENS REHABILITATION AND NURSING,VIRGINIA BEACH,VA,Virginia Beach City,810,2024Q1,20240105,114,8.0,8.0,0.0,16.17,16.17,0.0,15.61,15.61,0.0,25.1,25.1,0.0,107.76,107.76,0.0,200.94,200.94,0.0,0.0,0.0,0.0,0.0,0.0,0.0,
495241,THALIA GARDENS REHABILITATION AND NURSING,VIRGINIA BEACH,VA,Virginia Beach City,810,2024Q1,20240106,114,0.0,0.0,0.0,8.28,8.28,0.0,8.77,8.77,0.0,12.38,12.38,0.0,104.91,104.91,0.0,201.19,201.19,0.0,0.0,0.0,0.0,0.0,0.0,0.0,
495241,THALIA GARDENS REHABILITATION AND NURSING,VIRGINIA BEACH,VA,Virginia Beach City,810,2024Q1,20240107,113,0.0,0.0,0.0,0.0,0.0,0.0,8.92,8.92,0.0,10.53,10.53,0.0,119.37,119.37,0.0,169.73,169.73,0.0,0.0,0.0,0.0,0.0,0.0,0.0,
495241,THALIA GARDENS REHABILITATION AND NURSING,VIRGINIA BEACH,VA,Virginia Beach City,810,2024Q1,20240108,117,8.0,8.0,0.0,16.8,16.8,0.0,8.28,8.28,0.0,13.0,13.0,0.0,111.88,111.88,0.0,168.86,168.86,0.0,0.0,0.0,0.0,0.0,0.0,0.0,
495241,THALIA GARDENS REHABILITATION AND NURSING,VIRGINIA BEACH,VA,Virginia Beach City,810,2024Q1,20240109,117,8.0,8.0,0.0,17.65,17.65,0.0,12.49,12.49,0.0,24.65,24.65,0.0,115.41,115.41,0.0,212.68,212.68,0.0,0.0,0.0,0.0,0.0,0.0,0.0,
495241,THALIA GARDENS REHABILITATION AND NURSING,VIRGINIA BEACH,VA,Virginia Beach City,810,2024Q1,20240110,121,8.0,8.0,0.0,20.57,20.57,0.0,9.08,9.08,0.0,26.8,26.8,0.0,108.66,108.66,0.0,216.69,216.69,0.0,0.0,0.0,0.0,0.0,0.0,0.0,
495241,THALIA GARDENS REHABILITATION AND NURSING,VIRGINIA BEACH,VA,Virginia Beach City,810,2024Q1,20240111,121,8.0,8.0,0.0,17.03,17.03,0.0,17.12,17.12,0.0,21.82,21.82,0.0,113.76,113.76,0.0,229.83,229.83,0.0,0.0,0.0,0.0,0.0,0.0,0.0,
495241,THALIA GARDENS REHABILITATION AND NURSING,VIRGINIA BEACH,VA,Virginia Beach City,810,2024Q1,20240112,122,8.0,8.0,0.0,17.43,17.43,0.0,17.25,17.25,0.0,35.76,35.76,0.0,84.76,84.76,0.0,212.81,212.81,0.0,0.0,0.0,0.0,0.0,0.0,0.0,
495241,THALIA GARDENS REHABILITATION AND NURSING,VIRGINIA BEACH,VA,Virginia Beach City,810,2024Q1,20240113,122,0.0,0.0,0.0,0.0,0.0,0.0,8.58,8.58,0.0,3.57,3.57,0.0,104.18,104.18,0.0,190.61,190.61,0.0,0.0,0.0,0.0,0.0,0.0,0.0,
495241,THALIA GARDENS REHABILITATION AND NURSING,VIRGINIA BEACH,VA,Virginia Beach City,810,2024Q1,20240114,121,0.0,0.0,0.0,0.0,0.0,0.0,0.58,0.58,0.0,2.42,2.42,0.0,109.04,109.04,0.0,208.73,208.73,0.0,0.0,0.0,0.0,0.0,0.0,0.0,
495241,THALIA GARDENS REHABILITATION AND NURSING,VIRGINIA BEACH,VA,Virginia Beach City,810,2024Q1,20240115,122,2.5,2.5,0.0,22.72,22.72,0.0,27.32,27.32,0.0,27.7,27.7,0.0,86.28,86.28,0.0,234.26,234.26,0.0,0.0,0.0,0.0,0.0,0.0,0.0,
495241,THALIA GARDENS REHABILITATION AND NURSING,VIRGINIA BEACH,VA,Virginia Beach City,810,2024Q1,20240116,125,8.0,8.0,0.0,17.32,17.32,0.0,15.47,15.47,0.0,28.5,28.5,0.0,111.96,111.96,0.0,220.7,220.7,0.0,0.0,0.0,0.0,0.0,0.0,0.0,
495241,THALIA GARDENS REHABILITATION AND NURSING,VIRGINIA BEACH,VA,Virginia Beach City,810,2024Q1,20240117,125,8.0,8.0,0.0,16.75,16.75,0.0,28.08,28.08,0.0,21.97,21.97,0.0,98.81,98.81,0.0,239.05,239.05,0.0,0.0,0.0,0.0,0.0,0.0,0.0,
495241,THALIA GARDENS REHABILITATION AND NURSING,VIRGINIA BEACH,VA,Virginia Beach City,810,2024Q1,20240118,125,8.0,8.0,0.0,16.5,16.5,0.0,8.2,8.2,0.0,17.41,17.41,0.0,106.88,106.88,0.0,232.95,232.95,0.0,0.0,0.0,0.0,0.0,0.0,0.0,
495241,THALIA GARDENS REHABILITATION AND NURSING,VIRGINIA BEACH,VA,Virginia Beach City,810,2024Q1,20240119,123,8.0,8.0,0.0,18.87,18.87,0.0,7.9,7.9,0.0,15.91,15.91,0.0,105.04,105.04,0.0,206.51,206.51,0.0,0.0,0.0,0.0,0.0,0.0,0.0,
495241,THALIA GARDENS REHABILITATION AND NURSING,VIRGINIA BEACH,VA,Virginia Beach City,810,2024Q1,20240120,123,0.0,0.0,0.0,8.18,8.18,0.0,8.58,8.58,0.0,0.0,0.0,0.0,105.89,105.89,0.0,207.33,207.33,0.0,0.0,0.0,0.0,0.0,0.0,0.0,
495241,THALIA GARDENS REHABILITATION AND NURSING,VIRGINIA BEACH,VA,Virginia Beach City,810,2024Q1,20240121,124,0.0,0.0,0.0,7.22,7.22,0.0,16.31,16.31,0.0,0.0,0.0,0.0,99.07,99.07,0.0,203.63,203.63,0.0,0.0,0.0,0.0,0.0,0.0,0.0,
495241,THALIA GARDENS REHABILITATION AND NURSING,VIRGINIA BEACH,VA,Virginia Beach City,810,2024Q1,20240122,123,8.0,8.0,0.0,16.47,16.47,0.0,20.02,20.02,0.0,25.09,25.09,0.0,113.43,113.43,0.0,216.18,216.18,0.0,0.0,0.0,0.0,0.0,0.0,0.0,
495241,THALIA GARDENS REHABILITATION AND NURSING,VIRGINIA BEACH,VA,Virginia Beach City,810,2024Q1,20240123,121,8.0,8.0,0.0,17.3,17.3,0.0,23.43,23.43,0.0,21.1,21.1,0.0,102.03,102.03,0.0,228.93,228.93,0.0,0.0,0.0,0.0,0.0,0.0,0.0,
495241,THALIA GARDENS REHABILITATION AND NURSING,VIRGINIA BEACH,VA,Virginia Beach City,810,2024Q1,20240124,121,8.0,8.0,0.0,15.97,15.97,0.0,27.8,27.8,0.0,7.75,7.75,0.0,97.39,97.39,0.0,219.32,219.32,0.0,0.0,0.0,0.0,0.0,0.0,0.0,
495241,THALIA GARDENS REHABILITATION AND NURSING,VIRGINIA BEACH,VA,Virginia Beach City,810,2024Q1,20240125,123,8.0,8.0,0.0,19.13,19.13,0.0,16.16,16.16,0.0,21.23,21.23,0.0,115.02,115.02,0.0,210.02,210.02,0.0,0.0,0.0,0.0,0.0,0.0,0.0,
495241,THALIA GARDENS REHABILITATION AND NURSING,VIRGINIA BEACH,VA,Virginia Beach City,810,2024Q1,20240126,121,8.0,8.0,0.0,16.83,16.83,0.0,15.87,15.87,0.0,17.56,17.56,0.0,101.59,101.59,0.0,210.44,210.44,0.0,0.0,0.0,0.0,0.0,0.0,0.0,
495241,THALIA GARDENS REHABILITATION AND NURSING,VIRGINIA BEACH,VA,Virginia Beach City,810,2024Q1,20240127,121,0.0,0.0,0.0,0.0,0.0,0.0,16.21,16.21,0.0,3.63,3.63,0.0,123.92,123.92,0.0,220.4,220.4,0.0,0.0,0.0,0.0,0.0,0.0,0.0,
495241,THALIA GARDENS REHABILITATION AND NURSING,VIRGINIA BEACH,VA,Virginia Beach City,810,2024Q1,20240128,121,0.0,0.0,0.0,0.0,0.0,0.0,0.0,0.0,0.0,0.0,0.0,0.0,130.4,130.4,0.0,194.01,194.01,0.0,0.0,0.0,0.0,0.0,0.0,0.0,
495241,THALIA GARDENS REHABILITATION AND NURSING,VIRGINIA BEACH,VA,Virginia Beach City,810,2024Q1,20240129,121,8.0,8.0,0.0,25.03,25.03,0.0,12.2,12.2,0.0,19.8,19.8,0.0,106.82,106.82,0.0,201.85,201.85,0.0,0.0,0.0,0.0,0.0,0.0,0.0,
495241,THALIA GARDENS REHABILITATION AND NURSING,VIRGINIA BEACH,VA,Virginia Beach City,810,2024Q1,20240130,121,8.0,8.0,0.0,16.85,16.85,0.0,24.35,24.35,0.0,23.25,23.25,0.0,97.02,97.02,0.0,207.87,207.87,0.0,0.0,0.0,0.0,0.0,0.0,0.0,
495241,THALIA GARDENS REHABILITATION AND NURSING,VIRGINIA BEACH,VA,Virginia Beach City,810,2024Q1,20240131,118,8.0,8.0,0.0,16.62,16.62,0.0,20.23,20.23,0.0,25.84,25.84,0.0,114.57,114.57,0.0,222.05,222.05,0.0,0.0,0.0,0.0,0.0,0.0,0.0,
495241,THALIA GARDENS REHABILITATION AND NURSING,VIRGINIA BEACH,VA,Virginia Beach City,810,2024Q1,20240201,117,8.0,8.0,0.0,17.27,17.27,0.0,29.06,29.06,0.0,21.07,21.07,0.0,98.86,98.86,0.0,224.47,224.47,0.0,0.0,0.0,0.0,0.0,0.0,0.0,
495241,THALIA GARDENS REHABILITATION AND NURSING,VIRGINIA BEACH,VA,Virginia Beach City,810,2024Q1,20240202,116,8.0,8.0,0.0,16.28,16.28,0.0,15.97,15.97,0.0,33.87,33.87,0.0,118.01,118.01,0.0,209.54,209.54,0.0,0.0,0.0,0.0,0.0,0.0,0.0,
495241,THALIA GARDENS REHABILITATION AND NURSING,VIRGINIA BEACH,VA,Virginia Beach City,810,2024Q1,20240203,116,0.0,0.0,0.0,7.82,7.82,0.0,16.14,16.14,0.0,12.93,12.93,0.0,89.8,89.8,0.0,213.44,213.44,0.0,0.0,0.0,0.0,0.0,0.0,0.0,
495241,THALIA GARDENS REHABILITATION AND NURSING,VIRGINIA BEACH,VA,Virginia Beach City,810,2024Q1,20240204,116,0.0,0.0,0.0,5.55,5.55,0.0,16.18,16.18,0.0,11.78,11.78,0.0,91.38,91.38,0.0,215.1,215.1,0.0,0.0,0.0,0.0,0.0,0.0,0.0,
495241,THALIA GARDENS REHABILITATION AND NURSING,VIRGINIA BEACH,VA,Virginia Beach City,810,2024Q1,20240205,116,8.0,8.0,0.0,16.37,16.37,0.0,19.62,19.62,0.0,14.02,14.02,0.0,107.93,107.93,0.0,214.61,214.61,0.0,0.0,0.0,0.0,0.0,0.0,0.0,
495241,THALIA GARDENS REHABILITATION AND NURSING,VIRGINIA BEACH,VA,Virginia Beach City,810,2024Q1,20240206,116,8.0,8.0,0.0,16.65,16.65,0.0,15.63,15.63,0.0,17.9,17.9,0.0,114.06,114.06,0.0,187.18,187.18,0.0,0.0,0.0,0.0,0.0,0.0,0.0,
495241,THALIA GARDENS REHABILITATION AND NURSING,VIRGINIA BEACH,VA,Virginia Beach City,810,2024Q1,20240207,120,8.0,8.0,0.0,17.48,17.48,0.0,20.26,20.26,0.0,13.93,13.93,0.0,104.11,104.11,0.0,221.41,221.41,0.0,0.0,0.0,0.0,0.0,0.0,0.0,
495241,THALIA GARDENS REHABILITATION AND NURSING,VIRGINIA BEACH,VA,Virginia Beach City,810,2024Q1,20240208,121,8.0,8.0,0.0,16.58,16.58,0.0,16.4,16.4,0.0,22.38,22.38,0.0,106.61,106.61,0.0,207.47,207.47,0.0,0.0,0.0,0.0,0.0,0.0,0.0,
495241,THALIA GARDENS REHABILITATION AND NURSING,VIRGINIA BEACH,VA,Virginia Beach City,810,2024Q1,20240209,120,8.0,8.0,0.0,17.22,17.22,0.0,16.74,16.74,0.0,20.03,20.03,0.0,117.35,117.35,0.0,207.89,207.89,0.0,0.0,0.0,0.0,0.0,0.0,0.0,
495241,THALIA GARDENS REHABILITATION AND NURSING,VIRGINIA BEACH,VA,Virginia Beach City,810,2024Q1,20240210,121,0.0,0.0,0.0,4.58,4.58,0.0,24.67,24.67,0.0,0.0,0.0,0.0,106.08,106.08,0.0,206.23,198.03,8.2,0.0,0.0,0.0,0.0,0.0,0.0,
495241,THALIA GARDENS REHABILITATION AND NURSING,VIRGINIA BEACH,VA,Virginia Beach City,810,2024Q1,20240211,121,0.0,0.0,0.0,3.83,3.83,0.0,20.05,20.05,0.0,11.27,11.27,0.0,98.89,98.89,0.0,207.8,199.18,8.62,0.0,0.0,0.0,0.0,0.0,0.0,
495241,THALIA GARDENS REHABILITATION AND NURSING,VIRGINIA BEACH,VA,Virginia Beach City,810,2024Q1,20240212,121,8.0,8.0,0.0,17.6,17.6,0.0,31.91,31.91,0.0,21.87,21.87,0.0,81.06,81.06,0.0,219.5,219.5,0.0,0.0,0.0,0.0,0.0,0.0,0.0,
495241,THALIA GARDENS REHABILITATION AND NURSING,VIRGINIA BEACH,VA,Virginia Beach City,810,2024Q1,20240213,122,8.0,8.0,0.0,22.25,22.25,0.0,23.18,23.18,0.0,12.05,12.05,0.0,116.2,116.2,0.0,202.34,202.34,0.0,0.0,0.0,0.0,0.0,0.0,0.0,
495241,THALIA GARDENS REHABILITATION AND NURSING,VIRGINIA BEACH,VA,Virginia Beach City,810,2024Q1,20240214,122,8.0,8.0,0.0,20.03,20.03,0.0,35.58,35.58,0.0,6.08,6.08,0.0,72.38,72.38,0.0,202.1,202.1,0.0,0.0,0.0,0.0,0.0,0.0,0.0,
495241,THALIA GARDENS REHABILITATION AND NURSING,VIRGINIA BEACH,VA,Virginia Beach City,810,2024Q1,20240215,123,8.0,8.0,0.0,21.94,21.94,0.0,17.7,17.7,0.0,12.72,12.72,0.0,110.83,110.83,0.0,225.38,225.38,0.0,0.0,0.0,0.0,0.0,0.0,0.0,
495241,THALIA GARDENS REHABILITATION AND NURSING,VIRGINIA BEACH,VA,Virginia Beach City,810,2024Q1,20240216,122,8.0,8.0,0.0,18.69,18.69,0.0,8.58,8.58,0.0,14.45,14.45,0.0,107.39,107.39,0.0,218.6,218.6,0.0,0.0,0.0,0.0,0.0,0.0,0.0,
495241,THALIA GARDENS REHABILITATION AND NURSING,VIRGINIA BEACH,VA,Virginia Beach City,810,2024Q1,20240217,122,0.0,0.0,0.0,0.0,0.0,0.0,31.6,31.6,0.0,0.0,0.0,0.0,96.53,96.53,0.0,203.77,203.77,0.0,0.0,0.0,0.0,0.0,0.0,0.0,
495241,THALIA GARDENS REHABILITATION AND NURSING,VIRGINIA BEACH,VA,Virginia Beach City,810,2024Q1,20240218,121,0.0,0.0,0.0,0.0,0.0,0.0,29.51,29.51,0.0,12.0,12.0,0.0,89.56,89.56,0.0,192.72,192.72,0.0,0.0,0.0,0.0,0.0,0.0,0.0,
495241,THALIA GARDENS REHABILITATION AND NURSING,VIRGINIA BEACH,VA,Virginia Beach City,810,2024Q1,20240219,123,8.0,8.0,0.0,23.67,23.67,0.0,25.8,25.8,0.0,16.35,16.35,0.0,113.41,113.41,0.0,211.99,211.99,0.0,0.0,0.0,0.0,0.0,0.0,0.0,
495241,THALIA GARDENS REHABILITATION AND NURSING,VIRGINIA BEACH,VA,Virginia Beach City,810,2024Q1,20240220,122,8.0,8.0,0.0,24.48,24.48,0.0,23.59,23.59,0.0,27.92,27.92,0.0,95.0,95.0,0.0,190.17,190.17,0.0,0.0,0.0,0.0,0.0,0.0,0.0,
495241,THALIA GARDENS REHABILITATION AND NURSING,VIRGINIA BEACH,VA,Virginia Beach City,810,2024Q1,20240221,121,8.0,8.0,0.0,24.34,24.34,0.0,27.65,27.65,0.0,25.36,25.36,0.0,96.04,96.04,0.0,193.99,193.99,0.0,0.0,0.0,0.0,0.0,0.0,0.0,
495241,THALIA GARDENS REHABILITATION AND NURSING,VIRGINIA BEACH,VA,Virginia Beach City,810,2024Q1,20240222,121,8.0,8.0,0.0,24.35,24.35,0.0,24.5,24.5,0.0,17.17,17.17,0.0,94.53,94.53,0.0,198.46,198.46,0.0,0.0,0.0,0.0,0.0,0.0,0.0,
495241,THALIA GARDENS REHABILITATION AND NURSING,VIRGINIA BEACH,VA,Virginia Beach City,810,2024Q1,20240223,120,8.0,8.0,0.0,29.39,29.39,0.0,32.37,32.37,0.0,22.94,22.94,0.0,97.52,97.52,0.0,189.59,189.59,0.0,0.0,0.0,0.0,0.0,0.0,0.0,
495241,THALIA GARDENS REHABILITATION AND NURSING,VIRGINIA BEACH,VA,Virginia Beach City,810,2024Q1,20240224,119,0.0,0.0,0.0,0.0,0.0,0.0,13.17,13.17,0.0,7.62,7.62,0.0,108.05,108.05,0.0,194.29,194.29,0.0,0.0,0.0,0.0,0.0,0.0,0.0,
495241,THALIA GARDENS REHABILITATION AND NURSING,VIRGINIA BEACH,VA,Virginia Beach City,810,2024Q1,20240225,119,0.0,0.0,0.0,0.0,0.0,0.0,31.92,31.92,0.0,0.0,0.0,0.0,95.8,95.8,0.0,166.13,166.13,0.0,0.0,0.0,0.0,0.0,0.0,0.0,
495241,THALIA GARDENS REHABILITATION AND NURSING,VIRGINIA BEACH,VA,Virginia Beach City,810,2024Q1,20240226,118,8.0,8.0,0.0,24.27,24.27,0.0,32.21,32.21,0.0,20.06,20.06,0.0,91.09,91.09,0.0,211.12,211.12,0.0,0.0,0.0,0.0,0.0,0.0,0.0,
495241,THALIA GARDENS REHABILITATION AND NURSING,VIRGINIA BEACH,VA,Virginia Beach City,810,2024Q1,20240227,118,8.0,8.0,0.0,30.09,30.09,0.0,31.19,31.19,0.0,17.15,17.15,0.0,94.16,94.16,0.0,206.26,206.26,0.0,0.0,0.0,0.0,0.0,0.0,0.0,
495241,THALIA GARDENS REHABILITATION AND NURSING,VIRGINIA BEACH,VA,Virginia Beach City,810,2024Q1,20240228,119,8.0,8.0,0.0,25.65,25.65,0.0,26.3,26.3,0.0,22.12,22.12,0.0,108.8,108.8,0.0,204.73,204.73,0.0,0.0,0.0,0.0,0.0,0.0,0.0,
495241,THALIA GARDENS REHABILITATION AND NURSING,VIRGINIA BEACH,VA,Virginia Beach City,810,2024Q1,20240229,122,8.0,8.0,0.0,24.5,24.5,0.0,27.37,27.37,0.0,7.88,7.88,0.0,94.64,94.64,0.0,218.05,218.05,0.0,0.0,0.0,0.0,0.0,0.0,0.0,
495241,THALIA GARDENS REHABILITATION AND NURSING,VIRGINIA BEACH,VA,Virginia Beach City,810,2024Q1,20240301,124,8.0,8.0,0.0,25.57,25.57,0.0,17.39,17.39,0.0,10.42,10.42,0.0,103.84,103.84,0.0,200.01,200.01,0.0,0.0,0.0,0.0,0.0,0.0,0.0,
495241,THALIA GARDENS REHABILITATION AND NURSING,VIRGINIA BEACH,VA,Virginia Beach City,810,2024Q1,20240302,123,0.0,0.0,0.0,7.52,7.52,0.0,25.32,17.05,8.27,0.1,0.1,0.0,100.66,100.66,0.0,172.35,172.35,0.0,0.0,0.0,0.0,0.0,0.0,0.0,
495241,THALIA GARDENS REHABILITATION AND NURSING,VIRGINIA BEACH,VA,Virginia Beach City,810,2024Q1,20240303,123,0.0,0.0,0.0,8.63,8.63,0.0,19.86,19.86,0.0,0.0,0.0,0.0,113.12,105.42,7.7,165.95,165.95,0.0,0.0,0.0,0.0,0.0,0.0,0.0,
495241,THALIA GARDENS REHABILITATION AND NURSING,VIRGINIA BEACH,VA,Virginia Beach City,810,2024Q1,20240304,121,8.0,8.0,0.0,24.49,24.49,0.0,28.14,28.14,0.0,27.45,27.45,0.0,92.44,92.44,0.0,184.56,184.56,0.0,0.0,0.0,0.0,0.0,0.0,0.0,
495241,THALIA GARDENS REHABILITATION AND NURSING,VIRGINIA BEACH,VA,Virginia Beach City,810,2024Q1,20240305,121,8.0,8.0,0.0,38.3,38.3,0.0,25.0,25.0,0.0,19.85,19.85,0.0,93.6,93.6,0.0,198.78,198.78,0.0,0.0,0.0,0.0,0.0,0.0,0.0,
495241,THALIA GARDENS REHABILITATION AND NURSING,VIRGINIA BEACH,VA,Virginia Beach City,810,2024Q1,20240306,121,8.0,8.0,0.0,22.45,22.45,0.0,28.65,28.65,0.0,23.94,23.94,0.0,88.31,88.31,0.0,220.79,220.79,0.0,0.0,0.0,0.0,0.0,0.0,0.0,
495241,THALIA GARDENS REHABILITATION AND NURSING,VIRGINIA BEACH,VA,Virginia Beach City,810,2024Q1,20240307,121,8.0,8.0,0.0,24.55,24.55,0.0,21.22,21.22,0.0,17.53,17.53,0.0,103.85,103.85,0.0,187.54,187.54,0.0,0.0,0.0,0.0,0.0,0.0,0.0,
495241,THALIA GARDENS REHABILITATION AND NURSING,VIRGINIA BEACH,VA,Virginia Beach City,810,2024Q1,20240308,119,8.0,8.0,0.0,24.65,24.65,0.0,24.37,24.37,0.0,21.08,21.08,0.0,101.78,101.78,0.0,182.95,182.95,0.0,0.0,0.0,0.0,0.0,0.0,0.0,
495241,THALIA GARDENS REHABILITATION AND NURSING,VIRGINIA BEACH,VA,Virginia Beach City,810,2024Q1,20240309,119,0.0,0.0,0.0,8.18,8.18,0.0,14.08,14.08,0.0,0.0,0.0,0.0,121.54,121.54,0.0,175.2,167.4,7.8,0.0,0.0,0.0,0.0,0.0,0.0,
495241,THALIA GARDENS REHABILITATION AND NURSING,VIRGINIA BEACH,VA,Virginia Beach City,810,2024Q1,20240310,120,0.0,0.0,0.0,10.65,10.65,0.0,15.24,15.24,0.0,0.0,0.0,0.0,99.84,99.84,0.0,164.1,164.1,0.0,0.0,0.0,0.0,0.0,0.0,0.0,
495241,THALIA GARDENS REHABILITATION AND NURSING,VIRGINIA BEACH,VA,Virginia Beach City,810,2024Q1,20240311,120,8.0,8.0,0.0,25.38,25.38,0.0,34.39,34.39,0.0,22.7,22.7,0.0,87.09,87.09,0.0,173.92,166.94,6.98,0.0,0.0,0.0,0.0,0.0,0.0,
495241,THALIA GARDENS REHABILITATION AND NURSING,VIRGINIA BEACH,VA,Virginia Beach City,810,2024Q1,20240312,119,8.0,8.0,0.0,25.23,25.23,0.0,17.3,17.3,0.0,22.21,22.21,0.0,104.65,104.65,0.0,193.91,188.36,5.55,0.0,0.0,0.0,0.0,0.0,0.0,
495241,THALIA GARDENS REHABILITATION AND NURSING,VIRGINIA BEACH,VA,Virginia Beach City,810,2024Q1,20240313,118,8.0,8.0,0.0,26.29,26.29,0.0,25.27,25.27,0.0,22.42,22.42,0.0,105.77,105.77,0.0,196.85,175.79,21.06,0.0,0.0,0.0,0.0,0.0,0.0,
495241,THALIA GARDENS REHABILITATION AND NURSING,VIRGINIA BEACH,VA,Virginia Beach City,810,2024Q1,20240314,118,8.0,8.0,0.0,26.05,26.05,0.0,24.22,24.22,0.0,22.37,22.37,0.0,111.46,111.46,0.0,223.61,216.06,7.55,0.0,0.0,0.0,0.0,0.0,0.0,
495241,THALIA GARDENS REHABILITATION AND NURSING,VIRGINIA BEACH,VA,Virginia Beach City,810,2024Q1,20240315,120,8.0,8.0,0.0,27.75,27.75,0.0,22.91,22.91,0.0,22.07,22.07,0.0,90.44,90.44,0.0,195.93,188.46,7.47,0.0,0.0,0.0,0.0,0.0,0.0,
495241,THALIA GARDENS REHABILITATION AND NURSING,VIRGINIA BEACH,VA,Virginia Beach City,810,2024Q1,20240316,120,0.0,0.0,0.0,7.75,7.75,0.0,32.34,32.34,0.0,0.0,0.0,0.0,86.32,86.32,0.0,185.92,165.26,20.66,0.0,0.0,0.0,0.0,0.0,0.0,
495241,THALIA GARDENS REHABILITATION AND NURSING,VIRGINIA BEACH,VA,Virginia Beach City,810,2024Q1,20240317,120,0.0,0.0,0.0,0.0,0.0,0.0,24.52,24.52,0.0,0.0,0.0,0.0,110.13,110.13,0.0,131.56,131.56,0.0,0.0,0.0,0.0,0.0,0.0,0.0,
495241,THALIA GARDENS REHABILITATION AND NURSING,VIRGINIA BEACH,VA,Virginia Beach City,810,2024Q1,20240318,118,8.0,8.0,0.0,24.42,24.42,0.0,19.69,19.69,0.0,11.82,11.82,0.0,106.35,106.35,0.0,174.57,159.59,14.98,0.0,0.0,0.0,0.0,0.0,0.0,
495241,THALIA GARDENS REHABILITATION AND NURSING,VIRGINIA BEACH,VA,Virginia Beach City,810,2024Q1,20240319,118,8.0,8.0,0.0,25.25,25.25,0.0,17.0,17.0,0.0,10.13,10.13,0.0,112.5,112.5,0.0,188.78,188.78,0.0,0.0,0.0,0.0,0.0,0.0,0.0,
495241,THALIA GARDENS REHABILITATION AND NURSING,VIRGINIA BEACH,VA,Virginia Beach City,810,2024Q1,20240320,119,8.0,8.0,0.0,27.24,27.24,0.0,37.92,37.92,0.0,11.46,11.46,0.0,96.06,96.06,0.0,205.86,198.24,7.62,0.0,0.0,0.0,0.0,0.0,0.0,
495241,THALIA GARDENS REHABILITATION AND NURSING,VIRGINIA BEACH,VA,Virginia Beach City,810,2024Q1,20240321,119,8.0,8.0,0.0,26.91,26.91,0.0,30.84,30.84,0.0,8.04,8.04,0.0,103.46,103.46,0.0,193.14,185.61,7.53,0.0,0.0,0.0,0.0,0.0,0.0,
495241,THALIA GARDENS REHABILITATION AND NURSING,VIRGINIA BEACH,VA,Virginia Beach City,810,2024Q1,20240322,122,8.0,8.0,0.0,24.08,24.08,0.0,23.24,23.24,0.0,2.52,2.52,0.0,99.58,99.58,0.0,199.18,184.02,15.16,0.0,0.0,0.0,0.0,0.0,0.0,
495241,THALIA GARDENS REHABILITATION AND NURSING,VIRGINIA BEACH,VA,Virginia Beach City,810,2024Q1,20240323,122,0.0,0.0,0.0,0.0,0.0,0.0,23.62,23.62,0.0,0.0,0.0,0.0,110.12,110.12,0.0,192.61,192.61,0.0,0.0,0.0,0.0,0.0,0.0,0.0,
495241,THALIA GARDENS REHABILITATION AND NURSING,VIRGINIA BEACH,VA,Virginia Beach City,810,2024Q1,20240324,120,0.0,0.0,0.0,13.02,13.02,0.0,9.1,9.1,0.0,0.0,0.0,0.0,104.71,104.71,0.0,152.71,152.71,0.0,0.0,0.0,0.0,0.0,0.0,0.0,
495241,THALIA GARDENS REHABILITATION AND NURSING,VIRGINIA BEACH,VA,Virginia Beach City,810,2024Q1,20240325,121,8.0,8.0,0.0,24.8,24.8,0.0,29.0,29.0,0.0,6.55,6.55,0.0,91.53,84.63,6.9,177.62,170.85,6.77,0.0,0.0,0.0,0.0,0.0,0.0,
495241,THALIA GARDENS REHABILITATION AND NURSING,VIRGINIA BEACH,VA,Virginia Beach City,810,2024Q1,20240326,122,8.0,8.0,0.0,25.5,25.5,0.0,14.9,14.9,0.0,6.22,6.22,0.0,134.04,134.04,0.0,193.15,177.73,15.42,0.0,0.0,0.0,0.0,0.0,0.0,
495241,THALIA GARDENS REHABILITATION AND NURSING,VIRGINIA BEACH,VA,Virginia Beach City,810,2024Q1,20240327,122,8.0,8.0,0.0,27.6,27.6,0.0,42.94,42.94,0.0,4.92,4.92,0.0,113.56,113.56,0.0,214.75,194.79,19.96,0.0,0.0,0.0,0.0,0.0,0.0,
495241,THALIA GARDENS REHABILITATION AND NURSING,VIRGINIA BEACH,VA,Virginia Beach City,810,2024Q1,20240328,120,8.0,8.0,0.0,23.95,23.95,0.0,23.78,23.78,0.0,5.52,5.52,0.0,125.51,125.51,0.0,202.69,187.44,15.25,0.0,0.0,0.0,0.0,0.0,0.0,
495241,THALIA GARDENS REHABILITATION AND NURSING,VIRGINIA BEACH,VA,Virginia Beach City,810,2024Q1,20240329,117,8.0,8.0,0.0,28.15,28.15,0.0,15.67,15.67,0.0,4.73,4.73,0.0,115.85,115.85,0.0,202.86,174.0,28.86,0.0,0.0,0.0,0.0,0.0,0.0,
495241,THALIA GARDENS REHABILITATION AND NURSING,VIRGINIA BEACH,VA,Virginia Beach City,810,2024Q1,20240330,117,0.0,0.0,0.0,0.0,0.0,0.0,23.64,23.64,0.0,0.0,0.0,0.0,103.34,103.34,0.0,191.45,176.43,15.02,0.0,0.0,0.0,0.0,0.0,0.0,
495241,THALIA GARDENS REHABILITATION AND NURSING,VIRGINIA BEACH,VA,Virginia Beach City,810,2024Q1,20240331,117,0.0,0.0,0.0,0.0,0.0,0.0,17.97,17.97,0.0,0.0,0.0,0.0,87.04,87.04,0.0,155.01,147.48,7.53,0.0,0.0,0.0,0.0,0.0,0.0,
495241,THALIA GARDENS REHABILITATION AND NURSING,VIRGINIA BEACH,VA,Virginia Beach City,810,2024Q2,20240401,119,8.0,8.0,0.0,17.2,17.2,0.0,27.24,27.24,0.0,11.31,11.31,0.0,110.23,110.23,0.0,180.14,164.76,15.38,0.0,0.0,0.0,0.0,0.0,0.0,
495241,THALIA GARDENS REHABILITATION AND NURSING,VIRGINIA BEACH,VA,Virginia Beach City,810,2024Q2,20240402,120,8.0,8.0,0.0,22.27,22.27,0.0,23.88,23.88,0.0,15.97,15.97,0.0,89.78,89.78,0.0,198.42,167.5,30.92,0.0,0.0,0.0,0.0,0.0,0.0,
495241,THALIA GARDENS REHABILITATION AND NURSING,VIRGINIA BEACH,VA,Virginia Beach City,810,2024Q2,20240403,118,8.0,8.0,0.0,23.37,23.37,0.0,34.99,34.99,0.0,30.43,30.43,0.0,92.71,92.71,0.0,210.08,202.63,7.45,0.0,0.0,0.0,0.0,0.0,0.0,
495241,THALIA GARDENS REHABILITATION AND NURSING,VIRGINIA BEACH,VA,Virginia Beach City,810,2024Q2,20240404,116,8.0,8.0,0.0,22.2,22.2,0.0,15.28,15.28,0.0,18.38,18.38,0.0,104.71,104.71,0.0,199.07,191.59,7.48,0.0,0.0,0.0,0.0,0.0,0.0,
495241,THALIA GARDENS REHABILITATION AND NURSING,VIRGINIA BEACH,VA,Virginia Beach City,810,2024Q2,20240405,118,8.0,8.0,0.0,17.35,17.35,0.0,21.87,21.87,0.0,15.73,15.73,0.0,113.61,113.61,0.0,200.06,178.71,21.35,0.0,0.0,0.0,0.0,0.0,0.0,
495241,THALIA GARDENS REHABILITATION AND NURSING,VIRGINIA BEACH,VA,Virginia Beach City,810,2024Q2,20240406,116,0.0,0.0,0.0,0.0,0.0,0.0,15.35,15.35,0.0,3.2,3.2,0.0,96.7,96.7,0.0,190.7,155.05,35.65,0.0,0.0,0.0,0.0,0.0,0.0,
495241,THALIA GARDENS REHABILITATION AND NURSING,VIRGINIA BEACH,VA,Virginia Beach City,810,2024Q2,20240407,115,0.0,0.0,0.0,0.0,0.0,0.0,15.66,15.66,0.0,0.0,0.0,0.0,105.92,105.92,0.0,172.19,152.05,20.14,0.0,0.0,0.0,0.0,0.0,0.0,
495241,THALIA GARDENS REHABILITATION AND NURSING,VIRGINIA BEACH,VA,Virginia Beach City,810,2024Q2,20240408,114,8.0,8.0,0.0,12.0,12.0,0.0,20.2,20.2,0.0,10.38,10.38,0.0,101.63,101.63,0.0,166.12,166.12,0.0,0.0,0.0,0.0,0.0,0.0,0.0,
495241,THALIA GARDENS REHABILITATION AND NURSING,VIRGINIA BEACH,VA,Virginia Beach City,810,2024Q2,20240409,114,8.0,8.0,0.0,21.95,21.95,0.0,32.88,32.88,0.0,13.12,13.12,0.0,73.79,73.79,0.0,194.66,194.66,0.0,0.0,0.0,0.0,0.0,0.0,0.0,
495241,THALIA GARDENS REHABILITATION AND NURSING,VIRGINIA BEACH,VA,Virginia Beach City,810,2024Q2,20240410,114,8.0,8.0,0.0,16.75,16.75,0.0,35.46,35.46,0.0,28.42,28.42,0.0,114.83,114.83,0.0,184.51,169.81,14.7,0.0,0.0,0.0,0.0,0.0,0.0,
495241,THALIA GARDENS REHABILITATION AND NURSING,VIRGINIA BEACH,VA,Virginia Beach City,810,2024Q2,20240411,116,8.0,8.0,0.0,21.03,21.03,0.0,39.48,39.48,0.0,11.6,11.6,0.0,108.74,108.74,0.0,177.84,177.84,0.0,0.0,0.0,0.0,0.0,0.0,0.0,
495241,THALIA GARDENS REHABILITATION AND NURSING,VIRGINIA BEACH,VA,Virginia Beach City,810,2024Q2,20240412,115,8.0,8.0,0.0,18.8,18.8,0.0,22.21,22.21,0.0,16.03,16.03,0.0,106.56,106.56,0.0,190.9,176.33,14.57,0.0,0.0,0.0,0.0,0.0,0.0,
495241,THALIA GARDENS REHABILITATION AND NURSING,VIRGINIA BEACH,VA,Virginia Beach City,810,2024Q2,20240413,116,0.0,0.0,0.0,0.0,0.0,0.0,16.58,16.58,0.0,2.58,2.58,0.0,111.32,111.32,0.0,202.8,180.76,22.04,0.0,0.0,0.0,0.0,0.0,0.0,
495241,THALIA GARDENS REHABILITATION AND NURSING,VIRGINIA BEACH,VA,Virginia Beach City,810,2024Q2,20240414,117,0.0,0.0,0.0,0.0,0.0,0.0,17.42,17.42,0.0,0.0,0.0,0.0,103.93,103.93,0.0,161.34,161.34,0.0,0.0,0.0,0.0,0.0,0.0,0.0,
495241,THALIA GARDENS REHABILITATION AND NURSING,VIRGINIA BEACH,VA,Virginia Beach City,810,2024Q2,20240415,118,8.0,8.0,0.0,17.17,17.17,0.0,36.47,36.47,0.0,17.43,17.43,0.0,105.09,105.09,0.0,169.13,154.76,14.37,0.0,0.0,0.0,0.0,0.0,0.0,
495241,THALIA GARDENS REHABILITATION AND NURSING,VIRGINIA BEACH,VA,Virginia Beach City,810,2024Q2,20240416,117,8.0,8.0,0.0,20.43,20.43,0.0,40.87,40.87,0.0,6.55,6.55,0.0,87.29,87.29,0.0,198.44,183.39,15.05,0.0,0.0,0.0,0.0,0.0,0.0,
495241,THALIA GARDENS REHABILITATION AND NURSING,VIRGINIA BEACH,VA,Virginia Beach City,810,2024Q2,20240417,116,8.0,8.0,0.0,19.08,19.08,0.0,48.78,48.78,0.0,7.48,7.48,0.0,93.68,93.68,0.0,217.29,208.92,8.37,0.0,0.0,0.0,0.0,0.0,0.0,
495241,THALIA GARDENS REHABILITATION AND NURSING,VIRGINIA BEACH,VA,Virginia Beach City,810,2024Q2,20240418,118,8.0,8.0,0.0,20.22,20.22,0.0,36.17,36.17,0.0,11.53,11.53,0.0,93.22,93.22,0.0,208.81,201.08,7.73,0.0,0.0,0.0,0.0,0.0,0.0,
495241,THALIA GARDENS REHABILITATION AND NURSING,VIRGINIA BEACH,VA,Virginia Beach City,810,2024Q2,20240419,117,8.0,8.0,0.0,27.7,27.7,0.0,5.47,5.47,0.0,17.54,17.54,0.0,133.78,133.78,0.0,199.03,176.74,22.29,0.0,0.0,0.0,0.0,0.0,0.0,
495241,THALIA GARDENS REHABILITATION AND NURSING,VIRGINIA BEACH,VA,Virginia Beach City,810,2024Q2,20240420,117,0.0,0.0,0.0,0.0,0.0,0.0,17.25,17.25,0.0,3.47,3.47,0.0,111.97,111.97,0.0,206.63,146.81,59.82,0.0,0.0,0.0,0.0,0.0,0.0,
495241,THALIA GARDENS REHABILITATION AND NURSING,VIRGINIA BEACH,VA,Virginia Beach City,810,2024Q2,20240421,117,0.0,0.0,0.0,3.0,3.0,0.0,15.86,15.86,0.0,0.0,0.0,0.0,111.81,111.81,0.0,182.65,129.28,53.37,0.0,0.0,0.0,0.0,0.0,0.0,
495241,THALIA GARDENS REHABILITATION AND NURSING,VIRGINIA BEACH,VA,Virginia Beach City,810,2024Q2,20240422,117,8.0,8.0,0.0,14.42,14.42,0.0,27.07,27.07,0.0,19.98,19.98,0.0,108.96,108.96,0.0,187.77,150.98,36.79,0.0,0.0,0.0,0.0,0.0,0.0,
495241,THALIA GARDENS REHABILITATION AND NURSING,VIRGINIA BEACH,VA,Virginia Beach City,810,2024Q2,20240423,117,8.0,8.0,0.0,18.05,18.05,0.0,36.16,36.16,0.0,19.25,19.25,0.0,115.58,115.58,0.0,198.26,190.71,7.55,0.0,0.0,0.0,0.0,0.0,0.0,
495241,THALIA GARDENS REHABILITATION AND NURSING,VIRGINIA BEACH,VA,Virginia Beach City,810,2024Q2,20240424,117,8.0,8.0,0.0,18.2,18.2,0.0,33.5,33.5,0.0,15.38,15.38,0.0,126.96,126.96,0.0,185.01,170.24,14.77,0.0,0.0,0.0,0.0,0.0,0.0,
495241,THALIA GARDENS REHABILITATION AND NURSING,VIRGINIA BEACH,VA,Virginia Beach City,810,2024Q2,20240425,119,8.0,8.0,0.0,19.95,19.95,0.0,32.83,32.83,0.0,16.21,16.21,0.0,119.72,119.72,0.0,202.37,187.76,14.61,0.0,0.0,0.0,0.0,0.0,0.0,
495241,THALIA GARDENS REHABILITATION AND NURSING,VIRGINIA BEACH,VA,Virginia Beach City,810,2024Q2,20240426,119,8.0,8.0,0.0,18.72,18.72,0.0,30.81,30.81,0.0,4.72,4.72,0.0,142.27,142.27,0.0,211.49,181.26,30.23,0.0,0.0,0.0,0.0,0.0,0.0,
495241,THALIA GARDENS REHABILITATION AND NURSING,VIRGINIA BEACH,VA,Virginia Beach City,810,2024Q2,20240427,116,0.0,0.0,0.0,5.88,5.88,0.0,23.8,23.8,0.0,0.0,0.0,0.0,120.54,120.54,0.0,202.87,166.0,36.87,0.0,0.0,0.0,0.0,0.0,0.0,
495241,THALIA GARDENS REHABILITATION AND NURSING,VIRGINIA BEACH,VA,Virginia Beach City,810,2024Q2,20240428,116,0.0,0.0,0.0,8.17,8.17,0.0,8.58,8.58,0.0,0.0,0.0,0.0,107.04,107.04,0.0,190.55,146.25,44.3,0.0,0.0,0.0,0.0,0.0,0.0,
495241,THALIA GARDENS REHABILITATION AND NURSING,VIRGINIA BEACH,VA,Virginia Beach City,810,2024Q2,20240429,116,8.0,8.0,0.0,29.38,29.38,0.0,15.3,15.3,0.0,14.15,14.15,0.0,122.15,122.15,0.0,172.5,149.78,22.72,0.0,0.0,0.0,0.0,0.0,0.0,
495241,THALIA GARDENS REHABILITATION AND NURSING,VIRGINIA BEACH,VA,Virginia Beach City,810,2024Q2,20240430,117,8.0,8.0,0.0,18.3,18.3,0.0,8.77,8.77,0.0,26.12,26.12,0.0,134.1,134.1,0.0,210.25,188.32,21.93,0.0,0.0,0.0,0.0,0.0,0.0,
495241,THALIA GARDENS REHABILITATION AND NURSING,VIRGINIA BEACH,VA,Virginia Beach City,810,2024Q2,20240501,119,8.0,8.0,0.0,24.86,24.86,0.0,8.95,8.95,0.0,8.32,8.32,0.0,130.97,130.97,0.0,207.74,186.69,21.05,0.0,0.0,0.0,0.0,0.0,0.0,
495241,THALIA GARDENS REHABILITATION AND NURSING,VIRGINIA BEACH,VA,Virginia Beach City,810,2024Q2,20240502,118,8.0,8.0,0.0,21.2,21.2,0.0,8.33,8.33,0.0,9.97,9.97,0.0,138.46,138.46,0.0,198.93,183.75,15.18,0.0,0.0,0.0,0.0,0.0,0.0,
495241,THALIA GARDENS REHABILITATION AND NURSING,VIRGINIA BEACH,VA,Virginia Beach City,810,2024Q2,20240503,118,8.0,8.0,0.0,31.28,31.28,0.0,8.48,8.48,0.0,13.0,13.0,0.0,121.14,121.14,0.0,208.78,170.83,37.95,0.0,0.0,0.0,0.0,0.0,0.0,
495241,THALIA GARDENS REHABILITATION AND NURSING,VIRGINIA BEACH,VA,Virginia Beach City,810,2024Q2,20240504,117,0.0,0.0,0.0,3.48,3.48,0.0,20.42,20.42,0.0,0.0,0.0,0.0,139.42,139.42,0.0,165.99,143.41,22.58,0.0,0.0,0.0,0.0,0.0,0.0,
495241,THALIA GARDENS REHABILITATION AND NURSING,VIRGINIA BEACH,VA,Virginia Beach City,810,2024Q2,20240505,117,0.0,0.0,0.0,7.78,7.78,0.0,15.8,15.8,0.0,0.0,0.0,0.0,127.89,127.89,0.0,153.39,153.27,0.12,0.0,0.0,0.0,0.0,0.0,0.0,
495241,THALIA GARDENS REHABILITATION AND NURSING,VIRGINIA BEACH,VA,Virginia Beach City,810,2024Q2,20240506,115,8.0,8.0,0.0,30.06,30.06,0.0,0.0,0.0,0.0,12.65,12.65,0.0,124.12,124.12,0.0,186.1,158.76,27.34,0.0,0.0,0.0,0.0,0.0,0.0,
495241,THALIA GARDENS REHABILITATION AND NURSING,VIRGINIA BEACH,VA,Virginia Beach City,810,2024Q2,20240507,115,8.0,8.0,0.0,32.65,32.65,0.0,0.55,0.55,0.0,8.0,8.0,0.0,127.42,127.42,0.0,219.29,203.44,15.85,0.0,0.0,0.0,0.0,0.0,0.0,
495241,THALIA GARDENS REHABILITATION AND NURSING,VIRGINIA BEACH,VA,Virginia Beach City,810,2024Q2,20240508,117,8.0,8.0,0.0,41.05,41.05,0.0,22.85,22.85,0.0,16.63,16.63,0.0,110.92,110.92,0.0,232.43,187.88,44.55,0.0,0.0,0.0,0.0,0.0,0.0,
495241,THALIA GARDENS REHABILITATION AND NURSING,VIRGINIA BEACH,VA,Virginia Beach City,810,2024Q2,20240509,117,8.0,8.0,0.0,34.29,34.29,0.0,7.7,7.7,0.0,9.41,9.41,0.0,106.34,106.34,0.0,207.95,185.34,22.61,0.0,0.0,0.0,0.0,0.0,0.0,
495241,THALIA GARDENS REHABILITATION AND NURSING,VIRGINIA BEACH,VA,Virginia Beach City,810,2024Q2,20240510,119,8.0,8.0,0.0,36.6,36.6,0.0,12.08,12.08,0.0,13.15,13.15,0.0,118.47,118.47,0.0,188.45,166.72,21.73,0.0,0.0,0.0,0.0,0.0,0.0,
495241,THALIA GARDENS REHABILITATION AND NURSING,VIRGINIA BEACH,VA,Virginia Beach City,810,2024Q2,20240511,118,0.0,0.0,0.0,5.22,5.22,0.0,12.15,12.15,0.0,0.0,0.0,0.0,113.3,113.3,0.0,171.13,140.39,30.74,0.0,0.0,0.0,0.0,0.0,0.0,
495241,THALIA GARDENS REHABILITATION AND NURSING,VIRGINIA BEACH,VA,Virginia Beach City,810,2024Q2,20240512,118,0.0,0.0,0.0,1.65,1.65,0.0,15.86,15.86,0.0,0.0,0.0,0.0,106.85,106.85,0.0,111.52,96.71,14.81,0.0,0.0,0.0,0.0,0.0,0.0,
495241,THALIA GARDENS REHABILITATION AND NURSING,VIRGINIA BEACH,VA,Virginia Beach City,810,2024Q2,20240513,115,8.0,8.0,0.0,16.07,16.07,0.0,15.85,15.85,0.0,7.5,7.5,0.0,141.59,141.59,0.0,201.61,143.27,58.34,0.0,0.0,0.0,0.0,0.0,0.0,
495241,THALIA GARDENS REHABILITATION AND NURSING,VIRGINIA BEACH,VA,Virginia Beach City,810,2024Q2,20240514,116,8.0,8.0,0.0,32.38,32.38,0.0,8.72,8.72,0.0,4.8,4.8,0.0,134.71,134.71,0.0,205.7,168.69,37.01,0.0,0.0,0.0,0.0,0.0,0.0,
495241,THALIA GARDENS REHABILITATION AND NURSING,VIRGINIA BEACH,VA,Virginia Beach City,810,2024Q2,20240515,117,8.0,8.0,0.0,29.03,29.03,0.0,14.45,14.45,0.0,12.41,12.41,0.0,121.11,121.11,0.0,211.99,196.86,15.13,0.0,0.0,0.0,0.0,0.0,0.0,
495241,THALIA GARDENS REHABILITATION AND NURSING,VIRGINIA BEACH,VA,Virginia Beach City,810,2024Q2,20240516,118,8.0,8.0,0.0,24.78,24.78,0.0,7.13,7.13,0.0,5.53,5.53,0.0,135.21,135.21,0.0,202.34,195.39,6.95,0.0,0.0,0.0,0.0,0.0,0.0,
495241,THALIA GARDENS REHABILITATION AND NURSING,VIRGINIA BEACH,VA,Virginia Beach City,810,2024Q2,20240517,116,8.0,8.0,0.0,36.97,36.97,0.0,15.95,15.95,0.0,11.55,11.55,0.0,120.04,120.04,0.0,189.33,173.35,15.98,0.0,0.0,0.0,0.0,0.0,0.0,
495241,THALIA GARDENS REHABILITATION AND NURSING,VIRGINIA BEACH,VA,Virginia Beach City,810,2024Q2,20240518,117,0.0,0.0,0.0,5.3,5.3,0.0,21.87,21.87,0.0,0.0,0.0,0.0,114.89,114.89,0.0,188.48,158.89,29.59,0.0,0.0,0.0,0.0,0.0,0.0,
495241,THALIA GARDENS REHABILITATION AND NURSING,VIRGINIA BEACH,VA,Virginia Beach City,810,2024Q2,20240519,116,0.0,0.0,0.0,13.74,13.74,0.0,0.0,0.0,0.0,0.0,0.0,0.0,118.0,118.0,0.0,162.47,150.35,12.12,0.0,0.0,0.0,0.0,0.0,0.0,
495241,THALIA GARDENS REHABILITATION AND NURSING,VIRGINIA BEACH,VA,Virginia Beach City,810,2024Q2,20240520,116,8.0,8.0,0.0,29.89,29.89,0.0,0.0,0.0,0.0,7.47,7.47,0.0,135.02,135.02,0.0,202.51,181.32,21.19,0.0,0.0,0.0,0.0,0.0,0.0,
495241,THALIA GARDENS REHABILITATION AND NURSING,VIRGINIA BEACH,VA,Virginia Beach City,810,2024Q2,20240521,116,8.0,8.0,0.0,28.97,28.97,0.0,0.58,0.58,0.0,13.57,13.57,0.0,152.71,152.71,0.0,214.07,198.5,15.57,0.0,0.0,0.0,0.0,0.0,0.0,
495241,THALIA GARDENS REHABILITATION AND NURSING,VIRGINIA BEACH,VA,Virginia Beach City,810,2024Q2,20240522,115,8.0,8.0,0.0,29.51,29.51,0.0,8.5,8.5,0.0,11.13,11.13,0.0,141.57,141.57,0.0,205.84,183.38,22.46,0.0,0.0,0.0,0.0,0.0,0.0,
495241,THALIA GARDENS REHABILITATION AND NURSING,VIRGINIA BEACH,VA,Virginia Beach City,810,2024Q2,20240523,115,8.0,8.0,0.0,37.7,37.7,0.0,7.97,7.97,0.0,11.22,11.22,0.0,137.73,137.73,0.0,205.16,197.83,7.33,0.0,0.0,0.0,0.0,0.0,0.0,
495241,THALIA GARDENS REHABILITATION AND NURSING,VIRGINIA BEACH,VA,Virginia Beach City,810,2024Q2,20240524,117,8.0,8.0,0.0,39.57,39.57,0.0,7.46,7.46,0.0,13.23,13.23,0.0,134.47,134.47,0.0,166.89,159.24,7.65,0.0,0.0,0.0,0.0,0.0,0.0,
495241,THALIA GARDENS REHABILITATION AND NURSING,VIRGINIA BEACH,VA,Virginia Beach City,810,2024Q2,20240525,117,0.0,0.0,0.0,5.35,5.35,0.0,8.12,8.12,0.0,0.0,0.0,0.0,137.31,137.31,0.0,195.08,172.18,22.9,0.0,0.0,0.0,0.0,0.0,0.0,
495241,THALIA GARDENS REHABILITATION AND NURSING,VIRGINIA BEACH,VA,Virginia Beach City,810,2024Q2,20240526,117,0.0,0.0,0.0,3.75,3.75,0.0,7.78,7.78,0.0,0.0,0.0,0.0,134.11,134.11,0.0,185.28,148.39,36.89,0.0,0.0,0.0,0.0,0.0,0.0,
495241,THALIA GARDENS REHABILITATION AND NURSING,VIRGINIA BEACH,VA,Virginia Beach City,810,2024Q2,20240527,117,8.0,8.0,0.0,22.44,22.44,0.0,24.55,24.55,0.0,5.12,5.12,0.0,108.89,108.89,0.0,218.9,189.84,29.06,0.0,0.0,0.0,0.0,0.0,0.0,
495241,THALIA GARDENS REHABILITATION AND NURSING,VIRGINIA BEACH,VA,Virginia Beach City,810,2024Q2,20240528,117,8.0,8.0,0.0,23.55,23.55,0.0,16.96,16.96,0.0,12.55,12.55,0.0,135.29,135.29,0.0,211.02,188.5,22.52,0.0,0.0,0.0,0.0,0.0,0.0,
495241,THALIA GARDENS REHABILITATION AND NURSING,VIRGINIA BEACH,VA,Virginia Beach City,810,2024Q2,20240529,118,8.0,8.0,0.0,32.78,32.78,0.0,8.97,8.97,0.0,7.75,7.75,0.0,136.82,136.82,0.0,201.27,186.23,15.04,0.0,0.0,0.0,0.0,0.0,0.0,
495241,THALIA GARDENS REHABILITATION AND NURSING,VIRGINIA BEACH,VA,Virginia Beach City,810,2024Q2,20240530,118,8.0,8.0,0.0,32.99,32.99,0.0,8.18,8.18,0.0,8.13,8.13,0.0,137.52,137.52,0.0,195.89,189.49,6.4,0.0,0.0,0.0,0.0,0.0,0.0,
495241,THALIA GARDENS REHABILITATION AND NURSING,VIRGINIA BEACH,VA,Virginia Beach City,810,2024Q2,20240531,117,8.0,8.0,0.0,17.08,17.08,0.0,8.94,8.94,0.0,13.52,13.52,0.0,142.45,142.45,0.0,207.17,154.1,53.07,0.0,0.0,0.0,0.0,0.0,0.0,
495241,THALIA GARDENS REHABILITATION AND NURSING,VIRGINIA BEACH,VA,Virginia Beach City,810,2024Q2,20240601,117,0.0,0.0,0.0,2.87,2.87,0.0,16.96,16.96,0.0,0.0,0.0,0.0,121.74,121.74,0.0,181.87,167.54,14.33,0.0,0.0,0.0,0.0,0.0,0.0,
495241,THALIA GARDENS REHABILITATION AND NURSING,VIRGINIA BEACH,VA,Virginia Beach City,810,2024Q2,20240602,115,0.0,0.0,0.0,2.0,2.0,0.0,8.12,8.12,0.0,0.0,0.0,0.0,125.45,125.45,0.0,166.03,151.4,14.63,0.0,0.0,0.0,0.0,0.0,0.0,
495241,THALIA GARDENS REHABILITATION AND NURSING,VIRGINIA BEACH,VA,Virginia Beach City,810,2024Q2,20240603,114,8.0,8.0,0.0,29.79,29.79,0.0,0.58,0.58,0.0,12.5,12.5,0.0,135.33,135.33,0.0,196.86,174.49,22.37,0.0,0.0,0.0,0.0,0.0,0.0,
495241,THALIA GARDENS REHABILITATION AND NURSING,VIRGINIA BEACH,VA,Virginia Beach City,810,2024Q2,20240604,114,8.0,8.0,0.0,28.91,28.91,0.0,8.22,8.22,0.0,7.18,7.18,0.0,137.43,137.43,0.0,197.34,181.99,15.35,0.0,0.0,0.0,0.0,0.0,0.0,
495241,THALIA GARDENS REHABILITATION AND NURSING,VIRGINIA BEACH,VA,Virginia Beach City,810,2024Q2,20240605,115,8.0,8.0,0.0,27.09,27.09,0.0,8.68,8.68,0.0,5.22,5.22,0.0,129.59,129.59,0.0,226.34,203.32,23.02,0.0,0.0,0.0,0.0,0.0,0.0,
495241,THALIA GARDENS REHABILITATION AND NURSING,VIRGINIA BEACH,VA,Virginia Beach City,810,2024Q2,20240606,116,8.0,8.0,0.0,28.0,28.0,0.0,7.93,7.93,0.0,8.43,8.43,0.0,142.25,142.25,0.0,222.94,214.76,8.18,0.0,0.0,0.0,0.0,0.0,0.0,
495241,THALIA GARDENS REHABILITATION AND NURSING,VIRGINIA BEACH,VA,Virginia Beach City,810,2024Q2,20240607,115,8.0,8.0,0.0,28.22,28.22,0.0,0.48,0.48,0.0,7.13,7.13,0.0,138.16,138.16,0.0,201.11,185.71,15.4,0.0,0.0,0.0,0.0,0.0,0.0,
495241,THALIA GARDENS REHABILITATION AND NURSING,VIRGINIA BEACH,VA,Virginia Beach City,810,2024Q2,20240608,115,0.0,0.0,0.0,5.12,5.12,0.0,8.57,8.57,0.0,0.0,0.0,0.0,128.14,128.14,0.0,186.4,157.21,29.19,0.0,0.0,0.0,0.0,0.0,0.0,
495241,THALIA GARDENS REHABILITATION AND NURSING,VIRGINIA BEACH,VA,Virginia Beach City,810,2024Q2,20240609,115,0.0,0.0,0.0,4.93,4.93,0.0,8.6,8.6,0.0,0.0,0.0,0.0,135.76,135.76,0.0,170.77,163.9,6.87,0.0,0.0,0.0,0.0,0.0,0.0,
495241,THALIA GARDENS REHABILITATION AND NURSING,VIRGINIA BEACH,VA,Virginia Beach City,810,2024Q2,20240610,114,8.0,8.0,0.0,24.88,24.88,0.0,8.82,8.82,0.0,12.74,12.74,0.0,117.33,117.33,0.0,194.62,149.97,44.65,0.0,0.0,0.0,0.0,0.0,0.0,
495241,THALIA GARDENS REHABILITATION AND NURSING,VIRGINIA BEACH,VA,Virginia Beach City,810,2024Q2,20240611,114,8.0,8.0,0.0,26.8,26.8,0.0,0.57,0.57,0.0,7.62,7.62,0.0,134.51,134.51,0.0,194.05,171.84,22.21,0.0,0.0,0.0,0.0,0.0,0.0,
495241,THALIA GARDENS REHABILITATION AND NURSING,VIRGINIA BEACH,VA,Virginia Beach City,810,2024Q2,20240612,114,8.0,8.0,0.0,27.1,27.1,0.0,9.02,9.02,0.0,6.42,6.42,0.0,133.86,133.86,0.0,210.96,187.99,22.97,0.0,0.0,0.0,0.0,0.0,0.0,
495241,THALIA GARDENS REHABILITATION AND NURSING,VIRGINIA BEACH,VA,Virginia Beach City,810,2024Q2,20240613,115,8.0,8.0,0.0,31.64,31.64,0.0,7.95,7.95,0.0,7.53,7.53,0.0,121.2,121.2,0.0,205.1,189.57,15.53,0.0,0.0,0.0,0.0,0.0,0.0,
495241,THALIA GARDENS REHABILITATION AND NURSING,VIRGINIA BEACH,VA,Virginia Beach City,810,2024Q2,20240614,116,8.0,8.0,0.0,17.77,17.77,0.0,0.5,0.5,0.0,6.58,6.58,0.0,145.05,145.05,0.0,203.22,179.11,24.11,0.0,0.0,0.0,0.0,0.0,0.0,
495241,THALIA GARDENS REHABILITATION AND NURSING,VIRGINIA BEACH,VA,Virginia Beach City,810,2024Q2,20240615,115,0.0,0.0,0.0,0.0,0.0,0.0,8.13,8.13,0.0,0.0,0.0,0.0,116.68,116.68,0.0,197.86,167.81,30.05,0.0,0.0,0.0,0.0,0.0,0.0,
495241,THALIA GARDENS REHABILITATION AND NURSING,VIRGINIA BEACH,VA,Virginia Beach City,810,2024Q2,20240616,115,0.0,0.0,0.0,1.08,1.08,0.0,8.12,8.12,0.0,0.0,0.0,0.0,125.99,125.99,0.0,181.8,174.47,7.33,0.0,0.0,0.0,0.0,0.0,0.0,
495241,THALIA GARDENS REHABILITATION AND NURSING,VIRGINIA BEACH,VA,Virginia Beach City,810,2024Q2,20240617,117,8.0,8.0,0.0,27.69,27.69,0.0,0.6,0.6,0.0,10.77,10.77,0.0,123.21,123.21,0.0,198.3,190.78,7.52,0.0,0.0,0.0,0.0,0.0,0.0,
495241,THALIA GARDENS REHABILITATION AND NURSING,VIRGINIA BEACH,VA,Virginia Beach City,810,2024Q2,20240618,116,8.0,8.0,0.0,28.8,28.8,0.0,18.42,18.42,0.0,11.25,11.25,0.0,109.88,109.88,0.0,199.34,189.66,9.68,0.0,0.0,0.0,0.0,0.0,0.0,
495241,THALIA GARDENS REHABILITATION AND NURSING,VIRGINIA BEACH,VA,Virginia Beach City,810,2024Q2,20240619,117,8.0,8.0,0.0,25.72,25.72,0.0,8.57,8.57,0.0,20.72,20.72,0.0,120.62,120.62,0.0,222.4,210.11,12.29,0.0,0.0,0.0,0.0,0.0,0.0,
495241,THALIA GARDENS REHABILITATION AND NURSING,VIRGINIA BEACH,VA,Virginia Beach City,810,2024Q2,20240620,117,8.0,8.0,0.0,33.54,33.54,0.0,8.07,8.07,0.0,23.34,23.34,0.0,131.79,131.79,0.0,228.97,228.35,0.62,0.0,0.0,0.0,0.0,0.0,0.0,
495241,THALIA GARDENS REHABILITATION AND NURSING,VIRGINIA BEACH,VA,Virginia Beach City,810,2024Q2,20240621,119,8.0,8.0,0.0,22.79,22.79,0.0,9.27,9.27,0.0,6.87,6.87,0.0,123.7,123.7,0.0,230.12,216.58,13.54,0.0,0.0,0.0,0.0,0.0,0.0,
495241,THALIA GARDENS REHABILITATION AND NURSING,VIRGINIA BEACH,VA,Virginia Beach City,810,2024Q2,20240622,120,0.0,0.0,0.0,5.13,5.13,0.0,8.4,8.4,0.0,0.0,0.0,0.0,126.23,126.23,0.0,183.69,183.69,0.0,0.0,0.0,0.0,0.0,0.0,0.0,
495241,THALIA GARDENS REHABILITATION AND NURSING,VIRGINIA BEACH,VA,Virginia Beach City,810,2024Q2,20240623,120,0.0,0.0,0.0,5.5,5.5,0.0,17.92,17.92,0.0,8.07,8.07,0.0,110.39,110.39,0.0,181.27,173.5,7.77,0.0,0.0,0.0,0.0,0.0,0.0,
495241,THALIA GARDENS REHABILITATION AND NURSING,VIRGINIA BEACH,VA,Virginia Beach City,810,2024Q2,20240624,120,8.0,8.0,0.0,24.62,24.62,0.0,25.05,25.05,0.0,15.56,15.56,0.0,113.94,113.94,0.0,193.04,185.42,7.62,0.0,0.0,0.0,0.0,0.0,0.0,
495241,THALIA GARDENS REHABILITATION AND NURSING,VIRGINIA BEACH,VA,Virginia Beach City,810,2024Q2,20240625,122,8.0,8.0,0.0,27.56,27.56,0.0,7.3,7.3,0.0,20.7,20.7,0.0,116.5,116.5,0.0,228.5,221.0,7.5,0.0,0.0,0.0,0.0,0.0,0.0,
495241,THALIA GARDENS REHABILITATION AND NURSING,VIRGINIA BEACH,VA,Virginia Beach City,810,2024Q2,20240626,122,8.0,8.0,0.0,28.07,28.07,0.0,8.75,8.75,0.0,20.39,20.39,0.0,121.82,121.82,0.0,179.38,179.38,0.0,0.0,0.0,0.0,0.0,0.0,0.0,
495241,THALIA GARDENS REHABILITATION AND NURSING,VIRGINIA BEACH,VA,Virginia Beach City,810,2024Q2,20240627,121,8.0,8.0,0.0,33.29,33.29,0.0,16.0,16.0,0.0,15.95,15.95,0.0,122.92,122.92,0.0,198.55,198.55,0.0,0.0,0.0,0.0,0.0,0.0,0.0,
495241,THALIA GARDENS REHABILITATION AND NURSING,VIRGINIA BEACH,VA,Virginia Beach City,810,2024Q2,20240628,124,8.0,8.0,0.0,34.48,34.48,0.0,0.57,0.57,0.0,21.69,21.69,0.0,120.46,120.46,0.0,195.53,187.88,7.65,0.0,0.0,0.0,0.0,0.0,0.0,
495241,THALIA GARDENS REHABILITATION AND NURSING,VIRGINIA BEACH,VA,Virginia Beach City,810,2024Q2,20240629,121,0.0,0.0,0.0,3.6,3.6,0.0,24.87,24.87,0.0,0.0,0.0,0.0,97.68,97.68,0.0,204.74,204.74,0.0,0.0,0.0,0.0,0.0,0.0,0.0,
495241,THALIA GARDENS REHABILITATION AND NURSING,VIRGINIA BEACH,VA,Virginia Beach City,810,2024Q2,20240630,120,0.0,0.0,0.0,2.92,2.92,0.0,16.91,16.91,0.0,0.0,0.0,0.0,119.2,119.2,0.0,189.97,189.97,0.0,0.0,0.0,0.0,0.0,0.0,0.0,
495241,THALIA GARDENS REHABILITATION AND NURSING,VIRGINIA BEACH,VA,Virginia Beach City,810,2024Q3,20240701,118,8.0,8.0,0.0,29.27,29.27,0.0,7.67,7.67,0.0,19.48,19.48,0.0,118.47,110.82,7.65,196.05,196.05,0.0,0.0,0.0,0.0,0.0,0.0,0.0,
495241,THALIA GARDENS REHABILITATION AND NURSING,VIRGINIA BEACH,VA,Virginia Beach City,810,2024Q3,20240702,119,8.0,8.0,0.0,28.03,28.03,0.0,0.57,0.57,0.0,21.12,21.12,0.0,121.99,121.99,0.0,194.34,194.34,0.0,0.0,0.0,0.0,0.0,0.0,0.0,
495241,THALIA GARDENS REHABILITATION AND NURSING,VIRGINIA BEACH,VA,Virginia Beach City,810,2024Q3,20240703,121,8.0,8.0,0.0,33.48,33.48,0.0,9.2,9.2,0.0,12.72,12.72,0.0,130.05,130.05,0.0,179.43,179.43,0.0,0.0,0.0,0.0,0.0,0.0,0.0,
495241,THALIA GARDENS REHABILITATION AND NURSING,VIRGINIA BEACH,VA,Virginia Beach City,810,2024Q3,20240704,121,8.0,8.0,0.0,25.77,25.77,0.0,16.05,16.05,0.0,7.29,7.29,0.0,114.3,114.3,0.0,203.08,202.55,0.53,0.0,0.0,0.0,0.0,0.0,0.0,
495241,THALIA GARDENS REHABILITATION AND NURSING,VIRGINIA BEACH,VA,Virginia Beach City,810,2024Q3,20240705,122,8.0,8.0,0.0,33.3,33.3,0.0,16.31,16.31,0.0,8.39,8.39,0.0,117.1,117.1,0.0,213.34,183.61,29.73,0.0,0.0,0.0,0.0,0.0,0.0,
495241,THALIA GARDENS REHABILITATION AND NURSING,VIRGINIA BEACH,VA,Virginia Beach City,810,2024Q3,20240706,122,0.0,0.0,0.0,3.02,3.02,0.0,9.08,9.08,0.0,0.0,0.0,0.0,133.07,133.07,0.0,193.27,193.27,0.0,0.0,0.0,0.0,0.0,0.0,0.0,
495241,THALIA GARDENS REHABILITATION AND NURSING,VIRGINIA BEACH,VA,Virginia Beach City,810,2024Q3,20240707,122,0.0,0.0,0.0,0.0,0.0,0.0,16.18,16.18,0.0,0.0,0.0,0.0,124.01,124.01,0.0,189.99,181.96,8.03,0.0,0.0,0.0,0.0,0.0,0.0,
495241,THALIA GARDENS REHABILITATION AND NURSING,VIRGINIA BEACH,VA,Virginia Beach City,810,2024Q3,20240708,122,8.0,8.0,0.0,27.78,27.78,0.0,7.67,7.67,0.0,20.2,20.2,0.0,128.24,128.24,0.0,179.34,167.46,11.88,0.0,0.0,0.0,0.0,0.0,0.0,
495241,THALIA GARDENS REHABILITATION AND NURSING,VIRGINIA BEACH,VA,Virginia Beach City,810,2024Q3,20240709,121,8.0,8.0,0.0,29.09,29.09,0.0,0.53,0.53,0.0,28.4,28.4,0.0,139.7,139.7,0.0,205.64,197.92,7.72,0.0,0.0,0.0,0.0,0.0,0.0,
495241,THALIA GARDENS REHABILITATION AND NURSING,VIRGINIA BEACH,VA,Virginia Beach City,810,2024Q3,20240710,120,8.0,8.0,0.0,33.57,33.57,0.0,23.85,23.85,0.0,23.42,23.42,0.0,97.83,97.83,0.0,217.3,210.77,6.53,0.0,0.0,0.0,0.0,0.0,0.0,
495241,THALIA GARDENS REHABILITATION AND NURSING,VIRGINIA BEACH,VA,Virginia Beach City,810,2024Q3,20240711,122,8.0,8.0,0.0,28.92,28.92,0.0,15.87,15.87,0.0,13.75,13.75,0.0,128.57,128.57,0.0,213.36,213.36,0.0,0.0,0.0,0.0,0.0,0.0,0.0,
495241,THALIA GARDENS REHABILITATION AND NURSING,VIRGINIA BEACH,VA,Virginia Beach City,810,2024Q3,20240712,122,8.0,8.0,0.0,31.98,31.98,0.0,9.15,9.15,0.0,20.93,20.93,0.0,111.89,111.89,0.0,222.28,214.76,7.52,0.0,0.0,0.0,0.0,0.0,0.0,
495241,THALIA GARDENS REHABILITATION AND NURSING,VIRGINIA BEACH,VA,Virginia Beach City,810,2024Q3,20240713,121,0.0,0.0,0.0,3.07,3.07,0.0,18.12,18.12,0.0,5.53,5.53,0.0,109.21,101.16,8.05,207.37,187.13,20.24,0.0,0.0,0.0,0.0,0.0,0.0,
495241,THALIA GARDENS REHABILITATION AND NURSING,VIRGINIA BEACH,VA,Virginia Beach City,810,2024Q3,20240714,119,0.0,0.0,0.0,6.0,6.0,0.0,8.3,8.3,0.0,7.93,7.93,0.0,103.71,103.71,0.0,199.24,191.91,7.33,0.0,0.0,0.0,0.0,0.0,0.0,
495241,THALIA GARDENS REHABILITATION AND NURSING,VIRGINIA BEACH,VA,Virginia Beach City,810,2024Q3,20240715,120,8.0,8.0,0.0,26.92,26.92,0.0,7.68,7.68,0.0,9.98,9.98,0.0,119.9,115.4,4.5,198.36,183.07,15.29,0.0,0.0,0.0,0.0,0.0,0.0,
495241,THALIA GARDENS REHABILITATION AND NURSING,VIRGINIA BEACH,VA,Virginia Beach City,810,2024Q3,20240716,120,8.0,8.0,0.0,29.79,29.79,0.0,0.58,0.58,0.0,18.08,18.08,0.0,148.93,125.96,22.97,216.29,194.17,22.12,0.0,0.0,0.0,0.0,0.0,0.0,
495241,THALIA GARDENS REHABILITATION AND NURSING,VIRGINIA BEACH,VA,Virginia Beach City,810,2024Q3,20240717,119,8.0,8.0,0.0,29.82,29.82,0.0,17.35,16.7,0.65,20.73,20.73,0.0,127.51,127.51,0.0,211.97,197.76,14.21,0.0,0.0,0.0,0.0,0.0,0.0,
495241,THALIA GARDENS REHABILITATION AND NURSING,VIRGINIA BEACH,VA,Virginia Beach City,810,2024Q3,20240718,120,8.0,8.0,0.0,26.7,26.7,0.0,30.41,23.03,7.38,15.3,15.3,0.0,117.61,110.14,7.47,211.39,174.48,36.91,0.0,0.0,0.0,0.0,0.0,0.0,
495241,THALIA GARDENS REHABILITATION AND NURSING,VIRGINIA BEACH,VA,Virginia Beach City,810,2024Q3,20240719,120,8.0,8.0,0.0,27.18,27.18,0.0,17.16,8.99,8.17,19.51,19.51,0.0,126.08,118.55,7.53,205.91,187.69,18.22,0.0,0.0,0.0,0.0,0.0,0.0,
495241,THALIA GARDENS REHABILITATION AND NURSING,VIRGINIA BEACH,VA,Virginia Beach City,810,2024Q3,20240720,121,0.0,0.0,0.0,0.0,0.0,0.0,24.67,24.67,0.0,0.0,0.0,0.0,111.96,111.96,0.0,190.48,184.83,5.65,0.0,0.0,0.0,0.0,0.0,0.0,
495241,THALIA GARDENS REHABILITATION AND NURSING,VIRGINIA BEACH,VA,Virginia Beach City,810,2024Q3,20240721,121,0.0,0.0,0.0,0.4,0.4,0.0,8.1,8.1,0.0,7.55,7.55,0.0,123.4,115.73,7.67,170.51,162.94,7.57,0.0,0.0,0.0,0.0,0.0,0.0,
495241,THALIA GARDENS REHABILITATION AND NURSING,VIRGINIA BEACH,VA,Virginia Beach City,810,2024Q3,20240722,117,8.0,8.0,0.0,19.97,19.97,0.0,10.02,10.02,0.0,32.49,32.49,0.0,113.85,113.85,0.0,219.16,189.6,29.56,0.0,0.0,0.0,0.0,0.0,0.0,
495241,THALIA GARDENS REHABILITATION AND NURSING,VIRGINIA BEACH,VA,Virginia Beach City,810,2024Q3,20240723,117,8.0,8.0,0.0,31.93,31.93,0.0,7.27,7.27,0.0,32.94,32.94,0.0,117.7,109.87,7.83,219.05,187.92,31.13,0.0,0.0,0.0,0.0,0.0,0.0,
495241,THALIA GARDENS REHABILITATION AND NURSING,VIRGINIA BEACH,VA,Virginia Beach City,810,2024Q3,20240724,119,8.0,8.0,0.0,38.45,38.45,0.0,9.88,9.88,0.0,34.79,34.79,0.0,125.5,117.73,7.77,212.9,183.04,29.86,0.0,0.0,0.0,0.0,0.0,0.0,
495241,THALIA GARDENS REHABILITATION AND NURSING,VIRGINIA BEACH,VA,Virginia Beach City,810,2024Q3,20240725,116,8.0,8.0,0.0,37.38,37.38,0.0,8.37,8.37,0.0,20.88,20.88,0.0,124.62,117.12,7.5,207.8,193.98,13.82,0.0,0.0,0.0,0.0,0.0,0.0,
495241,THALIA GARDENS REHABILITATION AND NURSING,VIRGINIA BEACH,VA,Virginia Beach City,810,2024Q3,20240726,117,8.0,8.0,0.0,36.85,36.85,0.0,0.0,0.0,0.0,39.11,39.11,0.0,128.66,128.66,0.0,215.35,185.76,29.59,0.0,0.0,0.0,0.0,0.0,0.0,
495241,THALIA GARDENS REHABILITATION AND NURSING,VIRGINIA BEACH,VA,Virginia Beach City,810,2024Q3,20240727,117,0.0,0.0,0.0,10.4,10.4,0.0,14.09,14.09,0.0,8.77,8.77,0.0,112.42,104.59,7.83,182.74,149.99,32.75,0.0,0.0,0.0,0.0,0.0,0.0,
495241,THALIA GARDENS REHABILITATION AND NURSING,VIRGINIA BEACH,VA,Virginia Beach City,810,2024Q3,20240728,117,0.0,0.0,0.0,0.0,0.0,0.0,22.35,22.35,0.0,14.02,14.02,0.0,88.46,88.46,0.0,173.39,158.87,14.52,0.0,0.0,0.0,0.0,0.0,0.0,
495241,THALIA GARDENS REHABILITATION AND NURSING,VIRGINIA BEACH,VA,Virginia Beach City,810,2024Q3,20240729,117,8.0,8.0,0.0,28.29,28.29,0.0,7.8,7.8,0.0,18.3,18.3,0.0,127.16,127.16,0.0,209.86,202.28,7.58,0.0,0.0,0.0,0.0,0.0,0.0,
495241,THALIA GARDENS REHABILITATION AND NURSING,VIRGINIA BEACH,VA,Virginia Beach City,810,2024Q3,20240730,118,8.0,8.0,0.0,28.03,28.03,0.0,12.83,12.83,0.0,35.02,35.02,0.0,107.45,92.45,15.0,224.91,202.43,22.48,0.0,0.0,0.0,0.0,0.0,0.0,
495241,THALIA GARDENS REHABILITATION AND NURSING,VIRGINIA BEACH,VA,Virginia Beach City,810,2024Q3,20240731,119,8.0,8.0,0.0,38.22,38.22,0.0,12.4,8.4,4.0,30.0,30.0,0.0,125.09,125.09,0.0,218.15,210.63,7.52,0.0,0.0,0.0,0.0,0.0,0.0,
495241,THALIA GARDENS REHABILITATION AND NURSING,VIRGINIA BEACH,VA,Virginia Beach City,810,2024Q3,20240801,119,8.0,8.0,0.0,27.9,27.9,0.0,34.97,27.47,7.5,16.64,16.64,0.0,120.27,95.29,24.98,221.08,205.88,15.2,0.0,0.0,0.0,0.0,0.0,0.0,
495241,THALIA GARDENS REHABILITATION AND NURSING,VIRGINIA BEACH,VA,Virginia Beach City,810,2024Q3,20240802,117,8.0,8.0,0.0,27.26,27.26,0.0,23.25,23.25,0.0,21.83,21.83,0.0,117.24,108.82,8.42,242.57,236.44,6.13,0.0,0.0,0.0,0.0,0.0,0.0,
495241,THALIA GARDENS REHABILITATION AND NURSING,VIRGINIA BEACH,VA,Virginia Beach City,810,2024Q3,20240803,118,0.0,0.0,0.0,8.82,8.82,0.0,15.92,0.6,15.32,4.92,4.92,0.0,113.18,97.35,15.83,178.73,170.85,7.88,0.0,0.0,0.0,0.0,0.0,0.0,
495241,THALIA GARDENS REHABILITATION AND NURSING,VIRGINIA BEACH,VA,Virginia Beach City,810,2024Q3,20240804,118,0.0,0.0,0.0,0.0,0.0,0.0,24.2,16.05,8.15,24.62,24.62,0.0,88.29,64.87,23.42,191.23,168.85,22.38,0.0,0.0,0.0,0.0,0.0,0.0,
495241,THALIA GARDENS REHABILITATION AND NURSING,VIRGINIA BEACH,VA,Virginia Beach City,810,2024Q3,20240805,117,8.0,8.0,0.0,26.84,26.84,0.0,32.31,32.31,0.0,19.82,19.82,0.0,100.9,61.49,39.41,211.64,181.07,30.57,0.0,0.0,0.0,0.0,0.0,0.0,
495241,THALIA GARDENS REHABILITATION AND NURSING,VIRGINIA BEACH,VA,Virginia Beach City,810,2024Q3,20240806,118,8.0,8.0,0.0,22.27,22.27,0.0,1.25,1.25,0.0,20.9,20.9,0.0,112.38,104.43,7.95,217.15,209.5,7.65,0.0,0.0,0.0,0.0,0.0,0.0,
495241,THALIA GARDENS REHABILITATION AND NURSING,VIRGINIA BEACH,VA,Virginia Beach City,810,2024Q3,20240807,118,8.0,8.0,0.0,34.32,34.32,0.0,23.93,23.93,0.0,26.57,26.57,0.0,102.86,102.86,0.0,216.49,202.54,13.95,0.0,0.0,0.0,0.0,0.0,0.0,
495241,THALIA GARDENS REHABILITATION AND NURSING,VIRGINIA BEACH,VA,Virginia Beach City,810,2024Q3,20240808,120,8.0,8.0,0.0,28.94,28.94,0.0,31.6,31.6,0.0,28.45,28.45,0.0,107.93,107.93,0.0,199.35,198.85,0.5,0.0,0.0,0.0,0.0,0.0,0.0,
495241,THALIA GARDENS REHABILITATION AND NURSING,VIRGINIA BEACH,VA,Virginia Beach City,810,2024Q3,20240809,121,8.0,8.0,0.0,31.65,31.65,0.0,22.88,22.88,0.0,5.8,5.8,0.0,114.85,106.43,8.42,207.78,171.15,36.63,0.0,0.0,0.0,0.0,0.0,0.0,
495241,THALIA GARDENS REHABILITATION AND NURSING,VIRGINIA BEACH,VA,Virginia Beach City,810,2024Q3,20240810,119,0.0,0.0,0.0,3.0,3.0,0.0,16.81,16.81,0.0,8.55,8.55,0.0,115.37,99.17,16.2,203.93,196.15,7.78,0.0,0.0,0.0,0.0,0.0,0.0,
495241,THALIA GARDENS REHABILITATION AND NURSING,VIRGINIA BEACH,VA,Virginia Beach City,810,2024Q3,20240811,116,0.0,0.0,0.0,7.5,7.5,0.0,7.7,7.7,0.0,8.95,8.95,0.0,109.76,94.31,15.45,201.95,178.93,23.02,0.0,0.0,0.0,0.0,0.0,0.0,
495241,THALIA GARDENS REHABILITATION AND NURSING,VIRGINIA BEACH,VA,Virginia Beach City,810,2024Q3,20240812,117,8.0,8.0,0.0,12.0,12.0,0.0,17.16,17.16,0.0,20.07,20.07,0.0,122.1,109.65,12.45,189.01,189.01,0.0,0.0,0.0,0.0,0.0,0.0,0.0,
495241,THALIA GARDENS REHABILITATION AND NURSING,VIRGINIA BEACH,VA,Virginia Beach City,810,2024Q3,20240813,119,8.0,8.0,0.0,22.73,22.73,0.0,22.98,22.98,0.0,27.75,27.75,0.0,92.79,88.09,4.7,223.62,216.05,7.57,0.0,0.0,0.0,0.0,0.0,0.0,
495241,THALIA GARDENS REHABILITATION AND NURSING,VIRGINIA BEACH,VA,Virginia Beach City,810,2024Q3,20240814,120,8.0,8.0,0.0,28.8,28.8,0.0,18.72,18.72,0.0,22.5,22.5,0.0,111.98,104.41,7.57,223.81,208.83,14.98,0.0,0.0,0.0,0.0,0.0,0.0,
495241,THALIA GARDENS REHABILITATION AND NURSING,VIRGINIA BEACH,VA,Virginia Beach City,810,2024Q3,20240815,119,8.0,8.0,0.0,26.21,26.21,0.0,23.73,23.73,0.0,25.38,25.38,0.0,100.07,100.07,0.0,213.83,192.36,21.47,0.0,0.0,0.0,0.0,0.0,0.0,
495241,THALIA GARDENS REHABILITATION AND NURSING,VIRGINIA BEACH,VA,Virginia Beach City,810,2024Q3,20240816,122,8.0,8.0,0.0,34.64,34.64,0.0,17.3,17.3,0.0,19.4,19.4,0.0,118.08,110.78,7.3,209.58,202.38,7.2,0.0,0.0,0.0,0.0,0.0,0.0,
495241,THALIA GARDENS REHABILITATION AND NURSING,VIRGINIA BEACH,VA,Virginia Beach City,810,2024Q3,20240817,122,0.0,0.0,0.0,11.48,11.48,0.0,31.33,31.33,0.0,8.65,8.65,0.0,90.7,90.7,0.0,196.41,181.24,15.17,0.0,0.0,0.0,0.0,0.0,0.0,
495241,THALIA GARDENS REHABILITATION AND NURSING,VIRGINIA BEACH,VA,Virginia Beach City,810,2024Q3,20240818,122,0.0,0.0,0.0,9.42,9.42,0.0,8.08,8.08,0.0,9.77,9.77,0.0,112.2,104.37,7.83,192.96,149.76,43.2,0.0,0.0,0.0,0.0,0.0,0.0,
495241,THALIA GARDENS REHABILITATION AND NURSING,VIRGINIA BEACH,VA,Virginia Beach City,810,2024Q3,20240819,123,8.0,8.0,0.0,28.78,28.78,0.0,18.74,18.74,0.0,13.63,13.63,0.0,102.51,79.41,23.1,195.35,172.35,23.0,0.0,0.0,0.0,0.0,0.0,0.0,
495241,THALIA GARDENS REHABILITATION AND NURSING,VIRGINIA BEACH,VA,Virginia Beach City,810,2024Q3,20240820,122,8.0,8.0,0.0,28.85,28.85,0.0,10.85,10.85,0.0,20.33,20.33,0.0,107.78,92.45,15.33,220.14,196.98,23.16,0.0,0.0,0.0,0.0,0.0,0.0,
495241,THALIA GARDENS REHABILITATION AND NURSING,VIRGINIA BEACH,VA,Virginia Beach City,810,2024Q3,20240821,124,8.0,8.0,0.0,32.43,32.43,0.0,32.51,32.51,0.0,17.99,17.99,0.0,96.47,83.93,12.54,203.13,189.21,13.92,0.0,0.0,0.0,0.0,0.0,0.0,
495241,THALIA GARDENS REHABILITATION AND NURSING,VIRGINIA BEACH,VA,Virginia Beach City,810,2024Q3,20240822,124,8.0,8.0,0.0,31.78,31.78,0.0,32.68,32.68,0.0,30.8,30.8,0.0,89.02,89.02,0.0,218.58,218.58,0.0,0.0,0.0,0.0,0.0,0.0,0.0,
495241,THALIA GARDENS REHABILITATION AND NURSING,VIRGINIA BEACH,VA,Virginia Beach City,810,2024Q3,20240823,123,8.0,8.0,0.0,16.08,16.08,0.0,19.45,19.45,0.0,16.49,16.49,0.0,103.93,80.73,23.2,197.49,170.66,26.83,0.0,0.0,0.0,0.0,0.0,0.0,
495241,THALIA GARDENS REHABILITATION AND NURSING,VIRGINIA BEACH,VA,Virginia Beach City,810,2024Q3,20240824,121,0.0,0.0,0.0,4.0,4.0,0.0,16.93,16.93,0.0,17.94,17.94,0.0,92.07,83.94,8.13,217.41,175.98,41.43,0.0,0.0,0.0,0.0,0.0,0.0,
495241,THALIA GARDENS REHABILITATION AND NURSING,VIRGINIA BEACH,VA,Virginia Beach City,810,2024Q3,20240825,121,0.0,0.0,0.0,8.5,8.5,0.0,15.92,15.92,0.0,17.28,17.28,0.0,93.8,78.48,15.32,217.38,188.42,28.96,0.0,0.0,0.0,0.0,0.0,0.0,
495241,THALIA GARDENS REHABILITATION AND NURSING,VIRGINIA BEACH,VA,Virginia Beach City,810,2024Q3,20240826,122,8.0,8.0,0.0,18.68,18.68,0.0,25.1,14.7,10.4,17.18,17.18,0.0,106.86,106.86,0.0,205.99,200.24,5.75,0.0,0.0,0.0,0.0,0.0,0.0,
495241,THALIA GARDENS REHABILITATION AND NURSING,VIRGINIA BEACH,VA,Virginia Beach City,810,2024Q3,20240827,121,8.0,8.0,0.0,27.35,27.35,0.0,28.42,28.42,0.0,19.11,19.11,0.0,114.81,100.84,13.97,213.83,194.03,19.8,0.0,0.0,0.0,0.0,0.0,0.0,
495241,THALIA GARDENS REHABILITATION AND NURSING,VIRGINIA BEACH,VA,Virginia Beach City,810,2024Q3,20240828,122,8.0,8.0,0.0,29.55,29.55,0.0,17.43,17.25,0.18,24.03,24.03,0.0,111.86,91.36,20.5,220.06,204.84,15.22,0.0,0.0,0.0,0.0,0.0,0.0,
495241,THALIA GARDENS REHABILITATION AND NURSING,VIRGINIA BEACH,VA,Virginia Beach City,810,2024Q3,20240829,122,8.0,8.0,0.0,30.41,30.41,0.0,22.98,22.98,0.0,13.5,13.5,0.0,99.16,91.13,8.03,208.81,187.84,20.97,0.0,0.0,0.0,0.0,0.0,0.0,
495241,THALIA GARDENS REHABILITATION AND NURSING,VIRGINIA BEACH,VA,Virginia Beach City,810,2024Q3,20240830,123,8.0,8.0,0.0,34.71,34.71,0.0,8.13,8.13,0.0,8.36,8.36,0.0,125.57,117.6,7.97,208.45,193.61,14.84,0.0,0.0,0.0,0.0,0.0,0.0,
495241,THALIA GARDENS REHABILITATION AND NURSING,VIRGINIA BEACH,VA,Virginia Beach City,810,2024Q3,20240831,123,0.0,0.0,0.0,10.9,10.9,0.0,8.88,8.88,0.0,16.15,16.15,0.0,114.39,114.39,0.0,209.63,171.11,38.52,0.0,0.0,0.0,0.0,0.0,0.0,
495241,THALIA GARDENS REHABILITATION AND NURSING,VIRGINIA BEACH,VA,Virginia Beach City,810,2024Q3,20240901,123,0.0,0.0,0.0,0.0,0.0,0.0,16.35,16.35,0.0,11.02,11.02,0.0,104.08,104.08,0.0,184.48,167.3,17.18,0.0,0.0,0.0,0.0,0.0,0.0,
495241,THALIA GARDENS REHABILITATION AND NURSING,VIRGINIA BEACH,VA,Virginia Beach City,810,2024Q3,20240902,122,8.0,8.0,0.0,13.95,13.95,0.0,24.31,24.31,0.0,20.62,20.62,0.0,101.26,78.53,22.73,211.1,189.05,22.05,0.0,0.0,0.0,0.0,0.0,0.0,
495241,THALIA GARDENS REHABILITATION AND NURSING,VIRGINIA BEACH,VA,Virginia Beach City,810,2024Q3,20240903,120,8.0,8.0,0.0,27.82,27.82,0.0,17.08,17.08,0.0,19.37,19.37,0.0,103.26,87.4,15.86,202.83,188.31,14.52,0.0,0.0,0.0,0.0,0.0,0.0,
495241,THALIA GARDENS REHABILITATION AND NURSING,VIRGINIA BEACH,VA,Virginia Beach City,810,2024Q3,20240904,121,8.0,8.0,0.0,36.71,36.71,0.0,24.07,24.07,0.0,17.83,17.83,0.0,102.69,95.11,7.58,193.45,184.68,8.77,0.0,0.0,0.0,0.0,0.0,0.0,
495241,THALIA GARDENS REHABILITATION AND NURSING,VIRGINIA BEACH,VA,Virginia Beach City,810,2024Q3,20240905,121,8.0,8.0,0.0,39.53,39.53,0.0,32.67,32.67,0.0,13.05,13.05,0.0,90.6,90.6,0.0,221.56,213.54,8.02,0.0,0.0,0.0,0.0,0.0,0.0,
495241,THALIA GARDENS REHABILITATION AND NURSING,VIRGINIA BEACH,VA,Virginia Beach City,810,2024Q3,20240906,121,8.0,8.0,0.0,37.74,37.74,0.0,18.34,18.34,0.0,12.88,12.88,0.0,108.08,84.88,23.2,223.54,187.2,36.34,0.0,0.0,0.0,0.0,0.0,0.0,
495241,THALIA GARDENS REHABILITATION AND NURSING,VIRGINIA BEACH,VA,Virginia Beach City,810,2024Q3,20240907,121,0.0,0.0,0.0,0.0,0.0,0.0,32.78,32.78,0.0,6.48,6.48,0.0,98.48,90.96,7.52,174.87,159.13,15.74,0.0,0.0,0.0,0.0,0.0,0.0,
495241,THALIA GARDENS REHABILITATION AND NURSING,VIRGINIA BEACH,VA,Virginia Beach City,810,2024Q3,20240908,121,0.0,0.0,0.0,7.5,7.5,0.0,26.8,26.8,0.0,0.0,0.0,0.0,109.89,102.31,7.58,178.42,143.95,34.47,0.0,0.0,0.0,0.0,0.0,0.0,
495241,THALIA GARDENS REHABILITATION AND NURSING,VIRGINIA BEACH,VA,Virginia Beach City,810,2024Q3,20240909,122,8.0,8.0,0.0,26.24,26.24,0.0,15.04,15.04,0.0,16.83,16.83,0.0,113.84,111.84,2.0,204.24,190.31,13.93,0.0,0.0,0.0,0.0,0.0,0.0,
495241,THALIA GARDENS REHABILITATION AND NURSING,VIRGINIA BEACH,VA,Virginia Beach City,810,2024Q3,20240910,122,8.0,8.0,0.0,18.33,18.33,0.0,40.3,40.3,0.0,18.0,18.0,0.0,93.96,86.09,7.87,207.59,193.99,13.6,0.0,0.0,0.0,0.0,0.0,0.0,
495241,THALIA GARDENS REHABILITATION AND NURSING,VIRGINIA BEACH,VA,Virginia Beach City,810,2024Q3,20240911,122,8.0,8.0,0.0,28.1,28.1,0.0,36.61,36.61,0.0,7.4,7.4,0.0,102.15,102.15,0.0,225.65,218.0,7.65,0.0,0.0,0.0,0.0,0.0,0.0,
495241,THALIA GARDENS REHABILITATION AND NURSING,VIRGINIA BEACH,VA,Virginia Beach City,810,2024Q3,20240912,122,8.0,8.0,0.0,31.92,31.92,0.0,31.67,31.67,0.0,13.04,13.04,0.0,105.35,97.48,7.87,237.05,221.28,15.77,0.0,0.0,0.0,0.0,0.0,0.0,
495241,THALIA GARDENS REHABILITATION AND NURSING,VIRGINIA BEACH,VA,Virginia Beach City,810,2024Q3,20240913,123,8.0,8.0,0.0,28.15,28.15,0.0,39.81,39.81,0.0,9.73,9.73,0.0,101.81,93.89,7.92,217.03,181.59,35.44,0.0,0.0,0.0,0.0,0.0,0.0,
495241,THALIA GARDENS REHABILITATION AND NURSING,VIRGINIA BEACH,VA,Virginia Beach City,810,2024Q3,20240914,124,0.0,0.0,0.0,0.0,0.0,0.0,17.49,17.49,0.0,11.53,11.53,0.0,112.4,112.4,0.0,223.74,200.12,23.62,0.0,0.0,0.0,0.0,0.0,0.0,
495241,THALIA GARDENS REHABILITATION AND NURSING,VIRGINIA BEACH,VA,Virginia Beach City,810,2024Q3,20240915,124,0.0,0.0,0.0,0.0,0.0,0.0,8.8,8.8,0.0,7.58,7.58,0.0,113.17,113.17,0.0,198.3,167.81,30.49,0.0,0.0,0.0,0.0,0.0,0.0,
495241,THALIA GARDENS REHABILITATION AND NURSING,VIRGINIA BEACH,VA,Virginia Beach City,810,2024Q3,20240916,123,8.0,8.0,0.0,27.19,27.19,0.0,40.2,40.2,0.0,17.67,17.67,0.0,105.3,90.02,15.28,189.77,145.62,44.15,0.0,0.0,0.0,0.0,0.0,0.0,
495241,THALIA GARDENS REHABILITATION AND NURSING,VIRGINIA BEACH,VA,Virginia Beach City,810,2024Q3,20240917,124,8.0,8.0,0.0,29.87,29.87,0.0,30.97,30.97,0.0,23.71,23.71,0.0,99.0,83.53,15.47,227.96,182.72,45.24,0.0,0.0,0.0,0.0,0.0,0.0,
495241,THALIA GARDENS REHABILITATION AND NURSING,VIRGINIA BEACH,VA,Virginia Beach City,810,2024Q3,20240918,121,8.0,8.0,0.0,30.95,30.95,0.0,37.5,37.5,0.0,17.75,17.75,0.0,105.42,105.42,0.0,214.18,184.33,29.85,0.0,0.0,0.0,0.0,0.0,0.0,
495241,THALIA GARDENS REHABILITATION AND NURSING,VIRGINIA BEACH,VA,Virginia Beach City,810,2024Q3,20240919,120,8.0,8.0,0.0,17.61,17.61,0.0,46.09,46.09,0.0,16.99,16.99,0.0,92.18,91.68,0.5,211.55,211.0,0.55,0.0,0.0,0.0,0.0,0.0,0.0,
495241,THALIA GARDENS REHABILITATION AND NURSING,VIRGINIA BEACH,VA,Virginia Beach City,810,2024Q3,20240920,120,8.0,8.0,0.0,24.25,24.25,0.0,25.05,25.05,0.0,12.15,12.15,0.0,108.64,92.91,15.73,212.39,175.18,37.21,0.0,0.0,0.0,0.0,0.0,0.0,
495241,THALIA GARDENS REHABILITATION AND NURSING,VIRGINIA BEACH,VA,Virginia Beach City,810,2024Q3,20240921,122,0.0,0.0,0.0,0.0,0.0,0.0,40.28,32.35,7.93,8.6,8.6,0.0,73.36,73.36,0.0,183.0,175.48,7.52,0.0,0.0,0.0,0.0,0.0,0.0,
495241,THALIA GARDENS REHABILITATION AND NURSING,VIRGINIA BEACH,VA,Virginia Beach City,810,2024Q3,20240922,121,0.0,0.0,0.0,0.0,0.0,0.0,21.61,21.61,0.0,0.33,0.33,0.0,96.32,96.32,0.0,203.14,189.59,13.55,0.0,0.0,0.0,0.0,0.0,0.0,
495241,THALIA GARDENS REHABILITATION AND NURSING,VIRGINIA BEACH,VA,Virginia Beach City,810,2024Q3,20240923,126,8.0,8.0,0.0,14.88,14.88,0.0,39.56,39.56,0.0,16.92,16.92,0.0,93.54,85.37,8.17,211.46,203.34,8.12,0.0,0.0,0.0,0.0,0.0,0.0,
495241,THALIA GARDENS REHABILITATION AND NURSING,VIRGINIA BEACH,VA,Virginia Beach City,810,2024Q3,20240924,124,8.0,8.0,0.0,21.79,21.79,0.0,24.64,24.64,0.0,11.44,11.44,0.0,114.46,105.61,8.85,206.88,190.43,16.45,0.0,0.0,0.0,0.0,0.0,0.0,
495241,THALIA GARDENS REHABILITATION AND NURSING,VIRGINIA BEACH,VA,Virginia Beach City,810,2024Q3,20240925,125,8.0,8.0,0.0,25.75,25.75,0.0,26.23,26.23,0.0,18.07,18.07,0.0,108.89,95.22,13.67,250.61,234.99,15.62,0.0,0.0,0.0,0.0,0.0,0.0,
495241,THALIA GARDENS REHABILITATION AND NURSING,VIRGINIA BEACH,VA,Virginia Beach City,810,2024Q3,20240926,125,8.0,8.0,0.0,29.67,29.67,0.0,48.43,40.95,7.48,9.5,9.5,0.0,89.59,81.69,7.9,220.26,189.7,30.56,0.0,0.0,0.0,0.0,0.0,0.0,
495241,THALIA GARDENS REHABILITATION AND NURSING,VIRGINIA BEACH,VA,Virginia Beach City,810,2024Q3,20240927,123,8.0,8.0,0.0,19.47,19.47,0.0,33.53,33.53,0.0,15.42,15.42,0.0,91.56,91.56,0.0,230.37,207.28,23.09,0.0,0.0,0.0,0.0,0.0,0.0,
495241,THALIA GARDENS REHABILITATION AND NURSING,VIRGINIA BEACH,VA,Virginia Beach City,810,2024Q3,20240928,123,0.0,0.0,0.0,4.38,4.38,0.0,8.78,8.78,0.0,9.42,9.42,0.0,109.35,109.35,0.0,202.58,179.91,22.67,0.0,0.0,0.0,0.0,0.0,0.0,
495241,THALIA GARDENS REHABILITATION AND NURSING,VIRGINIA BEACH,VA,Virginia Beach City,810,2024Q3,20240929,123,0.0,0.0,0.0,11.13,11.13,0.0,15.48,8.1,7.38,5.48,5.48,0.0,104.55,96.68,7.87,206.61,173.4,33.21,0.0,0.0,0.0,0.0,0.0,0.0,
495241,THALIA GARDENS REHABILITATION AND NURSING,VIRGINIA BEACH,VA,Virginia Beach City,810,2024Q3,20240930,124,8.0,8.0,0.0,26.33,26.33,0.0,18.33,18.33,0.0,28.81,28.81,0.0,117.84,106.87,10.97,209.76,179.38,30.38,0.0,0.0,0.0,0.0,0.0,0.0,
495241,THALIA GARDENS REHABILITATION AND NURSING,VIRGINIA BEACH,VA,Virginia Beach City,810,2024Q4,20241001,123,8.0,8.0,0.0,17.72,17.72,0.0,30.06,30.06,0.0,36.11,36.11,0.0,99.16,99.16,0.0,218.9,195.79,23.11,0.0,0.0,0.0,0.0,0.0,0.0,
495241,THALIA GARDENS REHABILITATION AND NURSING,VIRGINIA BEACH,VA,Virginia Beach City,810,2024Q4,20241002,125,8.0,8.0,0.0,28.03,28.03,0.0,17.04,17.04,0.0,37.02,37.02,0.0,116.17,107.6,8.57,215.8,201.0,14.8,0.0,0.0,0.0,0.0,0.0,0.0,
495241,THALIA GARDENS REHABILITATION AND NURSING,VIRGINIA BEACH,VA,Virginia Beach City,810,2024Q4,20241003,124,8.0,8.0,0.0,31.52,31.52,0.0,17.94,17.94,0.0,21.06,21.06,0.0,124.41,115.91,8.5,220.64,190.81,29.83,0.0,0.0,0.0,0.0,0.0,0.0,
495241,THALIA GARDENS REHABILITATION AND NURSING,VIRGINIA BEACH,VA,Virginia Beach City,810,2024Q4,20241004,125,8.0,8.0,0.0,33.94,33.94,0.0,18.01,18.01,0.0,27.51,27.51,0.0,114.92,97.09,17.83,207.02,164.99,42.03,0.0,0.0,0.0,0.0,0.0,0.0,
495241,THALIA GARDENS REHABILITATION AND NURSING,VIRGINIA BEACH,VA,Virginia Beach City,810,2024Q4,20241005,125,0.0,0.0,0.0,0.0,0.0,0.0,28.25,28.25,0.0,17.18,17.18,0.0,95.42,95.42,0.0,209.93,172.02,37.91,0.0,0.0,0.0,0.0,0.0,0.0,
495241,THALIA GARDENS REHABILITATION AND NURSING,VIRGINIA BEACH,VA,Virginia Beach City,810,2024Q4,20241006,123,0.0,0.0,0.0,0.0,0.0,0.0,18.1,18.1,0.0,8.8,8.8,0.0,109.85,102.3,7.55,206.76,199.31,7.45,0.0,0.0,0.0,0.0,0.0,0.0,
495241,THALIA GARDENS REHABILITATION AND NURSING,VIRGINIA BEACH,VA,Virginia Beach City,810,2024Q4,20241007,117,8.0,8.0,0.0,15.32,15.32,0.0,0.3,0.3,0.0,24.25,24.25,0.0,112.37,104.72,7.65,234.13,234.13,0.0,0.0,0.0,0.0,0.0,0.0,0.0,
495241,THALIA GARDENS REHABILITATION AND NURSING,VIRGINIA BEACH,VA,Virginia Beach City,810,2024Q4,20241008,119,8.0,8.0,0.0,23.07,23.07,0.0,12.85,12.85,0.0,10.98,10.98,0.0,120.89,120.89,0.0,208.04,185.44,22.6,0.0,0.0,0.0,0.0,0.0,0.0,
495241,THALIA GARDENS REHABILITATION AND NURSING,VIRGINIA BEACH,VA,Virginia Beach City,810,2024Q4,20241009,119,8.0,8.0,0.0,20.98,20.98,0.0,15.49,15.49,0.0,23.11,23.11,0.0,115.97,115.39,0.58,213.91,213.91,0.0,0.0,0.0,0.0,0.0,0.0,0.0,
495241,THALIA GARDENS REHABILITATION AND NURSING,VIRGINIA BEACH,VA,Virginia Beach City,810,2024Q4,20241010,119,8.0,8.0,0.0,35.83,35.83,0.0,27.66,27.66,0.0,19.68,19.68,0.0,104.61,96.79,7.82,217.59,217.59,0.0,0.0,0.0,0.0,0.0,0.0,0.0,
495241,THALIA GARDENS REHABILITATION AND NURSING,VIRGINIA BEACH,VA,Virginia Beach City,810,2024Q4,20241011,119,8.0,8.0,0.0,17.1,17.1,0.0,8.3,0.52,7.78,22.01,22.01,0.0,117.85,102.92,14.93,196.44,173.7,22.74,0.0,0.0,0.0,0.0,0.0,0.0,
495241,THALIA GARDENS REHABILITATION AND NURSING,VIRGINIA BEACH,VA,Virginia Beach City,810,2024Q4,20241012,120,0.0,0.0,0.0,0.0,0.0,0.0,16.56,8.73,7.83,17.5,17.5,0.0,107.66,107.66,0.0,204.28,198.15,6.13,0.0,0.0,0.0,0.0,0.0,0.0,
495241,THALIA GARDENS REHABILITATION AND NURSING,VIRGINIA BEACH,VA,Virginia Beach City,810,2024Q4,20241013,120,0.0,0.0,0.0,0.0,0.0,0.0,25.38,17.5,7.88,13.98,13.98,0.0,95.44,95.44,0.0,212.46,189.48,22.98,0.0,0.0,0.0,0.0,0.0,0.0,
495241,THALIA GARDENS REHABILITATION AND NURSING,VIRGINIA BEACH,VA,Virginia Beach City,810,2024Q4,20241014,121,8.0,8.0,0.0,36.19,36.19,0.0,15.91,15.91,0.0,26.04,26.04,0.0,99.11,93.51,5.6,196.34,175.78,20.56,0.0,0.0,0.0,0.0,0.0,0.0,
495241,THALIA GARDENS REHABILITATION AND NURSING,VIRGINIA BEACH,VA,Virginia Beach City,810,2024Q4,20241015,122,8.0,8.0,0.0,32.38,32.38,0.0,22.32,22.32,0.0,15.82,15.82,0.0,107.16,99.24,7.92,218.58,203.51,15.07,0.0,0.0,0.0,0.0,0.0,0.0,
495241,THALIA GARDENS REHABILITATION AND NURSING,VIRGINIA BEACH,VA,Virginia Beach City,810,2024Q4,20241016,118,8.0,8.0,0.0,37.04,37.04,0.0,9.02,9.02,0.0,10.89,10.89,0.0,128.14,120.94,7.2,201.21,201.21,0.0,0.0,0.0,0.0,0.0,0.0,0.0,
495241,THALIA GARDENS REHABILITATION AND NURSING,VIRGINIA BEACH,VA,Virginia Beach City,810,2024Q4,20241017,120,8.0,8.0,0.0,37.37,37.37,0.0,31.41,31.41,0.0,22.4,22.4,0.0,107.73,100.25,7.48,210.95,210.95,0.0,0.0,0.0,0.0,0.0,0.0,0.0,
495241,THALIA GARDENS REHABILITATION AND NURSING,VIRGINIA BEACH,VA,Virginia Beach City,810,2024Q4,20241018,119,8.0,8.0,0.0,34.65,34.65,0.0,18.76,18.76,0.0,19.5,19.5,0.0,112.3,112.3,0.0,214.86,207.38,7.48,0.0,0.0,0.0,0.0,0.0,0.0,
495241,THALIA GARDENS REHABILITATION AND NURSING,VIRGINIA BEACH,VA,Virginia Beach City,810,2024Q4,20241019,118,0.0,0.0,0.0,4.0,4.0,0.0,22.25,22.25,0.0,8.6,8.6,0.0,89.55,89.55,0.0,205.29,190.46,14.83,0.0,0.0,0.0,0.0,0.0,0.0,
495241,THALIA GARDENS REHABILITATION AND NURSING,VIRGINIA BEACH,VA,Virginia Beach City,810,2024Q4,20241020,117,0.0,0.0,0.0,4.0,4.0,0.0,8.23,8.23,0.0,7.69,7.69,0.0,101.2,93.23,7.97,179.73,164.28,15.45,0.0,0.0,0.0,0.0,0.0,0.0,
495241,THALIA GARDENS REHABILITATION AND NURSING,VIRGINIA BEACH,VA,Virginia Beach City,810,2024Q4,20241021,116,8.0,8.0,0.0,15.65,15.65,0.0,15.49,15.49,0.0,22.65,22.65,0.0,103.1,88.06,15.04,200.21,194.03,6.18,0.0,0.0,0.0,0.0,0.0,0.0,
495241,THALIA GARDENS REHABILITATION AND NURSING,VIRGINIA BEACH,VA,Virginia Beach City,810,2024Q4,20241022,117,8.0,8.0,0.0,21.0,21.0,0.0,24.63,24.63,0.0,17.22,17.22,0.0,116.52,94.69,21.83,202.79,194.99,7.8,0.0,0.0,0.0,0.0,0.0,0.0,
495241,THALIA GARDENS REHABILITATION AND NURSING,VIRGINIA BEACH,VA,Virginia Beach City,810,2024Q4,20241023,120,8.0,8.0,0.0,34.74,34.74,0.0,15.7,15.7,0.0,23.55,23.55,0.0,110.65,109.07,1.58,225.16,216.89,8.27,0.0,0.0,0.0,0.0,0.0,0.0,
495241,THALIA GARDENS REHABILITATION AND NURSING,VIRGINIA BEACH,VA,Virginia Beach City,810,2024Q4,20241024,120,8.0,8.0,0.0,43.18,43.18,0.0,17.73,17.73,0.0,5.93,5.93,0.0,96.31,96.31,0.0,210.34,210.34,0.0,0.0,0.0,0.0,0.0,0.0,0.0,
495241,THALIA GARDENS REHABILITATION AND NURSING,VIRGINIA BEACH,VA,Virginia Beach City,810,2024Q4,20241025,120,8.0,8.0,0.0,33.99,33.99,0.0,33.04,33.04,0.0,17.65,17.65,0.0,107.88,100.45,7.43,211.28,196.62,14.66,0.0,0.0,0.0,0.0,0.0,0.0,
495241,THALIA GARDENS REHABILITATION AND NURSING,VIRGINIA BEACH,VA,Virginia Beach City,810,2024Q4,20241026,119,0.0,0.0,0.0,0.0,0.0,0.0,39.75,32.43,7.32,0.1,0.1,0.0,97.06,81.27,15.79,212.08,197.58,14.5,0.0,0.0,0.0,0.0,0.0,0.0,
495241,THALIA GARDENS REHABILITATION AND NURSING,VIRGINIA BEACH,VA,Virginia Beach City,810,2024Q4,20241027,119,0.0,0.0,0.0,4.0,4.0,0.0,9.25,9.25,0.0,0.0,0.0,0.0,110.92,95.67,15.25,187.18,187.18,0.0,0.0,0.0,0.0,0.0,0.0,0.0,
495241,THALIA GARDENS REHABILITATION AND NURSING,VIRGINIA BEACH,VA,Virginia Beach City,810,2024Q4,20241028,119,8.0,8.0,0.0,23.32,23.32,0.0,31.28,16.18,15.1,15.98,15.98,0.0,96.88,81.36,15.52,190.53,183.28,7.25,0.0,0.0,0.0,0.0,0.0,0.0,
495241,THALIA GARDENS REHABILITATION AND NURSING,VIRGINIA BEACH,VA,Virginia Beach City,810,2024Q4,20241029,118,8.0,8.0,0.0,29.83,29.83,0.0,25.1,17.22,7.88,13.8,13.8,0.0,105.04,105.04,0.0,223.52,223.52,0.0,0.0,0.0,0.0,0.0,0.0,0.0,
495241,THALIA GARDENS REHABILITATION AND NURSING,VIRGINIA BEACH,VA,Virginia Beach City,810,2024Q4,20241030,120,8.0,8.0,0.0,41.48,41.48,0.0,23.92,23.65,0.27,19.77,19.77,0.0,94.26,94.26,0.0,217.61,217.61,0.0,0.0,0.0,0.0,0.0,0.0,0.0,
495241,THALIA GARDENS REHABILITATION AND NURSING,VIRGINIA BEACH,VA,Virginia Beach City,810,2024Q4,20241031,123,8.0,8.0,0.0,45.22,45.22,0.0,27.37,27.37,0.0,7.24,7.24,0.0,95.87,95.87,0.0,211.41,195.36,16.05,0.0,0.0,0.0,0.0,0.0,0.0,
495241,THALIA GARDENS REHABILITATION AND NURSING,VIRGINIA BEACH,VA,Virginia Beach City,810,2024Q4,20241101,124,8.0,8.0,0.0,44.8,44.8,0.0,28.49,28.49,0.0,8.9,8.9,0.0,99.05,91.09,7.96,213.62,199.52,14.1,0.0,0.0,0.0,0.0,0.0,0.0,
495241,THALIA GARDENS REHABILITATION AND NURSING,VIRGINIA BEACH,VA,Virginia Beach City,810,2024Q4,20241102,124,0.0,0.0,0.0,12.52,12.52,0.0,26.31,26.31,0.0,8.62,8.62,0.0,96.96,96.96,0.0,220.33,190.76,29.57,0.0,0.0,0.0,0.0,0.0,0.0,
495241,THALIA GARDENS REHABILITATION AND NURSING,VIRGINIA BEACH,VA,Virginia Beach City,810,2024Q4,20241103,122,0.0,0.0,0.0,17.28,17.28,0.0,27.42,27.42,0.0,8.68,8.68,0.0,93.9,93.9,0.0,249.59,211.69,37.9,0.0,0.0,0.0,0.0,0.0,0.0,
495241,THALIA GARDENS REHABILITATION AND NURSING,VIRGINIA BEACH,VA,Virginia Beach City,810,2024Q4,20241104,123,8.0,8.0,0.0,56.76,56.76,0.0,7.4,7.4,0.0,14.88,14.88,0.0,105.07,105.07,0.0,212.88,189.34,23.54,0.0,0.0,0.0,0.0,0.0,0.0,
495241,THALIA GARDENS REHABILITATION AND NURSING,VIRGINIA BEACH,VA,Virginia Beach City,810,2024Q4,20241105,121,8.0,8.0,0.0,41.35,41.35,0.0,13.88,13.88,0.0,9.73,9.73,0.0,112.97,97.23,15.74,205.96,176.53,29.43,0.0,0.0,0.0,0.0,0.0,0.0,
495241,THALIA GARDENS REHABILITATION AND NURSING,VIRGINIA BEACH,VA,Virginia Beach City,810,2024Q4,20241106,121,8.0,8.0,0.0,30.74,30.74,0.0,0.57,0.57,0.0,7.33,7.33,0.0,116.3,92.32,23.98,228.98,193.82,35.16,0.0,0.0,0.0,0.0,0.0,0.0,
495241,THALIA GARDENS REHABILITATION AND NURSING,VIRGINIA BEACH,VA,Virginia Beach City,810,2024Q4,20241107,123,8.0,8.0,0.0,47.83,47.83,0.0,32.07,32.07,0.0,16.96,16.96,0.0,97.43,97.01,0.42,229.79,213.24,16.55,0.0,0.0,0.0,0.0,0.0,0.0,
495241,THALIA GARDENS REHABILITATION AND NURSING,VIRGINIA BEACH,VA,Virginia Beach City,810,2024Q4,20241108,121,8.0,8.0,0.0,40.23,40.23,0.0,7.86,7.86,0.0,12.76,12.76,0.0,113.08,97.38,15.7,214.03,182.48,31.55,0.0,0.0,0.0,0.0,0.0,0.0,
495241,THALIA GARDENS REHABILITATION AND NURSING,VIRGINIA BEACH,VA,Virginia Beach City,810,2024Q4,20241109,120,0.0,0.0,0.0,13.23,13.23,0.0,8.1,8.1,0.0,0.0,0.0,0.0,134.58,126.9,7.68,227.35,219.83,7.52,0.0,0.0,0.0,0.0,0.0,0.0,
495241,THALIA GARDENS REHABILITATION AND NURSING,VIRGINIA BEACH,VA,Virginia Beach City,810,2024Q4,20241110,119,0.0,0.0,0.0,15.65,15.65,0.0,0.57,0.57,0.0,0.0,0.0,0.0,130.42,122.75,7.67,219.41,173.74,45.67,0.0,0.0,0.0,0.0,0.0,0.0,
495241,THALIA GARDENS REHABILITATION AND NURSING,VIRGINIA BEACH,VA,Virginia Beach City,810,2024Q4,20241111,120,8.0,8.0,0.0,27.35,27.35,0.0,17.25,17.25,0.0,9.03,9.03,0.0,105.44,105.06,0.38,196.04,188.47,7.57,0.0,0.0,0.0,0.0,0.0,0.0,
495241,THALIA GARDENS REHABILITATION AND NURSING,VIRGINIA BEACH,VA,Virginia Beach City,810,2024Q4,20241112,118,8.0,8.0,0.0,23.69,23.69,0.0,17.13,17.13,0.0,23.71,23.71,0.0,100.78,93.01,7.77,204.66,188.65,16.01,0.0,0.0,0.0,0.0,0.0,0.0,
495241,THALIA GARDENS REHABILITATION AND NURSING,VIRGINIA BEACH,VA,Virginia Beach City,810,2024Q4,20241113,119,8.0,8.0,0.0,23.4,23.4,0.0,9.05,9.05,0.0,8.99,8.99,0.0,111.22,110.87,0.35,201.8,194.18,7.62,0.0,0.0,0.0,0.0,0.0,0.0,
495241,THALIA GARDENS REHABILITATION AND NURSING,VIRGINIA BEACH,VA,Virginia Beach City,810,2024Q4,20241114,121,8.0,8.0,0.0,21.95,21.95,0.0,17.37,17.37,0.0,7.48,7.48,0.0,120.51,112.29,8.22,232.18,232.18,0.0,0.0,0.0,0.0,0.0,0.0,0.0,
495241,THALIA GARDENS REHABILITATION AND NURSING,VIRGINIA BEACH,VA,Virginia Beach City,810,2024Q4,20241115,120,8.0,8.0,0.0,23.45,23.45,0.0,47.7,47.7,0.0,14.18,14.18,0.0,80.02,71.2,8.82,215.86,200.04,15.82,0.0,0.0,0.0,0.0,0.0,0.0,
495241,THALIA GARDENS REHABILITATION AND NURSING,VIRGINIA BEACH,VA,Virginia Beach City,810,2024Q4,20241116,120,0.0,0.0,0.0,7.15,7.15,0.0,25.53,25.53,0.0,7.83,7.83,0.0,95.29,78.93,16.36,188.9,151.43,37.47,0.0,0.0,0.0,0.0,0.0,0.0,
495241,THALIA GARDENS REHABILITATION AND NURSING,VIRGINIA BEACH,VA,Virginia Beach City,810,2024Q4,20241117,119,0.0,0.0,0.0,0.0,0.0,0.0,25.12,25.12,0.0,11.32,11.32,0.0,94.49,86.26,8.23,215.31,175.85,39.46,0.0,0.0,0.0,0.0,0.0,0.0,
495241,THALIA GARDENS REHABILITATION AND NURSING,VIRGINIA BEACH,VA,Virginia Beach City,810,2024Q4,20241118,119,8.0,8.0,0.0,22.95,22.95,0.0,7.0,7.0,0.0,9.2,9.2,0.0,117.13,109.13,8.0,220.28,204.55,15.73,0.0,0.0,0.0,0.0,0.0,0.0,
495241,THALIA GARDENS REHABILITATION AND NURSING,VIRGINIA BEACH,VA,Virginia Beach City,810,2024Q4,20241119,119,8.0,8.0,0.0,25.78,25.78,0.0,23.96,12.48,11.48,15.69,15.69,0.0,108.61,100.41,8.2,213.38,185.14,28.24,0.0,0.0,0.0,0.0,0.0,0.0,
495241,THALIA GARDENS REHABILITATION AND NURSING,VIRGINIA BEACH,VA,Virginia Beach City,810,2024Q4,20241120,121,8.0,8.0,0.0,31.21,31.21,0.0,16.78,8.53,8.25,13.57,13.57,0.0,110.38,110.0,0.38,226.75,226.1,0.65,0.0,0.0,0.0,0.0,0.0,0.0,
495241,THALIA GARDENS REHABILITATION AND NURSING,VIRGINIA BEACH,VA,Virginia Beach City,810,2024Q4,20241121,123,8.0,8.0,0.0,24.37,24.37,0.0,17.55,17.55,0.0,10.94,10.94,0.0,109.7,102.22,7.48,227.29,210.98,16.31,0.0,0.0,0.0,0.0,0.0,0.0,
495241,THALIA GARDENS REHABILITATION AND NURSING,VIRGINIA BEACH,VA,Virginia Beach City,810,2024Q4,20241122,123,8.0,8.0,0.0,31.68,31.68,0.0,0.57,0.57,0.0,6.13,6.13,0.0,118.37,117.79,0.58,220.03,211.86,8.17,0.0,0.0,0.0,0.0,0.0,0.0,
495241,THALIA GARDENS REHABILITATION AND NURSING,VIRGINIA BEACH,VA,Virginia Beach City,810,2024Q4,20241123,122,0.0,0.0,0.0,0.0,0.0,0.0,8.88,8.88,0.0,9.93,9.93,0.0,123.1,107.22,15.88,212.46,197.81,14.65,0.0,0.0,0.0,0.0,0.0,0.0,
495241,THALIA GARDENS REHABILITATION AND NURSING,VIRGINIA BEACH,VA,Virginia Beach City,810,2024Q4,20241124,122,0.0,0.0,0.0,4.73,4.73,0.0,16.67,16.67,0.0,0.63,0.63,0.0,89.82,89.32,0.5,202.62,186.96,15.66,0.0,0.0,0.0,0.0,0.0,0.0,
495241,THALIA GARDENS REHABILITATION AND NURSING,VIRGINIA BEACH,VA,Virginia Beach City,810,2024Q4,20241125,120,8.0,8.0,0.0,17.55,17.55,0.0,10.67,10.67,0.0,7.73,7.73,0.0,116.41,103.4,13.01,202.38,187.41,14.97,0.0,0.0,0.0,0.0,0.0,0.0,
495241,THALIA GARDENS REHABILITATION AND NURSING,VIRGINIA BEACH,VA,Virginia Beach City,810,2024Q4,20241126,120,8.0,8.0,0.0,30.1,30.1,0.0,32.59,17.42,15.17,7.82,7.82,0.0,102.54,94.87,7.67,226.25,225.92,0.33,0.0,0.0,0.0,0.0,0.0,0.0,
495241,THALIA GARDENS REHABILITATION AND NURSING,VIRGINIA BEACH,VA,Virginia Beach City,810,2024Q4,20241127,122,8.0,8.0,0.0,33.83,33.83,0.0,20.32,9.2,11.12,10.63,10.63,0.0,90.66,90.29,0.37,238.9,212.02,26.88,0.0,0.0,0.0,0.0,0.0,0.0,
495241,THALIA GARDENS REHABILITATION AND NURSING,VIRGINIA BEACH,VA,Virginia Beach City,810,2024Q4,20241128,120,8.0,8.0,0.0,11.75,11.75,0.0,15.72,15.72,0.0,8.85,8.85,0.0,114.6,106.53,8.07,219.62,212.62,7.0,0.0,0.0,0.0,0.0,0.0,0.0,
495241,THALIA GARDENS REHABILITATION AND NURSING,VIRGINIA BEACH,VA,Virginia Beach City,810,2024Q4,20241129,119,8.0,8.0,0.0,10.16,10.16,0.0,16.45,16.45,0.0,19.71,19.71,0.0,129.53,101.73,27.8,186.98,180.23,6.75,0.0,0.0,0.0,0.0,0.0,0.0,
495241,THALIA GARDENS REHABILITATION AND NURSING,VIRGINIA BEACH,VA,Virginia Beach City,810,2024Q4,20241130,119,0.0,0.0,0.0,7.83,7.83,0.0,23.68,23.68,0.0,0.0,0.0,0.0,103.32,95.27,8.05,203.69,198.79,4.9,0.0,0.0,0.0,0.0,0.0,0.0,
495241,THALIA GARDENS REHABILITATION AND NURSING,VIRGINIA BEACH,VA,Virginia Beach City,810,2024Q4,20241201,119,0.0,0.0,0.0,0.0,0.0,0.0,24.56,24.56,0.0,0.0,0.0,0.0,100.52,91.57,8.95,194.73,194.73,0.0,0.0,0.0,0.0,0.0,0.0,0.0,
495241,THALIA GARDENS REHABILITATION AND NURSING,VIRGINIA BEACH,VA,Virginia Beach City,810,2024Q4,20241202,119,8.0,8.0,0.0,16.43,16.43,0.0,7.92,7.92,0.0,11.44,11.44,0.0,121.6,106.45,15.15,221.26,221.26,0.0,0.0,0.0,0.0,0.0,0.0,0.0,
495241,THALIA GARDENS REHABILITATION AND NURSING,VIRGINIA BEACH,VA,Virginia Beach City,810,2024Q4,20241203,120,8.0,8.0,0.0,13.38,13.38,0.0,16.13,16.13,0.0,9.53,9.53,0.0,107.53,91.9,15.63,223.75,216.8,6.95,0.0,0.0,0.0,0.0,0.0,0.0,
495241,THALIA GARDENS REHABILITATION AND NURSING,VIRGINIA BEACH,VA,Virginia Beach City,810,2024Q4,20241204,121,8.0,8.0,0.0,26.15,26.15,0.0,8.47,8.47,0.0,9.26,9.26,0.0,125.32,118.35,6.97,205.25,204.58,0.67,0.0,0.0,0.0,0.0,0.0,0.0,
495241,THALIA GARDENS REHABILITATION AND NURSING,VIRGINIA BEACH,VA,Virginia Beach City,810,2024Q4,20241205,121,8.0,8.0,0.0,22.13,22.13,0.0,16.02,16.02,0.0,17.07,17.07,0.0,112.67,104.55,8.12,221.1,212.6,8.5,0.0,0.0,0.0,0.0,0.0,0.0,
495241,THALIA GARDENS REHABILITATION AND NURSING,VIRGINIA BEACH,VA,Virginia Beach City,810,2024Q4,20241206,124,8.0,8.0,0.0,23.62,23.62,0.0,7.93,7.93,0.0,16.46,16.46,0.0,120.8,112.42,8.38,209.73,202.23,7.5,0.0,0.0,0.0,0.0,0.0,0.0,
495241,THALIA GARDENS REHABILITATION AND NURSING,VIRGINIA BEACH,VA,Virginia Beach City,810,2024Q4,20241207,123,0.0,0.0,0.0,3.07,3.07,0.0,16.25,16.25,0.0,17.47,17.47,0.0,105.07,97.2,7.87,215.91,187.16,28.75,0.0,0.0,0.0,0.0,0.0,0.0,
495241,THALIA GARDENS REHABILITATION AND NURSING,VIRGINIA BEACH,VA,Virginia Beach City,810,2024Q4,20241208,123,0.0,0.0,0.0,8.2,8.2,0.0,0.6,0.6,0.0,18.51,18.51,0.0,120.23,111.76,8.47,171.53,133.56,37.97,0.0,0.0,0.0,0.0,0.0,0.0,
495241,THALIA GARDENS REHABILITATION AND NURSING,VIRGINIA BEACH,VA,Virginia Beach City,810,2024Q4,20241209,122,8.0,8.0,0.0,16.03,16.03,0.0,18.02,18.02,0.0,14.64,14.64,0.0,113.01,105.51,7.5,206.99,199.37,7.62,0.0,0.0,0.0,0.0,0.0,0.0,
495241,THALIA GARDENS REHABILITATION AND NURSING,VIRGINIA BEACH,VA,Virginia Beach City,810,2024Q4,20241210,123,8.0,8.0,0.0,28.27,28.27,0.0,9.67,9.67,0.0,9.93,9.93,0.0,111.27,110.8,0.47,231.79,224.79,7.0,0.0,0.0,0.0,0.0,0.0,0.0,
495241,THALIA GARDENS REHABILITATION AND NURSING,VIRGINIA BEACH,VA,Virginia Beach City,810,2024Q4,20241211,122,8.0,8.0,0.0,22.71,22.71,0.0,16.7,16.7,0.0,0.0,0.0,0.0,109.17,100.62,8.55,211.75,211.75,0.0,0.0,0.0,0.0,0.0,0.0,0.0,
495241,THALIA GARDENS REHABILITATION AND NURSING,VIRGINIA BEACH,VA,Virginia Beach City,810,2024Q4,20241212,124,8.0,8.0,0.0,26.65,26.65,0.0,19.92,19.92,0.0,9.9,9.9,0.0,97.67,84.81,12.86,201.83,189.03,12.8,0.0,0.0,0.0,0.0,0.0,0.0,
495241,THALIA GARDENS REHABILITATION AND NURSING,VIRGINIA BEACH,VA,Virginia Beach City,810,2024Q4,20241213,125,8.0,8.0,0.0,14.96,14.96,0.0,56.45,41.37,15.08,3.22,3.22,0.0,83.54,68.7,14.84,193.74,174.13,19.61,0.0,0.0,0.0,0.0,0.0,0.0,
495241,THALIA GARDENS REHABILITATION AND NURSING,VIRGINIA BEACH,VA,Virginia Beach City,810,2024Q4,20241214,125,0.0,0.0,0.0,0.0,0.0,0.0,30.93,23.06,7.87,0.0,0.0,0.0,80.12,64.22,15.9,229.56,214.61,14.95,0.0,0.0,0.0,0.0,0.0,0.0,
495241,THALIA GARDENS REHABILITATION AND NURSING,VIRGINIA BEACH,VA,Virginia Beach City,810,2024Q4,20241215,124,0.0,0.0,0.0,0.0,0.0,0.0,16.98,8.88,8.1,13.5,13.5,0.0,98.11,96.72,1.39,215.6,186.2,29.4,0.0,0.0,0.0,0.0,0.0,0.0,
495241,THALIA GARDENS REHABILITATION AND NURSING,VIRGINIA BEACH,VA,Virginia Beach City,810,2024Q4,20241216,122,8.0,8.0,0.0,16.27,16.27,0.0,13.66,8.03,5.63,11.46,11.46,0.0,110.81,91.49,19.32,224.33,210.2,14.13,0.0,0.0,0.0,0.0,0.0,0.0,
495241,THALIA GARDENS REHABILITATION AND NURSING,VIRGINIA BEACH,VA,Virginia Beach City,810,2024Q4,20241217,121,8.0,8.0,0.0,20.45,20.45,0.0,20.77,20.77,0.0,6.04,6.04,0.0,102.33,101.71,0.62,219.72,198.01,21.71,0.0,0.0,0.0,0.0,0.0,0.0,
495241,THALIA GARDENS REHABILITATION AND NURSING,VIRGINIA BEACH,VA,Virginia Beach City,810,2024Q4,20241218,121,8.0,8.0,0.0,14.7,14.7,0.0,8.5,8.5,0.0,26.68,26.68,0.0,118.1,94.42,23.68,262.44,240.31,22.13,0.0,0.0,0.0,0.0,0.0,0.0,
495241,THALIA GARDENS REHABILITATION AND NURSING,VIRGINIA BEACH,VA,Virginia Beach City,810,2024Q4,20241219,121,8.0,8.0,0.0,8.75,8.75,0.0,18.52,18.52,0.0,25.98,25.98,0.0,105.53,98.21,7.32,211.83,193.53,18.3,0.0,0.0,0.0,0.0,0.0,0.0,
495241,THALIA GARDENS REHABILITATION AND NURSING,VIRGINIA BEACH,VA,Virginia Beach City,810,2024Q4,20241220,119,8.0,8.0,0.0,22.12,22.12,0.0,7.67,7.67,0.0,15.8,15.8,0.0,118.04,117.22,0.82,226.72,198.19,28.53,0.0,0.0,0.0,0.0,0.0,0.0,
495241,THALIA GARDENS REHABILITATION AND NURSING,VIRGINIA BEACH,VA,Virginia Beach City,810,2024Q4,20241221,119,0.0,0.0,0.0,7.5,7.5,0.0,23.7,23.7,0.0,11.13,11.13,0.0,94.77,78.51,16.26,235.62,182.5,53.12,0.0,0.0,0.0,0.0,0.0,0.0,
495241,THALIA GARDENS REHABILITATION AND NURSING,VIRGINIA BEACH,VA,Virginia Beach City,810,2024Q4,20241222,118,0.0,0.0,0.0,0.0,0.0,0.0,10.6,10.6,0.0,11.63,11.63,0.0,109.4,84.71,24.69,201.45,163.9,37.55,0.0,0.0,0.0,0.0,0.0,0.0,
495241,THALIA GARDENS REHABILITATION AND NURSING,VIRGINIA BEACH,VA,Virginia Beach City,810,2024Q4,20241223,118,8.0,8.0,0.0,10.07,10.07,0.0,7.95,7.95,0.0,18.28,18.28,0.0,119.85,82.43,37.42,211.28,189.38,21.9,0.0,0.0,0.0,0.0,0.0,0.0,
495241,THALIA GARDENS REHABILITATION AND NURSING,VIRGINIA BEACH,VA,Virginia Beach City,810,2024Q4,20241224,119,8.0,8.0,0.0,3.7,3.7,0.0,27.74,27.74,0.0,4.3,4.3,0.0,94.65,72.41,22.24,227.81,206.37,21.44,0.0,0.0,0.0,0.0,0.0,0.0,
495241,THALIA GARDENS REHABILITATION AND NURSING,VIRGINIA BEACH,VA,Virginia Beach City,810,2024Q4,20241225,118,8.0,8.0,0.0,7.83,7.83,0.0,8.25,8.25,0.0,6.68,6.68,0.0,108.24,99.78,8.46,191.07,183.32,7.75,0.0,0.0,0.0,0.0,0.0,0.0,
495241,THALIA GARDENS REHABILITATION AND NURSING,VIRGINIA BEACH,VA,Virginia Beach City,810,2024Q4,20241226,120,8.0,8.0,0.0,8.63,8.63,0.0,22.48,14.9,7.58,0.0,0.0,0.0,102.59,94.46,8.13,195.97,150.37,45.6,0.0,0.0,0.0,0.0,0.0,0.0,
495241,THALIA GARDENS REHABILITATION AND NURSING,VIRGINIA BEACH,VA,Virginia Beach City,810,2024Q4,20241227,117,8.0,8.0,0.0,8.58,8.58,0.0,17.32,17.32,0.0,11.13,11.13,0.0,117.42,93.55,23.87,185.84,163.53,22.31,0.0,0.0,0.0,0.0,0.0,0.0,
495241,THALIA GARDENS REHABILITATION AND NURSING,VIRGINIA BEACH,VA,Virginia Beach City,810,2024Q4,20241228,116,0.0,0.0,0.0,8.08,8.08,0.0,22.58,22.58,0.0,8.83,8.83,0.0,95.99,72.33,23.66,196.29,158.61,37.68,0.0,0.0,0.0,0.0,0.0,0.0,
495241,THALIA GARDENS REHABILITATION AND NURSING,VIRGINIA BEACH,VA,Virginia Beach City,810,2024Q4,20241229,116,0.0,0.0,0.0,0.0,0.0,0.0,23.65,23.65,0.0,5.93,5.93,0.0,107.49,76.89,30.6,197.58,168.09,29.49,0.0,0.0,0.0,0.0,0.0,0.0,
495241,THALIA GARDENS REHABILITATION AND NURSING,VIRGINIA BEACH,VA,Virginia Beach City,810,2024Q4,20241230,117,8.0,8.0,0.0,7.95,7.95,0.0,12.13,12.13,0.0,12.08,12.08,0.0,110.0,102.15,7.85,235.72,230.05,5.67,0.0,0.0,0.0,0.0,0.0,0.0,
495241,THALIA GARDENS REHABILITATION AND NURSING,VIRGINIA BEACH,VA,Virginia Beach City,810,2024Q4,20241231,117,8.0,8.0,0.0,3.37,3.37,0.0,24.98,24.98,0.0,3.75,3.75,0.0,98.25,90.52,7.73,191.19,167.05,24.14,0.0,0.0,0.0,0.0,0.0,0.0,
495241,THALIA GARDENS REHABILITATION AND NURSING,VIRGINIA BEACH,VA,Virginia Beach City,810,2025Q1,20250101,116,8.0,8.0,0.0,12.57,12.57,0.0,13.63,7.9,5.73,19.95,19.95,0.0,111.31,103.23,8.08,237.86,200.03,37.83,0.0,0.0,0.0,0.0,0.0,0.0,
495241,THALIA GARDENS REHABILITATION AND NURSING,VIRGINIA BEACH,VA,Virginia Beach City,810,2025Q1,20250102,115,8.0,8.0,0.0,24.28,24.28,0.0,24.65,16.7,7.95,12.67,12.67,0.0,104.08,103.41,0.67,241.23,213.52,27.71,0.0,0.0,0.0,0.0,0.0,0.0,
495241,THALIA GARDENS REHABILITATION AND NURSING,VIRGINIA BEACH,VA,Virginia Beach City,810,2025Q1,20250103,117,8.0,8.0,0.0,16.0,16.0,0.0,16.14,15.87,0.27,20.15,20.15,0.0,118.13,95.49,22.64,220.59,199.04,21.55,0.0,0.0,0.0,0.0,0.0,0.0,
495241,THALIA GARDENS REHABILITATION AND NURSING,VIRGINIA BEACH,VA,Virginia Beach City,810,2025Q1,20250104,117,0.0,0.0,0.0,5.53,5.53,0.0,8.41,8.26,0.15,11.74,11.74,0.0,114.13,98.63,15.5,209.86,181.37,28.49,0.0,0.0,0.0,0.0,0.0,0.0,
495241,THALIA GARDENS REHABILITATION AND NURSING,VIRGINIA BEACH,VA,Virginia Beach City,810,2025Q1,20250105,119,0.0,0.0,0.0,7.77,7.77,0.0,29.13,29.13,0.0,12.82,12.82,0.0,95.49,88.06,7.43,173.26,146.76,26.5,0.0,0.0,0.0,0.0,0.0,0.0,
495241,THALIA GARDENS REHABILITATION AND NURSING,VIRGINIA BEACH,VA,Virginia Beach City,810,2025Q1,20250106,120,8.0,8.0,0.0,26.23,26.23,0.0,7.8,7.8,0.0,11.1,11.1,0.0,110.87,104.25,6.62,213.5,183.08,30.42,0.0,0.0,0.0,0.0,0.0,0.0,
495241,THALIA GARDENS REHABILITATION AND NURSING,VIRGINIA BEACH,VA,Virginia Beach City,810,2025Q1,20250107,120,8.0,8.0,0.0,27.75,27.75,0.0,21.48,13.7,7.78,31.13,31.13,0.0,118.22,110.17,8.05,251.66,237.16,14.5,0.0,0.0,0.0,0.0,0.0,0.0,
495241,THALIA GARDENS REHABILITATION AND NURSING,VIRGINIA BEACH,VA,Virginia Beach City,810,2025Q1,20250108,121,8.0,8.0,0.0,34.72,34.72,0.0,10.52,10.52,0.0,20.45,20.45,0.0,117.87,109.47,8.4,255.45,248.07,7.38,0.0,0.0,0.0,0.0,0.0,0.0,
495241,THALIA GARDENS REHABILITATION AND NURSING,VIRGINIA BEACH,VA,Virginia Beach City,810,2025Q1,20250109,120,8.0,8.0,0.0,38.55,38.55,0.0,7.9,7.9,0.0,27.4,27.4,0.0,114.37,106.88,7.49,224.52,204.0,20.52,0.0,0.0,0.0,0.0,0.0,0.0,
495241,THALIA GARDENS REHABILITATION AND NURSING,VIRGINIA BEACH,VA,Virginia Beach City,810,2025Q1,20250110,117,8.0,8.0,0.0,34.55,34.55,0.0,32.95,32.95,0.0,23.72,23.72,0.0,87.13,71.28,15.85,227.59,205.81,21.78,0.0,0.0,0.0,0.0,0.0,0.0,
495241,THALIA GARDENS REHABILITATION AND NURSING,VIRGINIA BEACH,VA,Virginia Beach City,810,2025Q1,20250111,116,0.0,0.0,0.0,16.16,16.16,0.0,9.55,9.55,0.0,15.82,15.82,0.0,114.56,106.39,8.17,182.01,151.31,30.7,0.0,0.0,0.0,0.0,0.0,0.0,
495241,THALIA GARDENS REHABILITATION AND NURSING,VIRGINIA BEACH,VA,Virginia Beach City,810,2025Q1,20250112,115,0.0,0.0,0.0,0.0,0.0,0.0,9.8,9.8,0.0,11.1,11.1,0.0,107.31,84.63,22.68,182.05,151.81,30.24,0.0,0.0,0.0,0.0,0.0,0.0,
495241,THALIA GARDENS REHABILITATION AND NURSING,VIRGINIA BEACH,VA,Virginia Beach City,810,2025Q1,20250113,117,8.0,8.0,0.0,14.4,14.4,0.0,23.81,23.81,0.0,27.45,27.45,0.0,116.99,100.96,16.03,215.56,192.5,23.06,0.0,0.0,0.0,0.0,0.0,0.0,
495241,THALIA GARDENS REHABILITATION AND NURSING,VIRGINIA BEACH,VA,Virginia Beach City,810,2025Q1,20250114,117,8.0,8.0,0.0,22.46,22.46,0.0,14.93,14.93,0.0,29.84,29.84,0.0,131.57,102.36,29.21,209.22,164.08,45.14,0.0,0.0,0.0,0.0,0.0,0.0,
495241,THALIA GARDENS REHABILITATION AND NURSING,VIRGINIA BEACH,VA,Virginia Beach City,810,2025Q1,20250115,117,8.0,8.0,0.0,16.73,16.73,0.0,16.55,16.55,0.0,21.21,21.21,0.0,127.15,111.99,15.16,238.04,230.87,7.17,0.0,0.0,0.0,0.0,0.0,0.0,
495241,THALIA GARDENS REHABILITATION AND NURSING,VIRGINIA BEACH,VA,Virginia Beach City,810,2025Q1,20250116,117,8.0,8.0,0.0,20.2,20.2,0.0,15.45,15.45,0.0,21.03,21.03,0.0,117.77,101.55,16.22,203.24,188.36,14.88,0.0,0.0,0.0,0.0,0.0,0.0,
495241,THALIA GARDENS REHABILITATION AND NURSING,VIRGINIA BEACH,VA,Virginia Beach City,810,2025Q1,20250117,117,8.0,8.0,0.0,20.37,20.37,0.0,17.18,17.18,0.0,3.22,3.22,0.0,120.06,103.58,16.48,178.32,163.05,15.27,0.0,0.0,0.0,0.0,0.0,0.0,
495241,THALIA GARDENS REHABILITATION AND NURSING,VIRGINIA BEACH,VA,Virginia Beach City,810,2025Q1,20250118,115,0.0,0.0,0.0,7.05,7.05,0.0,31.08,31.08,0.0,0.0,0.0,0.0,109.09,101.44,7.65,192.74,185.31,7.43,0.0,0.0,0.0,0.0,0.0,0.0,
495241,THALIA GARDENS REHABILITATION AND NURSING,VIRGINIA BEACH,VA,Virginia Beach City,810,2025Q1,20250119,115,0.0,0.0,0.0,0.53,0.53,0.0,8.05,8.05,0.0,2.4,2.4,0.0,133.22,133.22,0.0,169.7,126.39,43.31,0.0,0.0,0.0,0.0,0.0,0.0,
495241,THALIA GARDENS REHABILITATION AND NURSING,VIRGINIA BEACH,VA,Virginia Beach City,810,2025Q1,20250120,116,8.0,8.0,0.0,23.38,23.38,0.0,16.58,16.58,0.0,25.1,25.1,0.0,125.41,125.41,0.0,210.49,210.17,0.32,0.0,0.0,0.0,0.0,0.0,0.0,
495241,THALIA GARDENS REHABILITATION AND NURSING,VIRGINIA BEACH,VA,Virginia Beach City,810,2025Q1,20250121,118,8.0,8.0,0.0,24.26,24.26,0.0,42.49,42.49,0.0,27.22,27.22,0.0,105.75,98.0,7.75,217.14,211.52,5.62,0.0,0.0,0.0,0.0,0.0,0.0,
495241,THALIA GARDENS REHABILITATION AND NURSING,VIRGINIA BEACH,VA,Virginia Beach City,810,2025Q1,20250122,117,8.0,8.0,0.0,24.8,24.8,0.0,33.96,25.39,8.57,9.5,9.5,0.0,106.22,98.64,7.58,195.44,192.54,2.9,0.0,0.0,0.0,0.0,0.0,0.0,
495241,THALIA GARDENS REHABILITATION AND NURSING,VIRGINIA BEACH,VA,Virginia Beach City,810,2025Q1,20250123,119,8.0,8.0,0.0,27.57,27.57,0.0,23.43,16.03,7.4,24.07,24.07,0.0,123.91,108.06,15.85,209.61,195.32,14.29,0.0,0.0,0.0,0.0,0.0,0.0,
495241,THALIA GARDENS REHABILITATION AND NURSING,VIRGINIA BEACH,VA,Virginia Beach City,810,2025Q1,20250124,117,8.0,8.0,0.0,28.43,28.43,0.0,25.35,25.35,0.0,28.99,28.99,0.0,121.73,98.53,23.2,194.51,171.8,22.71,0.0,0.0,0.0,0.0,0.0,0.0,
495241,THALIA GARDENS REHABILITATION AND NURSING,VIRGINIA BEACH,VA,Virginia Beach City,810,2025Q1,20250125,117,0.0,0.0,0.0,0.0,0.0,0.0,29.8,24.9,4.9,0.0,0.0,0.0,102.82,79.44,23.38,192.96,162.57,30.39,0.0,0.0,0.0,0.0,0.0,0.0,
495241,THALIA GARDENS REHABILITATION AND NURSING,VIRGINIA BEACH,VA,Virginia Beach City,810,2025Q1,20250126,115,0.0,0.0,0.0,0.0,0.0,0.0,36.25,36.25,0.0,0.0,0.0,0.0,95.28,63.4,31.88,207.18,168.44,38.74,0.0,0.0,0.0,0.0,0.0,0.0,
495241,THALIA GARDENS REHABILITATION AND NURSING,VIRGINIA BEACH,VA,Virginia Beach City,810,2025Q1,20250127,118,8.0,8.0,0.0,34.82,34.82,0.0,22.48,14.83,7.65,24.39,24.39,0.0,108.54,97.86,10.68,214.13,168.16,45.97,0.0,0.0,0.0,0.0,0.0,0.0,
495241,THALIA GARDENS REHABILITATION AND NURSING,VIRGINIA BEACH,VA,Virginia Beach City,810,2025Q1,20250128,123,8.0,8.0,0.0,34.95,34.95,0.0,32.08,24.25,7.83,29.41,29.41,0.0,100.25,83.35,16.9,210.4,174.22,36.18,0.0,0.0,0.0,0.0,0.0,0.0,
495241,THALIA GARDENS REHABILITATION AND NURSING,VIRGINIA BEACH,VA,Virginia Beach City,810,2025Q1,20250129,122,8.0,8.0,0.0,34.11,34.11,0.0,31.62,15.72,15.9,27.17,27.17,0.0,107.04,83.55,23.49,235.03,226.24,8.79,0.0,0.0,0.0,0.0,0.0,0.0,
495241,THALIA GARDENS REHABILITATION AND NURSING,VIRGINIA BEACH,VA,Virginia Beach City,810,2025Q1,20250130,117,8.0,8.0,0.0,32.4,32.4,0.0,17.18,9.1,8.08,26.01,26.01,0.0,104.08,89.23,14.85,212.66,197.96,14.7,0.0,0.0,0.0,0.0,0.0,0.0,
495241,THALIA GARDENS REHABILITATION AND NURSING,VIRGINIA BEACH,VA,Virginia Beach City,810,2025Q1,20250131,120,8.0,8.0,0.0,31.8,31.8,0.0,15.56,7.68,7.88,43.56,43.56,0.0,87.64,63.94,23.7,211.54,196.39,15.15,0.0,0.0,0.0,0.0,0.0,0.0,
495241,THALIA GARDENS REHABILITATION AND NURSING,VIRGINIA BEACH,VA,Virginia Beach City,810,2025Q1,20250201,120,0.0,0.0,0.0,8.92,8.92,0.0,10.65,10.65,0.0,8.66,8.66,0.0,115.49,99.41,16.08,224.75,193.38,31.37,0.0,0.0,0.0,0.0,0.0,0.0,
495241,THALIA GARDENS REHABILITATION AND NURSING,VIRGINIA BEACH,VA,Virginia Beach City,810,2025Q1,20250202,120,0.0,0.0,0.0,8.23,8.23,0.0,23.41,23.41,0.0,2.05,2.05,0.0,118.16,116.77,1.39,191.14,144.26,46.88,0.0,0.0,0.0,0.0,0.0,0.0,
495241,THALIA GARDENS REHABILITATION AND NURSING,VIRGINIA BEACH,VA,Virginia Beach City,810,2025Q1,20250203,123,8.0,8.0,0.0,21.58,21.58,0.0,18.45,8.2,10.25,30.39,30.39,0.0,113.57,94.84,18.73,204.49,154.2,50.29,0.0,0.0,0.0,0.0,0.0,0.0,
495241,THALIA GARDENS REHABILITATION AND NURSING,VIRGINIA BEACH,VA,Virginia Beach City,810,2025Q1,20250204,122,8.0,8.0,0.0,15.67,15.67,0.0,28.87,18.98,9.89,29.38,29.38,0.0,117.82,101.3,16.52,235.4,219.9,15.5,0.0,0.0,0.0,0.0,0.0,0.0,
495241,THALIA GARDENS REHABILITATION AND NURSING,VIRGINIA BEACH,VA,Virginia Beach City,810,2025Q1,20250205,120,8.0,8.0,0.0,24.77,24.77,0.0,24.43,8.68,15.75,33.21,33.21,0.0,121.56,106.76,14.8,226.84,210.48,16.36,0.0,0.0,0.0,0.0,0.0,0.0,
495241,THALIA GARDENS REHABILITATION AND NURSING,VIRGINIA BEACH,VA,Virginia Beach City,810,2025Q1,20250206,120,8.0,8.0,0.0,29.22,29.22,0.0,24.87,16.47,8.4,34.1,34.1,0.0,113.31,97.89,15.42,226.4,202.47,23.93,0.0,0.0,0.0,0.0,0.0,0.0,
495241,THALIA GARDENS REHABILITATION AND NURSING,VIRGINIA BEACH,VA,Virginia Beach City,810,2025Q1,20250207,122,8.0,8.0,0.0,28.95,28.95,0.0,42.33,25.43,16.9,43.62,43.62,0.0,101.66,85.99,15.67,193.08,185.11,7.97,0.0,0.0,0.0,0.0,0.0,0.0,
495241,THALIA GARDENS REHABILITATION AND NURSING,VIRGINIA BEACH,VA,Virginia Beach City,810,2025Q1,20250208,121,0.0,0.0,0.0,0.0,0.0,0.0,33.51,33.51,0.0,2.83,2.83,0.0,97.09,74.07,23.02,195.74,165.35,30.39,0.0,0.0,0.0,0.0,0.0,0.0,
495241,THALIA GARDENS REHABILITATION AND NURSING,VIRGINIA BEACH,VA,Virginia Beach City,810,2025Q1,20250209,122,0.0,0.0,0.0,0.0,0.0,0.0,9.18,9.18,0.0,10.35,10.35,0.0,99.72,76.19,23.53,199.26,160.91,38.35,0.0,0.0,0.0,0.0,0.0,0.0,
495241,THALIA GARDENS REHABILITATION AND NURSING,VIRGINIA BEACH,VA,Virginia Beach City,810,2025Q1,20250210,123,8.0,8.0,0.0,24.68,24.68,0.0,0.08,0.08,0.0,27.68,27.68,0.0,123.65,107.0,16.65,214.0,198.94,15.06,0.0,0.0,0.0,0.0,0.0,0.0,
495241,THALIA GARDENS REHABILITATION AND NURSING,VIRGINIA BEACH,VA,Virginia Beach City,810,2025Q1,20250211,124,8.0,8.0,0.0,18.1,18.1,0.0,40.22,24.85,15.37,23.4,23.4,0.0,102.54,94.89,7.65,234.85,212.4,22.45,0.0,0.0,0.0,0.0,0.0,0.0,
495241,THALIA GARDENS REHABILITATION AND NURSING,VIRGINIA BEACH,VA,Virginia Beach City,810,2025Q1,20250212,126,8.0,8.0,0.0,26.02,26.02,0.0,26.77,9.47,17.3,22.93,22.93,0.0,92.17,92.09,0.08,228.59,220.54,8.05,0.0,0.0,0.0,0.0,0.0,0.0,
495241,THALIA GARDENS REHABILITATION AND NURSING,VIRGINIA BEACH,VA,Virginia Beach City,810,2025Q1,20250213,126,8.0,8.0,0.0,32.82,32.82,0.0,44.43,26.65,17.78,28.37,28.37,0.0,110.22,102.7,7.52,220.21,212.99,7.22,0.0,0.0,0.0,0.0,0.0,0.0,
495241,THALIA GARDENS REHABILITATION AND NURSING,VIRGINIA BEACH,VA,Virginia Beach City,810,2025Q1,20250214,127,8.0,8.0,0.0,23.73,23.73,0.0,33.95,9.7,24.25,24.75,24.75,0.0,103.32,87.71,15.61,181.35,158.4,22.95,0.0,0.0,0.0,0.0,0.0,0.0,
495241,THALIA GARDENS REHABILITATION AND NURSING,VIRGINIA BEACH,VA,Virginia Beach City,810,2025Q1,20250215,127,0.0,0.0,0.0,9.57,9.57,0.0,23.1,23.1,0.0,4.27,4.27,0.0,116.0,108.38,7.62,209.69,173.68,36.01,0.0,0.0,0.0,0.0,0.0,0.0,
495241,THALIA GARDENS REHABILITATION AND NURSING,VIRGINIA BEACH,VA,Virginia Beach City,810,2025Q1,20250216,125,0.0,0.0,0.0,0.0,0.0,0.0,8.73,8.73,0.0,20.1,20.1,0.0,99.81,91.86,7.95,200.55,193.78,6.77,0.0,0.0,0.0,0.0,0.0,0.0,
495241,THALIA GARDENS REHABILITATION AND NURSING,VIRGINIA BEACH,VA,Virginia Beach City,810,2025Q1,20250217,126,8.0,8.0,0.0,16.35,16.35,0.0,25.47,16.02,9.45,15.12,15.12,0.0,103.87,96.02,7.85,198.12,184.17,13.95,0.0,0.0,0.0,0.0,0.0,0.0,
495241,THALIA GARDENS REHABILITATION AND NURSING,VIRGINIA BEACH,VA,Virginia Beach City,810,2025Q1,20250218,128,8.0,8.0,0.0,20.11,20.11,0.0,40.74,31.12,9.62,11.87,11.87,0.0,87.43,70.7,16.73,236.83,229.33,7.5,0.0,0.0,0.0,0.0,0.0,0.0,
495241,THALIA GARDENS REHABILITATION AND NURSING,VIRGINIA BEACH,VA,Virginia Beach City,810,2025Q1,20250219,130,8.0,8.0,0.0,14.48,14.48,0.0,33.06,24.58,8.48,24.65,24.65,0.0,75.73,58.17,17.56,222.92,217.04,5.88,0.0,0.0,0.0,0.0,0.0,0.0,
495241,THALIA GARDENS REHABILITATION AND NURSING,VIRGINIA BEACH,VA,Virginia Beach City,810,2025Q1,20250220,129,8.0,8.0,0.0,0.0,0.0,0.0,23.29,15.37,7.92,16.35,16.35,0.0,96.56,79.81,16.75,187.67,172.32,15.35,0.0,0.0,0.0,0.0,0.0,0.0,
495241,THALIA GARDENS REHABILITATION AND NURSING,VIRGINIA BEACH,VA,Virginia Beach City,810,2025Q1,20250221,127,8.0,8.0,0.0,5.73,5.73,0.0,14.5,6.98,7.52,25.5,25.5,0.0,104.73,83.93,20.8,212.68,175.82,36.86,0.0,0.0,0.0,0.0,0.0,0.0,
495241,THALIA GARDENS REHABILITATION AND NURSING,VIRGINIA BEACH,VA,Virginia Beach City,810,2025Q1,20250222,127,0.0,0.0,0.0,10.78,10.78,0.0,40.57,25.65,14.92,2.5,2.5,0.0,82.97,76.65,6.32,211.47,166.3,45.17,0.0,0.0,0.0,0.0,0.0,0.0,
495241,THALIA GARDENS REHABILITATION AND NURSING,VIRGINIA BEACH,VA,Virginia Beach City,810,2025Q1,20250223,125,0.0,0.0,0.0,0.0,0.0,0.0,40.15,25.37,14.78,0.0,0.0,0.0,69.09,60.72,8.37,188.21,158.58,29.63,0.0,0.0,0.0,0.0,0.0,0.0,
495241,THALIA GARDENS REHABILITATION AND NURSING,VIRGINIA BEACH,VA,Virginia Beach City,810,2025Q1,20250224,124,8.0,8.0,0.0,15.75,15.75,0.0,35.47,26.15,9.32,10.68,10.68,0.0,88.94,88.12,0.82,234.32,204.94,29.38,0.0,0.0,0.0,0.0,0.0,0.0,
495241,THALIA GARDENS REHABILITATION AND NURSING,VIRGINIA BEACH,VA,Virginia Beach City,810,2025Q1,20250225,124,8.0,8.0,0.0,16.25,16.25,0.0,34.21,34.21,0.0,8.62,8.62,0.0,82.63,68.45,14.18,216.79,201.86,14.93,0.0,0.0,0.0,0.0,0.0,0.0,
495241,THALIA GARDENS REHABILITATION AND NURSING,VIRGINIA BEACH,VA,Virginia Beach City,810,2025Q1,20250226,125,8.0,8.0,0.0,16.0,16.0,0.0,35.25,27.02,8.23,8.57,8.57,0.0,104.38,81.75,22.63,244.88,238.13,6.75,0.0,0.0,0.0,0.0,0.0,0.0,
495241,THALIA GARDENS REHABILITATION AND NURSING,VIRGINIA BEACH,VA,Virginia Beach City,810,2025Q1,20250227,126,8.0,8.0,0.0,16.5,16.5,0.0,25.83,16.98,8.85,17.09,17.09,0.0,113.39,89.39,24.0,232.28,198.47,33.81,0.0,0.0,0.0,0.0,0.0,0.0,
495241,THALIA GARDENS REHABILITATION AND NURSING,VIRGINIA BEACH,VA,Virginia Beach City,810,2025Q1,20250228,124,8.0,8.0,0.0,24.18,24.18,0.0,33.58,25.35,8.23,7.07,7.07,0.0,88.29,63.93,24.36,226.32,195.93,30.39,0.0,0.0,0.0,0.0,0.0,0.0,
495241,THALIA GARDENS REHABILITATION AND NURSING,VIRGINIA BEACH,VA,Virginia Beach City,810,2025Q1,20250301,125,0.0,0.0,0.0,0.0,0.0,0.0,0.58,0.58,0.0,6.5,6.5,0.0,130.32,108.72,21.6,184.26,169.21,15.05,0.0,0.0,0.0,0.0,0.0,0.0,
495241,THALIA GARDENS REHABILITATION AND NURSING,VIRGINIA BEACH,VA,Virginia Beach City,810,2025Q1,20250302,125,0.0,0.0,0.0,0.0,0.0,0.0,23.33,23.33,0.0,8.27,8.27,0.0,99.34,90.78,8.56,195.83,163.42,32.41,0.0,0.0,0.0,0.0,0.0,0.0,
495241,THALIA GARDENS REHABILITATION AND NURSING,VIRGINIA BEACH,VA,Virginia Beach City,810,2025Q1,20250303,125,8.0,8.0,0.0,16.37,16.37,0.0,27.88,8.3,19.58,28.74,28.74,0.0,99.65,86.77,12.88,228.28,212.37,15.91,0.0,0.0,0.0,0.0,0.0,0.0,
495241,THALIA GARDENS REHABILITATION AND NURSING,VIRGINIA BEACH,VA,Virginia Beach City,810,2025Q1,20250304,126,8.0,8.0,0.0,16.58,16.58,0.0,34.22,34.22,0.0,33.86,33.86,0.0,96.3,81.32,14.98,249.4,226.3,23.1,0.0,0.0,0.0,0.0,0.0,0.0,
495241,THALIA GARDENS REHABILITATION AND NURSING,VIRGINIA BEACH,VA,Virginia Beach City,810,2025Q1,20250305,126,8.0,8.0,0.0,24.7,24.7,0.0,8.61,8.03,0.58,34.35,34.35,0.0,114.02,105.54,8.48,237.8,200.19,37.61,0.0,0.0,0.0,0.0,0.0,0.0,
495241,THALIA GARDENS REHABILITATION AND NURSING,VIRGINIA BEACH,VA,Virginia Beach City,810,2025Q1,20250306,124,8.0,8.0,0.0,16.25,16.25,0.0,32.91,16.08,16.83,26.55,26.55,0.0,112.71,112.71,0.0,228.12,201.08,27.04,0.0,0.0,0.0,0.0,0.0,0.0,
495241,THALIA GARDENS REHABILITATION AND NURSING,VIRGINIA BEACH,VA,Virginia Beach City,810,2025Q1,20250307,124,8.0,8.0,0.0,8.0,8.0,0.0,40.34,25.09,15.25,34.06,34.06,0.0,88.95,73.38,15.57,219.73,206.34,13.39,0.0,0.0,0.0,0.0,0.0,0.0,
495241,THALIA GARDENS REHABILITATION AND NURSING,VIRGINIA BEACH,VA,Virginia Beach City,810,2025Q1,20250308,124,0.0,0.0,0.0,0.0,0.0,0.0,40.12,39.6,0.52,15.07,15.07,0.0,95.55,72.52,23.03,214.93,199.12,15.81,0.0,0.0,0.0,0.0,0.0,0.0,
495241,THALIA GARDENS REHABILITATION AND NURSING,VIRGINIA BEACH,VA,Virginia Beach City,810,2025Q1,20250309,122,0.0,0.0,0.0,8.83,8.83,0.0,24.77,24.77,0.0,5.48,5.48,0.0,82.96,76.51,6.45,180.23,157.77,22.46,0.0,0.0,0.0,0.0,0.0,0.0,
495241,THALIA GARDENS REHABILITATION AND NURSING,VIRGINIA BEACH,VA,Virginia Beach City,810,2025Q1,20250310,123,8.0,8.0,0.0,15.95,15.95,0.0,31.25,15.63,15.62,23.54,23.54,0.0,99.24,99.06,0.18,245.52,202.41,43.11,0.0,0.0,0.0,0.0,0.0,0.0,
495241,THALIA GARDENS REHABILITATION AND NURSING,VIRGINIA BEACH,VA,Virginia Beach City,810,2025Q1,20250311,122,8.0,8.0,0.0,13.5,13.5,0.0,27.52,27.52,0.0,41.66,41.66,0.0,102.33,91.93,10.4,228.86,214.86,14.0,0.0,0.0,0.0,0.0,0.0,0.0,
495241,THALIA GARDENS REHABILITATION AND NURSING,VIRGINIA BEACH,VA,Virginia Beach City,810,2025Q1,20250312,126,8.0,8.0,0.0,15.0,15.0,0.0,26.76,26.76,0.0,15.27,15.27,0.0,104.24,104.24,0.0,240.44,240.44,0.0,0.0,0.0,0.0,0.0,0.0,0.0,
495241,THALIA GARDENS REHABILITATION AND NURSING,VIRGINIA BEACH,VA,Virginia Beach City,810,2025Q1,20250313,125,8.0,8.0,0.0,16.25,16.25,0.0,25.18,25.18,0.0,41.51,41.51,0.0,106.85,106.62,0.23,232.99,232.49,0.5,0.0,0.0,0.0,0.0,0.0,0.0,
495241,THALIA GARDENS REHABILITATION AND NURSING,VIRGINIA BEACH,VA,Virginia Beach City,810,2025Q1,20250314,128,8.0,8.0,0.0,20.8,20.8,0.0,34.8,23.88,10.92,32.23,32.23,0.0,102.04,93.69,8.35,227.9,198.38,29.52,0.0,0.0,0.0,0.0,0.0,0.0,
495241,THALIA GARDENS REHABILITATION AND NURSING,VIRGINIA BEACH,VA,Virginia Beach City,810,2025Q1,20250315,129,0.0,0.0,0.0,15.48,15.48,0.0,39.9,24.45,15.45,15.71,15.71,0.0,80.19,79.99,0.2,184.95,169.79,15.16,0.0,0.0,0.0,0.0,0.0,0.0,
495241,THALIA GARDENS REHABILITATION AND NURSING,VIRGINIA BEACH,VA,Virginia Beach City,810,2025Q1,20250316,130,0.0,0.0,0.0,0.0,0.0,0.0,31.47,8.55,22.92,11.22,11.22,0.0,72.05,64.18,7.87,185.36,169.7,15.66,0.0,0.0,0.0,0.0,0.0,0.0,
495241,THALIA GARDENS REHABILITATION AND NURSING,VIRGINIA BEACH,VA,Virginia Beach City,810,2025Q1,20250317,130,8.0,8.0,0.0,16.02,16.02,0.0,32.95,17.87,15.08,13.84,13.84,0.0,104.96,88.99,15.97,199.42,199.42,0.0,0.0,0.0,0.0,0.0,0.0,0.0,
495241,THALIA GARDENS REHABILITATION AND NURSING,VIRGINIA BEACH,VA,Virginia Beach City,810,2025Q1,20250318,131,8.0,8.0,0.0,21.93,21.93,0.0,42.76,34.79,7.97,43.68,43.68,0.0,89.42,81.12,8.3,211.02,211.02,0.0,0.0,0.0,0.0,0.0,0.0,0.0,
495241,THALIA GARDENS REHABILITATION AND NURSING,VIRGINIA BEACH,VA,Virginia Beach City,810,2025Q1,20250319,130,8.0,8.0,0.0,32.27,32.27,0.0,9.17,9.05,0.12,21.49,21.49,0.0,116.89,101.24,15.65,212.89,212.89,0.0,0.0,0.0,0.0,0.0,0.0,0.0,
495241,THALIA GARDENS REHABILITATION AND NURSING,VIRGINIA BEACH,VA,Virginia Beach City,810,2025Q1,20250320,128,8.0,8.0,0.0,32.3,32.3,0.0,25.09,24.59,0.5,33.42,33.42,0.0,95.75,88.09,7.66,191.32,191.32,0.0,0.0,0.0,0.0,0.0,0.0,0.0,
495241,THALIA GARDENS REHABILITATION AND NURSING,VIRGINIA BEACH,VA,Virginia Beach City,810,2025Q1,20250321,127,8.0,8.0,0.0,22.77,22.77,0.0,39.84,39.84,0.0,40.41,40.41,0.0,94.71,71.08,23.63,217.03,217.03,0.0,0.0,0.0,0.0,0.0,0.0,0.0,
495241,THALIA GARDENS REHABILITATION AND NURSING,VIRGINIA BEACH,VA,Virginia Beach City,810,2025Q1,20250322,127,0.0,0.0,0.0,0.0,0.0,0.0,45.74,30.61,15.13,10.23,10.23,0.0,94.4,78.84,15.56,209.19,189.59,19.6,0.0,0.0,0.0,0.0,0.0,0.0,
495241,THALIA GARDENS REHABILITATION AND NURSING,VIRGINIA BEACH,VA,Virginia Beach City,810,2025Q1,20250323,126,0.0,0.0,0.0,0.0,0.0,0.0,23.55,15.8,7.75,10.5,10.5,0.0,108.86,79.53,29.33,205.3,183.38,21.92,0.0,0.0,0.0,0.0,0.0,0.0,
495241,THALIA GARDENS REHABILITATION AND NURSING,VIRGINIA BEACH,VA,Virginia Beach City,810,2025Q1,20250324,124,8.0,8.0,0.0,23.35,23.35,0.0,33.56,10.43,23.13,28.1,28.1,0.0,91.86,83.56,8.3,205.89,198.14,7.75,0.0,0.0,0.0,0.0,0.0,0.0,
495241,THALIA GARDENS REHABILITATION AND NURSING,VIRGINIA BEACH,VA,Virginia Beach City,810,2025Q1,20250325,123,8.0,8.0,0.0,14.98,14.98,0.0,32.08,16.76,15.32,33.87,33.87,0.0,91.25,83.25,8.0,220.03,211.8,8.23,0.0,0.0,0.0,0.0,0.0,0.0,
495241,THALIA GARDENS REHABILITATION AND NURSING,VIRGINIA BEACH,VA,Virginia Beach City,810,2025Q1,20250326,125,8.0,8.0,0.0,16.5,16.5,0.0,41.39,25.91,15.48,33.51,33.51,0.0,88.72,80.72,8.0,219.11,219.11,0.0,0.0,0.0,0.0,0.0,0.0,0.0,
495241,THALIA GARDENS REHABILITATION AND NURSING,VIRGINIA BEACH,VA,Virginia Beach City,810,2025Q1,20250327,125,8.0,8.0,0.0,25.0,25.0,0.0,47.9,32.88,15.02,30.72,30.72,0.0,86.91,79.73,7.18,220.92,220.35,0.57,0.0,0.0,0.0,0.0,0.0,0.0,
495241,THALIA GARDENS REHABILITATION AND NURSING,VIRGINIA BEACH,VA,Virginia Beach City,810,2025Q1,20250328,125,8.0,8.0,0.0,24.34,24.34,0.0,56.44,32.95,23.49,8.2,8.2,0.0,89.5,74.4,15.1,198.85,182.2,16.65,0.0,0.0,0.0,0.0,0.0,0.0,
495241,THALIA GARDENS REHABILITATION AND NURSING,VIRGINIA BEACH,VA,Virginia Beach City,810,2025Q1,20250329,126,0.0,0.0,0.0,0.0,0.0,0.0,54.55,39.43,15.12,12.72,12.72,0.0,69.71,69.71,0.0,217.0,184.65,32.35,0.0,0.0,0.0,0.0,0.0,0.0,
495241,THALIA GARDENS REHABILITATION AND NURSING,VIRGINIA BEACH,VA,Virginia Beach City,810,2025Q1,20250330,127,0.0,0.0,0.0,0.0,0.0,0.0,31.65,9.0,22.65,8.42,8.42,0.0,79.1,75.05,4.05,188.15,157.8,30.35,0.0,0.0,0.0,0.0,0.0,0.0,
495241,THALIA GARDENS REHABILITATION AND NURSING,VIRGINIA BEACH,VA,Virginia Beach City,810,2025Q1,20250331,126,8.0,8.0,0.0,25.71,25.71,0.0,46.96,46.59,0.37,17.75,17.75,0.0,89.0,81.08,7.92,219.49,204.43,15.06,0.0,0.0,0.0,0.0,0.0,0.0,
