"Affiliated entity","Affiliated entity ID","Number of facilities","Number of states and territories with operations","Number of Special Focus Facilities (SFF)","Number of SFF candidates","Number of facilities with an abuse icon","Percentage of facilities with an abuse icon","Percent of facilities classified as for-profit","Percent of facilities classified as non-profit","Percent of facilities classified as government-owned","Average overall 5-star rating","Average health inspection rating","Average staffing rating","Average quality rating","Average total nurse hours per resident day","Average total weekend nurse hours per resident day","Average total Registered Nurse hours per resident day","Average total nursing staff turnover percentage","Average Registered Nurse turnover percentage","Average number of administrators who have left the nursing home","Total number of fines","Average number of fines","Total amount of fines in dollars","Average amount of fines in dollars","Total number of payment denials","Average number of payment denials","Average percentage of short-stay residents who were re-hospitalized after a nursing home admission","Average percentage of short-stay residents who have had an outpatient emergency department visit","Average percentage of short-stay residents who newly received an antipsychotic medication","Average percentage of short-stay residents with pressure ulcers or pressure injuries that are new or worsened","Average percentage of short-stay residents who are at or above an expected ability to care for themselves and move around at discharge","Average percentage of short-stay residents who were assessed and appropriately given the seasonal influenza vaccine","Average percentage of short-stay residents who were assessed and appropriately given the  pneumococcal vaccine","Average number of hospitalizations per 1,000 long-stay resident days","Average number of outpatient emergency department visits per 1,000 long-stay resident days","Average percentage of long-stay residents who received an antipsychotic medication","Average percentage of long-stay residents experiencing one or more falls with major injury","Average percentage of long-stay residents with pressure ulcers","Average percentage of long-stay residents with a urinary tract infection","Average percentage of long-stay residents who have or had a catheter inserted and left in their bladder","Average percentage of long-stay residents whose ability to move independently worsened","Average percentage of long-stay residents whose need for help with activities of daily living has increased","Average percentage of long-stay residents who were assessed and appropriately given the seasonal influenza vaccine","Average percentage of long-stay residents who were assessed and appropriately given the  pneumococcal vaccine","Average percentage of long-stay residents who were physically restrained","Average percentage of long-stay residents with new or worsened bowel or bladder incontinence","Average percentage of long-stay residents who lose too much weight","Average percentage of long-stay residents who have symptoms of depression","Average percentage of long-stay residents who used antianxiety or hypnotic medication","Average rate of potentially preventable hospital readmissions 30 days after discharge from a SNF","Average percentage of current residents up to date with COVID-19 vaccines","Average percentage of healthcare personnel up to date with COVID-19 vaccines"
National,"",14752,53,86,440,1463,9.9,73.3,20.2,6.5,2.9,2.8,2.8,3.4,3.9,3.4,0.7,47.5,44.4,0.6,18483,1.3,553444468.7,37501.32,3072,0.2,24.9,12.8,1.6,2.5,52.4,79,81.7,1.81,1.74,14.6,3.3,5.5,1.9,1.3,21.5,17,95.3,93.4,0.1,20.9,5.6,9.8,19.9,10.6,35.5,7.5
"A&M HEALTHCARE INVESTMENTS",641,2,2,0,0,1,50,100,0,0,1.5,1.5,2,3,3.4,3,0.6,44.5,72.7,0.5,2,1,119162.37,59581.19,3,1.5,24.9,24.1,3.1,5.7,23.3,73.8,87.1,1.56,1.45,15.8,2.7,4.4,0,1.2,18.7,16.3,99.1,97.9,0,29.4,15.5,24.2,39.9,11.2,51.6,""
"ABBY GL, LLC",1,6,1,0,0,3,50,100,0,0,2.2,2.2,3.5,3.8,4.2,3.8,0.5,36.3,33.9,0.3,5,0.8,355744.68,59290.78,6,1,25.4,11.6,2.1,0.5,42.2,98.1,99.5,2.5,1.82,11.8,0.9,4.6,0.4,0.2,10.4,8.1,100,100,0.2,9.4,2.1,5.3,18.9,10.5,48.9,7.8
"ABCM CORPORATION",732,5,1,0,0,0,0,100,0,0,3.8,3.6,3,3.2,3.7,3.2,0.6,40.5,31,0.2,0,0,0,0,0,0,31,14.2,1.3,2.7,54.2,87.8,89.5,1.13,1.67,18.8,2.5,3.3,3.5,2.6,18,16.2,97,98.2,0,25.2,3.7,2.7,19.5,10.6,39.6,5.9
"ABRAHAM BAK & MENACHEM GASTWIRTH",4,16,1,0,0,2,12.5,100,0,0,2.4,2.3,2.8,3.4,4.4,4,0.4,39.2,46.8,0.7,13,0.8,384639.56,24039.97,5,0.3,26.7,9.9,2.9,0.9,46.5,98.3,99.6,2.65,1.16,13.8,1.4,6.3,1.1,1.1,10.2,12.2,99.7,99.9,0,11.8,4.8,18,14.8,11.1,36,10.8
"ABRAHAM KRAUS",615,10,3,0,1,1,10,100,0,0,2.6,2.3,2.8,3.9,3.6,3.2,0.5,39.7,30.5,0.9,8,0.8,364349.25,36434.93,0,0,28.5,7.7,1.4,2.7,46.1,89.9,87.4,1.72,0.84,13.3,1.1,4.7,0.4,0.2,15,12.5,99.6,97.6,0,15.3,6.2,7.3,19.1,11.2,19,1.5
"ABRAHAM SMILOW",662,6,1,0,0,0,0,100,0,0,1.7,1.7,2.8,3,3.3,3.1,0.6,48.8,50.4,0.4,6,1,183154.66,30525.78,0,0,20.1,5.8,1.7,3.2,50.2,57.4,50.3,1.49,1.3,20.3,2.2,6,1.9,2.6,32.5,26.1,91.2,80.2,0,28.3,7.6,6.9,22.8,10.7,22.3,16.1
"ABRI HEALTH CARE",5,5,1,0,0,0,0,80,0,20,2,2.2,1.4,3,3.2,2.9,0.4,60.3,63.5,1.4,12,2.4,302251.6,60450.32,1,0.2,28.2,16.3,1.3,2.9,59.1,85,88.5,1.87,2.46,5.6,3.2,4.8,0.3,1.1,23.7,22.9,99,99.2,0,20.4,4.6,5.6,18.5,10.7,1,0
"ABSOLUT CARE",6,6,1,0,0,0,0,100,0,0,3.3,3.2,2.8,3.8,3.6,3,0.5,52.5,45.5,1,1,0.2,46117.5,7686.25,0,0,20.5,14.8,1.5,2.5,55,78.7,71.9,1.38,1.07,17.5,2.9,5.1,0.9,0.4,19.9,15.7,96.2,88.1,0,22.3,5.1,3.4,18.6,10.4,48,14.7
"ACCELA HEALTHCARE",733,3,2,0,1,1,33.3,100,0,0,1.3,1.3,1.7,3.5,3.1,2.8,0.4,64.7,59.1,0.7,10,3.3,405759.57,135253.19,0,0,28.5,11.5,1.7,1.6,57.2,24.4,13.6,1.65,1.18,12.1,1.7,4.6,0.6,0.4,17.9,13,90.1,46,0,21.8,6.6,6.6,20.8,10.1,52,48.3
"ACCOLADE HEALTHCARE",7,7,1,0,0,1,14.3,100,0,0,2.3,2.6,1.6,2.9,3.6,3.1,0.6,52.5,57.5,0.1,22,3.1,644711.17,92101.6,4,0.6,27.8,12.8,1.8,2.8,44.8,76.3,88.3,1.63,1.76,11.2,1.9,5.6,0.8,0.9,27,19.9,95.9,95.6,0,26.4,10,21,24.5,11.4,45.3,5
"ACCURA HEALTHCARE",8,30,3,0,1,1,3.3,100,0,0,2.3,2.4,3.1,2.9,3.6,3.2,0.7,44.8,49.5,0.2,23,0.8,542199.1,18073.3,8,0.3,23.4,18,2.4,1.1,56.6,72,90.5,1.63,2.51,18.9,3.9,4.2,2.5,1.8,23.3,21.4,95.4,95.6,0,28.4,5.5,3.4,18.8,10.2,49.6,7.4
"ACTS RETIREMENT-LIFE COMMUNITIES",9,26,9,0,0,1,3.8,3.8,96.2,0,4.7,4.2,4.8,4.2,4.6,4.2,1.3,24.4,26.7,0.1,6,0.2,271127.6,10427.98,0,0,23.5,14.2,1.1,3.9,64.3,93,88.4,1.58,0.79,11.2,4.6,7.6,2.5,1.7,18.8,19.1,99.6,97.2,0,23.7,4.7,1.6,16.9,10.3,62.8,5.6
"ADAMS COUNTY MEMORIAL HOSPITAL",10,9,1,1,0,1,11.1,44.4,33.3,22.2,3.4,3.4,3.1,3.6,3.9,3.4,0.7,50.5,47.2,0.8,3,0.3,59322.25,6591.36,1,0.1,23,9.1,1.7,3.2,46,78.4,88.2,1.84,1.03,10.8,4.2,4.6,2.9,1.1,26.7,24,95.6,96.8,0,28.7,4.5,6.1,20.6,10.1,39.2,6
"ADVANCED HEALTH CARE",11,26,11,0,0,1,3.8,100,0,0,4.9,4.3,4.4,4.8,5.7,4.8,1.6,45.1,43.8,0.4,35,1.3,306142.08,11774.7,1,0,21.9,10.4,0.5,1.9,63.8,87.6,93.1,"","","","","","","","","","","","","","","","",10.6,22.6,6.4
"ADVANCED HEALTH CARE MANAGEMENT",12,6,2,0,0,0,0,100,0,0,3,3,3.7,3.3,4.1,3.3,0.5,38.4,25.2,0.2,2,0.3,19357,3226.17,0,0,26.7,13.6,1.5,1.7,63.5,93.1,98.7,2.33,2.47,13.5,2.4,8,1.9,1.1,27.1,23.8,99.1,100,0,20.4,2.4,2.1,26.7,12.1,32.4,0.8
"ADVANCED HEALTHCARE SOLUTIONS",13,37,1,0,1,3,8.1,62.2,0,37.8,3.1,2.7,2.5,4,3.5,3.1,0.4,50,51.4,0.6,59,1.6,2291216.48,61924.77,3,0.1,27.2,14.4,1.1,2.1,61.1,87.1,91.8,1.76,2.04,6.9,2.9,4.2,0.3,0.9,18.2,14.2,96.6,97.6,0,17.7,3.5,2.6,20.9,10.5,26.2,7.6
"ADVENTIST HEALTH",671,5,1,0,0,0,0,20,80,0,4.4,3.8,3.4,4.2,5.5,5,1.3,30.7,26.9,0.7,1,0.2,45701.5,9140.3,1,0.2,22.9,5.6,1.5,0.8,44.1,90.2,82.2,1.57,1.16,14.3,1.7,5.4,4.3,6,17.6,15.4,99.3,97.9,0.5,11.7,4.4,2,17.8,11.7,56.2,4.6
ADVINIACARE,16,12,2,1,2,1,8.3,100,0,0,1.3,1.5,1.7,2.6,3.5,3.1,0.6,47.7,65.2,4.3,20,1.7,1536966.36,128080.53,4,0.3,28.1,12.2,1.4,2.4,51.9,70.5,75.6,1.93,1.61,18.3,4.2,5.3,2.2,1.1,29,26.7,84.2,88.3,0.1,26.1,6.5,20.5,19.8,10.6,39.9,14.5
"AHAVA HEALTHCARE",17,13,3,0,0,0,0,100,0,0,2.5,2.6,1.9,2.9,3.7,3.2,0.4,58.9,57.4,0.7,7,0.5,404154.58,31088.81,3,0.2,28.5,13.1,1.9,3.4,49.2,83.7,72.7,1.82,1.71,13.4,3.1,5.9,1.7,1,24.3,15.9,95.1,89,0,21.1,5.7,7.3,31.7,10.7,17.4,7.4
"AHMC HEALTHCARE",18,5,1,0,0,0,0,100,0,0,3.2,3,3.2,4,7.6,7.1,2.6,13.5,15.8,"",6,1.2,31351.46,6270.29,1,0.2,35,13.6,1.3,0,81,93.4,82.2,2.33,0.97,7,0.6,12.7,2.1,9.4,14.6,12.4,98.2,98.2,3.6,3.6,8.4,0.5,9.5,10.1,48,5.1
"AJC HEALTHCARE",616,14,1,0,2,2,14.3,100,0,0,2,1.9,2.4,3.6,4,3.6,0.3,45,50.9,0.4,30,2.1,1010923.56,72208.83,4,0.3,26.5,17.1,1.6,1.5,47.3,84.5,86.6,1.83,2.49,10.6,2.2,3.9,0.9,0.6,13.9,10.6,97.7,97.2,0,17.3,4.5,10.7,16.7,10.5,51.4,20.7
"AKIKO IKE",582,6,3,1,0,0,0,100,0,0,3.2,2.8,4.2,3,3.9,3.6,0.8,43.4,32.8,0.8,7,1.2,564062.49,94010.42,4,0.7,22.3,9.8,2.4,4.5,52.9,86.5,78.7,1.93,1.29,21.6,3.8,6.2,1.4,1.2,27.4,26.7,96.3,94,0,30.2,7,2.9,16.7,10,42.5,12.3
"ALARIS HEALTH",20,7,1,0,0,0,0,100,0,0,3.1,2.6,4.3,4.1,4.7,4.1,1.1,44.2,43.8,0.7,6,0.9,239207,34172.43,0,0,27.9,6.9,0.9,2.1,55.7,85.5,89.7,2.61,1.15,12.2,1.4,8.4,1.2,2,18.7,16.4,97.4,96.7,0,9.4,4.1,0.4,16.8,10.8,38.1,2.2
"ALIYA HEALTHCARE",663,9,1,0,0,2,22.2,100,0,0,2.1,2.3,1.2,3.9,3.1,2.8,0.7,44.8,48.7,1,33,3.7,1676985.22,186331.69,14,1.6,29.5,9.5,1.6,1.9,42.6,50.9,55,1.62,1.13,23.7,1.6,6.7,0.1,0.1,10.9,5.6,87.8,80,0,19.7,6.3,91.5,17.8,10.7,44.3,30.4
"ALLAIRE HEALTH SERVICES",21,15,4,0,2,2,13.3,100,0,0,2,1.6,2.8,4.2,3.8,3.2,0.6,56.6,52,0.8,17,1.1,1109114.06,73940.94,4,0.3,25.4,9.3,1.2,3.4,55.5,85.4,79.6,2.4,1.45,16,3,5.8,0.5,0.3,6.7,6.5,96.8,93.3,0,18.8,5.5,8.4,20.2,10.9,32.1,2.7
"ALLEGIANT HEALTHCARE",22,5,2,0,0,1,20,100,0,0,2,1.8,2.2,4,3.9,3.7,0.5,67.7,79.9,1,20,4,268689.85,53737.97,0,0,29.1,9.7,1.4,1,46.2,87.5,88.8,1.87,1.92,8.5,1.4,6.9,0.3,4.5,12.6,7,98.3,97.6,0.1,12.1,5,1.4,22.8,11.5,25.9,10.3
"ALLIANCE HEALTH & HUMAN SERVICES",23,7,1,0,0,0,0,0,100,0,4,3.9,4.1,3.6,4.1,3.7,0.7,35.7,37.8,0,5,0.7,105716,15102.29,0,0,30.6,14.5,0.6,3.4,52.4,85.7,87.3,1.48,1.32,16.7,3,4.2,2.9,1.4,19.5,17.9,95.9,96.3,0.1,15.4,2.5,0.5,15.9,11.8,29.4,11.7
"ALLIANCE HEALTH GROUP",714,6,1,0,1,2,33.3,100,0,0,1.5,2,1.7,1.8,3.5,3.1,0.3,64.2,69.7,1,17,2.8,416159.91,69359.99,4,0.7,25,13.1,2.7,3.5,40.6,57.7,60.6,2.19,1.49,13.4,2.4,8.6,0.9,1.7,37.9,28.3,84.2,88.2,0,27.7,6.9,1.4,22.2,10.8,19.4,1.5
"ALLURE GROUP",734,5,1,0,0,0,0,100,0,0,3.4,3.4,2.6,4,4,3.6,0.8,32.3,38.3,0.3,4,0.8,18315.54,3663.11,0,0,22.9,9.2,1.1,2.3,63.8,62.8,61.1,2,1.56,7,1.2,10.4,0.4,0.1,19.5,16.7,84.3,79.7,0,14.3,6.2,21.2,8.6,9,36.2,0.7
"ALLURE HEALTHCARE SERVICES",25,15,1,0,0,3,20,100,0,0,2.7,3.1,1.8,2.6,3.6,3.3,0.6,43,48.8,0.5,18,1.2,695364.2,46357.61,6,0.4,23.8,19.3,0.9,3.9,44.2,50.3,63.4,1.64,2.08,20.7,3.8,5.1,4.1,1.4,28.6,21.4,92.7,91.4,0,28.8,6.4,63,23.6,10.3,45.2,4.7
"ALPHA SNF MA",680,5,1,0,0,0,0,100,0,0,2.2,1.8,2.4,3.4,3.4,3.2,0.5,50.1,62,1.3,14,2.8,220744.96,44148.99,2,0.4,26.2,20.2,1.5,1.3,51.1,57.5,42.4,1.47,1.75,19.5,3.3,4.1,0.8,0.4,19.3,19.7,92.5,91,0,15.2,5.9,1.8,20.5,10.2,46.5,24.4
ALTERCARE,26,22,1,0,1,1,4.5,100,0,0,3.5,3,2.2,4.7,3.5,3.1,0.7,54.7,43.3,0.4,9,0.4,733401.3,33336.42,3,0.1,26.4,13.2,1,1.9,58.5,65.5,68.4,1.31,1.4,6.5,4.8,4.2,0.6,0.1,7.2,6.6,91.4,85.8,0,21.7,6,20.6,26.9,10.6,22.2,1.8
"AMA HOLDINGS",27,13,1,0,2,1,7.7,100,0,0,1.7,1.8,1.3,2.6,3.5,3,0.4,70.5,71.6,0.6,20,1.5,718485.95,55268.15,8,0.6,28,13.9,1.5,5.1,51.4,45.6,47.8,2.08,2.1,13.2,3.3,5.2,1.1,0.2,17.2,14.7,86.2,76.5,0,24.6,1.5,51.3,21.4,10.6,46.7,33.6
"AMBASSADOR HEALTH",28,4,2,0,0,0,0,100,0,0,4.3,4,3.5,3.5,5.4,4.7,1.3,39.3,32.1,0,1,0.3,9750,2437.5,0,0,22.9,13.5,1.5,0.4,60.5,64.9,87.4,1.88,2.16,14.4,3.9,2.4,2.3,2.2,18.2,16.7,93,88.8,0.6,20.4,2.7,1.1,24.1,10.5,48.4,9.9
"AMERICAN BAPTIST HOMES OF THE MIDWEST",29,6,5,0,0,2,33.3,0,100,0,2.3,1.8,3.2,3.5,4.1,3.8,0.7,55.5,55.4,0.8,7,1.2,124559.75,20759.96,3,0.5,23,16.9,2.3,5.1,57.9,85.6,90.4,1.55,1.31,15.6,3.7,4.3,3.8,0.9,26.3,19.5,99.4,99.5,0,29.2,3.7,3.4,10.8,9.7,35.9,5.1
"AMERICAN HEALTH COMMUNITIES",30,23,2,0,3,3,13,100,0,0,2.4,2.6,2.1,2.7,3.7,3.2,0.6,48.4,43.3,0.4,20,0.9,1011638.94,43984.3,6,0.3,23.6,15.4,1.9,4.7,50.8,73.8,74.5,1.51,1.24,22.9,2.6,6,2.9,1.6,22.5,16.1,90.2,86,0.1,19.4,6.7,14.9,53.7,11,22.2,8
"AMERICAN HEALTH FOUNDATION",31,6,2,0,0,1,16.7,0,100,0,2.3,2.7,2,2.7,3.6,3.2,0.7,60.2,54.5,0.5,8,1.3,420590.3,70098.38,2,0.3,26,10.2,2.4,1.9,44.5,59.9,59.8,1.34,1.24,11.3,3.6,3.5,1.4,1.1,31.7,21,93.8,86.3,0,23.8,4.9,6.9,20.8,9.9,61.5,16.8
"AMERICAN SENIOR COMMUNITIES",33,78,1,0,0,0,0,38.5,20.5,41,3.5,3.3,2,4.4,3.5,3,0.5,46.6,39.1,0.5,20,0.3,370825,4754.17,2,0,22.2,12,1.3,2.8,49.9,89.7,89.3,1.62,1.43,7.9,3.5,4.9,1,0.3,13.1,11.1,98.8,97.1,0,22.7,4.5,29.4,21.9,10.4,37.7,4.3
"AMERICARE SENIOR LIVING",34,23,2,0,0,0,0,100,0,0,3.9,3.9,3.1,3.3,3.6,3.1,0.5,49.2,41.6,0.3,7,0.3,152160.75,6615.68,0,0,24.7,15.1,2,1.8,60.4,76.9,85.2,1.92,2.5,20.8,4.4,5.1,2.2,2.4,16.8,16.1,94.7,96.9,0,22.3,7.6,2.5,24.2,10.4,37.4,3
"ANEW HEALTHCARE",35,10,3,0,3,1,10,100,0,0,1.4,1.6,1.2,2.9,3.1,2.8,0.3,"","","",16,1.6,562418.22,56241.82,3,0.3,22.2,7.6,0.7,3.2,50.4,59.5,40.9,1.72,2.22,19,2.7,4,2.9,2,24.2,21.1,90,74.2,0,24.6,3.5,5.4,25.4,10.1,19,6.9
"ANTHONY & BRYAN ADAMS",36,37,2,0,0,1,2.7,100,0,0,3.5,3.3,2.8,3.9,3.8,3.2,0.4,55.1,52.8,0.5,14,0.4,232308,6278.59,1,0,28.3,14.3,0.6,3.1,54.5,68.8,78.7,1.87,1.92,4.7,3.7,4.8,1,0.4,15.7,11.4,93.4,95.2,0,16.6,3.2,0.6,17.1,10.8,39.1,1
"AOM HEALTHCARE",37,20,1,1,1,0,0,100,0,0,2.5,2.1,1.8,4.6,3.2,2.8,0.4,58.9,63.6,1,21,1.1,857125.31,42856.27,8,0.4,27.2,15.1,0.4,4.1,44.9,61.6,81.9,1.24,1.73,11.4,3,4.3,0.3,0.1,9.2,6.7,94.7,93.9,0,17,5.1,19.1,29.7,11.2,26.5,0.1
"APERION CARE",38,34,2,2,1,13,38.2,97.1,0,2.9,1.7,2.1,1.4,2.7,2.9,2.5,0.5,51,46.3,0.6,101,3,3959024.15,116441.89,38,1.1,27.8,12.4,3,2.4,34.4,51.4,48.7,1.9,1.92,24.4,2.9,5.6,0.7,0.7,19.6,14.5,91.4,86.8,0.1,23.1,5.8,79.6,17.1,10.6,39.1,4.2
"APPLE REHAB",39,20,2,0,0,6,30,100,0,0,2,2.1,2.6,2.6,3.4,3.1,0.6,45.8,52.2,0.8,31,1.6,1051285.82,52564.29,3,0.2,29.1,12.7,2.2,2.4,51,44.2,41.1,2.52,1.64,17.5,3.5,4.5,2.8,2.1,26,22,88.2,72.4,0,22.4,8.4,4.1,16,10.4,63.6,4
"ARABELLA HEALTHCARE MANAGEMENT",633,13,2,0,0,1,7.7,100,0,0,2.5,2.5,3,3.3,3.5,3.1,0.6,56,56.6,0.9,36,2.8,468239.81,36018.45,3,0.2,30.5,13.4,2,1.9,47.8,70.5,87,2.05,1.51,20,2.3,6.6,1.7,1.1,13.2,9.3,95.8,91.9,0,16.8,6.7,1.2,18.7,10.7,28,12.1
"ARBOR CARE CENTERS",40,9,1,0,0,0,0,100,0,0,2.2,2.6,2.2,2.7,3,2.8,0.5,59.3,52,1.2,2,0.2,23861.5,2651.28,1,0.1,20.3,6.2,1.1,4.3,42.4,68.8,67.1,1.71,1.77,22.3,4.1,5.3,2.1,2.7,25.4,22.4,96.3,92.4,0,29.1,5.2,2.5,23,10.7,32.8,1.9
"ARBORETA HEALTHCARE",618,18,3,0,1,2,11.1,100,0,0,1.7,1.9,2.3,2.5,3.2,2.8,0.7,100,100,1.6,24,1.3,906782.96,50376.83,10,0.6,27.8,20,3.9,3,47.2,79.1,79.2,1.8,2.71,23.5,2.2,3.8,2,2.1,24.8,19.8,97.4,91.3,0,24.4,5.1,3.4,24.9,10.1,45.8,4.7
"ARBORS AT OHIO",41,16,1,0,0,3,18.8,100,0,0,2.1,1.9,2.5,3.4,3.7,3.3,0.6,54.4,48.1,0.8,22,1.4,780741,48796.31,8,0.5,27.9,18.6,1.7,1.8,47.1,76,71.7,1.71,2.05,12.6,3.5,4.8,0.8,0.4,13.2,8.2,96.8,93.9,0,23,8.4,2.9,29.4,10.4,21.3,0.4
"ARCADIA CARE",42,11,1,0,0,4,36.4,100,0,0,1.9,2.1,1.3,2.6,2.8,2.6,0.5,51.2,51.2,0.7,33,3,1582673,143879.36,10,0.9,26.4,13.7,1.6,3.4,35.8,74.7,71.5,1.93,2.65,13.1,3.4,3.2,1.1,0.8,25.1,18.6,90.5,91.1,0,24.8,12.9,77.8,18.1,10.5,34.7,6.4
ARCHCARE,43,7,1,0,0,0,0,14.3,85.7,0,3.6,2.9,2.7,4.7,3.3,3,0.9,39.4,46.8,0.3,2,0.3,22900.75,3271.54,1,0.1,21.8,7.6,0.9,1.7,71.9,73.4,72.4,1.47,0.9,9.3,2.1,4.6,0.5,0.2,10,10.3,94.2,84.5,0,23.1,6,22.5,13.4,10.1,41.6,2.6
ARISTACARE,45,10,2,0,0,0,0,100,0,0,2.3,2.2,1.7,3.5,3.7,3.4,0.4,46.3,55.3,0.7,15,1.5,667645.81,66764.58,0,0,25.9,10.9,1.8,3.6,51.7,64.8,58.1,2.17,1.06,13,2.2,7,0.7,0.5,8.2,5.8,93.5,66.2,0.8,16,5,16.3,18.5,11,31.1,2.4
"ARROWHEAD HEALTHCARE PARTNERS",46,5,1,0,0,1,20,60,0,40,1.8,2,1,4.2,2.8,2.5,0.4,54.7,66.6,1,9,1.8,323938.29,64787.66,1,0.2,24.5,10.3,0.7,1.9,59.9,87.4,97.4,1.77,1.48,6.6,2.6,3.8,0.9,0.3,17.8,14.4,98.7,99.9,0,23.9,5.3,1.2,15,11.9,49.2,0.3
"ASBURY COMMUNITIES",47,6,3,0,0,0,0,0,100,0,3.7,3.5,3.8,4,3.9,3.6,0.9,35.1,25.9,0.5,6,1,31043.81,5173.97,1,0.2,18.4,11.2,2.3,3.5,58.6,89.6,93.1,1.29,1.33,12.3,3.5,4,1,0.4,30.4,18.7,98.7,96.8,0,24.2,8.1,3.6,20.1,10,35.6,0.9
"ASCENSION LIVING",48,25,10,0,0,2,8,8,92,0,2.4,2.6,3.3,2.6,3.9,3.5,0.8,54.3,47.3,0.5,44,1.8,1834459.29,73378.37,14,0.6,26.4,15.1,1.1,3.5,49,78.2,76.1,2.08,2.06,13.2,4.6,6.8,2.6,0.9,28.6,23.1,95.2,93.4,0,20.4,5.1,8.2,15.6,10.8,31.8,3.5
"ASCENTRIA CARE ALLIANCE",49,5,2,0,0,0,0,0,100,0,4,4,3.8,3.2,4.3,3.7,0.6,34.2,35.6,0.8,2,0.4,11150.75,2230.15,0,0,27.6,13,1.1,2.2,58.9,82,79.3,2.18,1.77,15,3.4,5.2,2.2,0.3,23.4,19.8,96.3,85.6,0.2,24.4,5.7,0.3,17.3,10.1,33,19.9
"ASPEN SKILLED HEALTHCARE",50,30,1,0,2,3,10,100,0,0,3.1,2.8,3.6,3.9,4.4,4,0.7,40,36.8,0.2,64,2.1,1505457.58,50181.92,6,0.2,26,11.9,1.3,0.9,51,95.9,98.1,2.15,1.77,7,1.5,5.5,1.5,1.4,18.5,12.6,98.3,99.6,0,18.1,4.3,4.1,10.9,10.4,48.5,20.7
"ASPIRE HEALTH GROUP",672,52,1,0,1,7,13.5,100,0,0,2,1.9,2.5,3.6,3.3,3.1,0.5,48.4,56.2,1.4,164,3.2,3862305.82,74275.11,3,0.1,26.1,9.4,1.2,2.8,45.1,90.6,90.9,2.08,1.25,6,2.6,6.6,0.8,0.7,18,12.9,98.5,97,0,20.4,7.7,2.3,20.1,10.7,26.1,14.8
"ASPIRE SENIOR LIVING",51,8,1,0,0,0,0,100,0,0,2.4,3,2.1,1.6,3.2,2.9,0.4,51.7,50.8,1,5,0.6,70467.2,8808.4,1,0.1,26.2,22.6,7.9,1.8,56.7,73.4,62.8,2.4,2.26,25.9,3,5.3,5.8,1.6,25.8,19.5,95.6,81.8,0,14.4,5.3,8.1,29.9,11.6,36.7,0.2
"ATHENA HEALTHCARE SYSTEMS",52,32,3,0,1,4,12.5,100,0,0,1.7,1.9,2.5,2.3,3.3,2.9,0.5,34.3,43.6,0.5,66,2.1,3045317.22,95166.16,13,0.4,29.5,14.2,1.9,2.1,49.2,62.7,67.2,2.14,1.82,27.4,3.9,4.7,1.9,1.3,23.4,20.1,88.9,89.1,0,24.9,6.2,6.6,24.6,10.6,35.3,9.8
"ATIED ASSOCIATES",53,18,4,1,1,5,27.8,100,0,0,1.9,2.4,1.8,2.6,3.1,2.7,0.6,46.7,44.1,0.5,43,2.4,2513261.62,139625.65,19,1.1,27,12.9,3.9,3.9,40.5,47.3,45.4,1.98,1.65,22.4,2.5,5.2,1.7,1.6,19.9,13.9,89.2,77.9,0,17.6,6.2,51.8,14,10.5,43.9,8.8
"ATLAS HEALTHCARE",598,19,4,0,0,1,5.3,94.7,5.3,0,3,2.6,2.2,4.2,3.6,3.3,0.5,48.9,47.7,0.9,22,1.2,1363850.85,71781.62,1,0.1,23.6,8.9,1.7,2.5,53.4,69.2,70.3,1.61,1.11,12,2.2,5.8,0.5,0.5,14.9,10.7,97.3,89.3,0,25.8,4.8,8.9,17.8,10.5,46.9,10.1
"ATRIUM CENTERS",54,27,4,0,0,1,3.7,100,0,0,2.9,2.7,3.1,3.7,3.5,3.1,0.7,46.5,39.8,0.4,28,1,1247842.6,46216.39,10,0.4,23.9,16.7,1.2,3.1,55.5,72,69.2,1.57,2.01,14.7,3.5,4.5,2.2,1.9,15.8,13.3,93.2,89.9,0.2,13.6,7.2,4.8,17.7,10.6,42.5,10.7
"ATRIUM HEALTH",55,6,1,0,0,0,0,0,100,0,3.8,3.5,3.8,3.7,4.7,4,1.3,38,27.7,0,2,0.3,17054.25,2842.38,0,0,20,9.4,0.9,5.5,47.9,76.1,75.1,1.74,2.15,7.6,1,8.2,2.8,1.5,33.3,21.8,90.9,69.3,0,27.7,7.1,1.6,20.6,10.6,48.7,2.2
"AUTUMN LAKE HEALTHCARE",56,53,5,0,1,4,7.5,98.1,1.9,0,2.3,2.3,2.2,3.3,3.6,3.3,0.5,45.4,45.1,0.6,18,0.3,767125.7,14474.07,3,0.1,25.5,11.1,1.3,2.6,49.3,86.3,89.8,1.6,1.42,12.7,1.8,6.2,0.9,0.5,33.1,26.9,98.2,98.1,0,25.9,6.8,18.6,14.5,11.6,46.8,15.6
"AVALON HEALTH CARE",57,17,6,0,0,3,17.6,94.1,0,5.9,3.2,2.7,3.7,3.9,4.4,3.9,1,48.9,48.1,0.3,16,0.9,339431.94,19966.58,1,0.1,20.7,13.6,0.8,1,53.1,90.6,91.2,1.26,1.31,9.3,3.3,4.5,1.9,0.7,24.8,15.2,98.2,98.3,0.1,23.4,5.3,9.9,16.5,9.8,44.3,9.4
AVAMERE,58,33,2,0,0,4,12.1,100,0,0,2.8,2.6,3.4,3.6,4.6,4.1,0.6,44.4,55.2,1.1,47,1.4,1837986.61,55696.56,5,0.2,21.4,16.1,1.4,1.8,53,84.1,91.3,1.43,1.56,13.2,2.6,6.7,2.1,1.8,26.9,17.1,95.3,97.1,0,21.5,5.1,13,11.2,9.4,31,9.4
"AVANTE CENTERS",59,11,1,0,0,0,0,90.9,9.1,0,2.9,2.7,2.3,3.6,3.5,3.3,0.5,48.8,45,1.9,4,0.4,87730.5,7975.5,1,0.1,28.4,10.7,1,2.5,44.5,96,89.3,2.12,1.06,3.8,2.6,7.2,0.1,0.2,12.1,9,100,95.6,0,17.5,6.2,2.1,11.3,11.1,26.4,37.9
"AVENTURA HEALTH GROUP",60,12,3,0,2,3,25,100,0,0,1.8,1.6,2.5,3.7,3.5,3.2,0.5,61.8,64,1,19,1.6,1310711.28,109225.94,9,0.8,26.7,12,1.8,2.7,55.4,57.8,63.9,1.76,1.58,14,2.5,5.7,1,0.8,13.3,11,90.7,84,0.1,23.6,6.7,8.9,20.9,10.3,36.6,0.4
"AVERA HEALTH",61,10,3,0,0,0,0,0,100,0,3.9,3.1,4.8,3.3,4.3,3.7,1.1,38,21.4,0.4,5,0.5,61207.25,6120.73,2,0.2,18.4,15.2,1.3,3.9,69.4,91.6,94.5,1.18,1.77,12.5,4.5,4.5,1.5,4.5,26.4,22.3,99.3,99.9,0,23.3,4.4,2,14.7,10,37,2.6
"AVID HEALTHCARE GROUP",700,11,1,1,0,0,0,100,0,0,1,1.4,1,2.1,3.5,3.1,0.5,76.7,67.4,0.7,13,1.2,332463.03,30223.91,9,0.8,24.3,13.5,2,2.7,49.4,71.8,79.8,2.19,1.95,23.2,2.9,5,1.2,1.9,31.5,23.5,95.8,92.9,0.5,26.8,7.4,12.3,21.7,10.4,41.4,0.7
"AVIR HEALTH GROUP",719,17,1,1,2,2,11.8,100,0,0,2.1,1.9,1.1,4.3,3.1,2.8,0.3,67,63.4,0.8,40,2.4,2366876.94,139228.06,3,0.2,26,17.6,0.8,1.1,56.4,95.9,97.4,2,2.16,3.1,2.3,3.8,0.1,0.4,11.2,15.3,98.4,99.6,0,8.4,2.2,3.8,30.5,11.4,35.3,2.5
"AYDEN HEALTHCARE",63,11,1,0,0,0,0,100,0,0,2.1,1.8,1.6,4.5,3.4,3,0.4,55.3,47.4,0.7,21,1.9,388874.98,35352.27,2,0.2,24,18.3,0.4,1.6,45.6,60.8,67.6,1.52,2.43,7,2.5,4.3,0.2,0.2,9.2,5.6,86.8,92.1,0,23.7,5.4,26.4,24.9,10.8,35.9,11.5
"AZRIA HEALTH",64,9,2,0,0,0,0,100,0,0,2.1,2.2,2.8,1.9,3.9,3.4,0.5,54.2,53.6,0.4,5,0.6,78095,8677.22,3,0.3,27.2,19.5,1.8,2.9,54.5,61.1,73.8,1.94,2.83,17.3,4,5.2,2.7,2.9,29.9,23.6,93.3,86.2,0.2,28,3.9,4.7,19.9,10.2,28.4,1.8
"BALL HEALTHCARE SERVICES",66,10,1,0,0,1,10,100,0,0,2.2,2.4,2.8,2,3.3,2.8,0.6,41.1,37.1,0.1,1,0.1,9317.75,931.78,0,0,25.3,13.8,3.1,4.7,49.4,66.9,68.2,2.14,1.94,17.8,2,7.4,4.8,3.1,25.5,20,91.8,80.1,0.6,10.2,4.9,0.4,17.2,9.6,41.9,3.1
"BALLAD HEALTH",67,4,2,0,0,0,0,0,75,25,3.5,3.3,4.5,3.5,5.3,4.3,1.5,35.9,21.6,0,1,0.3,9769.5,2442.38,1,0.3,28,13,0.9,1.1,63.8,83.4,79.6,1.49,1.36,21.4,1.5,4.5,5.8,2.8,42.4,22.9,98.8,98.1,3,25,3.4,3.9,23.6,10.7,21.6,2.3
"BANECARE MANAGEMENT",68,9,1,0,0,0,0,100,0,0,3.6,3.4,2.2,3.3,3.8,3.4,0.6,"","",1.1,7,0.8,339072.5,37674.72,0,0,27.8,10.4,1.3,2.5,49.3,79.8,76.5,1.39,1.07,19,3.9,4,1.9,1.1,27.4,22.9,96.6,92.5,0,24.8,4.9,2.5,16.4,10.4,58.7,25.5
"BAYSHIRE SENIOR COMMUNITIES",682,10,1,0,0,0,0,100,0,0,2.5,2.6,1.8,3.8,4.3,4,0.5,51,46.7,0.7,66,6.6,591734.85,59173.48,3,0.3,25.1,12.1,1.1,1.9,47,94.4,98.7,1.76,2.39,9.4,2.6,4,0.4,0.6,22,14.6,99.4,99.3,0,9.8,4.1,12.6,16.2,12.7,28.7,9.4
"BEACON HEALTH MANAGEMENT",69,22,2,1,1,2,9.1,100,0,0,1.1,1.8,1.2,2.1,2.9,2.7,0.4,57,74.8,1.4,69,3.1,1591996.21,72363.46,17,0.8,23.5,16.7,3.7,5.4,51.1,72.7,59.9,2.02,2.51,33.1,2.8,6.1,1.9,1.8,26.2,20.4,94.9,84.7,0.1,20.8,7.5,6.9,28.4,10.3,44.2,7.2
"BEAR MOUNTAIN HEALTHCARE",70,13,2,0,1,0,0,100,0,0,2,2.1,2.5,2.7,3.6,3.2,0.5,41.7,44.5,1.1,23,1.8,957777.07,73675.16,3,0.2,31.3,11.9,2.1,2,51.6,82.6,76,1.98,1.38,20.2,3.1,7.2,1.3,0.9,21,18.5,94.3,91.1,0.2,17,5.7,4.2,20.3,10.9,63.4,18
"BEDFORD CARE CENTERS",71,7,1,0,0,0,0,100,0,0,2.3,2.6,3.6,1.4,4.3,3.8,0.6,54.8,60.8,0,10,1.4,358132.43,51161.78,3,0.4,38.5,17.1,1.8,3.7,49.3,87,96.4,3.23,3.66,21.1,2.7,7.2,2.6,2.5,36.6,25.6,93,98.9,0.9,24.6,9.8,8.8,27.8,11.6,36.3,2.3
"BEDROCK CARE",72,24,2,0,0,3,12.5,100,0,0,1.8,1.7,2.7,3,3.4,3.1,0.5,52.7,48.3,0.8,87,3.6,2304839.78,96034.99,8,0.3,25.2,13.2,1.6,2.4,51.6,70.2,67.2,1.99,1.46,14.6,2.6,6,1.5,1.1,19.4,16.3,94.2,84.4,0,23,7.6,1.7,18,10.6,40.4,7.6
"BEDROCK HEALTHCARE",73,10,4,1,3,5,50,100,0,0,1.1,1.2,2,2.4,3.4,3,0.5,60,60.2,1.2,31,3.1,1583237.45,158323.75,16,1.6,28.2,13.4,1.6,4.5,49.6,70.7,81.1,1.87,2.47,16.4,2.6,8,2.7,3.4,25.6,16.7,78.2,90.7,0.2,27,6,3,20.1,11.2,14.1,0.9
"BEEBE FAMILY",74,46,2,0,0,4,8.7,100,0,0,2.4,2.8,3,1.7,3.8,3.2,0.4,49.2,32.6,0.3,37,0.8,766930.91,16672.41,3,0.1,30.1,16.3,2.6,3.7,49.6,87.9,91.6,2.6,2.87,20.4,3.4,6.9,3.3,1.8,28.1,23.2,97.2,95.7,0,22.8,4.5,1,21.3,11.3,25.8,7.2
"BENEDICTINE HEALTH SYSTEM",75,23,4,0,0,2,8.7,4.3,95.7,0,2.8,2.8,3.6,3,3.8,3.4,1,50.6,37,0.6,25,1.1,714066.67,31046.38,6,0.3,23.7,13.5,1.7,2.9,57.5,88.6,91.2,1.3,1.74,18,3.1,5.8,2.4,2,27.9,25.5,95.1,97.2,0,27,4.6,4.2,14.8,9.8,47.6,2.5
"BENJAMIN LANDA",646,78,4,1,1,4,5.1,98.7,1.3,0,2.8,2.9,2.4,2.9,3.6,3.2,0.6,47.1,48.2,0.9,71,0.9,2171666.39,27841.88,1,0,26.4,13.9,2,3.1,44.9,88.3,87.7,2.11,2.12,12.8,3,6.7,1.7,0.9,19.9,14.8,97.7,96.2,0,20.6,6.4,14.9,23.8,10.6,28.4,7.3
"BEST CARE SERVICES",583,10,3,0,1,0,0,100,0,0,2,2.1,2.4,2.5,3.4,3,0.5,43,48.7,1,22,2.2,1266428,126642.8,3,0.3,26.2,15.5,1.4,3.1,45.3,67.4,71.6,2.09,1.91,13.2,3,5,1.4,1.1,28.8,25.3,85.3,91.3,0,29.3,5.7,2.3,16.5,10.8,42.7,20.6
"BETHESDA HEALTH",77,2,2,0,0,0,0,0,100,0,4,4,3.5,3,4.6,4.1,0.6,43.2,42.2,1,3,1.5,54089,27044.5,0,0,30.4,19,0.7,2.4,58.9,63.9,64.7,1.69,1.82,4.2,7.1,6.6,2.1,0.9,22.2,30.3,88.1,94.4,0,25,4.6,5.7,28.3,11,38.6,20.8
"BGM ESTATE",78,15,1,0,1,1,6.7,100,0,0,1.9,2.2,2,2.6,3.3,3,0.3,53.6,44.4,0.8,17,1.1,553142.63,36876.18,5,0.3,28,14.1,1,3.8,48.8,73.8,78.9,2.75,3.01,15.4,4.4,5.9,3.2,2,22.1,19.2,94.8,92.6,0,12.1,4.7,2.5,25.1,12.1,17.7,0.8
"BHI SENIOR LIVING",80,6,2,0,0,0,0,0,83.3,16.7,4.3,4.2,3.8,4.2,5.1,4.2,1.7,32.9,38.1,1,1,0.2,20826,3471,0,0,21.9,12,0.5,5.1,69.5,96.4,96.1,1.51,1.48,11.7,4.8,3.5,3,0.9,27.7,25.2,100,99.9,0,29,5.9,11.2,21.3,10.3,25.7,1.6
"BIG ROCK SNF HOLDINGS",606,9,1,0,0,1,11.1,100,0,0,3,3,2.6,2.9,3.9,3.3,0.3,54.6,57.7,2.1,3,0.3,44069.15,4896.57,0,0,27.5,14.2,1.6,4,58.6,69.2,75.5,2.04,2.65,20.5,3.4,7.9,1,0.8,18,15.9,92.8,93.6,0,20.1,5.7,0.8,29.9,11.1,26.3,0.5
BIRCHWOOD,634,6,1,0,1,2,33.3,50,0,50,1.8,1.8,2.8,4,3.3,2.9,0.4,47.5,34.5,0.4,12,2,270812.69,45135.45,3,0.5,28.7,13.5,0.7,1,50.6,93.2,76.7,3.03,2.01,7.8,3.5,3.1,0,0.3,12.1,10.8,97.1,95.1,0.4,20.5,4.9,2,28.2,10.3,28.8,0.6
"BLUE CENTRAL GROUP",83,3,2,0,1,1,33.3,100,0,0,1.3,1,1,4.3,3.1,2.8,0.3,67.8,86.4,1,9,3,360821.36,120273.79,2,0.7,24.8,7.5,2,0,57.1,66.5,64,3.08,1.69,12.8,2.3,6.3,0.8,0.8,5.3,5.6,95.4,92.2,0,13.6,10.9,20.9,14.4,12,8.6,0.6
"BLUE RIDGE HEALTHCARE",84,2,2,0,1,0,0,100,0,0,1,1.5,1.5,1,3.4,3.4,0.4,78.3,58.9,0.5,3,1.5,388940.5,194470.25,0,0,36.9,25,8,1.3,23.4,64.3,75.2,2.4,2.09,23.2,2.3,10.5,2.3,2.8,23.8,23.5,90.8,94.8,0,9.4,6.5,6,42.9,11.2,39.5,28.8
"BLUE SPRING HEALTHCARE PARTNERS",85,5,1,0,0,0,0,100,0,0,4.6,3.8,3,4.8,3.4,3.2,0.5,56.3,48.1,0.8,0,0,0,0,0,0,24.5,9.9,1.6,1.7,52.9,96.6,95.8,1.33,0.57,16.2,2.4,4.4,0,0.1,12.5,10.9,100,99.4,0,17.6,6.8,1.9,27.1,11.2,45.2,9.2
"BONAMOUR HEALTH GROUP",576,5,1,0,1,0,0,100,0,0,1.6,1.4,2.8,2.6,3.7,3.3,0.9,"","",2,10,2,345624.72,69124.94,1,0.2,19.4,14,2.9,5.6,53.3,66.3,70.9,1.74,2.42,17.5,2,10,0.8,1.7,31.5,24.3,93,88.8,0,27.2,7.2,3.5,25.1,11,32.6,1
"BONCREST RESOURCE GROUP",86,5,4,0,0,0,0,40,60,0,2.8,2.6,3,3.4,4.1,3.7,0.8,62.6,65,0.8,3,0.6,35503,7100.6,1,0.2,23.7,8.7,0.6,1.7,53.7,82,67.9,2.02,1.22,16.7,6.1,6.3,1.2,1.3,33.5,29.3,93.1,87.2,0,31.1,6,2.4,14.4,10.6,44.2,3.8
"BOOKER HOSPITAL DISTRICT",587,6,1,0,0,1,16.7,83.3,0,16.7,2.5,2.7,1.7,2.6,3,2.7,0.2,45.6,45.6,0.6,8,1.3,138933.18,23155.53,0,0,23.9,16.9,2,1.3,43.2,70.1,75.6,2.08,2.21,14.2,2.9,3.3,0.7,0.8,25.2,21.8,94.8,91.5,0,17.7,3,1.3,24.3,10.3,35.7,4.3
"BRADFORD MONTGOMERY",87,11,2,0,0,0,0,100,0,0,2.1,2.5,2.2,2.5,3.7,3.4,0.3,57,"",1.1,9,0.8,161479.73,14679.98,3,0.3,29.7,22.3,4.8,2.1,55.1,67.6,84.1,1.95,2.27,22.7,4.7,4.1,1.3,3.7,21.6,18.9,95.3,95,0,12.5,2.9,3.4,29,11,43.3,0.6
"BRIA HEALTH SERVICES",88,15,1,0,2,10,66.7,100,0,0,1.1,1.5,1.1,2.8,3.5,3,0.5,59.5,66,1.3,79,5.3,4739054.47,315936.96,26,1.7,28.1,16,3.1,1.8,37.9,43,51.4,1.92,2.3,10.4,2.4,4.7,0.2,0.4,11.8,7.7,77.7,71.8,0,17.6,8.1,95.6,16.9,10.7,44.3,15.6
"BRIAR HILL MANAGEMENT",89,6,1,0,0,1,16.7,100,0,0,2.2,2.7,4,1.5,4.1,3.5,0.7,54.1,52.8,0.7,5,0.8,100467.25,16744.54,0,0,32.2,21.8,1.4,3,58.7,97.1,93.3,3.29,3.55,21.8,3.8,7.3,1.4,1.8,26.3,22.4,99.6,98.1,0.1,26.9,7.2,0.7,21.3,10.5,25.3,0.8
"BRICKYARD HEALTHCARE",90,23,1,0,0,4,17.4,91.3,4.3,4.3,1.9,2,1.9,3.1,3.4,3,0.6,47.8,45.5,0.3,10,0.4,252833.06,10992.74,1,0,24.5,13.7,2.7,2.8,53.1,61,68.2,1.83,1.56,15.3,3.4,5.8,0.5,0.4,22.2,16.6,89.6,87.8,0,26.9,6.3,25,27,10.8,36.6,0.5
"BRIDGES HEALTH",91,31,1,0,0,0,0,96.8,3.2,0,3.5,3.4,3.1,3.1,3.6,3.3,0.4,51.9,50.7,0.5,11,0.4,148175.92,4779.87,1,0,28.2,20.2,1,3.4,48.4,90.1,94.1,2.17,2.96,9.8,3.9,6.6,1.5,0.5,15.6,9.2,97.7,99.2,0.2,18.7,2.2,0.7,23.3,10.5,40.7,1.1
"BRIUS MANAGEMENT",92,36,1,0,2,7,19.4,100,0,0,2.3,2.2,2.5,3.7,4.1,3.7,0.4,41.6,50.6,0.5,53,1.5,1458439.66,40512.21,13,0.4,24,13.6,2.3,1.7,53.9,90.6,93.8,2.59,1.56,9.4,1.4,6.1,0.9,0.8,13.6,12.6,98.7,98.7,0,11.5,5.5,16.1,12.4,10.4,48.4,19
"BROOKDALE SENIOR LIVING",93,14,10,0,0,2,14.3,100,0,0,2.9,2.5,3.8,3.9,4.5,4,1.2,46.1,39.2,0.7,17,1.2,727297.54,51949.82,3,0.2,25.6,12.2,1,3.3,52.6,86.8,89.5,1.93,1.34,9.6,4.3,7.5,2.9,1.1,24.2,16.4,88.4,97.4,0,27,9.1,1.4,14.8,10.4,24.9,4.5
"BUCKNER RETIREMENT SERVICES",706,5,1,0,0,1,20,0,100,0,2.8,2.8,3.8,3.6,5.7,5.3,1,55,54.3,0.7,3,0.6,68425.5,13685.1,0,0,31.8,10.3,0.9,2.3,65.9,97,98.4,1.94,1.77,15.3,2.6,6.8,1.4,1.3,27.4,15,96,99.7,0,9.3,1,2.8,21.3,10.7,19.4,7.8
"BVHC, LLC",82,12,1,0,0,1,8.3,100,0,0,3.3,3,2.9,3.7,4.3,3.9,0.5,49.9,49.6,0.7,28,2.3,229150.82,19095.9,3,0.3,27.7,13.9,1.3,1,51.3,98.9,98.6,2.29,2.2,11.5,2.2,4.9,1.4,1.4,14.7,9.5,100,100,0.1,14.1,5.6,1.6,11.5,10,39.4,24.1
"C. ROSS MANAGEMENT",95,10,2,1,1,0,0,100,0,0,1.9,2.3,1.6,2.4,3.4,3,0.3,49.9,69.2,0.7,11,1.1,322101.62,32210.16,1,0.1,25.9,16.3,3.3,4.3,59.5,68,68.8,2.46,3.59,24.5,4.5,4.5,3,2.1,36.3,29.1,93.3,84.3,0,16,7.1,11.2,28.6,13.5,30.3,2.1
"CADIA HEALTHCARE",96,5,1,0,0,0,0,100,0,0,3.4,3.2,3.2,4.2,3.9,3.6,0.8,50.4,43.8,0.4,5,1,213479.5,42695.9,0,0,27.2,11.4,0.1,2.2,60.3,83.1,96.5,2.28,1.78,6.1,1.9,4.9,1.5,0.7,18.5,14.7,97.1,99.1,0,21,5.7,2.4,27.4,9.1,61.4,4
"CALDERA CARE",97,17,3,0,2,4,23.5,100,0,0,2.3,1.9,2.6,3.9,4,3.5,0.6,54.9,58.2,1.1,36,2.1,1528880.2,89934.13,4,0.2,21.3,12.6,1.7,3.2,54.2,78,84.6,1.13,1.83,15.3,2.8,6,1.6,1.7,15.8,13.2,93.7,96.3,0.1,21.4,5.6,9.5,10.8,9.9,34.6,14.2
"CAMBRIDGE HEALTHCARE SERVICES",98,33,1,1,1,9,27.3,100,0,0,2.3,2.2,2.9,3.7,4,3.7,0.4,40.3,42,0.5,43,1.3,1469038.85,44516.33,15,0.5,25.4,12,1.3,1.2,43.7,96.6,97.8,2.2,1.48,12.2,1.6,5,1.2,0.9,14.4,10.9,98.8,99.5,0,14.1,3.8,16.5,12.5,10.5,43.1,15.5
"CAMPBELL STREET SERVICES",99,12,2,0,1,1,8.3,100,0,0,1.9,1.8,2.6,3.4,3.5,3.2,0.6,54.4,55.2,0.6,16,1.3,560667.85,46722.32,9,0.8,20.3,12.5,0.7,1.5,52.1,82.9,79.9,1.67,2.08,17.8,3.7,4.2,2.1,2.2,23.8,18.3,96.5,92.7,0.1,31.8,5.3,3.3,23,9.6,46.2,1.6
"CANTEX CONTINUING CARE",100,35,2,0,0,4,11.4,88.6,0,11.4,3.2,2.9,2,4.4,3.3,2.9,0.4,48,46.5,0.8,55,1.6,1095663.09,31304.66,4,0.1,25.1,12.6,0.5,1.3,51.6,99,99.4,1.71,1.61,3.5,3.3,5.3,0.1,0.5,13.9,10.9,100,100,0,12.2,3.2,1.6,18.9,10.8,1,0
"CANYON CREEK HEALTHCARE",101,16,1,0,2,3,18.8,100,0,0,2.9,2.9,2.3,3.6,3.1,2.7,0.5,47.8,46.3,0.7,34,2.1,921281.72,57580.11,2,0.1,25.4,20.7,1.1,2.1,56.7,87.8,90.1,1.61,3.19,9.7,2.6,5.6,0.1,0.8,19.2,14.1,99.7,99.4,0,21.8,5.8,0.5,12.8,11.4,31.2,6.2
"CAPSTONE MANAGEMENT",102,9,2,0,0,0,0,100,0,0,2.8,2.8,3.4,2.3,4.2,3.6,0.7,52.2,51.6,0.3,8,0.9,226677.41,25186.38,2,0.2,27.6,12.5,3.2,4.3,51.1,81.9,82.1,2.08,1.97,15.3,2.6,6.4,1.5,2.4,26.8,21.1,89.2,94.4,0.2,23,6.5,6.3,23.2,10.3,29.3,2.9
"CARADAY HEALTHCARE",103,21,1,0,0,6,28.6,66.7,0,33.3,2.4,2.4,1.9,3.8,3.3,3,0.4,54.4,51.2,0.5,43,2,1479513.41,70453.02,4,0.2,27.3,12.1,0.5,3.2,49.2,70.8,70.2,1.97,1.51,6.5,3.1,4.7,0.5,0.6,23.3,20.8,97.2,94.1,0,22.2,5.4,4.2,21.1,10.5,30.7,10.8
"CARDON & ASSOCIATES",105,19,1,0,0,3,15.8,31.6,0,68.4,3.5,3.3,2.4,4.4,3.4,3,0.6,52.7,36.1,0.5,10,0.5,237981.25,12525.33,1,0.1,23.3,10.9,1.4,1.3,55.4,84,86,1.45,1.27,11.2,4.7,4.7,1.2,0.1,15,11.5,94.3,94.6,0,23.9,7.9,4.5,23.5,11.2,39.1,9.5
"CARE & REHAB",673,6,2,0,0,0,0,100,0,0,3.7,3.7,3.7,2,4.2,3.7,0.9,40.4,39.9,0,2,0.3,243505.75,40584.29,1,0.2,24.6,25.4,0.3,7.9,58.2,85.9,88.2,1.62,4.18,15.7,4.2,5.9,2.6,4.2,30.7,23.4,98.3,98.3,0,26.9,3.8,1.8,10.3,10,62.7,12.8
"CARE INITIATIVES",106,43,1,0,0,1,2.3,14,86,0,2.4,2.3,3.1,3.2,3.2,2.9,0.6,47.6,51,0.9,53,1.2,1926760.8,44808.39,15,0.3,20.9,14.9,2.1,2.4,49.1,79,90.5,1.27,2.06,22.6,3.4,3.7,1.8,2,22.6,17.1,94.7,97,0.1,27.1,4.6,3.9,23.1,10.2,31.8,2.4
"CARE NETWORK",107,8,2,0,0,0,0,100,0,0,1.4,2.1,1.4,1.9,2.5,2.2,0.3,73.9,74.5,1,15,1.9,227394.69,28424.34,0,0,30.5,16.7,3,3.7,43.6,59.2,77.9,2.28,2.27,21.2,4.3,7.3,0.6,1.5,21.2,18.7,91.2,92.5,0,13.4,5.4,16.8,22.9,9.7,26.7,10
"CARECORE HEALTH",108,10,1,0,0,0,0,100,0,0,1.7,1.8,1.7,3.5,3.6,3.2,0.4,63.8,47.3,0.5,7,0.7,210198.77,21019.88,6,0.6,29.3,19.1,1.3,3.7,39.8,66.3,68.4,1.8,1.44,16.5,3,4.7,0.6,0.2,16.8,12.1,85.5,88.5,0,18.9,6.7,37.9,25.7,11.4,3.6,0.1
CAREONE,109,37,4,0,0,0,0,100,0,0,3.5,3.1,3.2,4.3,3.8,3.4,0.7,31.4,34.4,1,29,0.8,760508.69,20554.29,2,0.1,25.9,9.4,1,2,58.2,76.4,77.6,1.64,1.05,17.5,2.9,7.4,0.9,1.4,19.9,15.5,93.5,88.8,0.1,22,5.7,10.3,18,11,28,13.4
"CARERITE CENTERS",110,32,6,0,0,2,6.3,96.9,3.1,0,3,2.5,2,4.7,3.5,3.1,0.6,44.4,48.7,0.3,21,0.7,685870.03,21433.44,3,0.1,21.1,7.2,1,2.1,53.2,72,74.8,1.49,0.81,9.1,2.4,5.9,0.6,0.2,18.1,15.3,91.3,89.6,0,23.2,7,11.5,18.2,10.3,34,10
CARESPRING,111,15,2,0,0,0,0,100,0,0,4.2,3.9,2.3,4.3,4,3.4,0.7,54.3,37.5,0.8,4,0.3,50215,3347.67,1,0.1,25.5,12.8,0.9,1.8,47,94.3,99.7,1.83,1.74,8.3,3.6,3,0.1,0.4,8,4.8,97.1,99.9,0,27.8,6.9,29.1,22.2,11.1,6.5,2.2
"CARING HEALTHCARE GROUP",113,12,1,0,0,2,16.7,41.7,0,58.3,2.8,2.7,2.7,3.7,3.7,3,0.4,48.7,51.6,0.1,16,1.3,416954.45,34746.2,0,0,28.1,14.8,0.8,1.1,54.1,91.3,99,2.27,1.92,3.8,1.7,2.1,0,1.1,19.5,19,98.7,99.7,0,6.2,3.9,6.3,18.9,11.2,18.5,7.7
"CARING PLACE HEALTHCARE GROUP",114,5,1,0,0,0,0,100,0,0,4,3.6,2,4.6,3.6,3.3,0.4,48.4,33.2,0.6,2,0.4,25673.93,5134.79,0,0,31.4,14,0.9,0.3,67.3,85.1,89.6,1.26,1.56,8.8,1.9,0.8,0.5,0.1,15.1,8.7,95,94,0,27.9,6.5,41.3,25.5,11,15.5,1.7
"CARLYLE SENIOR CARE",599,8,1,0,0,0,0,100,0,0,2.5,3.1,2.3,1.8,3.6,3.1,0.4,51.3,55.5,0,4,0.5,50612.25,6326.53,0,0,31.4,22.1,3.1,5.7,44,79.7,86,2.68,3.11,18.6,2.9,7.2,3.4,2.1,19.5,19.3,97.2,98.9,0.1,15.5,5.9,2.6,19.8,11,31.1,0.5
"CARMELITE SISTERS FOR THE AGED AND INFIRM",637,2,2,0,0,0,0,0,100,0,3,3,4,3,4,3.8,0.8,45.9,37.7,0.5,2,1,30195.75,15097.88,0,0,30.6,16,1.2,2.2,35.5,77.4,79.3,1.85,0.79,13,1.6,2.6,1.2,0.2,27.9,19.8,98,96.7,0,28.8,4,5.2,18.3,9,59.4,2.7
"CARMELITE SISTERS FOR THE AGED AND INFIRMED",115,4,3,0,0,0,0,0,100,0,3.8,3.8,3.5,3.5,4.3,3.9,0.8,48,47.1,0.5,5,1.3,63352.08,15838.02,0,0,27,13.6,0.5,3.4,60.2,83.9,79.1,1.4,1.33,12.5,3.4,4.5,3.2,0.9,27,17.2,97,89.5,0,28.4,8.3,3.6,8.2,11.1,35.5,9.5
"CARROLTON HEALTH",116,6,1,0,0,1,16.7,100,0,0,1.5,1.8,2.2,2.2,3.3,3,0.3,41.9,46.2,1,7,1.2,180834.77,30139.13,1,0.2,22.6,15.3,2.7,5.5,34.3,52.2,48.8,1.62,2.26,11.4,3.3,10.6,1.7,2.8,21.3,13.8,78.5,79.8,0,11.7,7.9,3,21.8,11.1,14.2,1.8
"CASA CONSULTING",695,6,1,0,2,0,0,16.7,0,83.3,1,1.2,1.3,2.5,3.4,2.9,0.4,60,46.7,0,10,1.7,155598.94,25933.16,5,0.8,24.4,7.8,1.6,3.6,39,24.7,26.8,2.4,1.38,13.3,3.4,7.6,1.3,1.6,33.7,25.7,65.6,58.1,0,26.9,4.7,24.5,14.2,12,72.7,63.3
"CASCADE CAPITAL GROUP",735,3,2,0,1,0,0,100,0,0,2.3,2.3,3.3,2.3,3.9,3.4,0.5,51.2,46.3,0.7,9,3,283873.5,94624.5,0,0,19.9,15.1,2.9,3.1,54.9,31.4,89.8,1.87,2.51,17.7,3,5.8,3.9,2.7,24.5,23.4,93.4,95,0,26.2,5.6,2.7,16,10.2,25.3,2.3
"CASCADES HEALTHCARE",117,19,3,1,4,5,26.3,73.7,0,26.3,2.1,1.6,2.2,3.9,3.4,2.9,0.8,59.5,53.6,0.5,43,2.3,2030426.49,106864.55,14,0.7,20.2,13,1.2,1.9,51,72,78.8,1.39,1.28,20.4,3.1,3.8,1.7,0.9,20,15.7,96.7,93.7,0,22.6,4.4,23.2,24.1,10.3,21.1,18.7
"CASCADIA HEALTHCARE",118,44,5,1,1,2,4.5,97.7,2.3,0,3.2,2.9,2.8,3.9,3.8,3.2,0.8,52.9,48.4,0.7,83,1.9,1347905.15,30634.21,4,0.1,17.5,14.9,1.1,1.4,58.2,78.8,84.1,0.99,1.67,15.3,2.8,4.6,2.1,1.8,26.3,19.6,92.7,95.7,0,25.2,6.5,12.6,17.3,9.9,36.8,9.3
"CASSENA CARE",119,14,2,0,0,1,7.1,100,0,0,3.6,3.3,2.8,4.4,3.4,3,1,38.8,47.7,0.6,6,0.4,261927,18709.07,1,0.1,25.6,9.8,1.2,0.9,72,86.6,90.4,2.2,1.6,8.9,2.2,5.9,0.8,0.3,9.4,9.8,97.8,97.6,0,23.9,7,50.2,9.5,9.8,41.8,6.3
CASSIA,120,16,4,0,0,0,0,0,100,0,4.4,3.7,4.9,4.2,4.6,4.1,1.1,40.1,30,0.2,6,0.4,80910.25,5056.89,2,0.1,22.8,10.6,1.2,0.8,64.3,92.1,95.8,1.64,1.46,12.1,2.9,4.6,2.4,1.3,26.1,17.2,97.8,98.3,0,25.7,2.2,3.8,10.6,9.7,50.9,10.8
"CASTLE HEALTHCARE",121,7,1,0,0,0,0,71.4,28.6,0,2.3,2.4,1,4.3,3.2,2.9,0.4,47.5,49.6,0.7,6,0.9,175338.3,25048.33,2,0.3,28.5,11.6,1.2,5.4,60.9,61.3,72.9,1.25,1.89,17.3,2.1,4.8,1,0.3,8.1,2.6,95.6,86.3,0,18.7,6.9,39.5,26.8,10.8,22.4,0.3
"CATHOLIC CHARITIES NEW HAMPSHIRE",122,6,1,0,0,0,0,0,100,0,4,4,4,4,4,3.6,0.7,52.9,45.5,0.6,0,0,0,0,0,0,28.6,11.8,0.6,1.2,57.2,88.9,86.7,1.77,1.83,3.4,3.4,4.2,3,2.9,18.3,21.9,98.7,95.7,0,30.7,6.8,0,14.3,9.9,62.1,30.9
"CAVALIER HEALTHCARE",691,2,2,0,0,0,0,100,0,0,2,2.5,2,3.5,3.4,2.9,0.3,44.4,70,1,9,4.5,65151.89,32575.95,0,0,30.3,17.1,0.1,4,38,91.9,95.1,2.48,1.58,14.3,4.6,4.8,2.2,1.1,9.6,9,99.1,95.7,0,16.3,4.8,0,23.2,9,86.6,48.2
"CCH HEALTHCARE",124,31,2,0,0,6,19.4,100,0,0,2.3,2.2,2.7,3.2,3.7,3.3,0.7,57.3,48.6,0.7,50,1.6,2602353.68,83946.89,12,0.4,25.1,15.6,1.6,3.3,43,62.5,66.3,1.97,1.95,9.4,2.8,6.7,0.8,0.3,13,9.1,86.5,83.1,0,23.3,8.6,9.5,26.3,10.5,31.5,12.2
"CELEBRATE SENIOR LIVING",647,3,2,0,0,0,0,66.7,33.3,0,3,3.7,2,3.7,3.5,3.2,0.6,35.8,29.2,0.3,4,1.3,70049.5,23349.83,0,0,20.8,17.9,2.8,0.6,52.8,73.2,79.3,1.47,1.43,17.4,3.1,5.8,3.1,0.4,24.4,15.9,97.1,95.8,0,23.2,7.2,37.3,14.5,11.8,54.4,1.5
"CENTENNIAL COLORADO HOLDCO",592,7,1,0,0,2,28.6,100,0,0,2.9,2.6,2.1,4,3.3,2.9,0.7,44.4,40,0.7,6,0.9,93004.6,13286.37,0,0,18,15.3,0.8,1.6,58.6,78.1,84.7,0.98,2.7,18,4.9,1.9,0.3,0.6,9.5,11.3,97.7,94,0.3,15.4,2.9,22.3,21.1,10.9,41.3,4.5
"CENTER MANAGEMENT GROUP",619,14,4,1,0,1,7.1,100,0,0,3,2.9,1.7,4.2,3.6,3.2,0.5,45.9,35.9,0.3,8,0.6,595260.71,42518.62,1,0.1,25.7,11.8,0.9,1.5,52,64.8,64.2,2.02,1.61,9.2,2.9,5.6,0.6,0.7,15.2,12.5,92.7,89,0,23.2,6.3,41.2,17.5,10.7,30.5,1.4
"CENTERS HEALTH CARE",127,36,3,0,1,3,8.3,100,0,0,2.1,2,1.8,3.5,3.5,3,0.4,51.3,46.8,0.6,25,0.7,657685,18269.03,0,0,24.4,12.5,0.9,2.5,54.3,80.4,81.7,1.76,1.7,9.9,2.5,7.2,0.9,0.4,19.4,17.7,94.7,95,0,22.4,5,32.7,13.4,9.8,41,35.2
"CENTRAL ARKANSAS NURSING CENTERS",129,39,2,0,1,1,2.6,100,0,0,3.4,3.2,3.2,4.2,4.4,3.8,0.3,50.9,39.8,0.2,13,0.3,414205.1,10620.64,2,0.1,24.2,12,0.8,3.2,53.2,74.3,88,1.75,1.53,7.4,3.2,3.7,0.5,0.7,17.1,11.4,92.6,96.7,0.1,18.1,4.7,0.8,24.4,10.8,36.3,7.7
"CENTRAL MANAGEMENT COMPANY",130,22,1,0,0,7,31.8,100,0,0,2.5,2.8,2.6,1.9,3.7,3.3,0.3,43.2,26.2,3.3,22,1,1182140.2,53733.65,1,0,28,15.3,4.8,3.4,59.8,85.4,90.8,2.5,2.34,17.1,4,6,3.8,2.2,21.7,18.8,98.6,96.9,0.1,8.8,4.3,1.8,28,10.8,41.8,4.1
"CENTURY CARE MANAGEMENT",131,7,1,0,0,0,0,100,0,0,4.1,4.4,2.9,2.7,3.9,3.3,0.4,41.8,32.1,0,1,0.1,8511.75,1215.96,0,0,24.7,10.3,1,3.4,60.3,86,89.4,2.22,2.29,16,3.3,10.2,2.8,1.1,33.8,24.4,97.9,95.4,0.2,23.1,10.1,3.3,17.7,11,28.3,7.9
"CENTURY HEALTHCARE",638,9,1,0,2,1,11.1,100,0,0,1.9,1.8,2.7,3.4,3.4,3.2,0.5,53.9,60.6,1.3,12,1.3,595827.45,66203.05,4,0.4,26.2,11.6,1,2.2,45.5,66.9,72.8,1.57,1.19,18.6,2.4,4.7,0.7,0.8,11.4,9.7,91.6,94.9,0,23,5.6,2.8,20,10.2,46.6,1.8
"CERTUS HEALTHCARE",132,11,1,0,0,2,18.2,100,0,0,1.6,1.5,1.7,3.8,3.1,2.8,0.4,49,51,1.2,17,1.5,766199.97,69654.54,7,0.6,26.8,15.6,2.4,2.7,36.3,82.4,80.8,1.88,2.21,7.6,3.7,5,0.6,0.1,9.5,6.2,98.3,98.7,0,27.4,9,5.8,29.2,10.5,22.3,1.5
"CHAMBERS COUNTY PUBLIC HOSPITAL DISTRICT NO. 1",133,7,1,0,0,1,14.3,57.1,0,42.9,2.4,3,2,2.6,3.4,3,0.3,53,51.7,0.3,18,2.6,246373.44,35196.21,0,0,29.6,13.3,1.4,2.8,37.6,88.2,86.1,2.05,2.05,10.9,4,7,0.7,1,23.2,16.5,96,98.4,0,22.9,8.1,1.8,22.1,10.9,29.9,2.5
"CHAMPION CARE",134,17,3,1,1,2,11.8,94.1,5.9,0,1.6,1.7,1.8,3.1,3.2,2.9,0.6,56.2,50.8,0.5,30,1.8,1599892.41,94111.32,9,0.5,25.5,17.2,2.2,3.8,51.1,42.3,64.6,1.69,1.96,16.1,2,6.6,1.6,1.5,22,13.5,84.7,86.9,0.1,19,4.7,19.1,22.8,10.4,27.1,13.2
"CHARIS TRUST DTD 12/22/16",136,7,1,0,0,1,14.3,100,0,0,3.1,2.4,3.3,4.7,4.1,3.7,0.5,27.6,26.2,0.3,7,1,84352.48,12050.35,2,0.3,25.4,11.8,1,0.8,55.4,96.8,97.9,2.09,1.39,6.1,1.2,4.8,0.4,1.3,6.9,6.6,99.9,99.9,0,7.9,3.1,2.3,13,10.4,56.6,14.6
"CHARLESTON HEALTHCARE GROUP",137,5,2,0,0,3,60,100,0,0,2.6,2.4,2,2.8,2.9,2.6,0.4,42.1,43.3,0.6,11,2.2,279704.29,55940.86,3,0.6,22.4,15.6,1.6,0.3,52.6,96.4,98.9,1.84,2.76,8.7,3.4,3.2,0.3,1.1,22.8,20,99.6,100,0,19.1,3.9,3.2,30.7,10.5,19.2,3.1
"CHELSEA JEWISH LIFECARE",138,5,1,0,0,0,0,20,80,0,3.6,3.6,3.2,4,4.7,4.4,0.6,34.1,39,0.2,3,0.6,31258.46,6251.69,0,0,22.9,6.4,0.6,1.2,48.1,92.3,98.2,1.66,0.86,16.3,4.5,5,0.9,1.3,25.9,25.7,99.2,97,0,11.4,4.6,27.3,16.6,10.3,24.5,10.9
"CHOICE HEALTH MANAGEMENT",140,15,2,2,1,8,53.3,100,0,0,1.2,1.6,1.1,2.5,3.3,2.9,0.4,59.3,67.1,0.8,32,2.1,1864055.75,124270.38,10,0.7,25.4,13.3,2.1,2.9,50.7,75.4,72,1.77,1.81,16,3,7.5,1.1,0.6,35,24.7,91.9,87.3,0,23.1,9.4,5.1,21,10.5,26,4.1
"CHOSEN HEALTHCARE",141,7,2,0,1,1,14.3,71.4,0,28.6,1.6,1.7,1.4,3,2.9,2.6,0.4,50.8,54.6,0.4,12,1.7,421367.17,60195.31,3,0.4,26.7,16.1,2.6,2.6,56.9,99,70.8,2.24,1.64,23.6,5.3,3.1,1,0.7,24.4,26,95.5,86.6,0.3,26.2,8.9,31.3,30.6,10.9,36.8,10.6
"CHRISTIAN CARE COMMUNITIES",142,5,1,0,0,0,0,20,80,0,3.6,3.8,3.2,3.2,4.3,3.8,0.8,59,47.3,0.8,0,0,0,0,0,0,21.6,13.2,1.2,4.1,51.4,81.9,78.6,1.32,2.13,8.9,4.3,5.1,7.3,1.7,31.2,16.7,98,97.2,0,19.6,7.7,1.9,34.2,10.8,51.9,5.3
"CHRISTIAN HORIZONS",143,5,3,0,1,1,20,20,80,0,2,2,2.8,2.8,4.2,3.9,0.7,56.3,55,1,7,1.4,631403.75,126280.75,6,1.2,26.7,14.1,1.2,5.7,63.7,86.7,82.3,1.41,1.8,13.3,4.2,7.1,2.1,1.6,35.7,23.9,97.5,96.2,0.2,33,7.9,1.7,12.4,9.3,61,0
"CIENA HEALTHCARE/LAUREL HEALTH CARE",144,82,5,0,0,7,8.5,100,0,0,2.7,2.6,3.2,3.4,3.6,3.2,0.6,42.7,39.6,0.4,105,1.3,4202951.36,51255.5,28,0.3,24.8,11.6,1.5,3.3,50.9,76.2,83,1.78,1.37,13.8,2.8,7,1.3,0.8,22,15.6,91,95.6,0.1,24.4,6.7,3.6,21.2,10.6,23.8,3.9
"CIRCLE B ENTERPRISES",145,29,2,0,0,3,10.3,100,0,0,2.2,2.8,2,2,3.3,2.8,0.4,61.7,49.8,0.5,19,0.7,482581.11,16640.73,6,0.2,26.4,15.6,1.7,3.5,51.5,63.9,67,2.01,2.19,24.1,4,7.3,2.2,2.4,32.3,23.8,91.2,84.6,0.1,18.8,4.7,6.7,27.4,10.9,27.7,2.1
"CITADEL CARE CENTERS",146,16,2,0,0,2,12.5,100,0,0,2.9,2.4,2.6,4.3,3.3,3.1,0.6,40.4,47.7,1.3,13,0.8,146108.06,9131.75,0,0,24.6,10.7,1.2,2.3,52.2,81.9,75.2,1.71,1.07,6.3,1.4,7.2,0.1,0.2,12.1,10.9,99.3,85.5,0,16.9,6.7,5.4,13,10.7,31.2,10
"CITADEL HEALTHCARE",147,12,1,0,0,1,8.3,100,0,0,3,3.4,2,2.7,3.2,2.8,0.6,38.1,32.7,0.3,17,1.4,393497.81,32791.48,0,0,27.5,12.6,1.7,1.9,39.9,76.9,73.5,2.04,1.58,25.4,2.5,5.9,0.3,0.4,18.1,13.4,98.1,91.4,0,16.9,6.6,85.1,16.7,10.2,57.9,14.1
"CITIZENS MEMORIAL HEALTH CARE",148,6,1,0,0,0,0,0,100,0,4.2,4.2,1.8,3,3.3,2.9,0.5,60.3,56,0.5,0,0,0,0,0,0,18.5,17.4,1.9,2.4,53.7,86.8,90.8,1.76,2.22,14.9,5.5,4.1,2,0.5,25.3,21.9,98.9,97.8,0,18.5,2.7,2.9,21.1,10.6,"",""
"CIVITA CARE CENTERS",683,6,1,0,0,1,16.7,100,0,0,2,2.2,2.8,2.2,3.5,3.1,0.6,38.3,35.1,0.3,7,1.2,133732,22288.67,0,0,34.2,14.5,1.6,2.1,48.9,59.2,59.1,2.25,1.53,21.5,3,5.6,3.8,1.9,23.3,23,89.9,82.2,0,21.2,8.3,1.8,15.2,11.1,46,9.9
"CLEAR CHOICE HEALTHCARE",149,9,2,0,0,1,11.1,100,0,0,3.3,3.2,3.8,3.4,4.1,3.6,0.6,45.7,42.2,0.3,3,0.3,128985.5,14331.72,0,0,27.6,11,1.1,2,54,97.2,99,1.99,1.13,8.2,2.8,5.1,1.7,1.3,24.2,18.9,99.8,99.7,0,17.9,4.6,0.6,20.8,11.9,25,13.5
"COLEV GESTETNER",689,7,4,0,0,0,0,100,0,0,3.3,3.4,3.3,3.6,3.8,3.4,0.6,41.8,35.8,0.3,6,0.9,95875.11,13696.44,0,0,28.6,9.6,0.9,2.6,57.5,82.9,78.4,2.02,1.42,11.4,2.5,5.1,0.5,0.6,12.8,11.1,99.2,93,0,22.4,6.9,20.6,13.5,10.2,44.7,14.1
"COLUMBINE HEALTH SYSTEMS",707,5,1,0,0,1,20,100,0,0,4.2,3.8,4.4,4,4.2,3.8,1.4,48.5,24.9,0.5,5,1,55576.98,11115.4,0,0,15.7,14.1,1.6,2,46.9,81.7,89.1,1.23,1.24,13.8,3.6,4.1,4.3,0.4,27.2,18,97.6,95.5,0,23.5,3.1,3.4,12.7,9.3,42.1,20.5
"COMMCARE CORPORATION",150,14,1,0,0,1,7.1,0,92.9,7.1,2.6,2.7,3,2.7,4.1,3.4,0.3,50,38.6,0.4,14,1,1034765.63,73911.83,4,0.3,29.9,15.6,1.5,3.2,44.3,86.3,94.8,2.59,2.7,9.8,3.4,5.3,1.3,0.4,20.8,15.6,97.2,96.5,0,16.3,4.2,0.5,22.6,11.2,39.8,7.4
"COMMONSPIRIT HEALTH",151,18,9,0,1,1,5.6,22.2,77.8,0,3.2,2.8,3.4,4.1,5.7,5.1,1.6,42.2,36.1,0.8,15,0.8,556561.03,30920.06,9,0.5,23.3,13.2,0.9,1.6,61.6,71.4,83.3,1.81,1.47,12.1,3,6.1,1.2,1.5,17.1,13.4,95.2,94.3,1.1,18.7,4.5,13.1,19.2,10.4,55.9,3.3
"COMMONWEALTH CARE OF ROANOKE",152,12,1,0,0,1,8.3,100,0,0,3.1,3.1,2.4,3.8,3.5,3.1,0.5,41.3,41.1,0.7,5,0.4,110997,9249.75,0,0,26.2,10.3,1.2,1.6,45.6,89.3,92.6,1.39,1.15,13.7,3.8,4.9,1.3,0.4,27.3,18.3,99,99.1,0.1,22.2,6.8,1.6,20.4,11.1,60.3,4.7
"COMMUNICARE HEALTH",153,122,6,1,8,17,13.9,93.4,4.9,1.6,2.4,2.3,2.3,3.8,3.4,3,0.5,47.4,47.5,0.7,121,1,5645052.06,46270.92,19,0.2,26.9,13.9,1.3,2.4,48.8,71.8,67.7,1.67,1.78,11.4,3.7,5.1,0.7,0.3,16.2,11.7,95.1,92.6,0,23,4.4,22,24.6,10.7,47.2,1.8
"COMMUNITY CARE CENTERS",154,13,2,0,0,3,23.1,100,0,0,2.3,2.8,2.5,1.9,3.5,3.1,0.5,51.5,41.1,0,29,2.2,981685,75514.23,5,0.4,24,11.9,2.1,1.8,47.4,71.7,79.5,2.5,2.92,18.6,5.2,6.2,2.7,1.5,32.2,26.2,96.1,89.7,0.2,22.2,4.5,3.6,26.2,11.2,31.7,3.8
"COMMUNITY ELDERCARE SERVICES",155,17,2,0,2,2,11.8,100,0,0,1.9,2.1,3.1,1.8,3.6,3.1,0.6,51,46.3,1,18,1.1,647769.33,38104.08,3,0.2,35.5,18.8,3.8,3.7,47.2,74.4,78.2,1.89,2.7,22.6,4.4,8.1,1.3,1.2,32.7,23.3,89.7,92.8,0,25.2,8.3,1.7,31.5,12.5,47.3,2.4
"COMPASS HEALTH, INC.",156,7,1,0,0,0,0,100,0,0,5,5,4,4.4,5.3,4.6,0.6,41.5,44.2,0.7,0,0,0,0,0,0,20.4,16.8,1.2,0.9,54.2,99.8,100,1.35,1.42,17.7,2.4,1.8,0.6,0.1,12.8,4.8,100,100,0,6.7,3.3,0.3,26.3,9.5,46.3,27.6
"COMPLETE CARE",157,78,7,0,0,8,10.3,98.7,1.3,0,2.9,2.5,2.3,4.4,3.6,3.3,0.6,48.9,50.9,0.5,72,0.9,2483869.35,31844.48,4,0.1,25.2,10,1,2.7,58.2,80.1,81.5,1.71,1.25,10.6,2.3,6,0.8,0.4,14,9.4,98.3,95.6,0,23,5.4,17.7,18.4,10.8,32.3,6
"CONCORDIA LUTHERAN MINISTRIES",573,8,3,0,0,0,0,12.5,87.5,0,3.1,2.8,3.5,4,4,3.6,0.8,39,36.6,0.4,4,0.5,49729.4,6216.18,0,0,27.4,9.7,1,1.8,60.8,78.2,91,2.04,1.2,11.8,2.9,6.3,2,0.9,28.2,20.3,92.6,94.9,0,33.8,7.5,5.7,15.7,11.3,9.9,0.6
CONHOLD,720,5,1,0,0,0,0,100,0,0,3.4,3.4,1.6,3.6,3.2,3.1,0.3,"","",1.8,2,0.4,114374,22874.8,2,0.4,31.4,18.5,1.4,2.7,57,84,95.6,2.4,1.82,6.6,4.8,3.4,1.6,1.1,15.8,14,88.5,99,0,21.3,2.1,2.5,29,10.6,57.3,0
"CONSULATE HEALTH CARE/INDEPENDENCE LIVING CENTERS/NSPIRE HEALTHCARE/RAYDIANT HEALTH CARE",158,53,5,0,4,10,18.9,100,0,0,2.3,2.3,2.4,3.2,3.3,2.9,0.5,50.7,53.1,1.2,97,1.8,1879405.79,35460.49,7,0.1,25,12.2,2.1,4.1,49.3,80.9,79.6,1.7,1.71,16.4,3.3,6.4,0.8,0.9,20.4,14.7,95.5,90.2,0,23,7.2,2.6,23.7,10.5,33.4,7.6
"CONTINUING HEALTHCARE SOLUTIONS",159,12,1,0,0,3,25,100,0,0,2.1,1.8,2,4.3,3.2,3,0.5,49.7,53,0.6,15,1.3,289069.15,24089.1,4,0.3,31.8,12.5,1,2.3,53.7,60.3,79.2,1.48,2.1,9.4,4.6,2.3,0.5,0.1,12.6,8.2,88.1,84.5,0,22.2,7.9,20.3,30.6,10.3,28.8,8.2
"CONTINUING LIFE",160,6,1,0,0,0,0,100,0,0,4.7,4.3,4.5,4.2,5.3,4.8,1,33.3,31.3,0.4,8,1.3,47487.77,7914.63,0,0,25.3,11.3,0.6,1.9,39.8,95.5,98.7,1.57,0.53,12.4,4.8,5.2,0.5,2.7,22.9,12.6,100,99,0,18,4,1.7,9.9,9.3,45.1,11.6
"CONTINUUM HEALTHCARE",161,7,3,0,0,1,14.3,85.7,14.3,0,2,1.7,3.3,3.9,3.7,3.2,0.6,49.6,43.6,1.3,13,1.9,350750.3,50107.19,2,0.3,26.6,8.7,1.8,3.8,50,78.6,76.7,1.67,1.05,14.5,3,6.5,0.9,0.9,16.4,10.5,97.6,88.5,0,24.2,7.4,9.2,23.7,10.8,41.4,11.1
"COREWELL HEALTH",721,5,1,0,0,0,0,0,100,0,4.2,3.8,4,4,4.4,3.7,1.1,50,27.7,0,2,0.4,91971.1,18394.22,2,0.4,24,8.4,1.3,2,56.4,92.4,93.2,1.89,0.9,16.1,1.6,10.5,2.4,0.9,18.6,11.8,99.8,98.1,0,18.7,7,0.7,17.1,10.5,34.1,4.4
"CORNERSTONE GROUP HOLDINGS",162,7,1,0,2,3,42.9,100,0,0,1.6,1.6,2.6,2.6,3.2,2.8,0.5,64.1,62.7,2.3,14,2,534720.01,76388.57,2,0.3,15.1,4.9,7.4,3.9,47.8,"",66.2,2.41,2.07,27.6,2.3,6.5,2.6,1.7,21.2,16.6,98.8,94.1,0,18.9,5.8,4.1,29.7,10.4,32.7,7.7
"CORYELL COUNTY MEMORIAL HOSPITAL AUTHORITY",163,9,1,0,0,3,33.3,44.4,0,55.6,2.3,2.4,2.3,3.3,3.4,3,0.3,47,36.8,0.4,13,1.4,455429.92,50603.32,1,0.1,26.8,14,2.5,2.4,60.1,94.4,95,1.56,2.22,9.6,3.6,4.4,1,0.8,18.8,14.6,99,99.9,0,20.1,4.4,1,25.5,10.7,14.6,2.3
"COUNTRY CLUB REHABILITATION CAMPUS",164,6,1,0,0,1,16.7,100,0,0,3.5,2.8,2.8,4.7,3.4,3.1,0.7,47.2,38.5,0.3,6,1,226903.21,37817.2,2,0.3,25.7,11.8,0.5,3.6,47.5,65.1,64.7,1.42,2.04,3.5,5.1,6.3,0.1,0,4.2,4.2,91.1,85,0,27.6,5.3,7.3,24,11.7,50.1,1.1
"COUNTRY VILLA HEALTH SERVICES",165,8,1,0,1,2,25,100,0,0,2.4,1.9,2,4.3,4.2,3.8,0.3,39.9,63.6,1.1,15,1.9,438074.91,54759.36,5,0.6,23.5,10.2,1.5,1,45.4,95.9,99.4,2.96,1.28,7.1,1.5,3.9,0.6,0.3,11.1,10.2,99,99.6,0,7.3,4.7,18.4,13.8,10.8,48,20.5
"COVENANT CARE",166,25,2,0,0,1,4,100,0,0,3.3,2.8,3.4,4.4,3.9,3.6,0.6,41.3,49.7,0.7,18,0.7,471239.22,18849.57,0,0,25.6,13.4,0.9,1.7,54.6,95.9,97.1,2.1,1.75,6.7,2.1,3.7,0.7,0.5,12.6,6.8,98.9,99.7,0,14.3,3.3,5.8,13.5,11.2,39.2,19.1
"COVENANT HEALTH",167,11,5,0,0,0,0,0,100,0,3.5,3.2,4.1,2.7,4.1,3.6,1.1,48.2,41.2,0.1,19,1.7,484648.57,44058.96,2,0.2,25.1,12,1.4,3,47.4,72.4,69.1,1.77,1.71,18.8,4.2,4.5,1.9,2,30,22.1,96.9,90.6,0,31.7,5,1.3,18.2,10.3,31.2,4
"COVENANT LIVING",168,15,10,0,0,0,0,6.7,93.3,0,4.3,3.9,4.2,4.1,4.2,3.8,1,37.3,33.2,0.3,5,0.3,279307,18620.47,0,0,25.2,10.6,0.6,2.9,52,90.1,95.3,1.78,1.05,12.4,2.9,4.1,4.5,1.3,24.2,19.1,96.5,97.8,0,18.2,5.1,2.8,13.6,10.3,43.1,11.2
"CREATIVE SOLUTIONS IN HEALTHCARE",169,132,1,1,2,15,11.4,83.3,0,16.7,2.6,2.7,1.9,3.4,3.1,2.7,0.4,51.3,52.1,1,209,1.6,6701731.77,50770.7,22,0.2,26.5,14.4,1.8,2.8,57.4,96.3,96.8,2.2,2.25,8.3,3.6,4.8,0.4,0.5,20.2,18.3,99.7,99.6,0,19,3.9,3.2,19.9,10.7,7.6,3.7
"CREST HEALTHCARE CONSULTING",170,13,1,0,1,4,30.8,92.3,0,7.7,1.6,2.5,1,2.5,3.1,2.6,0.5,54.7,54.3,0.8,23,1.8,1055309.19,81177.63,10,0.8,26.4,18.8,1.4,2.5,42.6,60.9,64,1.96,3.17,14.2,3.6,5.6,1,0.6,15.7,12.9,89.3,85.2,0.2,28.4,7.7,60.1,22.1,10.8,27.1,2.4
CRESTPARK,722,6,1,0,0,0,0,100,0,0,2,2,3.3,2.5,4.6,4,0.5,31.4,30,0.3,5,0.8,46608.25,7768.04,1,0.2,18.1,23.2,0,6.3,47.6,35,79.7,2.18,3.59,15.9,4.6,7.3,4.8,3.2,13.6,13.9,95.9,97,0.7,7.1,5.7,1.5,20.1,10.5,7.9,1
"CROSSROADS CARE CENTER",171,14,2,0,0,0,0,100,0,0,2.2,2.3,2.3,3.1,3.3,2.9,0.6,48.1,34.5,0.2,19,1.4,723516.28,51679.73,5,0.4,24.5,20.6,1.5,2.5,53.9,62.9,80.9,1.98,2.02,19.2,2.8,6.6,2.7,1.2,14.4,7.3,87.2,95.5,0,21.1,5.3,21.9,17,10.1,44.9,7.1
"CROSSROADS MEDICAL MANAGEMENT",172,6,1,0,0,2,33.3,100,0,0,3,3.2,3.5,2.3,3.9,3.4,0.6,46.7,29.2,0,4,0.7,132732.25,22122.04,0,0,27.8,14,2.5,2.4,51.6,94.4,95.6,1.71,1.94,12.9,4.2,5.7,3.5,2.4,24.4,17.7,99.6,99.5,0,16.7,6,5,23.3,11.7,31.2,2.8
"CROWN HEALTHCARE GROUP",173,9,1,0,1,0,0,100,0,0,2,2.4,1.3,3.9,3.3,3,0.4,56.7,57.3,0.6,8,0.9,426572.18,47396.91,3,0.3,27.8,14.6,1.8,2.3,49.8,59,72.6,1.73,2.25,11.7,3,5.6,0.3,0.4,6.5,5.8,87.2,89.9,0,22.8,7.1,31.5,24.1,10.8,18.1,0.1
"CROWNE HEALTH CARE",174,18,1,0,0,1,5.6,94.4,5.6,0,4.1,3.9,4.4,2.6,4.4,3.7,0.7,39.6,29.9,0.2,3,0.2,83974.78,4665.27,1,0.1,23,13.7,1.8,3.1,54.4,83.3,85.1,1.92,2.14,21.8,3.3,6.5,4.2,2.6,23.8,17,95.8,96.6,0.1,12.5,5.8,0.5,21.8,10.6,33.2,4.4
"CYPRESS HEALTHCARE GROUP",175,11,1,0,0,1,9.1,100,0,0,3.1,2.8,3.5,4.3,4.3,3.9,0.5,44.4,47.2,0.4,9,0.8,47604.11,4327.65,0,0,27.3,16.6,0.6,0.6,50.4,97.3,99.1,1.97,1.62,7,1.8,5.8,1.4,1.3,16.5,8.7,98.7,99.6,0,15.5,4.5,2.8,8.1,10.6,41.3,20.1
"CYPRESS HEALTHCARE LA",642,4,4,0,0,1,25,100,0,0,1.8,2,2.3,3,3.2,2.9,0.6,47.2,41.2,2,2,0.5,71611.4,17902.85,2,0.5,26.7,11.2,1.6,2.9,50.4,50.7,56.1,2.09,1.39,17.5,2.9,5.5,2.7,2.5,29.6,23,90.6,66.9,0,24.3,5.7,19.3,17.7,10,33.9,7
"CYPRESS SKILLED NURSING",176,9,1,0,0,1,11.1,100,0,0,1.3,2.1,1.1,1.1,3.3,3,0.3,70.7,63,0.3,8,0.9,542855.9,60317.32,0,0,29.6,17.3,3.3,4.5,36.9,69.6,78.4,1.9,1.92,22.1,3.1,6.4,3.5,0.8,30.7,22.7,93.2,89.8,0,27,7.6,1.7,25.1,10.4,33,3
"D&N, LLC",177,35,7,1,0,6,17.1,97.1,0,2.9,1.9,2.2,2.6,2.2,3.5,3,0.4,58.8,55,0.8,41,1.2,1939411.28,55411.75,12,0.3,27.3,14.7,3,3,42.4,70.1,73.1,2.35,2.36,23.6,2.9,7.7,1.6,0.8,21.2,15.7,88.8,89.3,1,9.2,5.5,1.1,25.8,10.9,40,3.7
DAKAVIA,178,3,2,0,0,0,0,100,0,0,2,2.3,3,3.3,3.8,3.4,0.9,48.7,38.4,0,2,0.7,88001.43,29333.81,0,0,22.1,25.5,0,4.9,56.6,92.4,61.2,1.28,3.42,14.5,0.3,4.3,6.9,5.4,16.9,24.8,94.9,88.7,0,20.7,4.4,13.3,6.9,9.4,41.5,5.5
"DAVID GAMZEH & GABRIEL SEBBAG",648,10,1,0,0,0,0,100,0,0,1.9,2,2.3,2.7,3.1,2.8,0.5,52.8,51.5,0.7,12,1.2,362045.85,36204.59,2,0.2,23.6,10,2.7,2.6,51.2,65.8,63.1,1.78,1.28,19.4,4.3,4.8,2.3,2.3,25.6,21.4,94.7,90.8,0.2,29.2,7.6,4.6,16.1,10.2,37.4,5.6
"DAVID MARX",179,10,1,0,1,2,20,100,0,0,1.8,1.9,1.8,2.9,3.2,2.8,0.6,51.1,40.8,0.5,5,0.5,142953.09,14295.31,3,0.3,26.4,14.7,2.1,3,33.3,71.9,73.4,1.98,1.78,11.1,4,6.2,0.9,0.7,17,11.4,93.4,92.3,0,23.2,8.2,33.4,29.2,10.6,36.3,1.3
"DAVID VANN & BOYD WRIGHT",723,5,1,0,0,0,0,100,0,0,3.6,3.8,3.4,2.4,4.1,3.3,0.4,52.6,35.9,0,3,0.6,34648.25,6929.65,0,0,35.5,16.3,0.5,3.6,48.5,79.9,89,2.58,2.29,5.7,3.4,7.7,0.9,0.6,27,20.7,97.5,98.5,0,20.5,5.9,0.7,18,11.6,14.1,0.5
"DELMAR GARDENS",180,14,5,0,0,0,0,100,0,0,2.6,2.8,2.9,2.4,3.9,3.6,0.4,47.9,40.9,0.4,16,1.1,314762.23,22483.02,3,0.2,25.4,11.1,1.8,4.9,40.8,65.9,68.8,2.05,1.38,18.8,4.2,6,3.8,1.5,24.1,20.6,91.6,83.9,0,18.4,6.1,1.8,18.5,11.5,44.2,8.8
"DIAKONOS GROUP",182,8,1,0,0,0,0,100,0,0,3.1,3,3,3.5,4.2,3.8,0.5,63.2,49.3,2.5,8,1,310184.38,38773.05,0,0,26.5,15.2,0.5,2.7,44.3,72.2,81.8,1.87,2.3,6.2,4.8,5.7,1.9,1.2,18.4,18.1,95.1,93.6,0,20.7,4.4,0.8,26.4,11.7,17.5,1.5
"DIOCESAN HEALTH FACILITIES",184,5,1,0,0,0,0,0,100,0,3,2.8,4.4,2.4,4,3.7,0.8,36.3,32,0,4,0.8,213183.75,42636.75,0,0,22.9,11.7,1,5.7,51.4,72.8,69.1,2.3,1.29,21.4,4.5,4.4,3.4,2.2,23.1,26.1,97,91.1,0.2,21,5.2,1.2,17.4,10.2,68.8,16.9
"DIVERSICARE HEALTHCARE",185,48,6,0,1,3,6.3,91.7,4.2,4.2,2.6,2.5,3,3.6,3.3,2.8,0.7,46.6,45.1,0.6,37,0.8,1462993.12,30479.02,9,0.2,25.7,12.1,1.3,2.2,50.1,87.5,85.2,1.98,1.93,11.8,3.5,6,1.6,1,17.3,13.1,98.4,93.5,0,20.3,5.1,1.9,22.1,11.1,30,2.1
"DIVINE HEALTHCARE MANAGEMENT",186,9,1,0,0,2,22.2,100,0,0,2.4,1.9,2.2,4.3,3.5,3.1,0.5,52.8,45.7,0.2,10,1.1,308863.72,34318.19,5,0.6,37.9,11.9,0,2,46.3,59.8,70.1,1.59,1.54,8.6,3.2,2.7,0,0,12.8,9.3,93.1,89.3,0,21.6,3.6,57,26.6,10.6,46.6,9.7
"DOVE HEALTHCARE",187,11,1,0,0,0,0,100,0,0,2.9,2.7,3.3,3.1,4.5,4,1,65.8,55,0.9,13,1.2,493226.84,44838.8,2,0.2,18.5,18.9,1.2,2.2,59.9,82.8,80.7,1.7,2.64,13.3,3.6,5.8,2.4,4.4,26.5,19.1,91,92.7,0,25.6,4.6,7.3,17.4,9.9,41.6,10.8
"DYNASTY HEALTHCARE GROUP",649,5,1,0,0,0,0,100,0,0,2.6,2.8,2.2,3.4,3.3,3,0.4,58.9,63.6,1.3,6,1.2,51233,10246.6,1,0.2,32.1,13.9,1.3,2.6,47.9,83.8,83.4,1.89,1.65,7.5,4,4.1,0.4,1.1,21.2,19,98.1,98,0,15.3,4.1,4.2,18.7,11.6,37.4,14.4
"EASTERN HEALTHCARE GROUP",608,17,1,0,2,2,11.8,100,0,0,1.4,1.8,1.2,2.6,3,2.6,0.4,58,57.9,1.1,34,2,880260.68,51780.04,2,0.1,23.9,13.2,1.8,2.2,48.8,41.8,43.5,1.49,1.66,11,3.7,5.8,1.3,0.4,31.9,24.6,77.3,73.1,0,26.3,5.6,23.8,21.6,11,33.9,5.9
ECUMEN,696,6,1,0,0,0,0,0,100,0,3.2,3,3.7,4,4.8,4.2,1.3,60.7,48.9,0.8,6,1,174244.33,29040.72,2,0.3,21.1,15.3,1.8,3.2,70.2,70.1,93.4,1.05,2.04,14.2,4,8.9,3.4,3,27.3,17.8,89.2,98.6,0,31.2,3.1,3.5,9.6,9.3,23,14.6
"EDEN HEALTHCARE",191,7,2,0,0,0,0,100,0,0,2.9,2.7,3.6,3.1,3.6,3.2,0.8,49.8,44.4,0.4,14,2,358512.8,51216.11,2,0.3,27.2,17.5,2.4,1.5,61.3,87.9,89.6,1.18,1.75,17.2,3.8,5.4,0.4,1.9,30.3,22.7,98.1,97.6,0.2,22.2,5.8,3.6,15.9,10.6,57.4,23.4
"EDEN SENIOR CARE",192,15,2,0,0,0,0,100,0,0,2.6,2.6,2.7,3.1,3.7,3.3,0.9,52.5,52.2,0.2,14,0.9,340748.33,22716.56,1,0.1,20.9,16.8,0.6,3.1,54.1,80.5,82.8,1.66,1.92,15.2,2.5,6.8,2.8,1.4,22.5,12.8,96.4,93.7,0,30.2,3.7,7.3,17.9,10.2,42.5,8.4
"EDURO HEALTHCARE",193,31,7,0,2,7,22.6,80.6,0,19.4,2.2,2.2,2,3,3.2,2.8,0.5,57,55.4,0.6,75,2.4,2349224.9,75781.45,11,0.4,21.8,13.9,2.1,3.1,50.3,79.9,85.1,1.74,2.06,13.4,4.1,5.6,2.3,1.8,24.7,22.2,95.5,95.9,0,22,6.7,4.3,27,10.2,17.1,4
"EFRAIM ROOZ",736,6,2,0,0,2,33.3,100,0,0,2.8,2,4,3.8,3.9,3.5,0.8,40.2,39.6,0.7,10,1.7,928137.6,154689.6,3,0.5,25.4,7.7,1.4,2.1,56.6,86.6,83.3,1.43,0.96,9.8,1.5,7.9,1.2,0.4,21.6,22.7,97.9,96.5,0,24.5,5.4,7.4,12.2,11.2,49.3,1.8
"EL DORADO NURSING AND REHABILITATION",609,6,1,0,0,1,16.7,100,0,0,1.3,1.7,1.2,4,2.9,2.6,0.3,53.2,49,1,9,1.5,340608.5,56768.08,3,0.5,19.9,8.6,2,3.6,52.4,70.3,63,2.12,1.44,9,1.3,4.9,0.6,0.8,18,16.8,97,91.1,0,21.7,4.3,35.6,18.4,10.8,57,0
"ELDER OUTREACH NURSING & REHABILITATION",194,5,1,0,0,0,0,0,100,0,2.4,2.8,2,2.2,3.8,3.1,0.2,47.8,64.3,0,2,0.4,52252.5,10450.5,0,0,27.2,14.3,1.4,3.7,50.5,97.3,97.9,2.69,2.88,19.5,3.5,5.1,1.1,0.1,24.8,18,99.5,98.3,0,12.9,3.7,0.2,29.6,10.2,36.4,2.3
"ELDER SERVICES",195,6,1,0,1,1,16.7,100,0,0,2.2,2.2,2.7,2.2,4,3.7,0.4,72.2,73.2,0.3,8,1.3,597029.65,99504.94,1,0.2,26.1,10.7,0.9,3.3,49.8,68.6,53.4,1.72,1.58,37.9,3.4,4.5,2.9,2.5,30.9,32.8,94.9,83.3,1.7,29.6,5.2,1.4,23.9,10.1,68.8,21.9
ELDERWOOD,196,17,3,0,1,0,0,100,0,0,2.9,2.8,2.7,3.1,3.4,2.9,0.7,55.1,46,0.7,13,0.8,660244.78,38837.93,2,0.1,23.8,12.7,1.1,3.4,59.9,72.6,75,1.6,1.49,16.1,3.8,9.5,2.3,1.6,28.4,26,94.5,93.1,0.1,29.2,7,2.7,14.8,10.4,51.3,8.4
"ELEVATE CARE",197,12,2,0,0,5,41.7,100,0,0,2,2.2,1.9,3,3.3,2.9,0.7,37,34.8,0.3,42,3.5,2140620.33,178385.03,10,0.8,27.6,9.3,2.4,1.3,36.8,52.9,56.4,2.05,1.19,19.6,1.8,9,1.1,1.6,13.1,10.3,86.5,75.9,0.1,16.4,6.8,63.3,14.8,10.5,35.3,14.3
"ELEVATION HEALTHCARE",686,4,2,0,0,0,0,100,0,0,1.5,1.8,1.3,3.3,3.4,2.9,0.4,63.2,67.2,"",30,7.5,187361.86,46840.47,0,0,27.5,15.7,3.5,0.5,51.3,56,58.9,1.6,1.79,20.7,2.7,6.4,1.8,1.3,18.6,17.8,88.6,87.5,0,17.7,4.8,5.8,21.6,11.7,17.6,16
"ELIYAHU MIRLIS",710,11,2,0,2,2,18.2,81.8,9.1,9.1,1.9,1.9,2.9,3.4,3.3,3.1,0.5,55.6,56.7,0.8,16,1.5,1018138.69,92558.06,2,0.2,30.7,10.9,4.7,2.1,57.8,76.3,86.9,1.89,1.27,22.3,3.8,6.9,1.3,1,13.2,12.7,95.7,96.9,0,11.8,6.6,3,28.2,10.1,61.2,43.9
"ELMBROOK MANAGEMENT COMPANY",198,11,1,0,0,0,0,100,0,0,3.6,3.8,2.8,2.5,3.8,3.3,0.4,60.4,48.8,0,3,0.3,42554.56,3868.6,0,0,33.4,16.6,2.8,3,50.2,78.1,67.8,2.72,2.66,12.6,3.7,5.2,2.6,2.8,17.8,14.9,97.3,97.1,0,12,2.8,3.6,25.3,11.8,43.1,0.5
"EMBASSY HEALTHCARE",199,37,2,0,4,6,16.2,100,0,0,2.8,2.2,2,4.3,3.4,3.1,0.5,51.2,52.6,1,56,1.5,1775754.31,47993.36,15,0.4,24.4,9.3,1.5,2.7,47.5,65,57.9,1.39,1.41,17.1,3.2,5.1,1.2,0.7,12.5,8.8,93.6,84,0.2,23.5,5.6,6.8,25.5,10.6,31,4.8
"EMERALD HEALTHCARE",630,12,2,0,4,0,0,100,0,0,1.3,1.3,1.8,2.1,3.5,3.1,0.4,63.1,63.5,0.9,61,5.1,949421.29,79118.44,16,1.3,24,14.3,1.5,2.7,53.5,48.3,47.2,2.41,2.41,22.1,4,5.8,3.2,2.1,27.4,21.8,86.7,72.4,0.2,29,6.2,2.4,21.5,9.9,35.2,2.7
"EMPIRE CARE CENTERS",202,20,2,0,1,2,10,100,0,0,1.6,1.9,1.3,2.9,3.2,2.9,0.4,56.6,57.1,0.8,17,0.9,1109302.03,55465.1,5,0.3,28.6,12,1.7,2.2,48.3,68.7,77.7,1.77,1.51,11.4,2.8,7.7,1.2,0.9,29.1,21.1,91.2,81.8,0,25.6,7.7,2.1,13.6,11.9,35.5,9.2
"EMPRES OPERATED BY EVERGREEN",665,39,6,0,5,9,23.1,100,0,0,2.4,2.4,3.3,3.1,3.9,3.4,0.7,53.1,44.4,0.4,85,2.2,2002531.45,51346.96,3,0.1,22.3,14.7,1.7,3,49.3,66.9,78.5,1.45,1.93,19.3,3.9,4.8,1.6,1.4,29.1,18.2,91.8,95.6,0,23.6,5.1,5.3,14.8,10,38.4,6.8
"ENCORE HEALTH PARTNERS",697,12,1,0,1,1,8.3,100,0,0,2,2.2,2,2.3,3.5,3.1,0.7,52.5,54,1.2,16,1.3,189895.2,15824.6,2,0.2,23.1,10.1,1.3,6.5,39.9,68.9,80.6,2.18,1.65,16.3,3.4,7.3,3.3,1.3,31.5,23.1,96.1,96.4,0,23.8,7.2,14.8,24.8,10.8,34.6,18.8
"ENVIVE HEALTHCARE",204,9,1,0,0,0,0,88.9,0,11.1,2.2,2.4,1.3,4,3.5,3.2,0.5,56.4,68.8,1.3,23,2.6,261416.88,29046.32,3,0.3,26.4,12.1,2,1.3,38.1,63.4,59.1,1.68,1.62,13.6,2.5,3.7,0.2,0.1,16.8,15.1,88.2,92.9,0,27.7,4,47.9,22.4,10.8,45.1,27.6
"EPHRAM LAHASKY",205,45,15,2,7,8,17.8,97.8,2.2,0,1.9,1.8,2.1,2.9,3.4,3,0.6,56.6,55,0.9,86,1.9,3008867.08,66863.71,19,0.4,27.3,16.9,2,3,48.5,72.4,70.8,1.89,1.84,17.9,2.7,6.3,1.3,1.8,21.9,18.5,94,87,0,24.9,6.3,14.6,22.1,10.6,38.5,6.9
"EPIC HEALTHCARE MANAGEMENT",207,5,1,0,0,0,0,100,0,0,3,3,2,3.4,3.2,2.9,0.6,33.7,26.5,1,0,0,0,0,0,0,20,11.3,0.6,2,55.8,88,80.8,1.99,1.42,16.7,3.7,6,0.5,0.4,24.1,21.6,98.4,97.5,0.1,22.8,6.6,24.2,16.7,10,21.4,10.9
"EPISCOPAL RETIREMENT HOMES, INC.",711,3,2,0,0,0,0,0,100,0,4.7,3.7,5,3.3,5.1,4.8,0.9,26.7,24,0,1,0.3,6201,2067,0,0,28.6,16.6,0.8,1,63.5,84.1,87.2,1.28,1.59,25.8,7,0.2,1.5,0.4,17.6,26.8,100,98.9,0,34.1,6,11,10.9,10.7,61.8,5.2
"ERICKSON LIVING",737,16,9,0,0,1,6.3,6.3,93.8,0,4.1,3.9,3.8,3.9,4.7,4.2,1.1,41.4,43.1,0.9,28,1.8,334751.25,20921.95,0,0,21.6,8.7,1.5,3.1,50,93.3,83.1,1.45,0.76,13.7,4.3,5.7,2.5,1.2,31.3,23,96.7,91.7,0,20,4.7,1.2,15.8,10.9,71.8,7.3
"ESSENTIAL HEALTHCARE",212,6,1,0,0,1,16.7,100,0,0,1.8,1.7,3.7,2.4,3.6,3.1,0.7,30.4,38.8,0.7,6,1,301674.5,50279.08,1,0.2,27.3,11.2,1.7,1.5,49.1,56.4,42.1,3.82,2.11,22.5,2.2,5.2,1.1,1.6,24,20.7,86.2,71.8,0,21.1,5.3,26.2,19.5,10.3,48.6,2.4
"EVA CARE GROUP",213,9,1,1,0,1,11.1,100,0,0,3.3,2.5,3.9,4.1,4.3,3.9,0.7,36.3,37.3,1.2,14,1.6,690631.87,76736.87,4,0.4,26.6,11,1.1,0.7,56.3,99.6,98.7,2.22,1.45,7.2,1.8,5.6,2,0.9,16.7,13.7,100,100,0,7.3,7.4,0.2,13.8,11.2,62.3,26.7
"EVERYAGE SENIOR LIVING",675,3,2,0,0,0,0,0,100,0,5,4.3,5,4,4.9,4.6,0.8,34.2,34,0.7,0,0,0,0,0,0,23.7,8.4,1.3,1.8,61.3,76.2,93.8,1.43,0.9,14.1,2.8,8.2,4.2,1.4,24.9,20.4,97.9,93,0,22.9,6,2.5,19.8,10.4,38.1,6.1
"EXCELSIOR CARE GROUP",217,22,3,0,0,2,9.1,100,0,0,2.7,2.5,2,4.4,3.3,3.1,0.5,41.8,48.1,1,56,2.5,909849.31,41356.79,0,0,24.6,7.1,1.5,2.2,53.3,80.6,79.5,1.58,0.94,10.8,1.9,7.9,0.5,0.3,12.2,10.8,97.1,92.5,0,9.5,7.2,28.3,15.7,10.5,17.2,11.4
"EXTENDED CARE ASSOCIATES",218,5,2,0,0,0,0,100,0,0,2.2,3,2.6,1.2,3.7,3,0.3,47.1,49.2,1,1,0.2,15592.85,3118.57,0,0,25.2,19,3.8,5.1,50.1,77.9,83.8,2.5,2.15,21.6,4.8,7.1,4.3,1.4,24,21.9,99,94.9,0,24,2,0.7,31.4,10.8,32,0
"EXTENDED CARE CLINICAL",738,12,1,0,0,3,25,100,0,0,1.6,2.3,1.2,2.6,3.1,2.8,0.5,52.7,53,1.1,24,2,1270947.73,105912.31,10,0.8,25.9,12,2.4,2.3,44.2,42,50.9,1.84,1.49,16.8,2.9,5.9,1.1,0.7,28,20.9,91.1,85.4,0,20.8,6.3,68.1,11.3,11.7,47.9,9
"FAMILY OF CARING HEALTHCARE",220,8,1,0,0,0,0,100,0,0,3.8,3.6,3.5,4.1,4.2,3.7,0.8,39.2,27.9,0.6,6,0.8,36061.16,4507.65,1,0.1,27.8,10.5,1.2,1.9,51.8,88.8,97.5,1.54,0.91,13.4,3.4,6.4,1.5,1.1,15.3,10,94.8,99.4,0,16.9,5.2,7.5,16.8,9.9,26.6,1.6
"FELICIAN SERVICES",684,4,3,0,0,2,50,0,100,0,3,2.8,3.3,3.3,4.2,3.7,0.7,51.8,40.1,0,6,1.5,279006.29,69751.57,1,0.3,22.6,8.3,1,1.9,36,69.6,71.2,1.64,1.09,17.2,3.5,7.7,2.3,1.2,32.6,28.7,95.6,94.6,0,25.6,4.3,0.1,17,10.6,35.7,2.6
"FIRST ATLANTIC HEALTHCARE",221,10,1,0,0,0,0,100,0,0,2.4,2.5,4,2.2,4.3,3.9,0.8,52.5,42,0.4,8,0.8,144927,14492.7,0,0,25.6,22.5,0.8,4.8,53.2,83,76.7,1.52,2.56,20.6,3.7,6,2.2,1.5,35.4,28.7,97.7,91,0,28.4,3.3,5.9,21.3,9.9,35.4,3.4
"FLORIDA DEPARTMENT OF VETERANS' AFFAIRS",739,8,1,0,0,1,12.5,0,0,100,3.8,3.5,4.5,2.4,5.7,5,1.1,45.7,39.9,0.2,16,2,228354.17,28544.27,2,0.3,27.3,18,3.5,0,55.2,88.2,78.3,1.74,1.2,18.9,3.2,5.6,4.9,2.1,29.1,22.5,97.5,96.3,0,21.3,4.5,2.1,15.9,10.6,27.8,0
"FLORIDA INSTITUTE FOR LONG-TERM CARE",223,18,1,1,2,3,16.7,16.7,83.3,0,2.1,2.1,2.9,3.5,3.3,3.1,0.6,37.1,47.4,0.8,22,1.2,1480422.81,82245.71,2,0.1,29.8,9.5,2.3,1.6,37.6,98.3,97.4,2.13,1.06,7.5,2.5,6.9,0.3,0.1,15.4,11.3,100,99.2,0,8.8,6.3,0.6,25,10.8,12.3,6.7
"FOCUSED POST ACUTE CARE PARTNERS",224,27,1,0,3,6,22.2,96.3,0,3.7,1.7,2,1.3,3.5,2.9,2.6,0.3,59.7,58.4,0.6,55,2,2607896.45,96588.76,9,0.3,30.6,10.2,2.7,1.9,45.3,81.3,92.2,2.11,2.36,9.8,3.4,5.7,0.6,1,15.2,15.2,97.8,99.1,0,17.9,4.1,0.7,22.2,10.5,25.3,0
"FOUNDATIONS HEALTH SOLUTIONS",225,59,1,0,0,0,0,98.3,0,1.7,3.9,3.8,2.1,4.3,3.5,3.1,0.6,42.9,34.2,0.4,51,0.9,390956.57,6626.38,1,0,26.9,14.7,0.8,2.3,45.6,78.4,80,1.6,1.64,10.7,2.5,4.5,0.2,0.2,9.9,7.7,95,93.5,0,18.1,5.6,35,28.4,10.6,44.9,1.8
"FOURSQUARE HEALTHCARE",226,9,1,0,0,0,0,55.6,0,44.4,3.2,3.9,1.2,3.6,3.1,2.7,0.3,45.9,32.9,0.1,9,1,96966.6,10774.07,0,0,25.2,14.2,1.9,3.2,59.3,92,96.1,2.12,1.81,7,3.7,5,0.9,0.7,17,13.1,99.9,100,0,25.9,4.1,54.6,29.7,11.2,40.4,3
"FRANCISCAN COMMUNITIES",227,6,3,0,0,1,16.7,16.7,83.3,0,3.7,3.2,4.3,3.7,4.6,4.3,1.2,40.5,30.5,0.4,8,1.3,216538.07,36089.68,1,0.2,24.6,9.6,1.5,3.2,51.6,88.5,87.4,1.76,0.74,16.3,1.6,7.6,0.8,0.6,27.1,14.8,98.2,95.7,0,28.9,6.8,2.8,17,10.3,30.5,5
"FREEDOM MANAGEMENT COMPANY",228,3,2,0,0,0,0,100,0,0,3.7,3.3,4.3,3.7,5,4.3,0.7,41.6,39.6,0.7,1,0.3,20046,6682,0,0,26.6,16.1,0.8,2.3,29.6,98.8,99.2,1.88,1.59,8,0.5,4.3,7.5,4.8,24.5,15.5,100,100,0,14.2,14,1.7,11.4,10.9,23,12.7
"FRIO HOSPITAL DISTRICT",698,7,1,0,0,1,14.3,57.1,0,42.9,2,2.1,2.1,3.3,3.4,3,0.4,50.6,47.8,0.8,34,4.9,471898.4,67414.06,3,0.4,27.2,11.5,1.1,0.8,58.7,90.1,91.2,1.78,2.26,7.3,2.7,4.4,1.3,1.2,25.7,19.6,100,99.1,0,16.9,6.1,3.7,20.8,10.9,22.6,3.1
"FRONT PORCH",229,9,1,0,0,0,0,0,100,0,4.4,3.9,4.4,4.7,5.1,4.4,0.9,23.1,37.2,0.4,3,0.3,68917.73,7657.53,1,0.1,23.5,11.1,0.8,1.3,61.9,96.3,97.8,1.74,0.88,7.6,2.2,3.7,2.2,1.8,20.7,17.6,98.9,99.3,0,20.3,6.4,3.9,6.8,10.3,51.6,25.9
"FRONTLINE MANAGEMENT",230,7,2,0,0,1,14.3,100,0,0,2.7,2.6,2.9,3.7,3.4,3.1,0.7,49.5,51.5,0.3,9,1.3,336981.1,48140.16,0,0,20.3,16.8,1.1,2.5,53.9,60.7,63.9,1.23,1.79,12.3,4.3,4.7,1.5,0.3,23.2,19.7,97,84.2,0,22.1,5.5,2.7,12.5,9.7,29.1,5
"FUNDAMENTAL HEALTHCARE",231,72,7,2,5,10,13.9,90.3,0,9.7,2.2,2.3,1.9,2.9,3.2,2.9,0.4,49.4,49.4,0.7,126,1.8,4613357.27,64074.41,10,0.1,26.7,11.8,1.8,2.9,47.6,68.9,67.6,2.13,1.9,13.1,2.5,7.2,1.1,0.7,25.8,18.6,94.1,85.7,0,16.9,5.6,6.9,21.2,11.3,28,3.5
"FUTURE CARE/LIFEBRIDGE HEALTH",232,17,1,0,0,1,5.9,94.1,5.9,0,3.1,2.8,3.4,3.8,4,3.6,1,44.8,35.1,0.3,5,0.3,63987.5,3763.97,1,0.1,22.1,8.6,1.3,3.5,60.2,81.4,79.7,1.57,1.03,11,2.1,8.9,1.9,1.1,35.5,21.8,96.3,94,0,25.9,6.2,10.5,10.7,11.7,21.9,16.7
"GARDEN HEALTHCARE",233,6,1,0,1,2,33.3,100,0,0,2.5,2,1.8,4.5,3.4,3,0.4,48,58,1.3,10,1.7,580990.04,96831.67,4,0.7,27.7,25.4,0,3.3,55,75,86.5,1.88,1.7,11.1,3.5,3,0.4,0.6,4.4,4.5,98,96.9,0,26.8,5.9,25.1,30.3,10.2,35.3,26.9
"GENERATIONS HEALTHCARE",236,33,4,0,0,2,6.1,100,0,0,3.7,3.4,3.5,4.1,4.2,3.7,0.7,40.5,39.5,0.2,30,0.9,1050088.86,31820.87,11,0.3,25.4,12.4,1.1,1.1,50.3,93.8,94.7,1.86,1.79,12.2,2.5,4.5,1.1,1.4,15.2,10.2,98.5,97.1,0.1,13.5,4.7,13,15.7,10.5,42.7,12.3
"GENESIS HEALTHCARE",237,218,19,5,16,23,10.6,99.5,0,0.5,2.2,2.2,2.5,3.1,3.4,3.1,0.7,46.9,47,0.9,228,1,10169220.3,46647.8,50,0.2,24.5,12.6,1.4,3.2,50,72.4,76.6,1.66,1.57,14,3,6.5,1.9,0.9,26.2,20.7,94.7,92.4,0.1,24.2,6.7,8.1,17.2,10.6,26.1,10.6
"GLOBAL HEALTHCARE REIT",238,10,3,1,1,0,0,90,10,0,1.4,1.8,1.7,2.2,3.6,3.2,0.4,66.5,68.9,1,24,2.4,394329.68,39432.97,6,0.6,22.6,15.1,3.8,7.5,60.3,46,62.2,1.78,2.81,22.4,4.3,7.5,3.3,1.6,23.7,18.9,89.2,82,0,18.2,5,10.9,24.7,10.6,57.6,12.7
"GOLD FL TRUST II",594,45,1,0,2,4,8.9,100,0,0,3,2.7,2.7,4,3.6,3.3,0.6,47.9,50,0.4,33,0.7,1064753.67,23661.19,0,0,27.8,9.6,1.4,2.3,48.2,91.6,91.3,2.16,1.07,6.2,2.2,6.5,0.2,0.5,12.1,6.9,99.9,97.8,0,7.3,5,7.4,13.8,11.1,23.1,6.5
"GOLDEN SNF OPERATIONS",692,7,1,0,0,3,42.9,100,0,0,1.9,1.9,3.1,2,4.1,3.8,0.5,53.8,60.3,0.7,57,8.1,949774.92,135682.13,6,0.9,24.8,19.1,1.4,3.1,41.4,76.8,79.3,1.91,3.07,8.4,3.8,7.2,1.5,2.1,37.3,27,95.6,94.3,0,22.4,7.6,1.8,17.4,11.7,22.2,6.3
"GOLDWATER CARE",699,6,1,0,0,2,33.3,100,0,0,1.3,1.8,1.3,2.5,3.4,3.2,0.7,54.1,54.7,0.4,17,2.8,731983.22,121997.2,6,1,23.6,21.3,1.3,5.7,39.8,59.9,78.3,1.47,1.91,19.1,4.3,6.7,2.5,0.9,29.9,21.3,94.8,92.9,0,28.1,11.8,88.2,23.5,10.2,43.4,4.2
"GOOD SAMARITAN SOCIETY",726,102,15,1,2,9,8.8,6.9,93.1,0,2.7,2.7,3.4,2.8,3.7,3.2,0.9,47.9,41.2,0.4,92,0.9,2168619.38,21260.97,11,0.1,21.9,13.2,1.6,2.8,52.4,76.4,83.8,1.6,1.87,16,4.7,5.2,4.2,2.6,26.3,21.6,96.3,97,0.2,25.8,5.8,2.9,16.2,10,32.7,5
"GREEN TREE HEALTHCARE MANAGEMENT",241,4,2,0,0,3,75,100,0,0,2,1.5,2.5,3.8,3.7,3.2,0.6,52.4,61.8,0.8,30,7.5,859189.1,214797.28,2,0.5,22.8,13,2.2,2.4,60.1,69.4,65.2,1.71,2.14,22.9,2.4,5.1,1,0.9,15.4,14,95.8,89.4,0,30.9,5.9,10.1,15.7,10.4,9,1.8
"GUARDIAN ELDER CARE",242,9,2,0,0,1,11.1,100,0,0,2.6,2.7,3.2,3,3.4,3.1,1,50.8,50.3,1,5,0.6,46654.4,5183.82,0,0,22.1,10.1,1.3,4.9,35.4,69.5,79.6,1.28,1.2,17.7,3.5,6.3,2.8,1.7,27.5,23.6,94.1,90.5,0.1,26.2,7.2,2.1,22.5,10.3,30.7,4.2
"GULF COAST LTC PARTNERS",243,12,1,0,0,2,16.7,66.7,0,33.3,2.3,3,2.3,1.9,3.4,3.2,0.3,45.7,40,0.6,15,1.3,426561.64,35546.8,2,0.2,35.7,14,3,3.2,58.7,92.7,92.2,2.61,2.6,19.9,4.5,4.3,4.2,1.2,25,24.7,99.6,98.8,0,20.7,6.3,2.9,25.2,10.5,29.6,2.1
"HAMILTON COUNTY HOSPITAL DISTRICT",589,22,1,0,0,2,9.1,77.3,0,22.7,2.4,2.3,2.1,4,3.4,3,0.4,53.3,56.2,0.5,34,1.5,1453157.21,66052.6,2,0.1,23.8,10.5,2.1,1.8,53.6,92.5,95.2,1.76,1.49,6.5,2.7,4,0.5,1.4,23.6,20,99.7,98.5,0,19,2.7,3.1,24.7,10.7,15.6,3.5
"HARBORVIEW HEALTH SYSTEMS",246,14,2,0,2,1,7.1,100,0,0,1.9,2.5,1.4,2.1,3.5,3,0.4,59.5,53.4,0.8,14,1,345798.46,24699.89,4,0.3,27,15.5,1.7,2.2,50.4,69.6,65,2.37,1.96,14.8,2.8,7,3.4,1.3,32.4,20.8,88.5,85.7,0,18.8,7.8,30.9,16.1,11.1,25,1.4
"HARMONY CARE GROUP",740,5,1,0,1,1,20,60,0,40,1.2,1.8,1.4,2.8,2.1,1.9,0.2,"","","",28,5.6,536360.11,107272.02,4,0.8,25.4,22.1,0.7,4.4,50,80.4,71.5,2.31,2.45,9.5,2.2,3.5,0.3,1.6,26.7,24.4,94.7,95.8,0,26,4.5,2.9,23.7,10.1,36.9,4
"HAVEN HEALTH",249,20,1,0,1,4,20,100,0,0,2.7,2.1,2.1,4.8,3.3,2.9,0.6,45.7,47.1,0.6,6,0.3,114430.36,5721.52,0,0,26.9,12.9,0.5,0.9,61.8,86.4,91,1.39,1.76,6.4,2.4,4.2,0.8,0.7,16.6,8.7,94.9,96.6,0.5,22.9,7.5,4.1,20.9,10.2,23,3.4
"HAWAII HEALTH SYSTEMS CORPORATION",250,6,1,0,0,0,0,16.7,0,83.3,4,3.3,4.7,4.3,4.4,3.8,1.4,25.4,15.4,0.5,6,1,169531,28255.17,0,0,21.7,11.7,3.9,10.9,60,84.3,80.6,1.09,0.78,12.2,1.4,3.2,2,0.9,25.7,19,98.2,97.2,0,16.9,5,3.6,9.6,9.2,42.3,8.9
"HCA HEALTHCARE",701,3,2,0,0,0,0,100,0,0,4,4,4,4,5.5,4.8,2.2,44.1,32.8,0,1,0.3,12415,4138.33,0,0,24.5,16.4,0.8,1.7,56,92.7,89.8,0.94,1.88,18.5,3,6.5,2.4,0,9.3,14.2,100,92.3,0,22.9,7.4,5,27.9,9.6,13.7,14.4
"HCF MANAGEMENT",251,22,2,0,0,0,0,100,0,0,3.2,3.2,2.7,3.5,3.5,3.1,0.6,44.9,41.2,0.4,9,0.4,101472.8,4612.4,3,0.1,23.8,13.2,1.4,2,49.5,60,76.5,1.42,2.01,14.2,3.5,5.7,1,0.4,21.5,16.5,92,93.7,0,26.8,6.3,4.3,25.9,10.1,32.1,9.4
"HCF MANAGEMENT INDIANA",252,13,1,0,0,0,0,15.4,15.4,69.2,3.4,3.5,2.2,3.3,3.8,3.1,0.6,37.5,29.6,0.4,1,0.1,3455.7,265.82,0,0,26.1,13.4,1.1,1.8,52,90.9,97.5,1.92,1.57,9.2,4.4,4.2,3.6,0.1,28.5,23.9,99.4,99.8,0.2,24,5.8,34.2,25.9,10.4,35.8,3.4
"HEALTH CARE MANAGEMENT GROUP",254,7,2,0,0,0,0,100,0,0,3.6,3.4,2.4,3.9,3.8,3.5,0.5,52.2,44.3,0.4,9,1.3,88128.8,12589.83,0,0,29.4,16.7,1.1,1.3,48.6,77.3,87.5,1.86,1.88,14.5,4.7,2.9,0,0,11.2,6.1,95,96.4,0,23.3,8.8,16.5,26.8,10.3,45.9,1.8
"HEALTH CONCEPTS, LTD.",255,5,1,0,0,0,0,100,0,0,4.2,4.2,3.4,3,3.3,3.1,0.7,44.1,38.7,0,2,0.4,15918.5,3183.7,0,0,22.9,17.9,2.9,1.1,56.3,87.4,83.6,1.28,1.72,24.6,4.5,4.8,2,1,25.6,30.5,99,96.8,0.4,20.4,6.1,6.2,13.7,10.3,30.3,21.4
"HEALTH SCHOLARSHIPS, INC.",256,38,1,0,1,1,2.6,0,100,0,3.3,3.4,3.1,2.9,3.6,3.1,0.5,43.5,31.8,0.2,13,0.3,489942.1,12893.21,1,0,22.1,14.4,2.7,3,46.7,79.8,79.4,1.59,1.26,22,3.5,7.1,2.7,1.1,19.2,18.2,97.2,93.6,0,14.2,6.7,2.8,21.8,10.5,34.5,0.9
"HEALTH SERVICES MANAGEMENT",257,16,2,0,0,0,0,0,81.3,18.8,3.4,3.4,2.8,3.4,3.5,3.2,0.5,54.3,44.2,0.3,15,0.9,290711.11,18169.44,3,0.2,27.1,9.3,1.1,2,50.4,85.9,88.1,2.27,1.5,7.2,3,5.8,0.4,0.7,25.7,21.6,98.4,95.5,0,19.5,5.7,1.5,20.7,10.9,21.7,2.4
"HEALTH SYSTEMS FACILITIES, INC.",258,7,1,0,0,0,0,0,100,0,3.7,3.9,3,3,3.5,3.1,0.5,44.9,29.2,0.7,2,0.3,32389.37,4627.05,1,0.1,17.5,19.3,1.3,7.2,39.6,62.5,66.2,1.78,2.03,20.8,2.7,7.6,2.7,1,17.2,12.3,94.3,86.9,0,10.8,6,1.9,25.9,11.3,48.2,1
"HEALTHCARE OF IOWA",260,9,1,0,0,1,11.1,55.6,44.4,0,3.1,3,3.8,3.2,3.5,3,0.8,53.4,41.3,0.2,12,1.3,239435.95,26603.99,1,0.1,21.7,14.7,0.7,5.3,56.3,81.3,93.7,1.57,2.17,10.4,4.4,7.8,1.4,2.3,18.7,20.9,94.9,97.8,0,24.9,4.9,2.7,14.1,10.1,48.8,7.6
"HEALTHPEAK PROPERTIES, INC.",261,15,6,0,0,0,0,100,0,0,3.3,2.9,4,3.6,4.8,4.3,1,45.7,49,0.3,13,0.9,245754.42,16383.63,0,0,27.2,11.7,1,1.9,52.1,90.6,90.6,1.86,1.47,11,2.7,6.4,2.6,1.8,25.2,17.3,97.2,95.4,0,29.2,6.6,1.8,19,11.2,16.9,6.3
"HEARTHSTONE SENIOR COMMUNITIES",262,8,1,0,2,2,25,25,75,0,1.8,1.6,2.5,3.1,3.2,3,0.5,44.5,52.9,0.6,8,1,314774.49,39346.81,0,0,24.1,9.3,3.4,2.3,38.7,96.9,98.4,2.2,1.17,9.4,1.7,6.2,0.1,0.1,14.7,10.5,100,99.6,0,9.1,7.4,1.5,26.3,10.3,12.8,12.5
"HELENE MAYER",727,5,1,0,1,1,20,100,0,0,2.2,2.2,1.8,3.8,3.9,3.7,0.3,43.8,60.5,0.5,22,4.4,457287.13,91457.43,1,0.2,25,11.3,1.6,0.6,52.2,84.1,87.7,3.04,1.35,22.4,0.5,3.9,1.5,1.2,16.6,16.8,95.4,93.7,0,6.3,6.1,12.8,18.3,10.8,65.6,12.4
"HELIA HEALTHCARE",263,13,2,0,1,3,23.1,100,0,0,2.5,3.1,1.5,3,2.8,2.5,0.5,52.8,48.9,0.4,20,1.5,1250600.42,96200.03,10,0.8,23.7,16.7,1.4,1.4,44.2,79.5,82,2.03,2.55,10.7,3.8,4.4,2.1,1.3,23.2,17.4,97.3,95.8,0.3,18.3,4.4,16.9,22.4,11.6,36.3,7
"HERITAGE HALL",265,16,1,0,0,0,0,100,0,0,3.6,3.8,2,3.2,3.2,2.7,0.4,38.6,39.9,0.3,5,0.3,144384.46,9024.03,0,0,22.4,12.1,1.6,2.5,49.7,82.4,88.7,1.63,1.66,10.9,3.6,3.8,1.7,0.3,26.3,21.9,96.1,98.9,0,19.9,4.2,3.1,19.6,10.9,49.2,13.5
"HERITAGE MINISTRIES",266,5,3,0,0,1,20,20,80,0,3,2.8,2.4,3.2,3.4,3.1,0.5,43,39,0.7,6,1.2,44153.86,8830.77,2,0.4,20.2,17.3,1.8,4.9,57,60.6,53.2,0.9,0.89,17.1,2.9,5.1,2.9,1.3,30.5,25.8,78.3,88.6,0,22.4,7.7,1.3,14.6,9.3,40.3,2
"HERITAGE OPERATIONS GROUP",651,8,1,0,0,1,12.5,12.5,87.5,0,2.4,3,2.5,1.8,3.4,3.1,0.5,45.8,42,0.3,9,1.1,818158.29,102269.79,8,1,28,18.4,1.2,4.9,43.1,81.5,90.8,1.72,2.57,16.1,7.1,5.4,4.2,3.3,25.5,21.5,97.6,97.7,1.4,27.3,10.5,3.6,15.3,9.7,21.6,2.4
"HICKORY CREEK HEALTHCARE FOUNDATION",268,13,1,0,0,0,0,61.5,15.4,23.1,3.7,3.7,1.3,4.6,3.3,2.9,0.5,53.2,50.8,0.3,6,0.5,63413.35,4877.95,0,0,21,12.6,1,7.1,53.2,77.9,82.8,1.69,1.64,7.8,3.5,4,1.4,0.5,9,10.1,98.5,94.1,0.2,22.9,4.5,35.4,29.9,11.2,0,0.5
"HIGHBRIDGE HEALTHCARE",269,4,3,0,0,1,25,100,0,0,2,2,2.3,3,3.5,3.2,0.4,49.3,60.8,1,7,1.8,187033.6,46758.4,0,0,28.7,8.3,0.7,4.3,57.9,75.5,74.1,2.3,1.98,18.3,2.1,6.2,2.3,0.7,24.1,23,94,85.8,0,19.6,7.3,13.1,14.6,9.7,41.8,0.3
"HILL VALLEY HEALTHCARE",270,41,8,0,2,4,9.8,92.7,7.3,0,2,2,1.7,3.6,3.2,2.9,0.5,52.6,52.4,0.8,54,1.3,1934579.95,47184.88,4,0.1,22.2,11.8,1.3,3.1,51.5,62.1,69.1,1.56,1.7,13.6,3.6,5.8,1.1,0.4,17.5,13.3,91.7,90.2,0,25.1,7.7,15.5,18.7,10.8,34.7,4.5
"HILLSTONE HEALTHCARE",271,16,2,1,1,1,6.3,93.8,6.3,0,2.5,2.5,1.8,4.1,3.2,2.9,0.5,48.6,53.2,0.6,37,2.3,1159005.3,72437.83,11,0.7,17.6,5.8,1.7,0,28.6,56.4,44.6,1.67,1.8,11.5,3.9,4.4,0.9,0.4,22.6,16.4,92.6,77.2,0,17,7.8,30.8,32.9,11.3,31.4,11.4
"HMG HEALTHCARE",272,36,2,0,1,4,11.1,91.7,0,8.3,2.7,2.7,1.6,4.1,3.3,2.9,0.4,56.9,54.8,0.6,56,1.6,2041637.5,56712.15,5,0.1,26.3,12.6,0.5,1.1,54.6,96.7,95.4,2.14,2,5.2,2.4,4.9,0,0.5,20.5,15.5,99.9,99.5,0,15.4,2.4,3.4,15.8,11,23.5,10.6
"HOMEWOOD RETIREMENT CENTERS",273,4,2,0,0,1,25,0,100,0,3.5,3,4.5,3.5,4.2,3.8,0.8,35.6,19.2,0,2,0.5,49708.75,12427.19,0,0,21,9.2,0.7,3.3,64.1,91.8,88.2,1.57,0.56,20.7,4.8,8.3,2.6,1.7,37.9,33.9,98.6,94.3,0,35.3,6.2,0.2,22.5,9.8,48.7,3.9
HUMANGOOD,274,17,7,0,0,1,5.9,0,100,0,4.1,3.5,4.2,4.2,4.9,4.4,1,38.5,38.3,0.2,15,0.9,415542.69,24443.69,2,0.1,23.7,10.9,0.7,2,58,94.8,95.7,1.76,1.26,10.1,2.6,7.2,1.8,1.1,23.7,17.6,97.7,97.6,0,22.2,4.4,10.2,11.7,10.2,41.7,11.7
"HUNTSVILLE HOSPITAL HEALTH SYSTEM",610,3,2,0,1,1,33.3,0,66.7,33.3,2.3,2,3,2.7,4,3.3,0.7,41.4,32.7,1.7,1,0.3,238745,79581.67,0,0,20.4,17.5,2.1,2.1,59.9,98.9,97,1.57,1.95,15.7,5.5,6.1,3.8,2.2,42,23,97.8,95.7,0.3,23.9,9.2,1.4,28.1,11.3,20.2,0.6
"HURLBUT CARE",275,13,1,1,0,1,7.7,100,0,0,3.5,3.6,2.2,3.4,3.4,2.9,0.4,52.5,50.7,0.2,8,0.6,942643.06,67331.65,0,0,19.9,6.2,1.6,3.4,47.4,81.3,77.7,1.66,1.62,14.6,5.1,6.5,2.7,1,17.4,16.9,97.1,91.3,0,27.5,5.3,3.5,7.8,10.5,45,4
"HYATT FAMILY FACILITIES",276,5,1,0,0,1,20,100,0,0,2.2,2.4,2.2,3.2,3.8,3.2,0.7,67,70,1.4,7,1.4,228638.44,45727.69,2,0.4,18.6,17,1.9,2.4,69,87.4,88.5,1.57,2.62,19.5,2.9,7,6.5,1.8,30.2,16,99,97.8,0,27.7,9.1,8.9,11.9,9.9,31.5,4.2
"ICARE HEALTH NETWORK",277,11,2,0,0,1,9.1,90.9,9.1,0,3.1,2.8,2.9,4.3,3.3,2.9,0.4,30.3,41.8,0.8,4,0.4,288341.25,26212.84,0,0,29.3,10,0.5,1.6,52,67.7,87.3,1.83,1.29,13.2,2,4.1,0.7,0.3,12.8,14.4,97.6,96.7,0,17.4,3.9,5.4,25.2,10,60.5,2
"IDE MANAGEMENT GROUP",278,10,1,0,0,1,10,80,10,10,2.8,3,2.1,2.9,3.2,2.8,0.7,54.9,44.7,0.2,4,0.4,126265.75,12626.58,2,0.2,28.4,16.1,2.6,5.9,51.8,73.4,77,1.6,1.57,18.2,4.2,5.6,2.8,1.2,29,20.5,96.3,96.2,0,27.6,5.5,17,22.2,10.4,50.4,5.2
"IGNITE MEDICAL RESORTS",279,19,7,0,1,1,5.3,100,0,0,2.4,2.5,1.8,3.6,3.9,3.4,0.6,57.7,52.6,0.5,29,1.5,823057.65,43318.82,5,0.3,27.8,13.1,0.8,1.9,55.1,67.8,73.7,1.84,1.61,10.8,3.4,7.4,2.1,1,28,17.3,81.6,86.8,0,25.7,7,26,25.2,11.4,44.7,60.2
"IHS MANAGEMENT CONSULTANTS",280,5,1,0,1,1,20,100,0,0,2,2.4,2.6,1.8,3.1,2.9,0.3,61,69.4,0.4,3,0.6,80927.13,16185.43,0,0,20.1,14.6,4.5,2.8,55.6,57.2,65.8,2.68,2.36,23.5,3,6,4,2.2,26.3,19.4,94.1,78.8,0,21.3,4,1.4,28.1,10.4,18,0.8
"IL & JOAN LEE",741,4,2,0,1,0,0,100,0,0,2.3,2.5,2.8,3,4.5,4.1,0.5,50.1,34.7,0,37,9.3,256133.17,64033.29,0,0,17.4,5.7,2.6,0,69.1,45.3,48.3,3.36,0.87,14.4,1,3.2,2.4,0.7,17.7,21.7,94,92.5,0,8.5,5.8,0.2,12.9,9.8,67.6,24.3
IMMANUEL,281,3,2,0,0,0,0,0,100,0,5,4.3,5,4,5.1,4.8,1.5,38.3,21.2,0.3,1,0.3,70184,23394.67,0,0,24.5,11.5,2.3,1.4,69.4,72.7,83.9,1.24,1.76,13.5,4.8,2.4,1.6,0,23,24.7,96,96.1,0,34.2,4.9,0.5,12.7,9.6,56.1,2.4
"IMPERIAL HEALTHCARE GROUP",282,13,1,0,0,2,15.4,100,0,0,2.2,2.5,2,2.9,3.3,3,0.5,60.5,56.2,1,15,1.2,381167,29320.54,2,0.2,24.2,11.2,0.9,3.5,56,59.2,61.2,2.13,1.46,17,3.9,6.2,1.6,1,23.9,20.1,87.1,78.4,0,27.1,6.9,5,18.9,10,15.3,4.1
"INFINITE CARE",578,19,3,0,0,2,10.5,100,0,0,3.2,2.7,2.8,4.2,3.6,3.3,0.7,43.6,46.5,0.6,9,0.5,390245.5,20539.24,0,0,27.9,10.4,1.1,2.2,54,81.9,79.2,2.01,1.33,6.3,2.3,5.9,0.3,0.6,10.4,6.8,97.8,93.2,0.1,10.6,7.8,9.8,12.3,11.1,30.7,7
"INFINITY HEALTHCARE MANAGEMENT",283,58,5,1,1,12,20.7,87.9,5.2,6.9,1.9,2.2,1.3,2.9,3.2,2.8,0.5,50.9,52.6,0.8,200,3.4,7366481.57,127008.3,24,0.4,27.9,14.5,3,2.8,38.5,59.6,63.2,1.9,2.02,17.3,3.4,5.2,1.4,0.9,14.9,9.8,90.3,80,0.1,24.9,6.5,55.3,26.1,10.5,31.2,8.2
"INGLESIDE ENGAGED LIVING",284,3,3,0,0,0,0,0,100,0,4.3,3.7,4.7,4.7,5.6,5.1,1.5,36.7,36.6,1.5,1,0.3,25336.88,8445.63,0,0,22,6.9,1.8,0.9,65.8,84.8,78.1,0.93,0.51,8.8,1,7,1.1,1.3,43,33.7,95.7,91.2,0,22.5,3.6,0.3,21.3,10.7,72.2,0
"INNOVATIVE HEALTHCARE MANAGEMENT",742,6,1,0,1,0,0,100,0,0,1.7,1.7,1.5,3.3,3.2,2.8,0.5,56.5,63.8,0.5,8,1.3,428815.95,71469.33,2,0.3,24,14.2,0.9,3.2,41.7,69.4,69.9,1.34,1.49,16.2,2.9,7.4,0.8,0.7,15.6,11.4,93.7,89.6,0,27.1,6.4,46.8,17.8,9.6,23.2,""
"INSPIRED HEALTHCARE MANAGEMENT",286,6,1,0,0,0,0,100,0,0,1.8,2.3,2.3,1.3,3.6,3.1,0.3,48.9,44.3,0.3,6,1,271289.92,45214.99,2,0.3,27.6,13.9,2.5,1.9,36.8,59.7,65.4,3.37,3.14,18.3,3.5,6.8,3.7,1.5,45.3,27.8,92.6,79,0,28.3,4.9,1.5,21.3,11.3,56,26.7
"INTEGRITUS HEALTHCARE",603,15,1,0,0,0,0,0,100,0,2.4,2.7,1.7,2.9,3.8,3.3,0.5,58.4,63.4,0.5,22,1.5,704766,46984.4,1,0.1,24.9,12.6,1.3,2,50.2,76.9,88.2,1.46,1.41,17.7,3.3,4.3,2.2,0.9,28.8,27.2,94.3,97.6,0,27.2,4.9,7.9,17.8,10.8,34.3,5.1
"INTEGRITY HEALTHCARE COMMUNITIES",652,5,1,0,0,1,20,80,20,0,2.6,3.2,2,1.5,3.3,2.8,0.5,53.8,61.5,0,2,0.4,282630,56526,1,0.2,34.7,19.3,2.5,1,36.7,62.2,59.1,2.24,3.32,13.5,4.2,1.5,1.8,4.2,27.1,23.2,98,89.8,0,23,7.5,46,33.2,10.6,24.8,10.7
"JAG HEALTHCARE",289,9,1,0,0,0,0,100,0,0,4.1,3.8,2.2,4.8,3.3,3,0.5,39.8,37.9,0.4,0,0,0,0,0,0,"","","","","",81.8,81.1,1.54,1.86,15.2,3,1.9,0.7,0.1,6,4.9,94.2,88.2,0.2,13.3,7.1,48.6,44.2,10.8,55.6,4.2
"JAMES & JUDY LINCOLN",290,64,2,0,3,9,14.1,100,0,0,2.4,2.8,1.9,2.6,3.1,2.8,0.4,60.6,59.1,2,51,0.8,1688719.68,26386.25,21,0.3,27,17.3,2,3.2,56.9,63.3,64.9,1.83,2.01,25.7,4,4.8,4.6,1.8,21.1,18.1,95.7,84.9,0.1,13.8,4.4,3.5,31.1,10.8,36.6,1.7
"JANET & BRENDA MANDELBAUM",291,15,1,0,0,1,6.7,100,0,0,3.6,3.1,3.5,4.3,4.8,4.3,0.5,34.2,33.1,0.5,12,0.8,246111.13,16407.41,3,0.2,24.9,8.5,1.8,0.8,56.2,98.5,99.2,2.48,0.99,11.8,1.2,6.2,1.2,2.3,12.3,12.9,99.8,99.8,0.7,9.2,3.6,0.6,16.6,13,59.5,22.3
"JONATHAN BLEIER & YAAKOV SOD",293,17,4,0,0,4,23.5,100,0,0,2.1,2.1,2.8,3.3,3.5,3.1,0.5,48.2,45.9,0.1,12,0.7,663984.67,39057.92,0,0,26.3,10.6,2.1,2.1,54.1,82.8,79.3,1.77,1.18,14.5,3.1,4.7,1.1,0.5,19.2,17.3,98.9,93.9,0,20.2,6,2.2,18.9,10.4,28.1,10.6
"JUCKETTE FAMILY HOMES",295,6,1,0,0,0,0,100,0,0,1.5,2.2,1,3,3.6,3.1,0.2,59.7,20,1,5,0.8,511831.54,85305.26,3,0.5,22.2,14.8,3.3,1.2,60.7,91.9,92.2,2.03,2.87,26.3,4.6,2.6,3.2,2,18.8,17.9,92.2,99.8,0.7,21.5,6.2,6.3,25.8,11.3,46.2,0.9
"KADIMA HEALTHCARE GROUP",296,6,1,0,1,1,16.7,100,0,0,1.3,1.3,2.7,2,3.4,3,0.8,66.7,61,2,5,0.8,367492,61248.67,1,0.2,35.3,11.1,1.3,0,32.2,26.5,27.4,1.91,1.79,23.1,2.2,4.1,1,2.6,33,25,85.4,66.2,0,26.7,5.2,1.5,20,10.7,5.8,0
"KALESTA HEALTHCARE GROUP",297,6,1,0,0,0,0,100,0,0,2.3,2.2,3,3.8,4.4,3.9,0.5,43.3,46.2,0.8,15,2.5,111240.98,18540.16,1,0.2,26.4,14.5,1.8,1.6,56,94.9,97.2,1.9,1.66,9.8,1.8,4.9,0.8,2.9,15.6,7.6,98.1,98.8,0,14.5,4.7,7.5,15.6,10.6,21.6,19.1
KENDAL,653,8,5,0,0,0,0,0,100,0,4.4,3.9,4.1,3,5.9,5.2,1.6,29.6,31,0,3,0.4,25812.54,3226.57,0,0,28.6,12.1,1.6,4,64,80,90.2,1.95,1.25,13.1,6.1,7,2.8,2.4,29.4,28.4,98.2,96.4,0,26,5.3,0.6,16.5,9.6,67,5.2
"KINDRED HEALTHCARE",300,4,4,0,0,0,0,100,0,0,3.5,3.3,3,2.8,6.4,5.6,1.9,43,39.9,0.5,1,0.3,64798.5,16199.63,0,0,21.2,7.3,3.7,5.4,37.8,94.7,95.1,1.29,1.49,17.3,0,23.3,3.4,6.5,23.2,17.9,99.1,99.5,0,5.3,6.5,1.2,45.6,11.6,23.8,17.4
"KINGSTON HEALTHCARE",301,6,2,0,0,0,0,100,0,0,3,3,2.3,4.2,4.2,3.7,0.7,54.7,50.8,0.2,1,0.2,12649,2108.17,0,0,24.7,13.9,0.7,3.3,50,73.6,79.7,1.33,1.09,5.4,2.8,7.2,0.5,0.1,22,9.1,88.8,83.7,0,27,5.7,20.3,22.2,10.3,0.9,16.9
"KISCO SENIOR LIVING",585,2,2,0,0,0,0,100,0,0,4,3.5,4,2.5,4.8,4.6,1.2,45,58.5,1,1,0.5,7900.75,3950.38,0,0,28.6,14.2,2.8,0.8,44.6,76.7,86,1.5,2.13,46.9,18.8,7.5,0,1.9,27.8,15.4,"",95.3,0,19.6,"",0,"",10,4.5,0.9
"KISSITO HEALTHCARE",302,7,2,0,0,1,14.3,57.1,42.9,0,4.1,3.9,2.6,3.6,3.9,3.3,0.8,44.5,34.8,1.3,4,0.6,44936.45,6419.49,1,0.1,23.4,10.8,1.4,3.4,53.7,83.6,84.6,1.38,1.76,12.4,3.7,8.1,2.1,0.6,19.6,13.5,98.4,98.8,0,21.6,4.2,4.1,28.7,10.7,58.8,4.8
"KR MANAGEMENT",667,5,1,0,0,1,20,100,0,0,3,2.6,3.2,4.2,4.1,3.6,0.8,44.6,37.2,0.4,3,0.6,224562,44912.4,0,0,29.3,12.5,1,1.4,51.3,96,99.3,2.12,1.1,5.3,1.7,2.7,3.2,0.9,13.8,12.9,99.3,100,0,15.8,4.8,3.4,19.2,10.1,14.7,0
"LANTIS ENTERPRISES",304,5,2,0,0,1,20,100,0,0,1.2,1.6,1.8,2,2.9,2.5,0.5,62,66.8,0,1,0.2,44044,8808.8,2,0.4,23.9,13.8,1.5,2.7,42.9,"",69.5,1.97,2.63,26.2,6.9,9.6,3.9,1.6,17.8,16.5,93.5,97.3,0,31.2,7.8,2.7,21.5,10.1,1.8,2.5
"LEGACY HEALTH SERVICES",305,28,1,1,1,1,3.6,89.3,7.1,3.6,2.4,2.6,1.3,4,3.2,2.8,0.6,56.9,60.1,1,24,0.9,1072142.46,38290.8,8,0.3,27.2,13.9,1.4,2.1,47.7,77.8,81.2,1.54,1.51,8.8,2.4,5.1,0.8,0.3,15.9,10.9,95,93.9,0,24.8,7.4,25.6,22.1,10.5,22.4,5.3
"LEGACY HEALTHCARE",306,85,3,0,1,14,16.5,100,0,0,2.9,3,2.5,2.9,3.5,3,0.8,44.9,38.3,0.3,142,1.7,4873100.45,57330.59,42,0.5,26.3,16.1,2,2,45.5,58.2,72.1,1.73,1.96,20.9,2.9,5.8,2.2,1.7,17.6,13.9,92.4,91.2,0.1,23.3,7.1,49.5,16.3,10.4,41.5,7.6
"LEGACY NURSING & REHABILITATION",307,9,2,0,0,2,22.2,100,0,0,1.4,2.1,1.2,1.9,3.2,2.7,0.2,48.2,60.2,1.2,17,1.9,1965458.72,218384.3,4,0.4,24.4,15.2,4.1,2.9,58.1,43.9,87.7,2.22,2.56,22.5,3.1,7.4,1.2,1.2,26.7,21,79.1,96.3,0,23.2,4.2,3.4,23.6,11.4,36.2,10.6
"LEXINGTON HEALTH MANAGEMENT",309,17,5,1,3,2,11.8,100,0,0,1.8,1.9,1.8,3.1,3.6,3.2,0.5,61.2,62.6,1.6,24,1.4,2463972.32,144939.55,9,0.5,25.2,17,1.6,2.9,49.2,69.2,70.6,1.55,2.05,11.6,3.8,6.1,1.3,1,23.1,18.5,92.3,91.6,0.1,25.5,6.6,5.2,26.1,11,37.7,13.4
"LIBERTY SENIOR LIVING",310,32,1,0,0,3,9.4,100,0,0,2.3,2.7,1.8,2.8,3.4,3.1,0.4,55.8,52.4,0.4,45,1.4,1419585.65,44362.05,8,0.3,24.5,15.3,1.4,2.7,53.3,82.8,87.1,1.86,2.31,13.7,3.6,7,4.3,2,30.7,17.1,96.7,95.7,0,25.7,6.9,2.7,18.1,10.5,34.3,5.2
"LIFE CARE CENTERS OF AMERICA",311,195,27,0,2,14,7.2,95.4,0.5,4.1,3.3,2.9,3.2,4.2,3.8,3.3,0.7,42.7,41.1,0.5,142,0.7,4693157.65,24067.48,15,0.1,23.5,12,1,2.3,62.8,81.1,87.7,1.68,1.57,12.4,2.9,5.4,0.9,0.7,18.6,11.9,94,95.8,0.1,23.4,5.7,5.7,19.9,10.4,19.5,7.3
"LIFE CARE SERVICES",312,24,15,0,0,0,0,83.3,16.7,0,4.1,3.9,4.1,4.1,4.8,4.3,1.1,44.3,41.6,0.6,10,0.4,297806.75,12408.61,1,0,26.2,11.5,0.8,1.8,62,86.5,92.1,1.61,1.14,13.6,3.9,3.9,2.1,1.4,27.8,21,95.4,94.4,0,18.2,4.5,2.3,15,10.4,40.7,7.4
"LIFEBRITE HOSPITAL GROUP",654,2,2,0,0,0,0,100,0,0,2,2,2.5,2,3.4,2.8,0.6,31.3,0,0,2,1,183198.37,91599.19,0,0,"","","","","","",80.2,1.82,1.61,22.1,3.5,3.9,3.3,2.1,22.7,18.1,99.5,96.1,0,14.1,5.4,0,31.6,11.6,15.4,1.5
"LIFEPOINT HOSPITALS",314,10,6,0,0,0,0,100,0,0,4.4,4.1,3.9,4,6,5.5,3.1,39.3,36.1,0.5,10,1,57645.25,5764.53,1,0.1,20.3,9.9,1.9,4.2,51.6,88.7,91.7,1.08,2.26,15.8,3.2,5.9,3.2,0.8,22.1,18.9,98.9,97.9,0,18.8,6.8,3.7,18.7,10.5,34.2,5.1
"LIFESPACE COMMUNITIES",315,15,7,0,0,1,6.7,13.3,86.7,0,3.9,3.5,4.1,3.8,4.3,3.8,1.3,42.1,40.7,0.8,8,0.5,236013.03,15734.2,0,0,28.8,11.2,0.9,2.1,57,81,87.2,2.08,1.24,13.5,5.3,4.8,1.3,0.8,25.1,14.9,97,94.9,0,23.4,8,2.3,16.5,10.1,32.6,0.2
LIFESPARK,316,4,2,0,0,2,50,25,75,0,1.5,1.3,1.5,4,2.6,2.5,0.4,34.3,25,"",10,2.5,300127.13,75031.78,0,0,20.9,10,0.7,1.5,69.6,73.1,85.2,1.24,1.56,15.2,4.2,4.8,1.1,0.9,27.1,19.4,97.9,96.2,0,28.2,2.6,2.3,11.6,9.3,43.9,4.8
"LINKS HEALTHCARE GROUP",318,26,2,0,0,1,3.8,100,0,0,2.8,2.7,2.5,3.6,3.9,3.5,0.5,40.6,41.3,0.5,35,1.3,448224.13,17239.39,4,0.2,25.1,12.6,1.1,1.6,45.5,89.6,92.2,1.85,1.39,7.6,1.6,5.1,1.1,1.3,14.1,9.3,93.9,96.5,0,7.7,5.4,4.1,16.4,11.1,39,15.4
"LIONSTONE CARE",611,20,1,0,2,0,0,100,0,0,2.3,2.2,1.7,4.1,3.4,3.1,0.6,67.5,75.7,1.2,43,2.2,729168.8,36458.44,7,0.4,30.2,14.4,1.7,2.2,55.9,60.6,69.1,1.91,2.17,10.9,3.5,5.7,0.4,0.4,14.2,10.7,91.6,86,0,22,7.8,40.5,25.2,10.6,22,1.8
"LITTLE SISTERS OF THE POOR",319,3,3,0,0,0,0,0,100,0,4.7,4.7,3.7,3.7,6.4,6.1,1.6,21.3,31.9,0,0,0,0,0,0,0,"","","","","","",45,1.79,1.19,6.5,11.5,2.5,7.3,0,14.3,23,100,92.3,0,29.5,6.9,0.3,7.6,"",50,13.2
"LIVE OAK HEALTHCARE",320,7,1,0,0,0,0,100,0,0,2.9,3.1,2.1,3.4,3.4,3.1,0.3,55.6,42.9,0.4,5,0.7,163600.75,23371.54,2,0.3,22.5,20.5,2,1.9,44,91.6,97.6,2.3,3.01,9.6,4.1,5.6,1.6,1.3,10.7,10.2,98.9,99.9,0,11.4,3.6,2,32,12.8,42.4,0.4
"LME FAMILY HOLDINGS",321,11,3,0,1,0,0,100,0,0,2.3,2.2,3.2,3.1,3.5,3.3,0.6,55.7,43.8,0.4,28,2.5,582851.37,52986.49,0,0,28.4,12.5,1.6,2.4,48,50.4,55.9,2.19,1.34,11.7,2.7,7,1.5,1.2,20.7,18.1,91.9,74.4,0.2,24.9,7.6,4.8,21.1,10.4,47.2,23.5
"LONGWOOD MANAGEMENT CORPORATION",323,38,1,0,1,7,18.4,100,0,0,2.1,2,2.8,3.6,4.2,3.9,0.4,41.6,39.3,0.3,74,1.9,1482936.23,39024.64,15,0.4,23.8,7.4,3.3,0.7,53.8,79.5,78.6,2.84,1.25,12,1.1,6.8,2.1,1.1,14,14.3,95.8,96.4,0.3,8.5,6.3,0.1,11.4,10.7,57.2,17.5
"LORIEN HEALTH SERVICES",324,8,1,0,0,0,0,100,0,0,3.1,3.3,3.6,2.5,4.2,3.8,0.9,52.3,44,0.4,2,0.3,56463.66,7057.96,0,0,26.9,11.2,1,3.9,53.5,87.9,88.5,1.72,1.51,15.1,3.8,8.8,5.3,1.6,43.1,25,98.5,94.7,0.1,26,5.4,5.4,12.7,11,46.5,7.6
"LUTHERAN SENIOR SERVICES",326,8,2,0,0,0,0,12.5,87.5,0,4.8,4.5,4.5,3.6,4.5,4.1,0.9,41.3,34.9,0,3,0.4,69484,8685.5,0,0,25.1,11.2,1.2,4.4,59.5,87.6,83.8,1.11,1.25,12.9,4.8,4.4,3.1,2.4,19.7,10.2,96.5,95.6,0,24.7,6.9,2,16.6,10.5,68,1.1
"LUTHERAN SERVICES CAROLINAS",327,7,1,0,0,1,14.3,0,100,0,4,3.6,4.4,2.3,4.6,4.1,0.7,38.7,32.4,0,4,0.6,62023.3,8860.47,0,0,22.1,11.1,1.2,5.3,47.4,82.5,83.9,1.78,1.06,15.9,5.6,6.6,3.7,3.5,40.8,23.4,96.7,95.2,0.1,29.5,8.2,2,27.3,9.2,37.6,4.2
"MADISON CREEK PARTNERS",328,12,2,0,1,3,25,100,0,0,2.8,2.8,2.8,3.3,3.5,3.2,0.5,50.8,56.3,0.4,46,3.8,576182.57,48015.21,1,0.1,21.5,12.4,2.7,0.9,33,79.3,85.4,1.6,1.57,22.9,1.9,4.1,0.7,0.8,21.4,19.6,97.8,97.4,0,18.2,5.5,3,14.2,10.8,43.1,5.7
"MAGNOLIA MANOR SENIOR LIVING",329,6,1,0,0,1,16.7,0,100,0,2.3,2.7,2.7,2.5,4.1,3.6,0.5,49.4,31.4,1,1,0.2,34430.5,5738.42,0,0,22.7,22,2.5,5.4,34.2,92.2,94.4,1.66,2.11,15.1,4.4,4.9,1.9,1.3,21.3,18.7,98,99.3,0.4,10,3.4,4.8,20.2,11.7,43.9,0.5
"MAINE VETERANS' HOME",330,5,1,0,1,1,20,0,100,0,4.4,3.8,5,3,5.5,4.7,1.7,41,28,0.4,2,0.4,14068.25,2813.65,0,0,20.7,17,1.3,2.6,50.4,73,81.6,0.85,1.16,13.3,4.3,5.6,2.3,2.9,27.2,26,96.1,92.9,0,29.1,7.5,9.9,16.6,9.2,37.2,4.3
"MAJESTIC CARE",331,27,3,1,3,1,3.7,81.5,7.4,11.1,2,2,1.3,4,3.2,2.8,0.5,55.3,53.6,0.9,34,1.3,1663827.77,61623.25,19,0.7,24.1,10.8,2.5,2.9,39.7,62.4,68.5,1.61,1.22,13.9,3.8,5.7,0.6,0.3,9.7,6,91.1,92.1,0,26.6,7.5,38.9,24.7,10.6,46.9,8.3
"MAJOR HOSPITAL",332,7,1,0,1,1,14.3,42.9,57.1,0,2.4,2.1,3,3.1,4.1,3.7,0.6,49.2,26.3,0.2,17,2.4,271561.64,38794.52,4,0.6,23.8,7.6,1.1,2.5,61.7,88.3,90.5,1.81,1.92,19.8,3.4,4.9,1.8,1.7,20.7,21.6,95.3,99.6,0,26,4,8.9,26.5,10.4,59.6,2.9
"MAPLE SPRINGS LIVING",333,3,2,0,0,0,0,100,0,0,3,2,4.7,3.7,5.5,4.8,1.5,48.5,48,0,5,1.7,71643.22,23881.07,2,0.7,15.4,9.8,2,3.2,41.8,87.1,88.7,1.3,1.54,10.6,2.4,10.7,6.2,4.2,29.5,11,97.8,97.4,0,30.7,5.5,6.8,12.8,9.8,38.1,0
"MARINER HEALTH CARE",334,18,1,0,2,1,5.6,100,0,0,3.3,2.9,3.6,3.8,4.1,3.9,0.5,39.1,37.9,0.6,56,3.1,519704.35,28872.46,2,0.1,23.3,9.2,1,1.1,54.1,99.5,99.4,2.12,1.33,12.8,1.9,7.8,0.9,1.3,18.5,16.9,100,99.9,0.4,8.6,5.8,1,11.6,11.2,48.6,28
"MARQUIS COMPANIES",335,16,3,0,0,1,6.3,100,0,0,4.1,3.9,4.1,3.5,5.1,4.6,0.8,47,38.9,0.1,5,0.3,275284.75,17205.3,0,0,21.9,11.8,1.2,4.4,58.2,77.8,88.2,1.28,1.57,14.4,2.3,10.5,2.2,3.3,28.6,19,90.3,95.8,0.3,22.5,6.7,3.6,10.2,9.5,31.4,12.9
"MARQUIS HEALTH SERVICES",336,68,9,1,1,10,14.7,98.5,0,1.5,3.1,2.6,2.5,4.2,3.7,3.2,0.7,42.8,44.8,0.5,79,1.2,2810927.66,41337.17,6,0.1,25.8,10.3,1.1,1.9,57.1,63,69.1,1.7,1.17,12.8,2.9,5.4,0.8,0.5,16.5,13.9,92.2,89.2,0.1,21.3,6.1,39,17.1,10.7,43.6,11.4
"MARSH POINTE MANAGEMENT",337,6,2,0,1,0,0,100,0,0,3,2.8,3.5,2.5,4,3.5,0.7,40.6,39.1,0.2,5,0.8,220002.79,36667.13,1,0.2,21.9,16,0.9,4.1,64.1,93.8,73.3,1.98,1.64,33.2,2.9,5,4.5,2.7,18,16.6,92.5,87.3,0,17.6,4.9,0.7,28.1,11.1,64.6,1.8
"MAXIMUS HEALTHCARE GROUP",338,10,3,0,0,0,0,100,0,0,3.4,3.2,2.6,3.6,3.5,3,0.4,47,41.3,0,13,1.3,390910.77,39091.08,2,0.2,24.4,11.5,1.4,3.3,59.2,82.9,86.9,1.85,1.67,6.2,2.6,6.2,1.4,0.9,14.7,14.4,92,95.5,0.1,14.4,6.3,2,20.4,10.4,61.2,8
"MAYER FAMILY",340,9,3,0,1,1,11.1,100,0,0,2.6,2.3,3,4.1,3.8,3.2,0.8,44.7,45.4,0.4,18,2,584676.63,64964.07,2,0.2,19.7,13.4,1.7,2,57.5,74.4,74.2,1.69,1.63,12.1,1.3,7.2,2.7,1.1,16.2,15.1,95.7,88.5,0,18.2,6.4,4.7,12.5,11,37.5,9
"MB HEALTHCARE",341,6,1,0,0,0,0,100,0,0,3.3,2.7,2.8,4.5,3.5,3.1,0.7,40.3,30.9,0,4,0.7,16054.46,2675.74,0,0,27.6,8.1,1.2,2.2,50.1,98.8,99.2,2.1,1.1,8.6,1,6.5,0.3,1.5,8,7,99.9,99.3,0,20.6,3.7,11.5,17.4,11,37.5,21.2
"MEDICAL FACILITIES OF AMERICA",343,38,3,1,0,2,5.3,94.7,2.6,2.6,2.2,2.3,1.2,4.1,3.2,2.8,0.4,58.6,56.7,0.5,36,0.9,1758012.05,46263.48,4,0.1,23.2,12.3,1.1,2.5,57.5,73.5,78.4,1.38,1.35,10.6,3.4,6,1,0.4,20,15.1,94.5,92.8,0,24.5,5.5,37.6,20.9,10.9,28.9,""
"MEDICALODGES, INC.",344,21,3,0,1,3,14.3,100,0,0,2.3,2,3.4,3.5,3.9,3.4,0.6,51.3,52.6,0.3,29,1.4,695517.64,33119.89,2,0.1,21.3,16.3,2.1,2.5,64.5,62.9,74,1.57,2.38,18.6,3.6,4.5,3.1,1,22.6,15.8,92,91.7,0,24.1,4.4,1.4,22.7,10.2,31.2,2.2
MEDILODGE,345,49,1,0,3,4,8.2,100,0,0,3.1,2.8,3.6,3.8,4,3.3,0.9,51,47,0.9,65,1.3,2858931.4,58345.54,16,0.3,24.5,12.1,1.4,2.2,48.5,72.5,70.8,1.73,1.54,14.1,2.9,6.3,1.4,0.9,15.2,10.2,95.1,92.4,0.2,22.6,6.9,1.6,25.5,10.2,22.5,1.4
"MERCYHEALTH SYSTEM",346,3,2,0,0,0,0,33.3,66.7,0,4,4,3,5,7.1,5.9,2.6,50.9,47.4,0,1,0.3,82840,27613.33,0,0,24.8,10.2,0.4,0,55.6,91.2,98.8,1.11,1.36,0,6.7,13.9,10.3,4.3,7.6,16.7,"",100,0,13.5,1.9,0,1.8,10.2,17.2,1.9
"MGM HEALTHCARE",348,31,3,0,2,5,16.1,100,0,0,1.9,2.1,1.4,3.4,3.4,2.9,0.3,62.6,55.5,0.9,53,1.7,1866667.03,60215.07,16,0.5,23.7,15.5,0.7,2.1,50.1,53.4,63.6,2.2,2.04,11.1,2.8,4.5,0.6,0.1,18.2,18,87.6,81.3,0,19.7,3.1,32.2,21.5,10.5,29.9,4
"MIDWEST HEALTH",350,10,2,0,0,0,0,100,0,0,3.2,3.1,3.1,3.3,4.1,3.6,0.8,68.9,57.1,1,4,0.4,54410.85,5441.08,0,0,28.1,20.3,0.8,5.6,53,62.6,82.8,1.63,2.16,12.4,3,4.1,2.8,2.3,18.3,17.2,95.5,93.5,0,26.2,3.8,1,18.8,11.2,8.4,2
"MILLENNIUM HEALTH SYSTEMS",351,5,2,0,0,0,0,100,0,0,4.2,3.2,3.8,4.2,4.8,4.3,1.1,38.1,42.4,0.4,3,0.6,316622.5,63324.5,0,0,39.5,5.3,0.5,2.9,37.7,66,72.5,2.22,0.94,6.4,1.1,6.6,0.7,0.8,25.2,16.6,98.7,93.1,0.2,16,3.8,1.3,28.3,10.9,40.5,2.8
"MILLER'S MERRY MANOR",352,33,1,0,0,1,3,100,0,0,3,2.9,2.2,4.1,3.6,3.2,0.7,50.5,40.3,0.9,7,0.2,135620.8,4109.72,2,0.1,22.8,10.7,1.3,3.5,43.8,82.1,86.8,1.44,1.59,11.4,4.2,5.6,1.5,1.1,15.5,13.4,95.8,95.8,0,21.6,5.6,26.2,17.2,10.6,37.5,4.5
"MISSION HEALTH COMMUNITIES",354,41,5,0,2,1,2.4,100,0,0,2.6,2.8,2.4,3,3.5,3.1,0.6,48,41.7,0.7,35,0.9,1006405.95,24546.49,8,0.2,20.1,13,2.5,2.5,39,71,72,1.66,1.87,25.9,3.3,4.6,3.7,2.3,23.8,17,95.4,96.1,0,20.9,4.3,11.6,27.9,10.2,27.2,2.5
"MISSION HEALTH SERVICES",355,5,2,0,0,2,40,40,60,0,2.6,2.2,3,3.6,3.8,3.4,0.9,53.1,40.8,0.8,4,0.8,76972.04,15394.41,1,0.2,18.4,10.5,0.9,4.9,50.5,73,78.4,1.29,1.06,20.8,5.4,4.1,1.6,1.9,25.6,25.2,93.5,92,0,26.5,6.7,3.5,27.9,9.7,14,11.4
"MISSION POINT HEALTHCARE SERVICES",356,23,2,2,4,6,26.1,100,0,0,2.1,2,2.6,3.5,3.6,3.2,0.6,51.5,53.6,0.8,61,2.7,3360578.93,146112.13,35,1.5,27.3,11.1,1.6,1.5,50.3,81.7,80.1,1.53,1.32,14.3,2.3,5,1.4,0.9,15.6,12.2,92.9,95.8,0,19.3,4.9,3.8,19.8,10.5,36.7,12.7
"MISSISSIPPI CARE CENTER",357,5,1,0,0,1,20,100,0,0,2.8,2.8,4.4,1.8,4.6,3.7,0.7,52.4,31.2,0,5,1,45802.2,9160.44,0,0,26.4,17.7,4.5,1.6,48.2,96.7,93.4,2.35,2.61,19.8,3.5,4.5,4.6,1.3,25,23.4,100,99.2,0.1,28.9,5.3,1.6,26.8,11.8,44.5,2.9
"ML HEALTHCARE",358,6,1,0,0,1,16.7,83.3,0,16.7,3.2,3.2,1.5,4.2,3.2,2.9,0.4,55.9,44.5,0.5,9,1.5,143137.15,23856.19,0,0,27.3,12.5,1.1,1.8,44.2,68.7,78.2,1.81,1.6,5.5,2.5,3.5,0.6,1,17,11.6,90.5,84,0.1,20.3,3.9,2,23.3,10.8,11.9,11.9
"MOMENTUM SKILLED SERVICES",360,6,1,0,1,1,16.7,33.3,0,66.7,2,2.7,1.3,3.7,3.4,2.9,0.2,65.6,68.8,0.5,10,1.7,445446.6,74241.1,2,0.3,27.5,9.1,0.9,2.4,57.4,92.6,95.3,2.44,2.9,3.2,4.8,4.7,0,0.5,20.7,16,99.4,99.3,0,14.8,3.1,2.6,19.2,11,17,0.9
"MONARCH HEALTHCARE MANAGEMENT",361,45,1,0,2,3,6.7,100,0,0,2.2,2.2,3.2,2.7,3.5,3.1,0.9,52.7,55.2,0.8,100,2.2,1351539.66,30034.21,4,0.1,23.1,16.2,2.4,2.5,50.2,68.9,85.4,1.56,2.14,19.2,2.9,7.3,2.3,2.2,24.9,17,91.9,94.6,0,24.1,4.8,5.5,12.4,10,39,10.9
"MORDECHAI WEISZ",712,7,3,0,1,2,28.6,100,0,0,2.2,1.8,2,3.8,3.3,3,0.5,60.7,60.5,0.7,17,2.4,305448.6,43635.51,1,0.1,24.7,13.2,0.9,2.6,52.2,40.4,45.5,1.75,1.63,18.9,4,4.6,0.4,0.7,9.9,8.9,92.7,71.3,0,29.9,6.9,7.1,24,11,33.6,3.3
"MOSHE BLONDER",676,6,1,0,3,4,66.7,100,0,0,1.3,1.7,1.2,2.2,2.6,2.2,0.3,49.7,49.7,0.3,30,5,2549493.3,424915.55,9,1.5,33.2,17.2,3.5,1,24.8,43.6,36.2,2.06,1.9,17.7,1.7,4.8,0.4,0.1,16.9,9.9,86.1,84.2,0,18.6,1.1,92.3,15.2,10.3,33.9,""
NAHS,362,12,1,0,0,0,0,100,0,0,3.8,3,3.3,4.8,4.6,4.1,0.6,43.7,42.2,0.3,8,0.7,212647.08,17720.59,2,0.2,21.9,10.4,0.7,0.8,58,92.1,96.5,2.14,1.44,3.6,1.4,3,0.6,0.6,10.8,7.8,95.7,97.5,0,12.6,4.1,9.2,8.9,10.9,40.1,18.7
"NATIONAL HEALTH CARE ASSOCIATES",363,38,6,0,1,3,7.9,97.4,2.6,0,3.1,2.8,2.7,3.8,3.8,3.4,0.7,41.1,41,0.3,34,0.9,1094703.9,28808,0,0,24.2,11.3,1.3,3.1,57.2,72.5,75.7,1.73,1.37,15.9,3.4,5.5,1.1,0.5,21.4,16.6,95.5,91.4,0,28.7,7.9,31.4,19.5,9.8,22.5,7.4
"NATIONAL HEALTHCARE CORPORATION",364,64,7,0,1,3,4.7,100,0,0,3.7,3.3,3.2,4.1,3.7,3.3,0.7,50.9,31.5,0.2,26,0.4,1351477.3,21116.83,7,0.1,22,11,1.3,0.8,63.7,88.8,86.8,1.41,1.27,14.4,4,4.5,2.2,1.5,21.7,17.1,96.2,94.8,0,19.3,4.7,3.6,24.1,11.1,23.9,4
"NATIONAL LUTHERAN COMMUNITIES & SERVICES",365,2,2,0,0,0,0,0,100,0,3.5,3.5,4,4,4.7,4.3,1.1,50.2,50,0,1,0.5,17345.25,8672.63,0,0,20.3,8.8,2.7,3.6,58.6,87.3,77,0.97,0.74,22.2,0.9,6.7,0.5,0.7,25.8,27.8,96.2,79,0,25,4.4,2.6,20,9.1,34,15.8
"NATIONWIDE HEALTHCARE SERVICES",366,7,2,1,1,3,42.9,100,0,0,2,1.8,3.3,3.3,3.8,3.5,0.7,50.4,43.9,0.3,13,1.9,608342.03,86906,0,0,23.5,12.3,1.4,2.2,50.2,54.1,50.4,2.37,1.79,11.1,2,5.1,1.3,1.1,20.3,17.9,93,79.3,0,25.5,8.8,2.3,18.4,9.9,58,11.4
NEURORESTORATIVE,367,5,3,0,0,0,0,100,0,0,3.8,3.2,4.2,4.4,8,7.5,2.5,41.6,39.4,0,7,1.4,179002.2,35800.44,0,0,"","","","","",85.7,91.5,1.49,1.32,6,1.7,5.7,0.9,2.2,17.4,11,97,95.8,0,12.7,1.1,1.1,34.6,9.9,18.1,2.7
"NEW YORK CITY HEALTH + HOSPITALS",368,5,1,0,0,0,0,20,0,80,4.6,4,4.2,4.4,4.6,3.8,1.5,25.4,29.6,0,0,0,0,0,0,0,19.2,5.6,1.5,3.2,45,86,73.8,1.64,0.65,6.5,1.4,12.5,1.1,0.5,16.9,13.6,98.6,94.4,1.1,14.4,3.9,6.4,4,9.6,42.3,4.9
"NEXCARE HEALTH SYSTEMS",369,19,1,0,1,1,5.3,100,0,0,3.3,3.1,3.3,4,3.7,3.3,0.6,47.8,39.2,0.3,13,0.7,407806.75,21463.51,6,0.3,26.3,11.4,0.8,1.5,53.4,83.3,78.5,1.64,1.16,13.3,2.7,5.6,1.7,0.6,16.3,12.3,95.7,94.7,0.1,8.8,5.8,1.6,18.7,10.4,43.9,15.1
"NEXION HEALTH",370,49,3,0,4,10,20.4,91.8,0,8.2,2.2,2.3,2.8,2.4,3.6,3.1,0.4,43.5,43.4,0.6,69,1.4,2619714.07,53463.55,9,0.2,28.4,16.6,1.9,2.8,41.8,82.7,86.2,2.19,2.39,11.4,2.4,5.4,0.9,2.1,30.8,23.3,98.5,98.6,0.1,17.8,5.8,1.4,23.5,11.2,21.2,4.1
"NEXT STEP HEALTHCARE",371,15,1,1,0,1,6.7,100,0,0,2.1,2.1,2,2.8,3.5,3.1,0.6,49.7,57.9,0.9,26,1.7,1380117.44,92007.83,0,0,27.6,13.7,0.9,2.1,43.1,62.9,56.6,1.84,1.72,24,3.1,6.1,2.2,2.2,17.7,16.8,93.6,86.1,0.2,26.5,5.6,14.5,19.4,11.1,52.4,2.3
"NHS MANAGEMENT",372,48,4,0,0,2,4.2,100,0,0,2.4,2.4,3.1,2.8,3.8,3.2,0.5,53.5,49.2,0.5,24,0.5,701755.52,14619.91,3,0.1,25.5,11.3,2.2,3,52,74.9,83.2,2.01,1.82,20.7,3.1,8.2,1.8,1.4,17.9,14.1,88.8,90.9,0,11.1,5.7,1.3,24.3,10.7,15.2,2
"NOCONA HOSPITAL DISTRICT",708,6,1,0,1,2,33.3,50,0,50,1.3,1.7,1.3,2.7,2.8,2.5,0.3,58,61.4,0.5,13,2.2,420361.97,70060.33,0,0,30.3,15.5,1.2,1.8,50,94.9,90.4,2.12,1.5,9.3,2.7,5.4,0.7,1,21,18,100,99.7,0,15.2,2.3,0.6,26.1,10.3,19.6,1.1
"NOLAND HEALTH",374,10,1,0,0,0,0,20,80,0,2.6,2.5,4.1,2.3,4,3.3,0.7,47.4,33.3,0.2,1,0.1,14521,1452.1,0,0,27.4,15.8,1.8,2.9,41.5,76.5,83.2,2.28,1.86,19.8,3.6,6.2,4.6,1.5,17.2,11.1,97.1,94,0,7.4,5.5,0.3,24.1,10.5,18.6,0.2
"NORTH COUNTRY ASSOCIATES",375,8,1,0,1,0,0,87.5,12.5,0,2.3,2,4.3,2.6,4.4,4,0.9,55.5,32.6,0.6,1,0.1,114861.5,14357.69,0,0,17.9,20.3,0.4,2.3,68.3,50.2,56.8,1.77,3.08,15.8,3.4,4.3,4.6,1.4,33,24.7,92.2,81.2,0,26.1,2.4,8,15.5,9.8,56.6,4.9
"NORTH MISSISSIPPI HEALTH SERVICES",376,2,2,0,0,0,0,0,100,0,3,2.5,4,3,4.3,3.7,1,39,29.4,0,0,0,0,0,0,0,31.6,9.6,2.4,6.6,36.4,92.2,55.9,0.93,0.97,18.6,1.5,5.1,1.1,2.5,22.1,21.8,96.1,79.4,0,25.6,4.9,0.2,21.2,10.1,0,9.2
"NORTH SHORE HEALTHCARE",377,59,4,0,0,3,5.1,100,0,0,2.6,2.8,2.9,2.6,3.4,3,0.9,45.2,42.5,0.6,48,0.8,1300589.8,22043.89,7,0.1,24.6,15.4,1.6,2.7,51.5,78.6,86.7,1.55,2.18,17.3,3.7,5.2,3.4,2,30.6,21.9,94.6,96.3,0.2,28.4,4.6,4.8,14.8,10.1,49.2,6.4
"NURSING CARE MANAGEMENT OF AMERICA",379,5,2,0,0,0,0,100,0,0,3,2.4,2.6,4.8,3.7,3.2,0.6,51.2,30.7,0.8,4,0.8,89751.95,17950.39,2,0.4,18.6,16.4,1.4,1.1,44.3,82.7,90.4,1.82,1.19,5.7,3.3,3.9,0.5,0.3,13.4,10.1,96.4,98.2,0,24,6.7,13.8,25.7,9.2,46.2,2.6
"O'NEILL HEALTHCARE",380,6,1,0,0,0,0,100,0,0,4.2,3.8,2,4.7,3.3,3,0.5,51.6,35.9,0.8,2,0.3,170014,28335.67,0,0,28.1,9.1,0.2,1.8,48.8,74.4,78.5,1.68,1.04,3.2,1.7,5.1,0,0.3,18.7,12,90.3,90.9,0,18.2,6.6,22.2,23.6,10.7,8.6,""
"OAKBEND MEDICAL CENTER",579,11,1,0,0,0,0,63.6,9.1,27.3,2.4,2.7,1.9,3.5,3.5,3.1,0.5,52.2,42.9,1.1,18,1.6,611392.89,55581.17,2,0.2,28.6,13.2,1.2,3,44.2,94.7,86.4,2.16,2.6,7.4,2.3,8.7,0.7,1,15.8,14.9,99.2,92.6,0.1,15.4,3.8,5,26.3,10.4,34.1,13.7
"OCEAN HEALTHCARE",381,11,1,0,0,1,9.1,100,0,0,2.7,2.6,2.4,3.7,3.3,2.9,0.4,41.1,38.8,0.5,8,0.7,201496.61,18317.87,0,0,27.7,8.6,0.9,3.6,60.8,78.4,76.3,1.85,1.1,7.2,3,4.9,1.8,1.5,23.3,17.5,97.9,92.1,0.1,19.7,6.6,4.1,14.6,11.1,38.1,3.9
"OHANA PACIFIC MANAGEMENT CO.",382,6,1,0,0,0,0,100,0,0,3.7,3.2,4.2,3.8,4.3,3.8,1.5,35.2,31.2,0.3,3,0.5,92455.35,15409.23,1,0.2,18.1,17.2,0.1,1.8,52.3,82.1,84.5,0.92,1.72,10.8,4.8,7.2,3.3,1.4,28.8,20.4,98.2,98.2,0,18.8,4.4,0.1,6.1,9.7,26.6,21.7
"OHIO LIVING COMMUNITIES",383,10,1,0,0,0,0,10,90,0,4.7,4.2,3.8,4.8,4.8,4.3,1,46.4,34.3,0.4,1,0.1,14679.6,1467.96,1,0.1,26.4,14.8,0.8,2.4,63.7,79.1,87.6,1.35,1.31,11.2,4.9,2.8,1.8,0.4,15.3,7.8,91.5,95.1,0,20.7,3.8,13.5,18.4,10.8,47.2,10.5
"OKLAHOMA NURSING HOMES, LTD.",384,6,1,0,0,0,0,100,0,0,2.3,2.7,2.5,2.3,4,3.6,0.5,47.9,48.8,0.7,23,3.8,211615.96,35269.33,0,0,33.9,13.5,5.4,4.1,56.4,64.6,76.1,2.35,2.45,12.9,6.8,3.6,2.9,2.3,17.1,16.9,93.7,94.7,0,18.7,5.8,3,31.8,11.1,34.6,13.6
"ONYX HEALTH",385,6,1,0,0,0,0,100,0,0,3.7,3,3.7,4.7,3.6,3.4,1,31.5,41.2,0.7,1,0.2,13663,2277.17,0,0,28,5.1,1.7,1,50.1,98.1,99,2.44,0.46,5.8,1.2,4.3,0,0.7,4.8,6.3,100,100,0,2.2,5.1,3.8,14.4,9.8,47.8,17.7
"OPIS SENIOR SERVICES GROUP",574,10,1,0,0,1,10,100,0,0,2.9,2.9,2.5,3.4,3.4,3.2,0.5,53,45.7,1.1,8,0.8,133503.15,13350.32,1,0.1,26,8.9,2.1,4.3,46.1,93.4,87,1.62,1.04,15.9,2.8,7.1,0,0.2,16.2,12.4,99.9,95.6,0,23.3,8.5,3.1,25.5,10.8,51.2,33.9
"OPTALIS HEALTH & REHABILITATION",601,29,2,0,0,5,17.2,100,0,0,2.2,1.9,2,4.3,3.7,3.4,0.6,55,51.1,1.1,46,1.6,2437060.69,84036.58,18,0.6,28.3,8.7,1.4,2.2,59.3,86.4,92.4,1.65,1.16,11.1,3.2,6.7,1.4,0.4,15.7,9.4,95.2,98,0,25.5,6.7,18.5,18.5,11,31,4.8
"OPTIMA CARE",386,7,3,0,0,0,0,100,0,0,2.9,2.3,3.9,4.5,3.9,3.4,0.7,39.6,30.8,0,32,4.6,711450.28,101635.75,1,0.1,21.3,5.4,1,1.5,63.8,83.2,88.8,1.55,0.78,8.2,1.5,5.3,0.9,0.5,23.5,21.5,98.7,98.5,0,18.9,3.4,7.3,16.6,10.7,33.2,3.6
OSBYCORP,388,2,2,0,0,0,0,100,0,0,2.5,2.5,2.5,4.5,3.8,3.3,0.8,55.2,"",0,1,0.5,10119.6,5059.8,0,0,"","","","","","",90.5,0.8,1.26,18.1,7.2,2.3,4.8,4.2,7.6,16.7,100,97.2,0,19.7,4.1,9.1,13.3,9.6,46.1,7.8
"OTTERBEIN SENIORLIFE",389,16,2,0,0,0,0,6.3,93.8,0,3.3,2.9,3.7,4.4,4.3,4,0.8,50.8,50.4,0.3,5,0.3,58914.25,3682.14,2,0.1,27.2,12.4,1.2,2.1,50.5,84.9,92.3,1.47,1.79,11,5.2,3.5,0.3,0.1,8.8,5.8,97.5,99,0,25.7,7.7,7.9,27.8,10.4,11.1,5.8
"P&M MANAGEMENT",655,5,1,0,1,2,40,100,0,0,2.6,2.6,2,3.4,4.2,3.8,0.3,56.7,59,0.6,3,0.6,64899.75,12979.95,1,0.2,22.2,10.9,4.1,1,56.1,97.2,99,2.93,1.93,15.4,1.7,6.9,0.7,2,18.3,13,99.8,99.9,0.1,7.2,2.5,12.2,25.1,10.7,41.1,19.4
"PACIFIC RETIREMENT SERVICES",391,10,5,0,0,0,0,0,100,0,4.5,4.3,4.2,4.3,5.6,5,1.3,44.9,37.8,0.3,5,0.5,69115.25,6911.53,1,0.1,18,9.2,0.7,2.2,61.2,92,97.7,1.43,1.04,10.4,3,6.3,1.5,2.4,24.3,18.6,98.2,99.1,0,23.4,8.5,2.8,3.8,9.5,63,16.2
"PACS GROUP",690,196,12,2,5,21,10.7,100,0,0,2.8,2.5,2.1,4.1,3.9,3.5,0.5,49.5,48.6,0.6,200,1,5169120.11,26373.06,46,0.2,24.5,13.6,1.4,1.6,51.6,90.7,93.2,1.86,1.66,10.2,1.8,5.1,0.7,0.6,14.2,10.1,97.2,97.9,0.1,15.1,3.6,15.2,14.6,10.5,36.9,9.8
"PALLADIAN HEALTHCARE",393,6,2,0,0,1,16.7,100,0,0,1.7,2,1.2,2.5,2.6,2.4,0.3,51.7,50.6,0.5,16,2.7,628515.79,104752.63,3,0.5,26.7,18.6,0,1.4,41.4,62,56.5,2.08,2.35,18.1,4.3,3.3,2.2,0.9,29.1,20.8,86.6,85.3,0.1,22.1,9.5,1.2,19.2,11.4,40.2,6.1
"PALM GARDEN HEALTH AND REHABILITATION CENTER",394,14,1,0,0,1,7.1,100,0,0,2.4,2.2,3,3.8,3.6,3.3,0.5,47.2,47.3,0.5,9,0.6,211544.05,15110.29,0,0,28.9,9.3,0.9,1.2,47.3,94,95.9,2.2,1.3,3.8,2.7,4.8,1.1,0.9,22.2,14.1,99.6,99.6,0,18.5,7.2,0.5,18,11.4,18.8,4.9
"PARADIGM HEALTHCARE",620,10,1,1,1,2,20,100,0,0,1.8,1.9,1.3,4,3.2,2.7,0.3,52.3,64.1,0.8,23,2.3,1003236.2,100323.62,2,0.2,25.9,9,2.3,2.2,55.6,100,99.8,2.25,1.99,10.6,2,6.3,0.7,0,12.5,16.9,100,99.7,0,17.6,6.9,1.9,24.8,10.5,13.5,0
"PARADIGM SENIOR MANAGEMENT",623,6,1,0,0,0,0,100,0,0,3.5,4.7,1.2,2,3,2.5,0.3,60.8,53.3,0.7,1,0.2,5282.88,880.48,0,0,27.9,16.6,6.1,2.7,63.1,38.4,26.6,1.48,2.75,36.3,5.2,6.2,4,2.4,27.2,21.5,89.5,59.6,0,9.4,10.6,4.7,20.5,10.7,33.5,1.3
"PARAGON HEALTHNET",395,11,1,0,0,0,0,100,0,0,4.5,4.4,2.4,4.2,3.9,3.4,0.7,33.5,38.6,0.5,0,0,0,0,0,0,19.4,7.1,1.7,1.9,58.2,90.2,92.3,1.51,1.04,13,2.1,8.3,0.5,0.4,20.2,19,96.6,96.4,0.1,10.9,5.3,46.1,17.4,10.3,38.6,1
"PARAMOUNT HEALTHCARE CONSULTANTS",396,16,2,0,0,1,6.3,93.8,0,6.3,1.5,2.1,2.1,1.6,3.5,3.1,0.2,54,59.7,0.4,15,0.9,656084.18,41005.26,4,0.3,30.4,17.8,6.8,3.3,52,58.8,64.7,2.81,3.34,25.2,4.2,8.3,2.6,2.5,35.6,28.3,92.9,86.8,0,16,4.7,2.1,21.3,11.9,30.3,1.4
"PAVILION HEALTHCARE",612,5,1,0,0,2,40,100,0,0,2.8,3,2,3,3.1,2.8,0.6,35.6,26.9,0,14,2.8,509517.96,101903.59,4,0.8,24.2,12.7,2.2,2.1,43.6,51.5,44.7,1.88,2.26,17,1.3,5.5,0.2,1.1,15.5,11.3,93.2,84.7,0,21.2,5.7,86,13.7,10.6,18.5,4.6
"PEACH HEALTH GROUP",604,10,1,0,1,1,10,100,0,0,1.6,2.1,1.3,2.6,2.9,2.6,0.3,53.5,58,0.8,29,2.9,513503.51,51350.35,0,0,22.1,10.1,1,3.2,55.2,60.8,62.3,2.07,2.48,23.2,2.8,7.7,2.2,1.9,15.7,18.8,90.8,78.6,0.2,13.1,6.3,3.1,23.4,10.9,48.5,0.8
"PEAK RESOURCES, INC.",397,8,1,0,0,1,12.5,100,0,0,3.3,3.3,2.4,3.1,3.3,3,0.5,48.7,44,0.5,5,0.6,148024.5,18503.06,2,0.3,21.5,12.3,0.7,2.8,52.2,89.6,93.4,1.78,1.87,15.3,3.9,6.1,2.2,0.3,31.7,20.5,97.6,96.2,0,19.2,10.5,3.3,22,11.8,39.9,4
"PEARL HEALTHCARE",595,13,1,0,1,2,15.4,100,0,0,2.4,2.5,1.6,3.5,3.2,2.8,0.8,52,52.2,0.5,28,2.2,833685.72,64129.67,4,0.3,26.5,13.2,2.2,2.1,46.2,49.5,54.7,1.81,1.54,16.9,2.5,6.2,1.1,0.5,11.6,8.1,87.9,79.1,0,21.3,6.9,74.1,13.5,10.6,54.8,12.2
"PERSONAL HEALTHCARE MANAGEMENT",677,5,1,0,0,1,20,100,0,0,2.6,2.6,3.4,3.2,3.2,2.7,0.6,47,34.7,0.3,12,2.4,170586.82,34117.36,0,0,22.4,18.6,0,3.9,53.3,77.7,81.1,1.55,1.83,14,2.6,8.8,1.3,0.8,21.3,20.4,97.6,97.7,0,28.1,8.1,3.5,16.8,10.4,29.2,20
"PERSONAL HEALTHCARE, LLC",398,14,2,0,1,1,7.1,100,0,0,1.8,1.9,2.9,3.2,3.4,2.9,0.5,51.2,46.4,0.2,16,1.1,551165.08,39368.93,2,0.1,21.9,12.1,0.9,2.4,49.7,76.1,73.1,1.98,1.78,14.7,3.4,6.7,1,0.9,20.9,17.5,92.9,93.8,0.2,20.2,7.5,8.6,16.9,10.1,62,21.5
"PETERSEN HEALTH CARE",399,54,2,2,5,22,40.7,100,0,0,1.3,1.8,1.5,1.9,3.2,2.8,0.5,51.5,59.8,0.9,127,2.4,9382818.18,173755.89,93,1.7,27.3,26,2,1.6,37,57,62.5,2.2,3.12,28.2,4.2,5.1,2.1,2,30.4,24.5,89.6,84.5,0.1,19.6,4.2,17.4,28.1,10.7,35.4,3.7
"PHILIPSON FAMILY",656,8,4,0,0,0,0,100,0,0,3.1,3,2.9,3.5,4.1,3.5,0.9,49.2,46.2,0.5,20,2.5,200332.88,25041.61,2,0.3,26.6,12.6,1.6,3.5,42.5,77.3,82.4,2.59,1.64,10.9,2.4,5.2,0.5,0.7,11.1,8,98.3,95.3,0,15.2,6.3,12.6,19,10.3,28.9,4.2
"PHILOSOPHY CARE CENTERS",400,4,2,0,0,0,0,100,0,0,2.5,2.3,2.5,3.3,3.9,3.6,0.6,33.8,38.7,0.3,4,1,301170.25,75292.56,1,0.3,24.9,11.8,1.6,1.6,55,62,49.5,2.24,1.62,10.3,2.1,8.2,1.3,0.5,21.6,18.8,91.7,82.3,0.3,14.9,5.8,24,19.6,10.2,61.8,1.3
"PHOENIX HEALTHCARE",401,6,1,0,0,0,0,100,0,0,2.8,3.2,3,2,4.1,3.9,0.3,49.8,57.5,1.6,3,0.5,22034.18,3672.36,1,0.2,31.5,20.7,2.8,3.9,48.6,66.6,64.2,2.74,2.09,20.1,4.3,3.5,5.3,1.3,21.2,18.1,95.1,86.3,0,18.8,7.1,1.8,15.8,10.5,47.8,26.5
"PHOENIX SENIOR LIVING",402,2,2,0,0,0,0,100,0,0,2.5,3,2,3,3.8,3.6,0.3,50,37.5,0,1,0.5,12932.67,6466.34,1,0.5,28.8,12.5,2,1.7,57.3,58.2,78.9,1.57,1.4,16.5,4.7,9.4,1.6,1.6,27.6,16.6,96.1,87.8,0,17.4,10.2,2.8,28.8,11.1,0,""
"PIEDMONT REGIONAL HEALTH",575,5,1,0,0,1,20,0,100,0,4.2,3.8,3.6,3.6,3.6,3.2,0.6,51.9,28.1,0.2,1,0.2,6201,1240.2,0,0,26.4,10.1,0.9,4.1,36.6,86.1,92.5,1.46,1.2,29.4,3.4,6.1,1.4,1.2,11,11.3,99.3,99.6,0,10.7,6.8,5,26.2,10.8,41.5,1.8
"PIONEER HEALTHCARE MANAGEMENT",403,9,1,0,1,1,11.1,100,0,0,2.3,2.3,2.6,3.5,3.3,3,0.5,54.6,48.3,0.9,7,0.8,193491.9,21499.1,9,1,34.4,9.8,0.9,0.8,65.4,58.8,56.5,2.52,2.62,28.1,1.9,6.5,1.1,0.7,10.6,12.6,90.4,85.9,0,11.9,5.4,1.9,26.9,12,16.8,0.4
"PIVOTAL HEALTH CARE",404,8,3,0,0,0,0,100,0,0,4,3.3,4.5,3.9,4.4,3.9,1.1,56.6,38.9,0.3,5,0.6,100509.64,12563.71,0,0,24.8,17.1,0.7,0.6,69.1,83.9,92.4,1.65,1.13,7.3,6.1,5.5,3.7,1.2,29.2,23,95.6,97.4,0,29.9,4.3,0.8,11.8,10,45.3,12.7
"PLAINVIEW HEALTHCARE PARTNERS",657,5,2,0,0,2,40,100,0,0,2,2,1.8,3.2,3.8,3.4,0.7,70.6,76.5,1.3,9,1.8,433863.74,86772.75,4,0.8,29.9,15.8,1.6,2,36.9,73.4,83.1,1.72,1.94,10.3,2.7,5,1.4,1.1,24.2,15.9,95.5,92.1,0,21,5.9,1.4,26.3,10.7,29.7,14.9
"PLANTATION MANAGEMENT COMPANY",406,16,1,0,0,3,18.8,100,0,0,1.6,2.4,1.5,1.7,3.3,2.9,0.1,49.1,45,0.1,20,1.3,675445.75,42215.36,4,0.3,33.6,15.8,2.6,6,37.8,79.1,83.9,2.75,2.31,19.3,3.3,7.1,2.3,1.5,22.4,16.1,92.8,94,0,15.5,4.7,0.4,21,10.8,33.5,2.8
"POLLAK HOLDINGS",408,5,1,0,2,1,20,100,0,0,1.4,1.2,2.6,3.2,3.2,2.9,0.7,53.8,43.7,1.3,15,3,928721.31,185744.26,3,0.6,17.3,11.4,4.6,0.4,52.5,29,34.3,1.76,1.34,19.2,1.5,7.3,1,1.2,26.7,20.8,81.1,70.9,0,27.6,7.8,2.1,17.7,11.5,85.1,78.4
"PREFERRED CARE",409,15,2,0,0,0,0,100,0,0,3.5,2.9,3.1,4,3.9,3.4,0.7,50.9,43.1,0.4,11,0.7,390016.12,26001.07,2,0.1,28.4,11.3,0.9,1.7,64.2,91,94.2,2.06,1.16,11.9,2.9,5.1,1,0.8,11.2,9,98.9,99.1,0,19.8,5,6.4,18.2,10.9,36.5,2.8
"PREMIER HEALTHCARE OF ILLINOIS",410,3,2,0,0,0,0,100,0,0,1,1.7,1,1.3,3.1,2.8,0.6,69.1,68.9,2,7,2.3,201357.43,67119.14,2,0.7,27.5,16.9,1.8,1.7,31.2,67.9,83.3,3.26,2.53,20.8,4,5.6,0.4,0.8,22.9,27,95.9,92.9,0,26.9,4.2,83.8,19.4,10.5,36.8,1.4
"PRESBYTERIAN COMMUNITIES OF SOUTH CAROLINA",411,5,1,0,0,0,0,0,100,0,5,4.4,4.2,4.6,5.5,4.7,1.5,51.3,49,0.4,0,0,0,0,0,0,24.9,14.1,1,1.7,84.5,94.7,99.5,1.87,0.33,3.2,11.3,4.9,5.1,0,9.3,11.5,"",100,0,10.6,0,0,39.4,10.5,30.1,0.7
"PRESBYTERIAN HOMES & SERVICES",412,21,3,0,0,0,0,9.5,90.5,0,4,3.6,4.7,2.7,4.5,4.1,1.2,38.2,33.9,0.4,7,0.3,125293.35,5966.35,3,0.1,21.8,10.8,1.6,3.7,56.4,85.2,89.4,1.34,1.13,16.6,5.1,7,3.5,3.2,31.6,22.3,86.1,98.2,0,30.3,3.2,3.5,12.5,9.9,51.3,7.9
"PRESBYTERIAN MANORS OF MID-AMERICA",413,13,2,0,0,1,7.7,15.4,84.6,0,3.5,3.4,4.5,2.4,4.8,4.3,0.9,51.4,37.5,0.2,12,0.9,194258.6,14942.97,3,0.2,21.1,14,1.6,3.1,58.8,59.5,70.3,1.57,2.54,11.5,7.3,5.1,5.2,2.9,25.4,23.5,92.4,90.7,0,31.3,6.3,4,23.4,9.5,41.4,2.7
"PRESBYTERIAN SENIOR LIVING",415,12,3,0,0,1,8.3,0,100,0,3.3,3.3,3.9,2.8,3.9,3.5,0.9,40.9,40.2,0.6,6,0.5,265611.85,22134.32,0,0,28,10.2,1.1,3.1,56.2,65.6,64.3,1.79,1.36,13.5,3.9,5,1.8,1.4,33.9,25.8,86.6,81.7,0,32.9,8,3.7,19.8,10.8,43.8,11.7
"PRESTIGE ADMINISTRATIVE SERVICES",416,10,3,0,0,2,20,100,0,0,1.9,2.2,2.1,2.9,3.6,3.1,0.5,54.3,53.9,0.4,9,0.9,263906.05,26390.61,1,0.1,23.2,11.6,1.9,3.4,47.4,73.1,66,1.71,2.21,14.2,2.4,6.5,1.6,0.9,26.9,20.7,97.8,88.6,0,21.1,8.1,2.8,30.2,11.1,21.3,0.6
"PRESTIGE CARE",417,30,5,0,0,8,26.7,100,0,0,2.6,2.6,3.1,3.2,4.5,3.9,0.6,51.3,55.9,1.2,42,1.4,1482279.37,49409.31,5,0.2,23.1,15.8,1.6,1.7,51.8,84.6,93.6,1.28,1.94,12.8,2,6.4,1.4,1.8,34.1,18.6,93.2,99.1,0,24.1,3.3,4.6,13.6,9.7,32.2,4.7
"PRESTIGE CARE CENTER",602,4,2,0,1,0,0,100,0,0,1.5,1.3,1.3,3,3.2,3.2,0.3,63.5,66.9,2,7,1.8,310289.07,77572.27,4,1,15.5,20.1,5.8,2.6,39.3,69.2,64.9,1.67,2.45,29.6,3,3.5,0.7,0.5,21.5,18.3,94.4,81.3,0,25.1,6,2.9,21.2,10.4,59.8,2.7
"PRESTIGE HEALTHCARE ADMINISTRATIVE SERVICES",418,13,3,0,0,1,7.7,100,0,0,3.4,3,3.2,3.9,3.8,3.5,0.7,49.6,41.5,0.8,23,1.8,1002702.34,77130.95,5,0.4,24.5,10,1.4,1.7,59,63,53.4,1.69,1.2,18.1,2.9,6,0.8,0.4,16.2,13.8,94.9,74.8,0.4,25,7.2,10.1,19.2,10.9,49.4,5.7
"PRESTON HEALTH SERVICES",702,5,1,0,0,0,0,100,0,0,3.4,3.4,3.4,2.4,4,3.2,0.6,48.6,45.1,0,0,0,0,0,0,0,27.3,16,1.7,4.5,44.1,92.8,97.5,1.74,1.25,22.2,2.7,4.6,5.2,2.1,20.6,14.9,98.3,98.5,0,15.2,5.4,0.3,29.2,10.4,17.6,0.7
"PRIME HEALTH CARE ENTERPRISES",419,5,1,0,0,0,0,100,0,0,3.8,3.8,4.4,2,4.4,3.8,0.6,35.9,32.5,0,2,0.4,26897.96,5379.59,0,0,26,14.2,2.7,1.5,13,70.5,64.6,1.9,2.94,24.9,3.2,6.8,2.4,2.1,20.5,15,90.8,89,0,9.8,7.9,0.5,18.4,10.3,54.5,7.3
"PRIME HEALTHCARE",420,4,2,0,0,0,0,100,0,0,4,3.3,3.5,4.5,8.4,7.5,2.6,21.9,20.7,0,2,0.5,35475,8868.75,1,0.3,"","","","","","",30.4,1.77,0.88,6.9,0,11.2,4,10.4,13.9,9.3,100,97.5,1.6,2.1,3.1,3,24.5,"",58.1,26.7
"PRIME HEALTHCARE MANAGEMENT",421,11,1,0,0,1,9.1,100,0,0,1.6,2.2,1.3,2.8,2.8,2.4,0.5,62,53.8,0.5,8,0.7,81719.5,7429.05,7,0.6,25,10.3,0.9,5.8,53.3,71.8,83.5,1.98,1.96,20.6,4.4,5.7,4.1,2.3,16.4,16.9,93.6,94.7,0,16.6,9,10.3,24.8,10.5,20.2,0
"PRINCIPLE LONG TERM CARE",423,44,3,0,0,8,18.2,100,0,0,2.6,2.7,2.8,2.9,3.5,3.1,0.6,51.6,42.2,0.9,45,1,1346793.89,30608.95,11,0.3,24.2,14.2,1.4,3.8,46.1,75.7,78.5,1.83,1.99,12.1,3.5,6.6,1.9,0.7,22.1,15.6,93.2,92.5,0,7.8,6.7,1.6,24.5,10.7,24.8,2.2
"PRIORITY HEALTHCARE GROUP",424,22,4,1,1,3,13.6,100,0,0,2.4,2.3,2.7,2.7,3.2,2.9,0.6,53.1,45.7,0.3,47,2.1,1328519.96,60387.27,5,0.2,23.3,11.6,2,3.9,45.7,66.1,69.1,1.69,1.39,22.3,3.4,6,2.4,1.4,22.5,19.2,93,90.9,0,26,7,3,21.1,10.4,43.4,4.9
"PRIORITY MANAGEMENT",425,36,2,0,0,1,2.8,97.2,0,2.8,2.3,2.9,1.5,2.8,3.5,3,0.3,56.3,52.7,0.4,45,1.3,1435847.21,39884.64,2,0.1,26.2,13.6,2.3,2.3,44.9,91.2,94.5,2.37,2.05,10,3.5,5.6,0.1,0.2,24.4,22.4,98.9,99,0,19.4,4.2,9.5,19.8,11,27.2,0.8
"PROGRESSIVE HEALTH CARE CENTERS",426,6,1,0,0,0,0,100,0,0,2.7,2.5,2.5,3.8,4,3.7,0.3,41.8,45.5,0.3,2,0.3,40378,6729.67,2,0.3,24.4,11.6,2.1,5.1,47.2,99.8,97.8,2.24,1.19,8.2,1.8,6.4,1.5,3,21.2,16.7,99.5,97.7,0,9,4.8,0.2,12.7,10,28.4,12.4
"PROGRESSIVE QUALITY CARE",427,11,1,0,0,3,27.3,100,0,0,2.1,2,2.1,4,3.5,3.2,0.5,53.3,44.3,0.6,11,1,314316.17,28574.2,3,0.3,29.4,14.6,1.3,2.8,47.3,84.5,83.8,1.76,1.77,10.7,2.9,4.9,0.4,0,8.9,7,95.8,95,0,23.2,4.1,12.5,19.6,11.2,23.5,10.4
"PROMEDICA SENIOR CARE",743,12,4,0,0,1,8.3,100,0,0,2.7,2.3,2.6,3.9,3.8,3.4,0.6,46.5,42.6,0.6,13,1.1,438310.64,36525.89,3,0.3,28.3,14.2,1,2,54.2,83,86.9,2.12,1.56,10.9,2,6.7,0.5,0.6,14,9.3,98.7,94.4,0,21.9,4.2,6.5,16.5,10.8,25.1,9.9
"PROMONTORY HEALTHCARE",428,3,2,0,0,0,0,100,0,0,3,3,3.7,3.3,4.9,4.4,1.5,"","","",0,0,0,0,0,0,26.2,12.8,0.8,2.6,59.2,81.1,91.7,1.57,2.78,29,12.5,2,6.5,19.8,34.6,31,"",100,0,33.8,10.3,0,10,8.3,8.7,3.7
"PROVIDENCE HEALTH & SERVICES",430,12,4,0,0,2,16.7,0,100,0,2.8,2.3,3.8,3.7,6.3,5.7,1.8,44.8,39.3,0.4,18,1.5,737247.36,61437.28,2,0.2,20,12.8,1,2,43.3,86.3,80.6,1.41,1.15,11.3,1.2,10.1,2.9,3.7,28.2,18,93,91.1,2,18.4,5,4.1,16.4,9.3,46.4,21.7
"PROVIDENCE HEALTH GROUP",431,4,3,0,0,0,0,100,0,0,2.5,2.8,3.5,2.3,4.1,3.7,0.6,47.7,47.5,0.5,2,0.5,90857.85,22714.46,2,0.5,31.2,17.8,0.6,3.4,41.1,91.9,87.6,2.81,2.9,11,5.3,5.9,1.4,0.2,26.1,14.1,98.1,99,0,19.8,9.3,4,43.5,10.3,55.9,2.1
PRUITTHEALTH,434,92,4,0,0,6,6.5,100,0,0,2.6,2.7,2.4,3,3.4,2.9,0.6,41.7,40.2,0.7,66,0.7,1723448.96,18733.14,13,0.1,26,13.4,1.6,3,44.1,88.9,90.4,1.84,1.58,15.3,2.8,6.9,2.5,1.4,21.9,15.9,95.6,96.4,0,15,4.7,3.5,19.6,12.1,55.4,3.7
"PULASKI MEMORIAL HOSPITAL",435,10,1,1,0,1,10,40,20,40,2.4,2.7,2.4,2.6,3.8,3.3,0.6,44.2,41.6,0.9,40,4,681696.11,68169.61,4,0.4,20.5,11.5,2.5,4.7,48.4,69.2,79.3,2,1.65,19.9,4.7,5.4,1.4,0.5,35.4,29,93.6,95.4,0,27.7,5,13.8,25.5,10.5,51.4,19.1
PUREHEALTH,586,6,2,0,0,1,16.7,83.3,16.7,0,3.8,3.3,2.8,4.7,3.9,3.5,0.7,50.7,35.1,0.4,3,0.5,86545.65,14424.28,2,0.3,27.4,9.6,0.3,0.8,63.1,94.2,98.7,2.24,0.87,4.6,3.1,7.6,1,0.6,16.6,11.4,99.6,99.9,0,20.5,12.3,2,14.9,11.2,38,20
"QUALITY LIFE SERVICES",436,10,1,0,0,1,10,100,0,0,3.2,3.1,2.9,3.6,3.6,3.3,0.7,53,47.3,0.8,5,0.5,192666.19,19266.62,1,0.1,27.9,11.2,1.6,1.9,68.3,80.8,84.6,1.73,1.43,20.1,3.9,4.1,2,0.8,20.2,12.5,90.2,94.2,0,27.5,6.9,15.7,26.9,10.5,47.6,8.1
"REACH LTC",639,9,1,0,0,0,0,100,0,0,2.2,2.1,2.4,3.4,3.5,3,0.5,62.4,45.3,0.2,11,1.2,336731.28,37414.59,2,0.2,21.4,12.5,1.2,2.7,58.4,60.8,62,2.43,2.24,19.7,1.8,4.4,1.9,1.3,15.8,13.3,81.3,86.6,0,19.1,3.9,12.3,26.6,10.6,27.9,1.1
"REAL PROPERTY HEALTH FACILITIES",605,9,3,0,0,0,0,66.7,0,33.3,3.7,3.6,3.6,3.8,3.4,3.1,0.7,44.9,44.1,0.6,3,0.3,125383.9,13931.54,2,0.2,16.4,14.5,0.2,2.4,49.8,89.3,89.2,1.25,1.73,20.5,2.5,6.3,2.4,0.4,16.6,16.7,98.4,95,0,14.2,4.1,1.4,19.7,10.2,55.6,8.7
"RECOVER-CARE HEALTHCARE",438,42,3,0,0,11,26.2,100,0,0,2.2,2.1,1.9,3.2,3.3,3,0.6,67.4,65.9,0.7,117,2.8,1707725.02,40660.12,7,0.2,22.7,13.3,1.8,2.7,53.6,63.3,63.5,1.8,1.74,21,3,5.1,1.4,1.5,22.7,19,93.5,85.7,0.1,24.6,5.6,5.7,18.4,10.3,32.6,5.7
REGALCARE,439,9,1,0,1,2,22.2,100,0,0,2.1,2.4,2.1,2.4,3.5,3.1,0.6,53.3,69,1.3,15,1.7,540950.83,60105.65,1,0.1,29.8,14,1.2,3,49.4,75.3,71.1,1.71,1.57,17,1.2,6,0.9,0.3,26.6,23.3,95,92.7,0,26,5.6,2,18.3,11.2,71.2,12.6
"REGENCY CARE",440,5,5,0,0,0,0,100,0,0,2.8,2.6,3,3.4,4,3.7,0.6,44.6,48,0.8,0,0,0,0,1,0.2,23.1,12.2,1.8,2.9,48.3,76.5,72.6,1.57,1.08,10,3.2,6.6,1.7,0.4,41.8,26.2,96.2,93.7,0,25.3,6.4,7.7,21.6,11.6,34.2,6.7
"REGENCY PACIFIC MANAGEMENT",442,27,3,0,0,3,11.1,100,0,0,3.5,3.5,3.6,3.3,4.7,4.1,0.8,47,44.5,0.3,30,1.1,1365277.5,50565.83,4,0.1,19.4,16.7,1.3,2,59,82.1,92.3,1.48,2.59,13.1,3,6.5,3.1,2.1,32.6,19.9,95.6,98.6,0,24.3,4.2,8,13.6,9.5,29.8,3.5
"REGENT MANAGEMENT SERVICES",443,7,1,0,0,1,14.3,100,0,0,2.3,2.6,1.2,2.7,2.9,2.5,0.3,58,67.4,1.2,10,1.4,200619.38,28659.91,2,0.3,21.6,11.5,1.1,2,56.4,83.5,82.7,2.17,1.49,8.6,3.8,6.8,2.5,0.7,44.3,30.3,97.4,91.2,0,20.5,3.3,1.3,20.4,11.2,0.8,0
"REHAB SELECT",444,5,1,0,0,0,0,100,0,0,3.2,3.4,3.8,2.8,4.6,3.9,0.5,51.7,45.6,0.4,0,0,0,0,0,0,26.5,16.5,0.8,1.2,58.2,92.4,93.4,1.76,2.17,19.4,3.4,7.5,3,2.1,19.7,13,96.9,98.9,0.2,7.6,3.2,1.8,22.1,10,28.9,8.9
"REHABILITATION ASSOCIATES",445,6,1,0,0,0,0,100,0,0,3.8,3.5,4,3.2,4.5,4.1,0.8,37.2,57.5,0.3,2,0.3,43891.25,7315.21,1,0.2,30.7,14.9,0.7,2.4,51.4,87.5,77,1.52,0.83,16.5,4.1,6.5,3.5,1.9,24,23.6,95.5,93.1,0.3,15.4,4.3,3.4,13.9,11.5,61.2,21.7
"RELIABLE HEALTH CARE MANAGEMENT",728,5,1,0,0,0,0,100,0,0,3.6,3.6,2.6,3.6,3.4,3.1,0.4,47.7,43.7,0,3,0.6,27562.5,5512.5,0,0,22.5,4.9,3.1,4,47.5,87,93.8,2.26,0.8,16,4,3.5,2.9,1.2,31.1,24.1,98.6,98.9,0.1,21.5,5.8,4.8,27.1,10.7,41,1.5
"RELIANT CARE MANAGEMENT",446,23,1,0,3,11,47.8,100,0,0,1.2,1.7,1,2.5,1.9,1.7,0.2,58.1,66.3,0.7,56,2.4,3430657.79,149159.03,26,1.1,33.3,21.8,2.8,3,44.2,37.7,42.7,1.8,3.28,44.3,1.9,3.3,1.1,2.6,21.9,21.4,77.5,69.6,0.3,13.6,5.4,2.2,35.5,10.9,10.3,3.2
"RELIANT MANAGEMENT GROUP",447,9,1,1,0,3,33.3,100,0,0,2,2.4,1.6,2.1,4,3.8,0.3,28.7,"","",25,2.8,295978.62,32886.51,4,0.4,30.8,17.7,2.2,1.8,39.5,96.1,95.5,2.65,1.51,16,1.1,2.9,0.8,1.2,29.1,20.9,100,99.9,0,14.8,5,0.6,17.6,10.4,39.9,3.1
"RENEW HEALTH CONSULTING SERVICES",448,7,1,0,0,2,28.6,100,0,0,2.9,2.7,2.7,3.7,4.2,3.8,0.4,47.8,47.5,1.2,6,0.9,146170.61,20881.52,2,0.3,25.5,9.6,2,1.1,55.1,98.7,99.9,2.96,1.83,15.2,1.7,6.4,0.6,0.3,12.5,13,100,99.9,0.7,6.5,4.2,14.3,16.5,10.7,61.9,14.8
"RENNES GROUP",449,6,1,0,0,0,0,100,0,0,4.7,4,4,4.2,4,3.6,1,44.9,37.2,0,0,0,0,0,0,0,23.6,13.8,0.7,0.6,57.8,96.6,97.8,1.12,1.33,9.8,3,2.2,3.1,1.6,30.3,19.4,99.3,98.8,0,28.3,3.6,1.7,13.6,9,51.6,6.7
"RESIDENTIAL ALTERNATIVES OF ILLINOIS",450,8,2,0,0,1,12.5,12.5,87.5,0,3.1,3.1,2.9,3,4,3.5,0.7,48.6,47.4,0.3,12,1.5,376851.68,47106.46,2,0.3,29.2,17.5,0.5,4,69.1,58.2,76.1,1.58,2.82,16.2,5.8,5.3,4.4,0.4,27.2,25.6,88.4,88.6,0,24.1,6.4,4.5,18.9,11.1,39.7,7.3
"RILEY SPENCE SENIOR LIVING",658,5,1,0,0,0,0,100,0,0,1.4,2,1.6,1.8,3.2,2.9,0.3,58,49.4,2,5,1,204928.72,40985.74,1,0.2,27.4,17.8,2.7,3.8,39.8,54,58.9,2.3,2.29,23.8,6,5.7,3.6,1.8,22.2,19.5,92.5,88.4,0,13.5,8.5,7.3,22.8,10.9,18.3,1.1
"RIVERS EDGE OPERATIONS",668,7,1,0,1,1,14.3,100,0,0,2.4,2.4,3.1,2.6,3.7,3.4,0.3,55.5,40,0.2,5,0.7,226600.85,32371.55,8,1.1,29.7,25.1,1.2,2.4,50,68.4,72.4,2.62,2.91,15.9,3.5,6.4,1.9,2.6,16.5,12.1,95,94.2,0.1,22.6,3.6,4.1,27.4,10.8,19.4,4.3
"RIVERSIDE HEALTH SYSTEM",453,5,1,0,0,0,0,0,100,0,3.2,3.2,3.6,3.4,3.7,3.1,0.9,47,41,0.2,1,0.2,7442.5,1488.5,0,0,22.2,11.3,1.5,3.3,56,82.9,92.3,1.27,1.1,21.8,3.6,9.5,1.9,0.8,26.8,17.5,97.9,98.2,0,23.8,6.6,3.6,17.1,10.7,45.4,7.3
"ROBERT SCHOENFELD",716,7,1,0,1,1,14.3,85.7,14.3,0,2.3,2.3,3,3.1,3.9,3.6,0.5,45.2,59.3,0.7,11,1.6,744518.37,106359.77,1,0.1,27,12,2.1,3.3,47.7,94.8,94.7,2.5,1.45,8.5,2.9,4.9,0.6,0.4,21.4,16.2,100,99,0,18.7,6.9,0.5,18.8,11.4,19,1.3
"ROCHESTER REGIONAL HEALTH",454,5,1,0,0,0,0,0,100,0,3.8,3.4,3.8,4,4.4,3.9,0.6,38.7,33.2,0.2,1,0.2,12868.05,2573.61,0,0,18.8,9.6,0.8,2.6,63.1,78,85.4,1.44,0.8,13.6,4.1,8.8,0.6,0.8,20.1,21,95.1,94.8,0,21.2,7.7,2.4,8.6,10.4,63.8,1.1
"ROCKY MOUNTAIN CARE",455,7,1,0,0,0,0,28.6,71.4,0,2.3,1.9,2.6,3.9,3.8,3.4,1,60.7,53.5,1,23,3.3,450106.06,64300.87,2,0.3,23.8,13,1.1,0.7,44.2,90.9,97.4,1.1,1.19,11.1,2.6,4.6,2.8,1.1,38.9,21.2,95.7,99.1,0.2,20.2,3.8,11.3,22.5,9.3,47.2,11.1
"ROLLINS-NELSON HEALTHCARE MANAGEMENT",456,10,1,0,2,2,20,100,0,0,2.2,2.3,3.1,3.1,4.5,4,0.5,30,29.3,0.2,19,1.9,393217.93,39321.79,4,0.4,13.7,2.8,4.1,1,58.8,100,97.6,4.69,0.89,33.1,0.3,4.4,0.9,2.7,14.4,18.1,100,98.6,0,2.6,0.9,1.2,19.9,9.8,64.6,14.4
"ROYAL HEALTH GROUP",457,12,2,0,0,0,0,100,0,0,2.5,2.7,2.7,2.8,3.5,3,0.7,44.1,44.3,0.4,12,1,239431,19952.58,0,0,26.2,15.5,1.3,2.4,46.4,76.9,79.6,1.83,1.39,21.7,5.6,4.1,3,1.2,23.8,25,96.7,92.9,0,24.9,6,19.4,18.9,10.7,44.1,9.5
"RYDERS HEALTH MANAGEMENT",458,8,1,0,0,4,50,100,0,0,2.1,2.1,3,2.6,4,3.6,0.7,47.5,48.5,0.4,6,0.8,169642.81,21205.35,0,0,29.6,11.6,1.8,3,48.6,49,49,2.59,1.8,16.7,4.1,4.3,3.7,0.7,32.1,28.9,93.9,74.1,0,24.9,4.9,2.2,18.6,10.1,40.7,2.4
"S-H FORTY-NINE OPCO VENTURES",459,4,3,0,0,0,0,100,0,0,2.8,3,3.8,2.5,5,4.4,1.1,47.9,38.5,1,4,1,248378,62094.5,0,0,28.4,13.1,1.8,1.1,52.7,56.6,56,2.25,1.86,17,3.7,7.4,2.3,4.7,27.9,33.3,88.5,76.4,0,26.8,3.2,9.5,10,10.6,15.2,6.4
"SABER HEALTHCARE GROUP",461,125,6,0,4,18,14.4,100,0,0,2.6,2.7,2.5,3.4,3.5,3.1,0.6,50.6,50,0.8,124,1,3002344.7,24018.76,10,0.1,25.4,12.6,1.5,1.4,45.3,69.5,62,1.49,1.37,10.8,3.3,4.6,1.6,1.3,26.3,19.6,95.5,87,0,22.9,6.3,5.4,20,10.6,39.3,5.5
"SAINT THERESE SENIOR COMMUNITIES",624,4,2,0,0,0,0,25,75,0,3.8,3.3,4.8,4,4.5,4,1.4,28,32.4,1.3,0,0,0,0,2,0.5,22.4,11.9,1.1,1.3,62.3,85.8,87.5,2.13,1.11,16.7,4,3.5,1.3,1.4,29.3,16.8,99.5,96.6,0,31.9,4.1,3.2,11,9.8,49,7.5
"SANDSTONE HEALTHCARE GROUP",463,12,3,0,0,1,8.3,91.7,0,8.3,2.9,2.2,3.1,4.6,3.7,3.3,1,61.1,50.7,0.6,9,0.8,170265.06,14188.76,0,0,25.4,10.3,0.4,3,53.6,80.3,89.8,1.11,1.45,12,2.4,4.7,1.3,0.9,16.8,15.5,94.2,96.9,0,18.3,4.4,16.7,22.4,10.4,39.7,12.1
"SANFORD HEALTH GOOD SAMARITAN (PROSPERA)",464,3,2,0,0,0,0,0,100,0,2,2,4.3,1.7,4.2,3.6,0.9,42,42.2,0,5,1.7,107449.06,35816.35,0,0,26.6,25.6,0,0,63.9,49.3,89.9,1.68,2.1,23.1,4.9,5,3.7,5.4,28.3,25.7,94.2,94.7,0.2,24.9,2.7,4.3,18.7,10.4,41.6,0
"SANSTONE HEALTH & REHABILITATION",465,17,1,0,0,0,0,100,0,0,3.9,3.4,2.6,4.2,3.8,3.3,0.5,38.4,38,0.4,14,0.8,330763.9,19456.7,1,0.1,24,13.4,0.7,2.4,58.3,90.6,96.8,1.78,1.93,4.6,3.2,6.8,1.3,0.3,14.9,10.7,96.8,99,0,16.3,4,21.9,22.5,10.3,32.2,1.1
SANTE,466,5,2,0,0,0,0,100,0,0,4.2,3.4,4,4.8,5,4.2,1,48.6,43.6,0.6,2,0.4,83056,16611.2,0,0,22.5,9.7,0.7,1.8,65.4,89,94.5,1.48,0.94,8,4,46.9,8,11.9,21.3,47.8,"",94,0,"",12.2,4.5,21.2,9.7,13,15.2
"SAPPHIRE CARE GROUP",590,9,1,0,1,2,22.2,100,0,0,2.4,2,2.1,4.4,3.5,3.1,0.7,37.7,41.5,1.1,6,0.7,280976.07,31219.56,0,0,23,9.6,0.9,2.4,65.6,74.1,72.6,1.54,1.29,11.7,2.6,7.1,0.4,0.2,12.3,11.7,94.1,86.3,0.7,24.8,5.1,33.3,14.1,9.6,46.1,1.8
"SAPPHIRE HEALTH SERVICES",643,8,1,0,1,2,25,100,0,0,1.9,1.8,3.4,2.5,5.5,5.1,0.6,53.8,61.7,0.5,15,1.9,431294.61,53911.83,0,0,27.9,18.9,1.7,1.6,61,58.1,80.9,1.52,2.43,17,2.4,8.7,2,1.9,36.6,20,88.2,96.2,0.1,22.9,4.7,2.9,14.3,10,19.8,4
"SEKY HOLDING CO.",468,9,1,0,0,0,0,100,0,0,3.1,3.2,4,2,4.6,4.1,0.9,49.2,43.8,0,3,0.3,108016.35,12001.82,1,0.1,22.4,22.2,1,4.3,42.8,87.4,92.7,2.16,3.94,22.7,4.2,9.5,2.5,1.3,18.4,16.6,99.3,97.9,0,20.4,10.9,1.8,35.4,11.6,33.1,1.2
"SENIOR HEALTH SOUTH",729,8,1,0,0,1,12.5,25,75,0,2.5,2.3,3.1,3.8,3.3,3.1,0.6,41.4,51.2,0.7,3,0.4,66162.68,8270.34,0,0,31.8,9.6,2.8,0.6,42.7,98.7,99.1,2.27,1.22,9.3,0.8,6.1,0.1,0,11.5,8,100,99.9,0,5.3,6.8,0.9,26.2,10.5,12.5,13.5
"SENIOR LIFESTYLE",621,2,2,0,0,0,0,100,0,0,4.5,4.5,4.5,4,4.2,4,1.5,48.2,30.5,0.5,3,1.5,203504,101752,1,0.5,27.7,7.7,1.6,5,60.8,88.3,96.2,2.76,1.17,10.4,2.5,6.1,0,1.7,20,18.1,92.3,98,0,31.1,9,3.2,5.4,9.1,63.9,10.4
"SENIOR LIVING COMMUNITIES",470,9,5,0,0,0,0,100,0,0,3.6,3.3,4.1,2.8,5.8,5.1,1.3,52.1,47,0.4,5,0.6,28346.8,3149.64,0,0,31.4,16.1,1,3.2,61.8,82.5,79.8,2.16,1.59,8.9,4.1,6.2,0.5,2.5,26,23.8,95.5,84.6,0,19.1,7.2,5,23.4,10.9,30.5,13.7
"SERRANO GROUP",659,12,1,0,2,4,33.3,100,0,0,2.2,1.9,2.9,3.8,4.2,3.8,0.4,42.1,46.5,0.6,19,1.6,1108080.32,92340.03,13,1.1,23.8,7.6,0.7,2,36.4,95.8,93.8,2.4,1.33,8.3,1.3,5.5,1.1,1,16.1,9.7,99.5,98.5,0,13.5,5.3,6.7,13.8,11.6,46.4,25.7
"SHERMAN FAMILY",473,9,3,0,1,1,11.1,100,0,0,2.4,2.2,1.7,4,3.3,2.9,0.4,47.7,46.7,1.1,8,0.9,243997.7,27110.86,2,0.2,22.2,13.2,2.1,1.6,55.7,79.1,81.5,1.6,1.53,8.3,2.4,6.1,0.7,0.6,18.9,14.6,92.3,96.1,0.1,14.9,5.1,23.8,12.4,10.2,34.7,20
"SHLOMO HOFFMAN",713,9,2,0,1,1,11.1,100,0,0,2.6,2.7,3.2,2.4,4.1,3.5,0.7,53.2,41.5,0.7,15,1.7,787552.29,87505.81,7,0.8,26.8,15.9,2.4,3.5,49.3,77,89.6,1.68,2.37,16.3,3.5,4.2,3.1,1.3,29.8,21.5,91.6,97.6,0,31,7.3,16.9,22.6,10.2,27.3,2
"SHLOMO RECHNITZ",678,8,1,0,1,1,12.5,100,0,0,2,1.8,2.8,4,4.2,3.9,0.5,39.8,45.6,0.8,23,2.9,614755.26,76844.41,4,0.5,25.1,9.3,1.4,0.8,50,97.7,97.4,2.52,1.25,7.2,1.5,7.5,0.5,0.6,11.9,10.8,99.4,99.8,0.5,7.5,4.7,13.4,10.6,11.3,51.3,23.5
"SIGNATURE HEALTHCARE",474,72,7,0,2,10,13.9,98.6,0,1.4,2.5,2.5,2.4,3.3,3.6,3.1,0.6,49.7,45.8,0.9,41,0.6,1621459.12,22520.27,6,0.1,25.3,14.4,1.2,2.4,56.3,80.5,81.2,1.62,1.97,14.2,3.7,7,0.8,0.4,27.3,21.8,94.9,86.5,0,20.8,6.5,12.2,26.6,11.7,13.1,1.3
"SIMCHA HYMAN & NAFTALI ZANZIPER",580,117,10,1,7,15,12.8,100,0,0,2.1,2.3,2.5,2.7,3.5,3.1,0.5,51.8,49.6,0.6,165,1.4,8642016.05,73863.39,50,0.4,26,14.3,2,3.6,49.7,71.9,70.2,1.92,1.9,12.5,3.5,7,2,1,27.4,19.8,92.8,85.7,0,21.3,7.4,3.4,22.8,11,31.8,7.7
SKLD,475,11,1,0,0,0,0,90.9,9.1,0,2.1,2,2.8,3.5,3.5,3.1,0.5,45.9,43.5,1,16,1.5,1503785.35,136707.76,8,0.7,28.3,14.7,1.6,3.2,57.2,58,64.2,2.27,2.18,14.3,2.1,5.5,1.1,1.3,12.8,9.1,94,87.2,0,25.6,4.1,1.9,18.6,10.4,25.6,1.1
"SLP OPERATIONS",730,42,2,1,6,10,23.8,90.5,0,9.5,2,2.2,1.6,3.3,3.1,2.8,0.3,54.3,64.3,"",81,1.9,3566959.56,84927.61,19,0.5,27.9,15.6,1.6,2,51.7,96.5,97.6,2.09,2.22,8,3.7,4.7,0.2,0.1,25.5,22.5,99.9,99.6,0,16.2,3.4,2,26.7,11.2,8.2,0.9
"SMP HEALTH",476,5,1,0,0,1,20,20,80,0,3.4,2.8,4.8,2.8,4.9,4.3,0.7,31.6,23.2,0,5,1,40931,8186.2,0,0,22.3,8.3,5.2,2.8,54.4,95.2,95.9,1.28,1.61,22.5,5.6,5.9,2.4,1.2,24.4,21.7,99.2,99.5,0,24.5,5.1,3.1,16.3,8.6,52.6,3.6
"SOLARIS HEALTHCARE",477,21,1,0,0,1,4.8,47.6,52.4,0,3.8,3.2,3.6,4.4,3.8,3.5,0.7,37.8,32.4,0.1,10,0.5,407939,19425.67,0,0,26,9.7,0.9,2.1,53,94.1,96.5,2.02,0.91,7.8,3.2,4.5,1.3,0.3,16.5,10,99.9,99.5,0,11.3,4.5,3.3,14.7,12,17.4,1.9
"SOUTH LIMESTONE HOSPITAL DISTRICT",479,5,1,0,0,0,0,80,0,20,3.4,4,2,2.4,3.4,3,0.2,54.3,42.9,0.2,4,0.8,48022.46,9604.49,0,0,23.9,16.7,3.4,1.8,49.2,62.7,89,1.72,2.18,14.8,2.6,3.6,2.1,1.2,31.2,21.4,98.9,99.1,0,16.5,5.2,2.7,24,11.2,23.8,5.8
"SOUTHERN ADMINISTRATIVE SERVICES",480,34,1,0,0,2,5.9,100,0,0,3.1,2.8,3.4,4,4.1,3.5,0.4,46.6,38.7,0.4,18,0.5,270651.83,7960.35,3,0.1,26.6,15.7,0.8,3.2,53.4,75.8,78.7,1.77,2.02,5.2,5,6,0.5,0.5,14,10.2,97.6,93.6,0,15.5,4.7,1.3,22.4,11.1,19.4,0
"SOUTHWEST LTC",481,15,2,0,0,2,13.3,86.7,0,13.3,2.9,3.1,1.6,3.1,3.3,3,0.3,69.2,58.8,2.2,12,0.8,1054198.94,70279.93,0,0,28.7,14,1.6,2.2,57.2,81.3,85,2.32,2.35,10.1,2.8,4.5,0.9,1.2,22.1,19,98.4,96.1,0,20.1,3.6,2.6,24.3,10.9,8.2,8.8
"SOVEREIGN HEALTHCARE HOLDINGS",482,42,3,0,0,2,4.8,100,0,0,3.4,3.3,2.8,3.8,3.6,3.2,0.5,46.4,48.9,0.6,32,0.8,999015.44,23786.08,3,0.1,26.2,11,1.3,2.9,54.7,95.4,95.2,2.06,1.24,9.6,3.4,5.6,1,0.3,17.5,11.9,99.8,99,0,16.7,5.9,6.5,16.2,11.2,27.9,5.1
"SPRENGER HEALTH CARE SYSTEMS",484,12,2,0,0,0,0,100,0,0,3.2,2.8,2.7,4.4,3.5,3.1,0.6,52.2,41.3,0.8,6,0.5,113616.15,9468.01,1,0.1,27.2,18.4,1.1,0.8,49.1,84.9,90.1,1.57,1.5,6.2,3,4.5,0.1,0.1,8.7,5.2,97,96.7,0,27.4,7.7,5.3,30.4,10.5,38,8.9
"SPRINGPOINT SENIOR LIVING",485,8,2,0,0,0,0,0,100,0,4,3,4.8,4.4,4.5,4.2,1.2,37.8,36.8,0.4,32,4,302608.44,37826.05,0,0,28.9,9.5,0.6,0.9,50.5,90.4,86,1.75,0.95,8.6,3,5.7,3.2,1.2,21.5,14.7,98.4,98,0,14.1,5.1,2.1,14.7,10.2,55,2.7
"SPYGLASS HEALTHCARE",703,7,1,0,0,2,28.6,100,0,0,2.1,2.1,3.1,3.7,4.1,3.7,0.6,43.5,58.9,0.3,6,0.9,146643.03,20949,0,0,27.7,15.8,1.2,1.5,64.2,96.4,95.9,1.9,1.89,10.5,1.2,7.6,0.4,0.8,9,7.2,99.1,99.9,0,8.5,4.5,2.7,9.2,9.9,41.3,20.1
"SSM HEALTH",486,5,2,0,0,0,0,20,80,0,3,2.8,3.6,3.8,4.2,3.8,1,44.4,39.7,0.8,6,1.2,151376.75,30275.35,3,0.6,17.5,12.6,0.8,2,59.4,83,89.2,1.34,1.61,14.2,2.2,5.2,1.5,1.1,28,18.3,98.2,94.4,0,29.4,3.5,1.4,19.2,9.4,45.1,7.8
"ST. FRANCIS HEALTH SERVICES",487,14,1,0,1,0,0,0,100,0,2.9,2.5,4.2,3.5,3.9,3.4,1,41.5,31.1,0.5,19,1.4,479738.3,34267.02,7,0.5,18.5,14.7,2,2.1,66.9,85,91.6,1.38,1.95,14.2,3.6,3.5,3.3,2.4,26.8,20.5,97.1,96.6,0,22.2,4,4.4,15.6,10.4,46.3,3.7
"STATE OF LOUISIANA DEPARTMENT OF VETERANS AFFAIRS",488,5,1,0,0,0,0,0,0,100,4.6,5,2.5,3,7,6.3,1.5,"","","",0,0,0,0,0,0,13.2,17.4,2.6,5.6,36.7,19.2,76.8,1.41,2.05,12.5,0,0,0,0,30.4,15,"",100,0,13.7,"",0,21.7,11.5,26.8,1.2
"STATE OF NEW YORK COMPTROLLER'S OFFICE",489,6,1,0,0,0,0,0,0,100,4.7,4.5,4.7,4,5.6,4.7,2,25.7,19.3,0,0,0,0,0,0,0,18.1,8.5,1.4,1.7,47,87.8,87.1,1.37,1.06,7.8,2.4,9,2.7,1.9,25.5,18.5,97.1,96.2,0,21.1,7.6,2.1,9.2,8.8,34.7,4.7
"STEIN LTC",490,7,3,0,1,0,0,100,0,0,3,2.9,2.3,2.6,3.9,3.5,0.2,50.4,58.3,0.6,11,1.6,179984.95,25712.14,3,0.4,29.6,16,3.2,3,64.8,89.4,92.9,2.85,3.28,12.9,5,3.3,7.1,3,20.4,15.6,99,98.4,0,15.2,4.6,3.7,28.3,10.4,34.4,2.1
"STELLAR HEALTH GROUP",694,5,3,0,0,0,0,100,0,0,2.8,2.6,3.2,3.4,4,3.4,0.8,40,35.5,0.4,4,0.8,147496.05,29499.21,0,0,24.9,11.9,1.7,1.8,59.8,82.5,90.3,1.43,1.17,20.6,5.2,3.2,1.9,2.3,24.1,23.1,98,97.8,0,24.3,4.3,9.3,13.5,10,48.2,25.3
"STELLAR SENIOR LIVING",491,11,3,0,1,4,36.4,100,0,0,2.2,1.9,3.2,3.9,3.4,3,0.7,44.1,36.8,0.5,29,2.6,572681.24,52061.93,5,0.5,16.6,13.7,1,2.5,61.1,73.2,79.7,1.01,1.48,18.4,4.2,5.6,1.4,1.2,23.3,19.6,93.8,91.2,0,26.8,7.3,5.6,14,9.9,31.1,5.2
"STERLING CARE",492,8,1,0,0,1,12.5,100,0,0,3.4,3.3,1.8,4.5,3.5,3.2,0.5,48.7,52.2,0.9,2,0.3,14230.45,1778.81,0,0,25,10.5,0.9,1.7,61.9,80.9,80.7,1.1,0.86,6.5,3.3,5,0.8,0.2,20.8,16.7,97.4,96.3,0,26.8,4.4,8.6,12.6,11.8,37.3,7.1
"STERN CONSULTANTS",661,16,3,0,0,1,6.3,100,0,0,2.8,2.9,1.8,3.5,3.6,3.1,0.6,46.8,51.6,0.7,20,1.3,856299.75,53518.73,2,0.1,26.5,14.2,2.3,2.4,46.8,64.2,76.2,1.6,1.93,13.5,3.5,2.4,0.9,0.7,17,15.5,93,93.2,0,26.6,9.5,40.5,26.1,11.2,31.6,7.6
"STONEBRIDGE SENIOR LIVING",494,12,1,0,0,0,0,100,0,0,2.9,3.4,1.9,2.3,3.6,3.1,0.4,61.2,57.2,0.8,5,0.4,100272.25,8356.02,1,0.1,19.7,14.2,2.6,3.6,50.5,56.3,56.2,1.67,2,18.7,6.2,6.5,4,1.1,23.1,20.9,94.6,85.1,0,17.4,8.8,11.6,17.8,10.5,12.1,2.2
"STONEGATE SENIOR LIVING",495,27,3,0,0,3,11.1,66.7,29.6,3.7,2.2,2.1,1.9,3.7,3.2,2.9,0.3,56.9,54.8,0.6,48,1.8,1523938.05,56442.15,5,0.2,27.2,15,1.3,2.5,54.4,85.1,90.7,1.83,2.07,8.7,3.1,5.7,0.3,1.2,12.3,10.1,99.3,98.7,0,13.9,3.6,1.8,21.3,11.3,29.1,7.5
"STONEHENGE OF UTAH",613,7,1,0,0,0,0,85.7,0,14.3,4.6,3.9,4.1,4.3,4.5,3.9,1.4,49.8,33.4,0.4,4,0.6,36278.84,5182.69,0,0,16.2,13.6,0.8,3.7,56.2,79.3,95.7,1.04,0.77,4.9,2.8,4.5,3.4,3.3,47.5,25.8,88.3,97.7,0,30.2,4.3,6.3,19.1,8.9,16.8,3.3
"SUMMIT LTC",496,16,1,0,0,3,18.8,87.5,0,12.5,2.4,3.1,1.3,2.9,3.2,2.9,0.3,60.9,65.7,0.9,20,1.3,696073.5,43504.59,2,0.1,27.4,15.9,0.8,1.3,43,88.9,94.5,2.13,2.34,10.4,3.6,4.2,1.7,0.7,22.6,19.6,98.8,97.6,0.2,15.5,4.5,1.5,20.3,11.1,7.6,1.1
"SUMMITT CARE II, INC.",497,9,1,0,0,1,11.1,100,0,0,3.4,2.9,2.9,4.4,3.8,3.4,0.6,44.9,47.5,0.6,7,0.8,65004.55,7222.73,0,0,31.5,9.5,1.3,2,59.2,95.7,97.2,1.98,1.29,6.5,3.2,5.2,0.2,0.4,11.5,4.7,100,99.9,0,7,7.6,0.8,17.7,10.7,21.7,17.1
"SUNRISE SENIOR LIVING",498,6,4,0,0,1,16.7,100,0,0,4.2,2.8,4.8,4.8,4.7,4.2,1.1,24.7,21.9,0.2,2,0.3,288539.25,48089.88,1,0.2,23.8,7.7,1.1,2,58.4,95.4,92.4,1.61,0.74,12.3,3.1,8.1,5.5,2.1,19.8,11.3,98.9,97.2,0,25.5,3.9,0,10.1,10.6,51.7,8.1
"SUNTERRA SPRINGS",499,4,2,0,0,0,0,100,0,0,4.3,3.5,2.8,4.5,4.3,3.8,0.9,68.5,64.1,1,15,3.8,96789.29,24197.32,0,0,24.2,11.8,0.9,2.1,64,78.2,85.4,"","","","","","","","","","","","","","","","",10.1,2.9,2.2
"SWEETWATER CARE",500,6,3,0,0,0,0,100,0,0,2.3,2.2,2.3,3,3.4,3.1,0.5,56.3,58.1,1.4,18,3,486489.76,81081.63,1,0.2,20.2,15.3,1.5,3.4,53.1,56.6,63.5,1.76,3.19,17.9,2.7,5.4,1,1.9,17.9,14.7,89,88.8,0,19.4,5.6,14.3,19.9,10.8,29,8.5
"SYMPHONY CARE NETWORK",501,7,2,0,0,1,14.3,100,0,0,2.1,1.9,2.6,4.1,3.6,3.2,0.8,49,36.4,0.6,13,1.9,575663.68,82237.67,6,0.9,23,7.7,0.7,2.7,46.6,90.2,93.4,1.64,0.75,18.4,3.8,5.4,0.8,1.5,16.5,11.4,97.8,99.1,0,19.4,4.1,5.5,18.8,9.8,27.6,0.5
"SYNERGY SENIOR CARE",502,5,1,0,0,1,20,100,0,0,2,1.8,3.8,1.8,4.1,3.5,1.1,49.9,43.5,1.2,10,2,321110.55,64222.11,4,0.8,32.8,22.3,2.8,4.3,46.6,82.8,80.4,1.79,3.68,11.3,2.4,8.2,4.4,7,27.4,20.7,93,94.8,0,33.8,6.9,3.1,17.4,10.1,19.7,9.6
"TAMPA 5 FL HOLDCO",631,5,1,0,0,1,20,100,0,0,2,1.8,3,3.8,3.7,3.5,0.7,51.5,39,0.3,7,1.4,128831.95,25766.39,1,0.2,26.3,9.2,0.7,3.2,44,82.4,91.6,2.2,1.13,2.2,1.9,8.2,1.6,0.4,18.3,13.3,99.3,97.6,0,21.8,5.7,3,10.7,10.3,23.1,1.1
"TENNESSEE STATE VETERANS' HOME",704,5,1,0,0,1,20,20,0,80,3,3.3,3.8,1.8,5,4.3,0.6,49.5,43.7,0.3,1,0.2,193155,38631,1,0.2,22.3,12.1,3.6,3.8,35.6,78.7,79.6,1.24,1.11,19.6,5.7,6.4,3.4,1.3,30.9,25.6,97.1,95.7,0.1,27.9,6.5,3.8,23.6,10.2,35.8,1.3
TEXVET,503,9,1,0,0,1,11.1,55.6,0,44.4,3.1,2.4,3.6,4.2,3.9,3.4,0.5,46.3,45.6,0.4,12,1.3,704738.3,78304.26,1,0.1,20.7,11.2,5.1,2.8,37.5,70.2,63.6,1.41,1.54,10.7,4,3.7,1,0.9,18.2,17.4,97.1,87.8,0,23.9,3.5,0.3,17.9,10.3,39.4,19.6
"THE ALDEN NETWORK",504,27,2,0,0,6,22.2,100,0,0,2.3,2.9,1.1,3.5,3.4,3.1,0.8,"","","",59,2.2,2488524.07,92167.56,16,0.6,27.4,11.9,2.1,2.3,49.1,67.1,67.3,2,1.54,14.3,2.9,5.3,2,0.7,11,9.2,89.1,84.2,0.1,23.3,5.4,21,16.1,10.4,37.7,0
"THE BLOSSOMS NURSING AND REHAB CENTER",505,14,1,0,0,1,7.1,100,0,0,2.6,2.5,2.2,3.6,3.4,3,0.3,57.5,54.8,0.5,2,0.1,42862.5,3061.61,0,0,25.8,14.1,2.1,1.9,56.1,66.9,69.3,2.21,2.79,18.9,3,5.4,0.6,0.7,8.7,7.4,98.6,93.1,0,12.4,7.3,1.6,21.8,10.7,39.2,23.3
"THE CHRISTIAN AND MISSIONARY ALLIANCE",717,2,2,0,0,1,50,0,100,0,4,3,4.5,4,5.5,4.9,0.9,33.7,38.7,1,3,1.5,83200.8,41600.4,0,0,26,9.3,0.8,1,41.6,97.7,98.2,1.27,1.59,9.4,3.1,3,2.2,1.4,26.3,15.3,99.6,99.2,0,11.3,5.1,0.7,13,9,17.8,9.4
"THE ENSIGN GROUP",507,295,15,1,7,31,10.5,92.9,0,7.1,3.2,2.9,2.6,4,3.7,3.3,0.6,47.5,43.1,0.5,298,1,7826768.1,26531.42,34,0.1,24.2,11.2,0.9,1.7,52.6,87.2,92.5,1.85,1.43,8.1,2.3,4.7,0.8,0.7,23.8,18.4,96,97,0.1,22.7,4.7,9.2,17.8,10.5,29.1,3.7
"THE GOODMAN GROUP",508,11,6,0,0,0,0,81.8,18.2,0,3,2.7,3.8,3.7,4.4,3.9,1,52.1,47.8,0.4,14,1.3,328371.8,29851.98,2,0.2,24.1,13.7,1.1,3.1,59,82.9,92.1,1.71,1.62,14.9,2.8,8.2,1.4,1.4,27,18.7,94.8,97.1,0,23,8.4,4.2,17.3,10,19.5,11.3
"THE GRAND HEALTHCARE",509,16,1,0,2,1,6.3,100,0,0,2,2.1,1.6,2.9,3.1,2.7,0.4,40.3,44.7,0.7,12,0.8,386326.42,24145.4,1,0.1,24,11.3,1.3,2.9,54.8,67.9,59.2,1.8,1.7,19.6,3,7.5,1,1.2,15.1,14.4,93.9,83.8,0.1,23.2,6.3,22.6,15.4,9.8,48,4.9
"THE LOFT REHABILITATION AND NURSING",322,7,1,0,1,3,42.9,100,0,0,1.7,1.7,1.4,2.6,3.4,3,0.4,50.5,50.2,0.9,20,2.9,1489759.84,212822.83,14,2,25.4,13.8,1.8,5.5,45.3,56.7,65.3,1.81,1.95,12.6,2.1,4.3,1.8,2,32.2,23.1,93.8,83.3,0,27.7,7.4,4.9,18.3,11,29.4,1.2
"THE MCGUIRE GROUP",510,6,1,0,0,0,0,100,0,0,4.3,3.7,2.3,4.8,3.7,3.1,0.5,49.4,44.6,0.2,2,0.3,15801.5,2633.58,0,0,20.4,7.8,0.8,2.3,58.8,90.7,95.4,0.9,0.75,14.9,2.3,6.9,0.4,0.5,16,12.2,96.9,98.3,0,9.6,3.5,4.4,15.3,10.6,27,14.7
"THE ORCHARDS",512,2,2,0,0,0,0,100,0,0,2.5,3,2,2.5,3.7,3.3,0.6,86.4,70,0,0,0,0,0,0,0,21.1,17.6,0.6,7.2,45.5,93.3,97.3,2.52,2.17,2,4.8,2.9,0,0.7,26.2,24.6,98.3,99.4,0,24.5,3.2,3.9,27.2,11.6,48,1
"THE ORCHARDS MICHIGAN",513,11,1,0,0,1,9.1,90.9,9.1,0,1.7,2.3,1.8,3.1,3.5,3.1,0.3,60.8,58.9,1.1,13,1.2,419692.23,38153.84,5,0.5,27.5,7.1,2.4,1.9,52.4,59.4,60.2,1.65,1.08,16,2.2,5.7,1.6,0.8,25.7,19,92.6,86.7,0,23.5,7.5,2.5,18,10.9,43.1,19.3
"THE PAVILION GROUP",514,4,3,0,0,0,0,100,0,0,3.5,3.5,2.5,3.8,3.4,3.2,0.5,46.2,39.3,1,1,0.3,13149.5,3287.38,0,0,22.1,16.2,0.9,1.8,42.7,80.1,78.3,2.14,2.17,7.7,1.9,3.4,0.5,0.1,7,6.6,96.8,90.1,0,11,6.2,8.5,25,11,28,2.5
"THE PEPLINSKI GROUP",515,10,1,0,0,2,20,100,0,0,2.9,2.7,3.8,2.8,4,3.7,0.7,51.4,48.3,0.6,11,1.1,277017.56,27701.76,6,0.6,24.6,12.3,2.3,2.5,52,91.7,91.4,1.85,1.41,19.7,4.3,4.8,1.9,1.1,22.7,16.5,99.3,98.9,0,24.1,9.6,1,24.1,10.5,37.7,0.9
"THE ROSENBERG FAMILY",685,9,3,1,0,0,0,100,0,0,2,1.6,3.6,3.9,3.6,3.2,0.5,46.5,40.5,0.3,11,1.2,913651,101516.78,0,0,25.5,11.5,1.4,2.6,52.4,78.9,81.6,2.56,1.65,9.7,3,4.6,0.5,0.5,8.2,7.9,98,92.1,0,15,5.8,6.5,23.5,11.1,47.6,12.5
"THE SPRINGS ARKANSAS",516,24,1,0,0,0,0,100,0,0,2.8,2.7,3,3.4,3.9,3.4,0.4,52.1,50.5,0.3,10,0.4,225362.52,9390.11,2,0.1,25.2,14.2,1.4,4.8,52.5,77.9,85.6,1.91,1.82,14.3,2.9,5.8,0.7,0.7,14.4,11.8,93.9,93.8,0.2,14.8,5.5,1.4,22.3,11.2,22.2,2.8
"THE WELLBRIDGE GROUP",517,8,1,0,0,0,0,100,0,0,3,2.9,3.3,4,3.7,3.3,0.6,53.3,44.1,0.6,8,1,225353.7,28169.21,0,0,27.3,8.8,0.7,1.9,48.7,85.5,88.2,1.9,1.34,13.4,5,3.7,3.2,0.3,16.8,15.2,96.5,99.2,0,9.2,6.2,1.4,20.7,10.9,17.4,7
"THOMAS CHAMBERS & DAVID JOHNSON",518,47,2,0,0,4,8.5,100,0,0,2.8,2.5,2.8,4,4.3,3.9,0.5,34.5,31,0.4,41,0.9,765277.7,16282.5,2,0,26.1,9.9,1.7,0.8,48.4,95.3,96.8,2.61,1.43,6.7,1.5,5.2,0.7,0.7,10,9.1,98.7,97.9,0,7.5,3.7,7.3,11.3,10.3,41.5,10.6
"TLC MANAGEMENT",520,15,1,0,0,0,0,53.3,40,6.7,3.6,3.3,2.4,4.5,3.8,3.3,0.6,48.1,37.1,0.1,5,0.3,53993.66,3599.58,0,0,24.4,10.9,0.8,2,64,77.2,82,1.52,1.21,10.7,2.7,5.2,1,0.7,15.2,10.2,97.6,97.5,0,28,9,9.6,19.2,10.3,39.9,3.7
"TOUCHSTONE COMMUNITIES",521,26,1,0,0,2,7.7,76.9,0,23.1,2.7,3.1,1.5,3.7,3.1,2.7,0.3,51.6,49.1,0.4,32,1.2,766387.61,29476.45,3,0.1,29.1,11,0.8,1.6,49.8,83.6,93.8,2.4,2.23,5.1,2.9,3.8,0.4,0.7,17.3,18.2,98.8,98.3,0,19.5,3.1,1.7,17.3,10.8,1.4,0
"TRANSITIONS HEALTHCARE",627,6,1,0,0,1,16.7,100,0,0,2,2.2,2.7,2.5,3.8,3.5,0.6,49.4,45.3,0.8,4,0.7,420357,70059.5,0,0,19.7,10.3,1,4.1,44.1,61,68.2,1.64,1.51,23,2.7,8.4,1.9,1.7,27.4,21.8,86.4,86.9,0,24.9,4.3,0.9,20.3,10.5,34.9,3.5
"TRAYLOR PORTER HEALTHCARE MANAGEMENT",635,5,1,0,0,0,0,100,0,0,2.8,2.4,4,3.2,4.1,3.5,0.6,49.4,39.6,0.4,0,0,0,0,0,0,28.9,14.3,0.8,3.2,48.3,87.5,89.2,1.76,1.7,16.1,3.4,4.4,3.3,2.2,20.5,17.6,98.6,97,0.3,21.2,8.2,0.2,28.3,10.4,44.9,5.2
"TREND CONSULTANTS",522,15,1,0,0,2,13.3,100,0,0,2.5,3.1,3.4,1.9,4.6,3.7,0.6,41.3,44,0.7,15,1,186228.51,12415.23,3,0.2,25.2,18.8,2,2,61.8,81.9,89.5,2.69,3.66,22.7,4.5,6.7,4.1,1.6,27,22.2,98.9,97.4,0.6,22.1,7.5,0.2,26.8,11,29.9,2.1
"TRILOGY HEALTH SERVICES",524,127,5,0,1,4,3.1,83.5,4.7,11.8,4,3.3,3,4.7,3.9,3.5,0.9,42.7,36.3,0.4,60,0.5,973294.77,7663.74,9,0.1,23.2,11.8,1,1.2,64.3,87.3,92.5,1.56,1.47,9.6,3.8,2.9,0.4,0.2,13.1,8.7,96.2,96.4,0,24,5.8,12.8,23.1,10.9,27.6,0.1
"TRINITY HEALTH",525,21,8,0,0,2,9.5,4.8,95.2,0,3.7,3.4,3.9,3.7,4.6,4.1,1.3,43.4,37.7,0.5,3,0.1,157570.75,7503.37,1,0,23.1,11,0.7,2.8,51,92.2,94.9,1.43,1.39,12.5,3.4,5.2,2.3,1.5,30.8,20.4,98.7,98.1,0,26.5,4.5,1.1,15.9,10.3,33.2,12.3
"TRINITY MANAGEMENT, INC.",527,5,1,0,0,0,0,100,0,0,3.4,3.4,4.2,2.8,3.8,3.2,0.7,44.7,35,0.2,0,0,0,0,0,0,31.4,15,0.8,0,53.8,90.3,95,2.49,2.14,17.3,2.7,3.8,1.8,0.6,19.3,15.6,99.3,99.6,0,13.2,6.3,1,33.2,10.4,39.7,1.9
"TRIO HEALTHCARE",528,9,1,0,0,1,11.1,100,0,0,1.3,1.4,2.3,2.6,3.5,3.2,0.5,50.8,60.8,0.8,10,1.1,382365,42485,0,0,23.1,13,2.7,3.2,46.9,75.1,67.9,1.52,2.08,12.6,5.3,4.2,0.5,1,31.6,29.9,93.9,93.1,0,26.9,6.1,11.7,23.3,10.3,34.8,0.5
"TROUSDALE LIVING COMMUNITIES",529,3,2,0,1,1,33.3,33.3,66.7,0,1.7,1,2,4,3.5,3.2,0.4,54,59.9,4,8,2.7,300998.4,100332.8,4,1.3,15,8.7,1.7,1.5,39.4,22.1,38.5,1.08,1.72,12,2.9,5.5,1.1,1.2,20,9.4,87,62.6,0,10.2,6.4,10.2,19.6,11.2,24.4,0
"TRUSTCARE MANAGEMENT",530,16,2,0,1,3,18.8,93.8,0,6.3,2.5,2.8,2.7,2.2,3.6,3.2,0.3,44.5,42,0.8,20,1.3,634169.96,39635.62,0,0,29,15.2,5.7,3.1,65.5,92.1,96.3,2.36,2.67,14.9,3.7,4.5,1.3,1.6,28.8,21.8,98.3,98.5,0,15.6,5.2,0.9,26.5,11.1,22.1,0.7
"TUTERA SENIOR LIVING & HEALTH CARE",531,24,4,0,1,9,37.5,95.8,4.2,0,2,2.3,1.6,3,3.5,3.1,0.5,55,58.7,0.4,73,3,3122054.07,130085.59,20,0.8,28.5,13.9,1.3,3.5,53.1,59.4,65.9,1.79,2.37,14.8,5,6.9,1.2,0.8,23.1,15.4,90.1,88.5,0.1,24.6,7,4.5,24.2,11,24.3,10.1
"TWIN RIVERS HEALTH & REHABILITATION",532,11,2,0,0,0,0,45.5,45.5,9.1,3.5,3.7,2.6,2.5,3.6,3.2,0.6,45.4,36.8,0.3,2,0.2,14888.25,1353.48,0,0,23.6,13.4,1.4,1.4,52.2,95.4,98.4,2.15,2.5,14.9,6.1,4.5,4.4,0.6,29.1,22.2,99.6,99.4,0,22.9,6.5,15.7,32.5,10.5,17.8,1.3
"UNITED CHURCH HOMES",533,6,1,0,0,0,0,0,100,0,2.8,2.5,2.5,4,3.8,3.4,0.5,44.8,35.2,0.8,3,0.5,256183,42697.17,1,0.2,25.3,11.7,1,2.1,42.2,87.6,85,1.42,1.7,9.5,5.4,4,0.3,0.1,11.4,8.2,98.5,96.7,0,27.3,7.6,6.5,22.5,10.2,25.2,2.5
"UNITED METHODIST HOMES",534,3,2,0,1,0,0,0,100,0,3,2.3,4.3,4.3,4.1,3.6,0.8,39.5,26.7,0.7,2,0.7,159645.2,53215.07,0,0,20.1,14.1,1.1,0,66.4,86.8,86.7,1.54,0.83,12.2,3.3,7.3,0.9,1.2,28.8,23.5,97.4,95,0,31.4,5.6,0,14.3,10.3,0.9,2.5
"UNIVERSITY OF VERMONT HEALTH NETWORK",535,3,2,0,0,0,0,0,100,0,3.3,3,4.3,3.3,4.7,4.2,1.1,43.4,33.4,0,0,0,0,0,1,0.3,18.2,17.1,0.7,2.4,53.1,84.2,82,0.88,1.3,29.5,3.4,9.6,3.8,6.8,22.3,20.8,98.8,90.2,3.4,30.5,6.9,3.7,18.4,9.1,56.6,4.9
"UNLIMITED DEVELOPMENT, INC.",536,10,2,0,0,1,10,30,70,0,3.6,3.5,3,3,4.1,3.6,0.6,41.2,36.6,0.1,10,1,512941.42,51294.14,3,0.3,26.2,17.4,1.6,2.5,58,76.9,88.1,1.6,2.24,14.7,4.5,4.5,3.8,1,28.4,26,90.9,98,0,23.6,4.3,7.1,18,11.2,29.4,11.3
"UPMC SENIOR COMMUNITIES",537,11,1,0,0,3,27.3,9.1,90.9,0,3.5,2.9,4.3,3.9,4.9,4.3,1.6,54.8,43,0.7,4,0.4,63170.95,5742.81,0,0,20.6,9.5,1.3,2.9,60,85.3,90.5,1.23,1.31,16.4,3.9,6,2.5,0.8,22.5,18.2,95.4,95.3,0,28.1,7.3,3.5,18.7,10.8,9.1,2
"UPSTATE SERVICES GROUP",538,17,1,0,1,4,23.5,100,0,0,1.5,1.8,2.2,2.4,3.3,2.8,0.5,52.2,45.6,1.1,14,0.8,586070.35,34474.73,1,0.1,23.4,14.8,2.2,3.8,47.4,71.5,66.4,1.87,1.95,19,3.9,8,0.7,1.1,18.6,18.7,94.2,89.9,0.1,28.8,6.1,6.1,16,10.3,42.2,14.6
"UVALDE COUNTY HOSPITAL AUTHORITY",679,7,1,0,0,1,14.3,71.4,14.3,14.3,1.9,2.4,1.4,2.7,3.1,2.6,0.2,57.5,72,0.5,16,2.3,518534.27,74076.32,2,0.3,22.5,17.1,0.8,2.5,60,85.7,94.1,2.55,2.31,9,3.2,3.7,1.6,1.2,28.6,24.6,99.6,97.3,0.1,25.7,5.5,2.1,25.9,11.3,31.7,4.1
"VALLEY WEST HEALTH",744,10,1,0,0,1,10,100,0,0,2.8,2.9,3.3,2.8,3.6,3.3,0.6,41.3,41.8,0.4,7,0.7,217746.75,21774.68,0,0,25.5,10.7,1.6,2.9,36.9,78.2,83.4,1.76,1.55,15.3,3.8,6,3.1,1,22.2,19.7,97.5,94.8,0,27.1,5.2,0.8,21,10.3,37.1,7.1
"VANCREST HEALTH CARE CENTERS",542,12,1,0,0,0,0,100,0,0,4.1,4,2.5,4.1,3.8,3.4,0.6,44.4,30.4,0.4,1,0.1,9750,812.5,0,0,25.6,15.8,1.5,2.6,52.5,80.6,92.1,1.35,2.1,7.4,4.4,2.3,0.6,0.2,11.5,6.3,96.6,97.3,0,28.4,5.1,42.8,22,10.1,23.2,0.8
"VANGUARD HEALTHCARE",543,6,1,0,0,1,16.7,100,0,0,3.7,3.7,4.2,2.3,4.4,3.6,0.7,40.1,42.2,0.7,3,0.5,136252,22708.67,0,0,25,14.9,1.3,6,54.6,83.6,84.9,1.86,2.09,13.4,2.4,9.5,0.8,1.2,27.3,21.8,99.1,98.2,0.1,16,3.7,1.4,23.6,10,56.8,3.8
"VANTAGE CARE",669,7,1,0,1,1,14.3,100,0,0,2.3,2.6,2.7,2.4,3.8,3.6,0.5,46.7,50.8,1.4,11,1.6,972511.04,138930.15,0,0,29.4,12,1.2,3.9,42.5,79.1,67.4,1.48,1.38,16.7,4,5.2,2.8,1.9,27.4,22.2,94.6,92.8,0,27.6,7.2,1,18.1,11.4,52.6,6.3
"VENTURA SERVICES FLORIDA",544,10,1,0,0,2,20,100,0,0,2.5,2.3,2.7,3.9,3.7,3.3,0.7,34.7,37.3,1.7,10,1,305096.69,30509.67,2,0.2,27.8,6.3,4.6,1.8,40.8,97.9,99.9,2.26,0.9,16.7,1.6,5.4,0,0.5,8.3,7.6,99.8,100,0,7.4,5.4,0.9,23.5,10,27.3,10.6
"VENZA CARE MANAGEMENT",614,17,5,0,0,0,0,100,0,0,2.6,2.7,3.4,2.3,4.1,3.5,0.6,54.3,49.8,0.2,22,1.3,490397.16,28846.89,2,0.1,26.3,13.5,2.6,2.7,42,79.7,83.9,2.1,1.87,20.4,3.9,5.4,2.2,1.6,26.2,18.3,93.2,91.8,0.2,20.5,6.6,2,23.3,10.7,33.3,3.5
"VERITAS MANAGEMENT GROUP",545,15,5,0,0,0,0,100,0,0,4.3,3.7,2.8,4.9,4.7,4.1,1,56.2,59.9,0.5,6,0.4,47749.85,3183.32,0,0,21.8,10.1,0.2,0.1,62,90.7,96.9,1.18,1.03,4.6,0,14.1,0,2.7,21.5,20,"",100,0,"",55,"",12,9.4,9.1,3.4
"VERTICAL HEALTH SERVICES",636,18,2,1,0,5,27.8,100,0,0,1.2,1.6,1.4,3.2,3.1,2.7,0.5,60.2,53.8,1.6,78,4.3,2909571.45,161642.86,18,1,25.7,12.2,2.2,3.3,43.8,66.4,70.7,1.7,1.36,18.2,1.9,5.8,0.7,0.5,18.4,16,90.4,89,0,19.8,4.5,41.2,23.3,10.7,27.3,5.1
"VETTER SENIOR LIVING",547,23,2,0,0,0,0,0,100,0,4.3,4,4.1,3.4,4.2,3.6,0.7,37.6,31.5,0.2,2,0.1,13000,565.22,0,0,20.9,10.5,1.4,2.7,46.1,94.1,93.1,1.41,1.43,11.4,3.9,4.3,2.2,1.3,26.4,23.2,98,97.9,0,28.4,3.8,1.5,17.5,9.2,35.9,2
"VI LIVING",548,10,6,0,0,0,0,100,0,0,4.8,4.4,5,3.9,5.9,5.3,1.8,31.9,32.1,0.4,4,0.4,23260.25,2326.03,0,0,23.4,10.9,0.4,3,52.9,91.2,92.3,2.13,1.19,12.1,5,4.3,2.5,0.6,22.1,19.5,94.8,98.5,0,20.4,2.4,2,10.3,9.8,48.3,8.1
"VIBRA HEALTHCARE",549,4,4,0,0,1,25,100,0,0,2.8,2.3,3.3,3.5,4.8,4.4,1,60,58,0.5,15,3.8,352769.94,88192.48,0,0,25.6,17.1,2.6,0,46.5,77.2,93.8,2.21,1.78,23,2.8,9.3,0.2,0,18.9,15.3,87.3,99.8,0.2,16.9,1.8,1.6,29.6,10.2,30.4,1.5
"VIERRA COMMUNITIES",597,2,2,0,0,0,0,100,0,0,2,2,3,4,3.3,2.9,0.7,27.3,21.1,0,2,1,99001.5,49500.75,0,0,20.6,10,1.5,3.4,54.5,70,66.5,1.79,0.95,15.3,2.1,10.7,1.3,0.1,31.6,21.3,83.4,88.1,0,26,9.1,7.4,16.5,10.8,62.3,8.7
"VILLA HEALTHCARE",550,18,3,0,0,2,11.1,100,0,0,2.4,2.2,2.3,3.9,3.4,3,0.4,46.8,43.9,0.7,31,1.7,1669879.7,92771.09,8,0.4,27.4,12.8,1.7,1.3,54,57.3,60.8,1.46,0.85,14.3,1.7,4.8,0.5,0.5,8.8,6.4,89.8,84.8,0,22.1,4.4,20.9,18.9,10.5,25.2,2.9
"VIRGINIA HEALTH SERVICES",551,7,1,0,0,1,14.3,100,0,0,2.9,2.7,2.4,4,3.7,3.3,0.5,41.9,25.6,0.6,4,0.6,68643.25,9806.18,0,0,20,14,2.2,2.7,39.6,95.9,96.1,1.29,0.94,16.8,3.9,5.8,1.1,0.8,13.5,11.2,100,98.1,0,18.4,5.6,2.1,31.2,9.7,29,0.8
"VIVAGE SENIOR LIVING",552,17,1,0,0,4,23.5,100,0,0,3.4,2.9,2.9,4.4,3.5,3.1,0.7,43.8,46.7,0.3,18,1.1,135774.89,7986.76,1,0.1,15.7,11.7,1.6,1,50.4,83.8,77,1.45,1.9,21,2.5,4,1.1,0.5,13.1,11.5,96.2,95.5,0.1,23,5.2,2.8,7.9,9.2,53.5,10.8
"VIVO HEALTHCARE",688,7,1,0,0,0,0,100,0,0,2.7,2.6,1.9,4.2,3.5,3.3,0.4,55.2,67.1,1,5,0.7,44711.02,6387.29,0,0,26.7,10.9,1,1.9,38.1,98.2,94.2,1.82,1.1,6.2,2.4,5.7,0.2,0.2,7.7,5.4,100,94.4,0,9.4,4.6,2.5,14.7,11.6,30,0.9
"VIVRA SPECIALTY CARE",709,2,2,0,0,0,0,100,0,0,4,4,4,4,4.1,3.7,1.5,41.9,28.6,1,7,3.5,37552.66,18776.33,0,0,28.6,5.9,0.9,1.7,60.3,68.2,73.2,1.89,1.59,16.5,2.2,7.6,0.7,6.8,17.4,20.7,95.2,78.4,0,19.9,6.5,17.1,12.9,13.3,41.4,15.7
"VOLARE HEALTH",628,11,1,1,2,3,27.3,100,0,0,2,1.7,2.9,3.6,5.2,4.5,0.6,62.3,61.7,1.1,18,1.6,1039588.55,94508.05,5,0.5,21.1,16.6,1.1,2.4,44.4,80,86.4,1.71,1.97,9.9,2.8,6.2,1,1.3,30.6,14.3,92.5,96.6,0,25.1,3.9,4.2,11.5,9.8,25.1,7.6
"VOLUNTEERS OF AMERICA SENIOR LIVING",554,6,3,0,0,1,16.7,16.7,83.3,0,2.2,1.8,3.3,4,4.3,3.7,1,62.1,54,1,12,2,288305.89,48050.98,3,0.5,21,15.3,1.7,3,63.3,87.9,88.3,1.09,1.35,16,2.6,5.3,2.5,1.3,25.7,19.9,95.4,97.9,0,27.2,3.9,14.6,15.3,9.7,53.6,3.1
"VRC MANAGEMENT",555,5,1,0,0,0,0,100,0,0,4.4,4.4,3,4,3.9,3.4,0.7,52,33.3,0.4,0,0,0,0,0,0,28.6,12.1,0.5,0.7,33.4,76.9,92.9,1.45,1.54,5.9,1.7,5.8,0.6,0.2,18.6,11.9,97.8,96.9,0,22.4,4.8,3,18.8,11,48.2,11.2
"WECARE CENTERS",705,11,2,0,1,3,27.3,81.8,18.2,0,2.1,2.1,2.6,2.8,3.4,3,0.7,69.7,66.3,0.8,37,3.4,633959.59,57632.69,0,0,23,14.4,1,2.6,48,61.6,63,1.64,1.31,19.1,3.1,6.2,1.8,1.9,25.2,24.4,91.4,81.9,0,26.9,7,8.8,19.9,10.5,20.3,0.4
"WELLINGTON HEALTH CARE SERVICES",559,14,4,2,0,1,7.1,100,0,0,1.3,1.8,1.7,1.8,3.3,2.9,0.3,49.1,59.8,0.7,55,3.9,1500991.47,107213.68,4,0.3,29.9,12.1,3.1,3.8,45,59.4,55.9,2.18,1.68,14.8,2.6,7.3,1.8,2.3,23.9,21.2,80.7,74.2,0,19.9,7.9,2,15.8,10.2,23.9,3.6
"WELLSENTIAL HEALTH",670,64,1,0,0,7,10.9,9.4,56.3,34.4,2.9,3,1.6,4,3.1,2.7,0.3,45.6,42.8,0.6,88,1.4,2246528.11,35102,3,0,26,11.4,1.5,2.1,52.9,90.9,94,1.96,1.83,8,3.5,4.1,0.4,0.8,15.3,12.9,99.8,99.4,0,19.1,4.3,3.3,21.2,10.7,17.5,6.6
"WELLTOWER, INC.",560,2,2,0,0,0,0,100,0,0,4,3.5,3.5,4,4.5,4.1,0.9,64.9,30,0,1,0.5,12649,6324.5,0,0,37.1,10.2,1.3,1.3,64,93.5,94.8,1.12,1.63,17.2,7.1,10.4,0.5,3.1,16.5,12.6,100,100,0,24.1,3.5,0.5,17.1,11,52.4,3.4
WESLEYLIFE,561,11,2,0,0,0,0,36.4,63.6,0,3.7,3.5,4,3.5,4.4,4,0.9,49.8,46,0.7,4,0.4,63878.75,5807.16,0,0,23.4,15.7,1.6,3.4,61.8,91.9,94,1.28,1.54,16,4.1,5.9,2.1,1.7,26,19,98.5,96.8,0,34.4,4.2,2.5,19,9.8,36.2,2.4
"WEST HARBOR HEALTHCARE",596,8,1,0,0,0,0,100,0,0,3.5,3,3.1,4.3,4.2,3.8,0.4,46,33.4,0.3,23,2.9,638567.45,79820.93,2,0.3,21.3,12.1,0.9,2.1,47,94.9,96.7,1.88,1.61,9.8,1.2,4,1.3,1.3,21.3,12.9,99,99.6,0,16.4,6.3,1.3,14.3,11.2,32.3,17.4
"WEST WHARTON COUNTY HOSPITAL DISTRICT",562,10,1,0,1,0,0,80,0,20,1.7,1.9,1.3,2.7,3,2.7,0.3,56.7,64.6,1.2,44,4.4,1244726.3,124472.63,5,0.5,27.2,15.4,1.5,2.6,51.6,66.5,79.5,2.23,2.66,8.6,3,4.5,0.3,0.3,20.6,22,94,92.3,0.1,19.6,3.4,3.7,28.2,10.9,39.8,4.8
"WESTMINSTER COMMUNITIES OF FLORIDA",563,8,1,0,0,0,0,0,100,0,4,3.8,4.3,4.6,3.9,3.6,0.9,35.2,39,0.3,3,0.4,89923.6,11240.45,0,0,24.2,9.5,0.7,1.7,64.5,95.9,93.5,2,1.16,5.6,3.7,3.6,0.6,0.5,21.3,10.5,98.8,98.1,0,14.3,6.4,3.2,14.7,10.7,39.3,8
"WHITE OAK MANAGEMENT",564,15,2,0,0,1,6.7,100,0,0,3.5,3.5,3.3,3.1,3.8,3.3,0.5,47.7,38.4,0.2,8,0.5,140384.04,9358.94,1,0.1,22.8,11.9,1.8,2.8,45.2,75.7,86.3,1.59,1.4,14.5,3.7,5.6,2.5,1.2,28.8,20.1,91.9,94.4,0,24.4,6.3,0.9,23.6,9.2,37.8,0.9
"WHITTIER HEALTH NETWORK",565,8,1,0,0,0,0,100,0,0,3.8,3.9,3.8,3.1,4.7,3.9,1,44.7,39.7,0.3,4,0.5,47184.8,5898.1,0,0,26.3,14.6,1,1.8,51.2,90.2,92.4,1.62,1.43,20.5,3.6,4.1,5.6,1.8,26.6,18.5,97.1,94.1,0,23.2,5,3.2,23.8,11.5,33.3,11.5
WINDSOR,566,23,1,0,0,5,21.7,100,0,0,2.3,2,2.7,3.8,3.9,3.7,0.4,43.8,56.5,0.7,33,1.4,515363.18,22407.09,5,0.2,25,13.6,1.3,1.1,51.4,84.1,85.6,2.33,1.84,10.1,1.7,4.8,0.8,0.8,15.9,9.1,94.8,96,0,12.4,6.2,3,11.4,10.7,52.1,26.8
"WINDSOR HEALTHCARE",731,7,1,0,0,0,0,100,0,0,1.3,1.1,1.3,3.7,3.1,2.7,0.6,"","","",48,6.9,877493.21,125356.17,0,0,23.4,7.2,1.8,2.5,39.3,59,53.8,1.89,0.76,15.6,2,8.4,0.7,1.4,14.1,11.7,94.7,72.9,0,6.9,5,12.5,15.7,10.1,39.4,5.8
"WINDSOR HOUSE, INC.",567,12,2,0,0,3,25,100,0,0,2.9,2.8,2.8,3.8,3.6,3,0.5,44.2,38,1.3,8,0.7,247132.6,20594.38,1,0.1,31.1,11.7,1.6,2.2,36.5,63.9,68.2,1.49,1.84,11.7,5,3.1,0.6,0.2,10.2,6.1,93.6,92.8,2.8,22.7,7.7,1.9,22,10.3,28.1,2.4
"WISCONSIN ILLINOIS SENIOR HOUSING, INC.",569,7,2,0,0,1,14.3,0,100,0,2,2,3.4,2.7,4.5,3.9,0.9,61.5,49.7,1,13,1.9,475032.87,67861.84,5,0.7,25.2,18.4,1.2,2.5,47,84.1,89.3,1.27,1.85,16.3,3.1,6.6,5.5,3.2,28.4,17.5,95.3,96.5,0,21.6,3.6,6.5,12.2,11.4,48.5,20
"WLC MANAGEMENT FIRM",570,17,1,0,0,2,11.8,94.1,5.9,0,2.4,3.6,1.5,1.4,2.8,2.5,0.4,46.1,59.3,1,20,1.2,907343.2,53373.13,3,0.2,26.6,17.1,4.2,2.8,45,67.6,85.5,2.49,3.66,23,6.1,6.3,3.8,2.9,30.8,22.7,96.4,95.9,0.1,24.5,6.5,7.1,26.3,10.9,25.4,1
"WVU MEDICINE",571,5,2,0,0,0,0,40,60,0,3.5,3.8,3.3,3.3,6.4,5.7,2.1,50.5,37,1,2,0.4,24830,4966,0,0,21.9,8.7,1.5,1.6,54.9,96.9,87.1,2.08,1.71,17.4,4.4,3.8,3.4,2.4,36.2,25.4,100,98.3,0,21,7.2,0,20.4,10.7,0,3.8
"YAD HEALTHCARE",640,7,2,0,0,0,0,100,0,0,1.9,2.6,1.4,2.6,3,2.6,0.3,63.1,46.4,0.4,3,0.4,68093.21,9727.6,0,0,25.8,16.9,1.4,2.7,58,73.9,77.1,1.8,2.31,16.9,2.8,7.3,1.2,0.2,21.1,17.5,94.9,97.2,0,25.1,10.1,5.8,20.2,10.1,38.1,7.2
