PROVNUM,PROVNAME,CITY,STATE,COUNTY_NAME,COUNTY_FIPS,CY_Qtr,WorkDate,MDScensus,Hrs_RNDON,Hrs_RNDON_emp,Hrs_RNDON_ctr,Hrs_RNadmin,Hrs_RNadmin_emp,Hrs_RNadmin_ctr,Hrs_RN,Hrs_RN_emp,Hrs_RN_ctr,Hrs_LPNadmin,Hrs_LPNadmin_emp,Hrs_LPNadmin_ctr,Hrs_LPN,Hrs_LPN_emp,Hrs_LPN_ctr,Hrs_CNA,Hrs_CNA_emp,Hrs_CNA_ctr,Hrs_NAtrn,Hrs_NAtrn_emp,Hrs_NAtrn_ctr,Hrs_MedAide,Hrs_MedAide_emp,Hrs_MedAide_ctr,Hrs_RNDON.1
495177,COMMUNITY MEMORIAL,SOUTH HILL,VA,Mecklenburg,117,2017Q1,20170101,97,0.0,0.0,0.0,8.0,8.0,0.0,0.0,0.0,0.0,0.0,0.0,0.0,155.57,147.57,8.0,144.5,144.5,0.0,0.0,0.0,0.0,0.0,0.0,0.0,
495177,COMMUNITY MEMORIAL,SOUTH HILL,VA,Mecklenburg,117,2017Q1,20170102,97,8.0,8.0,0.0,27.5,27.5,0.0,8.0,8.0,0.0,0.0,0.0,0.0,157.0,145.0,12.0,176.5,176.5,0.0,0.0,0.0,0.0,0.0,0.0,0.0,
495177,COMMUNITY MEMORIAL,SOUTH HILL,VA,Mecklenburg,117,2017Q1,20170103,98,8.0,8.0,0.0,36.75,36.75,0.0,17.5,8.5,9.0,0.0,0.0,0.0,182.75,170.75,12.0,170.5,166.0,4.5,0.0,0.0,0.0,0.0,0.0,0.0,
495177,COMMUNITY MEMORIAL,SOUTH HILL,VA,Mecklenburg,117,2017Q1,20170104,99,8.0,8.0,0.0,27.75,27.75,0.0,17.5,9.0,8.5,0.0,0.0,0.0,208.98,208.98,0.0,205.5,205.5,0.0,0.0,0.0,0.0,0.0,0.0,0.0,
495177,COMMUNITY MEMORIAL,SOUTH HILL,VA,Mecklenburg,117,2017Q1,20170105,101,8.0,8.0,0.0,29.5,29.5,0.0,16.5,8.25,8.25,0.0,0.0,0.0,192.25,192.25,0.0,229.5,217.5,12.0,0.0,0.0,0.0,0.0,0.0,0.0,
495177,COMMUNITY MEMORIAL,SOUTH HILL,VA,Mecklenburg,117,2017Q1,20170106,101,8.0,8.0,0.0,9.0,9.0,0.0,27.0,18.5,8.5,0.0,0.0,0.0,193.25,193.25,0.0,161.75,153.5,8.25,0.0,0.0,0.0,0.0,0.0,0.0,
495177,COMMUNITY MEMORIAL,SOUTH HILL,VA,Mecklenburg,117,2017Q1,20170107,101,0.0,0.0,0.0,10.25,10.25,0.0,0.0,0.0,0.0,0.0,0.0,0.0,154.25,154.25,0.0,162.5,154.25,8.25,0.0,0.0,0.0,0.0,0.0,0.0,
495177,COMMUNITY MEMORIAL,SOUTH HILL,VA,Mecklenburg,117,2017Q1,20170108,101,0.0,0.0,0.0,9.75,9.75,0.0,0.0,0.0,0.0,0.0,0.0,0.0,142.5,142.5,0.0,171.0,159.0,12.0,0.0,0.0,0.0,0.0,0.0,0.0,
495177,COMMUNITY MEMORIAL,SOUTH HILL,VA,Mecklenburg,117,2017Q1,20170109,99,8.0,8.0,0.0,27.25,27.25,0.0,27.25,18.75,8.5,0.0,0.0,0.0,189.25,189.25,0.0,181.75,181.75,0.0,0.0,0.0,0.0,0.0,0.0,0.0,
495177,COMMUNITY MEMORIAL,SOUTH HILL,VA,Mecklenburg,117,2017Q1,20170110,98,8.0,8.0,0.0,26.75,26.75,0.0,17.0,8.5,8.5,0.0,0.0,0.0,152.78,152.78,0.0,184.52,184.52,0.0,0.0,0.0,0.0,0.0,0.0,0.0,
495177,COMMUNITY MEMORIAL,SOUTH HILL,VA,Mecklenburg,117,2017Q1,20170111,99,8.0,8.0,0.0,26.25,26.25,0.0,17.0,8.5,8.5,0.0,0.0,0.0,167.75,167.75,0.0,216.75,216.75,0.0,0.0,0.0,0.0,0.0,0.0,0.0,
495177,COMMUNITY MEMORIAL,SOUTH HILL,VA,Mecklenburg,117,2017Q1,20170112,101,8.0,8.0,0.0,26.0,26.0,0.0,18.25,8.5,9.75,0.0,0.0,0.0,182.0,170.0,12.0,199.0,187.0,12.0,0.0,0.0,0.0,0.0,0.0,0.0,
495177,COMMUNITY MEMORIAL,SOUTH HILL,VA,Mecklenburg,117,2017Q1,20170113,100,8.0,8.0,0.0,21.25,21.25,0.0,16.25,5.0,11.25,0.0,0.0,0.0,146.25,134.75,11.5,215.0,203.0,12.0,0.0,0.0,0.0,0.0,0.0,0.0,
495177,COMMUNITY MEMORIAL,SOUTH HILL,VA,Mecklenburg,117,2017Q1,20170114,100,0.0,0.0,0.0,8.5,8.5,0.0,0.0,0.0,0.0,0.0,0.0,0.0,170.75,159.0,11.75,163.75,163.75,0.0,0.0,0.0,0.0,0.0,0.0,0.0,
495177,COMMUNITY MEMORIAL,SOUTH HILL,VA,Mecklenburg,117,2017Q1,20170115,99,0.0,0.0,0.0,18.75,18.75,0.0,0.0,0.0,0.0,0.0,0.0,0.0,158.95,148.2,10.75,163.25,163.25,0.0,0.0,0.0,0.0,0.0,0.0,0.0,
495177,COMMUNITY MEMORIAL,SOUTH HILL,VA,Mecklenburg,117,2017Q1,20170116,101,8.0,8.0,0.0,18.25,18.25,0.0,27.0,18.25,8.75,0.0,0.0,0.0,161.0,161.0,0.0,196.5,196.5,0.0,0.0,0.0,0.0,0.0,0.0,0.0,
495177,COMMUNITY MEMORIAL,SOUTH HILL,VA,Mecklenburg,117,2017Q1,20170117,99,8.0,8.0,0.0,28.0,28.0,0.0,17.0,8.5,8.5,0.0,0.0,0.0,166.0,166.0,0.0,170.75,158.5,12.25,0.0,0.0,0.0,0.0,0.0,0.0,
495177,COMMUNITY MEMORIAL,SOUTH HILL,VA,Mecklenburg,117,2017Q1,20170118,101,8.0,8.0,0.0,27.0,27.0,0.0,17.0,8.5,8.5,0.0,0.0,0.0,189.4,177.15,12.25,229.75,229.75,0.0,0.0,0.0,0.0,0.0,0.0,0.0,
495177,COMMUNITY MEMORIAL,SOUTH HILL,VA,Mecklenburg,117,2017Q1,20170119,102,8.0,8.0,0.0,18.0,18.0,0.0,16.75,8.25,8.5,0.0,0.0,0.0,181.0,181.0,0.0,191.25,191.25,0.0,0.0,0.0,0.0,0.0,0.0,0.0,
495177,COMMUNITY MEMORIAL,SOUTH HILL,VA,Mecklenburg,117,2017Q1,20170120,104,8.0,8.0,0.0,26.5,26.5,0.0,18.0,9.0,9.0,0.0,0.0,0.0,176.0,163.5,12.5,207.0,207.0,0.0,0.0,0.0,0.0,0.0,0.0,0.0,
495177,COMMUNITY MEMORIAL,SOUTH HILL,VA,Mecklenburg,117,2017Q1,20170121,104,0.0,0.0,0.0,10.75,10.75,0.0,0.0,0.0,0.0,0.0,0.0,0.0,152.25,152.25,0.0,175.5,175.5,0.0,0.0,0.0,0.0,0.0,0.0,0.0,
495177,COMMUNITY MEMORIAL,SOUTH HILL,VA,Mecklenburg,117,2017Q1,20170122,104,0.0,0.0,0.0,17.5,17.5,0.0,0.0,0.0,0.0,0.0,0.0,0.0,145.5,145.5,0.0,178.0,166.0,12.0,0.0,0.0,0.0,0.0,0.0,0.0,
495177,COMMUNITY MEMORIAL,SOUTH HILL,VA,Mecklenburg,117,2017Q1,20170123,103,8.0,8.0,0.0,21.0,21.0,0.0,27.25,18.25,9.0,0.0,0.0,0.0,167.5,167.5,0.0,204.0,197.0,7.0,0.0,0.0,0.0,0.0,0.0,0.0,
495177,COMMUNITY MEMORIAL,SOUTH HILL,VA,Mecklenburg,117,2017Q1,20170124,102,8.0,8.0,0.0,27.25,27.25,0.0,18.75,10.25,8.5,0.0,0.0,0.0,162.0,162.0,0.0,187.75,179.75,8.0,0.0,0.0,0.0,0.0,0.0,0.0,
495177,COMMUNITY MEMORIAL,SOUTH HILL,VA,Mecklenburg,117,2017Q1,20170125,99,8.0,8.0,0.0,26.25,26.25,0.0,17.25,8.75,8.5,0.0,0.0,0.0,182.25,182.25,0.0,215.5,207.75,7.75,0.0,0.0,0.0,0.0,0.0,0.0,
495177,COMMUNITY MEMORIAL,SOUTH HILL,VA,Mecklenburg,117,2017Q1,20170126,100,8.0,8.0,0.0,17.0,17.0,0.0,8.75,8.75,0.0,0.0,0.0,0.0,201.5,189.0,12.5,209.75,201.0,8.75,0.0,0.0,0.0,0.0,0.0,0.0,
495177,COMMUNITY MEMORIAL,SOUTH HILL,VA,Mecklenburg,117,2017Q1,20170127,99,8.0,8.0,0.0,8.25,8.25,0.0,18.5,8.5,10.0,0.0,0.0,0.0,153.75,142.0,11.75,211.5,211.5,0.0,0.0,0.0,0.0,0.0,0.0,0.0,
495177,COMMUNITY MEMORIAL,SOUTH HILL,VA,Mecklenburg,117,2017Q1,20170128,100,0.0,0.0,0.0,0.0,0.0,0.0,8.0,0.0,8.0,0.0,0.0,0.0,147.55,136.05,11.5,160.0,160.0,0.0,0.0,0.0,0.0,0.0,0.0,0.0,
495177,COMMUNITY MEMORIAL,SOUTH HILL,VA,Mecklenburg,117,2017Q1,20170129,100,0.0,0.0,0.0,0.0,0.0,0.0,0.0,0.0,0.0,0.0,0.0,0.0,162.5,162.5,0.0,161.0,152.75,8.25,0.0,0.0,0.0,0.0,0.0,0.0,
495177,COMMUNITY MEMORIAL,SOUTH HILL,VA,Mecklenburg,117,2017Q1,20170130,101,8.0,8.0,0.0,18.5,18.5,0.0,8.5,8.5,0.0,0.0,0.0,0.0,151.25,151.25,0.0,187.75,187.75,0.0,0.0,0.0,0.0,0.0,0.0,0.0,
495177,COMMUNITY MEMORIAL,SOUTH HILL,VA,Mecklenburg,117,2017Q1,20170131,101,8.0,8.0,0.0,39.25,39.25,0.0,10.0,10.0,0.0,0.0,0.0,0.0,167.5,167.5,0.0,162.25,154.25,8.0,0.0,0.0,0.0,0.0,0.0,0.0,
495177,COMMUNITY MEMORIAL,SOUTH HILL,VA,Mecklenburg,117,2017Q1,20170201,104,8.0,8.0,0.0,30.75,30.75,0.0,8.25,8.25,0.0,0.0,0.0,0.0,210.83,210.83,0.0,270.5,262.5,8.0,0.0,0.0,0.0,0.0,0.0,0.0,
495177,COMMUNITY MEMORIAL,SOUTH HILL,VA,Mecklenburg,117,2017Q1,20170202,104,0.0,0.0,0.0,27.75,27.75,0.0,8.5,8.5,0.0,0.0,0.0,0.0,208.0,200.0,8.0,206.5,198.5,8.0,0.0,0.0,0.0,0.0,0.0,0.0,
495177,COMMUNITY MEMORIAL,SOUTH HILL,VA,Mecklenburg,117,2017Q1,20170203,105,8.0,8.0,0.0,11.75,11.75,0.0,8.0,8.0,0.0,0.0,0.0,0.0,197.75,186.0,11.75,184.75,184.75,0.0,0.0,0.0,0.0,0.0,0.0,0.0,
495177,COMMUNITY MEMORIAL,SOUTH HILL,VA,Mecklenburg,117,2017Q1,20170204,106,24.0,24.0,0.0,8.25,8.25,0.0,0.0,0.0,0.0,0.0,0.0,0.0,147.5,147.5,0.0,187.0,187.0,0.0,0.0,0.0,0.0,0.0,0.0,0.0,
495177,COMMUNITY MEMORIAL,SOUTH HILL,VA,Mecklenburg,117,2017Q1,20170205,106,0.0,0.0,0.0,13.0,13.0,0.0,0.0,0.0,0.0,0.0,0.0,0.0,143.75,143.75,0.0,166.25,166.25,0.0,0.0,0.0,0.0,0.0,0.0,0.0,
495177,COMMUNITY MEMORIAL,SOUTH HILL,VA,Mecklenburg,117,2017Q1,20170206,106,8.0,8.0,0.0,33.0,33.0,0.0,19.0,19.0,0.0,0.0,0.0,0.0,168.25,156.5,11.75,182.5,182.5,0.0,0.0,0.0,0.0,0.0,0.0,0.0,
495177,COMMUNITY MEMORIAL,SOUTH HILL,VA,Mecklenburg,117,2017Q1,20170207,103,8.0,8.0,0.0,27.5,27.5,0.0,6.5,6.5,0.0,0.0,0.0,0.0,175.25,175.25,0.0,195.0,195.0,0.0,0.0,0.0,0.0,0.0,0.0,0.0,
495177,COMMUNITY MEMORIAL,SOUTH HILL,VA,Mecklenburg,117,2017Q1,20170208,104,8.0,8.0,0.0,28.0,28.0,0.0,9.25,0.0,9.25,0.0,0.0,0.0,169.0,169.0,0.0,196.25,196.25,0.0,0.0,0.0,0.0,0.0,0.0,0.0,
495177,COMMUNITY MEMORIAL,SOUTH HILL,VA,Mecklenburg,117,2017Q1,20170209,103,8.0,8.0,0.0,32.5,32.5,0.0,8.5,0.0,8.5,0.0,0.0,0.0,183.25,183.25,0.0,180.75,180.75,0.0,0.0,0.0,0.0,0.0,0.0,0.0,
495177,COMMUNITY MEMORIAL,SOUTH HILL,VA,Mecklenburg,117,2017Q1,20170210,104,8.0,8.0,0.0,18.0,18.0,0.0,8.75,0.0,8.75,0.0,0.0,0.0,132.5,120.5,12.0,195.0,195.0,0.0,0.0,0.0,0.0,0.0,0.0,0.0,
495177,COMMUNITY MEMORIAL,SOUTH HILL,VA,Mecklenburg,117,2017Q1,20170211,103,0.0,0.0,0.0,8.75,8.75,0.0,0.0,0.0,0.0,0.0,0.0,0.0,134.0,122.25,11.75,172.5,172.5,0.0,0.0,0.0,0.0,0.0,0.0,0.0,
495177,COMMUNITY MEMORIAL,SOUTH HILL,VA,Mecklenburg,117,2017Q1,20170212,100,0.0,0.0,0.0,9.0,9.0,0.0,0.0,0.0,0.0,0.0,0.0,0.0,135.37,135.37,0.0,153.75,153.75,0.0,0.0,0.0,0.0,0.0,0.0,0.0,
495177,COMMUNITY MEMORIAL,SOUTH HILL,VA,Mecklenburg,117,2017Q1,20170213,99,8.0,8.0,0.0,26.75,26.75,0.0,9.75,0.0,9.75,0.0,0.0,0.0,151.0,151.0,0.0,187.25,187.25,0.0,0.0,0.0,0.0,0.0,0.0,0.0,
495177,COMMUNITY MEMORIAL,SOUTH HILL,VA,Mecklenburg,117,2017Q1,20170214,101,8.0,8.0,0.0,28.5,28.5,0.0,19.5,10.0,9.5,0.0,0.0,0.0,158.5,158.5,0.0,178.75,178.75,0.0,0.0,0.0,0.0,0.0,0.0,0.0,
495177,COMMUNITY MEMORIAL,SOUTH HILL,VA,Mecklenburg,117,2017Q1,20170215,101,8.0,8.0,0.0,28.0,28.0,0.0,9.5,0.0,9.5,0.0,0.0,0.0,157.75,157.75,0.0,204.5,204.5,0.0,0.0,0.0,0.0,0.0,0.0,0.0,
495177,COMMUNITY MEMORIAL,SOUTH HILL,VA,Mecklenburg,117,2017Q1,20170216,99,8.0,8.0,0.0,28.25,28.25,0.0,9.0,0.0,9.0,0.0,0.0,0.0,216.75,216.75,0.0,180.5,180.5,0.0,0.0,0.0,0.0,0.0,0.0,0.0,
495177,COMMUNITY MEMORIAL,SOUTH HILL,VA,Mecklenburg,117,2017Q1,20170217,98,8.0,8.0,0.0,27.75,27.75,0.0,0.0,0.0,0.0,0.0,0.0,0.0,158.85,158.85,0.0,204.75,204.75,0.0,0.0,0.0,0.0,0.0,0.0,0.0,
495177,COMMUNITY MEMORIAL,SOUTH HILL,VA,Mecklenburg,117,2017Q1,20170218,96,0.0,0.0,0.0,0.0,0.0,0.0,8.0,0.0,8.0,0.0,0.0,0.0,148.75,148.75,0.0,168.25,168.25,0.0,0.0,0.0,0.0,0.0,0.0,0.0,
495177,COMMUNITY MEMORIAL,SOUTH HILL,VA,Mecklenburg,117,2017Q1,20170219,96,0.0,0.0,0.0,0.0,0.0,0.0,8.5,0.0,8.5,0.0,0.0,0.0,151.5,151.5,0.0,155.5,155.5,0.0,0.0,0.0,0.0,0.0,0.0,0.0,
495177,COMMUNITY MEMORIAL,SOUTH HILL,VA,Mecklenburg,117,2017Q1,20170220,95,8.0,8.0,0.0,41.5,41.5,0.0,27.25,18.25,9.0,0.0,0.0,0.0,200.5,200.5,0.0,178.25,178.25,0.0,0.0,0.0,0.0,0.0,0.0,0.0,
495177,COMMUNITY MEMORIAL,SOUTH HILL,VA,Mecklenburg,117,2017Q1,20170221,93,8.0,8.0,0.0,39.0,39.0,0.0,8.0,8.0,0.0,0.0,0.0,0.0,167.0,167.0,0.0,183.75,183.75,0.0,0.0,0.0,0.0,0.0,0.0,0.0,
495177,COMMUNITY MEMORIAL,SOUTH HILL,VA,Mecklenburg,117,2017Q1,20170222,92,8.0,8.0,0.0,22.25,22.25,0.0,19.0,9.25,9.75,0.0,0.0,0.0,183.75,183.75,0.0,176.75,176.75,0.0,0.0,0.0,0.0,0.0,0.0,0.0,
495177,COMMUNITY MEMORIAL,SOUTH HILL,VA,Mecklenburg,117,2017Q1,20170223,93,8.0,8.0,0.0,19.25,19.25,0.0,17.5,8.5,9.0,0.0,0.0,0.0,168.0,155.75,12.25,182.0,182.0,0.0,0.0,0.0,0.0,0.0,0.0,0.0,
495177,COMMUNITY MEMORIAL,SOUTH HILL,VA,Mecklenburg,117,2017Q1,20170224,95,8.0,8.0,0.0,22.5,22.5,0.0,17.0,8.0,9.0,0.0,0.0,0.0,143.0,131.0,12.0,179.5,179.5,0.0,0.0,0.0,0.0,0.0,0.0,0.0,
495177,COMMUNITY MEMORIAL,SOUTH HILL,VA,Mecklenburg,117,2017Q1,20170225,95,0.0,0.0,0.0,8.0,8.0,0.0,0.0,0.0,0.0,0.0,0.0,0.0,154.07,142.07,12.0,159.5,159.5,0.0,0.0,0.0,0.0,0.0,0.0,0.0,
495177,COMMUNITY MEMORIAL,SOUTH HILL,VA,Mecklenburg,117,2017Q1,20170226,95,0.0,0.0,0.0,7.75,7.75,0.0,0.0,0.0,0.0,0.0,0.0,0.0,141.0,141.0,0.0,151.25,151.25,0.0,0.0,0.0,0.0,0.0,0.0,0.0,
495177,COMMUNITY MEMORIAL,SOUTH HILL,VA,Mecklenburg,117,2017Q1,20170227,96,8.0,8.0,0.0,21.5,21.5,0.0,22.25,12.25,10.0,0.0,0.0,0.0,175.75,175.75,0.0,206.55,198.55,8.0,0.0,0.0,0.0,0.0,0.0,0.0,
495177,COMMUNITY MEMORIAL,SOUTH HILL,VA,Mecklenburg,117,2017Q1,20170228,97,8.0,8.0,0.0,29.25,29.25,0.0,15.5,6.5,9.0,0.0,0.0,0.0,183.0,183.0,0.0,151.5,143.5,8.0,0.0,0.0,0.0,0.0,0.0,0.0,
495177,COMMUNITY MEMORIAL,SOUTH HILL,VA,Mecklenburg,117,2017Q1,20170301,97,8.0,8.0,0.0,28.5,28.5,0.0,17.25,8.25,9.0,0.0,0.0,0.0,191.55,191.55,0.0,266.25,258.25,8.0,0.0,0.0,0.0,0.0,0.0,0.0,
495177,COMMUNITY MEMORIAL,SOUTH HILL,VA,Mecklenburg,117,2017Q1,20170302,97,8.0,8.0,0.0,29.25,29.25,0.0,17.75,8.75,9.0,0.0,0.0,0.0,219.38,219.38,0.0,193.75,185.75,8.0,0.0,0.0,0.0,0.0,0.0,0.0,
495177,COMMUNITY MEMORIAL,SOUTH HILL,VA,Mecklenburg,117,2017Q1,20170303,94,8.0,8.0,0.0,16.75,16.75,0.0,17.75,8.75,9.0,0.0,0.0,0.0,168.97,168.97,0.0,202.25,202.25,0.0,0.0,0.0,0.0,0.0,0.0,0.0,
495177,COMMUNITY MEMORIAL,SOUTH HILL,VA,Mecklenburg,117,2017Q1,20170304,93,0.0,0.0,0.0,10.0,10.0,0.0,0.0,0.0,0.0,0.0,0.0,0.0,120.25,120.25,0.0,152.25,152.25,0.0,0.0,0.0,0.0,0.0,0.0,0.0,
495177,COMMUNITY MEMORIAL,SOUTH HILL,VA,Mecklenburg,117,2017Q1,20170305,93,0.0,0.0,0.0,9.25,9.25,0.0,0.0,0.0,0.0,0.0,0.0,0.0,126.75,126.75,0.0,171.5,171.5,0.0,0.0,0.0,0.0,0.0,0.0,0.0,
495177,COMMUNITY MEMORIAL,SOUTH HILL,VA,Mecklenburg,117,2017Q1,20170306,95,8.0,8.0,0.0,27.0,27.0,0.0,28.0,18.5,9.5,0.0,0.0,0.0,195.75,195.75,0.0,206.5,198.75,7.75,0.0,0.0,0.0,0.0,0.0,0.0,
495177,COMMUNITY MEMORIAL,SOUTH HILL,VA,Mecklenburg,117,2017Q1,20170307,94,8.0,8.0,0.0,30.0,30.0,0.0,17.75,8.75,9.0,0.0,0.0,0.0,193.5,193.5,0.0,200.75,200.75,0.0,0.0,0.0,0.0,0.0,0.0,0.0,
495177,COMMUNITY MEMORIAL,SOUTH HILL,VA,Mecklenburg,117,2017Q1,20170308,93,8.0,8.0,0.0,19.0,19.0,0.0,9.0,9.0,0.0,0.0,0.0,0.0,191.32,191.32,0.0,230.0,230.0,0.0,0.0,0.0,0.0,0.0,0.0,0.0,
495177,COMMUNITY MEMORIAL,SOUTH HILL,VA,Mecklenburg,117,2017Q1,20170309,93,8.0,8.0,0.0,28.75,28.75,0.0,8.25,8.25,0.0,0.0,0.0,0.0,168.75,168.75,0.0,185.5,185.5,0.0,0.0,0.0,0.0,0.0,0.0,0.0,
495177,COMMUNITY MEMORIAL,SOUTH HILL,VA,Mecklenburg,117,2017Q1,20170310,94,8.0,8.0,0.0,19.0,19.0,0.0,8.5,8.5,0.0,0.0,0.0,0.0,154.75,154.75,0.0,183.0,183.0,0.0,0.0,0.0,0.0,0.0,0.0,0.0,
495177,COMMUNITY MEMORIAL,SOUTH HILL,VA,Mecklenburg,117,2017Q1,20170311,94,0.0,0.0,0.0,8.75,8.75,0.0,0.0,0.0,0.0,0.0,0.0,0.0,132.32,132.32,0.0,153.75,153.75,0.0,0.0,0.0,0.0,0.0,0.0,0.0,
495177,COMMUNITY MEMORIAL,SOUTH HILL,VA,Mecklenburg,117,2017Q1,20170312,91,0.0,0.0,0.0,8.75,8.75,0.0,0.0,0.0,0.0,0.0,0.0,0.0,157.25,148.75,8.5,170.25,170.25,0.0,0.0,0.0,0.0,0.0,0.0,0.0,
495177,COMMUNITY MEMORIAL,SOUTH HILL,VA,Mecklenburg,117,2017Q1,20170313,91,0.0,0.0,0.0,19.75,19.75,0.0,18.5,18.5,0.0,0.0,0.0,0.0,147.5,147.5,0.0,208.25,193.0,15.25,0.0,0.0,0.0,0.0,0.0,0.0,
495177,COMMUNITY MEMORIAL,SOUTH HILL,VA,Mecklenburg,117,2017Q1,20170314,92,8.0,8.0,0.0,39.5,39.5,0.0,8.5,8.5,0.0,0.0,0.0,0.0,150.75,141.75,9.0,233.26,225.26,8.0,0.0,0.0,0.0,0.0,0.0,0.0,
495177,COMMUNITY MEMORIAL,SOUTH HILL,VA,Mecklenburg,117,2017Q1,20170315,93,8.0,8.0,0.0,42.0,42.0,0.0,21.25,9.0,12.25,0.0,0.0,0.0,199.48,199.48,0.0,239.5,223.0,16.5,0.0,0.0,0.0,0.0,0.0,0.0,
495177,COMMUNITY MEMORIAL,SOUTH HILL,VA,Mecklenburg,117,2017Q1,20170316,89,8.0,8.0,0.0,33.0,33.0,0.0,16.0,9.0,7.0,0.0,0.0,0.0,198.0,189.75,8.25,217.5,209.5,8.0,0.0,0.0,0.0,0.0,0.0,0.0,
495177,COMMUNITY MEMORIAL,SOUTH HILL,VA,Mecklenburg,117,2017Q1,20170317,92,8.0,8.0,0.0,33.25,33.25,0.0,16.75,8.5,8.25,0.0,0.0,0.0,203.25,187.0,16.25,206.25,206.25,0.0,0.0,0.0,0.0,0.0,0.0,0.0,
495177,COMMUNITY MEMORIAL,SOUTH HILL,VA,Mecklenburg,117,2017Q1,20170318,93,0.0,0.0,0.0,0.0,0.0,0.0,8.75,0.0,8.75,0.0,0.0,0.0,130.5,118.5,12.0,182.35,182.35,0.0,0.0,0.0,0.0,0.0,0.0,0.0,
495177,COMMUNITY MEMORIAL,SOUTH HILL,VA,Mecklenburg,117,2017Q1,20170319,93,0.0,0.0,0.0,0.0,0.0,0.0,8.75,0.0,8.75,0.0,0.0,0.0,117.0,117.0,0.0,179.75,179.75,0.0,0.0,0.0,0.0,0.0,0.0,0.0,
495177,COMMUNITY MEMORIAL,SOUTH HILL,VA,Mecklenburg,117,2017Q1,20170320,93,8.0,8.0,0.0,43.5,43.5,0.0,9.2,9.2,0.0,0.0,0.0,0.0,198.5,189.25,9.25,209.0,209.0,0.0,0.0,0.0,0.0,0.0,0.0,0.0,
495177,COMMUNITY MEMORIAL,SOUTH HILL,VA,Mecklenburg,117,2017Q1,20170321,92,8.0,8.0,0.0,38.25,38.25,0.0,15.5,6.75,8.75,0.0,0.0,0.0,183.5,173.75,9.75,247.25,247.25,0.0,0.0,0.0,0.0,0.0,0.0,0.0,
495177,COMMUNITY MEMORIAL,SOUTH HILL,VA,Mecklenburg,117,2017Q1,20170322,91,8.0,8.0,0.0,39.0,39.0,0.0,19.75,9.75,10.0,0.0,0.0,0.0,182.5,182.5,0.0,212.75,212.75,0.0,0.0,0.0,0.0,0.0,0.0,0.0,
495177,COMMUNITY MEMORIAL,SOUTH HILL,VA,Mecklenburg,117,2017Q1,20170323,94,8.0,8.0,0.0,41.75,41.75,0.0,17.25,8.75,8.5,0.0,0.0,0.0,190.0,167.5,22.5,227.33,227.33,0.0,0.0,0.0,0.0,0.0,0.0,0.0,
495177,COMMUNITY MEMORIAL,SOUTH HILL,VA,Mecklenburg,117,2017Q1,20170324,93,8.0,8.0,0.0,18.25,18.25,0.0,17.0,8.5,8.5,0.0,0.0,0.0,153.75,144.25,9.5,189.75,189.75,0.0,0.0,0.0,0.0,0.0,0.0,0.0,
495177,COMMUNITY MEMORIAL,SOUTH HILL,VA,Mecklenburg,117,2017Q1,20170325,93,0.0,0.0,0.0,8.25,8.25,0.0,0.0,0.0,0.0,0.0,0.0,0.0,137.75,137.75,0.0,162.75,162.75,0.0,0.0,0.0,0.0,0.0,0.0,0.0,
495177,COMMUNITY MEMORIAL,SOUTH HILL,VA,Mecklenburg,117,2017Q1,20170326,93,0.0,0.0,0.0,7.5,7.5,0.0,0.0,0.0,0.0,0.0,0.0,0.0,147.5,147.5,0.0,157.75,157.75,0.0,0.0,0.0,0.0,0.0,0.0,0.0,
495177,COMMUNITY MEMORIAL,SOUTH HILL,VA,Mecklenburg,117,2017Q1,20170327,95,8.0,8.0,0.0,29.25,29.25,0.0,16.5,7.75,8.75,0.0,0.0,0.0,169.0,160.25,8.75,202.5,202.5,0.0,0.0,0.0,0.0,0.0,0.0,0.0,
495177,COMMUNITY MEMORIAL,SOUTH HILL,VA,Mecklenburg,117,2017Q1,20170328,93,0.0,0.0,0.0,38.75,38.75,0.0,17.5,8.5,9.0,0.0,0.0,0.0,174.25,165.25,9.0,228.0,228.0,0.0,0.0,0.0,0.0,0.0,0.0,0.0,
495177,COMMUNITY MEMORIAL,SOUTH HILL,VA,Mecklenburg,117,2017Q1,20170329,91,8.0,8.0,0.0,37.0,37.0,0.0,17.25,8.5,8.75,0.0,0.0,0.0,193.0,184.75,8.25,230.25,230.25,0.0,0.0,0.0,0.0,0.0,0.0,0.0,
495177,COMMUNITY MEMORIAL,SOUTH HILL,VA,Mecklenburg,117,2017Q1,20170330,91,8.0,8.0,0.0,36.25,36.25,0.0,19.5,8.25,11.25,0.0,0.0,0.0,169.25,169.25,0.0,215.25,215.25,0.0,0.0,0.0,0.0,0.0,0.0,0.0,
495177,COMMUNITY MEMORIAL,SOUTH HILL,VA,Mecklenburg,117,2017Q1,20170331,92,8.0,8.0,0.0,30.75,30.75,0.0,15.5,8.5,7.0,0.0,0.0,0.0,159.75,137.5,22.25,144.5,144.5,0.0,0.0,0.0,0.0,0.0,0.0,0.0,
495177,COMMUNITY MEMORIAL,SOUTH HILL,VA,Mecklenburg,117,2017Q2,20170401,91,0.0,0.0,0.0,8.75,8.75,0.0,0.0,0.0,0.0,0.0,0.0,0.0,200.75,180.75,20.0,231.5,231.5,0.0,0.0,0.0,0.0,0.0,0.0,,0.0
495177,COMMUNITY MEMORIAL,SOUTH HILL,VA,Mecklenburg,117,2017Q2,20170402,91,0.0,0.0,0.0,8.25,8.25,0.0,0.0,0.0,0.0,0.0,0.0,0.0,157.0,137.75,19.25,181.0,181.0,0.0,0.0,0.0,0.0,0.0,0.0,,0.0
495177,COMMUNITY MEMORIAL,SOUTH HILL,VA,Mecklenburg,117,2017Q2,20170403,92,8.0,8.0,0.0,44.75,44.75,0.0,16.75,8.0,8.75,8.0,8.0,0.0,158.0,158.0,0.0,203.5,203.5,0.0,0.0,0.0,0.0,0.0,0.0,,0.0
495177,COMMUNITY MEMORIAL,SOUTH HILL,VA,Mecklenburg,117,2017Q2,20170404,91,8.0,8.0,0.0,35.75,35.75,0.0,19.48,9.98,9.5,9.0,9.0,0.0,158.0,158.0,0.0,212.5,212.5,0.0,0.0,0.0,0.0,0.0,0.0,,0.0
495177,COMMUNITY MEMORIAL,SOUTH HILL,VA,Mecklenburg,117,2017Q2,20170405,92,8.0,8.0,0.0,25.75,25.75,0.0,17.5,8.75,8.75,8.0,8.0,0.0,175.75,175.75,0.0,208.5,208.5,0.0,0.0,0.0,0.0,0.0,0.0,,0.0
495177,COMMUNITY MEMORIAL,SOUTH HILL,VA,Mecklenburg,117,2017Q2,20170406,91,8.0,8.0,0.0,36.5,36.5,0.0,18.0,8.75,9.25,8.25,8.25,0.0,181.5,173.5,8.0,236.5,236.5,0.0,0.0,0.0,0.0,0.0,0.0,,0.0
495177,COMMUNITY MEMORIAL,SOUTH HILL,VA,Mecklenburg,117,2017Q2,20170407,91,8.0,8.0,0.0,25.75,25.75,0.0,17.42,8.42,9.0,7.5,7.5,0.0,143.5,134.75,8.75,201.52,201.52,0.0,0.0,0.0,0.0,0.0,0.0,,0.0
495177,COMMUNITY MEMORIAL,SOUTH HILL,VA,Mecklenburg,117,2017Q2,20170408,90,0.0,0.0,0.0,9.75,9.75,0.0,0.0,0.0,0.0,0.0,0.0,0.0,151.5,151.5,0.0,164.5,164.5,0.0,0.0,0.0,0.0,0.0,0.0,,0.0
495177,COMMUNITY MEMORIAL,SOUTH HILL,VA,Mecklenburg,117,2017Q2,20170409,88,0.0,0.0,0.0,15.75,15.75,0.0,0.0,0.0,0.0,0.0,0.0,0.0,156.5,156.5,0.0,163.0,163.0,0.0,0.0,0.0,0.0,0.0,0.0,,0.0
495177,COMMUNITY MEMORIAL,SOUTH HILL,VA,Mecklenburg,117,2017Q2,20170410,90,8.0,8.0,0.0,37.0,37.0,0.0,12.75,3.75,9.0,8.0,8.0,0.0,173.5,163.25,10.25,192.25,192.25,0.0,0.0,0.0,0.0,0.0,0.0,,0.0
495177,COMMUNITY MEMORIAL,SOUTH HILL,VA,Mecklenburg,117,2017Q2,20170411,89,8.0,8.0,0.0,27.0,27.0,0.0,16.25,8.75,7.5,8.25,8.25,0.0,160.75,150.5,10.25,220.75,220.75,0.0,0.0,0.0,0.0,0.0,0.0,,0.0
495177,COMMUNITY MEMORIAL,SOUTH HILL,VA,Mecklenburg,117,2017Q2,20170412,93,8.0,8.0,0.0,35.0,35.0,0.0,17.5,8.5,9.0,9.5,9.5,0.0,185.83,177.58,8.25,205.5,205.5,0.0,0.0,0.0,0.0,0.0,0.0,,0.0
495177,COMMUNITY MEMORIAL,SOUTH HILL,VA,Mecklenburg,117,2017Q2,20170413,92,8.0,8.0,0.0,26.75,26.75,0.0,8.5,8.5,0.0,9.0,9.0,0.0,164.25,164.25,0.0,200.5,200.5,0.0,0.0,0.0,0.0,0.0,0.0,,0.0
495177,COMMUNITY MEMORIAL,SOUTH HILL,VA,Mecklenburg,117,2017Q2,20170414,93,8.0,8.0,0.0,19.0,19.0,0.0,8.5,8.5,0.0,0.0,0.0,0.0,177.75,169.75,8.0,189.0,189.0,0.0,0.0,0.0,0.0,0.0,0.0,,0.0
495177,COMMUNITY MEMORIAL,SOUTH HILL,VA,Mecklenburg,117,2017Q2,20170415,93,0.0,0.0,0.0,12.25,12.25,0.0,0.0,0.0,0.0,0.0,0.0,0.0,151.25,142.75,8.5,192.75,192.75,0.0,0.0,0.0,0.0,0.0,0.0,,0.0
495177,COMMUNITY MEMORIAL,SOUTH HILL,VA,Mecklenburg,117,2017Q2,20170416,93,0.0,0.0,0.0,13.0,13.0,0.0,0.0,0.0,0.0,0.0,0.0,0.0,127.75,121.25,6.5,181.75,181.75,0.0,0.0,0.0,0.0,0.0,0.0,,0.0
495177,COMMUNITY MEMORIAL,SOUTH HILL,VA,Mecklenburg,117,2017Q2,20170417,93,8.0,8.0,0.0,26.27,26.27,0.0,8.5,8.5,0.0,8.75,8.75,0.0,173.82,173.82,0.0,204.25,204.25,0.0,0.0,0.0,0.0,0.0,0.0,,0.0
495177,COMMUNITY MEMORIAL,SOUTH HILL,VA,Mecklenburg,117,2017Q2,20170418,96,8.0,8.0,0.0,37.0,37.0,0.0,8.5,8.5,0.0,8.25,8.25,0.0,168.25,168.25,0.0,206.75,206.75,0.0,0.0,0.0,0.0,0.0,0.0,,0.0
495177,COMMUNITY MEMORIAL,SOUTH HILL,VA,Mecklenburg,117,2017Q2,20170419,98,8.0,8.0,0.0,27.0,27.0,0.0,17.5,8.5,9.0,8.5,8.5,0.0,174.55,165.8,8.75,212.75,212.75,0.0,0.0,0.0,0.0,0.0,0.0,,0.0
495177,COMMUNITY MEMORIAL,SOUTH HILL,VA,Mecklenburg,117,2017Q2,20170420,100,8.0,8.0,0.0,36.0,36.0,0.0,17.25,8.25,9.0,8.25,8.25,0.0,156.0,148.0,8.0,226.75,226.75,0.0,0.0,0.0,0.0,0.0,0.0,,0.0
495177,COMMUNITY MEMORIAL,SOUTH HILL,VA,Mecklenburg,117,2017Q2,20170421,101,8.0,8.0,0.0,30.0,30.0,0.0,17.25,8.25,9.0,8.0,8.0,0.0,144.25,135.25,9.0,176.5,176.5,0.0,0.0,0.0,0.0,0.0,0.0,,0.0
495177,COMMUNITY MEMORIAL,SOUTH HILL,VA,Mecklenburg,117,2017Q2,20170422,101,0.0,0.0,0.0,12.0,12.0,0.0,0.0,0.0,0.0,0.0,0.0,0.0,168.0,168.0,0.0,187.75,187.75,0.0,0.0,0.0,0.0,0.0,0.0,,0.0
495177,COMMUNITY MEMORIAL,SOUTH HILL,VA,Mecklenburg,117,2017Q2,20170423,101,0.0,0.0,0.0,12.5,12.5,0.0,0.0,0.0,0.0,0.0,0.0,0.0,149.5,149.5,0.0,165.75,165.75,0.0,0.0,0.0,0.0,0.0,0.0,,0.0
495177,COMMUNITY MEMORIAL,SOUTH HILL,VA,Mecklenburg,117,2017Q2,20170424,101,8.0,8.0,0.0,37.5,37.5,0.0,18.0,8.5,9.5,8.0,8.0,0.0,157.0,148.25,8.75,212.5,212.5,0.0,0.0,0.0,0.0,0.0,0.0,,0.0
495177,COMMUNITY MEMORIAL,SOUTH HILL,VA,Mecklenburg,117,2017Q2,20170425,101,8.0,8.0,0.0,27.75,27.75,0.0,17.5,8.5,9.0,8.0,8.0,0.0,161.0,151.25,9.75,206.25,206.25,0.0,0.0,0.0,0.0,0.0,0.0,,0.0
495177,COMMUNITY MEMORIAL,SOUTH HILL,VA,Mecklenburg,117,2017Q2,20170426,100,8.0,8.0,0.0,23.0,23.0,0.0,17.75,8.75,9.0,8.25,8.25,0.0,197.5,188.25,9.25,234.75,234.75,0.0,0.0,0.0,0.0,0.0,0.0,,0.0
495177,COMMUNITY MEMORIAL,SOUTH HILL,VA,Mecklenburg,117,2017Q2,20170427,99,8.0,8.0,0.0,18.25,18.25,0.0,17.5,8.5,9.0,8.0,8.0,0.0,188.0,188.0,0.0,176.5,176.5,0.0,0.0,0.0,0.0,0.0,0.0,,0.0
495177,COMMUNITY MEMORIAL,SOUTH HILL,VA,Mecklenburg,117,2017Q2,20170428,96,8.0,8.0,0.0,8.25,8.25,0.0,17.53,8.53,9.0,6.5,6.5,0.0,157.25,157.25,0.0,200.0,200.0,0.0,0.0,0.0,0.0,0.0,0.0,,0.0
495177,COMMUNITY MEMORIAL,SOUTH HILL,VA,Mecklenburg,117,2017Q2,20170429,96,0.0,0.0,0.0,4.0,4.0,0.0,0.0,0.0,0.0,0.0,0.0,0.0,139.5,130.5,9.0,180.0,180.0,0.0,0.0,0.0,0.0,0.0,0.0,,0.0
495177,COMMUNITY MEMORIAL,SOUTH HILL,VA,Mecklenburg,117,2017Q2,20170430,95,0.0,0.0,0.0,4.5,4.5,0.0,4.5,0.0,4.5,0.0,0.0,0.0,153.0,143.75,9.25,150.75,150.75,0.0,0.0,0.0,0.0,0.0,0.0,,0.0
495177,COMMUNITY MEMORIAL,SOUTH HILL,VA,Mecklenburg,117,2017Q2,20170501,95,8.0,8.0,0.0,45.5,45.5,0.0,17.75,8.75,9.0,0.0,0.0,0.0,165.75,165.75,0.0,228.25,228.25,0.0,0.0,0.0,0.0,0.0,0.0,,0.0
495177,COMMUNITY MEMORIAL,SOUTH HILL,VA,Mecklenburg,117,2017Q2,20170502,93,8.0,8.0,0.0,17.5,17.5,0.0,18.5,9.25,9.25,8.5,8.5,0.0,150.25,141.5,8.75,205.25,205.25,0.0,0.0,0.0,0.0,0.0,0.0,,0.0
495177,COMMUNITY MEMORIAL,SOUTH HILL,VA,Mecklenburg,117,2017Q2,20170503,90,8.0,8.0,0.0,26.5,26.5,0.0,17.5,8.5,9.0,8.0,8.0,0.0,183.0,174.75,8.25,224.75,224.75,0.0,0.0,0.0,0.0,0.0,0.0,,0.0
495177,COMMUNITY MEMORIAL,SOUTH HILL,VA,Mecklenburg,117,2017Q2,20170504,89,0.0,0.0,0.0,27.25,27.25,0.0,18.25,9.75,8.5,8.5,8.5,0.0,169.25,160.25,9.0,222.75,222.75,0.0,0.0,0.0,0.0,0.0,0.0,,0.0
495177,COMMUNITY MEMORIAL,SOUTH HILL,VA,Mecklenburg,117,2017Q2,20170505,90,8.0,8.0,0.0,25.75,25.75,0.0,15.25,7.25,8.0,8.0,8.0,0.0,129.5,121.5,8.0,168.25,168.25,0.0,0.0,0.0,0.0,0.0,0.0,,0.0
495177,COMMUNITY MEMORIAL,SOUTH HILL,VA,Mecklenburg,117,2017Q2,20170506,87,0.0,0.0,0.0,5.0,5.0,0.0,0.0,0.0,0.0,0.0,0.0,0.0,144.75,144.75,0.0,154.0,154.0,0.0,0.0,0.0,0.0,0.0,0.0,,0.0
495177,COMMUNITY MEMORIAL,SOUTH HILL,VA,Mecklenburg,117,2017Q2,20170507,87,0.0,0.0,0.0,8.25,8.25,0.0,0.5,0.5,0.0,0.0,0.0,0.0,144.0,144.0,0.0,154.25,154.25,0.0,0.0,0.0,0.0,0.0,0.0,,0.0
495177,COMMUNITY MEMORIAL,SOUTH HILL,VA,Mecklenburg,117,2017Q2,20170508,87,8.0,8.0,0.0,26.5,26.5,0.0,18.5,18.5,0.0,8.25,8.25,0.0,170.25,162.0,8.25,166.25,166.25,0.0,0.0,0.0,0.0,0.0,0.0,,0.0
495177,COMMUNITY MEMORIAL,SOUTH HILL,VA,Mecklenburg,117,2017Q2,20170509,88,8.0,8.0,0.0,36.5,36.5,0.0,9.0,9.0,0.0,8.25,8.25,0.0,158.0,148.5,9.5,192.5,192.5,0.0,0.0,0.0,0.0,0.0,0.0,,0.0
495177,COMMUNITY MEMORIAL,SOUTH HILL,VA,Mecklenburg,117,2017Q2,20170510,89,8.0,8.0,0.0,27.25,27.25,0.0,9.0,9.0,0.0,8.0,8.0,0.0,155.27,146.77,8.5,215.0,215.0,0.0,0.0,0.0,0.0,0.0,0.0,,0.0
495177,COMMUNITY MEMORIAL,SOUTH HILL,VA,Mecklenburg,117,2017Q2,20170511,89,8.0,8.0,0.0,32.0,32.0,0.0,6.0,6.0,0.0,8.0,8.0,0.0,182.0,173.25,8.75,191.5,191.5,0.0,0.0,0.0,0.0,0.0,0.0,,0.0
495177,COMMUNITY MEMORIAL,SOUTH HILL,VA,Mecklenburg,117,2017Q2,20170512,91,8.0,8.0,0.0,27.5,27.5,0.0,0.0,0.0,0.0,8.0,8.0,0.0,137.5,137.5,0.0,180.25,180.25,0.0,0.0,0.0,0.0,0.0,0.0,,0.0
495177,COMMUNITY MEMORIAL,SOUTH HILL,VA,Mecklenburg,117,2017Q2,20170513,92,0.0,0.0,0.0,13.0,13.0,0.0,0.0,0.0,0.0,0.0,0.0,0.0,128.75,120.75,8.0,163.75,163.75,0.0,0.0,0.0,0.0,0.0,0.0,,0.0
495177,COMMUNITY MEMORIAL,SOUTH HILL,VA,Mecklenburg,117,2017Q2,20170514,91,0.0,0.0,0.0,13.0,13.0,0.0,0.0,0.0,0.0,0.0,0.0,0.0,128.5,120.25,8.25,164.5,164.5,0.0,0.0,0.0,0.0,0.0,0.0,,0.0
495177,COMMUNITY MEMORIAL,SOUTH HILL,VA,Mecklenburg,117,2017Q2,20170515,90,8.0,8.0,0.0,24.0,24.0,0.0,18.75,18.75,0.0,8.5,8.5,0.0,182.5,182.5,0.0,177.25,177.25,0.0,0.0,0.0,0.0,0.0,0.0,,0.0
495177,COMMUNITY MEMORIAL,SOUTH HILL,VA,Mecklenburg,117,2017Q2,20170516,92,8.0,8.0,0.0,37.75,37.75,0.0,9.0,9.0,0.0,8.5,8.5,0.0,190.5,181.25,9.25,196.25,196.25,0.0,0.0,0.0,0.0,0.0,0.0,,0.0
495177,COMMUNITY MEMORIAL,SOUTH HILL,VA,Mecklenburg,117,2017Q2,20170517,92,8.0,8.0,0.0,26.75,26.75,0.0,8.5,8.5,0.0,9.25,9.25,0.0,151.38,151.38,0.0,203.25,203.25,0.0,0.0,0.0,0.0,0.0,0.0,,0.0
495177,COMMUNITY MEMORIAL,SOUTH HILL,VA,Mecklenburg,117,2017Q2,20170518,91,8.0,8.0,0.0,29.0,29.0,0.0,8.5,8.5,0.0,8.0,8.0,0.0,155.0,155.0,0.0,188.25,188.25,0.0,0.0,0.0,0.0,0.0,0.0,,0.0
495177,COMMUNITY MEMORIAL,SOUTH HILL,VA,Mecklenburg,117,2017Q2,20170519,92,8.0,8.0,0.0,26.0,26.0,0.0,8.5,8.5,0.0,8.0,8.0,0.0,127.25,127.25,0.0,195.0,195.0,0.0,0.0,0.0,0.0,0.0,0.0,,0.0
495177,COMMUNITY MEMORIAL,SOUTH HILL,VA,Mecklenburg,117,2017Q2,20170520,92,0.0,0.0,0.0,12.25,12.25,0.0,0.0,0.0,0.0,0.0,0.0,0.0,134.25,134.25,0.0,162.75,162.75,0.0,0.0,0.0,0.0,0.0,0.0,,0.0
495177,COMMUNITY MEMORIAL,SOUTH HILL,VA,Mecklenburg,117,2017Q2,20170521,90,0.0,0.0,0.0,12.5,12.5,0.0,0.0,0.0,0.0,0.0,0.0,0.0,155.25,155.25,0.0,159.25,159.25,0.0,0.0,0.0,0.0,0.0,0.0,,0.0
495177,COMMUNITY MEMORIAL,SOUTH HILL,VA,Mecklenburg,117,2017Q2,20170522,92,8.0,8.0,0.0,36.75,36.75,0.0,14.25,14.25,0.0,8.25,8.25,0.0,161.0,161.0,0.0,185.25,185.25,0.0,0.0,0.0,0.0,0.0,0.0,,0.0
495177,COMMUNITY MEMORIAL,SOUTH HILL,VA,Mecklenburg,117,2017Q2,20170523,91,8.0,8.0,0.0,27.5,27.5,0.0,8.0,8.0,0.0,8.25,8.25,0.0,144.75,144.75,0.0,184.0,184.0,0.0,0.0,0.0,0.0,0.0,0.0,,0.0
495177,COMMUNITY MEMORIAL,SOUTH HILL,VA,Mecklenburg,117,2017Q2,20170524,88,8.0,8.0,0.0,26.25,26.25,0.0,8.5,8.5,0.0,8.0,8.0,0.0,152.25,152.25,0.0,215.75,215.75,0.0,0.0,0.0,0.0,0.0,0.0,,0.0
495177,COMMUNITY MEMORIAL,SOUTH HILL,VA,Mecklenburg,117,2017Q2,20170525,89,8.0,8.0,0.0,32.75,32.75,0.0,8.25,8.25,0.0,8.5,8.5,0.0,174.5,174.5,0.0,161.75,161.75,0.0,0.0,0.0,0.0,0.0,0.0,,0.0
495177,COMMUNITY MEMORIAL,SOUTH HILL,VA,Mecklenburg,117,2017Q2,20170526,90,8.0,8.0,0.0,22.0,22.0,0.0,4.25,4.25,0.0,8.25,8.25,0.0,168.25,168.25,0.0,190.75,190.75,0.0,0.0,0.0,0.0,0.0,0.0,,0.0
495177,COMMUNITY MEMORIAL,SOUTH HILL,VA,Mecklenburg,117,2017Q2,20170527,91,0.0,0.0,0.0,12.25,12.25,0.0,0.0,0.0,0.0,0.0,0.0,0.0,133.75,133.75,0.0,155.5,155.5,0.0,0.0,0.0,0.0,0.0,0.0,,0.0
495177,COMMUNITY MEMORIAL,SOUTH HILL,VA,Mecklenburg,117,2017Q2,20170528,91,0.0,0.0,0.0,8.0,8.0,0.0,0.0,0.0,0.0,0.0,0.0,0.0,126.25,126.25,0.0,177.75,177.75,0.0,0.0,0.0,0.0,0.0,0.0,,0.0
495177,COMMUNITY MEMORIAL,SOUTH HILL,VA,Mecklenburg,117,2017Q2,20170529,90,0.0,0.0,0.0,23.75,23.75,0.0,9.0,9.0,0.0,0.0,0.0,0.0,137.0,137.0,0.0,173.5,173.5,0.0,0.0,0.0,0.0,0.0,0.0,,0.0
495177,COMMUNITY MEMORIAL,SOUTH HILL,VA,Mecklenburg,117,2017Q2,20170530,91,8.0,8.0,0.0,36.75,36.75,0.0,18.75,18.75,0.0,8.5,8.5,0.0,153.75,153.75,0.0,202.25,202.25,0.0,0.0,0.0,0.0,0.0,0.0,,0.0
495177,COMMUNITY MEMORIAL,SOUTH HILL,VA,Mecklenburg,117,2017Q2,20170531,93,8.0,8.0,0.0,24.5,24.5,0.0,9.25,9.25,0.0,8.75,8.75,0.0,129.5,129.5,0.0,158.5,158.5,0.0,0.0,0.0,0.0,0.0,0.0,,0.0
495177,COMMUNITY MEMORIAL,SOUTH HILL,VA,Mecklenburg,117,2017Q2,20170601,92,8.0,8.0,0.0,21.25,21.25,0.0,9.5,9.5,0.0,8.75,8.75,0.0,183.5,183.5,0.0,229.0,229.0,0.0,0.0,0.0,0.0,0.0,0.0,,0.0
495177,COMMUNITY MEMORIAL,SOUTH HILL,VA,Mecklenburg,117,2017Q2,20170602,93,8.0,8.0,0.0,21.0,21.0,0.0,9.5,9.5,0.0,8.25,8.25,0.0,124.25,124.25,0.0,181.25,181.25,0.0,0.0,0.0,0.0,0.0,0.0,,0.0
495177,COMMUNITY MEMORIAL,SOUTH HILL,VA,Mecklenburg,117,2017Q2,20170603,93,0.0,0.0,0.0,12.25,12.25,0.0,0.0,0.0,0.0,0.0,0.0,0.0,143.25,143.25,0.0,162.0,162.0,0.0,0.0,0.0,0.0,0.0,0.0,,0.0
495177,COMMUNITY MEMORIAL,SOUTH HILL,VA,Mecklenburg,117,2017Q2,20170604,92,0.0,0.0,0.0,12.25,12.25,0.0,0.0,0.0,0.0,0.0,0.0,0.0,156.78,156.78,0.0,157.25,157.25,0.0,0.0,0.0,0.0,0.0,0.0,,0.0
495177,COMMUNITY MEMORIAL,SOUTH HILL,VA,Mecklenburg,117,2017Q2,20170605,91,8.0,8.0,0.0,36.5,36.5,0.0,18.5,18.5,0.0,8.0,8.0,0.0,150.75,150.75,0.0,177.75,177.75,0.0,0.0,0.0,0.0,0.0,0.0,,0.0
495177,COMMUNITY MEMORIAL,SOUTH HILL,VA,Mecklenburg,117,2017Q2,20170606,91,8.0,8.0,0.0,26.5,26.5,0.0,0.0,0.0,0.0,8.25,8.25,0.0,138.75,138.75,0.0,176.75,176.75,0.0,0.0,0.0,0.0,0.0,0.0,,0.0
495177,COMMUNITY MEMORIAL,SOUTH HILL,VA,Mecklenburg,117,2017Q2,20170607,92,8.0,8.0,0.0,20.0,20.0,0.0,8.5,8.5,0.0,8.75,8.75,0.0,176.25,176.25,0.0,208.5,208.5,0.0,0.0,0.0,0.0,0.0,0.0,,0.0
495177,COMMUNITY MEMORIAL,SOUTH HILL,VA,Mecklenburg,117,2017Q2,20170608,92,8.0,8.0,0.0,35.0,35.0,0.0,8.75,8.75,0.0,8.25,8.25,0.0,139.5,139.5,0.0,177.25,177.25,0.0,0.0,0.0,0.0,0.0,0.0,,0.0
495177,COMMUNITY MEMORIAL,SOUTH HILL,VA,Mecklenburg,117,2017Q2,20170609,92,8.0,8.0,0.0,23.0,23.0,0.0,8.75,8.75,0.0,8.0,8.0,0.0,152.25,152.25,0.0,192.5,192.5,0.0,0.0,0.0,0.0,0.0,0.0,,0.0
495177,COMMUNITY MEMORIAL,SOUTH HILL,VA,Mecklenburg,117,2017Q2,20170610,91,0.0,0.0,0.0,8.75,8.75,0.0,0.0,0.0,0.0,0.0,0.0,0.0,131.25,131.25,0.0,169.25,169.25,0.0,0.0,0.0,0.0,0.0,0.0,,0.0
495177,COMMUNITY MEMORIAL,SOUTH HILL,VA,Mecklenburg,117,2017Q2,20170611,91,0.0,0.0,0.0,7.5,7.5,0.0,0.0,0.0,0.0,0.0,0.0,0.0,130.25,130.25,0.0,169.25,169.25,0.0,0.0,0.0,0.0,0.0,0.0,,0.0
495177,COMMUNITY MEMORIAL,SOUTH HILL,VA,Mecklenburg,117,2017Q2,20170612,92,0.0,0.0,0.0,37.0,37.0,0.0,20.75,20.75,0.0,8.5,8.5,0.0,162.75,162.75,0.0,177.82,177.82,0.0,0.0,0.0,0.0,0.0,0.0,,0.0
495177,COMMUNITY MEMORIAL,SOUTH HILL,VA,Mecklenburg,117,2017Q2,20170613,91,8.0,8.0,0.0,17.5,17.5,0.0,9.25,9.25,0.0,8.5,8.5,0.0,153.75,153.75,0.0,206.75,206.75,0.0,0.0,0.0,0.0,0.0,0.0,,0.0
495177,COMMUNITY MEMORIAL,SOUTH HILL,VA,Mecklenburg,117,2017Q2,20170614,89,8.0,8.0,0.0,26.5,26.5,0.0,8.55,8.55,0.0,8.25,8.25,0.0,160.75,160.75,0.0,200.5,200.5,0.0,0.0,0.0,0.0,0.0,0.0,,0.0
495177,COMMUNITY MEMORIAL,SOUTH HILL,VA,Mecklenburg,117,2017Q2,20170615,90,8.0,8.0,0.0,27.12,27.12,0.0,8.75,8.75,0.0,8.75,8.75,0.0,142.5,142.5,0.0,185.25,185.25,0.0,0.0,0.0,0.0,0.0,0.0,,0.0
495177,COMMUNITY MEMORIAL,SOUTH HILL,VA,Mecklenburg,117,2017Q2,20170616,92,8.0,8.0,0.0,25.5,25.5,0.0,8.5,8.5,0.0,0.0,0.0,0.0,143.75,143.75,0.0,181.75,181.75,0.0,0.0,0.0,0.0,0.0,0.0,,0.0
495177,COMMUNITY MEMORIAL,SOUTH HILL,VA,Mecklenburg,117,2017Q2,20170617,92,0.0,0.0,0.0,8.0,8.0,0.0,0.0,0.0,0.0,0.0,0.0,0.0,141.5,141.5,0.0,169.75,169.75,0.0,0.0,0.0,0.0,0.0,0.0,,0.0
495177,COMMUNITY MEMORIAL,SOUTH HILL,VA,Mecklenburg,117,2017Q2,20170618,91,0.0,0.0,0.0,8.5,8.5,0.0,0.0,0.0,0.0,0.0,0.0,0.0,136.75,136.75,0.0,136.25,136.25,0.0,0.0,0.0,0.0,0.0,0.0,,0.0
495177,COMMUNITY MEMORIAL,SOUTH HILL,VA,Mecklenburg,117,2017Q2,20170619,92,0.0,0.0,0.0,18.5,18.5,0.0,8.25,8.25,0.0,8.0,8.0,0.0,155.75,155.75,0.0,156.5,156.5,0.0,0.0,0.0,0.0,0.0,0.0,,0.0
495177,COMMUNITY MEMORIAL,SOUTH HILL,VA,Mecklenburg,117,2017Q2,20170620,92,8.0,8.0,0.0,18.0,18.0,0.0,8.5,8.5,0.0,8.5,8.5,0.0,161.25,161.25,0.0,171.75,171.75,0.0,0.0,0.0,0.0,0.0,0.0,,0.0
495177,COMMUNITY MEMORIAL,SOUTH HILL,VA,Mecklenburg,117,2017Q2,20170621,93,8.0,8.0,0.0,18.25,18.25,0.0,8.75,8.75,0.0,0.0,0.0,0.0,150.25,150.25,0.0,216.0,216.0,0.0,0.0,0.0,0.0,0.0,0.0,,0.0
495177,COMMUNITY MEMORIAL,SOUTH HILL,VA,Mecklenburg,117,2017Q2,20170622,95,8.0,8.0,0.0,9.25,9.25,0.0,8.5,8.5,0.0,8.25,8.25,0.0,158.5,158.5,0.0,151.25,151.25,0.0,0.0,0.0,0.0,0.0,0.0,,0.0
495177,COMMUNITY MEMORIAL,SOUTH HILL,VA,Mecklenburg,117,2017Q2,20170623,95,8.0,8.0,0.0,19.25,19.25,0.0,8.25,8.25,0.0,8.0,8.0,0.0,147.75,147.75,0.0,166.5,166.5,0.0,0.0,0.0,0.0,0.0,0.0,,0.0
495177,COMMUNITY MEMORIAL,SOUTH HILL,VA,Mecklenburg,117,2017Q2,20170624,95,0.0,0.0,0.0,8.5,8.5,0.0,0.0,0.0,0.0,0.0,0.0,0.0,142.25,142.25,0.0,184.0,184.0,0.0,0.0,0.0,0.0,0.0,0.0,,0.0
495177,COMMUNITY MEMORIAL,SOUTH HILL,VA,Mecklenburg,117,2017Q2,20170625,94,0.0,0.0,0.0,8.75,8.75,0.0,0.0,0.0,0.0,0.0,0.0,0.0,117.0,117.0,0.0,186.75,186.75,0.0,0.0,0.0,0.0,0.0,0.0,,0.0
495177,COMMUNITY MEMORIAL,SOUTH HILL,VA,Mecklenburg,117,2017Q2,20170626,96,8.0,8.0,0.0,27.5,27.5,0.0,8.25,8.25,0.0,8.0,8.0,0.0,141.55,136.05,5.5,187.25,187.25,0.0,0.0,0.0,0.0,0.0,0.0,,0.0
495177,COMMUNITY MEMORIAL,SOUTH HILL,VA,Mecklenburg,117,2017Q2,20170627,97,8.0,8.0,0.0,9.5,9.5,0.0,8.75,8.75,0.0,8.0,8.0,0.0,130.75,123.25,7.5,186.25,186.25,0.0,0.0,0.0,0.0,0.0,0.0,,0.0
495177,COMMUNITY MEMORIAL,SOUTH HILL,VA,Mecklenburg,117,2017Q2,20170628,98,8.0,8.0,0.0,23.25,23.25,0.0,8.5,8.5,0.0,8.0,8.0,0.0,156.25,156.25,0.0,221.75,221.75,0.0,0.0,0.0,0.0,0.0,0.0,,0.0
495177,COMMUNITY MEMORIAL,SOUTH HILL,VA,Mecklenburg,117,2017Q2,20170629,97,8.0,8.0,0.0,24.0,24.0,0.0,8.23,8.23,0.0,8.5,8.5,0.0,145.0,137.25,7.75,230.25,230.25,0.0,0.0,0.0,0.0,0.0,0.0,,0.0
495177,COMMUNITY MEMORIAL,SOUTH HILL,VA,Mecklenburg,117,2017Q2,20170630,95,8.0,8.0,0.0,27.5,27.5,0.0,9.0,9.0,0.0,0.0,0.0,0.0,140.0,124.75,15.25,133.0,133.0,0.0,0.0,0.0,0.0,0.0,0.0,,0.0
495177,COMMUNITY MEMORIAL HOSPITAL HUNDLEY CENTER,SOUTH HILL,VA,Mecklenburg,117,2017Q3,20170701,96,0.0,0.0,0.0,9.0,9.0,0.0,0.0,0.0,0.0,0.0,0.0,0.0,146.75,138.75,8.0,202.5,202.5,0.0,0.0,0.0,0.0,0.0,0.0,0.0,
495177,COMMUNITY MEMORIAL HOSPITAL HUNDLEY CENTER,SOUTH HILL,VA,Mecklenburg,117,2017Q3,20170702,96,0.0,0.0,0.0,8.5,8.5,0.0,3.0,3.0,0.0,0.0,0.0,0.0,143.75,135.75,8.0,161.25,161.25,0.0,0.0,0.0,0.0,0.0,0.0,0.0,
495177,COMMUNITY MEMORIAL HOSPITAL HUNDLEY CENTER,SOUTH HILL,VA,Mecklenburg,117,2017Q3,20170703,97,8.0,8.0,0.0,17.5,17.5,0.0,8.75,8.75,0.0,0.0,0.0,0.0,169.5,169.5,0.0,200.25,200.25,0.0,0.0,0.0,0.0,0.0,0.0,0.0,
495177,COMMUNITY MEMORIAL HOSPITAL HUNDLEY CENTER,SOUTH HILL,VA,Mecklenburg,117,2017Q3,20170704,97,0.0,0.0,0.0,17.0,17.0,0.0,5.5,5.5,0.0,8.0,8.0,0.0,163.75,149.0,14.75,190.0,190.0,0.0,0.0,0.0,0.0,0.0,0.0,0.0,
495177,COMMUNITY MEMORIAL HOSPITAL HUNDLEY CENTER,SOUTH HILL,VA,Mecklenburg,117,2017Q3,20170705,97,8.0,8.0,0.0,9.5,9.5,0.0,8.5,8.5,0.0,8.25,8.25,0.0,175.32,164.32,11.0,235.75,235.75,0.0,0.0,0.0,0.0,0.0,0.0,0.0,
495177,COMMUNITY MEMORIAL HOSPITAL HUNDLEY CENTER,SOUTH HILL,VA,Mecklenburg,117,2017Q3,20170706,96,8.0,8.0,0.0,18.25,18.25,0.0,8.25,8.25,0.0,8.0,8.0,0.0,141.5,132.5,9.0,215.75,215.75,0.0,0.0,0.0,0.0,0.0,0.0,0.0,
495177,COMMUNITY MEMORIAL HOSPITAL HUNDLEY CENTER,SOUTH HILL,VA,Mecklenburg,117,2017Q3,20170707,95,8.0,8.0,0.0,26.5,26.5,0.0,8.25,8.25,0.0,8.0,8.0,0.0,140.25,140.25,0.0,178.5,178.5,0.0,0.0,0.0,0.0,0.0,0.0,0.0,
495177,COMMUNITY MEMORIAL HOSPITAL HUNDLEY CENTER,SOUTH HILL,VA,Mecklenburg,117,2017Q3,20170708,95,0.0,0.0,0.0,8.25,8.25,0.0,0.0,0.0,0.0,0.0,0.0,0.0,134.0,134.0,0.0,182.25,182.25,0.0,0.0,0.0,0.0,0.0,0.0,0.0,
495177,COMMUNITY MEMORIAL HOSPITAL HUNDLEY CENTER,SOUTH HILL,VA,Mecklenburg,117,2017Q3,20170709,94,0.0,0.0,0.0,8.0,8.0,0.0,0.0,0.0,0.0,0.0,0.0,0.0,139.0,139.0,0.0,169.0,169.0,0.0,0.0,0.0,0.0,0.0,0.0,0.0,
495177,COMMUNITY MEMORIAL HOSPITAL HUNDLEY CENTER,SOUTH HILL,VA,Mecklenburg,117,2017Q3,20170710,96,8.0,8.0,0.0,18.25,18.25,0.0,8.75,8.75,0.0,8.25,8.25,0.0,191.5,179.0,12.5,189.5,189.5,0.0,0.0,0.0,0.0,0.0,0.0,0.0,
495177,COMMUNITY MEMORIAL HOSPITAL HUNDLEY CENTER,SOUTH HILL,VA,Mecklenburg,117,2017Q3,20170711,95,8.0,8.0,0.0,18.5,18.5,0.0,8.75,8.75,0.0,8.5,8.5,0.0,165.25,157.0,8.25,208.75,208.75,0.0,0.0,0.0,0.0,0.0,0.0,0.0,
495177,COMMUNITY MEMORIAL HOSPITAL HUNDLEY CENTER,SOUTH HILL,VA,Mecklenburg,117,2017Q3,20170712,95,8.0,8.0,0.0,26.25,26.25,0.0,8.25,8.25,0.0,8.75,8.75,0.0,164.75,153.0,11.75,213.75,213.75,0.0,0.0,0.0,0.0,0.0,0.0,0.0,
495177,COMMUNITY MEMORIAL HOSPITAL HUNDLEY CENTER,SOUTH HILL,VA,Mecklenburg,117,2017Q3,20170713,96,8.0,8.0,0.0,17.25,17.25,0.0,0.0,0.0,0.0,0.0,0.0,0.0,138.23,138.23,0.0,185.5,185.5,0.0,0.0,0.0,0.0,0.0,0.0,0.0,
495177,COMMUNITY MEMORIAL HOSPITAL HUNDLEY CENTER,SOUTH HILL,VA,Mecklenburg,117,2017Q3,20170714,92,2.75,2.75,0.0,16.0,16.0,0.0,8.75,8.75,0.0,0.0,0.0,0.0,138.0,130.0,8.0,179.0,179.0,0.0,0.0,0.0,0.0,0.0,0.0,0.0,
495177,COMMUNITY MEMORIAL HOSPITAL HUNDLEY CENTER,SOUTH HILL,VA,Mecklenburg,117,2017Q3,20170715,92,0.0,0.0,0.0,7.75,7.75,0.0,0.0,0.0,0.0,0.0,0.0,0.0,115.0,107.0,8.0,160.0,160.0,0.0,0.0,0.0,0.0,0.0,0.0,0.0,
495177,COMMUNITY MEMORIAL HOSPITAL HUNDLEY CENTER,SOUTH HILL,VA,Mecklenburg,117,2017Q3,20170716,91,0.0,0.0,0.0,16.0,16.0,0.0,0.0,0.0,0.0,0.0,0.0,0.0,129.0,120.25,8.75,148.0,148.0,0.0,0.0,0.0,0.0,0.0,0.0,0.0,
495177,COMMUNITY MEMORIAL HOSPITAL HUNDLEY CENTER,SOUTH HILL,VA,Mecklenburg,117,2017Q3,20170717,93,8.0,8.0,0.0,20.25,20.25,0.0,8.5,8.5,0.0,8.0,8.0,0.0,143.25,136.0,7.25,189.0,189.0,0.0,0.0,0.0,0.0,0.0,0.0,0.0,
495177,COMMUNITY MEMORIAL HOSPITAL HUNDLEY CENTER,SOUTH HILL,VA,Mecklenburg,117,2017Q3,20170718,95,8.0,8.0,0.0,29.25,29.25,0.0,8.33,8.33,0.0,8.0,8.0,0.0,163.5,146.5,17.0,176.5,176.5,0.0,0.0,0.0,0.0,0.0,0.0,0.0,
495177,COMMUNITY MEMORIAL HOSPITAL HUNDLEY CENTER,SOUTH HILL,VA,Mecklenburg,117,2017Q3,20170719,94,8.0,8.0,0.0,29.75,29.75,0.0,8.25,8.25,0.0,8.0,8.0,0.0,163.5,155.25,8.25,195.23,195.23,0.0,0.0,0.0,0.0,0.0,0.0,0.0,
495177,COMMUNITY MEMORIAL HOSPITAL HUNDLEY CENTER,SOUTH HILL,VA,Mecklenburg,117,2017Q3,20170720,95,8.0,8.0,0.0,17.5,17.5,0.0,8.5,8.5,0.0,0.0,0.0,0.0,181.25,165.25,16.0,192.5,192.5,0.0,0.0,0.0,0.0,0.0,0.0,0.0,
495177,COMMUNITY MEMORIAL HOSPITAL HUNDLEY CENTER,SOUTH HILL,VA,Mecklenburg,117,2017Q3,20170721,95,8.0,8.0,0.0,27.25,27.25,0.0,8.0,8.0,0.0,0.0,0.0,0.0,145.0,140.0,5.0,158.5,158.5,0.0,0.0,0.0,0.0,0.0,0.0,0.0,
495177,COMMUNITY MEMORIAL HOSPITAL HUNDLEY CENTER,SOUTH HILL,VA,Mecklenburg,117,2017Q3,20170722,94,0.0,0.0,0.0,8.25,8.25,0.0,0.0,0.0,0.0,0.0,0.0,0.0,137.75,137.75,0.0,172.25,172.25,0.0,0.0,0.0,0.0,0.0,0.0,0.0,
495177,COMMUNITY MEMORIAL HOSPITAL HUNDLEY CENTER,SOUTH HILL,VA,Mecklenburg,117,2017Q3,20170723,94,0.0,0.0,0.0,7.5,7.5,0.0,0.0,0.0,0.0,0.0,0.0,0.0,131.5,131.5,0.0,176.0,176.0,0.0,0.0,0.0,0.0,0.0,0.0,0.0,
495177,COMMUNITY MEMORIAL HOSPITAL HUNDLEY CENTER,SOUTH HILL,VA,Mecklenburg,117,2017Q3,20170724,95,8.0,8.0,0.0,27.0,27.0,0.0,8.5,8.5,0.0,0.0,0.0,0.0,156.5,143.75,12.75,186.0,178.5,7.5,0.0,0.0,0.0,0.0,0.0,0.0,
495177,COMMUNITY MEMORIAL HOSPITAL HUNDLEY CENTER,SOUTH HILL,VA,Mecklenburg,117,2017Q3,20170725,94,8.0,8.0,0.0,27.75,27.75,0.0,8.75,8.75,0.0,8.0,8.0,0.0,130.75,122.75,8.0,203.5,195.5,8.0,0.0,0.0,0.0,0.0,0.0,0.0,
495177,COMMUNITY MEMORIAL HOSPITAL HUNDLEY CENTER,SOUTH HILL,VA,Mecklenburg,117,2017Q3,20170726,92,8.0,8.0,0.0,20.0,20.0,0.0,8.75,8.75,0.0,8.0,8.0,0.0,157.75,157.75,0.0,247.0,239.0,8.0,0.0,0.0,0.0,0.0,0.0,0.0,
495177,COMMUNITY MEMORIAL HOSPITAL HUNDLEY CENTER,SOUTH HILL,VA,Mecklenburg,117,2017Q3,20170727,93,8.0,8.0,0.0,26.0,26.0,0.0,9.0,9.0,0.0,8.0,8.0,0.0,139.25,131.25,8.0,221.0,213.0,8.0,0.0,0.0,0.0,0.0,0.0,0.0,
495177,COMMUNITY MEMORIAL HOSPITAL HUNDLEY CENTER,SOUTH HILL,VA,Mecklenburg,117,2017Q3,20170728,93,8.0,8.0,0.0,17.75,17.75,0.0,8.5,8.5,0.0,8.0,8.0,0.0,162.75,154.5,8.25,185.75,177.75,8.0,0.0,0.0,0.0,0.0,0.0,0.0,
495177,COMMUNITY MEMORIAL HOSPITAL HUNDLEY CENTER,SOUTH HILL,VA,Mecklenburg,117,2017Q3,20170729,94,0.0,0.0,0.0,8.0,8.0,0.0,0.0,0.0,0.0,0.0,0.0,0.0,148.75,140.75,8.0,177.75,177.75,0.0,0.0,0.0,0.0,0.0,0.0,0.0,
495177,COMMUNITY MEMORIAL HOSPITAL HUNDLEY CENTER,SOUTH HILL,VA,Mecklenburg,117,2017Q3,20170730,94,0.0,0.0,0.0,8.5,8.5,0.0,0.0,0.0,0.0,0.0,0.0,0.0,136.25,127.75,8.5,167.75,167.75,0.0,0.0,0.0,0.0,0.0,0.0,0.0,
495177,COMMUNITY MEMORIAL HOSPITAL HUNDLEY CENTER,SOUTH HILL,VA,Mecklenburg,117,2017Q3,20170731,94,8.0,8.0,0.0,27.0,27.0,0.0,8.75,8.75,0.0,8.25,8.25,0.0,133.25,133.25,0.0,168.5,160.5,8.0,0.0,0.0,0.0,0.0,0.0,0.0,
495177,COMMUNITY MEMORIAL HOSPITAL HUNDLEY CENTER,SOUTH HILL,VA,Mecklenburg,117,2017Q3,20170801,93,8.0,8.0,0.0,34.5,34.5,0.0,8.25,8.25,0.0,8.5,8.5,0.0,186.25,177.25,9.0,257.5,249.5,8.0,0.0,0.0,0.0,0.0,0.0,0.0,
495177,COMMUNITY MEMORIAL HOSPITAL HUNDLEY CENTER,SOUTH HILL,VA,Mecklenburg,117,2017Q3,20170802,90,8.0,8.0,0.0,35.0,35.0,0.0,9.5,9.5,0.0,8.0,8.0,0.0,159.75,151.25,8.5,225.75,217.75,8.0,0.0,0.0,0.0,0.0,0.0,0.0,
495177,COMMUNITY MEMORIAL HOSPITAL HUNDLEY CENTER,SOUTH HILL,VA,Mecklenburg,117,2017Q3,20170803,88,8.0,8.0,0.0,33.75,33.75,0.0,8.5,8.5,0.0,8.0,8.0,0.0,175.77,162.77,13.0,186.75,178.75,8.0,0.0,0.0,0.0,0.0,0.0,0.0,
495177,COMMUNITY MEMORIAL HOSPITAL HUNDLEY CENTER,SOUTH HILL,VA,Mecklenburg,117,2017Q3,20170804,85,8.0,8.0,0.0,28.5,28.5,0.0,8.5,8.5,0.0,8.0,8.0,0.0,158.25,158.25,0.0,145.75,145.75,0.0,0.0,0.0,0.0,0.0,0.0,0.0,
495177,COMMUNITY MEMORIAL HOSPITAL HUNDLEY CENTER,SOUTH HILL,VA,Mecklenburg,117,2017Q3,20170805,84,0.0,0.0,0.0,7.75,7.75,0.0,0.0,0.0,0.0,0.0,0.0,0.0,151.0,151.0,0.0,192.5,184.5,8.0,0.0,0.0,0.0,0.0,0.0,0.0,
495177,COMMUNITY MEMORIAL HOSPITAL HUNDLEY CENTER,SOUTH HILL,VA,Mecklenburg,117,2017Q3,20170806,84,0.0,0.0,0.0,7.25,7.25,0.0,0.0,0.0,0.0,0.0,0.0,0.0,132.25,132.25,0.0,187.75,179.75,8.0,0.0,0.0,0.0,0.0,0.0,0.0,
495177,COMMUNITY MEMORIAL HOSPITAL HUNDLEY CENTER,SOUTH HILL,VA,Mecklenburg,117,2017Q3,20170807,84,8.0,8.0,0.0,34.25,34.25,0.0,8.5,8.5,0.0,8.0,8.0,0.0,152.5,140.5,12.0,164.25,164.25,0.0,0.0,0.0,0.0,0.0,0.0,0.0,
495177,COMMUNITY MEMORIAL HOSPITAL HUNDLEY CENTER,SOUTH HILL,VA,Mecklenburg,117,2017Q3,20170808,81,8.0,8.0,0.0,34.25,34.25,0.0,8.75,8.75,0.0,8.0,8.0,0.0,171.0,163.0,8.0,197.5,189.5,8.0,0.0,0.0,0.0,0.0,0.0,0.0,
495177,COMMUNITY MEMORIAL HOSPITAL HUNDLEY CENTER,SOUTH HILL,VA,Mecklenburg,117,2017Q3,20170809,83,0.0,0.0,0.0,33.75,33.75,0.0,9.0,9.0,0.0,8.0,8.0,0.0,154.5,146.5,8.0,170.75,170.75,0.0,0.0,0.0,0.0,0.0,0.0,0.0,
495177,COMMUNITY MEMORIAL HOSPITAL HUNDLEY CENTER,SOUTH HILL,VA,Mecklenburg,117,2017Q3,20170810,85,0.0,0.0,0.0,25.25,25.25,0.0,9.25,9.25,0.0,0.0,0.0,0.0,139.25,139.25,0.0,210.5,210.5,0.0,0.0,0.0,0.0,0.0,0.0,0.0,
495177,COMMUNITY MEMORIAL HOSPITAL HUNDLEY CENTER,SOUTH HILL,VA,Mecklenburg,117,2017Q3,20170811,84,0.0,0.0,0.0,22.75,22.75,0.0,8.5,8.5,0.0,8.0,8.0,0.0,143.75,136.25,7.5,181.02,181.02,0.0,0.0,0.0,0.0,0.0,0.0,0.0,
495177,COMMUNITY MEMORIAL HOSPITAL HUNDLEY CENTER,SOUTH HILL,VA,Mecklenburg,117,2017Q3,20170812,84,0.0,0.0,0.0,7.75,7.75,0.0,0.0,0.0,0.0,0.0,0.0,0.0,152.25,144.0,8.25,171.2,171.2,0.0,0.0,0.0,0.0,0.0,0.0,0.0,
495177,COMMUNITY MEMORIAL HOSPITAL HUNDLEY CENTER,SOUTH HILL,VA,Mecklenburg,117,2017Q3,20170813,84,0.0,0.0,0.0,8.25,8.25,0.0,0.0,0.0,0.0,0.0,0.0,0.0,158.75,152.75,6.0,156.0,156.0,0.0,0.0,0.0,0.0,0.0,0.0,0.0,
495177,COMMUNITY MEMORIAL HOSPITAL HUNDLEY CENTER,SOUTH HILL,VA,Mecklenburg,117,2017Q3,20170814,84,0.0,0.0,0.0,27.25,27.25,0.0,8.25,8.25,0.0,8.0,8.0,0.0,173.25,165.0,8.25,197.0,197.0,0.0,0.0,0.0,0.0,0.0,0.0,0.0,
495177,COMMUNITY MEMORIAL HOSPITAL HUNDLEY CENTER,SOUTH HILL,VA,Mecklenburg,117,2017Q3,20170815,85,0.0,0.0,0.0,26.75,26.75,0.0,8.5,8.5,0.0,8.25,8.25,0.0,175.75,175.75,0.0,183.25,183.25,0.0,0.0,0.0,0.0,0.0,0.0,0.0,
495177,COMMUNITY MEMORIAL HOSPITAL HUNDLEY CENTER,SOUTH HILL,VA,Mecklenburg,117,2017Q3,20170816,85,0.0,0.0,0.0,25.0,25.0,0.0,7.75,7.75,0.0,8.0,8.0,0.0,179.0,179.0,0.0,203.75,203.75,0.0,0.0,0.0,0.0,0.0,0.0,0.0,
495177,COMMUNITY MEMORIAL HOSPITAL HUNDLEY CENTER,SOUTH HILL,VA,Mecklenburg,117,2017Q3,20170817,85,0.0,0.0,0.0,32.25,32.25,0.0,8.25,8.25,0.0,7.0,7.0,0.0,189.0,174.25,14.75,184.5,184.5,0.0,0.0,0.0,0.0,0.0,0.0,0.0,
495177,COMMUNITY MEMORIAL HOSPITAL HUNDLEY CENTER,SOUTH HILL,VA,Mecklenburg,117,2017Q3,20170818,84,0.0,0.0,0.0,29.25,29.25,0.0,0.0,0.0,0.0,8.25,8.25,0.0,158.75,158.75,0.0,200.0,200.0,0.0,0.0,0.0,0.0,0.0,0.0,0.0,
495177,COMMUNITY MEMORIAL HOSPITAL HUNDLEY CENTER,SOUTH HILL,VA,Mecklenburg,117,2017Q3,20170819,85,0.0,0.0,0.0,9.0,9.0,0.0,0.0,0.0,0.0,0.0,0.0,0.0,138.25,138.25,0.0,149.0,149.0,0.0,0.0,0.0,0.0,0.0,0.0,0.0,
495177,COMMUNITY MEMORIAL HOSPITAL HUNDLEY CENTER,SOUTH HILL,VA,Mecklenburg,117,2017Q3,20170820,85,0.0,0.0,0.0,9.75,9.75,0.0,0.0,0.0,0.0,0.0,0.0,0.0,131.0,131.0,0.0,145.75,145.75,0.0,0.0,0.0,0.0,0.0,0.0,0.0,
495177,COMMUNITY MEMORIAL HOSPITAL HUNDLEY CENTER,SOUTH HILL,VA,Mecklenburg,117,2017Q3,20170821,86,8.0,8.0,0.0,26.5,26.5,0.0,8.25,8.25,0.0,0.0,0.0,0.0,177.07,165.25,11.82,179.75,179.75,0.0,0.0,0.0,0.0,0.0,0.0,0.0,
495177,COMMUNITY MEMORIAL HOSPITAL HUNDLEY CENTER,SOUTH HILL,VA,Mecklenburg,117,2017Q3,20170822,84,8.0,8.0,0.0,27.0,27.0,0.0,8.5,8.5,0.0,8.25,8.25,0.0,188.53,180.53,8.0,198.75,198.75,0.0,0.0,0.0,0.0,0.0,0.0,0.0,
495177,COMMUNITY MEMORIAL HOSPITAL HUNDLEY CENTER,SOUTH HILL,VA,Mecklenburg,117,2017Q3,20170823,85,8.0,8.0,0.0,17.75,17.75,0.0,8.25,8.25,0.0,8.0,8.0,0.0,196.5,184.25,12.25,192.75,183.75,9.0,0.0,0.0,0.0,0.0,0.0,0.0,
495177,COMMUNITY MEMORIAL HOSPITAL HUNDLEY CENTER,SOUTH HILL,VA,Mecklenburg,117,2017Q3,20170824,85,8.0,8.0,0.0,14.0,14.0,0.0,8.0,8.0,0.0,8.0,8.0,0.0,159.25,159.25,0.0,212.75,204.75,8.0,0.0,0.0,0.0,0.0,0.0,0.0,
495177,COMMUNITY MEMORIAL HOSPITAL HUNDLEY CENTER,SOUTH HILL,VA,Mecklenburg,117,2017Q3,20170825,87,8.0,8.0,0.0,8.0,8.0,0.0,0.0,0.0,0.0,8.0,8.0,0.0,158.5,158.5,0.0,187.75,179.25,8.5,0.0,0.0,0.0,0.0,0.0,0.0,
495177,COMMUNITY MEMORIAL HOSPITAL HUNDLEY CENTER,SOUTH HILL,VA,Mecklenburg,117,2017Q3,20170826,87,0.0,0.0,0.0,11.75,11.75,0.0,0.0,0.0,0.0,0.0,0.0,0.0,157.02,148.77,8.25,166.77,166.77,0.0,0.0,0.0,0.0,0.0,0.0,0.0,
495177,COMMUNITY MEMORIAL HOSPITAL HUNDLEY CENTER,SOUTH HILL,VA,Mecklenburg,117,2017Q3,20170827,87,0.0,0.0,0.0,11.5,11.5,0.0,0.0,0.0,0.0,0.0,0.0,0.0,149.0,140.0,9.0,164.25,164.25,0.0,0.0,0.0,0.0,0.0,0.0,0.0,
495177,COMMUNITY MEMORIAL HOSPITAL HUNDLEY CENTER,SOUTH HILL,VA,Mecklenburg,117,2017Q3,20170828,87,8.0,8.0,0.0,21.0,21.0,0.0,8.0,8.0,0.0,8.0,8.0,0.0,139.75,139.75,0.0,184.0,176.0,8.0,0.0,0.0,0.0,0.0,0.0,0.0,
495177,COMMUNITY MEMORIAL HOSPITAL HUNDLEY CENTER,SOUTH HILL,VA,Mecklenburg,117,2017Q3,20170829,86,8.0,8.0,0.0,20.25,20.25,0.0,8.0,8.0,0.0,7.75,7.75,0.0,170.0,154.25,15.75,182.75,174.5,8.25,0.0,0.0,0.0,0.0,0.0,0.0,
495177,COMMUNITY MEMORIAL HOSPITAL HUNDLEY CENTER,SOUTH HILL,VA,Mecklenburg,117,2017Q3,20170830,89,8.0,8.0,0.0,19.75,19.75,0.0,8.0,8.0,0.0,8.0,8.0,0.0,185.27,179.77,5.5,180.75,172.75,8.0,0.0,0.0,0.0,0.0,0.0,0.0,
495177,COMMUNITY MEMORIAL HOSPITAL HUNDLEY CENTER,SOUTH HILL,VA,Mecklenburg,117,2017Q3,20170831,90,8.0,8.0,0.0,18.25,18.25,0.0,8.0,8.0,0.0,6.0,6.0,0.0,156.68,133.05,23.63,151.25,143.25,8.0,0.0,0.0,0.0,0.0,0.0,0.0,
495177,COMMUNITY MEMORIAL HOSPITAL HUNDLEY CENTER,SOUTH HILL,VA,Mecklenburg,117,2017Q3,20170901,87,8.0,8.0,0.0,19.75,19.75,0.0,8.0,8.0,0.0,8.0,8.0,0.0,187.75,179.75,8.0,219.07,219.07,0.0,0.0,0.0,0.0,0.0,0.0,0.0,
495177,COMMUNITY MEMORIAL HOSPITAL HUNDLEY CENTER,SOUTH HILL,VA,Mecklenburg,117,2017Q3,20170902,88,0.0,0.0,0.0,13.0,13.0,0.0,0.0,0.0,0.0,0.0,0.0,0.0,134.25,134.25,0.0,177.5,177.5,0.0,0.0,0.0,0.0,0.0,0.0,0.0,
495177,COMMUNITY MEMORIAL HOSPITAL HUNDLEY CENTER,SOUTH HILL,VA,Mecklenburg,117,2017Q3,20170903,87,0.0,0.0,0.0,12.25,12.25,0.0,0.0,0.0,0.0,0.0,0.0,0.0,143.25,143.25,0.0,157.0,157.0,0.0,0.0,0.0,0.0,0.0,0.0,0.0,
495177,COMMUNITY MEMORIAL HOSPITAL HUNDLEY CENTER,SOUTH HILL,VA,Mecklenburg,117,2017Q3,20170904,87,0.0,0.0,0.0,12.0,12.0,0.0,8.0,8.0,0.0,8.0,8.0,0.0,128.0,128.0,0.0,172.75,172.75,0.0,0.0,0.0,0.0,0.0,0.0,0.0,
495177,COMMUNITY MEMORIAL HOSPITAL HUNDLEY CENTER,SOUTH HILL,VA,Mecklenburg,117,2017Q3,20170905,88,8.0,8.0,0.0,19.25,19.25,0.0,8.0,8.0,0.0,8.25,8.25,0.0,153.25,138.25,15.0,189.52,189.52,0.0,0.0,0.0,0.0,0.0,0.0,0.0,
495177,COMMUNITY MEMORIAL HOSPITAL HUNDLEY CENTER,SOUTH HILL,VA,Mecklenburg,117,2017Q3,20170906,87,8.0,8.0,0.0,20.75,20.75,0.0,8.5,8.5,0.0,7.0,7.0,0.0,165.0,156.75,8.25,194.48,186.48,8.0,0.0,0.0,0.0,0.0,0.0,0.0,
495177,COMMUNITY MEMORIAL HOSPITAL HUNDLEY CENTER,SOUTH HILL,VA,Mecklenburg,117,2017Q3,20170907,88,8.0,8.0,0.0,23.0,23.0,0.0,8.0,8.0,0.0,8.75,8.75,0.0,171.25,163.5,7.75,194.0,186.0,8.0,0.0,0.0,0.0,0.0,0.0,0.0,
495177,COMMUNITY MEMORIAL HOSPITAL HUNDLEY CENTER,SOUTH HILL,VA,Mecklenburg,117,2017Q3,20170908,89,8.0,8.0,0.0,19.0,19.0,0.0,0.0,0.0,0.0,0.0,0.0,0.0,150.25,142.0,8.25,166.5,158.75,7.75,0.0,0.0,0.0,0.0,0.0,0.0,
495177,COMMUNITY MEMORIAL HOSPITAL HUNDLEY CENTER,SOUTH HILL,VA,Mecklenburg,117,2017Q3,20170909,89,0.0,0.0,0.0,12.25,12.25,0.0,0.0,0.0,0.0,0.0,0.0,0.0,162.0,146.5,15.5,189.75,185.5,4.25,0.0,0.0,0.0,0.0,0.0,0.0,
495177,COMMUNITY MEMORIAL HOSPITAL HUNDLEY CENTER,SOUTH HILL,VA,Mecklenburg,117,2017Q3,20170910,89,0.0,0.0,0.0,12.25,12.25,0.0,0.0,0.0,0.0,0.0,0.0,0.0,155.5,151.5,4.0,158.0,158.0,0.0,0.0,0.0,0.0,0.0,0.0,0.0,
495177,COMMUNITY MEMORIAL HOSPITAL HUNDLEY CENTER,SOUTH HILL,VA,Mecklenburg,117,2017Q3,20170911,90,8.0,8.0,0.0,31.75,31.75,0.0,8.0,8.0,0.0,8.5,8.5,0.0,167.0,167.0,0.0,154.75,146.75,8.0,0.0,0.0,0.0,0.0,0.0,0.0,
495177,COMMUNITY MEMORIAL HOSPITAL HUNDLEY CENTER,SOUTH HILL,VA,Mecklenburg,117,2017Q3,20170912,90,8.0,8.0,0.0,21.5,21.5,0.0,8.0,8.0,0.0,9.5,9.5,0.0,185.5,177.25,8.25,161.0,153.0,8.0,0.0,0.0,0.0,0.0,0.0,0.0,
495177,COMMUNITY MEMORIAL HOSPITAL HUNDLEY CENTER,SOUTH HILL,VA,Mecklenburg,117,2017Q3,20170913,88,8.0,8.0,0.0,18.33,18.33,0.0,8.0,8.0,0.0,0.0,0.0,0.0,176.25,161.5,14.75,197.75,189.75,8.0,0.0,0.0,0.0,0.0,0.0,0.0,
495177,COMMUNITY MEMORIAL HOSPITAL HUNDLEY CENTER,SOUTH HILL,VA,Mecklenburg,117,2017Q3,20170914,87,8.0,8.0,0.0,16.75,16.75,0.0,8.0,8.0,0.0,0.0,0.0,0.0,202.0,185.0,17.0,199.75,191.75,8.0,0.0,0.0,0.0,0.0,0.0,0.0,
495177,COMMUNITY MEMORIAL HOSPITAL HUNDLEY CENTER,SOUTH HILL,VA,Mecklenburg,117,2017Q3,20170915,85,8.0,8.0,0.0,17.5,17.5,0.0,8.0,8.0,0.0,0.0,0.0,0.0,190.02,181.02,9.0,172.48,172.48,0.0,0.0,0.0,0.0,0.0,0.0,0.0,
495177,COMMUNITY MEMORIAL HOSPITAL HUNDLEY CENTER,SOUTH HILL,VA,Mecklenburg,117,2017Q3,20170916,85,0.0,0.0,0.0,12.25,12.25,0.0,0.0,0.0,0.0,0.0,0.0,0.0,137.0,137.0,0.0,197.5,189.5,8.0,0.0,0.0,0.0,0.0,0.0,0.0,
495177,COMMUNITY MEMORIAL HOSPITAL HUNDLEY CENTER,SOUTH HILL,VA,Mecklenburg,117,2017Q3,20170917,84,0.0,0.0,0.0,12.5,12.5,0.0,0.0,0.0,0.0,0.0,0.0,0.0,152.25,152.25,0.0,167.0,159.0,8.0,0.0,0.0,0.0,0.0,0.0,0.0,
495177,COMMUNITY MEMORIAL HOSPITAL HUNDLEY CENTER,SOUTH HILL,VA,Mecklenburg,117,2017Q3,20170918,82,8.0,8.0,0.0,25.5,25.5,0.0,8.5,8.5,0.0,0.0,0.0,0.0,129.5,129.5,0.0,168.25,168.25,0.0,0.0,0.0,0.0,0.0,0.0,0.0,
495177,COMMUNITY MEMORIAL HOSPITAL HUNDLEY CENTER,SOUTH HILL,VA,Mecklenburg,117,2017Q3,20170919,85,8.0,8.0,0.0,9.25,9.25,0.0,7.25,7.25,0.0,0.0,0.0,0.0,163.3,163.3,0.0,187.25,179.25,8.0,0.0,0.0,0.0,0.0,0.0,0.0,
495177,COMMUNITY MEMORIAL HOSPITAL HUNDLEY CENTER,SOUTH HILL,VA,Mecklenburg,117,2017Q3,20170920,86,0.0,0.0,0.0,19.0,19.0,0.0,8.5,8.5,0.0,0.0,0.0,0.0,171.0,171.0,0.0,204.75,196.75,8.0,0.0,0.0,0.0,0.0,0.0,0.0,
495177,COMMUNITY MEMORIAL HOSPITAL HUNDLEY CENTER,SOUTH HILL,VA,Mecklenburg,117,2017Q3,20170921,86,8.0,8.0,0.0,21.0,21.0,0.0,8.5,8.5,0.0,0.0,0.0,0.0,174.5,166.25,8.25,182.75,174.75,8.0,0.0,0.0,0.0,0.0,0.0,0.0,
495177,COMMUNITY MEMORIAL HOSPITAL HUNDLEY CENTER,SOUTH HILL,VA,Mecklenburg,117,2017Q3,20170922,86,8.0,8.0,0.0,10.25,10.25,0.0,8.75,8.75,0.0,0.0,0.0,0.0,141.5,133.5,8.0,195.0,187.0,8.0,0.0,0.0,0.0,0.0,0.0,0.0,
495177,COMMUNITY MEMORIAL HOSPITAL HUNDLEY CENTER,SOUTH HILL,VA,Mecklenburg,117,2017Q3,20170923,86,0.0,0.0,0.0,12.25,12.25,0.0,0.0,0.0,0.0,0.0,0.0,0.0,155.25,155.25,0.0,142.25,142.25,0.0,0.0,0.0,0.0,0.0,0.0,0.0,
495177,COMMUNITY MEMORIAL HOSPITAL HUNDLEY CENTER,SOUTH HILL,VA,Mecklenburg,117,2017Q3,20170924,86,0.0,0.0,0.0,12.25,12.25,0.0,0.0,0.0,0.0,0.0,0.0,0.0,172.75,172.75,0.0,139.25,139.25,0.0,0.0,0.0,0.0,0.0,0.0,0.0,
495177,COMMUNITY MEMORIAL HOSPITAL HUNDLEY CENTER,SOUTH HILL,VA,Mecklenburg,117,2017Q3,20170925,86,8.0,8.0,0.0,31.0,31.0,0.0,6.75,6.75,0.0,0.0,0.0,0.0,149.5,149.5,0.0,172.75,164.5,8.25,0.0,0.0,0.0,0.0,0.0,0.0,
495177,COMMUNITY MEMORIAL HOSPITAL HUNDLEY CENTER,SOUTH HILL,VA,Mecklenburg,117,2017Q3,20170926,87,8.0,8.0,0.0,19.5,19.5,0.0,8.45,8.45,0.0,0.0,0.0,0.0,129.75,129.75,0.0,189.75,181.75,8.0,0.0,0.0,0.0,0.0,0.0,0.0,
495177,COMMUNITY MEMORIAL HOSPITAL HUNDLEY CENTER,SOUTH HILL,VA,Mecklenburg,117,2017Q3,20170927,87,8.0,8.0,0.0,19.5,19.5,0.0,3.75,3.75,0.0,0.0,0.0,0.0,161.5,153.25,8.25,165.25,157.25,8.0,0.0,0.0,0.0,0.0,0.0,0.0,
495177,COMMUNITY MEMORIAL HOSPITAL HUNDLEY CENTER,SOUTH HILL,VA,Mecklenburg,117,2017Q3,20170928,90,8.0,8.0,0.0,19.75,19.75,0.0,6.0,6.0,0.0,0.0,0.0,0.0,206.75,198.75,8.0,175.5,167.5,8.0,0.0,0.0,0.0,0.0,0.0,0.0,
495177,COMMUNITY MEMORIAL HOSPITAL HUNDLEY CENTER,SOUTH HILL,VA,Mecklenburg,117,2017Q3,20170929,90,8.0,8.0,0.0,19.0,19.0,0.0,9.25,9.25,0.0,0.0,0.0,0.0,143.55,143.55,0.0,172.25,172.25,0.0,0.0,0.0,0.0,0.0,0.0,0.0,
495177,COMMUNITY MEMORIAL HOSPITAL HUNDLEY CENTER,SOUTH HILL,VA,Mecklenburg,117,2017Q3,20170930,91,0.0,0.0,0.0,12.75,12.75,0.0,0.0,0.0,0.0,0.0,0.0,0.0,159.0,159.0,0.0,149.25,141.25,8.0,0.0,0.0,0.0,0.0,0.0,0.0,
495177,COMMUNITY MEMORIAL HOSPITAL HUNDLEY CENTER,SOUTH HILL,VA,Mecklenburg,117,2017Q4,20171001,91,0.0,0.0,0.0,12.0,12.0,0.0,0.0,0.0,0.0,0.0,0.0,0.0,161.0,161.0,0.0,197.0,189.0,8.0,0.0,0.0,0.0,0.0,0.0,0.0,
495177,COMMUNITY MEMORIAL HOSPITAL HUNDLEY CENTER,SOUTH HILL,VA,Mecklenburg,117,2017Q4,20171002,91,8.0,8.0,0.0,32.0,32.0,0.0,9.02,9.02,0.0,8.27,8.27,0.0,149.0,149.0,0.0,164.25,164.25,0.0,0.0,0.0,0.0,0.0,0.0,0.0,
495177,COMMUNITY MEMORIAL HOSPITAL HUNDLEY CENTER,SOUTH HILL,VA,Mecklenburg,117,2017Q4,20171003,91,8.0,8.0,0.0,19.5,19.5,0.0,8.7,8.7,0.0,7.75,7.75,0.0,143.77,143.77,0.0,183.7,183.7,0.0,0.0,0.0,0.0,0.0,0.0,0.0,
495177,COMMUNITY MEMORIAL HOSPITAL HUNDLEY CENTER,SOUTH HILL,VA,Mecklenburg,117,2017Q4,20171004,90,8.0,8.0,0.0,19.25,19.25,0.0,9.0,9.0,0.0,9.0,9.0,0.0,153.25,153.25,0.0,215.75,215.75,0.0,0.0,0.0,0.0,0.0,0.0,0.0,
495177,COMMUNITY MEMORIAL HOSPITAL HUNDLEY CENTER,SOUTH HILL,VA,Mecklenburg,117,2017Q4,20171005,90,8.0,8.0,0.0,22.0,22.0,0.0,0.0,0.0,0.0,8.25,8.25,0.0,179.75,171.5,8.25,182.0,174.0,8.0,0.0,0.0,0.0,0.0,0.0,0.0,
495177,COMMUNITY MEMORIAL HOSPITAL HUNDLEY CENTER,SOUTH HILL,VA,Mecklenburg,117,2017Q4,20171006,90,8.0,8.0,0.0,21.75,21.75,0.0,8.5,8.5,0.0,0.0,0.0,0.0,143.5,143.5,0.0,163.75,155.75,8.0,0.0,0.0,0.0,0.0,0.0,0.0,
495177,COMMUNITY MEMORIAL HOSPITAL HUNDLEY CENTER,SOUTH HILL,VA,Mecklenburg,117,2017Q4,20171007,89,0.0,0.0,0.0,12.25,12.25,0.0,0.0,0.0,0.0,8.25,8.25,0.0,156.25,156.25,0.0,155.93,155.93,0.0,0.0,0.0,0.0,0.0,0.0,0.0,
495177,COMMUNITY MEMORIAL HOSPITAL HUNDLEY CENTER,SOUTH HILL,VA,Mecklenburg,117,2017Q4,20171008,89,0.0,0.0,0.0,20.25,20.25,0.0,0.0,0.0,0.0,4.75,4.75,0.0,139.3,139.3,0.0,146.75,146.75,0.0,0.0,0.0,0.0,0.0,0.0,0.0,
495177,COMMUNITY MEMORIAL HOSPITAL HUNDLEY CENTER,SOUTH HILL,VA,Mecklenburg,117,2017Q4,20171009,88,8.0,8.0,0.0,18.75,18.75,0.0,8.25,8.25,0.0,10.0,10.0,0.0,133.75,133.75,0.0,180.75,172.75,8.0,0.0,0.0,0.0,0.0,0.0,0.0,
495177,COMMUNITY MEMORIAL HOSPITAL HUNDLEY CENTER,SOUTH HILL,VA,Mecklenburg,117,2017Q4,20171010,90,8.0,8.0,0.0,16.0,16.0,0.0,8.5,8.5,0.0,8.25,8.25,0.0,148.75,140.5,8.25,191.75,183.75,8.0,0.0,0.0,0.0,0.0,0.0,0.0,
495177,COMMUNITY MEMORIAL HOSPITAL HUNDLEY CENTER,SOUTH HILL,VA,Mecklenburg,117,2017Q4,20171011,92,8.0,8.0,0.0,25.0,25.0,0.0,10.0,10.0,0.0,8.75,8.75,0.0,153.0,145.0,8.0,207.0,206.5,0.5,0.0,0.0,0.0,0.0,0.0,0.0,
495177,COMMUNITY MEMORIAL HOSPITAL HUNDLEY CENTER,SOUTH HILL,VA,Mecklenburg,117,2017Q4,20171012,91,8.0,8.0,0.0,19.75,19.75,0.0,10.75,10.75,0.0,12.5,12.5,0.0,161.33,158.83,2.5,225.47,225.47,0.0,0.0,0.0,0.0,0.0,0.0,0.0,
495177,COMMUNITY MEMORIAL HOSPITAL HUNDLEY CENTER,SOUTH HILL,VA,Mecklenburg,117,2017Q4,20171013,91,8.0,8.0,0.0,10.75,10.75,0.0,9.0,9.0,0.0,13.0,13.0,0.0,135.5,135.5,0.0,172.0,172.0,0.0,0.0,0.0,0.0,0.0,0.0,0.0,
495177,COMMUNITY MEMORIAL HOSPITAL HUNDLEY CENTER,SOUTH HILL,VA,Mecklenburg,117,2017Q4,20171014,90,0.0,0.0,0.0,7.0,7.0,0.0,0.0,0.0,0.0,0.0,0.0,0.0,131.0,131.0,0.0,176.5,176.5,0.0,0.0,0.0,0.0,0.0,0.0,0.0,
495177,COMMUNITY MEMORIAL HOSPITAL HUNDLEY CENTER,SOUTH HILL,VA,Mecklenburg,117,2017Q4,20171015,90,0.0,0.0,0.0,12.0,12.0,0.0,0.0,0.0,0.0,0.0,0.0,0.0,134.75,134.75,0.0,161.47,161.47,0.0,0.0,0.0,0.0,0.0,0.0,0.0,
495177,COMMUNITY MEMORIAL HOSPITAL HUNDLEY CENTER,SOUTH HILL,VA,Mecklenburg,117,2017Q4,20171016,91,8.0,8.0,0.0,22.0,22.0,0.0,0.0,0.0,0.0,8.5,8.5,0.0,148.25,148.25,0.0,165.5,165.5,0.0,0.0,0.0,0.0,0.0,0.0,0.0,
495177,COMMUNITY MEMORIAL HOSPITAL HUNDLEY CENTER,SOUTH HILL,VA,Mecklenburg,117,2017Q4,20171017,92,8.0,8.0,0.0,24.75,24.75,0.0,0.0,0.0,0.0,8.5,8.5,0.0,174.0,174.0,0.0,194.25,186.25,8.0,0.0,0.0,0.0,0.0,0.0,0.0,
495177,COMMUNITY MEMORIAL HOSPITAL HUNDLEY CENTER,SOUTH HILL,VA,Mecklenburg,117,2017Q4,20171018,91,8.0,8.0,0.0,23.5,23.5,0.0,0.0,0.0,0.0,8.5,8.5,0.0,155.0,155.0,0.0,207.0,207.0,0.0,0.0,0.0,0.0,0.0,0.0,0.0,
495177,COMMUNITY MEMORIAL HOSPITAL HUNDLEY CENTER,SOUTH HILL,VA,Mecklenburg,117,2017Q4,20171019,92,8.0,8.0,0.0,9.25,9.25,0.0,0.0,0.0,0.0,8.75,8.75,0.0,158.33,158.33,0.0,191.75,189.25,2.5,0.0,0.0,0.0,0.0,0.0,0.0,
495177,COMMUNITY MEMORIAL HOSPITAL HUNDLEY CENTER,SOUTH HILL,VA,Mecklenburg,117,2017Q4,20171020,91,8.0,8.0,0.0,18.5,18.5,0.0,0.0,0.0,0.0,8.78,8.78,0.0,184.25,184.25,0.0,150.75,150.75,0.0,0.0,0.0,0.0,0.0,0.0,0.0,
495177,COMMUNITY MEMORIAL HOSPITAL HUNDLEY CENTER,SOUTH HILL,VA,Mecklenburg,117,2017Q4,20171021,91,0.0,0.0,0.0,12.5,12.5,0.0,0.0,0.0,0.0,0.0,0.0,0.0,146.25,146.25,0.0,144.25,144.25,0.0,0.0,0.0,0.0,0.0,0.0,0.0,
495177,COMMUNITY MEMORIAL HOSPITAL HUNDLEY CENTER,SOUTH HILL,VA,Mecklenburg,117,2017Q4,20171022,91,0.0,0.0,0.0,19.0,19.0,0.0,0.0,0.0,0.0,0.0,0.0,0.0,150.25,150.25,0.0,125.25,125.25,0.0,0.0,0.0,0.0,0.0,0.0,0.0,
495177,COMMUNITY MEMORIAL HOSPITAL HUNDLEY CENTER,SOUTH HILL,VA,Mecklenburg,117,2017Q4,20171023,91,8.0,8.0,0.0,20.5,20.5,0.0,9.32,9.32,0.0,9.0,9.0,0.0,160.25,152.75,7.5,172.0,172.0,0.0,0.0,0.0,0.0,0.0,0.0,0.0,
495177,COMMUNITY MEMORIAL HOSPITAL HUNDLEY CENTER,SOUTH HILL,VA,Mecklenburg,117,2017Q4,20171024,90,8.0,8.0,0.0,20.0,20.0,0.0,9.75,9.75,0.0,9.5,9.5,0.0,164.25,156.25,8.0,183.75,183.75,0.0,0.0,0.0,0.0,0.0,0.0,0.0,
495177,COMMUNITY MEMORIAL HOSPITAL HUNDLEY CENTER,SOUTH HILL,VA,Mecklenburg,117,2017Q4,20171025,92,8.0,8.0,0.0,18.0,18.0,0.0,9.0,9.0,0.0,8.0,8.0,0.0,145.0,135.0,10.0,203.75,203.75,0.0,0.0,0.0,0.0,0.0,0.0,0.0,
495177,COMMUNITY MEMORIAL HOSPITAL HUNDLEY CENTER,SOUTH HILL,VA,Mecklenburg,117,2017Q4,20171026,93,8.0,8.0,0.0,18.0,18.0,0.0,12.0,12.0,0.0,11.75,11.75,0.0,155.72,147.72,8.0,205.75,205.75,0.0,0.0,0.0,0.0,0.0,0.0,0.0,
495177,COMMUNITY MEMORIAL HOSPITAL HUNDLEY CENTER,SOUTH HILL,VA,Mecklenburg,117,2017Q4,20171027,95,8.0,8.0,0.0,20.5,20.5,0.0,8.75,8.75,0.0,7.95,7.95,0.0,149.53,141.53,8.0,163.0,163.0,0.0,0.0,0.0,0.0,0.0,0.0,0.0,
495177,COMMUNITY MEMORIAL HOSPITAL HUNDLEY CENTER,SOUTH HILL,VA,Mecklenburg,117,2017Q4,20171028,95,0.0,0.0,0.0,12.25,12.25,0.0,0.0,0.0,0.0,0.0,0.0,0.0,138.5,138.5,0.0,193.0,193.0,0.0,0.0,0.0,0.0,0.0,0.0,0.0,
495177,COMMUNITY MEMORIAL HOSPITAL HUNDLEY CENTER,SOUTH HILL,VA,Mecklenburg,117,2017Q4,20171029,95,0.0,0.0,0.0,13.0,13.0,0.0,0.0,0.0,0.0,0.0,0.0,0.0,128.0,128.0,0.0,158.5,158.5,0.0,0.0,0.0,0.0,0.0,0.0,0.0,
495177,COMMUNITY MEMORIAL HOSPITAL HUNDLEY CENTER,SOUTH HILL,VA,Mecklenburg,117,2017Q4,20171030,96,8.0,8.0,0.0,22.25,22.25,0.0,9.5,9.5,0.0,10.75,10.75,0.0,156.75,148.75,8.0,149.75,149.75,0.0,0.0,0.0,0.0,0.0,0.0,0.0,
495177,COMMUNITY MEMORIAL HOSPITAL HUNDLEY CENTER,SOUTH HILL,VA,Mecklenburg,117,2017Q4,20171031,95,8.0,8.0,0.0,20.75,20.75,0.0,7.95,7.95,0.0,9.0,9.0,0.0,127.58,119.58,8.0,132.5,132.5,0.0,0.0,0.0,0.0,0.0,0.0,0.0,
495177,COMMUNITY MEMORIAL HOSPITAL HUNDLEY CENTER,SOUTH HILL,VA,Mecklenburg,117,2017Q4,20171101,96,8.0,8.0,0.0,17.25,17.25,0.0,8.75,8.75,0.0,5.5,5.5,0.0,196.5,188.5,8.0,227.0,227.0,0.0,0.0,0.0,0.0,0.0,0.0,0.0,
495177,COMMUNITY MEMORIAL HOSPITAL HUNDLEY CENTER,SOUTH HILL,VA,Mecklenburg,117,2017Q4,20171102,95,8.0,8.0,0.0,11.5,11.5,0.0,10.5,10.5,0.0,9.25,9.25,0.0,174.75,158.75,16.0,151.75,151.75,0.0,0.0,0.0,0.0,0.0,0.0,0.0,
495177,COMMUNITY MEMORIAL HOSPITAL HUNDLEY CENTER,SOUTH HILL,VA,Mecklenburg,117,2017Q4,20171103,95,8.0,8.0,0.0,4.5,4.5,0.0,8.75,8.75,0.0,14.75,14.75,0.0,126.0,114.25,11.75,185.5,185.5,0.0,0.0,0.0,0.0,0.0,0.0,0.0,
495177,COMMUNITY MEMORIAL HOSPITAL HUNDLEY CENTER,SOUTH HILL,VA,Mecklenburg,117,2017Q4,20171104,95,0.0,0.0,0.0,9.27,9.27,0.0,0.0,0.0,0.0,2.5,2.5,0.0,160.75,152.5,8.25,162.5,162.5,0.0,0.0,0.0,0.0,0.0,0.0,0.0,
495177,COMMUNITY MEMORIAL HOSPITAL HUNDLEY CENTER,SOUTH HILL,VA,Mecklenburg,117,2017Q4,20171105,94,0.0,0.0,0.0,11.25,11.25,0.0,0.0,0.0,0.0,0.0,0.0,0.0,161.77,153.27,8.5,166.0,166.0,0.0,0.0,0.0,0.0,0.0,0.0,0.0,
495177,COMMUNITY MEMORIAL HOSPITAL HUNDLEY CENTER,SOUTH HILL,VA,Mecklenburg,117,2017Q4,20171106,94,0.0,0.0,0.0,18.0,18.0,0.0,8.75,8.75,0.0,8.0,8.0,0.0,154.0,134.0,20.0,168.25,168.25,0.0,0.0,0.0,0.0,0.0,0.0,0.0,
495177,COMMUNITY MEMORIAL HOSPITAL HUNDLEY CENTER,SOUTH HILL,VA,Mecklenburg,117,2017Q4,20171107,93,0.0,0.0,0.0,19.5,19.5,0.0,9.75,9.75,0.0,9.75,9.75,0.0,170.0,158.0,12.0,161.0,161.0,0.0,0.0,0.0,0.0,0.0,0.0,0.0,
495177,COMMUNITY MEMORIAL HOSPITAL HUNDLEY CENTER,SOUTH HILL,VA,Mecklenburg,117,2017Q4,20171108,92,8.0,8.0,0.0,23.75,23.75,0.0,8.75,8.75,0.0,9.0,9.0,0.0,161.25,133.25,28.0,178.25,178.25,0.0,0.0,0.0,0.0,0.0,0.0,0.0,
495177,COMMUNITY MEMORIAL HOSPITAL HUNDLEY CENTER,SOUTH HILL,VA,Mecklenburg,117,2017Q4,20171109,95,8.0,8.0,0.0,38.22,38.22,0.0,9.0,9.0,0.0,8.75,8.75,0.0,160.07,142.82,17.25,167.25,167.25,0.0,0.0,0.0,0.0,0.0,0.0,0.0,
495177,COMMUNITY MEMORIAL HOSPITAL HUNDLEY CENTER,SOUTH HILL,VA,Mecklenburg,117,2017Q4,20171110,93,8.0,8.0,0.0,43.5,43.5,0.0,0.0,0.0,0.0,9.75,9.75,0.0,199.0,191.0,8.0,171.75,171.75,0.0,0.0,0.0,0.0,0.0,0.0,0.0,
495177,COMMUNITY MEMORIAL HOSPITAL HUNDLEY CENTER,SOUTH HILL,VA,Mecklenburg,117,2017Q4,20171111,93,0.0,0.0,0.0,34.25,34.25,0.0,0.0,0.0,0.0,0.0,0.0,0.0,151.75,139.75,12.0,152.75,152.75,0.0,0.0,0.0,0.0,0.0,0.0,0.0,
495177,COMMUNITY MEMORIAL HOSPITAL HUNDLEY CENTER,SOUTH HILL,VA,Mecklenburg,117,2017Q4,20171112,93,0.0,0.0,0.0,12.0,12.0,0.0,0.0,0.0,0.0,0.0,0.0,0.0,158.25,146.25,12.0,143.5,143.5,0.0,0.0,0.0,0.0,0.0,0.0,0.0,
495177,COMMUNITY MEMORIAL HOSPITAL HUNDLEY CENTER,SOUTH HILL,VA,Mecklenburg,117,2017Q4,20171113,93,8.0,8.0,0.0,23.75,23.75,0.0,5.25,5.25,0.0,8.5,8.5,0.0,168.0,159.5,8.5,175.5,175.5,0.0,0.0,0.0,0.0,0.0,0.0,0.0,
495177,COMMUNITY MEMORIAL HOSPITAL HUNDLEY CENTER,SOUTH HILL,VA,Mecklenburg,117,2017Q4,20171114,93,8.0,8.0,0.0,32.25,32.25,0.0,9.5,9.5,0.0,9.25,9.25,0.0,156.25,147.75,8.5,212.0,212.0,0.0,0.0,0.0,0.0,0.0,0.0,0.0,
495177,COMMUNITY MEMORIAL HOSPITAL HUNDLEY CENTER,SOUTH HILL,VA,Mecklenburg,117,2017Q4,20171115,94,8.0,8.0,0.0,29.25,29.25,0.0,10.5,10.5,0.0,9.15,9.15,0.0,182.75,174.5,8.25,196.75,196.75,0.0,0.0,0.0,0.0,0.0,0.0,0.0,
495177,COMMUNITY MEMORIAL HOSPITAL HUNDLEY CENTER,SOUTH HILL,VA,Mecklenburg,117,2017Q4,20171116,92,8.0,8.0,0.0,17.5,17.5,0.0,10.75,10.75,0.0,9.5,9.5,0.0,174.75,145.25,29.5,195.0,195.0,0.0,0.0,0.0,0.0,0.0,0.0,0.0,
495177,COMMUNITY MEMORIAL HOSPITAL HUNDLEY CENTER,SOUTH HILL,VA,Mecklenburg,117,2017Q4,20171117,90,8.0,8.0,0.0,39.0,39.0,0.0,8.75,8.75,0.0,8.87,8.87,0.0,144.0,115.5,28.5,168.0,168.0,0.0,0.0,0.0,0.0,0.0,0.0,0.0,
495177,COMMUNITY MEMORIAL HOSPITAL HUNDLEY CENTER,SOUTH HILL,VA,Mecklenburg,117,2017Q4,20171118,90,0.0,0.0,0.0,13.0,13.0,0.0,0.0,0.0,0.0,0.0,0.0,0.0,156.25,148.25,8.0,164.25,164.25,0.0,0.0,0.0,0.0,0.0,0.0,0.0,
495177,COMMUNITY MEMORIAL HOSPITAL HUNDLEY CENTER,SOUTH HILL,VA,Mecklenburg,117,2017Q4,20171119,90,0.0,0.0,0.0,12.0,12.0,0.0,0.0,0.0,0.0,0.0,0.0,0.0,155.25,147.25,8.0,153.25,153.25,0.0,0.0,0.0,0.0,0.0,0.0,0.0,
495177,COMMUNITY MEMORIAL HOSPITAL HUNDLEY CENTER,SOUTH HILL,VA,Mecklenburg,117,2017Q4,20171120,90,8.0,8.0,0.0,36.5,36.5,0.0,9.5,9.5,0.0,8.25,8.25,0.0,164.75,144.25,20.5,184.25,184.25,0.0,0.0,0.0,0.0,0.0,0.0,0.0,
495177,COMMUNITY MEMORIAL HOSPITAL HUNDLEY CENTER,SOUTH HILL,VA,Mecklenburg,117,2017Q4,20171121,88,8.0,8.0,0.0,37.9,37.9,0.0,10.5,10.5,0.0,7.85,7.85,0.0,169.75,149.5,20.25,190.0,190.0,0.0,0.0,0.0,0.0,0.0,0.0,0.0,
495177,COMMUNITY MEMORIAL HOSPITAL HUNDLEY CENTER,SOUTH HILL,VA,Mecklenburg,117,2017Q4,20171122,86,8.0,8.0,0.0,38.0,38.0,0.0,8.75,8.75,0.0,8.25,8.25,0.0,166.5,157.75,8.75,198.0,198.0,0.0,0.0,0.0,0.0,0.0,0.0,0.0,
495177,COMMUNITY MEMORIAL HOSPITAL HUNDLEY CENTER,SOUTH HILL,VA,Mecklenburg,117,2017Q4,20171123,86,0.0,0.0,0.0,16.0,16.0,0.0,0.0,0.0,0.0,0.0,0.0,0.0,173.8,165.55,8.25,164.5,164.5,0.0,0.0,0.0,0.0,0.0,0.0,0.0,
495177,COMMUNITY MEMORIAL HOSPITAL HUNDLEY CENTER,SOUTH HILL,VA,Mecklenburg,117,2017Q4,20171124,86,0.0,0.0,0.0,21.75,21.75,0.0,9.25,9.25,0.0,8.25,8.25,0.0,162.75,162.75,0.0,182.25,182.25,0.0,0.0,0.0,0.0,0.0,0.0,0.0,
495177,COMMUNITY MEMORIAL HOSPITAL HUNDLEY CENTER,SOUTH HILL,VA,Mecklenburg,117,2017Q4,20171125,86,0.0,0.0,0.0,12.0,12.0,0.0,0.0,0.0,0.0,0.0,0.0,0.0,152.5,140.5,12.0,166.25,166.25,0.0,0.0,0.0,0.0,0.0,0.0,0.0,
495177,COMMUNITY MEMORIAL HOSPITAL HUNDLEY CENTER,SOUTH HILL,VA,Mecklenburg,117,2017Q4,20171126,86,0.0,0.0,0.0,12.75,12.75,0.0,0.0,0.0,0.0,0.0,0.0,0.0,156.0,143.0,13.0,148.5,148.5,0.0,0.0,0.0,0.0,0.0,0.0,0.0,
495177,COMMUNITY MEMORIAL HOSPITAL HUNDLEY CENTER,SOUTH HILL,VA,Mecklenburg,117,2017Q4,20171127,88,8.0,8.0,0.0,21.75,21.75,0.0,10.25,10.25,0.0,8.5,8.5,0.0,170.0,154.0,16.0,168.25,168.25,0.0,0.0,0.0,0.0,0.0,0.0,0.0,
495177,COMMUNITY MEMORIAL HOSPITAL HUNDLEY CENTER,SOUTH HILL,VA,Mecklenburg,117,2017Q4,20171128,88,8.0,8.0,0.0,39.02,39.02,0.0,10.75,10.75,0.0,8.0,8.0,0.0,170.5,150.5,20.0,163.25,163.25,0.0,0.0,0.0,0.0,0.0,0.0,0.0,
495177,COMMUNITY MEMORIAL HOSPITAL HUNDLEY CENTER,SOUTH HILL,VA,Mecklenburg,117,2017Q4,20171129,89,8.0,8.0,0.0,30.75,30.75,0.0,12.75,12.75,0.0,8.25,8.25,0.0,176.25,156.0,20.25,180.02,180.02,0.0,0.0,0.0,0.0,0.0,0.0,0.0,
495177,COMMUNITY MEMORIAL HOSPITAL HUNDLEY CENTER,SOUTH HILL,VA,Mecklenburg,117,2017Q4,20171130,89,8.0,8.0,0.0,30.8,30.8,0.0,10.0,10.0,0.0,8.5,8.5,0.0,164.75,156.75,8.0,124.25,124.25,0.0,0.0,0.0,0.0,0.0,0.0,0.0,
495177,COMMUNITY MEMORIAL HOSPITAL HUNDLEY CENTER,SOUTH HILL,VA,Mecklenburg,117,2017Q4,20171201,89,8.0,8.0,0.0,41.0,41.0,0.0,8.25,8.25,0.0,7.0,7.0,0.0,155.02,143.02,12.0,182.5,182.5,0.0,0.0,0.0,0.0,0.0,0.0,0.0,
495177,COMMUNITY MEMORIAL HOSPITAL HUNDLEY CENTER,SOUTH HILL,VA,Mecklenburg,117,2017Q4,20171202,89,0.0,0.0,0.0,12.5,12.5,0.0,0.0,0.0,0.0,0.0,0.0,0.0,168.75,160.75,8.0,139.0,139.0,0.0,0.0,0.0,0.0,0.0,0.0,0.0,
495177,COMMUNITY MEMORIAL HOSPITAL HUNDLEY CENTER,SOUTH HILL,VA,Mecklenburg,117,2017Q4,20171203,89,0.0,0.0,0.0,20.25,12.25,8.0,0.0,0.0,0.0,0.0,0.0,0.0,160.57,152.57,8.0,129.25,129.25,0.0,0.0,0.0,0.0,0.0,0.0,0.0,
495177,COMMUNITY MEMORIAL HOSPITAL HUNDLEY CENTER,SOUTH HILL,VA,Mecklenburg,117,2017Q4,20171204,87,8.0,8.0,0.0,48.5,40.5,8.0,9.5,9.5,0.0,9.25,9.25,0.0,133.0,133.0,0.0,158.2,158.2,0.0,0.0,0.0,0.0,0.0,0.0,0.0,
495177,COMMUNITY MEMORIAL HOSPITAL HUNDLEY CENTER,SOUTH HILL,VA,Mecklenburg,117,2017Q4,20171205,88,8.0,8.0,0.0,24.5,24.5,0.0,7.38,7.38,0.0,9.0,9.0,0.0,162.25,154.25,8.0,184.25,184.25,0.0,0.0,0.0,0.0,0.0,0.0,0.0,
495177,COMMUNITY MEMORIAL HOSPITAL HUNDLEY CENTER,SOUTH HILL,VA,Mecklenburg,117,2017Q4,20171206,87,8.0,8.0,0.0,39.0,30.0,9.0,8.5,8.5,0.0,0.0,0.0,0.0,150.75,134.25,16.5,191.25,191.25,0.0,0.0,0.0,0.0,0.0,0.0,0.0,
495177,COMMUNITY MEMORIAL HOSPITAL HUNDLEY CENTER,SOUTH HILL,VA,Mecklenburg,117,2017Q4,20171207,85,8.0,8.0,0.0,27.0,18.75,8.25,9.0,9.0,0.0,8.5,8.5,0.0,172.5,144.25,28.25,170.0,170.0,0.0,0.0,0.0,0.0,0.0,0.0,0.0,
495177,COMMUNITY MEMORIAL HOSPITAL HUNDLEY CENTER,SOUTH HILL,VA,Mecklenburg,117,2017Q4,20171208,84,8.0,8.0,0.0,47.0,38.5,8.5,9.0,9.0,0.0,8.25,8.25,0.0,149.5,122.0,27.5,161.25,161.25,0.0,0.0,0.0,0.0,0.0,0.0,0.0,
495177,COMMUNITY MEMORIAL HOSPITAL HUNDLEY CENTER,SOUTH HILL,VA,Mecklenburg,117,2017Q4,20171209,83,0.0,0.0,0.0,20.25,12.25,8.0,0.0,0.0,0.0,0.0,0.0,0.0,129.88,117.63,12.25,141.5,141.5,0.0,0.0,0.0,0.0,0.0,0.0,0.0,
495177,COMMUNITY MEMORIAL HOSPITAL HUNDLEY CENTER,SOUTH HILL,VA,Mecklenburg,117,2017Q4,20171210,83,0.0,0.0,0.0,12.0,12.0,0.0,0.0,0.0,0.0,0.0,0.0,0.0,131.5,111.75,19.75,129.25,129.25,0.0,0.0,0.0,0.0,0.0,0.0,0.0,
495177,COMMUNITY MEMORIAL HOSPITAL HUNDLEY CENTER,SOUTH HILL,VA,Mecklenburg,117,2017Q4,20171211,84,8.0,8.0,0.0,57.67,49.67,8.0,9.5,9.5,0.0,7.85,7.85,0.0,137.72,137.72,0.0,165.5,165.5,0.0,0.0,0.0,0.0,0.0,0.0,0.0,
495177,COMMUNITY MEMORIAL HOSPITAL HUNDLEY CENTER,SOUTH HILL,VA,Mecklenburg,117,2017Q4,20171212,86,8.0,8.0,0.0,38.75,30.75,8.0,9.5,9.5,0.0,8.5,8.5,0.0,166.5,158.5,8.0,203.5,203.5,0.0,0.0,0.0,0.0,0.0,0.0,0.0,
495177,COMMUNITY MEMORIAL HOSPITAL HUNDLEY CENTER,SOUTH HILL,VA,Mecklenburg,117,2017Q4,20171213,83,8.0,8.0,0.0,37.0,28.75,8.25,11.0,11.0,0.0,8.25,8.25,0.0,167.0,150.25,16.75,204.5,204.5,0.0,0.0,0.0,0.0,0.0,0.0,0.0,
495177,COMMUNITY MEMORIAL HOSPITAL HUNDLEY CENTER,SOUTH HILL,VA,Mecklenburg,117,2017Q4,20171214,84,8.0,8.0,0.0,19.75,19.75,0.0,8.75,8.75,0.0,8.0,8.0,0.0,156.0,128.0,28.0,185.98,185.98,0.0,0.0,0.0,0.0,0.0,0.0,0.0,
495177,COMMUNITY MEMORIAL HOSPITAL HUNDLEY CENTER,SOUTH HILL,VA,Mecklenburg,117,2017Q4,20171215,84,8.0,8.0,0.0,47.92,39.42,8.5,0.0,0.0,0.0,8.25,8.25,0.0,142.0,122.0,20.0,171.0,171.0,0.0,0.0,0.0,0.0,0.0,0.0,0.0,
495177,COMMUNITY MEMORIAL HOSPITAL HUNDLEY CENTER,SOUTH HILL,VA,Mecklenburg,117,2017Q4,20171216,84,0.0,0.0,0.0,20.25,12.25,8.0,0.0,0.0,0.0,0.0,0.0,0.0,152.75,144.75,8.0,132.25,132.25,0.0,0.0,0.0,0.0,0.0,0.0,0.0,
495177,COMMUNITY MEMORIAL HOSPITAL HUNDLEY CENTER,SOUTH HILL,VA,Mecklenburg,117,2017Q4,20171217,84,0.0,0.0,0.0,20.27,12.27,8.0,0.0,0.0,0.0,0.0,0.0,0.0,139.75,139.75,0.0,134.25,134.25,0.0,0.0,0.0,0.0,0.0,0.0,0.0,
495177,COMMUNITY MEMORIAL HOSPITAL HUNDLEY CENTER,SOUTH HILL,VA,Mecklenburg,117,2017Q4,20171218,86,8.0,8.0,0.0,47.55,39.3,8.25,0.0,0.0,0.0,8.75,8.75,0.0,151.0,139.0,12.0,146.92,146.92,0.0,0.0,0.0,0.0,0.0,0.0,0.0,
495177,COMMUNITY MEMORIAL HOSPITAL HUNDLEY CENTER,SOUTH HILL,VA,Mecklenburg,117,2017Q4,20171219,87,8.0,8.0,0.0,36.75,36.75,0.0,9.25,9.25,0.0,9.5,9.5,0.0,174.5,150.75,23.75,191.75,191.75,0.0,0.0,0.0,0.0,0.0,0.0,0.0,
495177,COMMUNITY MEMORIAL HOSPITAL HUNDLEY CENTER,SOUTH HILL,VA,Mecklenburg,117,2017Q4,20171220,86,8.0,8.0,0.0,41.75,33.5,8.25,9.0,9.0,0.0,8.25,8.25,0.0,167.25,139.5,27.75,192.5,192.5,0.0,0.0,0.0,0.0,0.0,0.0,0.0,
495177,COMMUNITY MEMORIAL HOSPITAL HUNDLEY CENTER,SOUTH HILL,VA,Mecklenburg,117,2017Q4,20171221,85,8.0,8.0,0.0,27.75,19.5,8.25,8.5,8.5,0.0,8.0,8.0,0.0,190.25,173.5,16.75,196.25,196.25,0.0,0.0,0.0,0.0,0.0,0.0,0.0,
495177,COMMUNITY MEMORIAL HOSPITAL HUNDLEY CENTER,SOUTH HILL,VA,Mecklenburg,117,2017Q4,20171222,83,8.0,8.0,0.0,38.75,30.25,8.5,8.0,8.0,0.0,8.0,8.0,0.0,149.5,141.75,7.75,162.75,162.75,0.0,0.0,0.0,0.0,0.0,0.0,0.0,
495177,COMMUNITY MEMORIAL HOSPITAL HUNDLEY CENTER,SOUTH HILL,VA,Mecklenburg,117,2017Q4,20171223,81,0.0,0.0,0.0,11.75,11.75,0.0,3.0,3.0,0.0,0.0,0.0,0.0,145.5,133.5,12.0,130.0,130.0,0.0,0.0,0.0,0.0,0.0,0.0,0.0,
495177,COMMUNITY MEMORIAL HOSPITAL HUNDLEY CENTER,SOUTH HILL,VA,Mecklenburg,117,2017Q4,20171224,80,0.0,0.0,0.0,16.75,16.75,0.0,0.0,0.0,0.0,0.0,0.0,0.0,125.0,113.0,12.0,154.5,154.5,0.0,0.0,0.0,0.0,0.0,0.0,0.0,
495177,COMMUNITY MEMORIAL HOSPITAL HUNDLEY CENTER,SOUTH HILL,VA,Mecklenburg,117,2017Q4,20171225,79,0.0,0.0,0.0,20.75,12.5,8.25,0.0,0.0,0.0,0.0,0.0,0.0,136.75,124.75,12.0,145.0,145.0,0.0,0.0,0.0,0.0,0.0,0.0,0.0,
495177,COMMUNITY MEMORIAL HOSPITAL HUNDLEY CENTER,SOUTH HILL,VA,Mecklenburg,117,2017Q4,20171226,80,8.0,8.0,0.0,34.25,25.75,8.5,8.5,8.5,0.0,9.25,9.25,0.0,159.75,147.75,12.0,209.75,209.75,0.0,0.0,0.0,0.0,0.0,0.0,0.0,
495177,COMMUNITY MEMORIAL HOSPITAL HUNDLEY CENTER,SOUTH HILL,VA,Mecklenburg,117,2017Q4,20171227,82,8.0,8.0,0.0,48.0,39.75,8.25,8.5,8.5,0.0,8.25,8.25,0.0,147.75,147.75,0.0,193.5,193.5,0.0,0.0,0.0,0.0,0.0,0.0,0.0,
495177,COMMUNITY MEMORIAL HOSPITAL HUNDLEY CENTER,SOUTH HILL,VA,Mecklenburg,117,2017Q4,20171228,84,8.0,8.0,0.0,27.0,27.0,0.0,8.75,8.75,0.0,8.75,8.75,0.0,166.5,166.5,0.0,194.0,194.0,0.0,0.0,0.0,0.0,0.0,0.0,0.0,
495177,COMMUNITY MEMORIAL HOSPITAL HUNDLEY CENTER,SOUTH HILL,VA,Mecklenburg,117,2017Q4,20171229,85,8.0,8.0,0.0,38.25,30.0,8.25,9.75,9.75,0.0,8.25,8.25,0.0,133.0,124.75,8.25,161.5,161.5,0.0,0.0,0.0,0.0,0.0,0.0,0.0,
495177,COMMUNITY MEMORIAL HOSPITAL HUNDLEY CENTER,SOUTH HILL,VA,Mecklenburg,117,2017Q4,20171230,85,0.0,0.0,0.0,20.5,12.25,8.25,0.0,0.0,0.0,0.0,0.0,0.0,148.0,140.0,8.0,114.5,114.5,0.0,0.0,0.0,0.0,0.0,0.0,0.0,
495177,COMMUNITY MEMORIAL HOSPITAL HUNDLEY CENTER,SOUTH HILL,VA,Mecklenburg,117,2017Q4,20171231,84,0.0,0.0,0.0,23.75,15.75,8.0,0.0,0.0,0.0,0.0,0.0,0.0,136.0,127.5,8.5,82.25,82.25,0.0,0.0,0.0,0.0,0.0,0.0,0.0,
495177,COMMUNITY MEMORIAL HOSPITAL HUNDLEY CENTER,SOUTH HILL,VA,Mecklenburg,117,2018Q1,20180101,82,0.0,0.0,0.0,36.75,27.75,9.0,8.25,8.25,0.0,8.0,8.0,0.0,158.25,143.25,15.0,155.25,155.25,0.0,0.0,0.0,0.0,0.0,0.0,0.0,
495177,COMMUNITY MEMORIAL HOSPITAL HUNDLEY CENTER,SOUTH HILL,VA,Mecklenburg,117,2018Q1,20180102,81,8.0,8.0,0.0,29.02,29.02,0.0,9.0,9.0,0.0,8.0,8.0,0.0,151.0,135.0,16.0,180.5,180.5,0.0,0.0,0.0,0.0,0.0,0.0,0.0,
495177,COMMUNITY MEMORIAL HOSPITAL HUNDLEY CENTER,SOUTH HILL,VA,Mecklenburg,117,2018Q1,20180103,82,8.0,8.0,0.0,45.2,37.2,8.0,7.75,7.75,0.0,7.75,7.75,0.0,144.75,136.25,8.5,166.5,166.5,0.0,0.0,0.0,0.0,0.0,0.0,0.0,
495177,COMMUNITY MEMORIAL HOSPITAL HUNDLEY CENTER,SOUTH HILL,VA,Mecklenburg,117,2018Q1,20180104,86,8.0,8.0,0.0,38.0,29.0,9.0,8.0,8.0,0.0,0.0,0.0,0.0,174.5,150.5,24.0,143.25,143.25,0.0,0.0,0.0,0.0,0.0,0.0,0.0,
495177,COMMUNITY MEMORIAL HOSPITAL HUNDLEY CENTER,SOUTH HILL,VA,Mecklenburg,117,2018Q1,20180105,87,8.0,8.0,0.0,50.75,41.5,9.25,8.25,8.25,0.0,8.0,8.0,0.0,128.75,110.0,18.75,149.5,149.5,0.0,0.0,0.0,0.0,0.0,0.0,0.0,
495177,COMMUNITY MEMORIAL HOSPITAL HUNDLEY CENTER,SOUTH HILL,VA,Mecklenburg,117,2018Q1,20180106,87,0.0,0.0,0.0,11.5,11.5,0.0,0.0,0.0,0.0,0.0,0.0,0.0,150.22,138.22,12.0,144.0,144.0,0.0,0.0,0.0,0.0,0.0,0.0,0.0,
495177,COMMUNITY MEMORIAL HOSPITAL HUNDLEY CENTER,SOUTH HILL,VA,Mecklenburg,117,2018Q1,20180107,87,0.0,0.0,0.0,12.25,12.25,0.0,0.0,0.0,0.0,0.0,0.0,0.0,160.48,148.48,12.0,149.5,149.5,0.0,0.0,0.0,0.0,0.0,0.0,0.0,
495177,COMMUNITY MEMORIAL HOSPITAL HUNDLEY CENTER,SOUTH HILL,VA,Mecklenburg,117,2018Q1,20180108,91,8.0,8.0,0.0,38.0,29.75,8.25,8.25,8.25,0.0,8.5,8.5,0.0,159.25,151.25,8.0,140.0,140.0,0.0,0.0,0.0,0.0,0.0,0.0,0.0,
495177,COMMUNITY MEMORIAL HOSPITAL HUNDLEY CENTER,SOUTH HILL,VA,Mecklenburg,117,2018Q1,20180109,90,8.0,8.0,0.0,48.05,39.55,8.5,8.25,8.25,0.0,8.25,8.25,0.0,150.75,142.75,8.0,180.0,180.0,0.0,0.0,0.0,0.0,0.0,0.0,0.0,
495177,COMMUNITY MEMORIAL HOSPITAL HUNDLEY CENTER,SOUTH HILL,VA,Mecklenburg,117,2018Q1,20180110,89,8.0,8.0,0.0,41.75,41.75,0.0,8.5,8.5,0.0,9.0,9.0,0.0,176.25,160.25,16.0,158.5,158.5,0.0,0.0,0.0,0.0,0.0,0.0,0.0,
495177,COMMUNITY MEMORIAL HOSPITAL HUNDLEY CENTER,SOUTH HILL,VA,Mecklenburg,117,2018Q1,20180111,89,8.0,8.0,0.0,17.5,9.0,8.5,8.25,8.25,0.0,8.5,8.5,0.0,160.5,132.5,28.0,158.0,158.0,0.0,0.0,0.0,0.0,0.0,0.0,0.0,
495177,COMMUNITY MEMORIAL HOSPITAL HUNDLEY CENTER,SOUTH HILL,VA,Mecklenburg,117,2018Q1,20180112,90,8.0,8.0,0.0,39.0,30.5,8.5,8.75,8.75,0.0,8.0,8.0,0.0,132.0,120.0,12.0,153.5,153.5,0.0,0.0,0.0,0.0,0.0,0.0,0.0,
495177,COMMUNITY MEMORIAL HOSPITAL HUNDLEY CENTER,SOUTH HILL,VA,Mecklenburg,117,2018Q1,20180113,90,0.0,0.0,0.0,20.75,12.5,8.25,0.0,0.0,0.0,0.0,0.0,0.0,150.75,142.75,8.0,123.5,123.5,0.0,0.0,0.0,0.0,0.0,0.0,0.0,
495177,COMMUNITY MEMORIAL HOSPITAL HUNDLEY CENTER,SOUTH HILL,VA,Mecklenburg,117,2018Q1,20180114,89,0.0,0.0,0.0,20.75,12.25,8.5,0.0,0.0,0.0,0.0,0.0,0.0,150.75,142.75,8.0,140.0,140.0,0.0,0.0,0.0,0.0,0.0,0.0,0.0,
495177,COMMUNITY MEMORIAL HOSPITAL HUNDLEY CENTER,SOUTH HILL,VA,Mecklenburg,117,2018Q1,20180115,91,8.0,8.0,0.0,50.0,41.0,9.0,8.25,8.25,0.0,8.25,8.25,0.0,150.75,138.75,12.0,165.5,165.5,0.0,0.0,0.0,0.0,0.0,0.0,0.0,
495177,COMMUNITY MEMORIAL HOSPITAL HUNDLEY CENTER,SOUTH HILL,VA,Mecklenburg,117,2018Q1,20180116,91,8.0,8.0,0.0,38.75,38.75,0.0,8.25,8.25,0.0,8.25,8.25,0.0,180.75,153.5,27.25,167.0,167.0,0.0,0.0,0.0,0.0,0.0,0.0,0.0,
495177,COMMUNITY MEMORIAL HOSPITAL HUNDLEY CENTER,SOUTH HILL,VA,Mecklenburg,117,2018Q1,20180117,90,8.0,8.0,0.0,46.0,38.0,8.0,7.25,7.25,0.0,8.25,8.25,0.0,140.75,124.75,16.0,145.25,145.25,0.0,0.0,0.0,0.0,0.0,0.0,0.0,
495177,COMMUNITY MEMORIAL HOSPITAL HUNDLEY CENTER,SOUTH HILL,VA,Mecklenburg,117,2018Q1,20180118,89,8.0,8.0,0.0,24.0,15.5,8.5,8.75,8.75,0.0,6.0,6.0,0.0,132.75,124.75,8.0,116.0,116.0,0.0,0.0,0.0,0.0,0.0,0.0,0.0,
495177,COMMUNITY MEMORIAL HOSPITAL HUNDLEY CENTER,SOUTH HILL,VA,Mecklenburg,117,2018Q1,20180119,88,8.0,8.0,0.0,44.5,36.25,8.25,9.0,9.0,0.0,9.0,9.0,0.0,150.0,141.5,8.5,135.75,135.75,0.0,0.0,0.0,0.0,0.0,0.0,0.0,
495177,COMMUNITY MEMORIAL HOSPITAL HUNDLEY CENTER,SOUTH HILL,VA,Mecklenburg,117,2018Q1,20180120,88,0.0,0.0,0.0,12.25,12.25,0.0,0.0,0.0,0.0,0.0,0.0,0.0,127.0,115.0,12.0,142.25,142.25,0.0,0.0,0.0,0.0,0.0,0.0,0.0,
495177,COMMUNITY MEMORIAL HOSPITAL HUNDLEY CENTER,SOUTH HILL,VA,Mecklenburg,117,2018Q1,20180121,88,0.0,0.0,0.0,20.5,20.5,0.0,0.0,0.0,0.0,0.0,0.0,0.0,136.5,124.5,12.0,140.0,140.0,0.0,0.0,0.0,0.0,0.0,0.0,0.0,
495177,COMMUNITY MEMORIAL HOSPITAL HUNDLEY CENTER,SOUTH HILL,VA,Mecklenburg,117,2018Q1,20180122,89,8.0,8.0,0.0,41.68,33.68,8.0,8.5,8.5,0.0,8.0,8.0,0.0,144.0,144.0,0.0,144.5,144.5,0.0,0.0,0.0,0.0,0.0,0.0,0.0,
495177,COMMUNITY MEMORIAL HOSPITAL HUNDLEY CENTER,SOUTH HILL,VA,Mecklenburg,117,2018Q1,20180123,91,8.0,8.0,0.0,47.53,39.28,8.25,9.75,9.75,0.0,8.5,8.5,0.0,171.0,161.5,9.5,149.25,149.25,0.0,0.0,0.0,0.0,0.0,0.0,0.0,
495177,COMMUNITY MEMORIAL HOSPITAL HUNDLEY CENTER,SOUTH HILL,VA,Mecklenburg,117,2018Q1,20180124,94,8.0,8.0,0.0,42.5,42.5,0.0,12.0,12.0,0.0,10.0,10.0,0.0,164.5,156.5,8.0,156.25,156.25,0.0,0.0,0.0,0.0,0.0,0.0,0.0,
495177,COMMUNITY MEMORIAL HOSPITAL HUNDLEY CENTER,SOUTH HILL,VA,Mecklenburg,117,2018Q1,20180125,95,8.0,8.0,0.0,35.5,26.5,9.0,11.5,11.5,0.0,9.0,9.0,0.0,143.5,115.25,28.25,149.25,149.25,0.0,0.0,0.0,0.0,0.0,0.0,0.0,
495177,COMMUNITY MEMORIAL HOSPITAL HUNDLEY CENTER,SOUTH HILL,VA,Mecklenburg,117,2018Q1,20180126,92,8.0,8.0,0.0,46.43,37.93,8.5,13.25,13.25,0.0,9.0,9.0,0.0,159.1,150.85,8.25,156.0,156.0,0.0,0.0,0.0,0.0,0.0,0.0,0.0,
495177,COMMUNITY MEMORIAL HOSPITAL HUNDLEY CENTER,SOUTH HILL,VA,Mecklenburg,117,2018Q1,20180127,91,0.0,0.0,0.0,17.75,9.25,8.5,0.0,0.0,0.0,0.0,0.0,0.0,139.0,131.0,8.0,110.5,110.5,0.0,0.0,0.0,0.0,0.0,0.0,0.0,
495177,COMMUNITY MEMORIAL HOSPITAL HUNDLEY CENTER,SOUTH HILL,VA,Mecklenburg,117,2018Q1,20180128,91,0.0,0.0,0.0,20.5,12.25,8.25,0.0,0.0,0.0,0.0,0.0,0.0,141.25,133.25,8.0,104.5,104.5,0.0,0.0,0.0,0.0,0.0,0.0,0.0,
495177,COMMUNITY MEMORIAL HOSPITAL HUNDLEY CENTER,SOUTH HILL,VA,Mecklenburg,117,2018Q1,20180129,91,8.0,8.0,0.0,39.5,31.25,8.25,8.5,8.5,0.0,8.75,8.75,0.0,143.0,131.0,12.0,154.5,146.5,8.0,0.0,0.0,0.0,0.0,0.0,0.0,
495177,COMMUNITY MEMORIAL HOSPITAL HUNDLEY CENTER,SOUTH HILL,VA,Mecklenburg,117,2018Q1,20180130,91,8.0,8.0,0.0,32.0,32.0,0.0,8.5,8.5,0.0,8.25,8.25,0.0,173.75,153.75,20.0,155.75,139.75,16.0,0.0,0.0,0.0,0.0,0.0,0.0,
495177,COMMUNITY MEMORIAL HOSPITAL HUNDLEY CENTER,SOUTH HILL,VA,Mecklenburg,117,2018Q1,20180131,92,8.0,8.0,0.0,36.5,28.0,8.5,8.25,8.25,0.0,7.5,7.5,0.0,174.75,146.5,28.25,125.25,117.25,8.0,0.0,0.0,0.0,0.0,0.0,0.0,
495177,COMMUNITY MEMORIAL HOSPITAL HUNDLEY CENTER,SOUTH HILL,VA,Mecklenburg,117,2018Q1,20180201,92,8.0,8.0,0.0,27.5,19.0,8.5,8.25,8.25,0.0,8.25,8.25,0.0,204.65,187.9,16.75,172.0,164.25,7.75,0.0,0.0,0.0,0.0,0.0,0.0,
495177,COMMUNITY MEMORIAL HOSPITAL HUNDLEY CENTER,SOUTH HILL,VA,Mecklenburg,117,2018Q1,20180202,90,8.0,8.0,0.0,39.25,31.0,8.25,8.5,8.5,0.0,8.0,8.0,0.0,160.93,152.93,8.0,131.5,123.5,8.0,0.0,0.0,0.0,0.0,0.0,0.0,
495177,COMMUNITY MEMORIAL HOSPITAL HUNDLEY CENTER,SOUTH HILL,VA,Mecklenburg,117,2018Q1,20180203,90,0.0,0.0,0.0,12.0,12.0,0.0,0.0,0.0,0.0,0.0,0.0,0.0,143.75,143.75,0.0,138.25,132.75,5.5,0.0,0.0,0.0,0.0,0.0,0.0,
495177,COMMUNITY MEMORIAL HOSPITAL HUNDLEY CENTER,SOUTH HILL,VA,Mecklenburg,117,2018Q1,20180204,90,0.0,0.0,0.0,12.5,12.5,0.0,0.0,0.0,0.0,0.0,0.0,0.0,141.75,141.75,0.0,125.25,125.25,0.0,0.0,0.0,0.0,0.0,0.0,0.0,
495177,COMMUNITY MEMORIAL HOSPITAL HUNDLEY CENTER,SOUTH HILL,VA,Mecklenburg,117,2018Q1,20180205,90,8.0,8.0,0.0,29.0,20.5,8.5,8.75,8.75,0.0,8.25,8.25,0.0,149.6,141.5,8.1,119.5,111.5,8.0,0.0,0.0,0.0,0.0,0.0,0.0,
495177,COMMUNITY MEMORIAL HOSPITAL HUNDLEY CENTER,SOUTH HILL,VA,Mecklenburg,117,2018Q1,20180206,89,8.0,8.0,0.0,30.25,22.25,8.0,8.5,8.5,0.0,8.25,8.25,0.0,142.48,134.73,7.75,163.75,163.75,0.0,0.0,0.0,0.0,0.0,0.0,0.0,
495177,COMMUNITY MEMORIAL HOSPITAL HUNDLEY CENTER,SOUTH HILL,VA,Mecklenburg,117,2018Q1,20180207,88,8.0,8.0,0.0,38.0,29.75,8.25,8.25,8.25,0.0,7.5,7.5,0.0,163.75,163.75,0.0,156.75,150.0,6.75,0.0,0.0,0.0,0.0,0.0,0.0,
495177,COMMUNITY MEMORIAL HOSPITAL HUNDLEY CENTER,SOUTH HILL,VA,Mecklenburg,117,2018Q1,20180208,89,8.0,8.0,0.0,28.5,20.5,8.0,8.25,8.25,0.0,8.0,8.0,0.0,150.97,138.87,12.1,163.75,155.5,8.25,0.0,0.0,0.0,0.0,0.0,0.0,
495177,COMMUNITY MEMORIAL HOSPITAL HUNDLEY CENTER,SOUTH HILL,VA,Mecklenburg,117,2018Q1,20180209,91,8.0,8.0,0.0,29.5,29.5,0.0,8.25,8.25,0.0,8.5,8.5,0.0,166.65,158.75,7.9,115.75,115.75,0.0,0.0,0.0,0.0,0.0,0.0,0.0,
495177,COMMUNITY MEMORIAL HOSPITAL HUNDLEY CENTER,SOUTH HILL,VA,Mecklenburg,117,2018Q1,20180210,91,0.0,0.0,0.0,17.25,8.75,8.5,0.75,0.75,0.0,0.0,0.0,0.0,155.25,147.0,8.25,123.0,108.0,15.0,0.0,0.0,0.0,0.0,0.0,0.0,
495177,COMMUNITY MEMORIAL HOSPITAL HUNDLEY CENTER,SOUTH HILL,VA,Mecklenburg,117,2018Q1,20180211,90,0.0,0.0,0.0,23.75,15.75,8.0,0.0,0.0,0.0,0.0,0.0,0.0,147.77,132.25,15.52,114.25,99.25,15.0,0.0,0.0,0.0,0.0,0.0,0.0,
495177,COMMUNITY MEMORIAL HOSPITAL HUNDLEY CENTER,SOUTH HILL,VA,Mecklenburg,117,2018Q1,20180212,90,8.0,8.0,0.0,29.0,29.0,0.0,0.0,0.0,0.0,8.25,8.25,0.0,135.5,135.5,0.0,156.5,148.0,8.5,0.0,0.0,0.0,0.0,0.0,0.0,
495177,COMMUNITY MEMORIAL HOSPITAL HUNDLEY CENTER,SOUTH HILL,VA,Mecklenburg,117,2018Q1,20180213,87,8.0,8.0,0.0,37.5,29.25,8.25,8.25,8.25,0.0,8.25,8.25,0.0,171.75,163.75,8.0,132.25,124.25,8.0,0.0,0.0,0.0,0.0,0.0,0.0,
495177,COMMUNITY MEMORIAL HOSPITAL HUNDLEY CENTER,SOUTH HILL,VA,Mecklenburg,117,2018Q1,20180214,87,8.0,8.0,0.0,37.75,29.75,8.0,8.25,8.25,0.0,7.5,7.5,0.0,153.0,140.25,12.75,153.54,137.79,15.75,0.0,0.0,0.0,0.0,0.0,0.0,
495177,COMMUNITY MEMORIAL HOSPITAL HUNDLEY CENTER,SOUTH HILL,VA,Mecklenburg,117,2018Q1,20180215,88,8.0,8.0,0.0,28.25,20.0,8.25,7.25,7.25,0.0,8.25,8.25,0.0,155.5,155.5,0.0,172.54,156.47,16.07,0.0,0.0,0.0,0.0,0.0,0.0,
495177,COMMUNITY MEMORIAL HOSPITAL HUNDLEY CENTER,SOUTH HILL,VA,Mecklenburg,117,2018Q1,20180216,88,8.0,8.0,0.0,38.75,30.25,8.5,8.25,8.25,0.0,8.25,8.25,0.0,150.5,142.75,7.75,160.28,152.53,7.75,0.0,0.0,0.0,0.0,0.0,0.0,
495177,COMMUNITY MEMORIAL HOSPITAL HUNDLEY CENTER,SOUTH HILL,VA,Mecklenburg,117,2018Q1,20180217,86,0.0,0.0,0.0,10.75,10.75,0.0,0.0,0.0,0.0,0.0,0.0,0.0,148.25,148.25,0.0,137.33,129.33,8.0,0.0,0.0,0.0,0.0,0.0,0.0,
495177,COMMUNITY MEMORIAL HOSPITAL HUNDLEY CENTER,SOUTH HILL,VA,Mecklenburg,117,2018Q1,20180218,86,0.0,0.0,0.0,12.7,12.7,0.0,0.0,0.0,0.0,0.0,0.0,0.0,149.25,149.25,0.0,141.25,133.25,8.0,0.0,0.0,0.0,0.0,0.0,0.0,
495177,COMMUNITY MEMORIAL HOSPITAL HUNDLEY CENTER,SOUTH HILL,VA,Mecklenburg,117,2018Q1,20180219,86,8.0,8.0,0.0,37.0,28.0,9.0,8.5,8.5,0.0,8.0,8.0,0.0,150.75,150.75,0.0,156.25,147.75,8.5,0.0,0.0,0.0,0.0,0.0,0.0,
495177,COMMUNITY MEMORIAL HOSPITAL HUNDLEY CENTER,SOUTH HILL,VA,Mecklenburg,117,2018Q1,20180220,86,8.0,8.0,0.0,40.25,32.25,8.0,8.25,8.25,0.0,8.0,8.0,0.0,153.0,153.0,0.0,139.5,139.5,0.0,0.0,0.0,0.0,0.0,0.0,0.0,
495177,COMMUNITY MEMORIAL HOSPITAL HUNDLEY CENTER,SOUTH HILL,VA,Mecklenburg,117,2018Q1,20180221,88,8.0,8.0,0.0,26.25,26.25,0.0,8.25,8.25,0.0,8.0,8.0,0.0,153.37,129.25,24.12,157.25,157.25,0.0,0.0,0.0,0.0,0.0,0.0,0.0,
495177,COMMUNITY MEMORIAL HOSPITAL HUNDLEY CENTER,SOUTH HILL,VA,Mecklenburg,117,2018Q1,20180222,90,0.0,0.0,0.0,28.75,20.5,8.25,9.0,9.0,0.0,8.25,8.25,0.0,142.75,142.75,0.0,148.75,148.75,0.0,0.0,0.0,0.0,0.0,0.0,0.0,
495177,COMMUNITY MEMORIAL HOSPITAL HUNDLEY CENTER,SOUTH HILL,VA,Mecklenburg,117,2018Q1,20180223,90,8.0,8.0,0.0,29.25,20.5,8.75,8.25,8.25,0.0,8.0,8.0,0.0,156.18,140.0,16.18,133.25,125.5,7.75,0.0,0.0,0.0,0.0,0.0,0.0,
495177,COMMUNITY MEMORIAL HOSPITAL HUNDLEY CENTER,SOUTH HILL,VA,Mecklenburg,117,2018Q1,20180224,89,0.0,0.0,0.0,20.5,12.5,8.0,0.0,0.0,0.0,0.0,0.0,0.0,140.5,132.25,8.25,108.0,92.5,15.5,0.0,0.0,0.0,0.0,0.0,0.0,
495177,COMMUNITY MEMORIAL HOSPITAL HUNDLEY CENTER,SOUTH HILL,VA,Mecklenburg,117,2018Q1,20180225,88,0.0,0.0,0.0,20.25,12.25,8.0,0.0,0.0,0.0,0.0,0.0,0.0,136.0,128.0,8.0,122.75,107.75,15.0,0.0,0.0,0.0,0.0,0.0,0.0,
495177,COMMUNITY MEMORIAL HOSPITAL HUNDLEY CENTER,SOUTH HILL,VA,Mecklenburg,117,2018Q1,20180226,89,8.0,8.0,0.0,34.0,34.0,0.0,8.0,8.0,0.0,8.0,8.0,0.0,165.25,165.25,0.0,155.75,155.75,0.0,0.0,0.0,0.0,0.0,0.0,0.0,
495177,COMMUNITY MEMORIAL HOSPITAL HUNDLEY CENTER,SOUTH HILL,VA,Mecklenburg,117,2018Q1,20180227,90,8.0,8.0,0.0,38.75,30.25,8.5,8.0,8.0,0.0,8.5,8.5,0.0,160.25,155.0,5.25,160.5,152.0,8.5,0.0,0.0,0.0,0.0,0.0,0.0,
495177,COMMUNITY MEMORIAL HOSPITAL HUNDLEY CENTER,SOUTH HILL,VA,Mecklenburg,117,2018Q1,20180228,91,8.0,8.0,0.0,37.75,29.25,8.5,8.25,8.25,0.0,7.5,7.5,0.0,107.5,106.5,1.0,127.5,127.5,0.0,0.0,0.0,0.0,0.0,0.0,0.0,
495177,COMMUNITY MEMORIAL HOSPITAL HUNDLEY CENTER,SOUTH HILL,VA,Mecklenburg,117,2018Q1,20180301,92,8.0,8.0,0.0,26.5,18.25,8.25,8.25,8.25,0.0,8.25,8.25,0.0,180.75,165.5,15.25,212.87,197.5,15.37,0.0,0.0,0.0,0.0,0.0,0.0,
495177,COMMUNITY MEMORIAL HOSPITAL HUNDLEY CENTER,SOUTH HILL,VA,Mecklenburg,117,2018Q1,20180302,90,8.0,8.0,0.0,39.25,31.0,8.25,8.25,8.25,0.0,8.25,8.25,0.0,148.75,132.75,16.0,136.25,125.5,10.75,0.0,0.0,0.0,0.0,0.0,0.0,
495177,COMMUNITY MEMORIAL HOSPITAL HUNDLEY CENTER,SOUTH HILL,VA,Mecklenburg,117,2018Q1,20180303,89,0.0,0.0,0.0,12.25,12.25,0.0,0.0,0.0,0.0,0.0,0.0,0.0,151.0,151.0,0.0,143.5,135.5,8.0,0.0,0.0,0.0,0.0,0.0,0.0,
495177,COMMUNITY MEMORIAL HOSPITAL HUNDLEY CENTER,SOUTH HILL,VA,Mecklenburg,117,2018Q1,20180304,89,0.0,0.0,0.0,12.5,12.5,0.0,0.0,0.0,0.0,0.0,0.0,0.0,157.25,149.25,8.0,125.25,125.25,0.0,0.0,0.0,0.0,0.0,0.0,0.0,
495177,COMMUNITY MEMORIAL HOSPITAL HUNDLEY CENTER,SOUTH HILL,VA,Mecklenburg,117,2018Q1,20180305,89,8.0,8.0,0.0,38.0,29.5,8.5,8.25,8.25,0.0,8.0,8.0,0.0,148.98,141.0,7.98,165.27,150.0,15.27,0.0,0.0,0.0,0.0,0.0,0.0,
495177,COMMUNITY MEMORIAL HOSPITAL HUNDLEY CENTER,SOUTH HILL,VA,Mecklenburg,117,2018Q1,20180306,90,8.0,8.0,0.0,43.25,35.25,8.0,8.25,8.25,0.0,9.25,9.25,0.0,144.5,136.5,8.0,175.5,167.5,8.0,0.0,0.0,0.0,0.0,0.0,0.0,
495177,COMMUNITY MEMORIAL HOSPITAL HUNDLEY CENTER,SOUTH HILL,VA,Mecklenburg,117,2018Q1,20180307,90,8.0,8.0,0.0,39.0,30.0,9.0,8.0,8.0,0.0,8.0,8.0,0.0,158.75,142.0,16.75,167.25,157.25,10.0,0.0,0.0,0.0,0.0,0.0,0.0,
495177,COMMUNITY MEMORIAL HOSPITAL HUNDLEY CENTER,SOUTH HILL,VA,Mecklenburg,117,2018Q1,20180308,89,8.0,8.0,0.0,25.65,16.65,9.0,9.25,9.25,0.0,10.0,10.0,0.0,160.0,160.0,0.0,172.87,162.87,10.0,0.0,0.0,0.0,0.0,0.0,0.0,
495177,COMMUNITY MEMORIAL HOSPITAL HUNDLEY CENTER,SOUTH HILL,VA,Mecklenburg,117,2018Q1,20180309,90,8.0,8.0,0.0,30.25,30.25,0.0,11.0,11.0,0.0,0.0,0.0,0.0,155.25,142.0,13.25,151.71,133.71,18.0,0.0,0.0,0.0,0.0,0.0,0.0,
495177,COMMUNITY MEMORIAL HOSPITAL HUNDLEY CENTER,SOUTH HILL,VA,Mecklenburg,117,2018Q1,20180310,90,0.0,0.0,0.0,18.75,10.5,8.25,0.0,0.0,0.0,0.0,0.0,0.0,127.5,120.5,7.0,109.25,86.75,22.5,0.0,0.0,0.0,0.0,0.0,0.0,
495177,COMMUNITY MEMORIAL HOSPITAL HUNDLEY CENTER,SOUTH HILL,VA,Mecklenburg,117,2018Q1,20180311,90,0.0,0.0,0.0,20.5,12.25,8.25,0.0,0.0,0.0,0.0,0.0,0.0,135.5,127.25,8.25,104.33,80.5,23.83,0.0,0.0,0.0,0.0,0.0,0.0,
495177,COMMUNITY MEMORIAL HOSPITAL HUNDLEY CENTER,SOUTH HILL,VA,Mecklenburg,117,2018Q1,20180312,91,8.0,8.0,0.0,29.0,29.0,0.0,8.25,8.25,0.0,8.0,8.0,0.0,133.23,121.25,11.98,160.75,160.75,0.0,0.0,0.0,0.0,0.0,0.0,0.0,
495177,COMMUNITY MEMORIAL HOSPITAL HUNDLEY CENTER,SOUTH HILL,VA,Mecklenburg,117,2018Q1,20180313,90,8.0,8.0,0.0,39.25,31.0,8.25,8.25,8.25,0.0,7.0,7.0,0.0,147.5,139.0,8.5,151.0,143.0,8.0,0.0,0.0,0.0,0.0,0.0,0.0,
495177,COMMUNITY MEMORIAL HOSPITAL HUNDLEY CENTER,SOUTH HILL,VA,Mecklenburg,117,2018Q1,20180314,91,8.0,8.0,0.0,50.0,41.5,8.5,8.0,8.0,0.0,8.5,8.5,0.0,143.0,143.0,0.0,186.57,170.57,16.0,0.0,0.0,0.0,0.0,0.0,0.0,
495177,COMMUNITY MEMORIAL HOSPITAL HUNDLEY CENTER,SOUTH HILL,VA,Mecklenburg,117,2018Q1,20180315,90,8.0,8.0,0.0,33.55,25.05,8.5,10.0,10.0,0.0,8.0,8.0,0.0,135.0,123.0,12.0,182.75,174.25,8.5,0.0,0.0,0.0,0.0,0.0,0.0,
495177,COMMUNITY MEMORIAL HOSPITAL HUNDLEY CENTER,SOUTH HILL,VA,Mecklenburg,117,2018Q1,20180316,89,8.0,8.0,0.0,45.5,37.25,8.25,8.75,8.75,0.0,8.5,8.5,0.0,149.25,132.75,16.5,150.37,134.42,15.95,0.0,0.0,0.0,0.0,0.0,0.0,
495177,COMMUNITY MEMORIAL HOSPITAL HUNDLEY CENTER,SOUTH HILL,VA,Mecklenburg,117,2018Q1,20180317,88,0.0,0.0,0.0,15.0,15.0,0.0,0.0,0.0,0.0,0.0,0.0,0.0,125.25,125.25,0.0,122.0,122.0,0.0,0.0,0.0,0.0,0.0,0.0,0.0,
495177,COMMUNITY MEMORIAL HOSPITAL HUNDLEY CENTER,SOUTH HILL,VA,Mecklenburg,117,2018Q1,20180318,87,0.0,0.0,0.0,8.5,8.5,0.0,0.0,0.0,0.0,0.0,0.0,0.0,129.25,117.0,12.25,115.5,115.5,0.0,0.0,0.0,0.0,0.0,0.0,0.0,
495177,COMMUNITY MEMORIAL HOSPITAL HUNDLEY CENTER,SOUTH HILL,VA,Mecklenburg,117,2018Q1,20180319,88,0.0,0.0,0.0,32.75,24.5,8.25,8.25,8.25,0.0,8.0,8.0,0.0,155.0,140.0,15.0,171.25,149.5,21.75,0.0,0.0,0.0,0.0,0.0,0.0,
495177,COMMUNITY MEMORIAL HOSPITAL HUNDLEY CENTER,SOUTH HILL,VA,Mecklenburg,117,2018Q1,20180320,89,0.0,0.0,0.0,49.25,38.5,10.75,8.25,8.25,0.0,8.0,8.0,0.0,147.02,147.02,0.0,157.5,133.5,24.0,0.0,0.0,0.0,0.0,0.0,0.0,
495177,COMMUNITY MEMORIAL HOSPITAL HUNDLEY CENTER,SOUTH HILL,VA,Mecklenburg,117,2018Q1,20180321,91,0.0,0.0,0.0,47.58,39.58,8.0,8.25,8.25,0.0,8.0,8.0,0.0,158.5,150.5,8.0,160.25,144.25,16.0,0.0,0.0,0.0,0.0,0.0,0.0,
495177,COMMUNITY MEMORIAL HOSPITAL HUNDLEY CENTER,SOUTH HILL,VA,Mecklenburg,117,2018Q1,20180322,92,8.0,8.0,0.0,43.25,34.25,9.0,8.0,8.0,0.0,8.0,8.0,0.0,161.2,161.2,0.0,174.52,158.0,16.52,0.0,0.0,0.0,0.0,0.0,0.0,
495177,COMMUNITY MEMORIAL HOSPITAL HUNDLEY CENTER,SOUTH HILL,VA,Mecklenburg,117,2018Q1,20180323,92,8.0,8.0,0.0,29.75,29.75,0.0,8.5,8.5,0.0,8.0,8.0,0.0,157.5,150.0,7.5,159.27,151.27,8.0,0.0,0.0,0.0,0.0,0.0,0.0,
495177,COMMUNITY MEMORIAL HOSPITAL HUNDLEY CENTER,SOUTH HILL,VA,Mecklenburg,117,2018Q1,20180324,90,0.0,0.0,0.0,20.75,12.75,8.0,0.0,0.0,0.0,0.0,0.0,0.0,146.25,146.25,0.0,137.0,105.25,31.75,0.0,0.0,0.0,0.0,0.0,0.0,
495177,COMMUNITY MEMORIAL HOSPITAL HUNDLEY CENTER,SOUTH HILL,VA,Mecklenburg,117,2018Q1,20180325,89,0.0,0.0,0.0,20.25,12.25,8.0,0.0,0.0,0.0,0.0,0.0,0.0,150.25,150.25,0.0,121.25,91.0,30.25,0.0,0.0,0.0,0.0,0.0,0.0,
495177,COMMUNITY MEMORIAL HOSPITAL HUNDLEY CENTER,SOUTH HILL,VA,Mecklenburg,117,2018Q1,20180326,89,8.0,8.0,0.0,36.98,36.98,0.0,3.25,3.25,0.0,8.0,8.0,0.0,157.75,149.75,8.0,161.0,161.0,0.0,0.0,0.0,0.0,0.0,0.0,0.0,
495177,COMMUNITY MEMORIAL HOSPITAL HUNDLEY CENTER,SOUTH HILL,VA,Mecklenburg,117,2018Q1,20180327,89,8.0,8.0,0.0,48.47,40.47,8.0,9.67,9.67,0.0,8.5,8.5,0.0,154.22,143.75,10.47,180.5,164.5,16.0,0.0,0.0,0.0,0.0,0.0,0.0,
495177,COMMUNITY MEMORIAL HOSPITAL HUNDLEY CENTER,SOUTH HILL,VA,Mecklenburg,117,2018Q1,20180328,89,8.0,8.0,0.0,47.07,38.57,8.5,11.0,11.0,0.0,0.0,0.0,0.0,150.17,138.5,11.67,182.5,166.25,16.25,0.0,0.0,0.0,0.0,0.0,0.0,
495177,COMMUNITY MEMORIAL HOSPITAL HUNDLEY CENTER,SOUTH HILL,VA,Mecklenburg,117,2018Q1,20180329,89,8.0,8.0,0.0,33.25,23.75,9.5,11.75,11.75,0.0,8.25,8.25,0.0,166.25,159.0,7.25,185.25,169.5,15.75,0.0,0.0,0.0,0.0,0.0,0.0,
495177,COMMUNITY MEMORIAL HOSPITAL HUNDLEY CENTER,SOUTH HILL,VA,Mecklenburg,117,2018Q1,20180330,89,8.0,8.0,0.0,46.45,37.95,8.5,0.0,0.0,0.0,8.0,8.0,0.0,153.0,153.0,0.0,157.5,141.5,16.0,0.0,0.0,0.0,0.0,0.0,0.0,
495177,COMMUNITY MEMORIAL HOSPITAL HUNDLEY CENTER,SOUTH HILL,VA,Mecklenburg,117,2018Q1,20180331,88,0.0,0.0,0.0,12.25,12.25,0.0,0.0,0.0,0.0,0.0,0.0,0.0,134.25,126.25,8.0,86.0,86.0,0.0,0.0,0.0,0.0,0.0,0.0,0.0,
495177,COMMUNITY MEMORIAL HOSPITAL HUNDLEY CENTER,SOUTH HILL,VA,Mecklenburg,117,2018Q2,20180401,88,0.0,0.0,0.0,12.25,12.25,0.0,0.0,0.0,0.0,0.0,0.0,0.0,144.98,137.0,7.98,138.75,138.75,0.0,0.0,0.0,0.0,0.0,0.0,0.0,
495177,COMMUNITY MEMORIAL HOSPITAL HUNDLEY CENTER,SOUTH HILL,VA,Mecklenburg,117,2018Q2,20180402,88,8.0,8.0,0.0,45.68,37.68,8.0,1.25,1.25,0.0,8.25,8.25,0.0,155.53,155.53,0.0,189.25,164.75,24.5,0.0,0.0,0.0,0.0,0.0,0.0,
495177,COMMUNITY MEMORIAL HOSPITAL HUNDLEY CENTER,SOUTH HILL,VA,Mecklenburg,117,2018Q2,20180403,89,8.0,8.0,0.0,44.0,36.0,8.0,6.5,6.5,0.0,8.5,8.5,0.0,156.05,140.75,15.3,160.91,146.41,14.5,0.0,0.0,0.0,0.0,0.0,0.0,
495177,COMMUNITY MEMORIAL HOSPITAL HUNDLEY CENTER,SOUTH HILL,VA,Mecklenburg,117,2018Q2,20180404,90,8.0,8.0,0.0,37.75,29.75,8.0,6.75,6.75,0.0,8.0,8.0,0.0,145.62,137.85,7.77,208.02,200.02,8.0,0.0,0.0,0.0,0.0,0.0,0.0,
495177,COMMUNITY MEMORIAL HOSPITAL HUNDLEY CENTER,SOUTH HILL,VA,Mecklenburg,117,2018Q2,20180405,90,8.0,8.0,0.0,38.25,22.0,16.25,8.5,8.5,0.0,10.25,10.25,0.0,125.67,117.75,7.92,159.25,151.25,8.0,0.0,0.0,0.0,0.0,0.0,0.0,
495177,COMMUNITY MEMORIAL HOSPITAL HUNDLEY CENTER,SOUTH HILL,VA,Mecklenburg,117,2018Q2,20180406,88,0.0,0.0,0.0,27.17,27.17,0.0,8.5,8.5,0.0,0.0,0.0,0.0,149.5,149.5,0.0,161.5,142.0,19.5,0.0,0.0,0.0,0.0,0.0,0.0,
495177,COMMUNITY MEMORIAL HOSPITAL HUNDLEY CENTER,SOUTH HILL,VA,Mecklenburg,117,2018Q2,20180407,87,0.0,0.0,0.0,24.25,12.25,12.0,0.0,0.0,0.0,0.0,0.0,0.0,147.5,147.5,0.0,153.75,130.75,23.0,0.0,0.0,0.0,0.0,0.0,0.0,
495177,COMMUNITY MEMORIAL HOSPITAL HUNDLEY CENTER,SOUTH HILL,VA,Mecklenburg,117,2018Q2,20180408,87,0.0,0.0,0.0,24.5,12.25,12.25,0.0,0.0,0.0,0.0,0.0,0.0,141.0,141.0,0.0,149.5,126.25,23.25,0.0,0.0,0.0,0.0,0.0,0.0,
495177,COMMUNITY MEMORIAL HOSPITAL HUNDLEY CENTER,SOUTH HILL,VA,Mecklenburg,117,2018Q2,20180409,90,8.0,8.0,0.0,37.75,37.75,0.0,8.75,8.75,0.0,8.25,8.25,0.0,162.95,155.0,7.95,153.25,139.25,14.0,0.0,0.0,0.0,0.0,0.0,0.0,
495177,COMMUNITY MEMORIAL HOSPITAL HUNDLEY CENTER,SOUTH HILL,VA,Mecklenburg,117,2018Q2,20180410,91,8.0,8.0,0.0,35.35,26.85,8.5,8.75,8.75,0.0,8.75,8.75,0.0,155.75,146.5,9.25,166.25,158.25,8.0,0.0,0.0,0.0,0.0,0.0,0.0,
495177,COMMUNITY MEMORIAL HOSPITAL HUNDLEY CENTER,SOUTH HILL,VA,Mecklenburg,117,2018Q2,20180411,92,8.0,8.0,0.0,50.75,41.75,9.0,8.75,8.75,0.0,8.0,8.0,0.0,160.5,152.0,8.5,178.58,150.25,28.33,0.0,0.0,0.0,0.0,0.0,0.0,
495177,COMMUNITY MEMORIAL HOSPITAL HUNDLEY CENTER,SOUTH HILL,VA,Mecklenburg,117,2018Q2,20180412,89,8.0,8.0,0.0,33.87,25.37,8.5,9.75,9.75,0.0,8.0,8.0,0.0,158.75,142.75,16.0,171.78,146.78,25.0,0.0,0.0,0.0,0.0,0.0,0.0,
495177,COMMUNITY MEMORIAL HOSPITAL HUNDLEY CENTER,SOUTH HILL,VA,Mecklenburg,117,2018Q2,20180413,85,8.0,8.0,0.0,45.5,37.25,8.25,5.0,5.0,0.0,8.0,8.0,0.0,154.93,135.25,19.68,174.0,147.75,26.25,0.0,0.0,0.0,0.0,0.0,0.0,
495177,COMMUNITY MEMORIAL HOSPITAL HUNDLEY CENTER,SOUTH HILL,VA,Mecklenburg,117,2018Q2,20180414,86,0.0,0.0,0.0,12.25,12.25,0.0,0.0,0.0,0.0,0.0,0.0,0.0,148.0,140.0,8.0,137.5,125.25,12.25,0.0,0.0,0.0,0.0,0.0,0.0,
495177,COMMUNITY MEMORIAL HOSPITAL HUNDLEY CENTER,SOUTH HILL,VA,Mecklenburg,117,2018Q2,20180415,85,0.0,0.0,0.0,12.25,12.25,0.0,0.0,0.0,0.0,0.0,0.0,0.0,144.72,136.75,7.97,147.75,135.75,12.0,0.0,0.0,0.0,0.0,0.0,0.0,
495177,COMMUNITY MEMORIAL HOSPITAL HUNDLEY CENTER,SOUTH HILL,VA,Mecklenburg,117,2018Q2,20180416,85,8.0,8.0,0.0,46.25,37.5,8.75,12.0,12.0,0.0,9.25,9.25,0.0,136.25,136.25,0.0,151.13,121.25,29.88,0.0,0.0,0.0,0.0,0.0,0.0,
495177,COMMUNITY MEMORIAL HOSPITAL HUNDLEY CENTER,SOUTH HILL,VA,Mecklenburg,117,2018Q2,20180417,85,8.0,8.0,0.0,49.35,41.1,8.25,10.75,10.75,0.0,8.0,8.0,0.0,148.0,139.5,8.5,172.27,139.75,32.52,0.0,0.0,0.0,0.0,0.0,0.0,
495177,COMMUNITY MEMORIAL HOSPITAL HUNDLEY CENTER,SOUTH HILL,VA,Mecklenburg,117,2018Q2,20180418,86,8.0,8.0,0.0,46.25,37.75,8.5,6.5,6.5,0.0,8.25,8.25,0.0,155.0,146.5,8.5,202.5,186.5,16.0,0.0,0.0,0.0,0.0,0.0,0.0,
495177,COMMUNITY MEMORIAL HOSPITAL HUNDLEY CENTER,SOUTH HILL,VA,Mecklenburg,117,2018Q2,20180419,86,8.0,8.0,0.0,27.42,19.42,8.0,9.75,9.75,0.0,8.25,8.25,0.0,156.25,142.25,14.0,184.47,160.5,23.97,0.0,0.0,0.0,0.0,0.0,0.0,
495177,COMMUNITY MEMORIAL HOSPITAL HUNDLEY CENTER,SOUTH HILL,VA,Mecklenburg,117,2018Q2,20180420,87,8.0,8.0,0.0,37.0,37.0,0.0,11.5,11.5,0.0,8.5,8.5,0.0,161.5,152.75,8.75,169.82,135.07,34.75,0.0,0.0,0.0,0.0,0.0,0.0,
495177,COMMUNITY MEMORIAL HOSPITAL HUNDLEY CENTER,SOUTH HILL,VA,Mecklenburg,117,2018Q2,20180421,87,0.0,0.0,0.0,26.75,11.25,15.5,0.0,0.0,0.0,0.0,0.0,0.0,123.5,123.5,0.0,133.73,105.73,28.0,0.0,0.0,0.0,0.0,0.0,0.0,
495177,COMMUNITY MEMORIAL HOSPITAL HUNDLEY CENTER,SOUTH HILL,VA,Mecklenburg,117,2018Q2,20180422,87,0.0,0.0,0.0,22.75,10.75,12.0,0.0,0.0,0.0,0.0,0.0,0.0,139.25,139.25,0.0,151.25,115.0,36.25,0.0,0.0,0.0,0.0,0.0,0.0,
495177,COMMUNITY MEMORIAL HOSPITAL HUNDLEY CENTER,SOUTH HILL,VA,Mecklenburg,117,2018Q2,20180423,87,8.0,8.0,0.0,41.5,33.25,8.25,3.25,3.25,0.0,8.25,8.25,0.0,167.25,167.25,0.0,150.53,150.53,0.0,0.0,0.0,0.0,0.0,0.0,0.0,
495177,COMMUNITY MEMORIAL HOSPITAL HUNDLEY CENTER,SOUTH HILL,VA,Mecklenburg,117,2018Q2,20180424,86,8.0,8.0,0.0,51.0,39.0,12.0,8.25,8.25,0.0,8.25,8.25,0.0,163.0,155.25,7.75,185.25,149.25,36.0,0.0,0.0,0.0,0.0,0.0,0.0,
495177,COMMUNITY MEMORIAL HOSPITAL HUNDLEY CENTER,SOUTH HILL,VA,Mecklenburg,117,2018Q2,20180425,86,8.0,8.0,0.0,50.75,42.0,8.75,8.25,8.25,0.0,0.0,0.0,0.0,136.25,119.25,17.0,173.0,161.0,12.0,0.0,0.0,0.0,0.0,0.0,0.0,
495177,COMMUNITY MEMORIAL HOSPITAL HUNDLEY CENTER,SOUTH HILL,VA,Mecklenburg,117,2018Q2,20180426,88,8.0,8.0,0.0,17.67,17.67,0.0,3.75,3.75,0.0,8.25,8.25,0.0,159.5,143.5,16.0,173.27,149.5,23.77,0.0,0.0,0.0,0.0,0.0,0.0,
495177,COMMUNITY MEMORIAL HOSPITAL HUNDLEY CENTER,SOUTH HILL,VA,Mecklenburg,117,2018Q2,20180427,90,0.0,0.0,0.0,48.9,40.65,8.25,1.25,1.25,0.0,8.25,8.25,0.0,139.25,131.25,8.0,152.23,115.75,36.48,0.0,0.0,0.0,0.0,0.0,0.0,
495177,COMMUNITY MEMORIAL HOSPITAL HUNDLEY CENTER,SOUTH HILL,VA,Mecklenburg,117,2018Q2,20180428,90,0.0,0.0,0.0,23.0,23.0,0.0,0.0,0.0,0.0,0.0,0.0,0.0,166.5,151.5,15.0,146.25,121.75,24.5,0.0,0.0,0.0,0.0,0.0,0.0,
495177,COMMUNITY MEMORIAL HOSPITAL HUNDLEY CENTER,SOUTH HILL,VA,Mecklenburg,117,2018Q2,20180429,90,0.0,0.0,0.0,22.25,22.25,0.0,0.0,0.0,0.0,0.0,0.0,0.0,173.5,158.25,15.25,151.0,130.25,20.75,0.0,0.0,0.0,0.0,0.0,0.0,
495177,COMMUNITY MEMORIAL HOSPITAL HUNDLEY CENTER,SOUTH HILL,VA,Mecklenburg,117,2018Q2,20180430,92,0.0,0.0,0.0,39.9,31.4,8.5,10.5,10.5,0.0,7.25,7.25,0.0,152.5,152.5,0.0,159.92,135.92,24.0,0.0,0.0,0.0,0.0,0.0,0.0,
495177,COMMUNITY MEMORIAL HOSPITAL HUNDLEY CENTER,SOUTH HILL,VA,Mecklenburg,117,2018Q2,20180501,93,8.0,8.0,0.0,47.13,37.88,9.25,9.58,9.58,0.0,8.5,8.5,0.0,148.73,140.75,7.98,180.77,157.0,23.77,0.0,0.0,0.0,0.0,0.0,0.0,
495177,COMMUNITY MEMORIAL HOSPITAL HUNDLEY CENTER,SOUTH HILL,VA,Mecklenburg,117,2018Q2,20180502,93,8.0,8.0,0.0,46.23,37.98,8.25,8.0,8.0,0.0,8.0,8.0,0.0,162.5,145.75,16.75,190.78,158.75,32.03,0.0,0.0,0.0,0.0,0.0,0.0,
495177,COMMUNITY MEMORIAL HOSPITAL HUNDLEY CENTER,SOUTH HILL,VA,Mecklenburg,117,2018Q2,20180503,93,8.0,8.0,0.0,34.27,26.27,8.0,8.5,8.5,0.0,8.75,8.75,0.0,175.0,159.25,15.75,160.5,128.5,32.0,0.0,0.0,0.0,0.0,0.0,0.0,
495177,COMMUNITY MEMORIAL HOSPITAL HUNDLEY CENTER,SOUTH HILL,VA,Mecklenburg,117,2018Q2,20180504,93,8.0,8.0,0.0,37.72,37.72,0.0,9.0,9.0,0.0,8.0,8.0,0.0,169.97,154.0,15.97,157.29,141.32,15.97,0.0,0.0,0.0,0.0,0.0,0.0,
495177,COMMUNITY MEMORIAL HOSPITAL HUNDLEY CENTER,SOUTH HILL,VA,Mecklenburg,117,2018Q2,20180505,92,0.0,0.0,0.0,20.0,11.0,9.0,0.0,0.0,0.0,0.0,0.0,0.0,155.5,147.5,8.0,107.78,76.03,31.75,0.0,0.0,0.0,0.0,0.0,0.0,
495177,COMMUNITY MEMORIAL HOSPITAL HUNDLEY CENTER,SOUTH HILL,VA,Mecklenburg,117,2018Q2,20180506,92,0.0,0.0,0.0,24.25,12.0,12.25,0.0,0.0,0.0,0.0,0.0,0.0,139.25,139.25,0.0,123.52,107.52,16.0,0.0,0.0,0.0,0.0,0.0,0.0,
495177,COMMUNITY MEMORIAL HOSPITAL HUNDLEY CENTER,SOUTH HILL,VA,Mecklenburg,117,2018Q2,20180507,94,8.0,8.0,0.0,38.68,38.68,0.0,10.0,10.0,0.0,8.25,8.25,0.0,159.52,151.5,8.02,157.98,133.73,24.25,0.0,0.0,0.0,0.0,0.0,0.0,
495177,COMMUNITY MEMORIAL HOSPITAL HUNDLEY CENTER,SOUTH HILL,VA,Mecklenburg,117,2018Q2,20180508,95,8.0,8.0,0.0,48.3,39.8,8.5,9.25,9.25,0.0,9.0,9.0,0.0,171.25,163.25,8.0,187.47,163.5,23.97,0.0,0.0,0.0,0.0,0.0,0.0,
495177,COMMUNITY MEMORIAL HOSPITAL HUNDLEY CENTER,SOUTH HILL,VA,Mecklenburg,117,2018Q2,20180509,95,8.0,8.0,0.0,55.75,47.5,8.25,9.5,9.5,0.0,9.25,9.25,0.0,186.23,178.25,7.98,187.85,163.85,24.0,0.0,0.0,0.0,0.0,0.0,0.0,
495177,COMMUNITY MEMORIAL HOSPITAL HUNDLEY CENTER,SOUTH HILL,VA,Mecklenburg,117,2018Q2,20180510,95,8.0,8.0,0.0,42.5,34.5,8.0,8.5,8.5,0.0,8.5,8.5,0.0,188.0,180.0,8.0,182.26,165.98,16.28,0.0,0.0,0.0,0.0,0.0,0.0,
495177,COMMUNITY MEMORIAL HOSPITAL HUNDLEY CENTER,SOUTH HILL,VA,Mecklenburg,117,2018Q2,20180511,93,8.0,8.0,0.0,40.75,32.75,8.0,9.5,9.5,0.0,8.75,8.75,0.0,166.75,158.75,8.0,169.04,125.5,43.54,0.0,0.0,0.0,0.0,0.0,0.0,
495177,COMMUNITY MEMORIAL HOSPITAL HUNDLEY CENTER,SOUTH HILL,VA,Mecklenburg,117,2018Q2,20180512,93,0.0,0.0,0.0,16.5,8.5,8.0,0.0,0.0,0.0,0.0,0.0,0.0,143.5,143.5,0.0,137.5,121.25,16.25,0.0,0.0,0.0,0.0,0.0,0.0,
495177,COMMUNITY MEMORIAL HOSPITAL HUNDLEY CENTER,SOUTH HILL,VA,Mecklenburg,117,2018Q2,20180513,93,0.0,0.0,0.0,10.02,10.02,0.0,0.0,0.0,0.0,0.0,0.0,0.0,144.5,144.5,0.0,134.0,116.75,17.25,0.0,0.0,0.0,0.0,0.0,0.0,
495177,COMMUNITY MEMORIAL HOSPITAL HUNDLEY CENTER,SOUTH HILL,VA,Mecklenburg,117,2018Q2,20180514,93,8.0,8.0,0.0,36.03,28.03,8.0,8.5,8.5,0.0,8.0,8.0,0.0,177.25,177.25,0.0,164.25,128.75,35.5,0.0,0.0,0.0,0.0,0.0,0.0,
495177,COMMUNITY MEMORIAL HOSPITAL HUNDLEY CENTER,SOUTH HILL,VA,Mecklenburg,117,2018Q2,20180515,95,8.0,8.0,0.0,39.0,31.0,8.0,7.98,7.98,0.0,8.0,8.0,0.0,177.0,177.0,0.0,180.03,142.75,37.28,0.0,0.0,0.0,0.0,0.0,0.0,
495177,COMMUNITY MEMORIAL HOSPITAL HUNDLEY CENTER,SOUTH HILL,VA,Mecklenburg,117,2018Q2,20180516,94,8.0,8.0,0.0,39.75,31.5,8.25,10.0,10.0,0.0,9.0,9.0,0.0,162.25,162.25,0.0,165.0,149.0,16.0,0.0,0.0,0.0,0.0,0.0,0.0,
495177,COMMUNITY MEMORIAL HOSPITAL HUNDLEY CENTER,SOUTH HILL,VA,Mecklenburg,117,2018Q2,20180517,95,8.0,8.0,0.0,8.25,8.25,0.0,10.0,10.0,0.0,8.0,8.0,0.0,174.5,174.5,0.0,181.25,164.25,17.0,0.0,0.0,0.0,0.0,0.0,0.0,
495177,COMMUNITY MEMORIAL HOSPITAL HUNDLEY CENTER,SOUTH HILL,VA,Mecklenburg,117,2018Q2,20180518,93,8.0,8.0,0.0,35.5,35.5,0.0,8.5,8.5,0.0,7.75,7.75,0.0,121.75,121.75,0.0,171.8,122.5,49.3,0.0,0.0,0.0,0.0,0.0,0.0,
495177,COMMUNITY MEMORIAL HOSPITAL HUNDLEY CENTER,SOUTH HILL,VA,Mecklenburg,117,2018Q2,20180519,92,0.0,0.0,0.0,10.25,10.25,0.0,0.0,0.0,0.0,0.0,0.0,0.0,142.75,142.75,0.0,134.75,91.0,43.75,0.0,0.0,0.0,0.0,0.0,0.0,
495177,COMMUNITY MEMORIAL HOSPITAL HUNDLEY CENTER,SOUTH HILL,VA,Mecklenburg,117,2018Q2,20180520,92,0.0,0.0,0.0,10.25,10.25,0.0,0.0,0.0,0.0,0.0,0.0,0.0,142.5,142.5,0.0,152.0,104.75,47.25,0.0,0.0,0.0,0.0,0.0,0.0,
495177,COMMUNITY MEMORIAL HOSPITAL HUNDLEY CENTER,SOUTH HILL,VA,Mecklenburg,117,2018Q2,20180521,91,8.0,8.0,0.0,31.5,31.5,0.0,8.25,8.25,0.0,8.25,8.25,0.0,159.0,159.0,0.0,176.5,148.75,27.75,0.0,0.0,0.0,0.0,0.0,0.0,
495177,COMMUNITY MEMORIAL HOSPITAL HUNDLEY CENTER,SOUTH HILL,VA,Mecklenburg,117,2018Q2,20180522,90,8.0,8.0,0.0,31.35,31.35,0.0,8.0,8.0,0.0,8.5,8.5,0.0,171.75,171.75,0.0,171.16,140.38,30.78,0.0,0.0,0.0,0.0,0.0,0.0,
495177,COMMUNITY MEMORIAL HOSPITAL HUNDLEY CENTER,SOUTH HILL,VA,Mecklenburg,117,2018Q2,20180523,90,8.0,8.0,0.0,39.75,39.75,0.0,8.5,8.5,0.0,6.0,6.0,0.0,176.0,176.0,0.0,170.77,154.5,16.27,0.0,0.0,0.0,0.0,0.0,0.0,
495177,COMMUNITY MEMORIAL HOSPITAL HUNDLEY CENTER,SOUTH HILL,VA,Mecklenburg,117,2018Q2,20180524,89,8.0,8.0,0.0,27.63,27.63,0.0,8.25,8.25,0.0,8.75,8.75,0.0,167.25,167.25,0.0,177.84,129.75,48.09,0.0,0.0,0.0,0.0,0.0,0.0,
495177,COMMUNITY MEMORIAL HOSPITAL HUNDLEY CENTER,SOUTH HILL,VA,Mecklenburg,117,2018Q2,20180525,86,8.0,8.0,0.0,25.0,25.0,0.0,0.0,0.0,0.0,8.5,8.5,0.0,164.0,164.0,0.0,152.47,115.0,37.47,0.0,0.0,0.0,0.0,0.0,0.0,
495177,COMMUNITY MEMORIAL HOSPITAL HUNDLEY CENTER,SOUTH HILL,VA,Mecklenburg,117,2018Q2,20180526,87,0.0,0.0,0.0,15.0,15.0,0.0,0.0,0.0,0.0,0.0,0.0,0.0,135.75,135.75,0.0,150.5,108.5,42.0,0.0,0.0,0.0,0.0,0.0,0.0,
495177,COMMUNITY MEMORIAL HOSPITAL HUNDLEY CENTER,SOUTH HILL,VA,Mecklenburg,117,2018Q2,20180527,88,0.0,0.0,0.0,12.25,12.25,0.0,0.0,0.0,0.0,0.0,0.0,0.0,132.0,132.0,0.0,142.5,119.0,23.5,0.0,0.0,0.0,0.0,0.0,0.0,
495177,COMMUNITY MEMORIAL HOSPITAL HUNDLEY CENTER,SOUTH HILL,VA,Mecklenburg,117,2018Q2,20180528,88,0.0,0.0,0.0,25.0,16.75,8.25,0.75,0.75,0.0,9.0,9.0,0.0,143.5,143.5,0.0,162.25,124.75,37.5,0.0,0.0,0.0,0.0,0.0,0.0,
495177,COMMUNITY MEMORIAL HOSPITAL HUNDLEY CENTER,SOUTH HILL,VA,Mecklenburg,117,2018Q2,20180529,90,8.0,8.0,0.0,53.4,40.15,13.25,8.25,8.25,0.0,8.25,8.25,0.0,160.0,160.0,0.0,186.43,132.18,54.25,0.0,0.0,0.0,0.0,0.0,0.0,
495177,COMMUNITY MEMORIAL HOSPITAL HUNDLEY CENTER,SOUTH HILL,VA,Mecklenburg,117,2018Q2,20180530,90,8.0,8.0,0.0,49.25,37.0,12.25,8.0,8.0,0.0,8.5,8.5,0.0,162.25,162.25,0.0,199.3,159.25,40.05,0.0,0.0,0.0,0.0,0.0,0.0,
495177,COMMUNITY MEMORIAL HOSPITAL HUNDLEY CENTER,SOUTH HILL,VA,Mecklenburg,117,2018Q2,20180531,90,8.0,8.0,0.0,35.0,27.5,7.5,8.25,8.25,0.0,8.75,8.75,0.0,141.25,141.25,0.0,156.98,128.25,28.73,0.0,0.0,0.0,0.0,0.0,0.0,
495177,COMMUNITY MEMORIAL HOSPITAL HUNDLEY CENTER,SOUTH HILL,VA,Mecklenburg,117,2018Q2,20180601,89,8.0,8.0,0.0,48.25,39.0,9.25,0.0,0.0,0.0,7.75,7.75,0.0,164.25,164.25,0.0,238.03,189.28,48.75,0.0,0.0,0.0,0.0,0.0,0.0,
495177,COMMUNITY MEMORIAL HOSPITAL HUNDLEY CENTER,SOUTH HILL,VA,Mecklenburg,117,2018Q2,20180602,89,0.0,0.0,0.0,24.5,12.5,12.0,0.0,0.0,0.0,0.0,0.0,0.0,113.25,113.25,0.0,138.5,99.0,39.5,0.0,0.0,0.0,0.0,0.0,0.0,
495177,COMMUNITY MEMORIAL HOSPITAL HUNDLEY CENTER,SOUTH HILL,VA,Mecklenburg,117,2018Q2,20180603,89,0.0,0.0,0.0,28.0,12.25,15.75,0.0,0.0,0.0,0.0,0.0,0.0,141.25,141.25,0.0,132.25,99.5,32.75,0.0,0.0,0.0,0.0,0.0,0.0,
495177,COMMUNITY MEMORIAL HOSPITAL HUNDLEY CENTER,SOUTH HILL,VA,Mecklenburg,117,2018Q2,20180604,89,8.0,8.0,0.0,47.08,38.83,8.25,13.5,13.5,0.0,9.25,9.25,0.0,146.0,146.0,0.0,155.82,116.0,39.82,0.0,0.0,0.0,0.0,0.0,0.0,
495177,COMMUNITY MEMORIAL HOSPITAL HUNDLEY CENTER,SOUTH HILL,VA,Mecklenburg,117,2018Q2,20180605,88,8.0,8.0,0.0,37.2,37.2,0.0,17.0,17.0,0.0,0.0,0.0,0.0,176.5,176.5,0.0,167.25,142.0,25.25,0.0,0.0,0.0,0.0,0.0,0.0,
495177,COMMUNITY MEMORIAL HOSPITAL HUNDLEY CENTER,SOUTH HILL,VA,Mecklenburg,117,2018Q2,20180606,88,8.0,8.0,0.0,52.83,40.83,12.0,15.0,15.0,0.0,9.0,9.0,0.0,169.0,169.0,0.0,171.0,118.25,52.75,0.0,0.0,0.0,0.0,0.0,0.0,
495177,COMMUNITY MEMORIAL HOSPITAL HUNDLEY CENTER,SOUTH HILL,VA,Mecklenburg,117,2018Q2,20180607,89,8.0,8.0,0.0,42.75,27.5,15.25,14.75,14.75,0.0,8.5,8.5,0.0,154.75,154.75,0.0,168.0,135.25,32.75,0.0,0.0,0.0,0.0,0.0,0.0,
495177,COMMUNITY MEMORIAL HOSPITAL HUNDLEY CENTER,SOUTH HILL,VA,Mecklenburg,117,2018Q2,20180608,90,8.0,8.0,0.0,56.67,41.17,15.5,9.75,9.75,0.0,9.0,9.0,0.0,143.25,143.25,0.0,165.25,141.25,24.0,0.0,0.0,0.0,0.0,0.0,0.0,
495177,COMMUNITY MEMORIAL HOSPITAL HUNDLEY CENTER,SOUTH HILL,VA,Mecklenburg,117,2018Q2,20180609,90,0.0,0.0,0.0,16.25,16.25,0.0,0.0,0.0,0.0,0.0,0.0,0.0,174.75,174.75,0.0,163.75,146.25,17.5,0.0,0.0,0.0,0.0,0.0,0.0,
495177,COMMUNITY MEMORIAL HOSPITAL HUNDLEY CENTER,SOUTH HILL,VA,Mecklenburg,117,2018Q2,20180610,89,0.0,0.0,0.0,16.75,16.75,0.0,0.0,0.0,0.0,0.0,0.0,0.0,174.5,174.5,0.0,139.75,127.5,12.25,0.0,0.0,0.0,0.0,0.0,0.0,
495177,COMMUNITY MEMORIAL HOSPITAL HUNDLEY CENTER,SOUTH HILL,VA,Mecklenburg,117,2018Q2,20180611,89,8.0,8.0,0.0,47.75,35.75,12.0,18.75,18.75,0.0,8.75,8.75,0.0,147.0,147.0,0.0,157.75,138.5,19.25,0.0,0.0,0.0,0.0,0.0,0.0,
495177,COMMUNITY MEMORIAL HOSPITAL HUNDLEY CENTER,SOUTH HILL,VA,Mecklenburg,117,2018Q2,20180612,89,8.0,8.0,0.0,39.93,31.68,8.25,21.25,21.25,0.0,9.5,9.5,0.0,175.5,175.5,0.0,217.75,168.5,49.25,0.0,0.0,0.0,0.0,0.0,0.0,
495177,COMMUNITY MEMORIAL HOSPITAL HUNDLEY CENTER,SOUTH HILL,VA,Mecklenburg,117,2018Q2,20180613,89,8.0,8.0,0.0,44.85,32.6,12.25,16.25,16.25,0.0,8.25,8.25,0.0,159.75,159.75,0.0,194.0,154.25,39.75,0.0,0.0,0.0,0.0,0.0,0.0,
495177,COMMUNITY MEMORIAL HOSPITAL HUNDLEY CENTER,SOUTH HILL,VA,Mecklenburg,117,2018Q2,20180614,88,8.0,8.0,0.0,33.47,25.47,8.0,17.75,17.75,0.0,9.75,9.75,0.0,170.5,170.5,0.0,226.25,170.5,55.75,0.0,0.0,0.0,0.0,0.0,0.0,
495177,COMMUNITY MEMORIAL HOSPITAL HUNDLEY CENTER,SOUTH HILL,VA,Mecklenburg,117,2018Q2,20180615,88,8.0,8.0,0.0,39.25,39.25,0.0,14.0,14.0,0.0,7.25,7.25,0.0,159.5,159.5,0.0,180.02,123.5,56.52,0.0,0.0,0.0,0.0,0.0,0.0,
495177,COMMUNITY MEMORIAL HOSPITAL HUNDLEY CENTER,SOUTH HILL,VA,Mecklenburg,117,2018Q2,20180616,88,0.0,0.0,0.0,24.5,15.5,9.0,0.0,0.0,0.0,0.0,0.0,0.0,144.25,144.25,0.0,158.5,118.5,40.0,0.0,0.0,0.0,0.0,0.0,0.0,
495177,COMMUNITY MEMORIAL HOSPITAL HUNDLEY CENTER,SOUTH HILL,VA,Mecklenburg,117,2018Q2,20180617,88,0.0,0.0,0.0,27.0,14.0,13.0,0.0,0.0,0.0,0.0,0.0,0.0,127.5,127.5,0.0,159.82,127.57,32.25,0.0,0.0,0.0,0.0,0.0,0.0,
495177,COMMUNITY MEMORIAL HOSPITAL HUNDLEY CENTER,SOUTH HILL,VA,Mecklenburg,117,2018Q2,20180618,88,8.0,8.0,0.0,46.75,38.25,8.5,8.5,8.5,0.0,8.75,8.75,0.0,159.25,159.25,0.0,187.73,144.98,42.75,0.0,0.0,0.0,0.0,0.0,0.0,
495177,COMMUNITY MEMORIAL HOSPITAL HUNDLEY CENTER,SOUTH HILL,VA,Mecklenburg,117,2018Q2,20180619,86,8.0,8.0,0.0,47.75,47.75,0.0,17.5,17.5,0.0,9.5,9.5,0.0,166.75,166.75,0.0,197.97,149.97,48.0,0.0,0.0,0.0,0.0,0.0,0.0,
495177,COMMUNITY MEMORIAL HOSPITAL HUNDLEY CENTER,SOUTH HILL,VA,Mecklenburg,117,2018Q2,20180620,86,8.0,8.0,0.0,53.48,40.98,12.5,17.0,17.0,0.0,9.75,9.75,0.0,165.0,165.0,0.0,194.54,161.0,33.54,0.0,0.0,0.0,0.0,0.0,0.0,
495177,COMMUNITY MEMORIAL HOSPITAL HUNDLEY CENTER,SOUTH HILL,VA,Mecklenburg,117,2018Q2,20180621,86,8.0,8.0,0.0,39.25,29.75,9.5,21.75,21.75,0.0,10.5,10.5,0.0,171.75,171.75,0.0,190.35,128.5,61.85,0.0,0.0,0.0,0.0,0.0,0.0,
495177,COMMUNITY MEMORIAL HOSPITAL HUNDLEY CENTER,SOUTH HILL,VA,Mecklenburg,117,2018Q2,20180622,89,8.0,8.0,0.0,69.25,53.25,16.0,19.25,19.25,0.0,10.0,10.0,0.0,168.32,168.32,0.0,171.73,131.23,40.5,0.0,0.0,0.0,0.0,0.0,0.0,
495177,COMMUNITY MEMORIAL HOSPITAL HUNDLEY CENTER,SOUTH HILL,VA,Mecklenburg,117,2018Q2,20180623,89,0.0,0.0,0.0,11.97,11.97,0.0,0.0,0.0,0.0,0.0,0.0,0.0,158.25,158.25,0.0,171.25,131.0,40.25,0.0,0.0,0.0,0.0,0.0,0.0,
495177,COMMUNITY MEMORIAL HOSPITAL HUNDLEY CENTER,SOUTH HILL,VA,Mecklenburg,117,2018Q2,20180624,89,0.0,0.0,0.0,25.5,25.5,0.0,0.0,0.0,0.0,0.0,0.0,0.0,168.5,168.5,0.0,154.61,122.11,32.5,0.0,0.0,0.0,0.0,0.0,0.0,
495177,COMMUNITY MEMORIAL HOSPITAL HUNDLEY CENTER,SOUTH HILL,VA,Mecklenburg,117,2018Q2,20180625,90,8.0,8.0,0.0,45.5,37.0,8.5,18.5,18.5,0.0,8.0,8.0,0.0,153.25,153.25,0.0,207.43,166.18,41.25,0.0,0.0,0.0,0.0,0.0,0.0,
495177,COMMUNITY MEMORIAL HOSPITAL HUNDLEY CENTER,SOUTH HILL,VA,Mecklenburg,117,2018Q2,20180626,90,8.0,8.0,0.0,45.38,37.38,8.0,25.75,25.75,0.0,12.25,12.25,0.0,160.5,160.5,0.0,157.05,132.3,24.75,0.0,0.0,0.0,0.0,0.0,0.0,
495177,COMMUNITY MEMORIAL HOSPITAL HUNDLEY CENTER,SOUTH HILL,VA,Mecklenburg,117,2018Q2,20180627,90,8.0,8.0,0.0,46.5,36.75,9.75,10.75,10.75,0.0,8.25,8.25,0.0,160.22,160.22,0.0,194.02,153.75,40.27,0.0,0.0,0.0,0.0,0.0,0.0,
495177,COMMUNITY MEMORIAL HOSPITAL HUNDLEY CENTER,SOUTH HILL,VA,Mecklenburg,117,2018Q2,20180628,92,8.0,8.0,0.0,34.0,26.0,8.0,13.75,13.75,0.0,8.5,8.5,0.0,159.0,159.0,0.0,204.0,141.5,62.5,0.0,0.0,0.0,0.0,0.0,0.0,
495177,COMMUNITY MEMORIAL HOSPITAL HUNDLEY CENTER,SOUTH HILL,VA,Mecklenburg,117,2018Q2,20180629,92,8.0,8.0,0.0,39.05,39.05,0.0,15.0,15.0,0.0,0.0,0.0,0.0,163.75,163.75,0.0,179.8,146.05,33.75,0.0,0.0,0.0,0.0,0.0,0.0,
495177,COMMUNITY MEMORIAL HOSPITAL HUNDLEY CENTER,SOUTH HILL,VA,Mecklenburg,117,2018Q2,20180630,93,0.0,0.0,0.0,25.75,13.25,12.5,10.0,10.0,0.0,0.0,0.0,0.0,133.25,133.25,0.0,145.5,99.25,46.25,0.0,0.0,0.0,0.0,0.0,0.0,
495177,COMMUNITY MEMORIAL HOSPITAL HUNDLEY CENTER,SOUTH HILL,VA,Mecklenburg,117,2018Q3,20180701,92,0.0,0.0,0.0,20.25,8.0,12.25,0.0,0.0,0.0,0.0,0.0,0.0,136.0,136.0,0.0,169.47,115.97,53.5,0.0,0.0,0.0,0.0,0.0,0.0,
495177,COMMUNITY MEMORIAL HOSPITAL HUNDLEY CENTER,SOUTH HILL,VA,Mecklenburg,117,2018Q3,20180702,97,8.0,8.0,0.0,36.0,36.0,0.0,18.5,18.5,0.0,9.0,9.0,0.0,163.5,163.5,0.0,170.5,127.25,43.25,0.0,0.0,0.0,0.0,0.0,0.0,
495177,COMMUNITY MEMORIAL HOSPITAL HUNDLEY CENTER,SOUTH HILL,VA,Mecklenburg,117,2018Q3,20180703,99,8.0,8.0,0.0,47.21,39.21,8.0,13.38,13.38,0.0,9.75,9.75,0.0,160.75,160.75,0.0,148.5,116.5,32.0,0.0,0.0,0.0,0.0,0.0,0.0,
495177,COMMUNITY MEMORIAL HOSPITAL HUNDLEY CENTER,SOUTH HILL,VA,Mecklenburg,117,2018Q3,20180704,98,0.0,0.0,0.0,17.75,8.5,9.25,5.5,5.5,0.0,0.0,0.0,0.0,137.5,137.5,0.0,198.75,150.5,48.25,0.0,0.0,0.0,0.0,0.0,0.0,
495177,COMMUNITY MEMORIAL HOSPITAL HUNDLEY CENTER,SOUTH HILL,VA,Mecklenburg,117,2018Q3,20180705,99,8.0,8.0,0.0,34.75,25.5,9.25,10.0,10.0,0.0,9.75,9.75,0.0,161.0,161.0,0.0,162.75,112.25,50.5,0.0,0.0,0.0,0.0,0.0,0.0,
495177,COMMUNITY MEMORIAL HOSPITAL HUNDLEY CENTER,SOUTH HILL,VA,Mecklenburg,117,2018Q3,20180706,100,0.0,0.0,0.0,48.25,39.75,8.5,9.0,9.0,0.0,8.5,8.5,0.0,144.5,144.5,0.0,174.75,125.75,49.0,0.0,0.0,0.0,0.0,0.0,0.0,
495177,COMMUNITY MEMORIAL HOSPITAL HUNDLEY CENTER,SOUTH HILL,VA,Mecklenburg,117,2018Q3,20180707,98,0.0,0.0,0.0,14.5,14.5,0.0,0.0,0.0,0.0,0.0,0.0,0.0,158.75,158.75,0.0,141.25,121.25,20.0,0.0,0.0,0.0,0.0,0.0,0.0,
495177,COMMUNITY MEMORIAL HOSPITAL HUNDLEY CENTER,SOUTH HILL,VA,Mecklenburg,117,2018Q3,20180708,96,0.0,0.0,0.0,12.5,12.5,0.0,0.0,0.0,0.0,0.0,0.0,0.0,147.75,147.75,0.0,140.75,113.25,27.5,0.0,0.0,0.0,0.0,0.0,0.0,
495177,COMMUNITY MEMORIAL HOSPITAL HUNDLEY CENTER,SOUTH HILL,VA,Mecklenburg,117,2018Q3,20180709,96,8.0,8.0,0.0,47.0,38.75,8.25,11.0,11.0,0.0,8.75,8.75,0.0,148.25,148.25,0.0,189.28,139.75,49.53,0.0,0.0,0.0,0.0,0.0,0.0,
495177,COMMUNITY MEMORIAL HOSPITAL HUNDLEY CENTER,SOUTH HILL,VA,Mecklenburg,117,2018Q3,20180710,96,0.0,0.0,0.0,47.5,39.25,8.25,9.5,9.5,0.0,9.0,9.0,0.0,152.75,152.75,0.0,162.78,122.28,40.5,0.0,0.0,0.0,0.0,0.0,0.0,
495177,COMMUNITY MEMORIAL HOSPITAL HUNDLEY CENTER,SOUTH HILL,VA,Mecklenburg,117,2018Q3,20180711,96,8.0,8.0,0.0,52.25,44.25,8.0,9.0,9.0,0.0,9.5,9.5,0.0,126.75,126.75,0.0,174.75,146.5,28.25,0.0,0.0,0.0,0.0,0.0,0.0,
495177,COMMUNITY MEMORIAL HOSPITAL HUNDLEY CENTER,SOUTH HILL,VA,Mecklenburg,117,2018Q3,20180712,97,8.0,8.0,0.0,18.5,18.5,0.0,11.75,11.75,0.0,9.75,9.75,0.0,187.5,187.5,0.0,184.0,126.0,58.0,0.0,0.0,0.0,0.0,0.0,0.0,
495177,COMMUNITY MEMORIAL HOSPITAL HUNDLEY CENTER,SOUTH HILL,VA,Mecklenburg,117,2018Q3,20180713,95,0.0,0.0,0.0,48.1,39.35,8.75,19.25,19.25,0.0,8.5,8.5,0.0,135.75,135.75,0.0,173.0,125.25,47.75,0.0,0.0,0.0,0.0,0.0,0.0,
495177,COMMUNITY MEMORIAL HOSPITAL HUNDLEY CENTER,SOUTH HILL,VA,Mecklenburg,117,2018Q3,20180714,94,0.0,0.0,0.0,21.25,12.25,9.0,2.5,2.5,0.0,0.0,0.0,0.0,134.5,134.5,0.0,146.12,126.37,19.75,0.0,0.0,0.0,0.0,0.0,0.0,
495177,COMMUNITY MEMORIAL HOSPITAL HUNDLEY CENTER,SOUTH HILL,VA,Mecklenburg,117,2018Q3,20180715,94,0.0,0.0,0.0,21.75,13.25,8.5,0.0,0.0,0.0,0.0,0.0,0.0,145.25,145.25,0.0,147.75,119.5,28.25,0.0,0.0,0.0,0.0,0.0,0.0,
495177,COMMUNITY MEMORIAL HOSPITAL HUNDLEY CENTER,SOUTH HILL,VA,Mecklenburg,117,2018Q3,20180716,96,8.0,8.0,0.0,33.11,25.11,8.0,11.0,11.0,0.0,9.0,9.0,0.0,143.75,143.75,0.0,160.5,136.25,24.25,0.0,0.0,0.0,0.0,0.0,0.0,
495177,COMMUNITY MEMORIAL HOSPITAL HUNDLEY CENTER,SOUTH HILL,VA,Mecklenburg,117,2018Q3,20180717,95,8.0,8.0,0.0,29.98,29.98,0.0,8.25,8.25,0.0,8.75,8.75,0.0,172.75,172.75,0.0,202.79,142.02,60.77,0.0,0.0,0.0,0.0,0.0,0.0,
495177,COMMUNITY MEMORIAL HOSPITAL HUNDLEY CENTER,SOUTH HILL,VA,Mecklenburg,117,2018Q3,20180718,94,8.0,8.0,0.0,51.67,42.92,8.75,9.75,9.75,0.0,9.5,9.5,0.0,148.25,148.25,0.0,189.75,156.75,33.0,0.0,0.0,0.0,0.0,0.0,0.0,
495177,COMMUNITY MEMORIAL HOSPITAL HUNDLEY CENTER,SOUTH HILL,VA,Mecklenburg,117,2018Q3,20180719,93,8.0,8.0,0.0,35.7,25.95,9.75,11.25,11.25,0.0,7.75,7.75,0.0,139.58,139.58,0.0,163.95,115.25,48.7,0.0,0.0,0.0,0.0,0.0,0.0,
495177,COMMUNITY MEMORIAL HOSPITAL HUNDLEY CENTER,SOUTH HILL,VA,Mecklenburg,117,2018Q3,20180720,93,8.0,8.0,0.0,43.5,35.5,8.0,11.5,11.5,0.0,9.75,9.75,0.0,145.0,145.0,0.0,194.25,154.25,40.0,0.0,0.0,0.0,0.0,0.0,0.0,
495177,COMMUNITY MEMORIAL HOSPITAL HUNDLEY CENTER,SOUTH HILL,VA,Mecklenburg,117,2018Q3,20180721,91,0.0,0.0,0.0,12.25,12.25,0.0,0.0,0.0,0.0,0.0,0.0,0.0,141.75,141.75,0.0,152.0,127.5,24.5,0.0,0.0,0.0,0.0,0.0,0.0,
495177,COMMUNITY MEMORIAL HOSPITAL HUNDLEY CENTER,SOUTH HILL,VA,Mecklenburg,117,2018Q3,20180722,89,0.0,0.0,0.0,12.5,12.5,0.0,2.75,2.75,0.0,0.0,0.0,0.0,126.25,126.25,0.0,146.75,130.75,16.0,0.0,0.0,0.0,0.0,0.0,0.0,
495177,COMMUNITY MEMORIAL HOSPITAL HUNDLEY CENTER,SOUTH HILL,VA,Mecklenburg,117,2018Q3,20180723,88,8.0,8.0,0.0,44.37,36.37,8.0,10.0,10.0,0.0,9.75,9.75,0.0,166.0,166.0,0.0,181.5,138.0,43.5,0.0,0.0,0.0,0.0,0.0,0.0,
495177,COMMUNITY MEMORIAL HOSPITAL HUNDLEY CENTER,SOUTH HILL,VA,Mecklenburg,117,2018Q3,20180724,91,8.0,8.0,0.0,48.53,40.28,8.25,12.25,12.25,0.0,9.0,9.0,0.0,142.25,133.0,9.25,201.75,161.0,40.75,0.0,0.0,0.0,0.0,0.0,0.0,
495177,COMMUNITY MEMORIAL HOSPITAL HUNDLEY CENTER,SOUTH HILL,VA,Mecklenburg,117,2018Q3,20180725,94,8.0,8.0,0.0,50.75,41.5,9.25,9.0,9.0,0.0,9.25,9.25,0.0,156.5,146.75,9.75,185.0,149.25,35.75,0.0,0.0,0.0,0.0,0.0,0.0,
495177,COMMUNITY MEMORIAL HOSPITAL HUNDLEY CENTER,SOUTH HILL,VA,Mecklenburg,117,2018Q3,20180726,92,8.0,8.0,0.0,26.5,17.75,8.75,10.5,10.5,0.0,10.0,10.0,0.0,116.0,108.0,8.0,177.75,145.75,32.0,0.0,0.0,0.0,0.0,0.0,0.0,
495177,COMMUNITY MEMORIAL HOSPITAL HUNDLEY CENTER,SOUTH HILL,VA,Mecklenburg,117,2018Q3,20180727,93,8.0,8.0,0.0,18.32,18.32,0.0,12.25,12.25,0.0,8.5,8.5,0.0,151.25,151.25,0.0,178.25,146.25,32.0,0.0,0.0,0.0,0.0,0.0,0.0,
495177,COMMUNITY MEMORIAL HOSPITAL HUNDLEY CENTER,SOUTH HILL,VA,Mecklenburg,117,2018Q3,20180728,90,0.0,0.0,0.0,20.25,12.25,8.0,0.0,0.0,0.0,0.0,0.0,0.0,125.75,125.75,0.0,158.0,117.5,40.5,0.0,0.0,0.0,0.0,0.0,0.0,
495177,COMMUNITY MEMORIAL HOSPITAL HUNDLEY CENTER,SOUTH HILL,VA,Mecklenburg,117,2018Q3,20180729,90,0.0,0.0,0.0,20.5,12.25,8.25,0.0,0.0,0.0,0.0,0.0,0.0,133.0,133.0,0.0,156.5,118.5,38.0,0.0,0.0,0.0,0.0,0.0,0.0,
495177,COMMUNITY MEMORIAL HOSPITAL HUNDLEY CENTER,SOUTH HILL,VA,Mecklenburg,117,2018Q3,20180730,91,8.0,8.0,0.0,38.27,29.52,8.75,11.0,11.0,0.0,0.0,0.0,0.0,123.5,123.5,0.0,175.0,139.5,35.5,0.0,0.0,0.0,0.0,0.0,0.0,
495177,COMMUNITY MEMORIAL HOSPITAL HUNDLEY CENTER,SOUTH HILL,VA,Mecklenburg,117,2018Q3,20180731,93,8.0,8.0,0.0,39.68,39.68,0.0,10.75,10.75,0.0,11.0,11.0,0.0,132.25,132.25,0.0,166.73,133.73,33.0,0.0,0.0,0.0,0.0,0.0,0.0,
495177,COMMUNITY MEMORIAL HOSPITAL HUNDLEY CENTER,SOUTH HILL,VA,Mecklenburg,117,2018Q3,20180801,97,8.0,8.0,0.0,49.5,41.25,8.25,8.5,8.5,0.0,9.25,9.25,0.0,168.25,168.25,0.0,231.5,187.5,44.0,0.0,0.0,0.0,0.0,0.0,0.0,
495177,COMMUNITY MEMORIAL HOSPITAL HUNDLEY CENTER,SOUTH HILL,VA,Mecklenburg,117,2018Q3,20180802,97,8.0,8.0,0.0,34.07,26.0,8.07,9.5,9.5,0.0,9.25,9.25,0.0,140.25,140.25,0.0,216.48,188.23,28.25,0.0,0.0,0.0,0.0,0.0,0.0,
495177,COMMUNITY MEMORIAL HOSPITAL HUNDLEY CENTER,SOUTH HILL,VA,Mecklenburg,117,2018Q3,20180803,96,8.0,8.0,0.0,39.55,30.75,8.8,11.25,11.25,0.0,8.5,8.5,0.0,134.75,134.75,0.0,189.75,152.5,37.25,0.0,0.0,0.0,0.0,0.0,0.0,
495177,COMMUNITY MEMORIAL HOSPITAL HUNDLEY CENTER,SOUTH HILL,VA,Mecklenburg,117,2018Q3,20180804,94,0.0,0.0,0.0,12.0,12.0,0.0,0.0,0.0,0.0,0.0,0.0,0.0,139.5,139.5,0.0,148.93,132.68,16.25,0.0,0.0,0.0,0.0,0.0,0.0,
495177,COMMUNITY MEMORIAL HOSPITAL HUNDLEY CENTER,SOUTH HILL,VA,Mecklenburg,117,2018Q3,20180805,94,0.0,0.0,0.0,12.0,12.0,0.0,0.0,0.0,0.0,0.0,0.0,0.0,145.25,145.25,0.0,144.75,128.75,16.0,0.0,0.0,0.0,0.0,0.0,0.0,
495177,COMMUNITY MEMORIAL HOSPITAL HUNDLEY CENTER,SOUTH HILL,VA,Mecklenburg,117,2018Q3,20180806,95,8.0,8.0,0.0,36.65,28.65,8.0,9.75,9.75,0.0,8.75,8.75,0.0,146.5,146.5,0.0,192.3,156.8,35.5,0.0,0.0,0.0,0.0,0.0,0.0,
495177,COMMUNITY MEMORIAL HOSPITAL HUNDLEY CENTER,SOUTH HILL,VA,Mecklenburg,117,2018Q3,20180807,97,8.0,8.0,0.0,48.67,39.85,8.82,11.75,11.75,0.0,8.5,8.5,0.0,142.5,142.5,0.0,160.5,116.5,44.0,0.0,0.0,0.0,0.0,0.0,0.0,
495177,COMMUNITY MEMORIAL HOSPITAL HUNDLEY CENTER,SOUTH HILL,VA,Mecklenburg,117,2018Q3,20180808,96,8.0,8.0,0.0,33.48,24.48,9.0,8.0,8.0,0.0,8.0,8.0,0.0,142.25,142.25,0.0,187.01,155.01,32.0,0.0,0.0,0.0,0.0,0.0,0.0,
495177,COMMUNITY MEMORIAL HOSPITAL HUNDLEY CENTER,SOUTH HILL,VA,Mecklenburg,117,2018Q3,20180809,96,8.0,8.0,0.0,30.07,30.07,0.0,9.5,9.5,0.0,0.0,0.0,0.0,150.5,150.5,0.0,201.25,172.75,28.5,0.0,0.0,0.0,0.0,0.0,0.0,
495177,COMMUNITY MEMORIAL HOSPITAL HUNDLEY CENTER,SOUTH HILL,VA,Mecklenburg,117,2018Q3,20180810,97,8.0,8.0,0.0,42.75,34.5,8.25,9.0,9.0,0.0,0.0,0.0,0.0,147.0,147.0,0.0,162.0,122.0,40.0,0.0,0.0,0.0,0.0,0.0,0.0,
495177,COMMUNITY MEMORIAL HOSPITAL HUNDLEY CENTER,SOUTH HILL,VA,Mecklenburg,117,2018Q3,20180811,98,0.0,0.0,0.0,18.25,10.0,8.25,0.0,0.0,0.0,0.0,0.0,0.0,126.25,126.25,0.0,159.75,132.25,27.5,0.0,0.0,0.0,0.0,0.0,0.0,
495177,COMMUNITY MEMORIAL HOSPITAL HUNDLEY CENTER,SOUTH HILL,VA,Mecklenburg,117,2018Q3,20180812,98,0.0,0.0,0.0,21.25,13.0,8.25,0.0,0.0,0.0,0.0,0.0,0.0,126.5,126.5,0.0,168.25,144.25,24.0,0.0,0.0,0.0,0.0,0.0,0.0,
495177,COMMUNITY MEMORIAL HOSPITAL HUNDLEY CENTER,SOUTH HILL,VA,Mecklenburg,117,2018Q3,20180813,97,8.0,8.0,0.0,44.75,30.25,14.5,10.0,10.0,0.0,0.0,0.0,0.0,152.25,152.25,0.0,183.49,151.27,32.22,0.0,0.0,0.0,0.0,0.0,0.0,
495177,COMMUNITY MEMORIAL HOSPITAL HUNDLEY CENTER,SOUTH HILL,VA,Mecklenburg,117,2018Q3,20180814,96,8.0,8.0,0.0,46.95,30.45,16.5,9.5,9.5,0.0,9.0,9.0,0.0,146.0,146.0,0.0,195.77,163.52,32.25,0.0,0.0,0.0,0.0,0.0,0.0,
495177,COMMUNITY MEMORIAL HOSPITAL HUNDLEY CENTER,SOUTH HILL,VA,Mecklenburg,117,2018Q3,20180815,96,8.0,8.0,0.0,48.77,32.0,16.77,8.75,8.75,0.0,8.0,8.0,0.0,136.52,136.52,0.0,200.5,176.5,24.0,0.0,0.0,0.0,0.0,0.0,0.0,
495177,COMMUNITY MEMORIAL HOSPITAL HUNDLEY CENTER,SOUTH HILL,VA,Mecklenburg,117,2018Q3,20180816,95,8.0,8.0,0.0,52.75,27.25,25.5,9.0,9.0,0.0,8.75,8.75,0.0,123.0,123.0,0.0,185.25,155.25,30.0,0.0,0.0,0.0,0.0,0.0,0.0,
495177,COMMUNITY MEMORIAL HOSPITAL HUNDLEY CENTER,SOUTH HILL,VA,Mecklenburg,117,2018Q3,20180817,93,8.0,8.0,0.0,37.53,29.53,8.0,11.0,11.0,0.0,10.25,10.25,0.0,134.82,134.82,0.0,182.53,158.28,24.25,0.0,0.0,0.0,0.0,0.0,0.0,
495177,COMMUNITY MEMORIAL HOSPITAL HUNDLEY CENTER,SOUTH HILL,VA,Mecklenburg,117,2018Q3,20180818,93,0.0,0.0,0.0,12.25,12.25,0.0,0.0,0.0,0.0,0.0,0.0,0.0,131.0,131.0,0.0,133.57,125.57,8.0,0.0,0.0,0.0,0.0,0.0,0.0,
495177,COMMUNITY MEMORIAL HOSPITAL HUNDLEY CENTER,SOUTH HILL,VA,Mecklenburg,117,2018Q3,20180819,91,0.0,0.0,0.0,19.5,11.5,8.0,0.0,0.0,0.0,0.0,0.0,0.0,132.0,132.0,0.0,143.78,127.78,16.0,0.0,0.0,0.0,0.0,0.0,0.0,
495177,COMMUNITY MEMORIAL HOSPITAL HUNDLEY CENTER,SOUTH HILL,VA,Mecklenburg,117,2018Q3,20180820,92,0.0,0.0,0.0,56.97,36.97,20.0,9.0,9.0,0.0,8.25,8.25,0.0,123.25,115.5,7.75,181.0,156.75,24.25,0.0,0.0,0.0,0.0,0.0,0.0,
495177,COMMUNITY MEMORIAL HOSPITAL HUNDLEY CENTER,SOUTH HILL,VA,Mecklenburg,117,2018Q3,20180821,91,8.0,8.0,0.0,58.4,42.17,16.23,10.0,10.0,0.0,8.0,8.0,0.0,126.22,126.22,0.0,197.25,165.25,32.0,0.0,0.0,0.0,0.0,0.0,0.0,
495177,COMMUNITY MEMORIAL HOSPITAL HUNDLEY CENTER,SOUTH HILL,VA,Mecklenburg,117,2018Q3,20180822,93,8.0,8.0,0.0,63.4,43.4,20.0,8.75,8.75,0.0,8.0,8.0,0.0,129.5,129.5,0.0,199.75,190.5,9.25,0.0,0.0,0.0,0.0,0.0,0.0,
495177,COMMUNITY MEMORIAL HOSPITAL HUNDLEY CENTER,SOUTH HILL,VA,Mecklenburg,117,2018Q3,20180823,93,8.0,8.0,0.0,54.7,38.7,16.0,10.5,10.5,0.0,8.5,8.5,0.0,139.25,131.0,8.25,173.35,149.32,24.03,0.0,0.0,0.0,0.0,0.0,0.0,
495177,COMMUNITY MEMORIAL HOSPITAL HUNDLEY CENTER,SOUTH HILL,VA,Mecklenburg,117,2018Q3,20180824,94,8.0,8.0,0.0,28.25,11.75,16.5,8.5,8.5,0.0,8.25,8.25,0.0,143.25,135.0,8.25,176.87,148.12,28.75,0.0,0.0,0.0,0.0,0.0,0.0,
495177,COMMUNITY MEMORIAL HOSPITAL HUNDLEY CENTER,SOUTH HILL,VA,Mecklenburg,117,2018Q3,20180825,94,0.0,0.0,0.0,18.0,9.5,8.5,0.0,0.0,0.0,0.0,0.0,0.0,150.75,150.75,0.0,140.25,108.5,31.75,0.0,0.0,0.0,0.0,0.0,0.0,
495177,COMMUNITY MEMORIAL HOSPITAL HUNDLEY CENTER,SOUTH HILL,VA,Mecklenburg,117,2018Q3,20180826,92,0.0,0.0,0.0,20.4,12.4,8.0,0.0,0.0,0.0,0.0,0.0,0.0,141.25,141.25,0.0,146.25,121.75,24.5,0.0,0.0,0.0,0.0,0.0,0.0,
495177,COMMUNITY MEMORIAL HOSPITAL HUNDLEY CENTER,SOUTH HILL,VA,Mecklenburg,117,2018Q3,20180827,92,8.0,8.0,0.0,57.53,29.53,28.0,8.5,8.5,0.0,9.25,9.25,0.0,123.0,123.0,0.0,198.34,166.34,32.0,0.0,0.0,0.0,0.0,0.0,0.0,
495177,COMMUNITY MEMORIAL HOSPITAL HUNDLEY CENTER,SOUTH HILL,VA,Mecklenburg,117,2018Q3,20180828,94,8.0,8.0,0.0,40.53,24.03,16.5,11.5,11.5,0.0,10.75,10.75,0.0,129.43,129.43,0.0,206.1,174.0,32.1,0.0,0.0,0.0,0.0,0.0,0.0,
495177,COMMUNITY MEMORIAL HOSPITAL HUNDLEY CENTER,SOUTH HILL,VA,Mecklenburg,117,2018Q3,20180829,95,0.0,0.0,0.0,40.75,24.5,16.25,10.25,10.25,0.0,0.0,0.0,0.0,142.25,142.25,0.0,197.32,179.82,17.5,0.0,0.0,0.0,0.0,0.0,0.0,
495177,COMMUNITY MEMORIAL HOSPITAL HUNDLEY CENTER,SOUTH HILL,VA,Mecklenburg,117,2018Q3,20180830,98,8.0,8.0,0.0,39.0,22.75,16.25,8.75,8.75,0.0,8.25,8.25,0.0,159.42,159.42,0.0,208.42,176.42,32.0,0.0,0.0,0.0,0.0,0.0,0.0,
495177,COMMUNITY MEMORIAL HOSPITAL HUNDLEY CENTER,SOUTH HILL,VA,Mecklenburg,117,2018Q3,20180831,99,0.0,0.0,0.0,49.75,33.25,16.5,7.0,7.0,0.0,9.0,9.0,0.0,110.25,110.25,0.0,143.25,126.5,16.75,0.0,0.0,0.0,0.0,0.0,0.0,
495177,COMMUNITY MEMORIAL HOSPITAL HUNDLEY CENTER,SOUTH HILL,VA,Mecklenburg,117,2018Q3,20180901,100,0.0,0.0,0.0,20.25,12.25,8.0,0.0,0.0,0.0,0.0,0.0,0.0,156.5,156.5,0.0,170.5,154.75,15.75,0.0,0.0,0.0,0.0,0.0,0.0,
495177,COMMUNITY MEMORIAL HOSPITAL HUNDLEY CENTER,SOUTH HILL,VA,Mecklenburg,117,2018Q3,20180902,99,0.0,0.0,0.0,25.5,13.5,12.0,0.0,0.0,0.0,0.0,0.0,0.0,147.88,147.88,0.0,118.75,110.75,8.0,0.0,0.0,0.0,0.0,0.0,0.0,
495177,COMMUNITY MEMORIAL HOSPITAL HUNDLEY CENTER,SOUTH HILL,VA,Mecklenburg,117,2018Q3,20180903,99,0.0,0.0,0.0,49.25,24.75,24.5,0.0,0.0,0.0,8.0,8.0,0.0,124.5,124.5,0.0,157.5,141.5,16.0,0.0,0.0,0.0,0.0,0.0,0.0,
495177,COMMUNITY MEMORIAL HOSPITAL HUNDLEY CENTER,SOUTH HILL,VA,Mecklenburg,117,2018Q3,20180904,103,8.0,8.0,0.0,45.75,37.25,8.5,9.5,9.5,0.0,8.0,8.0,0.0,156.75,156.75,0.0,174.75,166.5,8.25,0.0,0.0,0.0,0.0,0.0,0.0,
495177,COMMUNITY MEMORIAL HOSPITAL HUNDLEY CENTER,SOUTH HILL,VA,Mecklenburg,117,2018Q3,20180905,103,8.0,8.0,0.0,54.0,38.0,16.0,10.0,10.0,0.0,8.75,8.75,0.0,135.75,135.75,0.0,223.72,199.72,24.0,0.0,0.0,0.0,0.0,0.0,0.0,
495177,COMMUNITY MEMORIAL HOSPITAL HUNDLEY CENTER,SOUTH HILL,VA,Mecklenburg,117,2018Q3,20180906,101,8.0,8.0,0.0,43.28,25.53,17.75,7.75,7.75,0.0,9.75,9.75,0.0,142.5,142.5,0.0,203.25,174.25,29.0,0.0,0.0,0.0,0.0,0.0,0.0,
495177,COMMUNITY MEMORIAL HOSPITAL HUNDLEY CENTER,SOUTH HILL,VA,Mecklenburg,117,2018Q3,20180907,103,8.0,8.0,0.0,51.5,27.5,24.0,10.5,10.5,0.0,0.0,0.0,0.0,132.0,132.0,0.0,181.0,164.75,16.25,0.0,0.0,0.0,0.0,0.0,0.0,
495177,COMMUNITY MEMORIAL HOSPITAL HUNDLEY CENTER,SOUTH HILL,VA,Mecklenburg,117,2018Q3,20180908,102,0.0,0.0,0.0,16.0,8.0,8.0,4.75,4.75,0.0,0.0,0.0,0.0,140.75,140.75,0.0,159.5,143.25,16.25,0.0,0.0,0.0,0.0,0.0,0.0,
495177,COMMUNITY MEMORIAL HOSPITAL HUNDLEY CENTER,SOUTH HILL,VA,Mecklenburg,117,2018Q3,20180909,101,0.0,0.0,0.0,18.0,10.0,8.0,0.0,0.0,0.0,0.0,0.0,0.0,149.25,149.25,0.0,154.23,129.98,24.25,0.0,0.0,0.0,0.0,0.0,0.0,
495177,COMMUNITY MEMORIAL HOSPITAL HUNDLEY CENTER,SOUTH HILL,VA,Mecklenburg,117,2018Q3,20180910,99,8.0,8.0,0.0,33.25,17.5,15.75,10.5,10.5,0.0,9.0,9.0,0.0,143.12,143.12,0.0,184.38,168.13,16.25,0.0,0.0,0.0,0.0,0.0,0.0,
495177,COMMUNITY MEMORIAL HOSPITAL HUNDLEY CENTER,SOUTH HILL,VA,Mecklenburg,117,2018Q3,20180911,98,8.0,8.0,0.0,68.08,38.58,29.5,10.0,10.0,0.0,9.5,9.5,0.0,136.0,136.0,0.0,186.78,178.75,8.03,0.0,0.0,0.0,0.0,0.0,0.0,
495177,COMMUNITY MEMORIAL HOSPITAL HUNDLEY CENTER,SOUTH HILL,VA,Mecklenburg,117,2018Q3,20180912,99,8.0,8.0,0.0,79.22,47.97,31.25,10.25,10.25,0.0,8.5,8.5,0.0,132.25,132.25,0.0,238.52,222.27,16.25,0.0,0.0,0.0,0.0,0.0,0.0,
495177,COMMUNITY MEMORIAL HOSPITAL HUNDLEY CENTER,SOUTH HILL,VA,Mecklenburg,117,2018Q3,20180913,101,8.0,8.0,0.0,51.3,34.3,17.0,8.5,8.5,0.0,9.0,9.0,0.0,132.5,132.5,0.0,198.0,182.0,16.0,0.0,0.0,0.0,0.0,0.0,0.0,
495177,COMMUNITY MEMORIAL HOSPITAL HUNDLEY CENTER,SOUTH HILL,VA,Mecklenburg,117,2018Q3,20180914,98,8.0,8.0,0.0,70.5,46.5,24.0,9.0,9.0,0.0,8.5,8.5,0.0,141.97,141.97,0.0,215.75,179.75,36.0,0.0,0.0,0.0,0.0,0.0,0.0,
495177,COMMUNITY MEMORIAL HOSPITAL HUNDLEY CENTER,SOUTH HILL,VA,Mecklenburg,117,2018Q3,20180915,98,0.0,0.0,0.0,18.75,10.75,8.0,0.0,0.0,0.0,0.0,0.0,0.0,120.5,120.5,0.0,135.75,119.75,16.0,0.0,0.0,0.0,0.0,0.0,0.0,
495177,COMMUNITY MEMORIAL HOSPITAL HUNDLEY CENTER,SOUTH HILL,VA,Mecklenburg,117,2018Q3,20180916,98,0.0,0.0,0.0,16.5,8.75,7.75,0.0,0.0,0.0,0.0,0.0,0.0,112.42,112.42,0.0,133.75,125.75,8.0,0.0,0.0,0.0,0.0,0.0,0.0,
495177,COMMUNITY MEMORIAL HOSPITAL HUNDLEY CENTER,SOUTH HILL,VA,Mecklenburg,117,2018Q3,20180917,97,8.0,8.0,0.0,57.75,24.5,33.25,5.25,5.25,0.0,9.0,9.0,0.0,128.75,128.75,0.0,209.77,195.27,14.5,0.0,0.0,0.0,0.0,0.0,0.0,
495177,COMMUNITY MEMORIAL HOSPITAL HUNDLEY CENTER,SOUTH HILL,VA,Mecklenburg,117,2018Q3,20180918,97,8.0,8.0,0.0,75.25,43.75,31.5,8.75,8.75,0.0,8.25,8.25,0.0,146.45,146.45,0.0,191.0,183.0,8.0,0.0,0.0,0.0,0.0,0.0,0.0,
495177,COMMUNITY MEMORIAL HOSPITAL HUNDLEY CENTER,SOUTH HILL,VA,Mecklenburg,117,2018Q3,20180919,96,8.0,8.0,0.0,56.75,47.25,9.5,9.75,9.75,0.0,8.0,8.0,0.0,136.0,136.0,0.0,216.5,196.0,20.5,0.0,0.0,0.0,0.0,0.0,0.0,
495177,COMMUNITY MEMORIAL HOSPITAL HUNDLEY CENTER,SOUTH HILL,VA,Mecklenburg,117,2018Q3,20180920,97,8.0,8.0,0.0,59.25,33.25,26.0,9.75,9.75,0.0,8.25,8.25,0.0,123.0,123.0,0.0,188.75,180.75,8.0,0.0,0.0,0.0,0.0,0.0,0.0,
495177,COMMUNITY MEMORIAL HOSPITAL HUNDLEY CENTER,SOUTH HILL,VA,Mecklenburg,117,2018Q3,20180921,99,8.0,8.0,0.0,64.94,40.44,24.5,10.75,10.75,0.0,8.75,8.75,0.0,131.25,131.25,0.0,157.23,132.73,24.5,0.0,0.0,0.0,0.0,0.0,0.0,
495177,COMMUNITY MEMORIAL HOSPITAL HUNDLEY CENTER,SOUTH HILL,VA,Mecklenburg,117,2018Q3,20180922,99,0.0,0.0,0.0,20.75,12.75,8.0,0.0,0.0,0.0,0.0,0.0,0.0,130.0,130.0,0.0,189.05,174.3,14.75,0.0,0.0,0.0,0.0,0.0,0.0,
495177,COMMUNITY MEMORIAL HOSPITAL HUNDLEY CENTER,SOUTH HILL,VA,Mecklenburg,117,2018Q3,20180923,98,0.0,0.0,0.0,20.25,12.25,8.0,0.0,0.0,0.0,0.0,0.0,0.0,138.75,138.75,0.0,157.0,149.25,7.75,0.0,0.0,0.0,0.0,0.0,0.0,
495177,COMMUNITY MEMORIAL HOSPITAL HUNDLEY CENTER,SOUTH HILL,VA,Mecklenburg,117,2018Q3,20180924,99,8.0,8.0,0.0,63.03,31.53,31.5,9.5,9.5,0.0,9.0,9.0,0.0,140.75,140.75,0.0,182.28,157.98,24.3,0.0,0.0,0.0,0.0,0.0,0.0,
495177,COMMUNITY MEMORIAL HOSPITAL HUNDLEY CENTER,SOUTH HILL,VA,Mecklenburg,117,2018Q3,20180925,99,8.0,8.0,0.0,88.75,57.0,31.75,11.0,11.0,0.0,10.0,10.0,0.0,129.2,129.2,0.0,182.0,165.75,16.25,0.0,0.0,0.0,0.0,0.0,0.0,
495177,COMMUNITY MEMORIAL HOSPITAL HUNDLEY CENTER,SOUTH HILL,VA,Mecklenburg,117,2018Q3,20180926,101,8.0,8.0,0.0,48.65,40.9,7.75,11.5,11.5,0.0,9.0,9.0,0.0,137.5,137.5,0.0,195.83,187.83,8.0,0.0,0.0,0.0,0.0,0.0,0.0,
495177,COMMUNITY MEMORIAL HOSPITAL HUNDLEY CENTER,SOUTH HILL,VA,Mecklenburg,117,2018Q3,20180927,99,8.0,8.0,0.0,46.93,38.68,8.25,9.5,9.5,0.0,8.25,8.25,0.0,142.75,142.75,0.0,185.3,177.25,8.05,0.0,0.0,0.0,0.0,0.0,0.0,
495177,COMMUNITY MEMORIAL HOSPITAL HUNDLEY CENTER,SOUTH HILL,VA,Mecklenburg,117,2018Q3,20180928,98,8.0,8.0,0.0,57.72,36.72,21.0,8.75,8.75,0.0,9.5,9.5,0.0,134.5,134.5,0.0,166.5,162.25,4.25,0.0,0.0,0.0,0.0,0.0,0.0,
495177,COMMUNITY MEMORIAL HOSPITAL HUNDLEY CENTER,SOUTH HILL,VA,Mecklenburg,117,2018Q3,20180929,98,0.0,0.0,0.0,25.5,10.5,15.0,0.0,0.0,0.0,0.0,0.0,0.0,129.0,129.0,0.0,155.5,151.5,4.0,0.0,0.0,0.0,0.0,0.0,0.0,
495177,COMMUNITY MEMORIAL HOSPITAL HUNDLEY CENTER,SOUTH HILL,VA,Mecklenburg,117,2018Q3,20180930,97,0.0,0.0,0.0,27.9,12.15,15.75,0.0,0.0,0.0,0.0,0.0,0.0,118.0,118.0,0.0,122.5,114.5,8.0,0.0,0.0,0.0,0.0,0.0,0.0,
495177,COMMUNITY MEMORIAL HOSPITAL HUNDLEY CENTER,SOUTH HILL,VA,Mecklenburg,117,2018Q4,20181001,96,8.0,8.0,0.0,64.5,34.0,30.5,8.5,8.5,0.0,9.0,9.0,0.0,155.75,155.75,0.0,201.98,177.98,24.0,0.0,0.0,0.0,0.0,0.0,0.0,
495177,COMMUNITY MEMORIAL HOSPITAL HUNDLEY CENTER,SOUTH HILL,VA,Mecklenburg,117,2018Q4,20181002,96,8.0,8.0,0.0,80.28,48.53,31.75,8.25,8.25,0.0,9.25,9.25,0.0,120.25,120.25,0.0,161.25,161.25,0.0,0.0,0.0,0.0,0.0,0.0,0.0,
495177,COMMUNITY MEMORIAL HOSPITAL HUNDLEY CENTER,SOUTH HILL,VA,Mecklenburg,117,2018Q4,20181003,96,8.0,8.0,0.0,63.95,47.45,16.5,9.5,9.5,0.0,9.25,9.25,0.0,119.75,119.75,0.0,201.27,185.27,16.0,0.0,0.0,0.0,0.0,0.0,0.0,
495177,COMMUNITY MEMORIAL HOSPITAL HUNDLEY CENTER,SOUTH HILL,VA,Mecklenburg,117,2018Q4,20181004,95,8.0,8.0,0.0,66.13,42.38,23.75,8.0,8.0,0.0,8.5,8.5,0.0,136.25,136.25,0.0,200.47,184.5,15.97,0.0,0.0,0.0,0.0,0.0,0.0,
495177,COMMUNITY MEMORIAL HOSPITAL HUNDLEY CENTER,SOUTH HILL,VA,Mecklenburg,117,2018Q4,20181005,95,8.0,8.0,0.0,67.97,36.22,31.75,9.25,9.25,0.0,0.0,0.0,0.0,129.75,129.75,0.0,171.0,147.0,24.0,0.0,0.0,0.0,0.0,0.0,0.0,
495177,COMMUNITY MEMORIAL HOSPITAL HUNDLEY CENTER,SOUTH HILL,VA,Mecklenburg,117,2018Q4,20181006,95,0.0,0.0,0.0,20.5,12.5,8.0,0.0,0.0,0.0,0.0,0.0,0.0,133.75,133.75,0.0,162.0,134.25,27.75,0.0,0.0,0.0,0.0,0.0,0.0,
495177,COMMUNITY MEMORIAL HOSPITAL HUNDLEY CENTER,SOUTH HILL,VA,Mecklenburg,117,2018Q4,20181007,94,0.0,0.0,0.0,20.5,12.5,8.0,0.0,0.0,0.0,0.0,0.0,0.0,123.25,123.25,0.0,140.0,123.75,16.25,0.0,0.0,0.0,0.0,0.0,0.0,
495177,COMMUNITY MEMORIAL HOSPITAL HUNDLEY CENTER,SOUTH HILL,VA,Mecklenburg,117,2018Q4,20181008,94,8.0,8.0,0.0,79.5,47.0,32.5,7.75,7.75,0.0,8.5,8.5,0.0,132.27,132.27,0.0,187.58,163.5,24.08,0.0,0.0,0.0,0.0,0.0,0.0,
495177,COMMUNITY MEMORIAL HOSPITAL HUNDLEY CENTER,SOUTH HILL,VA,Mecklenburg,117,2018Q4,20181009,92,8.0,8.0,0.0,58.25,35.0,23.25,10.0,10.0,0.0,10.0,10.0,0.0,146.5,146.5,0.0,171.27,163.27,8.0,0.0,0.0,0.0,0.0,0.0,0.0,
495177,COMMUNITY MEMORIAL HOSPITAL HUNDLEY CENTER,SOUTH HILL,VA,Mecklenburg,117,2018Q4,20181010,94,8.0,8.0,0.0,47.75,31.5,16.25,8.75,8.75,0.0,9.0,9.0,0.0,135.25,135.25,0.0,185.0,169.0,16.0,0.0,0.0,0.0,0.0,0.0,0.0,
495177,COMMUNITY MEMORIAL HOSPITAL HUNDLEY CENTER,SOUTH HILL,VA,Mecklenburg,117,2018Q4,20181011,94,8.0,8.0,0.0,49.75,33.5,16.25,12.25,12.25,0.0,8.5,8.5,0.0,121.5,121.5,0.0,191.0,182.75,8.25,0.0,0.0,0.0,0.0,0.0,0.0,
495177,COMMUNITY MEMORIAL HOSPITAL HUNDLEY CENTER,SOUTH HILL,VA,Mecklenburg,117,2018Q4,20181012,94,8.0,8.0,0.0,48.75,32.75,16.0,9.75,9.75,0.0,8.5,8.5,0.0,126.75,126.75,0.0,189.0,164.75,24.25,0.0,0.0,0.0,0.0,0.0,0.0,
495177,COMMUNITY MEMORIAL HOSPITAL HUNDLEY CENTER,SOUTH HILL,VA,Mecklenburg,117,2018Q4,20181013,92,0.0,0.0,0.0,20.75,12.5,8.25,5.75,5.75,0.0,0.0,0.0,0.0,123.75,123.75,0.0,134.5,126.5,8.0,0.0,0.0,0.0,0.0,0.0,0.0,
495177,COMMUNITY MEMORIAL HOSPITAL HUNDLEY CENTER,SOUTH HILL,VA,Mecklenburg,117,2018Q4,20181014,91,0.0,0.0,0.0,21.75,13.5,8.25,0.0,0.0,0.0,0.0,0.0,0.0,129.45,129.45,0.0,152.75,144.75,8.0,0.0,0.0,0.0,0.0,0.0,0.0,
495177,COMMUNITY MEMORIAL HOSPITAL HUNDLEY CENTER,SOUTH HILL,VA,Mecklenburg,117,2018Q4,20181015,93,8.0,8.0,0.0,61.25,45.22,16.03,0.0,0.0,0.0,10.0,10.0,0.0,141.25,141.25,0.0,161.25,137.0,24.25,0.0,0.0,0.0,0.0,0.0,0.0,
495177,COMMUNITY MEMORIAL HOSPITAL HUNDLEY CENTER,SOUTH HILL,VA,Mecklenburg,117,2018Q4,20181016,92,8.0,8.0,0.0,75.27,50.45,24.82,12.25,12.25,0.0,11.75,11.75,0.0,128.0,128.0,0.0,169.75,169.75,0.0,0.0,0.0,0.0,0.0,0.0,0.0,
495177,COMMUNITY MEMORIAL HOSPITAL HUNDLEY CENTER,SOUTH HILL,VA,Mecklenburg,117,2018Q4,20181017,93,8.0,8.0,0.0,64.48,55.73,8.75,7.5,7.5,0.0,8.5,8.5,0.0,130.75,130.75,0.0,188.82,172.82,16.0,0.0,0.0,0.0,0.0,0.0,0.0,
495177,COMMUNITY MEMORIAL HOSPITAL HUNDLEY CENTER,SOUTH HILL,VA,Mecklenburg,117,2018Q4,20181018,95,8.0,8.0,0.0,48.93,31.68,17.25,9.25,9.25,0.0,9.0,9.0,0.0,136.28,136.28,0.0,182.0,174.0,8.0,0.0,0.0,0.0,0.0,0.0,0.0,
495177,COMMUNITY MEMORIAL HOSPITAL HUNDLEY CENTER,SOUTH HILL,VA,Mecklenburg,117,2018Q4,20181019,94,8.0,8.0,0.0,60.12,43.87,16.25,11.0,11.0,0.0,8.25,8.25,0.0,123.25,123.25,0.0,170.0,153.5,16.5,0.0,0.0,0.0,0.0,0.0,0.0,
495177,COMMUNITY MEMORIAL HOSPITAL HUNDLEY CENTER,SOUTH HILL,VA,Mecklenburg,117,2018Q4,20181020,94,0.0,0.0,0.0,21.0,13.0,8.0,0.0,0.0,0.0,0.0,0.0,0.0,138.25,138.25,0.0,143.0,126.75,16.25,0.0,0.0,0.0,0.0,0.0,0.0,
495177,COMMUNITY MEMORIAL HOSPITAL HUNDLEY CENTER,SOUTH HILL,VA,Mecklenburg,117,2018Q4,20181021,93,0.0,0.0,0.0,20.5,12.5,8.0,0.0,0.0,0.0,0.0,0.0,0.0,138.27,138.27,0.0,137.0,128.75,8.25,0.0,0.0,0.0,0.0,0.0,0.0,
495177,COMMUNITY MEMORIAL HOSPITAL HUNDLEY CENTER,SOUTH HILL,VA,Mecklenburg,117,2018Q4,20181022,93,8.0,8.0,0.0,44.25,36.5,7.75,8.75,8.75,0.0,8.75,8.75,0.0,153.57,153.57,0.0,174.5,156.0,18.5,0.0,0.0,0.0,0.0,0.0,0.0,
495177,COMMUNITY MEMORIAL HOSPITAL HUNDLEY CENTER,SOUTH HILL,VA,Mecklenburg,117,2018Q4,20181023,93,8.0,8.0,0.0,45.93,29.43,16.5,12.0,12.0,0.0,8.0,8.0,0.0,141.5,141.5,0.0,170.5,154.25,16.25,0.0,0.0,0.0,0.0,0.0,0.0,
495177,COMMUNITY MEMORIAL HOSPITAL HUNDLEY CENTER,SOUTH HILL,VA,Mecklenburg,117,2018Q4,20181024,94,8.0,8.0,0.0,47.43,31.43,16.0,10.0,10.0,0.0,8.25,8.25,0.0,152.0,152.0,0.0,187.0,173.75,13.25,0.0,0.0,0.0,0.0,0.0,0.0,
495177,COMMUNITY MEMORIAL HOSPITAL HUNDLEY CENTER,SOUTH HILL,VA,Mecklenburg,117,2018Q4,20181025,94,8.0,8.0,0.0,33.0,25.0,8.0,10.75,10.75,0.0,8.5,8.5,0.0,146.75,146.75,0.0,173.5,165.5,8.0,0.0,0.0,0.0,0.0,0.0,0.0,
495177,COMMUNITY MEMORIAL HOSPITAL HUNDLEY CENTER,SOUTH HILL,VA,Mecklenburg,117,2018Q4,20181026,97,8.0,8.0,0.0,39.75,23.25,16.5,9.0,9.0,0.0,8.25,8.25,0.0,140.25,140.25,0.0,182.0,165.75,16.25,0.0,0.0,0.0,0.0,0.0,0.0,
495177,COMMUNITY MEMORIAL HOSPITAL HUNDLEY CENTER,SOUTH HILL,VA,Mecklenburg,117,2018Q4,20181027,95,0.0,0.0,0.0,21.0,12.5,8.5,0.0,0.0,0.0,0.0,0.0,0.0,130.75,130.75,0.0,151.25,151.25,0.0,0.0,0.0,0.0,0.0,0.0,0.0,
495177,COMMUNITY MEMORIAL HOSPITAL HUNDLEY CENTER,SOUTH HILL,VA,Mecklenburg,117,2018Q4,20181028,93,0.0,0.0,0.0,20.65,12.4,8.25,0.0,0.0,0.0,0.0,0.0,0.0,143.58,143.58,0.0,159.25,151.0,8.25,0.0,0.0,0.0,0.0,0.0,0.0,
495177,COMMUNITY MEMORIAL HOSPITAL HUNDLEY CENTER,SOUTH HILL,VA,Mecklenburg,117,2018Q4,20181029,94,8.0,8.0,0.0,62.55,46.3,16.25,9.75,9.75,0.0,9.5,9.5,0.0,140.8,140.8,0.0,181.75,181.75,0.0,0.0,0.0,0.0,0.0,0.0,0.0,
495177,COMMUNITY MEMORIAL HOSPITAL HUNDLEY CENTER,SOUTH HILL,VA,Mecklenburg,117,2018Q4,20181030,94,8.0,8.0,0.0,52.87,37.37,15.5,0.0,0.0,0.0,9.25,9.25,0.0,140.75,140.75,0.0,182.37,174.37,8.0,0.0,0.0,0.0,0.0,0.0,0.0,
495177,COMMUNITY MEMORIAL HOSPITAL HUNDLEY CENTER,SOUTH HILL,VA,Mecklenburg,117,2018Q4,20181031,97,8.0,8.0,0.0,55.5,47.0,8.5,9.25,9.25,0.0,8.0,8.0,0.0,102.25,102.25,0.0,157.75,141.75,16.0,0.0,0.0,0.0,0.0,0.0,0.0,
495177,COMMUNITY MEMORIAL HOSPITAL HUNDLEY CENTER,SOUTH HILL,VA,Mecklenburg,117,2018Q4,20181101,99,8.0,8.0,0.0,46.63,34.63,12.0,10.75,10.75,0.0,8.25,8.25,0.0,165.0,165.0,0.0,214.5,198.5,16.0,0.0,0.0,0.0,0.0,0.0,0.0,
495177,COMMUNITY MEMORIAL HOSPITAL HUNDLEY CENTER,SOUTH HILL,VA,Mecklenburg,117,2018Q4,20181102,99,8.0,8.0,0.0,56.62,40.62,16.0,9.25,9.25,0.0,0.0,0.0,0.0,137.5,137.5,0.0,165.0,149.0,16.0,0.0,0.0,0.0,0.0,0.0,0.0,
495177,COMMUNITY MEMORIAL HOSPITAL HUNDLEY CENTER,SOUTH HILL,VA,Mecklenburg,117,2018Q4,20181103,99,0.0,0.0,0.0,21.0,13.0,8.0,0.0,0.0,0.0,0.0,0.0,0.0,152.5,152.5,0.0,143.75,127.0,16.75,0.0,0.0,0.0,0.0,0.0,0.0,
495177,COMMUNITY MEMORIAL HOSPITAL HUNDLEY CENTER,SOUTH HILL,VA,Mecklenburg,117,2018Q4,20181104,96,0.0,0.0,0.0,19.75,11.75,8.0,0.0,0.0,0.0,0.0,0.0,0.0,131.5,131.5,0.0,137.25,121.25,16.0,0.0,0.0,0.0,0.0,0.0,0.0,
495177,COMMUNITY MEMORIAL HOSPITAL HUNDLEY CENTER,SOUTH HILL,VA,Mecklenburg,117,2018Q4,20181105,96,8.0,8.0,0.0,48.75,32.75,16.0,8.5,8.5,0.0,8.0,8.0,0.0,146.25,146.25,0.0,164.0,164.0,0.0,0.0,0.0,0.0,0.0,0.0,0.0,
495177,COMMUNITY MEMORIAL HOSPITAL HUNDLEY CENTER,SOUTH HILL,VA,Mecklenburg,117,2018Q4,20181106,96,8.0,8.0,0.0,74.58,48.58,26.0,8.25,8.25,0.0,8.75,8.75,0.0,130.75,130.75,0.0,170.25,162.25,8.0,0.0,0.0,0.0,0.0,0.0,0.0,
495177,COMMUNITY MEMORIAL HOSPITAL HUNDLEY CENTER,SOUTH HILL,VA,Mecklenburg,117,2018Q4,20181107,99,8.0,8.0,0.0,54.53,46.53,8.0,11.5,11.5,0.0,8.0,8.0,0.0,127.0,127.0,0.0,183.25,178.0,5.25,0.0,0.0,0.0,0.0,0.0,0.0,
495177,COMMUNITY MEMORIAL HOSPITAL HUNDLEY CENTER,SOUTH HILL,VA,Mecklenburg,117,2018Q4,20181108,97,8.0,8.0,0.0,58.0,33.75,24.25,8.0,8.0,0.0,8.5,8.5,0.0,139.09,139.09,0.0,178.86,159.25,19.61,0.0,0.0,0.0,0.0,0.0,0.0,
495177,COMMUNITY MEMORIAL HOSPITAL HUNDLEY CENTER,SOUTH HILL,VA,Mecklenburg,117,2018Q4,20181109,96,8.0,8.0,0.0,58.0,49.25,8.75,9.25,9.25,0.0,8.5,8.5,0.0,130.25,130.25,0.0,189.03,172.78,16.25,0.0,0.0,0.0,0.0,0.0,0.0,
495177,COMMUNITY MEMORIAL HOSPITAL HUNDLEY CENTER,SOUTH HILL,VA,Mecklenburg,117,2018Q4,20181110,95,0.0,0.0,0.0,20.0,12.5,7.5,0.0,0.0,0.0,0.0,0.0,0.0,133.0,133.0,0.0,138.25,138.25,0.0,0.0,0.0,0.0,0.0,0.0,0.0,
495177,COMMUNITY MEMORIAL HOSPITAL HUNDLEY CENTER,SOUTH HILL,VA,Mecklenburg,117,2018Q4,20181111,93,0.0,0.0,0.0,21.5,13.25,8.25,0.0,0.0,0.0,0.0,0.0,0.0,146.0,146.0,0.0,148.75,140.5,8.25,0.0,0.0,0.0,0.0,0.0,0.0,
495177,COMMUNITY MEMORIAL HOSPITAL HUNDLEY CENTER,SOUTH HILL,VA,Mecklenburg,117,2018Q4,20181112,93,4.0,4.0,0.0,46.28,30.03,16.25,11.75,11.75,0.0,9.25,9.25,0.0,131.75,131.75,0.0,184.5,176.5,8.0,0.0,0.0,0.0,0.0,0.0,0.0,
495177,COMMUNITY MEMORIAL HOSPITAL HUNDLEY CENTER,SOUTH HILL,VA,Mecklenburg,117,2018Q4,20181113,94,8.0,8.0,0.0,33.9,25.9,8.0,12.0,12.0,0.0,0.0,0.0,0.0,136.75,136.75,0.0,172.75,164.75,8.0,0.0,0.0,0.0,0.0,0.0,0.0,
495177,COMMUNITY MEMORIAL HOSPITAL HUNDLEY CENTER,SOUTH HILL,VA,Mecklenburg,117,2018Q4,20181114,94,8.0,8.0,0.0,49.75,33.0,16.75,10.25,10.25,0.0,9.0,9.0,0.0,133.2,133.2,0.0,183.8,183.8,0.0,0.0,0.0,0.0,0.0,0.0,0.0,
495177,COMMUNITY MEMORIAL HOSPITAL HUNDLEY CENTER,SOUTH HILL,VA,Mecklenburg,117,2018Q4,20181115,98,8.0,8.0,0.0,48.75,32.0,16.75,12.5,12.5,0.0,8.5,8.5,0.0,146.98,146.98,0.0,182.75,174.75,8.0,0.0,0.0,0.0,0.0,0.0,0.0,
495177,COMMUNITY MEMORIAL HOSPITAL HUNDLEY CENTER,SOUTH HILL,VA,Mecklenburg,117,2018Q4,20181116,98,8.0,8.0,0.0,48.47,32.47,16.0,0.0,0.0,0.0,9.0,9.0,0.0,119.0,119.0,0.0,143.25,131.25,12.0,0.0,0.0,0.0,0.0,0.0,0.0,
495177,COMMUNITY MEMORIAL HOSPITAL HUNDLEY CENTER,SOUTH HILL,VA,Mecklenburg,117,2018Q4,20181117,98,0.0,0.0,0.0,17.75,9.75,8.0,0.0,0.0,0.0,0.0,0.0,0.0,158.75,158.75,0.0,153.25,137.25,16.0,0.0,0.0,0.0,0.0,0.0,0.0,
495177,COMMUNITY MEMORIAL HOSPITAL HUNDLEY CENTER,SOUTH HILL,VA,Mecklenburg,117,2018Q4,20181118,98,0.0,0.0,0.0,21.75,13.5,8.25,0.0,0.0,0.0,0.0,0.0,0.0,146.75,146.75,0.0,151.75,127.25,24.5,0.0,0.0,0.0,0.0,0.0,0.0,
495177,COMMUNITY MEMORIAL HOSPITAL HUNDLEY CENTER,SOUTH HILL,VA,Mecklenburg,117,2018Q4,20181119,96,8.0,8.0,0.0,54.32,46.07,8.25,9.75,9.75,0.0,9.0,9.0,0.0,122.5,122.5,0.0,170.25,162.0,8.25,0.0,0.0,0.0,0.0,0.0,0.0,
495177,COMMUNITY MEMORIAL HOSPITAL HUNDLEY CENTER,SOUTH HILL,VA,Mecklenburg,117,2018Q4,20181120,93,8.0,8.0,0.0,61.8,37.55,24.25,8.75,8.75,0.0,9.25,9.25,0.0,128.25,128.25,0.0,189.0,172.5,16.5,0.0,0.0,0.0,0.0,0.0,0.0,
495177,COMMUNITY MEMORIAL HOSPITAL HUNDLEY CENTER,SOUTH HILL,VA,Mecklenburg,117,2018Q4,20181121,97,8.0,8.0,0.0,56.65,31.9,24.75,14.0,14.0,0.0,11.0,11.0,0.0,135.25,135.25,0.0,179.25,171.25,8.0,0.0,0.0,0.0,0.0,0.0,0.0,
495177,COMMUNITY MEMORIAL HOSPITAL HUNDLEY CENTER,SOUTH HILL,VA,Mecklenburg,117,2018Q4,20181122,96,0.0,0.0,0.0,36.75,19.0,17.75,0.0,0.0,0.0,0.0,0.0,0.0,109.25,109.25,0.0,187.5,179.5,8.0,0.0,0.0,0.0,0.0,0.0,0.0,
495177,COMMUNITY MEMORIAL HOSPITAL HUNDLEY CENTER,SOUTH HILL,VA,Mecklenburg,117,2018Q4,20181123,94,0.0,0.0,0.0,24.25,24.25,0.0,11.0,11.0,0.0,9.25,9.25,0.0,130.25,130.25,0.0,155.25,139.5,15.75,0.0,0.0,0.0,0.0,0.0,0.0,
495177,COMMUNITY MEMORIAL HOSPITAL HUNDLEY CENTER,SOUTH HILL,VA,Mecklenburg,117,2018Q4,20181124,95,0.0,0.0,0.0,25.25,12.5,12.75,0.0,0.0,0.0,0.0,0.0,0.0,120.0,120.0,0.0,140.75,140.75,0.0,0.0,0.0,0.0,0.0,0.0,0.0,
495177,COMMUNITY MEMORIAL HOSPITAL HUNDLEY CENTER,SOUTH HILL,VA,Mecklenburg,117,2018Q4,20181125,94,0.0,0.0,0.0,25.5,12.5,13.0,0.0,0.0,0.0,0.0,0.0,0.0,119.25,119.25,0.0,146.25,146.25,0.0,0.0,0.0,0.0,0.0,0.0,0.0,
495177,COMMUNITY MEMORIAL HOSPITAL HUNDLEY CENTER,SOUTH HILL,VA,Mecklenburg,117,2018Q4,20181126,95,8.0,8.0,0.0,20.75,20.75,0.0,10.5,10.5,0.0,9.0,9.0,0.0,134.5,134.5,0.0,159.5,151.5,8.0,0.0,0.0,0.0,0.0,0.0,0.0,
495177,COMMUNITY MEMORIAL HOSPITAL HUNDLEY CENTER,SOUTH HILL,VA,Mecklenburg,117,2018Q4,20181127,98,8.0,8.0,0.0,35.02,26.52,8.5,8.75,8.75,0.0,9.5,9.5,0.0,123.75,123.75,0.0,165.0,157.0,8.0,0.0,0.0,0.0,0.0,0.0,0.0,
495177,COMMUNITY MEMORIAL HOSPITAL HUNDLEY CENTER,SOUTH HILL,VA,Mecklenburg,117,2018Q4,20181128,97,8.0,8.0,0.0,36.75,27.5,9.25,11.75,11.75,0.0,9.5,9.5,0.0,144.5,144.5,0.0,191.0,174.5,16.5,0.0,0.0,0.0,0.0,0.0,0.0,
495177,COMMUNITY MEMORIAL HOSPITAL HUNDLEY CENTER,SOUTH HILL,VA,Mecklenburg,117,2018Q4,20181129,97,8.0,8.0,0.0,36.5,19.75,16.75,10.25,10.25,0.0,9.25,9.25,0.0,136.5,136.5,0.0,167.27,160.27,7.0,0.0,0.0,0.0,0.0,0.0,0.0,
495177,COMMUNITY MEMORIAL HOSPITAL HUNDLEY CENTER,SOUTH HILL,VA,Mecklenburg,117,2018Q4,20181130,100,8.0,8.0,0.0,36.47,27.47,9.0,9.75,9.75,0.0,9.0,9.0,0.0,114.25,114.25,0.0,143.78,119.03,24.75,0.0,0.0,0.0,0.0,0.0,0.0,
495177,COMMUNITY MEMORIAL HOSPITAL HUNDLEY CENTER,SOUTH HILL,VA,Mecklenburg,117,2018Q4,20181201,98,0.0,0.0,0.0,20.75,12.5,8.25,0.0,0.0,0.0,0.0,0.0,0.0,167.0,158.25,8.75,177.0,151.5,25.5,0.0,0.0,0.0,0.0,0.0,0.0,
495177,COMMUNITY MEMORIAL HOSPITAL HUNDLEY CENTER,SOUTH HILL,VA,Mecklenburg,117,2018Q4,20181202,98,0.0,0.0,0.0,13.0,13.0,0.0,0.0,0.0,0.0,0.0,0.0,0.0,130.0,121.75,8.25,152.88,137.13,15.75,0.0,0.0,0.0,0.0,0.0,0.0,
495177,COMMUNITY MEMORIAL HOSPITAL HUNDLEY CENTER,SOUTH HILL,VA,Mecklenburg,117,2018Q4,20181203,97,8.0,8.0,0.0,47.25,30.25,17.0,0.0,0.0,0.0,8.75,8.75,0.0,120.75,120.75,0.0,165.47,165.47,0.0,0.0,0.0,0.0,0.0,0.0,0.0,
495177,COMMUNITY MEMORIAL HOSPITAL HUNDLEY CENTER,SOUTH HILL,VA,Mecklenburg,117,2018Q4,20181204,99,8.0,8.0,0.0,53.75,25.5,28.25,8.75,8.75,0.0,7.5,7.5,0.0,163.48,163.48,0.0,168.83,161.25,7.58,0.0,0.0,0.0,0.0,0.0,0.0,
495177,COMMUNITY MEMORIAL HOSPITAL HUNDLEY CENTER,SOUTH HILL,VA,Mecklenburg,117,2018Q4,20181205,101,8.0,8.0,0.0,34.78,26.03,8.75,10.0,10.0,0.0,8.25,8.25,0.0,131.8,131.8,0.0,193.65,185.65,8.0,0.0,0.0,0.0,0.0,0.0,0.0,
495177,COMMUNITY MEMORIAL HOSPITAL HUNDLEY CENTER,SOUTH HILL,VA,Mecklenburg,117,2018Q4,20181206,101,8.0,8.0,0.0,35.95,27.7,8.25,8.5,8.5,0.0,8.0,8.0,0.0,130.0,130.0,0.0,193.75,177.5,16.25,0.0,0.0,0.0,0.0,0.0,0.0,
495177,COMMUNITY MEMORIAL HOSPITAL HUNDLEY CENTER,SOUTH HILL,VA,Mecklenburg,117,2018Q4,20181207,102,8.0,8.0,0.0,24.9,24.9,0.0,11.25,11.25,0.0,9.0,9.0,0.0,131.25,131.25,0.0,207.5,191.5,16.0,0.0,0.0,0.0,0.0,0.0,0.0,
495177,COMMUNITY MEMORIAL HOSPITAL HUNDLEY CENTER,SOUTH HILL,VA,Mecklenburg,117,2018Q4,20181208,101,0.0,0.0,0.0,22.25,13.75,8.5,0.0,0.0,0.0,0.0,0.0,0.0,129.0,128.25,0.75,163.35,151.35,12.0,0.0,0.0,0.0,0.0,0.0,0.0,
495177,COMMUNITY MEMORIAL HOSPITAL HUNDLEY CENTER,SOUTH HILL,VA,Mecklenburg,117,2018Q4,20181209,101,0.0,0.0,0.0,13.0,13.0,0.0,0.0,0.0,0.0,0.0,0.0,0.0,120.5,120.5,0.0,129.5,129.5,0.0,0.0,0.0,0.0,0.0,0.0,0.0,
495177,COMMUNITY MEMORIAL HOSPITAL HUNDLEY CENTER,SOUTH HILL,VA,Mecklenburg,117,2018Q4,20181210,99,8.0,8.0,0.0,35.25,35.25,0.0,0.0,0.0,0.0,0.0,0.0,0.0,117.0,117.0,0.0,143.0,143.0,0.0,0.0,0.0,0.0,0.0,0.0,0.0,
495177,COMMUNITY MEMORIAL HOSPITAL HUNDLEY CENTER,SOUTH HILL,VA,Mecklenburg,117,2018Q4,20181211,100,8.0,8.0,0.0,34.5,26.25,8.25,10.0,10.0,0.0,10.0,10.0,0.0,133.25,133.25,0.0,196.0,179.75,16.25,0.0,0.0,0.0,0.0,0.0,0.0,
495177,COMMUNITY MEMORIAL HOSPITAL HUNDLEY CENTER,SOUTH HILL,VA,Mecklenburg,117,2018Q4,20181212,100,8.0,8.0,0.0,30.0,30.0,0.0,9.75,9.75,0.0,0.0,0.0,0.0,128.25,128.25,0.0,182.0,174.0,8.0,0.0,0.0,0.0,0.0,0.0,0.0,
495177,COMMUNITY MEMORIAL HOSPITAL HUNDLEY CENTER,SOUTH HILL,VA,Mecklenburg,117,2018Q4,20181213,102,8.0,8.0,0.0,39.02,13.77,25.25,7.75,7.75,0.0,9.5,9.5,0.0,124.5,124.5,0.0,199.25,191.25,8.0,0.0,0.0,0.0,0.0,0.0,0.0,
495177,COMMUNITY MEMORIAL HOSPITAL HUNDLEY CENTER,SOUTH HILL,VA,Mecklenburg,117,2018Q4,20181214,100,8.0,8.0,0.0,46.25,28.0,18.25,9.75,9.75,0.0,9.25,9.25,0.0,118.97,118.97,0.0,148.5,148.5,0.0,0.0,0.0,0.0,0.0,0.0,0.0,
495177,COMMUNITY MEMORIAL HOSPITAL HUNDLEY CENTER,SOUTH HILL,VA,Mecklenburg,117,2018Q4,20181215,102,0.0,0.0,0.0,12.25,12.25,0.0,0.0,0.0,0.0,0.0,0.0,0.0,122.75,122.75,0.0,146.5,122.75,23.75,0.0,0.0,0.0,0.0,0.0,0.0,
495177,COMMUNITY MEMORIAL HOSPITAL HUNDLEY CENTER,SOUTH HILL,VA,Mecklenburg,117,2018Q4,20181216,101,0.0,0.0,0.0,11.75,11.75,0.0,0.0,0.0,0.0,0.0,0.0,0.0,117.25,117.25,0.0,183.5,159.5,24.0,0.0,0.0,0.0,0.0,0.0,0.0,
495177,COMMUNITY MEMORIAL HOSPITAL HUNDLEY CENTER,SOUTH HILL,VA,Mecklenburg,117,2018Q4,20181217,100,8.0,8.0,0.0,27.72,27.72,0.0,8.75,8.75,0.0,9.0,9.0,0.0,152.5,152.5,0.0,189.4,173.4,16.0,0.0,0.0,0.0,0.0,0.0,0.0,
495177,COMMUNITY MEMORIAL HOSPITAL HUNDLEY CENTER,SOUTH HILL,VA,Mecklenburg,117,2018Q4,20181218,100,8.0,8.0,0.0,26.0,17.5,8.5,9.75,9.75,0.0,10.5,10.5,0.0,131.25,131.25,0.0,198.78,190.78,8.0,0.0,0.0,0.0,0.0,0.0,0.0,
495177,COMMUNITY MEMORIAL HOSPITAL HUNDLEY CENTER,SOUTH HILL,VA,Mecklenburg,117,2018Q4,20181219,98,8.0,8.0,0.0,32.5,32.5,0.0,9.25,9.25,0.0,9.5,9.5,0.0,135.95,135.95,0.0,200.86,184.86,16.0,0.0,0.0,0.0,0.0,0.0,0.0,
495177,COMMUNITY MEMORIAL HOSPITAL HUNDLEY CENTER,SOUTH HILL,VA,Mecklenburg,117,2018Q4,20181220,98,8.0,8.0,0.0,25.25,25.25,0.0,10.5,10.5,0.0,0.0,0.0,0.0,137.5,137.5,0.0,175.25,167.25,8.0,0.0,0.0,0.0,0.0,0.0,0.0,
495177,COMMUNITY MEMORIAL HOSPITAL HUNDLEY CENTER,SOUTH HILL,VA,Mecklenburg,117,2018Q4,20181221,98,8.0,8.0,0.0,28.75,21.0,7.75,11.25,11.25,0.0,0.0,0.0,0.0,117.75,117.75,0.0,188.23,180.23,8.0,0.0,0.0,0.0,0.0,0.0,0.0,
495177,COMMUNITY MEMORIAL HOSPITAL HUNDLEY CENTER,SOUTH HILL,VA,Mecklenburg,117,2018Q4,20181222,98,24.0,24.0,0.0,10.0,10.0,0.0,0.0,0.0,0.0,0.0,0.0,0.0,133.75,133.75,0.0,135.5,135.5,0.0,0.0,0.0,0.0,0.0,0.0,0.0,
495177,COMMUNITY MEMORIAL HOSPITAL HUNDLEY CENTER,SOUTH HILL,VA,Mecklenburg,117,2018Q4,20181223,96,0.0,0.0,0.0,14.25,14.25,0.0,10.25,10.25,0.0,0.0,0.0,0.0,127.75,127.75,0.0,159.68,159.68,0.0,0.0,0.0,0.0,0.0,0.0,0.0,
495177,COMMUNITY MEMORIAL HOSPITAL HUNDLEY CENTER,SOUTH HILL,VA,Mecklenburg,117,2018Q4,20181224,98,8.0,8.0,0.0,30.5,22.5,8.0,8.75,8.75,0.0,0.0,0.0,0.0,115.75,115.75,0.0,179.5,178.5,1.0,0.0,0.0,0.0,0.0,0.0,0.0,
495177,COMMUNITY MEMORIAL HOSPITAL HUNDLEY CENTER,SOUTH HILL,VA,Mecklenburg,117,2018Q4,20181225,98,0.0,0.0,0.0,8.25,8.25,0.0,0.0,0.0,0.0,0.0,0.0,0.0,105.0,105.0,0.0,172.75,172.75,0.0,0.0,0.0,0.0,0.0,0.0,0.0,
495177,COMMUNITY MEMORIAL HOSPITAL HUNDLEY CENTER,SOUTH HILL,VA,Mecklenburg,117,2018Q4,20181226,100,0.0,0.0,0.0,31.7,31.7,0.0,9.5,9.5,0.0,0.0,0.0,0.0,135.75,135.75,0.0,196.55,188.55,8.0,0.0,0.0,0.0,0.0,0.0,0.0,
495177,COMMUNITY MEMORIAL HOSPITAL HUNDLEY CENTER,SOUTH HILL,VA,Mecklenburg,117,2018Q4,20181227,100,8.0,8.0,0.0,15.9,15.9,0.0,8.75,8.75,0.0,0.0,0.0,0.0,121.25,121.25,0.0,189.05,189.05,0.0,0.0,0.0,0.0,0.0,0.0,0.0,
495177,COMMUNITY MEMORIAL HOSPITAL HUNDLEY CENTER,SOUTH HILL,VA,Mecklenburg,117,2018Q4,20181228,99,8.0,8.0,0.0,38.28,33.53,4.75,8.75,8.75,0.0,0.0,0.0,0.0,123.0,123.0,0.0,185.25,169.5,15.75,0.0,0.0,0.0,0.0,0.0,0.0,
495177,COMMUNITY MEMORIAL HOSPITAL HUNDLEY CENTER,SOUTH HILL,VA,Mecklenburg,117,2018Q4,20181229,99,24.0,24.0,0.0,12.25,12.25,0.0,0.0,0.0,0.0,0.0,0.0,0.0,126.5,126.5,0.0,162.0,154.25,7.75,0.0,0.0,0.0,0.0,0.0,0.0,
495177,COMMUNITY MEMORIAL HOSPITAL HUNDLEY CENTER,SOUTH HILL,VA,Mecklenburg,117,2018Q4,20181230,97,0.0,0.0,0.0,13.0,13.0,0.0,0.0,0.0,0.0,0.0,0.0,0.0,128.0,128.0,0.0,136.75,136.75,0.0,0.0,0.0,0.0,0.0,0.0,0.0,
495177,COMMUNITY MEMORIAL HOSPITAL HUNDLEY CENTER,SOUTH HILL,VA,Mecklenburg,117,2018Q4,20181231,100,8.0,8.0,0.0,24.12,24.12,0.0,9.25,9.25,0.0,0.0,0.0,0.0,112.5,112.5,0.0,159.5,159.5,0.0,0.0,0.0,0.0,0.0,0.0,0.0,
495177,COMMUNITY MEMORIAL HOSPITAL HUNDLEY CENTER,SOUTH HILL,VA,Mecklenburg,117,2019Q1,20190101,100,0.0,0.0,0.0,12.0,12.0,0.0,8.25,8.25,0.0,0.0,0.0,0.0,137.75,137.75,0.0,226.25,226.25,0.0,0.0,0.0,0.0,0.0,0.0,0.0,
495177,COMMUNITY MEMORIAL HOSPITAL HUNDLEY CENTER,SOUTH HILL,VA,Mecklenburg,117,2019Q1,20190102,103,8.0,8.0,0.0,27.0,27.0,0.0,8.5,8.5,0.0,0.0,0.0,0.0,151.5,151.5,0.0,185.75,185.75,0.0,0.0,0.0,0.0,0.0,0.0,0.0,
495177,COMMUNITY MEMORIAL HOSPITAL HUNDLEY CENTER,SOUTH HILL,VA,Mecklenburg,117,2019Q1,20190103,104,8.0,8.0,0.0,34.73,26.73,8.0,10.5,10.5,0.0,0.0,0.0,0.0,157.75,157.75,0.0,183.5,175.5,8.0,0.0,0.0,0.0,0.0,0.0,0.0,
495177,COMMUNITY MEMORIAL HOSPITAL HUNDLEY CENTER,SOUTH HILL,VA,Mecklenburg,117,2019Q1,20190104,104,8.0,8.0,0.0,36.25,28.5,7.75,12.75,12.75,0.0,0.0,0.0,0.0,133.92,133.92,0.0,173.25,165.25,8.0,0.0,0.0,0.0,0.0,0.0,0.0,
495177,COMMUNITY MEMORIAL HOSPITAL HUNDLEY CENTER,SOUTH HILL,VA,Mecklenburg,117,2019Q1,20190105,104,0.0,0.0,0.0,12.25,12.25,0.0,0.0,0.0,0.0,0.0,0.0,0.0,116.0,116.0,0.0,143.07,143.07,0.0,0.0,0.0,0.0,0.0,0.0,0.0,
495177,COMMUNITY MEMORIAL HOSPITAL HUNDLEY CENTER,SOUTH HILL,VA,Mecklenburg,117,2019Q1,20190106,102,0.0,0.0,0.0,12.5,12.5,0.0,0.0,0.0,0.0,0.0,0.0,0.0,110.75,110.75,0.0,146.0,137.75,8.25,0.0,0.0,0.0,0.0,0.0,0.0,
495177,COMMUNITY MEMORIAL HOSPITAL HUNDLEY CENTER,SOUTH HILL,VA,Mecklenburg,117,2019Q1,20190107,104,8.0,8.0,0.0,46.5,38.75,7.75,11.25,11.25,0.0,0.0,0.0,0.0,132.25,132.25,0.0,182.5,182.5,0.0,0.0,0.0,0.0,0.0,0.0,0.0,
495177,COMMUNITY MEMORIAL HOSPITAL HUNDLEY CENTER,SOUTH HILL,VA,Mecklenburg,117,2019Q1,20190108,100,8.0,8.0,0.0,26.0,26.0,0.0,7.25,7.25,0.0,0.0,0.0,0.0,140.5,140.5,0.0,192.25,192.25,0.0,0.0,0.0,0.0,0.0,0.0,0.0,
495177,COMMUNITY MEMORIAL HOSPITAL HUNDLEY CENTER,SOUTH HILL,VA,Mecklenburg,117,2019Q1,20190109,102,8.0,8.0,0.0,24.02,24.02,0.0,9.5,9.5,0.0,0.0,0.0,0.0,132.5,132.5,0.0,219.54,219.54,0.0,0.0,0.0,0.0,0.0,0.0,0.0,
495177,COMMUNITY MEMORIAL HOSPITAL HUNDLEY CENTER,SOUTH HILL,VA,Mecklenburg,117,2019Q1,20190110,103,8.0,8.0,0.0,16.67,16.67,0.0,9.75,9.75,0.0,0.0,0.0,0.0,148.75,148.75,0.0,212.0,212.0,0.0,0.0,0.0,0.0,0.0,0.0,0.0,
495177,COMMUNITY MEMORIAL HOSPITAL HUNDLEY CENTER,SOUTH HILL,VA,Mecklenburg,117,2019Q1,20190111,104,8.0,8.0,0.0,27.0,21.75,5.25,10.25,10.25,0.0,0.0,0.0,0.0,113.0,113.0,0.0,179.73,171.73,8.0,0.0,0.0,0.0,0.0,0.0,0.0,
495177,COMMUNITY MEMORIAL HOSPITAL HUNDLEY CENTER,SOUTH HILL,VA,Mecklenburg,117,2019Q1,20190112,104,0.0,0.0,0.0,12.5,12.5,0.0,0.0,0.0,0.0,0.0,0.0,0.0,136.0,136.0,0.0,148.0,140.25,7.75,0.0,0.0,0.0,0.0,0.0,0.0,
495177,COMMUNITY MEMORIAL HOSPITAL HUNDLEY CENTER,SOUTH HILL,VA,Mecklenburg,117,2019Q1,20190113,104,0.0,0.0,0.0,20.0,12.5,7.5,0.0,0.0,0.0,0.0,0.0,0.0,128.75,128.75,0.0,157.0,141.0,16.0,0.0,0.0,0.0,0.0,0.0,0.0,
495177,COMMUNITY MEMORIAL HOSPITAL HUNDLEY CENTER,SOUTH HILL,VA,Mecklenburg,117,2019Q1,20190114,105,8.0,8.0,0.0,43.0,43.0,0.0,10.0,10.0,0.0,0.0,0.0,0.0,139.08,139.08,0.0,174.0,166.0,8.0,0.0,0.0,0.0,0.0,0.0,0.0,
495177,COMMUNITY MEMORIAL HOSPITAL HUNDLEY CENTER,SOUTH HILL,VA,Mecklenburg,117,2019Q1,20190115,106,8.0,8.0,0.0,22.25,14.5,7.75,10.0,10.0,0.0,0.0,0.0,0.0,141.75,141.75,0.0,196.75,188.75,8.0,0.0,0.0,0.0,0.0,0.0,0.0,
495177,COMMUNITY MEMORIAL HOSPITAL HUNDLEY CENTER,SOUTH HILL,VA,Mecklenburg,117,2019Q1,20190116,106,8.0,8.0,0.0,26.25,26.25,0.0,7.75,7.75,0.0,0.0,0.0,0.0,137.5,137.5,0.0,192.5,192.5,0.0,0.0,0.0,0.0,0.0,0.0,0.0,
495177,COMMUNITY MEMORIAL HOSPITAL HUNDLEY CENTER,SOUTH HILL,VA,Mecklenburg,117,2019Q1,20190117,106,8.0,8.0,0.0,36.32,28.57,7.75,11.75,11.75,0.0,0.0,0.0,0.0,150.25,150.25,0.0,196.75,196.75,0.0,0.0,0.0,0.0,0.0,0.0,0.0,
495177,COMMUNITY MEMORIAL HOSPITAL HUNDLEY CENTER,SOUTH HILL,VA,Mecklenburg,117,2019Q1,20190118,107,8.0,8.0,0.0,20.75,20.75,0.0,10.5,10.5,0.0,0.0,0.0,0.0,137.53,137.53,0.0,179.5,179.5,0.0,0.0,0.0,0.0,0.0,0.0,0.0,
495177,COMMUNITY MEMORIAL HOSPITAL HUNDLEY CENTER,SOUTH HILL,VA,Mecklenburg,117,2019Q1,20190119,106,0.0,0.0,0.0,8.25,8.25,0.0,0.0,0.0,0.0,0.0,0.0,0.0,137.0,137.0,0.0,142.0,142.0,0.0,0.0,0.0,0.0,0.0,0.0,0.0,
495177,COMMUNITY MEMORIAL HOSPITAL HUNDLEY CENTER,SOUTH HILL,VA,Mecklenburg,117,2019Q1,20190120,104,0.0,0.0,0.0,16.5,8.75,7.75,0.0,0.0,0.0,0.0,0.0,0.0,128.75,128.75,0.0,133.25,133.25,0.0,0.0,0.0,0.0,0.0,0.0,0.0,
495177,COMMUNITY MEMORIAL HOSPITAL HUNDLEY CENTER,SOUTH HILL,VA,Mecklenburg,117,2019Q1,20190121,104,8.0,8.0,0.0,37.75,30.0,7.75,9.0,9.0,0.0,0.0,0.0,0.0,117.0,117.0,0.0,182.75,182.75,0.0,0.0,0.0,0.0,0.0,0.0,0.0,
495177,COMMUNITY MEMORIAL HOSPITAL HUNDLEY CENTER,SOUTH HILL,VA,Mecklenburg,117,2019Q1,20190122,104,8.0,8.0,0.0,42.5,35.0,7.5,10.0,10.0,0.0,0.0,0.0,0.0,131.18,131.18,0.0,187.1,187.1,0.0,0.0,0.0,0.0,0.0,0.0,0.0,
495177,COMMUNITY MEMORIAL HOSPITAL HUNDLEY CENTER,SOUTH HILL,VA,Mecklenburg,117,2019Q1,20190123,104,8.0,8.0,0.0,11.5,11.5,0.0,13.25,13.25,0.0,0.0,0.0,0.0,139.25,139.25,0.0,203.54,195.54,8.0,0.0,0.0,0.0,0.0,0.0,0.0,
495177,COMMUNITY MEMORIAL HOSPITAL HUNDLEY CENTER,SOUTH HILL,VA,Mecklenburg,117,2019Q1,20190124,103,8.0,8.0,0.0,33.35,33.35,0.0,7.5,7.5,0.0,0.0,0.0,0.0,143.25,143.25,0.0,194.73,186.48,8.25,0.0,0.0,0.0,0.0,0.0,0.0,
495177,COMMUNITY MEMORIAL HOSPITAL HUNDLEY CENTER,SOUTH HILL,VA,Mecklenburg,117,2019Q1,20190125,104,8.0,8.0,0.0,34.8,30.05,4.75,12.25,12.25,0.0,0.0,0.0,0.0,137.75,137.75,0.0,184.0,175.75,8.25,0.0,0.0,0.0,0.0,0.0,0.0,
495177,COMMUNITY MEMORIAL HOSPITAL HUNDLEY CENTER,SOUTH HILL,VA,Mecklenburg,117,2019Q1,20190126,103,0.0,0.0,0.0,8.5,8.5,0.0,0.0,0.0,0.0,0.0,0.0,0.0,119.25,119.25,0.0,171.0,171.0,0.0,0.0,0.0,0.0,0.0,0.0,0.0,
495177,COMMUNITY MEMORIAL HOSPITAL HUNDLEY CENTER,SOUTH HILL,VA,Mecklenburg,117,2019Q1,20190127,103,0.0,0.0,0.0,8.25,8.25,0.0,0.0,0.0,0.0,0.0,0.0,0.0,132.0,132.0,0.0,151.75,151.75,0.0,0.0,0.0,0.0,0.0,0.0,0.0,
495177,COMMUNITY MEMORIAL HOSPITAL HUNDLEY CENTER,SOUTH HILL,VA,Mecklenburg,117,2019Q1,20190128,102,8.0,8.0,0.0,18.25,18.25,0.0,10.0,10.0,0.0,0.0,0.0,0.0,122.25,122.25,0.0,180.25,180.25,0.0,0.0,0.0,0.0,0.0,0.0,0.0,
495177,COMMUNITY MEMORIAL HOSPITAL HUNDLEY CENTER,SOUTH HILL,VA,Mecklenburg,117,2019Q1,20190129,103,8.0,8.0,0.0,43.5,33.75,9.75,9.75,9.75,0.0,0.0,0.0,0.0,143.25,143.25,0.0,188.23,188.23,0.0,0.0,0.0,0.0,0.0,0.0,0.0,
495177,COMMUNITY MEMORIAL HOSPITAL HUNDLEY CENTER,SOUTH HILL,VA,Mecklenburg,117,2019Q1,20190130,102,8.0,8.0,0.0,39.0,31.0,8.0,11.25,11.25,0.0,0.0,0.0,0.0,140.25,140.25,0.0,179.5,179.5,0.0,0.0,0.0,0.0,0.0,0.0,0.0,
495177,COMMUNITY MEMORIAL HOSPITAL HUNDLEY CENTER,SOUTH HILL,VA,Mecklenburg,117,2019Q1,20190131,104,8.0,8.0,0.0,40.25,32.25,8.0,8.25,8.25,0.0,0.0,0.0,0.0,117.0,117.0,0.0,150.71,142.71,8.0,0.0,0.0,0.0,0.0,0.0,0.0,
495177,COMMUNITY MEMORIAL HOSPITAL HUNDLEY CENTER,SOUTH HILL,VA,Mecklenburg,117,2019Q1,20190201,103,8.0,8.0,0.0,57.25,33.5,23.75,11.5,11.5,0.0,0.0,0.0,0.0,157.25,157.25,0.0,217.75,209.75,8.0,0.0,0.0,0.0,0.0,0.0,0.0,
495177,COMMUNITY MEMORIAL HOSPITAL HUNDLEY CENTER,SOUTH HILL,VA,Mecklenburg,117,2019Q1,20190202,103,0.0,0.0,0.0,16.75,9.25,7.5,0.0,0.0,0.0,0.0,0.0,0.0,126.0,126.0,0.0,127.75,119.5,8.25,0.0,0.0,0.0,0.0,0.0,0.0,
495177,COMMUNITY MEMORIAL HOSPITAL HUNDLEY CENTER,SOUTH HILL,VA,Mecklenburg,117,2019Q1,20190203,103,0.0,0.0,0.0,13.5,0.0,13.5,0.0,0.0,0.0,0.0,0.0,0.0,95.0,95.0,0.0,147.0,139.0,8.0,0.0,0.0,0.0,0.0,0.0,0.0,
495177,COMMUNITY MEMORIAL HOSPITAL HUNDLEY CENTER,SOUTH HILL,VA,Mecklenburg,117,2019Q1,20190204,106,8.0,8.0,0.0,49.25,17.75,31.5,0.0,0.0,0.0,0.0,0.0,0.0,117.42,117.42,0.0,174.5,174.5,0.0,0.0,0.0,0.0,0.0,0.0,0.0,
495177,COMMUNITY MEMORIAL HOSPITAL HUNDLEY CENTER,SOUTH HILL,VA,Mecklenburg,117,2019Q1,20190205,107,8.0,8.0,0.0,46.9,30.9,16.0,9.25,9.25,0.0,0.0,0.0,0.0,139.25,139.25,0.0,210.5,210.5,0.0,0.0,0.0,0.0,0.0,0.0,0.0,
495177,COMMUNITY MEMORIAL HOSPITAL HUNDLEY CENTER,SOUTH HILL,VA,Mecklenburg,117,2019Q1,20190206,107,8.0,8.0,0.0,46.0,28.75,17.25,12.25,12.25,0.0,0.0,0.0,0.0,137.03,137.03,0.0,197.5,197.5,0.0,0.0,0.0,0.0,0.0,0.0,0.0,
495177,COMMUNITY MEMORIAL HOSPITAL HUNDLEY CENTER,SOUTH HILL,VA,Mecklenburg,117,2019Q1,20190207,105,8.0,8.0,0.0,59.75,34.25,25.5,13.5,13.5,0.0,0.0,0.0,0.0,135.75,135.75,0.0,207.0,207.0,0.0,0.0,0.0,0.0,0.0,0.0,0.0,
495177,COMMUNITY MEMORIAL HOSPITAL HUNDLEY CENTER,SOUTH HILL,VA,Mecklenburg,117,2019Q1,20190208,104,8.0,8.0,0.0,52.25,26.75,25.5,10.5,10.5,0.0,0.0,0.0,0.0,130.75,130.75,0.0,158.5,158.5,0.0,0.0,0.0,0.0,0.0,0.0,0.0,
495177,COMMUNITY MEMORIAL HOSPITAL HUNDLEY CENTER,SOUTH HILL,VA,Mecklenburg,117,2019Q1,20190209,105,0.0,0.0,0.0,17.0,8.25,8.75,0.0,0.0,0.0,0.0,0.0,0.0,121.5,121.5,0.0,148.5,148.5,0.0,0.0,0.0,0.0,0.0,0.0,0.0,
495177,COMMUNITY MEMORIAL HOSPITAL HUNDLEY CENTER,SOUTH HILL,VA,Mecklenburg,117,2019Q1,20190210,102,0.0,0.0,0.0,9.5,0.5,9.0,0.0,0.0,0.0,0.0,0.0,0.0,126.0,126.0,0.0,141.75,141.75,0.0,0.0,0.0,0.0,0.0,0.0,0.0,
495177,COMMUNITY MEMORIAL HOSPITAL HUNDLEY CENTER,SOUTH HILL,VA,Mecklenburg,117,2019Q1,20190211,104,8.0,8.0,0.0,51.4,25.15,26.25,11.75,11.75,0.0,0.0,0.0,0.0,138.0,138.0,0.0,185.0,176.75,8.25,0.0,0.0,0.0,0.0,0.0,0.0,
495177,COMMUNITY MEMORIAL HOSPITAL HUNDLEY CENTER,SOUTH HILL,VA,Mecklenburg,117,2019Q1,20190212,105,8.0,8.0,0.0,62.55,26.05,36.5,10.5,10.5,0.0,0.0,0.0,0.0,133.75,133.75,0.0,189.75,181.75,8.0,0.0,0.0,0.0,0.0,0.0,0.0,
495177,COMMUNITY MEMORIAL HOSPITAL HUNDLEY CENTER,SOUTH HILL,VA,Mecklenburg,117,2019Q1,20190213,104,8.0,8.0,0.0,71.25,35.0,36.25,8.75,8.75,0.0,0.0,0.0,0.0,130.25,130.25,0.0,198.0,198.0,0.0,0.0,0.0,0.0,0.0,0.0,0.0,
495177,COMMUNITY MEMORIAL HOSPITAL HUNDLEY CENTER,SOUTH HILL,VA,Mecklenburg,117,2019Q1,20190214,103,8.0,8.0,0.0,50.75,32.5,18.25,11.0,11.0,0.0,0.0,0.0,0.0,144.0,144.0,0.0,195.0,195.0,0.0,0.0,0.0,0.0,0.0,0.0,0.0,
495177,COMMUNITY MEMORIAL HOSPITAL HUNDLEY CENTER,SOUTH HILL,VA,Mecklenburg,117,2019Q1,20190215,103,8.0,8.0,0.0,54.5,35.25,19.25,12.0,12.0,0.0,0.0,0.0,0.0,139.0,139.0,0.0,194.75,194.75,0.0,0.0,0.0,0.0,0.0,0.0,0.0,
495177,COMMUNITY MEMORIAL HOSPITAL HUNDLEY CENTER,SOUTH HILL,VA,Mecklenburg,117,2019Q1,20190216,101,0.0,0.0,0.0,32.25,8.25,24.0,0.0,0.0,0.0,0.0,0.0,0.0,115.5,115.5,0.0,129.5,121.75,7.75,0.0,0.0,0.0,0.0,0.0,0.0,
495177,COMMUNITY MEMORIAL HOSPITAL HUNDLEY CENTER,SOUTH HILL,VA,Mecklenburg,117,2019Q1,20190217,101,0.0,0.0,0.0,29.5,8.0,21.5,0.0,0.0,0.0,0.0,0.0,0.0,112.0,112.0,0.0,133.0,133.0,0.0,0.0,0.0,0.0,0.0,0.0,0.0,
495177,COMMUNITY MEMORIAL HOSPITAL HUNDLEY CENTER,SOUTH HILL,VA,Mecklenburg,117,2019Q1,20190218,101,8.0,8.0,0.0,71.5,24.5,47.0,10.25,10.25,0.0,0.0,0.0,0.0,121.53,121.53,0.0,184.23,184.23,0.0,0.0,0.0,0.0,0.0,0.0,0.0,
495177,COMMUNITY MEMORIAL HOSPITAL HUNDLEY CENTER,SOUTH HILL,VA,Mecklenburg,117,2019Q1,20190219,100,8.0,8.0,0.0,33.25,25.25,8.0,7.25,7.25,0.0,0.0,0.0,0.0,150.25,150.25,0.0,166.19,166.19,0.0,0.0,0.0,0.0,0.0,0.0,0.0,
495177,COMMUNITY MEMORIAL HOSPITAL HUNDLEY CENTER,SOUTH HILL,VA,Mecklenburg,117,2019Q1,20190220,99,8.0,8.0,0.0,69.25,25.75,43.5,6.0,6.0,0.0,0.0,0.0,0.0,137.5,137.5,0.0,203.0,195.0,8.0,0.0,0.0,0.0,0.0,0.0,0.0,
495177,COMMUNITY MEMORIAL HOSPITAL HUNDLEY CENTER,SOUTH HILL,VA,Mecklenburg,117,2019Q1,20190221,98,8.0,8.0,0.0,60.25,26.25,34.0,9.75,9.75,0.0,0.0,0.0,0.0,139.25,139.25,0.0,189.0,180.75,8.25,0.0,0.0,0.0,0.0,0.0,0.0,
495177,COMMUNITY MEMORIAL HOSPITAL HUNDLEY CENTER,SOUTH HILL,VA,Mecklenburg,117,2019Q1,20190222,101,8.0,8.0,0.0,63.5,27.75,35.75,10.5,10.5,0.0,0.0,0.0,0.0,149.0,149.0,0.0,179.0,162.5,16.5,0.0,0.0,0.0,0.0,0.0,0.0,
495177,COMMUNITY MEMORIAL HOSPITAL HUNDLEY CENTER,SOUTH HILL,VA,Mecklenburg,117,2019Q1,20190223,100,0.0,0.0,0.0,20.0,12.25,7.75,0.0,0.0,0.0,0.0,0.0,0.0,117.0,117.0,0.0,171.75,156.5,15.25,0.0,0.0,0.0,0.0,0.0,0.0,
495177,COMMUNITY MEMORIAL HOSPITAL HUNDLEY CENTER,SOUTH HILL,VA,Mecklenburg,117,2019Q1,20190224,97,0.0,0.0,0.0,20.75,12.75,8.0,0.0,0.0,0.0,0.0,0.0,0.0,127.25,127.25,0.0,168.0,158.75,9.25,0.0,0.0,0.0,0.0,0.0,0.0,
495177,COMMUNITY MEMORIAL HOSPITAL HUNDLEY CENTER,SOUTH HILL,VA,Mecklenburg,117,2019Q1,20190225,98,0.0,0.0,0.0,48.5,21.75,26.75,10.5,10.5,0.0,0.0,0.0,0.0,132.0,132.0,0.0,193.81,193.81,0.0,0.0,0.0,0.0,0.0,0.0,0.0,
495177,COMMUNITY MEMORIAL HOSPITAL HUNDLEY CENTER,SOUTH HILL,VA,Mecklenburg,117,2019Q1,20190226,97,0.0,0.0,0.0,60.02,33.02,27.0,7.5,7.5,0.0,0.0,0.0,0.0,141.5,141.5,0.0,183.5,183.0,0.5,0.0,0.0,0.0,0.0,0.0,0.0,
495177,COMMUNITY MEMORIAL HOSPITAL HUNDLEY CENTER,SOUTH HILL,VA,Mecklenburg,117,2019Q1,20190227,97,0.0,0.0,0.0,58.25,25.5,32.75,9.5,9.5,0.0,0.0,0.0,0.0,129.25,129.25,0.0,201.5,201.5,0.0,0.0,0.0,0.0,0.0,0.0,0.0,
495177,COMMUNITY MEMORIAL HOSPITAL HUNDLEY CENTER,SOUTH HILL,VA,Mecklenburg,117,2019Q1,20190228,100,0.0,0.0,0.0,53.5,28.5,25.0,10.25,10.25,0.0,0.0,0.0,0.0,128.25,128.25,0.0,167.5,159.25,8.25,0.0,0.0,0.0,0.0,0.0,0.0,
495177,COMMUNITY MEMORIAL HOSPITAL HUNDLEY CENTER,SOUTH HILL,VA,Mecklenburg,117,2019Q1,20190301,102,8.0,8.0,0.0,33.5,17.0,16.5,0.0,0.0,0.0,0.0,0.0,0.0,165.0,165.0,0.0,233.0,225.0,8.0,0.0,0.0,0.0,0.0,0.0,0.0,
495177,COMMUNITY MEMORIAL HOSPITAL HUNDLEY CENTER,SOUTH HILL,VA,Mecklenburg,117,2019Q1,20190302,102,0.0,0.0,0.0,41.75,13.0,28.75,0.0,0.0,0.0,0.0,0.0,0.0,122.5,122.5,0.0,145.5,136.75,8.75,0.0,0.0,0.0,0.0,0.0,0.0,
495177,COMMUNITY MEMORIAL HOSPITAL HUNDLEY CENTER,SOUTH HILL,VA,Mecklenburg,117,2019Q1,20190303,101,0.0,0.0,0.0,38.25,12.75,25.5,0.0,0.0,0.0,0.0,0.0,0.0,105.25,105.25,0.0,155.25,139.25,16.0,0.0,0.0,0.0,0.0,0.0,0.0,
495177,COMMUNITY MEMORIAL HOSPITAL HUNDLEY CENTER,SOUTH HILL,VA,Mecklenburg,117,2019Q1,20190304,100,8.0,8.0,0.0,49.0,28.75,20.25,7.25,7.25,0.0,0.0,0.0,0.0,139.4,139.4,0.0,204.0,195.5,8.5,0.0,0.0,0.0,0.0,0.0,0.0,
495177,COMMUNITY MEMORIAL HOSPITAL HUNDLEY CENTER,SOUTH HILL,VA,Mecklenburg,117,2019Q1,20190305,101,8.0,8.0,0.0,59.75,20.0,39.75,9.75,9.75,0.0,0.0,0.0,0.0,132.25,132.25,0.0,188.25,188.25,0.0,0.0,0.0,0.0,0.0,0.0,0.0,
495177,COMMUNITY MEMORIAL HOSPITAL HUNDLEY CENTER,SOUTH HILL,VA,Mecklenburg,117,2019Q1,20190306,99,8.0,8.0,0.0,49.5,17.5,32.0,11.5,11.5,0.0,0.0,0.0,0.0,137.5,137.5,0.0,220.65,220.65,0.0,0.0,0.0,0.0,0.0,0.0,0.0,
495177,COMMUNITY MEMORIAL HOSPITAL HUNDLEY CENTER,SOUTH HILL,VA,Mecklenburg,117,2019Q1,20190307,97,8.0,8.0,0.0,53.0,16.75,36.25,9.5,9.5,0.0,0.0,0.0,0.0,132.25,132.25,0.0,188.75,188.75,0.0,0.0,0.0,0.0,0.0,0.0,0.0,
495177,COMMUNITY MEMORIAL HOSPITAL HUNDLEY CENTER,SOUTH HILL,VA,Mecklenburg,117,2019Q1,20190308,96,8.0,8.0,0.0,37.0,16.25,20.75,12.5,12.5,0.0,0.0,0.0,0.0,104.5,104.5,0.0,196.25,196.25,0.0,0.0,0.0,0.0,0.0,0.0,0.0,
495177,COMMUNITY MEMORIAL HOSPITAL HUNDLEY CENTER,SOUTH HILL,VA,Mecklenburg,117,2019Q1,20190309,95,0.0,0.0,0.0,20.5,12.5,8.0,0.0,0.0,0.0,0.0,0.0,0.0,123.73,123.73,0.0,165.0,154.25,10.75,0.0,0.0,0.0,0.0,0.0,0.0,
495177,COMMUNITY MEMORIAL HOSPITAL HUNDLEY CENTER,SOUTH HILL,VA,Mecklenburg,117,2019Q1,20190310,95,0.0,0.0,0.0,21.0,12.75,8.25,0.0,0.0,0.0,0.0,0.0,0.0,125.0,125.0,0.0,159.75,142.25,17.5,0.0,0.0,0.0,0.0,0.0,0.0,
495177,COMMUNITY MEMORIAL HOSPITAL HUNDLEY CENTER,SOUTH HILL,VA,Mecklenburg,117,2019Q1,20190311,95,8.0,8.0,0.0,62.4,28.15,34.25,10.0,10.0,0.0,0.0,0.0,0.0,123.75,123.75,0.0,203.63,187.63,16.0,0.0,0.0,0.0,0.0,0.0,0.0,
495177,COMMUNITY MEMORIAL HOSPITAL HUNDLEY CENTER,SOUTH HILL,VA,Mecklenburg,117,2019Q1,20190312,95,8.0,8.0,0.0,48.25,16.5,31.75,13.0,13.0,0.0,0.0,0.0,0.0,139.45,139.45,0.0,218.75,210.75,8.0,0.0,0.0,0.0,0.0,0.0,0.0,
495177,COMMUNITY MEMORIAL HOSPITAL HUNDLEY CENTER,SOUTH HILL,VA,Mecklenburg,117,2019Q1,20190313,94,8.0,8.0,0.0,70.0,30.25,39.75,2.25,2.25,0.0,0.0,0.0,0.0,123.52,123.52,0.0,214.23,214.23,0.0,0.0,0.0,0.0,0.0,0.0,0.0,
495177,COMMUNITY MEMORIAL HOSPITAL HUNDLEY CENTER,SOUTH HILL,VA,Mecklenburg,117,2019Q1,20190314,94,8.0,8.0,0.0,48.25,16.75,31.5,12.25,12.25,0.0,0.0,0.0,0.0,120.25,120.25,0.0,197.0,197.0,0.0,0.0,0.0,0.0,0.0,0.0,0.0,
495177,COMMUNITY MEMORIAL HOSPITAL HUNDLEY CENTER,SOUTH HILL,VA,Mecklenburg,117,2019Q1,20190315,94,8.0,8.0,0.0,43.0,15.75,27.25,11.75,11.75,0.0,0.0,0.0,0.0,122.75,122.75,0.0,175.27,175.27,0.0,0.0,0.0,0.0,0.0,0.0,0.0,
495177,COMMUNITY MEMORIAL HOSPITAL HUNDLEY CENTER,SOUTH HILL,VA,Mecklenburg,117,2019Q1,20190316,94,0.0,0.0,0.0,35.25,10.25,25.0,0.0,0.0,0.0,0.0,0.0,0.0,113.25,113.25,0.0,152.75,152.75,0.0,0.0,0.0,0.0,0.0,0.0,0.0,
495177,COMMUNITY MEMORIAL HOSPITAL HUNDLEY CENTER,SOUTH HILL,VA,Mecklenburg,117,2019Q1,20190317,94,0.0,0.0,0.0,37.75,12.75,25.0,0.0,0.0,0.0,0.0,0.0,0.0,95.25,95.25,0.0,160.87,160.87,0.0,0.0,0.0,0.0,0.0,0.0,0.0,
495177,COMMUNITY MEMORIAL HOSPITAL HUNDLEY CENTER,SOUTH HILL,VA,Mecklenburg,117,2019Q1,20190318,96,8.0,8.0,0.0,64.5,29.0,35.5,12.0,12.0,0.0,0.0,0.0,0.0,134.75,134.75,0.0,193.25,193.25,0.0,0.0,0.0,0.0,0.0,0.0,0.0,
495177,COMMUNITY MEMORIAL HOSPITAL HUNDLEY CENTER,SOUTH HILL,VA,Mecklenburg,117,2019Q1,20190319,96,8.0,8.0,0.0,57.75,25.75,32.0,9.0,9.0,0.0,0.0,0.0,0.0,118.0,118.0,0.0,194.5,194.5,0.0,0.0,0.0,0.0,0.0,0.0,0.0,
495177,COMMUNITY MEMORIAL HOSPITAL HUNDLEY CENTER,SOUTH HILL,VA,Mecklenburg,117,2019Q1,20190320,94,8.0,8.0,0.0,63.75,24.5,39.25,10.5,10.5,0.0,0.0,0.0,0.0,116.75,116.75,0.0,211.48,203.48,8.0,0.0,0.0,0.0,0.0,0.0,0.0,
495177,COMMUNITY MEMORIAL HOSPITAL HUNDLEY CENTER,SOUTH HILL,VA,Mecklenburg,117,2019Q1,20190321,94,8.0,8.0,0.0,69.5,26.0,43.5,12.0,12.0,0.0,0.0,0.0,0.0,125.0,125.0,0.0,200.25,192.0,8.25,0.0,0.0,0.0,0.0,0.0,0.0,
495177,COMMUNITY MEMORIAL HOSPITAL HUNDLEY CENTER,SOUTH HILL,VA,Mecklenburg,117,2019Q1,20190322,94,8.0,8.0,0.0,60.25,18.5,41.75,12.25,12.25,0.0,0.0,0.0,0.0,111.93,111.93,0.0,205.15,189.15,16.0,0.0,0.0,0.0,0.0,0.0,0.0,
495177,COMMUNITY MEMORIAL HOSPITAL HUNDLEY CENTER,SOUTH HILL,VA,Mecklenburg,117,2019Q1,20190323,94,0.0,0.0,0.0,22.0,13.5,8.5,0.0,0.0,0.0,0.0,0.0,0.0,128.75,128.75,0.0,165.5,157.25,8.25,0.0,0.0,0.0,0.0,0.0,0.0,
495177,COMMUNITY MEMORIAL HOSPITAL HUNDLEY CENTER,SOUTH HILL,VA,Mecklenburg,117,2019Q1,20190324,94,0.0,0.0,0.0,36.0,12.25,23.75,0.0,0.0,0.0,0.0,0.0,0.0,112.5,112.5,0.0,154.5,146.5,8.0,0.0,0.0,0.0,0.0,0.0,0.0,
495177,COMMUNITY MEMORIAL HOSPITAL HUNDLEY CENTER,SOUTH HILL,VA,Mecklenburg,117,2019Q1,20190325,95,8.0,8.0,0.0,58.5,21.75,36.75,0.0,0.0,0.0,0.0,0.0,0.0,128.5,128.5,0.0,222.53,214.53,8.0,0.0,0.0,0.0,0.0,0.0,0.0,
495177,COMMUNITY MEMORIAL HOSPITAL HUNDLEY CENTER,SOUTH HILL,VA,Mecklenburg,117,2019Q1,20190326,95,8.0,8.0,0.0,56.75,17.25,39.5,10.75,10.75,0.0,0.0,0.0,0.0,119.5,119.5,0.0,212.5,212.5,0.0,0.0,0.0,0.0,0.0,0.0,0.0,
495177,COMMUNITY MEMORIAL HOSPITAL HUNDLEY CENTER,SOUTH HILL,VA,Mecklenburg,117,2019Q1,20190327,94,8.0,8.0,0.0,59.13,34.63,24.5,11.0,11.0,0.0,0.0,0.0,0.0,122.75,122.75,0.0,217.93,217.93,0.0,0.0,0.0,0.0,0.0,0.0,0.0,
495177,COMMUNITY MEMORIAL HOSPITAL HUNDLEY CENTER,SOUTH HILL,VA,Mecklenburg,117,2019Q1,20190328,96,8.0,8.0,0.0,67.5,26.0,41.5,14.0,14.0,0.0,0.0,0.0,0.0,135.0,135.0,0.0,213.44,205.19,8.25,0.0,0.0,0.0,0.0,0.0,0.0,
495177,COMMUNITY MEMORIAL HOSPITAL HUNDLEY CENTER,SOUTH HILL,VA,Mecklenburg,117,2019Q1,20190329,95,8.0,8.0,0.0,57.75,25.25,32.5,11.75,11.75,0.0,0.0,0.0,0.0,133.75,133.75,0.0,211.5,196.0,15.5,0.0,0.0,0.0,0.0,0.0,0.0,
495177,COMMUNITY MEMORIAL HOSPITAL HUNDLEY CENTER,SOUTH HILL,VA,Mecklenburg,117,2019Q1,20190330,96,0.0,0.0,0.0,21.25,13.0,8.25,0.0,0.0,0.0,0.0,0.0,0.0,109.25,109.25,0.0,152.27,141.52,10.75,0.0,0.0,0.0,0.0,0.0,0.0,
495177,COMMUNITY MEMORIAL HOSPITAL HUNDLEY CENTER,SOUTH HILL,VA,Mecklenburg,117,2019Q1,20190331,96,0.0,0.0,0.0,21.25,12.25,9.0,7.25,7.25,0.0,0.0,0.0,0.0,95.0,95.0,0.0,106.83,98.58,8.25,0.0,0.0,0.0,0.0,0.0,0.0,
495177,COMMUNITY MEMORIAL HOSPITAL HUNDLEY CENTER,SOUTH HILL,VA,Mecklenburg,117,2019Q2,20190401,98,0.0,0.0,0.0,68.5,37.5,31.0,12.5,12.5,0.0,0.0,0.0,0.0,146.5,146.5,0.0,250.68,250.68,0.0,0.0,0.0,0.0,0.0,0.0,0.0,
495177,COMMUNITY MEMORIAL HOSPITAL HUNDLEY CENTER,SOUTH HILL,VA,Mecklenburg,117,2019Q2,20190402,98,8.0,8.0,0.0,51.5,25.75,25.75,11.5,11.5,0.0,0.0,0.0,0.0,133.5,133.5,0.0,213.75,213.75,0.0,0.0,0.0,0.0,0.0,0.0,0.0,
495177,COMMUNITY MEMORIAL HOSPITAL HUNDLEY CENTER,SOUTH HILL,VA,Mecklenburg,117,2019Q2,20190403,97,8.0,8.0,0.0,63.25,26.25,37.0,5.25,5.25,0.0,0.0,0.0,0.0,103.5,103.5,0.0,230.53,230.53,0.0,0.0,0.0,0.0,0.0,0.0,0.0,
495177,COMMUNITY MEMORIAL HOSPITAL HUNDLEY CENTER,SOUTH HILL,VA,Mecklenburg,117,2019Q2,20190404,101,8.0,8.0,0.0,51.75,25.5,26.25,9.75,9.75,0.0,0.0,0.0,0.0,123.5,123.5,0.0,211.0,211.0,0.0,0.0,0.0,0.0,0.0,0.0,0.0,
495177,COMMUNITY MEMORIAL HOSPITAL HUNDLEY CENTER,SOUTH HILL,VA,Mecklenburg,117,2019Q2,20190405,101,0.0,0.0,0.0,57.45,25.45,32.0,11.25,11.25,0.0,0.0,0.0,0.0,112.75,112.75,0.0,201.38,193.13,8.25,0.0,0.0,0.0,0.0,0.0,0.0,
495177,COMMUNITY MEMORIAL HOSPITAL HUNDLEY CENTER,SOUTH HILL,VA,Mecklenburg,117,2019Q2,20190406,101,0.0,0.0,0.0,28.75,12.25,16.5,7.5,7.5,0.0,0.0,0.0,0.0,115.5,115.5,0.0,168.75,161.25,7.5,0.0,0.0,0.0,0.0,0.0,0.0,
495177,COMMUNITY MEMORIAL HOSPITAL HUNDLEY CENTER,SOUTH HILL,VA,Mecklenburg,117,2019Q2,20190407,101,0.0,0.0,0.0,29.25,12.75,16.5,0.0,0.0,0.0,0.0,0.0,0.0,122.5,122.5,0.0,174.75,167.0,7.75,0.0,0.0,0.0,0.0,0.0,0.0,
495177,COMMUNITY MEMORIAL HOSPITAL HUNDLEY CENTER,SOUTH HILL,VA,Mecklenburg,117,2019Q2,20190408,101,0.0,0.0,0.0,46.0,21.0,25.0,8.0,8.0,0.0,0.0,0.0,0.0,140.25,140.25,0.0,180.5,172.25,8.25,0.0,0.0,0.0,0.0,0.0,0.0,
495177,COMMUNITY MEMORIAL HOSPITAL HUNDLEY CENTER,SOUTH HILL,VA,Mecklenburg,117,2019Q2,20190409,102,8.0,8.0,0.0,50.5,25.0,25.5,9.75,9.75,0.0,0.0,0.0,0.0,141.25,141.25,0.0,200.25,194.75,5.5,0.0,0.0,0.0,0.0,0.0,0.0,
495177,COMMUNITY MEMORIAL HOSPITAL HUNDLEY CENTER,SOUTH HILL,VA,Mecklenburg,117,2019Q2,20190410,103,8.0,8.0,0.0,50.75,25.5,25.25,12.25,12.25,0.0,0.0,0.0,0.0,162.0,162.0,0.0,217.32,217.32,0.0,0.0,0.0,0.0,0.0,0.0,0.0,
495177,COMMUNITY MEMORIAL HOSPITAL HUNDLEY CENTER,SOUTH HILL,VA,Mecklenburg,117,2019Q2,20190411,103,8.0,8.0,0.0,59.9,25.65,34.25,7.75,7.75,0.0,0.0,0.0,0.0,134.5,134.5,0.0,226.75,226.75,0.0,0.0,0.0,0.0,0.0,0.0,0.0,
495177,COMMUNITY MEMORIAL HOSPITAL HUNDLEY CENTER,SOUTH HILL,VA,Mecklenburg,117,2019Q2,20190412,102,0.0,0.0,0.0,47.25,12.0,35.25,9.25,9.25,0.0,0.0,0.0,0.0,126.25,126.25,0.0,206.97,198.97,8.0,0.0,0.0,0.0,0.0,0.0,0.0,
495177,COMMUNITY MEMORIAL HOSPITAL HUNDLEY CENTER,SOUTH HILL,VA,Mecklenburg,117,2019Q2,20190413,101,0.0,0.0,0.0,25.25,12.25,13.0,0.0,0.0,0.0,0.0,0.0,0.0,107.25,107.25,0.0,143.45,143.45,0.0,0.0,0.0,0.0,0.0,0.0,0.0,
495177,COMMUNITY MEMORIAL HOSPITAL HUNDLEY CENTER,SOUTH HILL,VA,Mecklenburg,117,2019Q2,20190414,101,0.0,0.0,0.0,28.75,17.75,11.0,8.0,8.0,0.0,0.0,0.0,0.0,108.0,108.0,0.0,152.98,144.98,8.0,0.0,0.0,0.0,0.0,0.0,0.0,
495177,COMMUNITY MEMORIAL HOSPITAL HUNDLEY CENTER,SOUTH HILL,VA,Mecklenburg,117,2019Q2,20190415,103,0.0,0.0,0.0,62.25,36.5,25.75,4.0,4.0,0.0,0.0,0.0,0.0,135.75,135.75,0.0,201.7,187.45,14.25,0.0,0.0,0.0,0.0,0.0,0.0,
495177,COMMUNITY MEMORIAL HOSPITAL HUNDLEY CENTER,SOUTH HILL,VA,Mecklenburg,117,2019Q2,20190416,103,8.0,8.0,0.0,76.25,34.25,42.0,8.5,8.5,0.0,0.0,0.0,0.0,128.25,128.25,0.0,211.5,203.5,8.0,0.0,0.0,0.0,0.0,0.0,0.0,
495177,COMMUNITY MEMORIAL HOSPITAL HUNDLEY CENTER,SOUTH HILL,VA,Mecklenburg,117,2019Q2,20190417,107,8.0,8.0,0.0,62.75,32.75,30.0,14.25,14.25,0.0,0.0,0.0,0.0,135.5,135.5,0.0,230.42,222.17,8.25,0.0,0.0,0.0,0.0,0.0,0.0,
495177,COMMUNITY MEMORIAL HOSPITAL HUNDLEY CENTER,SOUTH HILL,VA,Mecklenburg,117,2019Q2,20190418,106,8.0,8.0,0.0,42.18,16.68,25.5,6.0,6.0,0.0,0.0,0.0,0.0,145.25,145.25,0.0,212.0,203.75,8.25,0.0,0.0,0.0,0.0,0.0,0.0,
495177,COMMUNITY MEMORIAL HOSPITAL HUNDLEY CENTER,SOUTH HILL,VA,Mecklenburg,117,2019Q2,20190419,107,0.0,0.0,0.0,46.25,28.25,18.0,9.5,9.5,0.0,0.0,0.0,0.0,138.93,138.93,0.0,196.43,188.18,8.25,0.0,0.0,0.0,0.0,0.0,0.0,
495177,COMMUNITY MEMORIAL HOSPITAL HUNDLEY CENTER,SOUTH HILL,VA,Mecklenburg,117,2019Q2,20190420,105,0.0,0.0,0.0,28.75,12.75,16.0,0.0,0.0,0.0,0.0,0.0,0.0,123.5,123.5,0.0,175.98,168.23,7.75,0.0,0.0,0.0,0.0,0.0,0.0,
495177,COMMUNITY MEMORIAL HOSPITAL HUNDLEY CENTER,SOUTH HILL,VA,Mecklenburg,117,2019Q2,20190421,104,0.0,0.0,0.0,28.25,12.25,16.0,0.0,0.0,0.0,0.0,0.0,0.0,116.75,116.75,0.0,172.5,164.75,7.75,0.0,0.0,0.0,0.0,0.0,0.0,
495177,COMMUNITY MEMORIAL HOSPITAL HUNDLEY CENTER,SOUTH HILL,VA,Mecklenburg,117,2019Q2,20190422,100,8.0,8.0,0.0,66.75,41.5,25.25,9.0,9.0,0.0,0.0,0.0,0.0,127.25,127.25,0.0,178.67,178.67,0.0,0.0,0.0,0.0,0.0,0.0,0.0,
495177,COMMUNITY MEMORIAL HOSPITAL HUNDLEY CENTER,SOUTH HILL,VA,Mecklenburg,117,2019Q2,20190423,101,8.0,8.0,0.0,60.5,31.25,29.25,9.25,9.25,0.0,0.0,0.0,0.0,128.75,128.75,0.0,206.75,206.75,0.0,0.0,0.0,0.0,0.0,0.0,0.0,
495177,COMMUNITY MEMORIAL HOSPITAL HUNDLEY CENTER,SOUTH HILL,VA,Mecklenburg,117,2019Q2,20190424,100,8.0,8.0,0.0,69.82,36.07,33.75,7.75,7.75,0.0,0.0,0.0,0.0,116.75,116.75,0.0,203.65,203.65,0.0,0.0,0.0,0.0,0.0,0.0,0.0,
495177,COMMUNITY MEMORIAL HOSPITAL HUNDLEY CENTER,SOUTH HILL,VA,Mecklenburg,117,2019Q2,20190425,100,0.0,0.0,0.0,53.72,32.47,21.25,8.5,8.5,0.0,0.0,0.0,0.0,120.0,120.0,0.0,192.75,192.75,0.0,0.0,0.0,0.0,0.0,0.0,0.0,
495177,COMMUNITY MEMORIAL HOSPITAL HUNDLEY CENTER,SOUTH HILL,VA,Mecklenburg,117,2019Q2,20190426,100,0.0,0.0,0.0,42.75,16.75,26.0,9.5,9.5,0.0,0.0,0.0,0.0,142.5,142.5,0.0,214.65,206.65,8.0,0.0,0.0,0.0,0.0,0.0,0.0,
495177,COMMUNITY MEMORIAL HOSPITAL HUNDLEY CENTER,SOUTH HILL,VA,Mecklenburg,117,2019Q2,20190427,100,0.0,0.0,0.0,9.75,9.75,0.0,5.75,5.75,0.0,0.0,0.0,0.0,132.25,132.25,0.0,154.67,146.42,8.25,0.0,0.0,0.0,0.0,0.0,0.0,
495177,COMMUNITY MEMORIAL HOSPITAL HUNDLEY CENTER,SOUTH HILL,VA,Mecklenburg,117,2019Q2,20190428,99,0.0,0.0,0.0,13.0,13.0,0.0,0.0,0.0,0.0,0.0,0.0,0.0,116.25,116.25,0.0,151.25,143.25,8.0,0.0,0.0,0.0,0.0,0.0,0.0,
495177,COMMUNITY MEMORIAL HOSPITAL HUNDLEY CENTER,SOUTH HILL,VA,Mecklenburg,117,2019Q2,20190429,100,8.0,8.0,0.0,64.03,39.03,25.0,11.25,11.25,0.0,0.0,0.0,0.0,128.75,128.75,0.0,209.48,209.48,0.0,0.0,0.0,0.0,0.0,0.0,0.0,
495177,COMMUNITY MEMORIAL HOSPITAL HUNDLEY CENTER,SOUTH HILL,VA,Mecklenburg,117,2019Q2,20190430,100,8.0,8.0,0.0,58.72,33.97,24.75,12.25,12.25,0.0,0.0,0.0,0.0,119.48,119.48,0.0,158.37,158.37,0.0,0.0,0.0,0.0,0.0,0.0,0.0,
495177,COMMUNITY MEMORIAL HOSPITAL HUNDLEY CENTER,SOUTH HILL,VA,Mecklenburg,117,2019Q2,20190501,101,0.0,0.0,0.0,42.75,24.5,18.25,10.75,10.75,0.0,0.0,0.0,0.0,181.25,181.25,0.0,265.75,265.75,0.0,0.0,0.0,0.0,0.0,0.0,0.0,
495177,COMMUNITY MEMORIAL HOSPITAL HUNDLEY CENTER,SOUTH HILL,VA,Mecklenburg,117,2019Q2,20190502,100,0.0,0.0,0.0,51.75,26.75,25.0,12.0,12.0,0.0,0.0,0.0,0.0,129.25,129.25,0.0,189.25,189.25,0.0,0.0,0.0,0.0,0.0,0.0,0.0,
495177,COMMUNITY MEMORIAL HOSPITAL HUNDLEY CENTER,SOUTH HILL,VA,Mecklenburg,117,2019Q2,20190503,99,0.0,0.0,0.0,44.75,26.5,18.25,9.75,9.75,0.0,0.0,0.0,0.0,146.0,146.0,0.0,191.68,176.18,15.5,0.0,0.0,0.0,0.0,0.0,0.0,
495177,COMMUNITY MEMORIAL HOSPITAL HUNDLEY CENTER,SOUTH HILL,VA,Mecklenburg,117,2019Q2,20190504,98,0.0,0.0,0.0,13.25,13.25,0.0,0.0,0.0,0.0,0.0,0.0,0.0,127.0,127.0,0.0,156.75,156.75,0.0,0.0,0.0,0.0,0.0,0.0,0.0,
495177,COMMUNITY MEMORIAL HOSPITAL HUNDLEY CENTER,SOUTH HILL,VA,Mecklenburg,117,2019Q2,20190505,98,0.0,0.0,0.0,19.0,9.5,9.5,0.0,0.0,0.0,0.0,0.0,0.0,103.5,103.5,0.0,163.75,148.0,15.75,0.0,0.0,0.0,0.0,0.0,0.0,
495177,COMMUNITY MEMORIAL HOSPITAL HUNDLEY CENTER,SOUTH HILL,VA,Mecklenburg,117,2019Q2,20190506,99,0.0,0.0,0.0,51.17,35.42,15.75,8.5,8.5,0.0,0.0,0.0,0.0,149.0,149.0,0.0,168.45,160.45,8.0,0.0,0.0,0.0,0.0,0.0,0.0,
495177,COMMUNITY MEMORIAL HOSPITAL HUNDLEY CENTER,SOUTH HILL,VA,Mecklenburg,117,2019Q2,20190507,99,0.0,0.0,0.0,35.5,17.75,17.75,10.0,10.0,0.0,0.0,0.0,0.0,141.25,141.25,0.0,192.75,192.75,0.0,0.0,0.0,0.0,0.0,0.0,0.0,
495177,COMMUNITY MEMORIAL HOSPITAL HUNDLEY CENTER,SOUTH HILL,VA,Mecklenburg,117,2019Q2,20190508,100,0.0,0.0,0.0,54.5,38.0,16.5,11.25,11.25,0.0,0.0,0.0,0.0,138.5,138.5,0.0,163.42,163.42,0.0,0.0,0.0,0.0,0.0,0.0,0.0,
495177,COMMUNITY MEMORIAL HOSPITAL HUNDLEY CENTER,SOUTH HILL,VA,Mecklenburg,117,2019Q2,20190509,99,0.0,0.0,0.0,52.25,39.5,12.75,12.25,12.25,0.0,0.0,0.0,0.0,138.5,138.5,0.0,216.75,216.75,0.0,0.0,0.0,0.0,0.0,0.0,0.0,
495177,COMMUNITY MEMORIAL HOSPITAL HUNDLEY CENTER,SOUTH HILL,VA,Mecklenburg,117,2019Q2,20190510,98,0.0,0.0,0.0,38.02,29.77,8.25,0.0,0.0,0.0,0.0,0.0,0.0,149.3,149.3,0.0,193.45,193.45,0.0,0.0,0.0,0.0,0.0,0.0,0.0,
495177,COMMUNITY MEMORIAL HOSPITAL HUNDLEY CENTER,SOUTH HILL,VA,Mecklenburg,117,2019Q2,20190511,98,0.0,0.0,0.0,17.75,17.75,0.0,0.0,0.0,0.0,0.0,0.0,0.0,128.25,128.25,0.0,140.13,140.13,0.0,0.0,0.0,0.0,0.0,0.0,0.0,
495177,COMMUNITY MEMORIAL HOSPITAL HUNDLEY CENTER,SOUTH HILL,VA,Mecklenburg,117,2019Q2,20190512,98,0.0,0.0,0.0,13.0,13.0,0.0,0.0,0.0,0.0,0.0,0.0,0.0,130.25,130.25,0.0,132.42,132.42,0.0,0.0,0.0,0.0,0.0,0.0,0.0,
495177,COMMUNITY MEMORIAL HOSPITAL HUNDLEY CENTER,SOUTH HILL,VA,Mecklenburg,117,2019Q2,20190513,96,0.0,0.0,0.0,51.87,36.12,15.75,11.75,11.75,0.0,0.0,0.0,0.0,145.75,145.75,0.0,171.5,171.5,0.0,0.0,0.0,0.0,0.0,0.0,0.0,
495177,COMMUNITY MEMORIAL HOSPITAL HUNDLEY CENTER,SOUTH HILL,VA,Mecklenburg,117,2019Q2,20190514,99,0.0,0.0,0.0,36.18,27.43,8.75,10.25,10.25,0.0,0.0,0.0,0.0,147.0,147.0,0.0,187.0,187.0,0.0,0.0,0.0,0.0,0.0,0.0,0.0,
495177,COMMUNITY MEMORIAL HOSPITAL HUNDLEY CENTER,SOUTH HILL,VA,Mecklenburg,117,2019Q2,20190515,102,0.0,0.0,0.0,64.25,37.25,27.0,10.75,10.75,0.0,0.0,0.0,0.0,183.0,183.0,0.0,228.7,220.45,8.25,0.0,0.0,0.0,0.0,0.0,0.0,
495177,COMMUNITY MEMORIAL HOSPITAL HUNDLEY CENTER,SOUTH HILL,VA,Mecklenburg,117,2019Q2,20190516,103,0.0,0.0,0.0,61.75,36.75,25.0,9.75,9.75,0.0,0.0,0.0,0.0,163.0,163.0,0.0,208.25,199.75,8.5,0.0,0.0,0.0,0.0,0.0,0.0,
495177,COMMUNITY MEMORIAL HOSPITAL HUNDLEY CENTER,SOUTH HILL,VA,Mecklenburg,117,2019Q2,20190517,104,0.0,0.0,0.0,51.75,26.5,25.25,9.25,9.25,0.0,0.0,0.0,0.0,138.5,138.5,0.0,189.93,181.68,8.25,0.0,0.0,0.0,0.0,0.0,0.0,
495177,COMMUNITY MEMORIAL HOSPITAL HUNDLEY CENTER,SOUTH HILL,VA,Mecklenburg,117,2019Q2,20190518,102,0.0,0.0,0.0,10.25,10.25,0.0,4.0,4.0,0.0,0.0,0.0,0.0,122.5,122.5,0.0,178.25,170.25,8.0,0.0,0.0,0.0,0.0,0.0,0.0,
495177,COMMUNITY MEMORIAL HOSPITAL HUNDLEY CENTER,SOUTH HILL,VA,Mecklenburg,117,2019Q2,20190519,102,0.0,0.0,0.0,12.75,12.75,0.0,0.0,0.0,0.0,0.0,0.0,0.0,124.75,124.75,0.0,153.25,153.25,0.0,0.0,0.0,0.0,0.0,0.0,0.0,
495177,COMMUNITY MEMORIAL HOSPITAL HUNDLEY CENTER,SOUTH HILL,VA,Mecklenburg,117,2019Q2,20190520,102,0.0,0.0,0.0,66.1,41.6,24.5,12.25,12.25,0.0,0.0,0.0,0.0,149.0,149.0,0.0,148.75,148.75,0.0,0.0,0.0,0.0,0.0,0.0,0.0,
495177,COMMUNITY MEMORIAL HOSPITAL HUNDLEY CENTER,SOUTH HILL,VA,Mecklenburg,117,2019Q2,20190521,102,0.0,0.0,0.0,50.25,24.75,25.5,8.75,8.75,0.0,0.0,0.0,0.0,145.0,145.0,0.0,183.65,183.65,0.0,0.0,0.0,0.0,0.0,0.0,0.0,
495177,COMMUNITY MEMORIAL HOSPITAL HUNDLEY CENTER,SOUTH HILL,VA,Mecklenburg,117,2019Q2,20190522,101,0.0,0.0,0.0,47.0,21.75,25.25,9.25,9.25,0.0,0.0,0.0,0.0,154.75,154.75,0.0,203.25,203.25,0.0,0.0,0.0,0.0,0.0,0.0,0.0,
495177,COMMUNITY MEMORIAL HOSPITAL HUNDLEY CENTER,SOUTH HILL,VA,Mecklenburg,117,2019Q2,20190523,102,0.0,0.0,0.0,48.0,21.25,26.75,8.25,8.25,0.0,0.0,0.0,0.0,124.75,124.75,0.0,197.0,189.0,8.0,0.0,0.0,0.0,0.0,0.0,0.0,
495177,COMMUNITY MEMORIAL HOSPITAL HUNDLEY CENTER,SOUTH HILL,VA,Mecklenburg,117,2019Q2,20190524,101,0.0,0.0,0.0,48.0,22.75,25.25,7.25,7.25,0.0,0.0,0.0,0.0,130.25,130.25,0.0,195.5,187.5,8.0,0.0,0.0,0.0,0.0,0.0,0.0,
495177,COMMUNITY MEMORIAL HOSPITAL HUNDLEY CENTER,SOUTH HILL,VA,Mecklenburg,117,2019Q2,20190525,101,0.0,0.0,0.0,23.75,15.75,8.0,0.0,0.0,0.0,0.0,0.0,0.0,115.25,115.25,0.0,152.77,144.52,8.25,0.0,0.0,0.0,0.0,0.0,0.0,
495177,COMMUNITY MEMORIAL HOSPITAL HUNDLEY CENTER,SOUTH HILL,VA,Mecklenburg,117,2019Q2,20190526,101,0.0,0.0,0.0,23.5,15.5,8.0,0.0,0.0,0.0,0.0,0.0,0.0,111.0,111.0,0.0,126.22,126.22,0.0,0.0,0.0,0.0,0.0,0.0,0.0,
495177,COMMUNITY MEMORIAL HOSPITAL HUNDLEY CENTER,SOUTH HILL,VA,Mecklenburg,117,2019Q2,20190527,100,0.0,0.0,0.0,43.0,26.5,16.5,8.75,8.75,0.0,0.0,0.0,0.0,145.25,145.25,0.0,177.5,177.5,0.0,0.0,0.0,0.0,0.0,0.0,0.0,
495177,COMMUNITY MEMORIAL HOSPITAL HUNDLEY CENTER,SOUTH HILL,VA,Mecklenburg,117,2019Q2,20190528,103,0.0,0.0,0.0,55.0,26.5,28.5,13.25,13.25,0.0,0.0,0.0,0.0,161.75,161.75,0.0,189.02,189.02,0.0,0.0,0.0,0.0,0.0,0.0,0.0,
495177,COMMUNITY MEMORIAL HOSPITAL HUNDLEY CENTER,SOUTH HILL,VA,Mecklenburg,117,2019Q2,20190529,103,0.0,0.0,0.0,62.75,31.25,31.5,11.5,11.5,0.0,0.0,0.0,0.0,162.75,162.75,0.0,184.73,184.73,0.0,0.0,0.0,0.0,0.0,0.0,0.0,
495177,COMMUNITY MEMORIAL HOSPITAL HUNDLEY CENTER,SOUTH HILL,VA,Mecklenburg,117,2019Q2,20190530,103,0.0,0.0,0.0,74.25,38.25,36.0,9.25,9.25,0.0,0.0,0.0,0.0,170.75,170.75,0.0,169.25,169.25,0.0,0.0,0.0,0.0,0.0,0.0,0.0,
495177,COMMUNITY MEMORIAL HOSPITAL HUNDLEY CENTER,SOUTH HILL,VA,Mecklenburg,117,2019Q2,20190531,104,0.0,0.0,0.0,51.68,26.68,25.0,9.5,9.5,0.0,0.0,0.0,0.0,157.5,157.5,0.0,119.7,119.7,0.0,0.0,0.0,0.0,0.0,0.0,0.0,
495177,COMMUNITY MEMORIAL HOSPITAL HUNDLEY CENTER,SOUTH HILL,VA,Mecklenburg,117,2019Q2,20190601,103,0.0,0.0,0.0,19.25,11.0,8.25,0.0,0.0,0.0,0.0,0.0,0.0,154.25,154.25,0.0,201.75,201.75,0.0,0.0,0.0,0.0,0.0,0.0,0.0,
495177,COMMUNITY MEMORIAL HOSPITAL HUNDLEY CENTER,SOUTH HILL,VA,Mecklenburg,117,2019Q2,20190602,102,0.0,0.0,0.0,21.25,13.25,8.0,0.0,0.0,0.0,0.0,0.0,0.0,135.75,135.75,0.0,168.0,159.75,8.25,0.0,0.0,0.0,0.0,0.0,0.0,
495177,COMMUNITY MEMORIAL HOSPITAL HUNDLEY CENTER,SOUTH HILL,VA,Mecklenburg,117,2019Q2,20190603,101,0.0,0.0,0.0,54.0,33.5,20.5,9.75,9.75,0.0,0.0,0.0,0.0,148.25,148.25,0.0,168.92,168.92,0.0,0.0,0.0,0.0,0.0,0.0,0.0,
495177,COMMUNITY MEMORIAL HOSPITAL HUNDLEY CENTER,SOUTH HILL,VA,Mecklenburg,117,2019Q2,20190604,100,0.0,0.0,0.0,60.75,33.0,27.75,9.75,9.75,0.0,0.0,0.0,0.0,150.77,150.77,0.0,190.25,190.25,0.0,0.0,0.0,0.0,0.0,0.0,0.0,
495177,COMMUNITY MEMORIAL HOSPITAL HUNDLEY CENTER,SOUTH HILL,VA,Mecklenburg,117,2019Q2,20190605,101,0.0,0.0,0.0,55.0,26.75,28.25,9.75,9.75,0.0,0.0,0.0,0.0,135.25,135.25,0.0,219.0,219.0,0.0,0.0,0.0,0.0,0.0,0.0,0.0,
495177,COMMUNITY MEMORIAL HOSPITAL HUNDLEY CENTER,SOUTH HILL,VA,Mecklenburg,117,2019Q2,20190606,102,0.0,0.0,0.0,63.33,26.08,37.25,11.5,11.5,0.0,0.0,0.0,0.0,154.25,154.25,0.0,193.75,193.75,0.0,0.0,0.0,0.0,0.0,0.0,0.0,
495177,COMMUNITY MEMORIAL HOSPITAL HUNDLEY CENTER,SOUTH HILL,VA,Mecklenburg,117,2019Q2,20190607,100,0.0,0.0,0.0,44.5,19.75,24.75,0.0,0.0,0.0,0.0,0.0,0.0,131.0,131.0,0.0,190.75,190.75,0.0,0.0,0.0,0.0,0.0,0.0,0.0,
495177,COMMUNITY MEMORIAL HOSPITAL HUNDLEY CENTER,SOUTH HILL,VA,Mecklenburg,117,2019Q2,20190608,98,0.0,0.0,0.0,15.75,15.75,0.0,0.0,0.0,0.0,0.0,0.0,0.0,115.0,115.0,0.0,148.07,148.07,0.0,0.0,0.0,0.0,0.0,0.0,0.0,
495177,COMMUNITY MEMORIAL HOSPITAL HUNDLEY CENTER,SOUTH HILL,VA,Mecklenburg,117,2019Q2,20190609,97,0.0,0.0,0.0,13.5,13.5,0.0,8.75,8.75,0.0,0.0,0.0,0.0,128.0,128.0,0.0,154.6,154.6,0.0,0.0,0.0,0.0,0.0,0.0,0.0,
495177,COMMUNITY MEMORIAL HOSPITAL HUNDLEY CENTER,SOUTH HILL,VA,Mecklenburg,117,2019Q2,20190610,97,0.0,0.0,0.0,49.5,30.25,19.25,11.0,11.0,0.0,0.0,0.0,0.0,139.5,139.5,0.0,200.4,200.4,0.0,0.0,0.0,0.0,0.0,0.0,0.0,
495177,COMMUNITY MEMORIAL HOSPITAL HUNDLEY CENTER,SOUTH HILL,VA,Mecklenburg,117,2019Q2,20190611,96,0.0,0.0,0.0,46.5,26.25,20.25,0.0,0.0,0.0,0.0,0.0,0.0,157.0,157.0,0.0,213.16,213.16,0.0,0.0,0.0,0.0,0.0,0.0,0.0,
495177,COMMUNITY MEMORIAL HOSPITAL HUNDLEY CENTER,SOUTH HILL,VA,Mecklenburg,117,2019Q2,20190612,99,0.0,0.0,0.0,53.5,33.5,20.0,0.0,0.0,0.0,0.0,0.0,0.0,162.0,162.0,0.0,223.0,223.0,0.0,0.0,0.0,0.0,0.0,0.0,0.0,
495177,COMMUNITY MEMORIAL HOSPITAL HUNDLEY CENTER,SOUTH HILL,VA,Mecklenburg,117,2019Q2,20190613,98,0.0,0.0,0.0,50.0,30.0,20.0,3.0,3.0,0.0,0.0,0.0,0.0,162.75,162.75,0.0,203.5,195.5,8.0,0.0,0.0,0.0,0.0,0.0,0.0,
495177,COMMUNITY MEMORIAL HOSPITAL HUNDLEY CENTER,SOUTH HILL,VA,Mecklenburg,117,2019Q2,20190614,97,0.0,0.0,0.0,47.75,26.75,21.0,3.5,3.5,0.0,0.0,0.0,0.0,132.25,132.25,0.0,205.08,196.83,8.25,0.0,0.0,0.0,0.0,0.0,0.0,
495177,COMMUNITY MEMORIAL HOSPITAL HUNDLEY CENTER,SOUTH HILL,VA,Mecklenburg,117,2019Q2,20190615,97,0.0,0.0,0.0,13.25,10.75,2.5,0.0,0.0,0.0,0.0,0.0,0.0,129.5,129.5,0.0,145.25,145.25,0.0,0.0,0.0,0.0,0.0,0.0,0.0,
495177,COMMUNITY MEMORIAL HOSPITAL HUNDLEY CENTER,SOUTH HILL,VA,Mecklenburg,117,2019Q2,20190616,96,0.0,0.0,0.0,27.5,27.5,0.0,0.0,0.0,0.0,0.0,0.0,0.0,102.75,102.75,0.0,164.25,164.25,0.0,0.0,0.0,0.0,0.0,0.0,0.0,
495177,COMMUNITY MEMORIAL HOSPITAL HUNDLEY CENTER,SOUTH HILL,VA,Mecklenburg,117,2019Q2,20190617,95,0.0,0.0,0.0,49.45,29.7,19.75,11.75,11.75,0.0,0.0,0.0,0.0,162.25,162.25,0.0,194.75,194.75,0.0,0.0,0.0,0.0,0.0,0.0,0.0,
495177,COMMUNITY MEMORIAL HOSPITAL HUNDLEY CENTER,SOUTH HILL,VA,Mecklenburg,117,2019Q2,20190618,95,0.0,0.0,0.0,62.45,33.88,28.57,9.5,9.5,0.0,0.0,0.0,0.0,166.25,166.25,0.0,224.0,224.0,0.0,0.0,0.0,0.0,0.0,0.0,0.0,
495177,COMMUNITY MEMORIAL HOSPITAL HUNDLEY CENTER,SOUTH HILL,VA,Mecklenburg,117,2019Q2,20190619,96,0.0,0.0,0.0,69.75,41.0,28.75,10.75,10.75,0.0,0.0,0.0,0.0,165.77,165.77,0.0,211.75,211.75,0.0,0.0,0.0,0.0,0.0,0.0,0.0,
495177,COMMUNITY MEMORIAL HOSPITAL HUNDLEY CENTER,SOUTH HILL,VA,Mecklenburg,117,2019Q2,20190620,96,0.0,0.0,0.0,62.25,36.75,25.5,9.5,9.5,0.0,0.0,0.0,0.0,143.5,143.5,0.0,189.45,173.45,16.0,0.0,0.0,0.0,0.0,0.0,0.0,
495177,COMMUNITY MEMORIAL HOSPITAL HUNDLEY CENTER,SOUTH HILL,VA,Mecklenburg,117,2019Q2,20190621,95,0.0,0.0,0.0,45.75,28.0,17.75,10.0,10.0,0.0,0.0,0.0,0.0,146.25,146.25,0.0,192.75,176.75,16.0,0.0,0.0,0.0,0.0,0.0,0.0,
495177,COMMUNITY MEMORIAL HOSPITAL HUNDLEY CENTER,SOUTH HILL,VA,Mecklenburg,117,2019Q2,20190622,95,0.0,0.0,0.0,11.0,11.0,0.0,0.0,0.0,0.0,0.0,0.0,0.0,124.5,124.5,0.0,162.25,146.0,16.25,0.0,0.0,0.0,0.0,0.0,0.0,
495177,COMMUNITY MEMORIAL HOSPITAL HUNDLEY CENTER,SOUTH HILL,VA,Mecklenburg,117,2019Q2,20190623,94,0.0,0.0,0.0,12.5,12.5,0.0,4.25,4.25,0.0,0.0,0.0,0.0,126.0,126.0,0.0,157.0,149.0,8.0,0.0,0.0,0.0,0.0,0.0,0.0,
495177,COMMUNITY MEMORIAL HOSPITAL HUNDLEY CENTER,SOUTH HILL,VA,Mecklenburg,117,2019Q2,20190624,94,0.0,0.0,0.0,64.5,40.25,24.25,11.75,11.75,0.0,0.0,0.0,0.0,139.0,139.0,0.0,198.5,198.5,0.0,0.0,0.0,0.0,0.0,0.0,0.0,
495177,COMMUNITY MEMORIAL HOSPITAL HUNDLEY CENTER,SOUTH HILL,VA,Mecklenburg,117,2019Q2,20190625,94,0.0,0.0,0.0,66.5,38.5,28.0,11.25,11.25,0.0,0.0,0.0,0.0,153.65,153.65,0.0,206.97,206.97,0.0,0.0,0.0,0.0,0.0,0.0,0.0,
495177,COMMUNITY MEMORIAL HOSPITAL HUNDLEY CENTER,SOUTH HILL,VA,Mecklenburg,117,2019Q2,20190626,96,0.0,0.0,0.0,70.5,39.0,31.5,10.5,10.5,0.0,0.0,0.0,0.0,142.0,142.0,0.0,225.25,225.25,0.0,0.0,0.0,0.0,0.0,0.0,0.0,
495177,COMMUNITY MEMORIAL HOSPITAL HUNDLEY CENTER,SOUTH HILL,VA,Mecklenburg,117,2019Q2,20190627,96,0.0,0.0,0.0,65.75,29.25,36.5,10.75,10.75,0.0,0.0,0.0,0.0,164.5,164.5,0.0,199.5,199.5,0.0,0.0,0.0,0.0,0.0,0.0,0.0,
495177,COMMUNITY MEMORIAL HOSPITAL HUNDLEY CENTER,SOUTH HILL,VA,Mecklenburg,117,2019Q2,20190628,95,0.0,0.0,0.0,57.5,38.0,19.5,8.75,8.75,0.0,0.0,0.0,0.0,121.25,121.25,0.0,170.0,170.0,0.0,0.0,0.0,0.0,0.0,0.0,0.0,
495177,COMMUNITY MEMORIAL HOSPITAL HUNDLEY CENTER,SOUTH HILL,VA,Mecklenburg,117,2019Q2,20190629,94,0.0,0.0,0.0,9.25,0.0,9.25,0.0,0.0,0.0,0.0,0.0,0.0,110.0,110.0,0.0,141.25,141.25,0.0,0.0,0.0,0.0,0.0,0.0,0.0,
495177,COMMUNITY MEMORIAL HOSPITAL HUNDLEY CENTER,SOUTH HILL,VA,Mecklenburg,117,2019Q2,20190630,94,0.0,0.0,0.0,27.5,16.25,11.25,0.0,0.0,0.0,0.0,0.0,0.0,91.75,91.75,0.0,132.0,132.0,0.0,0.0,0.0,0.0,0.0,0.0,0.0,
495177,COMMUNITY MEMORIAL HOSPITAL HUNDLEY CENTER,SOUTH HILL,VA,Mecklenburg,117,2019Q3,20190701,93,0.0,0.0,0.0,66.9,30.65,36.25,9.25,9.25,0.0,0.0,0.0,0.0,151.75,151.75,0.0,232.0,223.0,9.0,0.0,0.0,0.0,0.0,0.0,0.0,
495177,COMMUNITY MEMORIAL HOSPITAL HUNDLEY CENTER,SOUTH HILL,VA,Mecklenburg,117,2019Q3,20190702,95,0.0,0.0,0.0,43.25,22.0,21.25,11.25,11.25,0.0,0.0,0.0,0.0,150.25,150.25,0.0,216.0,200.0,16.0,0.0,0.0,0.0,0.0,0.0,0.0,
495177,COMMUNITY MEMORIAL HOSPITAL HUNDLEY CENTER,SOUTH HILL,VA,Mecklenburg,117,2019Q3,20190703,95,0.0,0.0,0.0,57.5,35.0,22.5,6.75,6.75,0.0,0.0,0.0,0.0,138.75,138.75,0.0,217.75,209.75,8.0,0.0,0.0,0.0,0.0,0.0,0.0,
495177,COMMUNITY MEMORIAL HOSPITAL HUNDLEY CENTER,SOUTH HILL,VA,Mecklenburg,117,2019Q3,20190704,94,0.0,0.0,0.0,49.75,14.5,35.25,8.0,8.0,0.0,0.0,0.0,0.0,131.0,131.0,0.0,189.0,189.0,0.0,0.0,0.0,0.0,0.0,0.0,0.0,
495177,COMMUNITY MEMORIAL HOSPITAL HUNDLEY CENTER,SOUTH HILL,VA,Mecklenburg,117,2019Q3,20190705,92,0.0,0.0,0.0,53.75,28.25,25.5,9.75,9.75,0.0,0.0,0.0,0.0,131.5,131.5,0.0,172.5,172.5,0.0,0.0,0.0,0.0,0.0,0.0,0.0,
495177,COMMUNITY MEMORIAL HOSPITAL HUNDLEY CENTER,SOUTH HILL,VA,Mecklenburg,117,2019Q3,20190706,92,0.0,0.0,0.0,28.75,21.0,7.75,0.0,0.0,0.0,0.0,0.0,0.0,113.25,113.25,0.0,149.0,149.0,0.0,0.0,0.0,0.0,0.0,0.0,0.0,
495177,COMMUNITY MEMORIAL HOSPITAL HUNDLEY CENTER,SOUTH HILL,VA,Mecklenburg,117,2019Q3,20190707,92,0.0,0.0,0.0,30.0,12.25,17.75,0.0,0.0,0.0,0.0,0.0,0.0,109.5,109.5,0.0,152.0,152.0,0.0,0.0,0.0,0.0,0.0,0.0,0.0,
495177,COMMUNITY MEMORIAL HOSPITAL HUNDLEY CENTER,SOUTH HILL,VA,Mecklenburg,117,2019Q3,20190708,90,0.0,0.0,0.0,78.85,42.35,36.5,9.25,9.25,0.0,0.0,0.0,0.0,147.25,147.25,0.0,177.0,177.0,0.0,0.0,0.0,0.0,0.0,0.0,0.0,
495177,COMMUNITY MEMORIAL HOSPITAL HUNDLEY CENTER,SOUTH HILL,VA,Mecklenburg,117,2019Q3,20190709,91,0.0,0.0,0.0,71.75,44.0,27.75,11.75,11.75,0.0,0.0,0.0,0.0,145.25,145.25,0.0,176.0,176.0,0.0,0.0,0.0,0.0,0.0,0.0,0.0,
495177,COMMUNITY MEMORIAL HOSPITAL HUNDLEY CENTER,SOUTH HILL,VA,Mecklenburg,117,2019Q3,20190710,91,0.0,0.0,0.0,86.5,37.25,49.25,12.0,12.0,0.0,0.0,0.0,0.0,134.25,134.25,0.0,204.73,204.73,0.0,0.0,0.0,0.0,0.0,0.0,0.0,
495177,COMMUNITY MEMORIAL HOSPITAL HUNDLEY CENTER,SOUTH HILL,VA,Mecklenburg,117,2019Q3,20190711,94,0.0,0.0,0.0,95.5,27.0,68.5,10.75,10.75,0.0,0.0,0.0,0.0,112.5,112.5,0.0,176.0,170.25,5.75,0.0,0.0,0.0,0.0,0.0,0.0,
495177,COMMUNITY MEMORIAL HOSPITAL HUNDLEY CENTER,SOUTH HILL,VA,Mecklenburg,117,2019Q3,20190712,93,0.0,0.0,0.0,88.13,27.63,60.5,6.75,6.75,0.0,0.0,0.0,0.0,100.5,100.5,0.0,148.25,140.0,8.25,0.0,0.0,0.0,0.0,0.0,0.0,
495177,COMMUNITY MEMORIAL HOSPITAL HUNDLEY CENTER,SOUTH HILL,VA,Mecklenburg,117,2019Q3,20190713,93,0.0,0.0,0.0,40.25,14.0,26.25,0.0,0.0,0.0,0.0,0.0,0.0,111.75,111.75,0.0,144.5,144.5,0.0,0.0,0.0,0.0,0.0,0.0,0.0,
495177,COMMUNITY MEMORIAL HOSPITAL HUNDLEY CENTER,SOUTH HILL,VA,Mecklenburg,117,2019Q3,20190714,93,0.0,0.0,0.0,23.25,11.0,12.25,0.0,0.0,0.0,0.0,0.0,0.0,127.75,127.75,0.0,154.5,154.5,0.0,0.0,0.0,0.0,0.0,0.0,0.0,
495177,COMMUNITY MEMORIAL HOSPITAL HUNDLEY CENTER,SOUTH HILL,VA,Mecklenburg,117,2019Q3,20190715,92,0.0,0.0,0.0,83.25,28.0,55.25,10.0,10.0,0.0,0.0,0.0,0.0,143.75,143.75,0.0,170.75,170.75,0.0,0.0,0.0,0.0,0.0,0.0,0.0,
495177,COMMUNITY MEMORIAL HOSPITAL HUNDLEY CENTER,SOUTH HILL,VA,Mecklenburg,117,2019Q3,20190716,93,0.0,0.0,0.0,104.87,39.37,65.5,9.25,9.25,0.0,0.0,0.0,0.0,124.0,124.0,0.0,170.25,170.25,0.0,0.0,0.0,0.0,0.0,0.0,0.0,
495177,COMMUNITY MEMORIAL HOSPITAL HUNDLEY CENTER,SOUTH HILL,VA,Mecklenburg,117,2019Q3,20190717,92,0.0,0.0,0.0,114.5,41.5,73.0,9.25,9.25,0.0,0.0,0.0,0.0,148.0,148.0,0.0,199.25,191.0,8.25,0.0,0.0,0.0,0.0,0.0,0.0,
495177,COMMUNITY MEMORIAL HOSPITAL HUNDLEY CENTER,SOUTH HILL,VA,Mecklenburg,117,2019Q3,20190718,92,0.0,0.0,0.0,89.75,27.75,62.0,10.0,10.0,0.0,0.0,0.0,0.0,124.0,124.0,0.0,193.75,185.25,8.5,0.0,0.0,0.0,0.0,0.0,0.0,
495177,COMMUNITY MEMORIAL HOSPITAL HUNDLEY CENTER,SOUTH HILL,VA,Mecklenburg,117,2019Q3,20190719,91,0.0,0.0,0.0,74.0,25.75,48.25,0.0,0.0,0.0,0.0,0.0,0.0,146.25,146.25,0.0,197.25,197.25,0.0,0.0,0.0,0.0,0.0,0.0,0.0,
495177,COMMUNITY MEMORIAL HOSPITAL HUNDLEY CENTER,SOUTH HILL,VA,Mecklenburg,117,2019Q3,20190720,91,0.0,0.0,0.0,42.75,12.0,30.75,0.0,0.0,0.0,0.0,0.0,0.0,102.5,102.5,0.0,158.75,142.75,16.0,0.0,0.0,0.0,0.0,0.0,0.0,
495177,COMMUNITY MEMORIAL HOSPITAL HUNDLEY CENTER,SOUTH HILL,VA,Mecklenburg,117,2019Q3,20190721,91,0.0,0.0,0.0,40.75,15.5,25.25,0.0,0.0,0.0,0.0,0.0,0.0,86.25,86.25,0.0,134.75,127.0,7.75,0.0,0.0,0.0,0.0,0.0,0.0,
495177,COMMUNITY MEMORIAL HOSPITAL HUNDLEY CENTER,SOUTH HILL,VA,Mecklenburg,117,2019Q3,20190722,91,0.0,0.0,0.0,97.5,29.25,68.25,9.5,9.5,0.0,0.0,0.0,0.0,106.75,106.75,0.0,207.75,207.75,0.0,0.0,0.0,0.0,0.0,0.0,0.0,
495177,COMMUNITY MEMORIAL HOSPITAL HUNDLEY CENTER,SOUTH HILL,VA,Mecklenburg,117,2019Q3,20190723,90,0.0,0.0,0.0,67.5,23.0,44.5,9.75,9.75,0.0,0.0,0.0,0.0,125.0,125.0,0.0,212.5,212.5,0.0,0.0,0.0,0.0,0.0,0.0,0.0,
495177,COMMUNITY MEMORIAL HOSPITAL HUNDLEY CENTER,SOUTH HILL,VA,Mecklenburg,117,2019Q3,20190724,89,0.0,0.0,0.0,78.5,31.5,47.0,9.75,9.75,0.0,0.0,0.0,0.0,124.25,124.25,0.0,217.75,217.75,0.0,0.0,0.0,0.0,0.0,0.0,0.0,
495177,COMMUNITY MEMORIAL HOSPITAL HUNDLEY CENTER,SOUTH HILL,VA,Mecklenburg,117,2019Q3,20190725,88,0.0,0.0,0.0,71.0,26.75,44.25,9.25,9.25,0.0,0.0,0.0,0.0,129.25,129.25,0.0,199.75,199.75,0.0,0.0,0.0,0.0,0.0,0.0,0.0,
495177,COMMUNITY MEMORIAL HOSPITAL HUNDLEY CENTER,SOUTH HILL,VA,Mecklenburg,117,2019Q3,20190726,87,0.0,0.0,0.0,66.25,21.5,44.75,9.25,9.25,0.0,0.0,0.0,0.0,128.0,128.0,0.0,203.25,203.25,0.0,0.0,0.0,0.0,0.0,0.0,0.0,
495177,COMMUNITY MEMORIAL HOSPITAL HUNDLEY CENTER,SOUTH HILL,VA,Mecklenburg,117,2019Q3,20190727,85,0.0,0.0,0.0,40.25,9.75,30.5,0.0,0.0,0.0,0.0,0.0,0.0,102.25,102.25,0.0,170.5,170.5,0.0,0.0,0.0,0.0,0.0,0.0,0.0,
495177,COMMUNITY MEMORIAL HOSPITAL HUNDLEY CENTER,SOUTH HILL,VA,Mecklenburg,117,2019Q3,20190728,85,0.0,0.0,0.0,41.25,12.25,29.0,0.0,0.0,0.0,0.0,0.0,0.0,96.25,96.25,0.0,153.75,145.75,8.0,0.0,0.0,0.0,0.0,0.0,0.0,
495177,COMMUNITY MEMORIAL HOSPITAL HUNDLEY CENTER,SOUTH HILL,VA,Mecklenburg,117,2019Q3,20190729,86,0.0,0.0,0.0,95.5,27.25,68.25,9.75,9.75,0.0,0.0,0.0,0.0,122.25,122.25,0.0,178.5,170.5,8.0,0.0,0.0,0.0,0.0,0.0,0.0,
495177,COMMUNITY MEMORIAL HOSPITAL HUNDLEY CENTER,SOUTH HILL,VA,Mecklenburg,117,2019Q3,20190730,84,0.0,0.0,0.0,82.0,9.5,72.5,10.75,10.75,0.0,0.0,0.0,0.0,128.0,128.0,0.0,201.25,194.0,7.25,0.0,0.0,0.0,0.0,0.0,0.0,
495177,COMMUNITY MEMORIAL HOSPITAL HUNDLEY CENTER,SOUTH HILL,VA,Mecklenburg,117,2019Q3,20190731,84,0.0,0.0,0.0,99.25,21.5,77.75,9.0,9.0,0.0,0.0,0.0,0.0,102.75,102.75,0.0,163.5,163.5,0.0,0.0,0.0,0.0,0.0,0.0,0.0,
495177,COMMUNITY MEMORIAL HOSPITAL HUNDLEY CENTER,SOUTH HILL,VA,Mecklenburg,117,2019Q3,20190801,83,0.0,0.0,0.0,112.5,11.75,100.75,5.75,5.75,0.0,0.0,0.0,0.0,153.5,153.5,0.0,207.55,207.55,0.0,0.0,0.0,0.0,0.0,0.0,0.0,
495177,COMMUNITY MEMORIAL HOSPITAL HUNDLEY CENTER,SOUTH HILL,VA,Mecklenburg,117,2019Q3,20190802,82,0.0,0.0,0.0,113.25,8.5,104.75,8.25,8.25,0.0,0.0,0.0,0.0,95.25,95.25,0.0,197.25,197.25,0.0,0.0,0.0,0.0,0.0,0.0,0.0,
495177,COMMUNITY MEMORIAL HOSPITAL HUNDLEY CENTER,SOUTH HILL,VA,Mecklenburg,117,2019Q3,20190803,83,0.0,0.0,0.0,47.0,13.0,34.0,0.0,0.0,0.0,0.0,0.0,0.0,111.02,111.02,0.0,126.25,126.25,0.0,0.0,0.0,0.0,0.0,0.0,0.0,
495177,COMMUNITY MEMORIAL HOSPITAL HUNDLEY CENTER,SOUTH HILL,VA,Mecklenburg,117,2019Q3,20190804,83,0.0,0.0,0.0,47.0,12.5,34.5,0.0,0.0,0.0,0.0,0.0,0.0,114.75,114.75,0.0,142.25,142.25,0.0,0.0,0.0,0.0,0.0,0.0,0.0,
495177,COMMUNITY MEMORIAL HOSPITAL HUNDLEY CENTER,SOUTH HILL,VA,Mecklenburg,117,2019Q3,20190805,82,0.0,0.0,0.0,115.5,39.25,76.25,10.25,10.25,0.0,0.0,0.0,0.0,131.25,131.25,0.0,171.25,171.25,0.0,0.0,0.0,0.0,0.0,0.0,0.0,
495177,COMMUNITY MEMORIAL HOSPITAL HUNDLEY CENTER,SOUTH HILL,VA,Mecklenburg,117,2019Q3,20190806,82,0.0,0.0,0.0,154.5,28.75,125.75,9.75,9.75,0.0,0.0,0.0,0.0,84.75,84.75,0.0,196.75,196.75,0.0,0.0,0.0,0.0,0.0,0.0,0.0,
495177,COMMUNITY MEMORIAL HOSPITAL HUNDLEY CENTER,SOUTH HILL,VA,Mecklenburg,117,2019Q3,20190807,83,0.0,0.0,0.0,126.75,25.75,101.0,10.5,10.5,0.0,0.0,0.0,0.0,127.5,127.5,0.0,202.75,195.5,7.25,0.0,0.0,0.0,0.0,0.0,0.0,
495177,COMMUNITY MEMORIAL HOSPITAL HUNDLEY CENTER,SOUTH HILL,VA,Mecklenburg,117,2019Q3,20190808,85,0.0,0.0,0.0,132.75,27.0,105.75,0.0,0.0,0.0,0.0,0.0,0.0,130.25,130.25,0.0,188.18,179.93,8.25,0.0,0.0,0.0,0.0,0.0,0.0,
495177,COMMUNITY MEMORIAL HOSPITAL HUNDLEY CENTER,SOUTH HILL,VA,Mecklenburg,117,2019Q3,20190809,87,0.0,0.0,0.0,126.75,25.75,101.0,0.0,0.0,0.0,0.0,0.0,0.0,112.5,112.5,0.0,172.75,156.25,16.5,0.0,0.0,0.0,0.0,0.0,0.0,
495177,COMMUNITY MEMORIAL HOSPITAL HUNDLEY CENTER,SOUTH HILL,VA,Mecklenburg,117,2019Q3,20190810,87,0.0,0.0,0.0,64.5,12.25,52.25,0.0,0.0,0.0,0.0,0.0,0.0,102.0,102.0,0.0,144.5,144.5,0.0,0.0,0.0,0.0,0.0,0.0,0.0,
495177,COMMUNITY MEMORIAL HOSPITAL HUNDLEY CENTER,SOUTH HILL,VA,Mecklenburg,117,2019Q3,20190811,87,0.0,0.0,0.0,75.72,19.72,56.0,0.0,0.0,0.0,0.0,0.0,0.0,91.5,91.5,0.0,150.25,150.25,0.0,0.0,0.0,0.0,0.0,0.0,0.0,
495177,COMMUNITY MEMORIAL HOSPITAL HUNDLEY CENTER,SOUTH HILL,VA,Mecklenburg,117,2019Q3,20190812,86,0.0,0.0,0.0,104.0,26.75,77.25,9.5,9.5,0.0,0.0,0.0,0.0,128.5,128.5,0.0,176.0,176.0,0.0,0.0,0.0,0.0,0.0,0.0,0.0,
495177,COMMUNITY MEMORIAL HOSPITAL HUNDLEY CENTER,SOUTH HILL,VA,Mecklenburg,117,2019Q3,20190813,88,0.0,0.0,0.0,126.75,26.0,100.75,9.5,9.5,0.0,0.0,0.0,0.0,114.25,114.25,0.0,200.28,200.28,0.0,0.0,0.0,0.0,0.0,0.0,0.0,
495177,COMMUNITY MEMORIAL HOSPITAL HUNDLEY CENTER,SOUTH HILL,VA,Mecklenburg,117,2019Q3,20190814,88,0.0,0.0,0.0,114.75,24.75,90.0,10.0,10.0,0.0,0.0,0.0,0.0,115.5,115.5,0.0,198.6,198.6,0.0,0.0,0.0,0.0,0.0,0.0,0.0,
495177,COMMUNITY MEMORIAL HOSPITAL HUNDLEY CENTER,SOUTH HILL,VA,Mecklenburg,117,2019Q3,20190815,89,0.0,0.0,0.0,135.13,26.5,108.63,10.0,10.0,0.0,0.0,0.0,0.0,103.75,103.75,0.0,201.03,192.78,8.25,0.0,0.0,0.0,0.0,0.0,0.0,
495177,COMMUNITY MEMORIAL HOSPITAL HUNDLEY CENTER,SOUTH HILL,VA,Mecklenburg,117,2019Q3,20190816,91,0.0,0.0,0.0,101.5,31.5,70.0,9.75,9.75,0.0,0.0,0.0,0.0,133.5,133.5,0.0,193.52,180.27,13.25,0.0,0.0,0.0,0.0,0.0,0.0,
495177,COMMUNITY MEMORIAL HOSPITAL HUNDLEY CENTER,SOUTH HILL,VA,Mecklenburg,117,2019Q3,20190817,91,0.0,0.0,0.0,55.0,12.75,42.25,0.0,0.0,0.0,0.0,0.0,0.0,118.75,118.75,0.0,147.5,139.25,8.25,0.0,0.0,0.0,0.0,0.0,0.0,
495177,COMMUNITY MEMORIAL HOSPITAL HUNDLEY CENTER,SOUTH HILL,VA,Mecklenburg,117,2019Q3,20190818,91,0.0,0.0,0.0,63.5,12.75,50.75,0.0,0.0,0.0,0.0,0.0,0.0,99.0,99.0,0.0,131.25,131.25,0.0,0.0,0.0,0.0,0.0,0.0,0.0,
495177,COMMUNITY MEMORIAL HOSPITAL HUNDLEY CENTER,SOUTH HILL,VA,Mecklenburg,117,2019Q3,20190819,92,0.0,0.0,0.0,155.0,39.0,116.0,11.75,11.75,0.0,0.0,0.0,0.0,119.5,119.5,0.0,169.25,169.25,0.0,0.0,0.0,0.0,0.0,0.0,0.0,
495177,COMMUNITY MEMORIAL HOSPITAL HUNDLEY CENTER,SOUTH HILL,VA,Mecklenburg,117,2019Q3,20190820,91,0.0,0.0,0.0,128.75,34.0,94.75,11.25,11.25,0.0,0.0,0.0,0.0,128.0,128.0,0.0,201.75,201.75,0.0,0.0,0.0,0.0,0.0,0.0,0.0,
495177,COMMUNITY MEMORIAL HOSPITAL HUNDLEY CENTER,SOUTH HILL,VA,Mecklenburg,117,2019Q3,20190821,90,0.0,0.0,0.0,114.25,29.75,84.5,10.25,10.25,0.0,0.0,0.0,0.0,129.0,129.0,0.0,184.75,184.75,0.0,0.0,0.0,0.0,0.0,0.0,0.0,
495177,COMMUNITY MEMORIAL HOSPITAL HUNDLEY CENTER,SOUTH HILL,VA,Mecklenburg,117,2019Q3,20190822,89,0.0,0.0,0.0,132.5,26.5,106.0,10.25,10.25,0.0,0.0,0.0,0.0,116.5,116.5,0.0,164.5,164.5,0.0,0.0,0.0,0.0,0.0,0.0,0.0,
495177,COMMUNITY MEMORIAL HOSPITAL HUNDLEY CENTER,SOUTH HILL,VA,Mecklenburg,117,2019Q3,20190823,87,0.0,0.0,0.0,144.75,26.25,118.5,8.75,8.75,0.0,0.0,0.0,0.0,67.25,67.25,0.0,168.5,168.5,0.0,0.0,0.0,0.0,0.0,0.0,0.0,
495177,COMMUNITY MEMORIAL HOSPITAL HUNDLEY CENTER,SOUTH HILL,VA,Mecklenburg,117,2019Q3,20190824,88,0.0,0.0,0.0,58.0,9.25,48.75,0.0,0.0,0.0,0.0,0.0,0.0,100.25,100.25,0.0,155.55,155.55,0.0,0.0,0.0,0.0,0.0,0.0,0.0,
495177,COMMUNITY MEMORIAL HOSPITAL HUNDLEY CENTER,SOUTH HILL,VA,Mecklenburg,117,2019Q3,20190825,88,0.0,0.0,0.0,75.25,18.5,56.75,0.0,0.0,0.0,0.0,0.0,0.0,92.25,92.25,0.0,160.25,160.25,0.0,0.0,0.0,0.0,0.0,0.0,0.0,
495177,COMMUNITY MEMORIAL HOSPITAL HUNDLEY CENTER,SOUTH HILL,VA,Mecklenburg,117,2019Q3,20190826,87,0.0,0.0,0.0,125.63,40.63,85.0,9.25,9.25,0.0,0.0,0.0,0.0,111.69,111.69,0.0,180.85,172.6,8.25,0.0,0.0,0.0,0.0,0.0,0.0,
495177,COMMUNITY MEMORIAL HOSPITAL HUNDLEY CENTER,SOUTH HILL,VA,Mecklenburg,117,2019Q3,20190827,88,0.0,0.0,0.0,117.75,26.0,91.75,10.0,10.0,0.0,0.0,0.0,0.0,122.5,122.5,0.0,185.49,169.49,16.0,0.0,0.0,0.0,0.0,0.0,0.0,
495177,COMMUNITY MEMORIAL HOSPITAL HUNDLEY CENTER,SOUTH HILL,VA,Mecklenburg,117,2019Q3,20190828,85,0.0,0.0,0.0,138.0,31.5,106.5,10.5,10.5,0.0,0.0,0.0,0.0,100.0,100.0,0.0,197.0,197.0,0.0,0.0,0.0,0.0,0.0,0.0,0.0,
495177,COMMUNITY MEMORIAL HOSPITAL HUNDLEY CENTER,SOUTH HILL,VA,Mecklenburg,117,2019Q3,20190829,86,0.0,0.0,0.0,104.75,28.25,76.5,12.25,12.25,0.0,0.0,0.0,0.0,125.75,125.75,0.0,178.5,178.5,0.0,0.0,0.0,0.0,0.0,0.0,0.0,
495177,COMMUNITY MEMORIAL HOSPITAL HUNDLEY CENTER,SOUTH HILL,VA,Mecklenburg,117,2019Q3,20190830,87,0.0,0.0,0.0,115.95,29.5,86.45,11.25,11.25,0.0,0.0,0.0,0.0,94.25,94.25,0.0,201.75,201.75,0.0,0.0,0.0,0.0,0.0,0.0,0.0,
495177,COMMUNITY MEMORIAL HOSPITAL HUNDLEY CENTER,SOUTH HILL,VA,Mecklenburg,117,2019Q3,20190831,87,0.0,0.0,0.0,35.5,9.5,26.0,0.0,0.0,0.0,0.0,0.0,0.0,133.32,133.32,0.0,117.5,117.5,0.0,0.0,0.0,0.0,0.0,0.0,0.0,
495177,COMMUNITY MEMORIAL HOSPITAL HUNDLEY CENTER,SOUTH HILL,VA,Mecklenburg,117,2019Q3,20190901,86,0.0,0.0,0.0,66.5,18.0,48.5,0.0,0.0,0.0,0.0,0.0,0.0,108.0,108.0,0.0,178.0,178.0,0.0,0.0,0.0,0.0,0.0,0.0,0.0,
495177,COMMUNITY MEMORIAL HOSPITAL HUNDLEY CENTER,SOUTH HILL,VA,Mecklenburg,117,2019Q3,20190902,86,9.5,9.5,0.0,122.93,38.93,84.0,9.25,9.25,0.0,0.0,0.0,0.0,98.75,98.75,0.0,159.29,159.29,0.0,0.0,0.0,0.0,0.0,0.0,0.0,
495177,COMMUNITY MEMORIAL HOSPITAL HUNDLEY CENTER,SOUTH HILL,VA,Mecklenburg,117,2019Q3,20190903,86,9.0,9.0,0.0,114.15,30.5,83.65,10.25,10.25,0.0,0.0,0.0,0.0,119.75,119.75,0.0,182.79,182.79,0.0,0.0,0.0,0.0,0.0,0.0,0.0,
495177,COMMUNITY MEMORIAL HOSPITAL HUNDLEY CENTER,SOUTH HILL,VA,Mecklenburg,117,2019Q3,20190904,86,8.5,8.5,0.0,114.25,27.0,87.25,7.25,7.25,0.0,0.0,0.0,0.0,108.0,108.0,0.0,211.5,203.5,8.0,0.0,0.0,0.0,0.0,0.0,0.0,
495177,COMMUNITY MEMORIAL HOSPITAL HUNDLEY CENTER,SOUTH HILL,VA,Mecklenburg,117,2019Q3,20190905,85,10.0,10.0,0.0,117.0,30.0,87.0,8.25,8.25,0.0,0.0,0.0,0.0,115.5,115.5,0.0,172.02,163.77,8.25,0.0,0.0,0.0,0.0,0.0,0.0,
495177,COMMUNITY MEMORIAL HOSPITAL HUNDLEY CENTER,SOUTH HILL,VA,Mecklenburg,117,2019Q3,20190906,86,4.0,4.0,0.0,103.5,28.5,75.0,9.5,9.5,0.0,0.0,0.0,0.0,96.5,96.5,0.0,170.73,155.23,15.5,0.0,0.0,0.0,0.0,0.0,0.0,
495177,COMMUNITY MEMORIAL HOSPITAL HUNDLEY CENTER,SOUTH HILL,VA,Mecklenburg,117,2019Q3,20190907,84,0.0,0.0,0.0,69.0,12.75,56.25,0.0,0.0,0.0,0.0,0.0,0.0,110.75,110.75,0.0,156.03,156.03,0.0,0.0,0.0,0.0,0.0,0.0,0.0,
495177,COMMUNITY MEMORIAL HOSPITAL HUNDLEY CENTER,SOUTH HILL,VA,Mecklenburg,117,2019Q3,20190908,84,0.0,0.0,0.0,58.25,9.75,48.5,0.0,0.0,0.0,0.0,0.0,0.0,104.0,104.0,0.0,152.5,152.5,0.0,0.0,0.0,0.0,0.0,0.0,0.0,
495177,COMMUNITY MEMORIAL HOSPITAL HUNDLEY CENTER,SOUTH HILL,VA,Mecklenburg,117,2019Q3,20190909,85,4.8,4.8,0.0,122.0,40.0,82.0,0.5,0.5,0.0,0.0,0.0,0.0,126.25,126.25,0.0,139.25,139.25,0.0,0.0,0.0,0.0,0.0,0.0,0.0,
495177,COMMUNITY MEMORIAL HOSPITAL HUNDLEY CENTER,SOUTH HILL,VA,Mecklenburg,117,2019Q3,20190910,86,4.8,4.8,0.0,112.5,26.25,86.25,9.75,9.75,0.0,0.0,0.0,0.0,111.0,111.0,0.0,173.62,173.62,0.0,0.0,0.0,0.0,0.0,0.0,0.0,
495177,COMMUNITY MEMORIAL HOSPITAL HUNDLEY CENTER,SOUTH HILL,VA,Mecklenburg,117,2019Q3,20190911,87,4.8,4.8,0.0,87.0,28.25,58.75,10.5,10.5,0.0,0.0,0.0,0.0,124.0,124.0,0.0,231.25,231.25,0.0,0.0,0.0,0.0,0.0,0.0,0.0,
495177,COMMUNITY MEMORIAL HOSPITAL HUNDLEY CENTER,SOUTH HILL,VA,Mecklenburg,117,2019Q3,20190912,87,4.8,4.8,0.0,105.75,26.0,79.75,11.25,11.25,0.0,0.0,0.0,0.0,124.18,124.18,0.0,220.75,220.75,0.0,0.0,0.0,0.0,0.0,0.0,0.0,
495177,COMMUNITY MEMORIAL HOSPITAL HUNDLEY CENTER,SOUTH HILL,VA,Mecklenburg,117,2019Q3,20190913,90,4.8,4.8,0.0,114.3,26.75,87.55,0.0,0.0,0.0,0.0,0.0,0.0,109.5,109.5,0.0,202.75,202.75,0.0,0.0,0.0,0.0,0.0,0.0,0.0,
495177,COMMUNITY MEMORIAL HOSPITAL HUNDLEY CENTER,SOUTH HILL,VA,Mecklenburg,117,2019Q3,20190914,89,0.0,0.0,0.0,77.15,12.25,64.9,0.0,0.0,0.0,0.0,0.0,0.0,104.5,104.5,0.0,135.75,135.75,0.0,0.0,0.0,0.0,0.0,0.0,0.0,
495177,COMMUNITY MEMORIAL HOSPITAL HUNDLEY CENTER,SOUTH HILL,VA,Mecklenburg,117,2019Q3,20190915,89,0.0,0.0,0.0,63.0,18.0,45.0,0.0,0.0,0.0,0.0,0.0,0.0,98.65,98.65,0.0,131.75,131.75,0.0,0.0,0.0,0.0,0.0,0.0,0.0,
495177,COMMUNITY MEMORIAL HOSPITAL HUNDLEY CENTER,SOUTH HILL,VA,Mecklenburg,117,2019Q3,20190916,89,4.8,4.8,0.0,119.47,37.47,82.0,10.0,10.0,0.0,0.0,0.0,0.0,113.0,113.0,0.0,194.25,194.25,0.0,0.0,0.0,0.0,0.0,0.0,0.0,
495177,COMMUNITY MEMORIAL HOSPITAL HUNDLEY CENTER,SOUTH HILL,VA,Mecklenburg,117,2019Q3,20190917,88,4.8,4.8,0.0,135.07,26.5,108.57,10.0,10.0,0.0,0.0,0.0,0.0,107.25,107.25,0.0,186.25,186.25,0.0,0.0,0.0,0.0,0.0,0.0,0.0,
495177,COMMUNITY MEMORIAL HOSPITAL HUNDLEY CENTER,SOUTH HILL,VA,Mecklenburg,117,2019Q3,20190918,89,4.8,4.8,0.0,129.75,27.75,102.0,9.5,9.5,0.0,0.0,0.0,0.0,110.25,110.25,0.0,207.73,207.73,0.0,0.0,0.0,0.0,0.0,0.0,0.0,
495177,COMMUNITY MEMORIAL HOSPITAL HUNDLEY CENTER,SOUTH HILL,VA,Mecklenburg,117,2019Q3,20190919,90,4.8,4.8,0.0,109.5,22.75,86.75,7.75,7.75,0.0,0.0,0.0,0.0,117.5,117.5,0.0,214.92,214.92,0.0,0.0,0.0,0.0,0.0,0.0,0.0,
495177,COMMUNITY MEMORIAL HOSPITAL HUNDLEY CENTER,SOUTH HILL,VA,Mecklenburg,117,2019Q3,20190920,90,4.8,4.8,0.0,106.5,23.75,82.75,11.0,11.0,0.0,0.0,0.0,0.0,105.0,105.0,0.0,190.75,190.75,0.0,0.0,0.0,0.0,0.0,0.0,0.0,
495177,COMMUNITY MEMORIAL HOSPITAL HUNDLEY CENTER,SOUTH HILL,VA,Mecklenburg,117,2019Q3,20190921,89,0.0,0.0,0.0,76.7,0.0,76.7,0.0,0.0,0.0,0.0,0.0,0.0,116.0,116.0,0.0,172.0,172.0,0.0,0.0,0.0,0.0,0.0,0.0,0.0,
495177,COMMUNITY MEMORIAL HOSPITAL HUNDLEY CENTER,SOUTH HILL,VA,Mecklenburg,117,2019Q3,20190922,89,0.0,0.0,0.0,77.66,1.25,76.41,0.0,0.0,0.0,0.0,0.0,0.0,101.5,101.5,0.0,150.0,150.0,0.0,0.0,0.0,0.0,0.0,0.0,0.0,
495177,COMMUNITY MEMORIAL HOSPITAL HUNDLEY CENTER,SOUTH HILL,VA,Mecklenburg,117,2019Q3,20190923,88,4.8,4.8,0.0,123.0,23.5,99.5,7.5,7.5,0.0,0.0,0.0,0.0,107.0,107.0,0.0,160.25,151.5,8.75,0.0,0.0,0.0,0.0,0.0,0.0,
495177,COMMUNITY MEMORIAL HOSPITAL HUNDLEY CENTER,SOUTH HILL,VA,Mecklenburg,117,2019Q3,20190924,88,4.8,4.8,0.0,130.5,27.25,103.25,10.25,10.25,0.0,0.0,0.0,0.0,93.5,93.5,0.0,191.0,191.0,0.0,0.0,0.0,0.0,0.0,0.0,0.0,
495177,COMMUNITY MEMORIAL HOSPITAL HUNDLEY CENTER,SOUTH HILL,VA,Mecklenburg,117,2019Q3,20190925,91,4.8,4.8,0.0,109.52,16.77,92.75,9.75,9.75,0.0,0.0,0.0,0.0,108.25,108.25,0.0,207.72,199.47,8.25,0.0,0.0,0.0,0.0,0.0,0.0,
495177,COMMUNITY MEMORIAL HOSPITAL HUNDLEY CENTER,SOUTH HILL,VA,Mecklenburg,117,2019Q3,20190926,92,4.8,4.8,0.0,115.25,32.25,83.0,9.5,9.5,0.0,0.0,0.0,0.0,107.75,107.75,0.0,202.25,202.25,0.0,0.0,0.0,0.0,0.0,0.0,0.0,
495177,COMMUNITY MEMORIAL HOSPITAL HUNDLEY CENTER,SOUTH HILL,VA,Mecklenburg,117,2019Q3,20190927,92,4.8,4.8,0.0,111.8,31.55,80.25,11.25,11.25,0.0,0.0,0.0,0.0,101.5,101.5,0.0,180.0,180.0,0.0,0.0,0.0,0.0,0.0,0.0,0.0,
495177,COMMUNITY MEMORIAL HOSPITAL HUNDLEY CENTER,SOUTH HILL,VA,Mecklenburg,117,2019Q3,20190928,92,0.0,0.0,0.0,63.75,9.5,54.25,0.0,0.0,0.0,0.0,0.0,0.0,116.25,116.25,0.0,137.0,137.0,0.0,0.0,0.0,0.0,0.0,0.0,0.0,
495177,COMMUNITY MEMORIAL HOSPITAL HUNDLEY CENTER,SOUTH HILL,VA,Mecklenburg,117,2019Q3,20190929,91,0.0,0.0,0.0,90.0,12.25,77.75,3.5,3.5,0.0,0.0,0.0,0.0,88.0,88.0,0.0,149.25,149.25,0.0,0.0,0.0,0.0,0.0,0.0,0.0,
495177,COMMUNITY MEMORIAL HOSPITAL HUNDLEY CENTER,SOUTH HILL,VA,Mecklenburg,117,2019Q3,20190930,91,0.0,0.0,0.0,139.25,38.75,100.5,11.25,11.25,0.0,0.0,0.0,0.0,93.75,93.75,0.0,156.75,156.75,0.0,0.0,0.0,0.0,0.0,0.0,0.0,
495177,COMMUNITY MEMORIAL HOSPITAL HUNDLEY CENTER,SOUTH HILL,VA,Mecklenburg,117,2019Q4,20191001,86,8.0,8.0,0.0,98.45,18.5,79.95,11.5,11.5,0.0,0.0,0.0,0.0,134.0,134.0,0.0,236.47,236.47,0.0,0.0,0.0,0.0,0.0,0.0,0.0,
495177,COMMUNITY MEMORIAL HOSPITAL HUNDLEY CENTER,SOUTH HILL,VA,Mecklenburg,117,2019Q4,20191002,88,8.0,8.0,0.0,120.25,28.5,91.75,10.0,10.0,0.0,0.0,0.0,0.0,111.25,111.25,0.0,212.02,203.52,8.5,0.0,0.0,0.0,0.0,0.0,0.0,
495177,COMMUNITY MEMORIAL HOSPITAL HUNDLEY CENTER,SOUTH HILL,VA,Mecklenburg,117,2019Q4,20191003,90,8.0,8.0,0.0,110.0,28.25,81.75,9.25,9.25,0.0,0.0,0.0,0.0,127.5,127.5,0.0,229.25,217.75,11.5,0.0,0.0,0.0,0.0,0.0,0.0,
495177,COMMUNITY MEMORIAL HOSPITAL HUNDLEY CENTER,SOUTH HILL,VA,Mecklenburg,117,2019Q4,20191004,92,0.0,0.0,0.0,103.0,26.5,76.5,7.25,7.25,0.0,0.0,0.0,0.0,132.0,132.0,0.0,198.8,187.3,11.5,0.0,0.0,0.0,0.0,0.0,0.0,
495177,COMMUNITY MEMORIAL HOSPITAL HUNDLEY CENTER,SOUTH HILL,VA,Mecklenburg,117,2019Q4,20191005,92,0.0,0.0,0.0,84.0,13.5,70.5,0.0,0.0,0.0,0.0,0.0,0.0,94.5,94.5,0.0,169.0,169.0,0.0,0.0,0.0,0.0,0.0,0.0,0.0,
495177,COMMUNITY MEMORIAL HOSPITAL HUNDLEY CENTER,SOUTH HILL,VA,Mecklenburg,117,2019Q4,20191006,91,0.0,0.0,0.0,67.75,12.25,55.5,0.0,0.0,0.0,0.0,0.0,0.0,101.57,101.57,0.0,171.5,171.5,0.0,0.0,0.0,0.0,0.0,0.0,0.0,
495177,COMMUNITY MEMORIAL HOSPITAL HUNDLEY CENTER,SOUTH HILL,VA,Mecklenburg,117,2019Q4,20191007,89,8.0,8.0,0.0,111.93,40.93,71.0,11.5,11.5,0.0,0.0,0.0,0.0,125.0,125.0,0.0,187.47,187.47,0.0,0.0,0.0,0.0,0.0,0.0,0.0,
495177,COMMUNITY MEMORIAL HOSPITAL HUNDLEY CENTER,SOUTH HILL,VA,Mecklenburg,117,2019Q4,20191008,90,0.0,0.0,0.0,101.63,31.5,70.13,12.25,12.25,0.0,0.0,0.0,0.0,148.5,148.5,0.0,214.68,214.68,0.0,0.0,0.0,0.0,0.0,0.0,0.0,
495177,COMMUNITY MEMORIAL HOSPITAL HUNDLEY CENTER,SOUTH HILL,VA,Mecklenburg,117,2019Q4,20191009,87,8.0,8.0,0.0,75.0,24.75,50.25,9.5,9.5,0.0,0.0,0.0,0.0,124.0,124.0,0.0,217.71,217.71,0.0,0.0,0.0,0.0,0.0,0.0,0.0,
495177,COMMUNITY MEMORIAL HOSPITAL HUNDLEY CENTER,SOUTH HILL,VA,Mecklenburg,117,2019Q4,20191010,85,0.0,0.0,0.0,89.65,17.4,72.25,9.5,9.5,0.0,0.0,0.0,0.0,112.25,112.25,0.0,198.5,187.0,11.5,0.0,0.0,0.0,0.0,0.0,0.0,
495177,COMMUNITY MEMORIAL HOSPITAL HUNDLEY CENTER,SOUTH HILL,VA,Mecklenburg,117,2019Q4,20191011,85,8.0,8.0,0.0,67.5,25.25,42.25,10.25,10.25,0.0,0.0,0.0,0.0,118.5,118.5,0.0,214.5,202.25,12.25,0.0,0.0,0.0,0.0,0.0,0.0,
495177,COMMUNITY MEMORIAL HOSPITAL HUNDLEY CENTER,SOUTH HILL,VA,Mecklenburg,117,2019Q4,20191012,83,0.0,0.0,0.0,72.03,16.78,55.25,0.0,0.0,0.0,0.0,0.0,0.0,98.0,98.0,0.0,169.25,157.5,11.75,0.0,0.0,0.0,0.0,0.0,0.0,
495177,COMMUNITY MEMORIAL HOSPITAL HUNDLEY CENTER,SOUTH HILL,VA,Mecklenburg,117,2019Q4,20191013,83,0.0,0.0,0.0,67.25,18.0,49.25,0.0,0.0,0.0,0.0,0.0,0.0,110.75,110.75,0.0,185.75,173.75,12.0,0.0,0.0,0.0,0.0,0.0,0.0,
495177,COMMUNITY MEMORIAL HOSPITAL HUNDLEY CENTER,SOUTH HILL,VA,Mecklenburg,117,2019Q4,20191014,83,8.0,8.0,0.0,144.75,39.25,105.5,10.5,10.5,0.0,0.0,0.0,0.0,92.25,92.25,0.0,190.52,190.52,0.0,0.0,0.0,0.0,0.0,0.0,0.0,
495177,COMMUNITY MEMORIAL HOSPITAL HUNDLEY CENTER,SOUTH HILL,VA,Mecklenburg,117,2019Q4,20191015,83,8.0,8.0,0.0,106.75,32.25,74.5,10.75,10.75,0.0,0.0,0.0,0.0,131.0,131.0,0.0,227.07,227.07,0.0,0.0,0.0,0.0,0.0,0.0,0.0,
495177,COMMUNITY MEMORIAL HOSPITAL HUNDLEY CENTER,SOUTH HILL,VA,Mecklenburg,117,2019Q4,20191016,85,8.0,8.0,0.0,95.5,27.5,68.0,10.0,10.0,0.0,0.0,0.0,0.0,133.0,133.0,0.0,205.0,205.0,0.0,0.0,0.0,0.0,0.0,0.0,0.0,
495177,COMMUNITY MEMORIAL HOSPITAL HUNDLEY CENTER,SOUTH HILL,VA,Mecklenburg,117,2019Q4,20191017,84,0.0,0.0,0.0,119.0,23.5,95.5,10.25,10.25,0.0,0.0,0.0,0.0,77.25,77.25,0.0,235.75,235.75,0.0,0.0,0.0,0.0,0.0,0.0,0.0,
495177,COMMUNITY MEMORIAL HOSPITAL HUNDLEY CENTER,SOUTH HILL,VA,Mecklenburg,117,2019Q4,20191018,85,0.0,0.0,0.0,116.0,19.75,96.25,10.5,10.5,0.0,0.0,0.0,0.0,76.0,76.0,0.0,198.2,198.2,0.0,0.0,0.0,0.0,0.0,0.0,0.0,
495177,COMMUNITY MEMORIAL HOSPITAL HUNDLEY CENTER,SOUTH HILL,VA,Mecklenburg,117,2019Q4,20191019,85,0.0,0.0,0.0,70.0,10.25,59.75,0.0,0.0,0.0,0.0,0.0,0.0,102.25,102.25,0.0,161.77,161.77,0.0,0.0,0.0,0.0,0.0,0.0,0.0,
495177,COMMUNITY MEMORIAL HOSPITAL HUNDLEY CENTER,SOUTH HILL,VA,Mecklenburg,117,2019Q4,20191020,85,0.0,0.0,0.0,71.75,12.5,59.25,0.0,0.0,0.0,0.0,0.0,0.0,107.75,107.75,0.0,179.5,179.5,0.0,0.0,0.0,0.0,0.0,0.0,0.0,
495177,COMMUNITY MEMORIAL HOSPITAL HUNDLEY CENTER,SOUTH HILL,VA,Mecklenburg,117,2019Q4,20191021,86,8.0,8.0,0.0,130.75,42.75,88.0,11.0,11.0,0.0,0.0,0.0,0.0,109.0,109.0,0.0,204.0,191.75,12.25,0.0,0.0,0.0,0.0,0.0,0.0,
495177,COMMUNITY MEMORIAL HOSPITAL HUNDLEY CENTER,SOUTH HILL,VA,Mecklenburg,117,2019Q4,20191022,87,8.0,8.0,0.0,116.0,36.5,79.5,9.5,9.5,0.0,0.0,0.0,0.0,102.0,102.0,0.0,219.3,207.05,12.25,0.0,0.0,0.0,0.0,0.0,0.0,
495177,COMMUNITY MEMORIAL HOSPITAL HUNDLEY CENTER,SOUTH HILL,VA,Mecklenburg,117,2019Q4,20191023,89,8.0,8.0,0.0,112.75,33.25,79.5,9.75,9.75,0.0,0.0,0.0,0.0,103.75,103.75,0.0,254.75,243.0,11.75,0.0,0.0,0.0,0.0,0.0,0.0,
495177,COMMUNITY MEMORIAL HOSPITAL HUNDLEY CENTER,SOUTH HILL,VA,Mecklenburg,117,2019Q4,20191024,89,0.0,0.0,0.0,114.73,41.23,73.5,9.75,9.75,0.0,0.0,0.0,0.0,125.75,125.75,0.0,231.5,231.5,0.0,0.0,0.0,0.0,0.0,0.0,0.0,
495177,COMMUNITY MEMORIAL HOSPITAL HUNDLEY CENTER,SOUTH HILL,VA,Mecklenburg,117,2019Q4,20191025,92,0.0,0.0,0.0,97.5,37.5,60.0,10.5,10.5,0.0,0.0,0.0,0.0,102.0,102.0,0.0,190.0,190.0,0.0,0.0,0.0,0.0,0.0,0.0,0.0,
495177,COMMUNITY MEMORIAL HOSPITAL HUNDLEY CENTER,SOUTH HILL,VA,Mecklenburg,117,2019Q4,20191026,92,0.0,0.0,0.0,70.0,12.5,57.5,0.0,0.0,0.0,0.0,0.0,0.0,115.5,115.5,0.0,191.5,191.5,0.0,0.0,0.0,0.0,0.0,0.0,0.0,
495177,COMMUNITY MEMORIAL HOSPITAL HUNDLEY CENTER,SOUTH HILL,VA,Mecklenburg,117,2019Q4,20191027,91,0.0,0.0,0.0,80.25,12.5,67.75,0.0,0.0,0.0,0.0,0.0,0.0,95.25,95.25,0.0,172.75,172.75,0.0,0.0,0.0,0.0,0.0,0.0,0.0,
495177,COMMUNITY MEMORIAL HOSPITAL HUNDLEY CENTER,SOUTH HILL,VA,Mecklenburg,117,2019Q4,20191028,91,0.0,0.0,0.0,137.75,52.0,85.75,13.25,13.25,0.0,0.0,0.0,0.0,110.0,110.0,0.0,195.31,195.31,0.0,0.0,0.0,0.0,0.0,0.0,0.0,
495177,COMMUNITY MEMORIAL HOSPITAL HUNDLEY CENTER,SOUTH HILL,VA,Mecklenburg,117,2019Q4,20191029,93,0.0,0.0,0.0,108.25,31.0,77.25,8.0,8.0,0.0,0.0,0.0,0.0,126.0,126.0,0.0,240.75,240.75,0.0,0.0,0.0,0.0,0.0,0.0,0.0,
495177,COMMUNITY MEMORIAL HOSPITAL HUNDLEY CENTER,SOUTH HILL,VA,Mecklenburg,117,2019Q4,20191030,91,0.0,0.0,0.0,95.75,37.0,58.75,8.0,8.0,0.0,0.0,0.0,0.0,135.75,135.75,0.0,255.73,243.5,12.23,0.0,0.0,0.0,0.0,0.0,0.0,
495177,COMMUNITY MEMORIAL HOSPITAL HUNDLEY CENTER,SOUTH HILL,VA,Mecklenburg,117,2019Q4,20191031,92,0.0,0.0,0.0,103.0,38.0,65.0,9.25,9.25,0.0,0.0,0.0,0.0,111.0,111.0,0.0,257.75,245.0,12.75,0.0,0.0,0.0,0.0,0.0,0.0,
495177,COMMUNITY MEMORIAL HOSPITAL HUNDLEY CENTER,SOUTH HILL,VA,Mecklenburg,117,2019Q4,20191101,90,0.0,0.0,0.0,98.0,36.25,61.75,5.5,5.5,0.0,0.0,0.0,0.0,66.75,66.75,0.0,244.0,231.5,12.5,0.0,0.0,0.0,0.0,0.0,0.0,
495177,COMMUNITY MEMORIAL HOSPITAL HUNDLEY CENTER,SOUTH HILL,VA,Mecklenburg,117,2019Q4,20191102,90,24.0,24.0,0.0,89.25,12.75,76.5,0.0,0.0,0.0,0.0,0.0,0.0,88.5,88.5,0.0,164.25,152.0,12.25,0.0,0.0,0.0,0.0,0.0,0.0,
495177,COMMUNITY MEMORIAL HOSPITAL HUNDLEY CENTER,SOUTH HILL,VA,Mecklenburg,117,2019Q4,20191103,90,0.0,0.0,0.0,62.75,12.75,50.0,0.0,0.0,0.0,0.0,0.0,0.0,107.28,107.28,0.0,151.0,151.0,0.0,0.0,0.0,0.0,0.0,0.0,0.0,
495177,COMMUNITY MEMORIAL HOSPITAL HUNDLEY CENTER,SOUTH HILL,VA,Mecklenburg,117,2019Q4,20191104,90,8.0,8.0,0.0,143.75,46.75,97.0,11.75,11.75,0.0,0.0,0.0,0.0,106.75,106.75,0.0,201.0,201.0,0.0,0.0,0.0,0.0,0.0,0.0,0.0,
495177,COMMUNITY MEMORIAL HOSPITAL HUNDLEY CENTER,SOUTH HILL,VA,Mecklenburg,117,2019Q4,20191105,90,0.0,0.0,0.0,81.58,34.83,46.75,0.0,0.0,0.0,0.0,0.0,0.0,139.95,139.95,0.0,234.28,234.28,0.0,0.0,0.0,0.0,0.0,0.0,0.0,
495177,COMMUNITY MEMORIAL HOSPITAL HUNDLEY CENTER,SOUTH HILL,VA,Mecklenburg,117,2019Q4,20191106,92,8.0,8.0,0.0,120.28,36.53,83.75,10.75,10.75,0.0,0.0,0.0,0.0,128.75,128.75,0.0,215.48,215.48,0.0,0.0,0.0,0.0,0.0,0.0,0.0,
495177,COMMUNITY MEMORIAL HOSPITAL HUNDLEY CENTER,SOUTH HILL,VA,Mecklenburg,117,2019Q4,20191107,90,0.0,0.0,0.0,95.27,34.77,60.5,9.0,9.0,0.0,0.0,0.0,0.0,134.75,134.75,0.0,240.5,228.25,12.25,0.0,0.0,0.0,0.0,0.0,0.0,
495177,COMMUNITY MEMORIAL HOSPITAL HUNDLEY CENTER,SOUTH HILL,VA,Mecklenburg,117,2019Q4,20191108,90,8.0,8.0,0.0,94.0,37.0,57.0,11.0,11.0,0.0,0.0,0.0,0.0,128.75,128.75,0.0,239.02,226.77,12.25,0.0,0.0,0.0,0.0,0.0,0.0,
495177,COMMUNITY MEMORIAL HOSPITAL HUNDLEY CENTER,SOUTH HILL,VA,Mecklenburg,117,2019Q4,20191109,90,0.0,0.0,0.0,90.0,8.5,81.5,0.0,0.0,0.0,0.0,0.0,0.0,116.75,116.75,0.0,187.0,187.0,0.0,0.0,0.0,0.0,0.0,0.0,0.0,
495177,COMMUNITY MEMORIAL HOSPITAL HUNDLEY CENTER,SOUTH HILL,VA,Mecklenburg,117,2019Q4,20191110,90,0.0,0.0,0.0,102.0,8.75,93.25,0.0,0.0,0.0,0.0,0.0,0.0,101.5,101.5,0.0,189.5,189.5,0.0,0.0,0.0,0.0,0.0,0.0,0.0,
495177,COMMUNITY MEMORIAL HOSPITAL HUNDLEY CENTER,SOUTH HILL,VA,Mecklenburg,117,2019Q4,20191111,93,8.0,8.0,0.0,129.75,43.25,86.5,0.0,0.0,0.0,0.0,0.0,0.0,95.0,95.0,0.0,201.54,201.54,0.0,0.0,0.0,0.0,0.0,0.0,0.0,
495177,COMMUNITY MEMORIAL HOSPITAL HUNDLEY CENTER,SOUTH HILL,VA,Mecklenburg,117,2019Q4,20191112,94,0.0,0.0,0.0,123.47,35.97,87.5,10.25,10.25,0.0,0.0,0.0,0.0,60.75,60.75,0.0,213.25,213.25,0.0,0.0,0.0,0.0,0.0,0.0,0.0,
495177,COMMUNITY MEMORIAL HOSPITAL HUNDLEY CENTER,SOUTH HILL,VA,Mecklenburg,117,2019Q4,20191113,93,8.0,8.0,0.0,112.25,33.25,79.0,11.25,11.25,0.0,0.0,0.0,0.0,109.0,109.0,0.0,226.75,226.75,0.0,0.0,0.0,0.0,0.0,0.0,0.0,
495177,COMMUNITY MEMORIAL HOSPITAL HUNDLEY CENTER,SOUTH HILL,VA,Mecklenburg,117,2019Q4,20191114,92,0.0,0.0,0.0,103.5,26.5,77.0,9.75,9.75,0.0,0.0,0.0,0.0,102.0,102.0,0.0,202.02,202.02,0.0,0.0,0.0,0.0,0.0,0.0,0.0,
495177,COMMUNITY MEMORIAL HOSPITAL HUNDLEY CENTER,SOUTH HILL,VA,Mecklenburg,117,2019Q4,20191115,96,8.0,8.0,0.0,127.0,28.5,98.5,10.5,10.5,0.0,0.0,0.0,0.0,77.0,77.0,0.0,190.25,190.25,0.0,0.0,0.0,0.0,0.0,0.0,0.0,
495177,COMMUNITY MEMORIAL HOSPITAL HUNDLEY CENTER,SOUTH HILL,VA,Mecklenburg,117,2019Q4,20191116,93,0.0,0.0,0.0,64.25,0.0,64.25,0.0,0.0,0.0,0.0,0.0,0.0,105.75,105.75,0.0,172.0,172.0,0.0,0.0,0.0,0.0,0.0,0.0,0.0,
495177,COMMUNITY MEMORIAL HOSPITAL HUNDLEY CENTER,SOUTH HILL,VA,Mecklenburg,117,2019Q4,20191117,92,0.0,0.0,0.0,74.75,0.0,74.75,0.0,0.0,0.0,0.0,0.0,0.0,110.75,110.75,0.0,189.0,189.0,0.0,0.0,0.0,0.0,0.0,0.0,0.0,
495177,COMMUNITY MEMORIAL HOSPITAL HUNDLEY CENTER,SOUTH HILL,VA,Mecklenburg,117,2019Q4,20191118,93,8.0,8.0,0.0,126.78,32.78,94.0,10.0,10.0,0.0,0.0,0.0,0.0,81.5,81.5,0.0,182.25,170.0,12.25,0.0,0.0,0.0,0.0,0.0,0.0,
495177,COMMUNITY MEMORIAL HOSPITAL HUNDLEY CENTER,SOUTH HILL,VA,Mecklenburg,117,2019Q4,20191119,94,0.0,0.0,0.0,133.17,36.42,96.75,8.75,8.75,0.0,0.0,0.0,0.0,108.75,108.75,0.0,222.0,209.75,12.25,0.0,0.0,0.0,0.0,0.0,0.0,
495177,COMMUNITY MEMORIAL HOSPITAL HUNDLEY CENTER,SOUTH HILL,VA,Mecklenburg,117,2019Q4,20191120,93,8.0,8.0,0.0,122.03,34.78,87.25,7.75,7.75,0.0,0.0,0.0,0.0,110.75,110.75,0.0,227.53,215.28,12.25,0.0,0.0,0.0,0.0,0.0,0.0,
495177,COMMUNITY MEMORIAL HOSPITAL HUNDLEY CENTER,SOUTH HILL,VA,Mecklenburg,117,2019Q4,20191121,94,0.0,0.0,0.0,103.5,31.0,72.5,0.0,0.0,0.0,0.0,0.0,0.0,130.5,130.5,0.0,199.25,199.25,0.0,0.0,0.0,0.0,0.0,0.0,0.0,
495177,COMMUNITY MEMORIAL HOSPITAL HUNDLEY CENTER,SOUTH HILL,VA,Mecklenburg,117,2019Q4,20191122,95,8.0,8.0,0.0,109.2,34.45,74.75,8.25,8.25,0.0,0.0,0.0,0.0,114.0,114.0,0.0,204.49,204.49,0.0,0.0,0.0,0.0,0.0,0.0,0.0,
495177,COMMUNITY MEMORIAL HOSPITAL HUNDLEY CENTER,SOUTH HILL,VA,Mecklenburg,117,2019Q4,20191123,94,0.0,0.0,0.0,85.5,0.0,85.5,0.0,0.0,0.0,0.0,0.0,0.0,82.75,82.75,0.0,166.75,166.75,0.0,0.0,0.0,0.0,0.0,0.0,0.0,
495177,COMMUNITY MEMORIAL HOSPITAL HUNDLEY CENTER,SOUTH HILL,VA,Mecklenburg,117,2019Q4,20191124,94,0.0,0.0,0.0,89.5,0.75,88.75,8.0,8.0,0.0,0.0,0.0,0.0,83.5,83.5,0.0,159.5,159.5,0.0,0.0,0.0,0.0,0.0,0.0,0.0,
495177,COMMUNITY MEMORIAL HOSPITAL HUNDLEY CENTER,SOUTH HILL,VA,Mecklenburg,117,2019Q4,20191125,95,8.0,8.0,0.0,81.0,29.0,52.0,11.0,11.0,0.0,0.0,0.0,0.0,130.75,130.75,0.0,250.85,250.85,0.0,0.0,0.0,0.0,0.0,0.0,0.0,
495177,COMMUNITY MEMORIAL HOSPITAL HUNDLEY CENTER,SOUTH HILL,VA,Mecklenburg,117,2019Q4,20191126,94,0.0,0.0,0.0,122.7,34.95,87.75,11.75,11.75,0.0,0.0,0.0,0.0,86.75,86.75,0.0,223.72,223.72,0.0,0.0,0.0,0.0,0.0,0.0,0.0,
495177,COMMUNITY MEMORIAL HOSPITAL HUNDLEY CENTER,SOUTH HILL,VA,Mecklenburg,117,2019Q4,20191127,93,8.0,8.0,0.0,139.6,32.88,106.72,6.0,6.0,0.0,0.0,0.0,0.0,45.75,45.75,0.0,245.32,233.07,12.25,0.0,0.0,0.0,0.0,0.0,0.0,
495177,COMMUNITY MEMORIAL HOSPITAL HUNDLEY CENTER,SOUTH HILL,VA,Mecklenburg,117,2019Q4,20191128,91,0.0,0.0,0.0,122.5,21.75,100.75,0.0,0.0,0.0,0.0,0.0,0.0,45.25,45.25,0.0,197.75,184.75,13.0,0.0,0.0,0.0,0.0,0.0,0.0,
495177,COMMUNITY MEMORIAL HOSPITAL HUNDLEY CENTER,SOUTH HILL,VA,Mecklenburg,117,2019Q4,20191129,92,8.0,8.0,0.0,101.25,16.25,85.0,0.0,0.0,0.0,0.0,0.0,0.0,46.75,46.75,0.0,209.5,197.0,12.5,0.0,0.0,0.0,0.0,0.0,0.0,
495177,COMMUNITY MEMORIAL HOSPITAL HUNDLEY CENTER,SOUTH HILL,VA,Mecklenburg,117,2019Q4,20191130,92,0.0,0.0,0.0,68.0,17.75,50.25,0.0,0.0,0.0,0.0,0.0,0.0,114.0,114.0,0.0,193.75,193.75,0.0,0.0,0.0,0.0,0.0,0.0,0.0,
495177,COMMUNITY MEMORIAL HOSPITAL HUNDLEY CENTER,SOUTH HILL,VA,Mecklenburg,117,2019Q4,20191201,92,0.0,0.0,0.0,47.0,9.5,37.5,0.0,0.0,0.0,0.0,0.0,0.0,100.75,100.75,0.0,201.25,201.25,0.0,0.0,0.0,0.0,0.0,0.0,0.0,
495177,COMMUNITY MEMORIAL HOSPITAL HUNDLEY CENTER,SOUTH HILL,VA,Mecklenburg,117,2019Q4,20191202,92,4.8,4.8,0.0,132.07,46.07,86.0,1.25,1.25,0.0,0.0,0.0,0.0,113.0,113.0,0.0,219.0,219.0,0.0,0.0,0.0,0.0,0.0,0.0,0.0,
495177,COMMUNITY MEMORIAL HOSPITAL HUNDLEY CENTER,SOUTH HILL,VA,Mecklenburg,117,2019Q4,20191203,92,4.8,4.8,0.0,134.82,35.07,99.75,0.0,0.0,0.0,0.0,0.0,0.0,121.5,121.5,0.0,233.87,233.87,0.0,0.0,0.0,0.0,0.0,0.0,0.0,
495177,COMMUNITY MEMORIAL HOSPITAL HUNDLEY CENTER,SOUTH HILL,VA,Mecklenburg,117,2019Q4,20191204,91,4.8,4.8,0.0,104.48,35.73,68.75,9.25,9.25,0.0,0.0,0.0,0.0,131.5,131.5,0.0,226.25,226.25,0.0,0.0,0.0,0.0,0.0,0.0,0.0,
495177,COMMUNITY MEMORIAL HOSPITAL HUNDLEY CENTER,SOUTH HILL,VA,Mecklenburg,117,2019Q4,20191205,91,4.8,4.8,0.0,108.5,27.75,80.75,10.5,10.5,0.0,0.0,0.0,0.0,92.75,92.75,0.0,204.75,192.5,12.25,0.0,0.0,0.0,0.0,0.0,0.0,
495177,COMMUNITY MEMORIAL HOSPITAL HUNDLEY CENTER,SOUTH HILL,VA,Mecklenburg,117,2019Q4,20191206,89,4.8,4.8,0.0,102.83,34.83,68.0,10.5,10.5,0.0,0.0,0.0,0.0,102.03,102.03,0.0,254.75,241.75,13.0,0.0,0.0,0.0,0.0,0.0,0.0,
495177,COMMUNITY MEMORIAL HOSPITAL HUNDLEY CENTER,SOUTH HILL,VA,Mecklenburg,117,2019Q4,20191207,88,0.0,0.0,0.0,95.18,10.68,84.5,0.0,0.0,0.0,0.0,0.0,0.0,75.25,75.25,0.0,161.51,148.01,13.5,0.0,0.0,0.0,0.0,0.0,0.0,
495177,COMMUNITY MEMORIAL HOSPITAL HUNDLEY CENTER,SOUTH HILL,VA,Mecklenburg,117,2019Q4,20191208,88,0.0,0.0,0.0,92.0,8.75,83.25,4.0,4.0,0.0,0.0,0.0,0.0,76.25,76.25,0.0,160.5,152.5,8.0,0.0,0.0,0.0,0.0,0.0,0.0,
495177,COMMUNITY MEMORIAL HOSPITAL HUNDLEY CENTER,SOUTH HILL,VA,Mecklenburg,117,2019Q4,20191209,89,4.8,4.8,0.0,110.77,45.77,65.0,10.25,10.25,0.0,0.0,0.0,0.0,124.17,124.17,0.0,226.93,226.93,0.0,0.0,0.0,0.0,0.0,0.0,0.0,
495177,COMMUNITY MEMORIAL HOSPITAL HUNDLEY CENTER,SOUTH HILL,VA,Mecklenburg,117,2019Q4,20191210,88,4.8,4.8,0.0,106.0,34.25,71.75,8.75,8.75,0.0,0.0,0.0,0.0,140.5,140.5,0.0,247.06,247.06,0.0,0.0,0.0,0.0,0.0,0.0,0.0,
495177,COMMUNITY MEMORIAL HOSPITAL HUNDLEY CENTER,SOUTH HILL,VA,Mecklenburg,117,2019Q4,20191211,88,4.8,4.8,0.0,84.5,34.25,50.25,7.25,7.25,0.0,0.0,0.0,0.0,123.5,123.5,0.0,243.72,243.72,0.0,0.0,0.0,0.0,0.0,0.0,0.0,
495177,COMMUNITY MEMORIAL HOSPITAL HUNDLEY CENTER,SOUTH HILL,VA,Mecklenburg,117,2019Q4,20191212,86,4.8,4.8,0.0,124.97,30.97,94.0,10.25,10.25,0.0,0.0,0.0,0.0,92.0,92.0,0.0,220.0,220.0,0.0,0.0,0.0,0.0,0.0,0.0,0.0,
495177,COMMUNITY MEMORIAL HOSPITAL HUNDLEY CENTER,SOUTH HILL,VA,Mecklenburg,117,2019Q4,20191213,88,4.8,4.8,0.0,139.17,26.17,113.0,5.25,5.25,0.0,0.0,0.0,0.0,41.25,41.25,0.0,202.0,202.0,0.0,0.0,0.0,0.0,0.0,0.0,0.0,
495177,COMMUNITY MEMORIAL HOSPITAL HUNDLEY CENTER,SOUTH HILL,VA,Mecklenburg,117,2019Q4,20191214,87,0.0,0.0,0.0,53.72,9.97,43.75,0.0,0.0,0.0,0.0,0.0,0.0,133.08,133.08,0.0,166.28,166.28,0.0,0.0,0.0,0.0,0.0,0.0,0.0,
495177,COMMUNITY MEMORIAL HOSPITAL HUNDLEY CENTER,SOUTH HILL,VA,Mecklenburg,117,2019Q4,20191215,87,0.0,0.0,0.0,59.75,8.5,51.25,0.0,0.0,0.0,0.0,0.0,0.0,108.75,108.75,0.0,182.25,182.25,0.0,0.0,0.0,0.0,0.0,0.0,0.0,
495177,COMMUNITY MEMORIAL HOSPITAL HUNDLEY CENTER,SOUTH HILL,VA,Mecklenburg,117,2019Q4,20191216,88,4.8,4.8,0.0,130.0,42.75,87.25,0.0,0.0,0.0,0.0,0.0,0.0,93.5,93.5,0.0,196.18,196.18,0.0,0.0,0.0,0.0,0.0,0.0,0.0,
495177,COMMUNITY MEMORIAL HOSPITAL HUNDLEY CENTER,SOUTH HILL,VA,Mecklenburg,117,2019Q4,20191217,87,4.8,4.8,0.0,125.75,36.5,89.25,8.5,8.5,0.0,0.0,0.0,0.0,99.0,99.0,0.0,239.3,227.3,12.0,0.0,0.0,0.0,0.0,0.0,0.0,
495177,COMMUNITY MEMORIAL HOSPITAL HUNDLEY CENTER,SOUTH HILL,VA,Mecklenburg,117,2019Q4,20191218,87,4.8,4.8,0.0,129.5,35.5,94.0,9.75,9.75,0.0,0.0,0.0,0.0,120.5,120.5,0.0,257.25,245.0,12.25,0.0,0.0,0.0,0.0,0.0,0.0,
495177,COMMUNITY MEMORIAL HOSPITAL HUNDLEY CENTER,SOUTH HILL,VA,Mecklenburg,117,2019Q4,20191219,86,4.8,4.8,0.0,146.5,34.75,111.75,9.75,9.75,0.0,0.0,0.0,0.0,108.78,108.78,0.0,247.25,247.25,0.0,0.0,0.0,0.0,0.0,0.0,0.0,
495177,COMMUNITY MEMORIAL HOSPITAL HUNDLEY CENTER,SOUTH HILL,VA,Mecklenburg,117,2019Q4,20191220,86,4.8,4.8,0.0,116.0,36.25,79.75,9.0,9.0,0.0,0.0,0.0,0.0,115.75,115.75,0.0,235.0,235.0,0.0,0.0,0.0,0.0,0.0,0.0,0.0,
495177,COMMUNITY MEMORIAL HOSPITAL HUNDLEY CENTER,SOUTH HILL,VA,Mecklenburg,117,2019Q4,20191221,87,0.0,0.0,0.0,93.0,2.0,91.0,0.0,0.0,0.0,0.0,0.0,0.0,84.25,84.25,0.0,170.0,170.0,0.0,0.0,0.0,0.0,0.0,0.0,0.0,
495177,COMMUNITY MEMORIAL HOSPITAL HUNDLEY CENTER,SOUTH HILL,VA,Mecklenburg,117,2019Q4,20191222,86,0.0,0.0,0.0,80.0,0.0,80.0,0.0,0.0,0.0,0.0,0.0,0.0,83.25,83.25,0.0,155.5,155.5,0.0,0.0,0.0,0.0,0.0,0.0,0.0,
495177,COMMUNITY MEMORIAL HOSPITAL HUNDLEY CENTER,SOUTH HILL,VA,Mecklenburg,117,2019Q4,20191223,88,4.8,4.8,0.0,114.75,32.25,82.5,5.75,5.75,0.0,0.0,0.0,0.0,110.5,110.5,0.0,251.0,251.0,0.0,0.0,0.0,0.0,0.0,0.0,0.0,
495177,COMMUNITY MEMORIAL HOSPITAL HUNDLEY CENTER,SOUTH HILL,VA,Mecklenburg,117,2019Q4,20191224,89,4.8,4.8,0.0,90.0,15.0,75.0,4.75,4.75,0.0,0.0,0.0,0.0,91.0,91.0,0.0,177.25,177.25,0.0,0.0,0.0,0.0,0.0,0.0,0.0,
495177,COMMUNITY MEMORIAL HOSPITAL HUNDLEY CENTER,SOUTH HILL,VA,Mecklenburg,117,2019Q4,20191225,89,4.8,4.8,0.0,104.0,22.0,82.0,0.0,0.0,0.0,0.0,0.0,0.0,94.78,94.78,0.0,144.32,136.07,8.25,0.0,0.0,0.0,0.0,0.0,0.0,
495177,COMMUNITY MEMORIAL HOSPITAL HUNDLEY CENTER,SOUTH HILL,VA,Mecklenburg,117,2019Q4,20191226,89,4.8,4.8,0.0,98.0,16.75,81.25,9.0,9.0,0.0,0.0,0.0,0.0,109.5,109.5,0.0,197.0,185.25,11.75,0.0,0.0,0.0,0.0,0.0,0.0,
495177,COMMUNITY MEMORIAL HOSPITAL HUNDLEY CENTER,SOUTH HILL,VA,Mecklenburg,117,2019Q4,20191227,89,4.8,4.8,0.0,127.25,20.5,106.75,10.25,10.25,0.0,0.0,0.0,0.0,75.25,75.25,0.0,198.47,185.97,12.5,0.0,0.0,0.0,0.0,0.0,0.0,
495177,COMMUNITY MEMORIAL HOSPITAL HUNDLEY CENTER,SOUTH HILL,VA,Mecklenburg,117,2019Q4,20191228,88,0.0,0.0,0.0,50.25,8.25,42.0,0.0,0.0,0.0,0.0,0.0,0.0,128.58,128.58,0.0,154.0,154.0,0.0,0.0,0.0,0.0,0.0,0.0,0.0,
495177,COMMUNITY MEMORIAL HOSPITAL HUNDLEY CENTER,SOUTH HILL,VA,Mecklenburg,117,2019Q4,20191229,87,0.0,0.0,0.0,60.75,8.25,52.5,0.0,0.0,0.0,0.0,0.0,0.0,129.0,129.0,0.0,172.75,172.75,0.0,0.0,0.0,0.0,0.0,0.0,0.0,
495177,COMMUNITY MEMORIAL HOSPITAL HUNDLEY CENTER,SOUTH HILL,VA,Mecklenburg,117,2019Q4,20191230,88,0.0,0.0,0.0,125.0,36.5,88.5,10.25,10.25,0.0,0.0,0.0,0.0,103.5,103.5,0.0,207.0,207.0,0.0,0.0,0.0,0.0,0.0,0.0,0.0,
495177,COMMUNITY MEMORIAL HOSPITAL HUNDLEY CENTER,SOUTH HILL,VA,Mecklenburg,117,2019Q4,20191231,89,0.0,0.0,0.0,99.9,22.9,77.0,8.5,8.5,0.0,0.0,0.0,0.0,97.02,97.02,0.0,187.0,187.0,0.0,0.0,0.0,0.0,0.0,0.0,0.0,
495177,COMMUNITY MEMORIAL HOSPITAL HUNDLEY CENTER,SOUTH HILL,VA,Mecklenburg,117,2020Q1,20200101,89,0.0,0.0,0.0,116.75,35.0,81.75,10.25,10.25,0.0,0.0,0.0,0.0,82.0,82.0,0.0,253.18,253.18,0.0,0.0,0.0,0.0,0.0,0.0,0.0,
495177,COMMUNITY MEMORIAL HOSPITAL HUNDLEY CENTER,SOUTH HILL,VA,Mecklenburg,117,2020Q1,20200102,87,0.0,0.0,0.0,127.92,43.42,84.5,6.75,6.75,0.0,0.0,0.0,0.0,104.75,104.75,0.0,241.75,232.5,9.25,0.0,0.0,0.0,0.0,0.0,0.0,
495177,COMMUNITY MEMORIAL HOSPITAL HUNDLEY CENTER,SOUTH HILL,VA,Mecklenburg,117,2020Q1,20200103,87,0.0,0.0,0.0,105.5,20.25,85.25,9.25,9.25,0.0,0.0,0.0,0.0,113.27,113.27,0.0,237.77,224.77,13.0,0.0,0.0,0.0,0.0,0.0,0.0,
495177,COMMUNITY MEMORIAL HOSPITAL HUNDLEY CENTER,SOUTH HILL,VA,Mecklenburg,117,2020Q1,20200104,86,24.0,24.0,0.0,85.5,3.0,82.5,0.0,0.0,0.0,0.0,0.0,0.0,75.75,75.75,0.0,190.5,178.25,12.25,0.0,0.0,0.0,0.0,0.0,0.0,
495177,COMMUNITY MEMORIAL HOSPITAL HUNDLEY CENTER,SOUTH HILL,VA,Mecklenburg,117,2020Q1,20200105,86,0.0,0.0,0.0,78.5,0.0,78.5,5.25,5.25,0.0,0.0,0.0,0.0,81.75,81.75,0.0,171.5,166.75,4.75,0.0,0.0,0.0,0.0,0.0,0.0,
495177,COMMUNITY MEMORIAL HOSPITAL HUNDLEY CENTER,SOUTH HILL,VA,Mecklenburg,117,2020Q1,20200106,87,0.0,0.0,0.0,109.2,36.45,72.75,7.0,7.0,0.0,0.0,0.0,0.0,124.48,124.48,0.0,202.5,202.5,0.0,0.0,0.0,0.0,0.0,0.0,0.0,
495177,COMMUNITY MEMORIAL HOSPITAL HUNDLEY CENTER,SOUTH HILL,VA,Mecklenburg,117,2020Q1,20200107,87,0.0,0.0,0.0,99.87,36.37,63.5,10.25,10.25,0.0,0.0,0.0,0.0,146.5,146.5,0.0,211.5,211.5,0.0,0.0,0.0,0.0,0.0,0.0,0.0,
495177,COMMUNITY MEMORIAL HOSPITAL HUNDLEY CENTER,SOUTH HILL,VA,Mecklenburg,117,2020Q1,20200108,89,0.0,0.0,0.0,153.68,46.93,106.75,10.25,10.25,0.0,0.0,0.0,0.0,108.0,108.0,0.0,222.25,222.25,0.0,0.0,0.0,0.0,0.0,0.0,0.0,
495177,COMMUNITY MEMORIAL HOSPITAL HUNDLEY CENTER,SOUTH HILL,VA,Mecklenburg,117,2020Q1,20200109,86,0.0,0.0,0.0,137.5,45.0,92.5,0.0,0.0,0.0,0.0,0.0,0.0,125.0,125.0,0.0,215.77,215.77,0.0,0.0,0.0,0.0,0.0,0.0,0.0,
495177,COMMUNITY MEMORIAL HOSPITAL HUNDLEY CENTER,SOUTH HILL,VA,Mecklenburg,117,2020Q1,20200110,90,0.0,0.0,0.0,149.25,53.0,96.25,9.0,9.0,0.0,0.0,0.0,0.0,72.5,72.5,0.0,167.22,167.22,0.0,0.0,0.0,0.0,0.0,0.0,0.0,
495177,COMMUNITY MEMORIAL HOSPITAL HUNDLEY CENTER,SOUTH HILL,VA,Mecklenburg,117,2020Q1,20200111,90,24.0,24.0,0.0,51.75,9.25,42.5,0.0,0.0,0.0,0.0,0.0,0.0,129.25,129.25,0.0,192.25,192.25,0.0,0.0,0.0,0.0,0.0,0.0,0.0,
495177,COMMUNITY MEMORIAL HOSPITAL HUNDLEY CENTER,SOUTH HILL,VA,Mecklenburg,117,2020Q1,20200112,89,0.0,0.0,0.0,37.5,8.0,29.5,0.0,0.0,0.0,0.0,0.0,0.0,133.82,133.82,0.0,148.25,148.25,0.0,0.0,0.0,0.0,0.0,0.0,0.0,
495177,COMMUNITY MEMORIAL HOSPITAL HUNDLEY CENTER,SOUTH HILL,VA,Mecklenburg,117,2020Q1,20200113,89,0.0,0.0,0.0,114.25,35.75,78.5,0.0,0.0,0.0,0.0,0.0,0.0,100.83,100.83,0.0,172.01,172.01,0.0,0.0,0.0,0.0,0.0,0.0,0.0,
495177,COMMUNITY MEMORIAL HOSPITAL HUNDLEY CENTER,SOUTH HILL,VA,Mecklenburg,117,2020Q1,20200114,91,0.0,0.0,0.0,109.38,26.13,83.25,9.0,9.0,0.0,0.0,0.0,0.0,82.0,82.0,0.0,182.75,169.75,13.0,0.0,0.0,0.0,0.0,0.0,0.0,
495177,COMMUNITY MEMORIAL HOSPITAL HUNDLEY CENTER,SOUTH HILL,VA,Mecklenburg,117,2020Q1,20200115,91,0.0,0.0,0.0,126.5,31.0,95.5,9.0,9.0,0.0,0.0,0.0,0.0,113.3,113.3,0.0,239.75,227.75,12.0,0.0,0.0,0.0,0.0,0.0,0.0,
495177,COMMUNITY MEMORIAL HOSPITAL HUNDLEY CENTER,SOUTH HILL,VA,Mecklenburg,117,2020Q1,20200116,91,0.0,0.0,0.0,119.25,42.0,77.25,10.75,10.75,0.0,0.0,0.0,0.0,137.8,137.8,0.0,240.67,240.67,0.0,0.0,0.0,0.0,0.0,0.0,0.0,
495177,COMMUNITY MEMORIAL HOSPITAL HUNDLEY CENTER,SOUTH HILL,VA,Mecklenburg,117,2020Q1,20200117,94,0.0,0.0,0.0,80.0,27.25,52.75,1.5,1.5,0.0,0.0,0.0,0.0,152.25,152.25,0.0,173.48,173.48,0.0,0.0,0.0,0.0,0.0,0.0,0.0,
495177,COMMUNITY MEMORIAL HOSPITAL HUNDLEY CENTER,SOUTH HILL,VA,Mecklenburg,117,2020Q1,20200118,94,24.0,24.0,0.0,73.25,0.0,73.25,3.25,3.25,0.0,0.0,0.0,0.0,105.25,105.25,0.0,180.75,180.75,0.0,0.0,0.0,0.0,0.0,0.0,0.0,
495177,COMMUNITY MEMORIAL HOSPITAL HUNDLEY CENTER,SOUTH HILL,VA,Mecklenburg,117,2020Q1,20200119,94,0.0,0.0,0.0,97.5,0.0,97.5,0.0,0.0,0.0,0.0,0.0,0.0,96.0,96.0,0.0,168.0,168.0,0.0,0.0,0.0,0.0,0.0,0.0,0.0,
495177,COMMUNITY MEMORIAL HOSPITAL HUNDLEY CENTER,SOUTH HILL,VA,Mecklenburg,117,2020Q1,20200120,97,4.8,4.8,0.0,86.75,36.5,50.25,11.5,11.5,0.0,0.0,0.0,0.0,139.0,139.0,0.0,203.25,203.25,0.0,0.0,0.0,0.0,0.0,0.0,0.0,
495177,COMMUNITY MEMORIAL HOSPITAL HUNDLEY CENTER,SOUTH HILL,VA,Mecklenburg,117,2020Q1,20200121,97,4.8,4.8,0.0,75.5,35.0,40.5,11.5,11.5,0.0,0.0,0.0,0.0,142.83,142.83,0.0,195.25,195.25,0.0,0.0,0.0,0.0,0.0,0.0,0.0,
495177,COMMUNITY MEMORIAL HOSPITAL HUNDLEY CENTER,SOUTH HILL,VA,Mecklenburg,117,2020Q1,20200122,93,4.8,4.8,0.0,121.98,45.98,76.0,8.5,8.5,0.0,0.0,0.0,0.0,117.25,117.25,0.0,260.8,250.8,10.0,0.0,0.0,0.0,0.0,0.0,0.0,
495177,COMMUNITY MEMORIAL HOSPITAL HUNDLEY CENTER,SOUTH HILL,VA,Mecklenburg,117,2020Q1,20200123,95,4.8,4.8,0.0,137.95,52.95,85.0,0.0,0.0,0.0,0.0,0.0,0.0,151.25,151.25,0.0,214.27,202.27,12.0,0.0,0.0,0.0,0.0,0.0,0.0,
495177,COMMUNITY MEMORIAL HOSPITAL HUNDLEY CENTER,SOUTH HILL,VA,Mecklenburg,117,2020Q1,20200124,93,4.8,4.8,0.0,104.5,27.5,77.0,0.0,0.0,0.0,0.0,0.0,0.0,113.75,113.75,0.0,203.5,191.25,12.25,0.0,0.0,0.0,0.0,0.0,0.0,
495177,COMMUNITY MEMORIAL HOSPITAL HUNDLEY CENTER,SOUTH HILL,VA,Mecklenburg,117,2020Q1,20200125,93,0.0,0.0,0.0,43.75,9.75,34.0,0.0,0.0,0.0,0.0,0.0,0.0,129.53,129.53,0.0,146.98,146.98,0.0,0.0,0.0,0.0,0.0,0.0,0.0,
495177,COMMUNITY MEMORIAL HOSPITAL HUNDLEY CENTER,SOUTH HILL,VA,Mecklenburg,117,2020Q1,20200126,92,0.0,0.0,0.0,36.25,0.0,36.25,0.0,0.0,0.0,0.0,0.0,0.0,125.08,125.08,0.0,149.75,149.75,0.0,0.0,0.0,0.0,0.0,0.0,0.0,
495177,COMMUNITY MEMORIAL HOSPITAL HUNDLEY CENTER,SOUTH HILL,VA,Mecklenburg,117,2020Q1,20200127,91,4.8,4.8,0.0,87.5,27.5,60.0,20.5,20.5,0.0,0.0,0.0,0.0,150.3,150.3,0.0,192.25,192.25,0.0,0.0,0.0,0.0,0.0,0.0,0.0,
495177,COMMUNITY MEMORIAL HOSPITAL HUNDLEY CENTER,SOUTH HILL,VA,Mecklenburg,117,2020Q1,20200128,90,4.8,4.8,0.0,125.52,45.77,79.75,20.25,20.25,0.0,0.0,0.0,0.0,119.75,119.75,0.0,244.12,244.12,0.0,0.0,0.0,0.0,0.0,0.0,0.0,
495177,COMMUNITY MEMORIAL HOSPITAL HUNDLEY CENTER,SOUTH HILL,VA,Mecklenburg,117,2020Q1,20200129,90,4.8,4.8,0.0,139.43,48.68,90.75,16.25,16.25,0.0,0.0,0.0,0.0,140.75,140.75,0.0,229.5,229.5,0.0,0.0,0.0,0.0,0.0,0.0,0.0,
495177,COMMUNITY MEMORIAL HOSPITAL HUNDLEY CENTER,SOUTH HILL,VA,Mecklenburg,117,2020Q1,20200130,92,4.8,4.8,0.0,99.0,32.75,66.25,20.75,20.75,0.0,0.0,0.0,0.0,156.25,156.25,0.0,258.7,246.2,12.5,0.0,0.0,0.0,0.0,0.0,0.0,
495177,COMMUNITY MEMORIAL HOSPITAL HUNDLEY CENTER,SOUTH HILL,VA,Mecklenburg,117,2020Q1,20200131,92,4.8,4.8,0.0,86.25,23.25,63.0,17.75,17.75,0.0,0.0,0.0,0.0,113.32,113.32,0.0,203.04,190.54,12.5,0.0,0.0,0.0,0.0,0.0,0.0,
495177,COMMUNITY MEMORIAL HOSPITAL HUNDLEY CENTER,SOUTH HILL,VA,Mecklenburg,117,2020Q1,20200201,92,0.0,0.0,0.0,86.0,0.0,86.0,0.0,0.0,0.0,0.0,0.0,0.0,116.0,116.0,0.0,192.5,180.5,12.0,0.0,0.0,0.0,0.0,0.0,0.0,
495177,COMMUNITY MEMORIAL HOSPITAL HUNDLEY CENTER,SOUTH HILL,VA,Mecklenburg,117,2020Q1,20200202,92,0.0,0.0,0.0,93.5,0.0,93.5,0.0,0.0,0.0,0.0,0.0,0.0,92.75,92.75,0.0,170.0,158.0,12.0,0.0,0.0,0.0,0.0,0.0,0.0,
495177,COMMUNITY MEMORIAL HOSPITAL HUNDLEY CENTER,SOUTH HILL,VA,Mecklenburg,117,2020Q1,20200203,94,4.8,4.8,0.0,102.37,36.37,66.0,6.0,6.0,0.0,0.0,0.0,0.0,126.05,126.05,0.0,216.0,216.0,0.0,0.0,0.0,0.0,0.0,0.0,0.0,
495177,COMMUNITY MEMORIAL HOSPITAL HUNDLEY CENTER,SOUTH HILL,VA,Mecklenburg,117,2020Q1,20200204,94,4.8,4.8,0.0,100.25,28.5,71.75,18.5,18.5,0.0,0.0,0.0,0.0,137.0,137.0,0.0,218.52,218.52,0.0,0.0,0.0,0.0,0.0,0.0,0.0,
495177,COMMUNITY MEMORIAL HOSPITAL HUNDLEY CENTER,SOUTH HILL,VA,Mecklenburg,117,2020Q1,20200205,94,4.8,4.8,0.0,153.18,45.93,107.25,18.25,18.25,0.0,0.0,0.0,0.0,116.25,116.25,0.0,223.75,223.75,0.0,0.0,0.0,0.0,0.0,0.0,0.0,
495177,COMMUNITY MEMORIAL HOSPITAL HUNDLEY CENTER,SOUTH HILL,VA,Mecklenburg,117,2020Q1,20200206,93,4.8,4.8,0.0,133.5,36.75,96.75,17.25,17.25,0.0,0.0,0.0,0.0,135.05,135.05,0.0,218.0,218.0,0.0,0.0,0.0,0.0,0.0,0.0,0.0,
495177,COMMUNITY MEMORIAL HOSPITAL HUNDLEY CENTER,SOUTH HILL,VA,Mecklenburg,117,2020Q1,20200207,93,4.8,4.8,0.0,99.25,43.25,56.0,19.0,19.0,0.0,0.0,0.0,0.0,138.75,138.75,0.0,194.5,194.5,0.0,0.0,0.0,0.0,0.0,0.0,0.0,
495177,COMMUNITY MEMORIAL HOSPITAL HUNDLEY CENTER,SOUTH HILL,VA,Mecklenburg,117,2020Q1,20200208,92,0.0,0.0,0.0,61.75,0.0,61.75,0.0,0.0,0.0,0.0,0.0,0.0,117.75,117.75,0.0,192.75,192.75,0.0,0.0,0.0,0.0,0.0,0.0,0.0,
495177,COMMUNITY MEMORIAL HOSPITAL HUNDLEY CENTER,SOUTH HILL,VA,Mecklenburg,117,2020Q1,20200209,92,0.0,0.0,0.0,70.5,0.0,70.5,0.0,0.0,0.0,0.0,0.0,0.0,121.77,121.77,0.0,160.0,160.0,0.0,0.0,0.0,0.0,0.0,0.0,0.0,
495177,COMMUNITY MEMORIAL HOSPITAL HUNDLEY CENTER,SOUTH HILL,VA,Mecklenburg,117,2020Q1,20200210,91,4.8,4.8,0.0,116.75,38.25,78.5,9.0,9.0,0.0,0.0,0.0,0.0,113.5,113.5,0.0,203.93,191.43,12.5,0.0,0.0,0.0,0.0,0.0,0.0,
495177,COMMUNITY MEMORIAL HOSPITAL HUNDLEY CENTER,SOUTH HILL,VA,Mecklenburg,117,2020Q1,20200211,92,4.8,4.8,0.0,132.33,44.33,88.0,8.5,8.5,0.0,0.0,0.0,0.0,102.5,102.5,0.0,247.85,235.1,12.75,0.0,0.0,0.0,0.0,0.0,0.0,
495177,COMMUNITY MEMORIAL HOSPITAL HUNDLEY CENTER,SOUTH HILL,VA,Mecklenburg,117,2020Q1,20200212,93,4.8,4.8,0.0,123.75,44.0,79.75,10.5,10.5,0.0,0.0,0.0,0.0,143.75,143.75,0.0,219.5,219.5,0.0,0.0,0.0,0.0,0.0,0.0,0.0,
495177,COMMUNITY MEMORIAL HOSPITAL HUNDLEY CENTER,SOUTH HILL,VA,Mecklenburg,117,2020Q1,20200213,93,4.8,4.8,0.0,154.25,44.75,109.5,9.5,9.5,0.0,0.0,0.0,0.0,125.5,125.5,0.0,209.5,209.5,0.0,0.0,0.0,0.0,0.0,0.0,0.0,
495177,COMMUNITY MEMORIAL HOSPITAL HUNDLEY CENTER,SOUTH HILL,VA,Mecklenburg,117,2020Q1,20200214,92,4.8,4.8,0.0,107.5,30.0,77.5,9.5,9.5,0.0,0.0,0.0,0.0,107.5,107.5,0.0,213.5,213.5,0.0,0.0,0.0,0.0,0.0,0.0,0.0,
495177,COMMUNITY MEMORIAL HOSPITAL HUNDLEY CENTER,SOUTH HILL,VA,Mecklenburg,117,2020Q1,20200215,92,0.0,0.0,0.0,59.0,0.0,59.0,0.0,0.0,0.0,0.0,0.0,0.0,101.75,101.75,0.0,157.02,157.02,0.0,0.0,0.0,0.0,0.0,0.0,0.0,
495177,COMMUNITY MEMORIAL HOSPITAL HUNDLEY CENTER,SOUTH HILL,VA,Mecklenburg,117,2020Q1,20200216,92,0.0,0.0,0.0,73.5,0.0,73.5,0.0,0.0,0.0,0.0,0.0,0.0,96.0,96.0,0.0,143.5,143.5,0.0,0.0,0.0,0.0,0.0,0.0,0.0,
495177,COMMUNITY MEMORIAL HOSPITAL HUNDLEY CENTER,SOUTH HILL,VA,Mecklenburg,117,2020Q1,20200217,92,4.8,4.8,0.0,130.97,35.4,95.57,18.0,18.0,0.0,0.0,0.0,0.0,116.0,116.0,0.0,184.78,184.78,0.0,0.0,0.0,0.0,0.0,0.0,0.0,
495177,COMMUNITY MEMORIAL HOSPITAL HUNDLEY CENTER,SOUTH HILL,VA,Mecklenburg,117,2020Q1,20200218,92,4.8,4.8,0.0,108.28,43.28,65.0,8.25,8.25,0.0,0.0,0.0,0.0,147.07,147.07,0.0,196.25,196.25,0.0,0.0,0.0,0.0,0.0,0.0,0.0,
495177,COMMUNITY MEMORIAL HOSPITAL HUNDLEY CENTER,SOUTH HILL,VA,Mecklenburg,117,2020Q1,20200219,91,4.8,4.8,0.0,125.37,53.75,71.62,17.0,17.0,0.0,0.0,0.0,0.0,154.75,154.75,0.0,186.77,186.77,0.0,0.0,0.0,0.0,0.0,0.0,0.0,
495177,COMMUNITY MEMORIAL HOSPITAL HUNDLEY CENTER,SOUTH HILL,VA,Mecklenburg,117,2020Q1,20200220,91,4.8,4.8,0.0,130.75,34.0,96.75,16.25,16.25,0.0,0.0,0.0,0.0,129.75,129.75,0.0,214.4,202.42,11.98,0.0,0.0,0.0,0.0,0.0,0.0,
495177,COMMUNITY MEMORIAL HOSPITAL HUNDLEY CENTER,SOUTH HILL,VA,Mecklenburg,117,2020Q1,20200221,88,4.8,4.8,0.0,136.17,35.42,100.75,15.5,15.5,0.0,0.0,0.0,0.0,112.0,112.0,0.0,179.75,169.5,10.25,0.0,0.0,0.0,0.0,0.0,0.0,
495177,COMMUNITY MEMORIAL HOSPITAL HUNDLEY CENTER,SOUTH HILL,VA,Mecklenburg,117,2020Q1,20200222,88,0.0,0.0,0.0,64.5,0.0,64.5,0.0,0.0,0.0,0.0,0.0,0.0,104.0,104.0,0.0,183.5,183.5,0.0,0.0,0.0,0.0,0.0,0.0,0.0,
495177,COMMUNITY MEMORIAL HOSPITAL HUNDLEY CENTER,SOUTH HILL,VA,Mecklenburg,117,2020Q1,20200223,88,0.0,0.0,0.0,43.0,0.0,43.0,0.0,0.0,0.0,0.0,0.0,0.0,112.8,112.8,0.0,183.5,183.5,0.0,0.0,0.0,0.0,0.0,0.0,0.0,
495177,COMMUNITY MEMORIAL HOSPITAL HUNDLEY CENTER,SOUTH HILL,VA,Mecklenburg,117,2020Q1,20200224,88,0.0,0.0,0.0,98.4,31.52,66.88,18.0,18.0,0.0,0.0,0.0,0.0,134.57,134.57,0.0,171.57,171.57,0.0,0.0,0.0,0.0,0.0,0.0,0.0,
495177,COMMUNITY MEMORIAL HOSPITAL HUNDLEY CENTER,SOUTH HILL,VA,Mecklenburg,117,2020Q1,20200225,89,0.0,0.0,0.0,130.75,32.0,98.75,17.0,17.0,0.0,0.0,0.0,0.0,94.5,94.5,0.0,212.5,212.5,0.0,0.0,0.0,0.0,0.0,0.0,0.0,
495177,COMMUNITY MEMORIAL HOSPITAL HUNDLEY CENTER,SOUTH HILL,VA,Mecklenburg,117,2020Q1,20200226,90,0.0,0.0,0.0,149.75,39.75,110.0,17.0,17.0,0.0,0.0,0.0,0.0,117.5,117.5,0.0,157.9,157.9,0.0,0.0,0.0,0.0,0.0,0.0,0.0,
495177,COMMUNITY MEMORIAL HOSPITAL HUNDLEY CENTER,SOUTH HILL,VA,Mecklenburg,117,2020Q1,20200227,89,0.0,0.0,0.0,112.12,42.37,69.75,16.25,16.25,0.0,0.0,0.0,0.0,124.0,124.0,0.0,186.65,186.65,0.0,0.0,0.0,0.0,0.0,0.0,0.0,
495177,COMMUNITY MEMORIAL HOSPITAL HUNDLEY CENTER,SOUTH HILL,VA,Mecklenburg,117,2020Q1,20200228,92,0.0,0.0,0.0,118.0,48.0,70.0,16.75,16.75,0.0,0.0,0.0,0.0,147.5,147.5,0.0,201.25,201.25,0.0,0.0,0.0,0.0,0.0,0.0,0.0,
495177,COMMUNITY MEMORIAL HOSPITAL HUNDLEY CENTER,SOUTH HILL,VA,Mecklenburg,117,2020Q1,20200229,90,0.0,0.0,0.0,85.5,0.0,85.5,0.0,0.0,0.0,0.0,0.0,0.0,68.0,68.0,0.0,145.52,145.52,0.0,0.0,0.0,0.0,0.0,0.0,0.0,
495177,COMMUNITY MEMORIAL HOSPITAL HUNDLEY CENTER,SOUTH HILL,VA,Mecklenburg,117,2020Q1,20200301,90,0.0,0.0,0.0,73.25,0.0,73.25,0.0,0.0,0.0,0.0,0.0,0.0,84.0,84.0,0.0,143.75,143.75,0.0,0.0,0.0,0.0,0.0,0.0,0.0,
495177,COMMUNITY MEMORIAL HOSPITAL HUNDLEY CENTER,SOUTH HILL,VA,Mecklenburg,117,2020Q1,20200302,89,0.0,0.0,0.0,90.25,31.75,58.5,16.0,16.0,0.0,0.0,0.0,0.0,128.8,128.8,0.0,211.98,211.98,0.0,0.0,0.0,0.0,0.0,0.0,0.0,
495177,COMMUNITY MEMORIAL HOSPITAL HUNDLEY CENTER,SOUTH HILL,VA,Mecklenburg,117,2020Q1,20200303,89,0.0,0.0,0.0,123.98,34.25,89.73,16.75,16.75,0.0,0.0,0.0,0.0,148.25,148.25,0.0,144.0,144.0,0.0,0.0,0.0,0.0,0.0,0.0,0.0,
495177,COMMUNITY MEMORIAL HOSPITAL HUNDLEY CENTER,SOUTH HILL,VA,Mecklenburg,117,2020Q1,20200304,90,0.0,0.0,0.0,161.25,41.75,119.5,0.75,0.75,0.0,0.0,0.0,0.0,123.0,123.0,0.0,194.0,194.0,0.0,0.0,0.0,0.0,0.0,0.0,0.0,
495177,COMMUNITY MEMORIAL HOSPITAL HUNDLEY CENTER,SOUTH HILL,VA,Mecklenburg,117,2020Q1,20200305,91,0.0,0.0,0.0,139.0,32.75,106.25,17.75,17.75,0.0,0.0,0.0,0.0,125.75,125.75,0.0,171.42,171.42,0.0,0.0,0.0,0.0,0.0,0.0,0.0,
495177,COMMUNITY MEMORIAL HOSPITAL HUNDLEY CENTER,SOUTH HILL,VA,Mecklenburg,117,2020Q1,20200306,91,0.0,0.0,0.0,147.78,41.5,106.28,18.5,18.5,0.0,0.0,0.0,0.0,74.25,74.25,0.0,202.5,202.5,0.0,0.0,0.0,0.0,0.0,0.0,0.0,
495177,COMMUNITY MEMORIAL HOSPITAL HUNDLEY CENTER,SOUTH HILL,VA,Mecklenburg,117,2020Q1,20200307,91,24.0,24.0,0.0,55.75,0.0,55.75,0.0,0.0,0.0,0.0,0.0,0.0,126.05,126.05,0.0,152.75,152.75,0.0,0.0,0.0,0.0,0.0,0.0,0.0,
495177,COMMUNITY MEMORIAL HOSPITAL HUNDLEY CENTER,SOUTH HILL,VA,Mecklenburg,117,2020Q1,20200308,90,0.0,0.0,0.0,66.25,0.0,66.25,0.0,0.0,0.0,0.0,0.0,0.0,100.75,100.75,0.0,165.0,165.0,0.0,0.0,0.0,0.0,0.0,0.0,0.0,
495177,COMMUNITY MEMORIAL HOSPITAL HUNDLEY CENTER,SOUTH HILL,VA,Mecklenburg,117,2020Q1,20200309,89,0.0,0.0,0.0,130.27,27.42,102.85,16.0,16.0,0.0,0.0,0.0,0.0,106.5,106.5,0.0,152.5,152.5,0.0,0.0,0.0,0.0,0.0,0.0,0.0,
495177,COMMUNITY MEMORIAL HOSPITAL HUNDLEY CENTER,SOUTH HILL,VA,Mecklenburg,117,2020Q1,20200310,89,0.0,0.0,0.0,123.05,27.3,95.75,7.25,7.25,0.0,0.0,0.0,0.0,122.5,122.5,0.0,217.08,217.08,0.0,0.0,0.0,0.0,0.0,0.0,0.0,
495177,COMMUNITY MEMORIAL HOSPITAL HUNDLEY CENTER,SOUTH HILL,VA,Mecklenburg,117,2020Q1,20200311,90,0.0,0.0,0.0,143.25,34.25,109.0,8.75,8.75,0.0,0.0,0.0,0.0,145.45,145.45,0.0,254.5,254.5,0.0,0.0,0.0,0.0,0.0,0.0,0.0,
495177,COMMUNITY MEMORIAL HOSPITAL HUNDLEY CENTER,SOUTH HILL,VA,Mecklenburg,117,2020Q1,20200312,93,0.0,0.0,0.0,160.27,36.52,123.75,7.75,7.75,0.0,0.0,0.0,0.0,139.75,139.75,0.0,235.12,235.12,0.0,0.0,0.0,0.0,0.0,0.0,0.0,
495177,COMMUNITY MEMORIAL HOSPITAL HUNDLEY CENTER,SOUTH HILL,VA,Mecklenburg,117,2020Q1,20200313,93,0.0,0.0,0.0,156.75,34.5,122.25,15.5,15.5,0.0,0.0,0.0,0.0,113.3,113.3,0.0,210.75,210.75,0.0,0.0,0.0,0.0,0.0,0.0,0.0,
495177,COMMUNITY MEMORIAL HOSPITAL HUNDLEY CENTER,SOUTH HILL,VA,Mecklenburg,117,2020Q1,20200314,91,24.0,24.0,0.0,96.25,6.5,89.75,0.0,0.0,0.0,0.0,0.0,0.0,81.0,81.0,0.0,174.3,174.3,0.0,0.0,0.0,0.0,0.0,0.0,0.0,
495177,COMMUNITY MEMORIAL HOSPITAL HUNDLEY CENTER,SOUTH HILL,VA,Mecklenburg,117,2020Q1,20200315,91,0.0,0.0,0.0,121.0,3.0,118.0,0.0,0.0,0.0,0.0,0.0,0.0,77.25,77.25,0.0,170.68,170.68,0.0,0.0,0.0,0.0,0.0,0.0,0.0,
495177,COMMUNITY MEMORIAL HOSPITAL HUNDLEY CENTER,SOUTH HILL,VA,Mecklenburg,117,2020Q1,20200316,92,0.0,0.0,0.0,129.5,23.25,106.25,17.25,17.25,0.0,0.0,0.0,0.0,126.5,126.5,0.0,195.55,195.55,0.0,0.0,0.0,0.0,0.0,0.0,0.0,
495177,COMMUNITY MEMORIAL HOSPITAL HUNDLEY CENTER,SOUTH HILL,VA,Mecklenburg,117,2020Q1,20200317,93,0.0,0.0,0.0,111.5,35.5,76.0,17.3,17.3,0.0,0.0,0.0,0.0,158.75,158.75,0.0,210.75,210.75,0.0,0.0,0.0,0.0,0.0,0.0,0.0,
495177,COMMUNITY MEMORIAL HOSPITAL HUNDLEY CENTER,SOUTH HILL,VA,Mecklenburg,117,2020Q1,20200318,93,0.0,0.0,0.0,138.5,41.75,96.75,16.5,16.5,0.0,0.0,0.0,0.0,111.97,111.97,0.0,208.25,208.25,0.0,0.0,0.0,0.0,0.0,0.0,0.0,
495177,COMMUNITY MEMORIAL HOSPITAL HUNDLEY CENTER,SOUTH HILL,VA,Mecklenburg,117,2020Q1,20200319,93,0.0,0.0,0.0,124.5,28.0,96.5,8.25,8.25,0.0,0.0,0.0,0.0,148.08,148.08,0.0,179.75,179.75,0.0,0.0,0.0,0.0,0.0,0.0,0.0,
495177,COMMUNITY MEMORIAL HOSPITAL HUNDLEY CENTER,SOUTH HILL,VA,Mecklenburg,117,2020Q1,20200320,93,0.0,0.0,0.0,138.7,18.75,119.95,8.25,8.25,0.0,0.0,0.0,0.0,63.75,63.75,0.0,170.78,170.78,0.0,0.0,0.0,0.0,0.0,0.0,0.0,
495177,COMMUNITY MEMORIAL HOSPITAL HUNDLEY CENTER,SOUTH HILL,VA,Mecklenburg,117,2020Q1,20200321,92,24.0,24.0,0.0,63.85,0.0,63.85,0.0,0.0,0.0,0.0,0.0,0.0,113.3,113.3,0.0,180.5,180.5,0.0,0.0,0.0,0.0,0.0,0.0,0.0,
495177,COMMUNITY MEMORIAL HOSPITAL HUNDLEY CENTER,SOUTH HILL,VA,Mecklenburg,117,2020Q1,20200322,91,0.0,0.0,0.0,55.88,0.0,55.88,0.0,0.0,0.0,0.0,0.0,0.0,109.3,109.3,0.0,194.95,194.95,0.0,0.0,0.0,0.0,0.0,0.0,0.0,
495177,COMMUNITY MEMORIAL HOSPITAL HUNDLEY CENTER,SOUTH HILL,VA,Mecklenburg,117,2020Q1,20200323,92,0.0,0.0,0.0,121.57,23.22,98.35,8.0,8.0,0.0,0.0,0.0,0.0,111.77,111.77,0.0,160.75,160.75,0.0,0.0,0.0,0.0,0.0,0.0,0.0,
495177,COMMUNITY MEMORIAL HOSPITAL HUNDLEY CENTER,SOUTH HILL,VA,Mecklenburg,117,2020Q1,20200324,92,0.0,0.0,0.0,140.25,26.5,113.75,8.0,8.0,0.0,0.0,0.0,0.0,81.75,81.75,0.0,172.18,172.18,0.0,0.0,0.0,0.0,0.0,0.0,0.0,
495177,COMMUNITY MEMORIAL HOSPITAL HUNDLEY CENTER,SOUTH HILL,VA,Mecklenburg,117,2020Q1,20200325,91,0.0,0.0,0.0,144.28,36.75,107.53,8.0,8.0,0.0,0.0,0.0,0.0,117.23,117.23,0.0,198.5,198.5,0.0,0.0,0.0,0.0,0.0,0.0,0.0,
495177,COMMUNITY MEMORIAL HOSPITAL HUNDLEY CENTER,SOUTH HILL,VA,Mecklenburg,117,2020Q1,20200326,92,0.0,0.0,0.0,121.0,43.5,77.5,16.5,16.5,0.0,0.0,0.0,0.0,125.05,125.05,0.0,164.75,164.75,0.0,0.0,0.0,0.0,0.0,0.0,0.0,
495177,COMMUNITY MEMORIAL HOSPITAL HUNDLEY CENTER,SOUTH HILL,VA,Mecklenburg,117,2020Q1,20200327,93,0.0,0.0,0.0,118.0,27.75,90.25,15.75,15.75,0.0,0.0,0.0,0.0,116.25,116.25,0.0,161.0,161.0,0.0,0.0,0.0,0.0,0.0,0.0,0.0,
495177,COMMUNITY MEMORIAL HOSPITAL HUNDLEY CENTER,SOUTH HILL,VA,Mecklenburg,117,2020Q1,20200328,93,24.0,24.0,0.0,78.25,0.0,78.25,0.0,0.0,0.0,0.0,0.0,0.0,87.0,87.0,0.0,148.75,148.75,0.0,0.0,0.0,0.0,0.0,0.0,0.0,
495177,COMMUNITY MEMORIAL HOSPITAL HUNDLEY CENTER,SOUTH HILL,VA,Mecklenburg,117,2020Q1,20200329,92,0.0,0.0,0.0,65.25,0.0,65.25,0.0,0.0,0.0,0.0,0.0,0.0,71.25,71.25,0.0,129.75,129.75,0.0,0.0,0.0,0.0,0.0,0.0,0.0,
495177,COMMUNITY MEMORIAL HOSPITAL HUNDLEY CENTER,SOUTH HILL,VA,Mecklenburg,117,2020Q1,20200330,92,0.0,0.0,0.0,111.25,34.25,77.0,15.75,15.75,0.0,0.0,0.0,0.0,120.77,120.77,0.0,183.5,183.5,0.0,0.0,0.0,0.0,0.0,0.0,0.0,
495177,COMMUNITY MEMORIAL HOSPITAL HUNDLEY CENTER,SOUTH HILL,VA,Mecklenburg,117,2020Q1,20200331,92,0.0,0.0,0.0,129.75,25.75,104.0,16.75,16.75,0.0,0.0,0.0,0.0,103.75,103.75,0.0,195.0,195.0,0.0,0.0,0.0,0.0,0.0,0.0,0.0,
495177,COMMUNITY MEMORIAL HOSPITAL HUNDLEY CENTER,SOUTH HILL,VA,Mecklenburg,117,2020Q2,20200401,91,4.8,4.8,0.0,147.12,33.5,113.62,15.5,15.5,0.0,0.0,0.0,0.0,97.25,97.25,0.0,205.25,205.25,0.0,0.0,0.0,0.0,0.0,0.0,0.0,
495177,COMMUNITY MEMORIAL HOSPITAL HUNDLEY CENTER,SOUTH HILL,VA,Mecklenburg,117,2020Q2,20200402,91,4.8,4.8,0.0,109.25,25.75,83.5,17.75,17.75,0.0,0.0,0.0,0.0,117.0,117.0,0.0,184.25,184.25,0.0,0.0,0.0,0.0,0.0,0.0,0.0,
495177,COMMUNITY MEMORIAL HOSPITAL HUNDLEY CENTER,SOUTH HILL,VA,Mecklenburg,117,2020Q2,20200403,91,4.8,4.8,0.0,109.25,25.0,84.25,16.0,16.0,0.0,0.0,0.0,0.0,121.5,121.5,0.0,173.75,173.75,0.0,0.0,0.0,0.0,0.0,0.0,0.0,
495177,COMMUNITY MEMORIAL HOSPITAL HUNDLEY CENTER,SOUTH HILL,VA,Mecklenburg,117,2020Q2,20200404,91,0.0,0.0,0.0,76.75,1.0,75.75,0.0,0.0,0.0,0.0,0.0,0.0,107.28,107.28,0.0,187.0,187.0,0.0,0.0,0.0,0.0,0.0,0.0,0.0,
495177,COMMUNITY MEMORIAL HOSPITAL HUNDLEY CENTER,SOUTH HILL,VA,Mecklenburg,117,2020Q2,20200405,91,0.0,0.0,0.0,69.5,0.0,69.5,0.0,0.0,0.0,0.0,0.0,0.0,107.98,107.98,0.0,168.25,168.25,0.0,0.0,0.0,0.0,0.0,0.0,0.0,
495177,COMMUNITY MEMORIAL HOSPITAL HUNDLEY CENTER,SOUTH HILL,VA,Mecklenburg,117,2020Q2,20200406,90,4.8,4.8,0.0,94.25,24.5,69.75,8.5,8.5,0.0,0.0,0.0,0.0,132.0,132.0,0.0,172.02,172.02,0.0,0.0,0.0,0.0,0.0,0.0,0.0,
495177,COMMUNITY MEMORIAL HOSPITAL HUNDLEY CENTER,SOUTH HILL,VA,Mecklenburg,117,2020Q2,20200407,88,4.8,4.8,0.0,169.6,36.35,133.25,9.0,9.0,0.0,0.0,0.0,0.0,90.75,90.75,0.0,217.93,217.93,0.0,0.0,0.0,0.0,0.0,0.0,0.0,
495177,COMMUNITY MEMORIAL HOSPITAL HUNDLEY CENTER,SOUTH HILL,VA,Mecklenburg,117,2020Q2,20200408,89,4.8,4.8,0.0,126.5,27.0,99.5,13.75,13.75,0.0,0.0,0.0,0.0,111.0,111.0,0.0,206.25,206.25,0.0,0.0,0.0,0.0,0.0,0.0,0.0,
495177,COMMUNITY MEMORIAL HOSPITAL HUNDLEY CENTER,SOUTH HILL,VA,Mecklenburg,117,2020Q2,20200409,88,4.8,4.8,0.0,115.48,25.75,89.73,15.5,15.5,0.0,0.0,0.0,0.0,136.5,136.5,0.0,206.25,206.25,0.0,0.0,0.0,0.0,0.0,0.0,0.0,
495177,COMMUNITY MEMORIAL HOSPITAL HUNDLEY CENTER,SOUTH HILL,VA,Mecklenburg,117,2020Q2,20200410,88,4.8,4.8,0.0,116.75,26.25,90.5,16.5,16.5,0.0,0.0,0.0,0.0,95.0,95.0,0.0,191.75,191.75,0.0,0.0,0.0,0.0,0.0,0.0,0.0,
495177,COMMUNITY MEMORIAL HOSPITAL HUNDLEY CENTER,SOUTH HILL,VA,Mecklenburg,117,2020Q2,20200411,87,0.0,0.0,0.0,95.25,20.5,74.75,0.0,0.0,0.0,0.0,0.0,0.0,87.25,87.25,0.0,159.75,159.75,0.0,0.0,0.0,0.0,0.0,0.0,0.0,
495177,COMMUNITY MEMORIAL HOSPITAL HUNDLEY CENTER,SOUTH HILL,VA,Mecklenburg,117,2020Q2,20200412,87,0.0,0.0,0.0,64.0,20.25,43.75,0.0,0.0,0.0,0.0,0.0,0.0,89.75,89.75,0.0,147.5,147.5,0.0,0.0,0.0,0.0,0.0,0.0,0.0,
495177,COMMUNITY MEMORIAL HOSPITAL HUNDLEY CENTER,SOUTH HILL,VA,Mecklenburg,117,2020Q2,20200413,88,4.8,4.8,0.0,118.25,36.5,81.75,11.75,11.75,0.0,0.0,0.0,0.0,106.25,106.25,0.0,178.75,178.75,0.0,0.0,0.0,0.0,0.0,0.0,0.0,
495177,COMMUNITY MEMORIAL HOSPITAL HUNDLEY CENTER,SOUTH HILL,VA,Mecklenburg,117,2020Q2,20200414,87,4.8,4.8,0.0,100.75,17.5,83.25,8.25,8.25,0.0,0.0,0.0,0.0,122.75,122.75,0.0,225.25,225.25,0.0,0.0,0.0,0.0,0.0,0.0,0.0,
495177,COMMUNITY MEMORIAL HOSPITAL HUNDLEY CENTER,SOUTH HILL,VA,Mecklenburg,117,2020Q2,20200415,89,4.8,4.8,0.0,109.5,15.0,94.5,17.0,17.0,0.0,0.0,0.0,0.0,135.0,135.0,0.0,158.5,158.5,0.0,0.0,0.0,0.0,0.0,0.0,0.0,
495177,COMMUNITY MEMORIAL HOSPITAL HUNDLEY CENTER,SOUTH HILL,VA,Mecklenburg,117,2020Q2,20200416,90,4.8,4.8,0.0,126.0,24.25,101.75,16.5,16.5,0.0,0.0,0.0,0.0,100.22,100.22,0.0,211.0,211.0,0.0,0.0,0.0,0.0,0.0,0.0,0.0,
495177,COMMUNITY MEMORIAL HOSPITAL HUNDLEY CENTER,SOUTH HILL,VA,Mecklenburg,117,2020Q2,20200417,91,4.8,4.8,0.0,99.25,18.5,80.75,16.0,16.0,0.0,0.0,0.0,0.0,143.0,143.0,0.0,179.75,179.75,0.0,0.0,0.0,0.0,0.0,0.0,0.0,
495177,COMMUNITY MEMORIAL HOSPITAL HUNDLEY CENTER,SOUTH HILL,VA,Mecklenburg,117,2020Q2,20200418,91,0.0,0.0,0.0,66.75,12.75,54.0,0.0,0.0,0.0,0.0,0.0,0.0,119.0,119.0,0.0,160.0,160.0,0.0,0.0,0.0,0.0,0.0,0.0,0.0,
495177,COMMUNITY MEMORIAL HOSPITAL HUNDLEY CENTER,SOUTH HILL,VA,Mecklenburg,117,2020Q2,20200419,91,0.0,0.0,0.0,63.75,12.5,51.25,0.0,0.0,0.0,0.0,0.0,0.0,130.27,130.27,0.0,143.5,143.5,0.0,0.0,0.0,0.0,0.0,0.0,0.0,
495177,COMMUNITY MEMORIAL HOSPITAL HUNDLEY CENTER,SOUTH HILL,VA,Mecklenburg,117,2020Q2,20200420,94,4.8,4.8,0.0,151.5,52.0,99.5,16.0,16.0,0.0,0.0,0.0,0.0,131.75,131.75,0.0,178.0,178.0,0.0,0.0,0.0,0.0,0.0,0.0,0.0,
495177,COMMUNITY MEMORIAL HOSPITAL HUNDLEY CENTER,SOUTH HILL,VA,Mecklenburg,117,2020Q2,20200421,95,4.8,4.8,0.0,163.5,37.5,126.0,15.75,15.75,0.0,0.0,0.0,0.0,76.25,76.25,0.0,199.0,199.0,0.0,0.0,0.0,0.0,0.0,0.0,0.0,
495177,COMMUNITY MEMORIAL HOSPITAL HUNDLEY CENTER,SOUTH HILL,VA,Mecklenburg,117,2020Q2,20200422,95,4.8,4.8,0.0,131.0,34.5,96.5,17.0,17.0,0.0,0.0,0.0,0.0,123.0,123.0,0.0,223.25,223.25,0.0,0.0,0.0,0.0,0.0,0.0,0.0,
495177,COMMUNITY MEMORIAL HOSPITAL HUNDLEY CENTER,SOUTH HILL,VA,Mecklenburg,117,2020Q2,20200423,95,4.8,4.8,0.0,134.0,31.0,103.0,17.5,17.5,0.0,0.0,0.0,0.0,143.0,143.0,0.0,183.75,183.75,0.0,0.0,0.0,0.0,0.0,0.0,0.0,
495177,COMMUNITY MEMORIAL HOSPITAL HUNDLEY CENTER,SOUTH HILL,VA,Mecklenburg,117,2020Q2,20200424,94,4.8,4.8,0.0,105.75,25.0,80.75,16.25,16.25,0.0,0.0,0.0,0.0,132.25,132.25,0.0,197.98,197.98,0.0,0.0,0.0,0.0,0.0,0.0,0.0,
495177,COMMUNITY MEMORIAL HOSPITAL HUNDLEY CENTER,SOUTH HILL,VA,Mecklenburg,117,2020Q2,20200425,93,0.0,0.0,0.0,118.25,12.5,105.75,0.0,0.0,0.0,0.0,0.0,0.0,70.0,70.0,0.0,191.75,191.75,0.0,0.0,0.0,0.0,0.0,0.0,0.0,
495177,COMMUNITY MEMORIAL HOSPITAL HUNDLEY CENTER,SOUTH HILL,VA,Mecklenburg,117,2020Q2,20200426,93,0.0,0.0,0.0,112.75,12.75,100.0,0.0,0.0,0.0,0.0,0.0,0.0,69.25,69.25,0.0,161.75,161.75,0.0,0.0,0.0,0.0,0.0,0.0,0.0,
495177,COMMUNITY MEMORIAL HOSPITAL HUNDLEY CENTER,SOUTH HILL,VA,Mecklenburg,117,2020Q2,20200427,93,4.8,4.8,0.0,148.0,31.0,117.0,16.5,16.5,0.0,0.0,0.0,0.0,99.25,99.25,0.0,226.5,226.5,0.0,0.0,0.0,0.0,0.0,0.0,0.0,
495177,COMMUNITY MEMORIAL HOSPITAL HUNDLEY CENTER,SOUTH HILL,VA,Mecklenburg,117,2020Q2,20200428,92,4.8,4.8,0.0,128.5,43.25,85.25,17.75,17.75,0.0,0.0,0.0,0.0,157.25,157.25,0.0,214.0,214.0,0.0,0.0,0.0,0.0,0.0,0.0,0.0,
495177,COMMUNITY MEMORIAL HOSPITAL HUNDLEY CENTER,SOUTH HILL,VA,Mecklenburg,117,2020Q2,20200429,92,4.8,4.8,0.0,83.0,34.0,49.0,10.0,10.0,0.0,0.0,0.0,0.0,148.75,148.75,0.0,201.0,201.0,0.0,0.0,0.0,0.0,0.0,0.0,0.0,
495177,COMMUNITY MEMORIAL HOSPITAL HUNDLEY CENTER,SOUTH HILL,VA,Mecklenburg,117,2020Q2,20200430,90,4.8,4.8,0.0,115.75,34.75,81.0,9.25,9.25,0.0,0.0,0.0,0.0,120.5,120.5,0.0,168.75,168.75,0.0,0.0,0.0,0.0,0.0,0.0,0.0,
495177,COMMUNITY MEMORIAL HOSPITAL HUNDLEY CENTER,SOUTH HILL,VA,Mecklenburg,117,2020Q2,20200501,90,4.8,4.8,0.0,149.75,25.25,124.5,7.75,7.75,0.0,0.0,0.0,0.0,113.75,113.75,0.0,189.0,189.0,0.0,0.0,0.0,0.0,0.0,0.0,0.0,
495177,COMMUNITY MEMORIAL HOSPITAL HUNDLEY CENTER,SOUTH HILL,VA,Mecklenburg,117,2020Q2,20200502,90,0.0,0.0,0.0,57.75,12.25,45.5,0.0,0.0,0.0,0.0,0.0,0.0,124.0,124.0,0.0,161.75,161.75,0.0,0.0,0.0,0.0,0.0,0.0,0.0,
495177,COMMUNITY MEMORIAL HOSPITAL HUNDLEY CENTER,SOUTH HILL,VA,Mecklenburg,117,2020Q2,20200503,89,0.0,0.0,0.0,70.0,13.0,57.0,0.0,0.0,0.0,0.0,0.0,0.0,123.5,123.5,0.0,172.25,172.25,0.0,0.0,0.0,0.0,0.0,0.0,0.0,
495177,COMMUNITY MEMORIAL HOSPITAL HUNDLEY CENTER,SOUTH HILL,VA,Mecklenburg,117,2020Q2,20200504,89,4.8,4.8,0.0,150.5,45.0,105.5,15.5,15.5,0.0,0.0,0.0,0.0,110.75,110.75,0.0,200.5,200.5,0.0,0.0,0.0,0.0,0.0,0.0,0.0,
495177,COMMUNITY MEMORIAL HOSPITAL HUNDLEY CENTER,SOUTH HILL,VA,Mecklenburg,117,2020Q2,20200505,89,4.8,4.8,0.0,130.0,43.5,86.5,19.5,19.5,0.0,0.0,0.0,0.0,123.0,123.0,0.0,190.0,190.0,0.0,0.0,0.0,0.0,0.0,0.0,0.0,
495177,COMMUNITY MEMORIAL HOSPITAL HUNDLEY CENTER,SOUTH HILL,VA,Mecklenburg,117,2020Q2,20200506,89,4.8,4.8,0.0,124.25,26.5,97.75,16.25,16.25,0.0,0.0,0.0,0.0,125.5,125.5,0.0,201.25,201.25,0.0,0.0,0.0,0.0,0.0,0.0,0.0,
495177,COMMUNITY MEMORIAL HOSPITAL HUNDLEY CENTER,SOUTH HILL,VA,Mecklenburg,117,2020Q2,20200507,91,4.8,4.8,0.0,86.75,31.5,55.25,15.5,15.5,0.0,0.0,0.0,0.0,150.0,150.0,0.0,201.0,201.0,0.0,0.0,0.0,0.0,0.0,0.0,0.0,
495177,COMMUNITY MEMORIAL HOSPITAL HUNDLEY CENTER,SOUTH HILL,VA,Mecklenburg,117,2020Q2,20200508,92,4.8,4.8,0.0,121.25,27.5,93.75,13.0,13.0,0.0,0.0,0.0,0.0,104.5,104.5,0.0,186.5,186.5,0.0,0.0,0.0,0.0,0.0,0.0,0.0,
495177,COMMUNITY MEMORIAL HOSPITAL HUNDLEY CENTER,SOUTH HILL,VA,Mecklenburg,117,2020Q2,20200509,92,0.0,0.0,0.0,122.5,12.0,110.5,0.0,0.0,0.0,0.0,0.0,0.0,75.5,75.5,0.0,173.75,173.75,0.0,0.0,0.0,0.0,0.0,0.0,0.0,
495177,COMMUNITY MEMORIAL HOSPITAL HUNDLEY CENTER,SOUTH HILL,VA,Mecklenburg,117,2020Q2,20200510,92,0.0,0.0,0.0,99.25,11.75,87.5,0.0,0.0,0.0,0.0,0.0,0.0,77.5,77.5,0.0,166.0,166.0,0.0,0.0,0.0,0.0,0.0,0.0,0.0,
495177,COMMUNITY MEMORIAL HOSPITAL HUNDLEY CENTER,SOUTH HILL,VA,Mecklenburg,117,2020Q2,20200511,92,4.8,4.8,0.0,111.25,36.25,75.0,16.5,16.5,0.0,0.0,0.0,0.0,118.5,118.5,0.0,212.25,212.25,0.0,0.0,0.0,0.0,0.0,0.0,0.0,
495177,COMMUNITY MEMORIAL HOSPITAL HUNDLEY CENTER,SOUTH HILL,VA,Mecklenburg,117,2020Q2,20200512,91,4.8,4.8,0.0,151.0,44.75,106.25,18.03,18.03,0.0,0.0,0.0,0.0,133.5,133.5,0.0,207.0,207.0,0.0,0.0,0.0,0.0,0.0,0.0,0.0,
495177,COMMUNITY MEMORIAL HOSPITAL HUNDLEY CENTER,SOUTH HILL,VA,Mecklenburg,117,2020Q2,20200513,92,4.8,4.8,0.0,108.48,34.48,74.0,14.0,14.0,0.0,0.0,0.0,0.0,123.25,123.25,0.0,204.25,204.25,0.0,0.0,0.0,0.0,0.0,0.0,0.0,
495177,COMMUNITY MEMORIAL HOSPITAL HUNDLEY CENTER,SOUTH HILL,VA,Mecklenburg,117,2020Q2,20200514,89,4.8,4.8,0.0,110.25,23.5,86.75,15.0,15.0,0.0,0.0,0.0,0.0,104.75,104.75,0.0,204.0,204.0,0.0,0.0,0.0,0.0,0.0,0.0,0.0,
495177,COMMUNITY MEMORIAL HOSPITAL HUNDLEY CENTER,SOUTH HILL,VA,Mecklenburg,117,2020Q2,20200515,91,4.8,4.8,0.0,116.0,16.75,99.25,16.5,16.5,0.0,0.0,0.0,0.0,80.25,80.25,0.0,164.25,164.25,0.0,0.0,0.0,0.0,0.0,0.0,0.0,
495177,COMMUNITY MEMORIAL HOSPITAL HUNDLEY CENTER,SOUTH HILL,VA,Mecklenburg,117,2020Q2,20200516,91,0.0,0.0,0.0,119.0,13.25,105.75,0.0,0.0,0.0,0.0,0.0,0.0,105.75,105.75,0.0,171.25,171.25,0.0,0.0,0.0,0.0,0.0,0.0,0.0,
495177,COMMUNITY MEMORIAL HOSPITAL HUNDLEY CENTER,SOUTH HILL,VA,Mecklenburg,117,2020Q2,20200517,91,0.0,0.0,0.0,106.25,12.25,94.0,0.0,0.0,0.0,0.0,0.0,0.0,114.0,114.0,0.0,131.0,131.0,0.0,0.0,0.0,0.0,0.0,0.0,0.0,
495177,COMMUNITY MEMORIAL HOSPITAL HUNDLEY CENTER,SOUTH HILL,VA,Mecklenburg,117,2020Q2,20200518,89,4.8,4.8,0.0,131.5,50.75,80.75,15.75,15.75,0.0,0.0,0.0,0.0,120.75,120.75,0.0,186.6,186.6,0.0,0.0,0.0,0.0,0.0,0.0,0.0,
495177,COMMUNITY MEMORIAL HOSPITAL HUNDLEY CENTER,SOUTH HILL,VA,Mecklenburg,117,2020Q2,20200519,90,4.8,4.8,0.0,129.5,41.25,88.25,9.0,9.0,0.0,0.0,0.0,0.0,86.5,86.5,0.0,168.25,168.25,0.0,0.0,0.0,0.0,0.0,0.0,0.0,
495177,COMMUNITY MEMORIAL HOSPITAL HUNDLEY CENTER,SOUTH HILL,VA,Mecklenburg,117,2020Q2,20200520,92,4.8,4.8,0.0,163.0,34.25,128.75,18.25,18.25,0.0,0.0,0.0,0.0,73.5,73.5,0.0,213.03,213.03,0.0,0.0,0.0,0.0,0.0,0.0,0.0,
495177,COMMUNITY MEMORIAL HOSPITAL HUNDLEY CENTER,SOUTH HILL,VA,Mecklenburg,117,2020Q2,20200521,93,4.8,4.8,0.0,105.75,30.5,75.25,8.75,8.75,0.0,0.0,0.0,0.0,105.75,105.75,0.0,197.0,197.0,0.0,0.0,0.0,0.0,0.0,0.0,0.0,
495177,COMMUNITY MEMORIAL HOSPITAL HUNDLEY CENTER,SOUTH HILL,VA,Mecklenburg,117,2020Q2,20200522,92,4.8,4.8,0.0,116.75,17.75,99.0,8.0,8.0,0.0,0.0,0.0,0.0,80.75,80.75,0.0,202.0,202.0,0.0,0.0,0.0,0.0,0.0,0.0,0.0,
495177,COMMUNITY MEMORIAL HOSPITAL HUNDLEY CENTER,SOUTH HILL,VA,Mecklenburg,117,2020Q2,20200523,90,0.0,0.0,0.0,108.0,12.5,95.5,0.0,0.0,0.0,0.0,0.0,0.0,72.25,72.25,0.0,192.75,192.75,0.0,0.0,0.0,0.0,0.0,0.0,0.0,
495177,COMMUNITY MEMORIAL HOSPITAL HUNDLEY CENTER,SOUTH HILL,VA,Mecklenburg,117,2020Q2,20200524,90,0.0,0.0,0.0,116.25,12.5,103.75,0.0,0.0,0.0,0.0,0.0,0.0,65.25,65.25,0.0,184.03,184.03,0.0,0.0,0.0,0.0,0.0,0.0,0.0,
495177,COMMUNITY MEMORIAL HOSPITAL HUNDLEY CENTER,SOUTH HILL,VA,Mecklenburg,117,2020Q2,20200525,89,4.8,4.8,0.0,131.25,32.0,99.25,9.75,9.75,0.0,0.0,0.0,0.0,125.5,125.5,0.0,183.25,183.25,0.0,0.0,0.0,0.0,0.0,0.0,0.0,
495177,COMMUNITY MEMORIAL HOSPITAL HUNDLEY CENTER,SOUTH HILL,VA,Mecklenburg,117,2020Q2,20200526,89,4.8,4.8,0.0,148.2,38.7,109.5,17.25,17.25,0.0,0.0,0.0,0.0,97.25,97.25,0.0,181.5,181.5,0.0,0.0,0.0,0.0,0.0,0.0,0.0,
495177,COMMUNITY MEMORIAL HOSPITAL HUNDLEY CENTER,SOUTH HILL,VA,Mecklenburg,117,2020Q2,20200527,90,4.8,4.8,0.0,95.0,26.5,68.5,7.5,7.5,0.0,0.0,0.0,0.0,122.25,122.25,0.0,185.75,185.75,0.0,0.0,0.0,0.0,0.0,0.0,0.0,
495177,COMMUNITY MEMORIAL HOSPITAL HUNDLEY CENTER,SOUTH HILL,VA,Mecklenburg,117,2020Q2,20200528,90,4.8,4.8,0.0,130.25,24.25,106.0,17.25,17.25,0.0,0.0,0.0,0.0,85.0,85.0,0.0,190.5,190.5,0.0,0.0,0.0,0.0,0.0,0.0,0.0,
495177,COMMUNITY MEMORIAL HOSPITAL HUNDLEY CENTER,SOUTH HILL,VA,Mecklenburg,117,2020Q2,20200529,92,4.8,4.8,0.0,128.0,31.75,96.25,16.25,16.25,0.0,0.0,0.0,0.0,119.0,119.0,0.0,177.3,177.3,0.0,0.0,0.0,0.0,0.0,0.0,0.0,
495177,COMMUNITY MEMORIAL HOSPITAL HUNDLEY CENTER,SOUTH HILL,VA,Mecklenburg,117,2020Q2,20200530,92,0.0,0.0,0.0,93.75,12.75,81.0,0.0,0.0,0.0,0.0,0.0,0.0,102.0,102.0,0.0,175.0,175.0,0.0,0.0,0.0,0.0,0.0,0.0,0.0,
495177,COMMUNITY MEMORIAL HOSPITAL HUNDLEY CENTER,SOUTH HILL,VA,Mecklenburg,117,2020Q2,20200531,91,0.0,0.0,0.0,98.25,13.0,85.25,0.0,0.0,0.0,0.0,0.0,0.0,85.75,85.75,0.0,174.0,174.0,0.0,0.0,0.0,0.0,0.0,0.0,0.0,
495177,COMMUNITY MEMORIAL HOSPITAL HUNDLEY CENTER,SOUTH HILL,VA,Mecklenburg,117,2020Q2,20200601,93,4.8,4.8,0.0,150.75,42.5,108.25,15.75,15.75,0.0,0.0,0.0,0.0,104.5,104.5,0.0,182.5,182.5,0.0,0.0,0.0,0.0,0.0,0.0,0.0,
495177,COMMUNITY MEMORIAL HOSPITAL HUNDLEY CENTER,SOUTH HILL,VA,Mecklenburg,117,2020Q2,20200602,93,4.8,4.8,0.0,126.45,35.45,91.0,16.25,16.25,0.0,0.0,0.0,0.0,109.5,109.5,0.0,242.75,242.75,0.0,0.0,0.0,0.0,0.0,0.0,0.0,
495177,COMMUNITY MEMORIAL HOSPITAL HUNDLEY CENTER,SOUTH HILL,VA,Mecklenburg,117,2020Q2,20200603,93,4.8,4.8,0.0,140.25,43.25,97.0,16.0,16.0,0.0,0.0,0.0,0.0,119.25,119.25,0.0,204.75,204.75,0.0,0.0,0.0,0.0,0.0,0.0,0.0,
495177,COMMUNITY MEMORIAL HOSPITAL HUNDLEY CENTER,SOUTH HILL,VA,Mecklenburg,117,2020Q2,20200604,94,4.8,4.8,0.0,109.0,45.25,63.75,16.75,16.75,0.0,0.0,0.0,0.0,129.75,129.75,0.0,210.75,210.75,0.0,0.0,0.0,0.0,0.0,0.0,0.0,
495177,COMMUNITY MEMORIAL HOSPITAL HUNDLEY CENTER,SOUTH HILL,VA,Mecklenburg,117,2020Q2,20200605,92,4.8,4.8,0.0,154.0,31.0,123.0,16.5,16.5,0.0,0.0,0.0,0.0,98.25,98.25,0.0,168.25,168.25,0.0,0.0,0.0,0.0,0.0,0.0,0.0,
495177,COMMUNITY MEMORIAL HOSPITAL HUNDLEY CENTER,SOUTH HILL,VA,Mecklenburg,117,2020Q2,20200606,94,0.0,0.0,0.0,98.75,14.5,84.25,0.0,0.0,0.0,0.0,0.0,0.0,81.75,81.75,0.0,186.75,186.75,0.0,0.0,0.0,0.0,0.0,0.0,0.0,
495177,COMMUNITY MEMORIAL HOSPITAL HUNDLEY CENTER,SOUTH HILL,VA,Mecklenburg,117,2020Q2,20200607,93,0.0,0.0,0.0,111.0,3.0,108.0,0.0,0.0,0.0,0.0,0.0,0.0,77.5,77.5,0.0,175.25,175.25,0.0,0.0,0.0,0.0,0.0,0.0,0.0,
495177,COMMUNITY MEMORIAL HOSPITAL HUNDLEY CENTER,SOUTH HILL,VA,Mecklenburg,117,2020Q2,20200608,92,4.8,4.8,0.0,141.58,43.58,98.0,17.75,17.75,0.0,0.0,0.0,0.0,90.75,90.75,0.0,184.75,184.75,0.0,0.0,0.0,0.0,0.0,0.0,0.0,
495177,COMMUNITY MEMORIAL HOSPITAL HUNDLEY CENTER,SOUTH HILL,VA,Mecklenburg,117,2020Q2,20200609,92,4.8,4.8,0.0,118.22,52.47,65.75,16.0,16.0,0.0,0.0,0.0,0.0,114.25,114.25,0.0,202.25,202.25,0.0,0.0,0.0,0.0,0.0,0.0,0.0,
495177,COMMUNITY MEMORIAL HOSPITAL HUNDLEY CENTER,SOUTH HILL,VA,Mecklenburg,117,2020Q2,20200610,91,4.8,4.8,0.0,132.25,53.25,79.0,17.75,17.75,0.0,0.0,0.0,0.0,117.0,117.0,0.0,208.5,208.5,0.0,0.0,0.0,0.0,0.0,0.0,0.0,
495177,COMMUNITY MEMORIAL HOSPITAL HUNDLEY CENTER,SOUTH HILL,VA,Mecklenburg,117,2020Q2,20200611,91,4.8,4.8,0.0,136.25,48.0,88.25,18.5,18.5,0.0,0.0,0.0,0.0,109.5,109.5,0.0,202.75,202.75,0.0,0.0,0.0,0.0,0.0,0.0,0.0,
495177,COMMUNITY MEMORIAL HOSPITAL HUNDLEY CENTER,SOUTH HILL,VA,Mecklenburg,117,2020Q2,20200612,91,4.8,4.8,0.0,125.5,35.25,90.25,8.0,8.0,0.0,0.0,0.0,0.0,101.5,101.5,0.0,179.5,179.5,0.0,0.0,0.0,0.0,0.0,0.0,0.0,
495177,COMMUNITY MEMORIAL HOSPITAL HUNDLEY CENTER,SOUTH HILL,VA,Mecklenburg,117,2020Q2,20200613,90,0.0,0.0,0.0,115.5,12.5,103.0,0.0,0.0,0.0,0.0,0.0,0.0,107.5,107.5,0.0,174.5,174.5,0.0,0.0,0.0,0.0,0.0,0.0,0.0,
495177,COMMUNITY MEMORIAL HOSPITAL HUNDLEY CENTER,SOUTH HILL,VA,Mecklenburg,117,2020Q2,20200614,90,0.0,0.0,0.0,90.5,15.5,75.0,0.0,0.0,0.0,0.0,0.0,0.0,111.5,111.5,0.0,165.25,165.25,0.0,0.0,0.0,0.0,0.0,0.0,0.0,
495177,COMMUNITY MEMORIAL HOSPITAL HUNDLEY CENTER,SOUTH HILL,VA,Mecklenburg,117,2020Q2,20200615,92,4.8,4.8,0.0,143.25,61.25,82.0,9.0,9.0,0.0,0.0,0.0,0.0,118.5,118.5,0.0,205.0,205.0,0.0,0.0,0.0,0.0,0.0,0.0,0.0,
495177,COMMUNITY MEMORIAL HOSPITAL HUNDLEY CENTER,SOUTH HILL,VA,Mecklenburg,117,2020Q2,20200616,93,4.8,4.8,0.0,168.5,46.0,122.5,16.75,16.75,0.0,0.0,0.0,0.0,96.0,96.0,0.0,219.5,219.5,0.0,0.0,0.0,0.0,0.0,0.0,0.0,
495177,COMMUNITY MEMORIAL HOSPITAL HUNDLEY CENTER,SOUTH HILL,VA,Mecklenburg,117,2020Q2,20200617,94,4.8,4.8,0.0,147.75,46.75,101.0,16.5,16.5,0.0,0.0,0.0,0.0,118.75,118.75,0.0,196.75,196.75,0.0,0.0,0.0,0.0,0.0,0.0,0.0,
495177,COMMUNITY MEMORIAL HOSPITAL HUNDLEY CENTER,SOUTH HILL,VA,Mecklenburg,117,2020Q2,20200618,93,4.8,4.8,0.0,166.25,46.25,120.0,8.0,8.0,0.0,0.0,0.0,0.0,153.75,153.75,0.0,179.0,179.0,0.0,0.0,0.0,0.0,0.0,0.0,0.0,
495177,COMMUNITY MEMORIAL HOSPITAL HUNDLEY CENTER,SOUTH HILL,VA,Mecklenburg,117,2020Q2,20200619,92,4.8,4.8,0.0,174.83,36.0,138.83,0.0,0.0,0.0,0.0,0.0,0.0,112.5,112.5,0.0,205.0,205.0,0.0,0.0,0.0,0.0,0.0,0.0,0.0,
495177,COMMUNITY MEMORIAL HOSPITAL HUNDLEY CENTER,SOUTH HILL,VA,Mecklenburg,117,2020Q2,20200620,92,0.0,0.0,0.0,87.0,12.75,74.25,0.0,0.0,0.0,0.0,0.0,0.0,85.25,85.25,0.0,204.5,204.5,0.0,0.0,0.0,0.0,0.0,0.0,0.0,
495177,COMMUNITY MEMORIAL HOSPITAL HUNDLEY CENTER,SOUTH HILL,VA,Mecklenburg,117,2020Q2,20200621,92,0.0,0.0,0.0,87.5,13.25,74.25,0.0,0.0,0.0,0.0,0.0,0.0,75.25,75.25,0.0,187.25,187.25,0.0,0.0,0.0,0.0,0.0,0.0,0.0,
495177,COMMUNITY MEMORIAL HOSPITAL HUNDLEY CENTER,SOUTH HILL,VA,Mecklenburg,117,2020Q2,20200622,91,4.8,4.8,0.0,175.68,59.75,115.93,9.25,9.25,0.0,0.0,0.0,0.0,124.0,124.0,0.0,158.5,158.5,0.0,0.0,0.0,0.0,0.0,0.0,0.0,
495177,COMMUNITY MEMORIAL HOSPITAL HUNDLEY CENTER,SOUTH HILL,VA,Mecklenburg,117,2020Q2,20200623,91,4.8,4.8,0.0,122.25,27.0,95.25,18.25,18.25,0.0,0.0,0.0,0.0,97.75,97.75,0.0,201.5,201.5,0.0,0.0,0.0,0.0,0.0,0.0,0.0,
495177,COMMUNITY MEMORIAL HOSPITAL HUNDLEY CENTER,SOUTH HILL,VA,Mecklenburg,117,2020Q2,20200624,90,4.8,4.8,0.0,154.0,49.75,104.25,8.75,8.75,0.0,0.0,0.0,0.0,126.25,126.25,0.0,211.53,211.53,0.0,0.0,0.0,0.0,0.0,0.0,0.0,
495177,COMMUNITY MEMORIAL HOSPITAL HUNDLEY CENTER,SOUTH HILL,VA,Mecklenburg,117,2020Q2,20200625,92,4.8,4.8,0.0,132.0,48.5,83.5,8.0,8.0,0.0,0.0,0.0,0.0,126.75,126.75,0.0,189.9,189.9,0.0,0.0,0.0,0.0,0.0,0.0,0.0,
495177,COMMUNITY MEMORIAL HOSPITAL HUNDLEY CENTER,SOUTH HILL,VA,Mecklenburg,117,2020Q2,20200626,92,4.8,4.8,0.0,149.0,33.75,115.25,8.25,8.25,0.0,0.0,0.0,0.0,125.5,125.5,0.0,168.18,168.18,0.0,0.0,0.0,0.0,0.0,0.0,0.0,
495177,COMMUNITY MEMORIAL HOSPITAL HUNDLEY CENTER,SOUTH HILL,VA,Mecklenburg,117,2020Q2,20200627,90,0.0,0.0,0.0,107.25,12.25,95.0,0.0,0.0,0.0,0.0,0.0,0.0,79.5,79.5,0.0,177.03,177.03,0.0,0.0,0.0,0.0,0.0,0.0,0.0,
495177,COMMUNITY MEMORIAL HOSPITAL HUNDLEY CENTER,SOUTH HILL,VA,Mecklenburg,117,2020Q2,20200628,90,0.0,0.0,0.0,99.0,12.25,86.75,0.0,0.0,0.0,0.0,0.0,0.0,89.25,89.25,0.0,170.75,170.75,0.0,0.0,0.0,0.0,0.0,0.0,0.0,
495177,COMMUNITY MEMORIAL HOSPITAL HUNDLEY CENTER,SOUTH HILL,VA,Mecklenburg,117,2020Q2,20200629,90,4.8,4.8,0.0,171.75,64.75,107.0,8.25,8.25,0.0,0.0,0.0,0.0,131.75,131.75,0.0,219.25,219.25,0.0,0.0,0.0,0.0,0.0,0.0,0.0,
495177,COMMUNITY MEMORIAL HOSPITAL HUNDLEY CENTER,SOUTH HILL,VA,Mecklenburg,117,2020Q2,20200630,91,4.8,4.8,0.0,154.0,45.75,108.25,16.0,16.0,0.0,0.0,0.0,0.0,89.25,89.25,0.0,212.0,212.0,0.0,0.0,0.0,0.0,0.0,0.0,0.0,
495177,COMMUNITY MEMORIAL HOSPITAL HUNDLEY CENTER,SOUTH HILL,VA,Mecklenburg,117,2020Q3,20200701,94,4.8,4.8,0.0,155.75,50.0,105.75,16.75,16.75,0.0,0.0,0.0,0.0,121.25,121.25,0.0,214.5,214.5,0.0,0.0,0.0,0.0,0.0,0.0,0.0,
495177,COMMUNITY MEMORIAL HOSPITAL HUNDLEY CENTER,SOUTH HILL,VA,Mecklenburg,117,2020Q3,20200702,94,4.8,4.8,0.0,129.0,24.75,104.25,7.75,7.75,0.0,0.0,0.0,0.0,127.25,127.25,0.0,170.75,170.75,0.0,0.0,0.0,0.0,0.0,0.0,0.0,
495177,COMMUNITY MEMORIAL HOSPITAL HUNDLEY CENTER,SOUTH HILL,VA,Mecklenburg,117,2020Q3,20200703,92,4.8,4.8,0.0,120.03,16.25,103.78,5.25,5.25,0.0,0.0,0.0,0.0,119.5,119.5,0.0,205.5,205.5,0.0,0.0,0.0,0.0,0.0,0.0,0.0,
495177,COMMUNITY MEMORIAL HOSPITAL HUNDLEY CENTER,SOUTH HILL,VA,Mecklenburg,117,2020Q3,20200704,92,0.0,0.0,0.0,120.5,12.75,107.75,0.0,0.0,0.0,0.0,0.0,0.0,73.25,73.25,0.0,179.75,179.75,0.0,0.0,0.0,0.0,0.0,0.0,0.0,
495177,COMMUNITY MEMORIAL HOSPITAL HUNDLEY CENTER,SOUTH HILL,VA,Mecklenburg,117,2020Q3,20200705,91,0.0,0.0,0.0,117.0,10.5,106.5,0.0,0.0,0.0,0.0,0.0,0.0,83.5,83.5,0.0,186.75,186.75,0.0,0.0,0.0,0.0,0.0,0.0,0.0,
495177,COMMUNITY MEMORIAL HOSPITAL HUNDLEY CENTER,SOUTH HILL,VA,Mecklenburg,117,2020Q3,20200706,91,4.8,4.8,0.0,129.0,33.75,95.25,8.5,8.5,0.0,0.0,0.0,0.0,108.75,108.75,0.0,182.75,182.75,0.0,0.0,0.0,0.0,0.0,0.0,0.0,
495177,COMMUNITY MEMORIAL HOSPITAL HUNDLEY CENTER,SOUTH HILL,VA,Mecklenburg,117,2020Q3,20200707,90,4.8,4.8,0.0,116.75,36.75,80.0,8.0,8.0,0.0,0.0,0.0,0.0,121.0,121.0,0.0,220.0,220.0,0.0,0.0,0.0,0.0,0.0,0.0,0.0,
495177,COMMUNITY MEMORIAL HOSPITAL HUNDLEY CENTER,SOUTH HILL,VA,Mecklenburg,117,2020Q3,20200708,91,4.8,4.8,0.0,134.0,27.0,107.0,8.75,8.75,0.0,0.0,0.0,0.0,136.0,136.0,0.0,240.82,240.82,0.0,0.0,0.0,0.0,0.0,0.0,0.0,
495177,COMMUNITY MEMORIAL HOSPITAL HUNDLEY CENTER,SOUTH HILL,VA,Mecklenburg,117,2020Q3,20200709,94,4.8,4.8,0.0,172.25,28.75,143.5,16.75,16.75,0.0,0.0,0.0,0.0,81.5,81.5,0.0,204.5,204.5,0.0,0.0,0.0,0.0,0.0,0.0,0.0,
495177,COMMUNITY MEMORIAL HOSPITAL HUNDLEY CENTER,SOUTH HILL,VA,Mecklenburg,117,2020Q3,20200710,94,4.8,4.8,0.0,141.0,24.75,116.25,16.25,16.25,0.0,0.0,0.0,0.0,80.25,80.25,0.0,157.0,157.0,0.0,0.0,0.0,0.0,0.0,0.0,0.0,
495177,COMMUNITY MEMORIAL HOSPITAL HUNDLEY CENTER,SOUTH HILL,VA,Mecklenburg,117,2020Q3,20200711,94,0.0,0.0,0.0,97.0,0.0,97.0,0.0,0.0,0.0,0.0,0.0,0.0,102.5,102.5,0.0,186.75,186.75,0.0,0.0,0.0,0.0,0.0,0.0,0.0,
495177,COMMUNITY MEMORIAL HOSPITAL HUNDLEY CENTER,SOUTH HILL,VA,Mecklenburg,117,2020Q3,20200712,94,0.0,0.0,0.0,122.75,0.0,122.75,0.0,0.0,0.0,0.0,0.0,0.0,109.25,109.25,0.0,172.0,172.0,0.0,0.0,0.0,0.0,0.0,0.0,0.0,
495177,COMMUNITY MEMORIAL HOSPITAL HUNDLEY CENTER,SOUTH HILL,VA,Mecklenburg,117,2020Q3,20200713,93,4.8,4.8,0.0,137.75,43.75,94.0,8.25,8.25,0.0,0.0,0.0,0.0,131.25,131.25,0.0,186.5,186.5,0.0,0.0,0.0,0.0,0.0,0.0,0.0,
495177,COMMUNITY MEMORIAL HOSPITAL HUNDLEY CENTER,SOUTH HILL,VA,Mecklenburg,117,2020Q3,20200714,93,4.8,4.8,0.0,140.5,46.0,94.5,8.25,8.25,0.0,0.0,0.0,0.0,105.25,105.25,0.0,228.25,228.25,0.0,0.0,0.0,0.0,0.0,0.0,0.0,
495177,COMMUNITY MEMORIAL HOSPITAL HUNDLEY CENTER,SOUTH HILL,VA,Mecklenburg,117,2020Q3,20200715,95,4.8,4.8,0.0,131.0,49.75,81.25,9.0,9.0,0.0,0.0,0.0,0.0,120.5,120.5,0.0,205.75,205.75,0.0,0.0,0.0,0.0,0.0,0.0,0.0,
495177,COMMUNITY MEMORIAL HOSPITAL HUNDLEY CENTER,SOUTH HILL,VA,Mecklenburg,117,2020Q3,20200716,95,4.8,4.8,0.0,182.0,35.25,146.75,8.0,8.0,0.0,0.0,0.0,0.0,116.25,116.25,0.0,199.25,199.25,0.0,0.0,0.0,0.0,0.0,0.0,0.0,
495177,COMMUNITY MEMORIAL HOSPITAL HUNDLEY CENTER,SOUTH HILL,VA,Mecklenburg,117,2020Q3,20200717,96,4.8,4.8,0.0,169.75,17.75,152.0,8.25,8.25,0.0,0.0,0.0,0.0,110.75,110.75,0.0,184.75,184.75,0.0,0.0,0.0,0.0,0.0,0.0,0.0,
495177,COMMUNITY MEMORIAL HOSPITAL HUNDLEY CENTER,SOUTH HILL,VA,Mecklenburg,117,2020Q3,20200718,96,0.0,0.0,0.0,85.75,0.0,85.75,0.0,0.0,0.0,0.0,0.0,0.0,81.25,81.25,0.0,177.0,177.0,0.0,0.0,0.0,0.0,0.0,0.0,0.0,
495177,COMMUNITY MEMORIAL HOSPITAL HUNDLEY CENTER,SOUTH HILL,VA,Mecklenburg,117,2020Q3,20200719,96,0.0,0.0,0.0,112.25,0.0,112.25,0.0,0.0,0.0,0.0,0.0,0.0,83.25,83.25,0.0,143.75,143.75,0.0,0.0,0.0,0.0,0.0,0.0,0.0,
495177,COMMUNITY MEMORIAL HOSPITAL HUNDLEY CENTER,SOUTH HILL,VA,Mecklenburg,117,2020Q3,20200720,97,4.8,4.8,0.0,138.0,46.25,91.75,8.0,8.0,0.0,0.0,0.0,0.0,118.75,118.75,0.0,165.25,165.25,0.0,0.0,0.0,0.0,0.0,0.0,0.0,
495177,COMMUNITY MEMORIAL HOSPITAL HUNDLEY CENTER,SOUTH HILL,VA,Mecklenburg,117,2020Q3,20200721,96,4.8,4.8,0.0,142.5,36.75,105.75,8.0,8.0,0.0,0.0,0.0,0.0,116.25,116.25,0.0,168.0,168.0,0.0,0.0,0.0,0.0,0.0,0.0,0.0,
495177,COMMUNITY MEMORIAL HOSPITAL HUNDLEY CENTER,SOUTH HILL,VA,Mecklenburg,117,2020Q3,20200722,96,4.8,4.8,0.0,161.75,27.0,134.75,8.0,8.0,0.0,0.0,0.0,0.0,137.5,137.5,0.0,229.0,229.0,0.0,0.0,0.0,0.0,0.0,0.0,0.0,
495177,COMMUNITY MEMORIAL HOSPITAL HUNDLEY CENTER,SOUTH HILL,VA,Mecklenburg,117,2020Q3,20200723,96,4.8,4.8,0.0,128.25,43.5,84.75,7.75,7.75,0.0,0.0,0.0,0.0,118.0,118.0,0.0,188.75,188.75,0.0,0.0,0.0,0.0,0.0,0.0,0.0,
495177,COMMUNITY MEMORIAL HOSPITAL HUNDLEY CENTER,SOUTH HILL,VA,Mecklenburg,117,2020Q3,20200724,95,4.8,4.8,0.0,117.75,27.25,90.5,7.25,7.25,0.0,0.0,0.0,0.0,93.75,93.75,0.0,147.0,147.0,0.0,0.0,0.0,0.0,0.0,0.0,0.0,
495177,COMMUNITY MEMORIAL HOSPITAL HUNDLEY CENTER,SOUTH HILL,VA,Mecklenburg,117,2020Q3,20200725,94,0.0,0.0,0.0,83.0,0.25,82.75,0.0,0.0,0.0,0.0,0.0,0.0,103.0,103.0,0.0,182.75,182.75,0.0,0.0,0.0,0.0,0.0,0.0,0.0,
495177,COMMUNITY MEMORIAL HOSPITAL HUNDLEY CENTER,SOUTH HILL,VA,Mecklenburg,117,2020Q3,20200726,94,0.0,0.0,0.0,87.25,0.0,87.25,0.0,0.0,0.0,0.0,0.0,0.0,109.75,109.75,0.0,188.25,188.25,0.0,0.0,0.0,0.0,0.0,0.0,0.0,
495177,COMMUNITY MEMORIAL HOSPITAL HUNDLEY CENTER,SOUTH HILL,VA,Mecklenburg,117,2020Q3,20200727,94,4.8,4.8,0.0,122.75,28.5,94.25,5.5,5.5,0.0,0.0,0.0,0.0,82.75,82.75,0.0,181.25,181.25,0.0,0.0,0.0,0.0,0.0,0.0,0.0,
495177,COMMUNITY MEMORIAL HOSPITAL HUNDLEY CENTER,SOUTH HILL,VA,Mecklenburg,117,2020Q3,20200728,90,4.8,4.8,0.0,124.0,34.25,89.75,7.25,7.25,0.0,0.0,0.0,0.0,132.0,132.0,0.0,215.0,215.0,0.0,0.0,0.0,0.0,0.0,0.0,0.0,
495177,COMMUNITY MEMORIAL HOSPITAL HUNDLEY CENTER,SOUTH HILL,VA,Mecklenburg,117,2020Q3,20200729,88,4.8,4.8,0.0,153.75,44.25,109.5,10.25,10.25,0.0,0.0,0.0,0.0,122.75,122.75,0.0,207.5,207.5,0.0,0.0,0.0,0.0,0.0,0.0,0.0,
495177,COMMUNITY MEMORIAL HOSPITAL HUNDLEY CENTER,SOUTH HILL,VA,Mecklenburg,117,2020Q3,20200730,87,4.8,4.8,0.0,151.5,25.75,125.75,7.75,7.75,0.0,0.0,0.0,0.0,82.5,82.5,0.0,180.0,180.0,0.0,0.0,0.0,0.0,0.0,0.0,0.0,
495177,COMMUNITY MEMORIAL HOSPITAL HUNDLEY CENTER,SOUTH HILL,VA,Mecklenburg,117,2020Q3,20200731,87,4.8,4.8,0.0,198.25,27.0,171.25,5.25,5.25,0.0,0.0,0.0,0.0,50.25,50.25,0.0,138.75,138.75,0.0,0.0,0.0,0.0,0.0,0.0,0.0,
495177,COMMUNITY MEMORIAL HOSPITAL HUNDLEY CENTER,SOUTH HILL,VA,Mecklenburg,117,2020Q3,20200801,85,0.0,0.0,0.0,106.5,0.0,106.5,0.0,0.0,0.0,0.0,0.0,0.0,81.25,81.25,0.0,226.25,226.25,0.0,0.0,0.0,0.0,0.0,0.0,0.0,
495177,COMMUNITY MEMORIAL HOSPITAL HUNDLEY CENTER,SOUTH HILL,VA,Mecklenburg,117,2020Q3,20200802,84,0.0,0.0,0.0,104.0,0.0,104.0,0.0,0.0,0.0,0.0,0.0,0.0,83.5,83.5,0.0,179.25,179.25,0.0,0.0,0.0,0.0,0.0,0.0,0.0,
495177,COMMUNITY MEMORIAL HOSPITAL HUNDLEY CENTER,SOUTH HILL,VA,Mecklenburg,117,2020Q3,20200803,84,4.8,4.8,0.0,136.75,43.5,93.25,5.0,5.0,0.0,0.0,0.0,0.0,94.25,94.25,0.0,187.5,187.5,0.0,0.0,0.0,0.0,0.0,0.0,0.0,
495177,COMMUNITY MEMORIAL HOSPITAL HUNDLEY CENTER,SOUTH HILL,VA,Mecklenburg,117,2020Q3,20200804,85,4.8,4.8,0.0,124.5,45.0,79.5,8.0,8.0,0.0,0.0,0.0,0.0,129.5,129.5,0.0,198.5,198.5,0.0,0.0,0.0,0.0,0.0,0.0,0.0,
495177,COMMUNITY MEMORIAL HOSPITAL HUNDLEY CENTER,SOUTH HILL,VA,Mecklenburg,117,2020Q3,20200805,84,4.8,4.8,0.0,189.5,53.25,136.25,8.75,8.75,0.0,0.0,0.0,0.0,131.25,131.25,0.0,229.28,229.28,0.0,0.0,0.0,0.0,0.0,0.0,0.0,
495177,COMMUNITY MEMORIAL HOSPITAL HUNDLEY CENTER,SOUTH HILL,VA,Mecklenburg,117,2020Q3,20200806,84,4.8,4.8,0.0,144.25,35.75,108.5,8.0,8.0,0.0,0.0,0.0,0.0,139.0,139.0,0.0,185.75,185.75,0.0,0.0,0.0,0.0,0.0,0.0,0.0,
495177,COMMUNITY MEMORIAL HOSPITAL HUNDLEY CENTER,SOUTH HILL,VA,Mecklenburg,117,2020Q3,20200807,85,4.8,4.8,0.0,197.75,27.0,170.75,7.25,7.25,0.0,0.0,0.0,0.0,83.0,83.0,0.0,197.25,197.25,0.0,0.0,0.0,0.0,0.0,0.0,0.0,
495177,COMMUNITY MEMORIAL HOSPITAL HUNDLEY CENTER,SOUTH HILL,VA,Mecklenburg,117,2020Q3,20200808,85,0.0,0.0,0.0,120.25,0.0,120.25,0.0,0.0,0.0,0.0,0.0,0.0,94.25,94.25,0.0,185.0,185.0,0.0,0.0,0.0,0.0,0.0,0.0,0.0,
495177,COMMUNITY MEMORIAL HOSPITAL HUNDLEY CENTER,SOUTH HILL,VA,Mecklenburg,117,2020Q3,20200809,84,0.0,0.0,0.0,132.0,0.0,132.0,0.0,0.0,0.0,0.0,0.0,0.0,97.75,97.75,0.0,147.5,147.5,0.0,0.0,0.0,0.0,0.0,0.0,0.0,
495177,COMMUNITY MEMORIAL HOSPITAL HUNDLEY CENTER,SOUTH HILL,VA,Mecklenburg,117,2020Q3,20200810,86,4.8,4.8,0.0,141.75,49.5,92.25,8.25,8.25,0.0,0.0,0.0,0.0,124.0,124.0,0.0,174.5,174.5,0.0,0.0,0.0,0.0,0.0,0.0,0.0,
495177,COMMUNITY MEMORIAL HOSPITAL HUNDLEY CENTER,SOUTH HILL,VA,Mecklenburg,117,2020Q3,20200811,86,4.8,4.8,0.0,132.5,37.75,94.75,8.75,8.75,0.0,0.0,0.0,0.0,108.25,108.25,0.0,197.25,197.25,0.0,0.0,0.0,0.0,0.0,0.0,0.0,
495177,COMMUNITY MEMORIAL HOSPITAL HUNDLEY CENTER,SOUTH HILL,VA,Mecklenburg,117,2020Q3,20200812,86,4.8,4.8,0.0,194.0,46.75,147.25,0.0,0.0,0.0,0.0,0.0,0.0,132.5,132.5,0.0,217.0,217.0,0.0,0.0,0.0,0.0,0.0,0.0,0.0,
495177,COMMUNITY MEMORIAL HOSPITAL HUNDLEY CENTER,SOUTH HILL,VA,Mecklenburg,117,2020Q3,20200813,85,4.8,4.8,0.0,157.25,31.75,125.5,8.25,8.25,0.0,0.0,0.0,0.0,124.5,124.5,0.0,215.52,215.52,0.0,0.0,0.0,0.0,0.0,0.0,0.0,
495177,COMMUNITY MEMORIAL HOSPITAL HUNDLEY CENTER,SOUTH HILL,VA,Mecklenburg,117,2020Q3,20200814,87,4.8,4.8,0.0,153.5,16.5,137.0,7.75,7.75,0.0,0.0,0.0,0.0,67.25,67.25,0.0,197.25,197.25,0.0,0.0,0.0,0.0,0.0,0.0,0.0,
495177,COMMUNITY MEMORIAL HOSPITAL HUNDLEY CENTER,SOUTH HILL,VA,Mecklenburg,117,2020Q3,20200815,86,0.0,0.0,0.0,135.75,17.0,118.75,0.0,0.0,0.0,0.0,0.0,0.0,72.5,72.5,0.0,179.75,179.75,0.0,0.0,0.0,0.0,0.0,0.0,0.0,
495177,COMMUNITY MEMORIAL HOSPITAL HUNDLEY CENTER,SOUTH HILL,VA,Mecklenburg,117,2020Q3,20200816,86,0.0,0.0,0.0,134.75,12.25,122.5,0.0,0.0,0.0,0.0,0.0,0.0,89.5,89.5,0.0,178.75,178.75,0.0,0.0,0.0,0.0,0.0,0.0,0.0,
495177,COMMUNITY MEMORIAL HOSPITAL HUNDLEY CENTER,SOUTH HILL,VA,Mecklenburg,117,2020Q3,20200817,86,4.8,4.8,0.0,170.25,51.5,118.75,8.0,8.0,0.0,0.0,0.0,0.0,127.75,127.75,0.0,202.0,202.0,0.0,0.0,0.0,0.0,0.0,0.0,0.0,
495177,COMMUNITY MEMORIAL HOSPITAL HUNDLEY CENTER,SOUTH HILL,VA,Mecklenburg,117,2020Q3,20200818,87,4.8,4.8,0.0,187.25,41.75,145.5,16.25,16.25,0.0,0.0,0.0,0.0,130.0,130.0,0.0,189.27,189.27,0.0,0.0,0.0,0.0,0.0,0.0,0.0,
495177,COMMUNITY MEMORIAL HOSPITAL HUNDLEY CENTER,SOUTH HILL,VA,Mecklenburg,117,2020Q3,20200819,88,4.8,4.8,0.0,181.5,45.5,136.0,17.0,17.0,0.0,0.0,0.0,0.0,145.25,145.25,0.0,211.07,211.07,0.0,0.0,0.0,0.0,0.0,0.0,0.0,
495177,COMMUNITY MEMORIAL HOSPITAL HUNDLEY CENTER,SOUTH HILL,VA,Mecklenburg,117,2020Q3,20200820,90,4.8,4.8,0.0,142.5,42.25,100.25,16.5,16.5,0.0,0.0,0.0,0.0,133.25,133.25,0.0,202.5,202.5,0.0,0.0,0.0,0.0,0.0,0.0,0.0,
495177,COMMUNITY MEMORIAL HOSPITAL HUNDLEY CENTER,SOUTH HILL,VA,Mecklenburg,117,2020Q3,20200821,90,4.8,4.8,0.0,157.75,20.0,137.75,15.5,15.5,0.0,0.0,0.0,0.0,88.5,88.5,0.0,152.78,152.78,0.0,0.0,0.0,0.0,0.0,0.0,0.0,
495177,COMMUNITY MEMORIAL HOSPITAL HUNDLEY CENTER,SOUTH HILL,VA,Mecklenburg,117,2020Q3,20200822,90,0.0,0.0,0.0,120.0,12.0,108.0,0.0,0.0,0.0,0.0,0.0,0.0,84.0,84.0,0.0,148.5,148.5,0.0,0.0,0.0,0.0,0.0,0.0,0.0,
495177,COMMUNITY MEMORIAL HOSPITAL HUNDLEY CENTER,SOUTH HILL,VA,Mecklenburg,117,2020Q3,20200823,90,0.0,0.0,0.0,110.0,12.0,98.0,0.0,0.0,0.0,0.0,0.0,0.0,99.0,99.0,0.0,153.75,153.75,0.0,0.0,0.0,0.0,0.0,0.0,0.0,
495177,COMMUNITY MEMORIAL HOSPITAL HUNDLEY CENTER,SOUTH HILL,VA,Mecklenburg,117,2020Q3,20200824,89,4.8,4.8,0.0,168.0,59.5,108.5,7.75,7.75,0.0,0.0,0.0,0.0,108.25,108.25,0.0,163.5,163.5,0.0,0.0,0.0,0.0,0.0,0.0,0.0,
495177,COMMUNITY MEMORIAL HOSPITAL HUNDLEY CENTER,SOUTH HILL,VA,Mecklenburg,117,2020Q3,20200825,91,4.8,4.8,0.0,171.0,42.25,128.75,16.25,16.25,0.0,0.0,0.0,0.0,131.0,131.0,0.0,210.57,210.57,0.0,0.0,0.0,0.0,0.0,0.0,0.0,
495177,COMMUNITY MEMORIAL HOSPITAL HUNDLEY CENTER,SOUTH HILL,VA,Mecklenburg,117,2020Q3,20200826,91,4.8,4.8,0.0,187.07,45.07,142.0,16.0,16.0,0.0,0.0,0.0,0.0,136.25,136.25,0.0,204.77,204.77,0.0,0.0,0.0,0.0,0.0,0.0,0.0,
495177,COMMUNITY MEMORIAL HOSPITAL HUNDLEY CENTER,SOUTH HILL,VA,Mecklenburg,117,2020Q3,20200827,91,4.8,4.8,0.0,200.13,43.38,156.75,16.0,16.0,0.0,0.0,0.0,0.0,102.5,102.5,0.0,189.5,189.5,0.0,0.0,0.0,0.0,0.0,0.0,0.0,
495177,COMMUNITY MEMORIAL HOSPITAL HUNDLEY CENTER,SOUTH HILL,VA,Mecklenburg,117,2020Q3,20200828,91,4.8,4.8,0.0,161.0,26.75,134.25,15.25,15.25,0.0,0.0,0.0,0.0,91.0,91.0,0.0,180.0,180.0,0.0,0.0,0.0,0.0,0.0,0.0,0.0,
495177,COMMUNITY MEMORIAL HOSPITAL HUNDLEY CENTER,SOUTH HILL,VA,Mecklenburg,117,2020Q3,20200829,90,0.0,0.0,0.0,132.0,12.25,119.75,0.0,0.0,0.0,0.0,0.0,0.0,85.5,85.5,0.0,182.5,182.5,0.0,0.0,0.0,0.0,0.0,0.0,0.0,
495177,COMMUNITY MEMORIAL HOSPITAL HUNDLEY CENTER,SOUTH HILL,VA,Mecklenburg,117,2020Q3,20200830,88,0.0,0.0,0.0,120.0,11.75,108.25,0.0,0.0,0.0,0.0,0.0,0.0,79.75,79.75,0.0,183.25,183.25,0.0,0.0,0.0,0.0,0.0,0.0,0.0,
495177,COMMUNITY MEMORIAL HOSPITAL HUNDLEY CENTER,SOUTH HILL,VA,Mecklenburg,117,2020Q3,20200831,88,4.8,4.8,0.0,152.75,58.0,94.75,15.0,15.0,0.0,0.0,0.0,0.0,75.75,75.75,0.0,174.5,174.5,0.0,0.0,0.0,0.0,0.0,0.0,0.0,
495177,COMMUNITY MEMORIAL HOSPITAL HUNDLEY CENTER,SOUTH HILL,VA,Mecklenburg,117,2020Q3,20200901,89,4.8,4.8,0.0,135.42,39.17,96.25,15.75,15.75,0.0,0.0,0.0,0.0,120.25,120.25,0.0,214.77,214.77,0.0,0.0,0.0,0.0,0.0,0.0,0.0,
495177,COMMUNITY MEMORIAL HOSPITAL HUNDLEY CENTER,SOUTH HILL,VA,Mecklenburg,117,2020Q3,20200902,90,4.8,4.8,0.0,171.25,49.25,122.0,21.0,21.0,0.0,0.0,0.0,0.0,119.25,119.25,0.0,216.0,216.0,0.0,0.0,0.0,0.0,0.0,0.0,0.0,
495177,COMMUNITY MEMORIAL HOSPITAL HUNDLEY CENTER,SOUTH HILL,VA,Mecklenburg,117,2020Q3,20200903,91,4.8,4.8,0.0,146.63,38.88,107.75,16.25,16.25,0.0,0.0,0.0,0.0,118.5,118.5,0.0,191.75,191.75,0.0,0.0,0.0,0.0,0.0,0.0,0.0,
495177,COMMUNITY MEMORIAL HOSPITAL HUNDLEY CENTER,SOUTH HILL,VA,Mecklenburg,117,2020Q3,20200904,90,4.8,4.8,0.0,147.25,26.0,121.25,14.0,14.0,0.0,0.0,0.0,0.0,92.25,92.25,0.0,176.75,176.75,0.0,0.0,0.0,0.0,0.0,0.0,0.0,
495177,COMMUNITY MEMORIAL HOSPITAL HUNDLEY CENTER,SOUTH HILL,VA,Mecklenburg,117,2020Q3,20200905,89,0.0,0.0,0.0,123.75,12.25,111.5,0.0,0.0,0.0,0.0,0.0,0.0,67.25,67.25,0.0,163.75,163.75,0.0,0.0,0.0,0.0,0.0,0.0,0.0,
495177,COMMUNITY MEMORIAL HOSPITAL HUNDLEY CENTER,SOUTH HILL,VA,Mecklenburg,117,2020Q3,20200906,89,0.0,0.0,0.0,111.5,11.5,100.0,0.0,0.0,0.0,0.0,0.0,0.0,71.5,71.5,0.0,139.0,139.0,0.0,0.0,0.0,0.0,0.0,0.0,0.0,
495177,COMMUNITY MEMORIAL HOSPITAL HUNDLEY CENTER,SOUTH HILL,VA,Mecklenburg,117,2020Q3,20200907,89,4.8,4.8,0.0,149.75,30.75,119.0,0.0,0.0,0.0,0.0,0.0,0.0,70.0,70.0,0.0,181.75,181.75,0.0,0.0,0.0,0.0,0.0,0.0,0.0,
495177,COMMUNITY MEMORIAL HOSPITAL HUNDLEY CENTER,SOUTH HILL,VA,Mecklenburg,117,2020Q3,20200908,89,4.8,4.8,0.0,156.75,48.5,108.25,16.25,16.25,0.0,0.0,0.0,0.0,113.5,113.5,0.0,191.25,191.25,0.0,0.0,0.0,0.0,0.0,0.0,0.0,
495177,COMMUNITY MEMORIAL HOSPITAL HUNDLEY CENTER,SOUTH HILL,VA,Mecklenburg,117,2020Q3,20200909,89,4.8,4.8,0.0,187.75,52.5,135.25,15.75,15.75,0.0,0.0,0.0,0.0,100.5,100.5,0.0,220.0,220.0,0.0,0.0,0.0,0.0,0.0,0.0,0.0,
495177,COMMUNITY MEMORIAL HOSPITAL HUNDLEY CENTER,SOUTH HILL,VA,Mecklenburg,117,2020Q3,20200910,89,4.8,4.8,0.0,95.75,39.25,56.5,15.75,15.75,0.0,0.0,0.0,0.0,120.5,120.5,0.0,215.5,215.5,0.0,0.0,0.0,0.0,0.0,0.0,0.0,
495177,COMMUNITY MEMORIAL HOSPITAL HUNDLEY CENTER,SOUTH HILL,VA,Mecklenburg,117,2020Q3,20200911,91,4.8,4.8,0.0,142.1,35.35,106.75,15.5,15.5,0.0,0.0,0.0,0.0,96.5,96.5,0.0,211.5,211.5,0.0,0.0,0.0,0.0,0.0,0.0,0.0,
495177,COMMUNITY MEMORIAL HOSPITAL HUNDLEY CENTER,SOUTH HILL,VA,Mecklenburg,117,2020Q3,20200912,91,0.0,0.0,0.0,116.5,26.75,89.75,0.0,0.0,0.0,0.0,0.0,0.0,65.75,65.75,0.0,192.5,192.5,0.0,0.0,0.0,0.0,0.0,0.0,0.0,
495177,COMMUNITY MEMORIAL HOSPITAL HUNDLEY CENTER,SOUTH HILL,VA,Mecklenburg,117,2020Q3,20200913,91,0.0,0.0,0.0,99.25,12.75,86.5,0.0,0.0,0.0,0.0,0.0,0.0,79.5,79.5,0.0,184.75,184.75,0.0,0.0,0.0,0.0,0.0,0.0,0.0,
495177,COMMUNITY MEMORIAL HOSPITAL HUNDLEY CENTER,SOUTH HILL,VA,Mecklenburg,117,2020Q3,20200914,91,4.8,4.8,0.0,148.75,49.75,99.0,4.75,4.75,0.0,0.0,0.0,0.0,90.0,90.0,0.0,221.75,221.75,0.0,0.0,0.0,0.0,0.0,0.0,0.0,
495177,COMMUNITY MEMORIAL HOSPITAL HUNDLEY CENTER,SOUTH HILL,VA,Mecklenburg,117,2020Q3,20200915,91,4.8,4.8,0.0,143.5,42.75,100.75,8.5,8.5,0.0,0.0,0.0,0.0,109.75,109.75,0.0,173.5,173.5,0.0,0.0,0.0,0.0,0.0,0.0,0.0,
495177,COMMUNITY MEMORIAL HOSPITAL HUNDLEY CENTER,SOUTH HILL,VA,Mecklenburg,117,2020Q3,20200916,90,4.8,4.8,0.0,163.45,55.7,107.75,15.5,15.5,0.0,0.0,0.0,0.0,122.0,122.0,0.0,201.77,201.77,0.0,0.0,0.0,0.0,0.0,0.0,0.0,
495177,COMMUNITY MEMORIAL HOSPITAL HUNDLEY CENTER,SOUTH HILL,VA,Mecklenburg,117,2020Q3,20200917,89,4.8,4.8,0.0,112.5,29.25,83.25,16.5,16.5,0.0,0.0,0.0,0.0,92.5,92.5,0.0,204.25,204.25,0.0,0.0,0.0,0.0,0.0,0.0,0.0,
495177,COMMUNITY MEMORIAL HOSPITAL HUNDLEY CENTER,SOUTH HILL,VA,Mecklenburg,117,2020Q3,20200918,88,4.8,4.8,0.0,148.25,28.5,119.75,15.25,15.25,0.0,0.0,0.0,0.0,79.25,79.25,0.0,162.5,162.5,0.0,0.0,0.0,0.0,0.0,0.0,0.0,
495177,COMMUNITY MEMORIAL HOSPITAL HUNDLEY CENTER,SOUTH HILL,VA,Mecklenburg,117,2020Q3,20200919,88,0.0,0.0,0.0,103.5,11.75,91.75,0.0,0.0,0.0,0.0,0.0,0.0,101.25,101.25,0.0,180.25,180.25,0.0,0.0,0.0,0.0,0.0,0.0,0.0,
495177,COMMUNITY MEMORIAL HOSPITAL HUNDLEY CENTER,SOUTH HILL,VA,Mecklenburg,117,2020Q3,20200920,88,0.0,0.0,0.0,126.47,12.0,114.47,0.0,0.0,0.0,0.0,0.0,0.0,96.5,96.5,0.0,166.75,166.75,0.0,0.0,0.0,0.0,0.0,0.0,0.0,
495177,COMMUNITY MEMORIAL HOSPITAL HUNDLEY CENTER,SOUTH HILL,VA,Mecklenburg,117,2020Q3,20200921,88,4.8,4.8,0.0,188.0,61.75,126.25,17.25,17.25,0.0,0.0,0.0,0.0,123.75,123.75,0.0,167.0,167.0,0.0,0.0,0.0,0.0,0.0,0.0,0.0,
495177,COMMUNITY MEMORIAL HOSPITAL HUNDLEY CENTER,SOUTH HILL,VA,Mecklenburg,117,2020Q3,20200922,88,4.8,4.8,0.0,154.5,33.25,121.25,15.5,15.5,0.0,0.0,0.0,0.0,121.75,121.75,0.0,226.5,226.5,0.0,0.0,0.0,0.0,0.0,0.0,0.0,
495177,COMMUNITY MEMORIAL HOSPITAL HUNDLEY CENTER,SOUTH HILL,VA,Mecklenburg,117,2020Q3,20200923,88,4.8,4.8,0.0,172.0,54.25,117.75,17.5,17.5,0.0,0.0,0.0,0.0,122.0,122.0,0.0,233.5,233.5,0.0,0.0,0.0,0.0,0.0,0.0,0.0,
495177,COMMUNITY MEMORIAL HOSPITAL HUNDLEY CENTER,SOUTH HILL,VA,Mecklenburg,117,2020Q3,20200924,87,4.8,4.8,0.0,142.25,35.0,107.25,14.75,14.75,0.0,0.0,0.0,0.0,121.75,121.75,0.0,163.75,163.75,0.0,0.0,0.0,0.0,0.0,0.0,0.0,
495177,COMMUNITY MEMORIAL HOSPITAL HUNDLEY CENTER,SOUTH HILL,VA,Mecklenburg,117,2020Q3,20200925,85,4.8,4.8,0.0,118.75,26.75,92.0,15.25,15.25,0.0,0.0,0.0,0.0,90.25,90.25,0.0,205.5,205.5,0.0,0.0,0.0,0.0,0.0,0.0,0.0,
495177,COMMUNITY MEMORIAL HOSPITAL HUNDLEY CENTER,SOUTH HILL,VA,Mecklenburg,117,2020Q3,20200926,85,0.0,0.0,0.0,123.75,11.75,112.0,0.0,0.0,0.0,0.0,0.0,0.0,82.75,82.75,0.0,163.0,163.0,0.0,0.0,0.0,0.0,0.0,0.0,0.0,
495177,COMMUNITY MEMORIAL HOSPITAL HUNDLEY CENTER,SOUTH HILL,VA,Mecklenburg,117,2020Q3,20200927,85,0.0,0.0,0.0,106.0,12.0,94.0,0.0,0.0,0.0,0.0,0.0,0.0,88.5,88.5,0.0,175.5,175.5,0.0,0.0,0.0,0.0,0.0,0.0,0.0,
495177,COMMUNITY MEMORIAL HOSPITAL HUNDLEY CENTER,SOUTH HILL,VA,Mecklenburg,117,2020Q3,20200928,85,4.8,4.8,0.0,144.0,56.25,87.75,17.5,17.5,0.0,0.0,0.0,0.0,124.5,124.5,0.0,177.0,177.0,0.0,0.0,0.0,0.0,0.0,0.0,0.0,
495177,COMMUNITY MEMORIAL HOSPITAL HUNDLEY CENTER,SOUTH HILL,VA,Mecklenburg,117,2020Q3,20200929,87,0.0,0.0,0.0,110.0,44.75,65.25,16.25,16.25,0.0,0.0,0.0,0.0,160.25,160.25,0.0,171.47,171.47,0.0,0.0,0.0,0.0,0.0,0.0,0.0,
495177,COMMUNITY MEMORIAL HOSPITAL HUNDLEY CENTER,SOUTH HILL,VA,Mecklenburg,117,2020Q3,20200930,89,0.0,0.0,0.0,142.0,51.75,90.25,17.25,17.25,0.0,0.0,0.0,0.0,138.0,138.0,0.0,206.25,206.25,0.0,0.0,0.0,0.0,0.0,0.0,0.0,
495177,COMMUNITY MEMORIAL HOSPITAL HUNDLEY CENTER,SOUTH HILL,VA,Mecklenburg,117,2020Q4,20201001,91,8.0,8.0,0.0,123.5,46.25,77.25,16.75,16.75,0.0,0.0,0.0,0.0,179.75,179.75,0.0,257.25,257.25,0.0,0.0,0.0,0.0,0.0,0.0,0.0,
495177,COMMUNITY MEMORIAL HOSPITAL HUNDLEY CENTER,SOUTH HILL,VA,Mecklenburg,117,2020Q4,20201002,91,8.0,8.0,0.0,162.98,27.23,135.75,10.0,10.0,0.0,0.0,0.0,0.0,67.0,67.0,0.0,181.73,181.73,0.0,0.0,0.0,0.0,0.0,0.0,0.0,
495177,COMMUNITY MEMORIAL HOSPITAL HUNDLEY CENTER,SOUTH HILL,VA,Mecklenburg,117,2020Q4,20201003,91,8.0,8.0,0.0,96.75,12.0,84.75,0.0,0.0,0.0,0.0,0.0,0.0,108.0,108.0,0.0,171.25,171.25,0.0,0.0,0.0,0.0,0.0,0.0,0.0,
495177,COMMUNITY MEMORIAL HOSPITAL HUNDLEY CENTER,SOUTH HILL,VA,Mecklenburg,117,2020Q4,20201004,91,0.0,0.0,0.0,81.75,11.5,70.25,0.0,0.0,0.0,0.0,0.0,0.0,98.75,98.75,0.0,153.0,153.0,0.0,0.0,0.0,0.0,0.0,0.0,0.0,
495177,COMMUNITY MEMORIAL HOSPITAL HUNDLEY CENTER,SOUTH HILL,VA,Mecklenburg,117,2020Q4,20201005,91,0.0,0.0,0.0,141.0,51.75,89.25,8.25,8.25,0.0,0.0,0.0,0.0,94.25,94.25,0.0,189.5,189.5,0.0,0.0,0.0,0.0,0.0,0.0,0.0,
495177,COMMUNITY MEMORIAL HOSPITAL HUNDLEY CENTER,SOUTH HILL,VA,Mecklenburg,117,2020Q4,20201006,92,0.0,0.0,0.0,154.75,42.75,112.0,17.25,17.25,0.0,0.0,0.0,0.0,137.0,137.0,0.0,216.5,216.5,0.0,0.0,0.0,0.0,0.0,0.0,0.0,
495177,COMMUNITY MEMORIAL HOSPITAL HUNDLEY CENTER,SOUTH HILL,VA,Mecklenburg,117,2020Q4,20201007,92,0.0,0.0,0.0,165.75,47.0,118.75,17.0,17.0,0.0,0.0,0.0,0.0,131.5,131.5,0.0,209.98,209.98,0.0,0.0,0.0,0.0,0.0,0.0,0.0,
495177,COMMUNITY MEMORIAL HOSPITAL HUNDLEY CENTER,SOUTH HILL,VA,Mecklenburg,117,2020Q4,20201008,92,0.0,0.0,0.0,104.5,20.25,84.25,17.25,17.25,0.0,0.0,0.0,0.0,127.5,127.5,0.0,222.25,222.25,0.0,0.0,0.0,0.0,0.0,0.0,0.0,
495177,COMMUNITY MEMORIAL HOSPITAL HUNDLEY CENTER,SOUTH HILL,VA,Mecklenburg,117,2020Q4,20201009,91,0.0,0.0,0.0,168.25,26.25,142.0,16.0,16.0,0.0,0.0,0.0,0.0,78.75,78.75,0.0,178.75,178.75,0.0,0.0,0.0,0.0,0.0,0.0,0.0,
495177,COMMUNITY MEMORIAL HOSPITAL HUNDLEY CENTER,SOUTH HILL,VA,Mecklenburg,117,2020Q4,20201010,91,0.0,0.0,0.0,101.25,16.5,84.75,0.0,0.0,0.0,0.0,0.0,0.0,93.0,93.0,0.0,207.5,207.5,0.0,0.0,0.0,0.0,0.0,0.0,0.0,
495177,COMMUNITY MEMORIAL HOSPITAL HUNDLEY CENTER,SOUTH HILL,VA,Mecklenburg,117,2020Q4,20201011,91,0.0,0.0,0.0,97.0,11.25,85.75,0.0,0.0,0.0,0.0,0.0,0.0,84.75,84.75,0.0,188.5,188.5,0.0,0.0,0.0,0.0,0.0,0.0,0.0,
495177,COMMUNITY MEMORIAL HOSPITAL HUNDLEY CENTER,SOUTH HILL,VA,Mecklenburg,117,2020Q4,20201012,91,4.8,4.8,0.0,153.25,38.5,114.75,14.75,14.75,0.0,0.0,0.0,0.0,107.25,107.25,0.0,188.75,188.75,0.0,0.0,0.0,0.0,0.0,0.0,0.0,
495177,COMMUNITY MEMORIAL HOSPITAL HUNDLEY CENTER,SOUTH HILL,VA,Mecklenburg,117,2020Q4,20201013,89,4.8,4.8,0.0,167.75,45.5,122.25,16.0,16.0,0.0,0.0,0.0,0.0,124.25,124.25,0.0,201.75,201.75,0.0,0.0,0.0,0.0,0.0,0.0,0.0,
495177,COMMUNITY MEMORIAL HOSPITAL HUNDLEY CENTER,SOUTH HILL,VA,Mecklenburg,117,2020Q4,20201014,88,4.8,4.8,0.0,197.5,51.75,145.75,18.25,18.25,0.0,0.0,0.0,0.0,110.5,110.5,0.0,221.0,221.0,0.0,0.0,0.0,0.0,0.0,0.0,0.0,
495177,COMMUNITY MEMORIAL HOSPITAL HUNDLEY CENTER,SOUTH HILL,VA,Mecklenburg,117,2020Q4,20201015,88,4.8,4.8,0.0,123.93,34.68,89.25,16.5,16.5,0.0,0.0,0.0,0.0,98.75,98.75,0.0,163.0,163.0,0.0,0.0,0.0,0.0,0.0,0.0,0.0,
495177,COMMUNITY MEMORIAL HOSPITAL HUNDLEY CENTER,SOUTH HILL,VA,Mecklenburg,117,2020Q4,20201016,87,4.8,4.8,0.0,100.0,31.0,69.0,15.5,15.5,0.0,0.0,0.0,0.0,103.75,103.75,0.0,199.25,199.25,0.0,0.0,0.0,0.0,0.0,0.0,0.0,
495177,COMMUNITY MEMORIAL HOSPITAL HUNDLEY CENTER,SOUTH HILL,VA,Mecklenburg,117,2020Q4,20201017,87,0.0,0.0,0.0,108.25,10.5,97.75,0.0,0.0,0.0,0.0,0.0,0.0,95.25,95.25,0.0,158.75,158.75,0.0,0.0,0.0,0.0,0.0,0.0,0.0,
495177,COMMUNITY MEMORIAL HOSPITAL HUNDLEY CENTER,SOUTH HILL,VA,Mecklenburg,117,2020Q4,20201018,86,0.0,0.0,0.0,96.0,0.0,96.0,0.0,0.0,0.0,0.0,0.0,0.0,104.25,104.25,0.0,131.5,131.5,0.0,0.0,0.0,0.0,0.0,0.0,0.0,
495177,COMMUNITY MEMORIAL HOSPITAL HUNDLEY CENTER,SOUTH HILL,VA,Mecklenburg,117,2020Q4,20201019,85,4.8,4.8,0.0,136.0,41.5,94.5,16.5,16.5,0.0,0.0,0.0,0.0,75.5,75.5,0.0,182.75,182.75,0.0,0.0,0.0,0.0,0.0,0.0,0.0,
495177,COMMUNITY MEMORIAL HOSPITAL HUNDLEY CENTER,SOUTH HILL,VA,Mecklenburg,117,2020Q4,20201020,86,4.8,4.8,0.0,139.75,47.0,92.75,16.25,16.25,0.0,0.0,0.0,0.0,94.25,94.25,0.0,164.75,164.75,0.0,0.0,0.0,0.0,0.0,0.0,0.0,
495177,COMMUNITY MEMORIAL HOSPITAL HUNDLEY CENTER,SOUTH HILL,VA,Mecklenburg,117,2020Q4,20201021,87,4.8,4.8,0.0,184.5,47.25,137.25,17.5,17.5,0.0,0.0,0.0,0.0,91.0,91.0,0.0,163.25,163.25,0.0,0.0,0.0,0.0,0.0,0.0,0.0,
495177,COMMUNITY MEMORIAL HOSPITAL HUNDLEY CENTER,SOUTH HILL,VA,Mecklenburg,117,2020Q4,20201022,85,4.8,4.8,0.0,100.5,33.75,66.75,16.0,16.0,0.0,0.0,0.0,0.0,121.0,121.0,0.0,175.75,175.75,0.0,0.0,0.0,0.0,0.0,0.0,0.0,
495177,COMMUNITY MEMORIAL HOSPITAL HUNDLEY CENTER,SOUTH HILL,VA,Mecklenburg,117,2020Q4,20201023,85,4.8,4.8,0.0,225.25,55.25,170.0,17.25,17.25,0.0,0.0,0.0,0.0,119.25,119.25,0.0,195.25,195.25,0.0,0.0,0.0,0.0,0.0,0.0,0.0,
495177,COMMUNITY MEMORIAL HOSPITAL HUNDLEY CENTER,SOUTH HILL,VA,Mecklenburg,117,2020Q4,20201024,84,0.0,0.0,0.0,109.25,0.0,109.25,0.0,0.0,0.0,0.0,0.0,0.0,77.5,77.5,0.0,184.25,184.25,0.0,0.0,0.0,0.0,0.0,0.0,0.0,
495177,COMMUNITY MEMORIAL HOSPITAL HUNDLEY CENTER,SOUTH HILL,VA,Mecklenburg,117,2020Q4,20201025,84,0.0,0.0,0.0,105.5,0.0,105.5,0.0,0.0,0.0,0.0,0.0,0.0,64.75,64.75,0.0,177.75,177.75,0.0,0.0,0.0,0.0,0.0,0.0,0.0,
495177,COMMUNITY MEMORIAL HOSPITAL HUNDLEY CENTER,SOUTH HILL,VA,Mecklenburg,117,2020Q4,20201026,84,4.8,4.8,0.0,128.5,42.75,85.75,8.5,8.5,0.0,0.0,0.0,0.0,123.5,123.5,0.0,175.75,175.75,0.0,0.0,0.0,0.0,0.0,0.0,0.0,
495177,COMMUNITY MEMORIAL HOSPITAL HUNDLEY CENTER,SOUTH HILL,VA,Mecklenburg,117,2020Q4,20201027,84,4.8,4.8,0.0,147.5,44.75,102.75,8.5,8.5,0.0,0.0,0.0,0.0,120.5,120.5,0.0,187.5,187.5,0.0,0.0,0.0,0.0,0.0,0.0,0.0,
495177,COMMUNITY MEMORIAL HOSPITAL HUNDLEY CENTER,SOUTH HILL,VA,Mecklenburg,117,2020Q4,20201028,85,4.8,4.8,0.0,177.0,39.5,137.5,8.5,8.5,0.0,0.0,0.0,0.0,127.75,127.75,0.0,199.5,199.5,0.0,0.0,0.0,0.0,0.0,0.0,0.0,
495177,COMMUNITY MEMORIAL HOSPITAL HUNDLEY CENTER,SOUTH HILL,VA,Mecklenburg,117,2020Q4,20201029,86,4.8,4.8,0.0,127.75,29.75,98.0,9.75,9.75,0.0,0.0,0.0,0.0,88.0,88.0,0.0,179.0,179.0,0.0,0.0,0.0,0.0,0.0,0.0,0.0,
495177,COMMUNITY MEMORIAL HOSPITAL HUNDLEY CENTER,SOUTH HILL,VA,Mecklenburg,117,2020Q4,20201030,88,4.8,4.8,0.0,135.75,36.75,99.0,8.25,8.25,0.0,0.0,0.0,0.0,105.25,105.25,0.0,150.25,150.25,0.0,0.0,0.0,0.0,0.0,0.0,0.0,
495177,COMMUNITY MEMORIAL HOSPITAL HUNDLEY CENTER,SOUTH HILL,VA,Mecklenburg,117,2020Q4,20201031,88,0.0,0.0,0.0,108.5,0.0,108.5,0.0,0.0,0.0,0.0,0.0,0.0,98.0,98.0,0.0,162.25,162.25,0.0,0.0,0.0,0.0,0.0,0.0,0.0,
495177,COMMUNITY MEMORIAL HOSPITAL HUNDLEY CENTER,SOUTH HILL,VA,Mecklenburg,117,2020Q4,20201101,88,0.0,0.0,0.0,0.0,0.0,0.0,0.0,0.0,0.0,0.0,0.0,0.0,0.0,0.0,0.0,0.0,0.0,0.0,0.0,0.0,0.0,0.0,0.0,0.0,
495177,COMMUNITY MEMORIAL HOSPITAL HUNDLEY CENTER,SOUTH HILL,VA,Mecklenburg,117,2020Q4,20201102,88,0.0,0.0,0.0,0.0,0.0,0.0,0.0,0.0,0.0,0.0,0.0,0.0,0.0,0.0,0.0,0.0,0.0,0.0,0.0,0.0,0.0,0.0,0.0,0.0,
495177,COMMUNITY MEMORIAL HOSPITAL HUNDLEY CENTER,SOUTH HILL,VA,Mecklenburg,117,2020Q4,20201103,88,0.0,0.0,0.0,0.0,0.0,0.0,0.0,0.0,0.0,0.0,0.0,0.0,0.0,0.0,0.0,0.0,0.0,0.0,0.0,0.0,0.0,0.0,0.0,0.0,
495177,COMMUNITY MEMORIAL HOSPITAL HUNDLEY CENTER,SOUTH HILL,VA,Mecklenburg,117,2020Q4,20201104,88,0.0,0.0,0.0,0.0,0.0,0.0,0.0,0.0,0.0,0.0,0.0,0.0,0.0,0.0,0.0,0.0,0.0,0.0,0.0,0.0,0.0,0.0,0.0,0.0,
495177,COMMUNITY MEMORIAL HOSPITAL HUNDLEY CENTER,SOUTH HILL,VA,Mecklenburg,117,2020Q4,20201105,87,0.0,0.0,0.0,0.0,0.0,0.0,0.0,0.0,0.0,0.0,0.0,0.0,0.0,0.0,0.0,0.0,0.0,0.0,0.0,0.0,0.0,0.0,0.0,0.0,
495177,COMMUNITY MEMORIAL HOSPITAL HUNDLEY CENTER,SOUTH HILL,VA,Mecklenburg,117,2020Q4,20201106,87,0.0,0.0,0.0,0.0,0.0,0.0,0.0,0.0,0.0,0.0,0.0,0.0,0.0,0.0,0.0,0.0,0.0,0.0,0.0,0.0,0.0,0.0,0.0,0.0,
495177,COMMUNITY MEMORIAL HOSPITAL HUNDLEY CENTER,SOUTH HILL,VA,Mecklenburg,117,2020Q4,20201107,87,0.0,0.0,0.0,0.0,0.0,0.0,0.0,0.0,0.0,0.0,0.0,0.0,0.0,0.0,0.0,0.0,0.0,0.0,0.0,0.0,0.0,0.0,0.0,0.0,
495177,COMMUNITY MEMORIAL HOSPITAL HUNDLEY CENTER,SOUTH HILL,VA,Mecklenburg,117,2020Q4,20201108,86,0.0,0.0,0.0,0.0,0.0,0.0,0.0,0.0,0.0,0.0,0.0,0.0,0.0,0.0,0.0,0.0,0.0,0.0,0.0,0.0,0.0,0.0,0.0,0.0,
495177,COMMUNITY MEMORIAL HOSPITAL HUNDLEY CENTER,SOUTH HILL,VA,Mecklenburg,117,2020Q4,20201109,86,0.0,0.0,0.0,0.0,0.0,0.0,0.0,0.0,0.0,0.0,0.0,0.0,0.0,0.0,0.0,0.0,0.0,0.0,0.0,0.0,0.0,0.0,0.0,0.0,
495177,COMMUNITY MEMORIAL HOSPITAL HUNDLEY CENTER,SOUTH HILL,VA,Mecklenburg,117,2020Q4,20201110,85,0.0,0.0,0.0,0.0,0.0,0.0,0.0,0.0,0.0,0.0,0.0,0.0,0.0,0.0,0.0,0.0,0.0,0.0,0.0,0.0,0.0,0.0,0.0,0.0,
495177,COMMUNITY MEMORIAL HOSPITAL HUNDLEY CENTER,SOUTH HILL,VA,Mecklenburg,117,2020Q4,20201111,84,0.0,0.0,0.0,0.0,0.0,0.0,0.0,0.0,0.0,0.0,0.0,0.0,0.0,0.0,0.0,0.0,0.0,0.0,0.0,0.0,0.0,0.0,0.0,0.0,
495177,COMMUNITY MEMORIAL HOSPITAL HUNDLEY CENTER,SOUTH HILL,VA,Mecklenburg,117,2020Q4,20201112,86,0.0,0.0,0.0,0.0,0.0,0.0,0.0,0.0,0.0,0.0,0.0,0.0,0.0,0.0,0.0,0.0,0.0,0.0,0.0,0.0,0.0,0.0,0.0,0.0,
495177,COMMUNITY MEMORIAL HOSPITAL HUNDLEY CENTER,SOUTH HILL,VA,Mecklenburg,117,2020Q4,20201113,87,0.0,0.0,0.0,0.0,0.0,0.0,0.0,0.0,0.0,0.0,0.0,0.0,0.0,0.0,0.0,0.0,0.0,0.0,0.0,0.0,0.0,0.0,0.0,0.0,
495177,COMMUNITY MEMORIAL HOSPITAL HUNDLEY CENTER,SOUTH HILL,VA,Mecklenburg,117,2020Q4,20201114,86,0.0,0.0,0.0,0.0,0.0,0.0,0.0,0.0,0.0,0.0,0.0,0.0,0.0,0.0,0.0,0.0,0.0,0.0,0.0,0.0,0.0,0.0,0.0,0.0,
495177,COMMUNITY MEMORIAL HOSPITAL HUNDLEY CENTER,SOUTH HILL,VA,Mecklenburg,117,2020Q4,20201115,86,0.0,0.0,0.0,0.0,0.0,0.0,0.0,0.0,0.0,0.0,0.0,0.0,0.0,0.0,0.0,0.0,0.0,0.0,0.0,0.0,0.0,0.0,0.0,0.0,
495177,COMMUNITY MEMORIAL HOSPITAL HUNDLEY CENTER,SOUTH HILL,VA,Mecklenburg,117,2020Q4,20201116,86,0.0,0.0,0.0,0.0,0.0,0.0,0.0,0.0,0.0,0.0,0.0,0.0,0.0,0.0,0.0,0.0,0.0,0.0,0.0,0.0,0.0,0.0,0.0,0.0,
495177,COMMUNITY MEMORIAL HOSPITAL HUNDLEY CENTER,SOUTH HILL,VA,Mecklenburg,117,2020Q4,20201117,87,0.0,0.0,0.0,0.0,0.0,0.0,0.0,0.0,0.0,0.0,0.0,0.0,0.0,0.0,0.0,0.0,0.0,0.0,0.0,0.0,0.0,0.0,0.0,0.0,
495177,COMMUNITY MEMORIAL HOSPITAL HUNDLEY CENTER,SOUTH HILL,VA,Mecklenburg,117,2020Q4,20201118,89,0.0,0.0,0.0,0.0,0.0,0.0,0.0,0.0,0.0,0.0,0.0,0.0,0.0,0.0,0.0,0.0,0.0,0.0,0.0,0.0,0.0,0.0,0.0,0.0,
495177,COMMUNITY MEMORIAL HOSPITAL HUNDLEY CENTER,SOUTH HILL,VA,Mecklenburg,117,2020Q4,20201119,87,0.0,0.0,0.0,0.0,0.0,0.0,0.0,0.0,0.0,0.0,0.0,0.0,0.0,0.0,0.0,0.0,0.0,0.0,0.0,0.0,0.0,0.0,0.0,0.0,
495177,COMMUNITY MEMORIAL HOSPITAL HUNDLEY CENTER,SOUTH HILL,VA,Mecklenburg,117,2020Q4,20201120,87,0.0,0.0,0.0,0.0,0.0,0.0,0.0,0.0,0.0,0.0,0.0,0.0,0.0,0.0,0.0,0.0,0.0,0.0,0.0,0.0,0.0,0.0,0.0,0.0,
495177,COMMUNITY MEMORIAL HOSPITAL HUNDLEY CENTER,SOUTH HILL,VA,Mecklenburg,117,2020Q4,20201121,88,0.0,0.0,0.0,0.0,0.0,0.0,0.0,0.0,0.0,0.0,0.0,0.0,0.0,0.0,0.0,0.0,0.0,0.0,0.0,0.0,0.0,0.0,0.0,0.0,
495177,COMMUNITY MEMORIAL HOSPITAL HUNDLEY CENTER,SOUTH HILL,VA,Mecklenburg,117,2020Q4,20201122,87,0.0,0.0,0.0,0.0,0.0,0.0,0.0,0.0,0.0,0.0,0.0,0.0,0.0,0.0,0.0,0.0,0.0,0.0,0.0,0.0,0.0,0.0,0.0,0.0,
495177,COMMUNITY MEMORIAL HOSPITAL HUNDLEY CENTER,SOUTH HILL,VA,Mecklenburg,117,2020Q4,20201123,89,0.0,0.0,0.0,0.0,0.0,0.0,0.0,0.0,0.0,0.0,0.0,0.0,0.0,0.0,0.0,0.0,0.0,0.0,0.0,0.0,0.0,0.0,0.0,0.0,
495177,COMMUNITY MEMORIAL HOSPITAL HUNDLEY CENTER,SOUTH HILL,VA,Mecklenburg,117,2020Q4,20201124,88,0.0,0.0,0.0,0.0,0.0,0.0,0.0,0.0,0.0,0.0,0.0,0.0,0.0,0.0,0.0,0.0,0.0,0.0,0.0,0.0,0.0,0.0,0.0,0.0,
495177,COMMUNITY MEMORIAL HOSPITAL HUNDLEY CENTER,SOUTH HILL,VA,Mecklenburg,117,2020Q4,20201125,86,0.0,0.0,0.0,0.0,0.0,0.0,0.0,0.0,0.0,0.0,0.0,0.0,0.0,0.0,0.0,0.0,0.0,0.0,0.0,0.0,0.0,0.0,0.0,0.0,
495177,COMMUNITY MEMORIAL HOSPITAL HUNDLEY CENTER,SOUTH HILL,VA,Mecklenburg,117,2020Q4,20201126,86,0.0,0.0,0.0,0.0,0.0,0.0,0.0,0.0,0.0,0.0,0.0,0.0,0.0,0.0,0.0,0.0,0.0,0.0,0.0,0.0,0.0,0.0,0.0,0.0,
495177,COMMUNITY MEMORIAL HOSPITAL HUNDLEY CENTER,SOUTH HILL,VA,Mecklenburg,117,2020Q4,20201127,85,0.0,0.0,0.0,0.0,0.0,0.0,0.0,0.0,0.0,0.0,0.0,0.0,0.0,0.0,0.0,0.0,0.0,0.0,0.0,0.0,0.0,0.0,0.0,0.0,
495177,COMMUNITY MEMORIAL HOSPITAL HUNDLEY CENTER,SOUTH HILL,VA,Mecklenburg,117,2020Q4,20201128,85,0.0,0.0,0.0,0.0,0.0,0.0,0.0,0.0,0.0,0.0,0.0,0.0,0.0,0.0,0.0,0.0,0.0,0.0,0.0,0.0,0.0,0.0,0.0,0.0,
495177,COMMUNITY MEMORIAL HOSPITAL HUNDLEY CENTER,SOUTH HILL,VA,Mecklenburg,117,2020Q4,20201129,85,0.0,0.0,0.0,0.0,0.0,0.0,0.0,0.0,0.0,0.0,0.0,0.0,0.0,0.0,0.0,0.0,0.0,0.0,0.0,0.0,0.0,0.0,0.0,0.0,
495177,COMMUNITY MEMORIAL HOSPITAL HUNDLEY CENTER,SOUTH HILL,VA,Mecklenburg,117,2020Q4,20201130,84,0.0,0.0,0.0,0.0,0.0,0.0,0.0,0.0,0.0,0.0,0.0,0.0,0.0,0.0,0.0,0.0,0.0,0.0,0.0,0.0,0.0,0.0,0.0,0.0,
495177,COMMUNITY MEMORIAL HOSPITAL HUNDLEY CENTER,SOUTH HILL,VA,Mecklenburg,117,2020Q4,20201201,84,0.0,0.0,0.0,0.0,0.0,0.0,0.0,0.0,0.0,0.0,0.0,0.0,0.0,0.0,0.0,0.0,0.0,0.0,0.0,0.0,0.0,0.0,0.0,0.0,
495177,COMMUNITY MEMORIAL HOSPITAL HUNDLEY CENTER,SOUTH HILL,VA,Mecklenburg,117,2020Q4,20201202,84,0.0,0.0,0.0,0.0,0.0,0.0,0.0,0.0,0.0,0.0,0.0,0.0,0.0,0.0,0.0,0.0,0.0,0.0,0.0,0.0,0.0,0.0,0.0,0.0,
495177,COMMUNITY MEMORIAL HOSPITAL HUNDLEY CENTER,SOUTH HILL,VA,Mecklenburg,117,2020Q4,20201203,85,0.0,0.0,0.0,0.0,0.0,0.0,0.0,0.0,0.0,0.0,0.0,0.0,0.0,0.0,0.0,0.0,0.0,0.0,0.0,0.0,0.0,0.0,0.0,0.0,
495177,COMMUNITY MEMORIAL HOSPITAL HUNDLEY CENTER,SOUTH HILL,VA,Mecklenburg,117,2020Q4,20201204,83,0.0,0.0,0.0,0.0,0.0,0.0,0.0,0.0,0.0,0.0,0.0,0.0,0.0,0.0,0.0,0.0,0.0,0.0,0.0,0.0,0.0,0.0,0.0,0.0,
495177,COMMUNITY MEMORIAL HOSPITAL HUNDLEY CENTER,SOUTH HILL,VA,Mecklenburg,117,2020Q4,20201205,82,0.0,0.0,0.0,0.0,0.0,0.0,0.0,0.0,0.0,0.0,0.0,0.0,0.0,0.0,0.0,0.0,0.0,0.0,0.0,0.0,0.0,0.0,0.0,0.0,
495177,COMMUNITY MEMORIAL HOSPITAL HUNDLEY CENTER,SOUTH HILL,VA,Mecklenburg,117,2020Q4,20201206,82,0.0,0.0,0.0,0.0,0.0,0.0,0.0,0.0,0.0,0.0,0.0,0.0,0.0,0.0,0.0,0.0,0.0,0.0,0.0,0.0,0.0,0.0,0.0,0.0,
495177,COMMUNITY MEMORIAL HOSPITAL HUNDLEY CENTER,SOUTH HILL,VA,Mecklenburg,117,2020Q4,20201207,85,0.0,0.0,0.0,0.0,0.0,0.0,0.0,0.0,0.0,0.0,0.0,0.0,0.0,0.0,0.0,0.0,0.0,0.0,0.0,0.0,0.0,0.0,0.0,0.0,
495177,COMMUNITY MEMORIAL HOSPITAL HUNDLEY CENTER,SOUTH HILL,VA,Mecklenburg,117,2020Q4,20201208,84,0.0,0.0,0.0,0.0,0.0,0.0,0.0,0.0,0.0,0.0,0.0,0.0,0.0,0.0,0.0,0.0,0.0,0.0,0.0,0.0,0.0,0.0,0.0,0.0,
495177,COMMUNITY MEMORIAL HOSPITAL HUNDLEY CENTER,SOUTH HILL,VA,Mecklenburg,117,2020Q4,20201209,84,0.0,0.0,0.0,0.0,0.0,0.0,0.0,0.0,0.0,0.0,0.0,0.0,0.0,0.0,0.0,0.0,0.0,0.0,0.0,0.0,0.0,0.0,0.0,0.0,
495177,COMMUNITY MEMORIAL HOSPITAL HUNDLEY CENTER,SOUTH HILL,VA,Mecklenburg,117,2020Q4,20201210,85,0.0,0.0,0.0,0.0,0.0,0.0,0.0,0.0,0.0,0.0,0.0,0.0,0.0,0.0,0.0,0.0,0.0,0.0,0.0,0.0,0.0,0.0,0.0,0.0,
495177,COMMUNITY MEMORIAL HOSPITAL HUNDLEY CENTER,SOUTH HILL,VA,Mecklenburg,117,2020Q4,20201211,84,0.0,0.0,0.0,0.0,0.0,0.0,0.0,0.0,0.0,0.0,0.0,0.0,0.0,0.0,0.0,0.0,0.0,0.0,0.0,0.0,0.0,0.0,0.0,0.0,
495177,COMMUNITY MEMORIAL HOSPITAL HUNDLEY CENTER,SOUTH HILL,VA,Mecklenburg,117,2020Q4,20201212,83,0.0,0.0,0.0,0.0,0.0,0.0,0.0,0.0,0.0,0.0,0.0,0.0,0.0,0.0,0.0,0.0,0.0,0.0,0.0,0.0,0.0,0.0,0.0,0.0,
495177,COMMUNITY MEMORIAL HOSPITAL HUNDLEY CENTER,SOUTH HILL,VA,Mecklenburg,117,2020Q4,20201213,83,0.0,0.0,0.0,0.0,0.0,0.0,0.0,0.0,0.0,0.0,0.0,0.0,0.0,0.0,0.0,0.0,0.0,0.0,0.0,0.0,0.0,0.0,0.0,0.0,
495177,COMMUNITY MEMORIAL HOSPITAL HUNDLEY CENTER,SOUTH HILL,VA,Mecklenburg,117,2020Q4,20201214,82,0.0,0.0,0.0,0.0,0.0,0.0,0.0,0.0,0.0,0.0,0.0,0.0,0.0,0.0,0.0,0.0,0.0,0.0,0.0,0.0,0.0,0.0,0.0,0.0,
495177,COMMUNITY MEMORIAL HOSPITAL HUNDLEY CENTER,SOUTH HILL,VA,Mecklenburg,117,2020Q4,20201215,82,0.0,0.0,0.0,0.0,0.0,0.0,0.0,0.0,0.0,0.0,0.0,0.0,0.0,0.0,0.0,0.0,0.0,0.0,0.0,0.0,0.0,0.0,0.0,0.0,
495177,COMMUNITY MEMORIAL HOSPITAL HUNDLEY CENTER,SOUTH HILL,VA,Mecklenburg,117,2020Q4,20201216,82,0.0,0.0,0.0,0.0,0.0,0.0,0.0,0.0,0.0,0.0,0.0,0.0,0.0,0.0,0.0,0.0,0.0,0.0,0.0,0.0,0.0,0.0,0.0,0.0,
495177,COMMUNITY MEMORIAL HOSPITAL HUNDLEY CENTER,SOUTH HILL,VA,Mecklenburg,117,2020Q4,20201217,82,0.0,0.0,0.0,0.0,0.0,0.0,0.0,0.0,0.0,0.0,0.0,0.0,0.0,0.0,0.0,0.0,0.0,0.0,0.0,0.0,0.0,0.0,0.0,0.0,
495177,COMMUNITY MEMORIAL HOSPITAL HUNDLEY CENTER,SOUTH HILL,VA,Mecklenburg,117,2020Q4,20201218,84,0.0,0.0,0.0,0.0,0.0,0.0,0.0,0.0,0.0,0.0,0.0,0.0,0.0,0.0,0.0,0.0,0.0,0.0,0.0,0.0,0.0,0.0,0.0,0.0,
495177,COMMUNITY MEMORIAL HOSPITAL HUNDLEY CENTER,SOUTH HILL,VA,Mecklenburg,117,2020Q4,20201219,83,0.0,0.0,0.0,0.0,0.0,0.0,0.0,0.0,0.0,0.0,0.0,0.0,0.0,0.0,0.0,0.0,0.0,0.0,0.0,0.0,0.0,0.0,0.0,0.0,
495177,COMMUNITY MEMORIAL HOSPITAL HUNDLEY CENTER,SOUTH HILL,VA,Mecklenburg,117,2020Q4,20201220,83,0.0,0.0,0.0,0.0,0.0,0.0,0.0,0.0,0.0,0.0,0.0,0.0,0.0,0.0,0.0,0.0,0.0,0.0,0.0,0.0,0.0,0.0,0.0,0.0,
495177,COMMUNITY MEMORIAL HOSPITAL HUNDLEY CENTER,SOUTH HILL,VA,Mecklenburg,117,2020Q4,20201221,83,0.0,0.0,0.0,0.0,0.0,0.0,0.0,0.0,0.0,0.0,0.0,0.0,0.0,0.0,0.0,0.0,0.0,0.0,0.0,0.0,0.0,0.0,0.0,0.0,
495177,COMMUNITY MEMORIAL HOSPITAL HUNDLEY CENTER,SOUTH HILL,VA,Mecklenburg,117,2020Q4,20201222,83,0.0,0.0,0.0,0.0,0.0,0.0,0.0,0.0,0.0,0.0,0.0,0.0,0.0,0.0,0.0,0.0,0.0,0.0,0.0,0.0,0.0,0.0,0.0,0.0,
495177,COMMUNITY MEMORIAL HOSPITAL HUNDLEY CENTER,SOUTH HILL,VA,Mecklenburg,117,2020Q4,20201223,83,0.0,0.0,0.0,0.0,0.0,0.0,0.0,0.0,0.0,0.0,0.0,0.0,0.0,0.0,0.0,0.0,0.0,0.0,0.0,0.0,0.0,0.0,0.0,0.0,
495177,COMMUNITY MEMORIAL HOSPITAL HUNDLEY CENTER,SOUTH HILL,VA,Mecklenburg,117,2020Q4,20201224,82,0.0,0.0,0.0,0.0,0.0,0.0,0.0,0.0,0.0,0.0,0.0,0.0,0.0,0.0,0.0,0.0,0.0,0.0,0.0,0.0,0.0,0.0,0.0,0.0,
495177,COMMUNITY MEMORIAL HOSPITAL HUNDLEY CENTER,SOUTH HILL,VA,Mecklenburg,117,2020Q4,20201225,82,0.0,0.0,0.0,0.0,0.0,0.0,0.0,0.0,0.0,0.0,0.0,0.0,0.0,0.0,0.0,0.0,0.0,0.0,0.0,0.0,0.0,0.0,0.0,0.0,
495177,COMMUNITY MEMORIAL HOSPITAL HUNDLEY CENTER,SOUTH HILL,VA,Mecklenburg,117,2020Q4,20201226,82,0.0,0.0,0.0,0.0,0.0,0.0,0.0,0.0,0.0,0.0,0.0,0.0,0.0,0.0,0.0,0.0,0.0,0.0,0.0,0.0,0.0,0.0,0.0,0.0,
495177,COMMUNITY MEMORIAL HOSPITAL HUNDLEY CENTER,SOUTH HILL,VA,Mecklenburg,117,2020Q4,20201227,82,0.0,0.0,0.0,0.0,0.0,0.0,0.0,0.0,0.0,0.0,0.0,0.0,0.0,0.0,0.0,0.0,0.0,0.0,0.0,0.0,0.0,0.0,0.0,0.0,
495177,COMMUNITY MEMORIAL HOSPITAL HUNDLEY CENTER,SOUTH HILL,VA,Mecklenburg,117,2020Q4,20201228,83,0.0,0.0,0.0,0.0,0.0,0.0,0.0,0.0,0.0,0.0,0.0,0.0,0.0,0.0,0.0,0.0,0.0,0.0,0.0,0.0,0.0,0.0,0.0,0.0,
495177,COMMUNITY MEMORIAL HOSPITAL HUNDLEY CENTER,SOUTH HILL,VA,Mecklenburg,117,2020Q4,20201229,85,0.0,0.0,0.0,0.0,0.0,0.0,0.0,0.0,0.0,0.0,0.0,0.0,0.0,0.0,0.0,0.0,0.0,0.0,0.0,0.0,0.0,0.0,0.0,0.0,
495177,COMMUNITY MEMORIAL HOSPITAL HUNDLEY CENTER,SOUTH HILL,VA,Mecklenburg,117,2020Q4,20201230,85,0.0,0.0,0.0,0.0,0.0,0.0,0.0,0.0,0.0,0.0,0.0,0.0,0.0,0.0,0.0,0.0,0.0,0.0,0.0,0.0,0.0,0.0,0.0,0.0,
495177,COMMUNITY MEMORIAL HOSPITAL HUNDLEY CENTER,SOUTH HILL,VA,Mecklenburg,117,2020Q4,20201231,86,0.0,0.0,0.0,0.0,0.0,0.0,0.0,0.0,0.0,0.0,0.0,0.0,0.0,0.0,0.0,0.0,0.0,0.0,0.0,0.0,0.0,0.0,0.0,0.0,
495177,COMMUNITY MEMORIAL HOSPITAL HUNDLEY CENTER,SOUTH HILL,VA,Mecklenburg,117,2021Q1,20210101,86,0.0,0.0,0.0,60.5,17.5,43.0,0.0,0.0,0.0,0.0,0.0,0.0,104.75,104.75,0.0,169.0,169.0,0.0,0.0,0.0,0.0,0.0,0.0,0.0,
495177,COMMUNITY MEMORIAL HOSPITAL HUNDLEY CENTER,SOUTH HILL,VA,Mecklenburg,117,2021Q1,20210102,86,4.8,4.8,0.0,51.25,0.0,51.25,0.0,0.0,0.0,0.0,0.0,0.0,92.75,92.75,0.0,152.75,152.75,0.0,0.0,0.0,0.0,0.0,0.0,0.0,
495177,COMMUNITY MEMORIAL HOSPITAL HUNDLEY CENTER,SOUTH HILL,VA,Mecklenburg,117,2021Q1,20210103,86,0.0,0.0,0.0,53.0,0.0,53.0,0.0,0.0,0.0,0.0,0.0,0.0,73.0,73.0,0.0,167.25,167.25,0.0,0.0,0.0,0.0,0.0,0.0,0.0,
495177,COMMUNITY MEMORIAL HOSPITAL HUNDLEY CENTER,SOUTH HILL,VA,Mecklenburg,117,2021Q1,20210104,86,4.8,4.8,0.0,107.25,40.5,66.75,18.75,18.75,0.0,0.0,0.0,0.0,124.0,124.0,0.0,171.0,171.0,0.0,0.0,0.0,0.0,0.0,0.0,0.0,
495177,COMMUNITY MEMORIAL HOSPITAL HUNDLEY CENTER,SOUTH HILL,VA,Mecklenburg,117,2021Q1,20210105,88,4.8,4.8,0.0,146.75,36.0,110.75,16.75,16.75,0.0,0.0,0.0,0.0,82.25,82.25,0.0,137.75,137.75,0.0,0.0,0.0,0.0,0.0,0.0,0.0,
495177,COMMUNITY MEMORIAL HOSPITAL HUNDLEY CENTER,SOUTH HILL,VA,Mecklenburg,117,2021Q1,20210106,89,4.8,4.8,0.0,137.25,57.25,80.0,17.25,17.25,0.0,0.0,0.0,0.0,143.5,143.5,0.0,153.75,153.75,0.0,0.0,0.0,0.0,0.0,0.0,0.0,
495177,COMMUNITY MEMORIAL HOSPITAL HUNDLEY CENTER,SOUTH HILL,VA,Mecklenburg,117,2021Q1,20210107,89,4.8,4.8,0.0,106.25,35.25,71.0,16.0,16.0,0.0,0.0,0.0,0.0,120.75,120.75,0.0,168.5,168.5,0.0,0.0,0.0,0.0,0.0,0.0,0.0,
495177,COMMUNITY MEMORIAL HOSPITAL HUNDLEY CENTER,SOUTH HILL,VA,Mecklenburg,117,2021Q1,20210108,89,4.8,4.8,0.0,102.0,17.25,84.75,15.25,15.25,0.0,0.0,0.0,0.0,77.5,77.5,0.0,158.15,158.15,0.0,0.0,0.0,0.0,0.0,0.0,0.0,
495177,COMMUNITY MEMORIAL HOSPITAL HUNDLEY CENTER,SOUTH HILL,VA,Mecklenburg,117,2021Q1,20210109,88,0.0,0.0,0.0,97.5,0.0,97.5,0.0,0.0,0.0,0.0,0.0,0.0,101.25,101.25,0.0,145.0,145.0,0.0,0.0,0.0,0.0,0.0,0.0,0.0,
495177,COMMUNITY MEMORIAL HOSPITAL HUNDLEY CENTER,SOUTH HILL,VA,Mecklenburg,117,2021Q1,20210110,87,0.0,0.0,0.0,104.5,9.0,95.5,0.0,0.0,0.0,0.0,0.0,0.0,103.75,103.75,0.0,109.75,109.75,0.0,0.0,0.0,0.0,0.0,0.0,0.0,
495177,COMMUNITY MEMORIAL HOSPITAL HUNDLEY CENTER,SOUTH HILL,VA,Mecklenburg,117,2021Q1,20210111,87,4.8,4.8,0.0,133.48,40.48,93.0,17.5,17.5,0.0,0.0,0.0,0.0,98.75,98.75,0.0,171.0,171.0,0.0,0.0,0.0,0.0,0.0,0.0,0.0,
495177,COMMUNITY MEMORIAL HOSPITAL HUNDLEY CENTER,SOUTH HILL,VA,Mecklenburg,117,2021Q1,20210112,87,4.8,4.8,0.0,129.25,37.0,92.25,17.0,17.0,0.0,0.0,0.0,0.0,103.75,103.75,0.0,200.75,200.75,0.0,0.0,0.0,0.0,0.0,0.0,0.0,
495177,COMMUNITY MEMORIAL HOSPITAL HUNDLEY CENTER,SOUTH HILL,VA,Mecklenburg,117,2021Q1,20210113,87,4.8,4.8,0.0,143.0,58.0,85.0,14.25,14.25,0.0,0.0,0.0,0.0,134.0,134.0,0.0,145.5,145.5,0.0,0.0,0.0,0.0,0.0,0.0,0.0,
495177,COMMUNITY MEMORIAL HOSPITAL HUNDLEY CENTER,SOUTH HILL,VA,Mecklenburg,117,2021Q1,20210114,86,4.8,4.8,0.0,152.75,35.0,117.75,15.25,15.25,0.0,0.0,0.0,0.0,120.5,120.5,0.0,156.0,156.0,0.0,0.0,0.0,0.0,0.0,0.0,0.0,
495177,COMMUNITY MEMORIAL HOSPITAL HUNDLEY CENTER,SOUTH HILL,VA,Mecklenburg,117,2021Q1,20210115,85,4.8,4.8,0.0,79.25,26.25,53.0,16.0,16.0,0.0,0.0,0.0,0.0,119.5,119.5,0.0,169.5,169.5,0.0,0.0,0.0,0.0,0.0,0.0,0.0,
495177,COMMUNITY MEMORIAL HOSPITAL HUNDLEY CENTER,SOUTH HILL,VA,Mecklenburg,117,2021Q1,20210116,85,0.0,0.0,0.0,107.75,0.0,107.75,0.0,0.0,0.0,0.0,0.0,0.0,79.5,79.5,0.0,180.5,180.5,0.0,0.0,0.0,0.0,0.0,0.0,0.0,
495177,COMMUNITY MEMORIAL HOSPITAL HUNDLEY CENTER,SOUTH HILL,VA,Mecklenburg,117,2021Q1,20210117,85,0.0,0.0,0.0,95.75,0.0,95.75,0.0,0.0,0.0,0.0,0.0,0.0,75.5,75.5,0.0,158.5,158.5,0.0,0.0,0.0,0.0,0.0,0.0,0.0,
495177,COMMUNITY MEMORIAL HOSPITAL HUNDLEY CENTER,SOUTH HILL,VA,Mecklenburg,117,2021Q1,20210118,84,4.8,4.8,0.0,134.0,41.0,93.0,17.0,17.0,0.0,0.0,0.0,0.0,127.0,127.0,0.0,150.25,150.25,0.0,0.0,0.0,0.0,0.0,0.0,0.0,
495177,COMMUNITY MEMORIAL HOSPITAL HUNDLEY CENTER,SOUTH HILL,VA,Mecklenburg,117,2021Q1,20210119,84,4.8,4.8,0.0,126.0,34.25,91.75,16.25,16.25,0.0,0.0,0.0,0.0,94.25,94.25,0.0,118.0,118.0,0.0,0.0,0.0,0.0,0.0,0.0,0.0,
495177,COMMUNITY MEMORIAL HOSPITAL HUNDLEY CENTER,SOUTH HILL,VA,Mecklenburg,117,2021Q1,20210120,86,4.8,4.8,0.0,124.25,43.0,81.25,16.25,16.25,0.0,0.0,0.0,0.0,99.25,99.25,0.0,180.5,180.5,0.0,0.0,0.0,0.0,0.0,0.0,0.0,
495177,COMMUNITY MEMORIAL HOSPITAL HUNDLEY CENTER,SOUTH HILL,VA,Mecklenburg,117,2021Q1,20210121,86,4.8,4.8,0.0,125.0,31.25,93.75,8.5,8.5,0.0,0.0,0.0,0.0,92.5,92.5,0.0,181.25,181.25,0.0,0.0,0.0,0.0,0.0,0.0,0.0,
495177,COMMUNITY MEMORIAL HOSPITAL HUNDLEY CENTER,SOUTH HILL,VA,Mecklenburg,117,2021Q1,20210122,88,4.8,4.8,0.0,91.0,22.0,69.0,16.75,16.75,0.0,0.0,0.0,0.0,103.25,103.25,0.0,160.0,160.0,0.0,0.0,0.0,0.0,0.0,0.0,0.0,
495177,COMMUNITY MEMORIAL HOSPITAL HUNDLEY CENTER,SOUTH HILL,VA,Mecklenburg,117,2021Q1,20210123,88,0.0,0.0,0.0,113.0,0.0,113.0,0.0,0.0,0.0,0.0,0.0,0.0,89.5,89.5,0.0,112.75,112.75,0.0,0.0,0.0,0.0,0.0,0.0,0.0,
495177,COMMUNITY MEMORIAL HOSPITAL HUNDLEY CENTER,SOUTH HILL,VA,Mecklenburg,117,2021Q1,20210124,88,0.0,0.0,0.0,109.5,0.0,109.5,0.0,0.0,0.0,0.0,0.0,0.0,102.25,102.25,0.0,106.25,106.25,0.0,0.0,0.0,0.0,0.0,0.0,0.0,
495177,COMMUNITY MEMORIAL HOSPITAL HUNDLEY CENTER,SOUTH HILL,VA,Mecklenburg,117,2021Q1,20210125,89,4.8,4.8,0.0,131.0,25.75,105.25,18.0,18.0,0.0,0.0,0.0,0.0,115.5,115.5,0.0,185.25,185.25,0.0,0.0,0.0,0.0,0.0,0.0,0.0,
495177,COMMUNITY MEMORIAL HOSPITAL HUNDLEY CENTER,SOUTH HILL,VA,Mecklenburg,117,2021Q1,20210126,90,4.8,4.8,0.0,129.47,30.47,99.0,16.75,16.75,0.0,0.0,0.0,0.0,92.0,92.0,0.0,162.5,162.5,0.0,0.0,0.0,0.0,0.0,0.0,0.0,
495177,COMMUNITY MEMORIAL HOSPITAL HUNDLEY CENTER,SOUTH HILL,VA,Mecklenburg,117,2021Q1,20210127,88,4.8,4.8,0.0,145.52,52.27,93.25,16.5,16.5,0.0,0.0,0.0,0.0,135.25,135.25,0.0,134.75,134.75,0.0,0.0,0.0,0.0,0.0,0.0,0.0,
495177,COMMUNITY MEMORIAL HOSPITAL HUNDLEY CENTER,SOUTH HILL,VA,Mecklenburg,117,2021Q1,20210128,88,4.8,4.8,0.0,112.75,35.25,77.5,16.0,16.0,0.0,0.0,0.0,0.0,103.5,103.5,0.0,137.5,137.5,0.0,0.0,0.0,0.0,0.0,0.0,0.0,
495177,COMMUNITY MEMORIAL HOSPITAL HUNDLEY CENTER,SOUTH HILL,VA,Mecklenburg,117,2021Q1,20210129,87,4.8,4.8,0.0,127.25,32.5,94.75,16.0,16.0,0.0,0.0,0.0,0.0,94.75,94.75,0.0,157.25,157.25,0.0,0.0,0.0,0.0,0.0,0.0,0.0,
495177,COMMUNITY MEMORIAL HOSPITAL HUNDLEY CENTER,SOUTH HILL,VA,Mecklenburg,117,2021Q1,20210130,86,0.0,0.0,0.0,82.25,0.0,82.25,0.0,0.0,0.0,0.0,0.0,0.0,75.25,75.25,0.0,158.75,158.75,0.0,0.0,0.0,0.0,0.0,0.0,0.0,
495177,COMMUNITY MEMORIAL HOSPITAL HUNDLEY CENTER,SOUTH HILL,VA,Mecklenburg,117,2021Q1,20210131,86,0.0,0.0,0.0,36.5,0.0,36.5,0.0,0.0,0.0,0.0,0.0,0.0,93.0,93.0,0.0,133.5,133.5,0.0,0.0,0.0,0.0,0.0,0.0,0.0,
495177,COMMUNITY MEMORIAL HOSPITAL HUNDLEY CENTER,SOUTH HILL,VA,Mecklenburg,117,2021Q1,20210201,86,0.0,0.0,0.0,150.5,50.0,100.5,16.25,16.25,0.0,0.0,0.0,0.0,121.75,121.75,0.0,135.5,135.5,0.0,0.0,0.0,0.0,0.0,0.0,0.0,
495177,COMMUNITY MEMORIAL HOSPITAL HUNDLEY CENTER,SOUTH HILL,VA,Mecklenburg,117,2021Q1,20210202,87,0.0,0.0,0.0,156.5,43.0,113.5,16.25,16.25,0.0,0.0,0.0,0.0,102.25,102.25,0.0,139.23,139.23,0.0,0.0,0.0,0.0,0.0,0.0,0.0,
495177,COMMUNITY MEMORIAL HOSPITAL HUNDLEY CENTER,SOUTH HILL,VA,Mecklenburg,117,2021Q1,20210203,87,0.0,0.0,0.0,137.58,49.58,88.0,18.25,18.25,0.0,0.0,0.0,0.0,136.5,136.5,0.0,193.0,193.0,0.0,0.0,0.0,0.0,0.0,0.0,0.0,
495177,COMMUNITY MEMORIAL HOSPITAL HUNDLEY CENTER,SOUTH HILL,VA,Mecklenburg,117,2021Q1,20210204,87,0.0,0.0,0.0,166.75,43.0,123.75,16.0,16.0,0.0,0.0,0.0,0.0,108.0,108.0,0.0,161.25,161.25,0.0,0.0,0.0,0.0,0.0,0.0,0.0,
495177,COMMUNITY MEMORIAL HOSPITAL HUNDLEY CENTER,SOUTH HILL,VA,Mecklenburg,117,2021Q1,20210205,88,0.0,0.0,0.0,149.5,39.75,109.75,16.0,16.0,0.0,0.0,0.0,0.0,99.5,99.5,0.0,158.78,158.78,0.0,0.0,0.0,0.0,0.0,0.0,0.0,
495177,COMMUNITY MEMORIAL HOSPITAL HUNDLEY CENTER,SOUTH HILL,VA,Mecklenburg,117,2021Q1,20210206,87,24.0,24.0,0.0,130.25,0.0,130.25,0.0,0.0,0.0,0.0,0.0,0.0,83.0,83.0,0.0,156.5,156.5,0.0,0.0,0.0,0.0,0.0,0.0,0.0,
495177,COMMUNITY MEMORIAL HOSPITAL HUNDLEY CENTER,SOUTH HILL,VA,Mecklenburg,117,2021Q1,20210207,87,0.0,0.0,0.0,98.75,0.0,98.75,0.0,0.0,0.0,0.0,0.0,0.0,105.0,105.0,0.0,131.0,131.0,0.0,0.0,0.0,0.0,0.0,0.0,0.0,
495177,COMMUNITY MEMORIAL HOSPITAL HUNDLEY CENTER,SOUTH HILL,VA,Mecklenburg,117,2021Q1,20210208,87,0.0,0.0,0.0,148.0,48.75,99.25,16.25,16.25,0.0,0.0,0.0,0.0,111.5,111.5,0.0,151.5,151.5,0.0,0.0,0.0,0.0,0.0,0.0,0.0,
495177,COMMUNITY MEMORIAL HOSPITAL HUNDLEY CENTER,SOUTH HILL,VA,Mecklenburg,117,2021Q1,20210209,88,0.0,0.0,0.0,145.75,40.5,105.25,17.25,17.25,0.0,0.0,0.0,0.0,90.25,90.25,0.0,161.25,161.25,0.0,0.0,0.0,0.0,0.0,0.0,0.0,
495177,COMMUNITY MEMORIAL HOSPITAL HUNDLEY CENTER,SOUTH HILL,VA,Mecklenburg,117,2021Q1,20210210,88,0.0,0.0,0.0,176.5,53.75,122.75,13.75,13.75,0.0,0.0,0.0,0.0,127.0,127.0,0.0,184.0,184.0,0.0,0.0,0.0,0.0,0.0,0.0,0.0,
495177,COMMUNITY MEMORIAL HOSPITAL HUNDLEY CENTER,SOUTH HILL,VA,Mecklenburg,117,2021Q1,20210211,90,0.0,0.0,0.0,151.75,35.0,116.75,17.75,17.75,0.0,0.0,0.0,0.0,109.75,109.75,0.0,167.35,167.35,0.0,0.0,0.0,0.0,0.0,0.0,0.0,
495177,COMMUNITY MEMORIAL HOSPITAL HUNDLEY CENTER,SOUTH HILL,VA,Mecklenburg,117,2021Q1,20210212,89,0.0,0.0,0.0,164.25,34.25,130.0,16.5,16.5,0.0,0.0,0.0,0.0,95.0,95.0,0.0,159.5,159.5,0.0,0.0,0.0,0.0,0.0,0.0,0.0,
495177,COMMUNITY MEMORIAL HOSPITAL HUNDLEY CENTER,SOUTH HILL,VA,Mecklenburg,117,2021Q1,20210213,89,24.0,24.0,0.0,122.75,0.0,122.75,0.0,0.0,0.0,0.0,0.0,0.0,84.25,84.25,0.0,129.5,129.5,0.0,0.0,0.0,0.0,0.0,0.0,0.0,
495177,COMMUNITY MEMORIAL HOSPITAL HUNDLEY CENTER,SOUTH HILL,VA,Mecklenburg,117,2021Q1,20210214,89,0.0,0.0,0.0,105.5,0.0,105.5,0.0,0.0,0.0,0.0,0.0,0.0,69.25,69.25,0.0,126.25,126.25,0.0,0.0,0.0,0.0,0.0,0.0,0.0,
495177,COMMUNITY MEMORIAL HOSPITAL HUNDLEY CENTER,SOUTH HILL,VA,Mecklenburg,117,2021Q1,20210215,89,0.0,0.0,0.0,125.75,25.5,100.25,8.0,8.0,0.0,0.0,0.0,0.0,130.25,130.25,0.0,163.75,163.75,0.0,0.0,0.0,0.0,0.0,0.0,0.0,
495177,COMMUNITY MEMORIAL HOSPITAL HUNDLEY CENTER,SOUTH HILL,VA,Mecklenburg,117,2021Q1,20210216,92,0.0,0.0,0.0,154.75,28.5,126.25,18.75,18.75,0.0,0.0,0.0,0.0,77.5,77.5,0.0,183.25,183.25,0.0,0.0,0.0,0.0,0.0,0.0,0.0,
495177,COMMUNITY MEMORIAL HOSPITAL HUNDLEY CENTER,SOUTH HILL,VA,Mecklenburg,117,2021Q1,20210217,91,0.0,0.0,0.0,186.33,42.33,144.0,20.75,20.75,0.0,0.0,0.0,0.0,127.25,127.25,0.0,187.9,187.9,0.0,0.0,0.0,0.0,0.0,0.0,0.0,
495177,COMMUNITY MEMORIAL HOSPITAL HUNDLEY CENTER,SOUTH HILL,VA,Mecklenburg,117,2021Q1,20210218,91,0.0,0.0,0.0,160.25,36.0,124.25,15.0,15.0,0.0,0.0,0.0,0.0,83.25,83.25,0.0,114.0,114.0,0.0,0.0,0.0,0.0,0.0,0.0,0.0,
495177,COMMUNITY MEMORIAL HOSPITAL HUNDLEY CENTER,SOUTH HILL,VA,Mecklenburg,117,2021Q1,20210219,92,0.0,0.0,0.0,155.25,20.75,134.5,7.75,7.75,0.0,0.0,0.0,0.0,95.0,95.0,0.0,166.5,166.5,0.0,0.0,0.0,0.0,0.0,0.0,0.0,
495177,COMMUNITY MEMORIAL HOSPITAL HUNDLEY CENTER,SOUTH HILL,VA,Mecklenburg,117,2021Q1,20210220,93,24.0,24.0,0.0,112.0,0.0,112.0,0.0,0.0,0.0,0.0,0.0,0.0,112.5,112.5,0.0,153.25,153.25,0.0,0.0,0.0,0.0,0.0,0.0,0.0,
495177,COMMUNITY MEMORIAL HOSPITAL HUNDLEY CENTER,SOUTH HILL,VA,Mecklenburg,117,2021Q1,20210221,93,0.0,0.0,0.0,118.75,0.0,118.75,0.0,0.0,0.0,0.0,0.0,0.0,96.0,96.0,0.0,153.5,153.5,0.0,0.0,0.0,0.0,0.0,0.0,0.0,
495177,COMMUNITY MEMORIAL HOSPITAL HUNDLEY CENTER,SOUTH HILL,VA,Mecklenburg,117,2021Q1,20210222,92,8.0,8.0,0.0,167.0,29.5,137.5,8.5,8.5,0.0,0.0,0.0,0.0,106.0,106.0,0.0,169.0,169.0,0.0,0.0,0.0,0.0,0.0,0.0,0.0,
495177,COMMUNITY MEMORIAL HOSPITAL HUNDLEY CENTER,SOUTH HILL,VA,Mecklenburg,117,2021Q1,20210223,93,8.0,8.0,0.0,165.0,31.25,133.75,0.0,0.0,0.0,0.0,0.0,0.0,84.5,84.5,0.0,187.0,187.0,0.0,0.0,0.0,0.0,0.0,0.0,0.0,
495177,COMMUNITY MEMORIAL HOSPITAL HUNDLEY CENTER,SOUTH HILL,VA,Mecklenburg,117,2021Q1,20210224,93,8.0,8.0,0.0,154.5,28.25,126.25,16.0,16.0,0.0,0.0,0.0,0.0,122.75,122.75,0.0,160.25,160.25,0.0,0.0,0.0,0.0,0.0,0.0,0.0,
495177,COMMUNITY MEMORIAL HOSPITAL HUNDLEY CENTER,SOUTH HILL,VA,Mecklenburg,117,2021Q1,20210225,94,8.0,8.0,0.0,155.25,27.75,127.5,6.75,6.75,0.0,0.0,0.0,0.0,90.5,90.5,0.0,127.75,127.75,0.0,0.0,0.0,0.0,0.0,0.0,0.0,
495177,COMMUNITY MEMORIAL HOSPITAL HUNDLEY CENTER,SOUTH HILL,VA,Mecklenburg,117,2021Q1,20210226,94,8.0,8.0,0.0,119.5,17.0,102.5,5.0,5.0,0.0,0.0,0.0,0.0,115.75,115.75,0.0,162.5,162.5,0.0,0.0,0.0,0.0,0.0,0.0,0.0,
495177,COMMUNITY MEMORIAL HOSPITAL HUNDLEY CENTER,SOUTH HILL,VA,Mecklenburg,117,2021Q1,20210227,93,0.0,0.0,0.0,115.0,0.0,115.0,0.0,0.0,0.0,0.0,0.0,0.0,80.75,80.75,0.0,133.0,133.0,0.0,0.0,0.0,0.0,0.0,0.0,0.0,
495177,COMMUNITY MEMORIAL HOSPITAL HUNDLEY CENTER,SOUTH HILL,VA,Mecklenburg,117,2021Q1,20210228,93,0.0,0.0,0.0,166.5,0.0,166.5,0.0,0.0,0.0,0.0,0.0,0.0,85.5,85.5,0.0,153.5,153.5,0.0,0.0,0.0,0.0,0.0,0.0,0.0,
495177,COMMUNITY MEMORIAL HOSPITAL HUNDLEY CENTER,SOUTH HILL,VA,Mecklenburg,117,2021Q1,20210301,93,8.0,8.0,0.0,215.0,56.0,159.0,12.5,12.5,0.0,0.0,0.0,0.0,91.25,91.25,0.0,125.25,125.25,0.0,0.0,0.0,0.0,0.0,0.0,0.0,
495177,COMMUNITY MEMORIAL HOSPITAL HUNDLEY CENTER,SOUTH HILL,VA,Mecklenburg,117,2021Q1,20210302,94,8.0,8.0,0.0,183.75,54.75,129.0,0.0,0.0,0.0,0.0,0.0,0.0,110.0,110.0,0.0,149.5,149.5,0.0,0.0,0.0,0.0,0.0,0.0,0.0,
495177,COMMUNITY MEMORIAL HOSPITAL HUNDLEY CENTER,SOUTH HILL,VA,Mecklenburg,117,2021Q1,20210303,94,8.0,8.0,0.0,138.25,46.5,91.75,15.0,15.0,0.0,0.0,0.0,0.0,136.75,136.75,0.0,194.5,194.5,0.0,0.0,0.0,0.0,0.0,0.0,0.0,
495177,COMMUNITY MEMORIAL HOSPITAL HUNDLEY CENTER,SOUTH HILL,VA,Mecklenburg,117,2021Q1,20210304,95,8.0,8.0,0.0,169.75,56.25,113.5,13.25,13.25,0.0,0.0,0.0,0.0,118.25,118.25,0.0,151.0,151.0,0.0,0.0,0.0,0.0,0.0,0.0,0.0,
495177,COMMUNITY MEMORIAL HOSPITAL HUNDLEY CENTER,SOUTH HILL,VA,Mecklenburg,117,2021Q1,20210305,96,8.0,8.0,0.0,115.75,25.5,90.25,0.0,0.0,0.0,0.0,0.0,0.0,85.75,85.75,0.0,166.75,166.75,0.0,0.0,0.0,0.0,0.0,0.0,0.0,
495177,COMMUNITY MEMORIAL HOSPITAL HUNDLEY CENTER,SOUTH HILL,VA,Mecklenburg,117,2021Q1,20210306,95,0.0,0.0,0.0,138.25,6.5,131.75,0.0,0.0,0.0,0.0,0.0,0.0,100.0,100.0,0.0,139.75,139.75,0.0,0.0,0.0,0.0,0.0,0.0,0.0,
495177,COMMUNITY MEMORIAL HOSPITAL HUNDLEY CENTER,SOUTH HILL,VA,Mecklenburg,117,2021Q1,20210307,95,0.0,0.0,0.0,124.0,0.0,124.0,0.0,0.0,0.0,0.0,0.0,0.0,103.75,103.75,0.0,141.75,141.75,0.0,0.0,0.0,0.0,0.0,0.0,0.0,
495177,COMMUNITY MEMORIAL HOSPITAL HUNDLEY CENTER,SOUTH HILL,VA,Mecklenburg,117,2021Q1,20210308,92,0.0,0.0,0.0,166.75,59.25,107.5,0.0,0.0,0.0,0.0,0.0,0.0,118.5,118.5,0.0,165.5,165.5,0.0,0.0,0.0,0.0,0.0,0.0,0.0,
495177,COMMUNITY MEMORIAL HOSPITAL HUNDLEY CENTER,SOUTH HILL,VA,Mecklenburg,117,2021Q1,20210309,93,8.0,8.0,0.0,181.0,61.25,119.75,16.5,16.5,0.0,0.0,0.0,0.0,153.0,153.0,0.0,236.25,236.25,0.0,0.0,0.0,0.0,0.0,0.0,0.0,
495177,COMMUNITY MEMORIAL HOSPITAL HUNDLEY CENTER,SOUTH HILL,VA,Mecklenburg,117,2021Q1,20210310,92,8.0,8.0,0.0,178.25,75.25,103.0,9.25,9.25,0.0,0.0,0.0,0.0,105.5,105.5,0.0,214.25,214.25,0.0,0.0,0.0,0.0,0.0,0.0,0.0,
495177,COMMUNITY MEMORIAL HOSPITAL HUNDLEY CENTER,SOUTH HILL,VA,Mecklenburg,117,2021Q1,20210311,92,8.0,8.0,0.0,194.75,72.5,122.25,9.5,9.5,0.0,0.0,0.0,0.0,80.0,80.0,0.0,173.25,173.25,0.0,0.0,0.0,0.0,0.0,0.0,0.0,
495177,COMMUNITY MEMORIAL HOSPITAL HUNDLEY CENTER,SOUTH HILL,VA,Mecklenburg,117,2021Q1,20210312,92,8.0,8.0,0.0,243.0,58.25,184.75,0.0,0.0,0.0,0.0,0.0,0.0,80.25,80.25,0.0,129.5,129.5,0.0,0.0,0.0,0.0,0.0,0.0,0.0,
495177,COMMUNITY MEMORIAL HOSPITAL HUNDLEY CENTER,SOUTH HILL,VA,Mecklenburg,117,2021Q1,20210313,91,0.0,0.0,0.0,137.5,0.0,137.5,0.0,0.0,0.0,0.0,0.0,0.0,82.5,82.5,0.0,129.25,129.25,0.0,0.0,0.0,0.0,0.0,0.0,0.0,
495177,COMMUNITY MEMORIAL HOSPITAL HUNDLEY CENTER,SOUTH HILL,VA,Mecklenburg,117,2021Q1,20210314,91,0.0,0.0,0.0,134.0,0.0,134.0,0.0,0.0,0.0,0.0,0.0,0.0,83.25,83.25,0.0,146.5,146.5,0.0,0.0,0.0,0.0,0.0,0.0,0.0,
495177,COMMUNITY MEMORIAL HOSPITAL HUNDLEY CENTER,SOUTH HILL,VA,Mecklenburg,117,2021Q1,20210315,90,8.0,8.0,0.0,190.25,64.25,126.0,6.5,6.5,0.0,0.0,0.0,0.0,108.25,108.25,0.0,186.5,186.5,0.0,0.0,0.0,0.0,0.0,0.0,0.0,
495177,COMMUNITY MEMORIAL HOSPITAL HUNDLEY CENTER,SOUTH HILL,VA,Mecklenburg,117,2021Q1,20210316,92,8.0,8.0,0.0,175.25,64.75,110.5,5.75,5.75,0.0,0.0,0.0,0.0,96.25,96.25,0.0,188.0,188.0,0.0,0.0,0.0,0.0,0.0,0.0,0.0,
495177,COMMUNITY MEMORIAL HOSPITAL HUNDLEY CENTER,SOUTH HILL,VA,Mecklenburg,117,2021Q1,20210317,90,8.0,8.0,0.0,189.75,71.5,118.25,16.0,16.0,0.0,0.0,0.0,0.0,102.75,102.75,0.0,182.5,182.5,0.0,0.0,0.0,0.0,0.0,0.0,0.0,
495177,COMMUNITY MEMORIAL HOSPITAL HUNDLEY CENTER,SOUTH HILL,VA,Mecklenburg,117,2021Q1,20210318,91,8.0,8.0,0.0,185.75,78.25,107.5,7.25,7.25,0.0,0.0,0.0,0.0,95.0,95.0,0.0,177.75,177.75,0.0,0.0,0.0,0.0,0.0,0.0,0.0,
495177,COMMUNITY MEMORIAL HOSPITAL HUNDLEY CENTER,SOUTH HILL,VA,Mecklenburg,117,2021Q1,20210319,93,8.0,8.0,0.0,129.0,49.25,79.75,0.0,0.0,0.0,0.0,0.0,0.0,106.75,106.75,0.0,166.25,166.25,0.0,0.0,0.0,0.0,0.0,0.0,0.0,
495177,COMMUNITY MEMORIAL HOSPITAL HUNDLEY CENTER,SOUTH HILL,VA,Mecklenburg,117,2021Q1,20210320,93,0.0,0.0,0.0,142.5,12.0,130.5,0.0,0.0,0.0,0.0,0.0,0.0,106.25,106.25,0.0,169.25,169.25,0.0,0.0,0.0,0.0,0.0,0.0,0.0,
495177,COMMUNITY MEMORIAL HOSPITAL HUNDLEY CENTER,SOUTH HILL,VA,Mecklenburg,117,2021Q1,20210321,93,0.0,0.0,0.0,133.0,11.75,121.25,0.0,0.0,0.0,0.0,0.0,0.0,119.75,119.75,0.0,170.5,170.5,0.0,0.0,0.0,0.0,0.0,0.0,0.0,
495177,COMMUNITY MEMORIAL HOSPITAL HUNDLEY CENTER,SOUTH HILL,VA,Mecklenburg,117,2021Q1,20210322,94,8.0,8.0,0.0,146.5,71.0,75.5,9.0,9.0,0.0,0.0,0.0,0.0,116.75,116.75,0.0,129.75,129.75,0.0,0.0,0.0,0.0,0.0,0.0,0.0,
495177,COMMUNITY MEMORIAL HOSPITAL HUNDLEY CENTER,SOUTH HILL,VA,Mecklenburg,117,2021Q1,20210323,95,8.0,8.0,0.0,137.5,53.75,83.75,14.75,14.75,0.0,0.0,0.0,0.0,120.75,120.75,0.0,192.75,192.75,0.0,0.0,0.0,0.0,0.0,0.0,0.0,
495177,COMMUNITY MEMORIAL HOSPITAL HUNDLEY CENTER,SOUTH HILL,VA,Mecklenburg,117,2021Q1,20210324,91,8.0,8.0,0.0,120.25,70.25,50.0,15.25,15.25,0.0,0.0,0.0,0.0,131.25,131.25,0.0,198.25,198.25,0.0,0.0,0.0,0.0,0.0,0.0,0.0,
495177,COMMUNITY MEMORIAL HOSPITAL HUNDLEY CENTER,SOUTH HILL,VA,Mecklenburg,117,2021Q1,20210325,93,8.0,8.0,0.0,176.0,67.0,109.0,0.0,0.0,0.0,0.0,0.0,0.0,101.25,101.25,0.0,206.25,206.25,0.0,0.0,0.0,0.0,0.0,0.0,0.0,
495177,COMMUNITY MEMORIAL HOSPITAL HUNDLEY CENTER,SOUTH HILL,VA,Mecklenburg,117,2021Q1,20210326,94,8.0,8.0,0.0,179.25,47.5,131.75,0.0,0.0,0.0,0.0,0.0,0.0,103.25,103.25,0.0,159.75,159.75,0.0,0.0,0.0,0.0,0.0,0.0,0.0,
495177,COMMUNITY MEMORIAL HOSPITAL HUNDLEY CENTER,SOUTH HILL,VA,Mecklenburg,117,2021Q1,20210327,94,0.0,0.0,0.0,122.75,12.0,110.75,0.0,0.0,0.0,0.0,0.0,0.0,75.75,75.75,0.0,135.75,135.75,0.0,0.0,0.0,0.0,0.0,0.0,0.0,
495177,COMMUNITY MEMORIAL HOSPITAL HUNDLEY CENTER,SOUTH HILL,VA,Mecklenburg,117,2021Q1,20210328,93,0.0,0.0,0.0,123.0,12.0,111.0,0.0,0.0,0.0,0.0,0.0,0.0,84.5,84.5,0.0,132.25,132.25,0.0,0.0,0.0,0.0,0.0,0.0,0.0,
495177,COMMUNITY MEMORIAL HOSPITAL HUNDLEY CENTER,SOUTH HILL,VA,Mecklenburg,117,2021Q1,20210329,94,8.0,8.0,0.0,176.75,71.0,105.75,14.0,14.0,0.0,0.0,0.0,0.0,82.75,82.75,0.0,166.75,166.75,0.0,0.0,0.0,0.0,0.0,0.0,0.0,
495177,COMMUNITY MEMORIAL HOSPITAL HUNDLEY CENTER,SOUTH HILL,VA,Mecklenburg,117,2021Q1,20210330,94,8.0,8.0,0.0,144.0,59.5,84.5,5.75,5.75,0.0,0.0,0.0,0.0,141.0,141.0,0.0,163.25,163.25,0.0,0.0,0.0,0.0,0.0,0.0,0.0,
495177,COMMUNITY MEMORIAL HOSPITAL HUNDLEY CENTER,SOUTH HILL,VA,Mecklenburg,117,2021Q1,20210331,93,3.0,3.0,0.0,217.75,68.75,149.0,15.5,15.5,0.0,0.0,0.0,0.0,127.75,127.75,0.0,186.25,186.25,0.0,0.0,0.0,0.0,0.0,0.0,0.0,
495177,COMMUNITY MEMORIAL HOSPITAL HUNDLEY CENTER,SOUTH HILL,VA,Mecklenburg,117,2021Q2,20210401,92,8.0,8.0,0.0,68.0,68.0,0.0,6.75,6.75,0.0,0.0,0.0,0.0,137.25,137.25,0.0,175.0,175.0,0.0,0.0,0.0,0.0,0.0,0.0,0.0,
495177,COMMUNITY MEMORIAL HOSPITAL HUNDLEY CENTER,SOUTH HILL,VA,Mecklenburg,117,2021Q2,20210402,92,8.0,8.0,0.0,48.0,48.0,0.0,0.0,0.0,0.0,0.0,0.0,0.0,119.0,119.0,0.0,182.5,182.5,0.0,0.0,0.0,0.0,0.0,0.0,0.0,
495177,COMMUNITY MEMORIAL HOSPITAL HUNDLEY CENTER,SOUTH HILL,VA,Mecklenburg,117,2021Q2,20210403,91,0.0,0.0,0.0,12.5,12.5,0.0,0.0,0.0,0.0,0.0,0.0,0.0,106.0,106.0,0.0,162.25,162.25,0.0,0.0,0.0,0.0,0.0,0.0,0.0,
495177,COMMUNITY MEMORIAL HOSPITAL HUNDLEY CENTER,SOUTH HILL,VA,Mecklenburg,117,2021Q2,20210404,91,0.0,0.0,0.0,13.0,13.0,0.0,0.0,0.0,0.0,0.0,0.0,0.0,105.25,105.25,0.0,169.75,169.75,0.0,0.0,0.0,0.0,0.0,0.0,0.0,
495177,COMMUNITY MEMORIAL HOSPITAL HUNDLEY CENTER,SOUTH HILL,VA,Mecklenburg,117,2021Q2,20210405,90,8.0,8.0,0.0,58.75,58.75,0.0,0.0,0.0,0.0,0.0,0.0,0.0,101.25,101.25,0.0,164.75,164.75,0.0,0.0,0.0,0.0,0.0,0.0,0.0,
495177,COMMUNITY MEMORIAL HOSPITAL HUNDLEY CENTER,SOUTH HILL,VA,Mecklenburg,117,2021Q2,20210406,90,8.0,8.0,0.0,69.5,69.5,0.0,0.0,0.0,0.0,0.0,0.0,0.0,131.5,131.5,0.0,169.75,169.75,0.0,0.0,0.0,0.0,0.0,0.0,0.0,
495177,COMMUNITY MEMORIAL HOSPITAL HUNDLEY CENTER,SOUTH HILL,VA,Mecklenburg,117,2021Q2,20210407,90,8.0,8.0,0.0,67.0,67.0,0.0,18.75,18.75,0.0,0.0,0.0,0.0,142.25,142.25,0.0,219.0,219.0,0.0,0.0,0.0,0.0,0.0,0.0,0.0,
495177,COMMUNITY MEMORIAL HOSPITAL HUNDLEY CENTER,SOUTH HILL,VA,Mecklenburg,117,2021Q2,20210408,88,8.0,8.0,0.0,57.0,57.0,0.0,8.0,8.0,0.0,0.0,0.0,0.0,137.75,137.75,0.0,146.5,146.5,0.0,0.0,0.0,0.0,0.0,0.0,0.0,
495177,COMMUNITY MEMORIAL HOSPITAL HUNDLEY CENTER,SOUTH HILL,VA,Mecklenburg,117,2021Q2,20210409,89,8.0,8.0,0.0,56.5,56.5,0.0,0.0,0.0,0.0,0.0,0.0,0.0,114.0,114.0,0.0,175.5,175.5,0.0,0.0,0.0,0.0,0.0,0.0,0.0,
495177,COMMUNITY MEMORIAL HOSPITAL HUNDLEY CENTER,SOUTH HILL,VA,Mecklenburg,117,2021Q2,20210410,88,0.0,0.0,0.0,13.25,13.25,0.0,0.0,0.0,0.0,0.0,0.0,0.0,91.0,91.0,0.0,132.75,132.75,0.0,0.0,0.0,0.0,0.0,0.0,0.0,
495177,COMMUNITY MEMORIAL HOSPITAL HUNDLEY CENTER,SOUTH HILL,VA,Mecklenburg,117,2021Q2,20210411,88,0.0,0.0,0.0,13.25,13.25,0.0,0.0,0.0,0.0,0.0,0.0,0.0,92.5,92.5,0.0,156.75,156.75,0.0,0.0,0.0,0.0,0.0,0.0,0.0,
495177,COMMUNITY MEMORIAL HOSPITAL HUNDLEY CENTER,SOUTH HILL,VA,Mecklenburg,117,2021Q2,20210412,88,8.0,8.0,0.0,58.25,58.25,0.0,9.25,9.25,0.0,0.0,0.0,0.0,140.0,140.0,0.0,189.75,189.75,0.0,0.0,0.0,0.0,0.0,0.0,0.0,
495177,COMMUNITY MEMORIAL HOSPITAL HUNDLEY CENTER,SOUTH HILL,VA,Mecklenburg,117,2021Q2,20210413,88,8.0,8.0,0.0,69.0,69.0,0.0,7.0,7.0,0.0,0.0,0.0,0.0,129.25,129.25,0.0,161.5,161.5,0.0,0.0,0.0,0.0,0.0,0.0,0.0,
495177,COMMUNITY MEMORIAL HOSPITAL HUNDLEY CENTER,SOUTH HILL,VA,Mecklenburg,117,2021Q2,20210414,88,8.0,8.0,0.0,70.5,70.5,0.0,15.5,15.5,0.0,0.0,0.0,0.0,113.75,113.75,0.0,165.5,165.5,0.0,0.0,0.0,0.0,0.0,0.0,0.0,
495177,COMMUNITY MEMORIAL HOSPITAL HUNDLEY CENTER,SOUTH HILL,VA,Mecklenburg,117,2021Q2,20210415,87,8.0,8.0,0.0,64.0,64.0,0.0,0.0,0.0,0.0,0.0,0.0,0.0,138.25,138.25,0.0,171.5,171.5,0.0,0.0,0.0,0.0,0.0,0.0,0.0,
495177,COMMUNITY MEMORIAL HOSPITAL HUNDLEY CENTER,SOUTH HILL,VA,Mecklenburg,117,2021Q2,20210416,89,8.0,8.0,0.0,58.0,58.0,0.0,0.0,0.0,0.0,0.0,0.0,0.0,105.75,105.75,0.0,172.0,172.0,0.0,0.0,0.0,0.0,0.0,0.0,0.0,
495177,COMMUNITY MEMORIAL HOSPITAL HUNDLEY CENTER,SOUTH HILL,VA,Mecklenburg,117,2021Q2,20210417,88,0.0,0.0,0.0,11.75,11.75,0.0,0.0,0.0,0.0,0.0,0.0,0.0,93.5,93.5,0.0,159.05,159.05,0.0,0.0,0.0,0.0,0.0,0.0,0.0,
495177,COMMUNITY MEMORIAL HOSPITAL HUNDLEY CENTER,SOUTH HILL,VA,Mecklenburg,117,2021Q2,20210418,88,0.0,0.0,0.0,12.0,12.0,0.0,0.0,0.0,0.0,0.0,0.0,0.0,113.0,113.0,0.0,162.75,162.75,0.0,0.0,0.0,0.0,0.0,0.0,0.0,
495177,COMMUNITY MEMORIAL HOSPITAL HUNDLEY CENTER,SOUTH HILL,VA,Mecklenburg,117,2021Q2,20210419,88,8.0,8.0,0.0,70.75,70.75,0.0,8.5,8.5,0.0,0.0,0.0,0.0,115.5,115.5,0.0,156.0,156.0,0.0,0.0,0.0,0.0,0.0,0.0,0.0,
495177,COMMUNITY MEMORIAL HOSPITAL HUNDLEY CENTER,SOUTH HILL,VA,Mecklenburg,117,2021Q2,20210420,87,8.0,8.0,0.0,68.75,68.75,0.0,5.25,5.25,0.0,0.0,0.0,0.0,104.25,104.25,0.0,136.0,136.0,0.0,0.0,0.0,0.0,0.0,0.0,0.0,
495177,COMMUNITY MEMORIAL HOSPITAL HUNDLEY CENTER,SOUTH HILL,VA,Mecklenburg,117,2021Q2,20210421,88,8.0,8.0,0.0,61.75,61.75,0.0,9.75,9.75,0.0,0.0,0.0,0.0,148.5,148.5,0.0,182.75,182.75,0.0,0.0,0.0,0.0,0.0,0.0,0.0,
495177,COMMUNITY MEMORIAL HOSPITAL HUNDLEY CENTER,SOUTH HILL,VA,Mecklenburg,117,2021Q2,20210422,88,8.0,8.0,0.0,50.5,50.5,0.0,0.0,0.0,0.0,0.0,0.0,0.0,145.0,145.0,0.0,158.0,158.0,0.0,0.0,0.0,0.0,0.0,0.0,0.0,
495177,COMMUNITY MEMORIAL HOSPITAL HUNDLEY CENTER,SOUTH HILL,VA,Mecklenburg,117,2021Q2,20210423,88,8.0,8.0,0.0,21.25,21.25,0.0,0.0,0.0,0.0,0.0,0.0,0.0,64.75,64.75,0.0,159.75,159.75,0.0,0.0,0.0,0.0,0.0,0.0,0.0,
495177,COMMUNITY MEMORIAL HOSPITAL HUNDLEY CENTER,SOUTH HILL,VA,Mecklenburg,117,2021Q2,20210424,87,0.0,0.0,0.0,13.25,13.25,0.0,0.0,0.0,0.0,0.0,0.0,0.0,85.75,85.75,0.0,120.75,120.75,0.0,0.0,0.0,0.0,0.0,0.0,0.0,
495177,COMMUNITY MEMORIAL HOSPITAL HUNDLEY CENTER,SOUTH HILL,VA,Mecklenburg,117,2021Q2,20210425,87,0.0,0.0,0.0,12.25,12.25,0.0,0.0,0.0,0.0,0.0,0.0,0.0,104.0,104.0,0.0,157.0,157.0,0.0,0.0,0.0,0.0,0.0,0.0,0.0,
495177,COMMUNITY MEMORIAL HOSPITAL HUNDLEY CENTER,SOUTH HILL,VA,Mecklenburg,117,2021Q2,20210426,89,8.0,8.0,0.0,47.5,47.5,0.0,0.0,0.0,0.0,0.0,0.0,0.0,138.0,138.0,0.0,191.75,191.75,0.0,0.0,0.0,0.0,0.0,0.0,0.0,
495177,COMMUNITY MEMORIAL HOSPITAL HUNDLEY CENTER,SOUTH HILL,VA,Mecklenburg,117,2021Q2,20210427,88,8.0,8.0,0.0,43.75,43.75,0.0,8.0,8.0,0.0,0.0,0.0,0.0,104.5,104.5,0.0,117.5,117.5,0.0,0.0,0.0,0.0,0.0,0.0,0.0,
495177,COMMUNITY MEMORIAL HOSPITAL HUNDLEY CENTER,SOUTH HILL,VA,Mecklenburg,117,2021Q2,20210428,89,8.0,8.0,0.0,55.25,55.25,0.0,15.75,15.75,0.0,0.0,0.0,0.0,152.75,152.75,0.0,155.0,155.0,0.0,0.0,0.0,0.0,0.0,0.0,0.0,
495177,COMMUNITY MEMORIAL HOSPITAL HUNDLEY CENTER,SOUTH HILL,VA,Mecklenburg,117,2021Q2,20210429,88,8.0,8.0,0.0,48.75,48.75,0.0,2.25,2.25,0.0,0.0,0.0,0.0,133.0,133.0,0.0,152.75,152.75,0.0,0.0,0.0,0.0,0.0,0.0,0.0,
495177,COMMUNITY MEMORIAL HOSPITAL HUNDLEY CENTER,SOUTH HILL,VA,Mecklenburg,117,2021Q2,20210430,89,8.0,8.0,0.0,42.25,42.25,0.0,2.25,2.25,0.0,0.0,0.0,0.0,100.0,100.0,0.0,176.0,176.0,0.0,0.0,0.0,0.0,0.0,0.0,0.0,
495177,COMMUNITY MEMORIAL HOSPITAL HUNDLEY CENTER,SOUTH HILL,VA,Mecklenburg,117,2021Q2,20210501,89,0.0,0.0,0.0,2.75,2.75,0.0,0.0,0.0,0.0,0.0,0.0,0.0,100.5,100.5,0.0,147.0,147.0,0.0,0.0,0.0,0.0,0.0,0.0,0.0,
495177,COMMUNITY MEMORIAL HOSPITAL HUNDLEY CENTER,SOUTH HILL,VA,Mecklenburg,117,2021Q2,20210502,88,0.0,0.0,0.0,11.75,11.75,0.0,0.0,0.0,0.0,0.0,0.0,0.0,100.75,100.75,0.0,142.0,142.0,0.0,0.0,0.0,0.0,0.0,0.0,0.0,
495177,COMMUNITY MEMORIAL HOSPITAL HUNDLEY CENTER,SOUTH HILL,VA,Mecklenburg,117,2021Q2,20210503,89,8.0,8.0,0.0,37.75,37.75,0.0,10.0,10.0,0.0,0.0,0.0,0.0,101.0,101.0,0.0,158.5,158.5,0.0,0.0,0.0,0.0,0.0,0.0,0.0,
495177,COMMUNITY MEMORIAL HOSPITAL HUNDLEY CENTER,SOUTH HILL,VA,Mecklenburg,117,2021Q2,20210504,89,8.0,8.0,0.0,36.5,36.5,0.0,11.0,11.0,0.0,0.0,0.0,0.0,99.5,99.5,0.0,214.0,214.0,0.0,0.0,0.0,0.0,0.0,0.0,0.0,
495177,COMMUNITY MEMORIAL HOSPITAL HUNDLEY CENTER,SOUTH HILL,VA,Mecklenburg,117,2021Q2,20210505,92,8.0,8.0,0.0,47.0,47.0,0.0,3.5,3.5,0.0,0.0,0.0,0.0,167.75,167.75,0.0,180.25,180.25,0.0,0.0,0.0,0.0,0.0,0.0,0.0,
495177,COMMUNITY MEMORIAL HOSPITAL HUNDLEY CENTER,SOUTH HILL,VA,Mecklenburg,117,2021Q2,20210506,90,8.0,8.0,0.0,66.5,66.5,0.0,6.75,6.75,0.0,0.0,0.0,0.0,145.5,145.5,0.0,169.75,169.75,0.0,0.0,0.0,0.0,0.0,0.0,0.0,
495177,COMMUNITY MEMORIAL HOSPITAL HUNDLEY CENTER,SOUTH HILL,VA,Mecklenburg,117,2021Q2,20210507,89,8.0,8.0,0.0,35.75,35.75,0.0,0.0,0.0,0.0,0.0,0.0,0.0,87.75,87.75,0.0,163.5,163.5,0.0,0.0,0.0,0.0,0.0,0.0,0.0,
495177,COMMUNITY MEMORIAL HOSPITAL HUNDLEY CENTER,SOUTH HILL,VA,Mecklenburg,117,2021Q2,20210508,89,0.0,0.0,0.0,12.5,12.5,0.0,0.0,0.0,0.0,0.0,0.0,0.0,95.0,95.0,0.0,117.5,117.5,0.0,0.0,0.0,0.0,0.0,0.0,0.0,
495177,COMMUNITY MEMORIAL HOSPITAL HUNDLEY CENTER,SOUTH HILL,VA,Mecklenburg,117,2021Q2,20210509,89,0.0,0.0,0.0,12.5,12.5,0.0,0.0,0.0,0.0,0.0,0.0,0.0,87.5,87.5,0.0,122.0,122.0,0.0,0.0,0.0,0.0,0.0,0.0,0.0,
495177,COMMUNITY MEMORIAL HOSPITAL HUNDLEY CENTER,SOUTH HILL,VA,Mecklenburg,117,2021Q2,20210510,87,8.0,8.0,0.0,47.75,47.75,0.0,15.0,15.0,0.0,0.0,0.0,0.0,115.0,115.0,0.0,175.5,175.5,0.0,0.0,0.0,0.0,0.0,0.0,0.0,
495177,COMMUNITY MEMORIAL HOSPITAL HUNDLEY CENTER,SOUTH HILL,VA,Mecklenburg,117,2021Q2,20210511,88,8.0,8.0,0.0,79.5,79.5,0.0,7.0,7.0,0.0,0.0,0.0,0.0,135.75,135.75,0.0,183.5,183.5,0.0,0.0,0.0,0.0,0.0,0.0,0.0,
495177,COMMUNITY MEMORIAL HOSPITAL HUNDLEY CENTER,SOUTH HILL,VA,Mecklenburg,117,2021Q2,20210512,88,8.0,8.0,0.0,53.25,53.25,0.0,11.75,11.75,0.0,0.0,0.0,0.0,116.0,116.0,0.0,185.0,185.0,0.0,0.0,0.0,0.0,0.0,0.0,0.0,
495177,COMMUNITY MEMORIAL HOSPITAL HUNDLEY CENTER,SOUTH HILL,VA,Mecklenburg,117,2021Q2,20210513,88,8.0,8.0,0.0,51.25,51.25,0.0,5.5,5.5,0.0,0.0,0.0,0.0,149.0,149.0,0.0,183.0,183.0,0.0,0.0,0.0,0.0,0.0,0.0,0.0,
495177,COMMUNITY MEMORIAL HOSPITAL HUNDLEY CENTER,SOUTH HILL,VA,Mecklenburg,117,2021Q2,20210514,89,0.0,0.0,0.0,39.5,39.5,0.0,0.0,0.0,0.0,0.0,0.0,0.0,129.0,129.0,0.0,173.25,173.25,0.0,0.0,0.0,0.0,0.0,0.0,0.0,
495177,COMMUNITY MEMORIAL HOSPITAL HUNDLEY CENTER,SOUTH HILL,VA,Mecklenburg,117,2021Q2,20210515,88,0.0,0.0,0.0,12.0,12.0,0.0,0.0,0.0,0.0,0.0,0.0,0.0,86.5,86.5,0.0,146.5,146.5,0.0,0.0,0.0,0.0,0.0,0.0,0.0,
495177,COMMUNITY MEMORIAL HOSPITAL HUNDLEY CENTER,SOUTH HILL,VA,Mecklenburg,117,2021Q2,20210516,88,0.0,0.0,0.0,12.25,12.25,0.0,0.0,0.0,0.0,0.0,0.0,0.0,104.5,104.5,0.0,158.0,158.0,0.0,0.0,0.0,0.0,0.0,0.0,0.0,
495177,COMMUNITY MEMORIAL HOSPITAL HUNDLEY CENTER,SOUTH HILL,VA,Mecklenburg,117,2021Q2,20210517,88,8.0,8.0,0.0,52.5,52.5,0.0,8.5,8.5,0.0,0.0,0.0,0.0,112.0,112.0,0.0,172.5,172.5,0.0,0.0,0.0,0.0,0.0,0.0,0.0,
495177,COMMUNITY MEMORIAL HOSPITAL HUNDLEY CENTER,SOUTH HILL,VA,Mecklenburg,117,2021Q2,20210518,88,8.0,8.0,0.0,68.25,68.25,0.0,6.75,6.75,0.0,0.0,0.0,0.0,116.0,116.0,0.0,182.5,182.5,0.0,0.0,0.0,0.0,0.0,0.0,0.0,
495177,COMMUNITY MEMORIAL HOSPITAL HUNDLEY CENTER,SOUTH HILL,VA,Mecklenburg,117,2021Q2,20210519,89,8.0,8.0,0.0,48.25,48.25,0.0,17.75,17.75,0.0,0.0,0.0,0.0,115.75,115.75,0.0,164.75,164.75,0.0,0.0,0.0,0.0,0.0,0.0,0.0,
495177,COMMUNITY MEMORIAL HOSPITAL HUNDLEY CENTER,SOUTH HILL,VA,Mecklenburg,117,2021Q2,20210520,88,8.0,8.0,0.0,56.75,56.75,0.0,0.0,0.0,0.0,0.0,0.0,0.0,121.25,121.25,0.0,159.25,159.25,0.0,0.0,0.0,0.0,0.0,0.0,0.0,
495177,COMMUNITY MEMORIAL HOSPITAL HUNDLEY CENTER,SOUTH HILL,VA,Mecklenburg,117,2021Q2,20210521,87,8.0,8.0,0.0,44.0,44.0,0.0,0.0,0.0,0.0,0.0,0.0,0.0,82.25,82.25,0.0,161.5,161.5,0.0,0.0,0.0,0.0,0.0,0.0,0.0,
495177,COMMUNITY MEMORIAL HOSPITAL HUNDLEY CENTER,SOUTH HILL,VA,Mecklenburg,117,2021Q2,20210522,87,0.0,0.0,0.0,12.5,12.5,0.0,0.0,0.0,0.0,0.0,0.0,0.0,94.5,94.5,0.0,122.5,122.5,0.0,0.0,0.0,0.0,0.0,0.0,0.0,
495177,COMMUNITY MEMORIAL HOSPITAL HUNDLEY CENTER,SOUTH HILL,VA,Mecklenburg,117,2021Q2,20210523,87,0.0,0.0,0.0,11.0,11.0,0.0,0.0,0.0,0.0,0.0,0.0,0.0,90.75,90.75,0.0,150.75,150.75,0.0,0.0,0.0,0.0,0.0,0.0,0.0,
495177,COMMUNITY MEMORIAL HOSPITAL HUNDLEY CENTER,SOUTH HILL,VA,Mecklenburg,117,2021Q2,20210524,87,8.0,8.0,0.0,57.5,57.5,0.0,0.0,0.0,0.0,0.0,0.0,0.0,120.0,120.0,0.0,149.0,149.0,0.0,0.0,0.0,0.0,0.0,0.0,0.0,
495177,COMMUNITY MEMORIAL HOSPITAL HUNDLEY CENTER,SOUTH HILL,VA,Mecklenburg,117,2021Q2,20210525,87,8.0,8.0,0.0,65.25,65.25,0.0,7.0,7.0,0.0,0.0,0.0,0.0,121.75,121.75,0.0,150.25,150.25,0.0,0.0,0.0,0.0,0.0,0.0,0.0,
495177,COMMUNITY MEMORIAL HOSPITAL HUNDLEY CENTER,SOUTH HILL,VA,Mecklenburg,117,2021Q2,20210526,87,8.0,8.0,0.0,57.25,57.25,0.0,17.25,17.25,0.0,0.0,0.0,0.0,120.25,120.25,0.0,153.75,153.75,0.0,0.0,0.0,0.0,0.0,0.0,0.0,
495177,COMMUNITY MEMORIAL HOSPITAL HUNDLEY CENTER,SOUTH HILL,VA,Mecklenburg,117,2021Q2,20210527,86,8.0,8.0,0.0,56.25,56.25,0.0,0.0,0.0,0.0,0.0,0.0,0.0,147.0,147.0,0.0,159.5,159.5,0.0,0.0,0.0,0.0,0.0,0.0,0.0,
495177,COMMUNITY MEMORIAL HOSPITAL HUNDLEY CENTER,SOUTH HILL,VA,Mecklenburg,117,2021Q2,20210528,85,8.0,8.0,0.0,37.75,37.75,0.0,0.0,0.0,0.0,0.0,0.0,0.0,103.5,103.5,0.0,161.0,161.0,0.0,0.0,0.0,0.0,0.0,0.0,0.0,
495177,COMMUNITY MEMORIAL HOSPITAL HUNDLEY CENTER,SOUTH HILL,VA,Mecklenburg,117,2021Q2,20210529,84,0.0,0.0,0.0,12.0,12.0,0.0,0.0,0.0,0.0,0.0,0.0,0.0,92.25,92.25,0.0,151.75,151.75,0.0,0.0,0.0,0.0,0.0,0.0,0.0,
495177,COMMUNITY MEMORIAL HOSPITAL HUNDLEY CENTER,SOUTH HILL,VA,Mecklenburg,117,2021Q2,20210530,83,0.0,0.0,0.0,12.25,12.25,0.0,0.0,0.0,0.0,0.0,0.0,0.0,101.25,101.25,0.0,130.25,130.25,0.0,0.0,0.0,0.0,0.0,0.0,0.0,
495177,COMMUNITY MEMORIAL HOSPITAL HUNDLEY CENTER,SOUTH HILL,VA,Mecklenburg,117,2021Q2,20210531,84,0.0,0.0,0.0,28.25,28.25,0.0,5.75,5.75,0.0,0.0,0.0,0.0,92.75,92.75,0.0,135.75,135.75,0.0,0.0,0.0,0.0,0.0,0.0,0.0,
495177,COMMUNITY MEMORIAL HOSPITAL HUNDLEY CENTER,SOUTH HILL,VA,Mecklenburg,117,2021Q2,20210601,87,8.0,8.0,0.0,53.5,53.5,0.0,6.0,6.0,0.0,0.0,0.0,0.0,121.5,121.5,0.0,175.75,175.75,0.0,0.0,0.0,0.0,0.0,0.0,0.0,
495177,COMMUNITY MEMORIAL HOSPITAL HUNDLEY CENTER,SOUTH HILL,VA,Mecklenburg,117,2021Q2,20210602,86,8.0,8.0,0.0,37.25,37.25,0.0,12.25,12.25,0.0,0.0,0.0,0.0,133.75,133.75,0.0,157.25,157.25,0.0,0.0,0.0,0.0,0.0,0.0,0.0,
495177,COMMUNITY MEMORIAL HOSPITAL HUNDLEY CENTER,SOUTH HILL,VA,Mecklenburg,117,2021Q2,20210603,87,8.0,8.0,0.0,36.0,36.0,0.0,7.25,7.25,0.0,0.0,0.0,0.0,116.0,116.0,0.0,166.0,166.0,0.0,0.0,0.0,0.0,0.0,0.0,0.0,
495177,COMMUNITY MEMORIAL HOSPITAL HUNDLEY CENTER,SOUTH HILL,VA,Mecklenburg,117,2021Q2,20210604,85,8.0,8.0,0.0,38.5,38.5,0.0,0.0,0.0,0.0,0.0,0.0,0.0,88.0,88.0,0.0,142.25,142.25,0.0,0.0,0.0,0.0,0.0,0.0,0.0,
495177,COMMUNITY MEMORIAL HOSPITAL HUNDLEY CENTER,SOUTH HILL,VA,Mecklenburg,117,2021Q2,20210605,85,0.0,0.0,0.0,25.5,25.5,0.0,0.0,0.0,0.0,0.0,0.0,0.0,60.25,60.25,0.0,151.25,151.25,0.0,0.0,0.0,0.0,0.0,0.0,0.0,
495177,COMMUNITY MEMORIAL HOSPITAL HUNDLEY CENTER,SOUTH HILL,VA,Mecklenburg,117,2021Q2,20210606,85,0.0,0.0,0.0,20.25,20.25,0.0,0.0,0.0,0.0,0.0,0.0,0.0,73.25,73.25,0.0,161.75,161.75,0.0,0.0,0.0,0.0,0.0,0.0,0.0,
495177,COMMUNITY MEMORIAL HOSPITAL HUNDLEY CENTER,SOUTH HILL,VA,Mecklenburg,117,2021Q2,20210607,85,8.0,8.0,0.0,52.25,52.25,0.0,8.25,8.25,0.0,0.0,0.0,0.0,99.5,99.5,0.0,205.5,205.5,0.0,0.0,0.0,0.0,0.0,0.0,0.0,
495177,COMMUNITY MEMORIAL HOSPITAL HUNDLEY CENTER,SOUTH HILL,VA,Mecklenburg,117,2021Q2,20210608,86,8.0,8.0,0.0,43.0,43.0,0.0,18.75,18.75,0.0,0.0,0.0,0.0,96.0,96.0,0.0,170.5,170.5,0.0,0.0,0.0,0.0,0.0,0.0,0.0,
495177,COMMUNITY MEMORIAL HOSPITAL HUNDLEY CENTER,SOUTH HILL,VA,Mecklenburg,117,2021Q2,20210609,85,8.0,8.0,0.0,50.25,50.25,0.0,7.75,7.75,0.0,0.0,0.0,0.0,125.5,125.5,0.0,151.75,151.75,0.0,0.0,0.0,0.0,0.0,0.0,0.0,
495177,COMMUNITY MEMORIAL HOSPITAL HUNDLEY CENTER,SOUTH HILL,VA,Mecklenburg,117,2021Q2,20210610,84,8.0,8.0,0.0,36.0,36.0,0.0,4.5,4.5,0.0,0.0,0.0,0.0,116.25,116.25,0.0,160.5,160.5,0.0,0.0,0.0,0.0,0.0,0.0,0.0,
495177,COMMUNITY MEMORIAL HOSPITAL HUNDLEY CENTER,SOUTH HILL,VA,Mecklenburg,117,2021Q2,20210611,84,8.0,8.0,0.0,22.5,22.5,0.0,0.0,0.0,0.0,0.0,0.0,0.0,97.75,97.75,0.0,170.25,170.25,0.0,0.0,0.0,0.0,0.0,0.0,0.0,
495177,COMMUNITY MEMORIAL HOSPITAL HUNDLEY CENTER,SOUTH HILL,VA,Mecklenburg,117,2021Q2,20210612,84,0.0,0.0,0.0,5.25,5.25,0.0,0.0,0.0,0.0,0.0,0.0,0.0,74.75,74.75,0.0,156.75,156.75,0.0,0.0,0.0,0.0,0.0,0.0,0.0,
495177,COMMUNITY MEMORIAL HOSPITAL HUNDLEY CENTER,SOUTH HILL,VA,Mecklenburg,117,2021Q2,20210613,83,0.0,0.0,0.0,8.25,8.25,0.0,0.0,0.0,0.0,0.0,0.0,0.0,89.0,89.0,0.0,135.0,135.0,0.0,0.0,0.0,0.0,0.0,0.0,0.0,
495177,COMMUNITY MEMORIAL HOSPITAL HUNDLEY CENTER,SOUTH HILL,VA,Mecklenburg,117,2021Q2,20210614,85,8.0,8.0,0.0,41.0,41.0,0.0,13.5,13.5,0.0,0.0,0.0,0.0,96.75,96.75,0.0,159.25,159.25,0.0,0.0,0.0,0.0,0.0,0.0,0.0,
495177,COMMUNITY MEMORIAL HOSPITAL HUNDLEY CENTER,SOUTH HILL,VA,Mecklenburg,117,2021Q2,20210615,84,8.0,8.0,0.0,46.25,46.25,0.0,0.0,0.0,0.0,0.0,0.0,0.0,113.5,113.5,0.0,164.25,164.25,0.0,0.0,0.0,0.0,0.0,0.0,0.0,
495177,COMMUNITY MEMORIAL HOSPITAL HUNDLEY CENTER,SOUTH HILL,VA,Mecklenburg,117,2021Q2,20210616,84,8.0,8.0,0.0,45.0,45.0,0.0,0.0,0.0,0.0,0.0,0.0,0.0,116.25,116.25,0.0,167.25,167.25,0.0,0.0,0.0,0.0,0.0,0.0,0.0,
495177,COMMUNITY MEMORIAL HOSPITAL HUNDLEY CENTER,SOUTH HILL,VA,Mecklenburg,117,2021Q2,20210617,84,8.0,8.0,0.0,38.5,38.5,0.0,5.75,5.75,0.0,0.0,0.0,0.0,97.25,97.25,0.0,103.25,103.25,0.0,0.0,0.0,0.0,0.0,0.0,0.0,
495177,COMMUNITY MEMORIAL HOSPITAL HUNDLEY CENTER,SOUTH HILL,VA,Mecklenburg,117,2021Q2,20210618,82,8.0,8.0,0.0,50.25,50.25,0.0,0.0,0.0,0.0,0.0,0.0,0.0,122.75,122.75,0.0,138.0,138.0,0.0,0.0,0.0,0.0,0.0,0.0,0.0,
495177,COMMUNITY MEMORIAL HOSPITAL HUNDLEY CENTER,SOUTH HILL,VA,Mecklenburg,117,2021Q2,20210619,82,0.0,0.0,0.0,0.0,0.0,0.0,0.0,0.0,0.0,0.0,0.0,0.0,76.25,76.25,0.0,176.0,176.0,0.0,0.0,0.0,0.0,0.0,0.0,0.0,
495177,COMMUNITY MEMORIAL HOSPITAL HUNDLEY CENTER,SOUTH HILL,VA,Mecklenburg,117,2021Q2,20210620,82,0.0,0.0,0.0,4.75,4.75,0.0,0.0,0.0,0.0,0.0,0.0,0.0,43.75,43.75,0.0,148.5,148.5,0.0,0.0,0.0,0.0,0.0,0.0,0.0,
495177,COMMUNITY MEMORIAL HOSPITAL HUNDLEY CENTER,SOUTH HILL,VA,Mecklenburg,117,2021Q2,20210621,81,8.0,8.0,0.0,39.25,39.25,0.0,7.5,7.5,0.0,0.0,0.0,0.0,87.75,87.75,0.0,151.25,151.25,0.0,0.0,0.0,0.0,0.0,0.0,0.0,
495177,COMMUNITY MEMORIAL HOSPITAL HUNDLEY CENTER,SOUTH HILL,VA,Mecklenburg,117,2021Q2,20210622,82,8.0,8.0,0.0,44.75,44.75,0.0,0.0,0.0,0.0,0.0,0.0,0.0,87.75,87.75,0.0,131.25,131.25,0.0,0.0,0.0,0.0,0.0,0.0,0.0,
495177,COMMUNITY MEMORIAL HOSPITAL HUNDLEY CENTER,SOUTH HILL,VA,Mecklenburg,117,2021Q2,20210623,82,8.0,8.0,0.0,46.75,46.75,0.0,8.75,8.75,0.0,0.0,0.0,0.0,92.25,92.25,0.0,148.0,148.0,0.0,0.0,0.0,0.0,0.0,0.0,0.0,
495177,COMMUNITY MEMORIAL HOSPITAL HUNDLEY CENTER,SOUTH HILL,VA,Mecklenburg,117,2021Q2,20210624,82,8.0,8.0,0.0,48.0,48.0,0.0,0.0,0.0,0.0,0.0,0.0,0.0,104.75,104.75,0.0,184.5,184.5,0.0,0.0,0.0,0.0,0.0,0.0,0.0,
495177,COMMUNITY MEMORIAL HOSPITAL HUNDLEY CENTER,SOUTH HILL,VA,Mecklenburg,117,2021Q2,20210625,81,8.0,8.0,0.0,36.25,36.25,0.0,8.0,8.0,0.0,0.0,0.0,0.0,42.25,42.25,0.0,164.75,164.75,0.0,0.0,0.0,0.0,0.0,0.0,0.0,
495177,COMMUNITY MEMORIAL HOSPITAL HUNDLEY CENTER,SOUTH HILL,VA,Mecklenburg,117,2021Q2,20210626,80,0.0,0.0,0.0,6.25,6.25,0.0,0.0,0.0,0.0,0.0,0.0,0.0,67.25,67.25,0.0,183.25,183.25,0.0,0.0,0.0,0.0,0.0,0.0,0.0,
495177,COMMUNITY MEMORIAL HOSPITAL HUNDLEY CENTER,SOUTH HILL,VA,Mecklenburg,117,2021Q2,20210627,80,0.0,0.0,0.0,0.0,0.0,0.0,0.0,0.0,0.0,0.0,0.0,0.0,63.75,63.75,0.0,147.5,147.5,0.0,0.0,0.0,0.0,0.0,0.0,0.0,
495177,COMMUNITY MEMORIAL HOSPITAL HUNDLEY CENTER,SOUTH HILL,VA,Mecklenburg,117,2021Q2,20210628,80,8.0,8.0,0.0,45.75,45.75,0.0,8.0,8.0,0.0,0.0,0.0,0.0,87.5,87.5,0.0,149.5,149.5,0.0,0.0,0.0,0.0,0.0,0.0,0.0,
495177,COMMUNITY MEMORIAL HOSPITAL HUNDLEY CENTER,SOUTH HILL,VA,Mecklenburg,117,2021Q2,20210629,80,8.0,8.0,0.0,33.5,33.5,0.0,0.0,0.0,0.0,0.0,0.0,0.0,108.25,108.25,0.0,154.0,154.0,0.0,0.0,0.0,0.0,0.0,0.0,0.0,
495177,COMMUNITY MEMORIAL HOSPITAL HUNDLEY CENTER,SOUTH HILL,VA,Mecklenburg,117,2021Q2,20210630,80,8.0,8.0,0.0,35.5,35.5,0.0,8.5,8.5,0.0,0.0,0.0,0.0,142.25,142.25,0.0,159.0,159.0,0.0,0.0,0.0,0.0,0.0,0.0,0.0,
495177,COMMUNITY MEMORIAL HOSPITAL HUNDLEY CENTER,SOUTH HILL,VA,Mecklenburg,117,2021Q3,20210701,80,8.0,8.0,0.0,48.0,48.0,0.0,36.75,4.5,32.25,0.0,0.0,0.0,138.5,87.25,51.25,224.25,170.25,54.0,0.0,0.0,0.0,0.0,0.0,0.0,
495177,COMMUNITY MEMORIAL HOSPITAL HUNDLEY CENTER,SOUTH HILL,VA,Mecklenburg,117,2021Q3,20210702,82,8.0,8.0,0.0,35.0,35.0,0.0,9.25,0.0,9.25,0.0,0.0,0.0,136.0,78.25,57.75,173.0,128.25,44.75,0.0,0.0,0.0,0.0,0.0,0.0,
495177,COMMUNITY MEMORIAL HOSPITAL HUNDLEY CENTER,SOUTH HILL,VA,Mecklenburg,117,2021Q3,20210703,82,0.0,0.0,0.0,4.25,4.25,0.0,7.0,0.0,7.0,0.0,0.0,0.0,95.0,61.0,34.0,171.25,135.25,36.0,0.0,0.0,0.0,0.0,0.0,0.0,
495177,COMMUNITY MEMORIAL HOSPITAL HUNDLEY CENTER,SOUTH HILL,VA,Mecklenburg,117,2021Q3,20210704,81,0.0,0.0,0.0,0.0,0.0,0.0,22.75,0.0,22.75,0.0,0.0,0.0,102.0,71.25,30.75,158.5,119.5,39.0,0.0,0.0,0.0,0.0,0.0,0.0,
495177,COMMUNITY MEMORIAL HOSPITAL HUNDLEY CENTER,SOUTH HILL,VA,Mecklenburg,117,2021Q3,20210705,81,0.0,0.0,0.0,31.25,31.25,0.0,33.5,0.0,33.5,0.0,0.0,0.0,104.25,78.75,25.5,225.25,185.25,40.0,0.0,0.0,0.0,0.0,0.0,0.0,
495177,COMMUNITY MEMORIAL HOSPITAL HUNDLEY CENTER,SOUTH HILL,VA,Mecklenburg,117,2021Q3,20210706,81,8.0,8.0,0.0,38.0,38.0,0.0,39.25,17.5,21.75,0.0,0.0,0.0,143.5,93.75,49.75,203.0,162.0,41.0,0.0,0.0,0.0,0.0,0.0,0.0,
495177,COMMUNITY MEMORIAL HOSPITAL HUNDLEY CENTER,SOUTH HILL,VA,Mecklenburg,117,2021Q3,20210707,82,8.0,8.0,0.0,44.0,44.0,0.0,31.25,12.5,18.75,0.0,0.0,0.0,146.0,108.25,37.75,215.75,191.25,24.5,0.0,0.0,0.0,0.0,0.0,0.0,
495177,COMMUNITY MEMORIAL HOSPITAL HUNDLEY CENTER,SOUTH HILL,VA,Mecklenburg,117,2021Q3,20210708,82,8.0,8.0,0.0,48.75,48.75,0.0,19.5,0.0,19.5,0.0,0.0,0.0,128.75,102.75,26.0,195.5,161.25,34.25,0.0,0.0,0.0,0.0,0.0,0.0,
495177,COMMUNITY MEMORIAL HOSPITAL HUNDLEY CENTER,SOUTH HILL,VA,Mecklenburg,117,2021Q3,20210709,82,8.0,8.0,0.0,39.25,39.25,0.0,18.0,7.0,11.0,0.0,0.0,0.0,112.25,75.75,36.5,196.5,172.25,24.25,0.0,0.0,0.0,0.0,0.0,0.0,
495177,COMMUNITY MEMORIAL HOSPITAL HUNDLEY CENTER,SOUTH HILL,VA,Mecklenburg,117,2021Q3,20210710,82,0.0,0.0,0.0,0.0,0.0,0.0,10.25,0.0,10.25,0.0,0.0,0.0,122.25,70.0,52.25,163.0,154.25,8.75,0.0,0.0,0.0,0.0,0.0,0.0,
495177,COMMUNITY MEMORIAL HOSPITAL HUNDLEY CENTER,SOUTH HILL,VA,Mecklenburg,117,2021Q3,20210711,82,0.0,0.0,0.0,0.0,0.0,0.0,22.75,0.0,22.75,0.0,0.0,0.0,115.75,78.0,37.75,174.25,146.5,27.75,0.0,0.0,0.0,0.0,0.0,0.0,
495177,COMMUNITY MEMORIAL HOSPITAL HUNDLEY CENTER,SOUTH HILL,VA,Mecklenburg,117,2021Q3,20210712,84,8.0,8.0,0.0,39.25,39.25,0.0,37.25,14.25,23.0,0.0,0.0,0.0,121.25,77.0,44.25,193.25,169.25,24.0,0.0,0.0,0.0,0.0,0.0,0.0,
495177,COMMUNITY MEMORIAL HOSPITAL HUNDLEY CENTER,SOUTH HILL,VA,Mecklenburg,117,2021Q3,20210713,84,8.0,8.0,0.0,42.0,42.0,0.0,52.75,17.5,35.25,0.0,0.0,0.0,110.75,75.25,35.5,214.5,170.5,44.0,0.0,0.0,0.0,0.0,0.0,0.0,
495177,COMMUNITY MEMORIAL HOSPITAL HUNDLEY CENTER,SOUTH HILL,VA,Mecklenburg,117,2021Q3,20210714,84,8.0,8.0,0.0,39.75,39.75,0.0,31.25,9.25,22.0,0.0,0.0,0.0,115.0,101.25,13.75,192.75,160.25,32.5,0.0,0.0,0.0,0.0,0.0,0.0,
495177,COMMUNITY MEMORIAL HOSPITAL HUNDLEY CENTER,SOUTH HILL,VA,Mecklenburg,117,2021Q3,20210715,85,8.0,8.0,0.0,33.25,25.75,7.5,9.0,0.0,9.0,0.0,0.0,0.0,157.5,132.0,25.5,199.5,183.25,16.25,0.0,0.0,0.0,0.0,0.0,0.0,
495177,COMMUNITY MEMORIAL HOSPITAL HUNDLEY CENTER,SOUTH HILL,VA,Mecklenburg,117,2021Q3,20210716,85,0.0,0.0,0.0,16.5,16.5,0.0,30.25,0.0,30.25,0.0,0.0,0.0,137.25,63.25,74.0,173.5,130.0,43.5,0.0,0.0,0.0,0.0,0.0,0.0,
495177,COMMUNITY MEMORIAL HOSPITAL HUNDLEY CENTER,SOUTH HILL,VA,Mecklenburg,117,2021Q3,20210717,84,0.0,0.0,0.0,0.0,0.0,0.0,21.75,0.0,21.75,0.0,0.0,0.0,105.0,53.25,51.75,162.25,129.5,32.75,0.0,0.0,0.0,0.0,0.0,0.0,
495177,COMMUNITY MEMORIAL HOSPITAL HUNDLEY CENTER,SOUTH HILL,VA,Mecklenburg,117,2021Q3,20210718,84,0.0,0.0,0.0,6.25,6.25,0.0,34.5,0.0,34.5,0.0,0.0,0.0,95.25,45.25,50.0,151.5,116.0,35.5,0.0,0.0,0.0,0.0,0.0,0.0,
495177,COMMUNITY MEMORIAL HOSPITAL HUNDLEY CENTER,SOUTH HILL,VA,Mecklenburg,117,2021Q3,20210719,85,0.0,0.0,0.0,57.0,57.0,0.0,47.5,16.25,31.25,0.0,0.0,0.0,116.25,80.25,36.0,198.5,147.25,51.25,0.0,0.0,0.0,0.0,0.0,0.0,
495177,COMMUNITY MEMORIAL HOSPITAL HUNDLEY CENTER,SOUTH HILL,VA,Mecklenburg,117,2021Q3,20210720,85,8.0,8.0,0.0,60.25,53.0,7.25,30.75,10.0,20.75,0.0,0.0,0.0,155.25,110.0,45.25,194.75,166.5,28.25,0.0,0.0,0.0,0.0,0.0,0.0,
495177,COMMUNITY MEMORIAL HOSPITAL HUNDLEY CENTER,SOUTH HILL,VA,Mecklenburg,117,2021Q3,20210721,84,8.0,8.0,0.0,66.5,59.25,7.25,42.75,8.5,34.25,0.0,0.0,0.0,127.75,92.25,35.5,227.75,173.75,54.0,0.0,0.0,0.0,0.0,0.0,0.0,
495177,COMMUNITY MEMORIAL HOSPITAL HUNDLEY CENTER,SOUTH HILL,VA,Mecklenburg,117,2021Q3,20210722,84,8.0,8.0,0.0,47.75,47.75,0.0,12.0,1.75,10.25,0.0,0.0,0.0,129.0,93.25,35.75,168.25,127.0,41.25,0.0,0.0,0.0,0.0,0.0,0.0,
495177,COMMUNITY MEMORIAL HOSPITAL HUNDLEY CENTER,SOUTH HILL,VA,Mecklenburg,117,2021Q3,20210723,86,8.0,8.0,0.0,42.5,42.5,0.0,31.25,0.0,31.25,0.0,0.0,0.0,129.5,67.25,62.25,171.5,142.5,29.0,0.0,0.0,0.0,0.0,0.0,0.0,
495177,COMMUNITY MEMORIAL HOSPITAL HUNDLEY CENTER,SOUTH HILL,VA,Mecklenburg,117,2021Q3,20210724,85,0.0,0.0,0.0,0.0,0.0,0.0,19.75,0.0,19.75,0.0,0.0,0.0,151.25,76.25,75.0,166.5,130.0,36.5,0.0,0.0,0.0,0.0,0.0,0.0,
495177,COMMUNITY MEMORIAL HOSPITAL HUNDLEY CENTER,SOUTH HILL,VA,Mecklenburg,117,2021Q3,20210725,85,0.0,0.0,0.0,0.0,0.0,0.0,34.0,0.0,34.0,0.0,0.0,0.0,136.25,74.0,62.25,142.25,118.0,24.25,0.0,0.0,0.0,0.0,0.0,0.0,
495177,COMMUNITY MEMORIAL HOSPITAL HUNDLEY CENTER,SOUTH HILL,VA,Mecklenburg,117,2021Q3,20210726,85,8.0,8.0,0.0,41.25,35.5,5.75,41.25,9.0,32.25,0.0,0.0,0.0,117.5,67.75,49.75,184.5,148.0,36.5,0.0,0.0,0.0,0.0,0.0,0.0,
495177,COMMUNITY MEMORIAL HOSPITAL HUNDLEY CENTER,SOUTH HILL,VA,Mecklenburg,117,2021Q3,20210727,85,8.0,8.0,0.0,42.75,42.75,0.0,32.5,9.5,23.0,0.0,0.0,0.0,138.25,101.0,37.25,173.5,161.25,12.25,0.0,0.0,0.0,0.0,0.0,0.0,
495177,COMMUNITY MEMORIAL HOSPITAL HUNDLEY CENTER,SOUTH HILL,VA,Mecklenburg,117,2021Q3,20210728,84,8.0,8.0,0.0,26.5,26.5,0.0,29.5,8.5,21.0,0.0,0.0,0.0,139.0,117.75,21.25,198.0,157.0,41.0,0.0,0.0,0.0,0.0,0.0,0.0,
495177,COMMUNITY MEMORIAL HOSPITAL HUNDLEY CENTER,SOUTH HILL,VA,Mecklenburg,117,2021Q3,20210729,84,8.0,8.0,0.0,36.0,36.0,0.0,16.75,8.25,8.5,0.0,0.0,0.0,145.75,83.25,62.5,182.75,162.25,20.5,0.0,0.0,0.0,0.0,0.0,0.0,
495177,COMMUNITY MEMORIAL HOSPITAL HUNDLEY CENTER,SOUTH HILL,VA,Mecklenburg,117,2021Q3,20210730,83,8.0,8.0,0.0,36.25,36.25,0.0,31.25,0.0,31.25,0.0,0.0,0.0,118.25,47.75,70.5,204.25,147.5,56.75,0.0,0.0,0.0,0.0,0.0,0.0,
495177,COMMUNITY MEMORIAL HOSPITAL HUNDLEY CENTER,SOUTH HILL,VA,Mecklenburg,117,2021Q3,20210731,83,0.0,0.0,0.0,0.0,0.0,0.0,22.0,0.0,22.0,0.0,0.0,0.0,104.5,43.5,61.0,168.5,131.75,36.75,0.0,0.0,0.0,0.0,0.0,0.0,
495177,COMMUNITY MEMORIAL HOSPITAL HUNDLEY CENTER,SOUTH HILL,VA,Mecklenburg,117,2021Q3,20210801,83,0.0,0.0,0.0,0.0,0.0,0.0,31.0,0.0,31.0,0.0,0.0,0.0,109.5,44.75,64.75,150.5,126.0,24.5,0.0,0.0,0.0,0.0,0.0,0.0,
495177,COMMUNITY MEMORIAL HOSPITAL HUNDLEY CENTER,SOUTH HILL,VA,Mecklenburg,117,2021Q3,20210802,83,8.0,8.0,0.0,54.5,54.5,0.0,48.0,7.75,40.25,0.0,0.0,0.0,100.5,54.0,46.5,180.25,142.5,37.75,0.0,0.0,0.0,0.0,0.0,0.0,
495177,COMMUNITY MEMORIAL HOSPITAL HUNDLEY CENTER,SOUTH HILL,VA,Mecklenburg,117,2021Q3,20210803,82,8.0,8.0,0.0,53.5,53.5,0.0,22.5,13.25,9.25,0.0,0.0,0.0,153.75,91.25,62.5,115.25,90.5,24.75,0.0,0.0,0.0,0.0,0.0,0.0,
495177,COMMUNITY MEMORIAL HOSPITAL HUNDLEY CENTER,SOUTH HILL,VA,Mecklenburg,117,2021Q3,20210804,81,8.0,8.0,0.0,54.75,54.75,0.0,37.5,8.75,28.75,0.0,0.0,0.0,134.25,81.5,52.75,173.0,152.25,20.75,0.0,0.0,0.0,0.0,0.0,0.0,
495177,COMMUNITY MEMORIAL HOSPITAL HUNDLEY CENTER,SOUTH HILL,VA,Mecklenburg,117,2021Q3,20210805,82,8.0,8.0,0.0,46.75,46.75,0.0,27.25,0.0,27.25,0.0,0.0,0.0,112.25,62.5,49.75,177.25,156.25,21.0,0.0,0.0,0.0,0.0,0.0,0.0,
495177,COMMUNITY MEMORIAL HOSPITAL HUNDLEY CENTER,SOUTH HILL,VA,Mecklenburg,117,2021Q3,20210806,80,8.0,8.0,0.0,52.0,45.75,6.25,26.5,0.0,26.5,0.0,0.0,0.0,105.5,45.0,60.5,162.0,138.0,24.0,0.0,0.0,0.0,0.0,0.0,0.0,
495177,COMMUNITY MEMORIAL HOSPITAL HUNDLEY CENTER,SOUTH HILL,VA,Mecklenburg,117,2021Q3,20210807,80,0.0,0.0,0.0,0.0,0.0,0.0,22.5,0.0,22.5,0.0,0.0,0.0,132.0,71.25,60.75,137.0,97.5,39.5,0.0,0.0,0.0,0.0,0.0,0.0,
495177,COMMUNITY MEMORIAL HOSPITAL HUNDLEY CENTER,SOUTH HILL,VA,Mecklenburg,117,2021Q3,20210808,80,0.0,0.0,0.0,0.0,0.0,0.0,13.5,0.0,13.5,0.0,0.0,0.0,125.0,75.0,50.0,156.25,94.5,61.75,0.0,0.0,0.0,0.0,0.0,0.0,
495177,COMMUNITY MEMORIAL HOSPITAL HUNDLEY CENTER,SOUTH HILL,VA,Mecklenburg,117,2021Q3,20210809,82,0.0,0.0,0.0,52.25,52.25,0.0,39.75,7.5,32.25,0.0,0.0,0.0,99.75,74.5,25.25,152.25,113.0,39.25,0.0,0.0,0.0,0.0,0.0,0.0,
495177,COMMUNITY MEMORIAL HOSPITAL HUNDLEY CENTER,SOUTH HILL,VA,Mecklenburg,117,2021Q3,20210810,82,0.0,0.0,0.0,56.25,56.25,0.0,46.25,16.0,30.25,0.0,0.0,0.0,122.5,73.25,49.25,161.25,128.25,33.0,0.0,0.0,0.0,0.0,0.0,0.0,
495177,COMMUNITY MEMORIAL HOSPITAL HUNDLEY CENTER,SOUTH HILL,VA,Mecklenburg,117,2021Q3,20210811,82,0.0,0.0,0.0,44.5,44.5,0.0,33.5,13.25,20.25,0.0,0.0,0.0,88.0,56.0,32.0,160.25,127.5,32.75,0.0,0.0,0.0,0.0,0.0,0.0,
495177,COMMUNITY MEMORIAL HOSPITAL HUNDLEY CENTER,SOUTH HILL,VA,Mecklenburg,117,2021Q3,20210812,83,0.0,0.0,0.0,52.5,52.5,0.0,19.0,9.25,9.75,0.0,0.0,0.0,118.5,80.0,38.5,192.25,142.5,49.75,0.0,0.0,0.0,0.0,0.0,0.0,
495177,COMMUNITY MEMORIAL HOSPITAL HUNDLEY CENTER,SOUTH HILL,VA,Mecklenburg,117,2021Q3,20210813,83,0.0,0.0,0.0,43.75,43.75,0.0,23.0,0.0,23.0,0.0,0.0,0.0,119.25,69.25,50.0,155.25,109.5,45.75,0.0,0.0,0.0,0.0,0.0,0.0,
495177,COMMUNITY MEMORIAL HOSPITAL HUNDLEY CENTER,SOUTH HILL,VA,Mecklenburg,117,2021Q3,20210814,82,0.0,0.0,0.0,0.0,0.0,0.0,34.0,0.0,34.0,0.0,0.0,0.0,86.0,45.75,40.25,147.0,134.25,12.75,0.0,0.0,0.0,0.0,0.0,0.0,
495177,COMMUNITY MEMORIAL HOSPITAL HUNDLEY CENTER,SOUTH HILL,VA,Mecklenburg,117,2021Q3,20210815,82,0.0,0.0,0.0,0.0,0.0,0.0,32.75,0.0,32.75,0.0,0.0,0.0,97.25,46.0,51.25,135.0,122.5,12.5,0.0,0.0,0.0,0.0,0.0,0.0,
495177,COMMUNITY MEMORIAL HOSPITAL HUNDLEY CENTER,SOUTH HILL,VA,Mecklenburg,117,2021Q3,20210816,83,8.0,8.0,0.0,38.0,38.0,0.0,21.5,0.0,21.5,0.0,0.0,0.0,109.75,64.5,45.25,170.0,126.75,43.25,0.0,0.0,0.0,0.0,0.0,0.0,
495177,COMMUNITY MEMORIAL HOSPITAL HUNDLEY CENTER,SOUTH HILL,VA,Mecklenburg,117,2021Q3,20210817,81,8.0,8.0,0.0,56.5,56.5,0.0,18.75,10.25,8.5,0.0,0.0,0.0,124.75,75.0,49.75,171.75,163.75,8.0,0.0,0.0,0.0,0.0,0.0,0.0,
495177,COMMUNITY MEMORIAL HOSPITAL HUNDLEY CENTER,SOUTH HILL,VA,Mecklenburg,117,2021Q3,20210818,83,8.0,8.0,0.0,52.75,52.75,0.0,43.25,13.25,30.0,0.0,0.0,0.0,111.0,67.0,44.0,150.25,114.0,36.25,0.0,0.0,0.0,0.0,0.0,0.0,
495177,COMMUNITY MEMORIAL HOSPITAL HUNDLEY CENTER,SOUTH HILL,VA,Mecklenburg,117,2021Q3,20210819,83,8.0,8.0,0.0,49.5,49.5,0.0,39.25,9.5,29.75,0.0,0.0,0.0,97.75,64.75,33.0,186.75,118.25,68.5,0.0,0.0,0.0,0.0,0.0,0.0,
495177,COMMUNITY MEMORIAL HOSPITAL HUNDLEY CENTER,SOUTH HILL,VA,Mecklenburg,117,2021Q3,20210820,83,8.0,8.0,0.0,45.0,45.0,0.0,33.5,0.0,33.5,0.0,0.0,0.0,97.0,56.0,41.0,141.75,107.0,34.75,0.0,0.0,0.0,0.0,0.0,0.0,
495177,COMMUNITY MEMORIAL HOSPITAL HUNDLEY CENTER,SOUTH HILL,VA,Mecklenburg,117,2021Q3,20210821,82,0.0,0.0,0.0,0.0,0.0,0.0,22.0,0.0,22.0,0.0,0.0,0.0,106.5,58.25,48.25,167.0,107.5,59.5,0.0,0.0,0.0,0.0,0.0,0.0,
495177,COMMUNITY MEMORIAL HOSPITAL HUNDLEY CENTER,SOUTH HILL,VA,Mecklenburg,117,2021Q3,20210822,82,0.0,0.0,0.0,0.0,0.0,0.0,22.75,0.0,22.75,0.0,0.0,0.0,110.0,61.0,49.0,177.5,116.5,61.0,0.0,0.0,0.0,0.0,0.0,0.0,
495177,COMMUNITY MEMORIAL HOSPITAL HUNDLEY CENTER,SOUTH HILL,VA,Mecklenburg,117,2021Q3,20210823,84,8.0,8.0,0.0,55.5,55.5,0.0,41.0,0.0,41.0,0.0,0.0,0.0,105.25,55.25,50.0,159.25,138.0,21.25,0.0,0.0,0.0,0.0,0.0,0.0,
495177,COMMUNITY MEMORIAL HOSPITAL HUNDLEY CENTER,SOUTH HILL,VA,Mecklenburg,117,2021Q3,20210824,87,8.0,8.0,0.0,63.5,63.5,0.0,38.5,9.25,29.25,0.0,0.0,0.0,127.0,76.75,50.25,168.0,143.25,24.75,0.0,0.0,0.0,0.0,0.0,0.0,
495177,COMMUNITY MEMORIAL HOSPITAL HUNDLEY CENTER,SOUTH HILL,VA,Mecklenburg,117,2021Q3,20210825,88,8.0,8.0,0.0,52.5,52.5,0.0,41.5,10.25,31.25,0.0,0.0,0.0,131.0,106.0,25.0,176.5,133.25,43.25,0.0,0.0,0.0,0.0,0.0,0.0,
495177,COMMUNITY MEMORIAL HOSPITAL HUNDLEY CENTER,SOUTH HILL,VA,Mecklenburg,117,2021Q3,20210826,90,8.0,8.0,0.0,45.0,45.0,0.0,39.75,8.75,31.0,0.0,0.0,0.0,102.25,78.0,24.25,185.5,149.0,36.5,0.0,0.0,0.0,0.0,0.0,0.0,
495177,COMMUNITY MEMORIAL HOSPITAL HUNDLEY CENTER,SOUTH HILL,VA,Mecklenburg,117,2021Q3,20210827,89,8.0,8.0,0.0,53.5,53.5,0.0,35.5,0.0,35.5,0.0,0.0,0.0,106.25,45.75,60.5,169.5,111.5,58.0,0.0,0.0,0.0,0.0,0.0,0.0,
495177,COMMUNITY MEMORIAL HOSPITAL HUNDLEY CENTER,SOUTH HILL,VA,Mecklenburg,117,2021Q3,20210828,89,0.0,0.0,0.0,0.0,0.0,0.0,34.75,0.0,34.75,0.0,0.0,0.0,92.0,53.25,38.75,144.25,110.5,33.75,0.0,0.0,0.0,0.0,0.0,0.0,
495177,COMMUNITY MEMORIAL HOSPITAL HUNDLEY CENTER,SOUTH HILL,VA,Mecklenburg,117,2021Q3,20210829,88,0.0,0.0,0.0,0.0,0.0,0.0,22.5,0.0,22.5,0.0,0.0,0.0,114.75,52.5,62.25,132.0,98.25,33.75,0.0,0.0,0.0,0.0,0.0,0.0,
495177,COMMUNITY MEMORIAL HOSPITAL HUNDLEY CENTER,SOUTH HILL,VA,Mecklenburg,117,2021Q3,20210830,88,8.0,8.0,0.0,52.25,52.25,0.0,27.75,0.0,27.75,0.0,0.0,0.0,114.5,81.25,33.25,175.75,134.75,41.0,0.0,0.0,0.0,0.0,0.0,0.0,
495177,COMMUNITY MEMORIAL HOSPITAL HUNDLEY CENTER,SOUTH HILL,VA,Mecklenburg,117,2021Q3,20210831,87,8.0,8.0,0.0,55.25,55.25,0.0,44.5,17.5,27.0,0.0,0.0,0.0,100.25,50.5,49.75,166.25,142.0,24.25,0.0,0.0,0.0,0.0,0.0,0.0,
495177,COMMUNITY MEMORIAL HOSPITAL HUNDLEY CENTER,SOUTH HILL,VA,Mecklenburg,117,2021Q3,20210901,88,8.0,8.0,0.0,49.25,49.25,0.0,35.0,6.5,28.5,0.0,0.0,0.0,123.5,50.25,73.25,189.25,144.25,45.0,0.0,0.0,0.0,0.0,0.0,0.0,
495177,COMMUNITY MEMORIAL HOSPITAL HUNDLEY CENTER,SOUTH HILL,VA,Mecklenburg,117,2021Q3,20210902,85,8.0,8.0,0.0,40.0,40.0,0.0,41.0,12.25,28.75,0.0,0.0,0.0,106.25,82.5,23.75,186.25,127.5,58.75,0.0,0.0,0.0,0.0,0.0,0.0,
495177,COMMUNITY MEMORIAL HOSPITAL HUNDLEY CENTER,SOUTH HILL,VA,Mecklenburg,117,2021Q3,20210903,83,8.0,8.0,0.0,44.5,44.5,0.0,45.25,3.25,42.0,0.0,0.0,0.0,94.0,57.5,36.5,161.75,128.25,33.5,0.0,0.0,0.0,0.0,0.0,0.0,
495177,COMMUNITY MEMORIAL HOSPITAL HUNDLEY CENTER,SOUTH HILL,VA,Mecklenburg,117,2021Q3,20210904,83,0.0,0.0,0.0,0.0,0.0,0.0,31.25,0.0,31.25,0.0,0.0,0.0,105.0,68.25,36.75,151.0,101.75,49.25,0.0,0.0,0.0,0.0,0.0,0.0,
495177,COMMUNITY MEMORIAL HOSPITAL HUNDLEY CENTER,SOUTH HILL,VA,Mecklenburg,117,2021Q3,20210905,83,0.0,0.0,0.0,0.0,0.0,0.0,23.5,0.0,23.5,0.0,0.0,0.0,96.25,71.5,24.75,163.25,133.25,30.0,0.0,0.0,0.0,0.0,0.0,0.0,
495177,COMMUNITY MEMORIAL HOSPITAL HUNDLEY CENTER,SOUTH HILL,VA,Mecklenburg,117,2021Q3,20210906,83,0.0,0.0,0.0,36.0,36.0,0.0,30.25,0.0,30.25,0.0,0.0,0.0,95.0,70.0,25.0,179.5,158.5,21.0,0.0,0.0,0.0,0.0,0.0,0.0,
495177,COMMUNITY MEMORIAL HOSPITAL HUNDLEY CENTER,SOUTH HILL,VA,Mecklenburg,117,2021Q3,20210907,82,8.0,8.0,0.0,43.0,43.0,0.0,28.25,17.5,10.75,0.0,0.0,0.0,110.75,40.75,70.0,127.75,73.0,54.75,0.0,0.0,0.0,0.0,0.0,0.0,
495177,COMMUNITY MEMORIAL HOSPITAL HUNDLEY CENTER,SOUTH HILL,VA,Mecklenburg,117,2021Q3,20210908,82,8.0,8.0,0.0,43.75,43.75,0.0,24.25,3.25,21.0,0.0,0.0,0.0,100.75,41.75,59.0,167.25,137.25,30.0,0.0,0.0,0.0,0.0,0.0,0.0,
495177,COMMUNITY MEMORIAL HOSPITAL HUNDLEY CENTER,SOUTH HILL,VA,Mecklenburg,117,2021Q3,20210909,82,8.0,8.0,0.0,43.5,43.5,0.0,29.0,9.75,19.25,0.0,0.0,0.0,126.5,69.25,57.25,190.25,135.0,55.25,0.0,0.0,0.0,0.0,0.0,0.0,
495177,COMMUNITY MEMORIAL HOSPITAL HUNDLEY CENTER,SOUTH HILL,VA,Mecklenburg,117,2021Q3,20210910,82,8.0,8.0,0.0,52.5,52.5,0.0,44.0,0.0,44.0,0.0,0.0,0.0,75.5,54.0,21.5,140.0,111.5,28.5,0.0,0.0,0.0,0.0,0.0,0.0,
495177,COMMUNITY MEMORIAL HOSPITAL HUNDLEY CENTER,SOUTH HILL,VA,Mecklenburg,117,2021Q3,20210911,82,0.0,0.0,0.0,0.0,0.0,0.0,31.25,0.0,31.25,0.0,0.0,0.0,71.5,33.25,38.25,137.0,99.0,38.0,0.0,0.0,0.0,0.0,0.0,0.0,
495177,COMMUNITY MEMORIAL HOSPITAL HUNDLEY CENTER,SOUTH HILL,VA,Mecklenburg,117,2021Q3,20210912,82,0.0,0.0,0.0,0.0,0.0,0.0,37.0,0.0,37.0,0.0,0.0,0.0,72.25,43.5,28.75,141.0,120.0,21.0,0.0,0.0,0.0,0.0,0.0,0.0,
495177,COMMUNITY MEMORIAL HOSPITAL HUNDLEY CENTER,SOUTH HILL,VA,Mecklenburg,117,2021Q3,20210913,83,8.0,8.0,0.0,54.5,54.5,0.0,51.25,0.0,51.25,0.0,0.0,0.0,122.75,48.0,74.75,134.0,88.0,46.0,0.0,0.0,0.0,0.0,0.0,0.0,
495177,COMMUNITY MEMORIAL HOSPITAL HUNDLEY CENTER,SOUTH HILL,VA,Mecklenburg,117,2021Q3,20210914,83,8.0,8.0,0.0,58.0,58.0,0.0,25.75,17.5,8.25,0.0,0.0,0.0,136.75,73.25,63.5,168.75,133.25,35.5,0.0,0.0,0.0,0.0,0.0,0.0,
495177,COMMUNITY MEMORIAL HOSPITAL HUNDLEY CENTER,SOUTH HILL,VA,Mecklenburg,117,2021Q3,20210915,85,8.0,8.0,0.0,50.25,50.25,0.0,28.75,8.5,20.25,0.0,0.0,0.0,120.75,63.0,57.75,152.5,152.5,0.0,0.0,0.0,0.0,0.0,0.0,0.0,
495177,COMMUNITY MEMORIAL HOSPITAL HUNDLEY CENTER,SOUTH HILL,VA,Mecklenburg,117,2021Q3,20210916,85,8.0,8.0,0.0,54.0,45.75,8.25,59.75,16.25,43.5,0.0,0.0,0.0,89.25,63.0,26.25,142.5,95.0,47.5,0.0,0.0,0.0,0.0,0.0,0.0,
495177,COMMUNITY MEMORIAL HOSPITAL HUNDLEY CENTER,SOUTH HILL,VA,Mecklenburg,117,2021Q3,20210917,85,0.0,0.0,0.0,43.0,43.0,0.0,50.25,0.0,50.25,0.0,0.0,0.0,66.25,38.75,27.5,123.0,113.5,9.5,0.0,0.0,0.0,0.0,0.0,0.0,
495177,COMMUNITY MEMORIAL HOSPITAL HUNDLEY CENTER,SOUTH HILL,VA,Mecklenburg,117,2021Q3,20210918,85,0.0,0.0,0.0,0.0,0.0,0.0,24.0,0.0,24.0,0.0,0.0,0.0,99.0,75.0,24.0,149.25,116.5,32.75,0.0,0.0,0.0,0.0,0.0,0.0,
495177,COMMUNITY MEMORIAL HOSPITAL HUNDLEY CENTER,SOUTH HILL,VA,Mecklenburg,117,2021Q3,20210919,85,0.0,0.0,0.0,0.0,0.0,0.0,34.75,0.0,34.75,0.0,0.0,0.0,97.5,73.0,24.5,168.0,131.25,36.75,0.0,0.0,0.0,0.0,0.0,0.0,
495177,COMMUNITY MEMORIAL HOSPITAL HUNDLEY CENTER,SOUTH HILL,VA,Mecklenburg,117,2021Q3,20210920,85,0.0,0.0,0.0,54.25,54.25,0.0,41.25,5.25,36.0,0.0,0.0,0.0,90.5,48.5,42.0,204.25,146.0,58.25,0.0,0.0,0.0,0.0,0.0,0.0,
495177,COMMUNITY MEMORIAL HOSPITAL HUNDLEY CENTER,SOUTH HILL,VA,Mecklenburg,117,2021Q3,20210921,85,0.0,0.0,0.0,55.0,55.0,0.0,57.25,15.0,42.25,0.0,0.0,0.0,107.25,44.5,62.75,159.5,130.0,29.5,0.0,0.0,0.0,0.0,0.0,0.0,
495177,COMMUNITY MEMORIAL HOSPITAL HUNDLEY CENTER,SOUTH HILL,VA,Mecklenburg,117,2021Q3,20210922,84,0.0,0.0,0.0,52.5,52.5,0.0,30.25,0.0,30.25,0.0,0.0,0.0,77.75,40.75,37.0,172.0,143.0,29.0,0.0,0.0,0.0,0.0,0.0,0.0,
495177,COMMUNITY MEMORIAL HOSPITAL HUNDLEY CENTER,SOUTH HILL,VA,Mecklenburg,117,2021Q3,20210923,83,0.0,0.0,0.0,47.5,47.5,0.0,36.75,14.0,22.75,0.0,0.0,0.0,145.5,88.25,57.25,157.0,125.0,32.0,0.0,0.0,0.0,0.0,0.0,0.0,
495177,COMMUNITY MEMORIAL HOSPITAL HUNDLEY CENTER,SOUTH HILL,VA,Mecklenburg,117,2021Q3,20210924,81,0.0,0.0,0.0,44.5,44.5,0.0,34.0,0.0,34.0,0.0,0.0,0.0,120.5,58.0,62.5,165.5,124.75,40.75,0.0,0.0,0.0,0.0,0.0,0.0,
495177,COMMUNITY MEMORIAL HOSPITAL HUNDLEY CENTER,SOUTH HILL,VA,Mecklenburg,117,2021Q3,20210925,81,0.0,0.0,0.0,0.0,0.0,0.0,30.25,0.0,30.25,0.0,0.0,0.0,67.0,29.5,37.5,143.25,109.5,33.75,0.0,0.0,0.0,0.0,0.0,0.0,
495177,COMMUNITY MEMORIAL HOSPITAL HUNDLEY CENTER,SOUTH HILL,VA,Mecklenburg,117,2021Q3,20210926,80,0.0,0.0,0.0,0.0,0.0,0.0,44.75,0.0,44.75,0.0,0.0,0.0,87.25,47.25,40.0,128.75,108.75,20.0,0.0,0.0,0.0,0.0,0.0,0.0,
495177,COMMUNITY MEMORIAL HOSPITAL HUNDLEY CENTER,SOUTH HILL,VA,Mecklenburg,117,2021Q3,20210927,83,8.0,8.0,0.0,46.5,46.5,0.0,53.0,0.0,53.0,0.0,0.0,0.0,68.75,43.5,25.25,156.75,113.5,43.25,0.0,0.0,0.0,0.0,0.0,0.0,
495177,COMMUNITY MEMORIAL HOSPITAL HUNDLEY CENTER,SOUTH HILL,VA,Mecklenburg,117,2021Q3,20210928,83,8.0,8.0,0.0,46.75,46.75,0.0,56.5,19.5,37.0,0.0,0.0,0.0,92.0,55.0,37.0,174.5,152.5,22.0,0.0,0.0,0.0,0.0,0.0,0.0,
495177,COMMUNITY MEMORIAL HOSPITAL HUNDLEY CENTER,SOUTH HILL,VA,Mecklenburg,117,2021Q3,20210929,86,8.0,8.0,0.0,47.25,47.25,0.0,36.75,4.25,32.5,0.0,0.0,0.0,102.75,55.5,47.25,186.75,149.75,37.0,0.0,0.0,0.0,0.0,0.0,0.0,
495177,COMMUNITY MEMORIAL HOSPITAL HUNDLEY CENTER,SOUTH HILL,VA,Mecklenburg,117,2021Q3,20210930,85,8.0,8.0,0.0,38.75,38.75,0.0,11.25,1.75,9.5,0.0,0.0,0.0,111.75,66.75,45.0,196.0,138.75,57.25,0.0,0.0,0.0,0.0,0.0,0.0,
495177,COMMUNITY MEMORIAL HOSPITAL HUNDLEY CENTER,SOUTH HILL,VA,Mecklenburg,117,2021Q4,20211001,86,8.0,8.0,0.0,45.5,45.5,0.0,32.75,0.0,32.75,0.0,0.0,0.0,91.0,59.25,31.75,151.75,105.0,46.75,0.0,0.0,0.0,0.0,0.0,0.0,
495177,COMMUNITY MEMORIAL HOSPITAL HUNDLEY CENTER,SOUTH HILL,VA,Mecklenburg,117,2021Q4,20211002,86,0.0,0.0,0.0,6.25,6.25,0.0,34.75,0.0,34.75,0.0,0.0,0.0,93.0,43.5,49.5,144.25,106.5,37.75,0.0,0.0,0.0,0.0,0.0,0.0,
495177,COMMUNITY MEMORIAL HOSPITAL HUNDLEY CENTER,SOUTH HILL,VA,Mecklenburg,117,2021Q4,20211003,86,0.0,0.0,0.0,0.0,0.0,0.0,49.75,13.0,36.75,0.0,0.0,0.0,116.75,65.75,51.0,147.0,110.75,36.25,0.0,0.0,0.0,0.0,0.0,0.0,
495177,COMMUNITY MEMORIAL HOSPITAL HUNDLEY CENTER,SOUTH HILL,VA,Mecklenburg,117,2021Q4,20211004,84,8.0,8.0,0.0,39.5,39.5,0.0,35.5,14.0,21.5,0.0,0.0,0.0,94.75,41.75,53.0,202.5,149.5,53.0,0.0,0.0,0.0,0.0,0.0,0.0,
495177,COMMUNITY MEMORIAL HOSPITAL HUNDLEY CENTER,SOUTH HILL,VA,Mecklenburg,117,2021Q4,20211005,84,8.0,8.0,0.0,48.75,48.75,0.0,65.5,22.5,43.0,0.0,0.0,0.0,81.0,47.25,33.75,146.5,109.0,37.5,0.0,0.0,0.0,0.0,0.0,0.0,
495177,COMMUNITY MEMORIAL HOSPITAL HUNDLEY CENTER,SOUTH HILL,VA,Mecklenburg,117,2021Q4,20211006,85,8.0,8.0,0.0,32.75,32.75,0.0,34.0,0.0,34.0,0.0,0.0,0.0,93.5,70.0,23.5,156.75,136.75,20.0,0.0,0.0,0.0,0.0,0.0,0.0,
495177,COMMUNITY MEMORIAL HOSPITAL HUNDLEY CENTER,SOUTH HILL,VA,Mecklenburg,117,2021Q4,20211007,85,8.0,8.0,0.0,47.0,47.0,0.0,9.5,0.0,9.5,0.0,0.0,0.0,132.5,95.5,37.0,185.5,138.25,47.25,0.0,0.0,0.0,0.0,0.0,0.0,
495177,COMMUNITY MEMORIAL HOSPITAL HUNDLEY CENTER,SOUTH HILL,VA,Mecklenburg,117,2021Q4,20211008,85,8.0,8.0,0.0,25.5,25.5,0.0,50.25,6.5,43.75,0.0,0.0,0.0,83.25,46.75,36.5,172.75,136.75,36.0,0.0,0.0,0.0,0.0,0.0,0.0,
495177,COMMUNITY MEMORIAL HOSPITAL HUNDLEY CENTER,SOUTH HILL,VA,Mecklenburg,117,2021Q4,20211009,85,0.0,0.0,0.0,0.0,0.0,0.0,49.75,0.0,49.75,0.0,0.0,0.0,69.25,29.0,40.25,167.0,119.75,47.25,0.0,0.0,0.0,0.0,0.0,0.0,
495177,COMMUNITY MEMORIAL HOSPITAL HUNDLEY CENTER,SOUTH HILL,VA,Mecklenburg,117,2021Q4,20211010,85,0.0,0.0,0.0,0.0,0.0,0.0,48.0,13.0,35.0,0.0,0.0,0.0,77.5,40.75,36.75,145.75,116.0,29.75,0.0,0.0,0.0,0.0,0.0,0.0,
495177,COMMUNITY MEMORIAL HOSPITAL HUNDLEY CENTER,SOUTH HILL,VA,Mecklenburg,117,2021Q4,20211011,85,8.0,8.0,0.0,31.5,31.5,0.0,48.5,16.75,31.75,0.0,0.0,0.0,99.0,61.5,37.5,128.75,116.75,12.0,0.0,0.0,0.0,0.0,0.0,0.0,
495177,COMMUNITY MEMORIAL HOSPITAL HUNDLEY CENTER,SOUTH HILL,VA,Mecklenburg,117,2021Q4,20211012,85,8.0,8.0,0.0,47.25,47.25,0.0,35.25,25.75,9.5,0.0,0.0,0.0,121.5,96.0,25.5,187.75,138.25,49.5,0.0,0.0,0.0,0.0,0.0,0.0,
495177,COMMUNITY MEMORIAL HOSPITAL HUNDLEY CENTER,SOUTH HILL,VA,Mecklenburg,117,2021Q4,20211013,85,8.0,8.0,0.0,44.0,44.0,0.0,34.75,5.5,29.25,0.0,0.0,0.0,100.0,68.75,31.25,179.75,155.0,24.75,0.0,0.0,0.0,0.0,0.0,0.0,
495177,COMMUNITY MEMORIAL HOSPITAL HUNDLEY CENTER,SOUTH HILL,VA,Mecklenburg,117,2021Q4,20211014,85,8.0,8.0,0.0,44.5,44.5,0.0,44.5,9.5,35.0,0.0,0.0,0.0,86.75,62.75,24.0,177.0,118.25,58.75,0.0,0.0,0.0,0.0,0.0,0.0,
495177,COMMUNITY MEMORIAL HOSPITAL HUNDLEY CENTER,SOUTH HILL,VA,Mecklenburg,117,2021Q4,20211015,84,8.0,8.0,0.0,50.75,50.75,0.0,28.5,3.25,25.25,0.0,0.0,0.0,93.75,42.0,51.75,163.0,131.0,32.0,0.0,0.0,0.0,0.0,0.0,0.0,
495177,COMMUNITY MEMORIAL HOSPITAL HUNDLEY CENTER,SOUTH HILL,VA,Mecklenburg,117,2021Q4,20211016,83,0.0,0.0,0.0,0.0,0.0,0.0,11.25,0.0,11.25,0.0,0.0,0.0,109.25,56.25,53.0,127.5,91.75,35.75,0.0,0.0,0.0,0.0,0.0,0.0,
495177,COMMUNITY MEMORIAL HOSPITAL HUNDLEY CENTER,SOUTH HILL,VA,Mecklenburg,117,2021Q4,20211017,83,0.0,0.0,0.0,0.0,0.0,0.0,25.75,14.0,11.75,0.0,0.0,0.0,102.0,60.75,41.25,142.5,106.75,35.75,0.0,0.0,0.0,0.0,0.0,0.0,
495177,COMMUNITY MEMORIAL HOSPITAL HUNDLEY CENTER,SOUTH HILL,VA,Mecklenburg,117,2021Q4,20211018,83,8.0,8.0,0.0,55.75,55.75,0.0,40.0,13.0,27.0,0.0,0.0,0.0,83.5,45.75,37.75,183.5,157.75,25.75,0.0,0.0,0.0,0.0,0.0,0.0,
495177,COMMUNITY MEMORIAL HOSPITAL HUNDLEY CENTER,SOUTH HILL,VA,Mecklenburg,117,2021Q4,20211019,85,8.0,8.0,0.0,46.75,46.75,0.0,70.25,23.0,47.25,0.0,0.0,0.0,49.5,49.5,0.0,161.5,128.75,32.75,0.0,0.0,0.0,0.0,0.0,0.0,
495177,COMMUNITY MEMORIAL HOSPITAL HUNDLEY CENTER,SOUTH HILL,VA,Mecklenburg,117,2021Q4,20211020,85,8.0,8.0,0.0,42.5,42.5,0.0,53.0,18.25,34.75,0.0,0.0,0.0,85.25,70.0,15.25,173.75,153.5,20.25,0.0,0.0,0.0,0.0,0.0,0.0,
495177,COMMUNITY MEMORIAL HOSPITAL HUNDLEY CENTER,SOUTH HILL,VA,Mecklenburg,117,2021Q4,20211021,86,8.0,8.0,0.0,56.5,56.5,0.0,41.75,11.25,30.5,0.0,0.0,0.0,122.75,79.0,43.75,166.25,124.75,41.5,0.0,0.0,0.0,0.0,0.0,0.0,
495177,COMMUNITY MEMORIAL HOSPITAL HUNDLEY CENTER,SOUTH HILL,VA,Mecklenburg,117,2021Q4,20211022,84,8.0,8.0,0.0,59.25,59.25,0.0,10.75,0.0,10.75,0.0,0.0,0.0,101.25,53.25,48.0,144.75,108.5,36.25,0.0,0.0,0.0,0.0,0.0,0.0,
495177,COMMUNITY MEMORIAL HOSPITAL HUNDLEY CENTER,SOUTH HILL,VA,Mecklenburg,117,2021Q4,20211023,84,0.0,0.0,0.0,0.0,0.0,0.0,26.5,0.0,26.5,0.0,0.0,0.0,89.25,53.25,36.0,115.5,107.0,8.5,0.0,0.0,0.0,0.0,0.0,0.0,
495177,COMMUNITY MEMORIAL HOSPITAL HUNDLEY CENTER,SOUTH HILL,VA,Mecklenburg,117,2021Q4,20211024,84,0.0,0.0,0.0,0.0,0.0,0.0,36.0,13.5,22.5,0.0,0.0,0.0,86.25,62.25,24.0,124.75,103.25,21.5,0.0,0.0,0.0,0.0,0.0,0.0,
495177,COMMUNITY MEMORIAL HOSPITAL HUNDLEY CENTER,SOUTH HILL,VA,Mecklenburg,117,2021Q4,20211025,84,8.0,8.0,0.0,62.75,62.75,0.0,50.0,18.75,31.25,0.0,0.0,0.0,87.25,57.75,29.5,116.5,116.5,0.0,0.0,0.0,0.0,0.0,0.0,0.0,
495177,COMMUNITY MEMORIAL HOSPITAL HUNDLEY CENTER,SOUTH HILL,VA,Mecklenburg,117,2021Q4,20211026,83,8.0,8.0,0.0,56.75,56.75,0.0,43.5,24.0,19.5,0.0,0.0,0.0,100.25,65.0,35.25,177.25,146.25,31.0,0.0,0.0,0.0,0.0,0.0,0.0,
495177,COMMUNITY MEMORIAL HOSPITAL HUNDLEY CENTER,SOUTH HILL,VA,Mecklenburg,117,2021Q4,20211027,85,8.0,8.0,0.0,62.75,62.75,0.0,26.75,16.25,10.5,0.0,0.0,0.0,123.0,86.25,36.75,177.0,136.75,40.25,0.0,0.0,0.0,0.0,0.0,0.0,
495177,COMMUNITY MEMORIAL HOSPITAL HUNDLEY CENTER,SOUTH HILL,VA,Mecklenburg,117,2021Q4,20211028,85,8.0,8.0,0.0,47.5,47.5,0.0,36.5,11.75,24.75,0.0,0.0,0.0,117.25,77.25,40.0,164.25,131.0,33.25,0.0,0.0,0.0,0.0,0.0,0.0,
495177,COMMUNITY MEMORIAL HOSPITAL HUNDLEY CENTER,SOUTH HILL,VA,Mecklenburg,117,2021Q4,20211029,88,8.0,8.0,0.0,57.0,57.0,0.0,11.75,0.0,11.75,0.0,0.0,0.0,112.5,58.5,54.0,149.0,115.75,33.25,0.0,0.0,0.0,0.0,0.0,0.0,
495177,COMMUNITY MEMORIAL HOSPITAL HUNDLEY CENTER,SOUTH HILL,VA,Mecklenburg,117,2021Q4,20211030,88,0.0,0.0,0.0,0.0,0.0,0.0,7.75,0.0,7.75,0.0,0.0,0.0,117.25,56.25,61.0,145.0,108.75,36.25,0.0,0.0,0.0,0.0,0.0,0.0,
495177,COMMUNITY MEMORIAL HOSPITAL HUNDLEY CENTER,SOUTH HILL,VA,Mecklenburg,117,2021Q4,20211031,87,0.0,0.0,0.0,0.0,0.0,0.0,26.75,13.0,13.75,0.0,0.0,0.0,95.5,59.25,36.25,131.25,95.25,36.0,0.0,0.0,0.0,0.0,0.0,0.0,
495177,COMMUNITY MEMORIAL HOSPITAL HUNDLEY CENTER,SOUTH HILL,VA,Mecklenburg,117,2021Q4,20211101,88,8.0,8.0,0.0,37.0,37.0,0.0,25.75,16.0,9.75,0.0,0.0,0.0,94.25,56.75,37.5,160.75,127.75,33.0,0.0,0.0,0.0,0.0,0.0,0.0,
495177,COMMUNITY MEMORIAL HOSPITAL HUNDLEY CENTER,SOUTH HILL,VA,Mecklenburg,117,2021Q4,20211102,88,8.0,8.0,0.0,55.75,55.75,0.0,24.0,24.0,0.0,0.0,0.0,0.0,81.75,56.25,25.5,173.25,133.0,40.25,0.0,0.0,0.0,0.0,0.0,0.0,
495177,COMMUNITY MEMORIAL HOSPITAL HUNDLEY CENTER,SOUTH HILL,VA,Mecklenburg,117,2021Q4,20211103,91,8.0,8.0,0.0,56.0,56.0,0.0,26.75,13.25,13.5,0.0,0.0,0.0,94.75,82.5,12.25,177.25,155.0,22.25,0.0,0.0,0.0,0.0,0.0,0.0,
495177,COMMUNITY MEMORIAL HOSPITAL HUNDLEY CENTER,SOUTH HILL,VA,Mecklenburg,117,2021Q4,20211104,92,0.0,0.0,0.0,52.75,52.75,0.0,28.0,18.75,9.25,0.0,0.0,0.0,117.5,81.5,36.0,226.5,171.25,55.25,0.0,0.0,0.0,0.0,0.0,0.0,
495177,COMMUNITY MEMORIAL HOSPITAL HUNDLEY CENTER,SOUTH HILL,VA,Mecklenburg,117,2021Q4,20211105,91,0.0,0.0,0.0,54.75,54.75,0.0,15.5,5.0,10.5,0.0,0.0,0.0,137.25,64.5,72.75,177.25,156.5,20.75,0.0,0.0,0.0,0.0,0.0,0.0,
495177,COMMUNITY MEMORIAL HOSPITAL HUNDLEY CENTER,SOUTH HILL,VA,Mecklenburg,117,2021Q4,20211106,91,0.0,0.0,0.0,0.0,0.0,0.0,23.0,0.0,23.0,0.0,0.0,0.0,109.75,57.75,52.0,160.5,137.25,23.25,0.0,0.0,0.0,0.0,0.0,0.0,
495177,COMMUNITY MEMORIAL HOSPITAL HUNDLEY CENTER,SOUTH HILL,VA,Mecklenburg,117,2021Q4,20211107,91,0.0,0.0,0.0,0.0,0.0,0.0,45.75,13.25,32.5,0.0,0.0,0.0,85.25,36.5,48.75,126.5,106.5,20.0,0.0,0.0,0.0,0.0,0.0,0.0,
495177,COMMUNITY MEMORIAL HOSPITAL HUNDLEY CENTER,SOUTH HILL,VA,Mecklenburg,117,2021Q4,20211108,91,8.0,8.0,0.0,57.0,57.0,0.0,54.0,21.5,32.5,0.0,0.0,0.0,127.5,88.5,39.0,164.5,109.25,55.25,0.0,0.0,0.0,0.0,0.0,0.0,
495177,COMMUNITY MEMORIAL HOSPITAL HUNDLEY CENTER,SOUTH HILL,VA,Mecklenburg,117,2021Q4,20211109,90,8.0,8.0,0.0,48.75,48.75,0.0,37.5,27.5,10.0,0.0,0.0,0.0,119.0,86.75,32.25,190.5,155.75,34.75,0.0,0.0,0.0,0.0,0.0,0.0,
495177,COMMUNITY MEMORIAL HOSPITAL HUNDLEY CENTER,SOUTH HILL,VA,Mecklenburg,117,2021Q4,20211110,90,8.0,8.0,0.0,45.5,45.5,0.0,38.5,22.75,15.75,0.0,0.0,0.0,137.25,87.25,50.0,172.75,136.0,36.75,0.0,0.0,0.0,0.0,0.0,0.0,
495177,COMMUNITY MEMORIAL HOSPITAL HUNDLEY CENTER,SOUTH HILL,VA,Mecklenburg,117,2021Q4,20211111,92,8.0,8.0,0.0,35.25,35.25,0.0,68.25,15.75,52.5,0.0,0.0,0.0,118.0,76.5,41.5,169.25,124.25,45.0,0.0,0.0,0.0,0.0,0.0,0.0,
495177,COMMUNITY MEMORIAL HOSPITAL HUNDLEY CENTER,SOUTH HILL,VA,Mecklenburg,117,2021Q4,20211112,92,8.0,8.0,0.0,39.75,39.75,0.0,30.5,8.0,22.5,0.0,0.0,0.0,107.75,43.75,64.0,144.25,121.5,22.75,0.0,0.0,0.0,0.0,0.0,0.0,
495177,COMMUNITY MEMORIAL HOSPITAL HUNDLEY CENTER,SOUTH HILL,VA,Mecklenburg,117,2021Q4,20211113,92,0.0,0.0,0.0,8.25,8.25,0.0,17.0,0.0,17.0,0.0,0.0,0.0,146.75,67.0,79.75,164.75,116.5,48.25,0.0,0.0,0.0,0.0,0.0,0.0,
495177,COMMUNITY MEMORIAL HOSPITAL HUNDLEY CENTER,SOUTH HILL,VA,Mecklenburg,117,2021Q4,20211114,92,0.0,0.0,0.0,0.0,0.0,0.0,35.5,15.75,19.75,0.0,0.0,0.0,131.0,61.0,70.0,153.75,103.5,50.25,0.0,0.0,0.0,0.0,0.0,0.0,
495177,COMMUNITY MEMORIAL HOSPITAL HUNDLEY CENTER,SOUTH HILL,VA,Mecklenburg,117,2021Q4,20211115,91,8.0,8.0,0.0,46.75,46.75,0.0,70.0,26.5,43.5,0.0,0.0,0.0,70.75,47.0,23.75,170.25,153.0,17.25,0.0,0.0,0.0,0.0,0.0,0.0,
495177,COMMUNITY MEMORIAL HOSPITAL HUNDLEY CENTER,SOUTH HILL,VA,Mecklenburg,117,2021Q4,20211116,92,8.0,8.0,0.0,55.0,55.0,0.0,62.25,30.5,31.75,0.0,0.0,0.0,92.5,66.75,25.75,203.0,157.25,45.75,0.0,0.0,0.0,0.0,0.0,0.0,
495177,COMMUNITY MEMORIAL HOSPITAL HUNDLEY CENTER,SOUTH HILL,VA,Mecklenburg,117,2021Q4,20211117,91,8.0,8.0,0.0,57.0,57.0,0.0,34.75,13.25,21.5,0.0,0.0,0.0,113.5,68.5,45.0,180.25,138.25,42.0,0.0,0.0,0.0,0.0,0.0,0.0,
495177,COMMUNITY MEMORIAL HOSPITAL HUNDLEY CENTER,SOUTH HILL,VA,Mecklenburg,117,2021Q4,20211118,91,8.0,8.0,0.0,54.75,54.75,0.0,18.0,8.75,9.25,0.0,0.0,0.0,128.25,82.25,46.0,189.0,144.75,44.25,0.0,0.0,0.0,0.0,0.0,0.0,
495177,COMMUNITY MEMORIAL HOSPITAL HUNDLEY CENTER,SOUTH HILL,VA,Mecklenburg,117,2021Q4,20211119,92,8.0,8.0,0.0,44.0,44.0,0.0,21.0,0.0,21.0,0.0,0.0,0.0,123.5,59.25,64.25,183.0,135.0,48.0,0.0,0.0,0.0,0.0,0.0,0.0,
495177,COMMUNITY MEMORIAL HOSPITAL HUNDLEY CENTER,SOUTH HILL,VA,Mecklenburg,117,2021Q4,20211120,92,0.0,0.0,0.0,0.0,0.0,0.0,24.75,0.0,24.75,0.0,0.0,0.0,86.5,38.5,48.0,148.75,115.75,33.0,0.0,0.0,0.0,0.0,0.0,0.0,
495177,COMMUNITY MEMORIAL HOSPITAL HUNDLEY CENTER,SOUTH HILL,VA,Mecklenburg,117,2021Q4,20211121,92,0.0,0.0,0.0,0.0,0.0,0.0,50.25,12.5,37.75,0.0,0.0,0.0,66.5,18.0,48.5,145.0,107.0,38.0,0.0,0.0,0.0,0.0,0.0,0.0,
495177,COMMUNITY MEMORIAL HOSPITAL HUNDLEY CENTER,SOUTH HILL,VA,Mecklenburg,117,2021Q4,20211122,92,8.0,8.0,0.0,58.5,58.5,0.0,63.0,22.5,40.5,0.0,0.0,0.0,124.75,89.75,35.0,186.75,135.0,51.75,0.0,0.0,0.0,0.0,0.0,0.0,
495177,COMMUNITY MEMORIAL HOSPITAL HUNDLEY CENTER,SOUTH HILL,VA,Mecklenburg,117,2021Q4,20211123,92,8.0,8.0,0.0,42.75,42.75,0.0,34.75,22.5,12.25,0.0,0.0,0.0,119.75,86.25,33.5,171.5,159.0,12.5,0.0,0.0,0.0,0.0,0.0,0.0,
495177,COMMUNITY MEMORIAL HOSPITAL HUNDLEY CENTER,SOUTH HILL,VA,Mecklenburg,117,2021Q4,20211124,90,8.0,8.0,0.0,55.5,55.5,0.0,40.5,21.75,18.75,0.0,0.0,0.0,131.75,95.75,36.0,197.5,166.0,31.5,0.0,0.0,0.0,0.0,0.0,0.0,
495177,COMMUNITY MEMORIAL HOSPITAL HUNDLEY CENTER,SOUTH HILL,VA,Mecklenburg,117,2021Q4,20211125,90,0.0,0.0,0.0,21.0,21.0,0.0,19.0,0.0,19.0,0.0,0.0,0.0,91.5,25.5,66.0,174.5,121.5,53.0,0.0,0.0,0.0,0.0,0.0,0.0,
495177,COMMUNITY MEMORIAL HOSPITAL HUNDLEY CENTER,SOUTH HILL,VA,Mecklenburg,117,2021Q4,20211126,90,8.0,8.0,0.0,28.0,28.0,0.0,0.0,0.0,0.0,0.0,0.0,0.0,101.5,67.75,33.75,160.75,116.0,44.75,0.0,0.0,0.0,0.0,0.0,0.0,
495177,COMMUNITY MEMORIAL HOSPITAL HUNDLEY CENTER,SOUTH HILL,VA,Mecklenburg,117,2021Q4,20211127,88,0.0,0.0,0.0,0.0,0.0,0.0,9.25,0.0,9.25,0.0,0.0,0.0,125.75,68.75,57.0,158.75,110.75,48.0,0.0,0.0,0.0,0.0,0.0,0.0,
495177,COMMUNITY MEMORIAL HOSPITAL HUNDLEY CENTER,SOUTH HILL,VA,Mecklenburg,117,2021Q4,20211128,88,0.0,0.0,0.0,0.0,0.0,0.0,22.0,13.0,9.0,0.0,0.0,0.0,123.5,66.0,57.5,155.5,107.75,47.75,0.0,0.0,0.0,0.0,0.0,0.0,
495177,COMMUNITY MEMORIAL HOSPITAL HUNDLEY CENTER,SOUTH HILL,VA,Mecklenburg,117,2021Q4,20211129,87,8.0,8.0,0.0,43.5,43.5,0.0,31.75,13.75,18.0,0.0,0.0,0.0,93.0,65.75,27.25,180.75,133.75,47.0,0.0,0.0,0.0,0.0,0.0,0.0,
495177,COMMUNITY MEMORIAL HOSPITAL HUNDLEY CENTER,SOUTH HILL,VA,Mecklenburg,117,2021Q4,20211130,87,8.0,8.0,0.0,58.25,58.25,0.0,58.5,29.0,29.5,0.0,0.0,0.0,91.0,72.5,18.5,181.25,133.75,47.5,0.0,0.0,0.0,0.0,0.0,0.0,
495177,COMMUNITY MEMORIAL HOSPITAL HUNDLEY CENTER,SOUTH HILL,VA,Mecklenburg,117,2021Q4,20211201,87,8.0,8.0,0.0,60.0,60.0,0.0,36.25,12.75,23.5,0.0,0.0,0.0,109.75,88.0,21.75,194.25,160.0,34.25,0.0,0.0,0.0,0.0,0.0,0.0,
495177,COMMUNITY MEMORIAL HOSPITAL HUNDLEY CENTER,SOUTH HILL,VA,Mecklenburg,117,2021Q4,20211202,86,0.0,0.0,0.0,64.75,64.75,0.0,27.75,10.25,17.5,0.0,0.0,0.0,112.75,67.0,45.75,180.25,147.25,33.0,0.0,0.0,0.0,0.0,0.0,0.0,
495177,COMMUNITY MEMORIAL HOSPITAL HUNDLEY CENTER,SOUTH HILL,VA,Mecklenburg,117,2021Q4,20211203,84,8.0,8.0,0.0,44.0,44.0,0.0,21.75,0.0,21.75,0.0,0.0,0.0,108.0,50.25,57.75,157.75,114.0,43.75,0.0,0.0,0.0,0.0,0.0,0.0,
495177,COMMUNITY MEMORIAL HOSPITAL HUNDLEY CENTER,SOUTH HILL,VA,Mecklenburg,117,2021Q4,20211204,82,0.0,0.0,0.0,41.25,41.25,0.0,21.0,0.0,21.0,0.0,0.0,0.0,55.0,29.5,25.5,168.5,122.5,46.0,0.0,0.0,0.0,0.0,0.0,0.0,
495177,COMMUNITY MEMORIAL HOSPITAL HUNDLEY CENTER,SOUTH HILL,VA,Mecklenburg,117,2021Q4,20211205,81,0.0,0.0,0.0,9.25,9.25,0.0,35.75,13.25,22.5,0.0,0.0,0.0,80.5,33.5,47.0,136.25,90.5,45.75,0.0,0.0,0.0,0.0,0.0,0.0,
495177,COMMUNITY MEMORIAL HOSPITAL HUNDLEY CENTER,SOUTH HILL,VA,Mecklenburg,117,2021Q4,20211206,81,8.0,8.0,0.0,43.75,43.75,0.0,23.5,13.25,10.25,0.0,0.0,0.0,105.5,75.5,30.0,126.5,103.25,23.25,0.0,0.0,0.0,0.0,0.0,0.0,
495177,COMMUNITY MEMORIAL HOSPITAL HUNDLEY CENTER,SOUTH HILL,VA,Mecklenburg,117,2021Q4,20211207,81,8.0,8.0,0.0,52.5,52.5,0.0,31.0,31.0,0.0,0.0,0.0,0.0,99.75,64.5,35.25,212.75,139.0,73.75,0.0,0.0,0.0,0.0,0.0,0.0,
495177,COMMUNITY MEMORIAL HOSPITAL HUNDLEY CENTER,SOUTH HILL,VA,Mecklenburg,117,2021Q4,20211208,82,8.0,8.0,0.0,50.25,50.25,0.0,33.0,21.0,12.0,0.0,0.0,0.0,102.25,90.25,12.0,194.5,170.75,23.75,0.0,0.0,0.0,0.0,0.0,0.0,
495177,COMMUNITY MEMORIAL HOSPITAL HUNDLEY CENTER,SOUTH HILL,VA,Mecklenburg,117,2021Q4,20211209,82,8.0,8.0,0.0,63.0,63.0,0.0,19.75,8.5,11.25,0.0,0.0,0.0,90.75,44.25,46.5,150.0,112.75,37.25,0.0,0.0,0.0,0.0,0.0,0.0,
495177,COMMUNITY MEMORIAL HOSPITAL HUNDLEY CENTER,SOUTH HILL,VA,Mecklenburg,117,2021Q4,20211210,83,8.0,8.0,0.0,46.75,46.75,0.0,10.5,0.0,10.5,0.0,0.0,0.0,78.25,35.5,42.75,115.75,87.25,28.5,0.0,0.0,0.0,0.0,0.0,0.0,
495177,COMMUNITY MEMORIAL HOSPITAL HUNDLEY CENTER,SOUTH HILL,VA,Mecklenburg,117,2021Q4,20211211,83,0.0,0.0,0.0,0.0,0.0,0.0,17.25,0.0,17.25,0.0,0.0,0.0,110.75,73.25,37.5,147.0,86.5,60.5,0.0,0.0,0.0,0.0,0.0,0.0,
495177,COMMUNITY MEMORIAL HOSPITAL HUNDLEY CENTER,SOUTH HILL,VA,Mecklenburg,117,2021Q4,20211212,83,0.0,0.0,0.0,0.0,0.0,0.0,31.0,13.25,17.75,0.0,0.0,0.0,88.25,71.25,17.0,128.75,67.75,61.0,0.0,0.0,0.0,0.0,0.0,0.0,
495177,COMMUNITY MEMORIAL HOSPITAL HUNDLEY CENTER,SOUTH HILL,VA,Mecklenburg,117,2021Q4,20211213,83,8.0,8.0,0.0,57.25,57.25,0.0,34.25,13.0,21.25,0.0,0.0,0.0,105.5,83.0,22.5,151.75,125.0,26.75,0.0,0.0,0.0,0.0,0.0,0.0,
495177,COMMUNITY MEMORIAL HOSPITAL HUNDLEY CENTER,SOUTH HILL,VA,Mecklenburg,117,2021Q4,20211214,81,8.0,8.0,0.0,49.75,49.75,0.0,24.75,13.25,11.5,0.0,0.0,0.0,99.25,54.75,44.5,187.25,123.75,63.5,0.0,0.0,0.0,0.0,0.0,0.0,
495177,COMMUNITY MEMORIAL HOSPITAL HUNDLEY CENTER,SOUTH HILL,VA,Mecklenburg,117,2021Q4,20211215,81,8.0,8.0,0.0,53.5,53.5,0.0,24.5,13.0,11.5,0.0,0.0,0.0,117.0,71.75,45.25,180.0,153.25,26.75,0.0,0.0,0.0,0.0,0.0,0.0,
495177,COMMUNITY MEMORIAL HOSPITAL HUNDLEY CENTER,SOUTH HILL,VA,Mecklenburg,117,2021Q4,20211216,81,8.0,8.0,0.0,54.0,54.0,0.0,17.0,7.5,9.5,0.0,0.0,0.0,115.25,82.0,33.25,210.5,153.5,57.0,0.0,0.0,0.0,0.0,0.0,0.0,
495177,COMMUNITY MEMORIAL HOSPITAL HUNDLEY CENTER,SOUTH HILL,VA,Mecklenburg,117,2021Q4,20211217,80,8.0,8.0,0.0,60.25,60.25,0.0,20.5,0.0,20.5,0.0,0.0,0.0,111.0,46.25,64.75,165.25,104.25,61.0,0.0,0.0,0.0,0.0,0.0,0.0,
495177,COMMUNITY MEMORIAL HOSPITAL HUNDLEY CENTER,SOUTH HILL,VA,Mecklenburg,117,2021Q4,20211218,80,0.0,0.0,0.0,0.0,0.0,0.0,12.75,0.0,12.75,0.0,0.0,0.0,67.25,30.75,36.5,162.5,116.5,46.0,0.0,0.0,0.0,0.0,0.0,0.0,
495177,COMMUNITY MEMORIAL HOSPITAL HUNDLEY CENTER,SOUTH HILL,VA,Mecklenburg,117,2021Q4,20211219,80,0.0,0.0,0.0,0.0,0.0,0.0,36.0,12.75,23.25,0.0,0.0,0.0,80.25,55.5,24.75,161.75,97.0,64.75,0.0,0.0,0.0,0.0,0.0,0.0,
495177,COMMUNITY MEMORIAL HOSPITAL HUNDLEY CENTER,SOUTH HILL,VA,Mecklenburg,117,2021Q4,20211220,81,8.0,8.0,0.0,54.0,54.0,0.0,23.75,13.0,10.75,0.0,0.0,0.0,107.25,82.5,24.75,187.0,141.25,45.75,0.0,0.0,0.0,0.0,0.0,0.0,
495177,COMMUNITY MEMORIAL HOSPITAL HUNDLEY CENTER,SOUTH HILL,VA,Mecklenburg,117,2021Q4,20211221,80,8.0,8.0,0.0,40.25,40.25,0.0,30.25,30.25,0.0,0.0,0.0,0.0,118.75,79.5,39.25,193.75,161.0,32.75,0.0,0.0,0.0,0.0,0.0,0.0,
495177,COMMUNITY MEMORIAL HOSPITAL HUNDLEY CENTER,SOUTH HILL,VA,Mecklenburg,117,2021Q4,20211222,81,8.0,8.0,0.0,59.25,59.25,0.0,13.25,13.25,0.0,0.0,0.0,0.0,124.25,90.0,34.25,190.25,141.75,48.5,0.0,0.0,0.0,0.0,0.0,0.0,
495177,COMMUNITY MEMORIAL HOSPITAL HUNDLEY CENTER,SOUTH HILL,VA,Mecklenburg,117,2021Q4,20211223,82,8.0,8.0,0.0,59.5,59.5,0.0,31.75,9.25,22.5,0.0,0.0,0.0,96.0,82.0,14.0,174.0,100.75,73.25,0.0,0.0,0.0,0.0,0.0,0.0,
495177,COMMUNITY MEMORIAL HOSPITAL HUNDLEY CENTER,SOUTH HILL,VA,Mecklenburg,117,2021Q4,20211224,83,8.0,8.0,0.0,30.5,30.5,0.0,11.75,0.0,11.75,0.0,0.0,0.0,66.75,40.0,26.75,137.25,105.5,31.75,0.0,0.0,0.0,0.0,0.0,0.0,
495177,COMMUNITY MEMORIAL HOSPITAL HUNDLEY CENTER,SOUTH HILL,VA,Mecklenburg,117,2021Q4,20211225,83,0.0,0.0,0.0,8.5,8.5,0.0,0.0,0.0,0.0,0.0,0.0,0.0,99.5,66.0,33.5,141.0,91.5,49.5,0.0,0.0,0.0,0.0,0.0,0.0,
495177,COMMUNITY MEMORIAL HOSPITAL HUNDLEY CENTER,SOUTH HILL,VA,Mecklenburg,117,2021Q4,20211226,83,0.0,0.0,0.0,0.0,0.0,0.0,22.75,13.25,9.5,0.0,0.0,0.0,96.5,61.75,34.75,141.25,91.5,49.75,0.0,0.0,0.0,0.0,0.0,0.0,
495177,COMMUNITY MEMORIAL HOSPITAL HUNDLEY CENTER,SOUTH HILL,VA,Mecklenburg,117,2021Q4,20211227,83,0.0,0.0,0.0,55.75,55.75,0.0,64.5,35.25,29.25,0.0,0.0,0.0,92.25,56.25,36.0,189.25,136.5,52.75,0.0,0.0,0.0,0.0,0.0,0.0,
495177,COMMUNITY MEMORIAL HOSPITAL HUNDLEY CENTER,SOUTH HILL,VA,Mecklenburg,117,2021Q4,20211228,82,0.0,0.0,0.0,47.5,47.5,0.0,49.5,28.75,20.75,0.0,0.0,0.0,112.0,67.25,44.75,157.75,103.75,54.0,0.0,0.0,0.0,0.0,0.0,0.0,
495177,COMMUNITY MEMORIAL HOSPITAL HUNDLEY CENTER,SOUTH HILL,VA,Mecklenburg,117,2021Q4,20211229,83,0.0,0.0,0.0,57.5,57.5,0.0,35.0,11.5,23.5,0.0,0.0,0.0,104.75,83.0,21.75,154.75,118.5,36.25,0.0,0.0,0.0,0.0,0.0,0.0,
495177,COMMUNITY MEMORIAL HOSPITAL HUNDLEY CENTER,SOUTH HILL,VA,Mecklenburg,117,2021Q4,20211230,83,0.0,0.0,0.0,55.25,55.25,0.0,40.0,17.5,22.5,0.0,0.0,0.0,111.5,76.5,35.0,174.0,129.0,45.0,0.0,0.0,0.0,0.0,0.0,0.0,
495177,COMMUNITY MEMORIAL HOSPITAL HUNDLEY CENTER,SOUTH HILL,VA,Mecklenburg,117,2021Q4,20211231,82,0.0,0.0,0.0,39.0,39.0,0.0,39.25,21.0,18.25,0.0,0.0,0.0,95.25,62.0,33.25,136.5,98.5,38.0,0.0,0.0,0.0,0.0,0.0,0.0,
495177,COMMUNITY MEMORIAL HOSPITAL HUNDLEY CENTER,SOUTH HILL,VA,Mecklenburg,117,2022Q1,20220101,82,0.0,0.0,0.0,25.75,25.75,0.0,8.5,0.0,8.5,0.0,0.0,0.0,51.0,38.75,12.25,165.25,108.0,57.25,0.0,0.0,0.0,0.0,0.0,0.0,
495177,COMMUNITY MEMORIAL HOSPITAL HUNDLEY CENTER,SOUTH HILL,VA,Mecklenburg,117,2022Q1,20220102,82,0.0,0.0,0.0,9.0,9.0,0.0,53.25,13.25,40.0,0.0,0.0,0.0,60.5,48.5,12.0,125.75,95.25,30.5,0.0,0.0,0.0,0.0,0.0,0.0,
495177,COMMUNITY MEMORIAL HOSPITAL HUNDLEY CENTER,SOUTH HILL,VA,Mecklenburg,117,2022Q1,20220103,82,0.0,0.0,0.0,52.5,52.5,0.0,67.25,21.0,46.25,0.0,0.0,0.0,76.5,67.25,9.25,115.75,103.75,12.0,0.0,0.0,0.0,0.0,0.0,0.0,
495177,COMMUNITY MEMORIAL HOSPITAL HUNDLEY CENTER,SOUTH HILL,VA,Mecklenburg,117,2022Q1,20220104,82,0.0,0.0,0.0,58.5,58.5,0.0,55.75,32.5,23.25,0.0,0.0,0.0,76.75,52.0,24.75,154.75,142.75,12.0,0.0,0.0,0.0,0.0,0.0,0.0,
495177,COMMUNITY MEMORIAL HOSPITAL HUNDLEY CENTER,SOUTH HILL,VA,Mecklenburg,117,2022Q1,20220105,81,0.0,0.0,0.0,64.75,64.75,0.0,54.0,16.25,37.75,0.0,0.0,0.0,72.25,63.25,9.0,139.0,115.0,24.0,0.0,0.0,0.0,0.0,0.0,0.0,
495177,COMMUNITY MEMORIAL HOSPITAL HUNDLEY CENTER,SOUTH HILL,VA,Mecklenburg,117,2022Q1,20220106,81,0.0,0.0,0.0,56.25,56.25,0.0,48.0,17.5,30.5,0.0,0.0,0.0,102.75,93.25,9.5,146.0,100.5,45.5,0.0,0.0,0.0,0.0,0.0,0.0,
495177,COMMUNITY MEMORIAL HOSPITAL HUNDLEY CENTER,SOUTH HILL,VA,Mecklenburg,117,2022Q1,20220107,80,0.0,0.0,0.0,53.0,53.0,0.0,25.75,4.0,21.75,0.0,0.0,0.0,85.0,55.25,29.75,152.25,108.0,44.25,0.0,0.0,0.0,0.0,0.0,0.0,
495177,COMMUNITY MEMORIAL HOSPITAL HUNDLEY CENTER,SOUTH HILL,VA,Mecklenburg,117,2022Q1,20220108,80,0.0,0.0,0.0,0.0,0.0,0.0,30.25,17.25,13.0,0.0,0.0,0.0,83.25,61.75,21.5,116.75,92.5,24.25,0.0,0.0,0.0,0.0,0.0,0.0,
495177,COMMUNITY MEMORIAL HOSPITAL HUNDLEY CENTER,SOUTH HILL,VA,Mecklenburg,117,2022Q1,20220109,80,0.0,0.0,0.0,4.5,4.5,0.0,44.5,21.25,23.25,0.0,0.0,0.0,69.5,57.25,12.25,108.75,83.75,25.0,0.0,0.0,0.0,0.0,0.0,0.0,
495177,COMMUNITY MEMORIAL HOSPITAL HUNDLEY CENTER,SOUTH HILL,VA,Mecklenburg,117,2022Q1,20220110,80,0.0,0.0,0.0,35.25,35.25,0.0,45.5,13.25,32.25,0.0,0.0,0.0,86.75,77.5,9.25,159.75,119.75,40.0,0.0,0.0,0.0,0.0,0.0,0.0,
495177,COMMUNITY MEMORIAL HOSPITAL HUNDLEY CENTER,SOUTH HILL,VA,Mecklenburg,117,2022Q1,20220111,80,0.0,0.0,0.0,39.0,39.0,0.0,53.5,26.25,27.25,0.0,0.0,0.0,75.25,66.0,9.25,175.25,135.75,39.5,0.0,0.0,0.0,0.0,0.0,0.0,
495177,COMMUNITY MEMORIAL HOSPITAL HUNDLEY CENTER,SOUTH HILL,VA,Mecklenburg,117,2022Q1,20220112,80,0.0,0.0,0.0,42.75,42.75,0.0,29.25,13.5,15.75,0.0,0.0,0.0,95.75,74.75,21.0,177.75,124.25,53.5,0.0,0.0,0.0,0.0,0.0,0.0,
495177,COMMUNITY MEMORIAL HOSPITAL HUNDLEY CENTER,SOUTH HILL,VA,Mecklenburg,117,2022Q1,20220113,80,0.0,0.0,0.0,24.75,24.75,0.0,36.75,16.0,20.75,0.0,0.0,0.0,100.5,78.75,21.75,159.0,113.75,45.25,0.0,0.0,0.0,0.0,0.0,0.0,
495177,COMMUNITY MEMORIAL HOSPITAL HUNDLEY CENTER,SOUTH HILL,VA,Mecklenburg,117,2022Q1,20220114,78,0.0,0.0,0.0,24.25,24.25,0.0,25.5,2.75,22.75,0.0,0.0,0.0,88.25,66.25,22.0,116.75,92.75,24.0,0.0,0.0,0.0,0.0,0.0,0.0,
495177,COMMUNITY MEMORIAL HOSPITAL HUNDLEY CENTER,SOUTH HILL,VA,Mecklenburg,117,2022Q1,20220115,77,0.0,0.0,0.0,4.5,4.5,0.0,18.75,0.0,18.75,0.0,0.0,0.0,66.5,42.5,24.0,162.0,117.5,44.5,0.0,0.0,0.0,0.0,0.0,0.0,
495177,COMMUNITY MEMORIAL HOSPITAL HUNDLEY CENTER,SOUTH HILL,VA,Mecklenburg,117,2022Q1,20220116,77,0.0,0.0,0.0,4.0,4.0,0.0,13.75,0.0,13.75,0.0,0.0,0.0,53.75,41.5,12.25,112.5,89.0,23.5,0.0,0.0,0.0,0.0,0.0,0.0,
495177,COMMUNITY MEMORIAL HOSPITAL HUNDLEY CENTER,SOUTH HILL,VA,Mecklenburg,117,2022Q1,20220117,77,0.0,0.0,0.0,36.5,36.5,0.0,25.5,12.5,13.0,0.0,0.0,0.0,85.5,64.25,21.25,137.25,114.25,23.0,0.0,0.0,0.0,0.0,0.0,0.0,
495177,COMMUNITY MEMORIAL HOSPITAL HUNDLEY CENTER,SOUTH HILL,VA,Mecklenburg,117,2022Q1,20220118,78,0.0,0.0,0.0,56.5,56.5,0.0,21.5,13.25,8.25,0.0,0.0,0.0,112.5,79.5,33.0,182.0,153.0,29.0,0.0,0.0,0.0,0.0,0.0,0.0,
495177,COMMUNITY MEMORIAL HOSPITAL HUNDLEY CENTER,SOUTH HILL,VA,Mecklenburg,117,2022Q1,20220119,78,0.0,0.0,0.0,53.0,53.0,0.0,16.25,8.25,8.0,0.0,0.0,0.0,98.75,64.0,34.75,165.0,109.75,55.25,0.0,0.0,0.0,0.0,0.0,0.0,
495177,COMMUNITY MEMORIAL HOSPITAL HUNDLEY CENTER,SOUTH HILL,VA,Mecklenburg,117,2022Q1,20220120,78,0.0,0.0,0.0,53.25,53.25,0.0,29.0,8.25,20.75,0.0,0.0,0.0,93.0,71.25,21.75,145.5,102.0,43.5,0.0,0.0,0.0,0.0,0.0,0.0,
495177,COMMUNITY MEMORIAL HOSPITAL HUNDLEY CENTER,SOUTH HILL,VA,Mecklenburg,117,2022Q1,20220121,79,0.0,0.0,0.0,55.0,55.0,0.0,17.0,4.0,13.0,0.0,0.0,0.0,82.75,52.5,30.25,129.75,83.25,46.5,0.0,0.0,0.0,0.0,0.0,0.0,
495177,COMMUNITY MEMORIAL HOSPITAL HUNDLEY CENTER,SOUTH HILL,VA,Mecklenburg,117,2022Q1,20220122,78,0.0,0.0,0.0,10.75,10.75,0.0,30.75,8.5,22.25,0.0,0.0,0.0,76.75,51.75,25.0,169.75,145.25,24.5,0.0,0.0,0.0,0.0,0.0,0.0,
495177,COMMUNITY MEMORIAL HOSPITAL HUNDLEY CENTER,SOUTH HILL,VA,Mecklenburg,117,2022Q1,20220123,78,0.0,0.0,0.0,12.0,12.0,0.0,32.0,22.0,10.0,0.0,0.0,0.0,77.75,50.5,27.25,172.75,125.0,47.75,0.0,0.0,0.0,0.0,0.0,0.0,
495177,COMMUNITY MEMORIAL HOSPITAL HUNDLEY CENTER,SOUTH HILL,VA,Mecklenburg,117,2022Q1,20220124,78,0.0,0.0,0.0,63.25,63.25,0.0,31.0,20.25,10.75,0.0,0.0,0.0,69.0,59.0,10.0,133.0,99.25,33.75,0.0,0.0,0.0,0.0,0.0,0.0,
495177,COMMUNITY MEMORIAL HOSPITAL HUNDLEY CENTER,SOUTH HILL,VA,Mecklenburg,117,2022Q1,20220125,78,0.0,0.0,0.0,49.5,49.5,0.0,63.75,38.75,25.0,0.0,0.0,0.0,76.25,54.25,22.0,170.5,112.5,58.0,0.0,0.0,0.0,0.0,0.0,0.0,
495177,COMMUNITY MEMORIAL HOSPITAL HUNDLEY CENTER,SOUTH HILL,VA,Mecklenburg,117,2022Q1,20220126,79,0.0,0.0,0.0,61.5,61.5,0.0,35.5,8.0,27.5,0.0,0.0,0.0,92.25,59.0,33.25,154.25,133.0,21.25,0.0,0.0,0.0,0.0,0.0,0.0,
495177,COMMUNITY MEMORIAL HOSPITAL HUNDLEY CENTER,SOUTH HILL,VA,Mecklenburg,117,2022Q1,20220127,78,0.0,0.0,0.0,49.25,49.25,0.0,43.5,18.25,25.25,0.0,0.0,0.0,106.75,82.75,24.0,161.25,149.75,11.5,0.0,0.0,0.0,0.0,0.0,0.0,
495177,COMMUNITY MEMORIAL HOSPITAL HUNDLEY CENTER,SOUTH HILL,VA,Mecklenburg,117,2022Q1,20220128,76,0.0,0.0,0.0,55.5,55.5,0.0,50.25,8.75,41.5,0.0,0.0,0.0,63.5,51.5,12.0,166.0,138.0,28.0,0.0,0.0,0.0,0.0,0.0,0.0,
495177,COMMUNITY MEMORIAL HOSPITAL HUNDLEY CENTER,SOUTH HILL,VA,Mecklenburg,117,2022Q1,20220129,76,0.0,0.0,0.0,16.25,16.25,0.0,26.25,0.0,26.25,0.0,0.0,0.0,56.5,47.75,8.75,163.75,127.0,36.75,0.0,0.0,0.0,0.0,0.0,0.0,
495177,COMMUNITY MEMORIAL HOSPITAL HUNDLEY CENTER,SOUTH HILL,VA,Mecklenburg,117,2022Q1,20220130,76,0.0,0.0,0.0,13.25,13.25,0.0,25.25,12.75,12.5,0.0,0.0,0.0,65.0,56.5,8.5,128.25,91.5,36.75,0.0,0.0,0.0,0.0,0.0,0.0,
495177,COMMUNITY MEMORIAL HOSPITAL HUNDLEY CENTER,SOUTH HILL,VA,Mecklenburg,117,2022Q1,20220131,76,0.0,0.0,0.0,58.0,58.0,0.0,21.5,12.5,9.0,0.0,0.0,0.0,88.25,63.75,24.5,143.5,99.25,44.25,0.0,0.0,0.0,0.0,0.0,0.0,
495177,COMMUNITY MEMORIAL HOSPITAL HUNDLEY CENTER,SOUTH HILL,VA,Mecklenburg,117,2022Q1,20220201,76,0.0,0.0,0.0,54.5,54.5,0.0,58.5,39.0,19.5,0.0,0.0,0.0,102.0,71.75,30.25,146.75,146.75,0.0,0.0,0.0,0.0,0.0,0.0,0.0,
495177,COMMUNITY MEMORIAL HOSPITAL HUNDLEY CENTER,SOUTH HILL,VA,Mecklenburg,117,2022Q1,20220202,76,0.0,0.0,0.0,64.5,64.5,0.0,43.5,21.75,21.75,0.0,0.0,0.0,105.75,85.0,20.75,135.5,123.5,12.0,0.0,0.0,0.0,0.0,0.0,0.0,
495177,COMMUNITY MEMORIAL HOSPITAL HUNDLEY CENTER,SOUTH HILL,VA,Mecklenburg,117,2022Q1,20220203,76,0.0,0.0,0.0,57.25,57.25,0.0,53.75,18.25,35.5,0.0,0.0,0.0,92.0,82.0,10.0,134.0,109.25,24.75,0.0,0.0,0.0,0.0,0.0,0.0,
495177,COMMUNITY MEMORIAL HOSPITAL HUNDLEY CENTER,SOUTH HILL,VA,Mecklenburg,117,2022Q1,20220204,77,0.0,0.0,0.0,51.0,51.0,0.0,41.75,14.0,27.75,0.0,0.0,0.0,86.0,52.5,33.5,131.0,106.5,24.5,0.0,0.0,0.0,0.0,0.0,0.0,
495177,COMMUNITY MEMORIAL HOSPITAL HUNDLEY CENTER,SOUTH HILL,VA,Mecklenburg,117,2022Q1,20220205,77,0.0,0.0,0.0,0.0,0.0,0.0,29.25,8.5,20.75,0.0,0.0,0.0,93.5,56.75,36.75,149.75,114.0,35.75,0.0,0.0,0.0,0.0,0.0,0.0,
495177,COMMUNITY MEMORIAL HOSPITAL HUNDLEY CENTER,SOUTH HILL,VA,Mecklenburg,117,2022Q1,20220206,77,0.0,0.0,0.0,0.0,0.0,0.0,35.0,21.5,13.5,0.0,0.0,0.0,91.75,55.0,36.75,140.25,103.25,37.0,0.0,0.0,0.0,0.0,0.0,0.0,
495177,COMMUNITY MEMORIAL HOSPITAL HUNDLEY CENTER,SOUTH HILL,VA,Mecklenburg,117,2022Q1,20220207,78,0.0,0.0,0.0,64.25,64.25,0.0,36.75,24.75,12.0,0.0,0.0,0.0,70.25,70.25,0.0,143.5,106.75,36.75,0.0,0.0,0.0,0.0,0.0,0.0,
495177,COMMUNITY MEMORIAL HOSPITAL HUNDLEY CENTER,SOUTH HILL,VA,Mecklenburg,117,2022Q1,20220208,79,0.0,0.0,0.0,68.0,68.0,0.0,81.75,52.0,29.75,0.0,0.0,0.0,73.5,52.5,21.0,166.75,122.75,44.0,0.0,0.0,0.0,0.0,0.0,0.0,
495177,COMMUNITY MEMORIAL HOSPITAL HUNDLEY CENTER,SOUTH HILL,VA,Mecklenburg,117,2022Q1,20220209,80,0.0,0.0,0.0,52.75,52.75,0.0,35.75,22.25,13.5,0.0,0.0,0.0,99.5,78.25,21.25,140.75,128.75,12.0,0.0,0.0,0.0,0.0,0.0,0.0,
495177,COMMUNITY MEMORIAL HOSPITAL HUNDLEY CENTER,SOUTH HILL,VA,Mecklenburg,117,2022Q1,20220210,80,0.0,0.0,0.0,64.25,64.25,0.0,44.0,17.75,26.25,0.0,0.0,0.0,86.25,74.0,12.25,168.75,108.25,60.5,0.0,0.0,0.0,0.0,0.0,0.0,
495177,COMMUNITY MEMORIAL HOSPITAL HUNDLEY CENTER,SOUTH HILL,VA,Mecklenburg,117,2022Q1,20220211,80,0.0,0.0,0.0,59.75,59.75,0.0,40.25,5.25,35.0,0.0,0.0,0.0,74.5,51.0,23.5,126.25,90.0,36.25,0.0,0.0,0.0,0.0,0.0,0.0,
495177,COMMUNITY MEMORIAL HOSPITAL HUNDLEY CENTER,SOUTH HILL,VA,Mecklenburg,117,2022Q1,20220212,79,0.0,0.0,0.0,4.25,4.25,0.0,40.0,12.0,28.0,0.0,0.0,0.0,60.5,48.0,12.5,159.75,123.0,36.75,0.0,0.0,0.0,0.0,0.0,0.0,
495177,COMMUNITY MEMORIAL HOSPITAL HUNDLEY CENTER,SOUTH HILL,VA,Mecklenburg,117,2022Q1,20220213,79,0.0,0.0,0.0,15.25,15.25,0.0,40.25,26.25,14.0,0.0,0.0,0.0,49.75,49.75,0.0,132.0,94.75,37.25,0.0,0.0,0.0,0.0,0.0,0.0,
495177,COMMUNITY MEMORIAL HOSPITAL HUNDLEY CENTER,SOUTH HILL,VA,Mecklenburg,117,2022Q1,20220214,80,0.0,0.0,0.0,58.75,58.75,0.0,31.75,22.25,9.5,0.0,0.0,0.0,65.5,53.0,12.5,121.0,109.0,12.0,0.0,0.0,0.0,0.0,0.0,0.0,
495177,COMMUNITY MEMORIAL HOSPITAL HUNDLEY CENTER,SOUTH HILL,VA,Mecklenburg,117,2022Q1,20220215,80,0.0,0.0,0.0,55.0,55.0,0.0,61.25,39.25,22.0,0.0,0.0,0.0,94.0,59.75,34.25,177.75,142.5,35.25,0.0,0.0,0.0,0.0,0.0,0.0,
495177,COMMUNITY MEMORIAL HOSPITAL HUNDLEY CENTER,SOUTH HILL,VA,Mecklenburg,117,2022Q1,20220216,80,0.0,0.0,0.0,55.5,55.5,0.0,54.5,33.0,21.5,0.0,0.0,0.0,97.25,63.5,33.75,167.5,155.5,12.0,0.0,0.0,0.0,0.0,0.0,0.0,
495177,COMMUNITY MEMORIAL HOSPITAL HUNDLEY CENTER,SOUTH HILL,VA,Mecklenburg,117,2022Q1,20220217,79,0.0,0.0,0.0,54.0,54.0,0.0,66.0,30.25,35.75,0.0,0.0,0.0,84.75,74.25,10.5,159.75,99.0,60.75,0.0,0.0,0.0,0.0,0.0,0.0,
495177,COMMUNITY MEMORIAL HOSPITAL HUNDLEY CENTER,SOUTH HILL,VA,Mecklenburg,117,2022Q1,20220218,78,0.0,0.0,0.0,45.0,45.0,0.0,33.0,5.5,27.5,0.0,0.0,0.0,70.0,47.75,22.25,160.75,135.75,25.0,0.0,0.0,0.0,0.0,0.0,0.0,
495177,COMMUNITY MEMORIAL HOSPITAL HUNDLEY CENTER,SOUTH HILL,VA,Mecklenburg,117,2022Q1,20220219,77,0.0,0.0,0.0,0.0,0.0,0.0,32.5,8.5,24.0,0.0,0.0,0.0,96.5,44.0,52.5,143.25,104.75,38.5,0.0,0.0,0.0,0.0,0.0,0.0,
495177,COMMUNITY MEMORIAL HOSPITAL HUNDLEY CENTER,SOUTH HILL,VA,Mecklenburg,117,2022Q1,20220220,77,0.0,0.0,0.0,0.0,0.0,0.0,31.75,21.75,10.0,0.0,0.0,0.0,94.25,51.5,42.75,144.75,95.5,49.25,0.0,0.0,0.0,0.0,0.0,0.0,
495177,COMMUNITY MEMORIAL HOSPITAL HUNDLEY CENTER,SOUTH HILL,VA,Mecklenburg,117,2022Q1,20220221,77,0.0,0.0,0.0,56.25,56.25,0.0,39.75,27.0,12.75,0.0,0.0,0.0,78.5,60.25,18.25,169.25,134.75,34.5,0.0,0.0,0.0,0.0,0.0,0.0,
495177,COMMUNITY MEMORIAL HOSPITAL HUNDLEY CENTER,SOUTH HILL,VA,Mecklenburg,117,2022Q1,20220222,78,0.0,0.0,0.0,49.5,49.5,0.0,65.25,43.25,22.0,0.0,0.0,0.0,73.75,43.75,30.0,175.75,139.25,36.5,0.0,0.0,0.0,0.0,0.0,0.0,
495177,COMMUNITY MEMORIAL HOSPITAL HUNDLEY CENTER,SOUTH HILL,VA,Mecklenburg,117,2022Q1,20220223,77,0.0,0.0,0.0,41.5,41.5,0.0,24.75,0.25,24.5,0.0,0.0,0.0,79.5,54.5,25.0,143.5,132.0,11.5,0.0,0.0,0.0,0.0,0.0,0.0,
495177,COMMUNITY MEMORIAL HOSPITAL HUNDLEY CENTER,SOUTH HILL,VA,Mecklenburg,117,2022Q1,20220224,80,0.0,0.0,0.0,33.5,33.5,0.0,41.75,17.5,24.25,0.0,0.0,0.0,85.0,63.25,21.75,192.75,139.0,53.75,0.0,0.0,0.0,0.0,0.0,0.0,
495177,COMMUNITY MEMORIAL HOSPITAL HUNDLEY CENTER,SOUTH HILL,VA,Mecklenburg,117,2022Q1,20220225,79,0.0,0.0,0.0,52.0,40.5,11.5,43.25,4.0,39.25,0.0,0.0,0.0,87.25,41.75,45.5,156.5,121.25,35.25,0.0,0.0,0.0,0.0,0.0,0.0,
495177,COMMUNITY MEMORIAL HOSPITAL HUNDLEY CENTER,SOUTH HILL,VA,Mecklenburg,117,2022Q1,20220226,78,0.0,0.0,0.0,0.0,0.0,0.0,39.25,14.0,25.25,0.0,0.0,0.0,67.75,24.75,43.0,179.5,131.0,48.5,0.0,0.0,0.0,0.0,0.0,0.0,
495177,COMMUNITY MEMORIAL HOSPITAL HUNDLEY CENTER,SOUTH HILL,VA,Mecklenburg,117,2022Q1,20220227,78,0.0,0.0,0.0,15.5,4.0,11.5,26.5,13.75,12.75,0.0,0.0,0.0,56.75,35.25,21.5,127.25,115.0,12.25,0.0,0.0,0.0,0.0,0.0,0.0,
495177,COMMUNITY MEMORIAL HOSPITAL HUNDLEY CENTER,SOUTH HILL,VA,Mecklenburg,117,2022Q1,20220228,80,0.0,0.0,0.0,56.25,56.25,0.0,49.0,22.5,26.5,0.0,0.0,0.0,43.5,30.75,12.75,171.25,110.75,60.5,0.0,0.0,0.0,0.0,0.0,0.0,
495177,COMMUNITY MEMORIAL HOSPITAL HUNDLEY CENTER,SOUTH HILL,VA,Mecklenburg,117,2022Q1,20220301,80,0.0,0.0,0.0,60.75,60.75,0.0,42.75,34.5,8.25,0.0,0.0,0.0,97.25,50.75,46.5,154.5,142.75,11.75,0.0,0.0,0.0,0.0,0.0,0.0,
495177,COMMUNITY MEMORIAL HOSPITAL HUNDLEY CENTER,SOUTH HILL,VA,Mecklenburg,117,2022Q1,20220302,79,0.0,0.0,0.0,62.5,62.5,0.0,41.25,20.75,20.5,0.0,0.0,0.0,95.5,60.0,35.5,164.25,116.0,48.25,0.0,0.0,0.0,0.0,0.0,0.0,
495177,COMMUNITY MEMORIAL HOSPITAL HUNDLEY CENTER,SOUTH HILL,VA,Mecklenburg,117,2022Q1,20220303,78,0.0,0.0,0.0,51.75,51.75,0.0,53.5,31.0,22.5,0.0,0.0,0.0,114.5,92.25,22.25,153.5,85.25,68.25,0.0,0.0,0.0,0.0,0.0,0.0,
495177,COMMUNITY MEMORIAL HOSPITAL HUNDLEY CENTER,SOUTH HILL,VA,Mecklenburg,117,2022Q1,20220304,79,0.0,0.0,0.0,61.0,49.0,12.0,10.75,0.0,10.75,0.0,0.0,0.0,82.0,56.25,25.75,129.5,113.5,16.0,0.0,0.0,0.0,0.0,0.0,0.0,
495177,COMMUNITY MEMORIAL HOSPITAL HUNDLEY CENTER,SOUTH HILL,VA,Mecklenburg,117,2022Q1,20220305,77,0.0,0.0,0.0,12.75,0.0,12.75,17.0,8.25,8.75,0.0,0.0,0.0,88.25,35.25,53.0,159.5,121.5,38.0,0.0,0.0,0.0,0.0,0.0,0.0,
495177,COMMUNITY MEMORIAL HOSPITAL HUNDLEY CENTER,SOUTH HILL,VA,Mecklenburg,117,2022Q1,20220306,77,0.0,0.0,0.0,12.25,0.0,12.25,18.5,8.5,10.0,0.0,0.0,0.0,84.75,46.0,38.75,161.0,119.75,41.25,0.0,0.0,0.0,0.0,0.0,0.0,
495177,COMMUNITY MEMORIAL HOSPITAL HUNDLEY CENTER,SOUTH HILL,VA,Mecklenburg,117,2022Q1,20220307,79,0.0,0.0,0.0,52.25,52.25,0.0,35.75,13.0,22.75,0.0,0.0,0.0,85.5,69.5,16.0,149.25,117.75,31.5,0.0,0.0,0.0,0.0,0.0,0.0,
495177,COMMUNITY MEMORIAL HOSPITAL HUNDLEY CENTER,SOUTH HILL,VA,Mecklenburg,117,2022Q1,20220308,79,0.0,0.0,0.0,57.5,57.5,0.0,39.5,39.5,0.0,0.0,0.0,0.0,102.75,67.0,35.75,179.5,146.5,33.0,0.0,0.0,0.0,0.0,0.0,0.0,
495177,COMMUNITY MEMORIAL HOSPITAL HUNDLEY CENTER,SOUTH HILL,VA,Mecklenburg,117,2022Q1,20220309,77,0.0,0.0,0.0,56.25,56.25,0.0,34.25,8.75,25.5,0.0,0.0,0.0,79.75,56.5,23.25,140.75,128.25,12.5,0.0,0.0,0.0,0.0,0.0,0.0,
495177,COMMUNITY MEMORIAL HOSPITAL HUNDLEY CENTER,SOUTH HILL,VA,Mecklenburg,117,2022Q1,20220310,77,0.0,0.0,0.0,47.75,47.75,0.0,34.25,17.75,16.5,0.0,0.0,0.0,104.25,74.0,30.25,157.5,111.5,46.0,0.0,0.0,0.0,0.0,0.0,0.0,
495177,COMMUNITY MEMORIAL HOSPITAL HUNDLEY CENTER,SOUTH HILL,VA,Mecklenburg,117,2022Q1,20220311,76,0.0,0.0,0.0,63.5,51.0,12.5,27.75,8.5,19.25,0.0,0.0,0.0,103.75,51.25,52.5,106.0,86.25,19.75,0.0,0.0,0.0,0.0,0.0,0.0,
495177,COMMUNITY MEMORIAL HOSPITAL HUNDLEY CENTER,SOUTH HILL,VA,Mecklenburg,117,2022Q1,20220312,76,0.0,0.0,0.0,12.0,0.0,12.0,24.75,12.25,12.5,0.0,0.0,0.0,78.0,57.25,20.75,113.25,88.5,24.75,0.0,0.0,0.0,0.0,0.0,0.0,
495177,COMMUNITY MEMORIAL HOSPITAL HUNDLEY CENTER,SOUTH HILL,VA,Mecklenburg,117,2022Q1,20220313,76,0.0,0.0,0.0,12.0,0.0,12.0,21.25,5.25,16.0,0.0,0.0,0.0,82.75,60.75,22.0,132.0,107.5,24.5,0.0,0.0,0.0,0.0,0.0,0.0,
495177,COMMUNITY MEMORIAL HOSPITAL HUNDLEY CENTER,SOUTH HILL,VA,Mecklenburg,117,2022Q1,20220314,77,0.0,0.0,0.0,62.25,62.25,0.0,30.75,8.25,22.5,0.0,0.0,0.0,70.5,40.5,30.0,126.75,82.5,44.25,0.0,0.0,0.0,0.0,0.0,0.0,
495177,COMMUNITY MEMORIAL HOSPITAL HUNDLEY CENTER,SOUTH HILL,VA,Mecklenburg,117,2022Q1,20220315,77,0.0,0.0,0.0,61.25,61.25,0.0,34.25,25.25,9.0,0.0,0.0,0.0,117.5,63.75,53.75,177.5,134.0,43.5,0.0,0.0,0.0,0.0,0.0,0.0,
495177,COMMUNITY MEMORIAL HOSPITAL HUNDLEY CENTER,SOUTH HILL,VA,Mecklenburg,117,2022Q1,20220316,77,0.0,0.0,0.0,64.0,64.0,0.0,43.5,24.25,19.25,0.0,0.0,0.0,84.75,56.0,28.75,165.75,134.25,31.5,0.0,0.0,0.0,0.0,0.0,0.0,
495177,COMMUNITY MEMORIAL HOSPITAL HUNDLEY CENTER,SOUTH HILL,VA,Mecklenburg,117,2022Q1,20220317,79,0.0,0.0,0.0,60.5,60.5,0.0,37.0,17.75,19.25,0.0,0.0,0.0,120.0,76.5,43.5,171.0,146.0,25.0,0.0,0.0,0.0,0.0,0.0,0.0,
495177,COMMUNITY MEMORIAL HOSPITAL HUNDLEY CENTER,SOUTH HILL,VA,Mecklenburg,117,2022Q1,20220318,80,0.0,0.0,0.0,74.0,58.75,15.25,0.0,0.0,0.0,0.0,0.0,0.0,108.75,77.75,31.0,122.5,110.0,12.5,0.0,0.0,0.0,0.0,0.0,0.0,
495177,COMMUNITY MEMORIAL HOSPITAL HUNDLEY CENTER,SOUTH HILL,VA,Mecklenburg,117,2022Q1,20220319,80,0.0,0.0,0.0,12.25,0.0,12.25,17.5,9.0,8.5,0.0,0.0,0.0,94.25,33.75,60.5,168.75,132.75,36.0,0.0,0.0,0.0,0.0,0.0,0.0,
495177,COMMUNITY MEMORIAL HOSPITAL HUNDLEY CENTER,SOUTH HILL,VA,Mecklenburg,117,2022Q1,20220320,80,0.0,0.0,0.0,12.5,0.0,12.5,18.5,8.25,10.25,0.0,0.0,0.0,69.25,25.25,44.0,143.75,107.75,36.0,0.0,0.0,0.0,0.0,0.0,0.0,
495177,COMMUNITY MEMORIAL HOSPITAL HUNDLEY CENTER,SOUTH HILL,VA,Mecklenburg,117,2022Q1,20220321,79,0.0,0.0,0.0,68.75,60.75,8.0,0.0,0.0,0.0,0.0,0.0,0.0,74.5,56.0,18.5,142.0,117.5,24.5,0.0,0.0,0.0,0.0,0.0,0.0,
495177,COMMUNITY MEMORIAL HOSPITAL HUNDLEY CENTER,SOUTH HILL,VA,Mecklenburg,117,2022Q1,20220322,79,0.0,0.0,0.0,59.75,59.75,0.0,31.25,21.25,10.0,0.0,0.0,0.0,85.75,77.25,8.5,190.0,154.5,35.5,0.0,0.0,0.0,0.0,0.0,0.0,
495177,COMMUNITY MEMORIAL HOSPITAL HUNDLEY CENTER,SOUTH HILL,VA,Mecklenburg,117,2022Q1,20220323,79,0.0,0.0,0.0,63.75,63.75,0.0,32.25,11.75,20.5,0.0,0.0,0.0,81.75,61.0,20.75,140.25,107.25,33.0,0.0,0.0,0.0,0.0,0.0,0.0,
495177,COMMUNITY MEMORIAL HOSPITAL HUNDLEY CENTER,SOUTH HILL,VA,Mecklenburg,117,2022Q1,20220324,80,0.0,0.0,0.0,62.75,62.75,0.0,41.0,18.0,23.0,0.0,0.0,0.0,87.75,62.25,25.5,165.25,129.5,35.75,0.0,0.0,0.0,0.0,0.0,0.0,
495177,COMMUNITY MEMORIAL HOSPITAL HUNDLEY CENTER,SOUTH HILL,VA,Mecklenburg,117,2022Q1,20220325,79,0.0,0.0,0.0,72.5,60.25,12.25,28.75,8.25,20.5,0.0,0.0,0.0,77.0,25.75,51.25,159.0,123.5,35.5,0.0,0.0,0.0,0.0,0.0,0.0,
495177,COMMUNITY MEMORIAL HOSPITAL HUNDLEY CENTER,SOUTH HILL,VA,Mecklenburg,117,2022Q1,20220326,79,0.0,0.0,0.0,12.0,0.0,12.0,10.75,0.0,10.75,0.0,0.0,0.0,100.75,63.25,37.5,173.75,120.25,53.5,0.0,0.0,0.0,0.0,0.0,0.0,
495177,COMMUNITY MEMORIAL HOSPITAL HUNDLEY CENTER,SOUTH HILL,VA,Mecklenburg,117,2022Q1,20220327,79,0.0,0.0,0.0,12.0,0.0,12.0,11.25,0.0,11.25,0.0,0.0,0.0,96.5,63.5,33.0,131.5,95.25,36.25,0.0,0.0,0.0,0.0,0.0,0.0,
495177,COMMUNITY MEMORIAL HOSPITAL HUNDLEY CENTER,SOUTH HILL,VA,Mecklenburg,117,2022Q1,20220328,80,0.0,0.0,0.0,61.0,61.0,0.0,31.0,11.25,19.75,0.0,0.0,0.0,93.0,46.25,46.75,146.25,93.5,52.75,0.0,0.0,0.0,0.0,0.0,0.0,
495177,COMMUNITY MEMORIAL HOSPITAL HUNDLEY CENTER,SOUTH HILL,VA,Mecklenburg,117,2022Q1,20220329,81,0.0,0.0,0.0,57.5,57.5,0.0,33.25,24.25,9.0,0.0,0.0,0.0,107.5,53.25,54.25,150.5,129.25,21.25,0.0,0.0,0.0,0.0,0.0,0.0,
495177,COMMUNITY MEMORIAL HOSPITAL HUNDLEY CENTER,SOUTH HILL,VA,Mecklenburg,117,2022Q1,20220330,81,0.0,0.0,0.0,64.0,64.0,0.0,29.75,8.75,21.0,0.0,0.0,0.0,107.0,53.75,53.25,165.0,125.25,39.75,0.0,0.0,0.0,0.0,0.0,0.0,
495177,COMMUNITY MEMORIAL HOSPITAL HUNDLEY CENTER,SOUTH HILL,VA,Mecklenburg,117,2022Q1,20220331,80,0.0,0.0,0.0,63.5,63.5,0.0,36.5,17.5,19.0,0.0,0.0,0.0,120.0,91.5,28.5,195.75,116.25,79.5,0.0,0.0,0.0,0.0,0.0,0.0,
495177,COMMUNITY MEMORIAL HOSPITAL HUNDLEY CENTER,SOUTH HILL,VA,Mecklenburg,117,2022Q2,20220401,78,0.0,0.0,0.0,61.75,49.75,12.0,10.25,0.0,10.25,0.0,0.0,0.0,94.0,61.75,32.25,166.75,111.25,55.5,0.0,0.0,0.0,0.0,0.0,0.0,
495177,COMMUNITY MEMORIAL HOSPITAL HUNDLEY CENTER,SOUTH HILL,VA,Mecklenburg,117,2022Q2,20220402,77,0.0,0.0,0.0,12.0,0.0,12.0,17.5,9.5,8.0,0.0,0.0,0.0,107.5,33.25,74.25,179.25,119.5,59.75,0.0,0.0,0.0,0.0,0.0,0.0,
495177,COMMUNITY MEMORIAL HOSPITAL HUNDLEY CENTER,SOUTH HILL,VA,Mecklenburg,117,2022Q2,20220403,76,0.0,0.0,0.0,11.75,0.0,11.75,18.0,8.25,9.75,0.0,0.0,0.0,91.25,32.0,59.25,154.5,94.75,59.75,0.0,0.0,0.0,0.0,0.0,0.0,
495177,COMMUNITY MEMORIAL HOSPITAL HUNDLEY CENTER,SOUTH HILL,VA,Mecklenburg,117,2022Q2,20220404,77,8.0,8.0,0.0,61.25,61.25,0.0,10.0,0.0,10.0,0.0,0.0,0.0,81.25,52.75,28.5,162.5,116.75,45.75,0.0,0.0,0.0,0.0,0.0,0.0,
495177,COMMUNITY MEMORIAL HOSPITAL HUNDLEY CENTER,SOUTH HILL,VA,Mecklenburg,117,2022Q2,20220405,77,8.0,8.0,0.0,57.5,57.5,0.0,41.0,21.0,20.0,0.0,0.0,0.0,116.0,82.25,33.75,184.5,152.25,32.25,0.0,0.0,0.0,0.0,0.0,0.0,
495177,COMMUNITY MEMORIAL HOSPITAL HUNDLEY CENTER,SOUTH HILL,VA,Mecklenburg,117,2022Q2,20220406,77,8.0,8.0,0.0,60.0,60.0,0.0,35.0,8.25,26.75,0.0,0.0,0.0,113.5,73.0,40.5,166.5,141.75,24.75,0.0,0.0,0.0,0.0,0.0,0.0,
495177,COMMUNITY MEMORIAL HOSPITAL HUNDLEY CENTER,SOUTH HILL,VA,Mecklenburg,117,2022Q2,20220407,79,8.0,8.0,0.0,61.25,61.25,0.0,25.75,17.75,8.0,0.0,0.0,0.0,115.25,71.25,44.0,167.75,104.25,63.5,0.0,0.0,0.0,0.0,0.0,0.0,
495177,COMMUNITY MEMORIAL HOSPITAL HUNDLEY CENTER,SOUTH HILL,VA,Mecklenburg,117,2022Q2,20220408,79,8.0,8.0,0.0,70.0,57.25,12.75,28.25,9.0,19.25,0.0,0.0,0.0,80.75,43.25,37.5,139.5,92.0,47.5,0.0,0.0,0.0,0.0,0.0,0.0,
495177,COMMUNITY MEMORIAL HOSPITAL HUNDLEY CENTER,SOUTH HILL,VA,Mecklenburg,117,2022Q2,20220409,79,0.0,0.0,0.0,12.5,0.0,12.5,9.25,0.0,9.25,0.0,0.0,0.0,114.5,77.75,36.75,141.25,104.0,37.25,0.0,0.0,0.0,0.0,0.0,0.0,
495177,COMMUNITY MEMORIAL HOSPITAL HUNDLEY CENTER,SOUTH HILL,VA,Mecklenburg,117,2022Q2,20220410,79,0.0,0.0,0.0,12.0,0.0,12.0,9.75,0.0,9.75,0.0,0.0,0.0,109.25,59.75,49.5,116.5,85.75,30.75,0.0,0.0,0.0,0.0,0.0,0.0,
495177,COMMUNITY MEMORIAL HOSPITAL HUNDLEY CENTER,SOUTH HILL,VA,Mecklenburg,117,2022Q2,20220411,78,8.0,8.0,0.0,56.0,56.0,0.0,31.75,9.25,22.5,0.0,0.0,0.0,75.75,41.75,34.0,175.25,108.75,66.5,0.0,0.0,0.0,0.0,0.0,0.0,
495177,COMMUNITY MEMORIAL HOSPITAL HUNDLEY CENTER,SOUTH HILL,VA,Mecklenburg,117,2022Q2,20220412,79,8.0,8.0,0.0,69.0,69.0,0.0,36.25,25.75,10.5,0.0,0.0,0.0,87.25,51.0,36.25,163.0,119.75,43.25,0.0,0.0,0.0,0.0,0.0,0.0,
495177,COMMUNITY MEMORIAL HOSPITAL HUNDLEY CENTER,SOUTH HILL,VA,Mecklenburg,117,2022Q2,20220413,79,8.0,8.0,0.0,62.25,62.25,0.0,30.5,8.5,22.0,0.0,0.0,0.0,80.25,68.0,12.25,147.75,106.75,41.0,0.0,0.0,0.0,0.0,0.0,0.0,
495177,COMMUNITY MEMORIAL HOSPITAL HUNDLEY CENTER,SOUTH HILL,VA,Mecklenburg,117,2022Q2,20220414,80,8.0,8.0,0.0,62.25,62.25,0.0,43.5,19.0,24.5,0.0,0.0,0.0,79.25,66.0,13.25,180.75,114.0,66.75,0.0,0.0,0.0,0.0,0.0,0.0,
495177,COMMUNITY MEMORIAL HOSPITAL HUNDLEY CENTER,SOUTH HILL,VA,Mecklenburg,117,2022Q2,20220415,80,8.0,8.0,0.0,69.5,57.0,12.5,15.0,0.0,15.0,0.0,0.0,0.0,87.0,61.5,25.5,155.25,105.25,50.0,0.0,0.0,0.0,0.0,0.0,0.0,
495177,COMMUNITY MEMORIAL HOSPITAL HUNDLEY CENTER,SOUTH HILL,VA,Mecklenburg,117,2022Q2,20220416,78,0.0,0.0,0.0,12.25,0.0,12.25,17.25,9.0,8.25,0.0,0.0,0.0,94.0,43.5,50.5,156.5,107.5,49.0,0.0,0.0,0.0,0.0,0.0,0.0,
495177,COMMUNITY MEMORIAL HOSPITAL HUNDLEY CENTER,SOUTH HILL,VA,Mecklenburg,117,2022Q2,20220417,78,0.0,0.0,0.0,11.75,0.0,11.75,16.5,8.5,8.0,0.0,0.0,0.0,77.75,39.0,38.75,178.75,107.75,71.0,0.0,0.0,0.0,0.0,0.0,0.0,
495177,COMMUNITY MEMORIAL HOSPITAL HUNDLEY CENTER,SOUTH HILL,VA,Mecklenburg,117,2022Q2,20220418,78,8.0,8.0,0.0,63.0,63.0,0.0,9.75,0.0,9.75,0.0,0.0,0.0,124.0,70.25,53.75,134.25,78.25,56.0,0.0,0.0,0.0,0.0,0.0,0.0,
495177,COMMUNITY MEMORIAL HOSPITAL HUNDLEY CENTER,SOUTH HILL,VA,Mecklenburg,117,2022Q2,20220419,79,8.0,8.0,0.0,55.25,55.25,0.0,31.25,13.25,18.0,0.0,0.0,0.0,103.75,78.75,25.0,161.25,95.25,66.0,0.0,0.0,0.0,0.0,0.0,0.0,
495177,COMMUNITY MEMORIAL HOSPITAL HUNDLEY CENTER,SOUTH HILL,VA,Mecklenburg,117,2022Q2,20220420,80,8.0,8.0,0.0,55.75,55.75,0.0,20.5,0.0,20.5,0.0,0.0,0.0,86.0,64.75,21.25,176.0,127.75,48.25,0.0,0.0,0.0,0.0,0.0,0.0,
495177,COMMUNITY MEMORIAL HOSPITAL HUNDLEY CENTER,SOUTH HILL,VA,Mecklenburg,117,2022Q2,20220421,80,8.0,8.0,0.0,47.5,47.5,0.0,22.5,14.25,8.25,0.0,0.0,0.0,82.75,48.75,34.0,167.25,110.75,56.5,0.0,0.0,0.0,0.0,0.0,0.0,
495177,COMMUNITY MEMORIAL HOSPITAL HUNDLEY CENTER,SOUTH HILL,VA,Mecklenburg,117,2022Q2,20220422,81,8.0,8.0,0.0,48.25,36.0,12.25,27.25,9.25,18.0,0.0,0.0,0.0,60.75,38.75,22.0,162.75,74.0,88.75,0.0,0.0,0.0,0.0,0.0,0.0,
495177,COMMUNITY MEMORIAL HOSPITAL HUNDLEY CENTER,SOUTH HILL,VA,Mecklenburg,117,2022Q2,20220423,81,0.0,0.0,0.0,11.75,0.0,11.75,9.75,0.0,9.75,0.0,0.0,0.0,127.5,70.5,57.0,137.5,106.25,31.25,0.0,0.0,0.0,0.0,0.0,0.0,
495177,COMMUNITY MEMORIAL HOSPITAL HUNDLEY CENTER,SOUTH HILL,VA,Mecklenburg,117,2022Q2,20220424,81,0.0,0.0,0.0,12.5,0.0,12.5,0.0,0.0,0.0,0.0,0.0,0.0,96.75,72.5,24.25,137.25,105.0,32.25,0.0,0.0,0.0,0.0,0.0,0.0,
495177,COMMUNITY MEMORIAL HOSPITAL HUNDLEY CENTER,SOUTH HILL,VA,Mecklenburg,117,2022Q2,20220425,81,8.0,8.0,0.0,47.5,47.5,0.0,30.25,9.25,21.0,0.0,0.0,0.0,67.5,26.75,40.75,171.0,91.25,79.75,0.0,0.0,0.0,0.0,0.0,0.0,
495177,COMMUNITY MEMORIAL HOSPITAL HUNDLEY CENTER,SOUTH HILL,VA,Mecklenburg,117,2022Q2,20220426,81,8.0,8.0,0.0,43.5,43.5,0.0,44.75,27.0,17.75,0.0,0.0,0.0,69.25,36.25,33.0,171.5,126.75,44.75,0.0,0.0,0.0,0.0,0.0,0.0,
495177,COMMUNITY MEMORIAL HOSPITAL HUNDLEY CENTER,SOUTH HILL,VA,Mecklenburg,117,2022Q2,20220427,82,8.0,8.0,0.0,49.5,49.5,0.0,28.25,9.75,18.5,0.0,0.0,0.0,95.0,62.5,32.5,175.0,115.5,59.5,0.0,0.0,0.0,0.0,0.0,0.0,
495177,COMMUNITY MEMORIAL HOSPITAL HUNDLEY CENTER,SOUTH HILL,VA,Mecklenburg,117,2022Q2,20220428,83,8.0,8.0,0.0,54.25,54.25,0.0,50.0,23.5,26.5,0.0,0.0,0.0,91.75,71.25,20.5,126.5,90.75,35.75,0.0,0.0,0.0,0.0,0.0,0.0,
495177,COMMUNITY MEMORIAL HOSPITAL HUNDLEY CENTER,SOUTH HILL,VA,Mecklenburg,117,2022Q2,20220429,80,8.0,8.0,0.0,49.5,49.5,0.0,12.5,0.0,12.5,0.0,0.0,0.0,105.0,60.25,44.75,131.75,98.25,33.5,0.0,0.0,0.0,0.0,0.0,0.0,
495177,COMMUNITY MEMORIAL HOSPITAL HUNDLEY CENTER,SOUTH HILL,VA,Mecklenburg,117,2022Q2,20220430,80,0.0,0.0,0.0,0.0,0.0,0.0,28.75,9.0,19.75,0.0,0.0,0.0,84.0,33.75,50.25,173.0,101.5,71.5,0.0,0.0,0.0,0.0,0.0,0.0,
495177,COMMUNITY MEMORIAL HOSPITAL HUNDLEY CENTER,SOUTH HILL,VA,Mecklenburg,117,2022Q2,20220501,80,0.0,0.0,0.0,8.0,8.0,0.0,29.75,18.0,11.75,0.0,0.0,0.0,84.5,34.25,50.25,178.0,106.0,72.0,0.0,0.0,0.0,0.0,0.0,0.0,
495177,COMMUNITY MEMORIAL HOSPITAL HUNDLEY CENTER,SOUTH HILL,VA,Mecklenburg,117,2022Q2,20220502,82,8.0,8.0,0.0,61.0,61.0,0.0,12.5,0.0,12.5,0.0,0.0,0.0,89.5,57.25,32.25,170.5,88.25,82.25,0.0,0.0,0.0,0.0,0.0,0.0,
495177,COMMUNITY MEMORIAL HOSPITAL HUNDLEY CENTER,SOUTH HILL,VA,Mecklenburg,117,2022Q2,20220503,81,8.0,8.0,0.0,46.0,46.0,0.0,47.0,37.0,10.0,0.0,0.0,0.0,96.0,75.25,20.75,185.25,109.0,76.25,0.0,0.0,0.0,0.0,0.0,0.0,
495177,COMMUNITY MEMORIAL HOSPITAL HUNDLEY CENTER,SOUTH HILL,VA,Mecklenburg,117,2022Q2,20220504,79,8.0,8.0,0.0,56.25,56.25,0.0,50.0,17.75,32.25,0.0,0.0,0.0,96.25,58.0,38.25,180.75,132.25,48.5,0.0,0.0,0.0,0.0,0.0,0.0,
495177,COMMUNITY MEMORIAL HOSPITAL HUNDLEY CENTER,SOUTH HILL,VA,Mecklenburg,117,2022Q2,20220505,80,0.0,0.0,0.0,64.75,64.75,0.0,37.0,30.25,6.75,0.0,0.0,0.0,100.0,54.5,45.5,240.5,137.5,103.0,0.0,0.0,0.0,0.0,0.0,0.0,
495177,COMMUNITY MEMORIAL HOSPITAL HUNDLEY CENTER,SOUTH HILL,VA,Mecklenburg,117,2022Q2,20220506,81,0.0,0.0,0.0,62.0,49.5,12.5,40.0,17.5,22.5,0.0,0.0,0.0,56.5,34.25,22.25,164.0,100.0,64.0,0.0,0.0,0.0,0.0,0.0,0.0,
495177,COMMUNITY MEMORIAL HOSPITAL HUNDLEY CENTER,SOUTH HILL,VA,Mecklenburg,117,2022Q2,20220507,80,0.0,0.0,0.0,19.75,8.0,11.75,17.75,5.0,12.75,0.0,0.0,0.0,74.75,42.25,32.5,177.75,82.75,95.0,0.0,0.0,0.0,0.0,0.0,0.0,
495177,COMMUNITY MEMORIAL HOSPITAL HUNDLEY CENTER,SOUTH HILL,VA,Mecklenburg,117,2022Q2,20220508,80,0.0,0.0,0.0,20.5,8.0,12.5,8.0,0.0,8.0,0.0,0.0,0.0,91.5,63.5,28.0,153.5,94.25,59.25,0.0,0.0,0.0,0.0,0.0,0.0,
495177,COMMUNITY MEMORIAL HOSPITAL HUNDLEY CENTER,SOUTH HILL,VA,Mecklenburg,117,2022Q2,20220509,80,8.0,8.0,0.0,57.75,57.75,0.0,38.0,16.5,21.5,0.0,0.0,0.0,69.5,27.25,42.25,182.5,114.25,68.25,0.0,0.0,0.0,0.0,0.0,0.0,
495177,COMMUNITY MEMORIAL HOSPITAL HUNDLEY CENTER,SOUTH HILL,VA,Mecklenburg,117,2022Q2,20220510,81,8.0,8.0,0.0,64.0,64.0,0.0,42.5,30.75,11.75,0.0,0.0,0.0,75.25,29.25,46.0,195.25,138.5,56.75,0.0,0.0,0.0,0.0,0.0,0.0,
495177,COMMUNITY MEMORIAL HOSPITAL HUNDLEY CENTER,SOUTH HILL,VA,Mecklenburg,117,2022Q2,20220511,82,8.0,8.0,0.0,61.0,61.0,0.0,20.25,17.5,2.75,0.0,0.0,0.0,84.75,55.75,29.0,191.0,142.0,49.0,0.0,0.0,0.0,0.0,0.0,0.0,
495177,COMMUNITY MEMORIAL HOSPITAL HUNDLEY CENTER,SOUTH HILL,VA,Mecklenburg,117,2022Q2,20220512,82,8.0,8.0,0.0,59.75,59.75,0.0,40.25,30.0,10.25,0.0,0.0,0.0,101.75,47.75,54.0,207.5,108.25,99.25,0.0,0.0,0.0,0.0,0.0,0.0,
495177,COMMUNITY MEMORIAL HOSPITAL HUNDLEY CENTER,SOUTH HILL,VA,Mecklenburg,117,2022Q2,20220513,83,8.0,8.0,0.0,74.5,62.0,12.5,20.25,9.75,10.5,0.0,0.0,0.0,95.5,51.5,44.0,182.5,110.25,72.25,0.0,0.0,0.0,0.0,0.0,0.0,
495177,COMMUNITY MEMORIAL HOSPITAL HUNDLEY CENTER,SOUTH HILL,VA,Mecklenburg,117,2022Q2,20220514,82,0.0,0.0,0.0,19.75,8.0,11.75,29.75,17.75,12.0,0.0,0.0,0.0,87.25,26.0,61.25,163.0,84.0,79.0,0.0,0.0,0.0,0.0,0.0,0.0,
495177,COMMUNITY MEMORIAL HOSPITAL HUNDLEY CENTER,SOUTH HILL,VA,Mecklenburg,117,2022Q2,20220515,82,0.0,0.0,0.0,19.75,8.0,11.75,27.5,15.75,11.75,0.0,0.0,0.0,96.0,34.75,61.25,150.5,82.25,68.25,0.0,0.0,0.0,0.0,0.0,0.0,
495177,COMMUNITY MEMORIAL HOSPITAL HUNDLEY CENTER,SOUTH HILL,VA,Mecklenburg,117,2022Q2,20220516,83,8.0,8.0,0.0,55.5,55.5,0.0,0.0,0.0,0.0,0.0,0.0,0.0,122.0,61.25,60.75,156.25,105.25,51.0,0.0,0.0,0.0,0.0,0.0,0.0,
495177,COMMUNITY MEMORIAL HOSPITAL HUNDLEY CENTER,SOUTH HILL,VA,Mecklenburg,117,2022Q2,20220517,85,8.0,8.0,0.0,61.5,61.5,0.0,38.75,28.75,10.0,0.0,0.0,0.0,132.75,78.25,54.5,152.0,103.5,48.5,0.0,0.0,0.0,0.0,0.0,0.0,
495177,COMMUNITY MEMORIAL HOSPITAL HUNDLEY CENTER,SOUTH HILL,VA,Mecklenburg,117,2022Q2,20220518,84,8.0,8.0,0.0,56.25,56.25,0.0,28.5,18.5,10.0,0.0,0.0,0.0,97.75,59.75,38.0,192.25,111.25,81.0,0.0,0.0,0.0,0.0,0.0,0.0,
495177,COMMUNITY MEMORIAL HOSPITAL HUNDLEY CENTER,SOUTH HILL,VA,Mecklenburg,117,2022Q2,20220519,85,8.0,8.0,0.0,59.75,59.75,0.0,34.75,22.25,12.5,0.0,0.0,0.0,86.75,65.0,21.75,201.25,142.5,58.75,0.0,0.0,0.0,0.0,0.0,0.0,
495177,COMMUNITY MEMORIAL HOSPITAL HUNDLEY CENTER,SOUTH HILL,VA,Mecklenburg,117,2022Q2,20220520,83,8.0,8.0,0.0,71.0,59.25,11.75,56.75,27.0,29.75,0.0,0.0,0.0,98.0,53.5,44.5,160.25,116.25,44.0,0.0,0.0,0.0,0.0,0.0,0.0,
495177,COMMUNITY MEMORIAL HOSPITAL HUNDLEY CENTER,SOUTH HILL,VA,Mecklenburg,117,2022Q2,20220521,83,0.0,0.0,0.0,20.25,8.0,12.25,13.5,0.0,13.5,0.0,0.0,0.0,100.0,50.5,49.5,151.75,93.5,58.25,0.0,0.0,0.0,0.0,0.0,0.0,
495177,COMMUNITY MEMORIAL HOSPITAL HUNDLEY CENTER,SOUTH HILL,VA,Mecklenburg,117,2022Q2,20220522,83,0.0,0.0,0.0,13.0,13.0,0.0,20.0,5.5,14.5,0.0,0.0,0.0,109.75,64.0,45.75,147.75,88.75,59.0,0.0,0.0,0.0,0.0,0.0,0.0,
495177,COMMUNITY MEMORIAL HOSPITAL HUNDLEY CENTER,SOUTH HILL,VA,Mecklenburg,117,2022Q2,20220523,81,8.0,8.0,0.0,64.25,64.25,0.0,43.75,16.75,27.0,0.0,0.0,0.0,67.0,42.75,24.25,177.0,119.25,57.75,0.0,0.0,0.0,0.0,0.0,0.0,
495177,COMMUNITY MEMORIAL HOSPITAL HUNDLEY CENTER,SOUTH HILL,VA,Mecklenburg,117,2022Q2,20220524,81,8.0,8.0,0.0,62.75,62.75,0.0,43.75,32.25,11.5,0.0,0.0,0.0,95.25,61.75,33.5,193.0,118.75,74.25,0.0,0.0,0.0,0.0,0.0,0.0,
495177,COMMUNITY MEMORIAL HOSPITAL HUNDLEY CENTER,SOUTH HILL,VA,Mecklenburg,117,2022Q2,20220525,81,8.0,8.0,0.0,63.0,63.0,0.0,39.75,30.0,9.75,0.0,0.0,0.0,110.75,65.75,45.0,192.5,111.0,81.5,0.0,0.0,0.0,0.0,0.0,0.0,
495177,COMMUNITY MEMORIAL HOSPITAL HUNDLEY CENTER,SOUTH HILL,VA,Mecklenburg,117,2022Q2,20220526,79,8.0,8.0,0.0,57.25,57.25,0.0,28.5,18.0,10.5,0.0,0.0,0.0,107.0,74.75,32.25,155.5,95.25,60.25,0.0,0.0,0.0,0.0,0.0,0.0,
495177,COMMUNITY MEMORIAL HOSPITAL HUNDLEY CENTER,SOUTH HILL,VA,Mecklenburg,117,2022Q2,20220527,78,0.0,0.0,0.0,24.75,24.75,0.0,24.75,8.5,16.25,0.0,0.0,0.0,91.75,69.25,22.5,156.0,124.25,31.75,0.0,0.0,0.0,0.0,0.0,0.0,
495177,COMMUNITY MEMORIAL HOSPITAL HUNDLEY CENTER,SOUTH HILL,VA,Mecklenburg,117,2022Q2,20220528,78,0.0,0.0,0.0,8.0,8.0,0.0,20.25,8.25,12.0,0.0,0.0,0.0,84.75,48.25,36.5,159.0,96.0,63.0,0.0,0.0,0.0,0.0,0.0,0.0,
495177,COMMUNITY MEMORIAL HOSPITAL HUNDLEY CENTER,SOUTH HILL,VA,Mecklenburg,117,2022Q2,20220529,78,0.0,0.0,0.0,8.0,8.0,0.0,20.5,8.5,12.0,0.0,0.0,0.0,81.75,45.5,36.25,156.75,113.75,43.0,0.0,0.0,0.0,0.0,0.0,0.0,
495177,COMMUNITY MEMORIAL HOSPITAL HUNDLEY CENTER,SOUTH HILL,VA,Mecklenburg,117,2022Q2,20220530,79,8.0,8.0,0.0,40.0,40.0,0.0,9.5,0.0,9.5,0.0,0.0,0.0,93.75,48.75,45.0,126.25,81.0,45.25,0.0,0.0,0.0,0.0,0.0,0.0,
495177,COMMUNITY MEMORIAL HOSPITAL HUNDLEY CENTER,SOUTH HILL,VA,Mecklenburg,117,2022Q2,20220531,81,8.0,8.0,0.0,40.5,40.5,0.0,36.25,26.25,10.0,0.0,0.0,0.0,126.0,56.75,69.25,169.0,108.75,60.25,0.0,0.0,0.0,0.0,0.0,0.0,
495177,COMMUNITY MEMORIAL HOSPITAL HUNDLEY CENTER,SOUTH HILL,VA,Mecklenburg,117,2022Q2,20220601,80,8.0,8.0,0.0,60.5,60.5,0.0,29.0,17.5,11.5,0.0,0.0,0.0,123.25,90.75,32.5,148.5,102.25,46.25,0.0,0.0,0.0,0.0,0.0,0.0,
495177,COMMUNITY MEMORIAL HOSPITAL HUNDLEY CENTER,SOUTH HILL,VA,Mecklenburg,117,2022Q2,20220602,79,8.0,8.0,0.0,63.25,63.25,0.0,39.0,27.5,11.5,0.0,0.0,0.0,106.75,65.5,41.25,161.0,104.75,56.25,0.0,0.0,0.0,0.0,0.0,0.0,
495177,COMMUNITY MEMORIAL HOSPITAL HUNDLEY CENTER,SOUTH HILL,VA,Mecklenburg,117,2022Q2,20220603,79,8.0,8.0,0.0,57.25,57.25,0.0,39.75,18.0,21.75,0.0,0.0,0.0,76.75,44.75,32.0,168.0,111.0,57.0,0.0,0.0,0.0,0.0,0.0,0.0,
495177,COMMUNITY MEMORIAL HOSPITAL HUNDLEY CENTER,SOUTH HILL,VA,Mecklenburg,117,2022Q2,20220604,79,0.0,0.0,0.0,6.0,6.0,0.0,10.5,0.0,10.5,0.0,0.0,0.0,129.5,72.5,57.0,108.25,84.5,23.75,0.0,0.0,0.0,0.0,0.0,0.0,
495177,COMMUNITY MEMORIAL HOSPITAL HUNDLEY CENTER,SOUTH HILL,VA,Mecklenburg,117,2022Q2,20220605,79,0.0,0.0,0.0,0.0,0.0,0.0,11.75,0.0,11.75,0.0,0.0,0.0,104.25,71.5,32.75,122.25,78.25,44.0,0.0,0.0,0.0,0.0,0.0,0.0,
495177,COMMUNITY MEMORIAL HOSPITAL HUNDLEY CENTER,SOUTH HILL,VA,Mecklenburg,117,2022Q2,20220606,79,8.0,8.0,0.0,53.0,53.0,0.0,28.75,17.5,11.25,0.0,0.0,0.0,102.75,25.0,77.75,183.75,117.75,66.0,0.0,0.0,0.0,0.0,0.0,0.0,
495177,COMMUNITY MEMORIAL HOSPITAL HUNDLEY CENTER,SOUTH HILL,VA,Mecklenburg,117,2022Q2,20220607,78,8.0,8.0,0.0,50.25,50.25,0.0,39.0,29.5,9.5,0.0,0.0,0.0,87.25,50.5,36.75,189.5,125.0,64.5,0.0,0.0,0.0,0.0,0.0,0.0,
495177,COMMUNITY MEMORIAL HOSPITAL HUNDLEY CENTER,SOUTH HILL,VA,Mecklenburg,117,2022Q2,20220608,78,8.0,8.0,0.0,54.0,54.0,0.0,42.25,29.75,12.5,0.0,0.0,0.0,163.0,102.75,60.25,176.5,115.75,60.75,0.0,0.0,0.0,0.0,0.0,0.0,
495177,COMMUNITY MEMORIAL HOSPITAL HUNDLEY CENTER,SOUTH HILL,VA,Mecklenburg,117,2022Q2,20220609,79,8.0,8.0,0.0,50.0,50.0,0.0,20.75,20.75,0.0,0.0,0.0,0.0,132.75,71.25,61.5,175.5,111.75,63.75,0.0,0.0,0.0,0.0,0.0,0.0,
495177,COMMUNITY MEMORIAL HOSPITAL HUNDLEY CENTER,SOUTH HILL,VA,Mecklenburg,117,2022Q2,20220610,79,8.0,8.0,0.0,45.75,45.75,0.0,12.75,0.0,12.75,0.0,0.0,0.0,120.25,62.75,57.5,146.75,100.25,46.5,0.0,0.0,0.0,0.0,0.0,0.0,
495177,COMMUNITY MEMORIAL HOSPITAL HUNDLEY CENTER,SOUTH HILL,VA,Mecklenburg,117,2022Q2,20220611,79,0.0,0.0,0.0,2.5,2.5,0.0,38.75,26.5,12.25,0.0,0.0,0.0,91.0,54.5,36.5,148.75,92.5,56.25,0.0,0.0,0.0,0.0,0.0,0.0,
495177,COMMUNITY MEMORIAL HOSPITAL HUNDLEY CENTER,SOUTH HILL,VA,Mecklenburg,117,2022Q2,20220612,79,0.0,0.0,0.0,0.0,0.0,0.0,28.0,16.25,11.75,0.0,0.0,0.0,106.5,58.0,48.5,152.5,83.5,69.0,0.0,0.0,0.0,0.0,0.0,0.0,
495177,COMMUNITY MEMORIAL HOSPITAL HUNDLEY CENTER,SOUTH HILL,VA,Mecklenburg,117,2022Q2,20220613,79,8.0,8.0,0.0,41.75,41.75,0.0,19.5,19.5,0.0,0.0,0.0,0.0,113.0,53.75,59.25,201.25,127.25,74.0,0.0,0.0,0.0,0.0,0.0,0.0,
495177,COMMUNITY MEMORIAL HOSPITAL HUNDLEY CENTER,SOUTH HILL,VA,Mecklenburg,117,2022Q2,20220614,78,8.0,8.0,0.0,54.0,54.0,0.0,40.25,40.25,0.0,0.0,0.0,0.0,127.75,57.75,70.0,190.75,123.25,67.5,0.0,0.0,0.0,0.0,0.0,0.0,
495177,COMMUNITY MEMORIAL HOSPITAL HUNDLEY CENTER,SOUTH HILL,VA,Mecklenburg,117,2022Q2,20220615,78,8.0,8.0,0.0,52.0,52.0,0.0,38.0,38.0,0.0,0.0,0.0,0.0,140.75,105.5,35.25,216.25,150.75,65.5,0.0,0.0,0.0,0.0,0.0,0.0,
495177,COMMUNITY MEMORIAL HOSPITAL HUNDLEY CENTER,SOUTH HILL,VA,Mecklenburg,117,2022Q2,20220616,78,0.0,0.0,0.0,51.0,51.0,0.0,25.25,25.25,0.0,0.0,0.0,0.0,124.5,41.75,82.75,163.75,137.0,26.75,0.0,0.0,0.0,0.0,0.0,0.0,
495177,COMMUNITY MEMORIAL HOSPITAL HUNDLEY CENTER,SOUTH HILL,VA,Mecklenburg,117,2022Q2,20220617,79,8.0,8.0,0.0,39.25,39.25,0.0,44.0,31.0,13.0,0.0,0.0,0.0,90.5,41.75,48.75,173.5,110.25,63.25,0.0,0.0,0.0,0.0,0.0,0.0,
495177,COMMUNITY MEMORIAL HOSPITAL HUNDLEY CENTER,SOUTH HILL,VA,Mecklenburg,117,2022Q2,20220618,79,0.0,0.0,0.0,0.0,0.0,0.0,12.5,0.0,12.5,0.0,0.0,0.0,115.75,71.25,44.5,139.5,91.75,47.75,0.0,0.0,0.0,0.0,0.0,0.0,
495177,COMMUNITY MEMORIAL HOSPITAL HUNDLEY CENTER,SOUTH HILL,VA,Mecklenburg,117,2022Q2,20220619,79,0.0,0.0,0.0,0.0,0.0,0.0,12.75,0.0,12.75,0.0,0.0,0.0,100.25,67.25,33.0,141.0,82.25,58.75,0.0,0.0,0.0,0.0,0.0,0.0,
495177,COMMUNITY MEMORIAL HOSPITAL HUNDLEY CENTER,SOUTH HILL,VA,Mecklenburg,117,2022Q2,20220620,79,8.0,8.0,0.0,29.75,29.75,0.0,20.75,20.75,0.0,0.0,0.0,0.0,97.25,16.5,80.75,167.0,107.25,59.75,0.0,0.0,0.0,0.0,0.0,0.0,
495177,COMMUNITY MEMORIAL HOSPITAL HUNDLEY CENTER,SOUTH HILL,VA,Mecklenburg,117,2022Q2,20220621,79,8.0,8.0,0.0,54.0,54.0,0.0,37.0,37.0,0.0,0.0,0.0,0.0,128.75,47.5,81.25,201.25,132.75,68.5,0.0,0.0,0.0,0.0,0.0,0.0,
495177,COMMUNITY MEMORIAL HOSPITAL HUNDLEY CENTER,SOUTH HILL,VA,Mecklenburg,117,2022Q2,20220622,83,8.0,8.0,0.0,64.0,64.0,0.0,38.5,38.5,0.0,0.0,0.0,0.0,135.25,73.5,61.75,182.25,126.5,55.75,0.0,0.0,0.0,0.0,0.0,0.0,
495177,COMMUNITY MEMORIAL HOSPITAL HUNDLEY CENTER,SOUTH HILL,VA,Mecklenburg,117,2022Q2,20220623,83,8.0,8.0,0.0,65.75,65.75,0.0,39.75,39.75,0.0,0.0,0.0,0.0,111.25,69.75,41.5,188.75,120.25,68.5,0.0,0.0,0.0,0.0,0.0,0.0,
495177,COMMUNITY MEMORIAL HOSPITAL HUNDLEY CENTER,SOUTH HILL,VA,Mecklenburg,117,2022Q2,20220624,84,8.0,8.0,0.0,45.5,45.5,0.0,21.5,9.75,11.75,0.0,0.0,0.0,111.75,50.0,61.75,151.25,107.25,44.0,0.0,0.0,0.0,0.0,0.0,0.0,
495177,COMMUNITY MEMORIAL HOSPITAL HUNDLEY CENTER,SOUTH HILL,VA,Mecklenburg,117,2022Q2,20220625,84,0.0,0.0,0.0,0.0,0.0,0.0,30.75,18.5,12.25,0.0,0.0,0.0,108.0,51.25,56.75,146.25,101.25,45.0,0.0,0.0,0.0,0.0,0.0,0.0,
495177,COMMUNITY MEMORIAL HOSPITAL HUNDLEY CENTER,SOUTH HILL,VA,Mecklenburg,117,2022Q2,20220626,84,0.0,0.0,0.0,0.0,0.0,0.0,29.5,18.0,11.5,0.0,0.0,0.0,116.25,60.25,56.0,164.0,108.25,55.75,0.0,0.0,0.0,0.0,0.0,0.0,
495177,COMMUNITY MEMORIAL HOSPITAL HUNDLEY CENTER,SOUTH HILL,VA,Mecklenburg,117,2022Q2,20220627,84,8.0,8.0,0.0,52.0,52.0,0.0,25.75,25.75,0.0,0.0,0.0,0.0,152.75,72.0,80.75,203.25,133.0,70.25,0.0,0.0,0.0,0.0,0.0,0.0,
495177,COMMUNITY MEMORIAL HOSPITAL HUNDLEY CENTER,SOUTH HILL,VA,Mecklenburg,117,2022Q2,20220628,85,8.0,8.0,0.0,51.5,51.5,0.0,41.0,41.0,0.0,0.0,0.0,0.0,131.5,88.5,43.0,203.25,144.5,58.75,0.0,0.0,0.0,0.0,0.0,0.0,
495177,COMMUNITY MEMORIAL HOSPITAL HUNDLEY CENTER,SOUTH HILL,VA,Mecklenburg,117,2022Q2,20220629,84,8.0,8.0,0.0,42.0,42.0,0.0,41.25,41.25,0.0,0.0,0.0,0.0,119.25,65.25,54.0,200.0,164.5,35.5,0.0,0.0,0.0,0.0,0.0,0.0,
495177,COMMUNITY MEMORIAL HOSPITAL HUNDLEY CENTER,SOUTH HILL,VA,Mecklenburg,117,2022Q2,20220630,84,8.0,8.0,0.0,43.0,43.0,0.0,38.25,38.25,0.0,0.0,0.0,0.0,103.5,54.0,49.5,232.0,131.0,101.0,0.0,0.0,0.0,0.0,0.0,0.0,
495177,COMMUNITY MEMORIAL HOSPITAL HUNDLEY CENTER,SOUTH HILL,VA,Mecklenburg,117,2022Q3,20220701,82,8.0,8.0,0.0,33.5,33.5,0.0,40.25,27.5,12.75,0.0,0.0,0.0,96.25,59.0,37.25,162.0,109.0,53.0,0.0,0.0,0.0,0.0,0.0,0.0,
495177,COMMUNITY MEMORIAL HOSPITAL HUNDLEY CENTER,SOUTH HILL,VA,Mecklenburg,117,2022Q3,20220702,82,0.0,0.0,0.0,0.0,0.0,0.0,12.5,0.0,12.5,0.0,0.0,0.0,141.75,60.25,81.5,144.5,109.25,35.25,0.0,0.0,0.0,0.0,0.0,0.0,
495177,COMMUNITY MEMORIAL HOSPITAL HUNDLEY CENTER,SOUTH HILL,VA,Mecklenburg,117,2022Q3,20220703,82,0.0,0.0,0.0,0.0,0.0,0.0,22.75,10.75,12.0,0.0,0.0,0.0,141.0,59.0,82.0,159.75,102.0,57.75,0.0,0.0,0.0,0.0,0.0,0.0,
495177,COMMUNITY MEMORIAL HOSPITAL HUNDLEY CENTER,SOUTH HILL,VA,Mecklenburg,117,2022Q3,20220704,82,0.0,0.0,0.0,35.25,35.25,0.0,39.5,39.5,0.0,0.0,0.0,0.0,111.5,58.5,53.0,144.0,119.5,24.5,0.0,0.0,0.0,0.0,0.0,0.0,
495177,COMMUNITY MEMORIAL HOSPITAL HUNDLEY CENTER,SOUTH HILL,VA,Mecklenburg,117,2022Q3,20220705,83,8.0,8.0,0.0,47.5,47.5,0.0,44.0,44.0,0.0,0.0,0.0,0.0,113.5,36.75,76.75,155.25,121.75,33.5,0.0,0.0,0.0,0.0,0.0,0.0,
495177,COMMUNITY MEMORIAL HOSPITAL HUNDLEY CENTER,SOUTH HILL,VA,Mecklenburg,117,2022Q3,20220706,83,8.0,8.0,0.0,46.5,46.5,0.0,32.25,32.25,0.0,0.0,0.0,0.0,138.0,84.0,54.0,177.25,113.5,63.75,0.0,0.0,0.0,0.0,0.0,0.0,
495177,COMMUNITY MEMORIAL HOSPITAL HUNDLEY CENTER,SOUTH HILL,VA,Mecklenburg,117,2022Q3,20220707,83,8.0,8.0,0.0,48.25,48.25,0.0,37.0,37.0,0.0,0.0,0.0,0.0,168.25,78.75,89.5,185.0,101.75,83.25,0.0,0.0,0.0,0.0,0.0,0.0,
495177,COMMUNITY MEMORIAL HOSPITAL HUNDLEY CENTER,SOUTH HILL,VA,Mecklenburg,117,2022Q3,20220708,82,0.0,0.0,0.0,44.25,44.25,0.0,31.0,9.75,21.25,0.0,0.0,0.0,140.25,63.25,77.0,119.25,71.0,48.25,0.0,0.0,0.0,0.0,0.0,0.0,
495177,COMMUNITY MEMORIAL HOSPITAL HUNDLEY CENTER,SOUTH HILL,VA,Mecklenburg,117,2022Q3,20220709,81,0.0,0.0,0.0,2.5,2.5,0.0,34.25,34.25,0.0,0.0,0.0,0.0,130.75,58.0,72.75,182.0,109.75,72.25,0.0,0.0,0.0,0.0,0.0,0.0,
495177,COMMUNITY MEMORIAL HOSPITAL HUNDLEY CENTER,SOUTH HILL,VA,Mecklenburg,117,2022Q3,20220710,81,0.0,0.0,0.0,0.0,0.0,0.0,29.25,29.25,0.0,0.0,0.0,0.0,139.25,65.25,74.0,170.75,113.25,57.5,0.0,0.0,0.0,0.0,0.0,0.0,
495177,COMMUNITY MEMORIAL HOSPITAL HUNDLEY CENTER,SOUTH HILL,VA,Mecklenburg,117,2022Q3,20220711,80,0.0,0.0,0.0,49.75,49.75,0.0,21.25,21.25,0.0,0.0,0.0,0.0,137.25,58.0,79.25,132.75,109.5,23.25,0.0,0.0,0.0,0.0,0.0,0.0,
495177,COMMUNITY MEMORIAL HOSPITAL HUNDLEY CENTER,SOUTH HILL,VA,Mecklenburg,117,2022Q3,20220712,81,0.0,0.0,0.0,52.5,52.5,0.0,46.5,46.5,0.0,0.0,0.0,0.0,152.75,80.5,72.25,160.25,99.25,61.0,0.0,0.0,0.0,0.0,0.0,0.0,
495177,COMMUNITY MEMORIAL HOSPITAL HUNDLEY CENTER,SOUTH HILL,VA,Mecklenburg,117,2022Q3,20220713,80,0.0,0.0,0.0,51.75,51.75,0.0,17.5,17.5,0.0,0.0,0.0,0.0,140.75,91.5,49.25,195.5,122.0,73.5,0.0,0.0,0.0,0.0,0.0,0.0,
495177,COMMUNITY MEMORIAL HOSPITAL HUNDLEY CENTER,SOUTH HILL,VA,Mecklenburg,117,2022Q3,20220714,81,0.0,0.0,0.0,50.5,50.5,0.0,26.75,26.75,0.0,0.0,0.0,0.0,144.5,72.25,72.25,193.75,113.5,80.25,0.0,0.0,0.0,0.0,0.0,0.0,
495177,COMMUNITY MEMORIAL HOSPITAL HUNDLEY CENTER,SOUTH HILL,VA,Mecklenburg,117,2022Q3,20220715,81,0.0,0.0,0.0,44.75,44.75,0.0,17.75,17.75,0.0,0.0,0.0,0.0,126.5,59.75,66.75,203.25,141.5,61.75,0.0,0.0,0.0,0.0,0.0,0.0,
495177,COMMUNITY MEMORIAL HOSPITAL HUNDLEY CENTER,SOUTH HILL,VA,Mecklenburg,117,2022Q3,20220716,81,0.0,0.0,0.0,8.0,8.0,0.0,10.0,10.0,0.0,0.0,0.0,0.0,116.5,50.5,66.0,116.75,70.5,46.25,0.0,0.0,0.0,0.0,0.0,0.0,
495177,COMMUNITY MEMORIAL HOSPITAL HUNDLEY CENTER,SOUTH HILL,VA,Mecklenburg,117,2022Q3,20220717,80,0.0,0.0,0.0,0.0,0.0,0.0,10.25,10.25,0.0,0.0,0.0,0.0,117.25,67.5,49.75,108.75,56.0,52.75,0.0,0.0,0.0,0.0,0.0,0.0,
495177,COMMUNITY MEMORIAL HOSPITAL HUNDLEY CENTER,SOUTH HILL,VA,Mecklenburg,117,2022Q3,20220718,82,0.0,0.0,0.0,44.5,44.5,0.0,22.75,22.75,0.0,0.0,0.0,0.0,101.25,38.75,62.5,163.5,102.25,61.25,0.0,0.0,0.0,0.0,0.0,0.0,
495177,COMMUNITY MEMORIAL HOSPITAL HUNDLEY CENTER,SOUTH HILL,VA,Mecklenburg,117,2022Q3,20220719,80,8.0,8.0,0.0,45.25,45.25,0.0,28.75,28.75,0.0,0.0,0.0,0.0,136.25,41.5,94.75,182.0,119.25,62.75,0.0,0.0,0.0,0.0,0.0,0.0,
495177,COMMUNITY MEMORIAL HOSPITAL HUNDLEY CENTER,SOUTH HILL,VA,Mecklenburg,117,2022Q3,20220720,80,8.0,8.0,0.0,46.25,46.25,0.0,27.75,27.75,0.0,0.0,0.0,0.0,151.5,83.5,68.0,201.75,124.75,77.0,0.0,0.0,0.0,0.0,0.0,0.0,
495177,COMMUNITY MEMORIAL HOSPITAL HUNDLEY CENTER,SOUTH HILL,VA,Mecklenburg,117,2022Q3,20220721,81,8.0,8.0,0.0,25.0,25.0,0.0,33.25,33.25,0.0,0.0,0.0,0.0,131.0,106.25,24.75,161.75,94.25,67.5,0.0,0.0,0.0,0.0,0.0,0.0,
495177,COMMUNITY MEMORIAL HOSPITAL HUNDLEY CENTER,SOUTH HILL,VA,Mecklenburg,117,2022Q3,20220722,79,8.0,8.0,0.0,31.25,31.25,0.0,28.75,28.75,0.0,0.0,0.0,0.0,90.75,26.0,64.75,150.25,95.25,55.0,0.0,0.0,0.0,0.0,0.0,0.0,
495177,COMMUNITY MEMORIAL HOSPITAL HUNDLEY CENTER,SOUTH HILL,VA,Mecklenburg,117,2022Q3,20220723,79,0.0,0.0,0.0,0.0,0.0,0.0,26.75,26.75,0.0,0.0,0.0,0.0,135.5,62.0,73.5,140.75,95.5,45.25,0.0,0.0,0.0,0.0,0.0,0.0,
495177,COMMUNITY MEMORIAL HOSPITAL HUNDLEY CENTER,SOUTH HILL,VA,Mecklenburg,117,2022Q3,20220724,79,0.0,0.0,0.0,8.5,8.5,0.0,19.75,19.75,0.0,0.0,0.0,0.0,125.5,63.25,62.25,150.25,93.75,56.5,0.0,0.0,0.0,0.0,0.0,0.0,
495177,COMMUNITY MEMORIAL HOSPITAL HUNDLEY CENTER,SOUTH HILL,VA,Mecklenburg,117,2022Q3,20220725,80,8.0,8.0,0.0,38.75,38.75,0.0,10.0,10.0,0.0,0.0,0.0,0.0,146.5,52.75,93.75,186.5,129.75,56.75,0.0,0.0,0.0,0.0,0.0,0.0,
495177,COMMUNITY MEMORIAL HOSPITAL HUNDLEY CENTER,SOUTH HILL,VA,Mecklenburg,117,2022Q3,20220726,80,8.0,8.0,0.0,41.0,41.0,0.0,27.75,27.75,0.0,0.0,0.0,0.0,158.25,85.75,72.5,180.75,105.0,75.75,0.0,0.0,0.0,0.0,0.0,0.0,
495177,COMMUNITY MEMORIAL HOSPITAL HUNDLEY CENTER,SOUTH HILL,VA,Mecklenburg,117,2022Q3,20220727,79,8.0,8.0,0.0,39.25,39.25,0.0,17.5,17.5,0.0,0.0,0.0,0.0,136.75,104.0,32.75,192.0,139.25,52.75,0.0,0.0,0.0,0.0,0.0,0.0,
495177,COMMUNITY MEMORIAL HOSPITAL HUNDLEY CENTER,SOUTH HILL,VA,Mecklenburg,117,2022Q3,20220728,78,8.0,8.0,0.0,42.0,42.0,0.0,40.0,38.0,2.0,0.0,0.0,0.0,132.75,58.25,74.5,184.25,120.25,64.0,0.0,0.0,0.0,0.0,0.0,0.0,
495177,COMMUNITY MEMORIAL HOSPITAL HUNDLEY CENTER,SOUTH HILL,VA,Mecklenburg,117,2022Q3,20220729,77,8.0,8.0,0.0,25.75,25.75,0.0,41.75,30.0,11.75,0.0,0.0,0.0,99.5,44.25,55.25,188.5,129.75,58.75,0.0,0.0,0.0,0.0,0.0,0.0,
495177,COMMUNITY MEMORIAL HOSPITAL HUNDLEY CENTER,SOUTH HILL,VA,Mecklenburg,117,2022Q3,20220730,76,0.0,0.0,0.0,3.5,3.5,0.0,21.5,9.5,12.0,0.0,0.0,0.0,179.25,82.75,96.5,159.25,86.25,73.0,0.0,0.0,0.0,0.0,0.0,0.0,
495177,COMMUNITY MEMORIAL HOSPITAL HUNDLEY CENTER,SOUTH HILL,VA,Mecklenburg,117,2022Q3,20220731,76,0.0,0.0,0.0,11.5,11.5,0.0,22.0,9.5,12.5,0.0,0.0,0.0,153.5,82.5,71.0,147.5,100.25,47.25,0.0,0.0,0.0,0.0,0.0,0.0,
495177,COMMUNITY MEMORIAL HOSPITAL HUNDLEY CENTER,SOUTH HILL,VA,Mecklenburg,117,2022Q3,20220801,75,8.0,8.0,0.0,42.0,42.0,0.0,32.25,32.25,0.0,0.0,0.0,0.0,95.25,34.0,61.25,105.0,61.5,43.5,0.0,0.0,0.0,0.0,0.0,0.0,
495177,COMMUNITY MEMORIAL HOSPITAL HUNDLEY CENTER,SOUTH HILL,VA,Mecklenburg,117,2022Q3,20220802,76,8.0,8.0,0.0,40.0,40.0,0.0,29.75,29.75,0.0,0.0,0.0,0.0,157.5,60.5,97.0,176.0,130.0,46.0,0.0,0.0,0.0,0.0,0.0,0.0,
495177,COMMUNITY MEMORIAL HOSPITAL HUNDLEY CENTER,SOUTH HILL,VA,Mecklenburg,117,2022Q3,20220803,77,8.0,8.0,0.0,40.0,40.0,0.0,18.0,18.0,0.0,0.0,0.0,0.0,161.25,104.0,57.25,163.0,118.75,44.25,0.0,0.0,0.0,0.0,0.0,0.0,
495177,COMMUNITY MEMORIAL HOSPITAL HUNDLEY CENTER,SOUTH HILL,VA,Mecklenburg,117,2022Q3,20220804,79,8.0,8.0,0.0,22.0,22.0,0.0,28.25,28.25,0.0,0.0,0.0,0.0,121.0,54.25,66.75,160.5,106.75,53.75,0.0,0.0,0.0,0.0,0.0,0.0,
495177,COMMUNITY MEMORIAL HOSPITAL HUNDLEY CENTER,SOUTH HILL,VA,Mecklenburg,117,2022Q3,20220805,78,8.0,8.0,0.0,37.25,37.25,0.0,23.5,11.25,12.25,0.0,0.0,0.0,107.25,58.25,49.0,181.0,137.0,44.0,0.0,0.0,0.0,0.0,0.0,0.0,
495177,COMMUNITY MEMORIAL HOSPITAL HUNDLEY CENTER,SOUTH HILL,VA,Mecklenburg,117,2022Q3,20220806,77,0.0,0.0,0.0,0.0,0.0,0.0,12.5,0.0,12.5,0.0,0.0,0.0,123.75,50.5,73.25,102.75,71.25,31.5,0.0,0.0,0.0,0.0,0.0,0.0,
495177,COMMUNITY MEMORIAL HOSPITAL HUNDLEY CENTER,SOUTH HILL,VA,Mecklenburg,117,2022Q3,20220807,77,0.0,0.0,0.0,0.0,0.0,0.0,12.5,0.0,12.5,0.0,0.0,0.0,123.5,49.25,74.25,119.25,75.5,43.75,0.0,0.0,0.0,0.0,0.0,0.0,
495177,COMMUNITY MEMORIAL HOSPITAL HUNDLEY CENTER,SOUTH HILL,VA,Mecklenburg,117,2022Q3,20220808,78,8.0,8.0,0.0,47.5,47.5,0.0,17.5,17.5,0.0,0.0,0.0,0.0,154.0,72.75,81.25,134.75,110.75,24.0,0.0,0.0,0.0,0.0,0.0,0.0,
495177,COMMUNITY MEMORIAL HOSPITAL HUNDLEY CENTER,SOUTH HILL,VA,Mecklenburg,117,2022Q3,20220809,78,8.0,8.0,0.0,53.0,53.0,0.0,50.25,50.25,0.0,0.0,0.0,0.0,121.75,61.25,60.5,177.0,104.25,72.75,0.0,0.0,0.0,0.0,0.0,0.0,
495177,COMMUNITY MEMORIAL HOSPITAL HUNDLEY CENTER,SOUTH HILL,VA,Mecklenburg,117,2022Q3,20220810,80,8.0,8.0,0.0,56.0,56.0,0.0,42.25,42.25,0.0,0.0,0.0,0.0,122.0,73.75,48.25,179.75,144.0,35.75,0.0,0.0,0.0,0.0,0.0,0.0,
495177,COMMUNITY MEMORIAL HOSPITAL HUNDLEY CENTER,SOUTH HILL,VA,Mecklenburg,117,2022Q3,20220811,81,8.0,8.0,0.0,56.75,56.75,0.0,22.25,22.25,0.0,0.0,0.0,0.0,129.25,60.0,69.25,175.0,123.0,52.0,0.0,0.0,0.0,0.0,0.0,0.0,
495177,COMMUNITY MEMORIAL HOSPITAL HUNDLEY CENTER,SOUTH HILL,VA,Mecklenburg,117,2022Q3,20220812,81,8.0,8.0,0.0,57.75,57.75,0.0,30.75,18.75,12.0,0.0,0.0,0.0,133.25,45.25,88.0,161.0,84.25,76.75,0.0,0.0,0.0,0.0,0.0,0.0,
495177,COMMUNITY MEMORIAL HOSPITAL HUNDLEY CENTER,SOUTH HILL,VA,Mecklenburg,117,2022Q3,20220813,81,0.0,0.0,0.0,2.0,2.0,0.0,23.0,11.0,12.0,0.0,0.0,0.0,116.0,66.75,49.25,129.75,105.5,24.25,0.0,0.0,0.0,0.0,0.0,0.0,
495177,COMMUNITY MEMORIAL HOSPITAL HUNDLEY CENTER,SOUTH HILL,VA,Mecklenburg,117,2022Q3,20220814,81,0.0,0.0,0.0,0.0,0.0,0.0,25.0,12.5,12.5,0.0,0.0,0.0,123.0,64.25,58.75,148.0,112.0,36.0,0.0,0.0,0.0,0.0,0.0,0.0,
495177,COMMUNITY MEMORIAL HOSPITAL HUNDLEY CENTER,SOUTH HILL,VA,Mecklenburg,117,2022Q3,20220815,81,8.0,8.0,0.0,53.0,53.0,0.0,40.25,40.25,0.0,0.0,0.0,0.0,114.0,62.25,51.75,150.75,100.25,50.5,0.0,0.0,0.0,0.0,0.0,0.0,
495177,COMMUNITY MEMORIAL HOSPITAL HUNDLEY CENTER,SOUTH HILL,VA,Mecklenburg,117,2022Q3,20220816,80,8.0,8.0,0.0,56.75,56.75,0.0,31.75,20.5,11.25,0.0,0.0,0.0,126.75,90.5,36.25,145.25,95.75,49.5,0.0,0.0,0.0,0.0,0.0,0.0,
495177,COMMUNITY MEMORIAL HOSPITAL HUNDLEY CENTER,SOUTH HILL,VA,Mecklenburg,117,2022Q3,20220817,80,8.0,8.0,0.0,54.25,54.25,0.0,31.25,31.25,0.0,0.0,0.0,0.0,115.0,78.5,36.5,108.5,67.75,40.75,0.0,0.0,0.0,0.0,0.0,0.0,
495177,COMMUNITY MEMORIAL HOSPITAL HUNDLEY CENTER,SOUTH HILL,VA,Mecklenburg,117,2022Q3,20220818,81,8.0,8.0,0.0,50.75,50.75,0.0,29.5,29.5,0.0,0.0,0.0,0.0,141.75,67.5,74.25,141.25,80.75,60.5,0.0,0.0,0.0,0.0,0.0,0.0,
495177,COMMUNITY MEMORIAL HOSPITAL HUNDLEY CENTER,SOUTH HILL,VA,Mecklenburg,117,2022Q3,20220819,79,8.0,8.0,0.0,48.5,48.5,0.0,9.75,9.75,0.0,0.0,0.0,0.0,96.25,58.0,38.25,118.75,85.75,33.0,0.0,0.0,0.0,0.0,0.0,0.0,
495177,COMMUNITY MEMORIAL HOSPITAL HUNDLEY CENTER,SOUTH HILL,VA,Mecklenburg,117,2022Q3,20220820,79,0.0,0.0,0.0,4.0,4.0,0.0,0.0,0.0,0.0,0.0,0.0,0.0,126.0,64.0,62.0,116.5,80.5,36.0,0.0,0.0,0.0,0.0,0.0,0.0,
495177,COMMUNITY MEMORIAL HOSPITAL HUNDLEY CENTER,SOUTH HILL,VA,Mecklenburg,117,2022Q3,20220821,79,0.0,0.0,0.0,0.0,0.0,0.0,12.0,0.0,12.0,0.0,0.0,0.0,129.75,59.25,70.5,134.75,89.25,45.5,0.0,0.0,0.0,0.0,0.0,0.0,
495177,COMMUNITY MEMORIAL HOSPITAL HUNDLEY CENTER,SOUTH HILL,VA,Mecklenburg,117,2022Q3,20220822,79,8.0,8.0,0.0,54.5,54.5,0.0,19.25,19.25,0.0,0.0,0.0,0.0,146.25,72.0,74.25,133.75,77.75,56.0,0.0,0.0,0.0,0.0,0.0,0.0,
495177,COMMUNITY MEMORIAL HOSPITAL HUNDLEY CENTER,SOUTH HILL,VA,Mecklenburg,117,2022Q3,20220823,79,8.0,8.0,0.0,55.25,55.25,0.0,28.5,28.5,0.0,0.0,0.0,0.0,120.75,60.5,60.25,147.75,81.0,66.75,0.0,0.0,0.0,0.0,0.0,0.0,
495177,COMMUNITY MEMORIAL HOSPITAL HUNDLEY CENTER,SOUTH HILL,VA,Mecklenburg,117,2022Q3,20220824,81,8.0,8.0,0.0,55.75,55.75,0.0,40.75,34.5,6.25,0.0,0.0,0.0,136.0,77.75,58.25,134.0,88.25,45.75,0.0,0.0,0.0,0.0,0.0,0.0,
495177,COMMUNITY MEMORIAL HOSPITAL HUNDLEY CENTER,SOUTH HILL,VA,Mecklenburg,117,2022Q3,20220825,82,8.0,8.0,0.0,48.75,48.75,0.0,42.0,35.5,6.5,0.0,0.0,0.0,138.5,67.0,71.5,102.75,82.5,20.25,0.0,0.0,0.0,0.0,0.0,0.0,
495177,COMMUNITY MEMORIAL HOSPITAL HUNDLEY CENTER,SOUTH HILL,VA,Mecklenburg,117,2022Q3,20220826,85,8.0,8.0,0.0,59.75,59.75,0.0,46.5,33.5,13.0,0.0,0.0,0.0,111.5,42.25,69.25,145.75,101.0,44.75,0.0,0.0,0.0,0.0,0.0,0.0,
495177,COMMUNITY MEMORIAL HOSPITAL HUNDLEY CENTER,SOUTH HILL,VA,Mecklenburg,117,2022Q3,20220827,83,0.0,0.0,0.0,0.0,0.0,0.0,22.25,10.0,12.25,0.0,0.0,0.0,102.25,75.75,26.5,121.5,99.5,22.0,0.0,0.0,0.0,0.0,0.0,0.0,
495177,COMMUNITY MEMORIAL HOSPITAL HUNDLEY CENTER,SOUTH HILL,VA,Mecklenburg,117,2022Q3,20220828,83,0.0,0.0,0.0,0.0,0.0,0.0,22.0,10.0,12.0,0.0,0.0,0.0,119.75,83.5,36.25,131.75,104.0,27.75,0.0,0.0,0.0,0.0,0.0,0.0,
495177,COMMUNITY MEMORIAL HOSPITAL HUNDLEY CENTER,SOUTH HILL,VA,Mecklenburg,117,2022Q3,20220829,84,8.0,8.0,0.0,42.5,42.5,0.0,37.25,37.25,0.0,0.0,0.0,0.0,101.25,35.5,65.75,124.0,88.5,35.5,0.0,0.0,0.0,0.0,0.0,0.0,
495177,COMMUNITY MEMORIAL HOSPITAL HUNDLEY CENTER,SOUTH HILL,VA,Mecklenburg,117,2022Q3,20220830,84,8.0,8.0,0.0,55.25,55.25,0.0,32.0,32.0,0.0,0.0,0.0,0.0,135.75,60.0,75.75,140.25,85.75,54.5,0.0,0.0,0.0,0.0,0.0,0.0,
495177,COMMUNITY MEMORIAL HOSPITAL HUNDLEY CENTER,SOUTH HILL,VA,Mecklenburg,117,2022Q3,20220831,84,8.0,8.0,0.0,57.5,57.5,0.0,49.5,42.0,7.5,0.0,0.0,0.0,127.25,77.75,49.5,162.0,123.0,39.0,0.0,0.0,0.0,0.0,0.0,0.0,
495177,COMMUNITY MEMORIAL HOSPITAL HUNDLEY CENTER,SOUTH HILL,VA,Mecklenburg,117,2022Q3,20220901,83,8.0,8.0,0.0,47.75,47.75,0.0,40.75,34.0,6.75,0.0,0.0,0.0,129.25,76.0,53.25,159.0,102.0,57.0,0.0,0.0,0.0,0.0,0.0,0.0,
495177,COMMUNITY MEMORIAL HOSPITAL HUNDLEY CENTER,SOUTH HILL,VA,Mecklenburg,117,2022Q3,20220902,83,0.0,0.0,0.0,49.75,49.75,0.0,25.25,12.75,12.5,0.0,0.0,0.0,137.5,66.5,71.0,160.5,124.0,36.5,0.0,0.0,0.0,0.0,0.0,0.0,
495177,COMMUNITY MEMORIAL HOSPITAL HUNDLEY CENTER,SOUTH HILL,VA,Mecklenburg,117,2022Q3,20220903,83,0.0,0.0,0.0,0.0,0.0,0.0,13.25,0.0,13.25,0.0,0.0,0.0,103.25,65.5,37.75,116.0,68.0,48.0,0.0,0.0,0.0,0.0,0.0,0.0,
495177,COMMUNITY MEMORIAL HOSPITAL HUNDLEY CENTER,SOUTH HILL,VA,Mecklenburg,117,2022Q3,20220904,82,0.0,0.0,0.0,0.0,0.0,0.0,12.75,0.75,12.0,0.0,0.0,0.0,106.0,69.0,37.0,91.0,67.5,23.5,0.0,0.0,0.0,0.0,0.0,0.0,
495177,COMMUNITY MEMORIAL HOSPITAL HUNDLEY CENTER,SOUTH HILL,VA,Mecklenburg,117,2022Q3,20220905,82,8.0,8.0,0.0,29.5,29.5,0.0,18.25,18.25,0.0,0.0,0.0,0.0,108.75,68.25,40.5,142.25,115.5,26.75,0.0,0.0,0.0,0.0,0.0,0.0,
495177,COMMUNITY MEMORIAL HOSPITAL HUNDLEY CENTER,SOUTH HILL,VA,Mecklenburg,117,2022Q3,20220906,81,8.0,8.0,0.0,56.5,56.5,0.0,42.75,34.25,8.5,0.0,0.0,0.0,124.0,87.5,36.5,160.25,103.25,57.0,0.0,0.0,0.0,0.0,0.0,0.0,
495177,COMMUNITY MEMORIAL HOSPITAL HUNDLEY CENTER,SOUTH HILL,VA,Mecklenburg,117,2022Q3,20220907,80,8.0,8.0,0.0,49.75,49.75,0.0,28.25,21.5,6.75,0.0,0.0,0.0,163.25,70.75,92.5,153.0,108.75,44.25,0.0,0.0,0.0,0.0,0.0,0.0,
495177,COMMUNITY MEMORIAL HOSPITAL HUNDLEY CENTER,SOUTH HILL,VA,Mecklenburg,117,2022Q3,20220908,81,8.0,8.0,0.0,37.0,37.0,0.0,29.0,29.0,0.0,0.0,0.0,0.0,135.0,34.25,100.75,157.0,90.0,67.0,0.0,0.0,0.0,0.0,0.0,0.0,
495177,COMMUNITY MEMORIAL HOSPITAL HUNDLEY CENTER,SOUTH HILL,VA,Mecklenburg,117,2022Q3,20220909,83,8.0,8.0,0.0,43.0,43.0,0.0,26.75,14.75,12.0,0.0,0.0,0.0,135.0,51.0,84.0,123.5,67.0,56.5,0.0,0.0,0.0,0.0,0.0,0.0,
495177,COMMUNITY MEMORIAL HOSPITAL HUNDLEY CENTER,SOUTH HILL,VA,Mecklenburg,117,2022Q3,20220910,83,0.0,0.0,0.0,0.0,0.0,0.0,23.5,11.25,12.25,0.0,0.0,0.0,125.0,82.0,43.0,126.5,93.75,32.75,0.0,0.0,0.0,0.0,0.0,0.0,
495177,COMMUNITY MEMORIAL HOSPITAL HUNDLEY CENTER,SOUTH HILL,VA,Mecklenburg,117,2022Q3,20220911,83,0.0,0.0,0.0,0.0,0.0,0.0,22.25,10.5,11.75,0.0,0.0,0.0,117.75,71.5,46.25,104.25,79.0,25.25,0.0,0.0,0.0,0.0,0.0,0.0,
495177,COMMUNITY MEMORIAL HOSPITAL HUNDLEY CENTER,SOUTH HILL,VA,Mecklenburg,117,2022Q3,20220912,83,8.0,8.0,0.0,51.5,51.5,0.0,26.0,26.0,0.0,0.0,0.0,0.0,130.0,54.5,75.5,93.0,48.0,45.0,0.0,0.0,0.0,0.0,0.0,0.0,
495177,COMMUNITY MEMORIAL HOSPITAL HUNDLEY CENTER,SOUTH HILL,VA,Mecklenburg,117,2022Q3,20220913,84,8.0,8.0,0.0,55.5,55.5,0.0,25.75,18.75,7.0,0.0,0.0,0.0,155.0,66.75,88.25,154.0,100.25,53.75,0.0,0.0,0.0,0.0,0.0,0.0,
495177,COMMUNITY MEMORIAL HOSPITAL HUNDLEY CENTER,SOUTH HILL,VA,Mecklenburg,117,2022Q3,20220914,82,8.0,8.0,0.0,47.0,47.0,0.0,15.0,15.0,0.0,0.0,0.0,0.0,114.0,62.0,52.0,164.5,119.75,44.75,0.0,0.0,0.0,0.0,0.0,0.0,
495177,COMMUNITY MEMORIAL HOSPITAL HUNDLEY CENTER,SOUTH HILL,VA,Mecklenburg,117,2022Q3,20220915,83,8.0,8.0,0.0,46.25,46.25,0.0,33.5,29.5,4.0,0.0,0.0,0.0,113.5,58.0,55.5,130.5,99.0,31.5,0.0,0.0,0.0,0.0,0.0,0.0,
495177,COMMUNITY MEMORIAL HOSPITAL HUNDLEY CENTER,SOUTH HILL,VA,Mecklenburg,117,2022Q3,20220916,84,8.0,8.0,0.0,49.75,49.75,0.0,39.5,19.75,19.75,0.0,0.0,0.0,136.25,76.75,59.5,143.25,96.25,47.0,0.0,0.0,0.0,0.0,0.0,0.0,
495177,COMMUNITY MEMORIAL HOSPITAL HUNDLEY CENTER,SOUTH HILL,VA,Mecklenburg,117,2022Q3,20220917,84,0.0,0.0,0.0,0.0,0.0,0.0,0.0,0.0,0.0,0.0,0.0,0.0,133.5,82.75,50.75,117.5,63.75,53.75,0.0,0.0,0.0,0.0,0.0,0.0,
495177,COMMUNITY MEMORIAL HOSPITAL HUNDLEY CENTER,SOUTH HILL,VA,Mecklenburg,117,2022Q3,20220918,84,0.0,0.0,0.0,8.5,8.5,0.0,0.0,0.0,0.0,0.0,0.0,0.0,132.0,84.0,48.0,135.75,88.0,47.75,0.0,0.0,0.0,0.0,0.0,0.0,
495177,COMMUNITY MEMORIAL HOSPITAL HUNDLEY CENTER,SOUTH HILL,VA,Mecklenburg,117,2022Q3,20220919,84,8.0,8.0,0.0,40.25,40.25,0.0,31.75,23.5,8.25,0.0,0.0,0.0,151.75,82.0,69.75,145.25,109.75,35.5,0.0,0.0,0.0,0.0,0.0,0.0,
495177,COMMUNITY MEMORIAL HOSPITAL HUNDLEY CENTER,SOUTH HILL,VA,Mecklenburg,117,2022Q3,20220920,86,8.0,8.0,0.0,41.75,41.75,0.0,49.75,39.0,10.75,0.0,0.0,0.0,111.25,41.0,70.25,173.75,118.25,55.5,0.0,0.0,0.0,0.0,0.0,0.0,
495177,COMMUNITY MEMORIAL HOSPITAL HUNDLEY CENTER,SOUTH HILL,VA,Mecklenburg,117,2022Q3,20220921,88,8.0,8.0,0.0,39.0,39.0,0.0,28.25,19.25,9.0,0.0,0.0,0.0,136.5,94.75,41.75,159.75,116.5,43.25,0.0,0.0,0.0,0.0,0.0,0.0,
495177,COMMUNITY MEMORIAL HOSPITAL HUNDLEY CENTER,SOUTH HILL,VA,Mecklenburg,117,2022Q3,20220922,89,8.0,8.0,0.0,36.5,36.5,0.0,18.25,18.25,0.0,0.0,0.0,0.0,139.25,76.25,63.0,157.25,107.75,49.5,0.0,0.0,0.0,0.0,0.0,0.0,
495177,COMMUNITY MEMORIAL HOSPITAL HUNDLEY CENTER,SOUTH HILL,VA,Mecklenburg,117,2022Q3,20220923,91,8.0,8.0,0.0,35.0,35.0,0.0,33.25,26.0,7.25,0.0,0.0,0.0,108.0,61.75,46.25,125.75,108.25,17.5,0.0,0.0,0.0,0.0,0.0,0.0,
495177,COMMUNITY MEMORIAL HOSPITAL HUNDLEY CENTER,SOUTH HILL,VA,Mecklenburg,117,2022Q3,20220924,91,0.0,0.0,0.0,2.25,2.25,0.0,10.0,10.0,0.0,0.0,0.0,0.0,141.25,82.75,58.5,123.25,99.5,23.75,0.0,0.0,0.0,0.0,0.0,0.0,
495177,COMMUNITY MEMORIAL HOSPITAL HUNDLEY CENTER,SOUTH HILL,VA,Mecklenburg,117,2022Q3,20220925,89,0.0,0.0,0.0,0.0,0.0,0.0,10.5,10.5,0.0,0.0,0.0,0.0,133.75,78.25,55.5,107.75,84.75,23.0,0.0,0.0,0.0,0.0,0.0,0.0,
495177,COMMUNITY MEMORIAL HOSPITAL HUNDLEY CENTER,SOUTH HILL,VA,Mecklenburg,117,2022Q3,20220926,88,8.0,8.0,0.0,42.25,42.25,0.0,26.0,18.0,8.0,0.0,0.0,0.0,136.25,71.25,65.0,131.25,87.75,43.5,0.0,0.0,0.0,0.0,0.0,0.0,
495177,COMMUNITY MEMORIAL HOSPITAL HUNDLEY CENTER,SOUTH HILL,VA,Mecklenburg,117,2022Q3,20220927,90,8.0,8.0,0.0,44.0,44.0,0.0,26.0,17.75,8.25,0.0,0.0,0.0,140.5,75.75,64.75,124.25,91.25,33.0,0.0,0.0,0.0,0.0,0.0,0.0,
495177,COMMUNITY MEMORIAL HOSPITAL HUNDLEY CENTER,SOUTH HILL,VA,Mecklenburg,117,2022Q3,20220928,89,8.0,8.0,0.0,41.25,41.25,0.0,18.0,18.0,0.0,0.0,0.0,0.0,150.75,81.0,69.75,162.0,122.75,39.25,0.0,0.0,0.0,0.0,0.0,0.0,
495177,COMMUNITY MEMORIAL HOSPITAL HUNDLEY CENTER,SOUTH HILL,VA,Mecklenburg,117,2022Q3,20220929,89,8.0,8.0,0.0,41.75,41.75,0.0,22.25,22.25,0.0,0.0,0.0,0.0,144.75,67.25,77.5,174.25,130.5,43.75,0.0,0.0,0.0,0.0,0.0,0.0,
495177,COMMUNITY MEMORIAL HOSPITAL HUNDLEY CENTER,SOUTH HILL,VA,Mecklenburg,117,2022Q3,20220930,86,0.0,0.0,0.0,31.25,31.25,0.0,0.0,0.0,0.0,0.0,0.0,0.0,166.0,86.75,79.25,98.75,98.75,0.0,0.0,0.0,0.0,0.0,0.0,0.0,
495177,COMMUNITY MEMORIAL HOSPITAL HUNDLEY CENTER,SOUTH HILL,VA,Mecklenburg,117,2022Q4,20221001,86,0.0,0.0,0.0,0.0,0.0,0.0,8.5,8.5,0.0,0.0,0.0,0.0,123.5,62.0,61.5,104.5,72.5,32.0,0.0,0.0,0.0,0.0,0.0,0.0,
495177,COMMUNITY MEMORIAL HOSPITAL HUNDLEY CENTER,SOUTH HILL,VA,Mecklenburg,117,2022Q4,20221002,86,0.0,0.0,0.0,0.0,0.0,0.0,23.75,12.0,11.75,0.0,0.0,0.0,116.75,58.75,58.0,118.25,82.0,36.25,0.0,0.0,0.0,0.0,0.0,0.0,
495177,COMMUNITY MEMORIAL HOSPITAL HUNDLEY CENTER,SOUTH HILL,VA,Mecklenburg,117,2022Q4,20221003,83,8.0,8.0,0.0,43.75,43.75,0.0,25.5,10.25,15.25,0.0,0.0,0.0,130.5,38.25,92.25,119.0,90.0,29.0,0.0,0.0,0.0,0.0,0.0,0.0,
495177,COMMUNITY MEMORIAL HOSPITAL HUNDLEY CENTER,SOUTH HILL,VA,Mecklenburg,117,2022Q4,20221004,84,8.0,8.0,0.0,41.75,41.75,0.0,29.5,29.5,0.0,0.0,0.0,0.0,162.0,90.0,72.0,154.0,106.0,48.0,0.0,0.0,0.0,0.0,0.0,0.0,
495177,COMMUNITY MEMORIAL HOSPITAL HUNDLEY CENTER,SOUTH HILL,VA,Mecklenburg,117,2022Q4,20221005,84,8.0,8.0,0.0,42.25,42.25,0.0,22.75,22.75,0.0,0.0,0.0,0.0,113.5,58.0,55.5,152.75,104.75,48.0,0.0,0.0,0.0,0.0,0.0,0.0,
495177,COMMUNITY MEMORIAL HOSPITAL HUNDLEY CENTER,SOUTH HILL,VA,Mecklenburg,117,2022Q4,20221006,85,8.0,8.0,0.0,44.25,44.25,0.0,29.5,22.5,7.0,0.0,0.0,0.0,125.25,56.5,68.75,127.5,98.25,29.25,0.0,0.0,0.0,0.0,0.0,0.0,
495177,COMMUNITY MEMORIAL HOSPITAL HUNDLEY CENTER,SOUTH HILL,VA,Mecklenburg,117,2022Q4,20221007,85,8.0,8.0,0.0,22.75,22.75,0.0,31.0,12.0,19.0,0.0,0.0,0.0,106.0,53.0,53.0,129.5,112.75,16.75,0.0,0.0,0.0,0.0,0.0,0.0,
495177,COMMUNITY MEMORIAL HOSPITAL HUNDLEY CENTER,SOUTH HILL,VA,Mecklenburg,117,2022Q4,20221008,85,0.0,0.0,0.0,0.0,0.0,0.0,22.5,10.25,12.25,0.0,0.0,0.0,142.5,75.75,66.75,120.75,97.0,23.75,0.0,0.0,0.0,0.0,0.0,0.0,
495177,COMMUNITY MEMORIAL HOSPITAL HUNDLEY CENTER,SOUTH HILL,VA,Mecklenburg,117,2022Q4,20221009,85,0.0,0.0,0.0,0.0,0.0,0.0,12.75,12.75,0.0,0.0,0.0,0.0,135.0,64.0,71.0,118.5,94.5,24.0,0.0,0.0,0.0,0.0,0.0,0.0,
495177,COMMUNITY MEMORIAL HOSPITAL HUNDLEY CENTER,SOUTH HILL,VA,Mecklenburg,117,2022Q4,20221010,84,8.0,8.0,0.0,44.0,44.0,0.0,22.75,22.75,0.0,0.0,0.0,0.0,138.5,66.25,72.25,125.0,86.5,38.5,0.0,0.0,0.0,0.0,0.0,0.0,
495177,COMMUNITY MEMORIAL HOSPITAL HUNDLEY CENTER,SOUTH HILL,VA,Mecklenburg,117,2022Q4,20221011,85,8.0,8.0,0.0,42.75,42.75,0.0,10.25,10.25,0.0,0.0,0.0,0.0,143.5,84.75,58.75,125.75,102.5,23.25,0.0,0.0,0.0,0.0,0.0,0.0,
495177,COMMUNITY MEMORIAL HOSPITAL HUNDLEY CENTER,SOUTH HILL,VA,Mecklenburg,117,2022Q4,20221012,85,8.0,8.0,0.0,42.5,42.5,0.0,30.0,22.0,8.0,0.0,0.0,0.0,144.25,66.5,77.75,156.75,108.5,48.25,0.0,0.0,0.0,0.0,0.0,0.0,
495177,COMMUNITY MEMORIAL HOSPITAL HUNDLEY CENTER,SOUTH HILL,VA,Mecklenburg,117,2022Q4,20221013,84,8.0,8.0,0.0,40.25,40.25,0.0,23.0,21.75,1.25,0.0,0.0,0.0,122.75,28.75,94.0,139.5,98.5,41.0,0.0,0.0,0.0,0.0,0.0,0.0,
495177,COMMUNITY MEMORIAL HOSPITAL HUNDLEY CENTER,SOUTH HILL,VA,Mecklenburg,117,2022Q4,20221014,84,8.0,8.0,0.0,26.5,26.5,0.0,28.5,9.75,18.75,0.0,0.0,0.0,96.25,54.0,42.25,133.5,94.25,39.25,0.0,0.0,0.0,0.0,0.0,0.0,
495177,COMMUNITY MEMORIAL HOSPITAL HUNDLEY CENTER,SOUTH HILL,VA,Mecklenburg,117,2022Q4,20221015,83,0.0,0.0,0.0,4.0,4.0,0.0,13.25,13.25,0.0,0.0,0.0,0.0,121.0,47.25,73.75,101.5,77.25,24.25,0.0,0.0,0.0,0.0,0.0,0.0,
495177,COMMUNITY MEMORIAL HOSPITAL HUNDLEY CENTER,SOUTH HILL,VA,Mecklenburg,117,2022Q4,20221016,83,0.0,0.0,0.0,0.0,0.0,0.0,11.75,11.75,0.0,0.0,0.0,0.0,129.25,78.75,50.5,118.0,72.75,45.25,0.0,0.0,0.0,0.0,0.0,0.0,
495177,COMMUNITY MEMORIAL HOSPITAL HUNDLEY CENTER,SOUTH HILL,VA,Mecklenburg,117,2022Q4,20221017,83,8.0,8.0,0.0,32.0,32.0,0.0,9.75,9.75,0.0,0.0,0.0,0.0,108.5,51.0,57.5,130.5,86.5,44.0,0.0,0.0,0.0,0.0,0.0,0.0,
495177,COMMUNITY MEMORIAL HOSPITAL HUNDLEY CENTER,SOUTH HILL,VA,Mecklenburg,117,2022Q4,20221018,83,8.0,8.0,0.0,41.5,41.5,0.0,37.5,37.5,0.0,0.0,0.0,0.0,125.75,62.0,63.75,141.0,107.0,34.0,0.0,0.0,0.0,0.0,0.0,0.0,
495177,COMMUNITY MEMORIAL HOSPITAL HUNDLEY CENTER,SOUTH HILL,VA,Mecklenburg,117,2022Q4,20221019,83,8.0,8.0,0.0,35.75,35.75,0.0,16.75,16.75,0.0,0.0,0.0,0.0,108.0,62.25,45.75,145.0,107.75,37.25,0.0,0.0,0.0,0.0,0.0,0.0,
495177,COMMUNITY MEMORIAL HOSPITAL HUNDLEY CENTER,SOUTH HILL,VA,Mecklenburg,117,2022Q4,20221020,84,8.0,8.0,0.0,43.5,43.5,0.0,22.5,12.75,9.75,0.0,0.0,0.0,127.75,59.75,68.0,133.25,76.5,56.75,0.0,0.0,0.0,0.0,0.0,0.0,
495177,COMMUNITY MEMORIAL HOSPITAL HUNDLEY CENTER,SOUTH HILL,VA,Mecklenburg,117,2022Q4,20221021,83,8.0,8.0,0.0,45.0,45.0,0.0,11.0,11.0,0.0,0.0,0.0,0.0,103.25,61.0,42.25,108.75,73.25,35.5,0.0,0.0,0.0,0.0,0.0,0.0,
495177,COMMUNITY MEMORIAL HOSPITAL HUNDLEY CENTER,SOUTH HILL,VA,Mecklenburg,117,2022Q4,20221022,83,0.0,0.0,0.0,0.0,0.0,0.0,10.0,10.0,0.0,0.0,0.0,0.0,133.75,57.75,76.0,109.75,101.75,8.0,0.0,0.0,0.0,0.0,0.0,0.0,
495177,COMMUNITY MEMORIAL HOSPITAL HUNDLEY CENTER,SOUTH HILL,VA,Mecklenburg,117,2022Q4,20221023,83,0.0,0.0,0.0,0.0,0.0,0.0,9.75,9.75,0.0,0.0,0.0,0.0,132.25,74.5,57.75,113.25,81.0,32.25,0.0,0.0,0.0,0.0,0.0,0.0,
495177,COMMUNITY MEMORIAL HOSPITAL HUNDLEY CENTER,SOUTH HILL,VA,Mecklenburg,117,2022Q4,20221024,81,8.0,8.0,0.0,41.25,41.25,0.0,27.5,27.5,0.0,0.0,0.0,0.0,123.25,54.0,69.25,153.0,87.25,65.75,0.0,0.0,0.0,0.0,0.0,0.0,
495177,COMMUNITY MEMORIAL HOSPITAL HUNDLEY CENTER,SOUTH HILL,VA,Mecklenburg,117,2022Q4,20221025,81,8.0,8.0,0.0,43.75,43.75,0.0,15.75,15.75,0.0,0.0,0.0,0.0,140.5,47.75,92.75,144.25,103.5,40.75,0.0,0.0,0.0,0.0,0.0,0.0,
495177,COMMUNITY MEMORIAL HOSPITAL HUNDLEY CENTER,SOUTH HILL,VA,Mecklenburg,117,2022Q4,20221026,79,8.0,8.0,0.0,34.0,34.0,0.0,21.0,21.0,0.0,0.0,0.0,0.0,136.5,68.75,67.75,158.75,101.25,57.5,0.0,0.0,0.0,0.0,0.0,0.0,
495177,COMMUNITY MEMORIAL HOSPITAL HUNDLEY CENTER,SOUTH HILL,VA,Mecklenburg,117,2022Q4,20221027,79,8.0,8.0,0.0,41.5,41.5,0.0,18.25,18.25,0.0,0.0,0.0,0.0,122.5,89.5,33.0,118.25,74.25,44.0,0.0,0.0,0.0,0.0,0.0,0.0,
495177,COMMUNITY MEMORIAL HOSPITAL HUNDLEY CENTER,SOUTH HILL,VA,Mecklenburg,117,2022Q4,20221028,79,8.0,8.0,0.0,48.0,48.0,0.0,14.75,14.75,0.0,0.0,0.0,0.0,109.5,63.75,45.75,132.75,109.5,23.25,0.0,0.0,0.0,0.0,0.0,0.0,
495177,COMMUNITY MEMORIAL HOSPITAL HUNDLEY CENTER,SOUTH HILL,VA,Mecklenburg,117,2022Q4,20221029,78,0.0,0.0,0.0,0.0,0.0,0.0,12.5,12.5,0.0,0.0,0.0,0.0,137.5,34.25,103.25,119.25,70.25,49.0,0.0,0.0,0.0,0.0,0.0,0.0,
495177,COMMUNITY MEMORIAL HOSPITAL HUNDLEY CENTER,SOUTH HILL,VA,Mecklenburg,117,2022Q4,20221030,78,0.0,0.0,0.0,0.0,0.0,0.0,12.0,12.0,0.0,0.0,0.0,0.0,92.25,31.75,60.5,97.75,81.25,16.5,0.0,0.0,0.0,0.0,0.0,0.0,
495177,COMMUNITY MEMORIAL HOSPITAL HUNDLEY CENTER,SOUTH HILL,VA,Mecklenburg,117,2022Q4,20221031,79,8.0,8.0,0.0,28.0,28.0,0.0,13.25,12.75,0.5,0.0,0.0,0.0,119.75,60.5,59.25,140.25,96.25,44.0,0.0,0.0,0.0,0.0,0.0,0.0,
495177,COMMUNITY MEMORIAL HOSPITAL HUNDLEY CENTER,SOUTH HILL,VA,Mecklenburg,117,2022Q4,20221101,79,0.0,0.0,0.0,24.0,24.0,0.0,20.5,20.5,0.0,0.0,0.0,0.0,100.0,52.25,47.75,161.5,116.25,45.25,0.0,0.0,0.0,0.0,0.0,0.0,
495177,COMMUNITY MEMORIAL HOSPITAL HUNDLEY CENTER,SOUTH HILL,VA,Mecklenburg,117,2022Q4,20221102,81,0.0,0.0,0.0,36.5,36.5,0.0,39.5,30.0,9.5,0.0,0.0,0.0,145.25,82.5,62.75,144.75,110.75,34.0,0.0,0.0,0.0,0.0,0.0,0.0,
495177,COMMUNITY MEMORIAL HOSPITAL HUNDLEY CENTER,SOUTH HILL,VA,Mecklenburg,117,2022Q4,20221103,82,0.0,0.0,0.0,40.75,40.75,0.0,24.5,14.75,9.75,0.0,0.0,0.0,153.0,89.5,63.5,148.0,98.75,49.25,0.0,0.0,0.0,0.0,0.0,0.0,
495177,COMMUNITY MEMORIAL HOSPITAL HUNDLEY CENTER,SOUTH HILL,VA,Mecklenburg,117,2022Q4,20221104,80,0.0,0.0,0.0,41.25,41.25,0.0,17.0,17.0,0.0,0.0,0.0,0.0,111.75,59.0,52.75,148.25,90.25,58.0,0.0,0.0,0.0,0.0,0.0,0.0,
495177,COMMUNITY MEMORIAL HOSPITAL HUNDLEY CENTER,SOUTH HILL,VA,Mecklenburg,117,2022Q4,20221105,80,0.0,0.0,0.0,0.0,0.0,0.0,10.5,10.5,0.0,0.0,0.0,0.0,122.5,73.5,49.0,135.75,103.5,32.25,0.0,0.0,0.0,0.0,0.0,0.0,
495177,COMMUNITY MEMORIAL HOSPITAL HUNDLEY CENTER,SOUTH HILL,VA,Mecklenburg,117,2022Q4,20221106,79,0.0,0.0,0.0,0.0,0.0,0.0,10.5,10.5,0.0,0.0,0.0,0.0,127.0,75.25,51.75,113.75,81.75,32.0,0.0,0.0,0.0,0.0,0.0,0.0,
495177,COMMUNITY MEMORIAL HOSPITAL HUNDLEY CENTER,SOUTH HILL,VA,Mecklenburg,117,2022Q4,20221107,77,8.0,8.0,0.0,33.75,33.75,0.0,22.25,22.0,0.25,0.0,0.0,0.0,120.25,43.75,76.5,144.75,95.5,49.25,0.0,0.0,0.0,0.0,0.0,0.0,
495177,COMMUNITY MEMORIAL HOSPITAL HUNDLEY CENTER,SOUTH HILL,VA,Mecklenburg,117,2022Q4,20221108,77,8.0,8.0,0.0,40.5,40.5,0.0,16.0,8.25,7.75,0.0,0.0,0.0,135.5,59.25,76.25,165.75,121.5,44.25,0.0,0.0,0.0,0.0,0.0,0.0,
495177,COMMUNITY MEMORIAL HOSPITAL HUNDLEY CENTER,SOUTH HILL,VA,Mecklenburg,117,2022Q4,20221109,78,0.0,0.0,0.0,43.75,43.75,0.0,37.75,29.75,8.0,0.0,0.0,0.0,145.75,77.75,68.0,141.5,72.75,68.75,0.0,0.0,0.0,0.0,0.0,0.0,
495177,COMMUNITY MEMORIAL HOSPITAL HUNDLEY CENTER,SOUTH HILL,VA,Mecklenburg,117,2022Q4,20221110,78,8.0,8.0,0.0,24.0,24.0,0.0,29.5,21.5,8.0,0.0,0.0,0.0,155.25,91.75,63.5,158.25,105.75,52.5,0.0,0.0,0.0,0.0,0.0,0.0,
495177,COMMUNITY MEMORIAL HOSPITAL HUNDLEY CENTER,SOUTH HILL,VA,Mecklenburg,117,2022Q4,20221111,80,8.0,8.0,0.0,35.75,35.75,0.0,15.25,10.25,5.0,0.0,0.0,0.0,145.25,94.0,51.25,78.75,72.25,6.5,0.0,0.0,0.0,0.0,0.0,0.0,
495177,COMMUNITY MEMORIAL HOSPITAL HUNDLEY CENTER,SOUTH HILL,VA,Mecklenburg,117,2022Q4,20221112,79,0.0,0.0,0.0,0.0,0.0,0.0,11.5,10.75,0.75,0.0,0.0,0.0,147.25,55.75,91.5,114.25,54.75,59.5,0.0,0.0,0.0,0.0,0.0,0.0,
495177,COMMUNITY MEMORIAL HOSPITAL HUNDLEY CENTER,SOUTH HILL,VA,Mecklenburg,117,2022Q4,20221113,79,0.0,0.0,0.0,1.0,1.0,0.0,12.0,12.0,0.0,0.0,0.0,0.0,117.75,60.0,57.75,127.25,79.75,47.5,0.0,0.0,0.0,0.0,0.0,0.0,
495177,COMMUNITY MEMORIAL HOSPITAL HUNDLEY CENTER,SOUTH HILL,VA,Mecklenburg,117,2022Q4,20221114,81,8.0,8.0,0.0,33.25,33.25,0.0,32.5,19.0,13.5,0.0,0.0,0.0,138.25,69.0,69.25,138.5,130.5,8.0,0.0,0.0,0.0,0.0,0.0,0.0,
495177,COMMUNITY MEMORIAL HOSPITAL HUNDLEY CENTER,SOUTH HILL,VA,Mecklenburg,117,2022Q4,20221115,82,8.0,8.0,0.0,42.5,42.5,0.0,25.5,11.25,14.25,0.0,0.0,0.0,141.0,83.75,57.25,143.75,101.75,42.0,0.0,0.0,0.0,0.0,0.0,0.0,
495177,COMMUNITY MEMORIAL HOSPITAL HUNDLEY CENTER,SOUTH HILL,VA,Mecklenburg,117,2022Q4,20221116,82,8.0,8.0,0.0,49.5,49.5,0.0,23.25,23.25,0.0,0.0,0.0,0.0,117.75,72.75,45.0,142.0,105.75,36.25,0.0,0.0,0.0,0.0,0.0,0.0,
495177,COMMUNITY MEMORIAL HOSPITAL HUNDLEY CENTER,SOUTH HILL,VA,Mecklenburg,117,2022Q4,20221117,82,8.0,8.0,0.0,52.25,52.25,0.0,19.25,19.25,0.0,0.0,0.0,0.0,152.75,87.5,65.25,122.75,90.0,32.75,0.0,0.0,0.0,0.0,0.0,0.0,
495177,COMMUNITY MEMORIAL HOSPITAL HUNDLEY CENTER,SOUTH HILL,VA,Mecklenburg,117,2022Q4,20221118,80,8.0,8.0,0.0,51.5,51.5,0.0,31.75,31.75,0.0,0.0,0.0,0.0,124.5,68.75,55.75,113.0,72.0,41.0,0.0,0.0,0.0,0.0,0.0,0.0,
495177,COMMUNITY MEMORIAL HOSPITAL HUNDLEY CENTER,SOUTH HILL,VA,Mecklenburg,117,2022Q4,20221119,80,0.0,0.0,0.0,4.5,4.5,0.0,28.75,16.25,12.5,0.0,0.0,0.0,115.25,78.25,37.0,106.75,78.0,28.75,0.0,0.0,0.0,0.0,0.0,0.0,
495177,COMMUNITY MEMORIAL HOSPITAL HUNDLEY CENTER,SOUTH HILL,VA,Mecklenburg,117,2022Q4,20221120,80,0.0,0.0,0.0,6.0,6.0,0.0,16.0,3.25,12.75,0.0,0.0,0.0,124.5,87.25,37.25,61.0,47.0,14.0,0.0,0.0,0.0,0.0,0.0,0.0,
495177,COMMUNITY MEMORIAL HOSPITAL HUNDLEY CENTER,SOUTH HILL,VA,Mecklenburg,117,2022Q4,20221121,81,8.0,8.0,0.0,48.0,48.0,0.0,37.0,37.0,0.0,0.0,0.0,0.0,122.5,56.75,65.75,133.5,88.75,44.75,0.0,0.0,0.0,0.0,0.0,0.0,
495177,COMMUNITY MEMORIAL HOSPITAL HUNDLEY CENTER,SOUTH HILL,VA,Mecklenburg,117,2022Q4,20221122,81,8.0,8.0,0.0,46.5,46.5,0.0,24.5,24.5,0.0,0.0,0.0,0.0,132.25,70.0,62.25,145.25,109.0,36.25,0.0,0.0,0.0,0.0,0.0,0.0,
495177,COMMUNITY MEMORIAL HOSPITAL HUNDLEY CENTER,SOUTH HILL,VA,Mecklenburg,117,2022Q4,20221123,83,8.0,8.0,0.0,40.25,40.25,0.0,34.25,34.25,0.0,0.0,0.0,0.0,113.5,79.75,33.75,162.75,113.5,49.25,0.0,0.0,0.0,0.0,0.0,0.0,
495177,COMMUNITY MEMORIAL HOSPITAL HUNDLEY CENTER,SOUTH HILL,VA,Mecklenburg,117,2022Q4,20221124,83,0.0,0.0,0.0,18.0,18.0,0.0,32.0,19.0,13.0,0.0,0.0,0.0,128.25,92.25,36.0,125.0,84.75,40.25,0.0,0.0,0.0,0.0,0.0,0.0,
495177,COMMUNITY MEMORIAL HOSPITAL HUNDLEY CENTER,SOUTH HILL,VA,Mecklenburg,117,2022Q4,20221125,83,0.0,0.0,0.0,17.75,17.75,0.0,13.0,0.0,13.0,0.0,0.0,0.0,117.0,67.25,49.75,138.75,115.0,23.75,0.0,0.0,0.0,0.0,0.0,0.0,
495177,COMMUNITY MEMORIAL HOSPITAL HUNDLEY CENTER,SOUTH HILL,VA,Mecklenburg,117,2022Q4,20221126,83,0.0,0.0,0.0,0.0,0.0,0.0,19.25,19.25,0.0,0.0,0.0,0.0,121.0,62.5,58.5,137.5,88.75,48.75,0.0,0.0,0.0,0.0,0.0,0.0,
495177,COMMUNITY MEMORIAL HOSPITAL HUNDLEY CENTER,SOUTH HILL,VA,Mecklenburg,117,2022Q4,20221127,83,0.0,0.0,0.0,5.25,5.25,0.0,16.25,16.25,0.0,0.0,0.0,0.0,117.0,51.75,65.25,126.25,77.25,49.0,0.0,0.0,0.0,0.0,0.0,0.0,
495177,COMMUNITY MEMORIAL HOSPITAL HUNDLEY CENTER,SOUTH HILL,VA,Mecklenburg,117,2022Q4,20221128,83,8.0,8.0,0.0,42.0,42.0,0.0,36.5,23.25,13.25,0.0,0.0,0.0,132.5,74.75,57.75,117.5,96.0,21.5,0.0,0.0,0.0,0.0,0.0,0.0,
495177,COMMUNITY MEMORIAL HOSPITAL HUNDLEY CENTER,SOUTH HILL,VA,Mecklenburg,117,2022Q4,20221129,83,8.0,8.0,0.0,42.75,42.75,0.0,40.75,27.5,13.25,0.0,0.0,0.0,148.75,102.25,46.5,119.0,93.25,25.75,0.0,0.0,0.0,0.0,0.0,0.0,
495177,COMMUNITY MEMORIAL HOSPITAL HUNDLEY CENTER,SOUTH HILL,VA,Mecklenburg,117,2022Q4,20221130,83,8.0,8.0,0.0,40.25,40.25,0.0,40.5,40.5,0.0,0.0,0.0,0.0,117.25,66.75,50.5,139.0,94.5,44.5,0.0,0.0,0.0,0.0,0.0,0.0,
495177,COMMUNITY MEMORIAL HOSPITAL HUNDLEY CENTER,SOUTH HILL,VA,Mecklenburg,117,2022Q4,20221201,83,8.0,8.0,0.0,41.25,41.25,0.0,21.0,21.0,0.0,0.0,0.0,0.0,129.75,89.0,40.75,136.75,94.25,42.5,0.0,0.0,0.0,0.0,0.0,0.0,
495177,COMMUNITY MEMORIAL HOSPITAL HUNDLEY CENTER,SOUTH HILL,VA,Mecklenburg,117,2022Q4,20221202,83,0.0,0.0,0.0,37.5,37.5,0.0,22.5,22.5,0.0,0.0,0.0,0.0,81.75,49.0,32.75,110.75,61.25,49.5,0.0,0.0,0.0,0.0,0.0,0.0,
495177,COMMUNITY MEMORIAL HOSPITAL HUNDLEY CENTER,SOUTH HILL,VA,Mecklenburg,117,2022Q4,20221203,83,8.0,8.0,0.0,0.0,0.0,0.0,0.0,0.0,0.0,0.0,0.0,0.0,122.0,81.75,40.25,106.25,79.75,26.5,0.0,0.0,0.0,0.0,0.0,0.0,
495177,COMMUNITY MEMORIAL HOSPITAL HUNDLEY CENTER,SOUTH HILL,VA,Mecklenburg,117,2022Q4,20221204,83,8.0,8.0,0.0,0.0,0.0,0.0,0.0,0.0,0.0,0.0,0.0,0.0,131.0,87.0,44.0,81.75,56.25,25.5,0.0,0.0,0.0,0.0,0.0,0.0,
495177,COMMUNITY MEMORIAL HOSPITAL HUNDLEY CENTER,SOUTH HILL,VA,Mecklenburg,117,2022Q4,20221205,84,0.0,0.0,0.0,25.0,25.0,0.0,37.25,37.25,0.0,0.0,0.0,0.0,130.75,81.0,49.75,101.5,51.5,50.0,0.0,0.0,0.0,0.0,0.0,0.0,
495177,COMMUNITY MEMORIAL HOSPITAL HUNDLEY CENTER,SOUTH HILL,VA,Mecklenburg,117,2022Q4,20221206,83,8.0,8.0,0.0,32.5,32.5,0.0,33.0,20.0,13.0,0.0,0.0,0.0,145.5,82.75,62.75,155.75,132.75,23.0,0.0,0.0,0.0,0.0,0.0,0.0,
495177,COMMUNITY MEMORIAL HOSPITAL HUNDLEY CENTER,SOUTH HILL,VA,Mecklenburg,117,2022Q4,20221207,83,8.0,8.0,0.0,33.25,33.25,0.0,41.75,33.0,8.75,0.0,0.0,0.0,142.75,70.75,72.0,144.0,90.0,54.0,0.0,0.0,0.0,0.0,0.0,0.0,
495177,COMMUNITY MEMORIAL HOSPITAL HUNDLEY CENTER,SOUTH HILL,VA,Mecklenburg,117,2022Q4,20221208,84,0.0,0.0,0.0,32.0,32.0,0.0,12.75,12.75,0.0,0.0,0.0,0.0,162.5,99.75,62.75,156.75,112.75,44.0,0.0,0.0,0.0,0.0,0.0,0.0,
495177,COMMUNITY MEMORIAL HOSPITAL HUNDLEY CENTER,SOUTH HILL,VA,Mecklenburg,117,2022Q4,20221209,83,8.0,8.0,0.0,33.5,33.5,0.0,0.5,0.5,0.0,0.0,0.0,0.0,122.5,76.25,46.25,91.5,58.75,32.75,0.0,0.0,0.0,0.0,0.0,0.0,
495177,COMMUNITY MEMORIAL HOSPITAL HUNDLEY CENTER,SOUTH HILL,VA,Mecklenburg,117,2022Q4,20221210,83,0.0,0.0,0.0,10.0,10.0,0.0,37.0,23.75,13.25,0.0,0.0,0.0,94.75,39.25,55.5,126.25,82.75,43.5,0.0,0.0,0.0,0.0,0.0,0.0,
495177,COMMUNITY MEMORIAL HOSPITAL HUNDLEY CENTER,SOUTH HILL,VA,Mecklenburg,117,2022Q4,20221211,82,0.0,0.0,0.0,8.25,8.25,0.0,0.0,0.0,0.0,0.0,0.0,0.0,109.0,66.5,42.5,108.25,83.75,24.5,0.0,0.0,0.0,0.0,0.0,0.0,
495177,COMMUNITY MEMORIAL HOSPITAL HUNDLEY CENTER,SOUTH HILL,VA,Mecklenburg,117,2022Q4,20221212,83,8.0,8.0,0.0,32.25,32.25,0.0,32.75,20.25,12.5,0.0,0.0,0.0,135.5,66.5,69.0,137.75,89.75,48.0,0.0,0.0,0.0,0.0,0.0,0.0,
495177,COMMUNITY MEMORIAL HOSPITAL HUNDLEY CENTER,SOUTH HILL,VA,Mecklenburg,117,2022Q4,20221213,84,8.0,8.0,0.0,32.25,32.25,0.0,52.5,39.5,13.0,0.0,0.0,0.0,126.5,73.25,53.25,160.75,117.25,43.5,0.0,0.0,0.0,0.0,0.0,0.0,
495177,COMMUNITY MEMORIAL HOSPITAL HUNDLEY CENTER,SOUTH HILL,VA,Mecklenburg,117,2022Q4,20221214,82,8.0,8.0,0.0,33.25,33.25,0.0,31.25,31.25,0.0,0.0,0.0,0.0,133.25,83.75,49.5,170.75,110.25,60.5,0.0,0.0,0.0,0.0,0.0,0.0,
495177,COMMUNITY MEMORIAL HOSPITAL HUNDLEY CENTER,SOUTH HILL,VA,Mecklenburg,117,2022Q4,20221215,82,8.0,8.0,0.0,42.25,42.25,0.0,23.0,23.0,0.0,0.0,0.0,0.0,149.5,99.25,50.25,145.0,125.25,19.75,0.0,0.0,0.0,0.0,0.0,0.0,
495177,COMMUNITY MEMORIAL HOSPITAL HUNDLEY CENTER,SOUTH HILL,VA,Mecklenburg,117,2022Q4,20221216,81,8.0,8.0,0.0,36.75,36.75,0.0,22.5,22.5,0.0,0.0,0.0,0.0,104.75,55.0,49.75,112.75,75.75,37.0,0.0,0.0,0.0,0.0,0.0,0.0,
495177,COMMUNITY MEMORIAL HOSPITAL HUNDLEY CENTER,SOUTH HILL,VA,Mecklenburg,117,2022Q4,20221217,81,0.0,0.0,0.0,0.0,0.0,0.0,10.5,10.5,0.0,0.0,0.0,0.0,97.75,72.5,25.25,103.5,71.5,32.0,0.0,0.0,0.0,0.0,0.0,0.0,
495177,COMMUNITY MEMORIAL HOSPITAL HUNDLEY CENTER,SOUTH HILL,VA,Mecklenburg,117,2022Q4,20221218,81,0.0,0.0,0.0,8.0,8.0,0.0,7.5,7.5,0.0,0.0,0.0,0.0,99.5,74.25,25.25,103.25,70.5,32.75,0.0,0.0,0.0,0.0,0.0,0.0,
495177,COMMUNITY MEMORIAL HOSPITAL HUNDLEY CENTER,SOUTH HILL,VA,Mecklenburg,117,2022Q4,20221219,82,8.0,8.0,0.0,43.0,43.0,0.0,40.75,40.75,0.0,0.0,0.0,0.0,130.0,64.75,65.25,130.25,75.25,55.0,0.0,0.0,0.0,0.0,0.0,0.0,
495177,COMMUNITY MEMORIAL HOSPITAL HUNDLEY CENTER,SOUTH HILL,VA,Mecklenburg,117,2022Q4,20221220,83,8.0,8.0,0.0,31.5,31.5,0.0,32.75,32.75,0.0,0.0,0.0,0.0,141.5,73.75,67.75,137.5,121.0,16.5,0.0,0.0,0.0,0.0,0.0,0.0,
495177,COMMUNITY MEMORIAL HOSPITAL HUNDLEY CENTER,SOUTH HILL,VA,Mecklenburg,117,2022Q4,20221221,83,8.0,8.0,0.0,40.0,40.0,0.0,34.75,26.25,8.5,0.0,0.0,0.0,146.75,77.5,69.25,144.5,77.75,66.75,0.0,0.0,0.0,0.0,0.0,0.0,
495177,COMMUNITY MEMORIAL HOSPITAL HUNDLEY CENTER,SOUTH HILL,VA,Mecklenburg,117,2022Q4,20221222,86,8.0,8.0,0.0,40.5,40.5,0.0,23.0,10.75,12.25,0.0,0.0,0.0,159.25,85.5,73.75,156.25,100.0,56.25,0.0,0.0,0.0,0.0,0.0,0.0,
495177,COMMUNITY MEMORIAL HOSPITAL HUNDLEY CENTER,SOUTH HILL,VA,Mecklenburg,117,2022Q4,20221223,85,8.0,8.0,0.0,26.0,26.0,0.0,22.25,9.75,12.5,0.0,0.0,0.0,157.75,88.0,69.75,106.0,84.0,22.0,0.0,0.0,0.0,0.0,0.0,0.0,
495177,COMMUNITY MEMORIAL HOSPITAL HUNDLEY CENTER,SOUTH HILL,VA,Mecklenburg,117,2022Q4,20221224,85,0.0,0.0,0.0,0.0,0.0,0.0,16.5,16.5,0.0,0.0,0.0,0.0,127.5,60.75,66.75,99.75,75.25,24.5,0.0,0.0,0.0,0.0,0.0,0.0,
495177,COMMUNITY MEMORIAL HOSPITAL HUNDLEY CENTER,SOUTH HILL,VA,Mecklenburg,117,2022Q4,20221225,84,0.0,0.0,0.0,8.5,8.5,0.0,7.75,7.75,0.0,0.0,0.0,0.0,109.75,70.5,39.25,100.75,53.75,47.0,0.0,0.0,0.0,0.0,0.0,0.0,
495177,COMMUNITY MEMORIAL HOSPITAL HUNDLEY CENTER,SOUTH HILL,VA,Mecklenburg,117,2022Q4,20221226,83,0.0,0.0,0.0,11.5,11.5,0.0,17.25,17.25,0.0,0.0,0.0,0.0,121.5,50.5,71.0,116.25,107.5,8.75,0.0,0.0,0.0,0.0,0.0,0.0,
495177,COMMUNITY MEMORIAL HOSPITAL HUNDLEY CENTER,SOUTH HILL,VA,Mecklenburg,117,2022Q4,20221227,83,8.0,8.0,0.0,43.25,43.25,0.0,30.25,30.25,0.0,0.0,0.0,0.0,166.25,97.5,68.75,130.0,88.0,42.0,0.0,0.0,0.0,0.0,0.0,0.0,
495177,COMMUNITY MEMORIAL HOSPITAL HUNDLEY CENTER,SOUTH HILL,VA,Mecklenburg,117,2022Q4,20221228,83,8.0,8.0,0.0,32.75,32.75,0.0,52.25,40.25,12.0,0.0,0.0,0.0,126.5,60.25,66.25,128.5,62.0,66.5,0.0,0.0,0.0,0.0,0.0,0.0,
495177,COMMUNITY MEMORIAL HOSPITAL HUNDLEY CENTER,SOUTH HILL,VA,Mecklenburg,117,2022Q4,20221229,82,8.0,8.0,0.0,36.0,36.0,0.0,33.0,21.0,12.0,0.0,0.0,0.0,168.25,90.5,77.75,130.0,70.75,59.25,0.0,0.0,0.0,0.0,0.0,0.0,
495177,COMMUNITY MEMORIAL HOSPITAL HUNDLEY CENTER,SOUTH HILL,VA,Mecklenburg,117,2022Q4,20221230,80,8.0,8.0,0.0,29.5,29.5,0.0,12.75,12.75,0.0,0.0,0.0,0.0,126.75,52.5,74.25,125.25,69.75,55.5,0.0,0.0,0.0,0.0,0.0,0.0,
495177,COMMUNITY MEMORIAL HOSPITAL HUNDLEY CENTER,SOUTH HILL,VA,Mecklenburg,117,2022Q4,20221231,79,0.0,0.0,0.0,0.0,0.0,0.0,13.0,0.0,13.0,0.0,0.0,0.0,129.5,62.75,66.75,82.25,57.75,24.5,0.0,0.0,0.0,0.0,0.0,0.0,
495177,COMMUNITY MEMORIAL HOSPITAL HUNDLEY CENTER,SOUTH HILL,VA,Mecklenburg,117,2023Q1,20230101,79,0.0,0.0,0.0,8.0,8.0,0.0,12.75,0.0,12.75,0.0,0.0,0.0,114.5,64.75,49.75,94.75,49.25,45.5,0.0,0.0,0.0,0.0,0.0,0.0,
495177,COMMUNITY MEMORIAL HOSPITAL HUNDLEY CENTER,SOUTH HILL,VA,Mecklenburg,117,2023Q1,20230102,78,0.0,0.0,0.0,18.75,18.75,0.0,26.75,26.75,0.0,0.0,0.0,0.0,137.75,60.0,77.75,88.75,76.25,12.5,0.0,0.0,0.0,0.0,0.0,0.0,
495177,COMMUNITY MEMORIAL HOSPITAL HUNDLEY CENTER,SOUTH HILL,VA,Mecklenburg,117,2023Q1,20230103,79,8.0,8.0,0.0,41.25,41.25,0.0,32.5,32.5,0.0,0.0,0.0,0.0,149.75,80.25,69.5,142.25,108.25,34.0,0.0,0.0,0.0,0.0,0.0,0.0,
495177,COMMUNITY MEMORIAL HOSPITAL HUNDLEY CENTER,SOUTH HILL,VA,Mecklenburg,117,2023Q1,20230104,77,8.0,8.0,0.0,43.25,43.25,0.0,53.0,40.25,12.75,0.0,0.0,0.0,149.25,109.0,40.25,161.75,94.0,67.75,0.0,0.0,0.0,0.0,0.0,0.0,
495177,COMMUNITY MEMORIAL HOSPITAL HUNDLEY CENTER,SOUTH HILL,VA,Mecklenburg,117,2023Q1,20230105,78,8.0,8.0,0.0,43.5,43.5,0.0,21.5,21.5,0.0,0.0,0.0,0.0,164.25,87.5,76.75,146.5,91.5,55.0,0.0,0.0,0.0,0.0,0.0,0.0,
495177,COMMUNITY MEMORIAL HOSPITAL HUNDLEY CENTER,SOUTH HILL,VA,Mecklenburg,117,2023Q1,20230106,76,8.0,8.0,0.0,42.25,42.25,0.0,27.0,18.5,8.5,0.0,0.0,0.0,125.5,77.75,47.75,105.0,59.25,45.75,0.0,0.0,0.0,0.0,0.0,0.0,
495177,COMMUNITY MEMORIAL HOSPITAL HUNDLEY CENTER,SOUTH HILL,VA,Mecklenburg,117,2023Q1,20230107,76,0.0,0.0,0.0,7.75,7.75,0.0,12.25,12.25,0.0,0.0,0.0,0.0,136.5,55.25,81.25,117.25,56.5,60.75,0.0,0.0,0.0,0.0,0.0,0.0,
495177,COMMUNITY MEMORIAL HOSPITAL HUNDLEY CENTER,SOUTH HILL,VA,Mecklenburg,117,2023Q1,20230108,76,0.0,0.0,0.0,8.25,8.25,0.0,12.0,12.0,0.0,0.0,0.0,0.0,125.75,66.25,59.5,123.5,62.5,61.0,0.0,0.0,0.0,0.0,0.0,0.0,
495177,COMMUNITY MEMORIAL HOSPITAL HUNDLEY CENTER,SOUTH HILL,VA,Mecklenburg,117,2023Q1,20230109,76,8.0,8.0,0.0,42.25,42.25,0.0,53.25,40.5,12.75,0.0,0.0,0.0,117.25,55.25,62.0,116.25,79.75,36.5,0.0,0.0,0.0,0.0,0.0,0.0,
495177,COMMUNITY MEMORIAL HOSPITAL HUNDLEY CENTER,SOUTH HILL,VA,Mecklenburg,117,2023Q1,20230110,77,8.0,8.0,0.0,42.0,42.0,0.0,26.25,26.25,0.0,0.0,0.0,0.0,162.5,111.5,51.0,124.5,90.0,34.5,0.0,0.0,0.0,0.0,0.0,0.0,
495177,COMMUNITY MEMORIAL HOSPITAL HUNDLEY CENTER,SOUTH HILL,VA,Mecklenburg,117,2023Q1,20230111,78,8.0,8.0,0.0,43.75,43.75,0.0,35.0,35.0,0.0,0.0,0.0,0.0,139.25,74.5,64.75,112.0,62.75,49.25,0.0,0.0,0.0,0.0,0.0,0.0,
495177,COMMUNITY MEMORIAL HOSPITAL HUNDLEY CENTER,SOUTH HILL,VA,Mecklenburg,117,2023Q1,20230112,79,0.0,0.0,0.0,43.25,43.25,0.0,37.0,37.0,0.0,0.0,0.0,0.0,138.75,81.75,57.0,96.75,59.0,37.75,0.0,0.0,0.0,0.0,0.0,0.0,
495177,COMMUNITY MEMORIAL HOSPITAL HUNDLEY CENTER,SOUTH HILL,VA,Mecklenburg,117,2023Q1,20230113,80,0.0,0.0,0.0,35.5,35.5,0.0,57.25,44.0,13.25,0.0,0.0,0.0,88.75,48.25,40.5,96.5,46.25,50.25,0.0,0.0,0.0,0.0,0.0,0.0,
495177,COMMUNITY MEMORIAL HOSPITAL HUNDLEY CENTER,SOUTH HILL,VA,Mecklenburg,117,2023Q1,20230114,79,0.0,0.0,0.0,4.5,4.5,0.0,15.0,0.75,14.25,0.0,0.0,0.0,91.5,67.25,24.25,92.25,51.25,41.0,0.0,0.0,0.0,0.0,0.0,0.0,
495177,COMMUNITY MEMORIAL HOSPITAL HUNDLEY CENTER,SOUTH HILL,VA,Mecklenburg,117,2023Q1,20230115,79,0.0,0.0,0.0,5.75,5.75,0.0,13.0,0.0,13.0,0.0,0.0,0.0,110.25,73.5,36.75,87.5,51.0,36.5,0.0,0.0,0.0,0.0,0.0,0.0,
495177,COMMUNITY MEMORIAL HOSPITAL HUNDLEY CENTER,SOUTH HILL,VA,Mecklenburg,117,2023Q1,20230116,80,8.0,8.0,0.0,44.5,44.5,0.0,35.5,35.5,0.0,0.0,0.0,0.0,123.0,57.0,66.0,116.0,79.0,37.0,0.0,0.0,0.0,0.0,0.0,0.0,
495177,COMMUNITY MEMORIAL HOSPITAL HUNDLEY CENTER,SOUTH HILL,VA,Mecklenburg,117,2023Q1,20230117,81,8.0,8.0,0.0,42.0,42.0,0.0,32.75,20.75,12.0,0.0,0.0,0.0,140.5,87.5,53.0,141.75,125.25,16.5,0.0,0.0,0.0,0.0,0.0,0.0,
495177,COMMUNITY MEMORIAL HOSPITAL HUNDLEY CENTER,SOUTH HILL,VA,Mecklenburg,117,2023Q1,20230118,83,8.0,8.0,0.0,42.0,42.0,0.0,43.75,43.75,0.0,0.0,0.0,0.0,147.5,88.25,59.25,157.5,96.25,61.25,0.0,0.0,0.0,0.0,0.0,0.0,
495177,COMMUNITY MEMORIAL HOSPITAL HUNDLEY CENTER,SOUTH HILL,VA,Mecklenburg,117,2023Q1,20230119,84,8.0,8.0,0.0,45.0,45.0,0.0,19.25,19.25,0.0,0.0,0.0,0.0,116.0,78.5,37.5,141.5,85.75,55.75,0.0,0.0,0.0,0.0,0.0,0.0,
495177,COMMUNITY MEMORIAL HOSPITAL HUNDLEY CENTER,SOUTH HILL,VA,Mecklenburg,117,2023Q1,20230120,84,8.0,8.0,0.0,32.25,32.25,0.0,43.0,28.5,14.5,0.0,0.0,0.0,123.75,59.25,64.5,129.75,60.5,69.25,0.0,0.0,0.0,0.0,0.0,0.0,
495177,COMMUNITY MEMORIAL HOSPITAL HUNDLEY CENTER,SOUTH HILL,VA,Mecklenburg,117,2023Q1,20230121,83,0.0,0.0,0.0,7.5,7.5,0.0,19.75,19.75,0.0,0.0,0.0,0.0,131.75,63.25,68.5,97.25,60.25,37.0,0.0,0.0,0.0,0.0,0.0,0.0,
495177,COMMUNITY MEMORIAL HOSPITAL HUNDLEY CENTER,SOUTH HILL,VA,Mecklenburg,117,2023Q1,20230122,83,0.0,0.0,0.0,7.25,7.25,0.0,12.0,12.0,0.0,0.0,0.0,0.0,127.75,69.75,58.0,101.5,53.5,48.0,0.0,0.0,0.0,0.0,0.0,0.0,
495177,COMMUNITY MEMORIAL HOSPITAL HUNDLEY CENTER,SOUTH HILL,VA,Mecklenburg,117,2023Q1,20230123,83,8.0,8.0,0.0,49.75,49.75,0.0,31.25,18.5,12.75,0.0,0.0,0.0,116.0,79.0,37.0,96.5,72.0,24.5,0.0,0.0,0.0,0.0,0.0,0.0,
495177,COMMUNITY MEMORIAL HOSPITAL HUNDLEY CENTER,SOUTH HILL,VA,Mecklenburg,117,2023Q1,20230124,82,8.0,8.0,0.0,55.75,55.75,0.0,23.0,23.0,0.0,0.0,0.0,0.0,141.25,95.5,45.75,142.75,84.75,58.0,0.0,0.0,0.0,0.0,0.0,0.0,
495177,COMMUNITY MEMORIAL HOSPITAL HUNDLEY CENTER,SOUTH HILL,VA,Mecklenburg,117,2023Q1,20230125,82,8.0,8.0,0.0,58.5,58.5,0.0,36.25,36.25,0.0,0.0,0.0,0.0,121.5,63.0,58.5,104.75,74.75,30.0,0.0,0.0,0.0,0.0,0.0,0.0,
495177,COMMUNITY MEMORIAL HOSPITAL HUNDLEY CENTER,SOUTH HILL,VA,Mecklenburg,117,2023Q1,20230126,81,8.0,8.0,0.0,53.0,53.0,0.0,22.5,9.5,13.0,0.0,0.0,0.0,129.0,76.5,52.5,118.75,63.5,55.25,0.0,0.0,0.0,0.0,0.0,0.0,
495177,COMMUNITY MEMORIAL HOSPITAL HUNDLEY CENTER,SOUTH HILL,VA,Mecklenburg,117,2023Q1,20230127,82,8.0,8.0,0.0,38.75,38.75,0.0,28.0,28.0,0.0,0.0,0.0,0.0,119.25,67.0,52.25,100.0,66.5,33.5,0.0,0.0,0.0,0.0,0.0,0.0,
495177,COMMUNITY MEMORIAL HOSPITAL HUNDLEY CENTER,SOUTH HILL,VA,Mecklenburg,117,2023Q1,20230128,82,0.0,0.0,0.0,0.0,0.0,0.0,22.0,9.5,12.5,0.0,0.0,0.0,117.5,79.5,38.0,108.0,71.25,36.75,0.0,0.0,0.0,0.0,0.0,0.0,
495177,COMMUNITY MEMORIAL HOSPITAL HUNDLEY CENTER,SOUTH HILL,VA,Mecklenburg,117,2023Q1,20230129,82,0.0,0.0,0.0,8.75,8.75,0.0,20.0,10.5,9.5,0.0,0.0,0.0,118.5,79.75,38.75,89.0,64.25,24.75,0.0,0.0,0.0,0.0,0.0,0.0,
495177,COMMUNITY MEMORIAL HOSPITAL HUNDLEY CENTER,SOUTH HILL,VA,Mecklenburg,117,2023Q1,20230130,82,8.0,8.0,0.0,46.25,46.25,0.0,42.75,34.25,8.5,0.0,0.0,0.0,110.0,51.75,58.25,137.75,102.75,35.0,0.0,0.0,0.0,0.0,0.0,0.0,
495177,COMMUNITY MEMORIAL HOSPITAL HUNDLEY CENTER,SOUTH HILL,VA,Mecklenburg,117,2023Q1,20230131,81,8.0,8.0,0.0,33.75,33.75,0.0,20.5,12.5,8.0,0.0,0.0,0.0,115.0,74.0,41.0,132.25,110.5,21.75,0.0,0.0,0.0,0.0,0.0,0.0,
495177,COMMUNITY MEMORIAL HOSPITAL HUNDLEY CENTER,SOUTH HILL,VA,Mecklenburg,117,2023Q1,20230201,81,8.0,8.0,0.0,46.75,46.75,0.0,48.25,39.0,9.25,0.0,0.0,0.0,142.0,68.75,73.25,143.5,99.0,44.5,0.0,0.0,0.0,0.0,0.0,0.0,
495177,COMMUNITY MEMORIAL HOSPITAL HUNDLEY CENTER,SOUTH HILL,VA,Mecklenburg,117,2023Q1,20230202,81,8.0,8.0,0.0,41.5,41.5,0.0,33.5,33.5,0.0,0.0,0.0,0.0,135.0,93.5,41.5,133.0,99.0,34.0,0.0,0.0,0.0,0.0,0.0,0.0,
495177,COMMUNITY MEMORIAL HOSPITAL HUNDLEY CENTER,SOUTH HILL,VA,Mecklenburg,117,2023Q1,20230203,81,8.0,8.0,0.0,46.25,46.25,0.0,14.0,4.75,9.25,0.0,0.0,0.0,123.25,72.25,51.0,90.5,59.5,31.0,0.0,0.0,0.0,0.0,0.0,0.0,
495177,COMMUNITY MEMORIAL HOSPITAL HUNDLEY CENTER,SOUTH HILL,VA,Mecklenburg,117,2023Q1,20230204,81,0.0,0.0,0.0,0.0,0.0,0.0,12.0,12.0,0.0,0.0,0.0,0.0,129.25,72.5,56.75,121.5,76.25,45.25,0.0,0.0,0.0,0.0,0.0,0.0,
495177,COMMUNITY MEMORIAL HOSPITAL HUNDLEY CENTER,SOUTH HILL,VA,Mecklenburg,117,2023Q1,20230205,80,0.0,0.0,0.0,0.0,0.0,0.0,12.5,12.5,0.0,0.0,0.0,0.0,117.5,81.5,36.0,128.5,91.0,37.5,0.0,0.0,0.0,0.0,0.0,0.0,
495177,COMMUNITY MEMORIAL HOSPITAL HUNDLEY CENTER,SOUTH HILL,VA,Mecklenburg,117,2023Q1,20230206,82,8.0,8.0,0.0,36.75,36.75,0.0,25.25,15.5,9.75,0.0,0.0,0.0,126.75,80.5,46.25,108.5,74.75,33.75,0.0,0.0,0.0,0.0,0.0,0.0,
495177,COMMUNITY MEMORIAL HOSPITAL HUNDLEY CENTER,SOUTH HILL,VA,Mecklenburg,117,2023Q1,20230207,81,8.0,8.0,0.0,37.0,37.0,0.0,21.25,13.5,7.75,0.0,0.0,0.0,153.5,108.0,45.5,167.25,106.0,61.25,0.0,0.0,0.0,0.0,0.0,0.0,
495177,COMMUNITY MEMORIAL HOSPITAL HUNDLEY CENTER,SOUTH HILL,VA,Mecklenburg,117,2023Q1,20230208,81,8.0,8.0,0.0,38.5,38.5,0.0,29.5,29.5,0.0,0.0,0.0,0.0,135.0,89.5,45.5,153.0,104.5,48.5,0.0,0.0,0.0,0.0,0.0,0.0,
495177,COMMUNITY MEMORIAL HOSPITAL HUNDLEY CENTER,SOUTH HILL,VA,Mecklenburg,117,2023Q1,20230209,80,8.0,8.0,0.0,36.75,36.75,0.0,40.25,32.0,8.25,0.0,0.0,0.0,158.25,99.75,58.5,135.5,114.25,21.25,0.0,0.0,0.0,0.0,0.0,0.0,
495177,COMMUNITY MEMORIAL HOSPITAL HUNDLEY CENTER,SOUTH HILL,VA,Mecklenburg,117,2023Q1,20230210,80,8.0,8.0,0.0,26.25,26.25,0.0,23.5,14.25,9.25,0.0,0.0,0.0,126.0,72.75,53.25,100.0,74.5,25.5,0.0,0.0,0.0,0.0,0.0,0.0,
495177,COMMUNITY MEMORIAL HOSPITAL HUNDLEY CENTER,SOUTH HILL,VA,Mecklenburg,117,2023Q1,20230211,77,0.0,0.0,0.0,8.75,8.75,0.0,20.25,12.0,8.25,0.0,0.0,0.0,126.0,78.0,48.0,98.0,60.25,37.75,0.0,0.0,0.0,0.0,0.0,0.0,
495177,COMMUNITY MEMORIAL HOSPITAL HUNDLEY CENTER,SOUTH HILL,VA,Mecklenburg,117,2023Q1,20230212,77,0.0,0.0,0.0,8.5,8.5,0.0,12.75,4.25,8.5,0.0,0.0,0.0,117.0,80.5,36.5,83.0,43.25,39.75,0.0,0.0,0.0,0.0,0.0,0.0,
495177,COMMUNITY MEMORIAL HOSPITAL HUNDLEY CENTER,SOUTH HILL,VA,Mecklenburg,117,2023Q1,20230213,78,0.0,0.0,0.0,34.75,34.75,0.0,41.0,41.0,0.0,0.0,0.0,0.0,113.75,56.25,57.5,122.75,78.75,44.0,0.0,0.0,0.0,0.0,0.0,0.0,
495177,COMMUNITY MEMORIAL HOSPITAL HUNDLEY CENTER,SOUTH HILL,VA,Mecklenburg,117,2023Q1,20230214,79,0.0,0.0,0.0,32.75,32.75,0.0,28.25,28.25,0.0,0.0,0.0,0.0,106.25,72.25,34.0,100.0,81.5,18.5,0.0,0.0,0.0,0.0,0.0,0.0,
495177,COMMUNITY MEMORIAL HOSPITAL HUNDLEY CENTER,SOUTH HILL,VA,Mecklenburg,117,2023Q1,20230215,77,0.0,0.0,0.0,44.75,44.75,0.0,31.0,22.75,8.25,0.0,0.0,0.0,136.5,79.0,57.5,130.5,76.25,54.25,0.0,0.0,0.0,0.0,0.0,0.0,
495177,COMMUNITY MEMORIAL HOSPITAL HUNDLEY CENTER,SOUTH HILL,VA,Mecklenburg,117,2023Q1,20230216,79,0.0,0.0,0.0,46.25,46.25,0.0,26.5,17.5,9.0,0.0,0.0,0.0,139.0,81.25,57.75,133.25,82.25,51.0,0.0,0.0,0.0,0.0,0.0,0.0,
495177,COMMUNITY MEMORIAL HOSPITAL HUNDLEY CENTER,SOUTH HILL,VA,Mecklenburg,117,2023Q1,20230217,80,0.0,0.0,0.0,39.0,39.0,0.0,20.0,12.0,8.0,0.0,0.0,0.0,129.5,81.25,48.25,133.5,92.0,41.5,0.0,0.0,0.0,0.0,0.0,0.0,
495177,COMMUNITY MEMORIAL HOSPITAL HUNDLEY CENTER,SOUTH HILL,VA,Mecklenburg,117,2023Q1,20230218,80,0.0,0.0,0.0,0.0,0.0,0.0,21.0,12.0,9.0,0.0,0.0,0.0,165.5,107.75,57.75,103.0,64.5,38.5,0.0,0.0,0.0,0.0,0.0,0.0,
495177,COMMUNITY MEMORIAL HOSPITAL HUNDLEY CENTER,SOUTH HILL,VA,Mecklenburg,117,2023Q1,20230219,80,0.0,0.0,0.0,0.0,0.0,0.0,19.75,11.75,8.0,0.0,0.0,0.0,143.0,82.75,60.25,111.75,73.25,38.5,0.0,0.0,0.0,0.0,0.0,0.0,
495177,COMMUNITY MEMORIAL HOSPITAL HUNDLEY CENTER,SOUTH HILL,VA,Mecklenburg,117,2023Q1,20230220,81,8.0,8.0,0.0,46.0,46.0,0.0,17.75,9.5,8.25,0.0,0.0,0.0,130.5,93.5,37.0,97.25,63.25,34.0,0.0,0.0,0.0,0.0,0.0,0.0,
495177,COMMUNITY MEMORIAL HOSPITAL HUNDLEY CENTER,SOUTH HILL,VA,Mecklenburg,117,2023Q1,20230221,82,8.0,8.0,0.0,34.0,34.0,0.0,33.5,25.0,8.5,0.0,0.0,0.0,160.5,111.75,48.75,122.5,76.25,46.25,0.0,0.0,0.0,0.0,0.0,0.0,
495177,COMMUNITY MEMORIAL HOSPITAL HUNDLEY CENTER,SOUTH HILL,VA,Mecklenburg,117,2023Q1,20230222,84,8.0,8.0,0.0,43.5,43.5,0.0,36.5,28.5,8.0,0.0,0.0,0.0,166.0,116.75,49.25,133.5,75.25,58.25,0.0,0.0,0.0,0.0,0.0,0.0,
495177,COMMUNITY MEMORIAL HOSPITAL HUNDLEY CENTER,SOUTH HILL,VA,Mecklenburg,117,2023Q1,20230223,85,8.0,8.0,0.0,46.25,46.25,0.0,38.5,31.0,7.5,0.0,0.0,0.0,149.5,104.0,45.5,139.5,79.0,60.5,0.0,0.0,0.0,0.0,0.0,0.0,
495177,COMMUNITY MEMORIAL HOSPITAL HUNDLEY CENTER,SOUTH HILL,VA,Mecklenburg,117,2023Q1,20230224,85,0.0,0.0,0.0,41.25,41.25,0.0,12.5,12.5,0.0,0.0,0.0,0.0,117.25,64.75,52.5,119.75,76.75,43.0,0.0,0.0,0.0,0.0,0.0,0.0,
495177,COMMUNITY MEMORIAL HOSPITAL HUNDLEY CENTER,SOUTH HILL,VA,Mecklenburg,117,2023Q1,20230225,84,0.0,0.0,0.0,0.0,0.0,0.0,8.75,8.75,0.0,0.0,0.0,0.0,121.0,84.75,36.25,113.25,75.5,37.75,0.0,0.0,0.0,0.0,0.0,0.0,
495177,COMMUNITY MEMORIAL HOSPITAL HUNDLEY CENTER,SOUTH HILL,VA,Mecklenburg,117,2023Q1,20230226,84,0.0,0.0,0.0,0.0,0.0,0.0,17.5,8.75,8.75,0.0,0.0,0.0,115.5,80.25,35.25,94.5,54.75,39.75,0.0,0.0,0.0,0.0,0.0,0.0,
495177,COMMUNITY MEMORIAL HOSPITAL HUNDLEY CENTER,SOUTH HILL,VA,Mecklenburg,117,2023Q1,20230227,84,8.0,8.0,0.0,36.0,36.0,0.0,35.25,35.25,0.0,0.0,0.0,0.0,109.25,84.25,25.0,93.5,57.75,35.75,0.0,0.0,0.0,0.0,0.0,0.0,
495177,COMMUNITY MEMORIAL HOSPITAL HUNDLEY CENTER,SOUTH HILL,VA,Mecklenburg,117,2023Q1,20230228,84,8.0,8.0,0.0,41.25,41.25,0.0,23.5,14.75,8.75,0.0,0.0,0.0,123.5,64.75,58.75,114.75,114.75,0.0,0.0,0.0,0.0,0.0,0.0,0.0,
495177,COMMUNITY MEMORIAL HOSPITAL HUNDLEY CENTER,SOUTH HILL,VA,Mecklenburg,117,2023Q1,20230301,84,8.0,8.0,0.0,44.75,44.75,0.0,44.0,35.75,8.25,0.0,0.0,0.0,154.0,91.75,62.25,139.0,88.25,50.75,0.0,0.0,0.0,0.0,0.0,0.0,
495177,COMMUNITY MEMORIAL HOSPITAL HUNDLEY CENTER,SOUTH HILL,VA,Mecklenburg,117,2023Q1,20230302,83,8.0,8.0,0.0,36.0,36.0,0.0,36.0,28.0,8.0,0.0,0.0,0.0,157.25,121.25,36.0,122.75,90.0,32.75,0.0,0.0,0.0,0.0,0.0,0.0,
495177,COMMUNITY MEMORIAL HOSPITAL HUNDLEY CENTER,SOUTH HILL,VA,Mecklenburg,117,2023Q1,20230303,82,8.0,8.0,0.0,35.5,35.5,0.0,9.75,1.75,8.0,0.0,0.0,0.0,149.25,100.5,48.75,105.5,67.0,38.5,0.0,0.0,0.0,0.0,0.0,0.0,
495177,COMMUNITY MEMORIAL HOSPITAL HUNDLEY CENTER,SOUTH HILL,VA,Mecklenburg,117,2023Q1,20230304,82,0.0,0.0,0.0,8.25,8.25,0.0,12.0,12.0,0.0,0.0,0.0,0.0,116.0,80.25,35.75,129.25,91.5,37.75,0.0,0.0,0.0,0.0,0.0,0.0,
495177,COMMUNITY MEMORIAL HOSPITAL HUNDLEY CENTER,SOUTH HILL,VA,Mecklenburg,117,2023Q1,20230305,82,0.0,0.0,0.0,8.0,8.0,0.0,12.0,12.0,0.0,0.0,0.0,0.0,129.25,117.5,11.75,135.25,97.0,38.25,0.0,0.0,0.0,0.0,0.0,0.0,
495177,COMMUNITY MEMORIAL HOSPITAL HUNDLEY CENTER,SOUTH HILL,VA,Mecklenburg,117,2023Q1,20230306,83,8.0,8.0,0.0,29.25,29.25,0.0,38.75,29.75,9.0,0.0,0.0,0.0,117.75,82.0,35.75,122.25,85.75,36.5,0.0,0.0,0.0,0.0,0.0,0.0,
495177,COMMUNITY MEMORIAL HOSPITAL HUNDLEY CENTER,SOUTH HILL,VA,Mecklenburg,117,2023Q1,20230307,82,8.0,8.0,0.0,29.25,29.25,0.0,17.75,17.75,0.0,0.0,0.0,0.0,160.0,124.25,35.75,138.0,87.5,50.5,0.0,0.0,0.0,0.0,0.0,0.0,
495177,COMMUNITY MEMORIAL HOSPITAL HUNDLEY CENTER,SOUTH HILL,VA,Mecklenburg,117,2023Q1,20230308,82,0.0,0.0,0.0,32.5,32.5,0.0,36.25,27.5,8.75,0.0,0.0,0.0,110.75,86.5,24.25,122.0,82.0,40.0,0.0,0.0,0.0,0.0,0.0,0.0,
495177,COMMUNITY MEMORIAL HOSPITAL HUNDLEY CENTER,SOUTH HILL,VA,Mecklenburg,117,2023Q1,20230309,83,0.0,0.0,0.0,45.75,34.25,11.5,43.5,35.0,8.5,0.0,0.0,0.0,151.25,128.25,23.0,140.25,91.75,48.5,0.0,0.0,0.0,0.0,0.0,0.0,
495177,COMMUNITY MEMORIAL HOSPITAL HUNDLEY CENTER,SOUTH HILL,VA,Mecklenburg,117,2023Q1,20230310,84,0.0,0.0,0.0,46.25,33.75,12.5,32.0,23.5,8.5,0.0,0.0,0.0,122.75,89.0,33.75,123.5,62.25,61.25,0.0,0.0,0.0,0.0,0.0,0.0,
495177,COMMUNITY MEMORIAL HOSPITAL HUNDLEY CENTER,SOUTH HILL,VA,Mecklenburg,117,2023Q1,20230311,84,0.0,0.0,0.0,22.75,11.25,11.5,15.0,8.0,7.0,0.0,0.0,0.0,116.25,94.75,21.5,98.25,62.0,36.25,0.0,0.0,0.0,0.0,0.0,0.0,
495177,COMMUNITY MEMORIAL HOSPITAL HUNDLEY CENTER,SOUTH HILL,VA,Mecklenburg,117,2023Q1,20230312,83,0.0,0.0,0.0,9.5,9.5,0.0,8.0,0.0,8.0,0.0,0.0,0.0,122.25,109.75,12.5,92.25,54.0,38.25,0.0,0.0,0.0,0.0,0.0,0.0,
495177,COMMUNITY MEMORIAL HOSPITAL HUNDLEY CENTER,SOUTH HILL,VA,Mecklenburg,117,2023Q1,20230313,85,0.0,0.0,0.0,39.25,39.25,0.0,36.0,36.0,0.0,0.0,0.0,0.0,97.0,84.75,12.25,145.5,98.5,47.0,0.0,0.0,0.0,0.0,0.0,0.0,
495177,COMMUNITY MEMORIAL HOSPITAL HUNDLEY CENTER,SOUTH HILL,VA,Mecklenburg,117,2023Q1,20230314,84,0.0,0.0,0.0,43.0,43.0,0.0,7.75,0.0,7.75,0.0,0.0,0.0,139.25,111.5,27.75,154.0,99.5,54.5,0.0,0.0,0.0,0.0,0.0,0.0,
495177,COMMUNITY MEMORIAL HOSPITAL HUNDLEY CENTER,SOUTH HILL,VA,Mecklenburg,117,2023Q1,20230315,85,8.0,8.0,0.0,41.5,41.5,0.0,40.5,31.75,8.75,0.0,0.0,0.0,109.25,82.0,27.25,174.5,91.25,83.25,0.0,0.0,0.0,0.0,0.0,0.0,
495177,COMMUNITY MEMORIAL HOSPITAL HUNDLEY CENTER,SOUTH HILL,VA,Mecklenburg,117,2023Q1,20230316,85,8.0,8.0,0.0,57.5,45.5,12.0,16.75,8.75,8.0,0.0,0.0,0.0,150.0,127.25,22.75,149.75,88.0,61.75,0.0,0.0,0.0,0.0,0.0,0.0,
495177,COMMUNITY MEMORIAL HOSPITAL HUNDLEY CENTER,SOUTH HILL,VA,Mecklenburg,117,2023Q1,20230317,85,8.0,8.0,0.0,43.75,32.0,11.75,37.25,28.25,9.0,0.0,0.0,0.0,140.25,117.0,23.25,123.5,60.5,63.0,0.0,0.0,0.0,0.0,0.0,0.0,
495177,COMMUNITY MEMORIAL HOSPITAL HUNDLEY CENTER,SOUTH HILL,VA,Mecklenburg,117,2023Q1,20230318,85,0.0,0.0,0.0,12.0,0.0,12.0,5.75,5.75,0.0,0.0,0.0,0.0,140.5,108.0,32.5,143.75,82.5,61.25,0.0,0.0,0.0,0.0,0.0,0.0,
495177,COMMUNITY MEMORIAL HOSPITAL HUNDLEY CENTER,SOUTH HILL,VA,Mecklenburg,117,2023Q1,20230319,85,0.0,0.0,0.0,12.0,0.0,12.0,0.0,0.0,0.0,0.0,0.0,0.0,145.25,120.75,24.5,144.0,82.75,61.25,0.0,0.0,0.0,0.0,0.0,0.0,
495177,COMMUNITY MEMORIAL HOSPITAL HUNDLEY CENTER,SOUTH HILL,VA,Mecklenburg,117,2023Q1,20230320,86,8.0,8.0,0.0,42.25,30.5,11.75,24.75,15.5,9.25,0.0,0.0,0.0,99.25,57.5,41.75,123.5,90.25,33.25,0.0,0.0,0.0,0.0,0.0,0.0,
495177,COMMUNITY MEMORIAL HOSPITAL HUNDLEY CENTER,SOUTH HILL,VA,Mecklenburg,117,2023Q1,20230321,86,8.0,8.0,0.0,41.25,41.25,0.0,30.75,22.5,8.25,0.0,0.0,0.0,110.5,95.25,15.25,164.25,90.25,74.0,0.0,0.0,0.0,0.0,0.0,0.0,
495177,COMMUNITY MEMORIAL HOSPITAL HUNDLEY CENTER,SOUTH HILL,VA,Mecklenburg,117,2023Q1,20230322,85,8.0,8.0,0.0,45.25,45.25,0.0,59.0,50.75,8.25,0.0,0.0,0.0,109.75,98.0,11.75,179.0,94.5,84.5,0.0,0.0,0.0,0.0,0.0,0.0,
495177,COMMUNITY MEMORIAL HOSPITAL HUNDLEY CENTER,SOUTH HILL,VA,Mecklenburg,117,2023Q1,20230323,85,0.0,0.0,0.0,46.5,46.5,0.0,37.25,28.75,8.5,0.0,0.0,0.0,126.75,118.5,8.25,172.5,106.0,66.5,0.0,0.0,0.0,0.0,0.0,0.0,
495177,COMMUNITY MEMORIAL HOSPITAL HUNDLEY CENTER,SOUTH HILL,VA,Mecklenburg,117,2023Q1,20230324,84,8.0,8.0,0.0,35.5,35.5,0.0,23.75,23.75,0.0,0.0,0.0,0.0,125.0,90.0,35.0,154.25,87.5,66.75,0.0,0.0,0.0,0.0,0.0,0.0,
495177,COMMUNITY MEMORIAL HOSPITAL HUNDLEY CENTER,SOUTH HILL,VA,Mecklenburg,117,2023Q1,20230325,82,0.0,0.0,0.0,21.25,8.75,12.5,14.75,6.0,8.75,0.0,0.0,0.0,134.5,98.5,36.0,91.25,72.75,18.5,0.0,0.0,0.0,0.0,0.0,0.0,
495177,COMMUNITY MEMORIAL HOSPITAL HUNDLEY CENTER,SOUTH HILL,VA,Mecklenburg,117,2023Q1,20230326,82,0.0,0.0,0.0,19.5,7.5,12.0,8.0,0.0,8.0,0.0,0.0,0.0,138.5,103.0,35.5,119.5,54.25,65.25,0.0,0.0,0.0,0.0,0.0,0.0,
495177,COMMUNITY MEMORIAL HOSPITAL HUNDLEY CENTER,SOUTH HILL,VA,Mecklenburg,117,2023Q1,20230327,82,8.0,8.0,0.0,45.5,45.5,0.0,36.75,36.75,0.0,0.0,0.0,0.0,125.75,112.25,13.5,158.0,89.25,68.75,0.0,0.0,0.0,0.0,0.0,0.0,
495177,COMMUNITY MEMORIAL HOSPITAL HUNDLEY CENTER,SOUTH HILL,VA,Mecklenburg,117,2023Q1,20230328,82,8.0,8.0,0.0,46.25,46.25,0.0,47.25,35.75,11.5,0.0,0.0,0.0,126.25,126.25,0.0,179.75,83.5,96.25,0.0,0.0,0.0,0.0,0.0,0.0,
495177,COMMUNITY MEMORIAL HOSPITAL HUNDLEY CENTER,SOUTH HILL,VA,Mecklenburg,117,2023Q1,20230329,82,8.0,8.0,0.0,44.5,44.5,0.0,58.5,49.0,9.5,0.0,0.0,0.0,128.25,108.25,20.0,181.0,106.75,74.25,0.0,0.0,0.0,0.0,0.0,0.0,
495177,COMMUNITY MEMORIAL HOSPITAL HUNDLEY CENTER,SOUTH HILL,VA,Mecklenburg,117,2023Q1,20230330,80,8.0,8.0,0.0,46.25,46.25,0.0,38.0,28.0,10.0,0.0,0.0,0.0,114.25,78.5,35.75,159.0,90.5,68.5,0.0,0.0,0.0,0.0,0.0,0.0,
495177,COMMUNITY MEMORIAL HOSPITAL HUNDLEY CENTER,SOUTH HILL,VA,Mecklenburg,117,2023Q1,20230331,79,8.0,8.0,0.0,37.25,25.0,12.25,24.75,14.75,10.0,0.0,0.0,0.0,106.0,84.0,22.0,114.0,74.25,39.75,0.0,0.0,0.0,0.0,0.0,0.0,
495177,COMMUNITY MEMORIAL HOSPITAL HUNDLEY CENTER,SOUTH HILL,VA,Mecklenburg,117,2023Q2,20230401,78,0.0,0.0,0.0,17.25,5.75,11.5,28.25,28.25,0.0,0.0,0.0,0.0,112.25,99.75,12.5,149.25,91.75,57.5,0.0,0.0,0.0,0.0,0.0,0.0,
495177,COMMUNITY MEMORIAL HOSPITAL HUNDLEY CENTER,SOUTH HILL,VA,Mecklenburg,117,2023Q2,20230402,77,0.0,0.0,0.0,11.5,0.0,11.5,23.75,23.75,0.0,0.0,0.0,0.0,111.25,99.0,12.25,146.5,90.0,56.5,0.0,0.0,0.0,0.0,0.0,0.0,
495177,COMMUNITY MEMORIAL HOSPITAL HUNDLEY CENTER,SOUTH HILL,VA,Mecklenburg,117,2023Q2,20230403,77,8.0,8.0,0.0,43.0,43.0,0.0,36.5,28.25,8.25,0.0,0.0,0.0,116.0,92.5,23.5,152.0,93.25,58.75,0.0,0.0,0.0,0.0,0.0,0.0,
495177,COMMUNITY MEMORIAL HOSPITAL HUNDLEY CENTER,SOUTH HILL,VA,Mecklenburg,117,2023Q2,20230404,79,8.0,8.0,0.0,44.0,44.0,0.0,13.75,5.5,8.25,0.0,0.0,0.0,139.75,113.0,26.75,204.5,112.5,92.0,0.0,0.0,0.0,0.0,0.0,0.0,
495177,COMMUNITY MEMORIAL HOSPITAL HUNDLEY CENTER,SOUTH HILL,VA,Mecklenburg,117,2023Q2,20230405,78,8.0,8.0,0.0,41.75,41.75,0.0,60.25,51.5,8.75,0.0,0.0,0.0,111.75,87.5,24.25,161.0,110.5,50.5,0.0,0.0,0.0,0.0,0.0,0.0,
495177,COMMUNITY MEMORIAL HOSPITAL HUNDLEY CENTER,SOUTH HILL,VA,Mecklenburg,117,2023Q2,20230406,79,6.0,6.0,0.0,43.75,43.75,0.0,25.25,25.25,0.0,0.0,0.0,0.0,164.75,148.5,16.25,155.5,100.25,55.25,0.0,0.0,0.0,0.0,0.0,0.0,
495177,COMMUNITY MEMORIAL HOSPITAL HUNDLEY CENTER,SOUTH HILL,VA,Mecklenburg,117,2023Q2,20230407,76,8.0,8.0,0.0,44.25,33.25,11.0,27.5,18.75,8.75,0.0,0.0,0.0,104.25,71.5,32.75,112.75,68.5,44.25,0.0,0.0,0.0,0.0,0.0,0.0,
495177,COMMUNITY MEMORIAL HOSPITAL HUNDLEY CENTER,SOUTH HILL,VA,Mecklenburg,117,2023Q2,20230408,76,0.0,0.0,0.0,17.0,5.25,11.75,18.0,9.75,8.25,0.0,0.0,0.0,157.25,110.5,46.75,139.75,52.75,87.0,0.0,0.0,0.0,0.0,0.0,0.0,
495177,COMMUNITY MEMORIAL HOSPITAL HUNDLEY CENTER,SOUTH HILL,VA,Mecklenburg,117,2023Q2,20230409,76,0.0,0.0,0.0,12.0,0.0,12.0,23.0,14.0,9.0,0.0,0.0,0.0,123.0,87.75,35.25,113.25,53.0,60.25,0.0,0.0,0.0,0.0,0.0,0.0,
495177,COMMUNITY MEMORIAL HOSPITAL HUNDLEY CENTER,SOUTH HILL,VA,Mecklenburg,117,2023Q2,20230410,77,0.0,0.0,0.0,33.75,33.75,0.0,17.25,17.25,0.0,0.0,0.0,0.0,137.75,100.75,37.0,153.0,107.5,45.5,0.0,0.0,0.0,0.0,0.0,0.0,
495177,COMMUNITY MEMORIAL HOSPITAL HUNDLEY CENTER,SOUTH HILL,VA,Mecklenburg,117,2023Q2,20230411,76,0.0,0.0,0.0,45.5,45.5,0.0,38.25,30.5,7.75,0.0,0.0,0.0,118.0,94.0,24.0,176.5,127.25,49.25,0.0,0.0,0.0,0.0,0.0,0.0,
495177,COMMUNITY MEMORIAL HOSPITAL HUNDLEY CENTER,SOUTH HILL,VA,Mecklenburg,117,2023Q2,20230412,79,0.0,0.0,0.0,41.75,41.75,0.0,46.0,37.0,9.0,0.0,0.0,0.0,116.25,92.75,23.5,186.0,85.75,100.25,0.0,0.0,0.0,0.0,0.0,0.0,
495177,COMMUNITY MEMORIAL HOSPITAL HUNDLEY CENTER,SOUTH HILL,VA,Mecklenburg,117,2023Q2,20230413,81,0.0,0.0,0.0,47.25,47.25,0.0,16.25,7.75,8.5,0.0,0.0,0.0,140.75,104.25,36.5,170.5,89.5,81.0,0.0,0.0,0.0,0.0,0.0,0.0,
495177,COMMUNITY MEMORIAL HOSPITAL HUNDLEY CENTER,SOUTH HILL,VA,Mecklenburg,117,2023Q2,20230414,83,0.0,0.0,0.0,46.5,35.25,11.25,8.75,0.0,8.75,0.0,0.0,0.0,111.0,91.5,19.5,139.5,66.25,73.25,0.0,0.0,0.0,0.0,0.0,0.0,
495177,COMMUNITY MEMORIAL HOSPITAL HUNDLEY CENTER,SOUTH HILL,VA,Mecklenburg,117,2023Q2,20230415,83,0.0,0.0,0.0,12.0,0.0,12.0,0.0,0.0,0.0,0.0,0.0,0.0,163.5,139.5,24.0,143.75,95.25,48.5,0.0,0.0,0.0,0.0,0.0,0.0,
495177,COMMUNITY MEMORIAL HOSPITAL HUNDLEY CENTER,SOUTH HILL,VA,Mecklenburg,117,2023Q2,20230416,83,0.0,0.0,0.0,12.0,0.0,12.0,24.5,24.5,0.0,0.0,0.0,0.0,105.75,93.5,12.25,138.0,90.25,47.75,0.0,0.0,0.0,0.0,0.0,0.0,
495177,COMMUNITY MEMORIAL HOSPITAL HUNDLEY CENTER,SOUTH HILL,VA,Mecklenburg,117,2023Q2,20230417,85,0.0,0.0,0.0,38.0,38.0,0.0,16.25,8.0,8.25,0.0,0.0,0.0,136.5,112.75,23.75,155.25,124.5,30.75,0.0,0.0,0.0,0.0,0.0,0.0,
495177,COMMUNITY MEMORIAL HOSPITAL HUNDLEY CENTER,SOUTH HILL,VA,Mecklenburg,117,2023Q2,20230418,85,0.0,0.0,0.0,47.25,47.25,0.0,28.0,20.0,8.0,0.0,0.0,0.0,131.25,95.75,35.5,159.25,125.75,33.5,0.0,0.0,0.0,0.0,0.0,0.0,
495177,COMMUNITY MEMORIAL HOSPITAL HUNDLEY CENTER,SOUTH HILL,VA,Mecklenburg,117,2023Q2,20230419,86,0.0,0.0,0.0,45.25,45.25,0.0,37.0,37.0,0.0,0.0,0.0,0.0,114.0,77.5,36.5,171.75,106.0,65.75,0.0,0.0,0.0,0.0,0.0,0.0,
495177,COMMUNITY MEMORIAL HOSPITAL HUNDLEY CENTER,SOUTH HILL,VA,Mecklenburg,117,2023Q2,20230420,86,0.0,0.0,0.0,23.75,23.75,0.0,36.25,28.25,8.0,0.0,0.0,0.0,145.25,145.25,0.0,181.0,124.25,56.75,0.0,0.0,0.0,0.0,0.0,0.0,
495177,COMMUNITY MEMORIAL HOSPITAL HUNDLEY CENTER,SOUTH HILL,VA,Mecklenburg,117,2023Q2,20230421,85,0.0,0.0,0.0,47.0,35.5,11.5,20.75,13.0,7.75,0.0,0.0,0.0,103.5,66.75,36.75,128.0,89.75,38.25,0.0,0.0,0.0,0.0,0.0,0.0,
495177,COMMUNITY MEMORIAL HOSPITAL HUNDLEY CENTER,SOUTH HILL,VA,Mecklenburg,117,2023Q2,20230422,85,0.0,0.0,0.0,20.25,9.5,10.75,22.75,14.0,8.75,0.0,0.0,0.0,127.0,91.75,35.25,137.5,100.25,37.25,0.0,0.0,0.0,0.0,0.0,0.0,
495177,COMMUNITY MEMORIAL HOSPITAL HUNDLEY CENTER,SOUTH HILL,VA,Mecklenburg,117,2023Q2,20230423,85,0.0,0.0,0.0,9.25,9.25,0.0,8.5,0.0,8.5,0.0,0.0,0.0,134.75,98.5,36.25,117.0,81.25,35.75,0.0,0.0,0.0,0.0,0.0,0.0,
495177,COMMUNITY MEMORIAL HOSPITAL HUNDLEY CENTER,SOUTH HILL,VA,Mecklenburg,117,2023Q2,20230424,85,0.0,0.0,0.0,44.25,44.25,0.0,28.25,28.25,0.0,0.0,0.0,0.0,109.75,85.5,24.25,181.5,104.25,77.25,0.0,0.0,0.0,0.0,0.0,0.0,
495177,COMMUNITY MEMORIAL HOSPITAL HUNDLEY CENTER,SOUTH HILL,VA,Mecklenburg,117,2023Q2,20230425,87,0.0,0.0,0.0,36.5,36.5,0.0,30.75,22.25,8.5,0.0,0.0,0.0,159.25,147.5,11.75,197.5,128.0,69.5,0.0,0.0,0.0,0.0,0.0,0.0,
495177,COMMUNITY MEMORIAL HOSPITAL HUNDLEY CENTER,SOUTH HILL,VA,Mecklenburg,117,2023Q2,20230426,88,0.0,0.0,0.0,35.75,35.75,0.0,31.25,22.75,8.5,0.0,0.0,0.0,112.25,88.0,24.25,203.5,145.75,57.75,0.0,0.0,0.0,0.0,0.0,0.0,
495177,COMMUNITY MEMORIAL HOSPITAL HUNDLEY CENTER,SOUTH HILL,VA,Mecklenburg,117,2023Q2,20230427,87,0.0,0.0,0.0,47.0,47.0,0.0,24.0,16.0,8.0,0.0,0.0,0.0,137.75,114.0,23.75,170.25,98.25,72.0,0.0,0.0,0.0,0.0,0.0,0.0,
495177,COMMUNITY MEMORIAL HOSPITAL HUNDLEY CENTER,SOUTH HILL,VA,Mecklenburg,117,2023Q2,20230428,88,0.0,0.0,0.0,54.25,39.25,15.0,16.0,6.75,9.25,0.0,0.0,0.0,116.25,68.5,47.75,118.25,85.5,32.75,0.0,0.0,0.0,0.0,0.0,0.0,
495177,COMMUNITY MEMORIAL HOSPITAL HUNDLEY CENTER,SOUTH HILL,VA,Mecklenburg,117,2023Q2,20230429,87,0.0,0.0,0.0,17.0,9.0,8.0,17.0,17.0,0.0,0.0,0.0,0.0,121.75,109.75,12.0,151.25,87.5,63.75,0.0,0.0,0.0,0.0,0.0,0.0,
495177,COMMUNITY MEMORIAL HOSPITAL HUNDLEY CENTER,SOUTH HILL,VA,Mecklenburg,117,2023Q2,20230430,87,0.0,0.0,0.0,19.5,8.25,11.25,12.0,12.0,0.0,0.0,0.0,0.0,124.75,112.25,12.5,160.75,99.75,61.0,0.0,0.0,0.0,0.0,0.0,0.0,
495177,COMMUNITY MEMORIAL HOSPITAL HUNDLEY CENTER,SOUTH HILL,VA,Mecklenburg,117,2023Q2,20230501,87,0.0,0.0,0.0,31.0,31.0,0.0,18.0,18.0,0.0,0.0,0.0,0.0,144.75,132.75,12.0,138.0,100.0,38.0,0.0,0.0,0.0,0.0,0.0,0.0,
495177,COMMUNITY MEMORIAL HOSPITAL HUNDLEY CENTER,SOUTH HILL,VA,Mecklenburg,117,2023Q2,20230502,88,0.0,0.0,0.0,56.25,49.25,7.0,32.5,32.5,0.0,0.0,0.0,0.0,126.5,114.5,12.0,171.25,125.75,45.5,0.0,0.0,0.0,0.0,0.0,0.0,
495177,COMMUNITY MEMORIAL HOSPITAL HUNDLEY CENTER,SOUTH HILL,VA,Mecklenburg,117,2023Q2,20230503,88,0.0,0.0,0.0,40.5,40.5,0.0,27.75,27.75,0.0,0.0,0.0,0.0,112.25,88.0,24.25,183.5,128.0,55.5,0.0,0.0,0.0,0.0,0.0,0.0,
495177,COMMUNITY MEMORIAL HOSPITAL HUNDLEY CENTER,SOUTH HILL,VA,Mecklenburg,117,2023Q2,20230504,89,0.0,0.0,0.0,37.0,37.0,0.0,12.75,12.75,0.0,0.0,0.0,0.0,136.0,115.75,20.25,162.5,126.25,36.25,0.0,0.0,0.0,0.0,0.0,0.0,
495177,COMMUNITY MEMORIAL HOSPITAL HUNDLEY CENTER,SOUTH HILL,VA,Mecklenburg,117,2023Q2,20230505,88,0.0,0.0,0.0,38.0,29.0,9.0,27.75,27.75,0.0,0.0,0.0,0.0,104.25,80.0,24.25,158.5,82.5,76.0,0.0,0.0,0.0,0.0,0.0,0.0,
495177,COMMUNITY MEMORIAL HOSPITAL HUNDLEY CENTER,SOUTH HILL,VA,Mecklenburg,117,2023Q2,20230506,88,0.0,0.0,0.0,8.75,8.75,0.0,0.0,0.0,0.0,0.0,0.0,0.0,123.25,87.5,35.75,110.75,74.0,36.75,0.0,0.0,0.0,0.0,0.0,0.0,
495177,COMMUNITY MEMORIAL HOSPITAL HUNDLEY CENTER,SOUTH HILL,VA,Mecklenburg,117,2023Q2,20230507,88,0.0,0.0,0.0,8.5,8.5,0.0,0.0,0.0,0.0,0.0,0.0,0.0,131.25,95.25,36.0,107.0,69.75,37.25,0.0,0.0,0.0,0.0,0.0,0.0,
495177,COMMUNITY MEMORIAL HOSPITAL HUNDLEY CENTER,SOUTH HILL,VA,Mecklenburg,117,2023Q2,20230508,90,0.0,0.0,0.0,44.75,44.75,0.0,36.5,36.5,0.0,0.0,0.0,0.0,131.0,119.0,12.0,186.75,107.0,79.75,0.0,0.0,0.0,0.0,0.0,0.0,
495177,COMMUNITY MEMORIAL HOSPITAL HUNDLEY CENTER,SOUTH HILL,VA,Mecklenburg,117,2023Q2,20230509,90,0.0,0.0,0.0,43.75,43.75,0.0,16.0,16.0,0.0,0.0,0.0,0.0,158.25,122.75,35.5,187.75,116.75,71.0,0.0,0.0,0.0,0.0,0.0,0.0,
495177,COMMUNITY MEMORIAL HOSPITAL HUNDLEY CENTER,SOUTH HILL,VA,Mecklenburg,117,2023Q2,20230510,90,0.0,0.0,0.0,41.75,41.75,0.0,30.25,30.25,0.0,0.0,0.0,0.0,126.25,93.5,32.75,217.25,144.5,72.75,0.0,0.0,0.0,0.0,0.0,0.0,
495177,COMMUNITY MEMORIAL HOSPITAL HUNDLEY CENTER,SOUTH HILL,VA,Mecklenburg,117,2023Q2,20230511,90,0.0,0.0,0.0,43.0,43.0,0.0,23.0,23.0,0.0,0.0,0.0,0.0,134.5,97.5,37.0,180.25,122.75,57.5,0.0,0.0,0.0,0.0,0.0,0.0,
495177,COMMUNITY MEMORIAL HOSPITAL HUNDLEY CENTER,SOUTH HILL,VA,Mecklenburg,117,2023Q2,20230512,88,0.0,0.0,0.0,29.75,29.75,0.0,8.75,8.75,0.0,0.0,0.0,0.0,119.75,83.5,36.25,147.25,110.25,37.0,0.0,0.0,0.0,0.0,0.0,0.0,
495177,COMMUNITY MEMORIAL HOSPITAL HUNDLEY CENTER,SOUTH HILL,VA,Mecklenburg,117,2023Q2,20230513,88,0.0,0.0,0.0,4.25,4.25,0.0,12.25,12.25,0.0,0.0,0.0,0.0,137.25,125.25,12.0,139.0,66.0,73.0,0.0,0.0,0.0,0.0,0.0,0.0,
495177,COMMUNITY MEMORIAL HOSPITAL HUNDLEY CENTER,SOUTH HILL,VA,Mecklenburg,117,2023Q2,20230514,87,0.0,0.0,0.0,0.0,0.0,0.0,12.0,12.0,0.0,0.0,0.0,0.0,138.75,126.75,12.0,173.0,111.25,61.75,0.0,0.0,0.0,0.0,0.0,0.0,
495177,COMMUNITY MEMORIAL HOSPITAL HUNDLEY CENTER,SOUTH HILL,VA,Mecklenburg,117,2023Q2,20230515,86,0.0,0.0,0.0,46.0,46.0,0.0,36.25,36.25,0.0,0.0,0.0,0.0,116.25,104.0,12.25,159.5,116.0,43.5,0.0,0.0,0.0,0.0,0.0,0.0,
495177,COMMUNITY MEMORIAL HOSPITAL HUNDLEY CENTER,SOUTH HILL,VA,Mecklenburg,117,2023Q2,20230516,89,0.0,0.0,0.0,45.25,45.25,0.0,7.5,7.5,0.0,0.0,0.0,0.0,161.5,113.75,47.75,172.25,126.25,46.0,0.0,0.0,0.0,0.0,0.0,0.0,
495177,COMMUNITY MEMORIAL HOSPITAL HUNDLEY CENTER,SOUTH HILL,VA,Mecklenburg,117,2023Q2,20230517,90,0.0,0.0,0.0,45.75,45.75,0.0,31.75,31.75,0.0,0.0,0.0,0.0,124.0,112.25,11.75,144.75,94.0,50.75,0.0,0.0,0.0,0.0,0.0,0.0,
495177,COMMUNITY MEMORIAL HOSPITAL HUNDLEY CENTER,SOUTH HILL,VA,Mecklenburg,117,2023Q2,20230518,90,0.0,0.0,0.0,48.25,48.25,0.0,0.0,0.0,0.0,0.0,0.0,0.0,148.25,136.5,11.75,175.75,114.25,61.5,0.0,0.0,0.0,0.0,0.0,0.0,
495177,COMMUNITY MEMORIAL HOSPITAL HUNDLEY CENTER,SOUTH HILL,VA,Mecklenburg,117,2023Q2,20230519,88,0.0,0.0,0.0,41.25,41.25,0.0,28.75,28.75,0.0,0.0,0.0,0.0,131.25,107.0,24.25,165.5,105.25,60.25,0.0,0.0,0.0,0.0,0.0,0.0,
495177,COMMUNITY MEMORIAL HOSPITAL HUNDLEY CENTER,SOUTH HILL,VA,Mecklenburg,117,2023Q2,20230520,88,0.0,0.0,0.0,8.0,8.0,0.0,11.5,11.5,0.0,0.0,0.0,0.0,141.25,105.75,35.5,136.5,78.0,58.5,0.0,0.0,0.0,0.0,0.0,0.0,
495177,COMMUNITY MEMORIAL HOSPITAL HUNDLEY CENTER,SOUTH HILL,VA,Mecklenburg,117,2023Q2,20230521,88,0.0,0.0,0.0,8.25,8.25,0.0,6.0,6.0,0.0,0.0,0.0,0.0,144.0,107.75,36.25,96.75,53.75,43.0,0.0,0.0,0.0,0.0,0.0,0.0,
495177,COMMUNITY MEMORIAL HOSPITAL HUNDLEY CENTER,SOUTH HILL,VA,Mecklenburg,117,2023Q2,20230522,87,0.0,0.0,0.0,45.0,45.0,0.0,36.5,36.5,0.0,0.0,0.0,0.0,106.75,94.25,12.5,142.25,95.75,46.5,0.0,0.0,0.0,0.0,0.0,0.0,
495177,COMMUNITY MEMORIAL HOSPITAL HUNDLEY CENTER,SOUTH HILL,VA,Mecklenburg,117,2023Q2,20230523,87,0.0,0.0,0.0,36.25,36.25,0.0,8.5,8.5,0.0,0.0,0.0,0.0,152.25,130.0,22.25,209.75,180.75,29.0,0.0,0.0,0.0,0.0,0.0,0.0,
495177,COMMUNITY MEMORIAL HOSPITAL HUNDLEY CENTER,SOUTH HILL,VA,Mecklenburg,117,2023Q2,20230524,87,0.0,0.0,0.0,43.75,43.75,0.0,28.75,28.75,0.0,0.0,0.0,0.0,144.75,97.25,47.5,187.5,135.5,52.0,0.0,0.0,0.0,0.0,0.0,0.0,
495177,COMMUNITY MEMORIAL HOSPITAL HUNDLEY CENTER,SOUTH HILL,VA,Mecklenburg,117,2023Q2,20230525,88,0.0,0.0,0.0,43.0,43.0,0.0,19.5,19.5,0.0,0.0,0.0,0.0,156.5,132.25,24.25,155.25,117.5,37.75,0.0,0.0,0.0,0.0,0.0,0.0,
495177,COMMUNITY MEMORIAL HOSPITAL HUNDLEY CENTER,SOUTH HILL,VA,Mecklenburg,117,2023Q2,20230526,87,0.0,0.0,0.0,35.75,35.75,0.0,21.0,21.0,0.0,0.0,0.0,0.0,121.25,101.25,20.0,129.0,81.25,47.75,0.0,0.0,0.0,0.0,0.0,0.0,
495177,COMMUNITY MEMORIAL HOSPITAL HUNDLEY CENTER,SOUTH HILL,VA,Mecklenburg,117,2023Q2,20230527,85,0.0,0.0,0.0,0.75,0.75,0.0,21.0,21.0,0.0,0.0,0.0,0.0,120.0,95.75,24.25,157.25,108.25,49.0,0.0,0.0,0.0,0.0,0.0,0.0,
495177,COMMUNITY MEMORIAL HOSPITAL HUNDLEY CENTER,SOUTH HILL,VA,Mecklenburg,117,2023Q2,20230528,85,0.0,0.0,0.0,0.0,0.0,0.0,20.0,20.0,0.0,0.0,0.0,0.0,159.5,136.0,23.5,171.0,122.0,49.0,0.0,0.0,0.0,0.0,0.0,0.0,
495177,COMMUNITY MEMORIAL HOSPITAL HUNDLEY CENTER,SOUTH HILL,VA,Mecklenburg,117,2023Q2,20230529,84,0.0,0.0,0.0,24.5,24.5,0.0,9.0,9.0,0.0,0.0,0.0,0.0,135.0,111.5,23.5,138.75,104.5,34.25,0.0,0.0,0.0,0.0,0.0,0.0,
495177,COMMUNITY MEMORIAL HOSPITAL HUNDLEY CENTER,SOUTH HILL,VA,Mecklenburg,117,2023Q2,20230530,84,0.0,0.0,0.0,41.75,41.75,0.0,41.5,41.5,0.0,0.0,0.0,0.0,144.5,114.5,30.0,163.0,127.5,35.5,0.0,0.0,0.0,0.0,0.0,0.0,
495177,COMMUNITY MEMORIAL HOSPITAL HUNDLEY CENTER,SOUTH HILL,VA,Mecklenburg,117,2023Q2,20230531,85,0.0,0.0,0.0,46.5,46.5,0.0,17.25,17.25,0.0,0.0,0.0,0.0,119.25,86.25,33.0,180.25,107.0,73.25,0.0,0.0,0.0,0.0,0.0,0.0,
495177,COMMUNITY MEMORIAL HOSPITAL HUNDLEY CENTER,SOUTH HILL,VA,Mecklenburg,117,2023Q2,20230601,84,0.0,0.0,0.0,44.75,44.75,0.0,19.5,19.5,0.0,0.0,0.0,0.0,159.0,159.0,0.0,185.0,115.25,69.75,0.0,0.0,0.0,0.0,0.0,0.0,
495177,COMMUNITY MEMORIAL HOSPITAL HUNDLEY CENTER,SOUTH HILL,VA,Mecklenburg,117,2023Q2,20230602,84,0.0,0.0,0.0,28.25,28.25,0.0,23.25,23.25,0.0,0.0,0.0,0.0,117.5,117.5,0.0,142.25,106.0,36.25,0.0,0.0,0.0,0.0,0.0,0.0,
495177,COMMUNITY MEMORIAL HOSPITAL HUNDLEY CENTER,SOUTH HILL,VA,Mecklenburg,117,2023Q2,20230603,84,0.0,0.0,0.0,0.0,0.0,0.0,8.25,8.25,0.0,0.0,0.0,0.0,166.0,130.5,35.5,92.25,45.75,46.5,0.0,0.0,0.0,0.0,0.0,0.0,
495177,COMMUNITY MEMORIAL HOSPITAL HUNDLEY CENTER,SOUTH HILL,VA,Mecklenburg,117,2023Q2,20230604,81,0.0,0.0,0.0,0.0,0.0,0.0,8.25,8.25,0.0,0.0,0.0,0.0,141.0,113.0,28.0,97.25,49.25,48.0,0.0,0.0,0.0,0.0,0.0,0.0,
495177,COMMUNITY MEMORIAL HOSPITAL HUNDLEY CENTER,SOUTH HILL,VA,Mecklenburg,117,2023Q2,20230605,83,0.0,0.0,0.0,25.5,25.5,0.0,33.5,33.5,0.0,0.0,0.0,0.0,109.75,90.25,19.5,154.5,87.25,67.25,0.0,0.0,0.0,0.0,0.0,0.0,
495177,COMMUNITY MEMORIAL HOSPITAL HUNDLEY CENTER,SOUTH HILL,VA,Mecklenburg,117,2023Q2,20230606,83,0.0,0.0,0.0,37.75,37.75,0.0,32.0,32.0,0.0,0.0,0.0,0.0,128.75,116.75,12.0,177.0,136.5,40.5,0.0,0.0,0.0,0.0,0.0,0.0,
495177,COMMUNITY MEMORIAL HOSPITAL HUNDLEY CENTER,SOUTH HILL,VA,Mecklenburg,117,2023Q2,20230607,83,0.0,0.0,0.0,36.75,36.75,0.0,27.75,27.75,0.0,0.0,0.0,0.0,146.0,114.25,31.75,175.0,106.5,68.5,0.0,0.0,0.0,0.0,0.0,0.0,
495177,COMMUNITY MEMORIAL HOSPITAL HUNDLEY CENTER,SOUTH HILL,VA,Mecklenburg,117,2023Q2,20230608,82,0.0,0.0,0.0,29.5,29.5,0.0,17.0,17.0,0.0,0.0,0.0,0.0,155.75,131.5,24.25,159.0,123.0,36.0,0.0,0.0,0.0,0.0,0.0,0.0,
495177,COMMUNITY MEMORIAL HOSPITAL HUNDLEY CENTER,SOUTH HILL,VA,Mecklenburg,117,2023Q2,20230609,83,0.0,0.0,0.0,15.5,15.5,0.0,15.75,15.75,0.0,0.0,0.0,0.0,145.75,114.25,31.5,124.75,89.0,35.75,0.0,0.0,0.0,0.0,0.0,0.0,
495177,COMMUNITY MEMORIAL HOSPITAL HUNDLEY CENTER,SOUTH HILL,VA,Mecklenburg,117,2023Q2,20230610,81,0.0,0.0,0.0,11.25,11.25,0.0,27.5,27.5,0.0,0.0,0.0,0.0,159.75,148.25,11.5,151.5,99.25,52.25,0.0,0.0,0.0,0.0,0.0,0.0,
495177,COMMUNITY MEMORIAL HOSPITAL HUNDLEY CENTER,SOUTH HILL,VA,Mecklenburg,117,2023Q2,20230611,81,0.0,0.0,0.0,9.25,9.25,0.0,12.0,12.0,0.0,0.0,0.0,0.0,154.75,154.75,0.0,159.5,110.75,48.75,0.0,0.0,0.0,0.0,0.0,0.0,
495177,COMMUNITY MEMORIAL HOSPITAL HUNDLEY CENTER,SOUTH HILL,VA,Mecklenburg,117,2023Q2,20230612,78,0.0,0.0,0.0,27.25,27.25,0.0,22.75,22.75,0.0,0.0,0.0,0.0,140.0,121.0,19.0,164.0,94.75,69.25,0.0,0.0,0.0,0.0,0.0,0.0,
495177,COMMUNITY MEMORIAL HOSPITAL HUNDLEY CENTER,SOUTH HILL,VA,Mecklenburg,117,2023Q2,20230613,77,0.0,0.0,0.0,24.75,24.75,0.0,17.25,17.25,0.0,0.0,0.0,0.0,152.5,117.0,35.5,165.5,100.0,65.5,0.0,0.0,0.0,0.0,0.0,0.0,
495177,COMMUNITY MEMORIAL HOSPITAL HUNDLEY CENTER,SOUTH HILL,VA,Mecklenburg,117,2023Q2,20230614,76,0.0,0.0,0.0,26.25,26.25,0.0,38.5,38.5,0.0,0.0,0.0,0.0,135.25,111.75,23.5,172.5,114.0,58.5,0.0,0.0,0.0,0.0,0.0,0.0,
495177,COMMUNITY MEMORIAL HOSPITAL HUNDLEY CENTER,SOUTH HILL,VA,Mecklenburg,117,2023Q2,20230615,75,0.0,0.0,0.0,21.5,21.5,0.0,19.5,19.5,0.0,0.0,0.0,0.0,148.0,148.0,0.0,176.25,116.0,60.25,0.0,0.0,0.0,0.0,0.0,0.0,
495177,COMMUNITY MEMORIAL HOSPITAL HUNDLEY CENTER,SOUTH HILL,VA,Mecklenburg,117,2023Q2,20230616,76,0.0,0.0,0.0,17.5,17.5,0.0,34.0,34.0,0.0,0.0,0.0,0.0,114.0,114.0,0.0,142.25,97.0,45.25,0.0,0.0,0.0,0.0,0.0,0.0,
495177,COMMUNITY MEMORIAL HOSPITAL HUNDLEY CENTER,SOUTH HILL,VA,Mecklenburg,117,2023Q2,20230617,76,0.0,0.0,0.0,4.25,4.25,0.0,3.0,3.0,0.0,0.0,0.0,0.0,140.5,105.75,34.75,111.5,76.25,35.25,0.0,0.0,0.0,0.0,0.0,0.0,
495177,COMMUNITY MEMORIAL HOSPITAL HUNDLEY CENTER,SOUTH HILL,VA,Mecklenburg,117,2023Q2,20230618,76,0.0,0.0,0.0,0.0,0.0,0.0,8.0,8.0,0.0,0.0,0.0,0.0,131.75,108.5,23.25,98.5,52.5,46.0,0.0,0.0,0.0,0.0,0.0,0.0,
495177,COMMUNITY MEMORIAL HOSPITAL HUNDLEY CENTER,SOUTH HILL,VA,Mecklenburg,117,2023Q2,20230619,77,0.0,0.0,0.0,22.25,22.25,0.0,26.75,26.75,0.0,0.0,0.0,0.0,123.75,112.25,11.5,133.5,52.25,81.25,0.0,0.0,0.0,0.0,0.0,0.0,
495177,COMMUNITY MEMORIAL HOSPITAL HUNDLEY CENTER,SOUTH HILL,VA,Mecklenburg,117,2023Q2,20230620,77,0.0,0.0,0.0,42.0,42.0,0.0,39.75,39.75,0.0,0.0,0.0,0.0,148.5,136.75,11.75,150.0,84.0,66.0,0.0,0.0,0.0,0.0,0.0,0.0,
495177,COMMUNITY MEMORIAL HOSPITAL HUNDLEY CENTER,SOUTH HILL,VA,Mecklenburg,117,2023Q2,20230621,80,0.0,0.0,0.0,45.25,45.25,0.0,29.5,29.5,0.0,0.0,0.0,0.0,143.0,130.75,12.25,151.5,109.75,41.75,0.0,0.0,0.0,0.0,0.0,0.0,
495177,COMMUNITY MEMORIAL HOSPITAL HUNDLEY CENTER,SOUTH HILL,VA,Mecklenburg,117,2023Q2,20230622,81,0.0,0.0,0.0,34.75,34.75,0.0,19.75,19.75,0.0,0.0,0.0,0.0,150.75,139.0,11.75,163.0,106.25,56.75,0.0,0.0,0.0,0.0,0.0,0.0,
495177,COMMUNITY MEMORIAL HOSPITAL HUNDLEY CENTER,SOUTH HILL,VA,Mecklenburg,117,2023Q2,20230623,79,0.0,0.0,0.0,39.25,39.25,0.0,14.75,14.75,0.0,0.0,0.0,0.0,154.0,130.25,23.75,128.75,99.5,29.25,0.0,0.0,0.0,0.0,0.0,0.0,
495177,COMMUNITY MEMORIAL HOSPITAL HUNDLEY CENTER,SOUTH HILL,VA,Mecklenburg,117,2023Q2,20230624,79,0.0,0.0,0.0,4.5,4.5,0.0,31.75,31.75,0.0,0.0,0.0,0.0,153.0,144.5,8.5,115.75,91.25,24.5,0.0,0.0,0.0,0.0,0.0,0.0,
495177,COMMUNITY MEMORIAL HOSPITAL HUNDLEY CENTER,SOUTH HILL,VA,Mecklenburg,117,2023Q2,20230625,79,0.0,0.0,0.0,6.75,6.75,0.0,19.25,19.25,0.0,0.0,0.0,0.0,150.25,150.25,0.0,120.25,71.5,48.75,0.0,0.0,0.0,0.0,0.0,0.0,
495177,COMMUNITY MEMORIAL HOSPITAL HUNDLEY CENTER,SOUTH HILL,VA,Mecklenburg,117,2023Q2,20230626,79,0.0,0.0,0.0,27.0,27.0,0.0,41.5,41.5,0.0,0.0,0.0,0.0,119.5,96.0,23.5,155.0,107.25,47.75,0.0,0.0,0.0,0.0,0.0,0.0,
495177,COMMUNITY MEMORIAL HOSPITAL HUNDLEY CENTER,SOUTH HILL,VA,Mecklenburg,117,2023Q2,20230627,80,0.0,0.0,0.0,35.5,35.5,0.0,17.25,17.25,0.0,0.0,0.0,0.0,97.75,86.0,11.75,159.0,122.75,36.25,0.0,0.0,0.0,0.0,0.0,0.0,
495177,COMMUNITY MEMORIAL HOSPITAL HUNDLEY CENTER,SOUTH HILL,VA,Mecklenburg,117,2023Q2,20230628,79,0.0,0.0,0.0,35.0,35.0,0.0,50.5,50.5,0.0,0.0,0.0,0.0,137.5,125.25,12.25,167.0,109.75,57.25,0.0,0.0,0.0,0.0,0.0,0.0,
495177,COMMUNITY MEMORIAL HOSPITAL HUNDLEY CENTER,SOUTH HILL,VA,Mecklenburg,117,2023Q2,20230629,79,0.0,0.0,0.0,37.25,37.25,0.0,35.5,35.5,0.0,0.0,0.0,0.0,120.75,109.0,11.75,112.0,74.0,38.0,0.0,0.0,0.0,0.0,0.0,0.0,
495177,COMMUNITY MEMORIAL HOSPITAL HUNDLEY CENTER,SOUTH HILL,VA,Mecklenburg,117,2023Q2,20230630,79,0.0,0.0,0.0,30.5,30.5,0.0,18.5,18.5,0.0,0.0,0.0,0.0,118.25,118.25,0.0,91.5,67.0,24.5,0.0,0.0,0.0,0.0,0.0,0.0,
495177,COMMUNITY MEMORIAL HOSPITAL HUNDLEY CENTER,SOUTH HILL,VA,Mecklenburg,117,2023Q3,20230701,78,0.0,0.0,0.0,12.75,12.75,0.0,12.0,12.0,0.0,0.0,0.0,0.0,110.75,99.25,11.5,95.0,62.0,33.0,0.0,0.0,0.0,0.0,0.0,0.0,
495177,COMMUNITY MEMORIAL HOSPITAL HUNDLEY CENTER,SOUTH HILL,VA,Mecklenburg,117,2023Q3,20230702,77,0.0,0.0,0.0,10.75,10.75,0.0,35.25,35.25,0.0,0.0,0.0,0.0,134.0,122.0,12.0,113.25,75.25,38.0,0.0,0.0,0.0,0.0,0.0,0.0,
495177,COMMUNITY MEMORIAL HOSPITAL HUNDLEY CENTER,SOUTH HILL,VA,Mecklenburg,117,2023Q3,20230703,78,0.0,0.0,0.0,34.75,34.75,0.0,31.0,31.0,0.0,0.0,0.0,0.0,140.75,140.75,0.0,117.5,100.75,16.75,0.0,0.0,0.0,0.0,0.0,0.0,
495177,COMMUNITY MEMORIAL HOSPITAL HUNDLEY CENTER,SOUTH HILL,VA,Mecklenburg,117,2023Q3,20230704,80,0.0,0.0,0.0,35.5,35.5,0.0,13.5,13.5,0.0,0.0,0.0,0.0,144.5,132.5,12.0,167.75,129.5,38.25,0.0,0.0,0.0,0.0,0.0,0.0,
495177,COMMUNITY MEMORIAL HOSPITAL HUNDLEY CENTER,SOUTH HILL,VA,Mecklenburg,117,2023Q3,20230705,79,0.0,0.0,0.0,40.25,40.25,0.0,57.0,57.0,0.0,0.0,0.0,0.0,135.75,124.0,11.75,143.0,130.75,12.25,0.0,0.0,0.0,0.0,0.0,0.0,
495177,COMMUNITY MEMORIAL HOSPITAL HUNDLEY CENTER,SOUTH HILL,VA,Mecklenburg,117,2023Q3,20230706,79,0.0,0.0,0.0,42.25,42.25,0.0,44.25,44.25,0.0,0.0,0.0,0.0,151.0,127.0,24.0,155.25,118.25,37.0,0.0,0.0,0.0,0.0,0.0,0.0,
495177,COMMUNITY MEMORIAL HOSPITAL HUNDLEY CENTER,SOUTH HILL,VA,Mecklenburg,117,2023Q3,20230707,79,0.0,0.0,0.0,35.5,35.5,0.0,19.25,19.25,0.0,0.0,0.0,0.0,159.5,124.5,35.0,137.5,65.0,72.5,0.0,0.0,0.0,0.0,0.0,0.0,
495177,COMMUNITY MEMORIAL HOSPITAL HUNDLEY CENTER,SOUTH HILL,VA,Mecklenburg,117,2023Q3,20230708,79,0.0,0.0,0.0,10.0,10.0,0.0,24.25,24.25,0.0,0.0,0.0,0.0,154.25,154.25,0.0,166.0,111.0,55.0,0.0,0.0,0.0,0.0,0.0,0.0,
495177,COMMUNITY MEMORIAL HOSPITAL HUNDLEY CENTER,SOUTH HILL,VA,Mecklenburg,117,2023Q3,20230709,77,0.0,0.0,0.0,8.5,8.5,0.0,20.25,20.25,0.0,0.0,0.0,0.0,151.0,151.0,0.0,162.25,102.75,59.5,0.0,0.0,0.0,0.0,0.0,0.0,
495177,COMMUNITY MEMORIAL HOSPITAL HUNDLEY CENTER,SOUTH HILL,VA,Mecklenburg,117,2023Q3,20230710,77,0.0,0.0,0.0,35.0,35.0,0.0,14.75,14.75,0.0,0.0,0.0,0.0,148.75,112.25,36.5,146.25,121.25,25.0,0.0,0.0,0.0,0.0,0.0,0.0,
495177,COMMUNITY MEMORIAL HOSPITAL HUNDLEY CENTER,SOUTH HILL,VA,Mecklenburg,117,2023Q3,20230711,77,0.0,0.0,0.0,42.0,42.0,0.0,35.5,35.5,0.0,0.0,0.0,0.0,132.75,109.0,23.75,138.25,92.5,45.75,0.0,0.0,0.0,0.0,0.0,0.0,
495177,COMMUNITY MEMORIAL HOSPITAL HUNDLEY CENTER,SOUTH HILL,VA,Mecklenburg,117,2023Q3,20230712,77,0.0,0.0,0.0,43.0,43.0,0.0,57.5,57.5,0.0,0.0,0.0,0.0,126.5,114.75,11.75,149.25,112.5,36.75,0.0,0.0,0.0,0.0,0.0,0.0,
495177,COMMUNITY MEMORIAL HOSPITAL HUNDLEY CENTER,SOUTH HILL,VA,Mecklenburg,117,2023Q3,20230713,76,0.0,0.0,0.0,29.0,29.0,0.0,37.0,37.0,0.0,0.0,0.0,0.0,125.0,125.0,0.0,148.5,92.25,56.25,0.0,0.0,0.0,0.0,0.0,0.0,
495177,COMMUNITY MEMORIAL HOSPITAL HUNDLEY CENTER,SOUTH HILL,VA,Mecklenburg,117,2023Q3,20230714,76,0.0,0.0,0.0,29.0,29.0,0.0,33.25,33.25,0.0,0.0,0.0,0.0,132.25,120.75,11.5,108.75,97.25,11.5,0.0,0.0,0.0,0.0,0.0,0.0,
495177,COMMUNITY MEMORIAL HOSPITAL HUNDLEY CENTER,SOUTH HILL,VA,Mecklenburg,117,2023Q3,20230715,76,0.0,0.0,0.0,8.0,8.0,0.0,29.0,29.0,0.0,0.0,0.0,0.0,112.5,89.75,22.75,90.25,53.0,37.25,0.0,0.0,0.0,0.0,0.0,0.0,
495177,COMMUNITY MEMORIAL HOSPITAL HUNDLEY CENTER,SOUTH HILL,VA,Mecklenburg,117,2023Q3,20230716,76,0.0,0.0,0.0,7.75,7.75,0.0,22.5,22.5,0.0,0.0,0.0,0.0,135.5,112.0,23.5,70.25,58.0,12.25,0.0,0.0,0.0,0.0,0.0,0.0,
495177,COMMUNITY MEMORIAL HOSPITAL HUNDLEY CENTER,SOUTH HILL,VA,Mecklenburg,117,2023Q3,20230717,76,0.0,0.0,0.0,41.75,41.75,0.0,23.0,23.0,0.0,0.0,0.0,0.0,115.25,103.5,11.75,163.75,120.0,43.75,0.0,0.0,0.0,0.0,0.0,0.0,
495177,COMMUNITY MEMORIAL HOSPITAL HUNDLEY CENTER,SOUTH HILL,VA,Mecklenburg,117,2023Q3,20230718,78,0.0,0.0,0.0,47.5,47.5,0.0,45.5,45.5,0.0,0.0,0.0,0.0,141.0,133.0,8.0,186.0,154.0,32.0,0.0,0.0,0.0,0.0,0.0,0.0,
495177,COMMUNITY MEMORIAL HOSPITAL HUNDLEY CENTER,SOUTH HILL,VA,Mecklenburg,117,2023Q3,20230719,78,0.0,0.0,0.0,42.25,42.25,0.0,40.75,40.75,0.0,0.0,0.0,0.0,131.0,119.25,11.75,190.5,151.0,39.5,0.0,0.0,0.0,0.0,0.0,0.0,
495177,COMMUNITY MEMORIAL HOSPITAL HUNDLEY CENTER,SOUTH HILL,VA,Mecklenburg,117,2023Q3,20230720,79,0.0,0.0,0.0,34.75,34.75,0.0,31.75,31.75,0.0,0.0,0.0,0.0,153.0,129.0,24.0,170.25,113.75,56.5,0.0,0.0,0.0,0.0,0.0,0.0,
495177,COMMUNITY MEMORIAL HOSPITAL HUNDLEY CENTER,SOUTH HILL,VA,Mecklenburg,117,2023Q3,20230721,76,0.0,0.0,0.0,34.0,34.0,0.0,16.5,16.5,0.0,0.0,0.0,0.0,121.0,109.25,11.75,148.25,103.5,44.75,0.0,0.0,0.0,0.0,0.0,0.0,
495177,COMMUNITY MEMORIAL HOSPITAL HUNDLEY CENTER,SOUTH HILL,VA,Mecklenburg,117,2023Q3,20230722,76,0.0,0.0,0.0,1.5,1.5,0.0,30.75,30.75,0.0,0.0,0.0,0.0,143.0,143.0,0.0,162.25,114.25,48.0,0.0,0.0,0.0,0.0,0.0,0.0,
495177,COMMUNITY MEMORIAL HOSPITAL HUNDLEY CENTER,SOUTH HILL,VA,Mecklenburg,117,2023Q3,20230723,74,0.0,0.0,0.0,0.0,0.0,0.0,19.75,19.75,0.0,0.0,0.0,0.0,168.75,168.75,0.0,160.25,113.75,46.5,0.0,0.0,0.0,0.0,0.0,0.0,
495177,COMMUNITY MEMORIAL HOSPITAL HUNDLEY CENTER,SOUTH HILL,VA,Mecklenburg,117,2023Q3,20230724,74,0.0,0.0,0.0,36.25,36.25,0.0,33.0,33.0,0.0,0.0,0.0,0.0,132.5,124.0,8.5,171.5,135.0,36.5,0.0,0.0,0.0,0.0,0.0,0.0,
495177,COMMUNITY MEMORIAL HOSPITAL HUNDLEY CENTER,SOUTH HILL,VA,Mecklenburg,117,2023Q3,20230725,75,0.0,0.0,0.0,34.75,34.75,0.0,35.75,35.75,0.0,0.0,0.0,0.0,130.0,118.5,11.5,163.75,115.75,48.0,0.0,0.0,0.0,0.0,0.0,0.0,
495177,COMMUNITY MEMORIAL HOSPITAL HUNDLEY CENTER,SOUTH HILL,VA,Mecklenburg,117,2023Q3,20230726,76,0.0,0.0,0.0,36.0,36.0,0.0,30.75,30.75,0.0,0.0,0.0,0.0,100.0,88.25,11.75,175.75,105.75,70.0,0.0,0.0,0.0,0.0,0.0,0.0,
495177,COMMUNITY MEMORIAL HOSPITAL HUNDLEY CENTER,SOUTH HILL,VA,Mecklenburg,117,2023Q3,20230727,77,0.0,0.0,0.0,40.75,40.75,0.0,32.5,32.5,0.0,0.0,0.0,0.0,104.75,104.75,0.0,171.25,123.5,47.75,0.0,0.0,0.0,0.0,0.0,0.0,
495177,COMMUNITY MEMORIAL HOSPITAL HUNDLEY CENTER,SOUTH HILL,VA,Mecklenburg,117,2023Q3,20230728,78,0.0,0.0,0.0,37.75,37.75,0.0,0.0,0.0,0.0,0.0,0.0,0.0,115.25,92.25,23.0,144.25,113.25,31.0,0.0,0.0,0.0,0.0,0.0,0.0,
495177,COMMUNITY MEMORIAL HOSPITAL HUNDLEY CENTER,SOUTH HILL,VA,Mecklenburg,117,2023Q3,20230729,77,0.0,0.0,0.0,0.0,0.0,0.0,31.75,31.75,0.0,0.0,0.0,0.0,105.0,81.5,23.5,108.5,84.5,24.0,0.0,0.0,0.0,0.0,0.0,0.0,
495177,COMMUNITY MEMORIAL HOSPITAL HUNDLEY CENTER,SOUTH HILL,VA,Mecklenburg,117,2023Q3,20230730,77,0.0,0.0,0.0,0.0,0.0,0.0,31.25,31.25,0.0,0.0,0.0,0.0,117.5,88.0,29.5,108.75,98.0,10.75,0.0,0.0,0.0,0.0,0.0,0.0,
495177,COMMUNITY MEMORIAL HOSPITAL HUNDLEY CENTER,SOUTH HILL,VA,Mecklenburg,117,2023Q3,20230731,75,0.0,0.0,0.0,35.25,35.25,0.0,19.25,19.25,0.0,0.0,0.0,0.0,115.25,105.0,10.25,120.25,47.0,73.25,0.0,0.0,0.0,0.0,0.0,0.0,
495177,COMMUNITY MEMORIAL HOSPITAL HUNDLEY CENTER,SOUTH HILL,VA,Mecklenburg,117,2023Q3,20230801,75,0.0,0.0,0.0,43.5,43.5,0.0,32.25,32.25,0.0,0.0,0.0,0.0,120.75,120.75,0.0,141.75,129.75,12.0,0.0,0.0,0.0,0.0,0.0,0.0,
495177,COMMUNITY MEMORIAL HOSPITAL HUNDLEY CENTER,SOUTH HILL,VA,Mecklenburg,117,2023Q3,20230802,73,0.0,0.0,0.0,41.5,41.5,0.0,24.25,24.25,0.0,0.0,0.0,0.0,107.0,107.0,0.0,147.75,124.25,23.5,0.0,0.0,0.0,0.0,0.0,0.0,
495177,COMMUNITY MEMORIAL HOSPITAL HUNDLEY CENTER,SOUTH HILL,VA,Mecklenburg,117,2023Q3,20230803,74,0.0,0.0,0.0,34.25,34.25,0.0,27.5,27.5,0.0,0.0,0.0,0.0,89.5,78.0,11.5,145.75,102.25,43.5,0.0,0.0,0.0,0.0,0.0,0.0,
495177,COMMUNITY MEMORIAL HOSPITAL HUNDLEY CENTER,SOUTH HILL,VA,Mecklenburg,117,2023Q3,20230804,73,0.0,0.0,0.0,31.75,31.75,0.0,34.25,34.25,0.0,0.0,0.0,0.0,89.0,77.25,11.75,133.0,88.0,45.0,0.0,0.0,0.0,0.0,0.0,0.0,
495177,COMMUNITY MEMORIAL HOSPITAL HUNDLEY CENTER,SOUTH HILL,VA,Mecklenburg,117,2023Q3,20230805,73,0.0,0.0,0.0,11.25,11.25,0.0,8.0,8.0,0.0,0.0,0.0,0.0,116.75,116.75,0.0,117.0,70.0,47.0,0.0,0.0,0.0,0.0,0.0,0.0,
495177,COMMUNITY MEMORIAL HOSPITAL HUNDLEY CENTER,SOUTH HILL,VA,Mecklenburg,117,2023Q3,20230806,73,0.0,0.0,0.0,8.5,8.5,0.0,8.0,8.0,0.0,0.0,0.0,0.0,116.5,116.5,0.0,121.5,73.25,48.25,0.0,0.0,0.0,0.0,0.0,0.0,
495177,COMMUNITY MEMORIAL HOSPITAL HUNDLEY CENTER,SOUTH HILL,VA,Mecklenburg,117,2023Q3,20230807,73,8.0,8.0,0.0,25.25,25.25,0.0,7.0,7.0,0.0,0.0,0.0,0.0,123.25,111.25,12.0,129.0,97.75,31.25,0.0,0.0,0.0,0.0,0.0,0.0,
495177,COMMUNITY MEMORIAL HOSPITAL HUNDLEY CENTER,SOUTH HILL,VA,Mecklenburg,117,2023Q3,20230808,73,8.0,8.0,0.0,37.5,37.5,0.0,37.75,37.75,0.0,0.0,0.0,0.0,117.5,106.0,11.5,130.75,109.75,21.0,0.0,0.0,0.0,0.0,0.0,0.0,
495177,COMMUNITY MEMORIAL HOSPITAL HUNDLEY CENTER,SOUTH HILL,VA,Mecklenburg,117,2023Q3,20230809,73,8.0,8.0,0.0,34.25,34.25,0.0,27.75,27.75,0.0,0.0,0.0,0.0,120.5,108.75,11.75,121.0,94.0,27.0,0.0,0.0,0.0,0.0,0.0,0.0,
495177,COMMUNITY MEMORIAL HOSPITAL HUNDLEY CENTER,SOUTH HILL,VA,Mecklenburg,117,2023Q3,20230810,74,8.0,8.0,0.0,33.0,33.0,0.0,20.75,20.75,0.0,0.0,0.0,0.0,117.5,117.5,0.0,132.25,109.0,23.25,0.0,0.0,0.0,0.0,0.0,0.0,
495177,COMMUNITY MEMORIAL HOSPITAL HUNDLEY CENTER,SOUTH HILL,VA,Mecklenburg,117,2023Q3,20230811,81,8.0,8.0,0.0,50.25,50.25,0.0,18.5,18.5,0.0,0.0,0.0,0.0,119.0,107.0,12.0,139.5,106.0,33.5,0.0,0.0,0.0,0.0,0.0,0.0,
495177,COMMUNITY MEMORIAL HOSPITAL HUNDLEY CENTER,SOUTH HILL,VA,Mecklenburg,117,2023Q3,20230812,80,0.0,0.0,0.0,2.0,2.0,0.0,14.0,14.0,0.0,0.0,0.0,0.0,133.25,110.0,23.25,116.0,92.25,23.75,0.0,0.0,0.0,0.0,0.0,0.0,
495177,COMMUNITY MEMORIAL HOSPITAL HUNDLEY CENTER,SOUTH HILL,VA,Mecklenburg,117,2023Q3,20230813,80,0.0,0.0,0.0,0.0,0.0,0.0,12.5,12.5,0.0,0.0,0.0,0.0,153.75,118.0,35.75,79.25,67.75,11.5,0.0,0.0,0.0,0.0,0.0,0.0,
495177,COMMUNITY MEMORIAL HOSPITAL HUNDLEY CENTER,SOUTH HILL,VA,Mecklenburg,117,2023Q3,20230814,81,8.0,8.0,0.0,38.25,38.25,0.0,33.75,33.75,0.0,0.0,0.0,0.0,112.25,88.5,23.75,130.75,98.5,32.25,0.0,0.0,0.0,0.0,0.0,0.0,
495177,COMMUNITY MEMORIAL HOSPITAL HUNDLEY CENTER,SOUTH HILL,VA,Mecklenburg,117,2023Q3,20230815,81,8.0,8.0,0.0,29.75,29.75,0.0,35.5,35.5,0.0,0.0,0.0,0.0,121.0,98.0,23.0,164.75,116.5,48.25,0.0,0.0,0.0,0.0,0.0,0.0,
495177,COMMUNITY MEMORIAL HOSPITAL HUNDLEY CENTER,SOUTH HILL,VA,Mecklenburg,117,2023Q3,20230816,81,8.0,8.0,0.0,31.0,31.0,0.0,34.0,34.0,0.0,0.0,0.0,0.0,102.25,102.25,0.0,139.0,115.75,23.25,0.0,0.0,0.0,0.0,0.0,0.0,
495177,COMMUNITY MEMORIAL HOSPITAL HUNDLEY CENTER,SOUTH HILL,VA,Mecklenburg,117,2023Q3,20230817,81,8.0,8.0,0.0,35.5,35.5,0.0,30.25,30.25,0.0,0.0,0.0,0.0,104.0,104.0,0.0,154.0,117.75,36.25,0.0,0.0,0.0,0.0,0.0,0.0,
495177,COMMUNITY MEMORIAL HOSPITAL HUNDLEY CENTER,SOUTH HILL,VA,Mecklenburg,117,2023Q3,20230818,79,8.0,8.0,0.0,20.5,20.5,0.0,24.75,24.75,0.0,0.0,0.0,0.0,109.0,109.0,0.0,148.75,112.0,36.75,0.0,0.0,0.0,0.0,0.0,0.0,
495177,COMMUNITY MEMORIAL HOSPITAL HUNDLEY CENTER,SOUTH HILL,VA,Mecklenburg,117,2023Q3,20230819,79,0.0,0.0,0.0,18.75,18.75,0.0,8.25,8.25,0.0,0.0,0.0,0.0,126.0,126.0,0.0,128.25,93.0,35.25,0.0,0.0,0.0,0.0,0.0,0.0,
495177,COMMUNITY MEMORIAL HOSPITAL HUNDLEY CENTER,SOUTH HILL,VA,Mecklenburg,117,2023Q3,20230820,79,0.0,0.0,0.0,9.5,9.5,0.0,8.25,8.25,0.0,0.0,0.0,0.0,116.75,116.75,0.0,126.75,79.0,47.75,0.0,0.0,0.0,0.0,0.0,0.0,
495177,COMMUNITY MEMORIAL HOSPITAL HUNDLEY CENTER,SOUTH HILL,VA,Mecklenburg,117,2023Q3,20230821,79,8.0,8.0,0.0,44.0,44.0,0.0,11.0,11.0,0.0,0.0,0.0,0.0,135.25,123.5,11.75,152.0,116.5,35.5,0.0,0.0,0.0,0.0,0.0,0.0,
495177,COMMUNITY MEMORIAL HOSPITAL HUNDLEY CENTER,SOUTH HILL,VA,Mecklenburg,117,2023Q3,20230822,80,8.0,8.0,0.0,44.75,44.75,0.0,22.5,22.5,0.0,0.0,0.0,0.0,132.5,120.25,12.25,149.25,128.25,21.0,0.0,0.0,0.0,0.0,0.0,0.0,
495177,COMMUNITY MEMORIAL HOSPITAL HUNDLEY CENTER,SOUTH HILL,VA,Mecklenburg,117,2023Q3,20230823,81,8.0,8.0,0.0,44.75,44.75,0.0,26.75,26.75,0.0,0.0,0.0,0.0,126.5,115.0,11.5,151.75,104.75,47.0,0.0,0.0,0.0,0.0,0.0,0.0,
495177,COMMUNITY MEMORIAL HOSPITAL HUNDLEY CENTER,SOUTH HILL,VA,Mecklenburg,117,2023Q3,20230824,81,8.0,8.0,0.0,45.75,45.75,0.0,29.75,29.75,0.0,0.0,0.0,0.0,154.5,154.5,0.0,140.0,92.75,47.25,0.0,0.0,0.0,0.0,0.0,0.0,
495177,COMMUNITY MEMORIAL HOSPITAL HUNDLEY CENTER,SOUTH HILL,VA,Mecklenburg,117,2023Q3,20230825,81,8.0,8.0,0.0,30.25,30.25,0.0,29.75,29.75,0.0,0.0,0.0,0.0,120.0,120.0,0.0,126.75,77.75,49.0,0.0,0.0,0.0,0.0,0.0,0.0,
495177,COMMUNITY MEMORIAL HOSPITAL HUNDLEY CENTER,SOUTH HILL,VA,Mecklenburg,117,2023Q3,20230826,81,0.0,0.0,0.0,0.0,0.0,0.0,21.5,21.5,0.0,0.0,0.0,0.0,139.25,116.75,22.5,106.0,80.25,25.75,0.0,0.0,0.0,0.0,0.0,0.0,
495177,COMMUNITY MEMORIAL HOSPITAL HUNDLEY CENTER,SOUTH HILL,VA,Mecklenburg,117,2023Q3,20230827,81,0.0,0.0,0.0,2.75,2.75,0.0,12.0,12.0,0.0,0.0,0.0,0.0,152.25,128.5,23.75,104.75,80.25,24.5,0.0,0.0,0.0,0.0,0.0,0.0,
495177,COMMUNITY MEMORIAL HOSPITAL HUNDLEY CENTER,SOUTH HILL,VA,Mecklenburg,117,2023Q3,20230828,81,8.0,8.0,0.0,43.5,43.5,0.0,30.75,30.75,0.0,0.0,0.0,0.0,105.75,92.75,13.0,136.5,89.75,46.75,0.0,0.0,0.0,0.0,0.0,0.0,
495177,COMMUNITY MEMORIAL HOSPITAL HUNDLEY CENTER,SOUTH HILL,VA,Mecklenburg,117,2023Q3,20230829,83,8.0,8.0,0.0,40.0,40.0,0.0,24.5,24.5,0.0,0.0,0.0,0.0,144.75,144.75,0.0,167.5,146.0,21.5,0.0,0.0,0.0,0.0,0.0,0.0,
495177,COMMUNITY MEMORIAL HOSPITAL HUNDLEY CENTER,SOUTH HILL,VA,Mecklenburg,117,2023Q3,20230830,84,8.0,8.0,0.0,31.5,31.5,0.0,23.0,23.0,0.0,0.0,0.0,0.0,137.25,118.0,19.25,157.25,101.5,55.75,0.0,0.0,0.0,0.0,0.0,0.0,
495177,COMMUNITY MEMORIAL HOSPITAL HUNDLEY CENTER,SOUTH HILL,VA,Mecklenburg,117,2023Q3,20230831,84,8.0,8.0,0.0,38.75,38.75,0.0,40.0,40.0,0.0,0.0,0.0,0.0,130.0,130.0,0.0,141.25,97.25,44.0,0.0,0.0,0.0,0.0,0.0,0.0,
495177,COMMUNITY MEMORIAL HOSPITAL HUNDLEY CENTER,SOUTH HILL,VA,Mecklenburg,117,2023Q3,20230901,84,8.0,8.0,0.0,41.0,41.0,0.0,31.0,31.0,0.0,0.0,0.0,0.0,97.75,97.75,0.0,147.0,118.5,28.5,0.0,0.0,0.0,0.0,0.0,0.0,
495177,COMMUNITY MEMORIAL HOSPITAL HUNDLEY CENTER,SOUTH HILL,VA,Mecklenburg,117,2023Q3,20230902,82,0.0,0.0,0.0,8.5,8.5,0.0,8.0,8.0,0.0,0.0,0.0,0.0,119.5,119.5,0.0,129.5,93.75,35.75,0.0,0.0,0.0,0.0,0.0,0.0,
495177,COMMUNITY MEMORIAL HOSPITAL HUNDLEY CENTER,SOUTH HILL,VA,Mecklenburg,117,2023Q3,20230903,82,0.0,0.0,0.0,8.5,8.5,0.0,13.25,13.25,0.0,0.0,0.0,0.0,128.25,128.25,0.0,136.0,88.25,47.75,0.0,0.0,0.0,0.0,0.0,0.0,
495177,COMMUNITY MEMORIAL HOSPITAL HUNDLEY CENTER,SOUTH HILL,VA,Mecklenburg,117,2023Q3,20230904,80,0.0,0.0,0.0,42.25,42.25,0.0,27.5,27.5,0.0,0.0,0.0,0.0,123.5,98.25,25.25,122.75,94.25,28.5,0.0,0.0,0.0,0.0,0.0,0.0,
495177,COMMUNITY MEMORIAL HOSPITAL HUNDLEY CENTER,SOUTH HILL,VA,Mecklenburg,117,2023Q3,20230905,82,0.0,0.0,0.0,51.25,51.25,0.0,16.5,16.5,0.0,0.0,0.0,0.0,151.5,131.75,19.75,143.0,99.25,43.75,0.0,0.0,0.0,0.0,0.0,0.0,
495177,COMMUNITY MEMORIAL HOSPITAL HUNDLEY CENTER,SOUTH HILL,VA,Mecklenburg,117,2023Q3,20230906,82,8.0,8.0,0.0,43.5,43.5,0.0,40.0,40.0,0.0,0.0,0.0,0.0,104.25,104.25,0.0,139.75,127.75,12.0,0.0,0.0,0.0,0.0,0.0,0.0,
495177,COMMUNITY MEMORIAL HOSPITAL HUNDLEY CENTER,SOUTH HILL,VA,Mecklenburg,117,2023Q3,20230907,83,8.0,8.0,0.0,52.5,52.5,0.0,20.5,20.5,0.0,0.0,0.0,0.0,124.0,124.0,0.0,154.0,107.5,46.5,0.0,0.0,0.0,0.0,0.0,0.0,
495177,COMMUNITY MEMORIAL HOSPITAL HUNDLEY CENTER,SOUTH HILL,VA,Mecklenburg,117,2023Q3,20230908,81,8.0,8.0,0.0,50.75,50.75,0.0,19.5,19.5,0.0,0.0,0.0,0.0,128.5,128.5,0.0,145.0,96.5,48.5,0.0,0.0,0.0,0.0,0.0,0.0,
495177,COMMUNITY MEMORIAL HOSPITAL HUNDLEY CENTER,SOUTH HILL,VA,Mecklenburg,117,2023Q3,20230909,81,0.0,0.0,0.0,0.0,0.0,0.0,12.0,12.0,0.0,0.0,0.0,0.0,179.5,155.75,23.75,128.5,91.25,37.25,0.0,0.0,0.0,0.0,0.0,0.0,
495177,COMMUNITY MEMORIAL HOSPITAL HUNDLEY CENTER,SOUTH HILL,VA,Mecklenburg,117,2023Q3,20230910,80,0.0,0.0,0.0,0.0,0.0,0.0,12.0,12.0,0.0,0.0,0.0,0.0,176.75,153.25,23.5,123.25,88.25,35.0,0.0,0.0,0.0,0.0,0.0,0.0,
495177,COMMUNITY MEMORIAL HOSPITAL HUNDLEY CENTER,SOUTH HILL,VA,Mecklenburg,117,2023Q3,20230911,81,8.0,8.0,0.0,50.25,50.25,0.0,19.0,19.0,0.0,0.0,0.0,0.0,145.25,133.25,12.0,138.5,116.25,22.25,0.0,0.0,0.0,0.0,0.0,0.0,
495177,COMMUNITY MEMORIAL HOSPITAL HUNDLEY CENTER,SOUTH HILL,VA,Mecklenburg,117,2023Q3,20230912,81,8.0,8.0,0.0,52.25,52.25,0.0,28.5,28.5,0.0,0.0,0.0,0.0,118.0,118.0,0.0,163.75,126.75,37.0,0.0,0.0,0.0,0.0,0.0,0.0,
495177,COMMUNITY MEMORIAL HOSPITAL HUNDLEY CENTER,SOUTH HILL,VA,Mecklenburg,117,2023Q3,20230913,81,8.0,8.0,0.0,42.25,42.25,0.0,20.5,20.5,0.0,0.0,0.0,0.0,140.25,128.5,11.75,145.25,113.5,31.75,0.0,0.0,0.0,0.0,0.0,0.0,
495177,COMMUNITY MEMORIAL HOSPITAL HUNDLEY CENTER,SOUTH HILL,VA,Mecklenburg,117,2023Q3,20230914,82,8.0,8.0,0.0,46.25,46.25,0.0,37.0,37.0,0.0,0.0,0.0,0.0,144.25,144.25,0.0,145.75,101.75,44.0,0.0,0.0,0.0,0.0,0.0,0.0,
495177,COMMUNITY MEMORIAL HOSPITAL HUNDLEY CENTER,SOUTH HILL,VA,Mecklenburg,117,2023Q3,20230915,81,8.0,8.0,0.0,49.25,49.25,0.0,20.5,20.5,0.0,0.0,0.0,0.0,125.5,102.5,23.0,135.0,102.5,32.5,0.0,0.0,0.0,0.0,0.0,0.0,
495177,COMMUNITY MEMORIAL HOSPITAL HUNDLEY CENTER,SOUTH HILL,VA,Mecklenburg,117,2023Q3,20230916,81,0.0,0.0,0.0,0.0,0.0,0.0,24.5,24.5,0.0,0.0,0.0,0.0,104.25,104.25,0.0,166.0,117.75,48.25,0.0,0.0,0.0,0.0,0.0,0.0,
495177,COMMUNITY MEMORIAL HOSPITAL HUNDLEY CENTER,SOUTH HILL,VA,Mecklenburg,117,2023Q3,20230917,81,0.0,0.0,0.0,0.0,0.0,0.0,28.0,28.0,0.0,0.0,0.0,0.0,116.0,116.0,0.0,163.5,119.25,44.25,0.0,0.0,0.0,0.0,0.0,0.0,
495177,COMMUNITY MEMORIAL HOSPITAL HUNDLEY CENTER,SOUTH HILL,VA,Mecklenburg,117,2023Q3,20230918,81,8.0,8.0,0.0,53.0,53.0,0.0,27.25,27.25,0.0,0.0,0.0,0.0,119.25,119.25,0.0,145.75,134.5,11.25,0.0,0.0,0.0,0.0,0.0,0.0,
495177,COMMUNITY MEMORIAL HOSPITAL HUNDLEY CENTER,SOUTH HILL,VA,Mecklenburg,117,2023Q3,20230919,83,8.0,8.0,0.0,59.25,59.25,0.0,36.25,36.25,0.0,0.0,0.0,0.0,125.75,113.0,12.75,150.25,113.75,36.5,0.0,0.0,0.0,0.0,0.0,0.0,
495177,COMMUNITY MEMORIAL HOSPITAL HUNDLEY CENTER,SOUTH HILL,VA,Mecklenburg,117,2023Q3,20230920,83,8.0,8.0,0.0,52.75,52.75,0.0,35.75,35.75,0.0,0.0,0.0,0.0,121.75,121.75,0.0,139.75,118.0,21.75,0.0,0.0,0.0,0.0,0.0,0.0,
495177,COMMUNITY MEMORIAL HOSPITAL HUNDLEY CENTER,SOUTH HILL,VA,Mecklenburg,117,2023Q3,20230921,82,8.0,8.0,0.0,53.0,53.0,0.0,16.5,16.5,0.0,0.0,0.0,0.0,162.75,162.75,0.0,102.5,65.75,36.75,0.0,0.0,0.0,0.0,0.0,0.0,
495177,COMMUNITY MEMORIAL HOSPITAL HUNDLEY CENTER,SOUTH HILL,VA,Mecklenburg,117,2023Q3,20230922,84,8.0,8.0,0.0,38.25,38.25,0.0,30.0,30.0,0.0,0.0,0.0,0.0,117.75,106.5,11.25,116.75,60.25,56.5,0.0,0.0,0.0,0.0,0.0,0.0,
495177,COMMUNITY MEMORIAL HOSPITAL HUNDLEY CENTER,SOUTH HILL,VA,Mecklenburg,117,2023Q3,20230923,84,0.0,0.0,0.0,8.75,8.75,0.0,12.0,12.0,0.0,0.0,0.0,0.0,146.0,133.5,12.5,120.75,100.25,20.5,0.0,0.0,0.0,0.0,0.0,0.0,
495177,COMMUNITY MEMORIAL HOSPITAL HUNDLEY CENTER,SOUTH HILL,VA,Mecklenburg,117,2023Q3,20230924,84,0.0,0.0,0.0,11.5,11.5,0.0,11.75,11.75,0.0,0.0,0.0,0.0,132.25,109.25,23.0,147.75,109.25,38.5,0.0,0.0,0.0,0.0,0.0,0.0,
495177,COMMUNITY MEMORIAL HOSPITAL HUNDLEY CENTER,SOUTH HILL,VA,Mecklenburg,117,2023Q3,20230925,84,8.0,8.0,0.0,39.0,39.0,0.0,31.0,31.0,0.0,0.0,0.0,0.0,115.5,115.5,0.0,135.0,117.75,17.25,0.0,0.0,0.0,0.0,0.0,0.0,
495177,COMMUNITY MEMORIAL HOSPITAL HUNDLEY CENTER,SOUTH HILL,VA,Mecklenburg,117,2023Q3,20230926,83,8.0,8.0,0.0,44.75,44.75,0.0,32.25,32.25,0.0,0.0,0.0,0.0,141.5,130.0,11.5,169.5,142.25,27.25,0.0,0.0,0.0,0.0,0.0,0.0,
495177,COMMUNITY MEMORIAL HOSPITAL HUNDLEY CENTER,SOUTH HILL,VA,Mecklenburg,117,2023Q3,20230927,84,8.0,8.0,0.0,43.75,43.75,0.0,54.0,54.0,0.0,0.0,0.0,0.0,121.0,121.0,0.0,157.0,120.75,36.25,0.0,0.0,0.0,0.0,0.0,0.0,
495177,COMMUNITY MEMORIAL HOSPITAL HUNDLEY CENTER,SOUTH HILL,VA,Mecklenburg,117,2023Q3,20230928,85,8.0,8.0,0.0,43.25,43.25,0.0,19.75,19.75,0.0,0.0,0.0,0.0,146.25,123.0,23.25,146.0,83.75,62.25,0.0,0.0,0.0,0.0,0.0,0.0,
495177,COMMUNITY MEMORIAL HOSPITAL HUNDLEY CENTER,SOUTH HILL,VA,Mecklenburg,117,2023Q3,20230929,86,8.0,8.0,0.0,25.75,25.75,0.0,38.25,38.25,0.0,0.0,0.0,0.0,114.5,103.0,11.5,127.5,84.5,43.0,0.0,0.0,0.0,0.0,0.0,0.0,
495177,COMMUNITY MEMORIAL HOSPITAL HUNDLEY CENTER,SOUTH HILL,VA,Mecklenburg,117,2023Q3,20230930,84,0.0,0.0,0.0,2.75,2.75,0.0,15.5,15.5,0.0,0.0,0.0,0.0,138.75,138.75,0.0,144.25,99.5,44.75,0.0,0.0,0.0,0.0,0.0,0.0,
495177,COMMUNITY MEMORIAL HOSPITAL HUNDLEY CENTER,SOUTH HILL,VA,Mecklenburg,117,2023Q4,20231001,84,0.0,0.0,0.0,9.5,9.5,0.0,8.75,8.75,0.0,0.0,0.0,0.0,129.25,129.25,0.0,136.5,92.0,44.5,0.0,0.0,0.0,0.0,0.0,0.0,
495177,COMMUNITY MEMORIAL HOSPITAL HUNDLEY CENTER,SOUTH HILL,VA,Mecklenburg,117,2023Q4,20231002,84,8.0,8.0,0.0,25.0,25.0,0.0,17.5,17.5,0.0,0.0,0.0,0.0,125.5,113.5,12.0,154.5,108.0,46.5,0.0,0.0,0.0,0.0,0.0,0.0,
495177,COMMUNITY MEMORIAL HOSPITAL HUNDLEY CENTER,SOUTH HILL,VA,Mecklenburg,117,2023Q4,20231003,86,8.0,8.0,0.0,54.25,54.25,0.0,47.25,47.25,0.0,0.0,0.0,0.0,136.5,136.5,0.0,170.75,121.25,49.5,0.0,0.0,0.0,0.0,0.0,0.0,
495177,COMMUNITY MEMORIAL HOSPITAL HUNDLEY CENTER,SOUTH HILL,VA,Mecklenburg,117,2023Q4,20231004,88,8.0,8.0,0.0,50.5,50.5,0.0,28.25,28.25,0.0,0.0,0.0,0.0,138.75,127.25,11.5,138.75,114.25,24.5,0.0,0.0,0.0,0.0,0.0,0.0,
495177,COMMUNITY MEMORIAL HOSPITAL HUNDLEY CENTER,SOUTH HILL,VA,Mecklenburg,117,2023Q4,20231005,87,8.0,8.0,0.0,59.0,59.0,0.0,32.5,32.5,0.0,0.0,0.0,0.0,146.75,139.25,7.5,144.5,91.5,53.0,0.0,0.0,0.0,0.0,0.0,0.0,
495177,COMMUNITY MEMORIAL HOSPITAL HUNDLEY CENTER,SOUTH HILL,VA,Mecklenburg,117,2023Q4,20231006,86,8.0,8.0,0.0,43.5,43.5,0.0,42.5,42.5,0.0,0.0,0.0,0.0,106.5,94.5,12.0,165.0,132.75,32.25,0.0,0.0,0.0,0.0,0.0,0.0,
495177,COMMUNITY MEMORIAL HOSPITAL HUNDLEY CENTER,SOUTH HILL,VA,Mecklenburg,117,2023Q4,20231007,86,0.0,0.0,0.0,0.0,0.0,0.0,14.75,14.75,0.0,0.0,0.0,0.0,124.5,101.75,22.75,136.0,97.5,38.5,0.0,0.0,0.0,0.0,0.0,0.0,
495177,COMMUNITY MEMORIAL HOSPITAL HUNDLEY CENTER,SOUTH HILL,VA,Mecklenburg,117,2023Q4,20231008,86,0.0,0.0,0.0,0.0,0.0,0.0,20.75,20.75,0.0,0.0,0.0,0.0,132.5,109.25,23.25,137.75,100.75,37.0,0.0,0.0,0.0,0.0,0.0,0.0,
495177,COMMUNITY MEMORIAL HOSPITAL HUNDLEY CENTER,SOUTH HILL,VA,Mecklenburg,117,2023Q4,20231009,84,8.0,8.0,0.0,54.0,54.0,0.0,19.75,19.75,0.0,0.0,0.0,0.0,120.5,120.5,0.0,143.75,98.75,45.0,0.0,0.0,0.0,0.0,0.0,0.0,
495177,COMMUNITY MEMORIAL HOSPITAL HUNDLEY CENTER,SOUTH HILL,VA,Mecklenburg,117,2023Q4,20231010,84,8.0,8.0,0.0,44.5,44.5,0.0,30.25,30.25,0.0,0.0,0.0,0.0,114.75,106.5,8.25,178.75,156.25,22.5,0.0,0.0,0.0,0.0,0.0,0.0,
495177,COMMUNITY MEMORIAL HOSPITAL HUNDLEY CENTER,SOUTH HILL,VA,Mecklenburg,117,2023Q4,20231011,85,8.0,8.0,0.0,54.75,54.75,0.0,37.75,37.75,0.0,0.0,0.0,0.0,111.75,100.25,11.5,148.0,101.5,46.5,0.0,0.0,0.0,0.0,0.0,0.0,
495177,COMMUNITY MEMORIAL HOSPITAL HUNDLEY CENTER,SOUTH HILL,VA,Mecklenburg,117,2023Q4,20231012,86,8.0,8.0,0.0,54.25,54.25,0.0,25.0,25.0,0.0,0.0,0.0,0.0,126.5,115.0,11.5,133.0,82.25,50.75,0.0,0.0,0.0,0.0,0.0,0.0,
495177,COMMUNITY MEMORIAL HOSPITAL HUNDLEY CENTER,SOUTH HILL,VA,Mecklenburg,117,2023Q4,20231013,85,0.0,0.0,0.0,37.0,37.0,0.0,32.5,32.5,0.0,0.0,0.0,0.0,142.25,119.25,23.0,117.0,117.0,0.0,0.0,0.0,0.0,0.0,0.0,0.0,
495177,COMMUNITY MEMORIAL HOSPITAL HUNDLEY CENTER,SOUTH HILL,VA,Mecklenburg,117,2023Q4,20231014,85,0.0,0.0,0.0,6.0,6.0,0.0,32.25,32.25,0.0,0.0,0.0,0.0,121.5,121.5,0.0,135.25,103.5,31.75,0.0,0.0,0.0,0.0,0.0,0.0,
495177,COMMUNITY MEMORIAL HOSPITAL HUNDLEY CENTER,SOUTH HILL,VA,Mecklenburg,117,2023Q4,20231015,84,0.0,0.0,0.0,0.0,0.0,0.0,25.5,25.5,0.0,0.0,0.0,0.0,81.0,81.0,0.0,131.25,99.25,32.0,0.0,0.0,0.0,0.0,0.0,0.0,
495177,COMMUNITY MEMORIAL HOSPITAL HUNDLEY CENTER,SOUTH HILL,VA,Mecklenburg,117,2023Q4,20231016,83,8.0,8.0,0.0,58.0,58.0,0.0,14.0,14.0,0.0,0.0,0.0,0.0,147.25,124.5,22.75,180.75,152.25,28.5,0.0,0.0,0.0,0.0,0.0,0.0,
495177,COMMUNITY MEMORIAL HOSPITAL HUNDLEY CENTER,SOUTH HILL,VA,Mecklenburg,117,2023Q4,20231017,83,8.0,8.0,0.0,50.25,50.25,0.0,17.75,17.75,0.0,0.0,0.0,0.0,138.75,115.75,23.0,136.75,112.75,24.0,0.0,0.0,0.0,0.0,0.0,0.0,
495177,COMMUNITY MEMORIAL HOSPITAL HUNDLEY CENTER,SOUTH HILL,VA,Mecklenburg,117,2023Q4,20231018,84,8.0,8.0,0.0,54.25,54.25,0.0,39.25,39.25,0.0,0.0,0.0,0.0,110.25,98.25,12.0,133.5,109.25,24.25,0.0,0.0,0.0,0.0,0.0,0.0,
495177,COMMUNITY MEMORIAL HOSPITAL HUNDLEY CENTER,SOUTH HILL,VA,Mecklenburg,117,2023Q4,20231019,84,8.0,8.0,0.0,37.0,37.0,0.0,16.75,16.75,0.0,0.0,0.0,0.0,136.25,136.25,0.0,127.25,83.25,44.0,0.0,0.0,0.0,0.0,0.0,0.0,
495177,COMMUNITY MEMORIAL HOSPITAL HUNDLEY CENTER,SOUTH HILL,VA,Mecklenburg,117,2023Q4,20231020,84,8.0,8.0,0.0,44.0,44.0,0.0,16.75,16.75,0.0,0.0,0.0,0.0,120.75,120.75,0.0,131.0,104.75,26.25,0.0,0.0,0.0,0.0,0.0,0.0,
495177,COMMUNITY MEMORIAL HOSPITAL HUNDLEY CENTER,SOUTH HILL,VA,Mecklenburg,117,2023Q4,20231021,83,0.0,0.0,0.0,9.5,9.5,0.0,11.75,11.75,0.0,0.0,0.0,0.0,140.5,129.0,11.5,118.0,118.0,0.0,0.0,0.0,0.0,0.0,0.0,0.0,
495177,COMMUNITY MEMORIAL HOSPITAL HUNDLEY CENTER,SOUTH HILL,VA,Mecklenburg,117,2023Q4,20231022,82,0.0,0.0,0.0,11.5,11.5,0.0,12.0,12.0,0.0,0.0,0.0,0.0,155.25,143.5,11.75,113.0,101.25,11.75,0.0,0.0,0.0,0.0,0.0,0.0,
495177,COMMUNITY MEMORIAL HOSPITAL HUNDLEY CENTER,SOUTH HILL,VA,Mecklenburg,117,2023Q4,20231023,81,8.0,8.0,0.0,45.0,45.0,0.0,22.0,22.0,0.0,0.0,0.0,0.0,118.0,118.0,0.0,145.5,113.0,32.5,0.0,0.0,0.0,0.0,0.0,0.0,
495177,COMMUNITY MEMORIAL HOSPITAL HUNDLEY CENTER,SOUTH HILL,VA,Mecklenburg,117,2023Q4,20231024,82,8.0,8.0,0.0,48.0,48.0,0.0,21.0,21.0,0.0,0.0,0.0,0.0,133.25,121.75,11.5,153.5,141.75,11.75,0.0,0.0,0.0,0.0,0.0,0.0,
495177,COMMUNITY MEMORIAL HOSPITAL HUNDLEY CENTER,SOUTH HILL,VA,Mecklenburg,117,2023Q4,20231025,83,8.0,8.0,0.0,40.0,40.0,0.0,28.25,28.25,0.0,0.0,0.0,0.0,108.0,108.0,0.0,151.25,118.25,33.0,0.0,0.0,0.0,0.0,0.0,0.0,
495177,COMMUNITY MEMORIAL HOSPITAL HUNDLEY CENTER,SOUTH HILL,VA,Mecklenburg,117,2023Q4,20231026,82,8.0,8.0,0.0,45.0,45.0,0.0,25.75,25.75,0.0,0.0,0.0,0.0,119.25,107.0,12.25,158.25,133.75,24.5,0.0,0.0,0.0,0.0,0.0,0.0,
495177,COMMUNITY MEMORIAL HOSPITAL HUNDLEY CENTER,SOUTH HILL,VA,Mecklenburg,117,2023Q4,20231027,81,8.0,8.0,0.0,51.5,51.5,0.0,8.5,8.5,0.0,0.0,0.0,0.0,123.75,123.75,0.0,126.75,94.75,32.0,0.0,0.0,0.0,0.0,0.0,0.0,
495177,COMMUNITY MEMORIAL HOSPITAL HUNDLEY CENTER,SOUTH HILL,VA,Mecklenburg,117,2023Q4,20231028,81,0.0,0.0,0.0,16.0,16.0,0.0,19.25,19.25,0.0,0.0,0.0,0.0,114.25,114.25,0.0,140.0,108.0,32.0,0.0,0.0,0.0,0.0,0.0,0.0,
495177,COMMUNITY MEMORIAL HOSPITAL HUNDLEY CENTER,SOUTH HILL,VA,Mecklenburg,117,2023Q4,20231029,81,0.0,0.0,0.0,16.5,16.5,0.0,20.0,20.0,0.0,0.0,0.0,0.0,123.0,123.0,0.0,133.25,125.5,7.75,0.0,0.0,0.0,0.0,0.0,0.0,
495177,COMMUNITY MEMORIAL HOSPITAL HUNDLEY CENTER,SOUTH HILL,VA,Mecklenburg,117,2023Q4,20231030,80,8.0,8.0,0.0,45.75,45.75,0.0,11.5,11.5,0.0,0.0,0.0,0.0,116.25,104.75,11.5,127.25,127.25,0.0,0.0,0.0,0.0,0.0,0.0,0.0,
495177,COMMUNITY MEMORIAL HOSPITAL HUNDLEY CENTER,SOUTH HILL,VA,Mecklenburg,117,2023Q4,20231031,81,8.0,8.0,0.0,51.75,51.75,0.0,25.5,25.5,0.0,0.0,0.0,0.0,101.75,101.75,0.0,136.75,117.5,19.25,0.0,0.0,0.0,0.0,0.0,0.0,
495177,COMMUNITY MEMORIAL HOSPITAL HUNDLEY CENTER,SOUTH HILL,VA,Mecklenburg,117,2023Q4,20231101,81,8.0,8.0,0.0,47.0,47.0,0.0,28.5,28.5,0.0,0.0,0.0,0.0,121.75,121.75,0.0,165.0,165.0,0.0,0.0,0.0,0.0,0.0,0.0,0.0,
495177,COMMUNITY MEMORIAL HOSPITAL HUNDLEY CENTER,SOUTH HILL,VA,Mecklenburg,117,2023Q4,20231102,82,8.0,8.0,0.0,52.75,52.75,0.0,8.25,8.25,0.0,0.0,0.0,0.0,134.25,134.25,0.0,153.75,136.25,17.5,0.0,0.0,0.0,0.0,0.0,0.0,
495177,COMMUNITY MEMORIAL HOSPITAL HUNDLEY CENTER,SOUTH HILL,VA,Mecklenburg,117,2023Q4,20231103,83,8.0,8.0,0.0,40.75,40.75,0.0,37.0,37.0,0.0,0.0,0.0,0.0,107.25,84.25,23.0,129.0,127.25,1.75,0.0,0.0,0.0,0.0,0.0,0.0,
495177,COMMUNITY MEMORIAL HOSPITAL HUNDLEY CENTER,SOUTH HILL,VA,Mecklenburg,117,2023Q4,20231104,83,0.0,0.0,0.0,0.0,0.0,0.0,13.0,13.0,0.0,0.0,0.0,0.0,135.75,111.5,24.25,105.0,105.0,0.0,0.0,0.0,0.0,0.0,0.0,0.0,
495177,COMMUNITY MEMORIAL HOSPITAL HUNDLEY CENTER,SOUTH HILL,VA,Mecklenburg,117,2023Q4,20231105,83,0.0,0.0,0.0,0.0,0.0,0.0,12.0,12.0,0.0,0.0,0.0,0.0,119.25,107.75,11.5,121.5,109.25,12.25,0.0,0.0,0.0,0.0,0.0,0.0,
495177,COMMUNITY MEMORIAL HOSPITAL HUNDLEY CENTER,SOUTH HILL,VA,Mecklenburg,117,2023Q4,20231106,83,8.0,8.0,0.0,52.0,52.0,0.0,26.5,26.5,0.0,0.0,0.0,0.0,107.5,107.5,0.0,128.75,121.0,7.75,0.0,0.0,0.0,0.0,0.0,0.0,
495177,COMMUNITY MEMORIAL HOSPITAL HUNDLEY CENTER,SOUTH HILL,VA,Mecklenburg,117,2023Q4,20231107,80,8.0,8.0,0.0,54.0,54.0,0.0,28.5,28.5,0.0,0.0,0.0,0.0,142.5,142.5,0.0,133.0,125.75,7.25,0.0,0.0,0.0,0.0,0.0,0.0,
495177,COMMUNITY MEMORIAL HOSPITAL HUNDLEY CENTER,SOUTH HILL,VA,Mecklenburg,117,2023Q4,20231108,80,8.0,8.0,0.0,52.75,52.75,0.0,15.5,15.5,0.0,0.0,0.0,0.0,167.25,144.25,23.0,143.5,130.5,13.0,0.0,0.0,0.0,0.0,0.0,0.0,
495177,COMMUNITY MEMORIAL HOSPITAL HUNDLEY CENTER,SOUTH HILL,VA,Mecklenburg,117,2023Q4,20231109,81,8.0,8.0,0.0,52.5,52.5,0.0,48.0,48.0,0.0,0.0,0.0,0.0,134.25,121.5,12.75,142.5,134.75,7.75,0.0,0.0,0.0,0.0,0.0,0.0,
495177,COMMUNITY MEMORIAL HOSPITAL HUNDLEY CENTER,SOUTH HILL,VA,Mecklenburg,117,2023Q4,20231110,84,8.0,8.0,0.0,40.5,40.5,0.0,27.25,27.25,0.0,0.0,0.0,0.0,119.5,95.5,24.0,136.0,136.0,0.0,0.0,0.0,0.0,0.0,0.0,0.0,
495177,COMMUNITY MEMORIAL HOSPITAL HUNDLEY CENTER,SOUTH HILL,VA,Mecklenburg,117,2023Q4,20231111,84,0.0,0.0,0.0,1.5,1.5,0.0,27.75,27.75,0.0,0.0,0.0,0.0,104.25,104.25,0.0,136.25,128.0,8.25,0.0,0.0,0.0,0.0,0.0,0.0,
495177,COMMUNITY MEMORIAL HOSPITAL HUNDLEY CENTER,SOUTH HILL,VA,Mecklenburg,117,2023Q4,20231112,84,0.0,0.0,0.0,0.0,0.0,0.0,19.75,19.75,0.0,0.0,0.0,0.0,113.0,113.0,0.0,155.5,148.0,7.5,0.0,0.0,0.0,0.0,0.0,0.0,
495177,COMMUNITY MEMORIAL HOSPITAL HUNDLEY CENTER,SOUTH HILL,VA,Mecklenburg,117,2023Q4,20231113,86,8.0,8.0,0.0,54.75,54.75,0.0,36.0,36.0,0.0,0.0,0.0,0.0,117.75,117.75,0.0,126.75,126.75,0.0,0.0,0.0,0.0,0.0,0.0,0.0,
495177,COMMUNITY MEMORIAL HOSPITAL HUNDLEY CENTER,SOUTH HILL,VA,Mecklenburg,117,2023Q4,20231114,86,8.0,8.0,0.0,53.0,53.0,0.0,33.25,33.25,0.0,0.0,0.0,0.0,126.5,126.5,0.0,145.5,145.5,0.0,0.0,0.0,0.0,0.0,0.0,0.0,
495177,COMMUNITY MEMORIAL HOSPITAL HUNDLEY CENTER,SOUTH HILL,VA,Mecklenburg,117,2023Q4,20231115,87,8.0,8.0,0.0,52.5,52.5,0.0,13.75,13.75,0.0,0.0,0.0,0.0,137.25,113.0,24.25,155.0,146.75,8.25,0.0,0.0,0.0,0.0,0.0,0.0,
495177,COMMUNITY MEMORIAL HOSPITAL HUNDLEY CENTER,SOUTH HILL,VA,Mecklenburg,117,2023Q4,20231116,86,8.0,8.0,0.0,52.75,52.75,0.0,8.25,8.25,0.0,0.0,0.0,0.0,139.5,126.5,13.0,155.75,147.5,8.25,0.0,0.0,0.0,0.0,0.0,0.0,
495177,COMMUNITY MEMORIAL HOSPITAL HUNDLEY CENTER,SOUTH HILL,VA,Mecklenburg,117,2023Q4,20231117,84,8.0,8.0,0.0,42.25,42.25,0.0,13.0,13.0,0.0,0.0,0.0,0.0,122.75,98.0,24.75,133.25,125.0,8.25,0.0,0.0,0.0,0.0,0.0,0.0,
495177,COMMUNITY MEMORIAL HOSPITAL HUNDLEY CENTER,SOUTH HILL,VA,Mecklenburg,117,2023Q4,20231118,84,0.0,0.0,0.0,7.75,7.75,0.0,12.25,12.25,0.0,0.0,0.0,0.0,134.5,122.75,11.75,132.5,121.0,11.5,0.0,0.0,0.0,0.0,0.0,0.0,
495177,COMMUNITY MEMORIAL HOSPITAL HUNDLEY CENTER,SOUTH HILL,VA,Mecklenburg,117,2023Q4,20231119,83,0.0,0.0,0.0,9.0,9.0,0.0,11.75,11.75,0.0,0.0,0.0,0.0,144.25,132.75,11.5,105.75,94.0,11.75,0.0,0.0,0.0,0.0,0.0,0.0,
495177,COMMUNITY MEMORIAL HOSPITAL HUNDLEY CENTER,SOUTH HILL,VA,Mecklenburg,117,2023Q4,20231120,85,8.0,8.0,0.0,41.0,41.0,0.0,24.75,24.75,0.0,0.0,0.0,0.0,127.25,127.25,0.0,124.75,116.75,8.0,0.0,0.0,0.0,0.0,0.0,0.0,
495177,COMMUNITY MEMORIAL HOSPITAL HUNDLEY CENTER,SOUTH HILL,VA,Mecklenburg,117,2023Q4,20231121,84,8.0,8.0,0.0,51.0,51.0,0.0,25.0,25.0,0.0,0.0,0.0,0.0,135.75,135.75,0.0,172.25,164.0,8.25,0.0,0.0,0.0,0.0,0.0,0.0,
495177,COMMUNITY MEMORIAL HOSPITAL HUNDLEY CENTER,SOUTH HILL,VA,Mecklenburg,117,2023Q4,20231122,86,8.0,8.0,0.0,49.5,49.5,0.0,22.25,22.25,0.0,0.0,0.0,0.0,126.5,113.5,13.0,141.25,141.25,0.0,0.0,0.0,0.0,0.0,0.0,0.0,
495177,COMMUNITY MEMORIAL HOSPITAL HUNDLEY CENTER,SOUTH HILL,VA,Mecklenburg,117,2023Q4,20231123,86,0.0,0.0,0.0,9.75,9.75,0.0,19.0,19.0,0.0,0.0,0.0,0.0,123.25,109.5,13.75,140.75,129.25,11.5,0.0,0.0,0.0,0.0,0.0,0.0,
495177,COMMUNITY MEMORIAL HOSPITAL HUNDLEY CENTER,SOUTH HILL,VA,Mecklenburg,117,2023Q4,20231124,83,0.0,0.0,0.0,8.0,8.0,0.0,12.0,12.0,0.0,0.0,0.0,0.0,116.75,116.75,0.0,119.75,108.25,11.5,0.0,0.0,0.0,0.0,0.0,0.0,
495177,COMMUNITY MEMORIAL HOSPITAL HUNDLEY CENTER,SOUTH HILL,VA,Mecklenburg,117,2023Q4,20231125,83,0.0,0.0,0.0,3.75,3.75,0.0,15.5,15.5,0.0,0.0,0.0,0.0,134.75,121.75,13.0,159.25,151.25,8.0,0.0,0.0,0.0,0.0,0.0,0.0,
495177,COMMUNITY MEMORIAL HOSPITAL HUNDLEY CENTER,SOUTH HILL,VA,Mecklenburg,117,2023Q4,20231126,83,0.0,0.0,0.0,0.0,0.0,0.0,19.5,19.5,0.0,0.0,0.0,0.0,126.5,114.0,12.5,163.0,155.0,8.0,0.0,0.0,0.0,0.0,0.0,0.0,
495177,COMMUNITY MEMORIAL HOSPITAL HUNDLEY CENTER,SOUTH HILL,VA,Mecklenburg,117,2023Q4,20231127,83,8.0,8.0,0.0,51.5,51.5,0.0,24.25,24.25,0.0,0.0,0.0,0.0,103.0,89.5,13.5,135.5,135.5,0.0,0.0,0.0,0.0,0.0,0.0,0.0,
495177,COMMUNITY MEMORIAL HOSPITAL HUNDLEY CENTER,SOUTH HILL,VA,Mecklenburg,117,2023Q4,20231128,85,8.0,8.0,0.0,52.0,52.0,0.0,18.75,18.75,0.0,0.0,0.0,0.0,139.0,127.25,11.75,153.5,133.25,20.25,0.0,0.0,0.0,0.0,0.0,0.0,
495177,COMMUNITY MEMORIAL HOSPITAL HUNDLEY CENTER,SOUTH HILL,VA,Mecklenburg,117,2023Q4,20231129,83,8.0,8.0,0.0,49.75,49.75,0.0,41.0,41.0,0.0,0.0,0.0,0.0,137.0,137.0,0.0,146.25,135.0,11.25,0.0,0.0,0.0,0.0,0.0,0.0,
495177,COMMUNITY MEMORIAL HOSPITAL HUNDLEY CENTER,SOUTH HILL,VA,Mecklenburg,117,2023Q4,20231130,81,8.0,8.0,0.0,43.25,43.25,0.0,27.5,27.5,0.0,0.0,0.0,0.0,137.75,125.0,12.75,156.75,148.0,8.75,0.0,0.0,0.0,0.0,0.0,0.0,
495177,COMMUNITY MEMORIAL HOSPITAL HUNDLEY CENTER,SOUTH HILL,VA,Mecklenburg,117,2023Q4,20231201,80,8.0,8.0,0.0,40.75,40.75,0.0,24.75,24.75,0.0,0.0,0.0,0.0,136.0,124.25,11.75,135.5,124.25,11.25,0.0,0.0,0.0,0.0,0.0,0.0,
495177,COMMUNITY MEMORIAL HOSPITAL HUNDLEY CENTER,SOUTH HILL,VA,Mecklenburg,117,2023Q4,20231202,79,0.0,0.0,0.0,13.0,13.0,0.0,12.5,12.5,0.0,0.0,0.0,0.0,143.5,132.0,11.5,118.0,107.0,11.0,0.0,0.0,0.0,0.0,0.0,0.0,
495177,COMMUNITY MEMORIAL HOSPITAL HUNDLEY CENTER,SOUTH HILL,VA,Mecklenburg,117,2023Q4,20231203,78,0.0,0.0,0.0,13.0,13.0,0.0,11.5,11.5,0.0,0.0,0.0,0.0,143.0,132.0,11.0,118.5,111.75,6.75,0.0,0.0,0.0,0.0,0.0,0.0,
495177,COMMUNITY MEMORIAL HOSPITAL HUNDLEY CENTER,SOUTH HILL,VA,Mecklenburg,117,2023Q4,20231204,80,8.0,8.0,0.0,44.25,44.25,0.0,25.75,25.75,0.0,0.0,0.0,0.0,123.0,110.25,12.75,146.75,139.0,7.75,0.0,0.0,0.0,0.0,0.0,0.0,
495177,COMMUNITY MEMORIAL HOSPITAL HUNDLEY CENTER,SOUTH HILL,VA,Mecklenburg,117,2023Q4,20231205,80,8.0,8.0,0.0,54.0,54.0,0.0,17.0,17.0,0.0,0.0,0.0,0.0,138.25,112.5,25.75,160.25,152.25,8.0,0.0,0.0,0.0,0.0,0.0,0.0,
495177,COMMUNITY MEMORIAL HOSPITAL HUNDLEY CENTER,SOUTH HILL,VA,Mecklenburg,117,2023Q4,20231206,81,8.0,8.0,0.0,54.5,54.5,0.0,22.75,22.75,0.0,0.0,0.0,0.0,127.5,127.5,0.0,152.0,152.0,0.0,0.0,0.0,0.0,0.0,0.0,0.0,
495177,COMMUNITY MEMORIAL HOSPITAL HUNDLEY CENTER,SOUTH HILL,VA,Mecklenburg,117,2023Q4,20231207,80,8.0,8.0,0.0,39.25,39.25,0.0,37.25,37.25,0.0,0.0,0.0,0.0,125.5,125.5,0.0,170.0,146.5,23.5,0.0,0.0,0.0,0.0,0.0,0.0,
495177,COMMUNITY MEMORIAL HOSPITAL HUNDLEY CENTER,SOUTH HILL,VA,Mecklenburg,117,2023Q4,20231208,80,8.0,8.0,0.0,42.5,42.5,0.0,8.25,8.25,0.0,0.0,0.0,0.0,150.75,126.25,24.5,155.25,142.0,13.25,0.0,0.0,0.0,0.0,0.0,0.0,
495177,COMMUNITY MEMORIAL HOSPITAL HUNDLEY CENTER,SOUTH HILL,VA,Mecklenburg,117,2023Q4,20231209,78,0.0,0.0,0.0,8.75,8.75,0.0,19.5,19.5,0.0,0.0,0.0,0.0,120.75,120.75,0.0,157.5,157.5,0.0,0.0,0.0,0.0,0.0,0.0,0.0,
495177,COMMUNITY MEMORIAL HOSPITAL HUNDLEY CENTER,SOUTH HILL,VA,Mecklenburg,117,2023Q4,20231210,78,0.0,0.0,0.0,8.0,8.0,0.0,8.25,8.25,0.0,0.0,0.0,0.0,119.25,119.25,0.0,138.75,130.75,8.0,0.0,0.0,0.0,0.0,0.0,0.0,
495177,COMMUNITY MEMORIAL HOSPITAL HUNDLEY CENTER,SOUTH HILL,VA,Mecklenburg,117,2023Q4,20231211,77,8.0,8.0,0.0,51.5,51.5,0.0,30.25,30.25,0.0,0.0,0.0,0.0,123.25,123.25,0.0,144.25,136.0,8.25,0.0,0.0,0.0,0.0,0.0,0.0,
495177,COMMUNITY MEMORIAL HOSPITAL HUNDLEY CENTER,SOUTH HILL,VA,Mecklenburg,117,2023Q4,20231212,78,8.0,8.0,0.0,51.0,51.0,0.0,43.0,43.0,0.0,0.0,0.0,0.0,121.75,121.75,0.0,148.5,148.5,0.0,0.0,0.0,0.0,0.0,0.0,0.0,
495177,COMMUNITY MEMORIAL HOSPITAL HUNDLEY CENTER,SOUTH HILL,VA,Mecklenburg,117,2023Q4,20231213,78,8.0,8.0,0.0,53.0,53.0,0.0,37.75,37.75,0.0,0.0,0.0,0.0,100.25,87.5,12.75,149.25,137.75,11.5,0.0,0.0,0.0,0.0,0.0,0.0,
495177,COMMUNITY MEMORIAL HOSPITAL HUNDLEY CENTER,SOUTH HILL,VA,Mecklenburg,117,2023Q4,20231214,78,8.0,8.0,0.0,50.75,50.75,0.0,8.0,8.0,0.0,0.0,0.0,0.0,146.0,121.5,24.5,154.75,134.0,20.75,0.0,0.0,0.0,0.0,0.0,0.0,
495177,COMMUNITY MEMORIAL HOSPITAL HUNDLEY CENTER,SOUTH HILL,VA,Mecklenburg,117,2023Q4,20231215,77,8.0,8.0,0.0,20.75,20.75,0.0,8.0,8.0,0.0,0.0,0.0,0.0,127.0,115.5,11.5,149.5,141.0,8.5,0.0,0.0,0.0,0.0,0.0,0.0,
495177,COMMUNITY MEMORIAL HOSPITAL HUNDLEY CENTER,SOUTH HILL,VA,Mecklenburg,117,2023Q4,20231216,76,0.0,0.0,0.0,9.5,9.5,0.0,13.75,13.75,0.0,0.0,0.0,0.0,130.5,119.0,11.5,141.25,129.25,12.0,0.0,0.0,0.0,0.0,0.0,0.0,
495177,COMMUNITY MEMORIAL HOSPITAL HUNDLEY CENTER,SOUTH HILL,VA,Mecklenburg,117,2023Q4,20231217,75,0.0,0.0,0.0,9.5,9.5,0.0,23.75,23.75,0.0,0.0,0.0,0.0,144.0,132.5,11.5,140.5,128.75,11.75,0.0,0.0,0.0,0.0,0.0,0.0,
495177,COMMUNITY MEMORIAL HOSPITAL HUNDLEY CENTER,SOUTH HILL,VA,Mecklenburg,117,2023Q4,20231218,76,8.0,8.0,0.0,42.0,42.0,0.0,20.75,20.75,0.0,0.0,0.0,0.0,124.75,113.25,11.5,133.25,125.0,8.25,0.0,0.0,0.0,0.0,0.0,0.0,
495177,COMMUNITY MEMORIAL HOSPITAL HUNDLEY CENTER,SOUTH HILL,VA,Mecklenburg,117,2023Q4,20231219,76,8.0,8.0,0.0,48.25,48.25,0.0,15.0,15.0,0.0,0.0,0.0,0.0,159.75,159.75,0.0,123.0,123.0,0.0,0.0,0.0,0.0,0.0,0.0,0.0,
495177,COMMUNITY MEMORIAL HOSPITAL HUNDLEY CENTER,SOUTH HILL,VA,Mecklenburg,117,2023Q4,20231220,77,8.0,8.0,0.0,44.75,44.75,0.0,28.75,28.75,0.0,0.0,0.0,0.0,138.75,125.5,13.25,114.5,106.5,8.0,0.0,0.0,0.0,0.0,0.0,0.0,
495177,COMMUNITY MEMORIAL HOSPITAL HUNDLEY CENTER,SOUTH HILL,VA,Mecklenburg,117,2023Q4,20231221,78,8.0,8.0,0.0,41.25,41.25,0.0,36.25,36.25,0.0,0.0,0.0,0.0,133.5,120.75,12.75,144.0,132.0,12.0,0.0,0.0,0.0,0.0,0.0,0.0,
495177,COMMUNITY MEMORIAL HOSPITAL HUNDLEY CENTER,SOUTH HILL,VA,Mecklenburg,117,2023Q4,20231222,79,8.0,8.0,0.0,29.5,29.5,0.0,51.25,51.25,0.0,0.0,0.0,0.0,76.0,76.0,0.0,158.0,138.25,19.75,0.0,0.0,0.0,0.0,0.0,0.0,
495177,COMMUNITY MEMORIAL HOSPITAL HUNDLEY CENTER,SOUTH HILL,VA,Mecklenburg,117,2023Q4,20231223,79,0.0,0.0,0.0,0.0,0.0,0.0,8.25,8.25,0.0,0.0,0.0,0.0,114.75,102.0,12.75,157.75,157.75,0.0,0.0,0.0,0.0,0.0,0.0,0.0,
495177,COMMUNITY MEMORIAL HOSPITAL HUNDLEY CENTER,SOUTH HILL,VA,Mecklenburg,117,2023Q4,20231224,78,0.0,0.0,0.0,0.0,0.0,0.0,8.25,8.25,0.0,0.0,0.0,0.0,127.25,127.25,0.0,147.0,147.0,0.0,0.0,0.0,0.0,0.0,0.0,0.0,
495177,COMMUNITY MEMORIAL HOSPITAL HUNDLEY CENTER,SOUTH HILL,VA,Mecklenburg,117,2023Q4,20231225,78,0.0,0.0,0.0,0.0,0.0,0.0,32.25,32.25,0.0,0.0,0.0,0.0,116.0,104.25,11.75,136.5,136.5,0.0,0.0,0.0,0.0,0.0,0.0,0.0,
495177,COMMUNITY MEMORIAL HOSPITAL HUNDLEY CENTER,SOUTH HILL,VA,Mecklenburg,117,2023Q4,20231226,78,8.0,8.0,0.0,42.75,42.75,0.0,32.25,32.25,0.0,0.0,0.0,0.0,97.75,97.75,0.0,162.75,162.75,0.0,0.0,0.0,0.0,0.0,0.0,0.0,
495177,COMMUNITY MEMORIAL HOSPITAL HUNDLEY CENTER,SOUTH HILL,VA,Mecklenburg,117,2023Q4,20231227,77,8.0,8.0,0.0,50.75,50.75,0.0,16.75,16.75,0.0,0.0,0.0,0.0,136.5,123.75,12.75,129.25,117.75,11.5,0.0,0.0,0.0,0.0,0.0,0.0,
495177,COMMUNITY MEMORIAL HOSPITAL HUNDLEY CENTER,SOUTH HILL,VA,Mecklenburg,117,2023Q4,20231228,76,8.0,8.0,0.0,44.75,44.75,0.0,23.0,23.0,0.0,0.0,0.0,0.0,137.0,124.25,12.75,185.0,185.0,0.0,0.0,0.0,0.0,0.0,0.0,0.0,
495177,COMMUNITY MEMORIAL HOSPITAL HUNDLEY CENTER,SOUTH HILL,VA,Mecklenburg,117,2023Q4,20231229,78,0.0,0.0,0.0,49.5,49.5,0.0,38.5,38.5,0.0,0.0,0.0,0.0,116.75,92.25,24.5,150.25,138.25,12.0,0.0,0.0,0.0,0.0,0.0,0.0,
495177,COMMUNITY MEMORIAL HOSPITAL HUNDLEY CENTER,SOUTH HILL,VA,Mecklenburg,117,2023Q4,20231230,77,0.0,0.0,0.0,3.25,3.25,0.0,32.75,32.75,0.0,0.0,0.0,0.0,121.0,117.75,3.25,132.0,120.0,12.0,0.0,0.0,0.0,0.0,0.0,0.0,
495177,COMMUNITY MEMORIAL HOSPITAL HUNDLEY CENTER,SOUTH HILL,VA,Mecklenburg,117,2023Q4,20231231,77,0.0,0.0,0.0,1.25,1.25,0.0,37.75,37.75,0.0,0.0,0.0,0.0,91.75,79.75,12.0,124.5,112.5,12.0,0.0,0.0,0.0,0.0,0.0,0.0,
495177,COMMUNITY MEMORIAL HOSPITAL HUNDLEY CENTER,SOUTH HILL,VA,Mecklenburg,117,2024Q1,20240101,77,0.0,0.0,0.0,6.5,6.5,0.0,18.5,18.5,0.0,0.0,0.0,0.0,129.5,129.5,0.0,156.75,156.75,0.0,0.0,0.0,0.0,0.0,0.0,0.0,
495177,COMMUNITY MEMORIAL HOSPITAL HUNDLEY CENTER,SOUTH HILL,VA,Mecklenburg,117,2024Q1,20240102,76,8.0,8.0,0.0,53.0,53.0,0.0,26.25,26.25,0.0,0.0,0.0,0.0,130.5,118.0,12.5,125.25,125.25,0.0,0.0,0.0,0.0,0.0,0.0,0.0,
495177,COMMUNITY MEMORIAL HOSPITAL HUNDLEY CENTER,SOUTH HILL,VA,Mecklenburg,117,2024Q1,20240103,77,8.0,8.0,0.0,52.75,52.75,0.0,34.25,34.25,0.0,0.0,0.0,0.0,128.0,114.75,13.25,158.0,158.0,0.0,0.0,0.0,0.0,0.0,0.0,0.0,
495177,COMMUNITY MEMORIAL HOSPITAL HUNDLEY CENTER,SOUTH HILL,VA,Mecklenburg,117,2024Q1,20240104,77,8.0,8.0,0.0,50.75,50.75,0.0,40.0,40.0,0.0,0.0,0.0,0.0,121.0,109.5,11.5,178.25,166.25,12.0,0.0,0.0,0.0,0.0,0.0,0.0,
495177,COMMUNITY MEMORIAL HOSPITAL HUNDLEY CENTER,SOUTH HILL,VA,Mecklenburg,117,2024Q1,20240105,79,8.0,8.0,0.0,41.5,41.5,0.0,35.5,35.5,0.0,0.0,0.0,0.0,123.75,113.5,10.25,146.25,134.25,12.0,0.0,0.0,0.0,0.0,0.0,0.0,
495177,COMMUNITY MEMORIAL HOSPITAL HUNDLEY CENTER,SOUTH HILL,VA,Mecklenburg,117,2024Q1,20240106,79,0.0,0.0,0.0,0.0,0.0,0.0,20.25,20.25,0.0,0.0,0.0,0.0,122.5,110.0,12.5,153.0,153.0,0.0,0.0,0.0,0.0,0.0,0.0,0.0,
495177,COMMUNITY MEMORIAL HOSPITAL HUNDLEY CENTER,SOUTH HILL,VA,Mecklenburg,117,2024Q1,20240107,79,0.0,0.0,0.0,4.0,4.0,0.0,18.25,18.25,0.0,0.0,0.0,0.0,120.25,105.5,14.75,174.0,174.0,0.0,0.0,0.0,0.0,0.0,0.0,0.0,
495177,COMMUNITY MEMORIAL HOSPITAL HUNDLEY CENTER,SOUTH HILL,VA,Mecklenburg,117,2024Q1,20240108,81,8.0,8.0,0.0,49.75,49.75,0.0,42.75,42.75,0.0,0.0,0.0,0.0,105.5,105.5,0.0,145.25,145.25,0.0,0.0,0.0,0.0,0.0,0.0,0.0,
495177,COMMUNITY MEMORIAL HOSPITAL HUNDLEY CENTER,SOUTH HILL,VA,Mecklenburg,117,2024Q1,20240109,82,8.0,8.0,0.0,53.0,53.0,0.0,18.5,18.5,0.0,0.0,0.0,0.0,131.25,118.5,12.75,173.0,173.0,0.0,0.0,0.0,0.0,0.0,0.0,0.0,
495177,COMMUNITY MEMORIAL HOSPITAL HUNDLEY CENTER,SOUTH HILL,VA,Mecklenburg,117,2024Q1,20240110,82,8.0,8.0,0.0,48.75,48.75,0.0,23.5,23.5,0.0,0.0,0.0,0.0,119.75,107.25,12.5,180.5,166.5,14.0,0.0,0.0,0.0,0.0,0.0,0.0,
495177,COMMUNITY MEMORIAL HOSPITAL HUNDLEY CENTER,SOUTH HILL,VA,Mecklenburg,117,2024Q1,20240111,82,8.0,8.0,0.0,45.5,45.5,0.0,27.25,27.25,0.0,0.0,0.0,0.0,134.25,134.25,0.0,152.25,140.25,12.0,0.0,0.0,0.0,0.0,0.0,0.0,
495177,COMMUNITY MEMORIAL HOSPITAL HUNDLEY CENTER,SOUTH HILL,VA,Mecklenburg,117,2024Q1,20240112,81,8.0,8.0,0.0,35.75,35.75,0.0,51.25,51.25,0.0,0.0,0.0,0.0,118.5,118.5,0.0,158.75,158.75,0.0,0.0,0.0,0.0,0.0,0.0,0.0,
495177,COMMUNITY MEMORIAL HOSPITAL HUNDLEY CENTER,SOUTH HILL,VA,Mecklenburg,117,2024Q1,20240113,81,0.0,0.0,0.0,15.5,15.5,0.0,34.5,34.5,0.0,0.0,0.0,0.0,134.75,134.75,0.0,130.5,130.5,0.0,0.0,0.0,0.0,0.0,0.0,0.0,
495177,COMMUNITY MEMORIAL HOSPITAL HUNDLEY CENTER,SOUTH HILL,VA,Mecklenburg,117,2024Q1,20240114,81,0.0,0.0,0.0,8.0,8.0,0.0,34.75,34.75,0.0,0.0,0.0,0.0,131.0,131.0,0.0,156.5,144.25,12.25,0.0,0.0,0.0,0.0,0.0,0.0,
495177,COMMUNITY MEMORIAL HOSPITAL HUNDLEY CENTER,SOUTH HILL,VA,Mecklenburg,117,2024Q1,20240115,81,8.0,8.0,0.0,43.75,43.75,0.0,13.25,13.25,0.0,0.0,0.0,0.0,108.75,96.5,12.25,154.25,154.25,0.0,0.0,0.0,0.0,0.0,0.0,0.0,
495177,COMMUNITY MEMORIAL HOSPITAL HUNDLEY CENTER,SOUTH HILL,VA,Mecklenburg,117,2024Q1,20240116,82,8.0,8.0,0.0,53.5,53.5,0.0,18.5,18.5,0.0,0.0,0.0,0.0,151.0,151.0,0.0,152.0,140.0,12.0,0.0,0.0,0.0,0.0,0.0,0.0,
495177,COMMUNITY MEMORIAL HOSPITAL HUNDLEY CENTER,SOUTH HILL,VA,Mecklenburg,117,2024Q1,20240117,83,8.0,8.0,0.0,48.5,48.5,0.0,52.0,52.0,0.0,0.0,0.0,0.0,115.25,115.25,0.0,160.75,160.75,0.0,0.0,0.0,0.0,0.0,0.0,0.0,
495177,COMMUNITY MEMORIAL HOSPITAL HUNDLEY CENTER,SOUTH HILL,VA,Mecklenburg,117,2024Q1,20240118,84,8.0,8.0,0.0,40.75,40.75,0.0,59.75,59.75,0.0,0.0,0.0,0.0,118.75,118.75,0.0,169.5,169.5,0.0,0.0,0.0,0.0,0.0,0.0,0.0,
495177,COMMUNITY MEMORIAL HOSPITAL HUNDLEY CENTER,SOUTH HILL,VA,Mecklenburg,117,2024Q1,20240119,82,8.0,8.0,0.0,53.25,53.25,0.0,36.25,36.25,0.0,0.0,0.0,0.0,121.25,108.75,12.5,145.75,133.75,12.0,0.0,0.0,0.0,0.0,0.0,0.0,
495177,COMMUNITY MEMORIAL HOSPITAL HUNDLEY CENTER,SOUTH HILL,VA,Mecklenburg,117,2024Q1,20240120,82,0.0,0.0,0.0,8.5,8.5,0.0,8.5,8.5,0.0,0.0,0.0,0.0,148.0,135.0,13.0,157.75,157.75,0.0,0.0,0.0,0.0,0.0,0.0,0.0,
495177,COMMUNITY MEMORIAL HOSPITAL HUNDLEY CENTER,SOUTH HILL,VA,Mecklenburg,117,2024Q1,20240121,81,0.0,0.0,0.0,8.5,8.5,0.0,9.0,9.0,0.0,0.0,0.0,0.0,121.0,108.5,12.5,169.0,169.0,0.0,0.0,0.0,0.0,0.0,0.0,0.0,
495177,COMMUNITY MEMORIAL HOSPITAL HUNDLEY CENTER,SOUTH HILL,VA,Mecklenburg,117,2024Q1,20240122,83,8.0,8.0,0.0,51.25,51.25,0.0,41.25,41.25,0.0,0.0,0.0,0.0,117.25,117.25,0.0,162.0,162.0,0.0,0.0,0.0,0.0,0.0,0.0,0.0,
495177,COMMUNITY MEMORIAL HOSPITAL HUNDLEY CENTER,SOUTH HILL,VA,Mecklenburg,117,2024Q1,20240123,81,8.0,8.0,0.0,51.5,51.5,0.0,32.25,32.25,0.0,0.0,0.0,0.0,116.5,104.25,12.25,151.0,151.0,0.0,0.0,0.0,0.0,0.0,0.0,0.0,
495177,COMMUNITY MEMORIAL HOSPITAL HUNDLEY CENTER,SOUTH HILL,VA,Mecklenburg,117,2024Q1,20240124,83,8.0,8.0,0.0,42.75,42.75,0.0,34.75,34.75,0.0,0.0,0.0,0.0,118.25,107.5,10.75,167.5,155.5,12.0,0.0,0.0,0.0,0.0,0.0,0.0,
495177,COMMUNITY MEMORIAL HOSPITAL HUNDLEY CENTER,SOUTH HILL,VA,Mecklenburg,117,2024Q1,20240125,84,8.0,8.0,0.0,41.75,41.75,0.0,16.0,16.0,0.0,0.0,0.0,0.0,134.0,134.0,0.0,172.25,162.5,9.75,0.0,0.0,0.0,0.0,0.0,0.0,
495177,COMMUNITY MEMORIAL HOSPITAL HUNDLEY CENTER,SOUTH HILL,VA,Mecklenburg,117,2024Q1,20240126,85,8.0,8.0,0.0,24.5,24.5,0.0,47.0,47.0,0.0,0.0,0.0,0.0,115.5,115.5,0.0,162.25,162.25,0.0,0.0,0.0,0.0,0.0,0.0,0.0,
495177,COMMUNITY MEMORIAL HOSPITAL HUNDLEY CENTER,SOUTH HILL,VA,Mecklenburg,117,2024Q1,20240127,85,0.0,0.0,0.0,2.0,2.0,0.0,47.0,47.0,0.0,0.0,0.0,0.0,99.0,99.0,0.0,147.75,136.25,11.5,0.0,0.0,0.0,0.0,0.0,0.0,
495177,COMMUNITY MEMORIAL HOSPITAL HUNDLEY CENTER,SOUTH HILL,VA,Mecklenburg,117,2024Q1,20240128,85,0.0,0.0,0.0,3.5,3.5,0.0,36.5,36.5,0.0,0.0,0.0,0.0,99.5,99.5,0.0,147.75,135.5,12.25,0.0,0.0,0.0,0.0,0.0,0.0,
495177,COMMUNITY MEMORIAL HOSPITAL HUNDLEY CENTER,SOUTH HILL,VA,Mecklenburg,117,2024Q1,20240129,87,8.0,8.0,0.0,43.25,43.25,0.0,37.5,37.5,0.0,0.0,0.0,0.0,121.0,121.0,0.0,162.75,162.75,0.0,0.0,0.0,0.0,0.0,0.0,0.0,
495177,COMMUNITY MEMORIAL HOSPITAL HUNDLEY CENTER,SOUTH HILL,VA,Mecklenburg,117,2024Q1,20240130,87,8.0,8.0,0.0,49.25,49.25,0.0,15.75,15.75,0.0,0.0,0.0,0.0,159.0,159.0,0.0,168.0,168.0,0.0,0.0,0.0,0.0,0.0,0.0,0.0,
495177,COMMUNITY MEMORIAL HOSPITAL HUNDLEY CENTER,SOUTH HILL,VA,Mecklenburg,117,2024Q1,20240131,88,8.0,8.0,0.0,40.0,40.0,0.0,22.75,22.75,0.0,0.0,0.0,0.0,130.75,130.75,0.0,158.0,158.0,0.0,0.0,0.0,0.0,0.0,0.0,0.0,
495177,COMMUNITY MEMORIAL HOSPITAL HUNDLEY CENTER,SOUTH HILL,VA,Mecklenburg,117,2024Q1,20240201,89,8.0,8.0,0.0,43.25,43.25,0.0,52.5,52.5,0.0,0.0,0.0,0.0,131.25,119.0,12.25,183.25,171.5,11.75,0.0,0.0,0.0,0.0,0.0,0.0,
495177,COMMUNITY MEMORIAL HOSPITAL HUNDLEY CENTER,SOUTH HILL,VA,Mecklenburg,117,2024Q1,20240202,86,8.0,8.0,0.0,34.25,34.25,0.0,36.5,36.5,0.0,0.0,0.0,0.0,124.5,111.25,13.25,167.5,155.5,12.0,0.0,0.0,0.0,0.0,0.0,0.0,
495177,COMMUNITY MEMORIAL HOSPITAL HUNDLEY CENTER,SOUTH HILL,VA,Mecklenburg,117,2024Q1,20240203,86,0.0,0.0,0.0,8.0,8.0,0.0,20.75,20.75,0.0,0.0,0.0,0.0,135.0,122.25,12.75,174.25,160.5,13.75,0.0,0.0,0.0,0.0,0.0,0.0,
495177,COMMUNITY MEMORIAL HOSPITAL HUNDLEY CENTER,SOUTH HILL,VA,Mecklenburg,117,2024Q1,20240204,86,0.0,0.0,0.0,8.5,8.5,0.0,16.0,16.0,0.0,0.0,0.0,0.0,149.25,136.25,13.0,177.75,177.75,0.0,0.0,0.0,0.0,0.0,0.0,0.0,
495177,COMMUNITY MEMORIAL HOSPITAL HUNDLEY CENTER,SOUTH HILL,VA,Mecklenburg,117,2024Q1,20240205,86,8.0,8.0,0.0,24.5,24.5,0.0,16.0,16.0,0.0,0.0,0.0,0.0,111.5,111.5,0.0,177.75,177.75,0.0,0.0,0.0,0.0,0.0,0.0,0.0,
495177,COMMUNITY MEMORIAL HOSPITAL HUNDLEY CENTER,SOUTH HILL,VA,Mecklenburg,117,2024Q1,20240206,88,8.0,8.0,0.0,53.75,53.75,0.0,39.75,39.75,0.0,0.0,0.0,0.0,152.75,140.75,12.0,161.75,161.75,0.0,0.0,0.0,0.0,0.0,0.0,0.0,
495177,COMMUNITY MEMORIAL HOSPITAL HUNDLEY CENTER,SOUTH HILL,VA,Mecklenburg,117,2024Q1,20240207,87,8.0,8.0,0.0,55.25,55.25,0.0,48.5,48.5,0.0,0.0,0.0,0.0,121.25,108.75,12.5,175.25,165.0,10.25,0.0,0.0,0.0,0.0,0.0,0.0,
495177,COMMUNITY MEMORIAL HOSPITAL HUNDLEY CENTER,SOUTH HILL,VA,Mecklenburg,117,2024Q1,20240208,86,8.0,8.0,0.0,45.25,45.25,0.0,17.25,17.25,0.0,0.0,0.0,0.0,144.25,131.0,13.25,174.25,163.0,11.25,0.0,0.0,0.0,0.0,0.0,0.0,
495177,COMMUNITY MEMORIAL HOSPITAL HUNDLEY CENTER,SOUTH HILL,VA,Mecklenburg,117,2024Q1,20240209,88,8.0,8.0,0.0,41.75,41.75,0.0,32.5,32.5,0.0,0.0,0.0,0.0,134.75,134.75,0.0,147.25,147.25,0.0,0.0,0.0,0.0,0.0,0.0,0.0,
495177,COMMUNITY MEMORIAL HOSPITAL HUNDLEY CENTER,SOUTH HILL,VA,Mecklenburg,117,2024Q1,20240210,86,0.0,0.0,0.0,9.5,9.5,0.0,35.0,35.0,0.0,0.0,0.0,0.0,133.0,133.0,0.0,148.5,137.0,11.5,0.0,0.0,0.0,0.0,0.0,0.0,
495177,COMMUNITY MEMORIAL HOSPITAL HUNDLEY CENTER,SOUTH HILL,VA,Mecklenburg,117,2024Q1,20240211,86,0.0,0.0,0.0,9.5,9.5,0.0,35.5,35.5,0.0,0.0,0.0,0.0,132.0,132.0,0.0,142.0,130.5,11.5,0.0,0.0,0.0,0.0,0.0,0.0,
495177,COMMUNITY MEMORIAL HOSPITAL HUNDLEY CENTER,SOUTH HILL,VA,Mecklenburg,117,2024Q1,20240212,85,8.0,8.0,0.0,31.25,31.25,0.0,30.5,30.5,0.0,0.0,0.0,0.0,112.75,100.25,12.5,148.0,148.0,0.0,0.0,0.0,0.0,0.0,0.0,0.0,
495177,COMMUNITY MEMORIAL HOSPITAL HUNDLEY CENTER,SOUTH HILL,VA,Mecklenburg,117,2024Q1,20240213,86,8.0,8.0,0.0,54.5,54.5,0.0,20.0,20.0,0.0,0.0,0.0,0.0,126.5,126.5,0.0,194.0,194.0,0.0,0.0,0.0,0.0,0.0,0.0,0.0,
495177,COMMUNITY MEMORIAL HOSPITAL HUNDLEY CENTER,SOUTH HILL,VA,Mecklenburg,117,2024Q1,20240214,86,8.0,8.0,0.0,50.0,50.0,0.0,41.75,41.75,0.0,0.0,0.0,0.0,124.25,124.25,0.0,160.75,160.75,0.0,0.0,0.0,0.0,0.0,0.0,0.0,
495177,COMMUNITY MEMORIAL HOSPITAL HUNDLEY CENTER,SOUTH HILL,VA,Mecklenburg,117,2024Q1,20240215,87,8.0,8.0,0.0,51.5,51.5,0.0,36.25,36.25,0.0,0.0,0.0,0.0,117.5,117.5,0.0,169.5,157.75,11.75,0.0,0.0,0.0,0.0,0.0,0.0,
495177,COMMUNITY MEMORIAL HOSPITAL HUNDLEY CENTER,SOUTH HILL,VA,Mecklenburg,117,2024Q1,20240216,90,8.0,8.0,0.0,48.75,48.75,0.0,39.5,39.5,0.0,0.0,0.0,0.0,114.25,114.25,0.0,168.0,156.5,11.5,0.0,0.0,0.0,0.0,0.0,0.0,
495177,COMMUNITY MEMORIAL HOSPITAL HUNDLEY CENTER,SOUTH HILL,VA,Mecklenburg,117,2024Q1,20240217,88,0.0,0.0,0.0,0.0,0.0,0.0,20.25,20.25,0.0,0.0,0.0,0.0,134.5,134.5,0.0,195.25,195.25,0.0,0.0,0.0,0.0,0.0,0.0,0.0,
495177,COMMUNITY MEMORIAL HOSPITAL HUNDLEY CENTER,SOUTH HILL,VA,Mecklenburg,117,2024Q1,20240218,88,0.0,0.0,0.0,0.0,0.0,0.0,20.0,20.0,0.0,0.0,0.0,0.0,144.25,144.25,0.0,186.25,186.25,0.0,0.0,0.0,0.0,0.0,0.0,0.0,
495177,COMMUNITY MEMORIAL HOSPITAL HUNDLEY CENTER,SOUTH HILL,VA,Mecklenburg,117,2024Q1,20240219,90,8.0,8.0,0.0,51.25,51.25,0.0,46.25,46.25,0.0,0.0,0.0,0.0,71.25,71.25,0.0,175.5,175.5,0.0,0.0,0.0,0.0,0.0,0.0,0.0,
495177,COMMUNITY MEMORIAL HOSPITAL HUNDLEY CENTER,SOUTH HILL,VA,Mecklenburg,117,2024Q1,20240220,90,8.0,8.0,0.0,50.25,50.25,0.0,40.75,40.75,0.0,0.0,0.0,0.0,140.75,140.75,0.0,174.5,174.5,0.0,0.0,0.0,0.0,0.0,0.0,0.0,
495177,COMMUNITY MEMORIAL HOSPITAL HUNDLEY CENTER,SOUTH HILL,VA,Mecklenburg,117,2024Q1,20240221,90,8.0,8.0,0.0,43.75,43.75,0.0,33.5,33.5,0.0,0.0,0.0,0.0,134.5,134.5,0.0,160.25,148.5,11.75,0.0,0.0,0.0,0.0,0.0,0.0,
495177,COMMUNITY MEMORIAL HOSPITAL HUNDLEY CENTER,SOUTH HILL,VA,Mecklenburg,117,2024Q1,20240222,90,8.0,8.0,0.0,33.25,33.25,0.0,57.5,57.5,0.0,0.0,0.0,0.0,125.75,125.75,0.0,152.0,152.0,0.0,0.0,0.0,0.0,0.0,0.0,0.0,
495177,COMMUNITY MEMORIAL HOSPITAL HUNDLEY CENTER,SOUTH HILL,VA,Mecklenburg,117,2024Q1,20240223,89,8.0,8.0,0.0,24.0,24.0,0.0,31.75,31.75,0.0,0.0,0.0,0.0,130.75,130.75,0.0,169.75,169.75,0.0,0.0,0.0,0.0,0.0,0.0,0.0,
495177,COMMUNITY MEMORIAL HOSPITAL HUNDLEY CENTER,SOUTH HILL,VA,Mecklenburg,117,2024Q1,20240224,89,0.0,0.0,0.0,12.0,12.0,0.0,23.5,23.5,0.0,0.0,0.0,0.0,144.25,144.25,0.0,170.5,158.75,11.75,0.0,0.0,0.0,0.0,0.0,0.0,
495177,COMMUNITY MEMORIAL HOSPITAL HUNDLEY CENTER,SOUTH HILL,VA,Mecklenburg,117,2024Q1,20240225,89,0.0,0.0,0.0,9.5,9.5,0.0,35.0,35.0,0.0,0.0,0.0,0.0,144.75,144.75,0.0,161.5,149.25,12.25,0.0,0.0,0.0,0.0,0.0,0.0,
495177,COMMUNITY MEMORIAL HOSPITAL HUNDLEY CENTER,SOUTH HILL,VA,Mecklenburg,117,2024Q1,20240226,86,8.0,8.0,0.0,53.5,53.5,0.0,40.75,40.75,0.0,0.0,0.0,0.0,120.0,120.0,0.0,156.25,156.25,0.0,0.0,0.0,0.0,0.0,0.0,0.0,
495177,COMMUNITY MEMORIAL HOSPITAL HUNDLEY CENTER,SOUTH HILL,VA,Mecklenburg,117,2024Q1,20240227,84,8.0,8.0,0.0,42.0,42.0,0.0,39.75,39.75,0.0,0.0,0.0,0.0,144.75,144.75,0.0,153.5,153.5,0.0,0.0,0.0,0.0,0.0,0.0,0.0,
495177,COMMUNITY MEMORIAL HOSPITAL HUNDLEY CENTER,SOUTH HILL,VA,Mecklenburg,117,2024Q1,20240228,85,8.0,8.0,0.0,50.0,50.0,0.0,45.0,45.0,0.0,0.0,0.0,0.0,125.75,125.75,0.0,143.75,143.75,0.0,0.0,0.0,0.0,0.0,0.0,0.0,
495177,COMMUNITY MEMORIAL HOSPITAL HUNDLEY CENTER,SOUTH HILL,VA,Mecklenburg,117,2024Q1,20240229,85,0.0,0.0,0.0,56.25,56.25,0.0,37.75,37.75,0.0,0.0,0.0,0.0,138.25,138.25,0.0,148.5,138.5,10.0,0.0,0.0,0.0,0.0,0.0,0.0,
495177,COMMUNITY MEMORIAL HOSPITAL HUNDLEY CENTER,SOUTH HILL,VA,Mecklenburg,117,2024Q1,20240301,87,0.0,0.0,0.0,47.5,47.5,0.0,42.75,42.75,0.0,0.0,0.0,0.0,122.25,122.25,0.0,165.0,153.25,11.75,0.0,0.0,0.0,0.0,0.0,0.0,
495177,COMMUNITY MEMORIAL HOSPITAL HUNDLEY CENTER,SOUTH HILL,VA,Mecklenburg,117,2024Q1,20240302,87,0.0,0.0,0.0,0.0,0.0,0.0,23.75,23.75,0.0,0.0,0.0,0.0,141.5,141.5,0.0,160.75,160.75,0.0,0.0,0.0,0.0,0.0,0.0,0.0,
495177,COMMUNITY MEMORIAL HOSPITAL HUNDLEY CENTER,SOUTH HILL,VA,Mecklenburg,117,2024Q1,20240303,87,0.0,0.0,0.0,0.0,0.0,0.0,19.75,19.75,0.0,0.0,0.0,0.0,146.25,146.25,0.0,151.25,151.25,0.0,0.0,0.0,0.0,0.0,0.0,0.0,
495177,COMMUNITY MEMORIAL HOSPITAL HUNDLEY CENTER,SOUTH HILL,VA,Mecklenburg,117,2024Q1,20240304,86,8.0,8.0,0.0,40.25,40.25,0.0,55.25,55.25,0.0,0.0,0.0,0.0,101.25,101.25,0.0,166.0,154.0,12.0,0.0,0.0,0.0,0.0,0.0,0.0,
495177,COMMUNITY MEMORIAL HOSPITAL HUNDLEY CENTER,SOUTH HILL,VA,Mecklenburg,117,2024Q1,20240305,83,8.0,8.0,0.0,52.25,52.25,0.0,38.75,38.75,0.0,0.0,0.0,0.0,121.25,121.25,0.0,176.75,176.75,0.0,0.0,0.0,0.0,0.0,0.0,0.0,
495177,COMMUNITY MEMORIAL HOSPITAL HUNDLEY CENTER,SOUTH HILL,VA,Mecklenburg,117,2024Q1,20240306,82,8.0,8.0,0.0,49.5,49.5,0.0,27.5,27.5,0.0,0.0,0.0,0.0,133.5,133.5,0.0,157.5,145.75,11.75,0.0,0.0,0.0,0.0,0.0,0.0,
495177,COMMUNITY MEMORIAL HOSPITAL HUNDLEY CENTER,SOUTH HILL,VA,Mecklenburg,117,2024Q1,20240307,81,8.0,8.0,0.0,38.0,38.0,0.0,29.75,29.75,0.0,0.0,0.0,0.0,126.5,126.5,0.0,171.75,171.75,0.0,0.0,0.0,0.0,0.0,0.0,0.0,
495177,COMMUNITY MEMORIAL HOSPITAL HUNDLEY CENTER,SOUTH HILL,VA,Mecklenburg,117,2024Q1,20240308,81,8.0,8.0,0.0,50.75,50.75,0.0,16.0,16.0,0.0,0.0,0.0,0.0,140.0,140.0,0.0,165.5,165.25,0.25,0.0,0.0,0.0,0.0,0.0,0.0,
495177,COMMUNITY MEMORIAL HOSPITAL HUNDLEY CENTER,SOUTH HILL,VA,Mecklenburg,117,2024Q1,20240309,81,0.0,0.0,0.0,0.0,0.0,0.0,22.75,22.75,0.0,0.0,0.0,0.0,111.75,111.75,0.0,141.5,129.75,11.75,0.0,0.0,0.0,0.0,0.0,0.0,
495177,COMMUNITY MEMORIAL HOSPITAL HUNDLEY CENTER,SOUTH HILL,VA,Mecklenburg,117,2024Q1,20240310,81,0.0,0.0,0.0,0.0,0.0,0.0,24.25,24.25,0.0,0.0,0.0,0.0,137.75,137.75,0.0,157.25,145.25,12.0,0.0,0.0,0.0,0.0,0.0,0.0,
495177,COMMUNITY MEMORIAL HOSPITAL HUNDLEY CENTER,SOUTH HILL,VA,Mecklenburg,117,2024Q1,20240311,82,8.0,8.0,0.0,43.0,43.0,0.0,40.75,40.75,0.0,0.0,0.0,0.0,127.0,127.0,0.0,187.25,187.25,0.0,0.0,0.0,0.0,0.0,0.0,0.0,
495177,COMMUNITY MEMORIAL HOSPITAL HUNDLEY CENTER,SOUTH HILL,VA,Mecklenburg,117,2024Q1,20240312,84,8.0,8.0,0.0,32.25,32.25,0.0,37.5,37.5,0.0,0.0,0.0,0.0,134.75,134.75,0.0,150.25,150.25,0.0,0.0,0.0,0.0,0.0,0.0,0.0,
495177,COMMUNITY MEMORIAL HOSPITAL HUNDLEY CENTER,SOUTH HILL,VA,Mecklenburg,117,2024Q1,20240313,82,8.0,8.0,0.0,48.75,48.75,0.0,44.25,44.25,0.0,0.0,0.0,0.0,115.5,115.5,0.0,179.5,179.5,0.0,0.0,0.0,0.0,0.0,0.0,0.0,
495177,COMMUNITY MEMORIAL HOSPITAL HUNDLEY CENTER,SOUTH HILL,VA,Mecklenburg,117,2024Q1,20240314,84,8.0,8.0,0.0,39.25,39.25,0.0,17.0,17.0,0.0,0.0,0.0,0.0,142.75,142.75,0.0,166.25,154.25,12.0,0.0,0.0,0.0,0.0,0.0,0.0,
495177,COMMUNITY MEMORIAL HOSPITAL HUNDLEY CENTER,SOUTH HILL,VA,Mecklenburg,117,2024Q1,20240315,84,8.0,8.0,0.0,32.5,32.5,0.0,28.0,28.0,0.0,0.0,0.0,0.0,118.0,118.0,0.0,164.5,152.5,12.0,0.0,0.0,0.0,0.0,0.0,0.0,
495177,COMMUNITY MEMORIAL HOSPITAL HUNDLEY CENTER,SOUTH HILL,VA,Mecklenburg,117,2024Q1,20240316,84,0.0,0.0,0.0,12.5,12.5,0.0,8.0,8.0,0.0,0.0,0.0,0.0,155.5,155.5,0.0,181.25,181.25,0.0,0.0,0.0,0.0,0.0,0.0,0.0,
495177,COMMUNITY MEMORIAL HOSPITAL HUNDLEY CENTER,SOUTH HILL,VA,Mecklenburg,117,2024Q1,20240317,84,0.0,0.0,0.0,7.75,7.75,0.0,8.0,8.0,0.0,0.0,0.0,0.0,154.25,154.25,0.0,163.75,163.75,0.0,0.0,0.0,0.0,0.0,0.0,0.0,
495177,COMMUNITY MEMORIAL HOSPITAL HUNDLEY CENTER,SOUTH HILL,VA,Mecklenburg,117,2024Q1,20240318,83,8.0,8.0,0.0,50.25,50.25,0.0,30.5,30.5,0.0,0.0,0.0,0.0,121.0,121.0,0.0,148.0,140.75,7.25,0.0,0.0,0.0,0.0,0.0,0.0,
495177,COMMUNITY MEMORIAL HOSPITAL HUNDLEY CENTER,SOUTH HILL,VA,Mecklenburg,117,2024Q1,20240319,84,8.0,8.0,0.0,42.75,42.75,0.0,51.0,51.0,0.0,0.0,0.0,0.0,131.75,131.75,0.0,164.0,164.0,0.0,0.0,0.0,0.0,0.0,0.0,0.0,
495177,COMMUNITY MEMORIAL HOSPITAL HUNDLEY CENTER,SOUTH HILL,VA,Mecklenburg,117,2024Q1,20240320,85,8.0,8.0,0.0,46.0,46.0,0.0,44.0,44.0,0.0,0.0,0.0,0.0,116.75,116.75,0.0,155.5,143.5,12.0,0.0,0.0,0.0,0.0,0.0,0.0,
495177,COMMUNITY MEMORIAL HOSPITAL HUNDLEY CENTER,SOUTH HILL,VA,Mecklenburg,117,2024Q1,20240321,84,8.0,8.0,0.0,38.5,38.5,0.0,26.5,26.5,0.0,0.0,0.0,0.0,149.75,149.75,0.0,190.25,178.0,12.25,0.0,0.0,0.0,0.0,0.0,0.0,
495177,COMMUNITY MEMORIAL HOSPITAL HUNDLEY CENTER,SOUTH HILL,VA,Mecklenburg,117,2024Q1,20240322,84,8.0,8.0,0.0,24.25,24.25,0.0,21.0,21.0,0.0,0.0,0.0,0.0,137.0,137.0,0.0,162.75,162.75,0.0,0.0,0.0,0.0,0.0,0.0,0.0,
495177,COMMUNITY MEMORIAL HOSPITAL HUNDLEY CENTER,SOUTH HILL,VA,Mecklenburg,117,2024Q1,20240323,84,0.0,0.0,0.0,4.25,4.25,0.0,36.0,36.0,0.0,0.0,0.0,0.0,149.75,149.75,0.0,159.5,147.25,12.25,0.0,0.0,0.0,0.0,0.0,0.0,
495177,COMMUNITY MEMORIAL HOSPITAL HUNDLEY CENTER,SOUTH HILL,VA,Mecklenburg,117,2024Q1,20240324,84,0.0,0.0,0.0,4.5,4.5,0.0,18.75,18.75,0.0,0.0,0.0,0.0,139.25,139.25,0.0,151.5,139.5,12.0,0.0,0.0,0.0,0.0,0.0,0.0,
495177,COMMUNITY MEMORIAL HOSPITAL HUNDLEY CENTER,SOUTH HILL,VA,Mecklenburg,117,2024Q1,20240325,84,8.0,8.0,0.0,42.5,42.5,0.0,8.25,8.25,0.0,0.0,0.0,0.0,151.25,151.25,0.0,149.0,149.0,0.0,0.0,0.0,0.0,0.0,0.0,0.0,
495177,COMMUNITY MEMORIAL HOSPITAL HUNDLEY CENTER,SOUTH HILL,VA,Mecklenburg,117,2024Q1,20240326,83,8.0,8.0,0.0,52.0,52.0,0.0,28.0,28.0,0.0,0.0,0.0,0.0,133.0,133.0,0.0,186.5,186.5,0.0,0.0,0.0,0.0,0.0,0.0,0.0,
495177,COMMUNITY MEMORIAL HOSPITAL HUNDLEY CENTER,SOUTH HILL,VA,Mecklenburg,117,2024Q1,20240327,83,8.0,8.0,0.0,39.75,39.75,0.0,27.25,27.25,0.0,0.0,0.0,0.0,147.25,147.25,0.0,181.75,181.75,0.0,0.0,0.0,0.0,0.0,0.0,0.0,
495177,COMMUNITY MEMORIAL HOSPITAL HUNDLEY CENTER,SOUTH HILL,VA,Mecklenburg,117,2024Q1,20240328,85,8.0,8.0,0.0,50.25,50.25,0.0,62.25,62.25,0.0,0.0,0.0,0.0,97.75,97.75,0.0,192.25,180.25,12.0,0.0,0.0,0.0,0.0,0.0,0.0,
495177,COMMUNITY MEMORIAL HOSPITAL HUNDLEY CENTER,SOUTH HILL,VA,Mecklenburg,117,2024Q1,20240329,85,8.0,8.0,0.0,47.5,47.5,0.0,29.5,29.5,0.0,0.0,0.0,0.0,117.0,117.0,0.0,163.5,151.25,12.25,0.0,0.0,0.0,0.0,0.0,0.0,
495177,COMMUNITY MEMORIAL HOSPITAL HUNDLEY CENTER,SOUTH HILL,VA,Mecklenburg,117,2024Q1,20240330,85,0.0,0.0,0.0,9.25,9.25,0.0,12.75,12.75,0.0,0.0,0.0,0.0,141.75,141.75,0.0,177.5,167.0,10.5,0.0,0.0,0.0,0.0,0.0,0.0,
495177,COMMUNITY MEMORIAL HOSPITAL HUNDLEY CENTER,SOUTH HILL,VA,Mecklenburg,117,2024Q1,20240331,85,0.0,0.0,0.0,10.25,10.25,0.0,28.75,28.75,0.0,0.0,0.0,0.0,144.5,144.5,0.0,159.75,159.75,0.0,0.0,0.0,0.0,0.0,0.0,0.0,
495177,COMMUNITY MEMORIAL HOSPITAL HUNDLEY CENTER,SOUTH HILL,VA,Mecklenburg,117,2024Q2,20240401,84,0.0,0.0,0.0,35.0,35.0,0.0,34.5,34.5,0.0,0.0,0.0,0.0,96.75,96.75,0.0,177.25,177.25,0.0,0.0,0.0,0.0,0.0,0.0,0.0,
495177,COMMUNITY MEMORIAL HOSPITAL HUNDLEY CENTER,SOUTH HILL,VA,Mecklenburg,117,2024Q2,20240402,84,0.0,0.0,0.0,54.5,54.5,0.0,25.75,25.75,0.0,0.0,0.0,0.0,121.25,121.25,0.0,161.25,161.25,0.0,0.0,0.0,0.0,0.0,0.0,0.0,
495177,COMMUNITY MEMORIAL HOSPITAL HUNDLEY CENTER,SOUTH HILL,VA,Mecklenburg,117,2024Q2,20240403,83,8.0,8.0,0.0,34.75,34.75,0.0,35.25,35.25,0.0,0.0,0.0,0.0,124.5,124.5,0.0,165.0,165.0,0.0,0.0,0.0,0.0,0.0,0.0,0.0,
495177,COMMUNITY MEMORIAL HOSPITAL HUNDLEY CENTER,SOUTH HILL,VA,Mecklenburg,117,2024Q2,20240404,82,8.0,8.0,0.0,20.0,20.0,0.0,20.0,20.0,0.0,0.0,0.0,0.0,113.0,113.0,0.0,153.25,153.25,0.0,0.0,0.0,0.0,0.0,0.0,0.0,
495177,COMMUNITY MEMORIAL HOSPITAL HUNDLEY CENTER,SOUTH HILL,VA,Mecklenburg,117,2024Q2,20240405,83,8.0,8.0,0.0,32.5,32.5,0.0,18.5,18.5,0.0,0.0,0.0,0.0,134.5,134.5,0.0,169.25,169.25,0.0,0.0,0.0,0.0,0.0,0.0,0.0,
495177,COMMUNITY MEMORIAL HOSPITAL HUNDLEY CENTER,SOUTH HILL,VA,Mecklenburg,117,2024Q2,20240406,82,0.0,0.0,0.0,0.0,0.0,0.0,36.0,36.0,0.0,0.0,0.0,0.0,107.75,107.75,0.0,174.25,162.0,12.25,0.0,0.0,0.0,0.0,0.0,0.0,
495177,COMMUNITY MEMORIAL HOSPITAL HUNDLEY CENTER,SOUTH HILL,VA,Mecklenburg,117,2024Q2,20240407,82,0.0,0.0,0.0,8.25,8.25,0.0,46.25,46.25,0.0,0.0,0.0,0.0,114.25,114.25,0.0,147.75,135.5,12.25,0.0,0.0,0.0,0.0,0.0,0.0,
495177,COMMUNITY MEMORIAL HOSPITAL HUNDLEY CENTER,SOUTH HILL,VA,Mecklenburg,117,2024Q2,20240408,83,8.0,8.0,0.0,17.0,17.0,0.0,26.5,26.5,0.0,0.0,0.0,0.0,131.5,131.5,0.0,179.25,179.25,0.0,0.0,0.0,0.0,0.0,0.0,0.0,
495177,COMMUNITY MEMORIAL HOSPITAL HUNDLEY CENTER,SOUTH HILL,VA,Mecklenburg,117,2024Q2,20240409,83,8.0,8.0,0.0,42.0,42.0,0.0,9.75,9.75,0.0,0.0,0.0,0.0,148.75,148.75,0.0,204.0,204.0,0.0,0.0,0.0,0.0,0.0,0.0,0.0,
495177,COMMUNITY MEMORIAL HOSPITAL HUNDLEY CENTER,SOUTH HILL,VA,Mecklenburg,117,2024Q2,20240410,82,8.0,8.0,0.0,40.0,40.0,0.0,30.0,30.0,0.0,0.0,0.0,0.0,156.25,156.25,0.0,189.5,189.5,0.0,0.0,0.0,0.0,0.0,0.0,0.0,
495177,COMMUNITY MEMORIAL HOSPITAL HUNDLEY CENTER,SOUTH HILL,VA,Mecklenburg,117,2024Q2,20240411,84,0.0,0.0,0.0,37.25,37.25,0.0,50.25,50.25,0.0,0.0,0.0,0.0,125.25,125.25,0.0,193.75,182.5,11.25,0.0,0.0,0.0,0.0,0.0,0.0,
495177,COMMUNITY MEMORIAL HOSPITAL HUNDLEY CENTER,SOUTH HILL,VA,Mecklenburg,117,2024Q2,20240412,82,8.0,8.0,0.0,32.0,32.0,0.0,23.5,23.5,0.0,0.0,0.0,0.0,127.5,127.5,0.0,169.5,157.75,11.75,0.0,0.0,0.0,0.0,0.0,0.0,
495177,COMMUNITY MEMORIAL HOSPITAL HUNDLEY CENTER,SOUTH HILL,VA,Mecklenburg,117,2024Q2,20240413,82,0.0,0.0,0.0,8.5,8.5,0.0,7.5,7.5,0.0,0.0,0.0,0.0,135.75,135.75,0.0,156.75,156.75,0.0,0.0,0.0,0.0,0.0,0.0,0.0,
495177,COMMUNITY MEMORIAL HOSPITAL HUNDLEY CENTER,SOUTH HILL,VA,Mecklenburg,117,2024Q2,20240414,82,0.0,0.0,0.0,0.0,0.0,0.0,8.0,8.0,0.0,0.0,0.0,0.0,146.5,146.5,0.0,171.5,171.5,0.0,0.0,0.0,0.0,0.0,0.0,0.0,
495177,COMMUNITY MEMORIAL HOSPITAL HUNDLEY CENTER,SOUTH HILL,VA,Mecklenburg,117,2024Q2,20240415,83,8.0,8.0,0.0,43.5,43.5,0.0,22.25,22.25,0.0,0.0,0.0,0.0,133.5,133.5,0.0,162.25,162.25,0.0,0.0,0.0,0.0,0.0,0.0,0.0,
495177,COMMUNITY MEMORIAL HOSPITAL HUNDLEY CENTER,SOUTH HILL,VA,Mecklenburg,117,2024Q2,20240416,85,8.0,8.0,0.0,33.5,33.5,0.0,71.0,71.0,0.0,0.0,0.0,0.0,126.25,126.25,0.0,168.0,168.0,0.0,0.0,0.0,0.0,0.0,0.0,0.0,
495177,COMMUNITY MEMORIAL HOSPITAL HUNDLEY CENTER,SOUTH HILL,VA,Mecklenburg,117,2024Q2,20240417,87,8.0,8.0,0.0,45.5,45.5,0.0,77.5,77.5,0.0,0.0,0.0,0.0,146.75,146.75,0.0,204.0,191.75,12.25,0.0,0.0,0.0,0.0,0.0,0.0,
495177,COMMUNITY MEMORIAL HOSPITAL HUNDLEY CENTER,SOUTH HILL,VA,Mecklenburg,117,2024Q2,20240418,88,8.0,8.0,0.0,44.25,44.25,0.0,34.25,34.25,0.0,0.0,0.0,0.0,138.0,138.0,0.0,196.0,196.0,0.0,0.0,0.0,0.0,0.0,0.0,0.0,
495177,COMMUNITY MEMORIAL HOSPITAL HUNDLEY CENTER,SOUTH HILL,VA,Mecklenburg,117,2024Q2,20240419,88,8.0,8.0,0.0,20.75,20.75,0.0,29.0,29.0,0.0,0.0,0.0,0.0,132.25,132.25,0.0,156.25,148.25,8.0,0.0,0.0,0.0,0.0,0.0,0.0,
495177,COMMUNITY MEMORIAL HOSPITAL HUNDLEY CENTER,SOUTH HILL,VA,Mecklenburg,117,2024Q2,20240420,87,0.0,0.0,0.0,10.5,10.5,0.0,54.75,54.75,0.0,0.0,0.0,0.0,143.75,143.75,0.0,147.0,134.75,12.25,0.0,0.0,0.0,0.0,0.0,0.0,
495177,COMMUNITY MEMORIAL HOSPITAL HUNDLEY CENTER,SOUTH HILL,VA,Mecklenburg,117,2024Q2,20240421,87,0.0,0.0,0.0,0.0,0.0,0.0,48.75,48.75,0.0,0.0,0.0,0.0,116.25,116.25,0.0,149.0,137.25,11.75,0.0,0.0,0.0,0.0,0.0,0.0,
495177,COMMUNITY MEMORIAL HOSPITAL HUNDLEY CENTER,SOUTH HILL,VA,Mecklenburg,117,2024Q2,20240422,86,8.0,8.0,0.0,31.0,31.0,0.0,47.0,47.0,0.0,0.0,0.0,0.0,153.0,153.0,0.0,164.5,164.5,0.0,0.0,0.0,0.0,0.0,0.0,0.0,
495177,COMMUNITY MEMORIAL HOSPITAL HUNDLEY CENTER,SOUTH HILL,VA,Mecklenburg,117,2024Q2,20240423,86,8.0,8.0,0.0,38.0,38.0,0.0,8.25,8.25,0.0,0.0,0.0,0.0,155.75,155.75,0.0,186.5,186.5,0.0,0.0,0.0,0.0,0.0,0.0,0.0,
495177,COMMUNITY MEMORIAL HOSPITAL HUNDLEY CENTER,SOUTH HILL,VA,Mecklenburg,117,2024Q2,20240424,86,8.0,8.0,0.0,45.25,45.25,0.0,52.0,52.0,0.0,0.0,0.0,0.0,129.75,129.75,0.0,195.0,182.75,12.25,0.0,0.0,0.0,0.0,0.0,0.0,
495177,COMMUNITY MEMORIAL HOSPITAL HUNDLEY CENTER,SOUTH HILL,VA,Mecklenburg,117,2024Q2,20240425,86,8.0,8.0,0.0,42.5,42.5,0.0,52.5,52.5,0.0,0.0,0.0,0.0,133.0,133.0,0.0,200.0,188.0,12.0,0.0,0.0,0.0,0.0,0.0,0.0,
495177,COMMUNITY MEMORIAL HOSPITAL HUNDLEY CENTER,SOUTH HILL,VA,Mecklenburg,117,2024Q2,20240426,86,8.0,8.0,0.0,38.75,38.75,0.0,27.25,27.25,0.0,0.0,0.0,0.0,120.75,120.75,0.0,155.25,155.25,0.0,0.0,0.0,0.0,0.0,0.0,0.0,
495177,COMMUNITY MEMORIAL HOSPITAL HUNDLEY CENTER,SOUTH HILL,VA,Mecklenburg,117,2024Q2,20240427,85,0.0,0.0,0.0,7.5,7.5,0.0,12.75,12.75,0.0,0.0,0.0,0.0,141.25,141.25,0.0,177.0,177.0,0.0,0.0,0.0,0.0,0.0,0.0,0.0,
495177,COMMUNITY MEMORIAL HOSPITAL HUNDLEY CENTER,SOUTH HILL,VA,Mecklenburg,117,2024Q2,20240428,85,0.0,0.0,0.0,0.0,0.0,0.0,8.25,8.25,0.0,0.0,0.0,0.0,153.0,153.0,0.0,176.25,176.25,0.0,0.0,0.0,0.0,0.0,0.0,0.0,
495177,COMMUNITY MEMORIAL HOSPITAL HUNDLEY CENTER,SOUTH HILL,VA,Mecklenburg,117,2024Q2,20240429,85,8.0,8.0,0.0,43.75,43.75,0.0,32.75,32.75,0.0,0.0,0.0,0.0,133.0,133.0,0.0,138.25,138.25,0.0,0.0,0.0,0.0,0.0,0.0,0.0,
495177,COMMUNITY MEMORIAL HOSPITAL HUNDLEY CENTER,SOUTH HILL,VA,Mecklenburg,117,2024Q2,20240430,86,8.0,8.0,0.0,41.0,41.0,0.0,44.25,44.25,0.0,0.0,0.0,0.0,130.5,130.5,0.0,176.5,176.5,0.0,0.0,0.0,0.0,0.0,0.0,0.0,
495177,COMMUNITY MEMORIAL HOSPITAL HUNDLEY CENTER,SOUTH HILL,VA,Mecklenburg,117,2024Q2,20240501,87,8.0,8.0,0.0,43.75,43.75,0.0,58.25,58.25,0.0,0.0,0.0,0.0,134.25,134.25,0.0,168.75,168.75,0.0,0.0,0.0,0.0,0.0,0.0,0.0,
495177,COMMUNITY MEMORIAL HOSPITAL HUNDLEY CENTER,SOUTH HILL,VA,Mecklenburg,117,2024Q2,20240502,86,8.0,8.0,0.0,32.5,32.5,0.0,52.25,52.25,0.0,0.0,0.0,0.0,139.25,139.25,0.0,131.75,131.75,0.0,0.0,0.0,0.0,0.0,0.0,0.0,
495177,COMMUNITY MEMORIAL HOSPITAL HUNDLEY CENTER,SOUTH HILL,VA,Mecklenburg,117,2024Q2,20240503,84,8.0,8.0,0.0,31.5,31.5,0.0,24.75,24.75,0.0,0.0,0.0,0.0,153.0,153.0,0.0,177.75,177.75,0.0,0.0,0.0,0.0,0.0,0.0,0.0,
495177,COMMUNITY MEMORIAL HOSPITAL HUNDLEY CENTER,SOUTH HILL,VA,Mecklenburg,117,2024Q2,20240504,83,0.0,0.0,0.0,2.0,2.0,0.0,37.0,37.0,0.0,0.0,0.0,0.0,109.5,109.5,0.0,127.5,127.5,0.0,0.0,0.0,0.0,0.0,0.0,0.0,
495177,COMMUNITY MEMORIAL HOSPITAL HUNDLEY CENTER,SOUTH HILL,VA,Mecklenburg,117,2024Q2,20240505,83,0.0,0.0,0.0,0.0,0.0,0.0,36.75,36.75,0.0,0.0,0.0,0.0,116.0,116.0,0.0,180.5,180.5,0.0,0.0,0.0,0.0,0.0,0.0,0.0,
495177,COMMUNITY MEMORIAL HOSPITAL HUNDLEY CENTER,SOUTH HILL,VA,Mecklenburg,117,2024Q2,20240506,83,8.0,8.0,0.0,33.5,33.5,0.0,59.0,59.0,0.0,0.0,0.0,0.0,114.0,114.0,0.0,195.0,195.0,0.0,0.0,0.0,0.0,0.0,0.0,0.0,
495177,COMMUNITY MEMORIAL HOSPITAL HUNDLEY CENTER,SOUTH HILL,VA,Mecklenburg,117,2024Q2,20240507,80,8.0,8.0,0.0,32.75,32.75,0.0,67.5,67.5,0.0,0.0,0.0,0.0,117.25,117.25,0.0,212.0,212.0,0.0,0.0,0.0,0.0,0.0,0.0,0.0,
495177,COMMUNITY MEMORIAL HOSPITAL HUNDLEY CENTER,SOUTH HILL,VA,Mecklenburg,117,2024Q2,20240508,81,8.0,8.0,0.0,40.5,40.5,0.0,53.25,53.25,0.0,0.0,0.0,0.0,146.25,146.25,0.0,166.75,166.75,0.0,0.0,0.0,0.0,0.0,0.0,0.0,
495177,COMMUNITY MEMORIAL HOSPITAL HUNDLEY CENTER,SOUTH HILL,VA,Mecklenburg,117,2024Q2,20240509,83,8.0,8.0,0.0,33.0,33.0,0.0,74.5,74.5,0.0,0.0,0.0,0.0,137.5,137.5,0.0,152.25,152.25,0.0,0.0,0.0,0.0,0.0,0.0,0.0,
495177,COMMUNITY MEMORIAL HOSPITAL HUNDLEY CENTER,SOUTH HILL,VA,Mecklenburg,117,2024Q2,20240510,83,8.0,8.0,0.0,32.0,32.0,0.0,39.5,39.5,0.0,0.0,0.0,0.0,135.5,135.5,0.0,152.0,152.0,0.0,0.0,0.0,0.0,0.0,0.0,0.0,
495177,COMMUNITY MEMORIAL HOSPITAL HUNDLEY CENTER,SOUTH HILL,VA,Mecklenburg,117,2024Q2,20240511,83,0.0,0.0,0.0,7.5,7.5,0.0,16.0,16.0,0.0,0.0,0.0,0.0,146.5,146.5,0.0,146.25,146.25,0.0,0.0,0.0,0.0,0.0,0.0,0.0,
495177,COMMUNITY MEMORIAL HOSPITAL HUNDLEY CENTER,SOUTH HILL,VA,Mecklenburg,117,2024Q2,20240512,83,0.0,0.0,0.0,0.0,0.0,0.0,24.25,24.25,0.0,0.0,0.0,0.0,160.0,160.0,0.0,167.0,167.0,0.0,0.0,0.0,0.0,0.0,0.0,0.0,
495177,COMMUNITY MEMORIAL HOSPITAL HUNDLEY CENTER,SOUTH HILL,VA,Mecklenburg,117,2024Q2,20240513,84,8.0,8.0,0.0,29.5,29.5,0.0,39.75,39.75,0.0,0.0,0.0,0.0,124.0,124.0,0.0,139.0,139.0,0.0,0.0,0.0,0.0,0.0,0.0,0.0,
495177,COMMUNITY MEMORIAL HOSPITAL HUNDLEY CENTER,SOUTH HILL,VA,Mecklenburg,117,2024Q2,20240514,84,8.0,8.0,0.0,32.75,32.75,0.0,76.25,76.25,0.0,0.0,0.0,0.0,114.25,114.25,0.0,169.25,169.25,0.0,0.0,0.0,0.0,0.0,0.0,0.0,
495177,COMMUNITY MEMORIAL HOSPITAL HUNDLEY CENTER,SOUTH HILL,VA,Mecklenburg,117,2024Q2,20240515,85,8.0,8.0,0.0,33.25,33.25,0.0,67.75,67.75,0.0,0.0,0.0,0.0,112.0,112.0,0.0,186.5,186.5,0.0,0.0,0.0,0.0,0.0,0.0,0.0,
495177,COMMUNITY MEMORIAL HOSPITAL HUNDLEY CENTER,SOUTH HILL,VA,Mecklenburg,117,2024Q2,20240516,85,0.0,0.0,0.0,40.75,40.75,0.0,46.75,46.75,0.0,0.0,0.0,0.0,146.0,146.0,0.0,185.0,185.0,0.0,0.0,0.0,0.0,0.0,0.0,0.0,
495177,COMMUNITY MEMORIAL HOSPITAL HUNDLEY CENTER,SOUTH HILL,VA,Mecklenburg,117,2024Q2,20240517,85,0.0,0.0,0.0,26.25,26.25,0.0,57.75,57.75,0.0,0.0,0.0,0.0,120.25,120.25,0.0,159.75,159.75,0.0,0.0,0.0,0.0,0.0,0.0,0.0,
495177,COMMUNITY MEMORIAL HOSPITAL HUNDLEY CENTER,SOUTH HILL,VA,Mecklenburg,117,2024Q2,20240518,84,0.0,0.0,0.0,9.0,9.0,0.0,47.75,47.75,0.0,0.0,0.0,0.0,104.75,104.75,0.0,169.25,169.25,0.0,0.0,0.0,0.0,0.0,0.0,0.0,
495177,COMMUNITY MEMORIAL HOSPITAL HUNDLEY CENTER,SOUTH HILL,VA,Mecklenburg,117,2024Q2,20240519,84,0.0,0.0,0.0,0.0,0.0,0.0,48.25,48.25,0.0,0.0,0.0,0.0,139.0,139.0,0.0,164.75,164.75,0.0,0.0,0.0,0.0,0.0,0.0,0.0,
495177,COMMUNITY MEMORIAL HOSPITAL HUNDLEY CENTER,SOUTH HILL,VA,Mecklenburg,117,2024Q2,20240520,87,0.0,0.0,0.0,41.75,41.75,0.0,30.5,30.5,0.0,0.0,0.0,0.0,116.75,116.75,0.0,168.75,168.75,0.0,0.0,0.0,0.0,0.0,0.0,0.0,
495177,COMMUNITY MEMORIAL HOSPITAL HUNDLEY CENTER,SOUTH HILL,VA,Mecklenburg,117,2024Q2,20240521,87,0.0,0.0,0.0,31.0,31.0,0.0,39.25,39.25,0.0,0.0,0.0,0.0,137.25,137.25,0.0,180.5,180.5,0.0,0.0,0.0,0.0,0.0,0.0,0.0,
495177,COMMUNITY MEMORIAL HOSPITAL HUNDLEY CENTER,SOUTH HILL,VA,Mecklenburg,117,2024Q2,20240522,86,8.0,8.0,0.0,41.25,41.25,0.0,45.5,45.5,0.0,0.0,0.0,0.0,134.0,134.0,0.0,159.0,159.0,0.0,0.0,0.0,0.0,0.0,0.0,0.0,
495177,COMMUNITY MEMORIAL HOSPITAL HUNDLEY CENTER,SOUTH HILL,VA,Mecklenburg,117,2024Q2,20240523,86,8.0,8.0,0.0,31.75,31.75,0.0,63.5,63.5,0.0,0.0,0.0,0.0,141.25,141.25,0.0,188.75,188.75,0.0,0.0,0.0,0.0,0.0,0.0,0.0,
495177,COMMUNITY MEMORIAL HOSPITAL HUNDLEY CENTER,SOUTH HILL,VA,Mecklenburg,117,2024Q2,20240524,87,8.0,8.0,0.0,38.5,38.5,0.0,70.75,70.75,0.0,0.0,0.0,0.0,100.25,100.25,0.0,163.25,163.25,0.0,0.0,0.0,0.0,0.0,0.0,0.0,
495177,COMMUNITY MEMORIAL HOSPITAL HUNDLEY CENTER,SOUTH HILL,VA,Mecklenburg,117,2024Q2,20240525,87,0.0,0.0,0.0,9.75,9.75,0.0,38.0,38.0,0.0,0.0,0.0,0.0,160.5,160.5,0.0,166.5,166.5,0.0,0.0,0.0,0.0,0.0,0.0,0.0,
495177,COMMUNITY MEMORIAL HOSPITAL HUNDLEY CENTER,SOUTH HILL,VA,Mecklenburg,117,2024Q2,20240526,87,0.0,0.0,0.0,0.0,0.0,0.0,29.0,29.0,0.0,0.0,0.0,0.0,156.0,156.0,0.0,177.0,177.0,0.0,0.0,0.0,0.0,0.0,0.0,0.0,
495177,COMMUNITY MEMORIAL HOSPITAL HUNDLEY CENTER,SOUTH HILL,VA,Mecklenburg,117,2024Q2,20240527,86,0.0,0.0,0.0,12.5,12.5,0.0,52.5,52.5,0.0,0.0,0.0,0.0,107.25,107.25,0.0,164.0,164.0,0.0,0.0,0.0,0.0,0.0,0.0,0.0,
495177,COMMUNITY MEMORIAL HOSPITAL HUNDLEY CENTER,SOUTH HILL,VA,Mecklenburg,117,2024Q2,20240528,87,8.0,8.0,0.0,33.25,33.25,0.0,43.5,43.5,0.0,0.0,0.0,0.0,156.5,156.5,0.0,186.5,186.5,0.0,0.0,0.0,0.0,0.0,0.0,0.0,
495177,COMMUNITY MEMORIAL HOSPITAL HUNDLEY CENTER,SOUTH HILL,VA,Mecklenburg,117,2024Q2,20240529,84,8.0,8.0,0.0,42.25,42.25,0.0,65.5,65.5,0.0,0.0,0.0,0.0,122.75,122.75,0.0,199.75,199.75,0.0,0.0,0.0,0.0,0.0,0.0,0.0,
495177,COMMUNITY MEMORIAL HOSPITAL HUNDLEY CENTER,SOUTH HILL,VA,Mecklenburg,117,2024Q2,20240530,83,8.0,8.0,0.0,26.75,26.75,0.0,48.75,48.75,0.0,0.0,0.0,0.0,127.75,127.75,0.0,186.0,186.0,0.0,0.0,0.0,0.0,0.0,0.0,0.0,
495177,COMMUNITY MEMORIAL HOSPITAL HUNDLEY CENTER,SOUTH HILL,VA,Mecklenburg,117,2024Q2,20240531,83,8.0,8.0,0.0,30.25,30.25,0.0,36.75,36.75,0.0,0.0,0.0,0.0,122.75,122.75,0.0,172.5,172.5,0.0,0.0,0.0,0.0,0.0,0.0,0.0,
495177,COMMUNITY MEMORIAL HOSPITAL HUNDLEY CENTER,SOUTH HILL,VA,Mecklenburg,117,2024Q2,20240601,82,0.0,0.0,0.0,15.5,15.5,0.0,32.5,32.5,0.0,0.0,0.0,0.0,123.5,123.5,0.0,145.25,145.25,0.0,0.0,0.0,0.0,0.0,0.0,0.0,
495177,COMMUNITY MEMORIAL HOSPITAL HUNDLEY CENTER,SOUTH HILL,VA,Mecklenburg,117,2024Q2,20240602,82,0.0,0.0,0.0,8.0,8.0,0.0,48.25,48.25,0.0,0.0,0.0,0.0,130.25,130.25,0.0,137.5,137.5,0.0,0.0,0.0,0.0,0.0,0.0,0.0,
495177,COMMUNITY MEMORIAL HOSPITAL HUNDLEY CENTER,SOUTH HILL,VA,Mecklenburg,117,2024Q2,20240603,82,8.0,8.0,0.0,24.5,24.5,0.0,55.75,55.75,0.0,0.0,0.0,0.0,137.25,137.25,0.0,188.75,188.75,0.0,0.0,0.0,0.0,0.0,0.0,0.0,
495177,COMMUNITY MEMORIAL HOSPITAL HUNDLEY CENTER,SOUTH HILL,VA,Mecklenburg,117,2024Q2,20240604,82,8.0,8.0,0.0,32.5,32.5,0.0,46.5,46.5,0.0,0.0,0.0,0.0,149.25,149.25,0.0,187.0,187.0,0.0,0.0,0.0,0.0,0.0,0.0,0.0,
495177,COMMUNITY MEMORIAL HOSPITAL HUNDLEY CENTER,SOUTH HILL,VA,Mecklenburg,117,2024Q2,20240605,83,8.0,8.0,0.0,32.25,32.25,0.0,60.0,60.0,0.0,0.0,0.0,0.0,133.5,133.5,0.0,192.5,192.5,0.0,0.0,0.0,0.0,0.0,0.0,0.0,
495177,COMMUNITY MEMORIAL HOSPITAL HUNDLEY CENTER,SOUTH HILL,VA,Mecklenburg,117,2024Q2,20240606,83,8.0,8.0,0.0,24.5,24.5,0.0,80.75,80.75,0.0,0.0,0.0,0.0,112.5,112.5,0.0,182.25,182.25,0.0,0.0,0.0,0.0,0.0,0.0,0.0,
495177,COMMUNITY MEMORIAL HOSPITAL HUNDLEY CENTER,SOUTH HILL,VA,Mecklenburg,117,2024Q2,20240607,84,8.0,8.0,0.0,22.75,22.75,0.0,64.0,64.0,0.0,0.0,0.0,0.0,96.75,96.75,0.0,176.0,176.0,0.0,0.0,0.0,0.0,0.0,0.0,0.0,
495177,COMMUNITY MEMORIAL HOSPITAL HUNDLEY CENTER,SOUTH HILL,VA,Mecklenburg,117,2024Q2,20240608,84,0.0,0.0,0.0,8.0,8.0,0.0,17.25,17.25,0.0,0.0,0.0,0.0,124.5,124.5,0.0,175.75,175.75,0.0,0.0,0.0,0.0,0.0,0.0,0.0,
495177,COMMUNITY MEMORIAL HOSPITAL HUNDLEY CENTER,SOUTH HILL,VA,Mecklenburg,117,2024Q2,20240609,84,0.0,0.0,0.0,8.5,8.5,0.0,23.75,23.75,0.0,0.0,0.0,0.0,161.75,161.75,0.0,142.0,142.0,0.0,0.0,0.0,0.0,0.0,0.0,0.0,
495177,COMMUNITY MEMORIAL HOSPITAL HUNDLEY CENTER,SOUTH HILL,VA,Mecklenburg,117,2024Q2,20240610,85,8.0,8.0,0.0,25.75,25.75,0.0,46.25,46.25,0.0,0.0,0.0,0.0,111.5,111.5,0.0,188.25,188.25,0.0,0.0,0.0,0.0,0.0,0.0,0.0,
495177,COMMUNITY MEMORIAL HOSPITAL HUNDLEY CENTER,SOUTH HILL,VA,Mecklenburg,117,2024Q2,20240611,85,8.0,8.0,0.0,32.75,32.75,0.0,54.0,54.0,0.0,0.0,0.0,0.0,139.0,139.0,0.0,159.75,159.75,0.0,0.0,0.0,0.0,0.0,0.0,0.0,
495177,COMMUNITY MEMORIAL HOSPITAL HUNDLEY CENTER,SOUTH HILL,VA,Mecklenburg,117,2024Q2,20240612,87,8.0,8.0,0.0,32.0,32.0,0.0,57.25,57.25,0.0,0.0,0.0,0.0,128.5,128.5,0.0,154.25,154.25,0.0,0.0,0.0,0.0,0.0,0.0,0.0,
495177,COMMUNITY MEMORIAL HOSPITAL HUNDLEY CENTER,SOUTH HILL,VA,Mecklenburg,117,2024Q2,20240613,87,8.0,8.0,0.0,32.0,32.0,0.0,54.0,54.0,0.0,0.0,0.0,0.0,122.5,122.5,0.0,184.5,184.5,0.0,0.0,0.0,0.0,0.0,0.0,0.0,
495177,COMMUNITY MEMORIAL HOSPITAL HUNDLEY CENTER,SOUTH HILL,VA,Mecklenburg,117,2024Q2,20240614,87,8.0,8.0,0.0,30.75,30.75,0.0,38.0,38.0,0.0,0.0,0.0,0.0,120.5,120.5,0.0,171.0,171.0,0.0,0.0,0.0,0.0,0.0,0.0,0.0,
495177,COMMUNITY MEMORIAL HOSPITAL HUNDLEY CENTER,SOUTH HILL,VA,Mecklenburg,117,2024Q2,20240615,87,0.0,0.0,0.0,0.0,0.0,0.0,47.75,47.75,0.0,0.0,0.0,0.0,112.75,112.75,0.0,155.0,155.0,0.0,0.0,0.0,0.0,0.0,0.0,0.0,
495177,COMMUNITY MEMORIAL HOSPITAL HUNDLEY CENTER,SOUTH HILL,VA,Mecklenburg,117,2024Q2,20240616,86,0.0,0.0,0.0,0.0,0.0,0.0,47.75,47.75,0.0,0.0,0.0,0.0,87.25,87.25,0.0,145.75,145.75,0.0,0.0,0.0,0.0,0.0,0.0,0.0,
495177,COMMUNITY MEMORIAL HOSPITAL HUNDLEY CENTER,SOUTH HILL,VA,Mecklenburg,117,2024Q2,20240617,87,8.0,8.0,0.0,32.25,32.25,0.0,62.0,62.0,0.0,0.0,0.0,0.0,123.75,123.75,0.0,202.5,202.5,0.0,0.0,0.0,0.0,0.0,0.0,0.0,
495177,COMMUNITY MEMORIAL HOSPITAL HUNDLEY CENTER,SOUTH HILL,VA,Mecklenburg,117,2024Q2,20240618,88,8.0,8.0,0.0,45.5,45.5,0.0,45.75,45.75,0.0,0.0,0.0,0.0,145.5,145.5,0.0,184.0,184.0,0.0,0.0,0.0,0.0,0.0,0.0,0.0,
495177,COMMUNITY MEMORIAL HOSPITAL HUNDLEY CENTER,SOUTH HILL,VA,Mecklenburg,117,2024Q2,20240619,88,8.0,8.0,0.0,36.25,36.25,0.0,32.0,32.0,0.0,0.0,0.0,0.0,143.5,143.5,0.0,188.5,188.5,0.0,0.0,0.0,0.0,0.0,0.0,0.0,
495177,COMMUNITY MEMORIAL HOSPITAL HUNDLEY CENTER,SOUTH HILL,VA,Mecklenburg,117,2024Q2,20240620,90,8.0,8.0,0.0,42.75,42.75,0.0,47.75,47.75,0.0,0.0,0.0,0.0,136.25,136.25,0.0,163.0,163.0,0.0,0.0,0.0,0.0,0.0,0.0,0.0,
495177,COMMUNITY MEMORIAL HOSPITAL HUNDLEY CENTER,SOUTH HILL,VA,Mecklenburg,117,2024Q2,20240621,89,8.0,8.0,0.0,22.5,22.5,0.0,58.75,58.75,0.0,0.0,0.0,0.0,120.5,120.5,0.0,156.5,156.5,0.0,0.0,0.0,0.0,0.0,0.0,0.0,
495177,COMMUNITY MEMORIAL HOSPITAL HUNDLEY CENTER,SOUTH HILL,VA,Mecklenburg,117,2024Q2,20240622,88,0.0,0.0,0.0,8.25,8.25,0.0,20.25,20.25,0.0,0.0,0.0,0.0,131.75,131.75,0.0,158.25,158.25,0.0,0.0,0.0,0.0,0.0,0.0,0.0,
495177,COMMUNITY MEMORIAL HOSPITAL HUNDLEY CENTER,SOUTH HILL,VA,Mecklenburg,117,2024Q2,20240623,87,0.0,0.0,0.0,7.75,7.75,0.0,28.25,28.25,0.0,0.0,0.0,0.0,134.0,134.0,0.0,154.5,154.5,0.0,0.0,0.0,0.0,0.0,0.0,0.0,
495177,COMMUNITY MEMORIAL HOSPITAL HUNDLEY CENTER,SOUTH HILL,VA,Mecklenburg,117,2024Q2,20240624,88,0.0,0.0,0.0,25.0,25.0,0.0,38.75,38.75,0.0,0.0,0.0,0.0,117.5,117.5,0.0,201.75,201.75,0.0,0.0,0.0,0.0,0.0,0.0,0.0,
495177,COMMUNITY MEMORIAL HOSPITAL HUNDLEY CENTER,SOUTH HILL,VA,Mecklenburg,117,2024Q2,20240625,90,0.0,0.0,0.0,35.0,35.0,0.0,52.25,52.25,0.0,0.0,0.0,0.0,140.25,140.25,0.0,182.25,182.25,0.0,0.0,0.0,0.0,0.0,0.0,0.0,
495177,COMMUNITY MEMORIAL HOSPITAL HUNDLEY CENTER,SOUTH HILL,VA,Mecklenburg,117,2024Q2,20240626,86,0.0,0.0,0.0,33.0,33.0,0.0,75.0,75.0,0.0,0.0,0.0,0.0,117.75,117.75,0.0,168.0,168.0,0.0,0.0,0.0,0.0,0.0,0.0,0.0,
495177,COMMUNITY MEMORIAL HOSPITAL HUNDLEY CENTER,SOUTH HILL,VA,Mecklenburg,117,2024Q2,20240627,90,8.0,8.0,0.0,32.75,32.75,0.0,36.0,36.0,0.0,0.0,0.0,0.0,129.75,129.75,0.0,175.5,175.5,0.0,0.0,0.0,0.0,0.0,0.0,0.0,
495177,COMMUNITY MEMORIAL HOSPITAL HUNDLEY CENTER,SOUTH HILL,VA,Mecklenburg,117,2024Q2,20240628,89,8.0,8.0,0.0,32.25,32.25,0.0,56.75,56.75,0.0,0.0,0.0,0.0,95.0,95.0,0.0,154.75,154.75,0.0,0.0,0.0,0.0,0.0,0.0,0.0,
495177,COMMUNITY MEMORIAL HOSPITAL HUNDLEY CENTER,SOUTH HILL,VA,Mecklenburg,117,2024Q2,20240629,89,0.0,0.0,0.0,0.0,0.0,0.0,47.75,47.75,0.0,0.0,0.0,0.0,88.5,88.5,0.0,143.75,143.75,0.0,0.0,0.0,0.0,0.0,0.0,0.0,
495177,COMMUNITY MEMORIAL HOSPITAL HUNDLEY CENTER,SOUTH HILL,VA,Mecklenburg,117,2024Q2,20240630,89,0.0,0.0,0.0,0.0,0.0,0.0,44.0,44.0,0.0,0.0,0.0,0.0,108.0,108.0,0.0,184.5,184.5,0.0,0.0,0.0,0.0,0.0,0.0,0.0,
495177,COMMUNITY MEMORIAL HOSPITAL HUNDLEY CENTER,SOUTH HILL,VA,Mecklenburg,117,2024Q3,20240701,91,8.0,8.0,0.0,32.5,32.5,0.0,48.75,48.75,0.0,0.0,0.0,0.0,122.5,122.5,0.0,163.75,163.75,0.0,0.0,0.0,0.0,0.0,0.0,0.0,
495177,COMMUNITY MEMORIAL HOSPITAL HUNDLEY CENTER,SOUTH HILL,VA,Mecklenburg,117,2024Q3,20240702,91,8.0,8.0,0.0,34.75,34.75,0.0,38.25,38.25,0.0,0.0,0.0,0.0,122.0,122.0,0.0,208.75,208.75,0.0,0.0,0.0,0.0,0.0,0.0,0.0,
495177,COMMUNITY MEMORIAL HOSPITAL HUNDLEY CENTER,SOUTH HILL,VA,Mecklenburg,117,2024Q3,20240703,91,8.0,8.0,0.0,32.75,32.75,0.0,70.0,70.0,0.0,0.0,0.0,0.0,109.25,109.25,0.0,174.0,174.0,0.0,0.0,0.0,0.0,0.0,0.0,0.0,
495177,COMMUNITY MEMORIAL HOSPITAL HUNDLEY CENTER,SOUTH HILL,VA,Mecklenburg,117,2024Q3,20240704,91,0.0,0.0,0.0,28.75,28.75,0.0,68.75,68.75,0.0,0.0,0.0,0.0,109.0,109.0,0.0,188.75,188.75,0.0,0.0,0.0,0.0,0.0,0.0,0.0,
495177,COMMUNITY MEMORIAL HOSPITAL HUNDLEY CENTER,SOUTH HILL,VA,Mecklenburg,117,2024Q3,20240705,91,8.0,8.0,0.0,25.5,25.5,0.0,22.25,22.25,0.0,0.0,0.0,0.0,125.5,125.5,0.0,146.0,146.0,0.0,0.0,0.0,0.0,0.0,0.0,0.0,
495177,COMMUNITY MEMORIAL HOSPITAL HUNDLEY CENTER,SOUTH HILL,VA,Mecklenburg,117,2024Q3,20240706,91,0.0,0.0,0.0,15.25,15.25,0.0,44.0,44.0,0.0,0.0,0.0,0.0,130.0,130.0,0.0,150.5,150.5,0.0,0.0,0.0,0.0,0.0,0.0,0.0,
495177,COMMUNITY MEMORIAL HOSPITAL HUNDLEY CENTER,SOUTH HILL,VA,Mecklenburg,117,2024Q3,20240707,91,0.0,0.0,0.0,7.5,7.5,0.0,28.5,28.5,0.0,0.0,0.0,0.0,99.75,99.75,0.0,130.5,130.5,0.0,0.0,0.0,0.0,0.0,0.0,0.0,
495177,COMMUNITY MEMORIAL HOSPITAL HUNDLEY CENTER,SOUTH HILL,VA,Mecklenburg,117,2024Q3,20240708,90,0.0,0.0,0.0,37.75,37.75,0.0,47.5,47.5,0.0,0.0,0.0,0.0,58.0,58.0,0.0,146.5,146.5,0.0,0.0,0.0,0.0,0.0,0.0,0.0,
495177,COMMUNITY MEMORIAL HOSPITAL HUNDLEY CENTER,SOUTH HILL,VA,Mecklenburg,117,2024Q3,20240709,92,0.0,0.0,0.0,31.5,31.5,0.0,58.25,58.25,0.0,0.0,0.0,0.0,100.25,100.25,0.0,153.75,153.75,0.0,0.0,0.0,0.0,0.0,0.0,0.0,
495177,COMMUNITY MEMORIAL HOSPITAL HUNDLEY CENTER,SOUTH HILL,VA,Mecklenburg,117,2024Q3,20240710,94,0.0,0.0,0.0,39.25,39.25,0.0,54.75,54.75,0.0,0.0,0.0,0.0,84.75,84.75,0.0,137.25,137.25,0.0,0.0,0.0,0.0,0.0,0.0,0.0,
495177,COMMUNITY MEMORIAL HOSPITAL HUNDLEY CENTER,SOUTH HILL,VA,Mecklenburg,117,2024Q3,20240711,94,8.0,8.0,0.0,43.0,43.0,0.0,44.5,44.5,0.0,0.0,0.0,0.0,110.75,110.75,0.0,135.0,135.0,0.0,0.0,0.0,0.0,0.0,0.0,0.0,
495177,COMMUNITY MEMORIAL HOSPITAL HUNDLEY CENTER,SOUTH HILL,VA,Mecklenburg,117,2024Q3,20240712,94,8.0,8.0,0.0,38.0,38.0,0.0,65.25,65.25,0.0,0.0,0.0,0.0,59.5,59.5,0.0,153.75,153.75,0.0,0.0,0.0,0.0,0.0,0.0,0.0,
495177,COMMUNITY MEMORIAL HOSPITAL HUNDLEY CENTER,SOUTH HILL,VA,Mecklenburg,117,2024Q3,20240713,93,0.0,0.0,0.0,10.25,10.25,0.0,48.0,48.0,0.0,0.0,0.0,0.0,85.5,85.5,0.0,136.75,136.75,0.0,0.0,0.0,0.0,0.0,0.0,0.0,
495177,COMMUNITY MEMORIAL HOSPITAL HUNDLEY CENTER,SOUTH HILL,VA,Mecklenburg,117,2024Q3,20240714,93,0.0,0.0,0.0,0.0,0.0,0.0,47.75,47.75,0.0,0.0,0.0,0.0,85.5,85.5,0.0,169.25,169.25,0.0,0.0,0.0,0.0,0.0,0.0,0.0,
495177,COMMUNITY MEMORIAL HOSPITAL HUNDLEY CENTER,SOUTH HILL,VA,Mecklenburg,117,2024Q3,20240715,93,8.0,8.0,0.0,35.0,35.0,0.0,36.25,36.25,0.0,0.0,0.0,0.0,114.0,114.0,0.0,132.0,132.0,0.0,0.0,0.0,0.0,0.0,0.0,0.0,
495177,COMMUNITY MEMORIAL HOSPITAL HUNDLEY CENTER,SOUTH HILL,VA,Mecklenburg,117,2024Q3,20240716,94,8.0,8.0,0.0,38.0,38.0,0.0,44.75,44.75,0.0,0.0,0.0,0.0,104.25,104.25,0.0,147.5,147.5,0.0,0.0,0.0,0.0,0.0,0.0,0.0,
495177,COMMUNITY MEMORIAL HOSPITAL HUNDLEY CENTER,SOUTH HILL,VA,Mecklenburg,117,2024Q3,20240717,94,8.0,8.0,0.0,36.5,36.5,0.0,59.5,59.5,0.0,0.0,0.0,0.0,89.0,89.0,0.0,138.5,138.5,0.0,0.0,0.0,0.0,0.0,0.0,0.0,
495177,COMMUNITY MEMORIAL HOSPITAL HUNDLEY CENTER,SOUTH HILL,VA,Mecklenburg,117,2024Q3,20240718,95,8.0,8.0,0.0,41.25,41.25,0.0,73.0,73.0,0.0,0.0,0.0,0.0,66.25,66.25,0.0,153.75,153.75,0.0,0.0,0.0,0.0,0.0,0.0,0.0,
495177,COMMUNITY MEMORIAL HOSPITAL HUNDLEY CENTER,SOUTH HILL,VA,Mecklenburg,117,2024Q3,20240719,94,8.0,8.0,0.0,37.75,37.75,0.0,44.75,44.75,0.0,0.0,0.0,0.0,55.0,55.0,0.0,142.0,142.0,0.0,0.0,0.0,0.0,0.0,0.0,0.0,
495177,COMMUNITY MEMORIAL HOSPITAL HUNDLEY CENTER,SOUTH HILL,VA,Mecklenburg,117,2024Q3,20240720,94,0.0,0.0,0.0,5.0,5.0,0.0,27.75,27.75,0.0,0.0,0.0,0.0,86.5,86.5,0.0,120.0,120.0,0.0,0.0,0.0,0.0,0.0,0.0,0.0,
495177,COMMUNITY MEMORIAL HOSPITAL HUNDLEY CENTER,SOUTH HILL,VA,Mecklenburg,117,2024Q3,20240721,94,0.0,0.0,0.0,0.0,0.0,0.0,27.5,27.5,0.0,0.0,0.0,0.0,80.5,80.5,0.0,111.25,111.25,0.0,0.0,0.0,0.0,0.0,0.0,0.0,
495177,COMMUNITY MEMORIAL HOSPITAL HUNDLEY CENTER,SOUTH HILL,VA,Mecklenburg,117,2024Q3,20240722,94,8.0,8.0,0.0,24.5,24.5,0.0,72.75,72.75,0.0,0.0,0.0,0.0,76.75,76.75,0.0,157.75,157.75,0.0,0.0,0.0,0.0,0.0,0.0,0.0,
495177,COMMUNITY MEMORIAL HOSPITAL HUNDLEY CENTER,SOUTH HILL,VA,Mecklenburg,117,2024Q3,20240723,94,8.0,8.0,0.0,33.0,33.0,0.0,67.0,67.0,0.0,0.0,0.0,0.0,99.0,99.0,0.0,186.0,186.0,0.0,0.0,0.0,0.0,0.0,0.0,0.0,
495177,COMMUNITY MEMORIAL HOSPITAL HUNDLEY CENTER,SOUTH HILL,VA,Mecklenburg,117,2024Q3,20240724,94,8.0,8.0,0.0,33.0,33.0,0.0,36.5,36.5,0.0,0.0,0.0,0.0,81.25,81.25,0.0,130.75,130.75,0.0,0.0,0.0,0.0,0.0,0.0,0.0,
495177,COMMUNITY MEMORIAL HOSPITAL HUNDLEY CENTER,SOUTH HILL,VA,Mecklenburg,117,2024Q3,20240725,94,8.0,8.0,0.0,32.25,32.25,0.0,51.25,51.25,0.0,0.0,0.0,0.0,72.5,72.5,0.0,140.0,140.0,0.0,0.0,0.0,0.0,0.0,0.0,0.0,
495177,COMMUNITY MEMORIAL HOSPITAL HUNDLEY CENTER,SOUTH HILL,VA,Mecklenburg,117,2024Q3,20240726,94,8.0,8.0,0.0,28.5,28.5,0.0,57.5,57.5,0.0,0.0,0.0,0.0,90.0,90.0,0.0,158.5,158.5,0.0,0.0,0.0,0.0,0.0,0.0,0.0,
495177,COMMUNITY MEMORIAL HOSPITAL HUNDLEY CENTER,SOUTH HILL,VA,Mecklenburg,117,2024Q3,20240727,94,0.0,0.0,0.0,0.0,0.0,0.0,59.0,59.0,0.0,0.0,0.0,0.0,85.5,85.5,0.0,138.25,138.25,0.0,0.0,0.0,0.0,0.0,0.0,0.0,
495177,COMMUNITY MEMORIAL HOSPITAL HUNDLEY CENTER,SOUTH HILL,VA,Mecklenburg,117,2024Q3,20240728,92,0.0,0.0,0.0,0.0,0.0,0.0,60.5,60.5,0.0,0.0,0.0,0.0,84.5,84.5,0.0,145.25,145.25,0.0,0.0,0.0,0.0,0.0,0.0,0.0,
495177,COMMUNITY MEMORIAL HOSPITAL HUNDLEY CENTER,SOUTH HILL,VA,Mecklenburg,117,2024Q3,20240729,91,8.0,8.0,0.0,40.25,40.25,0.0,38.25,38.25,0.0,0.0,0.0,0.0,109.25,109.25,0.0,139.5,139.5,0.0,0.0,0.0,0.0,0.0,0.0,0.0,
495177,COMMUNITY MEMORIAL HOSPITAL HUNDLEY CENTER,SOUTH HILL,VA,Mecklenburg,117,2024Q3,20240730,90,8.0,8.0,0.0,41.75,41.75,0.0,55.75,55.75,0.0,0.0,0.0,0.0,91.5,91.5,0.0,130.25,130.25,0.0,0.0,0.0,0.0,0.0,0.0,0.0,
495177,COMMUNITY MEMORIAL HOSPITAL HUNDLEY CENTER,SOUTH HILL,VA,Mecklenburg,117,2024Q3,20240731,90,8.0,8.0,0.0,40.75,40.75,0.0,53.5,53.5,0.0,0.0,0.0,0.0,80.0,80.0,0.0,156.75,156.75,0.0,0.0,0.0,0.0,0.0,0.0,0.0,
495177,COMMUNITY MEMORIAL HOSPITAL HUNDLEY CENTER,SOUTH HILL,VA,Mecklenburg,117,2024Q3,20240801,90,8.0,8.0,0.0,23.75,23.75,0.0,61.0,61.0,0.0,0.0,0.0,0.0,73.25,73.25,0.0,140.25,140.25,0.0,0.0,0.0,0.0,0.0,0.0,0.0,
495177,COMMUNITY MEMORIAL HOSPITAL HUNDLEY CENTER,SOUTH HILL,VA,Mecklenburg,117,2024Q3,20240802,88,0.0,0.0,0.0,15.0,15.0,0.0,51.25,51.25,0.0,0.0,0.0,0.0,45.0,45.0,0.0,116.25,116.25,0.0,0.0,0.0,0.0,0.0,0.0,0.0,
495177,COMMUNITY MEMORIAL HOSPITAL HUNDLEY CENTER,SOUTH HILL,VA,Mecklenburg,117,2024Q3,20240803,88,0.0,0.0,0.0,0.0,0.0,0.0,27.25,27.25,0.0,0.0,0.0,0.0,77.5,77.5,0.0,106.0,106.0,0.0,0.0,0.0,0.0,0.0,0.0,0.0,
495177,COMMUNITY MEMORIAL HOSPITAL HUNDLEY CENTER,SOUTH HILL,VA,Mecklenburg,117,2024Q3,20240804,87,0.0,0.0,0.0,0.0,0.0,0.0,16.25,16.25,0.0,0.0,0.0,0.0,78.0,78.0,0.0,117.5,117.5,0.0,0.0,0.0,0.0,0.0,0.0,0.0,
495177,COMMUNITY MEMORIAL HOSPITAL HUNDLEY CENTER,SOUTH HILL,VA,Mecklenburg,117,2024Q3,20240805,88,0.0,0.0,0.0,26.25,26.25,0.0,23.25,23.25,0.0,0.0,0.0,0.0,92.75,92.75,0.0,156.75,156.75,0.0,0.0,0.0,0.0,0.0,0.0,0.0,
495177,COMMUNITY MEMORIAL HOSPITAL HUNDLEY CENTER,SOUTH HILL,VA,Mecklenburg,117,2024Q3,20240806,88,0.0,0.0,0.0,25.0,25.0,0.0,68.25,68.25,0.0,0.0,0.0,0.0,69.0,69.0,0.0,173.25,173.25,0.0,0.0,0.0,0.0,0.0,0.0,0.0,
495177,COMMUNITY MEMORIAL HOSPITAL HUNDLEY CENTER,SOUTH HILL,VA,Mecklenburg,117,2024Q3,20240807,88,0.0,0.0,0.0,15.5,15.5,0.0,54.75,54.75,0.0,0.0,0.0,0.0,68.75,68.75,0.0,130.75,130.75,0.0,0.0,0.0,0.0,0.0,0.0,0.0,
495177,COMMUNITY MEMORIAL HOSPITAL HUNDLEY CENTER,SOUTH HILL,VA,Mecklenburg,117,2024Q3,20240808,88,0.0,0.0,0.0,26.75,26.75,0.0,42.25,42.25,0.0,0.0,0.0,0.0,86.5,86.5,0.0,110.25,110.25,0.0,0.0,0.0,0.0,0.0,0.0,0.0,
495177,COMMUNITY MEMORIAL HOSPITAL HUNDLEY CENTER,SOUTH HILL,VA,Mecklenburg,117,2024Q3,20240809,87,0.0,0.0,0.0,23.5,23.5,0.0,52.25,52.25,0.0,0.0,0.0,0.0,50.25,50.25,0.0,137.25,137.25,0.0,0.0,0.0,0.0,0.0,0.0,0.0,
495177,COMMUNITY MEMORIAL HOSPITAL HUNDLEY CENTER,SOUTH HILL,VA,Mecklenburg,117,2024Q3,20240810,86,0.0,0.0,0.0,11.0,11.0,0.0,44.25,44.25,0.0,0.0,0.0,0.0,80.25,80.25,0.0,143.75,143.75,0.0,0.0,0.0,0.0,0.0,0.0,0.0,
495177,COMMUNITY MEMORIAL HOSPITAL HUNDLEY CENTER,SOUTH HILL,VA,Mecklenburg,117,2024Q3,20240811,86,0.0,0.0,0.0,8.5,8.5,0.0,48.75,48.75,0.0,0.0,0.0,0.0,74.75,74.75,0.0,116.75,116.75,0.0,0.0,0.0,0.0,0.0,0.0,0.0,
495177,COMMUNITY MEMORIAL HOSPITAL HUNDLEY CENTER,SOUTH HILL,VA,Mecklenburg,117,2024Q3,20240812,87,8.0,8.0,0.0,24.75,24.75,0.0,14.25,14.25,0.0,0.0,0.0,0.0,81.0,81.0,0.0,130.5,130.5,0.0,0.0,0.0,0.0,0.0,0.0,0.0,
495177,COMMUNITY MEMORIAL HOSPITAL HUNDLEY CENTER,SOUTH HILL,VA,Mecklenburg,117,2024Q3,20240813,88,8.0,8.0,0.0,33.25,33.25,0.0,42.25,42.25,0.0,0.0,0.0,0.0,113.75,113.75,0.0,150.5,150.5,0.0,0.0,0.0,0.0,0.0,0.0,0.0,
495177,COMMUNITY MEMORIAL HOSPITAL HUNDLEY CENTER,SOUTH HILL,VA,Mecklenburg,117,2024Q3,20240814,89,8.0,8.0,0.0,24.5,24.5,0.0,58.5,58.5,0.0,0.0,0.0,0.0,76.25,76.25,0.0,123.25,123.25,0.0,0.0,0.0,0.0,0.0,0.0,0.0,
495177,COMMUNITY MEMORIAL HOSPITAL HUNDLEY CENTER,SOUTH HILL,VA,Mecklenburg,117,2024Q3,20240815,89,8.0,8.0,0.0,33.5,33.5,0.0,39.25,39.25,0.0,0.0,0.0,0.0,70.0,70.0,0.0,133.0,133.0,0.0,0.0,0.0,0.0,0.0,0.0,0.0,
495177,COMMUNITY MEMORIAL HOSPITAL HUNDLEY CENTER,SOUTH HILL,VA,Mecklenburg,117,2024Q3,20240816,89,0.0,0.0,0.0,31.0,31.0,0.0,47.25,47.25,0.0,0.0,0.0,0.0,60.75,60.75,0.0,158.0,158.0,0.0,0.0,0.0,0.0,0.0,0.0,0.0,
495177,COMMUNITY MEMORIAL HOSPITAL HUNDLEY CENTER,SOUTH HILL,VA,Mecklenburg,117,2024Q3,20240817,89,0.0,0.0,0.0,8.25,8.25,0.0,40.75,40.75,0.0,0.0,0.0,0.0,80.0,80.0,0.0,89.5,89.5,0.0,0.0,0.0,0.0,0.0,0.0,0.0,
495177,COMMUNITY MEMORIAL HOSPITAL HUNDLEY CENTER,SOUTH HILL,VA,Mecklenburg,117,2024Q3,20240818,88,0.0,0.0,0.0,8.0,8.0,0.0,28.0,28.0,0.0,0.0,0.0,0.0,82.75,82.75,0.0,104.5,104.5,0.0,0.0,0.0,0.0,0.0,0.0,0.0,
495177,COMMUNITY MEMORIAL HOSPITAL HUNDLEY CENTER,SOUTH HILL,VA,Mecklenburg,117,2024Q3,20240819,87,8.0,8.0,0.0,32.5,32.5,0.0,53.0,53.0,0.0,0.0,0.0,0.0,91.5,91.5,0.0,122.25,122.25,0.0,0.0,0.0,0.0,0.0,0.0,0.0,
495177,COMMUNITY MEMORIAL HOSPITAL HUNDLEY CENTER,SOUTH HILL,VA,Mecklenburg,117,2024Q3,20240820,86,8.0,8.0,0.0,25.25,25.25,0.0,56.25,56.25,0.0,0.0,0.0,0.0,88.0,88.0,0.0,151.0,151.0,0.0,0.0,0.0,0.0,0.0,0.0,0.0,
495177,COMMUNITY MEMORIAL HOSPITAL HUNDLEY CENTER,SOUTH HILL,VA,Mecklenburg,117,2024Q3,20240821,87,8.0,8.0,0.0,28.5,28.5,0.0,45.5,45.5,0.0,0.0,0.0,0.0,73.0,73.0,0.0,179.0,179.0,0.0,0.0,0.0,0.0,0.0,0.0,0.0,
495177,COMMUNITY MEMORIAL HOSPITAL HUNDLEY CENTER,SOUTH HILL,VA,Mecklenburg,117,2024Q3,20240822,87,8.0,8.0,0.0,25.0,25.0,0.0,41.0,41.0,0.0,0.0,0.0,0.0,76.25,76.25,0.0,133.5,133.5,0.0,0.0,0.0,0.0,0.0,0.0,0.0,
495177,COMMUNITY MEMORIAL HOSPITAL HUNDLEY CENTER,SOUTH HILL,VA,Mecklenburg,117,2024Q3,20240823,86,8.0,8.0,0.0,33.0,33.0,0.0,44.75,44.75,0.0,0.0,0.0,0.0,63.0,63.0,0.0,131.0,131.0,0.0,0.0,0.0,0.0,0.0,0.0,0.0,
495177,COMMUNITY MEMORIAL HOSPITAL HUNDLEY CENTER,SOUTH HILL,VA,Mecklenburg,117,2024Q3,20240824,87,0.0,0.0,0.0,12.5,12.5,0.0,34.75,34.75,0.0,0.0,0.0,0.0,78.75,78.75,0.0,146.0,146.0,0.0,0.0,0.0,0.0,0.0,0.0,0.0,
495177,COMMUNITY MEMORIAL HOSPITAL HUNDLEY CENTER,SOUTH HILL,VA,Mecklenburg,117,2024Q3,20240825,86,0.0,0.0,0.0,13.0,13.0,0.0,44.0,44.0,0.0,0.0,0.0,0.0,73.25,73.25,0.0,128.0,128.0,0.0,0.0,0.0,0.0,0.0,0.0,0.0,
495177,COMMUNITY MEMORIAL HOSPITAL HUNDLEY CENTER,SOUTH HILL,VA,Mecklenburg,117,2024Q3,20240826,86,8.0,8.0,0.0,43.0,43.0,0.0,8.0,8.0,0.0,0.0,0.0,0.0,112.75,112.75,0.0,124.25,124.25,0.0,0.0,0.0,0.0,0.0,0.0,0.0,
495177,COMMUNITY MEMORIAL HOSPITAL HUNDLEY CENTER,SOUTH HILL,VA,Mecklenburg,117,2024Q3,20240827,85,8.0,8.0,0.0,27.75,27.75,0.0,39.25,39.25,0.0,0.0,0.0,0.0,75.25,75.25,0.0,145.75,145.75,0.0,0.0,0.0,0.0,0.0,0.0,0.0,
495177,COMMUNITY MEMORIAL HOSPITAL HUNDLEY CENTER,SOUTH HILL,VA,Mecklenburg,117,2024Q3,20240828,86,8.0,8.0,0.0,32.75,32.75,0.0,42.75,42.75,0.0,0.0,0.0,0.0,73.75,73.75,0.0,168.5,168.5,0.0,0.0,0.0,0.0,0.0,0.0,0.0,
495177,COMMUNITY MEMORIAL HOSPITAL HUNDLEY CENTER,SOUTH HILL,VA,Mecklenburg,117,2024Q3,20240829,88,8.0,8.0,0.0,29.75,29.75,0.0,82.0,82.0,0.0,0.0,0.0,0.0,62.75,62.75,0.0,125.5,125.5,0.0,0.0,0.0,0.0,0.0,0.0,0.0,
495177,COMMUNITY MEMORIAL HOSPITAL HUNDLEY CENTER,SOUTH HILL,VA,Mecklenburg,117,2024Q3,20240830,90,8.0,8.0,0.0,27.5,27.5,0.0,53.5,53.5,0.0,0.0,0.0,0.0,57.75,57.75,0.0,146.0,146.0,0.0,0.0,0.0,0.0,0.0,0.0,0.0,
495177,COMMUNITY MEMORIAL HOSPITAL HUNDLEY CENTER,SOUTH HILL,VA,Mecklenburg,117,2024Q3,20240831,89,0.0,0.0,0.0,12.0,12.0,0.0,31.75,31.75,0.0,0.0,0.0,0.0,67.5,67.5,0.0,114.75,114.75,0.0,0.0,0.0,0.0,0.0,0.0,0.0,
495177,COMMUNITY MEMORIAL HOSPITAL HUNDLEY CENTER,SOUTH HILL,VA,Mecklenburg,117,2024Q3,20240901,89,0.0,0.0,0.0,12.5,12.5,0.0,46.5,46.5,0.0,0.0,0.0,0.0,67.0,67.0,0.0,99.25,99.25,0.0,0.0,0.0,0.0,0.0,0.0,0.0,
495177,COMMUNITY MEMORIAL HOSPITAL HUNDLEY CENTER,SOUTH HILL,VA,Mecklenburg,117,2024Q3,20240902,89,0.0,0.0,0.0,20.0,20.0,0.0,44.75,44.75,0.0,0.0,0.0,0.0,50.25,50.25,0.0,127.5,127.5,0.0,0.0,0.0,0.0,0.0,0.0,0.0,
495177,COMMUNITY MEMORIAL HOSPITAL HUNDLEY CENTER,SOUTH HILL,VA,Mecklenburg,117,2024Q3,20240903,90,0.0,0.0,0.0,49.25,49.25,0.0,63.5,63.5,0.0,0.0,0.0,0.0,86.5,86.5,0.0,133.0,133.0,0.0,0.0,0.0,0.0,0.0,0.0,0.0,
495177,COMMUNITY MEMORIAL HOSPITAL HUNDLEY CENTER,SOUTH HILL,VA,Mecklenburg,117,2024Q3,20240904,89,8.0,8.0,0.0,40.0,40.0,0.0,43.5,43.5,0.0,0.0,0.0,0.0,87.75,87.75,0.0,146.5,146.5,0.0,0.0,0.0,0.0,0.0,0.0,0.0,
495177,COMMUNITY MEMORIAL HOSPITAL HUNDLEY CENTER,SOUTH HILL,VA,Mecklenburg,117,2024Q3,20240905,87,8.0,8.0,0.0,40.75,40.75,0.0,55.25,55.25,0.0,0.0,0.0,0.0,61.75,61.75,0.0,157.0,157.0,0.0,0.0,0.0,0.0,0.0,0.0,0.0,
495177,COMMUNITY MEMORIAL HOSPITAL HUNDLEY CENTER,SOUTH HILL,VA,Mecklenburg,117,2024Q3,20240906,87,8.0,8.0,0.0,39.75,39.75,0.0,43.0,43.0,0.0,0.0,0.0,0.0,75.0,75.0,0.0,132.0,132.0,0.0,0.0,0.0,0.0,0.0,0.0,0.0,
495177,COMMUNITY MEMORIAL HOSPITAL HUNDLEY CENTER,SOUTH HILL,VA,Mecklenburg,117,2024Q3,20240907,87,0.0,0.0,0.0,12.5,12.5,0.0,48.25,48.25,0.0,0.0,0.0,0.0,80.75,80.75,0.0,156.75,156.75,0.0,0.0,0.0,0.0,0.0,0.0,0.0,
495177,COMMUNITY MEMORIAL HOSPITAL HUNDLEY CENTER,SOUTH HILL,VA,Mecklenburg,117,2024Q3,20240908,87,0.0,0.0,0.0,12.0,12.0,0.0,47.5,47.5,0.0,0.0,0.0,0.0,81.5,81.5,0.0,144.75,144.75,0.0,0.0,0.0,0.0,0.0,0.0,0.0,
495177,COMMUNITY MEMORIAL HOSPITAL HUNDLEY CENTER,SOUTH HILL,VA,Mecklenburg,117,2024Q3,20240909,88,8.0,8.0,0.0,50.75,50.75,0.0,35.0,35.0,0.0,0.0,0.0,0.0,94.75,94.75,0.0,149.25,149.25,0.0,0.0,0.0,0.0,0.0,0.0,0.0,
495177,COMMUNITY MEMORIAL HOSPITAL HUNDLEY CENTER,SOUTH HILL,VA,Mecklenburg,117,2024Q3,20240910,89,8.0,8.0,0.0,42.75,42.75,0.0,40.0,40.0,0.0,0.0,0.0,0.0,74.75,74.75,0.0,160.5,160.5,0.0,0.0,0.0,0.0,0.0,0.0,0.0,
495177,COMMUNITY MEMORIAL HOSPITAL HUNDLEY CENTER,SOUTH HILL,VA,Mecklenburg,117,2024Q3,20240911,90,8.0,8.0,0.0,41.0,41.0,0.0,62.0,62.0,0.0,0.0,0.0,0.0,94.75,94.75,0.0,146.75,146.75,0.0,0.0,0.0,0.0,0.0,0.0,0.0,
495177,COMMUNITY MEMORIAL HOSPITAL HUNDLEY CENTER,SOUTH HILL,VA,Mecklenburg,117,2024Q3,20240912,91,8.0,8.0,0.0,41.5,41.5,0.0,65.25,65.25,0.0,0.0,0.0,0.0,76.25,76.25,0.0,163.5,163.5,0.0,0.0,0.0,0.0,0.0,0.0,0.0,
495177,COMMUNITY MEMORIAL HOSPITAL HUNDLEY CENTER,SOUTH HILL,VA,Mecklenburg,117,2024Q3,20240913,91,8.0,8.0,0.0,32.75,32.75,0.0,39.25,39.25,0.0,0.0,0.0,0.0,62.75,62.75,0.0,104.0,104.0,0.0,0.0,0.0,0.0,0.0,0.0,0.0,
495177,COMMUNITY MEMORIAL HOSPITAL HUNDLEY CENTER,SOUTH HILL,VA,Mecklenburg,117,2024Q3,20240914,91,0.0,0.0,0.0,21.0,21.0,0.0,28.25,28.25,0.0,0.0,0.0,0.0,73.5,73.5,0.0,119.0,119.0,0.0,0.0,0.0,0.0,0.0,0.0,0.0,
495177,COMMUNITY MEMORIAL HOSPITAL HUNDLEY CENTER,SOUTH HILL,VA,Mecklenburg,117,2024Q3,20240915,91,0.0,0.0,0.0,20.5,20.5,0.0,13.5,13.5,0.0,0.0,0.0,0.0,85.0,85.0,0.0,125.75,125.75,0.0,0.0,0.0,0.0,0.0,0.0,0.0,
495177,COMMUNITY MEMORIAL HOSPITAL HUNDLEY CENTER,SOUTH HILL,VA,Mecklenburg,117,2024Q3,20240916,91,8.0,8.0,0.0,45.5,45.5,0.0,54.75,54.75,0.0,0.0,0.0,0.0,64.75,64.75,0.0,150.25,150.25,0.0,0.0,0.0,0.0,0.0,0.0,0.0,
495177,COMMUNITY MEMORIAL HOSPITAL HUNDLEY CENTER,SOUTH HILL,VA,Mecklenburg,117,2024Q3,20240917,91,8.0,8.0,0.0,41.25,41.25,0.0,78.0,78.0,0.0,0.0,0.0,0.0,87.0,87.0,0.0,185.0,185.0,0.0,0.0,0.0,0.0,0.0,0.0,0.0,
495177,COMMUNITY MEMORIAL HOSPITAL HUNDLEY CENTER,SOUTH HILL,VA,Mecklenburg,117,2024Q3,20240918,90,8.0,8.0,0.0,41.25,41.25,0.0,55.25,55.25,0.0,0.0,0.0,0.0,81.0,81.0,0.0,171.0,171.0,0.0,0.0,0.0,0.0,0.0,0.0,0.0,
495177,COMMUNITY MEMORIAL HOSPITAL HUNDLEY CENTER,SOUTH HILL,VA,Mecklenburg,117,2024Q3,20240919,90,8.0,8.0,0.0,32.75,32.75,0.0,28.25,28.25,0.0,0.0,0.0,0.0,97.5,97.5,0.0,123.0,123.0,0.0,0.0,0.0,0.0,0.0,0.0,0.0,
495177,COMMUNITY MEMORIAL HOSPITAL HUNDLEY CENTER,SOUTH HILL,VA,Mecklenburg,117,2024Q3,20240920,88,8.0,8.0,0.0,22.5,22.5,0.0,34.5,34.5,0.0,0.0,0.0,0.0,66.25,66.25,0.0,173.5,173.5,0.0,0.0,0.0,0.0,0.0,0.0,0.0,
495177,COMMUNITY MEMORIAL HOSPITAL HUNDLEY CENTER,SOUTH HILL,VA,Mecklenburg,117,2024Q3,20240921,88,0.0,0.0,0.0,12.25,12.25,0.0,55.75,55.75,0.0,0.0,0.0,0.0,71.0,71.0,0.0,147.75,147.75,0.0,0.0,0.0,0.0,0.0,0.0,0.0,
495177,COMMUNITY MEMORIAL HOSPITAL HUNDLEY CENTER,SOUTH HILL,VA,Mecklenburg,117,2024Q3,20240922,88,0.0,0.0,0.0,12.75,12.75,0.0,57.75,57.75,0.0,0.0,0.0,0.0,82.75,82.75,0.0,142.75,142.75,0.0,0.0,0.0,0.0,0.0,0.0,0.0,
495177,COMMUNITY MEMORIAL HOSPITAL HUNDLEY CENTER,SOUTH HILL,VA,Mecklenburg,117,2024Q3,20240923,89,8.0,8.0,0.0,48.25,48.25,0.0,33.5,33.5,0.0,0.0,0.0,0.0,63.5,63.5,0.0,146.75,146.75,0.0,0.0,0.0,0.0,0.0,0.0,0.0,
495177,COMMUNITY MEMORIAL HOSPITAL HUNDLEY CENTER,SOUTH HILL,VA,Mecklenburg,117,2024Q3,20240924,88,8.0,8.0,0.0,40.75,40.75,0.0,36.5,36.5,0.0,0.0,0.0,0.0,73.5,73.5,0.0,132.5,132.5,0.0,0.0,0.0,0.0,0.0,0.0,0.0,
495177,COMMUNITY MEMORIAL HOSPITAL HUNDLEY CENTER,SOUTH HILL,VA,Mecklenburg,117,2024Q3,20240925,90,8.0,8.0,0.0,26.25,26.25,0.0,42.0,42.0,0.0,0.0,0.0,0.0,76.5,76.5,0.0,170.75,170.75,0.0,0.0,0.0,0.0,0.0,0.0,0.0,
495177,COMMUNITY MEMORIAL HOSPITAL HUNDLEY CENTER,SOUTH HILL,VA,Mecklenburg,117,2024Q3,20240926,91,8.0,8.0,0.0,39.5,39.5,0.0,61.5,61.5,0.0,0.0,0.0,0.0,75.0,75.0,0.0,148.5,148.5,0.0,0.0,0.0,0.0,0.0,0.0,0.0,
495177,COMMUNITY MEMORIAL HOSPITAL HUNDLEY CENTER,SOUTH HILL,VA,Mecklenburg,117,2024Q3,20240927,93,8.0,8.0,0.0,23.5,23.5,0.0,66.5,66.5,0.0,0.0,0.0,0.0,58.5,58.5,0.0,121.75,121.75,0.0,0.0,0.0,0.0,0.0,0.0,0.0,
495177,COMMUNITY MEMORIAL HOSPITAL HUNDLEY CENTER,SOUTH HILL,VA,Mecklenburg,117,2024Q3,20240928,92,0.0,0.0,0.0,12.0,12.0,0.0,35.0,35.0,0.0,0.0,0.0,0.0,52.25,52.25,0.0,123.5,123.5,0.0,0.0,0.0,0.0,0.0,0.0,0.0,
495177,COMMUNITY MEMORIAL HOSPITAL HUNDLEY CENTER,SOUTH HILL,VA,Mecklenburg,117,2024Q3,20240929,92,0.0,0.0,0.0,12.25,12.25,0.0,28.5,28.5,0.0,0.0,0.0,0.0,47.75,47.75,0.0,147.0,147.0,0.0,0.0,0.0,0.0,0.0,0.0,0.0,
495177,COMMUNITY MEMORIAL HOSPITAL HUNDLEY CENTER,SOUTH HILL,VA,Mecklenburg,117,2024Q3,20240930,92,0.0,0.0,0.0,44.5,44.5,0.0,43.0,43.0,0.0,0.0,0.0,0.0,87.0,87.0,0.0,161.5,161.5,0.0,0.0,0.0,0.0,0.0,0.0,0.0,
495177,COMMUNITY MEMORIAL HOSPITAL HUNDLEY CENTER,SOUTH HILL,VA,Mecklenburg,117,2024Q4,20241001,94,8.0,8.0,0.0,42.25,42.25,0.0,54.25,54.25,0.0,0.0,0.0,0.0,118.0,118.0,0.0,176.25,176.25,0.0,0.0,0.0,0.0,0.0,0.0,0.0,
495177,COMMUNITY MEMORIAL HOSPITAL HUNDLEY CENTER,SOUTH HILL,VA,Mecklenburg,117,2024Q4,20241002,94,8.0,8.0,0.0,40.25,40.25,0.0,66.25,66.25,0.0,0.0,0.0,0.0,109.25,109.25,0.0,173.75,173.75,0.0,0.0,0.0,0.0,0.0,0.0,0.0,
495177,COMMUNITY MEMORIAL HOSPITAL HUNDLEY CENTER,SOUTH HILL,VA,Mecklenburg,117,2024Q4,20241003,95,8.0,8.0,0.0,40.75,40.75,0.0,48.5,48.5,0.0,0.0,0.0,0.0,91.75,91.75,0.0,185.5,185.5,0.0,0.0,0.0,0.0,0.0,0.0,0.0,
495177,COMMUNITY MEMORIAL HOSPITAL HUNDLEY CENTER,SOUTH HILL,VA,Mecklenburg,117,2024Q4,20241004,95,8.0,8.0,0.0,40.0,40.0,0.0,42.75,42.75,0.0,0.0,0.0,0.0,90.75,90.75,0.0,184.75,184.75,0.0,0.0,0.0,0.0,0.0,0.0,0.0,
495177,COMMUNITY MEMORIAL HOSPITAL HUNDLEY CENTER,SOUTH HILL,VA,Mecklenburg,117,2024Q4,20241005,95,0.0,0.0,0.0,12.75,12.75,0.0,35.75,35.75,0.0,0.0,0.0,0.0,94.0,94.0,0.0,160.0,160.0,0.0,0.0,0.0,0.0,0.0,0.0,0.0,
495177,COMMUNITY MEMORIAL HOSPITAL HUNDLEY CENTER,SOUTH HILL,VA,Mecklenburg,117,2024Q4,20241006,95,0.0,0.0,0.0,13.0,13.0,0.0,49.25,49.25,0.0,0.0,0.0,0.0,88.25,88.25,0.0,178.0,178.0,0.0,0.0,0.0,0.0,0.0,0.0,0.0,
495177,COMMUNITY MEMORIAL HOSPITAL HUNDLEY CENTER,SOUTH HILL,VA,Mecklenburg,117,2024Q4,20241007,92,8.0,8.0,0.0,45.5,45.5,0.0,26.5,26.5,0.0,0.0,0.0,0.0,110.5,110.5,0.0,167.75,167.75,0.0,0.0,0.0,0.0,0.0,0.0,0.0,
495177,COMMUNITY MEMORIAL HOSPITAL HUNDLEY CENTER,SOUTH HILL,VA,Mecklenburg,117,2024Q4,20241008,92,8.0,8.0,0.0,37.0,37.0,0.0,45.0,45.0,0.0,0.0,0.0,0.0,114.5,114.5,0.0,165.75,165.75,0.0,0.0,0.0,0.0,0.0,0.0,0.0,
495177,COMMUNITY MEMORIAL HOSPITAL HUNDLEY CENTER,SOUTH HILL,VA,Mecklenburg,117,2024Q4,20241009,92,8.0,8.0,0.0,37.75,37.75,0.0,51.5,51.5,0.0,0.0,0.0,0.0,121.5,121.5,0.0,165.0,165.0,0.0,0.0,0.0,0.0,0.0,0.0,0.0,
495177,COMMUNITY MEMORIAL HOSPITAL HUNDLEY CENTER,SOUTH HILL,VA,Mecklenburg,117,2024Q4,20241010,93,8.0,8.0,0.0,38.75,38.75,0.0,47.5,47.5,0.0,0.0,0.0,0.0,95.0,95.0,0.0,164.0,164.0,0.0,0.0,0.0,0.0,0.0,0.0,0.0,
495177,COMMUNITY MEMORIAL HOSPITAL HUNDLEY CENTER,SOUTH HILL,VA,Mecklenburg,117,2024Q4,20241011,93,8.0,8.0,0.0,44.25,44.25,0.0,58.75,58.75,0.0,0.0,0.0,0.0,84.5,84.5,0.0,145.0,145.0,0.0,0.0,0.0,0.0,0.0,0.0,0.0,
495177,COMMUNITY MEMORIAL HOSPITAL HUNDLEY CENTER,SOUTH HILL,VA,Mecklenburg,117,2024Q4,20241012,91,0.0,0.0,0.0,12.25,12.25,0.0,28.75,28.75,0.0,0.0,0.0,0.0,115.25,115.25,0.0,145.0,145.0,0.0,0.0,0.0,0.0,0.0,0.0,0.0,
495177,COMMUNITY MEMORIAL HOSPITAL HUNDLEY CENTER,SOUTH HILL,VA,Mecklenburg,117,2024Q4,20241013,91,0.0,0.0,0.0,12.25,12.25,0.0,40.5,40.5,0.0,0.0,0.0,0.0,115.75,115.75,0.0,140.75,140.75,0.0,0.0,0.0,0.0,0.0,0.0,0.0,
495177,COMMUNITY MEMORIAL HOSPITAL HUNDLEY CENTER,SOUTH HILL,VA,Mecklenburg,117,2024Q4,20241014,92,8.0,8.0,0.0,38.0,38.0,0.0,44.5,44.5,0.0,0.0,0.0,0.0,105.75,105.75,0.0,182.25,182.25,0.0,0.0,0.0,0.0,0.0,0.0,0.0,
495177,COMMUNITY MEMORIAL HOSPITAL HUNDLEY CENTER,SOUTH HILL,VA,Mecklenburg,117,2024Q4,20241015,92,8.0,8.0,0.0,38.25,38.25,0.0,56.75,56.75,0.0,0.0,0.0,0.0,120.75,120.75,0.0,177.25,177.25,0.0,0.0,0.0,0.0,0.0,0.0,0.0,
495177,COMMUNITY MEMORIAL HOSPITAL HUNDLEY CENTER,SOUTH HILL,VA,Mecklenburg,117,2024Q4,20241016,91,8.0,8.0,0.0,42.5,42.5,0.0,65.5,65.5,0.0,0.0,0.0,0.0,124.0,124.0,0.0,181.75,181.75,0.0,0.0,0.0,0.0,0.0,0.0,0.0,
495177,COMMUNITY MEMORIAL HOSPITAL HUNDLEY CENTER,SOUTH HILL,VA,Mecklenburg,117,2024Q4,20241017,91,8.0,8.0,0.0,41.5,41.5,0.0,43.0,43.0,0.0,0.0,0.0,0.0,129.0,129.0,0.0,161.25,161.25,0.0,0.0,0.0,0.0,0.0,0.0,0.0,
495177,COMMUNITY MEMORIAL HOSPITAL HUNDLEY CENTER,SOUTH HILL,VA,Mecklenburg,117,2024Q4,20241018,93,8.0,8.0,0.0,31.25,31.25,0.0,73.75,73.75,0.0,0.0,0.0,0.0,79.25,79.25,0.0,150.25,150.25,0.0,0.0,0.0,0.0,0.0,0.0,0.0,
495177,COMMUNITY MEMORIAL HOSPITAL HUNDLEY CENTER,SOUTH HILL,VA,Mecklenburg,117,2024Q4,20241019,93,0.0,0.0,0.0,20.25,20.25,0.0,35.25,35.25,0.0,0.0,0.0,0.0,107.25,107.25,0.0,167.5,167.5,0.0,0.0,0.0,0.0,0.0,0.0,0.0,
495177,COMMUNITY MEMORIAL HOSPITAL HUNDLEY CENTER,SOUTH HILL,VA,Mecklenburg,117,2024Q4,20241020,90,0.0,0.0,0.0,20.0,20.0,0.0,37.0,37.0,0.0,0.0,0.0,0.0,94.0,94.0,0.0,166.5,166.5,0.0,0.0,0.0,0.0,0.0,0.0,0.0,
495177,COMMUNITY MEMORIAL HOSPITAL HUNDLEY CENTER,SOUTH HILL,VA,Mecklenburg,117,2024Q4,20241021,89,8.0,8.0,0.0,44.75,44.75,0.0,58.5,58.5,0.0,0.0,0.0,0.0,123.0,123.0,0.0,162.75,162.75,0.0,0.0,0.0,0.0,0.0,0.0,0.0,
495177,COMMUNITY MEMORIAL HOSPITAL HUNDLEY CENTER,SOUTH HILL,VA,Mecklenburg,117,2024Q4,20241022,91,8.0,8.0,0.0,34.25,34.25,0.0,52.0,52.0,0.0,0.0,0.0,0.0,122.75,122.75,0.0,151.0,151.0,0.0,0.0,0.0,0.0,0.0,0.0,0.0,
495177,COMMUNITY MEMORIAL HOSPITAL HUNDLEY CENTER,SOUTH HILL,VA,Mecklenburg,117,2024Q4,20241023,94,8.0,8.0,0.0,32.75,32.75,0.0,56.75,56.75,0.0,0.0,0.0,0.0,97.25,97.25,0.0,175.0,175.0,0.0,0.0,0.0,0.0,0.0,0.0,0.0,
495177,COMMUNITY MEMORIAL HOSPITAL HUNDLEY CENTER,SOUTH HILL,VA,Mecklenburg,117,2024Q4,20241024,92,8.0,8.0,0.0,38.75,38.75,0.0,43.0,43.0,0.0,0.0,0.0,0.0,113.0,113.0,0.0,177.75,177.75,0.0,0.0,0.0,0.0,0.0,0.0,0.0,
495177,COMMUNITY MEMORIAL HOSPITAL HUNDLEY CENTER,SOUTH HILL,VA,Mecklenburg,117,2024Q4,20241025,93,8.0,8.0,0.0,41.75,41.75,0.0,47.75,47.75,0.0,0.0,0.0,0.0,80.25,80.25,0.0,170.75,170.75,0.0,0.0,0.0,0.0,0.0,0.0,0.0,
495177,COMMUNITY MEMORIAL HOSPITAL HUNDLEY CENTER,SOUTH HILL,VA,Mecklenburg,117,2024Q4,20241026,93,0.0,0.0,0.0,12.0,12.0,0.0,47.75,47.75,0.0,0.0,0.0,0.0,106.0,106.0,0.0,155.5,155.5,0.0,0.0,0.0,0.0,0.0,0.0,0.0,
495177,COMMUNITY MEMORIAL HOSPITAL HUNDLEY CENTER,SOUTH HILL,VA,Mecklenburg,117,2024Q4,20241027,93,0.0,0.0,0.0,20.5,20.5,0.0,40.5,40.5,0.0,0.0,0.0,0.0,92.5,92.5,0.0,145.5,145.5,0.0,0.0,0.0,0.0,0.0,0.0,0.0,
495177,COMMUNITY MEMORIAL HOSPITAL HUNDLEY CENTER,SOUTH HILL,VA,Mecklenburg,117,2024Q4,20241028,92,8.0,8.0,0.0,33.25,33.25,0.0,68.0,68.0,0.0,0.0,0.0,0.0,95.75,95.75,0.0,158.75,158.75,0.0,0.0,0.0,0.0,0.0,0.0,0.0,
495177,COMMUNITY MEMORIAL HOSPITAL HUNDLEY CENTER,SOUTH HILL,VA,Mecklenburg,117,2024Q4,20241029,92,8.0,8.0,0.0,40.5,40.5,0.0,57.75,57.75,0.0,0.0,0.0,0.0,117.0,117.0,0.0,181.0,181.0,0.0,0.0,0.0,0.0,0.0,0.0,0.0,
495177,COMMUNITY MEMORIAL HOSPITAL HUNDLEY CENTER,SOUTH HILL,VA,Mecklenburg,117,2024Q4,20241030,91,8.0,8.0,0.0,40.0,40.0,0.0,54.75,54.75,0.0,0.0,0.0,0.0,134.5,134.5,0.0,152.0,152.0,0.0,0.0,0.0,0.0,0.0,0.0,0.0,
495177,COMMUNITY MEMORIAL HOSPITAL HUNDLEY CENTER,SOUTH HILL,VA,Mecklenburg,117,2024Q4,20241031,91,8.0,8.0,0.0,43.5,43.5,0.0,45.75,45.75,0.0,0.0,0.0,0.0,140.75,140.75,0.0,159.25,159.25,0.0,0.0,0.0,0.0,0.0,0.0,0.0,
495177,COMMUNITY MEMORIAL HOSPITAL HUNDLEY CENTER,SOUTH HILL,VA,Mecklenburg,117,2024Q4,20241101,90,8.0,8.0,0.0,22.75,22.75,0.0,56.5,56.5,0.0,0.0,0.0,0.0,108.0,108.0,0.0,145.0,145.0,0.0,0.0,0.0,0.0,0.0,0.0,0.0,
495177,COMMUNITY MEMORIAL HOSPITAL HUNDLEY CENTER,SOUTH HILL,VA,Mecklenburg,117,2024Q4,20241102,90,0.0,0.0,0.0,19.25,19.25,0.0,36.25,36.25,0.0,0.0,0.0,0.0,111.25,111.25,0.0,144.75,144.75,0.0,0.0,0.0,0.0,0.0,0.0,0.0,
495177,COMMUNITY MEMORIAL HOSPITAL HUNDLEY CENTER,SOUTH HILL,VA,Mecklenburg,117,2024Q4,20241103,90,0.0,0.0,0.0,19.5,19.5,0.0,35.75,35.75,0.0,0.0,0.0,0.0,105.25,105.25,0.0,120.0,120.0,0.0,0.0,0.0,0.0,0.0,0.0,0.0,
495177,COMMUNITY MEMORIAL HOSPITAL HUNDLEY CENTER,SOUTH HILL,VA,Mecklenburg,117,2024Q4,20241104,91,8.0,8.0,0.0,25.25,25.25,0.0,59.0,59.0,0.0,0.0,0.0,0.0,127.75,127.75,0.0,176.75,176.75,0.0,0.0,0.0,0.0,0.0,0.0,0.0,
495177,COMMUNITY MEMORIAL HOSPITAL HUNDLEY CENTER,SOUTH HILL,VA,Mecklenburg,117,2024Q4,20241105,92,0.0,0.0,0.0,23.75,23.75,0.0,48.0,48.0,0.0,0.0,0.0,0.0,125.25,125.25,0.0,177.5,177.5,0.0,0.0,0.0,0.0,0.0,0.0,0.0,
495177,COMMUNITY MEMORIAL HOSPITAL HUNDLEY CENTER,SOUTH HILL,VA,Mecklenburg,117,2024Q4,20241106,94,8.0,8.0,0.0,39.75,39.75,0.0,37.5,37.5,0.0,0.0,0.0,0.0,138.5,138.5,0.0,185.75,185.75,0.0,0.0,0.0,0.0,0.0,0.0,0.0,
495177,COMMUNITY MEMORIAL HOSPITAL HUNDLEY CENTER,SOUTH HILL,VA,Mecklenburg,117,2024Q4,20241107,94,8.0,8.0,0.0,35.0,35.0,0.0,60.5,60.5,0.0,0.0,0.0,0.0,123.0,123.0,0.0,187.5,187.5,0.0,0.0,0.0,0.0,0.0,0.0,0.0,
495177,COMMUNITY MEMORIAL HOSPITAL HUNDLEY CENTER,SOUTH HILL,VA,Mecklenburg,117,2024Q4,20241108,96,8.0,8.0,0.0,35.0,35.0,0.0,56.75,56.75,0.0,0.0,0.0,0.0,106.75,106.75,0.0,154.0,154.0,0.0,0.0,0.0,0.0,0.0,0.0,0.0,
495177,COMMUNITY MEMORIAL HOSPITAL HUNDLEY CENTER,SOUTH HILL,VA,Mecklenburg,117,2024Q4,20241109,94,0.0,0.0,0.0,12.0,12.0,0.0,29.5,29.5,0.0,0.0,0.0,0.0,131.5,131.5,0.0,139.0,139.0,0.0,0.0,0.0,0.0,0.0,0.0,0.0,
495177,COMMUNITY MEMORIAL HOSPITAL HUNDLEY CENTER,SOUTH HILL,VA,Mecklenburg,117,2024Q4,20241110,94,0.0,0.0,0.0,0.0,0.0,0.0,15.75,15.75,0.0,0.0,0.0,0.0,139.5,139.5,0.0,137.5,137.5,0.0,0.0,0.0,0.0,0.0,0.0,0.0,
495177,COMMUNITY MEMORIAL HOSPITAL HUNDLEY CENTER,SOUTH HILL,VA,Mecklenburg,117,2024Q4,20241111,94,8.0,8.0,0.0,43.0,43.0,0.0,40.25,40.25,0.0,0.0,0.0,0.0,112.5,112.5,0.0,186.75,186.75,0.0,0.0,0.0,0.0,0.0,0.0,0.0,
495177,COMMUNITY MEMORIAL HOSPITAL HUNDLEY CENTER,SOUTH HILL,VA,Mecklenburg,117,2024Q4,20241112,93,8.0,8.0,0.0,40.0,40.0,0.0,47.25,47.25,0.0,0.0,0.0,0.0,133.75,133.75,0.0,188.25,188.25,0.0,0.0,0.0,0.0,0.0,0.0,0.0,
495177,COMMUNITY MEMORIAL HOSPITAL HUNDLEY CENTER,SOUTH HILL,VA,Mecklenburg,117,2024Q4,20241113,92,8.0,8.0,0.0,43.75,43.75,0.0,53.25,53.25,0.0,0.0,0.0,0.0,108.0,108.0,0.0,164.0,164.0,0.0,0.0,0.0,0.0,0.0,0.0,0.0,
495177,COMMUNITY MEMORIAL HOSPITAL HUNDLEY CENTER,SOUTH HILL,VA,Mecklenburg,117,2024Q4,20241114,92,8.0,8.0,0.0,44.0,44.0,0.0,33.5,33.5,0.0,0.0,0.0,0.0,131.75,131.75,0.0,163.75,163.75,0.0,0.0,0.0,0.0,0.0,0.0,0.0,
495177,COMMUNITY MEMORIAL HOSPITAL HUNDLEY CENTER,SOUTH HILL,VA,Mecklenburg,117,2024Q4,20241115,89,8.0,8.0,0.0,29.5,29.5,0.0,48.75,48.75,0.0,0.0,0.0,0.0,120.25,120.25,0.0,176.0,176.0,0.0,0.0,0.0,0.0,0.0,0.0,0.0,
495177,COMMUNITY MEMORIAL HOSPITAL HUNDLEY CENTER,SOUTH HILL,VA,Mecklenburg,117,2024Q4,20241116,88,0.0,0.0,0.0,0.0,0.0,0.0,48.25,48.25,0.0,0.0,0.0,0.0,133.25,133.25,0.0,164.5,164.5,0.0,0.0,0.0,0.0,0.0,0.0,0.0,
495177,COMMUNITY MEMORIAL HOSPITAL HUNDLEY CENTER,SOUTH HILL,VA,Mecklenburg,117,2024Q4,20241117,88,0.0,0.0,0.0,0.0,0.0,0.0,33.75,33.75,0.0,0.0,0.0,0.0,129.75,129.75,0.0,165.0,165.0,0.0,0.0,0.0,0.0,0.0,0.0,0.0,
495177,COMMUNITY MEMORIAL HOSPITAL HUNDLEY CENTER,SOUTH HILL,VA,Mecklenburg,117,2024Q4,20241118,89,8.0,8.0,0.0,42.25,42.25,0.0,62.75,62.75,0.0,0.0,0.0,0.0,140.0,140.0,0.0,153.25,153.25,0.0,0.0,0.0,0.0,0.0,0.0,0.0,
495177,COMMUNITY MEMORIAL HOSPITAL HUNDLEY CENTER,SOUTH HILL,VA,Mecklenburg,117,2024Q4,20241119,89,8.0,8.0,0.0,43.0,43.0,0.0,30.75,30.75,0.0,0.0,0.0,0.0,142.0,142.0,0.0,184.75,184.75,0.0,0.0,0.0,0.0,0.0,0.0,0.0,
495177,COMMUNITY MEMORIAL HOSPITAL HUNDLEY CENTER,SOUTH HILL,VA,Mecklenburg,117,2024Q4,20241120,90,8.0,8.0,0.0,33.5,33.5,0.0,63.75,63.75,0.0,0.0,0.0,0.0,114.25,114.25,0.0,180.5,180.5,0.0,0.0,0.0,0.0,0.0,0.0,0.0,
495177,COMMUNITY MEMORIAL HOSPITAL HUNDLEY CENTER,SOUTH HILL,VA,Mecklenburg,117,2024Q4,20241121,89,8.0,8.0,0.0,38.25,38.25,0.0,91.25,91.25,0.0,0.0,0.0,0.0,92.5,92.5,0.0,194.5,194.5,0.0,0.0,0.0,0.0,0.0,0.0,0.0,
495177,COMMUNITY MEMORIAL HOSPITAL HUNDLEY CENTER,SOUTH HILL,VA,Mecklenburg,117,2024Q4,20241122,90,8.0,8.0,0.0,26.5,26.5,0.0,45.0,45.0,0.0,0.0,0.0,0.0,123.75,123.75,0.0,167.25,167.25,0.0,0.0,0.0,0.0,0.0,0.0,0.0,
495177,COMMUNITY MEMORIAL HOSPITAL HUNDLEY CENTER,SOUTH HILL,VA,Mecklenburg,117,2024Q4,20241123,90,0.0,0.0,0.0,8.0,8.0,0.0,37.0,37.0,0.0,0.0,0.0,0.0,108.5,108.5,0.0,166.25,166.25,0.0,0.0,0.0,0.0,0.0,0.0,0.0,
495177,COMMUNITY MEMORIAL HOSPITAL HUNDLEY CENTER,SOUTH HILL,VA,Mecklenburg,117,2024Q4,20241124,90,0.0,0.0,0.0,0.0,0.0,0.0,49.5,49.5,0.0,0.0,0.0,0.0,118.5,118.5,0.0,197.5,197.5,0.0,0.0,0.0,0.0,0.0,0.0,0.0,
495177,COMMUNITY MEMORIAL HOSPITAL HUNDLEY CENTER,SOUTH HILL,VA,Mecklenburg,117,2024Q4,20241125,91,8.0,8.0,0.0,28.5,28.5,0.0,60.0,60.0,0.0,0.0,0.0,0.0,108.25,108.25,0.0,180.75,180.75,0.0,0.0,0.0,0.0,0.0,0.0,0.0,
495177,COMMUNITY MEMORIAL HOSPITAL HUNDLEY CENTER,SOUTH HILL,VA,Mecklenburg,117,2024Q4,20241126,90,8.0,8.0,0.0,42.0,42.0,0.0,59.0,59.0,0.0,0.0,0.0,0.0,113.75,113.75,0.0,180.5,180.5,0.0,0.0,0.0,0.0,0.0,0.0,0.0,
495177,COMMUNITY MEMORIAL HOSPITAL HUNDLEY CENTER,SOUTH HILL,VA,Mecklenburg,117,2024Q4,20241127,90,8.0,8.0,0.0,32.75,32.75,0.0,33.75,33.75,0.0,0.0,0.0,0.0,134.75,134.75,0.0,182.5,182.5,0.0,0.0,0.0,0.0,0.0,0.0,0.0,
495177,COMMUNITY MEMORIAL HOSPITAL HUNDLEY CENTER,SOUTH HILL,VA,Mecklenburg,117,2024Q4,20241128,90,0.0,0.0,0.0,0.0,0.0,0.0,40.0,40.0,0.0,0.0,0.0,0.0,119.75,119.75,0.0,186.25,186.25,0.0,0.0,0.0,0.0,0.0,0.0,0.0,
495177,COMMUNITY MEMORIAL HOSPITAL HUNDLEY CENTER,SOUTH HILL,VA,Mecklenburg,117,2024Q4,20241129,89,0.0,0.0,0.0,7.0,7.0,0.0,44.5,44.5,0.0,0.0,0.0,0.0,117.0,117.0,0.0,133.0,133.0,0.0,0.0,0.0,0.0,0.0,0.0,0.0,
495177,COMMUNITY MEMORIAL HOSPITAL HUNDLEY CENTER,SOUTH HILL,VA,Mecklenburg,117,2024Q4,20241130,89,0.0,0.0,0.0,8.25,8.25,0.0,36.0,36.0,0.0,0.0,0.0,0.0,132.5,132.5,0.0,170.5,170.5,0.0,0.0,0.0,0.0,0.0,0.0,0.0,
495177,COMMUNITY MEMORIAL HOSPITAL HUNDLEY CENTER,SOUTH HILL,VA,Mecklenburg,117,2024Q4,20241201,89,0.0,0.0,0.0,0.0,0.0,0.0,48.0,48.0,0.0,0.0,0.0,0.0,119.0,119.0,0.0,188.75,188.75,0.0,0.0,0.0,0.0,0.0,0.0,0.0,
495177,COMMUNITY MEMORIAL HOSPITAL HUNDLEY CENTER,SOUTH HILL,VA,Mecklenburg,117,2024Q4,20241202,89,8.0,8.0,0.0,42.25,42.25,0.0,35.25,35.25,0.0,0.0,0.0,0.0,166.25,166.25,0.0,171.5,171.5,0.0,0.0,0.0,0.0,0.0,0.0,0.0,
495177,COMMUNITY MEMORIAL HOSPITAL HUNDLEY CENTER,SOUTH HILL,VA,Mecklenburg,117,2024Q4,20241203,89,8.0,8.0,0.0,43.0,43.0,0.0,28.0,28.0,0.0,0.0,0.0,0.0,151.0,151.0,0.0,192.25,192.25,0.0,0.0,0.0,0.0,0.0,0.0,0.0,
495177,COMMUNITY MEMORIAL HOSPITAL HUNDLEY CENTER,SOUTH HILL,VA,Mecklenburg,117,2024Q4,20241204,90,8.0,8.0,0.0,39.75,39.75,0.0,37.75,37.75,0.0,0.0,0.0,0.0,156.0,156.0,0.0,202.5,202.5,0.0,0.0,0.0,0.0,0.0,0.0,0.0,
495177,COMMUNITY MEMORIAL HOSPITAL HUNDLEY CENTER,SOUTH HILL,VA,Mecklenburg,117,2024Q4,20241205,92,8.0,8.0,0.0,39.25,39.25,0.0,57.5,57.5,0.0,0.0,0.0,0.0,104.5,104.5,0.0,212.75,212.75,0.0,0.0,0.0,0.0,0.0,0.0,0.0,
495177,COMMUNITY MEMORIAL HOSPITAL HUNDLEY CENTER,SOUTH HILL,VA,Mecklenburg,117,2024Q4,20241206,92,8.0,8.0,0.0,32.25,32.25,0.0,50.0,50.0,0.0,0.0,0.0,0.0,105.0,105.0,0.0,200.5,200.5,0.0,0.0,0.0,0.0,0.0,0.0,0.0,
495177,COMMUNITY MEMORIAL HOSPITAL HUNDLEY CENTER,SOUTH HILL,VA,Mecklenburg,117,2024Q4,20241207,90,0.0,0.0,0.0,8.0,8.0,0.0,29.75,29.75,0.0,0.0,0.0,0.0,142.5,142.5,0.0,181.75,181.75,0.0,0.0,0.0,0.0,0.0,0.0,0.0,
495177,COMMUNITY MEMORIAL HOSPITAL HUNDLEY CENTER,SOUTH HILL,VA,Mecklenburg,117,2024Q4,20241208,90,0.0,0.0,0.0,0.0,0.0,0.0,16.0,16.0,0.0,0.0,0.0,0.0,133.5,133.5,0.0,190.25,190.25,0.0,0.0,0.0,0.0,0.0,0.0,0.0,
495177,COMMUNITY MEMORIAL HOSPITAL HUNDLEY CENTER,SOUTH HILL,VA,Mecklenburg,117,2024Q4,20241209,90,8.0,8.0,0.0,42.5,42.5,0.0,67.25,67.25,0.0,0.0,0.0,0.0,89.75,89.75,0.0,167.5,167.5,0.0,0.0,0.0,0.0,0.0,0.0,0.0,
495177,COMMUNITY MEMORIAL HOSPITAL HUNDLEY CENTER,SOUTH HILL,VA,Mecklenburg,117,2024Q4,20241210,91,8.0,8.0,0.0,44.25,44.25,0.0,41.0,41.0,0.0,0.0,0.0,0.0,137.25,137.25,0.0,187.25,187.25,0.0,0.0,0.0,0.0,0.0,0.0,0.0,
495177,COMMUNITY MEMORIAL HOSPITAL HUNDLEY CENTER,SOUTH HILL,VA,Mecklenburg,117,2024Q4,20241211,91,8.0,8.0,0.0,40.25,40.25,0.0,50.0,50.0,0.0,0.0,0.0,0.0,134.0,134.0,0.0,203.75,203.75,0.0,0.0,0.0,0.0,0.0,0.0,0.0,
495177,COMMUNITY MEMORIAL HOSPITAL HUNDLEY CENTER,SOUTH HILL,VA,Mecklenburg,117,2024Q4,20241212,93,8.0,8.0,0.0,31.5,31.5,0.0,25.5,25.5,0.0,0.0,0.0,0.0,139.75,139.75,0.0,183.75,183.75,0.0,0.0,0.0,0.0,0.0,0.0,0.0,
495177,COMMUNITY MEMORIAL HOSPITAL HUNDLEY CENTER,SOUTH HILL,VA,Mecklenburg,117,2024Q4,20241213,92,8.0,8.0,0.0,15.5,15.5,0.0,20.5,20.5,0.0,0.0,0.0,0.0,121.25,121.25,0.0,204.75,204.75,0.0,0.0,0.0,0.0,0.0,0.0,0.0,
495177,COMMUNITY MEMORIAL HOSPITAL HUNDLEY CENTER,SOUTH HILL,VA,Mecklenburg,117,2024Q4,20241214,92,0.0,0.0,0.0,8.25,8.25,0.0,40.0,40.0,0.0,0.0,0.0,0.0,123.25,123.25,0.0,171.75,171.75,0.0,0.0,0.0,0.0,0.0,0.0,0.0,
495177,COMMUNITY MEMORIAL HOSPITAL HUNDLEY CENTER,SOUTH HILL,VA,Mecklenburg,117,2024Q4,20241215,91,0.0,0.0,0.0,8.0,8.0,0.0,32.5,32.5,0.0,0.0,0.0,0.0,122.5,122.5,0.0,175.5,175.5,0.0,0.0,0.0,0.0,0.0,0.0,0.0,
495177,COMMUNITY MEMORIAL HOSPITAL HUNDLEY CENTER,SOUTH HILL,VA,Mecklenburg,117,2024Q4,20241216,91,0.0,0.0,0.0,33.0,33.0,0.0,56.75,56.75,0.0,0.0,0.0,0.0,105.0,105.0,0.0,199.75,199.75,0.0,0.0,0.0,0.0,0.0,0.0,0.0,
495177,COMMUNITY MEMORIAL HOSPITAL HUNDLEY CENTER,SOUTH HILL,VA,Mecklenburg,117,2024Q4,20241217,91,8.0,8.0,0.0,42.0,42.0,0.0,37.5,37.5,0.0,0.0,0.0,0.0,132.5,132.5,0.0,207.25,207.25,0.0,0.0,0.0,0.0,0.0,0.0,0.0,
495177,COMMUNITY MEMORIAL HOSPITAL HUNDLEY CENTER,SOUTH HILL,VA,Mecklenburg,117,2024Q4,20241218,92,8.0,8.0,0.0,33.75,33.75,0.0,46.75,46.75,0.0,0.0,0.0,0.0,135.75,135.75,0.0,187.75,187.75,0.0,0.0,0.0,0.0,0.0,0.0,0.0,
495177,COMMUNITY MEMORIAL HOSPITAL HUNDLEY CENTER,SOUTH HILL,VA,Mecklenburg,117,2024Q4,20241219,93,8.0,8.0,0.0,43.0,43.0,0.0,55.5,55.5,0.0,0.0,0.0,0.0,129.5,129.5,0.0,176.5,176.5,0.0,0.0,0.0,0.0,0.0,0.0,0.0,
495177,COMMUNITY MEMORIAL HOSPITAL HUNDLEY CENTER,SOUTH HILL,VA,Mecklenburg,117,2024Q4,20241220,90,8.0,8.0,0.0,32.5,32.5,0.0,18.0,18.0,0.0,0.0,0.0,0.0,136.5,136.5,0.0,200.0,200.0,0.0,0.0,0.0,0.0,0.0,0.0,0.0,
495177,COMMUNITY MEMORIAL HOSPITAL HUNDLEY CENTER,SOUTH HILL,VA,Mecklenburg,117,2024Q4,20241221,88,0.0,0.0,0.0,0.0,0.0,0.0,27.25,27.25,0.0,0.0,0.0,0.0,148.75,148.75,0.0,170.0,170.0,0.0,0.0,0.0,0.0,0.0,0.0,0.0,
495177,COMMUNITY MEMORIAL HOSPITAL HUNDLEY CENTER,SOUTH HILL,VA,Mecklenburg,117,2024Q4,20241222,88,0.0,0.0,0.0,0.0,0.0,0.0,23.75,23.75,0.0,0.0,0.0,0.0,142.25,142.25,0.0,172.5,172.5,0.0,0.0,0.0,0.0,0.0,0.0,0.0,
495177,COMMUNITY MEMORIAL HOSPITAL HUNDLEY CENTER,SOUTH HILL,VA,Mecklenburg,117,2024Q4,20241223,89,8.0,8.0,0.0,33.0,33.0,0.0,38.75,38.75,0.0,0.0,0.0,0.0,126.5,126.5,0.0,175.75,175.75,0.0,0.0,0.0,0.0,0.0,0.0,0.0,
495177,COMMUNITY MEMORIAL HOSPITAL HUNDLEY CENTER,SOUTH HILL,VA,Mecklenburg,117,2024Q4,20241224,90,8.0,8.0,0.0,19.0,19.0,0.0,28.75,28.75,0.0,0.0,0.0,0.0,113.5,113.5,0.0,180.25,180.25,0.0,0.0,0.0,0.0,0.0,0.0,0.0,
495177,COMMUNITY MEMORIAL HOSPITAL HUNDLEY CENTER,SOUTH HILL,VA,Mecklenburg,117,2024Q4,20241225,90,0.0,0.0,0.0,0.0,0.0,0.0,25.25,25.25,0.0,0.0,0.0,0.0,118.0,118.0,0.0,172.25,172.25,0.0,0.0,0.0,0.0,0.0,0.0,0.0,
495177,COMMUNITY MEMORIAL HOSPITAL HUNDLEY CENTER,SOUTH HILL,VA,Mecklenburg,117,2024Q4,20241226,90,0.0,0.0,0.0,24.0,24.0,0.0,38.0,38.0,0.0,0.0,0.0,0.0,118.75,118.75,0.0,149.5,149.5,0.0,0.0,0.0,0.0,0.0,0.0,0.0,
495177,COMMUNITY MEMORIAL HOSPITAL HUNDLEY CENTER,SOUTH HILL,VA,Mecklenburg,117,2024Q4,20241227,88,0.0,0.0,0.0,30.25,30.25,0.0,51.25,51.25,0.0,0.0,0.0,0.0,108.25,108.25,0.0,143.25,143.25,0.0,0.0,0.0,0.0,0.0,0.0,0.0,
495177,COMMUNITY MEMORIAL HOSPITAL HUNDLEY CENTER,SOUTH HILL,VA,Mecklenburg,117,2024Q4,20241228,88,0.0,0.0,0.0,0.0,0.0,0.0,24.0,24.0,0.0,0.0,0.0,0.0,123.75,123.75,0.0,182.5,182.5,0.0,0.0,0.0,0.0,0.0,0.0,0.0,
495177,COMMUNITY MEMORIAL HOSPITAL HUNDLEY CENTER,SOUTH HILL,VA,Mecklenburg,117,2024Q4,20241229,88,0.0,0.0,0.0,0.0,0.0,0.0,36.75,36.75,0.0,0.0,0.0,0.0,106.75,106.75,0.0,165.25,165.25,0.0,0.0,0.0,0.0,0.0,0.0,0.0,
495177,COMMUNITY MEMORIAL HOSPITAL HUNDLEY CENTER,SOUTH HILL,VA,Mecklenburg,117,2024Q4,20241230,89,8.0,8.0,0.0,41.25,41.25,0.0,43.75,43.75,0.0,0.0,0.0,0.0,132.25,132.25,0.0,183.5,183.5,0.0,0.0,0.0,0.0,0.0,0.0,0.0,
495177,COMMUNITY MEMORIAL HOSPITAL HUNDLEY CENTER,SOUTH HILL,VA,Mecklenburg,117,2024Q4,20241231,91,8.0,8.0,0.0,45.25,45.25,0.0,32.5,32.5,0.0,0.0,0.0,0.0,101.0,101.0,0.0,145.5,145.5,0.0,0.0,0.0,0.0,0.0,0.0,0.0,
495177,COMMUNITY MEMORIAL HOSPITAL HUNDLEY CENTER,SOUTH HILL,VA,Mecklenburg,117,2025Q1,20250101,89,0.0,0.0,0.0,9.0,9.0,0.0,43.25,43.25,0.0,0.0,0.0,0.0,141.5,141.5,0.0,196.75,196.75,0.0,0.0,0.0,0.0,0.0,0.0,0.0,
495177,COMMUNITY MEMORIAL HOSPITAL HUNDLEY CENTER,SOUTH HILL,VA,Mecklenburg,117,2025Q1,20250102,89,8.0,8.0,0.0,42.5,42.5,0.0,48.5,48.5,0.0,0.0,0.0,0.0,111.0,111.0,0.0,185.0,185.0,0.0,0.0,0.0,0.0,0.0,0.0,0.0,
495177,COMMUNITY MEMORIAL HOSPITAL HUNDLEY CENTER,SOUTH HILL,VA,Mecklenburg,117,2025Q1,20250103,89,8.0,8.0,0.0,29.25,29.25,0.0,18.5,18.5,0.0,0.0,0.0,0.0,102.75,102.75,0.0,165.0,165.0,0.0,0.0,0.0,0.0,0.0,0.0,0.0,
495177,COMMUNITY MEMORIAL HOSPITAL HUNDLEY CENTER,SOUTH HILL,VA,Mecklenburg,117,2025Q1,20250104,88,0.0,0.0,0.0,8.5,8.5,0.0,9.5,9.5,0.0,0.0,0.0,0.0,154.5,154.5,0.0,125.25,125.25,0.0,0.0,0.0,0.0,0.0,0.0,0.0,
495177,COMMUNITY MEMORIAL HOSPITAL HUNDLEY CENTER,SOUTH HILL,VA,Mecklenburg,117,2025Q1,20250105,88,0.0,0.0,0.0,7.75,7.75,0.0,21.25,21.25,0.0,0.0,0.0,0.0,128.25,128.25,0.0,103.5,103.5,0.0,0.0,0.0,0.0,0.0,0.0,0.0,
495177,COMMUNITY MEMORIAL HOSPITAL HUNDLEY CENTER,SOUTH HILL,VA,Mecklenburg,117,2025Q1,20250106,89,8.0,8.0,0.0,19.5,19.5,0.0,12.0,12.0,0.0,0.0,0.0,0.0,130.25,130.25,0.0,166.75,166.75,0.0,0.0,0.0,0.0,0.0,0.0,0.0,
495177,COMMUNITY MEMORIAL HOSPITAL HUNDLEY CENTER,SOUTH HILL,VA,Mecklenburg,117,2025Q1,20250107,89,8.0,8.0,0.0,31.25,31.25,0.0,30.75,30.75,0.0,0.0,0.0,0.0,123.75,123.75,0.0,192.25,192.25,0.0,0.0,0.0,0.0,0.0,0.0,0.0,
495177,COMMUNITY MEMORIAL HOSPITAL HUNDLEY CENTER,SOUTH HILL,VA,Mecklenburg,117,2025Q1,20250108,91,8.0,8.0,0.0,29.75,29.75,0.0,59.0,59.0,0.0,0.0,0.0,0.0,111.75,111.75,0.0,171.0,171.0,0.0,0.0,0.0,0.0,0.0,0.0,0.0,
495177,COMMUNITY MEMORIAL HOSPITAL HUNDLEY CENTER,SOUTH HILL,VA,Mecklenburg,117,2025Q1,20250109,91,8.0,8.0,0.0,29.75,29.75,0.0,57.0,57.0,0.0,0.0,0.0,0.0,133.75,133.75,0.0,187.5,187.5,0.0,0.0,0.0,0.0,0.0,0.0,0.0,
495177,COMMUNITY MEMORIAL HOSPITAL HUNDLEY CENTER,SOUTH HILL,VA,Mecklenburg,117,2025Q1,20250110,94,8.0,8.0,0.0,23.5,23.5,0.0,45.25,45.25,0.0,0.0,0.0,0.0,128.5,128.5,0.0,194.5,194.5,0.0,0.0,0.0,0.0,0.0,0.0,0.0,
495177,COMMUNITY MEMORIAL HOSPITAL HUNDLEY CENTER,SOUTH HILL,VA,Mecklenburg,117,2025Q1,20250111,93,0.0,0.0,0.0,7.75,7.75,0.0,23.75,23.75,0.0,0.0,0.0,0.0,117.75,117.75,0.0,150.75,150.75,0.0,0.0,0.0,0.0,0.0,0.0,0.0,
495177,COMMUNITY MEMORIAL HOSPITAL HUNDLEY CENTER,SOUTH HILL,VA,Mecklenburg,117,2025Q1,20250112,93,0.0,0.0,0.0,7.0,7.0,0.0,24.5,24.5,0.0,0.0,0.0,0.0,119.5,119.5,0.0,198.75,198.75,0.0,0.0,0.0,0.0,0.0,0.0,0.0,
495177,COMMUNITY MEMORIAL HOSPITAL HUNDLEY CENTER,SOUTH HILL,VA,Mecklenburg,117,2025Q1,20250113,93,8.0,8.0,0.0,32.0,32.0,0.0,39.5,39.5,0.0,0.0,0.0,0.0,113.0,113.0,0.0,170.25,170.25,0.0,0.0,0.0,0.0,0.0,0.0,0.0,
495177,COMMUNITY MEMORIAL HOSPITAL HUNDLEY CENTER,SOUTH HILL,VA,Mecklenburg,117,2025Q1,20250114,92,8.0,8.0,0.0,44.0,44.0,0.0,35.5,35.5,0.0,0.0,0.0,0.0,108.5,108.5,0.0,195.0,195.0,0.0,0.0,0.0,0.0,0.0,0.0,0.0,
495177,COMMUNITY MEMORIAL HOSPITAL HUNDLEY CENTER,SOUTH HILL,VA,Mecklenburg,117,2025Q1,20250115,92,8.0,8.0,0.0,44.25,44.25,0.0,47.0,47.0,0.0,0.0,0.0,0.0,126.5,126.5,0.0,173.75,173.75,0.0,0.0,0.0,0.0,0.0,0.0,0.0,
495177,COMMUNITY MEMORIAL HOSPITAL HUNDLEY CENTER,SOUTH HILL,VA,Mecklenburg,117,2025Q1,20250116,92,8.0,8.0,0.0,38.25,38.25,0.0,40.0,40.0,0.0,0.0,0.0,0.0,118.0,118.0,0.0,198.75,198.75,0.0,0.0,0.0,0.0,0.0,0.0,0.0,
495177,COMMUNITY MEMORIAL HOSPITAL HUNDLEY CENTER,SOUTH HILL,VA,Mecklenburg,117,2025Q1,20250117,92,8.0,8.0,0.0,37.25,37.25,0.0,29.25,29.25,0.0,0.0,0.0,0.0,112.75,112.75,0.0,185.25,185.25,0.0,0.0,0.0,0.0,0.0,0.0,0.0,
495177,COMMUNITY MEMORIAL HOSPITAL HUNDLEY CENTER,SOUTH HILL,VA,Mecklenburg,117,2025Q1,20250118,92,0.0,0.0,0.0,0.0,0.0,0.0,23.5,23.5,0.0,0.0,0.0,0.0,134.75,134.75,0.0,166.0,166.0,0.0,0.0,0.0,0.0,0.0,0.0,0.0,
495177,COMMUNITY MEMORIAL HOSPITAL HUNDLEY CENTER,SOUTH HILL,VA,Mecklenburg,117,2025Q1,20250119,91,0.0,0.0,0.0,4.0,4.0,0.0,19.5,19.5,0.0,0.0,0.0,0.0,120.5,120.5,0.0,175.0,175.0,0.0,0.0,0.0,0.0,0.0,0.0,0.0,
495177,COMMUNITY MEMORIAL HOSPITAL HUNDLEY CENTER,SOUTH HILL,VA,Mecklenburg,117,2025Q1,20250120,93,8.0,8.0,0.0,59.25,59.25,0.0,15.25,15.25,0.0,0.0,0.0,0.0,131.0,131.0,0.0,161.5,161.5,0.0,0.0,0.0,0.0,0.0,0.0,0.0,
495177,COMMUNITY MEMORIAL HOSPITAL HUNDLEY CENTER,SOUTH HILL,VA,Mecklenburg,117,2025Q1,20250121,94,8.0,8.0,0.0,36.25,36.25,0.0,49.75,49.75,0.0,0.0,0.0,0.0,127.0,127.0,0.0,205.0,205.0,0.0,0.0,0.0,0.0,0.0,0.0,0.0,
495177,COMMUNITY MEMORIAL HOSPITAL HUNDLEY CENTER,SOUTH HILL,VA,Mecklenburg,117,2025Q1,20250122,95,8.0,8.0,0.0,38.75,38.75,0.0,79.5,79.5,0.0,0.0,0.0,0.0,98.5,98.5,0.0,146.5,146.5,0.0,0.0,0.0,0.0,0.0,0.0,0.0,
495177,COMMUNITY MEMORIAL HOSPITAL HUNDLEY CENTER,SOUTH HILL,VA,Mecklenburg,117,2025Q1,20250123,96,8.0,8.0,0.0,48.0,48.0,0.0,37.25,37.25,0.0,0.0,0.0,0.0,120.75,120.75,0.0,173.5,173.5,0.0,0.0,0.0,0.0,0.0,0.0,0.0,
495177,COMMUNITY MEMORIAL HOSPITAL HUNDLEY CENTER,SOUTH HILL,VA,Mecklenburg,117,2025Q1,20250124,96,8.0,8.0,0.0,41.25,41.25,0.0,40.0,40.0,0.0,0.0,0.0,0.0,90.75,90.75,0.0,178.0,178.0,0.0,0.0,0.0,0.0,0.0,0.0,0.0,
495177,COMMUNITY MEMORIAL HOSPITAL HUNDLEY CENTER,SOUTH HILL,VA,Mecklenburg,117,2025Q1,20250125,95,0.0,0.0,0.0,5.75,5.75,0.0,37.0,37.0,0.0,0.0,0.0,0.0,109.75,109.75,0.0,210.25,210.25,0.0,0.0,0.0,0.0,0.0,0.0,0.0,
495177,COMMUNITY MEMORIAL HOSPITAL HUNDLEY CENTER,SOUTH HILL,VA,Mecklenburg,117,2025Q1,20250126,95,0.0,0.0,0.0,0.0,0.0,0.0,29.0,29.0,0.0,0.0,0.0,0.0,105.75,105.75,0.0,227.75,227.75,0.0,0.0,0.0,0.0,0.0,0.0,0.0,
495177,COMMUNITY MEMORIAL HOSPITAL HUNDLEY CENTER,SOUTH HILL,VA,Mecklenburg,117,2025Q1,20250127,93,8.0,8.0,0.0,65.25,65.25,0.0,45.5,45.5,0.0,0.0,0.0,0.0,109.0,109.0,0.0,183.0,183.0,0.0,0.0,0.0,0.0,0.0,0.0,0.0,
495177,COMMUNITY MEMORIAL HOSPITAL HUNDLEY CENTER,SOUTH HILL,VA,Mecklenburg,117,2025Q1,20250128,92,8.0,8.0,0.0,57.25,57.25,0.0,29.5,29.5,0.0,0.0,0.0,0.0,140.25,140.25,0.0,189.75,189.75,0.0,0.0,0.0,0.0,0.0,0.0,0.0,
495177,COMMUNITY MEMORIAL HOSPITAL HUNDLEY CENTER,SOUTH HILL,VA,Mecklenburg,117,2025Q1,20250129,92,8.0,8.0,0.0,61.5,61.5,0.0,48.0,48.0,0.0,0.0,0.0,0.0,108.25,108.25,0.0,188.5,188.5,0.0,0.0,0.0,0.0,0.0,0.0,0.0,
495177,COMMUNITY MEMORIAL HOSPITAL HUNDLEY CENTER,SOUTH HILL,VA,Mecklenburg,117,2025Q1,20250130,92,8.0,8.0,0.0,51.0,51.0,0.0,33.75,33.75,0.0,0.0,0.0,0.0,120.25,120.25,0.0,170.0,170.0,0.0,0.0,0.0,0.0,0.0,0.0,0.0,
495177,COMMUNITY MEMORIAL HOSPITAL HUNDLEY CENTER,SOUTH HILL,VA,Mecklenburg,117,2025Q1,20250131,90,8.0,8.0,0.0,26.0,26.0,0.0,12.5,12.5,0.0,0.0,0.0,0.0,102.5,102.5,0.0,128.75,128.75,0.0,0.0,0.0,0.0,0.0,0.0,0.0,
495177,COMMUNITY MEMORIAL HOSPITAL HUNDLEY CENTER,SOUTH HILL,VA,Mecklenburg,117,2025Q1,20250201,90,0.0,0.0,0.0,0.0,0.0,0.0,24.0,24.0,0.0,0.0,0.0,0.0,84.0,84.0,0.0,144.75,144.75,0.0,0.0,0.0,0.0,0.0,0.0,0.0,
495177,COMMUNITY MEMORIAL HOSPITAL HUNDLEY CENTER,SOUTH HILL,VA,Mecklenburg,117,2025Q1,20250202,90,0.0,0.0,0.0,6.25,6.25,0.0,24.75,24.75,0.0,0.0,0.0,0.0,76.75,76.75,0.0,138.0,138.0,0.0,0.0,0.0,0.0,0.0,0.0,0.0,
495177,COMMUNITY MEMORIAL HOSPITAL HUNDLEY CENTER,SOUTH HILL,VA,Mecklenburg,117,2025Q1,20250203,90,8.0,8.0,0.0,51.0,51.0,0.0,38.5,38.5,0.0,0.0,0.0,0.0,106.75,106.75,0.0,189.25,189.25,0.0,0.0,0.0,0.0,0.0,0.0,0.0,
495177,COMMUNITY MEMORIAL HOSPITAL HUNDLEY CENTER,SOUTH HILL,VA,Mecklenburg,117,2025Q1,20250204,91,8.0,8.0,0.0,43.5,43.5,0.0,60.25,60.25,0.0,0.0,0.0,0.0,75.5,75.5,0.0,154.5,154.5,0.0,0.0,0.0,0.0,0.0,0.0,0.0,
495177,COMMUNITY MEMORIAL HOSPITAL HUNDLEY CENTER,SOUTH HILL,VA,Mecklenburg,117,2025Q1,20250205,91,8.0,8.0,0.0,48.25,48.25,0.0,47.5,47.5,0.0,0.0,0.0,0.0,83.75,83.75,0.0,187.0,187.0,0.0,0.0,0.0,0.0,0.0,0.0,0.0,
495177,COMMUNITY MEMORIAL HOSPITAL HUNDLEY CENTER,SOUTH HILL,VA,Mecklenburg,117,2025Q1,20250206,91,8.0,8.0,0.0,49.75,49.75,0.0,17.25,17.25,0.0,0.0,0.0,0.0,160.5,160.5,0.0,189.5,189.5,0.0,0.0,0.0,0.0,0.0,0.0,0.0,
495177,COMMUNITY MEMORIAL HOSPITAL HUNDLEY CENTER,SOUTH HILL,VA,Mecklenburg,117,2025Q1,20250207,91,8.0,8.0,0.0,38.25,38.25,0.0,15.0,15.0,0.0,0.0,0.0,0.0,123.75,123.75,0.0,154.75,154.75,0.0,0.0,0.0,0.0,0.0,0.0,0.0,
495177,COMMUNITY MEMORIAL HOSPITAL HUNDLEY CENTER,SOUTH HILL,VA,Mecklenburg,117,2025Q1,20250208,90,0.0,0.0,0.0,8.75,8.75,0.0,24.5,24.5,0.0,0.0,0.0,0.0,104.75,104.75,0.0,179.5,179.5,0.0,0.0,0.0,0.0,0.0,0.0,0.0,
495177,COMMUNITY MEMORIAL HOSPITAL HUNDLEY CENTER,SOUTH HILL,VA,Mecklenburg,117,2025Q1,20250209,90,0.0,0.0,0.0,10.0,10.0,0.0,24.5,24.5,0.0,0.0,0.0,0.0,95.5,95.5,0.0,178.0,178.0,0.0,0.0,0.0,0.0,0.0,0.0,0.0,
495177,COMMUNITY MEMORIAL HOSPITAL HUNDLEY CENTER,SOUTH HILL,VA,Mecklenburg,117,2025Q1,20250210,89,8.0,8.0,0.0,33.75,33.75,0.0,57.75,57.75,0.0,0.0,0.0,0.0,74.0,74.0,0.0,130.5,130.5,0.0,0.0,0.0,0.0,0.0,0.0,0.0,
495177,COMMUNITY MEMORIAL HOSPITAL HUNDLEY CENTER,SOUTH HILL,VA,Mecklenburg,117,2025Q1,20250211,90,8.0,8.0,0.0,40.5,40.5,0.0,41.5,41.5,0.0,0.0,0.0,0.0,98.0,98.0,0.0,196.25,196.25,0.0,0.0,0.0,0.0,0.0,0.0,0.0,
495177,COMMUNITY MEMORIAL HOSPITAL HUNDLEY CENTER,SOUTH HILL,VA,Mecklenburg,117,2025Q1,20250212,90,8.0,8.0,0.0,41.25,41.25,0.0,8.25,8.25,0.0,0.0,0.0,0.0,132.0,132.0,0.0,170.75,170.75,0.0,0.0,0.0,0.0,0.0,0.0,0.0,
495177,COMMUNITY MEMORIAL HOSPITAL HUNDLEY CENTER,SOUTH HILL,VA,Mecklenburg,117,2025Q1,20250213,89,0.0,0.0,0.0,42.5,42.5,0.0,39.5,39.5,0.0,0.0,0.0,0.0,115.75,115.75,0.0,177.25,177.25,0.0,0.0,0.0,0.0,0.0,0.0,0.0,
495177,COMMUNITY MEMORIAL HOSPITAL HUNDLEY CENTER,SOUTH HILL,VA,Mecklenburg,117,2025Q1,20250214,86,0.0,0.0,0.0,29.75,29.75,0.0,32.25,32.25,0.0,0.0,0.0,0.0,87.75,87.75,0.0,147.0,147.0,0.0,0.0,0.0,0.0,0.0,0.0,0.0,
495177,COMMUNITY MEMORIAL HOSPITAL HUNDLEY CENTER,SOUTH HILL,VA,Mecklenburg,117,2025Q1,20250215,86,0.0,0.0,0.0,8.25,8.25,0.0,20.25,20.25,0.0,0.0,0.0,0.0,104.75,104.75,0.0,152.25,152.25,0.0,0.0,0.0,0.0,0.0,0.0,0.0,
495177,COMMUNITY MEMORIAL HOSPITAL HUNDLEY CENTER,SOUTH HILL,VA,Mecklenburg,117,2025Q1,20250216,86,0.0,0.0,0.0,8.0,8.0,0.0,12.25,12.25,0.0,0.0,0.0,0.0,114.0,114.0,0.0,131.75,131.75,0.0,0.0,0.0,0.0,0.0,0.0,0.0,
495177,COMMUNITY MEMORIAL HOSPITAL HUNDLEY CENTER,SOUTH HILL,VA,Mecklenburg,117,2025Q1,20250217,85,0.0,0.0,0.0,37.0,37.0,0.0,26.5,26.5,0.0,0.0,0.0,0.0,133.25,133.25,0.0,147.0,147.0,0.0,0.0,0.0,0.0,0.0,0.0,0.0,
495177,COMMUNITY MEMORIAL HOSPITAL HUNDLEY CENTER,SOUTH HILL,VA,Mecklenburg,117,2025Q1,20250218,85,8.0,8.0,0.0,43.25,43.25,0.0,38.0,38.0,0.0,0.0,0.0,0.0,98.75,98.75,0.0,160.5,160.5,0.0,0.0,0.0,0.0,0.0,0.0,0.0,
495177,COMMUNITY MEMORIAL HOSPITAL HUNDLEY CENTER,SOUTH HILL,VA,Mecklenburg,117,2025Q1,20250219,85,8.0,8.0,0.0,38.0,38.0,0.0,12.25,12.25,0.0,0.0,0.0,0.0,117.25,117.25,0.0,170.75,170.75,0.0,0.0,0.0,0.0,0.0,0.0,0.0,
495177,COMMUNITY MEMORIAL HOSPITAL HUNDLEY CENTER,SOUTH HILL,VA,Mecklenburg,117,2025Q1,20250220,86,8.0,8.0,0.0,39.5,39.5,0.0,11.5,11.5,0.0,0.0,0.0,0.0,106.25,106.25,0.0,147.75,147.75,0.0,0.0,0.0,0.0,0.0,0.0,0.0,
495177,COMMUNITY MEMORIAL HOSPITAL HUNDLEY CENTER,SOUTH HILL,VA,Mecklenburg,117,2025Q1,20250221,87,8.0,8.0,0.0,39.75,39.75,0.0,10.75,10.75,0.0,0.0,0.0,0.0,139.5,139.5,0.0,163.75,163.75,0.0,0.0,0.0,0.0,0.0,0.0,0.0,
495177,COMMUNITY MEMORIAL HOSPITAL HUNDLEY CENTER,SOUTH HILL,VA,Mecklenburg,117,2025Q1,20250222,87,0.0,0.0,0.0,8.5,8.5,0.0,24.5,24.5,0.0,0.0,0.0,0.0,108.75,108.75,0.0,186.0,186.0,0.0,0.0,0.0,0.0,0.0,0.0,0.0,
495177,COMMUNITY MEMORIAL HOSPITAL HUNDLEY CENTER,SOUTH HILL,VA,Mecklenburg,117,2025Q1,20250223,87,0.0,0.0,0.0,0.0,0.0,0.0,24.0,24.0,0.0,0.0,0.0,0.0,91.5,91.5,0.0,176.25,176.25,0.0,0.0,0.0,0.0,0.0,0.0,0.0,
495177,COMMUNITY MEMORIAL HOSPITAL HUNDLEY CENTER,SOUTH HILL,VA,Mecklenburg,117,2025Q1,20250224,87,8.0,8.0,0.0,54.25,54.25,0.0,38.75,38.75,0.0,0.0,0.0,0.0,122.25,122.25,0.0,151.75,151.75,0.0,0.0,0.0,0.0,0.0,0.0,0.0,
495177,COMMUNITY MEMORIAL HOSPITAL HUNDLEY CENTER,SOUTH HILL,VA,Mecklenburg,117,2025Q1,20250225,87,8.0,8.0,0.0,51.25,51.25,0.0,34.0,34.0,0.0,0.0,0.0,0.0,113.0,113.0,0.0,194.75,194.75,0.0,0.0,0.0,0.0,0.0,0.0,0.0,
495177,COMMUNITY MEMORIAL HOSPITAL HUNDLEY CENTER,SOUTH HILL,VA,Mecklenburg,117,2025Q1,20250226,87,8.0,8.0,0.0,40.75,40.75,0.0,57.25,57.25,0.0,0.0,0.0,0.0,105.25,105.25,0.0,199.25,199.25,0.0,0.0,0.0,0.0,0.0,0.0,0.0,
495177,COMMUNITY MEMORIAL HOSPITAL HUNDLEY CENTER,SOUTH HILL,VA,Mecklenburg,117,2025Q1,20250227,87,8.0,8.0,0.0,49.75,49.75,0.0,34.0,34.0,0.0,0.0,0.0,0.0,130.75,130.75,0.0,200.25,200.25,0.0,0.0,0.0,0.0,0.0,0.0,0.0,
495177,COMMUNITY MEMORIAL HOSPITAL HUNDLEY CENTER,SOUTH HILL,VA,Mecklenburg,117,2025Q1,20250228,87,8.0,8.0,0.0,37.5,37.5,0.0,29.0,29.0,0.0,0.0,0.0,0.0,112.25,112.25,0.0,162.5,162.5,0.0,0.0,0.0,0.0,0.0,0.0,0.0,
495177,COMMUNITY MEMORIAL HOSPITAL HUNDLEY CENTER,SOUTH HILL,VA,Mecklenburg,117,2025Q1,20250301,87,0.0,0.0,0.0,8.75,8.75,0.0,17.5,17.5,0.0,0.0,0.0,0.0,124.75,124.75,0.0,192.0,192.0,0.0,0.0,0.0,0.0,0.0,0.0,0.0,
495177,COMMUNITY MEMORIAL HOSPITAL HUNDLEY CENTER,SOUTH HILL,VA,Mecklenburg,117,2025Q1,20250302,87,0.0,0.0,0.0,11.5,11.5,0.0,4.5,4.5,0.0,0.0,0.0,0.0,133.25,133.25,0.0,186.75,186.75,0.0,0.0,0.0,0.0,0.0,0.0,0.0,
495177,COMMUNITY MEMORIAL HOSPITAL HUNDLEY CENTER,SOUTH HILL,VA,Mecklenburg,117,2025Q1,20250303,87,8.0,8.0,0.0,33.0,33.0,0.0,24.5,24.5,0.0,0.0,0.0,0.0,127.0,127.0,0.0,172.5,172.5,0.0,0.0,0.0,0.0,0.0,0.0,0.0,
495177,COMMUNITY MEMORIAL HOSPITAL HUNDLEY CENTER,SOUTH HILL,VA,Mecklenburg,117,2025Q1,20250304,87,8.0,8.0,0.0,53.5,53.5,0.0,41.75,41.75,0.0,0.0,0.0,0.0,127.75,127.75,0.0,203.25,203.25,0.0,0.0,0.0,0.0,0.0,0.0,0.0,
495177,COMMUNITY MEMORIAL HOSPITAL HUNDLEY CENTER,SOUTH HILL,VA,Mecklenburg,117,2025Q1,20250305,85,8.0,8.0,0.0,55.0,55.0,0.0,38.5,38.5,0.0,0.0,0.0,0.0,109.25,109.25,0.0,176.0,176.0,0.0,0.0,0.0,0.0,0.0,0.0,0.0,
495177,COMMUNITY MEMORIAL HOSPITAL HUNDLEY CENTER,SOUTH HILL,VA,Mecklenburg,117,2025Q1,20250306,85,8.0,8.0,0.0,40.0,40.0,0.0,59.0,59.0,0.0,0.0,0.0,0.0,101.75,101.75,0.0,167.25,167.25,0.0,0.0,0.0,0.0,0.0,0.0,0.0,
495177,COMMUNITY MEMORIAL HOSPITAL HUNDLEY CENTER,SOUTH HILL,VA,Mecklenburg,117,2025Q1,20250307,86,8.0,8.0,0.0,46.25,46.25,0.0,45.75,45.75,0.0,0.0,0.0,0.0,103.5,103.5,0.0,155.75,155.75,0.0,0.0,0.0,0.0,0.0,0.0,0.0,
495177,COMMUNITY MEMORIAL HOSPITAL HUNDLEY CENTER,SOUTH HILL,VA,Mecklenburg,117,2025Q1,20250308,86,0.0,0.0,0.0,0.0,0.0,0.0,31.25,31.25,0.0,0.0,0.0,0.0,111.0,111.0,0.0,178.75,178.75,0.0,0.0,0.0,0.0,0.0,0.0,0.0,
495177,COMMUNITY MEMORIAL HOSPITAL HUNDLEY CENTER,SOUTH HILL,VA,Mecklenburg,117,2025Q1,20250309,86,0.0,0.0,0.0,0.0,0.0,0.0,37.25,37.25,0.0,0.0,0.0,0.0,110.0,110.0,0.0,187.0,187.0,0.0,0.0,0.0,0.0,0.0,0.0,0.0,
495177,COMMUNITY MEMORIAL HOSPITAL HUNDLEY CENTER,SOUTH HILL,VA,Mecklenburg,117,2025Q1,20250310,86,8.0,8.0,0.0,53.0,53.0,0.0,27.75,27.75,0.0,0.0,0.0,0.0,98.0,98.0,0.0,167.5,167.5,0.0,0.0,0.0,0.0,0.0,0.0,0.0,
495177,COMMUNITY MEMORIAL HOSPITAL HUNDLEY CENTER,SOUTH HILL,VA,Mecklenburg,117,2025Q1,20250311,87,8.0,8.0,0.0,42.25,42.25,0.0,34.75,34.75,0.0,0.0,0.0,0.0,100.5,100.5,0.0,193.5,193.5,0.0,0.0,0.0,0.0,0.0,0.0,0.0,
495177,COMMUNITY MEMORIAL HOSPITAL HUNDLEY CENTER,SOUTH HILL,VA,Mecklenburg,117,2025Q1,20250312,87,8.0,8.0,0.0,31.25,31.25,0.0,27.25,27.25,0.0,0.0,0.0,0.0,126.0,126.0,0.0,196.5,196.5,0.0,0.0,0.0,0.0,0.0,0.0,0.0,
495177,COMMUNITY MEMORIAL HOSPITAL HUNDLEY CENTER,SOUTH HILL,VA,Mecklenburg,117,2025Q1,20250313,86,0.0,0.0,0.0,51.0,51.0,0.0,38.25,38.25,0.0,0.0,0.0,0.0,104.5,104.5,0.0,190.25,190.25,0.0,0.0,0.0,0.0,0.0,0.0,0.0,
495177,COMMUNITY MEMORIAL HOSPITAL HUNDLEY CENTER,SOUTH HILL,VA,Mecklenburg,117,2025Q1,20250314,86,0.0,0.0,0.0,42.25,42.25,0.0,30.25,30.25,0.0,0.0,0.0,0.0,112.5,112.5,0.0,195.25,195.25,0.0,0.0,0.0,0.0,0.0,0.0,0.0,
495177,COMMUNITY MEMORIAL HOSPITAL HUNDLEY CENTER,SOUTH HILL,VA,Mecklenburg,117,2025Q1,20250315,86,0.0,0.0,0.0,8.0,8.0,0.0,4.0,4.0,0.0,0.0,0.0,0.0,114.75,114.75,0.0,200.75,200.75,0.0,0.0,0.0,0.0,0.0,0.0,0.0,
495177,COMMUNITY MEMORIAL HOSPITAL HUNDLEY CENTER,SOUTH HILL,VA,Mecklenburg,117,2025Q1,20250316,85,0.0,0.0,0.0,8.75,8.75,0.0,12.25,12.25,0.0,0.0,0.0,0.0,130.5,130.5,0.0,208.0,208.0,0.0,0.0,0.0,0.0,0.0,0.0,0.0,
495177,COMMUNITY MEMORIAL HOSPITAL HUNDLEY CENTER,SOUTH HILL,VA,Mecklenburg,117,2025Q1,20250317,86,8.0,8.0,0.0,39.75,39.75,0.0,26.0,26.0,0.0,0.0,0.0,0.0,98.75,98.75,0.0,157.0,157.0,0.0,0.0,0.0,0.0,0.0,0.0,0.0,
495177,COMMUNITY MEMORIAL HOSPITAL HUNDLEY CENTER,SOUTH HILL,VA,Mecklenburg,117,2025Q1,20250318,85,8.0,8.0,0.0,44.75,44.75,0.0,26.25,26.25,0.0,0.0,0.0,0.0,114.75,114.75,0.0,152.75,152.75,0.0,0.0,0.0,0.0,0.0,0.0,0.0,
495177,COMMUNITY MEMORIAL HOSPITAL HUNDLEY CENTER,SOUTH HILL,VA,Mecklenburg,117,2025Q1,20250319,86,8.0,8.0,0.0,40.75,40.75,0.0,12.25,12.25,0.0,0.0,0.0,0.0,95.0,95.0,0.0,173.25,173.25,0.0,0.0,0.0,0.0,0.0,0.0,0.0,
495177,COMMUNITY MEMORIAL HOSPITAL HUNDLEY CENTER,SOUTH HILL,VA,Mecklenburg,117,2025Q1,20250320,86,8.0,8.0,0.0,54.25,54.25,0.0,33.75,33.75,0.0,0.0,0.0,0.0,112.0,112.0,0.0,180.75,180.75,0.0,0.0,0.0,0.0,0.0,0.0,0.0,
495177,COMMUNITY MEMORIAL HOSPITAL HUNDLEY CENTER,SOUTH HILL,VA,Mecklenburg,117,2025Q1,20250321,84,8.0,8.0,0.0,37.5,37.5,0.0,40.5,40.5,0.0,0.0,0.0,0.0,108.0,108.0,0.0,145.75,145.75,0.0,0.0,0.0,0.0,0.0,0.0,0.0,
495177,COMMUNITY MEMORIAL HOSPITAL HUNDLEY CENTER,SOUTH HILL,VA,Mecklenburg,117,2025Q1,20250322,82,0.0,0.0,0.0,7.25,7.25,0.0,23.5,23.5,0.0,0.0,0.0,0.0,102.25,102.25,0.0,155.25,155.25,0.0,0.0,0.0,0.0,0.0,0.0,0.0,
495177,COMMUNITY MEMORIAL HOSPITAL HUNDLEY CENTER,SOUTH HILL,VA,Mecklenburg,117,2025Q1,20250323,82,0.0,0.0,0.0,9.5,9.5,0.0,20.5,20.5,0.0,0.0,0.0,0.0,102.5,102.5,0.0,164.75,164.75,0.0,0.0,0.0,0.0,0.0,0.0,0.0,
495177,COMMUNITY MEMORIAL HOSPITAL HUNDLEY CENTER,SOUTH HILL,VA,Mecklenburg,117,2025Q1,20250324,83,8.0,8.0,0.0,28.75,28.75,0.0,39.75,39.75,0.0,0.0,0.0,0.0,88.75,88.75,0.0,151.5,151.5,0.0,0.0,0.0,0.0,0.0,0.0,0.0,
495177,COMMUNITY MEMORIAL HOSPITAL HUNDLEY CENTER,SOUTH HILL,VA,Mecklenburg,117,2025Q1,20250325,84,8.0,8.0,0.0,43.75,43.75,0.0,33.75,33.75,0.0,0.0,0.0,0.0,96.0,96.0,0.0,178.5,178.5,0.0,0.0,0.0,0.0,0.0,0.0,0.0,
495177,COMMUNITY MEMORIAL HOSPITAL HUNDLEY CENTER,SOUTH HILL,VA,Mecklenburg,117,2025Q1,20250326,83,8.0,8.0,0.0,41.0,41.0,0.0,45.5,45.5,0.0,0.0,0.0,0.0,86.25,86.25,0.0,194.25,194.25,0.0,0.0,0.0,0.0,0.0,0.0,0.0,
495177,COMMUNITY MEMORIAL HOSPITAL HUNDLEY CENTER,SOUTH HILL,VA,Mecklenburg,117,2025Q1,20250327,84,8.0,8.0,0.0,37.0,37.0,0.0,30.75,30.75,0.0,0.0,0.0,0.0,90.5,90.5,0.0,182.25,182.25,0.0,0.0,0.0,0.0,0.0,0.0,0.0,
495177,COMMUNITY MEMORIAL HOSPITAL HUNDLEY CENTER,SOUTH HILL,VA,Mecklenburg,117,2025Q1,20250328,84,8.0,8.0,0.0,30.25,30.25,0.0,0.0,0.0,0.0,0.0,0.0,0.0,86.0,86.0,0.0,159.75,159.75,0.0,0.0,0.0,0.0,0.0,0.0,0.0,
495177,COMMUNITY MEMORIAL HOSPITAL HUNDLEY CENTER,SOUTH HILL,VA,Mecklenburg,117,2025Q1,20250329,84,0.0,0.0,0.0,8.5,8.5,0.0,25.75,25.75,0.0,0.0,0.0,0.0,101.75,101.75,0.0,146.75,146.75,0.0,0.0,0.0,0.0,0.0,0.0,0.0,
495177,COMMUNITY MEMORIAL HOSPITAL HUNDLEY CENTER,SOUTH HILL,VA,Mecklenburg,117,2025Q1,20250330,83,0.0,0.0,0.0,28.25,28.25,0.0,19.75,19.75,0.0,0.0,0.0,0.0,38.25,38.25,0.0,146.5,146.5,0.0,0.0,0.0,0.0,0.0,0.0,0.0,
495177,COMMUNITY MEMORIAL HOSPITAL HUNDLEY CENTER,SOUTH HILL,VA,Mecklenburg,117,2025Q1,20250331,83,8.0,8.0,0.0,26.0,26.0,0.0,32.75,32.75,0.0,0.0,0.0,0.0,31.25,31.25,0.0,181.25,181.25,0.0,0.0,0.0,0.0,0.0,0.0,0.0,
495177,COMMUNITY MEMORIAL HOSPITAL HUNDLEY CENTER,SOUTH HILL,VA,Mecklenburg,117,2025Q2,20250401,84,8.0,8.0,0.0,37.27,37.27,0.0,11.21,11.21,0.0,0.0,0.0,0.0,81.63,81.63,0.0,172.62,172.62,0.0,0.0,0.0,0.0,0.0,0.0,0.0,
495177,COMMUNITY MEMORIAL HOSPITAL HUNDLEY CENTER,SOUTH HILL,VA,Mecklenburg,117,2025Q2,20250402,86,8.0,8.0,0.0,40.42,40.42,0.0,31.43,31.43,0.0,0.0,0.0,0.0,76.57,76.57,0.0,171.1,171.1,0.0,0.0,0.0,0.0,0.0,0.0,0.0,
495177,COMMUNITY MEMORIAL HOSPITAL HUNDLEY CENTER,SOUTH HILL,VA,Mecklenburg,117,2025Q2,20250403,87,8.0,8.0,0.0,32.05,32.05,0.0,34.43,34.43,0.0,0.0,0.0,0.0,61.03,61.03,0.0,200.48,200.48,0.0,0.0,0.0,0.0,0.0,0.0,0.0,
495177,COMMUNITY MEMORIAL HOSPITAL HUNDLEY CENTER,SOUTH HILL,VA,Mecklenburg,117,2025Q2,20250404,85,8.0,8.0,0.0,16.0,16.0,0.0,0.0,0.0,0.0,0.0,0.0,0.0,57.1,57.1,0.0,156.52,156.52,0.0,0.0,0.0,0.0,0.0,0.0,0.0,
495177,COMMUNITY MEMORIAL HOSPITAL HUNDLEY CENTER,SOUTH HILL,VA,Mecklenburg,117,2025Q2,20250405,86,0.0,0.0,0.0,0.0,0.0,0.0,24.97,24.97,0.0,0.0,0.0,0.0,89.78,89.78,0.0,137.36,137.36,0.0,0.0,0.0,0.0,0.0,0.0,0.0,
495177,COMMUNITY MEMORIAL HOSPITAL HUNDLEY CENTER,SOUTH HILL,VA,Mecklenburg,117,2025Q2,20250406,87,0.0,0.0,0.0,0.0,0.0,0.0,25.35,25.35,0.0,0.0,0.0,0.0,61.63,61.63,0.0,111.2,111.2,0.0,0.0,0.0,0.0,0.0,0.0,0.0,
495177,COMMUNITY MEMORIAL HOSPITAL HUNDLEY CENTER,SOUTH HILL,VA,Mecklenburg,117,2025Q2,20250407,87,8.0,8.0,0.0,24.77,24.77,0.0,12.42,12.42,0.0,0.0,0.0,0.0,61.88,61.88,0.0,169.73,169.73,0.0,0.0,0.0,0.0,0.0,0.0,0.0,
495177,COMMUNITY MEMORIAL HOSPITAL HUNDLEY CENTER,SOUTH HILL,VA,Mecklenburg,117,2025Q2,20250408,88,8.0,8.0,0.0,29.21,29.21,0.0,25.86,25.86,0.0,0.0,0.0,0.0,64.8,64.8,0.0,197.48,197.48,0.0,0.0,0.0,0.0,0.0,0.0,0.0,
495177,COMMUNITY MEMORIAL HOSPITAL HUNDLEY CENTER,SOUTH HILL,VA,Mecklenburg,117,2025Q2,20250409,87,8.0,8.0,0.0,39.23,39.23,0.0,17.27,17.27,0.0,0.0,0.0,0.0,70.46,70.46,0.0,158.09,158.09,0.0,0.0,0.0,0.0,0.0,0.0,0.0,
495177,COMMUNITY MEMORIAL HOSPITAL HUNDLEY CENTER,SOUTH HILL,VA,Mecklenburg,117,2025Q2,20250410,87,8.0,8.0,0.0,52.58,52.58,0.0,23.21,23.21,0.0,0.0,0.0,0.0,81.52,81.52,0.0,177.11,177.11,0.0,0.0,0.0,0.0,0.0,0.0,0.0,
495177,COMMUNITY MEMORIAL HOSPITAL HUNDLEY CENTER,SOUTH HILL,VA,Mecklenburg,117,2025Q2,20250411,86,8.0,8.0,0.0,24.88,24.88,0.0,19.82,19.82,0.0,0.0,0.0,0.0,64.05,64.05,0.0,170.64,170.64,0.0,0.0,0.0,0.0,0.0,0.0,0.0,
495177,COMMUNITY MEMORIAL HOSPITAL HUNDLEY CENTER,SOUTH HILL,VA,Mecklenburg,117,2025Q2,20250412,86,0.0,0.0,0.0,8.0,8.0,0.0,19.15,19.15,0.0,0.0,0.0,0.0,58.72,58.72,0.0,148.7,148.7,0.0,0.0,0.0,0.0,0.0,0.0,0.0,
495177,COMMUNITY MEMORIAL HOSPITAL HUNDLEY CENTER,SOUTH HILL,VA,Mecklenburg,117,2025Q2,20250413,87,0.0,0.0,0.0,0.0,0.0,0.0,19.15,19.15,0.0,0.0,0.0,0.0,66.32,66.32,0.0,159.52,159.52,0.0,0.0,0.0,0.0,0.0,0.0,0.0,
495177,COMMUNITY MEMORIAL HOSPITAL HUNDLEY CENTER,SOUTH HILL,VA,Mecklenburg,117,2025Q2,20250414,88,8.0,8.0,0.0,23.18,23.18,0.0,33.05,33.05,0.0,0.0,0.0,0.0,23.12,23.12,0.0,170.14,170.14,0.0,0.0,0.0,0.0,0.0,0.0,0.0,
495177,COMMUNITY MEMORIAL HOSPITAL HUNDLEY CENTER,SOUTH HILL,VA,Mecklenburg,117,2025Q2,20250415,89,8.0,8.0,0.0,44.92,44.92,0.0,19.7,19.7,0.0,0.0,0.0,0.0,66.14,66.14,0.0,158.12,158.12,0.0,0.0,0.0,0.0,0.0,0.0,0.0,
495177,COMMUNITY MEMORIAL HOSPITAL HUNDLEY CENTER,SOUTH HILL,VA,Mecklenburg,117,2025Q2,20250416,91,8.0,8.0,0.0,25.4,25.4,0.0,20.06,20.06,0.0,0.0,0.0,0.0,65.98,65.98,0.0,174.18,174.18,0.0,0.0,0.0,0.0,0.0,0.0,0.0,
495177,COMMUNITY MEMORIAL HOSPITAL HUNDLEY CENTER,SOUTH HILL,VA,Mecklenburg,117,2025Q2,20250417,91,8.0,8.0,0.0,34.27,34.27,0.0,15.55,15.55,0.0,0.0,0.0,0.0,72.2,72.2,0.0,172.32,172.32,0.0,0.0,0.0,0.0,0.0,0.0,0.0,
495177,COMMUNITY MEMORIAL HOSPITAL HUNDLEY CENTER,SOUTH HILL,VA,Mecklenburg,117,2025Q2,20250418,90,8.0,8.0,0.0,24.73,24.73,0.0,16.67,16.67,0.0,0.0,0.0,0.0,45.29,45.29,0.0,172.97,172.97,0.0,0.0,0.0,0.0,0.0,0.0,0.0,
495177,COMMUNITY MEMORIAL HOSPITAL HUNDLEY CENTER,SOUTH HILL,VA,Mecklenburg,117,2025Q2,20250419,93,0.0,0.0,0.0,0.0,0.0,0.0,20.55,20.55,0.0,0.0,0.0,0.0,67.36,67.36,0.0,136.42,136.42,0.0,0.0,0.0,0.0,0.0,0.0,0.0,
495177,COMMUNITY MEMORIAL HOSPITAL HUNDLEY CENTER,SOUTH HILL,VA,Mecklenburg,117,2025Q2,20250420,92,0.0,0.0,0.0,4.68,4.68,0.0,32.26,32.26,0.0,0.0,0.0,0.0,57.97,57.97,0.0,122.65,122.65,0.0,0.0,0.0,0.0,0.0,0.0,0.0,
495177,COMMUNITY MEMORIAL HOSPITAL HUNDLEY CENTER,SOUTH HILL,VA,Mecklenburg,117,2025Q2,20250421,93,8.0,8.0,0.0,20.32,20.32,0.0,23.18,23.18,0.0,0.0,0.0,0.0,57.33,57.33,0.0,172.42,172.42,0.0,0.0,0.0,0.0,0.0,0.0,0.0,
495177,COMMUNITY MEMORIAL HOSPITAL HUNDLEY CENTER,SOUTH HILL,VA,Mecklenburg,117,2025Q2,20250422,91,8.0,8.0,0.0,37.9,37.9,0.0,0.0,0.0,0.0,0.0,0.0,0.0,74.38,74.38,0.0,173.07,173.07,0.0,0.0,0.0,0.0,0.0,0.0,0.0,
495177,COMMUNITY MEMORIAL HOSPITAL HUNDLEY CENTER,SOUTH HILL,VA,Mecklenburg,117,2025Q2,20250423,92,8.0,8.0,0.0,42.11,42.11,0.0,17.07,17.07,0.0,0.0,0.0,0.0,74.46,74.46,0.0,156.82,156.82,0.0,0.0,0.0,0.0,0.0,0.0,0.0,
495177,COMMUNITY MEMORIAL HOSPITAL HUNDLEY CENTER,SOUTH HILL,VA,Mecklenburg,117,2025Q2,20250424,91,8.0,8.0,0.0,33.27,33.27,0.0,7.57,7.57,0.0,0.0,0.0,0.0,55.85,55.85,0.0,161.42,161.42,0.0,0.0,0.0,0.0,0.0,0.0,0.0,
495177,COMMUNITY MEMORIAL HOSPITAL HUNDLEY CENTER,SOUTH HILL,VA,Mecklenburg,117,2025Q2,20250425,93,8.0,8.0,0.0,31.35,31.35,0.0,4.55,4.55,0.0,0.0,0.0,0.0,75.69,75.69,0.0,144.36,144.36,0.0,0.0,0.0,0.0,0.0,0.0,0.0,
495177,COMMUNITY MEMORIAL HOSPITAL HUNDLEY CENTER,SOUTH HILL,VA,Mecklenburg,117,2025Q2,20250426,93,0.0,0.0,0.0,0.0,0.0,0.0,19.7,19.7,0.0,0.0,0.0,0.0,61.66,61.66,0.0,143.63,143.63,0.0,0.0,0.0,0.0,0.0,0.0,0.0,
495177,COMMUNITY MEMORIAL HOSPITAL HUNDLEY CENTER,SOUTH HILL,VA,Mecklenburg,117,2025Q2,20250427,93,0.0,0.0,0.0,0.02,0.02,0.0,16.75,16.75,0.0,0.0,0.0,0.0,67.42,67.42,0.0,125.36,125.36,0.0,0.0,0.0,0.0,0.0,0.0,0.0,
495177,COMMUNITY MEMORIAL HOSPITAL HUNDLEY CENTER,SOUTH HILL,VA,Mecklenburg,117,2025Q2,20250428,92,8.0,8.0,0.0,24.95,24.95,0.0,23.42,23.42,0.0,0.0,0.0,0.0,60.84,60.84,0.0,149.19,149.19,0.0,0.0,0.0,0.0,0.0,0.0,0.0,
495177,COMMUNITY MEMORIAL HOSPITAL HUNDLEY CENTER,SOUTH HILL,VA,Mecklenburg,117,2025Q2,20250429,95,8.0,8.0,0.0,26.55,26.55,0.0,26.67,26.67,0.0,0.0,0.0,0.0,62.27,62.27,0.0,149.41,149.41,0.0,0.0,0.0,0.0,0.0,0.0,0.0,
495177,COMMUNITY MEMORIAL HOSPITAL HUNDLEY CENTER,SOUTH HILL,VA,Mecklenburg,117,2025Q2,20250430,97,8.0,8.0,0.0,36.05,36.05,0.0,20.97,20.97,0.0,0.0,0.0,0.0,63.7,63.7,0.0,166.82,166.82,0.0,0.0,0.0,0.0,0.0,0.0,0.0,
495177,COMMUNITY MEMORIAL HOSPITAL HUNDLEY CENTER,SOUTH HILL,VA,Mecklenburg,117,2025Q2,20250501,97,8.0,8.0,0.0,32.37,32.37,0.0,14.92,14.92,0.0,0.0,0.0,0.0,70.8,70.8,0.0,168.71,168.71,0.0,0.0,0.0,0.0,0.0,0.0,0.0,
495177,COMMUNITY MEMORIAL HOSPITAL HUNDLEY CENTER,SOUTH HILL,VA,Mecklenburg,117,2025Q2,20250502,96,8.0,8.0,0.0,25.59,25.59,0.0,22.9,22.9,0.0,0.0,0.0,0.0,51.44,51.44,0.0,162.16,162.16,0.0,0.0,0.0,0.0,0.0,0.0,0.0,
495177,COMMUNITY MEMORIAL HOSPITAL HUNDLEY CENTER,SOUTH HILL,VA,Mecklenburg,117,2025Q2,20250503,96,0.0,0.0,0.0,8.0,8.0,0.0,12.52,12.52,0.0,0.0,0.0,0.0,71.51,71.51,0.0,123.29,123.29,0.0,0.0,0.0,0.0,0.0,0.0,0.0,
495177,COMMUNITY MEMORIAL HOSPITAL HUNDLEY CENTER,SOUTH HILL,VA,Mecklenburg,117,2025Q2,20250504,96,0.0,0.0,0.0,0.12,0.12,0.0,17.38,17.38,0.0,0.0,0.0,0.0,65.8,65.8,0.0,159.87,159.87,0.0,0.0,0.0,0.0,0.0,0.0,0.0,
495177,COMMUNITY MEMORIAL HOSPITAL HUNDLEY CENTER,SOUTH HILL,VA,Mecklenburg,117,2025Q2,20250505,96,8.0,8.0,0.0,20.43,20.43,0.0,11.86,11.86,0.0,0.0,0.0,0.0,67.17,67.17,0.0,179.85,179.85,0.0,0.0,0.0,0.0,0.0,0.0,0.0,
495177,COMMUNITY MEMORIAL HOSPITAL HUNDLEY CENTER,SOUTH HILL,VA,Mecklenburg,117,2025Q2,20250506,94,8.0,8.0,0.0,26.59,26.59,0.0,9.43,9.43,0.0,0.0,0.0,0.0,79.49,79.49,0.0,157.81,157.81,0.0,0.0,0.0,0.0,0.0,0.0,0.0,
495177,COMMUNITY MEMORIAL HOSPITAL HUNDLEY CENTER,SOUTH HILL,VA,Mecklenburg,117,2025Q2,20250507,96,8.0,8.0,0.0,33.85,33.85,0.0,16.73,16.73,0.0,0.0,0.0,0.0,75.24,75.24,0.0,165.29,165.29,0.0,0.0,0.0,0.0,0.0,0.0,0.0,
495177,COMMUNITY MEMORIAL HOSPITAL HUNDLEY CENTER,SOUTH HILL,VA,Mecklenburg,117,2025Q2,20250508,94,8.0,8.0,0.0,38.55,38.55,0.0,25.2,25.2,0.0,0.0,0.0,0.0,68.55,68.55,0.0,153.71,153.71,0.0,0.0,0.0,0.0,0.0,0.0,0.0,
495177,COMMUNITY MEMORIAL HOSPITAL HUNDLEY CENTER,SOUTH HILL,VA,Mecklenburg,117,2025Q2,20250509,94,8.0,8.0,0.0,31.87,31.87,0.0,20.78,20.78,0.0,0.0,0.0,0.0,68.99,68.99,0.0,160.24,160.24,0.0,0.0,0.0,0.0,0.0,0.0,0.0,
495177,COMMUNITY MEMORIAL HOSPITAL HUNDLEY CENTER,SOUTH HILL,VA,Mecklenburg,117,2025Q2,20250510,94,0.0,0.0,0.0,0.0,0.0,0.0,8.7,8.7,0.0,0.0,0.0,0.0,74.87,74.87,0.0,130.84,130.84,0.0,0.0,0.0,0.0,0.0,0.0,0.0,
495177,COMMUNITY MEMORIAL HOSPITAL HUNDLEY CENTER,SOUTH HILL,VA,Mecklenburg,117,2025Q2,20250511,94,0.0,0.0,0.0,0.0,0.0,0.0,16.82,16.82,0.0,0.0,0.0,0.0,72.55,72.55,0.0,119.7,119.7,0.0,0.0,0.0,0.0,0.0,0.0,0.0,
495177,COMMUNITY MEMORIAL HOSPITAL HUNDLEY CENTER,SOUTH HILL,VA,Mecklenburg,117,2025Q2,20250512,95,8.0,8.0,0.0,34.57,34.57,0.0,9.23,9.23,0.0,0.0,0.0,0.0,68.94,68.94,0.0,129.0,129.0,0.0,0.0,0.0,0.0,0.0,0.0,0.0,
495177,COMMUNITY MEMORIAL HOSPITAL HUNDLEY CENTER,SOUTH HILL,VA,Mecklenburg,117,2025Q2,20250513,98,8.0,8.0,0.0,46.74,46.74,0.0,19.39,19.39,0.0,0.0,0.0,0.0,73.76,73.76,0.0,164.15,164.15,0.0,0.0,0.0,0.0,0.0,0.0,0.0,
495177,COMMUNITY MEMORIAL HOSPITAL HUNDLEY CENTER,SOUTH HILL,VA,Mecklenburg,117,2025Q2,20250514,97,8.0,8.0,0.0,34.05,34.05,0.0,13.86,13.86,0.0,0.0,0.0,0.0,75.22,75.22,0.0,170.53,170.53,0.0,0.0,0.0,0.0,0.0,0.0,0.0,
495177,COMMUNITY MEMORIAL HOSPITAL HUNDLEY CENTER,SOUTH HILL,VA,Mecklenburg,117,2025Q2,20250515,96,8.0,8.0,0.0,44.33,44.33,0.0,22.35,22.35,0.0,0.0,0.0,0.0,69.01,69.01,0.0,160.27,160.27,0.0,0.0,0.0,0.0,0.0,0.0,0.0,
495177,COMMUNITY MEMORIAL HOSPITAL HUNDLEY CENTER,SOUTH HILL,VA,Mecklenburg,117,2025Q2,20250516,97,8.0,8.0,0.0,32.3,32.3,0.0,19.06,19.06,0.0,0.0,0.0,0.0,75.4,75.4,0.0,131.71,131.71,0.0,0.0,0.0,0.0,0.0,0.0,0.0,
495177,COMMUNITY MEMORIAL HOSPITAL HUNDLEY CENTER,SOUTH HILL,VA,Mecklenburg,117,2025Q2,20250517,96,0.0,0.0,0.0,0.0,0.0,0.0,15.79,15.79,0.0,0.0,0.0,0.0,68.42,68.42,0.0,137.33,137.33,0.0,0.0,0.0,0.0,0.0,0.0,0.0,
495177,COMMUNITY MEMORIAL HOSPITAL HUNDLEY CENTER,SOUTH HILL,VA,Mecklenburg,117,2025Q2,20250518,96,0.0,0.0,0.0,0.0,0.0,0.0,18.8,18.8,0.0,0.0,0.0,0.0,61.64,61.64,0.0,125.33,125.33,0.0,0.0,0.0,0.0,0.0,0.0,0.0,
495177,COMMUNITY MEMORIAL HOSPITAL HUNDLEY CENTER,SOUTH HILL,VA,Mecklenburg,117,2025Q2,20250519,95,8.0,8.0,0.0,29.0,29.0,0.0,20.31,20.31,0.0,0.0,0.0,0.0,65.25,65.25,0.0,148.28,148.28,0.0,0.0,0.0,0.0,0.0,0.0,0.0,
495177,COMMUNITY MEMORIAL HOSPITAL HUNDLEY CENTER,SOUTH HILL,VA,Mecklenburg,117,2025Q2,20250520,94,8.0,8.0,0.0,36.7,36.7,0.0,23.95,23.95,0.0,0.0,0.0,0.0,69.29,69.29,0.0,144.65,144.65,0.0,0.0,0.0,0.0,0.0,0.0,0.0,
495177,COMMUNITY MEMORIAL HOSPITAL HUNDLEY CENTER,SOUTH HILL,VA,Mecklenburg,117,2025Q2,20250521,93,8.0,8.0,0.0,41.46,41.46,0.0,16.92,16.92,0.0,0.0,0.0,0.0,68.62,68.62,0.0,163.81,163.81,0.0,0.0,0.0,0.0,0.0,0.0,0.0,
495177,COMMUNITY MEMORIAL HOSPITAL HUNDLEY CENTER,SOUTH HILL,VA,Mecklenburg,117,2025Q2,20250522,93,8.0,8.0,0.0,36.36,36.36,0.0,20.86,20.86,0.0,0.0,0.0,0.0,72.87,72.87,0.0,180.66,180.66,0.0,0.0,0.0,0.0,0.0,0.0,0.0,
495177,COMMUNITY MEMORIAL HOSPITAL HUNDLEY CENTER,SOUTH HILL,VA,Mecklenburg,117,2025Q2,20250523,91,8.0,8.0,0.0,32.15,32.15,0.0,31.76,31.76,0.0,0.0,0.0,0.0,63.42,63.42,0.0,156.33,156.33,0.0,0.0,0.0,0.0,0.0,0.0,0.0,
495177,COMMUNITY MEMORIAL HOSPITAL HUNDLEY CENTER,SOUTH HILL,VA,Mecklenburg,117,2025Q2,20250524,91,0.0,0.0,0.0,0.0,0.0,0.0,12.17,12.17,0.0,0.0,0.0,0.0,54.27,54.27,0.0,145.36,145.36,0.0,0.0,0.0,0.0,0.0,0.0,0.0,
495177,COMMUNITY MEMORIAL HOSPITAL HUNDLEY CENTER,SOUTH HILL,VA,Mecklenburg,117,2025Q2,20250525,91,0.0,0.0,0.0,4.73,4.73,0.0,19.7,19.7,0.0,0.0,0.0,0.0,64.48,64.48,0.0,138.35,138.35,0.0,0.0,0.0,0.0,0.0,0.0,0.0,
495177,COMMUNITY MEMORIAL HOSPITAL HUNDLEY CENTER,SOUTH HILL,VA,Mecklenburg,117,2025Q2,20250526,91,8.0,8.0,0.0,24.18,24.18,0.0,11.32,11.32,0.0,0.0,0.0,0.0,57.9,57.9,0.0,182.01,182.01,0.0,0.0,0.0,0.0,0.0,0.0,0.0,
495177,COMMUNITY MEMORIAL HOSPITAL HUNDLEY CENTER,SOUTH HILL,VA,Mecklenburg,117,2025Q2,20250527,92,8.0,8.0,0.0,32.45,32.45,0.0,10.28,10.28,0.0,0.0,0.0,0.0,75.67,75.67,0.0,163.98,163.98,0.0,0.0,0.0,0.0,0.0,0.0,0.0,
495177,COMMUNITY MEMORIAL HOSPITAL HUNDLEY CENTER,SOUTH HILL,VA,Mecklenburg,117,2025Q2,20250528,94,8.0,8.0,0.0,41.43,41.43,0.0,12.5,12.5,0.0,0.0,0.0,0.0,72.56,72.56,0.0,173.1,173.1,0.0,0.0,0.0,0.0,0.0,0.0,0.0,
495177,COMMUNITY MEMORIAL HOSPITAL HUNDLEY CENTER,SOUTH HILL,VA,Mecklenburg,117,2025Q2,20250529,93,8.0,8.0,0.0,33.0,33.0,0.0,16.71,16.71,0.0,0.0,0.0,0.0,76.69,76.69,0.0,183.16,183.16,0.0,0.0,0.0,0.0,0.0,0.0,0.0,
495177,COMMUNITY MEMORIAL HOSPITAL HUNDLEY CENTER,SOUTH HILL,VA,Mecklenburg,117,2025Q2,20250530,93,8.0,8.0,0.0,16.0,16.0,0.0,26.74,26.74,0.0,0.0,0.0,0.0,63.28,63.28,0.0,146.0,146.0,0.0,0.0,0.0,0.0,0.0,0.0,0.0,
495177,COMMUNITY MEMORIAL HOSPITAL HUNDLEY CENTER,SOUTH HILL,VA,Mecklenburg,117,2025Q2,20250531,93,0.0,0.0,0.0,11.53,11.53,0.0,12.62,12.62,0.0,0.0,0.0,0.0,59.81,59.81,0.0,127.21,127.21,0.0,0.0,0.0,0.0,0.0,0.0,0.0,
495177,COMMUNITY MEMORIAL HOSPITAL HUNDLEY CENTER,SOUTH HILL,VA,Mecklenburg,117,2025Q2,20250601,93,0.0,0.0,0.0,0.0,0.0,0.0,12.67,12.67,0.0,0.0,0.0,0.0,69.56,69.56,0.0,125.58,125.58,0.0,0.0,0.0,0.0,0.0,0.0,0.0,
495177,COMMUNITY MEMORIAL HOSPITAL HUNDLEY CENTER,SOUTH HILL,VA,Mecklenburg,117,2025Q2,20250602,93,16.0,16.0,0.0,24.87,24.87,0.0,21.8,21.8,0.0,0.0,0.0,0.0,60.47,60.47,0.0,168.58,168.58,0.0,0.0,0.0,0.0,0.0,0.0,0.0,
495177,COMMUNITY MEMORIAL HOSPITAL HUNDLEY CENTER,SOUTH HILL,VA,Mecklenburg,117,2025Q2,20250603,92,16.0,16.0,0.0,13.82,13.82,0.0,25.46,25.46,0.0,0.0,0.0,0.0,61.18,61.18,0.0,196.83,196.83,0.0,0.0,0.0,0.0,0.0,0.0,0.0,
495177,COMMUNITY MEMORIAL HOSPITAL HUNDLEY CENTER,SOUTH HILL,VA,Mecklenburg,117,2025Q2,20250604,94,16.0,16.0,0.0,26.98,26.98,0.0,9.0,9.0,0.0,0.0,0.0,0.0,69.07,69.07,0.0,210.71,210.71,0.0,0.0,0.0,0.0,0.0,0.0,0.0,
495177,COMMUNITY MEMORIAL HOSPITAL HUNDLEY CENTER,SOUTH HILL,VA,Mecklenburg,117,2025Q2,20250605,95,16.0,16.0,0.0,15.38,15.38,0.0,16.02,16.02,0.0,0.0,0.0,0.0,65.75,65.75,0.0,201.63,201.63,0.0,0.0,0.0,0.0,0.0,0.0,0.0,
495177,COMMUNITY MEMORIAL HOSPITAL HUNDLEY CENTER,SOUTH HILL,VA,Mecklenburg,117,2025Q2,20250606,92,16.0,16.0,0.0,27.78,27.78,0.0,13.36,13.36,0.0,0.0,0.0,0.0,76.1,76.1,0.0,174.26,174.26,0.0,0.0,0.0,0.0,0.0,0.0,0.0,
495177,COMMUNITY MEMORIAL HOSPITAL HUNDLEY CENTER,SOUTH HILL,VA,Mecklenburg,117,2025Q2,20250607,92,0.0,0.0,0.0,0.0,0.0,0.0,14.12,14.12,0.0,0.0,0.0,0.0,66.91,66.91,0.0,136.51,136.51,0.0,0.0,0.0,0.0,0.0,0.0,0.0,
495177,COMMUNITY MEMORIAL HOSPITAL HUNDLEY CENTER,SOUTH HILL,VA,Mecklenburg,117,2025Q2,20250608,92,0.0,0.0,0.0,0.0,0.0,0.0,4.38,4.38,0.0,0.0,0.0,0.0,79.8,79.8,0.0,161.4,161.4,0.0,0.0,0.0,0.0,0.0,0.0,0.0,
495177,COMMUNITY MEMORIAL HOSPITAL HUNDLEY CENTER,SOUTH HILL,VA,Mecklenburg,117,2025Q2,20250609,92,16.0,16.0,0.0,30.81,30.81,0.0,9.12,9.12,0.0,0.0,0.0,0.0,75.88,75.88,0.0,149.7,149.7,0.0,0.0,0.0,0.0,0.0,0.0,0.0,
495177,COMMUNITY MEMORIAL HOSPITAL HUNDLEY CENTER,SOUTH HILL,VA,Mecklenburg,117,2025Q2,20250610,92,16.0,16.0,0.0,21.24,21.24,0.0,15.47,15.47,0.0,0.0,0.0,0.0,72.73,72.73,0.0,157.76,157.76,0.0,0.0,0.0,0.0,0.0,0.0,0.0,
495177,COMMUNITY MEMORIAL HOSPITAL HUNDLEY CENTER,SOUTH HILL,VA,Mecklenburg,117,2025Q2,20250611,97,8.0,8.0,0.0,29.12,29.12,0.0,12.23,12.23,0.0,0.0,0.0,0.0,78.73,78.73,0.0,180.28,180.28,0.0,0.0,0.0,0.0,0.0,0.0,0.0,
495177,COMMUNITY MEMORIAL HOSPITAL HUNDLEY CENTER,SOUTH HILL,VA,Mecklenburg,117,2025Q2,20250612,95,8.0,8.0,0.0,32.42,32.42,0.0,13.02,13.02,0.0,0.0,0.0,0.0,72.45,72.45,0.0,177.12,177.12,0.0,0.0,0.0,0.0,0.0,0.0,0.0,
495177,COMMUNITY MEMORIAL HOSPITAL HUNDLEY CENTER,SOUTH HILL,VA,Mecklenburg,117,2025Q2,20250613,94,8.0,8.0,0.0,27.26,27.26,0.0,9.05,9.05,0.0,0.0,0.0,0.0,78.33,78.33,0.0,183.15,183.15,0.0,0.0,0.0,0.0,0.0,0.0,0.0,
495177,COMMUNITY MEMORIAL HOSPITAL HUNDLEY CENTER,SOUTH HILL,VA,Mecklenburg,117,2025Q2,20250614,94,0.0,0.0,0.0,0.0,0.0,0.0,20.32,20.32,0.0,0.0,0.0,0.0,62.7,62.7,0.0,151.93,151.93,0.0,0.0,0.0,0.0,0.0,0.0,0.0,
495177,COMMUNITY MEMORIAL HOSPITAL HUNDLEY CENTER,SOUTH HILL,VA,Mecklenburg,117,2025Q2,20250615,94,0.0,0.0,0.0,0.0,0.0,0.0,20.37,20.37,0.0,0.0,0.0,0.0,61.99,61.99,0.0,144.98,144.98,0.0,0.0,0.0,0.0,0.0,0.0,0.0,
495177,COMMUNITY MEMORIAL HOSPITAL HUNDLEY CENTER,SOUTH HILL,VA,Mecklenburg,117,2025Q2,20250616,94,8.0,8.0,0.0,44.11,44.11,0.0,7.97,7.97,0.0,0.0,0.0,0.0,71.05,71.05,0.0,170.64,170.64,0.0,0.0,0.0,0.0,0.0,0.0,0.0,
495177,COMMUNITY MEMORIAL HOSPITAL HUNDLEY CENTER,SOUTH HILL,VA,Mecklenburg,117,2025Q2,20250617,93,8.0,8.0,0.0,41.87,41.87,0.0,10.18,10.18,0.0,2.75,2.75,0.0,79.51,79.51,0.0,199.34,199.34,0.0,0.0,0.0,0.0,0.0,0.0,0.0,
495177,COMMUNITY MEMORIAL HOSPITAL HUNDLEY CENTER,SOUTH HILL,VA,Mecklenburg,117,2025Q2,20250618,94,8.0,8.0,0.0,55.42,55.42,0.0,4.67,4.67,0.0,7.2,7.2,0.0,80.03,80.03,0.0,186.88,186.88,0.0,0.0,0.0,0.0,0.0,0.0,0.0,
495177,COMMUNITY MEMORIAL HOSPITAL HUNDLEY CENTER,SOUTH HILL,VA,Mecklenburg,117,2025Q2,20250619,93,8.0,8.0,0.0,44.55,44.55,0.0,25.55,25.55,0.0,8.1,8.1,0.0,66.2,66.2,0.0,183.49,183.49,0.0,0.0,0.0,0.0,0.0,0.0,0.0,
495177,COMMUNITY MEMORIAL HOSPITAL HUNDLEY CENTER,SOUTH HILL,VA,Mecklenburg,117,2025Q2,20250620,93,8.0,8.0,0.0,23.35,23.35,0.0,19.1,19.1,0.0,7.43,7.43,0.0,69.59,69.59,0.0,173.84,173.84,0.0,0.0,0.0,0.0,0.0,0.0,0.0,
495177,COMMUNITY MEMORIAL HOSPITAL HUNDLEY CENTER,SOUTH HILL,VA,Mecklenburg,117,2025Q2,20250621,94,0.0,0.0,0.0,0.0,0.0,0.0,0.0,0.0,0.0,0.0,0.0,0.0,81.91,81.91,0.0,142.13,142.13,0.0,0.0,0.0,0.0,0.0,0.0,0.0,
495177,COMMUNITY MEMORIAL HOSPITAL HUNDLEY CENTER,SOUTH HILL,VA,Mecklenburg,117,2025Q2,20250622,93,0.0,0.0,0.0,0.0,0.0,0.0,0.0,0.0,0.0,0.0,0.0,0.0,81.26,81.26,0.0,110.33,110.33,0.0,0.0,0.0,0.0,0.0,0.0,0.0,
495177,COMMUNITY MEMORIAL HOSPITAL HUNDLEY CENTER,SOUTH HILL,VA,Mecklenburg,117,2025Q2,20250623,93,8.0,8.0,0.0,22.5,22.5,0.0,22.35,22.35,0.0,7.93,7.93,0.0,84.57,84.57,0.0,172.96,172.96,0.0,0.0,0.0,0.0,0.0,0.0,0.0,
495177,COMMUNITY MEMORIAL HOSPITAL HUNDLEY CENTER,SOUTH HILL,VA,Mecklenburg,117,2025Q2,20250624,94,8.0,8.0,0.0,36.65,36.65,0.0,17.66,17.66,0.0,0.0,0.0,0.0,74.62,74.62,0.0,179.3,179.3,0.0,0.0,0.0,0.0,0.0,0.0,0.0,
495177,COMMUNITY MEMORIAL HOSPITAL HUNDLEY CENTER,SOUTH HILL,VA,Mecklenburg,117,2025Q2,20250625,93,8.0,8.0,0.0,41.26,41.26,0.0,16.45,16.45,0.0,8.25,8.25,0.0,82.45,82.45,0.0,174.49,174.49,0.0,0.0,0.0,0.0,0.0,0.0,0.0,
495177,COMMUNITY MEMORIAL HOSPITAL HUNDLEY CENTER,SOUTH HILL,VA,Mecklenburg,117,2025Q2,20250626,93,8.0,8.0,0.0,37.57,37.57,0.0,0.0,0.0,0.0,3.65,3.65,0.0,98.24,98.24,0.0,197.98,197.98,0.0,0.0,0.0,0.0,0.0,0.0,0.0,
495177,COMMUNITY MEMORIAL HOSPITAL HUNDLEY CENTER,SOUTH HILL,VA,Mecklenburg,117,2025Q2,20250627,93,8.0,8.0,0.0,8.02,8.02,0.0,28.31,28.31,0.0,7.6,7.6,0.0,79.86,79.86,0.0,170.86,170.86,0.0,0.0,0.0,0.0,0.0,0.0,0.0,
495177,COMMUNITY MEMORIAL HOSPITAL HUNDLEY CENTER,SOUTH HILL,VA,Mecklenburg,117,2025Q2,20250628,93,0.0,0.0,0.0,0.0,0.0,0.0,21.86,21.86,0.0,0.0,0.0,0.0,62.71,62.71,0.0,144.67,144.67,0.0,0.0,0.0,0.0,0.0,0.0,0.0,
495177,COMMUNITY MEMORIAL HOSPITAL HUNDLEY CENTER,SOUTH HILL,VA,Mecklenburg,117,2025Q2,20250629,93,0.0,0.0,0.0,0.0,0.0,0.0,19.76,19.76,0.0,0.0,0.0,0.0,61.15,61.15,0.0,130.53,130.53,0.0,0.0,0.0,0.0,0.0,0.0,0.0,
495177,COMMUNITY MEMORIAL HOSPITAL HUNDLEY CENTER,SOUTH HILL,VA,Mecklenburg,117,2025Q2,20250630,97,8.0,8.0,0.0,24.28,24.28,0.0,7.98,7.98,0.0,0.0,0.0,0.0,97.03,97.03,0.0,160.77,160.77,0.0,0.0,0.0,0.0,0.0,0.0,0.0,
