PROVNUM,PROVNAME,CITY,STATE,COUNTY_NAME,COUNTY_FIPS,CY_Qtr,WorkDate,MDScensus,Hrs_RNDON,Hrs_RNDON_emp,Hrs_RNDON_ctr,Hrs_RNadmin,Hrs_RNadmin_emp,Hrs_RNadmin_ctr,Hrs_RN,Hrs_RN_emp,Hrs_RN_ctr,Hrs_LPNadmin,Hrs_LPNadmin_emp,Hrs_LPNadmin_ctr,Hrs_LPN,Hrs_LPN_emp,Hrs_LPN_ctr,Hrs_CNA,Hrs_CNA_emp,Hrs_CNA_ctr,Hrs_NAtrn,Hrs_NAtrn_emp,Hrs_NAtrn_ctr,Hrs_MedAide,Hrs_MedAide_emp,Hrs_MedAide_ctr,Hrs_RNDON.1
335513,SEAGATE REHABILITATION AND NURSING CENTER,BROOKLYN,NY,Kings,47,2017Q1,20170101,347,0.0,0.0,0.0,28.8,28.8,0.0,42.07,42.07,0.0,0.0,0.0,0.0,172.45,163.45,9.0,718.48,674.48,44.0,0.0,0.0,0.0,0.0,0.0,0.0,
335513,SEAGATE REHABILITATION AND NURSING CENTER,BROOKLYN,NY,Kings,47,2017Q1,20170102,344,0.0,0.0,0.0,48.0,48.0,0.0,51.12,51.12,0.0,0.0,0.0,0.0,221.34,207.34,14.0,715.15,673.12,42.03,0.0,0.0,0.0,0.0,0.0,0.0,
335513,SEAGATE REHABILITATION AND NURSING CENTER,BROOKLYN,NY,Kings,47,2017Q1,20170103,347,7.0,7.0,0.0,42.32,42.32,0.0,74.77,74.77,0.0,0.0,0.0,0.0,217.77,203.77,14.0,798.53,781.7,16.83,0.0,0.0,0.0,0.0,0.0,0.0,
335513,SEAGATE REHABILITATION AND NURSING CENTER,BROOKLYN,NY,Kings,47,2017Q1,20170104,348,7.0,7.0,0.0,64.78,64.78,0.0,65.1,65.1,0.0,0.0,0.0,0.0,230.98,219.0,11.98,769.91,737.31,32.6,0.0,0.0,0.0,0.0,0.0,0.0,
335513,SEAGATE REHABILITATION AND NURSING CENTER,BROOKLYN,NY,Kings,47,2017Q1,20170105,347,7.0,7.0,0.0,62.65,62.65,0.0,67.97,67.97,0.0,0.0,0.0,0.0,223.52,216.52,7.0,783.32,747.54,35.78,0.0,0.0,0.0,0.0,0.0,0.0,
335513,SEAGATE REHABILITATION AND NURSING CENTER,BROOKLYN,NY,Kings,47,2017Q1,20170106,346,7.0,7.0,0.0,59.45,59.45,0.0,63.63,63.63,0.0,0.0,0.0,0.0,247.91,240.91,7.0,739.41,714.84,24.57,0.0,0.0,0.0,0.0,0.0,0.0,
335513,SEAGATE REHABILITATION AND NURSING CENTER,BROOKLYN,NY,Kings,47,2017Q1,20170107,346,0.0,0.0,0.0,30.05,30.05,0.0,30.05,30.05,0.0,0.0,0.0,0.0,229.87,220.87,9.0,737.48,687.48,50.0,0.0,0.0,0.0,0.0,0.0,0.0,
335513,SEAGATE REHABILITATION AND NURSING CENTER,BROOKLYN,NY,Kings,47,2017Q1,20170108,343,0.0,0.0,0.0,34.48,34.48,0.0,41.68,41.68,0.0,0.0,0.0,0.0,230.51,218.51,12.0,741.22,713.24,27.98,0.0,0.0,0.0,0.0,0.0,0.0,
335513,SEAGATE REHABILITATION AND NURSING CENTER,BROOKLYN,NY,Kings,47,2017Q1,20170109,346,7.0,7.0,0.0,65.72,65.72,0.0,65.6,65.6,0.0,0.0,0.0,0.0,225.6,225.6,0.0,764.85,764.85,0.0,0.0,0.0,0.0,0.0,0.0,0.0,
335513,SEAGATE REHABILITATION AND NURSING CENTER,BROOKLYN,NY,Kings,47,2017Q1,20170110,345,7.0,7.0,0.0,63.18,63.18,0.0,65.1,65.1,0.0,0.0,0.0,0.0,249.37,242.37,7.0,780.23,776.23,4.0,0.0,0.0,0.0,0.0,0.0,0.0,
335513,SEAGATE REHABILITATION AND NURSING CENTER,BROOKLYN,NY,Kings,47,2017Q1,20170111,349,7.0,7.0,0.0,76.56,76.56,0.0,58.55,58.55,0.0,0.0,0.0,0.0,255.52,248.52,7.0,789.05,777.05,12.0,0.0,0.0,0.0,0.0,0.0,0.0,
335513,SEAGATE REHABILITATION AND NURSING CENTER,BROOKLYN,NY,Kings,47,2017Q1,20170112,349,7.0,7.0,0.0,54.05,54.05,0.0,76.83,76.83,0.0,0.0,0.0,0.0,233.54,226.54,7.0,782.87,770.87,12.0,0.0,0.0,0.0,0.0,0.0,0.0,
335513,SEAGATE REHABILITATION AND NURSING CENTER,BROOKLYN,NY,Kings,47,2017Q1,20170113,346,0.0,0.0,0.0,62.82,62.82,0.0,60.65,60.65,0.0,0.0,0.0,0.0,239.72,232.72,7.0,756.21,742.21,14.0,0.0,0.0,0.0,0.0,0.0,0.0,
335513,SEAGATE REHABILITATION AND NURSING CENTER,BROOKLYN,NY,Kings,47,2017Q1,20170114,345,0.0,0.0,0.0,39.77,39.77,0.0,44.89,44.89,0.0,0.0,0.0,0.0,227.64,221.11,6.53,744.99,735.99,9.0,0.0,0.0,0.0,0.0,0.0,0.0,
335513,SEAGATE REHABILITATION AND NURSING CENTER,BROOKLYN,NY,Kings,47,2017Q1,20170115,345,0.0,0.0,0.0,34.9,34.9,0.0,48.21,48.21,0.0,0.0,0.0,0.0,211.4,211.4,0.0,716.97,693.97,23.0,0.0,0.0,0.0,0.0,0.0,0.0,
335513,SEAGATE REHABILITATION AND NURSING CENTER,BROOKLYN,NY,Kings,47,2017Q1,20170116,343,0.0,0.0,0.0,34.62,34.62,0.0,48.97,48.97,0.0,0.0,0.0,0.0,223.28,216.28,7.0,752.42,742.42,10.0,0.0,0.0,0.0,0.0,0.0,0.0,
335513,SEAGATE REHABILITATION AND NURSING CENTER,BROOKLYN,NY,Kings,47,2017Q1,20170117,342,0.0,0.0,0.0,56.23,56.23,0.0,60.92,60.92,0.0,0.0,0.0,0.0,230.4,223.4,7.0,777.0,763.03,13.97,0.0,0.0,0.0,0.0,0.0,0.0,
335513,SEAGATE REHABILITATION AND NURSING CENTER,BROOKLYN,NY,Kings,47,2017Q1,20170118,343,0.0,0.0,0.0,58.16,58.16,0.0,58.23,58.23,0.0,0.0,0.0,0.0,239.57,239.57,0.0,764.08,762.08,2.0,0.0,0.0,0.0,0.0,0.0,0.0,
335513,SEAGATE REHABILITATION AND NURSING CENTER,BROOKLYN,NY,Kings,47,2017Q1,20170119,342,0.0,0.0,0.0,56.57,56.57,0.0,74.93,74.93,0.0,0.0,0.0,0.0,235.48,235.48,0.0,795.9,788.9,7.0,0.0,0.0,0.0,0.0,0.0,0.0,
335513,SEAGATE REHABILITATION AND NURSING CENTER,BROOKLYN,NY,Kings,47,2017Q1,20170120,340,0.0,0.0,0.0,69.63,69.63,0.0,67.79,67.79,0.0,0.0,0.0,0.0,229.0,213.0,16.0,769.77,746.84,22.93,0.0,0.0,0.0,0.0,0.0,0.0,
335513,SEAGATE REHABILITATION AND NURSING CENTER,BROOKLYN,NY,Kings,47,2017Q1,20170121,340,0.0,0.0,0.0,39.52,39.52,0.0,44.35,44.35,0.0,0.0,0.0,0.0,216.95,204.95,12.0,770.09,730.09,40.0,0.0,0.0,0.0,0.0,0.0,0.0,
335513,SEAGATE REHABILITATION AND NURSING CENTER,BROOKLYN,NY,Kings,47,2017Q1,20170122,340,0.0,0.0,0.0,34.73,34.73,0.0,46.42,46.42,0.0,0.0,0.0,0.0,205.25,198.25,7.0,765.93,739.93,26.0,0.0,0.0,0.0,0.0,0.0,0.0,
335513,SEAGATE REHABILITATION AND NURSING CENTER,BROOKLYN,NY,Kings,47,2017Q1,20170123,341,7.0,7.0,0.0,56.43,56.43,0.0,68.13,68.13,0.0,0.0,0.0,0.0,201.97,194.97,7.0,774.83,772.83,2.0,0.0,0.0,0.0,0.0,0.0,0.0,
335513,SEAGATE REHABILITATION AND NURSING CENTER,BROOKLYN,NY,Kings,47,2017Q1,20170124,342,7.0,7.0,0.0,58.38,58.38,0.0,62.82,62.82,0.0,0.0,0.0,0.0,225.18,211.18,14.0,764.64,747.64,17.0,0.0,0.0,0.0,0.0,0.0,0.0,
335513,SEAGATE REHABILITATION AND NURSING CENTER,BROOKLYN,NY,Kings,47,2017Q1,20170125,342,7.0,7.0,0.0,62.65,62.65,0.0,58.23,58.23,0.0,0.0,0.0,0.0,251.71,237.71,14.0,774.21,772.21,2.0,0.0,0.0,0.0,0.0,0.0,0.0,
335513,SEAGATE REHABILITATION AND NURSING CENTER,BROOKLYN,NY,Kings,47,2017Q1,20170126,340,7.0,7.0,0.0,68.28,68.28,0.0,69.94,69.94,0.0,0.0,0.0,0.0,237.95,237.95,0.0,779.38,774.38,5.0,0.0,0.0,0.0,0.0,0.0,0.0,
335513,SEAGATE REHABILITATION AND NURSING CENTER,BROOKLYN,NY,Kings,47,2017Q1,20170127,340,7.0,7.0,0.0,63.03,63.03,0.0,60.85,60.85,0.0,0.0,0.0,0.0,242.75,235.75,7.0,753.68,739.86,13.82,0.0,0.0,0.0,0.0,0.0,0.0,
335513,SEAGATE REHABILITATION AND NURSING CENTER,BROOKLYN,NY,Kings,47,2017Q1,20170128,338,0.0,0.0,0.0,39.62,39.62,0.0,37.25,37.25,0.0,0.0,0.0,0.0,223.71,223.71,0.0,746.68,744.68,2.0,0.0,0.0,0.0,0.0,0.0,0.0,
335513,SEAGATE REHABILITATION AND NURSING CENTER,BROOKLYN,NY,Kings,47,2017Q1,20170129,335,0.0,0.0,0.0,35.32,35.32,0.0,46.9,46.9,0.0,0.0,0.0,0.0,216.95,216.95,0.0,731.4,710.4,21.0,0.0,0.0,0.0,0.0,0.0,0.0,
335513,SEAGATE REHABILITATION AND NURSING CENTER,BROOKLYN,NY,Kings,47,2017Q1,20170130,338,7.0,7.0,0.0,49.12,49.12,0.0,65.09,65.09,0.0,0.0,0.0,0.0,224.0,217.0,7.0,771.82,760.94,10.88,0.0,0.0,0.0,0.0,0.0,0.0,
335513,SEAGATE REHABILITATION AND NURSING CENTER,BROOKLYN,NY,Kings,47,2017Q1,20170131,337,7.0,7.0,0.0,50.95,50.95,0.0,60.77,60.77,0.0,0.0,0.0,0.0,229.52,229.52,0.0,794.92,777.07,17.85,0.0,0.0,0.0,0.0,0.0,0.0,
335513,SEAGATE REHABILITATION AND NURSING CENTER,BROOKLYN,NY,Kings,47,2017Q1,20170201,339,7.0,7.0,0.0,63.52,63.52,0.0,64.96,64.96,0.0,0.0,0.0,0.0,244.97,244.97,0.0,801.07,787.07,14.0,0.0,0.0,0.0,0.0,0.0,0.0,
335513,SEAGATE REHABILITATION AND NURSING CENTER,BROOKLYN,NY,Kings,47,2017Q1,20170202,340,7.0,7.0,0.0,73.43,73.43,0.0,75.03,75.03,0.0,0.0,0.0,0.0,214.73,207.73,7.0,776.27,765.82,10.45,0.0,0.0,0.0,0.0,0.0,0.0,
335513,SEAGATE REHABILITATION AND NURSING CENTER,BROOKLYN,NY,Kings,47,2017Q1,20170203,340,7.0,7.0,0.0,69.85,69.85,0.0,51.54,51.54,0.0,0.0,0.0,0.0,218.61,218.61,0.0,747.55,739.15,8.4,0.0,0.0,0.0,0.0,0.0,0.0,
335513,SEAGATE REHABILITATION AND NURSING CENTER,BROOKLYN,NY,Kings,47,2017Q1,20170204,341,0.0,0.0,0.0,39.62,39.62,0.0,44.0,44.0,0.0,0.0,0.0,0.0,226.0,219.0,7.0,753.49,725.16,28.33,0.0,0.0,0.0,0.0,0.0,0.0,
335513,SEAGATE REHABILITATION AND NURSING CENTER,BROOKLYN,NY,Kings,47,2017Q1,20170205,339,0.0,0.0,0.0,35.22,35.22,0.0,53.7,53.7,0.0,0.0,0.0,0.0,211.78,204.78,7.0,746.03,727.05,18.98,0.0,0.0,0.0,0.0,0.0,0.0,
335513,SEAGATE REHABILITATION AND NURSING CENTER,BROOKLYN,NY,Kings,47,2017Q1,20170206,342,7.0,7.0,0.0,58.43,58.43,0.0,81.98,81.98,0.0,0.0,0.0,0.0,211.95,211.95,0.0,727.52,722.64,4.88,0.0,0.0,0.0,0.0,0.0,0.0,
335513,SEAGATE REHABILITATION AND NURSING CENTER,BROOKLYN,NY,Kings,47,2017Q1,20170207,342,7.0,7.0,0.0,62.61,62.61,0.0,55.78,55.78,0.0,0.0,0.0,0.0,230.93,230.93,0.0,763.15,755.12,8.03,0.0,0.0,0.0,0.0,0.0,0.0,
335513,SEAGATE REHABILITATION AND NURSING CENTER,BROOKLYN,NY,Kings,47,2017Q1,20170208,342,7.0,7.0,0.0,58.74,58.74,0.0,67.1,67.1,0.0,0.0,0.0,0.0,219.59,219.59,0.0,758.32,746.32,12.0,0.0,0.0,0.0,0.0,0.0,0.0,
335513,SEAGATE REHABILITATION AND NURSING CENTER,BROOKLYN,NY,Kings,47,2017Q1,20170209,348,7.0,7.0,0.0,48.72,48.72,0.0,89.06,89.06,0.0,0.0,0.0,0.0,177.0,177.0,0.0,728.61,719.61,9.0,0.0,0.0,0.0,0.0,0.0,0.0,
335513,SEAGATE REHABILITATION AND NURSING CENTER,BROOKLYN,NY,Kings,47,2017Q1,20170210,350,7.0,7.0,0.0,65.93,65.93,0.0,53.82,53.82,0.0,0.0,0.0,0.0,211.12,211.12,0.0,742.1,735.1,7.0,0.0,0.0,0.0,0.0,0.0,0.0,
335513,SEAGATE REHABILITATION AND NURSING CENTER,BROOKLYN,NY,Kings,47,2017Q1,20170211,349,0.0,0.0,0.0,30.02,30.02,0.0,44.52,44.52,0.0,0.0,0.0,0.0,203.0,203.0,0.0,729.27,724.27,5.0,0.0,0.0,0.0,0.0,0.0,0.0,
335513,SEAGATE REHABILITATION AND NURSING CENTER,BROOKLYN,NY,Kings,47,2017Q1,20170212,348,0.0,0.0,0.0,27.4,27.4,0.0,39.41,39.41,0.0,0.0,0.0,0.0,202.65,202.65,0.0,725.43,725.43,0.0,0.0,0.0,0.0,0.0,0.0,0.0,
335513,SEAGATE REHABILITATION AND NURSING CENTER,BROOKLYN,NY,Kings,47,2017Q1,20170213,347,7.0,7.0,0.0,52.35,52.35,0.0,72.29,72.29,0.0,0.0,0.0,0.0,207.92,207.92,0.0,765.22,755.25,9.97,0.0,0.0,0.0,0.0,0.0,0.0,
335513,SEAGATE REHABILITATION AND NURSING CENTER,BROOKLYN,NY,Kings,47,2017Q1,20170214,348,7.0,7.0,0.0,62.63,62.63,0.0,60.76,60.76,0.0,0.0,0.0,0.0,225.5,225.5,0.0,744.76,734.24,10.52,0.0,0.0,0.0,0.0,0.0,0.0,
335513,SEAGATE REHABILITATION AND NURSING CENTER,BROOKLYN,NY,Kings,47,2017Q1,20170215,347,7.0,7.0,0.0,63.22,63.22,0.0,65.26,65.26,0.0,0.0,0.0,0.0,235.49,235.49,0.0,776.58,773.86,2.72,0.0,0.0,0.0,0.0,0.0,0.0,
335513,SEAGATE REHABILITATION AND NURSING CENTER,BROOKLYN,NY,Kings,47,2017Q1,20170216,349,7.0,7.0,0.0,63.1,63.1,0.0,76.77,76.77,0.0,0.0,0.0,0.0,216.88,216.88,0.0,764.89,756.79,8.1,0.0,0.0,0.0,0.0,0.0,0.0,
335513,SEAGATE REHABILITATION AND NURSING CENTER,BROOKLYN,NY,Kings,47,2017Q1,20170217,351,7.0,7.0,0.0,59.98,59.98,0.0,54.0,54.0,0.0,0.0,0.0,0.0,234.61,229.48,5.13,765.36,751.84,13.52,0.0,0.0,0.0,0.0,0.0,0.0,
335513,SEAGATE REHABILITATION AND NURSING CENTER,BROOKLYN,NY,Kings,47,2017Q1,20170218,350,0.0,0.0,0.0,38.98,38.98,0.0,36.72,36.72,0.0,0.0,0.0,0.0,196.2,196.2,0.0,755.16,739.16,16.0,0.0,0.0,0.0,0.0,0.0,0.0,
335513,SEAGATE REHABILITATION AND NURSING CENTER,BROOKLYN,NY,Kings,47,2017Q1,20170219,350,0.0,0.0,0.0,42.25,42.25,0.0,44.77,44.77,0.0,0.0,0.0,0.0,197.5,197.5,0.0,747.14,733.14,14.0,0.0,0.0,0.0,0.0,0.0,0.0,
335513,SEAGATE REHABILITATION AND NURSING CENTER,BROOKLYN,NY,Kings,47,2017Q1,20170220,348,0.0,0.0,0.0,42.15,42.15,0.0,18.85,18.85,0.0,0.0,0.0,0.0,216.87,216.87,0.0,734.7,725.7,9.0,0.0,0.0,0.0,0.0,0.0,0.0,
335513,SEAGATE REHABILITATION AND NURSING CENTER,BROOKLYN,NY,Kings,47,2017Q1,20170221,351,7.0,7.0,0.0,51.27,51.27,0.0,48.75,48.75,0.0,0.0,0.0,0.0,228.61,228.61,0.0,782.06,759.88,22.18,0.0,0.0,0.0,0.0,0.0,0.0,
335513,SEAGATE REHABILITATION AND NURSING CENTER,BROOKLYN,NY,Kings,47,2017Q1,20170222,350,7.0,7.0,0.0,62.83,62.83,0.0,51.1,51.1,0.0,0.0,0.0,0.0,235.87,235.87,0.0,759.54,748.34,11.2,0.0,0.0,0.0,0.0,0.0,0.0,
335513,SEAGATE REHABILITATION AND NURSING CENTER,BROOKLYN,NY,Kings,47,2017Q1,20170223,350,7.0,7.0,0.0,63.1,63.1,0.0,49.05,49.05,0.0,0.0,0.0,0.0,230.67,230.67,0.0,746.34,742.26,4.08,0.0,0.0,0.0,0.0,0.0,0.0,
335513,SEAGATE REHABILITATION AND NURSING CENTER,BROOKLYN,NY,Kings,47,2017Q1,20170224,352,7.0,7.0,0.0,63.05,63.05,0.0,53.85,53.85,0.0,0.0,0.0,0.0,206.74,200.52,6.22,779.84,758.35,21.49,0.0,0.0,0.0,0.0,0.0,0.0,
335513,SEAGATE REHABILITATION AND NURSING CENTER,BROOKLYN,NY,Kings,47,2017Q1,20170225,350,0.0,0.0,0.0,39.53,39.53,0.0,30.3,30.3,0.0,0.0,0.0,0.0,217.88,211.26,6.62,745.41,724.41,21.0,0.0,0.0,0.0,0.0,0.0,0.0,
335513,SEAGATE REHABILITATION AND NURSING CENTER,BROOKLYN,NY,Kings,47,2017Q1,20170226,350,0.0,0.0,0.0,35.2,35.2,0.0,25.7,25.7,0.0,0.0,0.0,0.0,225.51,225.51,0.0,712.07,698.07,14.0,0.0,0.0,0.0,0.0,0.0,0.0,
335513,SEAGATE REHABILITATION AND NURSING CENTER,BROOKLYN,NY,Kings,47,2017Q1,20170227,351,7.0,7.0,0.0,51.23,51.23,0.0,60.27,60.27,0.0,0.0,0.0,0.0,231.68,231.68,0.0,747.18,732.96,14.22,0.0,0.0,0.0,0.0,0.0,0.0,
335513,SEAGATE REHABILITATION AND NURSING CENTER,BROOKLYN,NY,Kings,47,2017Q1,20170228,348,7.0,7.0,0.0,49.18,49.18,0.0,67.85,67.85,0.0,0.0,0.0,0.0,222.57,222.57,0.0,770.63,762.15,8.48,0.0,0.0,0.0,0.0,0.0,0.0,
335513,SEAGATE REHABILITATION AND NURSING CENTER,BROOKLYN,NY,Kings,47,2017Q1,20170301,346,7.0,7.0,0.0,55.76,55.76,0.0,65.38,65.38,0.0,0.0,0.0,0.0,230.65,230.65,0.0,748.53,746.66,1.87,0.0,0.0,0.0,0.0,0.0,0.0,
335513,SEAGATE REHABILITATION AND NURSING CENTER,BROOKLYN,NY,Kings,47,2017Q1,20170302,346,7.0,7.0,0.0,48.87,48.87,0.0,74.67,74.67,0.0,0.0,0.0,0.0,218.93,218.93,0.0,727.39,720.39,7.0,0.0,0.0,0.0,0.0,0.0,0.0,
335513,SEAGATE REHABILITATION AND NURSING CENTER,BROOKLYN,NY,Kings,47,2017Q1,20170303,345,7.0,7.0,0.0,53.91,53.91,0.0,62.93,62.93,0.0,0.0,0.0,0.0,221.41,214.68,6.73,760.74,755.74,5.0,0.0,0.0,0.0,0.0,0.0,0.0,
335513,SEAGATE REHABILITATION AND NURSING CENTER,BROOKLYN,NY,Kings,47,2017Q1,20170304,345,0.0,0.0,0.0,27.59,27.59,0.0,39.66,39.66,0.0,0.0,0.0,0.0,202.66,202.66,0.0,728.49,728.49,0.0,0.0,0.0,0.0,0.0,0.0,0.0,
335513,SEAGATE REHABILITATION AND NURSING CENTER,BROOKLYN,NY,Kings,47,2017Q1,20170305,344,0.0,0.0,0.0,35.35,35.35,0.0,37.43,37.43,0.0,0.0,0.0,0.0,218.04,218.04,0.0,732.52,732.52,0.0,0.0,0.0,0.0,0.0,0.0,0.0,
335513,SEAGATE REHABILITATION AND NURSING CENTER,BROOKLYN,NY,Kings,47,2017Q1,20170306,348,7.0,7.0,0.0,50.99,50.99,0.0,55.97,55.97,0.0,0.0,0.0,0.0,229.51,229.51,0.0,733.94,724.81,9.13,0.0,0.0,0.0,0.0,0.0,0.0,
335513,SEAGATE REHABILITATION AND NURSING CENTER,BROOKLYN,NY,Kings,47,2017Q1,20170307,349,7.0,7.0,0.0,42.45,42.45,0.0,60.85,60.85,0.0,0.0,0.0,0.0,225.75,225.75,0.0,746.93,746.61,0.32,0.0,0.0,0.0,0.0,0.0,0.0,
335513,SEAGATE REHABILITATION AND NURSING CENTER,BROOKLYN,NY,Kings,47,2017Q1,20170308,346,7.0,7.0,0.0,55.98,55.98,0.0,51.0,51.0,0.0,0.0,0.0,0.0,237.8,237.8,0.0,766.54,763.66,2.88,0.0,0.0,0.0,0.0,0.0,0.0,
335513,SEAGATE REHABILITATION AND NURSING CENTER,BROOKLYN,NY,Kings,47,2017Q1,20170309,345,7.0,7.0,0.0,55.8,55.8,0.0,49.03,49.03,0.0,0.0,0.0,0.0,221.98,221.98,0.0,752.47,747.81,4.66,0.0,0.0,0.0,0.0,0.0,0.0,
335513,SEAGATE REHABILITATION AND NURSING CENTER,BROOKLYN,NY,Kings,47,2017Q1,20170310,347,7.0,7.0,0.0,57.0,57.0,0.0,46.97,46.97,0.0,0.0,0.0,0.0,190.4,190.4,0.0,749.94,742.71,7.23,0.0,0.0,0.0,0.0,0.0,0.0,
335513,SEAGATE REHABILITATION AND NURSING CENTER,BROOKLYN,NY,Kings,47,2017Q1,20170311,347,0.0,0.0,0.0,31.92,31.92,0.0,37.25,37.25,0.0,0.0,0.0,0.0,237.8,230.97,6.83,723.47,723.47,0.0,0.0,0.0,0.0,0.0,0.0,0.0,
335513,SEAGATE REHABILITATION AND NURSING CENTER,BROOKLYN,NY,Kings,47,2017Q1,20170312,346,0.0,0.0,0.0,46.88,46.88,0.0,29.87,29.87,0.0,0.0,0.0,0.0,197.55,197.55,0.0,730.71,729.38,1.33,0.0,0.0,0.0,0.0,0.0,0.0,
335513,SEAGATE REHABILITATION AND NURSING CENTER,BROOKLYN,NY,Kings,47,2017Q1,20170313,347,7.0,7.0,0.0,42.0,42.0,0.0,49.14,49.14,0.0,0.0,0.0,0.0,214.46,214.46,0.0,795.03,785.8,9.23,0.0,0.0,0.0,0.0,0.0,0.0,
335513,SEAGATE REHABILITATION AND NURSING CENTER,BROOKLYN,NY,Kings,47,2017Q1,20170314,348,7.0,7.0,0.0,30.0,30.0,0.0,55.9,55.9,0.0,0.0,0.0,0.0,199.64,199.64,0.0,678.77,678.77,0.0,0.0,0.0,0.0,0.0,0.0,0.0,
335513,SEAGATE REHABILITATION AND NURSING CENTER,BROOKLYN,NY,Kings,47,2017Q1,20170315,349,7.0,7.0,0.0,44.01,44.01,0.0,63.15,63.15,0.0,0.0,0.0,0.0,218.08,218.08,0.0,735.3,735.3,0.0,0.0,0.0,0.0,0.0,0.0,0.0,
335513,SEAGATE REHABILITATION AND NURSING CENTER,BROOKLYN,NY,Kings,47,2017Q1,20170316,348,7.0,7.0,0.0,48.89,48.89,0.0,53.95,53.95,0.0,0.0,0.0,0.0,224.69,224.69,0.0,751.73,747.66,4.07,0.0,0.0,0.0,0.0,0.0,0.0,
335513,SEAGATE REHABILITATION AND NURSING CENTER,BROOKLYN,NY,Kings,47,2017Q1,20170317,348,7.0,7.0,0.0,55.68,55.68,0.0,48.88,48.88,0.0,0.0,0.0,0.0,243.97,243.97,0.0,763.65,759.22,4.43,0.0,0.0,0.0,0.0,0.0,0.0,
335513,SEAGATE REHABILITATION AND NURSING CENTER,BROOKLYN,NY,Kings,47,2017Q1,20170318,346,0.0,0.0,0.0,40.15,40.15,0.0,31.98,31.98,0.0,0.0,0.0,0.0,219.16,219.16,0.0,758.83,758.83,0.0,0.0,0.0,0.0,0.0,0.0,0.0,
335513,SEAGATE REHABILITATION AND NURSING CENTER,BROOKLYN,NY,Kings,47,2017Q1,20170319,345,0.0,0.0,0.0,40.25,40.25,0.0,54.13,54.13,0.0,0.0,0.0,0.0,216.56,216.56,0.0,712.38,712.38,0.0,0.0,0.0,0.0,0.0,0.0,0.0,
335513,SEAGATE REHABILITATION AND NURSING CENTER,BROOKLYN,NY,Kings,47,2017Q1,20170320,342,7.0,7.0,0.0,52.86,52.86,0.0,65.75,65.75,0.0,0.0,0.0,0.0,223.0,223.0,0.0,749.06,749.06,0.0,0.0,0.0,0.0,0.0,0.0,0.0,
335513,SEAGATE REHABILITATION AND NURSING CENTER,BROOKLYN,NY,Kings,47,2017Q1,20170321,344,4.28,4.28,0.0,47.17,47.17,0.0,55.12,55.12,0.0,0.0,0.0,0.0,237.95,237.95,0.0,779.85,769.93,9.92,0.0,0.0,0.0,0.0,0.0,0.0,
335513,SEAGATE REHABILITATION AND NURSING CENTER,BROOKLYN,NY,Kings,47,2017Q1,20170322,342,7.0,7.0,0.0,41.98,41.98,0.0,56.75,56.75,0.0,0.0,0.0,0.0,248.78,248.78,0.0,797.52,787.55,9.97,0.0,0.0,0.0,0.0,0.0,0.0,
335513,SEAGATE REHABILITATION AND NURSING CENTER,BROOKLYN,NY,Kings,47,2017Q1,20170323,345,7.0,7.0,0.0,42.02,42.02,0.0,78.41,78.41,0.0,0.0,0.0,0.0,214.75,214.75,0.0,794.57,792.15,2.42,0.0,0.0,0.0,0.0,0.0,0.0,
335513,SEAGATE REHABILITATION AND NURSING CENTER,BROOKLYN,NY,Kings,47,2017Q1,20170324,348,7.0,7.0,0.0,41.7,41.7,0.0,53.97,53.97,0.0,0.0,0.0,0.0,222.86,222.86,0.0,766.53,766.53,0.0,0.0,0.0,0.0,0.0,0.0,0.0,
335513,SEAGATE REHABILITATION AND NURSING CENTER,BROOKLYN,NY,Kings,47,2017Q1,20170325,347,0.0,0.0,0.0,35.05,35.05,0.0,34.99,34.99,0.0,0.0,0.0,0.0,228.31,228.31,0.0,782.0,780.0,2.0,0.0,0.0,0.0,0.0,0.0,0.0,
335513,SEAGATE REHABILITATION AND NURSING CENTER,BROOKLYN,NY,Kings,47,2017Q1,20170326,346,0.0,0.0,0.0,42.15,42.15,0.0,27.98,27.98,0.0,0.0,0.0,0.0,211.95,211.95,0.0,756.02,749.02,7.0,0.0,0.0,0.0,0.0,0.0,0.0,
335513,SEAGATE REHABILITATION AND NURSING CENTER,BROOKLYN,NY,Kings,47,2017Q1,20170327,346,7.0,7.0,0.0,48.93,48.93,0.0,65.17,65.17,0.0,0.0,0.0,0.0,202.95,202.95,0.0,746.12,731.65,14.47,0.0,0.0,0.0,0.0,0.0,0.0,
335513,SEAGATE REHABILITATION AND NURSING CENTER,BROOKLYN,NY,Kings,47,2017Q1,20170328,347,7.0,7.0,0.0,42.12,42.12,0.0,60.85,60.85,0.0,0.0,0.0,0.0,232.88,232.88,0.0,803.31,793.06,10.25,0.0,0.0,0.0,0.0,0.0,0.0,
335513,SEAGATE REHABILITATION AND NURSING CENTER,BROOKLYN,NY,Kings,47,2017Q1,20170329,349,7.0,7.0,0.0,41.97,41.97,0.0,53.92,53.92,0.0,0.0,0.0,0.0,219.64,219.64,0.0,785.65,781.39,4.26,0.0,0.0,0.0,0.0,0.0,0.0,
335513,SEAGATE REHABILITATION AND NURSING CENTER,BROOKLYN,NY,Kings,47,2017Q1,20170330,349,7.0,7.0,0.0,35.05,35.05,0.0,65.3,65.3,0.0,0.0,0.0,0.0,211.48,211.48,0.0,766.21,762.43,3.78,0.0,0.0,0.0,0.0,0.0,0.0,
335513,SEAGATE REHABILITATION AND NURSING CENTER,BROOKLYN,NY,Kings,47,2017Q1,20170331,349,7.0,7.0,0.0,55.62,55.62,0.0,55.79,55.79,0.0,0.0,0.0,0.0,232.47,232.47,0.0,750.91,734.58,16.33,0.0,0.0,0.0,0.0,0.0,0.0,
335513,SEAGATE REHABILITATION AND NURSING CENTER,BROOKLYN,NY,Kings,47,2017Q2,20170401,349,0.0,0.0,0.0,35.26,35.26,0.0,46.51,46.51,0.0,0.0,0.0,0.0,217.75,217.75,0.0,740.96,738.96,2.0,0.0,0.0,0.0,0.0,0.0,,0.0
335513,SEAGATE REHABILITATION AND NURSING CENTER,BROOKLYN,NY,Kings,47,2017Q2,20170402,345,0.0,0.0,0.0,35.0,35.0,0.0,53.43,53.43,0.0,0.0,0.0,0.0,211.75,211.75,0.0,755.1,748.1,7.0,0.0,0.0,0.0,0.0,0.0,,0.0
335513,SEAGATE REHABILITATION AND NURSING CENTER,BROOKLYN,NY,Kings,47,2017Q2,20170403,346,7.0,7.0,0.0,35.17,35.17,0.0,74.85,74.85,0.0,0.0,0.0,0.0,224.84,224.84,0.0,762.9,757.9,5.0,0.0,0.0,0.0,0.0,0.0,,0.0
335513,SEAGATE REHABILITATION AND NURSING CENTER,BROOKLYN,NY,Kings,47,2017Q2,20170404,347,7.0,7.0,0.0,41.95,41.95,0.0,56.05,56.05,0.0,0.0,0.0,0.0,244.22,244.22,0.0,753.05,748.17,4.88,0.0,0.0,0.0,0.0,0.0,,0.0
335513,SEAGATE REHABILITATION AND NURSING CENTER,BROOKLYN,NY,Kings,47,2017Q2,20170405,345,7.0,7.0,0.0,41.92,41.92,0.0,62.45,62.45,0.0,0.0,0.0,0.0,235.68,235.68,0.0,762.84,762.84,0.0,0.0,0.0,0.0,0.0,0.0,,0.0
335513,SEAGATE REHABILITATION AND NURSING CENTER,BROOKLYN,NY,Kings,47,2017Q2,20170406,346,7.0,7.0,0.0,35.08,35.08,0.0,76.98,76.98,0.0,0.0,0.0,0.0,230.77,230.77,0.0,765.7,761.18,4.52,0.0,0.0,0.0,0.0,0.0,,0.0
335513,SEAGATE REHABILITATION AND NURSING CENTER,BROOKLYN,NY,Kings,47,2017Q2,20170407,350,7.0,7.0,0.0,49.0,49.0,0.0,74.96,74.96,0.0,0.0,0.0,0.0,204.62,204.62,0.0,773.03,763.03,10.0,0.0,0.0,0.0,0.0,0.0,,0.0
335513,SEAGATE REHABILITATION AND NURSING CENTER,BROOKLYN,NY,Kings,47,2017Q2,20170408,351,0.0,0.0,0.0,33.0,33.0,0.0,51.36,51.36,0.0,0.0,0.0,0.0,196.0,196.0,0.0,750.67,741.67,9.0,0.0,0.0,0.0,0.0,0.0,,0.0
335513,SEAGATE REHABILITATION AND NURSING CENTER,BROOKLYN,NY,Kings,47,2017Q2,20170409,350,0.0,0.0,0.0,28.0,28.0,0.0,58.49,58.49,0.0,0.0,0.0,0.0,214.47,214.47,0.0,742.06,728.06,14.0,0.0,0.0,0.0,0.0,0.0,,0.0
335513,SEAGATE REHABILITATION AND NURSING CENTER,BROOKLYN,NY,Kings,47,2017Q2,20170410,348,7.0,7.0,0.0,14.0,14.0,0.0,45.01,45.01,0.0,0.0,0.0,0.0,211.97,211.97,0.0,767.75,759.0,8.75,0.0,0.0,0.0,0.0,0.0,,0.0
335513,SEAGATE REHABILITATION AND NURSING CENTER,BROOKLYN,NY,Kings,47,2017Q2,20170411,349,7.0,7.0,0.0,37.0,37.0,0.0,49.03,49.03,0.0,0.0,0.0,0.0,202.7,202.7,0.0,777.6,772.6,5.0,0.0,0.0,0.0,0.0,0.0,,0.0
335513,SEAGATE REHABILITATION AND NURSING CENTER,BROOKLYN,NY,Kings,47,2017Q2,20170412,344,7.0,7.0,0.0,26.0,26.0,0.0,61.4,61.4,0.0,0.0,0.0,0.0,228.9,228.9,0.0,756.64,751.64,5.0,0.0,0.0,0.0,0.0,0.0,,0.0
335513,SEAGATE REHABILITATION AND NURSING CENTER,BROOKLYN,NY,Kings,47,2017Q2,20170413,342,7.0,7.0,0.0,30.03,30.03,0.0,77.3,77.3,0.0,0.0,0.0,0.0,228.65,228.65,0.0,750.3,743.43,6.87,0.0,0.0,0.0,0.0,0.0,,0.0
335513,SEAGATE REHABILITATION AND NURSING CENTER,BROOKLYN,NY,Kings,47,2017Q2,20170414,343,7.0,7.0,0.0,39.97,39.97,0.0,74.7,74.7,0.0,0.0,0.0,0.0,232.46,232.46,0.0,767.81,757.33,10.48,0.0,0.0,0.0,0.0,0.0,,0.0
335513,SEAGATE REHABILITATION AND NURSING CENTER,BROOKLYN,NY,Kings,47,2017Q2,20170415,343,0.0,0.0,0.0,29.47,29.47,0.0,41.93,41.93,0.0,0.0,0.0,0.0,176.47,176.47,0.0,740.01,738.01,2.0,0.0,0.0,0.0,0.0,0.0,,0.0
335513,SEAGATE REHABILITATION AND NURSING CENTER,BROOKLYN,NY,Kings,47,2017Q2,20170416,342,0.0,0.0,0.0,33.53,33.53,0.0,32.92,32.92,0.0,0.0,0.0,0.0,217.07,217.07,0.0,734.77,727.77,7.0,0.0,0.0,0.0,0.0,0.0,,0.0
335513,SEAGATE REHABILITATION AND NURSING CENTER,BROOKLYN,NY,Kings,47,2017Q2,20170417,342,7.0,7.0,0.0,28.0,28.0,0.0,56.0,56.0,0.0,0.0,0.0,0.0,234.43,234.43,0.0,737.78,732.78,5.0,0.0,0.0,0.0,0.0,0.0,,0.0
335513,SEAGATE REHABILITATION AND NURSING CENTER,BROOKLYN,NY,Kings,47,2017Q2,20170418,340,7.0,7.0,0.0,21.0,21.0,0.0,49.0,49.0,0.0,0.0,0.0,0.0,233.0,233.0,0.0,767.24,767.24,0.0,0.0,0.0,0.0,0.0,0.0,,0.0
335513,SEAGATE REHABILITATION AND NURSING CENTER,BROOKLYN,NY,Kings,47,2017Q2,20170419,340,7.0,7.0,0.0,28.0,28.0,0.0,57.89,57.89,0.0,0.0,0.0,0.0,214.18,214.18,0.0,744.56,744.56,0.0,0.0,0.0,0.0,0.0,0.0,,0.0
335513,SEAGATE REHABILITATION AND NURSING CENTER,BROOKLYN,NY,Kings,47,2017Q2,20170420,342,7.0,7.0,0.0,28.0,28.0,0.0,63.83,63.83,0.0,0.0,0.0,0.0,237.92,237.92,0.0,763.71,758.71,5.0,0.0,0.0,0.0,0.0,0.0,,0.0
335513,SEAGATE REHABILITATION AND NURSING CENTER,BROOKLYN,NY,Kings,47,2017Q2,20170421,345,7.0,7.0,0.0,28.0,28.0,0.0,36.28,36.28,0.0,0.0,0.0,0.0,225.98,225.98,0.0,766.26,761.41,4.85,0.0,0.0,0.0,0.0,0.0,,0.0
335513,SEAGATE REHABILITATION AND NURSING CENTER,BROOKLYN,NY,Kings,47,2017Q2,20170422,345,0.0,0.0,0.0,29.7,29.7,0.0,30.07,30.07,0.0,0.0,0.0,0.0,212.21,212.21,0.0,773.08,773.08,0.0,0.0,0.0,0.0,0.0,0.0,,0.0
335513,SEAGATE REHABILITATION AND NURSING CENTER,BROOKLYN,NY,Kings,47,2017Q2,20170423,343,0.0,0.0,0.0,37.53,37.53,0.0,58.02,58.02,0.0,0.0,0.0,0.0,209.65,209.65,0.0,728.57,721.57,7.0,0.0,0.0,0.0,0.0,0.0,,0.0
335513,SEAGATE REHABILITATION AND NURSING CENTER,BROOKLYN,NY,Kings,47,2017Q2,20170424,341,7.0,7.0,0.0,35.0,35.0,0.0,63.15,63.15,0.0,0.0,0.0,0.0,218.13,218.13,0.0,768.06,764.88,3.18,0.0,0.0,0.0,0.0,0.0,,0.0
335513,SEAGATE REHABILITATION AND NURSING CENTER,BROOKLYN,NY,Kings,47,2017Q2,20170425,341,7.0,7.0,0.0,21.0,21.0,0.0,69.89,69.89,0.0,0.0,0.0,0.0,239.81,239.81,0.0,751.45,747.53,3.92,0.0,0.0,0.0,0.0,0.0,,0.0
335513,SEAGATE REHABILITATION AND NURSING CENTER,BROOKLYN,NY,Kings,47,2017Q2,20170426,343,7.0,7.0,0.0,42.0,42.0,0.0,64.99,64.99,0.0,0.0,0.0,0.0,245.53,245.53,0.0,768.69,768.69,0.0,0.0,0.0,0.0,0.0,0.0,,0.0
335513,SEAGATE REHABILITATION AND NURSING CENTER,BROOKLYN,NY,Kings,47,2017Q2,20170427,345,7.0,7.0,0.0,28.0,28.0,0.0,75.1,75.1,0.0,0.0,0.0,0.0,223.8,223.8,0.0,757.87,757.87,0.0,0.0,0.0,0.0,0.0,0.0,,0.0
335513,SEAGATE REHABILITATION AND NURSING CENTER,BROOKLYN,NY,Kings,47,2017Q2,20170428,345,0.0,0.0,0.0,42.0,42.0,0.0,62.92,62.92,0.0,0.0,0.0,0.0,202.51,202.51,0.0,751.05,746.82,4.23,0.0,0.0,0.0,0.0,0.0,,0.0
335513,SEAGATE REHABILITATION AND NURSING CENTER,BROOKLYN,NY,Kings,47,2017Q2,20170429,346,0.0,0.0,0.0,28.0,28.0,0.0,49.02,49.02,0.0,0.0,0.0,0.0,214.82,214.82,0.0,742.35,742.35,0.0,0.0,0.0,0.0,0.0,0.0,,0.0
335513,SEAGATE REHABILITATION AND NURSING CENTER,BROOKLYN,NY,Kings,47,2017Q2,20170430,345,0.0,0.0,0.0,25.6,25.6,0.0,49.09,49.09,0.0,0.0,0.0,0.0,196.67,196.67,0.0,742.82,742.82,0.0,0.0,0.0,0.0,0.0,0.0,,0.0
335513,SEAGATE REHABILITATION AND NURSING CENTER,BROOKLYN,NY,Kings,47,2017Q2,20170501,343,7.0,7.0,0.0,35.0,35.0,0.0,60.95,60.95,0.0,0.0,0.0,0.0,211.01,211.01,0.0,758.5,758.5,0.0,0.0,0.0,0.0,0.0,0.0,,0.0
335513,SEAGATE REHABILITATION AND NURSING CENTER,BROOKLYN,NY,Kings,47,2017Q2,20170502,341,7.0,7.0,0.0,26.11,26.11,0.0,55.93,55.93,0.0,0.0,0.0,0.0,223.35,223.35,0.0,754.69,754.69,0.0,0.0,0.0,0.0,0.0,0.0,,0.0
335513,SEAGATE REHABILITATION AND NURSING CENTER,BROOKLYN,NY,Kings,47,2017Q2,20170503,343,7.0,7.0,0.0,36.55,36.55,0.0,52.78,52.78,0.0,0.0,0.0,0.0,221.45,221.45,0.0,716.04,711.27,4.77,0.0,0.0,0.0,0.0,0.0,,0.0
335513,SEAGATE REHABILITATION AND NURSING CENTER,BROOKLYN,NY,Kings,47,2017Q2,20170504,346,7.0,7.0,0.0,21.0,21.0,0.0,70.3,70.3,0.0,0.0,0.0,0.0,214.75,214.75,0.0,764.43,764.43,0.0,0.0,0.0,0.0,0.0,0.0,,0.0
335513,SEAGATE REHABILITATION AND NURSING CENTER,BROOKLYN,NY,Kings,47,2017Q2,20170505,349,7.0,7.0,0.0,37.0,37.0,0.0,72.89,72.89,0.0,0.0,0.0,0.0,209.26,209.26,0.0,757.38,753.01,4.37,0.0,0.0,0.0,0.0,0.0,,0.0
335513,SEAGATE REHABILITATION AND NURSING CENTER,BROOKLYN,NY,Kings,47,2017Q2,20170506,352,0.0,0.0,0.0,25.92,25.92,0.0,44.24,44.24,0.0,0.0,0.0,0.0,197.8,197.8,0.0,732.34,732.34,0.0,0.0,0.0,0.0,0.0,0.0,,0.0
335513,SEAGATE REHABILITATION AND NURSING CENTER,BROOKLYN,NY,Kings,47,2017Q2,20170507,353,0.0,0.0,0.0,32.95,32.95,0.0,39.76,39.76,0.0,0.0,0.0,0.0,232.69,232.69,0.0,728.37,728.37,0.0,0.0,0.0,0.0,0.0,0.0,,0.0
335513,SEAGATE REHABILITATION AND NURSING CENTER,BROOKLYN,NY,Kings,47,2017Q2,20170508,352,7.0,7.0,0.0,35.0,35.0,0.0,58.11,58.11,0.0,0.0,0.0,0.0,211.68,211.68,0.0,794.61,792.18,2.43,0.0,0.0,0.0,0.0,0.0,,0.0
335513,SEAGATE REHABILITATION AND NURSING CENTER,BROOKLYN,NY,Kings,47,2017Q2,20170509,352,7.0,7.0,0.0,17.53,17.53,0.0,76.86,76.86,0.0,0.0,0.0,0.0,212.35,212.35,0.0,757.49,751.86,5.63,0.0,0.0,0.0,0.0,0.0,,0.0
335513,SEAGATE REHABILITATION AND NURSING CENTER,BROOKLYN,NY,Kings,47,2017Q2,20170510,353,7.0,7.0,0.0,24.57,24.57,0.0,72.0,72.0,0.0,0.0,0.0,0.0,226.98,226.98,0.0,766.23,766.23,0.0,0.0,0.0,0.0,0.0,0.0,,0.0
335513,SEAGATE REHABILITATION AND NURSING CENTER,BROOKLYN,NY,Kings,47,2017Q2,20170511,353,7.0,7.0,0.0,31.55,31.55,0.0,81.72,81.72,0.0,0.0,0.0,0.0,202.22,202.22,0.0,759.35,755.02,4.33,0.0,0.0,0.0,0.0,0.0,,0.0
335513,SEAGATE REHABILITATION AND NURSING CENTER,BROOKLYN,NY,Kings,47,2017Q2,20170512,353,7.0,7.0,0.0,35.0,35.0,0.0,70.41,70.41,0.0,0.0,0.0,0.0,212.0,212.0,0.0,750.86,746.58,4.28,0.0,0.0,0.0,0.0,0.0,,0.0
335513,SEAGATE REHABILITATION AND NURSING CENTER,BROOKLYN,NY,Kings,47,2017Q2,20170513,353,0.0,0.0,0.0,28.0,28.0,0.0,51.12,51.12,0.0,0.0,0.0,0.0,207.59,207.59,0.0,750.83,750.83,0.0,0.0,0.0,0.0,0.0,0.0,,0.0
335513,SEAGATE REHABILITATION AND NURSING CENTER,BROOKLYN,NY,Kings,47,2017Q2,20170514,352,0.0,0.0,0.0,29.87,29.87,0.0,46.8,46.8,0.0,0.0,0.0,0.0,208.91,208.91,0.0,727.86,727.86,0.0,0.0,0.0,0.0,0.0,0.0,,0.0
335513,SEAGATE REHABILITATION AND NURSING CENTER,BROOKLYN,NY,Kings,47,2017Q2,20170515,354,0.0,0.0,0.0,33.13,33.13,0.0,83.9,83.9,0.0,0.0,0.0,0.0,207.56,207.56,0.0,780.38,775.5,4.88,0.0,0.0,0.0,0.0,0.0,,0.0
335513,SEAGATE REHABILITATION AND NURSING CENTER,BROOKLYN,NY,Kings,47,2017Q2,20170516,355,7.0,7.0,0.0,17.55,17.55,0.0,68.07,68.07,0.0,0.0,0.0,0.0,236.24,236.24,0.0,783.43,778.96,4.47,0.0,0.0,0.0,0.0,0.0,,0.0
335513,SEAGATE REHABILITATION AND NURSING CENTER,BROOKLYN,NY,Kings,47,2017Q2,20170517,355,7.0,7.0,0.0,38.57,38.57,0.0,79.07,79.07,0.0,0.0,0.0,0.0,214.64,214.64,0.0,761.67,761.67,0.0,0.0,0.0,0.0,0.0,0.0,,0.0
335513,SEAGATE REHABILITATION AND NURSING CENTER,BROOKLYN,NY,Kings,47,2017Q2,20170518,352,7.0,7.0,0.0,35.0,35.0,0.0,72.02,72.02,0.0,0.0,0.0,0.0,223.07,223.07,0.0,782.4,777.4,5.0,0.0,0.0,0.0,0.0,0.0,,0.0
335513,SEAGATE REHABILITATION AND NURSING CENTER,BROOKLYN,NY,Kings,47,2017Q2,20170519,353,7.0,7.0,0.0,35.0,35.0,0.0,79.82,79.82,0.0,0.0,0.0,0.0,218.58,218.58,0.0,747.07,742.17,4.9,0.0,0.0,0.0,0.0,0.0,,0.0
335513,SEAGATE REHABILITATION AND NURSING CENTER,BROOKLYN,NY,Kings,47,2017Q2,20170520,352,0.0,0.0,0.0,30.0,30.0,0.0,29.95,29.95,0.0,0.0,0.0,0.0,221.68,221.68,0.0,726.45,726.45,0.0,0.0,0.0,0.0,0.0,0.0,,0.0
335513,SEAGATE REHABILITATION AND NURSING CENTER,BROOKLYN,NY,Kings,47,2017Q2,20170521,350,0.0,0.0,0.0,33.0,33.0,0.0,34.95,34.95,0.0,0.0,0.0,0.0,215.64,215.64,0.0,741.76,741.76,0.0,0.0,0.0,0.0,0.0,0.0,,0.0
335513,SEAGATE REHABILITATION AND NURSING CENTER,BROOKLYN,NY,Kings,47,2017Q2,20170522,351,7.0,7.0,0.0,44.0,44.0,0.0,77.12,77.12,0.0,0.0,0.0,0.0,208.92,208.92,0.0,759.45,759.45,0.0,0.0,0.0,0.0,0.0,0.0,,0.0
335513,SEAGATE REHABILITATION AND NURSING CENTER,BROOKLYN,NY,Kings,47,2017Q2,20170523,349,7.0,7.0,0.0,38.42,38.42,0.0,68.07,68.07,0.0,0.0,0.0,0.0,223.7,223.7,0.0,786.04,782.61,3.43,0.0,0.0,0.0,0.0,0.0,,0.0
335513,SEAGATE REHABILITATION AND NURSING CENTER,BROOKLYN,NY,Kings,47,2017Q2,20170524,348,7.0,7.0,0.0,38.55,38.55,0.0,62.62,62.62,0.0,0.0,0.0,0.0,217.0,217.0,0.0,751.36,749.46,1.9,0.0,0.0,0.0,0.0,0.0,,0.0
335513,SEAGATE REHABILITATION AND NURSING CENTER,BROOKLYN,NY,Kings,47,2017Q2,20170525,348,7.0,7.0,0.0,45.58,45.58,0.0,72.1,72.1,0.0,0.0,0.0,0.0,195.55,195.55,0.0,782.18,779.26,2.92,0.0,0.0,0.0,0.0,0.0,,0.0
335513,SEAGATE REHABILITATION AND NURSING CENTER,BROOKLYN,NY,Kings,47,2017Q2,20170526,346,7.0,7.0,0.0,42.05,42.05,0.0,66.89,66.89,0.0,0.0,0.0,0.0,204.68,204.68,0.0,758.49,753.86,4.63,0.0,0.0,0.0,0.0,0.0,,0.0
335513,SEAGATE REHABILITATION AND NURSING CENTER,BROOKLYN,NY,Kings,47,2017Q2,20170527,346,0.0,0.0,0.0,35.13,35.13,0.0,29.95,29.95,0.0,0.0,0.0,0.0,226.24,226.24,0.0,758.44,758.44,0.0,0.0,0.0,0.0,0.0,0.0,,0.0
335513,SEAGATE REHABILITATION AND NURSING CENTER,BROOKLYN,NY,Kings,47,2017Q2,20170528,346,0.0,0.0,0.0,33.0,33.0,0.0,33.23,33.23,0.0,0.0,0.0,0.0,201.0,201.0,0.0,723.48,723.48,0.0,0.0,0.0,0.0,0.0,0.0,,0.0
335513,SEAGATE REHABILITATION AND NURSING CENTER,BROOKLYN,NY,Kings,47,2017Q2,20170529,344,0.0,0.0,0.0,29.92,29.92,0.0,35.03,35.03,0.0,0.0,0.0,0.0,228.61,228.61,0.0,761.45,761.45,0.0,0.0,0.0,0.0,0.0,0.0,,0.0
335513,SEAGATE REHABILITATION AND NURSING CENTER,BROOKLYN,NY,Kings,47,2017Q2,20170530,345,7.0,7.0,0.0,45.7,45.7,0.0,53.92,53.92,0.0,0.0,0.0,0.0,228.85,228.85,0.0,719.02,714.19,4.83,0.0,0.0,0.0,0.0,0.0,,0.0
335513,SEAGATE REHABILITATION AND NURSING CENTER,BROOKLYN,NY,Kings,47,2017Q2,20170531,346,7.0,7.0,0.0,38.51,38.51,0.0,56.0,56.0,0.0,0.0,0.0,0.0,235.47,235.47,0.0,746.27,743.12,3.15,0.0,0.0,0.0,0.0,0.0,,0.0
335513,SEAGATE REHABILITATION AND NURSING CENTER,BROOKLYN,NY,Kings,47,2017Q2,20170601,345,7.0,7.0,0.0,31.7,31.7,0.0,51.03,51.03,0.0,0.0,0.0,0.0,228.54,228.54,0.0,758.38,758.38,0.0,0.0,0.0,0.0,0.0,0.0,,0.0
335513,SEAGATE REHABILITATION AND NURSING CENTER,BROOKLYN,NY,Kings,47,2017Q2,20170602,349,7.0,7.0,0.0,49.18,49.18,0.0,53.97,53.97,0.0,0.0,0.0,0.0,216.6,216.6,0.0,742.92,739.39,3.53,0.0,0.0,0.0,0.0,0.0,,0.0
335513,SEAGATE REHABILITATION AND NURSING CENTER,BROOKLYN,NY,Kings,47,2017Q2,20170603,349,0.0,0.0,0.0,32.93,32.93,0.0,20.11,20.11,0.0,0.0,0.0,0.0,216.02,216.02,0.0,735.42,735.42,0.0,0.0,0.0,0.0,0.0,0.0,,0.0
335513,SEAGATE REHABILITATION AND NURSING CENTER,BROOKLYN,NY,Kings,47,2017Q2,20170604,349,0.0,0.0,0.0,28.0,28.0,0.0,32.91,32.91,0.0,0.0,0.0,0.0,237.67,237.67,0.0,751.65,751.65,0.0,0.0,0.0,0.0,0.0,0.0,,0.0
335513,SEAGATE REHABILITATION AND NURSING CENTER,BROOKLYN,NY,Kings,47,2017Q2,20170605,345,7.0,7.0,0.0,37.1,37.1,0.0,81.98,81.98,0.0,0.0,0.0,0.0,217.0,217.0,0.0,737.04,733.41,3.63,0.0,0.0,0.0,0.0,0.0,,0.0
335513,SEAGATE REHABILITATION AND NURSING CENTER,BROOKLYN,NY,Kings,47,2017Q2,20170606,346,7.0,7.0,0.0,52.4,52.4,0.0,56.03,56.03,0.0,0.0,0.0,0.0,216.9,216.9,0.0,742.41,737.56,4.85,0.0,0.0,0.0,0.0,0.0,,0.0
335513,SEAGATE REHABILITATION AND NURSING CENTER,BROOKLYN,NY,Kings,47,2017Q2,20170607,346,7.0,7.0,0.0,38.55,38.55,0.0,63.03,63.03,0.0,0.0,0.0,0.0,239.77,239.77,0.0,757.69,752.91,4.78,0.0,0.0,0.0,0.0,0.0,,0.0
335513,SEAGATE REHABILITATION AND NURSING CENTER,BROOKLYN,NY,Kings,47,2017Q2,20170608,350,7.0,7.0,0.0,38.65,38.65,0.0,70.02,70.02,0.0,0.0,0.0,0.0,228.52,228.52,0.0,756.77,753.45,3.32,0.0,0.0,0.0,0.0,0.0,,0.0
335513,SEAGATE REHABILITATION AND NURSING CENTER,BROOKLYN,NY,Kings,47,2017Q2,20170609,350,0.0,0.0,0.0,42.03,42.03,0.0,67.9,67.9,0.0,0.0,0.0,0.0,218.17,218.17,0.0,753.65,750.57,3.08,0.0,0.0,0.0,0.0,0.0,,0.0
335513,SEAGATE REHABILITATION AND NURSING CENTER,BROOKLYN,NY,Kings,47,2017Q2,20170610,350,0.0,0.0,0.0,34.71,34.71,0.0,47.8,47.8,0.0,0.0,0.0,0.0,212.97,212.97,0.0,726.28,726.28,0.0,0.0,0.0,0.0,0.0,0.0,,0.0
335513,SEAGATE REHABILITATION AND NURSING CENTER,BROOKLYN,NY,Kings,47,2017Q2,20170611,350,0.0,0.0,0.0,33.32,33.32,0.0,47.17,47.17,0.0,0.0,0.0,0.0,200.65,200.65,0.0,718.54,718.54,0.0,0.0,0.0,0.0,0.0,0.0,,0.0
335513,SEAGATE REHABILITATION AND NURSING CENTER,BROOKLYN,NY,Kings,47,2017Q2,20170612,350,7.0,7.0,0.0,35.0,35.0,0.0,91.8,91.8,0.0,0.0,0.0,0.0,223.63,223.63,0.0,723.98,720.18,3.8,0.0,0.0,0.0,0.0,0.0,,0.0
335513,SEAGATE REHABILITATION AND NURSING CENTER,BROOKLYN,NY,Kings,47,2017Q2,20170613,350,7.0,7.0,0.0,40.71,40.71,0.0,72.24,72.24,0.0,0.0,0.0,0.0,238.36,238.36,0.0,750.58,750.58,0.0,0.0,0.0,0.0,0.0,0.0,,0.0
335513,SEAGATE REHABILITATION AND NURSING CENTER,BROOKLYN,NY,Kings,47,2017Q2,20170614,353,7.0,7.0,0.0,38.43,38.43,0.0,79.02,79.02,0.0,0.0,0.0,0.0,228.92,228.92,0.0,759.85,754.85,5.0,0.0,0.0,0.0,0.0,0.0,,0.0
335513,SEAGATE REHABILITATION AND NURSING CENTER,BROOKLYN,NY,Kings,47,2017Q2,20170615,353,7.0,7.0,0.0,38.3,38.3,0.0,81.98,81.98,0.0,0.0,0.0,0.0,227.09,227.09,0.0,766.75,759.75,7.0,0.0,0.0,0.0,0.0,0.0,,0.0
335513,SEAGATE REHABILITATION AND NURSING CENTER,BROOKLYN,NY,Kings,47,2017Q2,20170616,354,7.0,7.0,0.0,49.22,49.22,0.0,64.97,64.97,0.0,0.0,0.0,0.0,230.83,230.83,0.0,764.86,762.19,2.67,0.0,0.0,0.0,0.0,0.0,,0.0
335513,SEAGATE REHABILITATION AND NURSING CENTER,BROOKLYN,NY,Kings,47,2017Q2,20170617,354,0.0,0.0,0.0,19.1,19.1,0.0,46.12,46.12,0.0,0.0,0.0,0.0,221.36,221.36,0.0,733.42,726.6,6.82,0.0,0.0,0.0,0.0,0.0,,0.0
335513,SEAGATE REHABILITATION AND NURSING CENTER,BROOKLYN,NY,Kings,47,2017Q2,20170618,354,0.0,0.0,0.0,14.0,14.0,0.0,61.03,61.03,0.0,0.0,0.0,0.0,215.81,215.81,0.0,726.45,726.45,0.0,0.0,0.0,0.0,0.0,0.0,,0.0
335513,SEAGATE REHABILITATION AND NURSING CENTER,BROOKLYN,NY,Kings,47,2017Q2,20170619,353,7.0,7.0,0.0,37.02,37.02,0.0,84.15,84.15,0.0,0.0,0.0,0.0,214.78,214.78,0.0,760.27,757.74,2.53,0.0,0.0,0.0,0.0,0.0,,0.0
335513,SEAGATE REHABILITATION AND NURSING CENTER,BROOKLYN,NY,Kings,47,2017Q2,20170620,350,7.0,7.0,0.0,41.78,41.78,0.0,81.9,81.9,0.0,0.0,0.0,0.0,218.59,218.59,0.0,753.84,750.47,3.37,0.0,0.0,0.0,0.0,0.0,,0.0
335513,SEAGATE REHABILITATION AND NURSING CENTER,BROOKLYN,NY,Kings,47,2017Q2,20170621,350,7.0,7.0,0.0,49.15,49.15,0.0,79.01,79.01,0.0,0.0,0.0,0.0,221.57,221.57,0.0,768.8,764.95,3.85,0.0,0.0,0.0,0.0,0.0,,0.0
335513,SEAGATE REHABILITATION AND NURSING CENTER,BROOKLYN,NY,Kings,47,2017Q2,20170622,347,7.0,7.0,0.0,35.1,35.1,0.0,86.82,86.82,0.0,0.0,0.0,0.0,213.61,213.61,0.0,772.11,764.34,7.77,0.0,0.0,0.0,0.0,0.0,,0.0
335513,SEAGATE REHABILITATION AND NURSING CENTER,BROOKLYN,NY,Kings,47,2017Q2,20170623,349,7.0,7.0,0.0,48.92,48.92,0.0,79.1,79.1,0.0,0.0,0.0,0.0,214.51,214.51,0.0,755.11,755.11,0.0,0.0,0.0,0.0,0.0,0.0,,0.0
335513,SEAGATE REHABILITATION AND NURSING CENTER,BROOKLYN,NY,Kings,47,2017Q2,20170624,350,0.0,0.0,0.0,26.03,26.03,0.0,44.0,44.0,0.0,0.0,0.0,0.0,205.79,205.79,0.0,752.9,752.9,0.0,0.0,0.0,0.0,0.0,0.0,,0.0
335513,SEAGATE REHABILITATION AND NURSING CENTER,BROOKLYN,NY,Kings,47,2017Q2,20170625,349,0.0,0.0,0.0,28.0,28.0,0.0,47.17,47.17,0.0,0.0,0.0,0.0,194.93,194.93,0.0,744.53,744.53,0.0,0.0,0.0,0.0,0.0,0.0,,0.0
335513,SEAGATE REHABILITATION AND NURSING CENTER,BROOKLYN,NY,Kings,47,2017Q2,20170626,351,7.0,7.0,0.0,21.0,21.0,0.0,67.73,67.73,0.0,0.0,0.0,0.0,223.73,223.73,0.0,755.5,753.57,1.93,0.0,0.0,0.0,0.0,0.0,,0.0
335513,SEAGATE REHABILITATION AND NURSING CENTER,BROOKLYN,NY,Kings,47,2017Q2,20170627,350,0.0,0.0,0.0,37.03,37.03,0.0,63.11,63.11,0.0,0.0,0.0,0.0,227.63,227.63,0.0,743.82,741.5,2.32,0.0,0.0,0.0,0.0,0.0,,0.0
335513,SEAGATE REHABILITATION AND NURSING CENTER,BROOKLYN,NY,Kings,47,2017Q2,20170628,352,0.0,0.0,0.0,34.98,34.98,0.0,76.98,76.98,0.0,0.0,0.0,0.0,216.6,216.6,0.0,757.26,754.14,3.12,0.0,0.0,0.0,0.0,0.0,,0.0
335513,SEAGATE REHABILITATION AND NURSING CENTER,BROOKLYN,NY,Kings,47,2017Q2,20170629,352,7.0,7.0,0.0,34.9,34.9,0.0,63.05,63.05,0.0,0.0,0.0,0.0,223.33,223.33,0.0,768.04,761.04,7.0,0.0,0.0,0.0,0.0,0.0,,0.0
335513,SEAGATE REHABILITATION AND NURSING CENTER,BROOKLYN,NY,Kings,47,2017Q2,20170630,356,7.0,7.0,0.0,42.08,42.08,0.0,55.93,55.93,0.0,0.0,0.0,0.0,223.42,223.42,0.0,750.51,750.51,0.0,0.0,0.0,0.0,0.0,0.0,,0.0
335513,SEAGATE REHABILITATION AND NURSING CENTER,BROOKLYN,NY,Kings,47,2017Q3,20170701,354,0.0,0.0,0.0,33.0,33.0,0.0,27.87,27.87,0.0,0.0,0.0,0.0,211.52,211.52,0.0,738.35,738.35,0.0,0.0,0.0,0.0,0.0,0.0,0.0,
335513,SEAGATE REHABILITATION AND NURSING CENTER,BROOKLYN,NY,Kings,47,2017Q3,20170702,353,0.0,0.0,0.0,29.75,29.75,0.0,35.02,35.02,0.0,0.0,0.0,0.0,216.88,216.88,0.0,745.35,745.35,0.0,0.0,0.0,0.0,0.0,0.0,0.0,
335513,SEAGATE REHABILITATION AND NURSING CENTER,BROOKLYN,NY,Kings,47,2017Q3,20170703,350,7.0,7.0,0.0,42.33,42.33,0.0,56.1,56.1,0.0,0.0,0.0,0.0,221.82,221.82,0.0,764.0,759.75,4.25,0.0,0.0,0.0,0.0,0.0,0.0,
335513,SEAGATE REHABILITATION AND NURSING CENTER,BROOKLYN,NY,Kings,47,2017Q3,20170704,349,0.0,0.0,0.0,34.92,34.92,0.0,28.13,28.13,0.0,0.0,0.0,0.0,227.68,227.68,0.0,738.39,738.39,0.0,0.0,0.0,0.0,0.0,0.0,0.0,
335513,SEAGATE REHABILITATION AND NURSING CENTER,BROOKLYN,NY,Kings,47,2017Q3,20170705,349,7.0,7.0,0.0,42.12,42.12,0.0,69.87,69.87,0.0,0.0,0.0,0.0,221.9,221.9,0.0,779.59,776.52,3.07,0.0,0.0,0.0,0.0,0.0,0.0,
335513,SEAGATE REHABILITATION AND NURSING CENTER,BROOKLYN,NY,Kings,47,2017Q3,20170706,346,7.0,7.0,0.0,42.02,42.02,0.0,81.92,81.92,0.0,0.0,0.0,0.0,217.98,217.98,0.0,788.22,788.22,0.0,0.0,0.0,0.0,0.0,0.0,0.0,
335513,SEAGATE REHABILITATION AND NURSING CENTER,BROOKLYN,NY,Kings,47,2017Q3,20170707,347,7.0,7.0,0.0,42.02,42.02,0.0,72.07,72.07,0.0,0.0,0.0,0.0,221.0,221.0,0.0,773.84,769.51,4.33,0.0,0.0,0.0,0.0,0.0,0.0,
335513,SEAGATE REHABILITATION AND NURSING CENTER,BROOKLYN,NY,Kings,47,2017Q3,20170708,346,0.0,0.0,0.0,27.87,27.87,0.0,51.05,51.05,0.0,0.0,0.0,0.0,213.9,213.9,0.0,781.39,781.39,0.0,0.0,0.0,0.0,0.0,0.0,0.0,
335513,SEAGATE REHABILITATION AND NURSING CENTER,BROOKLYN,NY,Kings,47,2017Q3,20170709,346,0.0,0.0,0.0,32.98,32.98,0.0,37.57,37.57,0.0,0.0,0.0,0.0,209.62,209.62,0.0,739.08,739.08,0.0,0.0,0.0,0.0,0.0,0.0,0.0,
335513,SEAGATE REHABILITATION AND NURSING CENTER,BROOKLYN,NY,Kings,47,2017Q3,20170710,347,7.0,7.0,0.0,51.03,51.03,0.0,79.42,79.42,0.0,0.0,0.0,0.0,203.95,203.95,0.0,761.33,761.33,0.0,0.0,0.0,0.0,0.0,0.0,0.0,
335513,SEAGATE REHABILITATION AND NURSING CENTER,BROOKLYN,NY,Kings,47,2017Q3,20170711,346,7.0,7.0,0.0,35.0,35.0,0.0,77.03,77.03,0.0,0.0,0.0,0.0,223.2,223.2,0.0,782.67,778.22,4.45,0.0,0.0,0.0,0.0,0.0,0.0,
335513,SEAGATE REHABILITATION AND NURSING CENTER,BROOKLYN,NY,Kings,47,2017Q3,20170712,346,7.0,7.0,0.0,42.03,42.03,0.0,65.05,65.05,0.0,0.0,0.0,0.0,221.85,221.85,0.0,785.46,781.38,4.08,0.0,0.0,0.0,0.0,0.0,0.0,
335513,SEAGATE REHABILITATION AND NURSING CENTER,BROOKLYN,NY,Kings,47,2017Q3,20170713,346,7.0,7.0,0.0,42.05,42.05,0.0,70.0,70.0,0.0,0.0,0.0,0.0,223.3,223.3,0.0,744.6,744.6,0.0,0.0,0.0,0.0,0.0,0.0,0.0,
335513,SEAGATE REHABILITATION AND NURSING CENTER,BROOKLYN,NY,Kings,47,2017Q3,20170714,345,7.0,7.0,0.0,34.92,34.92,0.0,67.93,67.93,0.0,0.0,0.0,0.0,227.24,227.24,0.0,766.85,763.32,3.53,0.0,0.0,0.0,0.0,0.0,0.0,
335513,SEAGATE REHABILITATION AND NURSING CENTER,BROOKLYN,NY,Kings,47,2017Q3,20170715,343,0.0,0.0,0.0,39.97,39.97,0.0,41.9,41.9,0.0,0.0,0.0,0.0,195.35,195.35,0.0,728.15,728.15,0.0,0.0,0.0,0.0,0.0,0.0,0.0,
335513,SEAGATE REHABILITATION AND NURSING CENTER,BROOKLYN,NY,Kings,47,2017Q3,20170716,342,0.0,0.0,0.0,29.78,29.78,0.0,42.03,42.03,0.0,0.0,0.0,0.0,203.65,203.65,0.0,720.54,720.54,0.0,0.0,0.0,0.0,0.0,0.0,0.0,
335513,SEAGATE REHABILITATION AND NURSING CENTER,BROOKLYN,NY,Kings,47,2017Q3,20170717,341,7.0,7.0,0.0,35.27,35.27,0.0,79.13,79.13,0.0,0.0,0.0,0.0,199.87,199.87,0.0,748.89,744.17,4.72,0.0,0.0,0.0,0.0,0.0,0.0,
335513,SEAGATE REHABILITATION AND NURSING CENTER,BROOKLYN,NY,Kings,47,2017Q3,20170718,340,7.0,7.0,0.0,42.03,42.03,0.0,60.93,60.93,0.0,0.0,0.0,0.0,211.39,211.39,0.0,774.09,769.42,4.67,0.0,0.0,0.0,0.0,0.0,0.0,
335513,SEAGATE REHABILITATION AND NURSING CENTER,BROOKLYN,NY,Kings,47,2017Q3,20170719,343,7.0,7.0,0.0,46.92,46.92,0.0,67.56,67.56,0.0,0.0,0.0,0.0,207.92,207.92,0.0,753.59,753.59,0.0,0.0,0.0,0.0,0.0,0.0,0.0,
335513,SEAGATE REHABILITATION AND NURSING CENTER,BROOKLYN,NY,Kings,47,2017Q3,20170720,342,7.0,7.0,0.0,36.98,36.98,0.0,86.37,86.37,0.0,0.0,0.0,0.0,204.6,204.6,0.0,747.43,747.43,0.0,0.0,0.0,0.0,0.0,0.0,0.0,
335513,SEAGATE REHABILITATION AND NURSING CENTER,BROOKLYN,NY,Kings,47,2017Q3,20170721,344,7.0,7.0,0.0,34.97,34.97,0.0,84.03,84.03,0.0,0.0,0.0,0.0,196.76,196.76,0.0,762.3,758.73,3.57,0.0,0.0,0.0,0.0,0.0,0.0,
335513,SEAGATE REHABILITATION AND NURSING CENTER,BROOKLYN,NY,Kings,47,2017Q3,20170722,344,0.0,0.0,0.0,33.05,33.05,0.0,37.54,37.54,0.0,0.0,0.0,0.0,201.0,201.0,0.0,754.05,754.05,0.0,0.0,0.0,0.0,0.0,0.0,0.0,
335513,SEAGATE REHABILITATION AND NURSING CENTER,BROOKLYN,NY,Kings,47,2017Q3,20170723,343,0.0,0.0,0.0,29.85,29.85,0.0,37.48,37.48,0.0,0.0,0.0,0.0,209.32,209.32,0.0,747.15,747.15,0.0,0.0,0.0,0.0,0.0,0.0,0.0,
335513,SEAGATE REHABILITATION AND NURSING CENTER,BROOKLYN,NY,Kings,47,2017Q3,20170724,347,7.0,7.0,0.0,37.07,37.07,0.0,72.42,72.42,0.0,0.0,0.0,0.0,230.33,230.33,0.0,756.67,756.67,0.0,0.0,0.0,0.0,0.0,0.0,0.0,
335513,SEAGATE REHABILITATION AND NURSING CENTER,BROOKLYN,NY,Kings,47,2017Q3,20170725,349,7.0,7.0,0.0,34.97,34.97,0.0,77.06,77.06,0.0,0.0,0.0,0.0,216.5,216.5,0.0,735.64,730.79,4.85,0.0,0.0,0.0,0.0,0.0,0.0,
335513,SEAGATE REHABILITATION AND NURSING CENTER,BROOKLYN,NY,Kings,47,2017Q3,20170726,348,7.0,7.0,0.0,34.63,34.63,0.0,69.97,69.97,0.0,0.0,0.0,0.0,229.94,229.94,0.0,767.86,762.86,5.0,0.0,0.0,0.0,0.0,0.0,0.0,
335513,SEAGATE REHABILITATION AND NURSING CENTER,BROOKLYN,NY,Kings,47,2017Q3,20170727,348,7.0,7.0,0.0,46.45,46.45,0.0,58.2,58.2,0.0,0.0,0.0,0.0,228.58,228.58,0.0,788.78,785.31,3.47,0.0,0.0,0.0,0.0,0.0,0.0,
335513,SEAGATE REHABILITATION AND NURSING CENTER,BROOKLYN,NY,Kings,47,2017Q3,20170728,351,7.0,7.0,0.0,57.97,57.97,0.0,55.88,55.88,0.0,0.0,0.0,0.0,218.01,218.01,0.0,770.31,767.64,2.67,0.0,0.0,0.0,0.0,0.0,0.0,
335513,SEAGATE REHABILITATION AND NURSING CENTER,BROOKLYN,NY,Kings,47,2017Q3,20170729,351,0.0,0.0,0.0,37.95,37.95,0.0,28.07,28.07,0.0,0.0,0.0,0.0,209.72,209.72,0.0,746.54,746.54,0.0,0.0,0.0,0.0,0.0,0.0,0.0,
335513,SEAGATE REHABILITATION AND NURSING CENTER,BROOKLYN,NY,Kings,47,2017Q3,20170730,349,0.0,0.0,0.0,29.93,29.93,0.0,32.66,32.66,0.0,0.0,0.0,0.0,221.01,221.01,0.0,721.39,721.39,0.0,0.0,0.0,0.0,0.0,0.0,0.0,
335513,SEAGATE REHABILITATION AND NURSING CENTER,BROOKLYN,NY,Kings,47,2017Q3,20170731,350,0.0,0.0,0.0,48.82,48.82,0.0,76.28,76.28,0.0,0.0,0.0,0.0,195.95,195.95,0.0,766.77,761.59,5.18,0.0,0.0,0.0,0.0,0.0,0.0,
335513,SEAGATE REHABILITATION AND NURSING CENTER,BROOKLYN,NY,Kings,47,2017Q3,20170801,351,7.0,7.0,0.0,35.33,35.33,0.0,61.03,61.03,0.0,0.0,0.0,0.0,204.86,204.86,0.0,766.86,762.14,4.72,0.0,0.0,0.0,0.0,0.0,0.0,
335513,SEAGATE REHABILITATION AND NURSING CENTER,BROOKLYN,NY,Kings,47,2017Q3,20170802,350,7.0,7.0,0.0,34.98,34.98,0.0,86.13,86.13,0.0,0.0,0.0,0.0,205.72,205.72,0.0,780.7,775.7,5.0,0.0,0.0,0.0,0.0,0.0,0.0,
335513,SEAGATE REHABILITATION AND NURSING CENTER,BROOKLYN,NY,Kings,47,2017Q3,20170803,350,7.0,7.0,0.0,49.08,49.08,0.0,79.77,79.77,0.0,0.0,0.0,0.0,208.12,208.12,0.0,748.6,748.6,0.0,0.0,0.0,0.0,0.0,0.0,0.0,
335513,SEAGATE REHABILITATION AND NURSING CENTER,BROOKLYN,NY,Kings,47,2017Q3,20170804,352,7.0,7.0,0.0,27.85,27.85,0.0,72.07,72.07,0.0,0.0,0.0,0.0,228.78,228.78,0.0,752.09,747.42,4.67,0.0,0.0,0.0,0.0,0.0,0.0,
335513,SEAGATE REHABILITATION AND NURSING CENTER,BROOKLYN,NY,Kings,47,2017Q3,20170805,352,0.0,0.0,0.0,33.0,33.0,0.0,53.17,53.17,0.0,0.0,0.0,0.0,200.75,200.75,0.0,766.43,766.43,0.0,0.0,0.0,0.0,0.0,0.0,0.0,
335513,SEAGATE REHABILITATION AND NURSING CENTER,BROOKLYN,NY,Kings,47,2017Q3,20170806,351,0.0,0.0,0.0,28.0,28.0,0.0,46.96,46.96,0.0,0.0,0.0,0.0,195.67,195.67,0.0,742.83,742.83,0.0,0.0,0.0,0.0,0.0,0.0,0.0,
335513,SEAGATE REHABILITATION AND NURSING CENTER,BROOKLYN,NY,Kings,47,2017Q3,20170807,352,7.0,7.0,0.0,30.03,30.03,0.0,81.82,81.82,0.0,0.0,0.0,0.0,189.45,189.45,0.0,759.34,759.34,0.0,0.0,0.0,0.0,0.0,0.0,0.0,
335513,SEAGATE REHABILITATION AND NURSING CENTER,BROOKLYN,NY,Kings,47,2017Q3,20170808,351,7.0,7.0,0.0,34.95,34.95,0.0,70.06,70.06,0.0,0.0,0.0,0.0,223.33,223.33,0.0,766.55,766.55,0.0,0.0,0.0,0.0,0.0,0.0,0.0,
335513,SEAGATE REHABILITATION AND NURSING CENTER,BROOKLYN,NY,Kings,47,2017Q3,20170809,350,7.0,7.0,0.0,35.05,35.05,0.0,70.03,70.03,0.0,0.0,0.0,0.0,209.49,209.49,0.0,787.17,782.17,5.0,0.0,0.0,0.0,0.0,0.0,0.0,
335513,SEAGATE REHABILITATION AND NURSING CENTER,BROOKLYN,NY,Kings,47,2017Q3,20170810,346,7.0,7.0,0.0,27.97,27.97,0.0,69.93,69.93,0.0,0.0,0.0,0.0,202.75,202.75,0.0,793.2,788.2,5.0,0.0,0.0,0.0,0.0,0.0,0.0,
335513,SEAGATE REHABILITATION AND NURSING CENTER,BROOKLYN,NY,Kings,47,2017Q3,20170811,344,7.0,7.0,0.0,27.9,27.9,0.0,60.95,60.95,0.0,0.0,0.0,0.0,202.78,202.78,0.0,759.23,759.23,0.0,0.0,0.0,0.0,0.0,0.0,0.0,
335513,SEAGATE REHABILITATION AND NURSING CENTER,BROOKLYN,NY,Kings,47,2017Q3,20170812,345,0.0,0.0,0.0,19.1,19.1,0.0,25.3,25.3,0.0,0.0,0.0,0.0,208.95,208.95,0.0,746.25,746.25,0.0,0.0,0.0,0.0,0.0,0.0,0.0,
335513,SEAGATE REHABILITATION AND NURSING CENTER,BROOKLYN,NY,Kings,47,2017Q3,20170813,345,0.0,0.0,0.0,14.0,14.0,0.0,35.17,35.17,0.0,0.0,0.0,0.0,216.37,216.37,0.0,740.03,740.03,0.0,0.0,0.0,0.0,0.0,0.0,0.0,
335513,SEAGATE REHABILITATION AND NURSING CENTER,BROOKLYN,NY,Kings,47,2017Q3,20170814,349,7.0,7.0,0.0,50.03,50.03,0.0,60.66,60.66,0.0,0.0,0.0,0.0,211.9,211.9,0.0,763.08,758.4,4.68,0.0,0.0,0.0,0.0,0.0,0.0,
335513,SEAGATE REHABILITATION AND NURSING CENTER,BROOKLYN,NY,Kings,47,2017Q3,20170815,347,7.0,7.0,0.0,50.05,50.05,0.0,69.98,69.98,0.0,0.0,0.0,0.0,214.13,214.13,0.0,768.97,765.35,3.62,0.0,0.0,0.0,0.0,0.0,0.0,
335513,SEAGATE REHABILITATION AND NURSING CENTER,BROOKLYN,NY,Kings,47,2017Q3,20170816,348,7.0,7.0,0.0,62.95,62.95,0.0,74.01,74.01,0.0,0.0,0.0,0.0,215.71,215.71,0.0,783.37,779.47,3.9,0.0,0.0,0.0,0.0,0.0,0.0,
335513,SEAGATE REHABILITATION AND NURSING CENTER,BROOKLYN,NY,Kings,47,2017Q3,20170817,346,7.0,7.0,0.0,41.97,41.97,0.0,72.35,72.35,0.0,0.0,0.0,0.0,211.1,211.1,0.0,768.24,768.24,0.0,0.0,0.0,0.0,0.0,0.0,0.0,
335513,SEAGATE REHABILITATION AND NURSING CENTER,BROOKLYN,NY,Kings,47,2017Q3,20170818,347,7.0,7.0,0.0,63.03,63.03,0.0,44.1,44.1,0.0,0.0,0.0,0.0,223.14,223.14,0.0,761.63,756.81,4.82,0.0,0.0,0.0,0.0,0.0,0.0,
335513,SEAGATE REHABILITATION AND NURSING CENTER,BROOKLYN,NY,Kings,47,2017Q3,20170819,345,0.0,0.0,0.0,18.97,18.97,0.0,25.15,25.15,0.0,0.0,0.0,0.0,197.95,197.95,0.0,748.03,748.03,0.0,0.0,0.0,0.0,0.0,0.0,0.0,
335513,SEAGATE REHABILITATION AND NURSING CENTER,BROOKLYN,NY,Kings,47,2017Q3,20170820,343,0.0,0.0,0.0,21.0,21.0,0.0,28.03,28.03,0.0,0.0,0.0,0.0,202.14,202.14,0.0,752.02,752.02,0.0,0.0,0.0,0.0,0.0,0.0,0.0,
335513,SEAGATE REHABILITATION AND NURSING CENTER,BROOKLYN,NY,Kings,47,2017Q3,20170821,345,7.0,7.0,0.0,49.0,49.0,0.0,66.02,66.02,0.0,0.0,0.0,0.0,210.66,210.66,0.0,796.67,791.82,4.85,0.0,0.0,0.0,0.0,0.0,0.0,
335513,SEAGATE REHABILITATION AND NURSING CENTER,BROOKLYN,NY,Kings,47,2017Q3,20170822,344,7.0,7.0,0.0,44.13,44.13,0.0,62.82,62.82,0.0,0.0,0.0,0.0,223.03,223.03,0.0,772.44,772.44,0.0,0.0,0.0,0.0,0.0,0.0,0.0,
335513,SEAGATE REHABILITATION AND NURSING CENTER,BROOKLYN,NY,Kings,47,2017Q3,20170823,346,7.0,7.0,0.0,55.92,55.92,0.0,72.2,72.2,0.0,0.0,0.0,0.0,221.31,221.31,0.0,782.48,777.48,5.0,0.0,0.0,0.0,0.0,0.0,0.0,
335513,SEAGATE REHABILITATION AND NURSING CENTER,BROOKLYN,NY,Kings,47,2017Q3,20170824,348,7.0,7.0,0.0,41.78,41.78,0.0,76.8,76.8,0.0,0.0,0.0,0.0,202.74,202.74,0.0,772.14,767.62,4.52,0.0,0.0,0.0,0.0,0.0,0.0,
335513,SEAGATE REHABILITATION AND NURSING CENTER,BROOKLYN,NY,Kings,47,2017Q3,20170825,347,0.0,0.0,0.0,49.2,49.2,0.0,70.02,70.02,0.0,0.0,0.0,0.0,217.36,217.36,0.0,780.67,775.67,5.0,0.0,0.0,0.0,0.0,0.0,0.0,
335513,SEAGATE REHABILITATION AND NURSING CENTER,BROOKLYN,NY,Kings,47,2017Q3,20170826,347,0.0,0.0,0.0,25.97,25.97,0.0,28.05,28.05,0.0,0.0,0.0,0.0,207.41,207.41,0.0,721.22,721.22,0.0,0.0,0.0,0.0,0.0,0.0,0.0,
335513,SEAGATE REHABILITATION AND NURSING CENTER,BROOKLYN,NY,Kings,47,2017Q3,20170827,347,0.0,0.0,0.0,28.0,28.0,0.0,21.45,21.45,0.0,0.0,0.0,0.0,215.87,215.87,0.0,702.85,702.85,0.0,0.0,0.0,0.0,0.0,0.0,0.0,
335513,SEAGATE REHABILITATION AND NURSING CENTER,BROOKLYN,NY,Kings,47,2017Q3,20170828,347,7.0,7.0,0.0,28.0,28.0,0.0,76.6,76.6,0.0,0.0,0.0,0.0,202.9,202.9,0.0,790.23,785.23,5.0,0.0,0.0,0.0,0.0,0.0,0.0,
335513,SEAGATE REHABILITATION AND NURSING CENTER,BROOKLYN,NY,Kings,47,2017Q3,20170829,348,7.0,7.0,0.0,43.98,43.98,0.0,93.77,86.77,7.0,0.0,0.0,0.0,211.71,211.71,0.0,792.24,786.89,5.35,0.0,0.0,0.0,0.0,0.0,0.0,
335513,SEAGATE REHABILITATION AND NURSING CENTER,BROOKLYN,NY,Kings,47,2017Q3,20170830,347,7.0,7.0,0.0,41.7,41.7,0.0,74.27,67.27,7.0,0.0,0.0,0.0,233.42,233.42,0.0,807.0,802.0,5.0,0.0,0.0,0.0,0.0,0.0,0.0,
335513,SEAGATE REHABILITATION AND NURSING CENTER,BROOKLYN,NY,Kings,47,2017Q3,20170831,347,7.0,7.0,0.0,34.88,34.88,0.0,95.92,88.92,7.0,0.0,0.0,0.0,217.21,217.21,0.0,771.08,766.08,5.0,0.0,0.0,0.0,0.0,0.0,0.0,
335513,SEAGATE REHABILITATION AND NURSING CENTER,BROOKLYN,NY,Kings,47,2017Q3,20170901,348,7.0,7.0,0.0,35.38,35.38,0.0,76.87,69.87,7.0,0.0,0.0,0.0,220.62,220.62,0.0,795.77,790.65,5.12,0.0,0.0,0.0,0.0,0.0,0.0,
335513,SEAGATE REHABILITATION AND NURSING CENTER,BROOKLYN,NY,Kings,47,2017Q3,20170902,345,0.0,0.0,0.0,33.05,33.05,0.0,53.38,53.38,0.0,0.0,0.0,0.0,146.35,146.35,0.0,753.9,753.9,0.0,0.0,0.0,0.0,0.0,0.0,0.0,
335513,SEAGATE REHABILITATION AND NURSING CENTER,BROOKLYN,NY,Kings,47,2017Q3,20170903,344,0.0,0.0,0.0,28.0,28.0,0.0,41.95,41.95,0.0,0.0,0.0,0.0,202.48,202.48,0.0,728.65,728.65,0.0,0.0,0.0,0.0,0.0,0.0,0.0,
335513,SEAGATE REHABILITATION AND NURSING CENTER,BROOKLYN,NY,Kings,47,2017Q3,20170904,343,0.0,0.0,0.0,29.92,29.92,0.0,23.78,23.78,0.0,0.0,0.0,0.0,204.31,204.31,0.0,761.48,761.48,0.0,0.0,0.0,0.0,0.0,0.0,0.0,
335513,SEAGATE REHABILITATION AND NURSING CENTER,BROOKLYN,NY,Kings,47,2017Q3,20170905,344,7.0,7.0,0.0,42.2,42.2,0.0,62.96,55.96,7.0,0.0,0.0,0.0,202.87,202.87,0.0,766.08,766.08,0.0,0.0,0.0,0.0,0.0,0.0,0.0,
335513,SEAGATE REHABILITATION AND NURSING CENTER,BROOKLYN,NY,Kings,47,2017Q3,20170906,344,7.0,7.0,0.0,41.92,41.92,0.0,58.05,51.05,7.0,0.0,0.0,0.0,213.62,213.62,0.0,804.18,799.18,5.0,0.0,0.0,0.0,0.0,0.0,0.0,
335513,SEAGATE REHABILITATION AND NURSING CENTER,BROOKLYN,NY,Kings,47,2017Q3,20170907,340,7.0,7.0,0.0,27.87,27.87,0.0,84.01,70.01,14.0,0.0,0.0,0.0,195.45,195.45,0.0,783.08,783.08,0.0,0.0,0.0,0.0,0.0,0.0,0.0,
335513,SEAGATE REHABILITATION AND NURSING CENTER,BROOKLYN,NY,Kings,47,2017Q3,20170908,344,7.0,7.0,0.0,42.15,42.15,0.0,74.94,67.94,7.0,0.0,0.0,0.0,206.97,206.97,0.0,819.28,814.4,4.88,0.0,0.0,0.0,0.0,0.0,0.0,
335513,SEAGATE REHABILITATION AND NURSING CENTER,BROOKLYN,NY,Kings,47,2017Q3,20170909,343,0.0,0.0,0.0,37.62,37.62,0.0,30.04,30.04,0.0,0.0,0.0,0.0,216.57,216.57,0.0,756.51,756.51,0.0,0.0,0.0,0.0,0.0,0.0,0.0,
335513,SEAGATE REHABILITATION AND NURSING CENTER,BROOKLYN,NY,Kings,47,2017Q3,20170910,343,0.0,0.0,0.0,30.33,30.33,0.0,32.86,32.86,0.0,0.0,0.0,0.0,222.2,222.2,0.0,747.33,747.33,0.0,0.0,0.0,0.0,0.0,0.0,0.0,
335513,SEAGATE REHABILITATION AND NURSING CENTER,BROOKLYN,NY,Kings,47,2017Q3,20170911,344,7.0,7.0,0.0,35.0,35.0,0.0,79.12,72.12,7.0,0.0,0.0,0.0,214.46,200.46,14.0,773.47,768.15,5.32,0.0,0.0,0.0,0.0,0.0,0.0,
335513,SEAGATE REHABILITATION AND NURSING CENTER,BROOKLYN,NY,Kings,47,2017Q3,20170912,345,7.0,7.0,0.0,35.0,35.0,0.0,74.95,67.95,7.0,0.0,0.0,0.0,218.62,218.62,0.0,773.44,773.44,0.0,0.0,0.0,0.0,0.0,0.0,0.0,
335513,SEAGATE REHABILITATION AND NURSING CENTER,BROOKLYN,NY,Kings,47,2017Q3,20170913,346,7.0,7.0,0.0,37.05,37.05,0.0,65.01,58.01,7.0,0.0,0.0,0.0,233.75,226.75,7.0,807.79,803.17,4.62,0.0,0.0,0.0,0.0,0.0,0.0,
335513,SEAGATE REHABILITATION AND NURSING CENTER,BROOKLYN,NY,Kings,47,2017Q3,20170914,347,7.0,7.0,0.0,49.0,49.0,0.0,74.97,67.97,7.0,0.0,0.0,0.0,206.52,199.52,7.0,781.85,781.85,0.0,0.0,0.0,0.0,0.0,0.0,0.0,
335513,SEAGATE REHABILITATION AND NURSING CENTER,BROOKLYN,NY,Kings,47,2017Q3,20170915,350,7.0,7.0,0.0,53.62,53.62,0.0,64.84,57.84,7.0,0.0,0.0,0.0,218.74,216.74,2.0,776.17,776.17,0.0,0.0,0.0,0.0,0.0,0.0,0.0,
335513,SEAGATE REHABILITATION AND NURSING CENTER,BROOKLYN,NY,Kings,47,2017Q3,20170916,349,0.0,0.0,0.0,37.33,37.33,0.0,44.23,44.23,0.0,0.0,0.0,0.0,219.25,214.25,5.0,760.9,760.9,0.0,0.0,0.0,0.0,0.0,0.0,0.0,
335513,SEAGATE REHABILITATION AND NURSING CENTER,BROOKLYN,NY,Kings,47,2017Q3,20170917,349,0.0,0.0,0.0,30.62,30.62,0.0,53.98,53.98,0.0,0.0,0.0,0.0,188.95,188.95,0.0,753.66,753.66,0.0,0.0,0.0,0.0,0.0,0.0,0.0,
335513,SEAGATE REHABILITATION AND NURSING CENTER,BROOKLYN,NY,Kings,47,2017Q3,20170918,351,0.0,0.0,0.0,51.02,51.02,0.0,67.95,67.95,0.0,0.0,0.0,0.0,211.01,211.01,0.0,770.62,770.62,0.0,0.0,0.0,0.0,0.0,0.0,0.0,
335513,SEAGATE REHABILITATION AND NURSING CENTER,BROOKLYN,NY,Kings,47,2017Q3,20170919,354,7.0,7.0,0.0,49.08,49.08,0.0,67.92,67.92,0.0,0.0,0.0,0.0,224.9,217.9,7.0,778.74,778.74,0.0,0.0,0.0,0.0,0.0,0.0,0.0,
335513,SEAGATE REHABILITATION AND NURSING CENTER,BROOKLYN,NY,Kings,47,2017Q3,20170920,355,7.0,7.0,0.0,39.9,39.9,0.0,63.0,63.0,0.0,0.0,0.0,0.0,223.48,216.48,7.0,775.73,773.45,2.28,0.0,0.0,0.0,0.0,0.0,0.0,
335513,SEAGATE REHABILITATION AND NURSING CENTER,BROOKLYN,NY,Kings,47,2017Q3,20170921,356,7.0,7.0,0.0,37.0,37.0,0.0,42.0,42.0,0.0,0.0,0.0,0.0,216.62,209.62,7.0,776.72,773.6,3.12,0.0,0.0,0.0,0.0,0.0,0.0,
335513,SEAGATE REHABILITATION AND NURSING CENTER,BROOKLYN,NY,Kings,47,2017Q3,20170922,357,7.0,7.0,0.0,47.37,47.37,0.0,42.0,42.0,0.0,0.0,0.0,0.0,223.03,216.03,7.0,767.95,767.95,0.0,0.0,0.0,0.0,0.0,0.0,0.0,
335513,SEAGATE REHABILITATION AND NURSING CENTER,BROOKLYN,NY,Kings,47,2017Q3,20170923,355,0.0,0.0,0.0,32.98,32.98,0.0,25.22,25.22,0.0,0.0,0.0,0.0,214.08,207.08,7.0,757.84,757.84,0.0,0.0,0.0,0.0,0.0,0.0,0.0,
335513,SEAGATE REHABILITATION AND NURSING CENTER,BROOKLYN,NY,Kings,47,2017Q3,20170924,355,0.0,0.0,0.0,28.0,28.0,0.0,28.21,28.21,0.0,0.0,0.0,0.0,235.22,228.22,7.0,753.49,753.49,0.0,0.0,0.0,0.0,0.0,0.0,0.0,
335513,SEAGATE REHABILITATION AND NURSING CENTER,BROOKLYN,NY,Kings,47,2017Q3,20170925,355,7.0,7.0,0.0,51.07,51.07,0.0,83.73,83.73,0.0,0.0,0.0,0.0,218.68,218.68,0.0,775.67,771.07,4.6,0.0,0.0,0.0,0.0,0.0,0.0,
335513,SEAGATE REHABILITATION AND NURSING CENTER,BROOKLYN,NY,Kings,47,2017Q3,20170926,356,7.0,7.0,0.0,35.02,35.02,0.0,74.92,74.92,0.0,0.0,0.0,0.0,211.2,204.2,7.0,796.1,793.07,3.03,0.0,0.0,0.0,0.0,0.0,0.0,
335513,SEAGATE REHABILITATION AND NURSING CENTER,BROOKLYN,NY,Kings,47,2017Q3,20170927,358,7.0,7.0,0.0,41.72,41.72,0.0,72.08,72.08,0.0,0.0,0.0,0.0,228.57,214.57,14.0,774.56,771.26,3.3,0.0,0.0,0.0,0.0,0.0,0.0,
335513,SEAGATE REHABILITATION AND NURSING CENTER,BROOKLYN,NY,Kings,47,2017Q3,20170928,358,7.0,7.0,0.0,42.18,42.18,0.0,81.87,81.87,0.0,0.0,0.0,0.0,223.32,223.32,0.0,794.01,789.56,4.45,0.0,0.0,0.0,0.0,0.0,0.0,
335513,SEAGATE REHABILITATION AND NURSING CENTER,BROOKLYN,NY,Kings,47,2017Q3,20170929,353,7.0,7.0,0.0,49.13,49.13,0.0,63.05,63.05,0.0,0.0,0.0,0.0,237.05,230.05,7.0,768.29,765.16,3.13,0.0,0.0,0.0,0.0,0.0,0.0,
335513,SEAGATE REHABILITATION AND NURSING CENTER,BROOKLYN,NY,Kings,47,2017Q3,20170930,353,0.0,0.0,0.0,32.88,32.88,0.0,32.03,32.03,0.0,0.0,0.0,0.0,200.6,200.6,0.0,752.79,752.51,0.28,0.0,0.0,0.0,0.0,0.0,0.0,
335513,SEAGATE REHABILITATION AND NURSING CENTER,BROOKLYN,NY,Kings,47,2017Q4,20171001,353,0.0,0.0,0.0,42.0,42.0,0.0,40.05,33.05,7.0,0.0,0.0,0.0,174.62,174.62,0.0,760.61,760.61,0.0,0.0,0.0,0.0,0.0,0.0,0.0,
335513,SEAGATE REHABILITATION AND NURSING CENTER,BROOKLYN,NY,Kings,47,2017Q4,20171002,351,7.0,7.0,0.0,50.88,50.88,0.0,88.95,74.95,14.0,0.0,0.0,0.0,204.11,197.11,7.0,764.89,757.79,7.1,0.0,0.0,0.0,0.0,0.0,0.0,
335513,SEAGATE REHABILITATION AND NURSING CENTER,BROOKLYN,NY,Kings,47,2017Q4,20171003,350,7.0,7.0,0.0,42.08,42.08,0.0,76.93,69.93,7.0,0.0,0.0,0.0,223.43,216.43,7.0,791.33,782.66,8.67,0.0,0.0,0.0,0.0,0.0,0.0,
335513,SEAGATE REHABILITATION AND NURSING CENTER,BROOKLYN,NY,Kings,47,2017Q4,20171004,351,7.0,7.0,0.0,56.1,56.1,0.0,77.0,70.0,7.0,0.0,0.0,0.0,220.78,213.78,7.0,774.98,771.05,3.93,0.0,0.0,0.0,0.0,0.0,0.0,
335513,SEAGATE REHABILITATION AND NURSING CENTER,BROOKLYN,NY,Kings,47,2017Q4,20171005,352,7.0,7.0,0.0,55.9,55.9,0.0,70.02,63.02,7.0,0.0,0.0,0.0,225.2,225.2,0.0,784.59,780.11,4.48,0.0,0.0,0.0,0.0,0.0,0.0,
335513,SEAGATE REHABILITATION AND NURSING CENTER,BROOKLYN,NY,Kings,47,2017Q4,20171006,348,7.0,7.0,0.0,47.03,47.03,0.0,69.86,62.86,7.0,0.0,0.0,0.0,218.54,211.54,7.0,778.84,776.44,2.4,0.0,0.0,0.0,0.0,0.0,0.0,
335513,SEAGATE REHABILITATION AND NURSING CENTER,BROOKLYN,NY,Kings,47,2017Q4,20171007,347,0.0,0.0,0.0,28.0,28.0,0.0,23.06,23.06,0.0,0.0,0.0,0.0,228.5,214.5,14.0,761.89,761.89,0.0,0.0,0.0,0.0,0.0,0.0,0.0,
335513,SEAGATE REHABILITATION AND NURSING CENTER,BROOKLYN,NY,Kings,47,2017Q4,20171008,347,0.0,0.0,0.0,28.0,28.0,0.0,19.1,19.1,0.0,0.0,0.0,0.0,228.49,221.49,7.0,723.79,723.79,0.0,0.0,0.0,0.0,0.0,0.0,0.0,
335513,SEAGATE REHABILITATION AND NURSING CENTER,BROOKLYN,NY,Kings,47,2017Q4,20171009,348,0.0,0.0,0.0,43.95,43.95,0.0,72.1,65.1,7.0,0.0,0.0,0.0,209.5,209.5,0.0,750.4,746.37,4.03,0.0,0.0,0.0,0.0,0.0,0.0,
335513,SEAGATE REHABILITATION AND NURSING CENTER,BROOKLYN,NY,Kings,47,2017Q4,20171010,351,7.0,7.0,0.0,49.2,49.2,0.0,67.87,67.87,0.0,0.0,0.0,0.0,209.79,202.79,7.0,773.85,771.17,2.68,0.0,0.0,0.0,0.0,0.0,0.0,
335513,SEAGATE REHABILITATION AND NURSING CENTER,BROOKLYN,NY,Kings,47,2017Q4,20171011,349,7.0,7.0,0.0,32.85,32.85,0.0,84.0,70.0,14.0,0.0,0.0,0.0,237.27,230.27,7.0,786.88,782.41,4.47,0.0,0.0,0.0,0.0,0.0,0.0,
335513,SEAGATE REHABILITATION AND NURSING CENTER,BROOKLYN,NY,Kings,47,2017Q4,20171012,348,7.0,7.0,0.0,37.0,37.0,0.0,69.03,63.03,6.0,0.0,0.0,0.0,208.54,208.54,0.0,793.92,793.92,0.0,0.0,0.0,0.0,0.0,0.0,0.0,
335513,SEAGATE REHABILITATION AND NURSING CENTER,BROOKLYN,NY,Kings,47,2017Q4,20171013,348,7.0,7.0,0.0,53.98,53.98,0.0,55.98,41.98,14.0,0.0,0.0,0.0,237.23,230.23,7.0,774.04,774.04,0.0,0.0,0.0,0.0,0.0,0.0,0.0,
335513,SEAGATE REHABILITATION AND NURSING CENTER,BROOKLYN,NY,Kings,47,2017Q4,20171014,348,0.0,0.0,0.0,35.0,35.0,0.0,32.2,25.2,7.0,0.0,0.0,0.0,186.56,186.56,0.0,756.54,756.54,0.0,0.0,0.0,0.0,0.0,0.0,0.0,
335513,SEAGATE REHABILITATION AND NURSING CENTER,BROOKLYN,NY,Kings,47,2017Q4,20171015,346,0.0,0.0,0.0,30.15,30.15,0.0,41.93,27.93,14.0,0.0,0.0,0.0,209.18,209.18,0.0,749.1,749.1,0.0,0.0,0.0,0.0,0.0,0.0,0.0,
335513,SEAGATE REHABILITATION AND NURSING CENTER,BROOKLYN,NY,Kings,47,2017Q4,20171016,347,7.0,7.0,0.0,48.87,48.87,0.0,79.78,72.78,7.0,0.0,0.0,0.0,209.91,209.91,0.0,768.3,768.3,0.0,0.0,0.0,0.0,0.0,0.0,0.0,
335513,SEAGATE REHABILITATION AND NURSING CENTER,BROOKLYN,NY,Kings,47,2017Q4,20171017,346,7.0,7.0,0.0,42.05,42.05,0.0,84.07,70.07,14.0,0.0,0.0,0.0,230.2,221.2,9.0,743.7,743.7,0.0,0.0,0.0,0.0,0.0,0.0,0.0,
335513,SEAGATE REHABILITATION AND NURSING CENTER,BROOKLYN,NY,Kings,47,2017Q4,20171018,345,7.0,7.0,0.0,49.03,49.03,0.0,70.03,63.03,7.0,0.0,0.0,0.0,227.74,222.74,5.0,772.78,772.78,0.0,0.0,0.0,0.0,0.0,0.0,0.0,
335513,SEAGATE REHABILITATION AND NURSING CENTER,BROOKLYN,NY,Kings,47,2017Q4,20171019,342,7.0,7.0,0.0,48.93,48.93,0.0,58.1,44.1,14.0,0.0,0.0,0.0,216.0,216.0,0.0,775.08,768.81,6.27,0.0,0.0,0.0,0.0,0.0,0.0,
335513,SEAGATE REHABILITATION AND NURSING CENTER,BROOKLYN,NY,Kings,47,2017Q4,20171020,339,7.0,7.0,0.0,48.95,48.95,0.0,58.67,51.67,7.0,0.0,0.0,0.0,211.47,204.47,7.0,766.02,763.55,2.47,0.0,0.0,0.0,0.0,0.0,0.0,
335513,SEAGATE REHABILITATION AND NURSING CENTER,BROOKLYN,NY,Kings,47,2017Q4,20171021,340,0.0,0.0,0.0,33.02,33.02,0.0,44.32,37.32,7.0,0.0,0.0,0.0,223.49,216.49,7.0,761.56,761.56,0.0,0.0,0.0,0.0,0.0,0.0,0.0,
335513,SEAGATE REHABILITATION AND NURSING CENTER,BROOKLYN,NY,Kings,47,2017Q4,20171022,340,0.0,0.0,0.0,28.0,28.0,0.0,41.75,34.75,7.0,0.0,0.0,0.0,235.38,228.38,7.0,757.1,757.1,0.0,0.0,0.0,0.0,0.0,0.0,0.0,
335513,SEAGATE REHABILITATION AND NURSING CENTER,BROOKLYN,NY,Kings,47,2017Q4,20171023,339,7.0,7.0,0.0,37.0,37.0,0.0,98.02,84.02,14.0,0.0,0.0,0.0,222.98,222.98,0.0,784.98,775.23,9.75,0.0,0.0,0.0,0.0,0.0,0.0,
335513,SEAGATE REHABILITATION AND NURSING CENTER,BROOKLYN,NY,Kings,47,2017Q4,20171024,342,7.0,7.0,0.0,37.72,37.72,0.0,90.93,76.93,14.0,0.0,0.0,0.0,236.91,236.91,0.0,787.13,777.41,9.72,0.0,0.0,0.0,0.0,0.0,0.0,
335513,SEAGATE REHABILITATION AND NURSING CENTER,BROOKLYN,NY,Kings,47,2017Q4,20171025,345,7.0,7.0,0.0,55.58,55.58,0.0,76.99,69.99,7.0,0.0,0.0,0.0,230.72,216.72,14.0,772.85,761.37,11.48,0.0,0.0,0.0,0.0,0.0,0.0,
335513,SEAGATE REHABILITATION AND NURSING CENTER,BROOKLYN,NY,Kings,47,2017Q4,20171026,344,7.0,7.0,0.0,51.3,51.3,0.0,77.34,70.34,7.0,0.0,0.0,0.0,202.54,188.54,14.0,789.31,779.56,9.75,0.0,0.0,0.0,0.0,0.0,0.0,
335513,SEAGATE REHABILITATION AND NURSING CENTER,BROOKLYN,NY,Kings,47,2017Q4,20171027,347,7.0,7.0,0.0,56.0,56.0,0.0,53.7,53.7,0.0,0.0,0.0,0.0,227.66,227.66,0.0,781.03,769.65,11.38,0.0,0.0,0.0,0.0,0.0,0.0,
335513,SEAGATE REHABILITATION AND NURSING CENTER,BROOKLYN,NY,Kings,47,2017Q4,20171028,347,0.0,0.0,0.0,28.0,28.0,0.0,50.95,36.95,14.0,0.0,0.0,0.0,202.75,202.75,0.0,752.25,752.25,0.0,0.0,0.0,0.0,0.0,0.0,0.0,
335513,SEAGATE REHABILITATION AND NURSING CENTER,BROOKLYN,NY,Kings,47,2017Q4,20171029,344,0.0,0.0,0.0,37.17,37.17,0.0,42.52,35.52,7.0,0.0,0.0,0.0,188.73,188.73,0.0,739.55,739.55,0.0,0.0,0.0,0.0,0.0,0.0,0.0,
335513,SEAGATE REHABILITATION AND NURSING CENTER,BROOKLYN,NY,Kings,47,2017Q4,20171030,344,7.0,7.0,0.0,69.93,69.93,0.0,67.52,60.52,7.0,0.0,0.0,0.0,222.78,215.78,7.0,770.71,768.71,2.0,0.0,0.0,0.0,0.0,0.0,0.0,
335513,SEAGATE REHABILITATION AND NURSING CENTER,BROOKLYN,NY,Kings,47,2017Q4,20171031,347,7.0,7.0,0.0,45.97,45.97,0.0,69.95,55.95,14.0,0.0,0.0,0.0,230.85,216.85,14.0,753.57,748.57,5.0,0.0,0.0,0.0,0.0,0.0,0.0,
335513,SEAGATE REHABILITATION AND NURSING CENTER,BROOKLYN,NY,Kings,47,2017Q4,20171101,346,7.0,7.0,0.0,59.85,59.85,0.0,72.23,65.23,7.0,0.0,0.0,0.0,214.98,214.98,0.0,763.28,763.28,0.0,0.0,0.0,0.0,0.0,0.0,0.0,
335513,SEAGATE REHABILITATION AND NURSING CENTER,BROOKLYN,NY,Kings,47,2017Q4,20171102,344,7.0,7.0,0.0,49.03,49.03,0.0,88.53,81.53,7.0,0.0,0.0,0.0,202.68,202.68,0.0,771.59,771.59,0.0,0.0,0.0,0.0,0.0,0.0,0.0,
335513,SEAGATE REHABILITATION AND NURSING CENTER,BROOKLYN,NY,Kings,47,2017Q4,20171103,342,7.0,7.0,0.0,63.13,63.13,0.0,56.05,49.05,7.0,0.0,0.0,0.0,224.29,217.29,7.0,759.8,749.93,9.87,0.0,0.0,0.0,0.0,0.0,0.0,
335513,SEAGATE REHABILITATION AND NURSING CENTER,BROOKLYN,NY,Kings,47,2017Q4,20171104,341,0.0,0.0,0.0,38.92,38.92,0.0,37.05,30.05,7.0,0.0,0.0,0.0,216.43,216.43,0.0,743.29,741.29,2.0,0.0,0.0,0.0,0.0,0.0,0.0,
335513,SEAGATE REHABILITATION AND NURSING CENTER,BROOKLYN,NY,Kings,47,2017Q4,20171105,341,0.0,0.0,0.0,30.17,30.17,0.0,46.89,39.89,7.0,0.0,0.0,0.0,218.78,218.78,0.0,761.98,753.98,8.0,0.0,0.0,0.0,0.0,0.0,0.0,
335513,SEAGATE REHABILITATION AND NURSING CENTER,BROOKLYN,NY,Kings,47,2017Q4,20171106,338,7.0,7.0,0.0,55.86,55.86,0.0,72.25,58.25,14.0,0.0,0.0,0.0,223.66,223.66,0.0,768.88,761.88,7.0,0.0,0.0,0.0,0.0,0.0,0.0,
335513,SEAGATE REHABILITATION AND NURSING CENTER,BROOKLYN,NY,Kings,47,2017Q4,20171107,336,0.0,0.0,0.0,61.38,61.38,0.0,74.76,60.76,14.0,0.0,0.0,0.0,223.79,223.79,0.0,771.16,763.84,7.32,0.0,0.0,0.0,0.0,0.0,0.0,
335513,SEAGATE REHABILITATION AND NURSING CENTER,BROOKLYN,NY,Kings,47,2017Q4,20171108,336,7.0,7.0,0.0,44.62,44.62,0.0,79.25,72.25,7.0,0.0,0.0,0.0,235.49,221.49,14.0,787.59,782.44,5.15,0.0,0.0,0.0,0.0,0.0,0.0,
335513,SEAGATE REHABILITATION AND NURSING CENTER,BROOKLYN,NY,Kings,47,2017Q4,20171109,337,7.0,7.0,0.0,56.0,56.0,0.0,85.84,71.84,14.0,0.0,0.0,0.0,204.43,197.43,7.0,764.72,757.72,7.0,0.0,0.0,0.0,0.0,0.0,0.0,
335513,SEAGATE REHABILITATION AND NURSING CENTER,BROOKLYN,NY,Kings,47,2017Q4,20171110,339,7.0,7.0,0.0,55.99,55.99,0.0,60.7,60.7,0.0,0.0,0.0,0.0,244.45,237.45,7.0,774.51,763.74,10.77,0.0,0.0,0.0,0.0,0.0,0.0,
335513,SEAGATE REHABILITATION AND NURSING CENTER,BROOKLYN,NY,Kings,47,2017Q4,20171111,340,0.0,0.0,0.0,51.83,51.83,0.0,48.25,34.25,14.0,0.0,0.0,0.0,193.97,193.97,0.0,766.46,761.46,5.0,0.0,0.0,0.0,0.0,0.0,0.0,
335513,SEAGATE REHABILITATION AND NURSING CENTER,BROOKLYN,NY,Kings,47,2017Q4,20171112,340,0.0,0.0,0.0,44.23,44.23,0.0,56.6,42.6,14.0,0.0,0.0,0.0,188.65,188.65,0.0,761.92,759.92,2.0,0.0,0.0,0.0,0.0,0.0,0.0,
335513,SEAGATE REHABILITATION AND NURSING CENTER,BROOKLYN,NY,Kings,47,2017Q4,20171113,341,7.0,7.0,0.0,55.82,55.82,0.0,72.26,65.26,7.0,0.0,0.0,0.0,225.46,218.46,7.0,774.33,769.33,5.0,0.0,0.0,0.0,0.0,0.0,0.0,
335513,SEAGATE REHABILITATION AND NURSING CENTER,BROOKLYN,NY,Kings,47,2017Q4,20171114,342,7.0,7.0,0.0,56.0,56.0,0.0,63.0,56.0,7.0,0.0,0.0,0.0,228.65,221.65,7.0,778.6,774.73,3.87,0.0,0.0,0.0,0.0,0.0,0.0,
335513,SEAGATE REHABILITATION AND NURSING CENTER,BROOKLYN,NY,Kings,47,2017Q4,20171115,350,7.0,7.0,0.0,70.08,70.08,0.0,72.1,65.1,7.0,0.0,0.0,0.0,215.14,208.14,7.0,784.33,772.45,11.88,0.0,0.0,0.0,0.0,0.0,0.0,
335513,SEAGATE REHABILITATION AND NURSING CENTER,BROOKLYN,NY,Kings,47,2017Q4,20171116,346,7.0,7.0,0.0,55.93,55.93,0.0,83.98,69.98,14.0,0.0,0.0,0.0,202.72,202.72,0.0,780.6,768.6,12.0,0.0,0.0,0.0,0.0,0.0,0.0,
335513,SEAGATE REHABILITATION AND NURSING CENTER,BROOKLYN,NY,Kings,47,2017Q4,20171117,348,7.0,7.0,0.0,55.97,55.97,0.0,60.98,60.98,0.0,0.0,0.0,0.0,232.0,218.0,14.0,779.84,770.57,9.27,0.0,0.0,0.0,0.0,0.0,0.0,
335513,SEAGATE REHABILITATION AND NURSING CENTER,BROOKLYN,NY,Kings,47,2017Q4,20171118,346,0.0,0.0,0.0,32.97,32.97,0.0,36.98,29.98,7.0,0.0,0.0,0.0,230.72,223.74,6.98,746.53,744.53,2.0,0.0,0.0,0.0,0.0,0.0,0.0,
335513,SEAGATE REHABILITATION AND NURSING CENTER,BROOKLYN,NY,Kings,47,2017Q4,20171119,345,0.0,0.0,0.0,43.62,43.62,0.0,40.18,33.18,7.0,0.0,0.0,0.0,215.0,215.0,0.0,757.61,752.61,5.0,0.0,0.0,0.0,0.0,0.0,0.0,
335513,SEAGATE REHABILITATION AND NURSING CENTER,BROOKLYN,NY,Kings,47,2017Q4,20171120,348,7.0,7.0,0.0,53.02,53.02,0.0,78.93,64.93,14.0,0.0,0.0,0.0,207.47,207.47,0.0,779.52,775.7,3.82,0.0,0.0,0.0,0.0,0.0,0.0,
335513,SEAGATE REHABILITATION AND NURSING CENTER,BROOKLYN,NY,Kings,47,2017Q4,20171121,347,7.0,7.0,0.0,54.41,54.41,0.0,74.85,67.85,7.0,0.0,0.0,0.0,205.5,205.5,0.0,777.78,768.5,9.28,0.0,0.0,0.0,0.0,0.0,0.0,
335513,SEAGATE REHABILITATION AND NURSING CENTER,BROOKLYN,NY,Kings,47,2017Q4,20171122,348,7.0,7.0,0.0,63.13,63.13,0.0,58.05,51.05,7.0,0.0,0.0,0.0,221.18,221.18,0.0,774.72,769.14,5.58,0.0,0.0,0.0,0.0,0.0,0.0,
335513,SEAGATE REHABILITATION AND NURSING CENTER,BROOKLYN,NY,Kings,47,2017Q4,20171123,348,0.0,0.0,0.0,34.75,34.75,0.0,39.92,39.92,0.0,0.0,0.0,0.0,203.41,203.41,0.0,759.96,752.96,7.0,0.0,0.0,0.0,0.0,0.0,0.0,
335513,SEAGATE REHABILITATION AND NURSING CENTER,BROOKLYN,NY,Kings,47,2017Q4,20171124,347,0.0,0.0,0.0,45.07,45.07,0.0,63.02,56.02,7.0,0.0,0.0,0.0,215.18,215.18,0.0,753.93,746.93,7.0,0.0,0.0,0.0,0.0,0.0,0.0,
335513,SEAGATE REHABILITATION AND NURSING CENTER,BROOKLYN,NY,Kings,47,2017Q4,20171125,347,0.0,0.0,0.0,35.0,35.0,0.0,39.3,32.3,7.0,0.0,0.0,0.0,194.0,194.0,0.0,756.53,751.53,5.0,0.0,0.0,0.0,0.0,0.0,0.0,
335513,SEAGATE REHABILITATION AND NURSING CENTER,BROOKLYN,NY,Kings,47,2017Q4,20171126,346,0.0,0.0,0.0,30.57,30.57,0.0,49.33,42.33,7.0,0.0,0.0,0.0,208.68,208.68,0.0,748.43,746.43,2.0,0.0,0.0,0.0,0.0,0.0,0.0,
335513,SEAGATE REHABILITATION AND NURSING CENTER,BROOKLYN,NY,Kings,47,2017Q4,20171127,347,7.0,7.0,0.0,62.43,62.43,0.0,65.51,65.51,0.0,0.0,0.0,0.0,203.68,203.68,0.0,740.61,735.61,5.0,0.0,0.0,0.0,0.0,0.0,0.0,
335513,SEAGATE REHABILITATION AND NURSING CENTER,BROOKLYN,NY,Kings,47,2017Q4,20171128,343,7.0,7.0,0.0,49.07,49.07,0.0,62.9,55.9,7.0,0.0,0.0,0.0,258.37,216.37,42.0,773.07,759.9,13.17,0.0,0.0,0.0,0.0,0.0,0.0,
335513,SEAGATE REHABILITATION AND NURSING CENTER,BROOKLYN,NY,Kings,47,2017Q4,20171129,342,7.0,7.0,0.0,55.93,55.93,0.0,72.1,65.1,7.0,0.0,0.0,0.0,256.55,221.55,35.0,781.64,762.64,19.0,0.0,0.0,0.0,0.0,0.0,0.0,
335513,SEAGATE REHABILITATION AND NURSING CENTER,BROOKLYN,NY,Kings,47,2017Q4,20171130,340,7.0,7.0,0.0,55.88,55.88,0.0,70.24,63.24,7.0,0.0,0.0,0.0,216.26,202.26,14.0,764.24,751.91,12.33,0.0,0.0,0.0,0.0,0.0,0.0,
335513,SEAGATE REHABILITATION AND NURSING CENTER,BROOKLYN,NY,Kings,47,2017Q4,20171201,338,7.0,7.0,0.0,56.12,56.12,0.0,67.63,60.63,7.0,0.0,0.0,0.0,195.8,195.8,0.0,771.16,763.89,7.27,0.0,0.0,0.0,0.0,0.0,0.0,
335513,SEAGATE REHABILITATION AND NURSING CENTER,BROOKLYN,NY,Kings,47,2017Q4,20171202,336,0.0,0.0,0.0,33.0,33.0,0.0,42.14,42.14,0.0,0.0,0.0,0.0,197.78,195.78,2.0,753.11,744.11,9.0,0.0,0.0,0.0,0.0,0.0,0.0,
335513,SEAGATE REHABILITATION AND NURSING CENTER,BROOKLYN,NY,Kings,47,2017Q4,20171203,334,0.0,0.0,0.0,28.0,28.0,0.0,46.92,46.92,0.0,0.0,0.0,0.0,193.88,188.88,5.0,750.17,745.17,5.0,0.0,0.0,0.0,0.0,0.0,0.0,
335513,SEAGATE REHABILITATION AND NURSING CENTER,BROOKLYN,NY,Kings,47,2017Q4,20171204,334,7.0,7.0,0.0,44.18,44.18,0.0,51.32,51.32,0.0,0.0,0.0,0.0,231.64,214.11,17.53,784.18,779.18,5.0,0.0,0.0,0.0,0.0,0.0,0.0,
335513,SEAGATE REHABILITATION AND NURSING CENTER,BROOKLYN,NY,Kings,47,2017Q4,20171205,332,7.0,7.0,0.0,55.67,55.67,0.0,62.85,62.85,0.0,0.0,0.0,0.0,241.96,216.09,25.87,776.57,767.57,9.0,0.0,0.0,0.0,0.0,0.0,0.0,
335513,SEAGATE REHABILITATION AND NURSING CENTER,BROOKLYN,NY,Kings,47,2017Q4,20171206,334,7.0,7.0,0.0,53.18,53.18,0.0,69.95,69.95,0.0,0.0,0.0,0.0,224.0,210.0,14.0,784.45,764.6,19.85,0.0,0.0,0.0,0.0,0.0,0.0,
335513,SEAGATE REHABILITATION AND NURSING CENTER,BROOKLYN,NY,Kings,47,2017Q4,20171207,335,7.0,7.0,0.0,56.18,56.18,0.0,67.8,67.8,0.0,0.0,0.0,0.0,216.48,204.75,11.73,772.77,764.77,8.0,0.0,0.0,0.0,0.0,0.0,0.0,
335513,SEAGATE REHABILITATION AND NURSING CENTER,BROOKLYN,NY,Kings,47,2017Q4,20171208,338,7.0,7.0,0.0,62.85,62.85,0.0,56.02,56.02,0.0,0.0,0.0,0.0,216.6,216.6,0.0,764.54,762.54,2.0,0.0,0.0,0.0,0.0,0.0,0.0,
335513,SEAGATE REHABILITATION AND NURSING CENTER,BROOKLYN,NY,Kings,47,2017Q4,20171209,336,0.0,0.0,0.0,32.98,32.98,0.0,25.34,25.34,0.0,0.0,0.0,0.0,207.75,207.75,0.0,749.24,742.24,7.0,0.0,0.0,0.0,0.0,0.0,0.0,
335513,SEAGATE REHABILITATION AND NURSING CENTER,BROOKLYN,NY,Kings,47,2017Q4,20171210,334,0.0,0.0,0.0,29.67,29.67,0.0,32.9,32.9,0.0,0.0,0.0,0.0,188.72,184.82,3.9,770.49,763.49,7.0,0.0,0.0,0.0,0.0,0.0,0.0,
335513,SEAGATE REHABILITATION AND NURSING CENTER,BROOKLYN,NY,Kings,47,2017Q4,20171211,332,7.0,7.0,0.0,49.41,49.41,0.0,53.85,53.85,0.0,0.0,0.0,0.0,211.53,199.81,11.72,767.82,757.92,9.9,0.0,0.0,0.0,0.0,0.0,0.0,
335513,SEAGATE REHABILITATION AND NURSING CENTER,BROOKLYN,NY,Kings,47,2017Q4,20171212,333,7.0,7.0,0.0,48.98,48.98,0.0,55.9,55.9,0.0,0.0,0.0,0.0,222.81,202.54,20.27,747.03,738.2,8.83,0.0,0.0,0.0,0.0,0.0,0.0,
335513,SEAGATE REHABILITATION AND NURSING CENTER,BROOKLYN,NY,Kings,47,2017Q4,20171213,332,7.0,7.0,0.0,62.95,55.95,7.0,58.1,58.1,0.0,0.0,0.0,0.0,236.67,211.74,24.93,824.46,805.58,18.88,0.0,0.0,0.0,0.0,0.0,0.0,
335513,SEAGATE REHABILITATION AND NURSING CENTER,BROOKLYN,NY,Kings,47,2017Q4,20171214,334,7.0,7.0,0.0,66.37,59.37,7.0,56.02,56.02,0.0,0.0,0.0,0.0,227.72,176.22,51.5,802.54,795.54,7.0,0.0,0.0,0.0,0.0,0.0,0.0,
335513,SEAGATE REHABILITATION AND NURSING CENTER,BROOKLYN,NY,Kings,47,2017Q4,20171215,333,7.0,7.0,0.0,46.15,46.15,0.0,46.93,46.93,0.0,0.0,0.0,0.0,178.0,155.45,22.55,776.22,765.4,10.82,0.0,0.0,0.0,0.0,0.0,0.0,
335513,SEAGATE REHABILITATION AND NURSING CENTER,BROOKLYN,NY,Kings,47,2017Q4,20171216,330,0.0,0.0,0.0,40.03,40.03,0.0,36.86,36.86,0.0,0.0,0.0,0.0,216.61,186.61,30.0,747.31,742.31,5.0,0.0,0.0,0.0,0.0,0.0,0.0,
335513,SEAGATE REHABILITATION AND NURSING CENTER,BROOKLYN,NY,Kings,47,2017Q4,20171217,328,0.0,0.0,0.0,32.95,32.95,0.0,40.1,40.1,0.0,0.0,0.0,0.0,240.71,205.96,34.75,752.67,752.67,0.0,0.0,0.0,0.0,0.0,0.0,0.0,
335513,SEAGATE REHABILITATION AND NURSING CENTER,BROOKLYN,NY,Kings,47,2017Q4,20171218,330,0.0,0.0,0.0,60.07,60.07,0.0,55.95,55.95,0.0,0.0,0.0,0.0,204.16,198.9,5.26,775.53,775.53,0.0,0.0,0.0,0.0,0.0,0.0,0.0,
335513,SEAGATE REHABILITATION AND NURSING CENTER,BROOKLYN,NY,Kings,47,2017Q4,20171219,332,0.0,0.0,0.0,55.92,55.92,0.0,39.92,39.92,0.0,0.0,0.0,0.0,204.16,162.43,41.73,787.54,775.86,11.68,0.0,0.0,0.0,0.0,0.0,0.0,
335513,SEAGATE REHABILITATION AND NURSING CENTER,BROOKLYN,NY,Kings,47,2017Q4,20171220,334,7.0,7.0,0.0,48.97,48.97,0.0,35.0,35.0,0.0,0.0,0.0,0.0,220.98,191.98,29.0,765.86,757.69,8.17,0.0,0.0,0.0,0.0,0.0,0.0,
335513,SEAGATE REHABILITATION AND NURSING CENTER,BROOKLYN,NY,Kings,47,2017Q4,20171221,336,7.0,7.0,0.0,56.02,49.02,7.0,37.12,37.12,0.0,0.0,0.0,0.0,229.96,194.35,35.61,763.66,758.41,5.25,0.0,0.0,0.0,0.0,0.0,0.0,
335513,SEAGATE REHABILITATION AND NURSING CENTER,BROOKLYN,NY,Kings,47,2017Q4,20171222,334,7.0,7.0,0.0,63.02,56.02,7.0,46.88,46.88,0.0,0.0,0.0,0.0,244.13,201.36,42.77,728.13,714.13,14.0,0.0,0.0,0.0,0.0,0.0,0.0,
335513,SEAGATE REHABILITATION AND NURSING CENTER,BROOKLYN,NY,Kings,47,2017Q4,20171223,336,0.0,0.0,0.0,33.07,33.07,0.0,18.19,18.19,0.0,0.0,0.0,0.0,214.4,193.47,20.93,751.84,744.84,7.0,0.0,0.0,0.0,0.0,0.0,0.0,
335513,SEAGATE REHABILITATION AND NURSING CENTER,BROOKLYN,NY,Kings,47,2017Q4,20171224,333,0.0,0.0,0.0,31.86,29.88,1.98,25.83,25.83,0.0,0.0,0.0,0.0,207.91,195.18,12.73,751.88,744.88,7.0,0.0,0.0,0.0,0.0,0.0,0.0,
335513,SEAGATE REHABILITATION AND NURSING CENTER,BROOKLYN,NY,Kings,47,2017Q4,20171225,331,0.0,0.0,0.0,38.14,33.12,5.02,28.18,28.18,0.0,0.0,0.0,0.0,195.11,181.51,13.6,746.05,741.05,5.0,0.0,0.0,0.0,0.0,0.0,0.0,
335513,SEAGATE REHABILITATION AND NURSING CENTER,BROOKLYN,NY,Kings,47,2017Q4,20171226,334,7.0,7.0,0.0,57.62,50.62,7.0,53.8,53.8,0.0,0.0,0.0,0.0,210.58,188.25,22.33,755.37,748.79,6.58,0.0,0.0,0.0,0.0,0.0,0.0,
335513,SEAGATE REHABILITATION AND NURSING CENTER,BROOKLYN,NY,Kings,47,2017Q4,20171227,335,7.0,7.0,0.0,56.25,56.25,0.0,37.28,37.28,0.0,0.0,0.0,0.0,220.81,195.11,25.7,753.1,743.93,9.17,0.0,0.0,0.0,0.0,0.0,0.0,
335513,SEAGATE REHABILITATION AND NURSING CENTER,BROOKLYN,NY,Kings,47,2017Q4,20171228,336,7.0,7.0,0.0,56.0,56.0,0.0,48.8,48.8,0.0,0.0,0.0,0.0,221.52,199.54,21.98,799.54,791.97,7.57,0.0,0.0,0.0,0.0,0.0,0.0,
335513,SEAGATE REHABILITATION AND NURSING CENTER,BROOKLYN,NY,Kings,47,2017Q4,20171229,338,7.0,7.0,0.0,48.85,48.85,0.0,28.07,28.07,0.0,0.0,0.0,0.0,203.8,178.43,25.37,771.71,762.19,9.52,0.0,0.0,0.0,0.0,0.0,0.0,
335513,SEAGATE REHABILITATION AND NURSING CENTER,BROOKLYN,NY,Kings,47,2017Q4,20171230,336,0.0,0.0,0.0,37.01,37.01,0.0,37.08,37.08,0.0,0.0,0.0,0.0,214.07,193.19,20.88,737.81,732.81,5.0,0.0,0.0,0.0,0.0,0.0,0.0,
335513,SEAGATE REHABILITATION AND NURSING CENTER,BROOKLYN,NY,Kings,47,2017Q4,20171231,334,0.0,0.0,0.0,23.0,23.0,0.0,40.04,40.04,0.0,0.0,0.0,0.0,184.98,163.98,21.0,693.21,693.21,0.0,0.0,0.0,0.0,0.0,0.0,0.0,
335513,SEAGATE REHABILITATION AND NURSING CENTER,BROOKLYN,NY,Kings,47,2018Q2,20180401,335,0.0,0.0,0.0,33.17,33.17,0.0,20.98,20.98,0.0,0.0,0.0,0.0,201.99,194.99,7.0,737.18,732.18,5.0,0.0,0.0,0.0,0.0,0.0,0.0,
335513,SEAGATE REHABILITATION AND NURSING CENTER,BROOKLYN,NY,Kings,47,2018Q2,20180402,333,7.0,7.0,0.0,65.25,65.25,0.0,67.92,67.92,0.0,0.0,0.0,0.0,218.53,204.65,13.88,764.56,762.56,2.0,0.0,0.0,0.0,0.0,0.0,0.0,
335513,SEAGATE REHABILITATION AND NURSING CENTER,BROOKLYN,NY,Kings,47,2018Q2,20180403,335,7.0,7.0,0.0,71.02,71.02,0.0,58.3,58.3,0.0,0.0,0.0,0.0,234.56,220.56,14.0,764.82,757.82,7.0,0.0,0.0,0.0,0.0,0.0,0.0,
335513,SEAGATE REHABILITATION AND NURSING CENTER,BROOKLYN,NY,Kings,47,2018Q2,20180404,337,7.0,7.0,0.0,70.73,70.73,0.0,69.45,69.45,0.0,0.0,0.0,0.0,222.5,217.5,5.0,756.26,747.38,8.88,0.0,0.0,0.0,0.0,0.0,0.0,
335513,SEAGATE REHABILITATION AND NURSING CENTER,BROOKLYN,NY,Kings,47,2018Q2,20180405,337,7.0,7.0,0.0,77.18,77.18,0.0,60.13,60.13,0.0,0.0,0.0,0.0,237.28,228.36,8.92,766.6,766.6,0.0,0.0,0.0,0.0,0.0,0.0,0.0,
335513,SEAGATE REHABILITATION AND NURSING CENTER,BROOKLYN,NY,Kings,47,2018Q2,20180406,339,7.0,7.0,0.0,60.88,60.88,0.0,85.05,85.05,0.0,0.0,0.0,0.0,195.52,181.52,14.0,766.19,764.19,2.0,0.0,0.0,0.0,0.0,0.0,0.0,
335513,SEAGATE REHABILITATION AND NURSING CENTER,BROOKLYN,NY,Kings,47,2018Q2,20180407,339,0.0,0.0,0.0,31.6,31.6,0.0,34.95,34.95,0.0,0.0,0.0,0.0,203.95,190.05,13.9,752.98,745.98,7.0,0.0,0.0,0.0,0.0,0.0,0.0,
335513,SEAGATE REHABILITATION AND NURSING CENTER,BROOKLYN,NY,Kings,47,2018Q2,20180408,336,0.0,0.0,0.0,41.3,41.3,0.0,21.0,21.0,0.0,0.0,0.0,0.0,230.12,216.12,14.0,747.74,740.74,7.0,0.0,0.0,0.0,0.0,0.0,0.0,
335513,SEAGATE REHABILITATION AND NURSING CENTER,BROOKLYN,NY,Kings,47,2018Q2,20180409,335,7.0,7.0,0.0,71.15,69.1,2.05,64.0,64.0,0.0,0.0,0.0,0.0,237.7,223.7,14.0,770.32,757.77,12.55,0.0,0.0,0.0,0.0,0.0,0.0,
335513,SEAGATE REHABILITATION AND NURSING CENTER,BROOKLYN,NY,Kings,47,2018Q2,20180410,337,7.0,7.0,0.0,77.0,70.05,6.95,57.0,57.0,0.0,0.0,0.0,0.0,230.25,211.3,18.95,776.33,769.08,7.25,0.0,0.0,0.0,0.0,0.0,0.0,
335513,SEAGATE REHABILITATION AND NURSING CENTER,BROOKLYN,NY,Kings,47,2018Q2,20180411,335,7.0,7.0,0.0,76.95,69.93,7.02,64.0,64.0,0.0,0.0,0.0,0.0,229.56,229.56,0.0,770.04,765.56,4.48,0.0,0.0,0.0,0.0,0.0,0.0,
335513,SEAGATE REHABILITATION AND NURSING CENTER,BROOKLYN,NY,Kings,47,2018Q2,20180412,336,7.0,7.0,0.0,76.78,69.8,6.98,53.0,53.0,0.0,0.0,0.0,0.0,242.37,233.45,8.92,776.04,769.91,6.13,0.0,0.0,0.0,0.0,0.0,0.0,
335513,SEAGATE REHABILITATION AND NURSING CENTER,BROOKLYN,NY,Kings,47,2018Q2,20180413,337,7.0,7.0,0.0,75.17,70.17,5.0,49.0,49.0,0.0,0.0,0.0,0.0,221.7,200.87,20.83,789.9,778.9,11.0,0.0,0.0,0.0,0.0,0.0,0.0,
335513,SEAGATE REHABILITATION AND NURSING CENTER,BROOKLYN,NY,Kings,47,2018Q2,20180414,337,0.0,0.0,0.0,34.88,34.88,0.0,16.02,16.02,0.0,0.0,0.0,0.0,224.32,203.57,20.75,758.9,753.9,5.0,0.0,0.0,0.0,0.0,0.0,0.0,
335513,SEAGATE REHABILITATION AND NURSING CENTER,BROOKLYN,NY,Kings,47,2018Q2,20180415,336,0.0,0.0,0.0,33.17,33.17,0.0,25.98,25.98,0.0,0.0,0.0,0.0,192.0,187.0,5.0,755.18,755.18,0.0,0.0,0.0,0.0,0.0,0.0,0.0,
335513,SEAGATE REHABILITATION AND NURSING CENTER,BROOKLYN,NY,Kings,47,2018Q2,20180416,333,0.0,0.0,0.0,58.12,58.12,0.0,74.0,74.0,0.0,0.0,0.0,0.0,202.52,186.57,15.95,779.42,777.42,2.0,0.0,0.0,0.0,0.0,0.0,0.0,
335513,SEAGATE REHABILITATION AND NURSING CENTER,BROOKLYN,NY,Kings,47,2018Q2,20180417,334,7.0,7.0,0.0,62.78,62.78,0.0,54.12,54.12,0.0,0.0,0.0,0.0,202.51,197.51,5.0,771.04,759.04,12.0,0.0,0.0,0.0,0.0,0.0,0.0,
335513,SEAGATE REHABILITATION AND NURSING CENTER,BROOKLYN,NY,Kings,47,2018Q2,20180418,336,7.0,7.0,0.0,70.08,70.08,0.0,55.63,55.63,0.0,0.0,0.0,0.0,207.27,203.57,3.7,773.72,768.72,5.0,0.0,0.0,0.0,0.0,0.0,0.0,
335513,SEAGATE REHABILITATION AND NURSING CENTER,BROOKLYN,NY,Kings,47,2018Q2,20180419,334,7.0,7.0,0.0,62.8,62.8,0.0,51.47,51.47,0.0,0.0,0.0,0.0,209.8,192.8,17.0,785.88,783.88,2.0,0.0,0.0,0.0,0.0,0.0,0.0,
335513,SEAGATE REHABILITATION AND NURSING CENTER,BROOKLYN,NY,Kings,47,2018Q2,20180420,336,7.0,7.0,0.0,70.2,70.2,0.0,67.83,67.83,0.0,0.0,0.0,0.0,199.72,192.72,7.0,772.81,765.81,7.0,0.0,0.0,0.0,0.0,0.0,0.0,
335513,SEAGATE REHABILITATION AND NURSING CENTER,BROOKLYN,NY,Kings,47,2018Q2,20180421,336,0.0,0.0,0.0,35.15,35.15,0.0,28.1,28.1,0.0,0.0,0.0,0.0,221.7,205.78,15.92,753.45,746.45,7.0,0.0,0.0,0.0,0.0,0.0,0.0,
335513,SEAGATE REHABILITATION AND NURSING CENTER,BROOKLYN,NY,Kings,47,2018Q2,20180422,335,0.0,0.0,0.0,36.87,36.87,0.0,30.2,30.2,0.0,0.0,0.0,0.0,206.98,181.23,25.75,760.91,753.91,7.0,0.0,0.0,0.0,0.0,0.0,0.0,
335513,SEAGATE REHABILITATION AND NURSING CENTER,BROOKLYN,NY,Kings,47,2018Q2,20180423,334,7.0,7.0,0.0,67.62,67.62,0.0,74.74,74.74,0.0,0.0,0.0,0.0,212.0,193.0,19.0,773.82,768.82,5.0,0.0,0.0,0.0,0.0,0.0,0.0,
335513,SEAGATE REHABILITATION AND NURSING CENTER,BROOKLYN,NY,Kings,47,2018Q2,20180424,335,7.0,7.0,0.0,70.27,70.27,0.0,63.02,63.02,0.0,0.0,0.0,0.0,223.73,209.8,13.93,782.37,778.27,4.1,0.0,0.0,0.0,0.0,0.0,0.0,
335513,SEAGATE REHABILITATION AND NURSING CENTER,BROOKLYN,NY,Kings,47,2018Q2,20180425,337,7.0,7.0,0.0,70.05,70.05,0.0,79.31,79.31,0.0,0.0,0.0,0.0,207.16,200.24,6.92,784.27,784.27,0.0,0.0,0.0,0.0,0.0,0.0,0.0,
335513,SEAGATE REHABILITATION AND NURSING CENTER,BROOKLYN,NY,Kings,47,2018Q2,20180426,338,7.0,7.0,0.0,48.62,48.62,0.0,74.74,74.74,0.0,0.0,0.0,0.0,211.91,200.91,11.0,770.61,765.23,5.38,0.0,0.0,0.0,0.0,0.0,0.0,
335513,SEAGATE REHABILITATION AND NURSING CENTER,BROOKLYN,NY,Kings,47,2018Q2,20180427,338,7.0,7.0,0.0,68.45,68.45,0.0,83.95,83.95,0.0,0.0,0.0,0.0,207.86,183.86,24.0,760.64,749.82,10.82,0.0,0.0,0.0,0.0,0.0,0.0,
335513,SEAGATE REHABILITATION AND NURSING CENTER,BROOKLYN,NY,Kings,47,2018Q2,20180428,336,0.0,0.0,0.0,30.07,30.07,0.0,37.29,37.29,0.0,0.0,0.0,0.0,209.42,193.67,15.75,760.92,753.92,7.0,0.0,0.0,0.0,0.0,0.0,0.0,
335513,SEAGATE REHABILITATION AND NURSING CENTER,BROOKLYN,NY,Kings,47,2018Q2,20180429,335,0.0,0.0,0.0,32.93,32.93,0.0,34.23,34.23,0.0,0.0,0.0,0.0,203.9,188.85,15.05,757.29,752.29,5.0,0.0,0.0,0.0,0.0,0.0,0.0,
335513,SEAGATE REHABILITATION AND NURSING CENTER,BROOKLYN,NY,Kings,47,2018Q2,20180430,336,0.0,0.0,0.0,71.53,71.53,0.0,89.32,89.32,0.0,0.0,0.0,0.0,196.94,174.57,22.37,758.1,751.52,6.58,0.0,0.0,0.0,0.0,0.0,0.0,
335513,SEAGATE REHABILITATION AND NURSING CENTER,BROOKLYN,NY,Kings,47,2018Q2,20180501,337,7.0,7.0,0.0,76.85,76.85,0.0,77.95,77.95,0.0,0.0,0.0,0.0,217.0,199.4,17.6,758.41,746.14,12.27,0.0,0.0,0.0,0.0,0.0,0.0,
335513,SEAGATE REHABILITATION AND NURSING CENTER,BROOKLYN,NY,Kings,47,2018Q2,20180502,337,7.0,7.0,0.0,77.22,77.22,0.0,72.22,72.22,0.0,0.0,0.0,0.0,200.33,200.33,0.0,778.35,771.35,7.0,0.0,0.0,0.0,0.0,0.0,0.0,
335513,SEAGATE REHABILITATION AND NURSING CENTER,BROOKLYN,NY,Kings,47,2018Q2,20180503,340,7.0,7.0,0.0,69.8,69.8,0.0,69.92,69.92,0.0,0.0,0.0,0.0,207.11,193.29,13.82,784.27,776.52,7.75,0.0,0.0,0.0,0.0,0.0,0.0,
335513,SEAGATE REHABILITATION AND NURSING CENTER,BROOKLYN,NY,Kings,47,2018Q2,20180504,341,7.0,7.0,0.0,69.77,69.77,0.0,67.85,67.85,0.0,0.0,0.0,0.0,203.87,184.95,18.92,798.03,792.18,5.85,0.0,0.0,0.0,0.0,0.0,0.0,
335513,SEAGATE REHABILITATION AND NURSING CENTER,BROOKLYN,NY,Kings,47,2018Q2,20180505,340,0.0,0.0,0.0,35.55,35.55,0.0,35.08,35.08,0.0,0.0,0.0,0.0,208.62,199.95,8.67,761.5,754.5,7.0,0.0,0.0,0.0,0.0,0.0,0.0,
335513,SEAGATE REHABILITATION AND NURSING CENTER,BROOKLYN,NY,Kings,47,2018Q2,20180506,338,0.0,0.0,0.0,42.14,42.14,0.0,28.48,28.48,0.0,0.0,0.0,0.0,216.48,202.81,13.67,739.83,732.83,7.0,0.0,0.0,0.0,0.0,0.0,0.0,
335513,SEAGATE REHABILITATION AND NURSING CENTER,BROOKLYN,NY,Kings,47,2018Q2,20180507,336,7.0,7.0,0.0,55.68,55.68,0.0,65.12,65.12,0.0,0.0,0.0,0.0,200.59,188.69,11.9,773.71,761.83,11.88,0.0,0.0,0.0,0.0,0.0,0.0,
335513,SEAGATE REHABILITATION AND NURSING CENTER,BROOKLYN,NY,Kings,47,2018Q2,20180508,337,7.0,7.0,0.0,76.93,76.93,0.0,67.85,67.85,0.0,0.0,0.0,0.0,197.64,197.64,0.0,765.65,755.9,9.75,0.0,0.0,0.0,0.0,0.0,0.0,
335513,SEAGATE REHABILITATION AND NURSING CENTER,BROOKLYN,NY,Kings,47,2018Q2,20180509,339,7.0,7.0,0.0,76.26,76.26,0.0,72.15,72.15,0.0,0.0,0.0,0.0,200.02,200.02,0.0,789.54,785.62,3.92,0.0,0.0,0.0,0.0,0.0,0.0,
335513,SEAGATE REHABILITATION AND NURSING CENTER,BROOKLYN,NY,Kings,47,2018Q2,20180510,336,7.0,7.0,0.0,69.7,69.7,0.0,67.85,67.85,0.0,0.0,0.0,0.0,203.89,186.8,17.09,781.57,776.22,5.35,0.0,0.0,0.0,0.0,0.0,0.0,
335513,SEAGATE REHABILITATION AND NURSING CENTER,BROOKLYN,NY,Kings,47,2018Q2,20180511,337,7.0,7.0,0.0,69.5,69.5,0.0,69.97,69.97,0.0,0.0,0.0,0.0,202.71,185.79,16.92,777.17,766.79,10.38,0.0,0.0,0.0,0.0,0.0,0.0,
335513,SEAGATE REHABILITATION AND NURSING CENTER,BROOKLYN,NY,Kings,47,2018Q2,20180512,337,0.0,0.0,0.0,35.0,35.0,0.0,30.18,30.18,0.0,0.0,0.0,0.0,193.4,184.45,8.95,740.67,735.67,5.0,0.0,0.0,0.0,0.0,0.0,0.0,
335513,SEAGATE REHABILITATION AND NURSING CENTER,BROOKLYN,NY,Kings,47,2018Q2,20180513,337,0.0,0.0,0.0,33.22,33.22,0.0,34.56,34.56,0.0,0.0,0.0,0.0,172.13,165.13,7.0,745.27,745.27,0.0,0.0,0.0,0.0,0.0,0.0,0.0,
335513,SEAGATE REHABILITATION AND NURSING CENTER,BROOKLYN,NY,Kings,47,2018Q2,20180514,337,7.0,7.0,0.0,50.98,49.0,1.98,76.16,76.16,0.0,0.0,0.0,0.0,205.85,185.1,20.75,767.48,765.21,2.27,0.0,0.0,0.0,0.0,0.0,0.0,
335513,SEAGATE REHABILITATION AND NURSING CENTER,BROOKLYN,NY,Kings,47,2018Q2,20180515,339,7.0,7.0,0.0,69.75,64.73,5.02,69.43,69.43,0.0,0.0,0.0,0.0,195.24,190.24,5.0,779.53,767.53,12.0,0.0,0.0,0.0,0.0,0.0,0.0,
335513,SEAGATE REHABILITATION AND NURSING CENTER,BROOKLYN,NY,Kings,47,2018Q2,20180516,343,7.0,7.0,0.0,72.02,70.0,2.02,87.35,87.35,0.0,0.0,0.0,0.0,202.47,200.22,2.25,768.44,763.44,5.0,0.0,0.0,0.0,0.0,0.0,0.0,
335513,SEAGATE REHABILITATION AND NURSING CENTER,BROOKLYN,NY,Kings,47,2018Q2,20180517,342,7.0,7.0,0.0,69.98,63.0,6.98,77.03,77.03,0.0,0.0,0.0,0.0,212.74,200.86,11.88,758.61,756.61,2.0,0.0,0.0,0.0,0.0,0.0,0.0,
335513,SEAGATE REHABILITATION AND NURSING CENTER,BROOKLYN,NY,Kings,47,2018Q2,20180518,344,7.0,7.0,0.0,81.0,76.0,5.0,83.58,83.58,0.0,0.0,0.0,0.0,196.65,173.38,23.27,772.02,762.37,9.65,0.0,0.0,0.0,0.0,0.0,0.0,
335513,SEAGATE REHABILITATION AND NURSING CENTER,BROOKLYN,NY,Kings,47,2018Q2,20180519,343,0.0,0.0,0.0,42.47,42.47,0.0,34.0,34.0,0.0,0.0,0.0,0.0,211.07,196.79,14.28,741.61,734.61,7.0,0.0,0.0,0.0,0.0,0.0,0.0,
335513,SEAGATE REHABILITATION AND NURSING CENTER,BROOKLYN,NY,Kings,47,2018Q2,20180520,343,0.0,0.0,0.0,32.85,32.85,0.0,21.0,21.0,0.0,0.0,0.0,0.0,219.33,207.73,11.6,717.46,710.46,7.0,0.0,0.0,0.0,0.0,0.0,0.0,
335513,SEAGATE REHABILITATION AND NURSING CENTER,BROOKLYN,NY,Kings,47,2018Q2,20180521,343,7.0,7.0,0.0,49.0,49.0,0.0,76.28,76.28,0.0,0.0,0.0,0.0,185.02,160.85,24.17,746.35,739.35,7.0,0.0,0.0,0.0,0.0,0.0,0.0,
335513,SEAGATE REHABILITATION AND NURSING CENTER,BROOKLYN,NY,Kings,47,2018Q2,20180522,344,0.0,0.0,0.0,63.0,63.0,0.0,74.82,74.82,0.0,0.0,0.0,0.0,204.47,183.59,20.88,765.28,758.28,7.0,0.0,0.0,0.0,0.0,0.0,0.0,
335513,SEAGATE REHABILITATION AND NURSING CENTER,BROOKLYN,NY,Kings,47,2018Q2,20180523,345,7.0,7.0,0.0,78.12,78.12,0.0,79.14,79.14,0.0,0.0,0.0,0.0,198.39,193.39,5.0,761.73,749.06,12.67,0.0,0.0,0.0,0.0,0.0,0.0,
335513,SEAGATE REHABILITATION AND NURSING CENTER,BROOKLYN,NY,Kings,47,2018Q2,20180524,345,7.0,7.0,0.0,76.95,76.95,0.0,74.88,74.88,0.0,0.0,0.0,0.0,204.27,188.77,15.5,761.45,754.45,7.0,0.0,0.0,0.0,0.0,0.0,0.0,
335513,SEAGATE REHABILITATION AND NURSING CENTER,BROOKLYN,NY,Kings,47,2018Q2,20180525,344,7.0,7.0,0.0,75.33,75.33,0.0,69.98,69.98,0.0,0.0,0.0,0.0,201.79,190.26,11.53,769.08,757.55,11.53,0.0,0.0,0.0,0.0,0.0,0.0,
335513,SEAGATE REHABILITATION AND NURSING CENTER,BROOKLYN,NY,Kings,47,2018Q2,20180526,340,0.0,0.0,0.0,29.92,29.92,0.0,23.09,23.09,0.0,0.0,0.0,0.0,196.48,172.88,23.6,753.14,748.14,5.0,0.0,0.0,0.0,0.0,0.0,0.0,
335513,SEAGATE REHABILITATION AND NURSING CENTER,BROOKLYN,NY,Kings,47,2018Q2,20180527,338,0.0,0.0,0.0,20.5,20.5,0.0,41.98,41.98,0.0,0.0,0.0,0.0,199.79,194.79,5.0,766.35,766.35,0.0,0.0,0.0,0.0,0.0,0.0,0.0,
335513,SEAGATE REHABILITATION AND NURSING CENTER,BROOKLYN,NY,Kings,47,2018Q2,20180528,337,0.0,0.0,0.0,42.35,42.35,0.0,53.98,53.98,0.0,0.0,0.0,0.0,197.78,190.53,7.25,748.18,746.18,2.0,0.0,0.0,0.0,0.0,0.0,0.0,
335513,SEAGATE REHABILITATION AND NURSING CENTER,BROOKLYN,NY,Kings,47,2018Q2,20180529,336,0.0,0.0,0.0,69.97,69.97,0.0,77.48,77.48,0.0,0.0,0.0,0.0,209.44,207.39,2.05,768.84,758.87,9.97,0.0,0.0,0.0,0.0,0.0,0.0,
335513,SEAGATE REHABILITATION AND NURSING CENTER,BROOKLYN,NY,Kings,47,2018Q2,20180530,338,0.0,0.0,0.0,62.77,62.77,0.0,72.32,72.32,0.0,0.0,0.0,0.0,214.66,209.66,5.0,776.26,768.81,7.45,0.0,0.0,0.0,0.0,0.0,0.0,
335513,SEAGATE REHABILITATION AND NURSING CENTER,BROOKLYN,NY,Kings,47,2018Q2,20180531,337,0.0,0.0,0.0,74.63,74.63,0.0,77.13,77.13,0.0,0.0,0.0,0.0,202.24,195.49,6.75,756.27,753.72,2.55,0.0,0.0,0.0,0.0,0.0,0.0,
335513,SEAGATE REHABILITATION AND NURSING CENTER,BROOKLYN,NY,Kings,47,2018Q2,20180601,337,0.0,0.0,0.0,56.05,56.05,0.0,74.75,74.75,0.0,0.0,0.0,0.0,204.61,197.73,6.88,771.95,766.43,5.52,0.0,0.0,0.0,0.0,0.0,0.0,
335513,SEAGATE REHABILITATION AND NURSING CENTER,BROOKLYN,NY,Kings,47,2018Q2,20180602,337,0.0,0.0,0.0,34.55,34.55,0.0,27.97,27.97,0.0,0.0,0.0,0.0,207.84,193.39,14.45,752.34,743.34,9.0,0.0,0.0,0.0,0.0,0.0,0.0,
335513,SEAGATE REHABILITATION AND NURSING CENTER,BROOKLYN,NY,Kings,47,2018Q2,20180603,337,0.0,0.0,0.0,33.65,33.65,0.0,20.98,20.98,0.0,0.0,0.0,0.0,216.23,196.47,19.76,742.22,728.22,14.0,0.0,0.0,0.0,0.0,0.0,0.0,
335513,SEAGATE REHABILITATION AND NURSING CENTER,BROOKLYN,NY,Kings,47,2018Q2,20180604,338,7.0,7.0,0.0,50.78,50.78,0.0,72.28,72.28,0.0,0.0,0.0,0.0,205.28,193.28,12.0,785.81,769.39,16.42,0.0,0.0,0.0,0.0,0.0,0.0,
335513,SEAGATE REHABILITATION AND NURSING CENTER,BROOKLYN,NY,Kings,47,2018Q2,20180605,344,7.0,7.0,0.0,55.95,55.95,0.0,74.76,74.76,0.0,0.0,0.0,0.0,190.08,188.28,1.8,765.53,765.53,0.0,0.0,0.0,0.0,0.0,0.0,0.0,
335513,SEAGATE REHABILITATION AND NURSING CENTER,BROOKLYN,NY,Kings,47,2018Q2,20180606,342,7.0,7.0,0.0,49.03,49.03,0.0,65.27,65.27,0.0,0.0,0.0,0.0,214.56,209.56,5.0,783.38,779.46,3.92,0.0,0.0,0.0,0.0,0.0,0.0,
335513,SEAGATE REHABILITATION AND NURSING CENTER,BROOKLYN,NY,Kings,47,2018Q2,20180607,343,7.0,7.0,0.0,62.85,62.85,0.0,60.85,60.85,0.0,0.0,0.0,0.0,210.15,203.15,7.0,788.01,783.51,4.5,0.0,0.0,0.0,0.0,0.0,0.0,
335513,SEAGATE REHABILITATION AND NURSING CENTER,BROOKLYN,NY,Kings,47,2018Q2,20180608,350,7.0,7.0,0.0,55.78,55.78,0.0,62.87,62.87,0.0,0.0,0.0,0.0,206.76,194.98,11.78,777.01,766.61,10.4,0.0,0.0,0.0,0.0,0.0,0.0,
335513,SEAGATE REHABILITATION AND NURSING CENTER,BROOKLYN,NY,Kings,47,2018Q2,20180609,348,0.0,0.0,0.0,37.53,37.53,0.0,22.77,22.77,0.0,0.0,0.0,0.0,200.44,191.37,9.07,752.38,747.38,5.0,0.0,0.0,0.0,0.0,0.0,0.0,
335513,SEAGATE REHABILITATION AND NURSING CENTER,BROOKLYN,NY,Kings,47,2018Q2,20180610,348,0.0,0.0,0.0,39.98,39.98,0.0,28.33,28.33,0.0,0.0,0.0,0.0,209.12,197.85,11.27,760.72,760.72,0.0,0.0,0.0,0.0,0.0,0.0,0.0,
335513,SEAGATE REHABILITATION AND NURSING CENTER,BROOKLYN,NY,Kings,47,2018Q2,20180611,347,7.0,7.0,0.0,48.95,48.95,0.0,74.96,74.96,0.0,0.0,0.0,0.0,197.36,195.54,1.82,777.91,772.48,5.43,0.0,0.0,0.0,0.0,0.0,0.0,
335513,SEAGATE REHABILITATION AND NURSING CENTER,BROOKLYN,NY,Kings,47,2018Q2,20180612,346,7.0,7.0,0.0,56.03,56.03,0.0,69.95,69.95,0.0,0.0,0.0,0.0,216.21,211.21,5.0,768.42,763.42,5.0,0.0,0.0,0.0,0.0,0.0,0.0,
335513,SEAGATE REHABILITATION AND NURSING CENTER,BROOKLYN,NY,Kings,47,2018Q2,20180613,347,7.0,7.0,0.0,55.65,55.65,0.0,65.36,65.36,0.0,0.0,0.0,0.0,214.6,214.6,0.0,785.04,778.42,6.62,0.0,0.0,0.0,0.0,0.0,0.0,
335513,SEAGATE REHABILITATION AND NURSING CENTER,BROOKLYN,NY,Kings,47,2018Q2,20180614,355,7.0,7.0,0.0,56.37,56.37,0.0,69.9,69.9,0.0,0.0,0.0,0.0,208.3,194.95,13.35,775.12,765.12,10.0,0.0,0.0,0.0,0.0,0.0,0.0,
335513,SEAGATE REHABILITATION AND NURSING CENTER,BROOKLYN,NY,Kings,47,2018Q2,20180615,353,7.0,7.0,0.0,48.63,48.63,0.0,60.72,60.72,0.0,0.0,0.0,0.0,211.53,204.76,6.77,776.16,771.16,5.0,0.0,0.0,0.0,0.0,0.0,0.0,
335513,SEAGATE REHABILITATION AND NURSING CENTER,BROOKLYN,NY,Kings,47,2018Q2,20180616,353,0.0,0.0,0.0,28.52,28.52,0.0,41.83,41.83,0.0,0.0,0.0,0.0,201.9,188.32,13.58,748.97,740.15,8.82,0.0,0.0,0.0,0.0,0.0,0.0,
335513,SEAGATE REHABILITATION AND NURSING CENTER,BROOKLYN,NY,Kings,47,2018Q2,20180617,353,0.0,0.0,0.0,32.93,32.93,0.0,35.13,35.13,0.0,0.0,0.0,0.0,210.66,208.79,1.87,725.35,711.35,14.0,0.0,0.0,0.0,0.0,0.0,0.0,
335513,SEAGATE REHABILITATION AND NURSING CENTER,BROOKLYN,NY,Kings,47,2018Q2,20180618,353,7.0,7.0,0.0,39.65,39.65,0.0,72.3,72.3,0.0,0.0,0.0,0.0,214.53,200.28,14.25,783.52,778.52,5.0,0.0,0.0,0.0,0.0,0.0,0.0,
335513,SEAGATE REHABILITATION AND NURSING CENTER,BROOKLYN,NY,Kings,47,2018Q2,20180619,355,7.0,7.0,0.0,47.3,47.3,0.0,81.74,81.74,0.0,0.0,0.0,0.0,201.48,194.48,7.0,765.36,763.36,2.0,0.0,0.0,0.0,0.0,0.0,0.0,
335513,SEAGATE REHABILITATION AND NURSING CENTER,BROOKLYN,NY,Kings,47,2018Q2,20180620,359,0.0,0.0,0.0,43.67,43.67,0.0,72.06,72.06,0.0,0.0,0.0,0.0,207.75,202.75,5.0,778.86,773.86,5.0,0.0,0.0,0.0,0.0,0.0,0.0,
335513,SEAGATE REHABILITATION AND NURSING CENTER,BROOKLYN,NY,Kings,47,2018Q2,20180621,357,7.0,7.0,0.0,49.15,49.15,0.0,60.33,60.33,0.0,0.0,0.0,0.0,217.75,210.75,7.0,773.59,767.44,6.15,0.0,0.0,0.0,0.0,0.0,0.0,
335513,SEAGATE REHABILITATION AND NURSING CENTER,BROOKLYN,NY,Kings,47,2018Q2,20180622,358,7.0,7.0,0.0,56.05,56.05,0.0,63.65,63.65,0.0,0.0,0.0,0.0,215.83,215.83,0.0,783.75,766.48,17.27,0.0,0.0,0.0,0.0,0.0,0.0,
335513,SEAGATE REHABILITATION AND NURSING CENTER,BROOKLYN,NY,Kings,47,2018Q2,20180623,357,0.0,0.0,0.0,33.13,33.13,0.0,23.0,23.0,0.0,0.0,0.0,0.0,201.2,198.7,2.5,766.66,761.66,5.0,0.0,0.0,0.0,0.0,0.0,0.0,
335513,SEAGATE REHABILITATION AND NURSING CENTER,BROOKLYN,NY,Kings,47,2018Q2,20180624,357,0.0,0.0,0.0,36.52,36.52,0.0,27.6,27.6,0.0,0.0,0.0,0.0,209.73,204.73,5.0,759.39,759.39,0.0,0.0,0.0,0.0,0.0,0.0,0.0,
335513,SEAGATE REHABILITATION AND NURSING CENTER,BROOKLYN,NY,Kings,47,2018Q2,20180625,357,7.0,7.0,0.0,56.26,56.26,0.0,61.24,61.24,0.0,0.0,0.0,0.0,218.42,216.55,1.87,770.05,761.22,8.83,0.0,0.0,0.0,0.0,0.0,0.0,
335513,SEAGATE REHABILITATION AND NURSING CENTER,BROOKLYN,NY,Kings,47,2018Q2,20180626,354,7.0,7.0,0.0,69.8,69.8,0.0,69.95,69.95,0.0,0.0,0.0,0.0,216.6,209.35,7.25,781.92,767.92,14.0,0.0,0.0,0.0,0.0,0.0,0.0,
335513,SEAGATE REHABILITATION AND NURSING CENTER,BROOKLYN,NY,Kings,47,2018Q2,20180627,352,7.0,7.0,0.0,77.35,77.35,0.0,65.05,65.05,0.0,0.0,0.0,0.0,214.69,207.44,7.25,778.83,771.83,7.0,0.0,0.0,0.0,0.0,0.0,0.0,
335513,SEAGATE REHABILITATION AND NURSING CENTER,BROOKLYN,NY,Kings,47,2018Q2,20180628,352,7.0,7.0,0.0,68.07,68.07,0.0,63.03,63.03,0.0,0.0,0.0,0.0,209.47,188.5,20.97,780.14,771.32,8.82,0.0,0.0,0.0,0.0,0.0,0.0,
335513,SEAGATE REHABILITATION AND NURSING CENTER,BROOKLYN,NY,Kings,47,2018Q2,20180629,353,7.0,7.0,0.0,71.88,71.88,0.0,67.9,67.9,0.0,0.0,0.0,0.0,211.06,192.78,18.28,789.2,777.2,12.0,0.0,0.0,0.0,0.0,0.0,0.0,
335513,SEAGATE REHABILITATION AND NURSING CENTER,BROOKLYN,NY,Kings,47,2018Q2,20180630,353,0.0,0.0,0.0,26.12,26.12,0.0,20.85,20.85,0.0,0.0,0.0,0.0,209.5,207.67,1.83,750.05,741.05,9.0,0.0,0.0,0.0,0.0,0.0,0.0,
335513,SEAGATE REHABILITATION AND NURSING CENTER,BROOKLYN,NY,Kings,47,2018Q3,20180701,352,0.0,0.0,0.0,30.23,30.23,0.0,28.18,28.18,0.0,0.0,0.0,0.0,216.54,209.62,6.92,752.15,745.15,7.0,0.0,0.0,0.0,0.0,0.0,0.0,
335513,SEAGATE REHABILITATION AND NURSING CENTER,BROOKLYN,NY,Kings,47,2018Q3,20180702,354,7.0,7.0,0.0,70.0,70.0,0.0,71.83,71.83,0.0,0.0,0.0,0.0,193.73,186.48,7.25,773.55,756.55,17.0,0.0,0.0,0.0,0.0,0.0,0.0,
335513,SEAGATE REHABILITATION AND NURSING CENTER,BROOKLYN,NY,Kings,47,2018Q3,20180703,355,7.0,7.0,0.0,83.97,83.97,0.0,82.13,82.13,0.0,0.0,0.0,0.0,197.65,190.73,6.92,784.43,770.08,14.35,0.0,0.0,0.0,0.0,0.0,0.0,
335513,SEAGATE REHABILITATION AND NURSING CENTER,BROOKLYN,NY,Kings,47,2018Q3,20180704,355,0.0,0.0,0.0,41.8,41.8,0.0,38.17,38.17,0.0,0.0,0.0,0.0,221.45,209.53,11.92,758.8,756.8,2.0,0.0,0.0,0.0,0.0,0.0,0.0,
335513,SEAGATE REHABILITATION AND NURSING CENTER,BROOKLYN,NY,Kings,47,2018Q3,20180705,354,7.0,7.0,0.0,63.13,63.13,0.0,66.83,66.83,0.0,0.0,0.0,0.0,204.8,195.45,9.35,779.21,772.21,7.0,0.0,0.0,0.0,0.0,0.0,0.0,
335513,SEAGATE REHABILITATION AND NURSING CENTER,BROOKLYN,NY,Kings,47,2018Q3,20180706,356,7.0,7.0,0.0,55.97,55.97,0.0,63.02,63.02,0.0,0.0,0.0,0.0,216.03,195.1,20.93,771.91,755.49,16.42,0.0,0.0,0.0,0.0,0.0,0.0,
335513,SEAGATE REHABILITATION AND NURSING CENTER,BROOKLYN,NY,Kings,47,2018Q3,20180707,357,0.0,0.0,0.0,27.58,27.58,0.0,30.0,30.0,0.0,0.0,0.0,0.0,220.95,199.8,21.15,757.58,757.58,0.0,0.0,0.0,0.0,0.0,0.0,0.0,
335513,SEAGATE REHABILITATION AND NURSING CENTER,BROOKLYN,NY,Kings,47,2018Q3,20180708,357,0.0,0.0,0.0,28.32,28.32,0.0,42.38,42.38,0.0,0.0,0.0,0.0,212.41,195.66,16.75,756.31,756.31,0.0,0.0,0.0,0.0,0.0,0.0,0.0,
335513,SEAGATE REHABILITATION AND NURSING CENTER,BROOKLYN,NY,Kings,47,2018Q3,20180709,355,7.0,7.0,0.0,63.6,63.6,0.0,82.74,82.74,0.0,0.0,0.0,0.0,210.84,194.77,16.07,769.93,759.83,10.1,0.0,0.0,0.0,0.0,0.0,0.0,
335513,SEAGATE REHABILITATION AND NURSING CENTER,BROOKLYN,NY,Kings,47,2018Q3,20180710,352,7.0,7.0,0.0,53.4,53.4,0.0,69.86,69.86,0.0,0.0,0.0,0.0,216.56,206.56,10.0,787.74,780.74,7.0,0.0,0.0,0.0,0.0,0.0,0.0,
335513,SEAGATE REHABILITATION AND NURSING CENTER,BROOKLYN,NY,Kings,47,2018Q3,20180711,350,7.0,7.0,0.0,58.0,58.0,0.0,72.18,72.18,0.0,0.0,0.0,0.0,214.5,214.5,0.0,769.51,765.16,4.35,0.0,0.0,0.0,0.0,0.0,0.0,
335513,SEAGATE REHABILITATION AND NURSING CENTER,BROOKLYN,NY,Kings,47,2018Q3,20180712,348,7.0,7.0,0.0,56.0,56.0,0.0,76.83,76.83,0.0,0.0,0.0,0.0,200.24,186.24,14.0,780.31,765.94,14.37,0.0,0.0,0.0,0.0,0.0,0.0,
335513,SEAGATE REHABILITATION AND NURSING CENTER,BROOKLYN,NY,Kings,47,2018Q3,20180713,347,7.0,7.0,0.0,61.43,61.43,0.0,74.97,74.97,0.0,0.0,0.0,0.0,211.29,202.31,8.98,781.93,773.6,8.33,0.0,0.0,0.0,0.0,0.0,0.0,
335513,SEAGATE REHABILITATION AND NURSING CENTER,BROOKLYN,NY,Kings,47,2018Q3,20180714,346,0.0,0.0,0.0,25.92,25.92,0.0,41.95,41.95,0.0,0.0,0.0,0.0,187.84,175.99,11.85,748.21,748.21,0.0,0.0,0.0,0.0,0.0,0.0,0.0,
335513,SEAGATE REHABILITATION AND NURSING CENTER,BROOKLYN,NY,Kings,47,2018Q3,20180715,347,0.0,0.0,0.0,35.35,35.35,0.0,27.98,27.98,0.0,0.0,0.0,0.0,209.24,195.27,13.97,703.89,703.89,0.0,0.0,0.0,0.0,0.0,0.0,0.0,
335513,SEAGATE REHABILITATION AND NURSING CENTER,BROOKLYN,NY,Kings,47,2018Q3,20180716,351,7.0,7.0,0.0,62.9,62.9,0.0,72.13,72.13,0.0,0.0,0.0,0.0,214.16,214.16,0.0,763.07,754.07,9.0,0.0,0.0,0.0,0.0,0.0,0.0,
335513,SEAGATE REHABILITATION AND NURSING CENTER,BROOKLYN,NY,Kings,47,2018Q3,20180717,349,7.0,7.0,0.0,63.05,63.05,0.0,75.0,75.0,0.0,0.0,0.0,0.0,211.52,209.39,2.13,777.78,767.93,9.85,0.0,0.0,0.0,0.0,0.0,0.0,
335513,SEAGATE REHABILITATION AND NURSING CENTER,BROOKLYN,NY,Kings,47,2018Q3,20180718,350,7.0,7.0,0.0,63.02,63.02,0.0,79.11,79.11,0.0,0.0,0.0,0.0,207.21,202.21,5.0,784.98,771.48,13.5,0.0,0.0,0.0,0.0,0.0,0.0,
335513,SEAGATE REHABILITATION AND NURSING CENTER,BROOKLYN,NY,Kings,47,2018Q3,20180719,351,7.0,7.0,0.0,62.87,62.87,0.0,67.86,67.86,0.0,0.0,0.0,0.0,217.31,208.18,9.13,774.14,760.39,13.75,0.0,0.0,0.0,0.0,0.0,0.0,
335513,SEAGATE REHABILITATION AND NURSING CENTER,BROOKLYN,NY,Kings,47,2018Q3,20180720,353,7.0,7.0,0.0,56.27,56.27,0.0,76.83,76.83,0.0,0.0,0.0,0.0,207.98,194.65,13.33,759.29,756.82,2.47,0.0,0.0,0.0,0.0,0.0,0.0,
335513,SEAGATE REHABILITATION AND NURSING CENTER,BROOKLYN,NY,Kings,47,2018Q3,20180721,351,0.0,0.0,0.0,34.86,34.86,0.0,25.03,25.03,0.0,0.0,0.0,0.0,223.13,200.76,22.37,744.36,744.36,0.0,0.0,0.0,0.0,0.0,0.0,0.0,
335513,SEAGATE REHABILITATION AND NURSING CENTER,BROOKLYN,NY,Kings,47,2018Q3,20180722,349,0.0,0.0,0.0,32.82,32.82,0.0,33.17,33.17,0.0,0.0,0.0,0.0,217.18,188.85,28.33,716.9,716.9,0.0,0.0,0.0,0.0,0.0,0.0,0.0,
335513,SEAGATE REHABILITATION AND NURSING CENTER,BROOKLYN,NY,Kings,47,2018Q3,20180723,350,7.0,7.0,0.0,55.52,55.52,0.0,82.0,82.0,0.0,0.0,0.0,0.0,204.62,199.62,5.0,768.36,768.36,0.0,0.0,0.0,0.0,0.0,0.0,0.0,
335513,SEAGATE REHABILITATION AND NURSING CENTER,BROOKLYN,NY,Kings,47,2018Q3,20180724,349,7.0,7.0,0.0,58.42,58.42,0.0,62.97,62.97,0.0,0.0,0.0,0.0,216.46,216.46,0.0,766.91,761.66,5.25,0.0,0.0,0.0,0.0,0.0,0.0,
335513,SEAGATE REHABILITATION AND NURSING CENTER,BROOKLYN,NY,Kings,47,2018Q3,20180725,350,7.0,7.0,0.0,62.77,62.77,0.0,62.98,62.98,0.0,0.0,0.0,0.0,223.38,223.38,0.0,764.37,758.87,5.5,0.0,0.0,0.0,0.0,0.0,0.0,
335513,SEAGATE REHABILITATION AND NURSING CENTER,BROOKLYN,NY,Kings,47,2018Q3,20180726,351,7.0,7.0,0.0,56.07,56.07,0.0,70.05,70.05,0.0,0.0,0.0,0.0,222.12,215.29,6.83,761.6,753.42,8.18,0.0,0.0,0.0,0.0,0.0,0.0,
335513,SEAGATE REHABILITATION AND NURSING CENTER,BROOKLYN,NY,Kings,47,2018Q3,20180727,351,7.0,7.0,0.0,68.05,68.05,0.0,70.05,70.05,0.0,0.0,0.0,0.0,215.53,201.86,13.67,762.1,762.1,0.0,0.0,0.0,0.0,0.0,0.0,0.0,
335513,SEAGATE REHABILITATION AND NURSING CENTER,BROOKLYN,NY,Kings,47,2018Q3,20180728,351,0.0,0.0,0.0,34.88,34.88,0.0,36.9,36.9,0.0,0.0,0.0,0.0,195.6,181.87,13.73,740.45,740.45,0.0,0.0,0.0,0.0,0.0,0.0,0.0,
335513,SEAGATE REHABILITATION AND NURSING CENTER,BROOKLYN,NY,Kings,47,2018Q3,20180729,350,0.0,0.0,0.0,37.33,37.33,0.0,32.88,32.88,0.0,0.0,0.0,0.0,207.59,187.14,20.45,737.14,737.14,0.0,0.0,0.0,0.0,0.0,0.0,0.0,
335513,SEAGATE REHABILITATION AND NURSING CENTER,BROOKLYN,NY,Kings,47,2018Q3,20180730,345,7.0,7.0,0.0,76.7,76.7,0.0,65.25,65.25,0.0,0.0,0.0,0.0,206.5,201.5,5.0,805.3,771.05,34.25,0.0,0.0,0.0,0.0,0.0,0.0,
335513,SEAGATE REHABILITATION AND NURSING CENTER,BROOKLYN,NY,Kings,47,2018Q3,20180731,348,7.0,7.0,0.0,76.97,76.97,0.0,74.9,74.9,0.0,0.0,0.0,0.0,190.53,188.46,2.07,781.63,761.13,20.5,0.0,0.0,0.0,0.0,0.0,0.0,
335513,SEAGATE REHABILITATION AND NURSING CENTER,BROOKLYN,NY,Kings,47,2018Q3,20180801,350,7.0,7.0,0.0,76.98,76.98,0.0,79.0,79.0,0.0,0.0,0.0,0.0,192.07,187.07,5.0,790.03,758.33,31.7,0.0,0.0,0.0,0.0,0.0,0.0,
335513,SEAGATE REHABILITATION AND NURSING CENTER,BROOKLYN,NY,Kings,47,2018Q3,20180802,350,7.0,7.0,0.0,77.15,77.15,0.0,53.7,53.7,0.0,0.0,0.0,0.0,203.81,203.81,0.0,794.41,758.24,36.17,0.0,0.0,0.0,0.0,0.0,0.0,
335513,SEAGATE REHABILITATION AND NURSING CENTER,BROOKLYN,NY,Kings,47,2018Q3,20180803,349,7.0,7.0,0.0,76.68,76.68,0.0,49.32,49.32,0.0,0.0,0.0,0.0,220.65,220.65,0.0,781.2,757.45,23.75,0.0,0.0,0.0,0.0,0.0,0.0,
335513,SEAGATE REHABILITATION AND NURSING CENTER,BROOKLYN,NY,Kings,47,2018Q3,20180804,348,0.0,0.0,0.0,45.0,45.0,0.0,23.86,23.86,0.0,0.0,0.0,0.0,207.75,205.5,2.25,745.5,745.5,0.0,0.0,0.0,0.0,0.0,0.0,0.0,
335513,SEAGATE REHABILITATION AND NURSING CENTER,BROOKLYN,NY,Kings,47,2018Q3,20180805,348,0.0,0.0,0.0,30.1,30.1,0.0,34.24,34.24,0.0,0.0,0.0,0.0,195.76,190.76,5.0,739.92,725.92,14.0,0.0,0.0,0.0,0.0,0.0,0.0,
335513,SEAGATE REHABILITATION AND NURSING CENTER,BROOKLYN,NY,Kings,47,2018Q3,20180806,347,7.0,7.0,0.0,72.3,72.3,0.0,44.75,44.75,0.0,0.0,0.0,0.0,204.35,202.22,2.13,791.95,783.65,8.3,0.0,0.0,0.0,0.0,0.0,0.0,
335513,SEAGATE REHABILITATION AND NURSING CENTER,BROOKLYN,NY,Kings,47,2018Q3,20180807,347,7.0,7.0,0.0,63.04,63.04,0.0,44.08,44.08,0.0,0.0,0.0,0.0,209.49,204.49,5.0,772.91,759.13,13.78,0.0,0.0,0.0,0.0,0.0,0.0,
335513,SEAGATE REHABILITATION AND NURSING CENTER,BROOKLYN,NY,Kings,47,2018Q3,20180808,345,7.0,7.0,0.0,69.73,69.73,0.0,51.07,51.07,0.0,0.0,0.0,0.0,213.63,213.63,0.0,772.29,762.29,10.0,0.0,0.0,0.0,0.0,0.0,0.0,
335513,SEAGATE REHABILITATION AND NURSING CENTER,BROOKLYN,NY,Kings,47,2018Q3,20180809,347,7.0,7.0,0.0,77.35,77.35,0.0,56.08,56.08,0.0,0.0,0.0,0.0,202.33,184.27,18.06,776.39,768.01,8.38,0.0,0.0,0.0,0.0,0.0,0.0,
335513,SEAGATE REHABILITATION AND NURSING CENTER,BROOKLYN,NY,Kings,47,2018Q3,20180810,351,7.0,7.0,0.0,74.81,74.81,0.0,46.83,46.83,0.0,0.0,0.0,0.0,210.76,186.91,23.85,771.8,759.8,12.0,0.0,0.0,0.0,0.0,0.0,0.0,
335513,SEAGATE REHABILITATION AND NURSING CENTER,BROOKLYN,NY,Kings,47,2018Q3,20180811,351,0.0,0.0,0.0,42.15,42.15,0.0,21.05,21.05,0.0,0.0,0.0,0.0,202.53,193.78,8.75,740.96,733.96,7.0,0.0,0.0,0.0,0.0,0.0,0.0,
335513,SEAGATE REHABILITATION AND NURSING CENTER,BROOKLYN,NY,Kings,47,2018Q3,20180812,351,0.0,0.0,0.0,35.1,35.1,0.0,29.9,29.9,0.0,0.0,0.0,0.0,201.84,189.96,11.88,758.75,757.13,1.62,0.0,0.0,0.0,0.0,0.0,0.0,
335513,SEAGATE REHABILITATION AND NURSING CENTER,BROOKLYN,NY,Kings,47,2018Q3,20180813,350,7.0,7.0,0.0,69.87,69.87,0.0,53.06,53.06,0.0,0.0,0.0,0.0,214.35,214.35,0.0,770.23,758.61,11.62,0.0,0.0,0.0,0.0,0.0,0.0,
335513,SEAGATE REHABILITATION AND NURSING CENTER,BROOKLYN,NY,Kings,47,2018Q3,20180814,349,7.0,7.0,0.0,70.15,70.15,0.0,53.7,53.7,0.0,0.0,0.0,0.0,211.55,209.55,2.0,780.07,766.57,13.5,0.0,0.0,0.0,0.0,0.0,0.0,
335513,SEAGATE REHABILITATION AND NURSING CENTER,BROOKLYN,NY,Kings,47,2018Q3,20180815,349,7.0,7.0,0.0,62.99,62.99,0.0,57.53,57.53,0.0,0.0,0.0,0.0,232.9,227.9,5.0,791.15,775.9,15.25,0.0,0.0,0.0,0.0,0.0,0.0,
335513,SEAGATE REHABILITATION AND NURSING CENTER,BROOKLYN,NY,Kings,47,2018Q3,20180816,350,7.0,7.0,0.0,69.95,69.95,0.0,67.9,67.9,0.0,0.0,0.0,0.0,204.01,195.29,8.72,759.38,745.38,14.0,0.0,0.0,0.0,0.0,0.0,0.0,
335513,SEAGATE REHABILITATION AND NURSING CENTER,BROOKLYN,NY,Kings,47,2018Q3,20180817,350,7.0,7.0,0.0,67.75,67.75,0.0,49.1,49.1,0.0,0.0,0.0,0.0,220.26,201.64,18.62,757.14,745.14,12.0,0.0,0.0,0.0,0.0,0.0,0.0,
335513,SEAGATE REHABILITATION AND NURSING CENTER,BROOKLYN,NY,Kings,47,2018Q3,20180818,350,0.0,0.0,0.0,35.0,35.0,0.0,23.05,23.05,0.0,0.0,0.0,0.0,206.21,199.96,6.25,760.83,755.83,5.0,0.0,0.0,0.0,0.0,0.0,0.0,
335513,SEAGATE REHABILITATION AND NURSING CENTER,BROOKLYN,NY,Kings,47,2018Q3,20180819,350,0.0,0.0,0.0,37.08,37.08,0.0,35.03,35.03,0.0,0.0,0.0,0.0,195.35,195.35,0.0,743.71,729.71,14.0,0.0,0.0,0.0,0.0,0.0,0.0,
335513,SEAGATE REHABILITATION AND NURSING CENTER,BROOKLYN,NY,Kings,47,2018Q3,20180820,349,7.0,7.0,0.0,74.97,74.97,0.0,60.87,60.87,0.0,0.0,0.0,0.0,190.12,188.22,1.9,794.59,769.02,25.57,0.0,0.0,0.0,0.0,0.0,0.0,
335513,SEAGATE REHABILITATION AND NURSING CENTER,BROOKLYN,NY,Kings,47,2018Q3,20180821,351,7.0,7.0,0.0,72.03,72.03,0.0,63.05,63.05,0.0,0.0,0.0,0.0,190.62,185.62,5.0,792.12,752.19,39.93,0.0,0.0,0.0,0.0,0.0,0.0,
335513,SEAGATE REHABILITATION AND NURSING CENTER,BROOKLYN,NY,Kings,47,2018Q3,20180822,351,7.0,7.0,0.0,67.97,67.97,0.0,55.98,55.98,0.0,0.0,0.0,0.0,205.4,205.4,0.0,774.82,755.82,19.0,0.0,0.0,0.0,0.0,0.0,0.0,
335513,SEAGATE REHABILITATION AND NURSING CENTER,BROOKLYN,NY,Kings,47,2018Q3,20180823,350,7.0,7.0,0.0,63.03,63.03,0.0,48.95,48.95,0.0,0.0,0.0,0.0,195.79,179.87,15.92,792.65,779.65,13.0,0.0,0.0,0.0,0.0,0.0,0.0,
335513,SEAGATE REHABILITATION AND NURSING CENTER,BROOKLYN,NY,Kings,47,2018Q3,20180824,349,7.0,7.0,0.0,83.92,83.92,0.0,56.0,56.0,0.0,0.0,0.0,0.0,201.68,189.81,11.87,805.56,779.69,25.87,0.0,0.0,0.0,0.0,0.0,0.0,
335513,SEAGATE REHABILITATION AND NURSING CENTER,BROOKLYN,NY,Kings,47,2018Q3,20180825,349,0.0,0.0,0.0,33.0,33.0,0.0,28.06,28.06,0.0,0.0,0.0,0.0,210.29,197.21,13.08,776.34,760.87,15.47,0.0,0.0,0.0,0.0,0.0,0.0,
335513,SEAGATE REHABILITATION AND NURSING CENTER,BROOKLYN,NY,Kings,47,2018Q3,20180826,349,0.0,0.0,0.0,30.07,30.07,0.0,25.87,25.87,0.0,0.0,0.0,0.0,214.28,200.6,13.68,773.25,747.58,25.67,0.0,0.0,0.0,0.0,0.0,0.0,
335513,SEAGATE REHABILITATION AND NURSING CENTER,BROOKLYN,NY,Kings,47,2018Q3,20180827,349,7.0,7.0,0.0,72.32,72.32,0.0,58.12,58.12,0.0,0.0,0.0,0.0,191.06,186.06,5.0,789.35,761.3,28.05,0.0,0.0,0.0,0.0,0.0,0.0,
335513,SEAGATE REHABILITATION AND NURSING CENTER,BROOKLYN,NY,Kings,47,2018Q3,20180828,350,7.0,7.0,0.0,77.15,77.15,0.0,70.02,70.02,0.0,0.0,0.0,0.0,181.15,181.15,0.0,782.71,760.53,22.18,0.0,0.0,0.0,0.0,0.0,0.0,
335513,SEAGATE REHABILITATION AND NURSING CENTER,BROOKLYN,NY,Kings,47,2018Q3,20180829,347,7.0,7.0,0.0,77.45,77.45,0.0,69.98,69.98,0.0,0.0,0.0,0.0,181.63,181.63,0.0,783.84,754.76,29.08,0.0,0.0,0.0,0.0,0.0,0.0,
335513,SEAGATE REHABILITATION AND NURSING CENTER,BROOKLYN,NY,Kings,47,2018Q3,20180830,345,7.0,7.0,0.0,83.41,83.41,0.0,53.88,53.88,0.0,0.0,0.0,0.0,202.5,202.5,0.0,772.2,753.45,18.75,0.0,0.0,0.0,0.0,0.0,0.0,
335513,SEAGATE REHABILITATION AND NURSING CENTER,BROOKLYN,NY,Kings,47,2018Q3,20180831,348,7.0,7.0,0.0,84.0,84.0,0.0,56.0,56.0,0.0,0.0,0.0,0.0,210.54,210.54,0.0,782.64,766.66,15.98,0.0,0.0,0.0,0.0,0.0,0.0,
335513,SEAGATE REHABILITATION AND NURSING CENTER,BROOKLYN,NY,Kings,47,2018Q3,20180901,348,0.0,0.0,0.0,39.93,39.93,0.0,16.2,16.2,0.0,0.0,0.0,0.0,198.47,198.47,0.0,779.59,772.59,7.0,0.0,0.0,0.0,0.0,0.0,0.0,
335513,SEAGATE REHABILITATION AND NURSING CENTER,BROOKLYN,NY,Kings,47,2018Q3,20180902,347,0.0,0.0,0.0,37.2,37.2,0.0,20.43,20.43,0.0,0.0,0.0,0.0,188.92,188.92,0.0,742.59,716.59,26.0,0.0,0.0,0.0,0.0,0.0,0.0,
335513,SEAGATE REHABILITATION AND NURSING CENTER,BROOKLYN,NY,Kings,47,2018Q3,20180903,346,7.0,7.0,0.0,38.14,38.14,0.0,49.48,49.48,0.0,0.0,0.0,0.0,196.55,196.55,0.0,753.23,746.75,6.48,0.0,0.0,0.0,0.0,0.0,0.0,
335513,SEAGATE REHABILITATION AND NURSING CENTER,BROOKLYN,NY,Kings,47,2018Q3,20180904,344,7.0,7.0,0.0,66.63,66.63,0.0,53.88,53.88,0.0,0.0,0.0,0.0,197.55,197.55,0.0,776.5,760.5,16.0,0.0,0.0,0.0,0.0,0.0,0.0,
335513,SEAGATE REHABILITATION AND NURSING CENTER,BROOKLYN,NY,Kings,47,2018Q3,20180905,343,7.0,7.0,0.0,67.72,67.72,0.0,58.13,58.13,0.0,0.0,0.0,0.0,214.62,214.62,0.0,788.19,753.71,34.48,0.0,0.0,0.0,0.0,0.0,0.0,
335513,SEAGATE REHABILITATION AND NURSING CENTER,BROOKLYN,NY,Kings,47,2018Q3,20180906,343,7.0,7.0,0.0,72.6,72.6,0.0,55.9,55.9,0.0,0.0,0.0,0.0,202.18,202.18,0.0,779.66,772.66,7.0,0.0,0.0,0.0,0.0,0.0,0.0,
335513,SEAGATE REHABILITATION AND NURSING CENTER,BROOKLYN,NY,Kings,47,2018Q3,20180907,344,7.0,7.0,0.0,55.38,55.38,0.0,67.97,67.97,0.0,0.0,0.0,0.0,197.42,197.42,0.0,773.38,764.38,9.0,0.0,0.0,0.0,0.0,0.0,0.0,
335513,SEAGATE REHABILITATION AND NURSING CENTER,BROOKLYN,NY,Kings,47,2018Q3,20180908,344,0.0,0.0,0.0,40.3,40.3,0.0,23.05,23.05,0.0,0.0,0.0,0.0,206.51,204.26,2.25,752.47,731.47,21.0,0.0,0.0,0.0,0.0,0.0,0.0,
335513,SEAGATE REHABILITATION AND NURSING CENTER,BROOKLYN,NY,Kings,47,2018Q3,20180909,344,0.0,0.0,0.0,34.88,34.88,0.0,25.95,25.95,0.0,0.0,0.0,0.0,211.68,204.43,7.25,759.25,736.25,23.0,0.0,0.0,0.0,0.0,0.0,0.0,
335513,SEAGATE REHABILITATION AND NURSING CENTER,BROOKLYN,NY,Kings,47,2018Q3,20180910,344,0.0,0.0,0.0,32.82,32.82,0.0,49.0,49.0,0.0,0.0,0.0,0.0,226.85,221.85,5.0,773.9,741.9,32.0,0.0,0.0,0.0,0.0,0.0,0.0,
335513,SEAGATE REHABILITATION AND NURSING CENTER,BROOKLYN,NY,Kings,47,2018Q3,20180911,345,7.0,7.0,0.0,58.03,58.03,0.0,56.0,56.0,0.0,0.0,0.0,0.0,223.53,223.53,0.0,779.35,767.35,12.0,0.0,0.0,0.0,0.0,0.0,0.0,
335513,SEAGATE REHABILITATION AND NURSING CENTER,BROOKLYN,NY,Kings,47,2018Q3,20180912,346,7.0,7.0,0.0,56.05,56.05,0.0,79.1,79.1,0.0,0.0,0.0,0.0,221.67,221.67,0.0,778.24,771.24,7.0,0.0,0.0,0.0,0.0,0.0,0.0,
335513,SEAGATE REHABILITATION AND NURSING CENTER,BROOKLYN,NY,Kings,47,2018Q3,20180913,348,7.0,7.0,0.0,55.9,55.9,0.0,55.95,55.95,0.0,0.0,0.0,0.0,223.1,221.1,2.0,784.77,764.77,20.0,0.0,0.0,0.0,0.0,0.0,0.0,
335513,SEAGATE REHABILITATION AND NURSING CENTER,BROOKLYN,NY,Kings,47,2018Q3,20180914,348,7.0,7.0,0.0,56.54,56.54,0.0,60.95,60.95,0.0,0.0,0.0,0.0,225.16,220.16,5.0,779.49,765.49,14.0,0.0,0.0,0.0,0.0,0.0,0.0,
335513,SEAGATE REHABILITATION AND NURSING CENTER,BROOKLYN,NY,Kings,47,2018Q3,20180915,349,0.0,0.0,0.0,27.72,27.72,0.0,30.2,30.2,0.0,0.0,0.0,0.0,198.93,198.93,0.0,760.63,760.63,0.0,0.0,0.0,0.0,0.0,0.0,0.0,
335513,SEAGATE REHABILITATION AND NURSING CENTER,BROOKLYN,NY,Kings,47,2018Q3,20180916,348,0.0,0.0,0.0,36.97,36.97,0.0,27.95,27.95,0.0,0.0,0.0,0.0,208.63,208.63,0.0,759.77,745.77,14.0,0.0,0.0,0.0,0.0,0.0,0.0,
335513,SEAGATE REHABILITATION AND NURSING CENTER,BROOKLYN,NY,Kings,47,2018Q3,20180917,348,7.0,7.0,0.0,77.95,77.95,0.0,62.92,62.92,0.0,0.0,0.0,0.0,209.73,207.93,1.8,783.77,781.77,2.0,0.0,0.0,0.0,0.0,0.0,0.0,
335513,SEAGATE REHABILITATION AND NURSING CENTER,BROOKLYN,NY,Kings,47,2018Q3,20180918,348,7.0,7.0,0.0,73.85,73.85,0.0,48.96,48.96,0.0,0.0,0.0,0.0,223.03,218.03,5.0,785.56,764.56,21.0,0.0,0.0,0.0,0.0,0.0,0.0,
335513,SEAGATE REHABILITATION AND NURSING CENTER,BROOKLYN,NY,Kings,47,2018Q3,20180919,346,0.0,0.0,0.0,35.0,35.0,0.0,51.13,51.13,0.0,0.0,0.0,0.0,228.41,228.41,0.0,773.53,759.53,14.0,0.0,0.0,0.0,0.0,0.0,0.0,
335513,SEAGATE REHABILITATION AND NURSING CENTER,BROOKLYN,NY,Kings,47,2018Q3,20180920,345,7.0,7.0,0.0,72.05,72.05,0.0,63.05,63.05,0.0,0.0,0.0,0.0,209.85,207.73,2.12,785.17,773.17,12.0,0.0,0.0,0.0,0.0,0.0,0.0,
335513,SEAGATE REHABILITATION AND NURSING CENTER,BROOKLYN,NY,Kings,47,2018Q3,20180921,347,0.0,0.0,0.0,76.95,76.95,0.0,67.85,67.85,0.0,0.0,0.0,0.0,210.37,205.37,5.0,784.36,770.36,14.0,0.0,0.0,0.0,0.0,0.0,0.0,
335513,SEAGATE REHABILITATION AND NURSING CENTER,BROOKLYN,NY,Kings,47,2018Q3,20180922,347,0.0,0.0,0.0,47.32,47.32,0.0,25.93,25.93,0.0,0.0,0.0,0.0,204.1,201.92,2.18,754.5,740.5,14.0,0.0,0.0,0.0,0.0,0.0,0.0,
335513,SEAGATE REHABILITATION AND NURSING CENTER,BROOKLYN,NY,Kings,47,2018Q3,20180923,345,0.0,0.0,0.0,48.75,48.75,0.0,21.0,21.0,0.0,0.0,0.0,0.0,215.85,208.97,6.88,752.78,738.95,13.83,0.0,0.0,0.0,0.0,0.0,0.0,
335513,SEAGATE REHABILITATION AND NURSING CENTER,BROOKLYN,NY,Kings,47,2018Q3,20180924,346,0.0,0.0,0.0,77.35,77.35,0.0,65.12,65.12,0.0,0.0,0.0,0.0,207.42,202.42,5.0,781.48,776.98,4.5,0.0,0.0,0.0,0.0,0.0,0.0,
335513,SEAGATE REHABILITATION AND NURSING CENTER,BROOKLYN,NY,Kings,47,2018Q3,20180925,348,7.0,7.0,0.0,64.66,64.66,0.0,56.0,56.0,0.0,0.0,0.0,0.0,202.18,202.18,0.0,788.18,781.18,7.0,0.0,0.0,0.0,0.0,0.0,0.0,
335513,SEAGATE REHABILITATION AND NURSING CENTER,BROOKLYN,NY,Kings,47,2018Q3,20180926,349,7.0,7.0,0.0,69.8,69.8,0.0,62.95,62.95,0.0,0.0,0.0,0.0,209.91,209.91,0.0,778.99,778.99,0.0,0.0,0.0,0.0,0.0,0.0,0.0,
335513,SEAGATE REHABILITATION AND NURSING CENTER,BROOKLYN,NY,Kings,47,2018Q3,20180927,345,7.0,7.0,0.0,77.5,77.5,0.0,60.93,60.93,0.0,0.0,0.0,0.0,206.51,204.43,2.08,778.56,778.56,0.0,0.0,0.0,0.0,0.0,0.0,0.0,
335513,SEAGATE REHABILITATION AND NURSING CENTER,BROOKLYN,NY,Kings,47,2018Q3,20180928,342,7.0,7.0,0.0,67.74,67.74,0.0,65.18,65.18,0.0,0.0,0.0,0.0,200.14,195.14,5.0,774.35,761.12,13.23,0.0,0.0,0.0,0.0,0.0,0.0,
335513,SEAGATE REHABILITATION AND NURSING CENTER,BROOKLYN,NY,Kings,47,2018Q3,20180929,342,0.0,0.0,0.0,41.93,41.93,0.0,27.93,27.93,0.0,0.0,0.0,0.0,202.5,202.5,0.0,740.79,740.79,0.0,0.0,0.0,0.0,0.0,0.0,0.0,
335513,SEAGATE REHABILITATION AND NURSING CENTER,BROOKLYN,NY,Kings,47,2018Q3,20180930,342,0.0,0.0,0.0,42.18,42.18,0.0,27.98,27.98,0.0,0.0,0.0,0.0,200.23,198.43,1.8,758.67,744.67,14.0,0.0,0.0,0.0,0.0,0.0,0.0,
335513,SEAGATE REHABILITATION AND NURSING CENTER,BROOKLYN,NY,Kings,47,2018Q4,20181001,342,0.0,0.0,0.0,69.98,69.98,0.0,67.9,67.9,0.0,0.0,0.0,0.0,182.28,177.28,5.0,767.87,767.87,0.0,0.0,0.0,0.0,0.0,0.0,0.0,
335513,SEAGATE REHABILITATION AND NURSING CENTER,BROOKLYN,NY,Kings,47,2018Q4,20181002,339,0.0,0.0,0.0,81.78,81.78,0.0,51.07,51.07,0.0,0.0,0.0,0.0,206.95,206.95,0.0,761.35,761.35,0.0,0.0,0.0,0.0,0.0,0.0,0.0,
335513,SEAGATE REHABILITATION AND NURSING CENTER,BROOKLYN,NY,Kings,47,2018Q4,20181003,340,0.0,0.0,0.0,74.15,74.15,0.0,51.09,51.09,0.0,0.0,0.0,0.0,220.56,220.56,0.0,769.04,751.54,17.5,0.0,0.0,0.0,0.0,0.0,0.0,
335513,SEAGATE REHABILITATION AND NURSING CENTER,BROOKLYN,NY,Kings,47,2018Q4,20181004,341,0.0,0.0,0.0,81.92,81.92,0.0,55.94,55.94,0.0,0.0,0.0,0.0,209.0,207.18,1.82,775.33,757.48,17.85,0.0,0.0,0.0,0.0,0.0,0.0,
335513,SEAGATE REHABILITATION AND NURSING CENTER,BROOKLYN,NY,Kings,47,2018Q4,20181005,340,0.0,0.0,0.0,69.97,69.97,0.0,60.99,60.99,0.0,0.0,0.0,0.0,195.77,190.77,5.0,768.5,756.5,12.0,0.0,0.0,0.0,0.0,0.0,0.0,
335513,SEAGATE REHABILITATION AND NURSING CENTER,BROOKLYN,NY,Kings,47,2018Q4,20181006,341,0.0,0.0,0.0,42.06,42.06,0.0,28.05,28.05,0.0,0.0,0.0,0.0,201.09,199.36,1.73,752.21,738.39,13.82,0.0,0.0,0.0,0.0,0.0,0.0,
335513,SEAGATE REHABILITATION AND NURSING CENTER,BROOKLYN,NY,Kings,47,2018Q4,20181007,340,0.0,0.0,0.0,22.89,22.89,0.0,42.05,42.05,0.0,0.0,0.0,0.0,216.14,209.14,7.0,753.87,739.87,14.0,0.0,0.0,0.0,0.0,0.0,0.0,
335513,SEAGATE REHABILITATION AND NURSING CENTER,BROOKLYN,NY,Kings,47,2018Q4,20181008,339,0.0,0.0,0.0,70.35,70.35,0.0,51.03,51.03,0.0,0.0,0.0,0.0,200.88,195.88,5.0,764.52,758.77,5.75,0.0,0.0,0.0,0.0,0.0,0.0,
335513,SEAGATE REHABILITATION AND NURSING CENTER,BROOKLYN,NY,Kings,47,2018Q4,20181009,341,0.0,0.0,0.0,76.58,76.58,0.0,60.86,60.86,0.0,0.0,0.0,0.0,197.1,197.1,0.0,782.71,767.46,15.25,0.0,0.0,0.0,0.0,0.0,0.0,
335513,SEAGATE REHABILITATION AND NURSING CENTER,BROOKLYN,NY,Kings,47,2018Q4,20181010,340,0.0,0.0,0.0,70.46,70.46,0.0,65.13,65.13,0.0,0.0,0.0,0.0,199.33,199.33,0.0,745.47,733.47,12.0,0.0,0.0,0.0,0.0,0.0,0.0,
335513,SEAGATE REHABILITATION AND NURSING CENTER,BROOKLYN,NY,Kings,47,2018Q4,20181011,341,0.0,0.0,0.0,69.99,69.99,0.0,61.02,61.02,0.0,0.0,0.0,0.0,204.28,202.28,2.0,771.37,759.94,11.43,0.0,0.0,0.0,0.0,0.0,0.0,
335513,SEAGATE REHABILITATION AND NURSING CENTER,BROOKLYN,NY,Kings,47,2018Q4,20181012,342,0.0,0.0,0.0,81.82,81.82,0.0,62.86,62.86,0.0,0.0,0.0,0.0,202.28,197.28,5.0,759.54,740.54,19.0,0.0,0.0,0.0,0.0,0.0,0.0,
335513,SEAGATE REHABILITATION AND NURSING CENTER,BROOKLYN,NY,Kings,47,2018Q4,20181013,342,0.0,0.0,0.0,27.92,27.92,0.0,23.08,23.08,0.0,0.0,0.0,0.0,214.7,214.7,0.0,752.77,743.77,9.0,0.0,0.0,0.0,0.0,0.0,0.0,
335513,SEAGATE REHABILITATION AND NURSING CENTER,BROOKLYN,NY,Kings,47,2018Q4,20181014,341,0.0,0.0,0.0,22.93,22.93,0.0,28.07,28.07,0.0,0.0,0.0,0.0,202.72,202.72,0.0,740.46,733.46,7.0,0.0,0.0,0.0,0.0,0.0,0.0,
335513,SEAGATE REHABILITATION AND NURSING CENTER,BROOKLYN,NY,Kings,47,2018Q4,20181015,343,0.0,0.0,0.0,77.0,77.0,0.0,60.91,60.91,0.0,0.0,0.0,0.0,190.26,188.34,1.92,751.44,743.77,7.67,0.0,0.0,0.0,0.0,0.0,0.0,
335513,SEAGATE REHABILITATION AND NURSING CENTER,BROOKLYN,NY,Kings,47,2018Q4,20181016,344,0.0,0.0,0.0,70.08,70.08,0.0,48.9,48.9,0.0,0.0,0.0,0.0,202.33,197.33,5.0,774.84,763.11,11.73,0.0,0.0,0.0,0.0,0.0,0.0,
335513,SEAGATE REHABILITATION AND NURSING CENTER,BROOKLYN,NY,Kings,47,2018Q4,20181017,343,0.0,0.0,0.0,70.01,70.01,0.0,51.22,51.22,0.0,0.0,0.0,0.0,207.92,207.92,0.0,742.13,735.13,7.0,0.0,0.0,0.0,0.0,0.0,0.0,
335513,SEAGATE REHABILITATION AND NURSING CENTER,BROOKLYN,NY,Kings,47,2018Q4,20181018,344,0.0,0.0,0.0,70.35,70.35,0.0,62.9,62.9,0.0,0.0,0.0,0.0,202.81,202.81,0.0,748.71,735.71,13.0,0.0,0.0,0.0,0.0,0.0,0.0,
335513,SEAGATE REHABILITATION AND NURSING CENTER,BROOKLYN,NY,Kings,47,2018Q4,20181019,341,0.0,0.0,0.0,76.95,76.95,0.0,53.88,53.88,0.0,0.0,0.0,0.0,195.41,195.41,0.0,766.74,755.99,10.75,0.0,0.0,0.0,0.0,0.0,0.0,
335513,SEAGATE REHABILITATION AND NURSING CENTER,BROOKLYN,NY,Kings,47,2018Q4,20181020,341,0.0,0.0,0.0,46.75,46.75,0.0,28.07,28.07,0.0,0.0,0.0,0.0,188.1,185.95,2.15,744.51,728.51,16.0,0.0,0.0,0.0,0.0,0.0,0.0,
335513,SEAGATE REHABILITATION AND NURSING CENTER,BROOKLYN,NY,Kings,47,2018Q4,20181021,341,0.0,0.0,0.0,37.15,37.15,0.0,27.98,27.98,0.0,0.0,0.0,0.0,193.68,186.8,6.88,755.44,741.44,14.0,0.0,0.0,0.0,0.0,0.0,0.0,
335513,SEAGATE REHABILITATION AND NURSING CENTER,BROOKLYN,NY,Kings,47,2018Q4,20181022,342,0.0,0.0,0.0,83.72,83.72,0.0,58.2,58.2,0.0,0.0,0.0,0.0,200.56,195.56,5.0,757.48,745.48,12.0,0.0,0.0,0.0,0.0,0.0,0.0,
335513,SEAGATE REHABILITATION AND NURSING CENTER,BROOKLYN,NY,Kings,47,2018Q4,20181023,344,0.0,0.0,0.0,77.18,77.18,0.0,60.67,60.67,0.0,0.0,0.0,0.0,204.24,204.24,0.0,783.62,760.62,23.0,0.0,0.0,0.0,0.0,0.0,0.0,
335513,SEAGATE REHABILITATION AND NURSING CENTER,BROOKLYN,NY,Kings,47,2018Q4,20181024,345,0.0,0.0,0.0,77.0,77.0,0.0,51.3,51.3,0.0,0.0,0.0,0.0,214.54,214.54,0.0,772.71,746.96,25.75,0.0,0.0,0.0,0.0,0.0,0.0,
335513,SEAGATE REHABILITATION AND NURSING CENTER,BROOKLYN,NY,Kings,47,2018Q4,20181025,345,0.0,0.0,0.0,76.97,76.97,0.0,53.78,53.78,0.0,0.0,0.0,0.0,211.41,208.98,2.43,774.56,760.68,13.88,0.0,0.0,0.0,0.0,0.0,0.0,
335513,SEAGATE REHABILITATION AND NURSING CENTER,BROOKLYN,NY,Kings,47,2018Q4,20181026,346,0.0,0.0,0.0,77.3,77.3,0.0,42.02,42.02,0.0,0.0,0.0,0.0,236.26,231.26,5.0,769.67,753.75,15.92,0.0,0.0,0.0,0.0,0.0,0.0,
335513,SEAGATE REHABILITATION AND NURSING CENTER,BROOKLYN,NY,Kings,47,2018Q4,20181027,346,0.0,0.0,0.0,41.88,41.88,0.0,23.23,23.23,0.0,0.0,0.0,0.0,207.83,207.83,0.0,755.84,741.84,14.0,0.0,0.0,0.0,0.0,0.0,0.0,
335513,SEAGATE REHABILITATION AND NURSING CENTER,BROOKLYN,NY,Kings,47,2018Q4,20181028,345,0.0,0.0,0.0,48.67,48.67,0.0,27.83,27.83,0.0,0.0,0.0,0.0,195.04,195.04,0.0,755.57,741.57,14.0,0.0,0.0,0.0,0.0,0.0,0.0,
335513,SEAGATE REHABILITATION AND NURSING CENTER,BROOKLYN,NY,Kings,47,2018Q4,20181029,343,0.0,0.0,0.0,70.27,70.27,0.0,54.21,54.21,0.0,0.0,0.0,0.0,197.1,197.1,0.0,764.53,745.53,19.0,0.0,0.0,0.0,0.0,0.0,0.0,
335513,SEAGATE REHABILITATION AND NURSING CENTER,BROOKLYN,NY,Kings,47,2018Q4,20181030,343,0.0,0.0,0.0,62.95,62.95,0.0,41.72,41.72,0.0,0.0,0.0,0.0,215.14,215.14,0.0,778.11,760.99,17.12,0.0,0.0,0.0,0.0,0.0,0.0,
335513,SEAGATE REHABILITATION AND NURSING CENTER,BROOKLYN,NY,Kings,47,2018Q4,20181031,342,0.0,0.0,0.0,69.92,69.92,0.0,58.12,58.12,0.0,0.0,0.0,0.0,206.18,206.18,0.0,784.91,775.99,8.92,0.0,0.0,0.0,0.0,0.0,0.0,
335513,SEAGATE REHABILITATION AND NURSING CENTER,BROOKLYN,NY,Kings,47,2018Q4,20181101,348,0.0,0.0,0.0,77.04,77.04,0.0,55.71,55.71,0.0,0.0,0.0,0.0,210.75,208.98,1.77,784.2,765.7,18.5,0.0,0.0,0.0,0.0,0.0,0.0,
335513,SEAGATE REHABILITATION AND NURSING CENTER,BROOKLYN,NY,Kings,47,2018Q4,20181102,350,0.0,0.0,0.0,79.13,79.13,0.0,68.18,68.18,0.0,0.0,0.0,0.0,195.21,190.21,5.0,776.06,771.06,5.0,0.0,0.0,0.0,0.0,0.0,0.0,
335513,SEAGATE REHABILITATION AND NURSING CENTER,BROOKLYN,NY,Kings,47,2018Q4,20181103,350,0.0,0.0,0.0,40.16,40.16,0.0,28.09,28.09,0.0,0.0,0.0,0.0,195.59,193.47,2.12,746.7,732.78,13.92,0.0,0.0,0.0,0.0,0.0,0.0,
335513,SEAGATE REHABILITATION AND NURSING CENTER,BROOKLYN,NY,Kings,47,2018Q4,20181104,350,0.0,0.0,0.0,41.66,41.66,0.0,27.98,27.98,0.0,0.0,0.0,0.0,217.86,211.86,6.0,774.94,758.94,16.0,0.0,0.0,0.0,0.0,0.0,0.0,
335513,SEAGATE REHABILITATION AND NURSING CENTER,BROOKLYN,NY,Kings,47,2018Q4,20181105,346,0.0,0.0,0.0,83.86,83.86,0.0,51.24,51.24,0.0,0.0,0.0,0.0,213.93,213.93,0.0,773.0,754.75,18.25,0.0,0.0,0.0,0.0,0.0,0.0,
335513,SEAGATE REHABILITATION AND NURSING CENTER,BROOKLYN,NY,Kings,47,2018Q4,20181106,346,0.0,0.0,0.0,77.2,77.2,0.0,53.71,53.71,0.0,0.0,0.0,0.0,196.08,196.08,0.0,763.12,747.12,16.0,0.0,0.0,0.0,0.0,0.0,0.0,
335513,SEAGATE REHABILITATION AND NURSING CENTER,BROOKLYN,NY,Kings,47,2018Q4,20181107,347,0.0,0.0,0.0,77.17,77.17,0.0,51.16,51.16,0.0,0.0,0.0,0.0,211.49,211.49,0.0,766.28,749.08,17.2,0.0,0.0,0.0,0.0,0.0,0.0,
335513,SEAGATE REHABILITATION AND NURSING CENTER,BROOKLYN,NY,Kings,47,2018Q4,20181108,344,0.0,0.0,0.0,69.88,69.88,0.0,60.89,60.89,0.0,0.0,0.0,0.0,204.1,202.1,2.0,750.34,729.34,21.0,0.0,0.0,0.0,0.0,0.0,0.0,
335513,SEAGATE REHABILITATION AND NURSING CENTER,BROOKLYN,NY,Kings,47,2018Q4,20181109,347,0.0,0.0,0.0,77.16,77.16,0.0,55.93,55.93,0.0,0.0,0.0,0.0,208.97,203.97,5.0,769.09,753.64,15.45,0.0,0.0,0.0,0.0,0.0,0.0,
335513,SEAGATE REHABILITATION AND NURSING CENTER,BROOKLYN,NY,Kings,47,2018Q4,20181110,348,0.0,0.0,0.0,41.72,41.72,0.0,23.1,23.1,0.0,0.0,0.0,0.0,198.92,198.92,0.0,774.58,772.58,2.0,0.0,0.0,0.0,0.0,0.0,0.0,
335513,SEAGATE REHABILITATION AND NURSING CENTER,BROOKLYN,NY,Kings,47,2018Q4,20181111,347,0.0,0.0,0.0,41.33,41.33,0.0,35.03,35.03,0.0,0.0,0.0,0.0,180.24,180.24,0.0,765.28,751.28,14.0,0.0,0.0,0.0,0.0,0.0,0.0,
335513,SEAGATE REHABILITATION AND NURSING CENTER,BROOKLYN,NY,Kings,47,2018Q4,20181112,344,0.0,0.0,0.0,70.48,70.48,0.0,53.92,53.92,0.0,0.0,0.0,0.0,208.94,206.81,2.13,765.78,760.78,5.0,0.0,0.0,0.0,0.0,0.0,0.0,
335513,SEAGATE REHABILITATION AND NURSING CENTER,BROOKLYN,NY,Kings,47,2018Q4,20181113,342,0.0,0.0,0.0,70.08,70.08,0.0,48.92,48.92,0.0,0.0,0.0,0.0,236.32,217.32,19.0,785.19,772.77,12.42,0.0,0.0,0.0,0.0,0.0,0.0,
335513,SEAGATE REHABILITATION AND NURSING CENTER,BROOKLYN,NY,Kings,47,2018Q4,20181114,343,0.0,0.0,0.0,84.37,84.37,0.0,65.15,65.15,0.0,0.0,0.0,0.0,207.24,207.24,0.0,769.0,762.05,6.95,0.0,0.0,0.0,0.0,0.0,0.0,
335513,SEAGATE REHABILITATION AND NURSING CENTER,BROOKLYN,NY,Kings,47,2018Q4,20181115,344,0.0,0.0,0.0,77.15,77.15,0.0,62.9,62.9,0.0,0.0,0.0,0.0,194.21,194.21,0.0,755.17,748.47,6.7,0.0,0.0,0.0,0.0,0.0,0.0,
335513,SEAGATE REHABILITATION AND NURSING CENTER,BROOKLYN,NY,Kings,47,2018Q4,20181116,342,0.0,0.0,0.0,76.7,76.7,0.0,53.97,53.97,0.0,0.0,0.0,0.0,217.28,210.28,7.0,785.48,764.03,21.45,0.0,0.0,0.0,0.0,0.0,0.0,
335513,SEAGATE REHABILITATION AND NURSING CENTER,BROOKLYN,NY,Kings,47,2018Q4,20181117,341,0.0,0.0,0.0,42.38,42.38,0.0,35.13,35.13,0.0,0.0,0.0,0.0,202.12,193.04,9.08,752.29,736.86,15.43,0.0,0.0,0.0,0.0,0.0,0.0,
335513,SEAGATE REHABILITATION AND NURSING CENTER,BROOKLYN,NY,Kings,47,2018Q4,20181118,340,0.0,0.0,0.0,41.47,41.47,0.0,37.0,37.0,0.0,0.0,0.0,0.0,199.71,185.98,13.73,746.08,725.15,20.93,0.0,0.0,0.0,0.0,0.0,0.0,
335513,SEAGATE REHABILITATION AND NURSING CENTER,BROOKLYN,NY,Kings,47,2018Q4,20181119,344,0.0,0.0,0.0,84.05,84.05,0.0,63.05,63.05,0.0,0.0,0.0,0.0,188.03,183.03,5.0,766.31,747.48,18.83,0.0,0.0,0.0,0.0,0.0,0.0,
335513,SEAGATE REHABILITATION AND NURSING CENTER,BROOKLYN,NY,Kings,47,2018Q4,20181120,348,0.0,0.0,0.0,76.99,76.99,0.0,53.8,53.8,0.0,0.0,0.0,0.0,203.69,196.69,7.0,794.4,769.15,25.25,0.0,0.0,0.0,0.0,0.0,0.0,
335513,SEAGATE REHABILITATION AND NURSING CENTER,BROOKLYN,NY,Kings,47,2018Q4,20181121,349,0.0,0.0,0.0,84.39,84.39,0.0,44.21,44.21,0.0,0.0,0.0,0.0,185.64,185.64,0.0,787.68,772.85,14.83,0.0,0.0,0.0,0.0,0.0,0.0,
335513,SEAGATE REHABILITATION AND NURSING CENTER,BROOKLYN,NY,Kings,47,2018Q4,20181122,348,0.0,0.0,0.0,48.42,48.42,0.0,25.74,25.74,0.0,0.0,0.0,0.0,210.56,210.56,0.0,750.87,741.87,9.0,0.0,0.0,0.0,0.0,0.0,0.0,
335513,SEAGATE REHABILITATION AND NURSING CENTER,BROOKLYN,NY,Kings,47,2018Q4,20181123,348,0.0,0.0,0.0,69.97,69.97,0.0,28.08,28.08,0.0,0.0,0.0,0.0,173.91,173.91,0.0,745.16,719.56,25.6,0.0,0.0,0.0,0.0,0.0,0.0,
335513,SEAGATE REHABILITATION AND NURSING CENTER,BROOKLYN,NY,Kings,47,2018Q4,20181124,348,0.0,0.0,0.0,42.29,42.29,0.0,30.07,30.07,0.0,0.0,0.0,0.0,185.65,185.65,0.0,756.48,756.48,0.0,0.0,0.0,0.0,0.0,0.0,0.0,
335513,SEAGATE REHABILITATION AND NURSING CENTER,BROOKLYN,NY,Kings,47,2018Q4,20181125,348,0.0,0.0,0.0,41.81,41.81,0.0,28.05,28.05,0.0,0.0,0.0,0.0,187.76,187.76,0.0,747.79,745.79,2.0,0.0,0.0,0.0,0.0,0.0,0.0,
335513,SEAGATE REHABILITATION AND NURSING CENTER,BROOKLYN,NY,Kings,47,2018Q4,20181126,354,0.0,0.0,0.0,70.42,70.42,0.0,46.93,46.93,0.0,0.0,0.0,0.0,216.78,201.41,15.37,757.44,745.44,12.0,0.0,0.0,0.0,0.0,0.0,0.0,
335513,SEAGATE REHABILITATION AND NURSING CENTER,BROOKLYN,NY,Kings,47,2018Q4,20181127,350,0.0,0.0,0.0,55.92,55.92,0.0,27.97,27.97,0.0,0.0,0.0,0.0,243.13,224.53,18.6,780.83,766.93,13.9,0.0,0.0,0.0,0.0,0.0,0.0,
335513,SEAGATE REHABILITATION AND NURSING CENTER,BROOKLYN,NY,Kings,47,2018Q4,20181128,350,0.0,0.0,0.0,62.79,62.79,0.0,44.2,44.2,0.0,0.0,0.0,0.0,234.31,227.31,7.0,779.68,763.06,16.62,0.0,0.0,0.0,0.0,0.0,0.0,
335513,SEAGATE REHABILITATION AND NURSING CENTER,BROOKLYN,NY,Kings,47,2018Q4,20181129,353,0.0,0.0,0.0,63.12,63.12,0.0,55.9,55.9,0.0,0.0,0.0,0.0,208.98,207.08,1.9,773.27,757.27,16.0,0.0,0.0,0.0,0.0,0.0,0.0,
335513,SEAGATE REHABILITATION AND NURSING CENTER,BROOKLYN,NY,Kings,47,2018Q4,20181130,352,0.0,0.0,0.0,55.78,55.78,0.0,39.9,39.9,0.0,0.0,0.0,0.0,216.57,205.47,11.1,760.28,736.33,23.95,0.0,0.0,0.0,0.0,0.0,0.0,
335513,SEAGATE REHABILITATION AND NURSING CENTER,BROOKLYN,NY,Kings,47,2018Q4,20181201,353,0.0,0.0,0.0,28.17,28.17,0.0,42.1,42.1,0.0,0.0,0.0,0.0,200.57,191.8,8.77,752.66,733.66,19.0,0.0,0.0,0.0,0.0,0.0,0.0,
335513,SEAGATE REHABILITATION AND NURSING CENTER,BROOKLYN,NY,Kings,47,2018Q4,20181202,352,0.0,0.0,0.0,27.97,27.97,0.0,41.82,41.82,0.0,0.0,0.0,0.0,202.3,187.93,14.37,741.82,725.82,16.0,0.0,0.0,0.0,0.0,0.0,0.0,
335513,SEAGATE REHABILITATION AND NURSING CENTER,BROOKLYN,NY,Kings,47,2018Q4,20181203,352,0.0,0.0,0.0,70.1,70.1,0.0,51.26,51.26,0.0,0.0,0.0,0.0,220.91,215.91,5.0,758.63,742.8,15.83,0.0,0.0,0.0,0.0,0.0,0.0,
335513,SEAGATE REHABILITATION AND NURSING CENTER,BROOKLYN,NY,Kings,47,2018Q4,20181204,352,0.0,0.0,0.0,70.19,70.19,0.0,67.78,67.78,0.0,0.0,0.0,0.0,210.53,203.53,7.0,776.5,758.0,18.5,0.0,0.0,0.0,0.0,0.0,0.0,
335513,SEAGATE REHABILITATION AND NURSING CENTER,BROOKLYN,NY,Kings,47,2018Q4,20181205,352,0.0,0.0,0.0,62.62,62.62,0.0,72.15,72.15,0.0,0.0,0.0,0.0,206.19,198.94,7.25,790.42,774.54,15.88,0.0,0.0,0.0,0.0,0.0,0.0,
335513,SEAGATE REHABILITATION AND NURSING CENTER,BROOKLYN,NY,Kings,47,2018Q4,20181206,352,0.0,0.0,0.0,63.28,63.28,0.0,53.92,53.92,0.0,0.0,0.0,0.0,217.87,201.85,16.02,762.8,748.8,14.0,0.0,0.0,0.0,0.0,0.0,0.0,
335513,SEAGATE REHABILITATION AND NURSING CENTER,BROOKLYN,NY,Kings,47,2018Q4,20181207,353,0.0,0.0,0.0,62.83,62.83,0.0,62.99,62.99,0.0,0.0,0.0,0.0,216.07,204.07,12.0,771.85,757.35,14.5,0.0,0.0,0.0,0.0,0.0,0.0,
335513,SEAGATE REHABILITATION AND NURSING CENTER,BROOKLYN,NY,Kings,47,2018Q4,20181208,353,0.0,0.0,0.0,41.93,41.93,0.0,23.28,23.28,0.0,0.0,0.0,0.0,209.36,202.26,7.1,756.27,735.27,21.0,0.0,0.0,0.0,0.0,0.0,0.0,
335513,SEAGATE REHABILITATION AND NURSING CENTER,BROOKLYN,NY,Kings,47,2018Q4,20181209,352,0.0,0.0,0.0,41.85,41.85,0.0,28.05,28.05,0.0,0.0,0.0,0.0,198.27,198.27,0.0,754.57,747.57,7.0,0.0,0.0,0.0,0.0,0.0,0.0,
335513,SEAGATE REHABILITATION AND NURSING CENTER,BROOKLYN,NY,Kings,47,2018Q4,20181210,355,0.0,0.0,0.0,77.24,77.24,0.0,53.62,53.62,0.0,0.0,0.0,0.0,213.2,197.03,16.17,779.9,757.13,22.77,0.0,0.0,0.0,0.0,0.0,0.0,
335513,SEAGATE REHABILITATION AND NURSING CENTER,BROOKLYN,NY,Kings,47,2018Q4,20181211,352,0.0,0.0,0.0,77.03,77.03,0.0,77.01,77.01,0.0,0.0,0.0,0.0,195.58,180.58,15.0,755.87,746.87,9.0,0.0,0.0,0.0,0.0,0.0,0.0,
335513,SEAGATE REHABILITATION AND NURSING CENTER,BROOKLYN,NY,Kings,47,2018Q4,20181212,351,0.0,0.0,0.0,70.04,70.04,0.0,65.13,65.13,0.0,0.0,0.0,0.0,186.22,166.22,20.0,776.29,755.72,20.57,0.0,0.0,0.0,0.0,0.0,0.0,
335513,SEAGATE REHABILITATION AND NURSING CENTER,BROOKLYN,NY,Kings,47,2018Q4,20181213,352,0.0,0.0,0.0,77.07,77.07,0.0,74.94,74.94,0.0,0.0,0.0,0.0,180.98,171.48,9.5,784.6,770.85,13.75,0.0,0.0,0.0,0.0,0.0,0.0,
335513,SEAGATE REHABILITATION AND NURSING CENTER,BROOKLYN,NY,Kings,47,2018Q4,20181214,352,0.0,0.0,0.0,76.75,76.75,0.0,76.93,76.93,0.0,0.0,0.0,0.0,169.31,157.06,12.25,778.51,758.78,19.73,0.0,0.0,0.0,0.0,0.0,0.0,
335513,SEAGATE REHABILITATION AND NURSING CENTER,BROOKLYN,NY,Kings,47,2018Q4,20181215,351,0.0,0.0,0.0,42.45,42.45,0.0,28.07,28.07,0.0,0.0,0.0,0.0,185.56,172.41,13.15,761.06,740.06,21.0,0.0,0.0,0.0,0.0,0.0,0.0,
335513,SEAGATE REHABILITATION AND NURSING CENTER,BROOKLYN,NY,Kings,47,2018Q4,20181216,349,0.0,0.0,0.0,34.55,34.55,0.0,44.07,44.07,0.0,0.0,0.0,0.0,180.97,172.14,8.83,751.08,730.08,21.0,0.0,0.0,0.0,0.0,0.0,0.0,
335513,SEAGATE REHABILITATION AND NURSING CENTER,BROOKLYN,NY,Kings,47,2018Q4,20181217,350,0.0,0.0,0.0,70.01,70.01,0.0,49.03,49.03,0.0,0.0,0.0,0.0,197.68,178.15,19.53,762.68,743.68,19.0,0.0,0.0,0.0,0.0,0.0,0.0,
335513,SEAGATE REHABILITATION AND NURSING CENTER,BROOKLYN,NY,Kings,47,2018Q4,20181218,348,0.0,0.0,0.0,70.0,70.0,0.0,60.83,60.83,0.0,0.0,0.0,0.0,197.68,180.98,16.7,769.8,760.8,9.0,0.0,0.0,0.0,0.0,0.0,0.0,
335513,SEAGATE REHABILITATION AND NURSING CENTER,BROOKLYN,NY,Kings,47,2018Q4,20181219,346,0.0,0.0,0.0,62.82,62.82,0.0,70.0,70.0,0.0,0.0,0.0,0.0,194.6,175.22,19.38,746.9,730.26,16.64,0.0,0.0,0.0,0.0,0.0,0.0,
335513,SEAGATE REHABILITATION AND NURSING CENTER,BROOKLYN,NY,Kings,47,2018Q4,20181220,348,0.0,0.0,0.0,63.31,63.31,0.0,55.9,55.9,0.0,0.0,0.0,0.0,185.31,185.31,0.0,772.06,750.56,21.5,0.0,0.0,0.0,0.0,0.0,0.0,
335513,SEAGATE REHABILITATION AND NURSING CENTER,BROOKLYN,NY,Kings,47,2018Q4,20181221,347,0.0,0.0,0.0,76.78,76.78,0.0,56.1,56.1,0.0,0.0,0.0,0.0,180.87,167.39,13.48,746.0,728.78,17.22,0.0,0.0,0.0,0.0,0.0,0.0,
335513,SEAGATE REHABILITATION AND NURSING CENTER,BROOKLYN,NY,Kings,47,2018Q4,20181222,347,0.0,0.0,0.0,42.07,42.07,0.0,37.19,37.19,0.0,0.0,0.0,0.0,172.96,165.46,7.5,766.83,761.83,5.0,0.0,0.0,0.0,0.0,0.0,0.0,
335513,SEAGATE REHABILITATION AND NURSING CENTER,BROOKLYN,NY,Kings,47,2018Q4,20181223,347,0.0,0.0,0.0,41.85,41.85,0.0,39.5,39.5,0.0,0.0,0.0,0.0,168.33,168.33,0.0,755.35,739.35,16.0,0.0,0.0,0.0,0.0,0.0,0.0,
335513,SEAGATE REHABILITATION AND NURSING CENTER,BROOKLYN,NY,Kings,47,2018Q4,20181224,347,0.0,0.0,0.0,70.45,70.45,0.0,58.07,58.07,0.0,0.0,0.0,0.0,183.9,170.13,13.77,771.7,752.6,19.1,0.0,0.0,0.0,0.0,0.0,0.0,
335513,SEAGATE REHABILITATION AND NURSING CENTER,BROOKLYN,NY,Kings,47,2018Q4,20181225,347,0.0,0.0,0.0,41.93,41.93,0.0,63.02,63.02,0.0,0.0,0.0,0.0,188.28,173.95,14.33,747.46,740.46,7.0,0.0,0.0,0.0,0.0,0.0,0.0,
335513,SEAGATE REHABILITATION AND NURSING CENTER,BROOKLYN,NY,Kings,47,2018Q4,20181226,348,0.0,0.0,0.0,55.95,55.95,0.0,56.07,56.07,0.0,0.0,0.0,0.0,188.26,174.33,13.93,763.05,744.05,19.0,0.0,0.0,0.0,0.0,0.0,0.0,
335513,SEAGATE REHABILITATION AND NURSING CENTER,BROOKLYN,NY,Kings,47,2018Q4,20181227,346,0.0,0.0,0.0,63.08,63.08,0.0,35.0,35.0,0.0,0.0,0.0,0.0,196.15,181.0,15.15,769.74,755.74,14.0,0.0,0.0,0.0,0.0,0.0,0.0,
335513,SEAGATE REHABILITATION AND NURSING CENTER,BROOKLYN,NY,Kings,47,2018Q4,20181228,343,0.0,0.0,0.0,76.74,76.74,0.0,60.81,60.81,0.0,0.0,0.0,0.0,190.23,182.48,7.75,774.11,750.61,23.5,0.0,0.0,0.0,0.0,0.0,0.0,
335513,SEAGATE REHABILITATION AND NURSING CENTER,BROOKLYN,NY,Kings,47,2018Q4,20181229,342,0.0,0.0,0.0,42.11,42.11,0.0,21.1,21.1,0.0,0.0,0.0,0.0,195.39,188.14,7.25,746.11,730.11,16.0,0.0,0.0,0.0,0.0,0.0,0.0,
335513,SEAGATE REHABILITATION AND NURSING CENTER,BROOKLYN,NY,Kings,47,2018Q4,20181230,342,0.0,0.0,0.0,41.87,41.87,0.0,23.42,23.42,0.0,0.0,0.0,0.0,200.24,192.99,7.25,739.79,718.79,21.0,0.0,0.0,0.0,0.0,0.0,0.0,
335513,SEAGATE REHABILITATION AND NURSING CENTER,BROOKLYN,NY,Kings,47,2018Q4,20181231,342,0.0,0.0,0.0,46.85,46.85,0.0,32.4,32.4,0.0,0.0,0.0,0.0,181.9,174.4,7.5,775.05,756.05,19.0,0.0,0.0,0.0,0.0,0.0,0.0,
335513,SEAGATE REHABILITATION AND NURSING CENTER,BROOKLYN,NY,Kings,47,2019Q1,20190101,341,0.0,0.0,0.0,23.2,23.2,0.0,19.02,19.02,0.0,0.0,0.0,0.0,195.17,195.17,0.0,753.42,739.42,14.0,0.0,0.0,0.0,0.0,0.0,0.0,
335513,SEAGATE REHABILITATION AND NURSING CENTER,BROOKLYN,NY,Kings,47,2019Q1,20190102,343,0.0,0.0,0.0,55.87,55.87,0.0,58.08,58.08,0.0,0.0,0.0,0.0,214.71,207.46,7.25,767.6,761.43,6.17,0.0,0.0,0.0,0.0,0.0,0.0,
335513,SEAGATE REHABILITATION AND NURSING CENTER,BROOKLYN,NY,Kings,47,2019Q1,20190103,343,0.0,0.0,0.0,63.24,63.24,0.0,42.0,42.0,0.0,0.0,0.0,0.0,237.21,227.96,9.25,773.07,766.3,6.77,0.0,0.0,0.0,0.0,0.0,0.0,
335513,SEAGATE REHABILITATION AND NURSING CENTER,BROOKLYN,NY,Kings,47,2019Q1,20190104,344,0.0,0.0,0.0,70.14,70.14,0.0,74.92,74.92,0.0,0.0,0.0,0.0,197.24,192.24,5.0,766.91,764.91,2.0,0.0,0.0,0.0,0.0,0.0,0.0,
335513,SEAGATE REHABILITATION AND NURSING CENTER,BROOKLYN,NY,Kings,47,2019Q1,20190105,343,0.0,0.0,0.0,39.63,39.63,0.0,23.17,23.17,0.0,0.0,0.0,0.0,205.21,205.21,0.0,753.26,746.26,7.0,0.0,0.0,0.0,0.0,0.0,0.0,
335513,SEAGATE REHABILITATION AND NURSING CENTER,BROOKLYN,NY,Kings,47,2019Q1,20190106,341,0.0,0.0,0.0,41.93,41.93,0.0,27.93,27.93,0.0,0.0,0.0,0.0,195.29,195.29,0.0,760.84,753.84,7.0,0.0,0.0,0.0,0.0,0.0,0.0,
335513,SEAGATE REHABILITATION AND NURSING CENTER,BROOKLYN,NY,Kings,47,2019Q1,20190107,340,0.0,0.0,0.0,70.03,70.03,0.0,63.0,63.0,0.0,0.0,0.0,0.0,190.57,181.19,9.38,785.64,773.64,12.0,0.0,0.0,0.0,0.0,0.0,0.0,
335513,SEAGATE REHABILITATION AND NURSING CENTER,BROOKLYN,NY,Kings,47,2019Q1,20190108,340,0.0,0.0,0.0,64.95,64.95,0.0,53.9,53.9,0.0,0.0,0.0,0.0,209.45,204.45,5.0,784.56,782.56,2.0,0.0,0.0,0.0,0.0,0.0,0.0,
335513,SEAGATE REHABILITATION AND NURSING CENTER,BROOKLYN,NY,Kings,47,2019Q1,20190109,341,0.0,0.0,0.0,70.08,70.08,0.0,63.0,63.0,0.0,0.0,0.0,0.0,202.4,195.4,7.0,781.99,763.79,18.2,0.0,0.0,0.0,0.0,0.0,0.0,
335513,SEAGATE REHABILITATION AND NURSING CENTER,BROOKLYN,NY,Kings,47,2019Q1,20190110,343,0.0,0.0,0.0,77.23,77.23,0.0,58.08,58.08,0.0,0.0,0.0,0.0,227.57,211.86,15.71,785.42,766.85,18.57,0.0,0.0,0.0,0.0,0.0,0.0,
335513,SEAGATE REHABILITATION AND NURSING CENTER,BROOKLYN,NY,Kings,47,2019Q1,20190111,344,0.0,0.0,0.0,72.72,72.72,0.0,70.0,70.0,0.0,0.0,0.0,0.0,195.69,182.57,13.12,767.63,749.2,18.43,0.0,0.0,0.0,0.0,0.0,0.0,
335513,SEAGATE REHABILITATION AND NURSING CENTER,BROOKLYN,NY,Kings,47,2019Q1,20190112,342,0.0,0.0,0.0,28.0,28.0,0.0,20.92,20.92,0.0,0.0,0.0,0.0,210.33,195.76,14.57,753.52,739.52,14.0,0.0,0.0,0.0,0.0,0.0,0.0,
335513,SEAGATE REHABILITATION AND NURSING CENTER,BROOKLYN,NY,Kings,47,2019Q1,20190113,341,0.0,0.0,0.0,36.97,36.97,0.0,19.0,19.0,0.0,0.0,0.0,0.0,222.64,209.24,13.4,761.36,747.36,14.0,0.0,0.0,0.0,0.0,0.0,0.0,
335513,SEAGATE REHABILITATION AND NURSING CENTER,BROOKLYN,NY,Kings,47,2019Q1,20190114,340,0.0,0.0,0.0,77.0,77.0,0.0,58.07,58.07,0.0,0.0,0.0,0.0,205.34,193.96,11.38,777.63,765.63,12.0,0.0,0.0,0.0,0.0,0.0,0.0,
335513,SEAGATE REHABILITATION AND NURSING CENTER,BROOKLYN,NY,Kings,47,2019Q1,20190115,343,0.0,0.0,0.0,70.03,70.03,0.0,69.98,69.98,0.0,0.0,0.0,0.0,201.46,187.98,13.48,761.55,752.55,9.0,0.0,0.0,0.0,0.0,0.0,0.0,
335513,SEAGATE REHABILITATION AND NURSING CENTER,BROOKLYN,NY,Kings,47,2019Q1,20190116,342,0.0,0.0,0.0,76.97,76.97,0.0,65.16,65.16,0.0,0.0,0.0,0.0,204.85,191.17,13.68,777.49,753.89,23.6,0.0,0.0,0.0,0.0,0.0,0.0,
335513,SEAGATE REHABILITATION AND NURSING CENTER,BROOKLYN,NY,Kings,47,2019Q1,20190117,339,0.0,0.0,0.0,77.08,77.08,0.0,67.84,67.84,0.0,0.0,0.0,0.0,212.31,203.43,8.88,756.75,735.93,20.82,0.0,0.0,0.0,0.0,0.0,0.0,
335513,SEAGATE REHABILITATION AND NURSING CENTER,BROOKLYN,NY,Kings,47,2019Q1,20190118,341,0.0,0.0,0.0,81.95,81.95,0.0,58.4,58.4,0.0,0.0,0.0,0.0,186.17,175.69,10.48,761.26,738.54,22.72,0.0,0.0,0.0,0.0,0.0,0.0,
335513,SEAGATE REHABILITATION AND NURSING CENTER,BROOKLYN,NY,Kings,47,2019Q1,20190119,338,0.0,0.0,0.0,28.0,28.0,0.0,29.87,29.87,0.0,0.0,0.0,0.0,198.84,186.21,12.63,751.2,749.2,2.0,0.0,0.0,0.0,0.0,0.0,0.0,
335513,SEAGATE REHABILITATION AND NURSING CENTER,BROOKLYN,NY,Kings,47,2019Q1,20190120,336,0.0,0.0,0.0,36.97,36.97,0.0,35.07,35.07,0.0,0.0,0.0,0.0,178.66,168.86,9.8,760.89,746.97,13.92,0.0,0.0,0.0,0.0,0.0,0.0,
335513,SEAGATE REHABILITATION AND NURSING CENTER,BROOKLYN,NY,Kings,47,2019Q1,20190121,335,0.0,0.0,0.0,48.98,48.98,0.0,60.87,60.87,0.0,0.0,0.0,0.0,191.81,173.38,18.43,758.11,746.11,12.0,0.0,0.0,0.0,0.0,0.0,0.0,
335513,SEAGATE REHABILITATION AND NURSING CENTER,BROOKLYN,NY,Kings,47,2019Q1,20190122,336,0.0,0.0,0.0,79.19,79.19,0.0,67.82,67.82,0.0,0.0,0.0,0.0,188.28,188.28,0.0,749.98,730.88,19.1,0.0,0.0,0.0,0.0,0.0,0.0,
335513,SEAGATE REHABILITATION AND NURSING CENTER,BROOKLYN,NY,Kings,47,2019Q1,20190123,336,0.0,0.0,0.0,83.9,83.9,0.0,58.17,58.17,0.0,0.0,0.0,0.0,208.45,201.45,7.0,773.63,755.88,17.75,0.0,0.0,0.0,0.0,0.0,0.0,
335513,SEAGATE REHABILITATION AND NURSING CENTER,BROOKLYN,NY,Kings,47,2019Q1,20190124,338,0.0,0.0,0.0,83.98,83.98,0.0,62.87,62.87,0.0,0.0,0.0,0.0,217.16,207.16,10.0,773.15,764.15,9.0,0.0,0.0,0.0,0.0,0.0,0.0,
335513,SEAGATE REHABILITATION AND NURSING CENTER,BROOKLYN,NY,Kings,47,2019Q1,20190125,341,0.0,0.0,0.0,82.06,82.06,0.0,67.99,67.99,0.0,0.0,0.0,0.0,217.6,212.6,5.0,772.28,760.28,12.0,0.0,0.0,0.0,0.0,0.0,0.0,
335513,SEAGATE REHABILITATION AND NURSING CENTER,BROOKLYN,NY,Kings,47,2019Q1,20190126,342,0.0,0.0,0.0,35.1,35.1,0.0,44.27,44.27,0.0,0.0,0.0,0.0,200.42,191.7,8.72,753.39,737.47,15.92,0.0,0.0,0.0,0.0,0.0,0.0,
335513,SEAGATE REHABILITATION AND NURSING CENTER,BROOKLYN,NY,Kings,47,2019Q1,20190127,342,0.0,0.0,0.0,34.8,34.8,0.0,46.74,46.74,0.0,0.0,0.0,0.0,202.17,195.34,6.83,754.6,733.6,21.0,0.0,0.0,0.0,0.0,0.0,0.0,
335513,SEAGATE REHABILITATION AND NURSING CENTER,BROOKLYN,NY,Kings,47,2019Q1,20190128,341,0.0,0.0,0.0,84.03,84.03,0.0,51.12,51.12,0.0,0.0,0.0,0.0,202.35,197.35,5.0,780.4,761.4,19.0,0.0,0.0,0.0,0.0,0.0,0.0,
335513,SEAGATE REHABILITATION AND NURSING CENTER,BROOKLYN,NY,Kings,47,2019Q1,20190129,340,0.0,0.0,0.0,86.07,86.07,0.0,67.87,67.87,0.0,0.0,0.0,0.0,210.73,210.73,0.0,783.06,765.06,18.0,0.0,0.0,0.0,0.0,0.0,0.0,
335513,SEAGATE REHABILITATION AND NURSING CENTER,BROOKLYN,NY,Kings,47,2019Q1,20190130,340,0.0,0.0,0.0,75.08,75.08,0.0,65.32,65.32,0.0,0.0,0.0,0.0,225.91,213.18,12.73,790.21,769.21,21.0,0.0,0.0,0.0,0.0,0.0,0.0,
335513,SEAGATE REHABILITATION AND NURSING CENTER,BROOKLYN,NY,Kings,47,2019Q1,20190131,338,0.0,0.0,0.0,83.9,83.9,0.0,55.79,55.79,0.0,0.0,0.0,0.0,209.8,194.97,14.83,772.34,766.31,6.03,0.0,0.0,0.0,0.0,0.0,0.0,
335513,SEAGATE REHABILITATION AND NURSING CENTER,BROOKLYN,NY,Kings,47,2019Q1,20190201,338,0.0,0.0,0.0,62.98,62.98,0.0,67.89,67.89,0.0,0.0,0.0,0.0,222.91,210.91,12.0,783.36,761.81,21.55,0.0,0.0,0.0,0.0,0.0,0.0,
335513,SEAGATE REHABILITATION AND NURSING CENTER,BROOKLYN,NY,Kings,47,2019Q1,20190202,337,0.0,0.0,0.0,34.85,34.85,0.0,44.2,44.2,0.0,0.0,0.0,0.0,200.64,200.64,0.0,779.15,777.15,2.0,0.0,0.0,0.0,0.0,0.0,0.0,
335513,SEAGATE REHABILITATION AND NURSING CENTER,BROOKLYN,NY,Kings,47,2019Q1,20190203,336,0.0,0.0,0.0,35.2,35.2,0.0,62.89,62.89,0.0,0.0,0.0,0.0,175.31,167.43,7.88,759.72,745.85,13.87,0.0,0.0,0.0,0.0,0.0,0.0,
335513,SEAGATE REHABILITATION AND NURSING CENTER,BROOKLYN,NY,Kings,47,2019Q1,20190204,334,0.0,0.0,0.0,74.9,74.9,0.0,63.15,63.15,0.0,0.0,0.0,0.0,216.47,207.35,9.12,790.39,780.39,10.0,0.0,0.0,0.0,0.0,0.0,0.0,
335513,SEAGATE REHABILITATION AND NURSING CENTER,BROOKLYN,NY,Kings,47,2019Q1,20190205,336,0.0,0.0,0.0,76.12,76.12,0.0,53.78,53.78,0.0,0.0,0.0,0.0,218.12,209.65,8.47,788.62,771.75,16.87,0.0,0.0,0.0,0.0,0.0,0.0,
335513,SEAGATE REHABILITATION AND NURSING CENTER,BROOKLYN,NY,Kings,47,2019Q1,20190206,338,0.0,0.0,0.0,88.82,88.82,0.0,71.92,71.92,0.0,0.0,0.0,0.0,213.63,199.68,13.95,784.31,775.13,9.18,0.0,0.0,0.0,0.0,0.0,0.0,
335513,SEAGATE REHABILITATION AND NURSING CENTER,BROOKLYN,NY,Kings,47,2019Q1,20190207,337,0.0,0.0,0.0,79.22,79.22,0.0,56.22,56.22,0.0,0.0,0.0,0.0,223.78,216.83,6.95,787.05,767.55,19.5,0.0,0.0,0.0,0.0,0.0,0.0,
335513,SEAGATE REHABILITATION AND NURSING CENTER,BROOKLYN,NY,Kings,47,2019Q1,20190208,337,0.0,0.0,0.0,86.93,86.93,0.0,67.84,67.84,0.0,0.0,0.0,0.0,204.43,184.66,19.77,778.87,756.34,22.53,0.0,0.0,0.0,0.0,0.0,0.0,
335513,SEAGATE REHABILITATION AND NURSING CENTER,BROOKLYN,NY,Kings,47,2019Q1,20190209,337,0.0,0.0,0.0,21.0,21.0,0.0,48.97,48.97,0.0,0.0,0.0,0.0,207.15,200.15,7.0,758.48,742.54,15.94,0.0,0.0,0.0,0.0,0.0,0.0,
335513,SEAGATE REHABILITATION AND NURSING CENTER,BROOKLYN,NY,Kings,47,2019Q1,20190210,336,0.0,0.0,0.0,27.9,27.9,0.0,42.1,42.1,0.0,0.0,0.0,0.0,211.39,204.39,7.0,760.62,739.69,20.93,0.0,0.0,0.0,0.0,0.0,0.0,
335513,SEAGATE REHABILITATION AND NURSING CENTER,BROOKLYN,NY,Kings,47,2019Q1,20190211,332,0.0,0.0,0.0,79.1,79.1,0.0,65.05,65.05,0.0,0.0,0.0,0.0,214.23,214.23,0.0,793.83,778.18,15.65,0.0,0.0,0.0,0.0,0.0,0.0,
335513,SEAGATE REHABILITATION AND NURSING CENTER,BROOKLYN,NY,Kings,47,2019Q1,20190212,332,0.0,0.0,0.0,83.95,83.95,0.0,74.89,74.89,0.0,0.0,0.0,0.0,203.79,196.79,7.0,779.57,773.43,6.14,0.0,0.0,0.0,0.0,0.0,0.0,
335513,SEAGATE REHABILITATION AND NURSING CENTER,BROOKLYN,NY,Kings,47,2019Q1,20190213,337,0.0,0.0,0.0,84.02,84.02,0.0,72.15,72.15,0.0,0.0,0.0,0.0,207.47,207.47,0.0,809.47,788.47,21.0,0.0,0.0,0.0,0.0,0.0,0.0,
335513,SEAGATE REHABILITATION AND NURSING CENTER,BROOKLYN,NY,Kings,47,2019Q1,20190214,343,0.0,0.0,0.0,85.96,85.96,0.0,60.89,60.89,0.0,0.0,0.0,0.0,212.07,206.69,5.38,776.89,757.37,19.52,0.0,0.0,0.0,0.0,0.0,0.0,
335513,SEAGATE REHABILITATION AND NURSING CENTER,BROOKLYN,NY,Kings,47,2019Q1,20190215,345,0.0,0.0,0.0,89.24,89.24,0.0,69.95,69.95,0.0,0.0,0.0,0.0,209.45,192.45,17.0,778.64,754.64,24.0,0.0,0.0,0.0,0.0,0.0,0.0,
335513,SEAGATE REHABILITATION AND NURSING CENTER,BROOKLYN,NY,Kings,47,2019Q1,20190216,345,0.0,0.0,0.0,42.09,42.09,0.0,30.15,30.15,0.0,0.0,0.0,0.0,213.76,211.89,1.87,757.91,757.41,0.5,0.0,0.0,0.0,0.0,0.0,0.0,
335513,SEAGATE REHABILITATION AND NURSING CENTER,BROOKLYN,NY,Kings,47,2019Q1,20190217,345,0.0,0.0,0.0,41.75,41.75,0.0,49.05,49.05,0.0,0.0,0.0,0.0,195.14,190.14,5.0,760.23,753.23,7.0,0.0,0.0,0.0,0.0,0.0,0.0,
335513,SEAGATE REHABILITATION AND NURSING CENTER,BROOKLYN,NY,Kings,47,2019Q1,20190218,345,0.0,0.0,0.0,55.95,55.95,0.0,40.01,40.01,0.0,0.0,0.0,0.0,217.64,208.56,9.08,772.26,753.26,19.0,0.0,0.0,0.0,0.0,0.0,0.0,
335513,SEAGATE REHABILITATION AND NURSING CENTER,BROOKLYN,NY,Kings,47,2019Q1,20190219,345,0.0,0.0,0.0,84.16,84.16,0.0,46.75,46.75,0.0,0.0,0.0,0.0,225.86,211.56,14.3,782.01,763.88,18.13,0.0,0.0,0.0,0.0,0.0,0.0,
335513,SEAGATE REHABILITATION AND NURSING CENTER,BROOKLYN,NY,Kings,47,2019Q1,20190220,350,0.0,0.0,0.0,76.23,76.23,0.0,51.07,51.07,0.0,0.0,0.0,0.0,200.63,186.46,14.17,777.04,753.54,23.5,0.0,0.0,0.0,0.0,0.0,0.0,
335513,SEAGATE REHABILITATION AND NURSING CENTER,BROOKLYN,NY,Kings,47,2019Q1,20190221,351,0.0,0.0,0.0,84.48,84.48,0.0,63.0,63.0,0.0,0.0,0.0,0.0,201.37,196.37,5.0,775.52,766.77,8.75,0.0,0.0,0.0,0.0,0.0,0.0,
335513,SEAGATE REHABILITATION AND NURSING CENTER,BROOKLYN,NY,Kings,47,2019Q1,20190222,352,0.0,0.0,0.0,91.07,91.07,0.0,53.93,53.93,0.0,0.0,0.0,0.0,204.82,190.19,14.63,771.69,752.69,19.0,0.0,0.0,0.0,0.0,0.0,0.0,
335513,SEAGATE REHABILITATION AND NURSING CENTER,BROOKLYN,NY,Kings,47,2019Q1,20190223,352,0.0,0.0,0.0,42.06,42.06,0.0,30.08,30.08,0.0,0.0,0.0,0.0,205.96,191.69,14.27,761.55,747.55,14.0,0.0,0.0,0.0,0.0,0.0,0.0,
335513,SEAGATE REHABILITATION AND NURSING CENTER,BROOKLYN,NY,Kings,47,2019Q1,20190224,351,0.0,0.0,0.0,42.01,42.01,0.0,27.58,27.58,0.0,0.0,0.0,0.0,210.43,201.18,9.25,765.58,749.7,15.88,0.0,0.0,0.0,0.0,0.0,0.0,
335513,SEAGATE REHABILITATION AND NURSING CENTER,BROOKLYN,NY,Kings,47,2019Q1,20190225,352,0.0,0.0,0.0,76.93,76.93,0.0,63.5,63.5,0.0,0.0,0.0,0.0,196.03,181.55,14.48,782.44,763.44,19.0,0.0,0.0,0.0,0.0,0.0,0.0,
335513,SEAGATE REHABILITATION AND NURSING CENTER,BROOKLYN,NY,Kings,47,2019Q1,20190226,353,0.0,0.0,0.0,91.21,91.21,0.0,67.83,67.83,0.0,0.0,0.0,0.0,205.09,190.37,14.72,779.5,773.24,6.26,0.0,0.0,0.0,0.0,0.0,0.0,
335513,SEAGATE REHABILITATION AND NURSING CENTER,BROOKLYN,NY,Kings,47,2019Q1,20190227,355,0.0,0.0,0.0,90.68,90.68,0.0,58.13,58.13,0.0,0.0,0.0,0.0,206.99,194.74,12.25,796.63,772.11,24.52,0.0,0.0,0.0,0.0,0.0,0.0,
335513,SEAGATE REHABILITATION AND NURSING CENTER,BROOKLYN,NY,Kings,47,2019Q1,20190228,356,0.0,0.0,0.0,84.09,84.09,0.0,56.0,56.0,0.0,0.0,0.0,0.0,201.93,192.93,9.0,774.88,755.4,19.48,0.0,0.0,0.0,0.0,0.0,0.0,
335513,SEAGATE REHABILITATION AND NURSING CENTER,BROOKLYN,NY,Kings,47,2019Q1,20190301,353,0.0,0.0,0.0,83.86,83.86,0.0,67.87,67.87,0.0,0.0,0.0,0.0,197.35,189.72,7.63,772.07,754.52,17.55,0.0,0.0,0.0,0.0,0.0,0.0,
335513,SEAGATE REHABILITATION AND NURSING CENTER,BROOKLYN,NY,Kings,47,2019Q1,20190302,353,0.0,0.0,0.0,42.18,42.18,0.0,23.08,23.08,0.0,0.0,0.0,0.0,199.56,194.56,5.0,747.07,745.06,2.01,0.0,0.0,0.0,0.0,0.0,0.0,
335513,SEAGATE REHABILITATION AND NURSING CENTER,BROOKLYN,NY,Kings,47,2019Q1,20190303,353,0.0,0.0,0.0,44.08,44.08,0.0,34.95,34.95,0.0,0.0,0.0,0.0,191.67,184.42,7.25,754.52,747.77,6.75,0.0,0.0,0.0,0.0,0.0,0.0,
335513,SEAGATE REHABILITATION AND NURSING CENTER,BROOKLYN,NY,Kings,47,2019Q1,20190304,350,0.0,0.0,0.0,88.9,88.9,0.0,63.07,63.07,0.0,0.0,0.0,0.0,178.22,174.42,3.8,772.72,748.72,24.0,0.0,0.0,0.0,0.0,0.0,0.0,
335513,SEAGATE REHABILITATION AND NURSING CENTER,BROOKLYN,NY,Kings,47,2019Q1,20190305,349,0.0,0.0,0.0,90.98,90.98,0.0,60.9,60.9,0.0,0.0,0.0,0.0,203.89,191.76,12.13,786.66,773.34,13.32,0.0,0.0,0.0,0.0,0.0,0.0,
335513,SEAGATE REHABILITATION AND NURSING CENTER,BROOKLYN,NY,Kings,47,2019Q1,20190306,350,0.0,0.0,0.0,98.22,98.22,0.0,65.12,65.12,0.0,0.0,0.0,0.0,200.34,187.84,12.5,781.36,769.36,12.0,0.0,0.0,0.0,0.0,0.0,0.0,
335513,SEAGATE REHABILITATION AND NURSING CENTER,BROOKLYN,NY,Kings,47,2019Q1,20190307,349,0.0,0.0,0.0,90.74,90.74,0.0,63.0,63.0,0.0,0.0,0.0,0.0,195.6,186.51,9.09,792.02,771.69,20.33,0.0,0.0,0.0,0.0,0.0,0.0,
335513,SEAGATE REHABILITATION AND NURSING CENTER,BROOKLYN,NY,Kings,47,2019Q1,20190308,350,0.0,0.0,0.0,76.86,76.86,0.0,60.88,60.88,0.0,0.0,0.0,0.0,205.04,184.91,20.13,790.37,772.62,17.75,0.0,0.0,0.0,0.0,0.0,0.0,
335513,SEAGATE REHABILITATION AND NURSING CENTER,BROOKLYN,NY,Kings,47,2019Q1,20190309,350,0.0,0.0,0.0,43.7,43.7,0.0,23.83,23.83,0.0,0.0,0.0,0.0,214.3,198.02,16.28,760.24,744.24,16.0,0.0,0.0,0.0,0.0,0.0,0.0,
335513,SEAGATE REHABILITATION AND NURSING CENTER,BROOKLYN,NY,Kings,47,2019Q1,20190310,350,0.0,0.0,0.0,40.2,40.2,0.0,27.3,27.3,0.0,0.0,0.0,0.0,195.85,188.85,7.0,737.04,719.92,17.12,0.0,0.0,0.0,0.0,0.0,0.0,
335513,SEAGATE REHABILITATION AND NURSING CENTER,BROOKLYN,NY,Kings,47,2019Q1,20190311,349,0.0,0.0,0.0,91.38,91.38,0.0,55.97,55.97,0.0,0.0,0.0,0.0,194.55,187.3,7.25,773.76,758.09,15.67,0.0,0.0,0.0,0.0,0.0,0.0,
335513,SEAGATE REHABILITATION AND NURSING CENTER,BROOKLYN,NY,Kings,47,2019Q1,20190312,349,0.0,0.0,0.0,77.03,77.03,0.0,46.9,46.9,0.0,0.0,0.0,0.0,205.07,195.35,9.72,774.25,759.43,14.82,0.0,0.0,0.0,0.0,0.0,0.0,
335513,SEAGATE REHABILITATION AND NURSING CENTER,BROOKLYN,NY,Kings,47,2019Q1,20190313,348,0.0,0.0,0.0,84.2,84.2,0.0,51.1,51.1,0.0,0.0,0.0,0.0,214.02,209.02,5.0,774.7,755.7,19.0,0.0,0.0,0.0,0.0,0.0,0.0,
335513,SEAGATE REHABILITATION AND NURSING CENTER,BROOKLYN,NY,Kings,47,2019Q1,20190314,348,0.0,0.0,0.0,83.57,83.57,0.0,55.97,55.97,0.0,0.0,0.0,0.0,202.21,200.48,1.73,756.89,744.89,12.0,0.0,0.0,0.0,0.0,0.0,0.0,
335513,SEAGATE REHABILITATION AND NURSING CENTER,BROOKLYN,NY,Kings,47,2019Q1,20190315,349,0.0,0.0,0.0,84.25,84.25,0.0,39.93,39.93,0.0,0.0,0.0,0.0,217.7,205.45,12.25,758.07,743.49,14.58,0.0,0.0,0.0,0.0,0.0,0.0,
335513,SEAGATE REHABILITATION AND NURSING CENTER,BROOKLYN,NY,Kings,47,2019Q1,20190316,349,0.0,0.0,0.0,42.03,42.03,0.0,23.12,23.12,0.0,0.0,0.0,0.0,206.79,206.79,0.0,758.88,744.88,14.0,0.0,0.0,0.0,0.0,0.0,0.0,
335513,SEAGATE REHABILITATION AND NURSING CENTER,BROOKLYN,NY,Kings,47,2019Q1,20190317,348,0.0,0.0,0.0,48.88,48.88,0.0,35.03,35.03,0.0,0.0,0.0,0.0,180.93,173.93,7.0,754.09,747.09,7.0,0.0,0.0,0.0,0.0,0.0,0.0,
335513,SEAGATE REHABILITATION AND NURSING CENTER,BROOKLYN,NY,Kings,47,2019Q1,20190318,347,0.0,0.0,0.0,83.7,83.7,0.0,48.9,48.9,0.0,0.0,0.0,0.0,231.1,202.18,28.92,800.11,783.09,17.02,0.0,0.0,0.0,0.0,0.0,0.0,
335513,SEAGATE REHABILITATION AND NURSING CENTER,BROOKLYN,NY,Kings,47,2019Q1,20190319,347,0.0,0.0,0.0,84.28,84.28,0.0,53.95,53.95,0.0,0.0,0.0,0.0,210.43,201.91,8.52,789.78,773.78,16.0,0.0,0.0,0.0,0.0,0.0,0.0,
335513,SEAGATE REHABILITATION AND NURSING CENTER,BROOKLYN,NY,Kings,47,2019Q1,20190320,349,0.0,0.0,0.0,84.05,84.05,0.0,58.1,58.1,0.0,0.0,0.0,0.0,207.06,195.06,12.0,800.56,790.56,10.0,0.0,0.0,0.0,0.0,0.0,0.0,
335513,SEAGATE REHABILITATION AND NURSING CENTER,BROOKLYN,NY,Kings,47,2019Q1,20190321,347,0.0,0.0,0.0,83.97,83.97,0.0,56.03,56.03,0.0,0.0,0.0,0.0,214.33,195.06,19.27,776.51,768.09,8.42,0.0,0.0,0.0,0.0,0.0,0.0,
335513,SEAGATE REHABILITATION AND NURSING CENTER,BROOKLYN,NY,Kings,47,2019Q1,20190322,347,0.0,0.0,0.0,70.09,70.09,0.0,60.87,60.87,0.0,0.0,0.0,0.0,197.3,176.42,20.88,779.86,760.86,19.0,0.0,0.0,0.0,0.0,0.0,0.0,
335513,SEAGATE REHABILITATION AND NURSING CENTER,BROOKLYN,NY,Kings,47,2019Q1,20190323,346,0.0,0.0,0.0,48.7,48.7,0.0,23.15,23.15,0.0,0.0,0.0,0.0,214.31,205.06,9.25,771.5,755.5,16.0,0.0,0.0,0.0,0.0,0.0,0.0,
335513,SEAGATE REHABILITATION AND NURSING CENTER,BROOKLYN,NY,Kings,47,2019Q1,20190324,344,0.0,0.0,0.0,42.1,42.1,0.0,27.88,27.88,0.0,0.0,0.0,0.0,209.63,195.55,14.08,761.01,740.01,21.0,0.0,0.0,0.0,0.0,0.0,0.0,
335513,SEAGATE REHABILITATION AND NURSING CENTER,BROOKLYN,NY,Kings,47,2019Q1,20190325,345,0.0,0.0,0.0,88.78,88.78,0.0,56.12,56.12,0.0,0.0,0.0,0.0,221.24,188.06,33.18,786.72,774.72,12.0,0.0,0.0,0.0,0.0,0.0,0.0,
335513,SEAGATE REHABILITATION AND NURSING CENTER,BROOKLYN,NY,Kings,47,2019Q1,20190326,342,0.0,0.0,0.0,86.15,86.15,0.0,60.85,60.85,0.0,0.0,0.0,0.0,217.48,201.91,15.57,778.91,769.91,9.0,0.0,0.0,0.0,0.0,0.0,0.0,
335513,SEAGATE REHABILITATION AND NURSING CENTER,BROOKLYN,NY,Kings,47,2019Q1,20190327,342,0.0,0.0,0.0,91.06,91.06,0.0,43.9,43.9,0.0,0.0,0.0,0.0,207.18,202.18,5.0,781.31,764.06,17.25,0.0,0.0,0.0,0.0,0.0,0.0,
335513,SEAGATE REHABILITATION AND NURSING CENTER,BROOKLYN,NY,Kings,47,2019Q1,20190328,340,0.0,0.0,0.0,91.02,91.02,0.0,54.17,54.17,0.0,0.0,0.0,0.0,207.98,198.2,9.78,795.23,787.48,7.75,0.0,0.0,0.0,0.0,0.0,0.0,
335513,SEAGATE REHABILITATION AND NURSING CENTER,BROOKLYN,NY,Kings,47,2019Q1,20190329,348,0.0,0.0,0.0,91.1,91.1,0.0,53.9,53.9,0.0,0.0,0.0,0.0,190.78,173.53,17.25,757.78,738.78,19.0,0.0,0.0,0.0,0.0,0.0,0.0,
335513,SEAGATE REHABILITATION AND NURSING CENTER,BROOKLYN,NY,Kings,47,2019Q1,20190330,349,0.0,0.0,0.0,48.49,48.49,0.0,23.17,23.17,0.0,0.0,0.0,0.0,217.09,200.34,16.75,765.44,756.44,9.0,0.0,0.0,0.0,0.0,0.0,0.0,
335513,SEAGATE REHABILITATION AND NURSING CENTER,BROOKLYN,NY,Kings,47,2019Q1,20190331,344,0.0,0.0,0.0,49.41,49.41,0.0,25.83,25.83,0.0,0.0,0.0,0.0,203.39,181.14,22.25,765.3,758.3,7.0,0.0,0.0,0.0,0.0,0.0,0.0,
335513,SEAGATE REHABILITATION AND NURSING CENTER,BROOKLYN,NY,Kings,47,2019Q2,20190401,344,0.0,0.0,0.0,91.1,91.1,0.0,37.08,37.08,0.0,0.0,0.0,0.0,208.63,199.48,9.15,771.87,759.87,12.0,0.0,0.0,0.0,0.0,0.0,0.0,
335513,SEAGATE REHABILITATION AND NURSING CENTER,BROOKLYN,NY,Kings,47,2019Q2,20190402,344,0.0,0.0,0.0,90.85,90.85,0.0,46.92,46.92,0.0,0.0,0.0,0.0,210.35,203.65,6.7,774.98,763.0,11.98,0.0,0.0,0.0,0.0,0.0,0.0,
335513,SEAGATE REHABILITATION AND NURSING CENTER,BROOKLYN,NY,Kings,47,2019Q2,20190403,344,0.0,0.0,0.0,77.22,77.22,0.0,44.08,44.08,0.0,0.0,0.0,0.0,214.2,209.2,5.0,782.53,759.43,23.1,0.0,0.0,0.0,0.0,0.0,0.0,
335513,SEAGATE REHABILITATION AND NURSING CENTER,BROOKLYN,NY,Kings,47,2019Q2,20190404,343,0.0,0.0,0.0,84.66,84.66,0.0,49.0,49.0,0.0,0.0,0.0,0.0,194.44,192.44,2.0,767.27,759.02,8.25,0.0,0.0,0.0,0.0,0.0,0.0,
335513,SEAGATE REHABILITATION AND NURSING CENTER,BROOKLYN,NY,Kings,47,2019Q2,20190405,343,0.0,0.0,0.0,89.95,89.95,0.0,32.92,32.92,0.0,0.0,0.0,0.0,196.8,184.8,12.0,768.75,756.75,12.0,0.0,0.0,0.0,0.0,0.0,0.0,
335513,SEAGATE REHABILITATION AND NURSING CENTER,BROOKLYN,NY,Kings,47,2019Q2,20190406,345,0.0,0.0,0.0,42.25,42.25,0.0,23.08,23.08,0.0,0.0,0.0,0.0,205.84,197.12,8.72,767.44,751.44,16.0,0.0,0.0,0.0,0.0,0.0,0.0,
335513,SEAGATE REHABILITATION AND NURSING CENTER,BROOKLYN,NY,Kings,47,2019Q2,20190407,344,0.0,0.0,0.0,49.14,49.14,0.0,26.9,26.9,0.0,0.0,0.0,0.0,200.95,188.95,12.0,760.44,741.44,19.0,0.0,0.0,0.0,0.0,0.0,0.0,
335513,SEAGATE REHABILITATION AND NURSING CENTER,BROOKLYN,NY,Kings,47,2019Q2,20190408,344,0.0,0.0,0.0,97.81,97.81,0.0,57.08,57.08,0.0,0.0,0.0,0.0,201.88,192.58,9.3,771.87,759.87,12.0,0.0,0.0,0.0,0.0,0.0,0.0,
335513,SEAGATE REHABILITATION AND NURSING CENTER,BROOKLYN,NY,Kings,47,2019Q2,20190409,343,0.0,0.0,0.0,91.2,91.2,0.0,46.93,46.93,0.0,0.0,0.0,0.0,203.4,196.4,7.0,784.5,782.5,2.0,0.0,0.0,0.0,0.0,0.0,0.0,
335513,SEAGATE REHABILITATION AND NURSING CENTER,BROOKLYN,NY,Kings,47,2019Q2,20190410,343,0.0,0.0,0.0,90.9,90.9,0.0,44.32,44.32,0.0,0.0,0.0,0.0,213.01,206.69,6.32,780.84,756.71,24.13,0.0,0.0,0.0,0.0,0.0,0.0,
335513,SEAGATE REHABILITATION AND NURSING CENTER,BROOKLYN,NY,Kings,47,2019Q2,20190411,346,0.0,0.0,0.0,90.86,90.86,0.0,55.8,55.8,0.0,0.0,0.0,0.0,186.53,179.78,6.75,771.14,752.62,18.52,0.0,0.0,0.0,0.0,0.0,0.0,
335513,SEAGATE REHABILITATION AND NURSING CENTER,BROOKLYN,NY,Kings,47,2019Q2,20190412,348,0.0,0.0,0.0,84.18,84.18,0.0,60.88,60.88,0.0,0.0,0.0,0.0,195.92,183.92,12.0,758.3,734.82,23.48,0.0,0.0,0.0,0.0,0.0,0.0,
335513,SEAGATE REHABILITATION AND NURSING CENTER,BROOKLYN,NY,Kings,47,2019Q2,20190413,347,0.0,0.0,0.0,41.69,41.69,0.0,23.13,23.13,0.0,0.0,0.0,0.0,214.4,206.9,7.5,757.61,757.61,0.0,0.0,0.0,0.0,0.0,0.0,0.0,
335513,SEAGATE REHABILITATION AND NURSING CENTER,BROOKLYN,NY,Kings,47,2019Q2,20190414,346,0.0,0.0,0.0,42.33,42.33,0.0,28.03,28.03,0.0,0.0,0.0,0.0,210.41,200.03,10.38,766.19,764.19,2.0,0.0,0.0,0.0,0.0,0.0,0.0,
335513,SEAGATE REHABILITATION AND NURSING CENTER,BROOKLYN,NY,Kings,47,2019Q2,20190415,347,0.0,0.0,0.0,83.88,83.88,0.0,48.93,48.93,0.0,0.0,0.0,0.0,208.72,192.66,16.06,783.17,764.17,19.0,0.0,0.0,0.0,0.0,0.0,0.0,
335513,SEAGATE REHABILITATION AND NURSING CENTER,BROOKLYN,NY,Kings,47,2019Q2,20190416,348,0.0,0.0,0.0,76.92,76.92,0.0,49.02,49.02,0.0,0.0,0.0,0.0,201.35,190.1,11.25,766.99,754.44,12.55,0.0,0.0,0.0,0.0,0.0,0.0,
335513,SEAGATE REHABILITATION AND NURSING CENTER,BROOKLYN,NY,Kings,47,2019Q2,20190417,348,0.0,0.0,0.0,84.07,84.07,0.0,49.02,49.02,0.0,0.0,0.0,0.0,209.0,202.3,6.7,754.97,739.55,15.42,0.0,0.0,0.0,0.0,0.0,0.0,
335513,SEAGATE REHABILITATION AND NURSING CENTER,BROOKLYN,NY,Kings,47,2019Q2,20190418,348,0.0,0.0,0.0,77.0,77.0,0.0,27.97,27.97,0.0,0.0,0.0,0.0,222.18,207.6,14.58,775.04,768.64,6.4,0.0,0.0,0.0,0.0,0.0,0.0,
335513,SEAGATE REHABILITATION AND NURSING CENTER,BROOKLYN,NY,Kings,47,2019Q2,20190419,345,0.0,0.0,0.0,56.01,56.01,0.0,48.97,48.97,0.0,0.0,0.0,0.0,216.14,211.14,5.0,780.48,761.73,18.75,0.0,0.0,0.0,0.0,0.0,0.0,
335513,SEAGATE REHABILITATION AND NURSING CENTER,BROOKLYN,NY,Kings,47,2019Q2,20190420,346,0.0,0.0,0.0,41.87,41.87,0.0,18.93,18.93,0.0,0.0,0.0,0.0,196.41,189.41,7.0,767.68,751.68,16.0,0.0,0.0,0.0,0.0,0.0,0.0,
335513,SEAGATE REHABILITATION AND NURSING CENTER,BROOKLYN,NY,Kings,47,2019Q2,20190421,346,0.0,0.0,0.0,40.97,40.97,0.0,14.0,14.0,0.0,0.0,0.0,0.0,222.9,215.4,7.5,747.64,719.64,28.0,0.0,0.0,0.0,0.0,0.0,0.0,
335513,SEAGATE REHABILITATION AND NURSING CENTER,BROOKLYN,NY,Kings,47,2019Q2,20190422,347,0.0,0.0,0.0,77.89,77.89,0.0,30.07,30.07,0.0,0.0,0.0,0.0,220.11,211.23,8.88,777.24,758.24,19.0,0.0,0.0,0.0,0.0,0.0,0.0,
335513,SEAGATE REHABILITATION AND NURSING CENTER,BROOKLYN,NY,Kings,47,2019Q2,20190423,349,0.0,0.0,0.0,77.16,77.16,0.0,35.0,35.0,0.0,0.0,0.0,0.0,215.67,201.82,13.85,771.86,762.86,9.0,0.0,0.0,0.0,0.0,0.0,0.0,
335513,SEAGATE REHABILITATION AND NURSING CENTER,BROOKLYN,NY,Kings,47,2019Q2,20190424,349,0.0,0.0,0.0,77.16,77.16,0.0,42.0,42.0,0.0,0.0,0.0,0.0,207.27,202.27,5.0,768.85,748.68,20.17,0.0,0.0,0.0,0.0,0.0,0.0,
335513,SEAGATE REHABILITATION AND NURSING CENTER,BROOKLYN,NY,Kings,47,2019Q2,20190425,346,0.0,0.0,0.0,84.04,84.04,0.0,48.98,48.98,0.0,0.0,0.0,0.0,200.59,198.59,2.0,762.61,744.61,18.0,0.0,0.0,0.0,0.0,0.0,0.0,
335513,SEAGATE REHABILITATION AND NURSING CENTER,BROOKLYN,NY,Kings,47,2019Q2,20190426,344,0.0,0.0,0.0,62.91,62.91,0.0,42.0,42.0,0.0,0.0,0.0,0.0,208.79,201.04,7.75,763.67,744.67,19.0,0.0,0.0,0.0,0.0,0.0,0.0,
335513,SEAGATE REHABILITATION AND NURSING CENTER,BROOKLYN,NY,Kings,47,2019Q2,20190427,345,0.0,0.0,0.0,41.92,41.92,0.0,27.98,27.98,0.0,0.0,0.0,0.0,175.58,148.33,27.25,746.07,744.07,2.0,0.0,0.0,0.0,0.0,0.0,0.0,
335513,SEAGATE REHABILITATION AND NURSING CENTER,BROOKLYN,NY,Kings,47,2019Q2,20190428,344,0.0,0.0,0.0,42.98,42.98,0.0,28.1,28.1,0.0,0.0,0.0,0.0,168.26,160.71,7.55,765.14,752.39,12.75,0.0,0.0,0.0,0.0,0.0,0.0,
335513,SEAGATE REHABILITATION AND NURSING CENTER,BROOKLYN,NY,Kings,47,2019Q2,20190429,345,0.0,0.0,0.0,83.12,83.12,0.0,55.98,55.98,0.0,0.0,0.0,0.0,187.12,187.12,0.0,762.76,739.81,22.95,0.0,0.0,0.0,0.0,0.0,0.0,
335513,SEAGATE REHABILITATION AND NURSING CENTER,BROOKLYN,NY,Kings,47,2019Q2,20190430,344,0.0,0.0,0.0,91.01,91.01,0.0,48.93,48.93,0.0,0.0,0.0,0.0,208.03,201.03,7.0,776.06,760.06,16.0,0.0,0.0,0.0,0.0,0.0,0.0,
335513,SEAGATE REHABILITATION AND NURSING CENTER,BROOKLYN,NY,Kings,47,2019Q2,20190501,342,0.0,0.0,0.0,91.05,91.05,0.0,51.22,51.22,0.0,0.0,0.0,0.0,206.03,198.93,7.1,764.54,756.51,8.03,0.0,0.0,0.0,0.0,0.0,0.0,
335513,SEAGATE REHABILITATION AND NURSING CENTER,BROOKLYN,NY,Kings,47,2019Q2,20190502,342,0.0,0.0,0.0,90.88,90.88,0.0,48.88,48.88,0.0,0.0,0.0,0.0,210.03,193.13,16.9,778.88,764.38,14.5,0.0,0.0,0.0,0.0,0.0,0.0,
335513,SEAGATE REHABILITATION AND NURSING CENTER,BROOKLYN,NY,Kings,47,2019Q2,20190503,345,0.0,0.0,0.0,83.82,83.82,0.0,60.88,60.88,0.0,0.0,0.0,0.0,190.59,169.19,21.4,788.78,762.28,26.5,0.0,0.0,0.0,0.0,0.0,0.0,
335513,SEAGATE REHABILITATION AND NURSING CENTER,BROOKLYN,NY,Kings,47,2019Q2,20190504,346,0.0,0.0,0.0,42.09,42.09,0.0,21.14,21.14,0.0,0.0,0.0,0.0,216.75,198.03,18.72,759.43,743.8,15.63,0.0,0.0,0.0,0.0,0.0,0.0,
335513,SEAGATE REHABILITATION AND NURSING CENTER,BROOKLYN,NY,Kings,47,2019Q2,20190505,345,0.0,0.0,0.0,42.41,42.41,0.0,20.85,20.85,0.0,0.0,0.0,0.0,209.88,183.63,26.25,750.92,729.99,20.93,0.0,0.0,0.0,0.0,0.0,0.0,
335513,SEAGATE REHABILITATION AND NURSING CENTER,BROOKLYN,NY,Kings,47,2019Q2,20190506,345,0.0,0.0,0.0,83.77,83.77,0.0,58.23,58.23,0.0,0.0,0.0,0.0,186.47,174.47,12.0,769.65,750.67,18.98,0.0,0.0,0.0,0.0,0.0,0.0,
335513,SEAGATE REHABILITATION AND NURSING CENTER,BROOKLYN,NY,Kings,47,2019Q2,20190507,346,0.0,0.0,0.0,83.85,83.85,0.0,46.81,46.81,0.0,0.0,0.0,0.0,189.7,189.7,0.0,790.75,784.23,6.52,0.0,0.0,0.0,0.0,0.0,0.0,
335513,SEAGATE REHABILITATION AND NURSING CENTER,BROOKLYN,NY,Kings,47,2019Q2,20190508,348,0.0,0.0,0.0,83.83,83.83,0.0,58.1,58.1,0.0,0.0,0.0,0.0,199.46,197.79,1.67,794.37,777.52,16.85,0.0,0.0,0.0,0.0,0.0,0.0,
335513,SEAGATE REHABILITATION AND NURSING CENTER,BROOKLYN,NY,Kings,47,2019Q2,20190509,349,0.0,0.0,0.0,84.42,84.42,0.0,68.05,68.05,0.0,0.0,0.0,0.0,196.71,181.13,15.58,775.51,759.51,16.0,0.0,0.0,0.0,0.0,0.0,0.0,
335513,SEAGATE REHABILITATION AND NURSING CENTER,BROOKLYN,NY,Kings,47,2019Q2,20190510,347,0.0,0.0,0.0,84.1,84.1,0.0,41.86,41.86,0.0,0.0,0.0,0.0,207.95,190.45,17.5,781.52,764.52,17.0,0.0,0.0,0.0,0.0,0.0,0.0,
335513,SEAGATE REHABILITATION AND NURSING CENTER,BROOKLYN,NY,Kings,47,2019Q2,20190511,347,0.0,0.0,0.0,41.67,41.67,0.0,23.08,23.08,0.0,0.0,0.0,0.0,206.87,191.87,15.0,752.08,752.08,0.0,0.0,0.0,0.0,0.0,0.0,0.0,
335513,SEAGATE REHABILITATION AND NURSING CENTER,BROOKLYN,NY,Kings,47,2019Q2,20190512,346,0.0,0.0,0.0,48.99,48.99,0.0,35.04,35.04,0.0,0.0,0.0,0.0,178.99,171.24,7.75,731.24,729.24,2.0,0.0,0.0,0.0,0.0,0.0,0.0,
335513,SEAGATE REHABILITATION AND NURSING CENTER,BROOKLYN,NY,Kings,47,2019Q2,20190513,345,0.0,0.0,0.0,83.7,83.7,0.0,53.85,53.85,0.0,0.0,0.0,0.0,204.91,196.06,8.85,779.29,753.69,25.6,0.0,0.0,0.0,0.0,0.0,0.0,
335513,SEAGATE REHABILITATION AND NURSING CENTER,BROOKLYN,NY,Kings,47,2019Q2,20190514,347,0.0,0.0,0.0,84.33,84.33,0.0,56.02,56.02,0.0,0.0,0.0,0.0,209.27,204.27,5.0,777.66,756.84,20.82,0.0,0.0,0.0,0.0,0.0,0.0,
335513,SEAGATE REHABILITATION AND NURSING CENTER,BROOKLYN,NY,Kings,47,2019Q2,20190515,347,0.0,0.0,0.0,77.1,77.1,0.0,58.0,58.0,0.0,0.0,0.0,0.0,206.33,206.33,0.0,785.83,768.83,17.0,0.0,0.0,0.0,0.0,0.0,0.0,
335513,SEAGATE REHABILITATION AND NURSING CENTER,BROOKLYN,NY,Kings,47,2019Q2,20190516,350,0.0,0.0,0.0,77.1,77.1,0.0,63.1,63.1,0.0,0.0,0.0,0.0,194.55,185.38,9.17,789.23,769.15,20.08,0.0,0.0,0.0,0.0,0.0,0.0,
335513,SEAGATE REHABILITATION AND NURSING CENTER,BROOKLYN,NY,Kings,47,2019Q2,20190517,349,0.0,0.0,0.0,84.02,84.02,0.0,46.88,46.88,0.0,0.0,0.0,0.0,202.93,189.93,13.0,773.59,755.79,17.8,0.0,0.0,0.0,0.0,0.0,0.0,
335513,SEAGATE REHABILITATION AND NURSING CENTER,BROOKLYN,NY,Kings,47,2019Q2,20190518,347,0.0,0.0,0.0,41.46,41.46,0.0,13.97,13.97,0.0,0.0,0.0,0.0,201.84,192.66,9.18,754.3,738.3,16.0,0.0,0.0,0.0,0.0,0.0,0.0,
335513,SEAGATE REHABILITATION AND NURSING CENTER,BROOKLYN,NY,Kings,47,2019Q2,20190519,346,0.0,0.0,0.0,49.08,49.08,0.0,28.12,28.12,0.0,0.0,0.0,0.0,207.24,195.24,12.0,745.93,724.93,21.0,0.0,0.0,0.0,0.0,0.0,0.0,
335513,SEAGATE REHABILITATION AND NURSING CENTER,BROOKLYN,NY,Kings,47,2019Q2,20190520,349,7.0,7.0,0.0,84.35,84.35,0.0,51.02,51.02,0.0,0.0,0.0,0.0,190.38,181.08,9.3,767.86,755.86,12.0,0.0,0.0,0.0,0.0,0.0,0.0,
335513,SEAGATE REHABILITATION AND NURSING CENTER,BROOKLYN,NY,Kings,47,2019Q2,20190521,351,7.0,7.0,0.0,91.03,91.03,0.0,53.9,53.9,0.0,0.0,0.0,0.0,204.72,197.94,6.78,784.68,784.03,0.65,0.0,0.0,0.0,0.0,0.0,0.0,
335513,SEAGATE REHABILITATION AND NURSING CENTER,BROOKLYN,NY,Kings,47,2019Q2,20190522,351,7.0,7.0,0.0,90.95,90.95,0.0,51.02,51.02,0.0,0.0,0.0,0.0,213.55,206.48,7.07,784.78,769.98,14.8,0.0,0.0,0.0,0.0,0.0,0.0,
335513,SEAGATE REHABILITATION AND NURSING CENTER,BROOKLYN,NY,Kings,47,2019Q2,20190523,352,7.0,7.0,0.0,83.91,83.91,0.0,44.93,44.93,0.0,0.0,0.0,0.0,224.29,207.97,16.32,771.73,757.76,13.97,0.0,0.0,0.0,0.0,0.0,0.0,
335513,SEAGATE REHABILITATION AND NURSING CENTER,BROOKLYN,NY,Kings,47,2019Q2,20190524,354,7.0,7.0,0.0,90.66,90.66,0.0,37.03,37.03,0.0,0.0,0.0,0.0,220.41,203.41,17.0,777.35,755.9,21.45,0.0,0.0,0.0,0.0,0.0,0.0,
335513,SEAGATE REHABILITATION AND NURSING CENTER,BROOKLYN,NY,Kings,47,2019Q2,20190525,355,0.0,0.0,0.0,42.55,42.55,0.0,30.1,30.1,0.0,0.0,0.0,0.0,198.87,177.34,21.53,764.61,764.61,0.0,0.0,0.0,0.0,0.0,0.0,0.0,
335513,SEAGATE REHABILITATION AND NURSING CENTER,BROOKLYN,NY,Kings,47,2019Q2,20190526,355,0.0,0.0,0.0,41.68,41.68,0.0,35.04,35.04,0.0,0.0,0.0,0.0,176.47,176.47,0.0,760.19,751.19,9.0,0.0,0.0,0.0,0.0,0.0,0.0,
335513,SEAGATE REHABILITATION AND NURSING CENTER,BROOKLYN,NY,Kings,47,2019Q2,20190527,354,7.0,7.0,0.0,49.13,49.13,0.0,32.91,32.91,0.0,0.0,0.0,0.0,217.79,201.99,15.8,761.0,749.0,12.0,0.0,0.0,0.0,0.0,0.0,0.0,
335513,SEAGATE REHABILITATION AND NURSING CENTER,BROOKLYN,NY,Kings,47,2019Q2,20190528,355,7.0,7.0,0.0,76.75,76.75,0.0,41.92,41.92,0.0,0.0,0.0,0.0,222.69,217.69,5.0,780.08,764.68,15.4,0.0,0.0,0.0,0.0,0.0,0.0,
335513,SEAGATE REHABILITATION AND NURSING CENTER,BROOKLYN,NY,Kings,47,2019Q2,20190529,355,7.0,7.0,0.0,84.4,84.4,0.0,51.03,51.03,0.0,0.0,0.0,0.0,206.69,206.69,0.0,780.55,763.3,17.25,0.0,0.0,0.0,0.0,0.0,0.0,
335513,SEAGATE REHABILITATION AND NURSING CENTER,BROOKLYN,NY,Kings,47,2019Q2,20190530,354,7.0,7.0,0.0,83.72,83.72,0.0,49.07,49.07,0.0,0.0,0.0,0.0,216.78,207.61,9.17,774.87,770.64,4.23,0.0,0.0,0.0,0.0,0.0,0.0,
335513,SEAGATE REHABILITATION AND NURSING CENTER,BROOKLYN,NY,Kings,47,2019Q2,20190531,351,7.0,7.0,0.0,84.15,84.15,0.0,39.73,39.73,0.0,0.0,0.0,0.0,217.23,204.98,12.25,771.64,747.64,24.0,0.0,0.0,0.0,0.0,0.0,0.0,
335513,SEAGATE REHABILITATION AND NURSING CENTER,BROOKLYN,NY,Kings,47,2019Q2,20190601,351,0.0,0.0,0.0,40.1,40.1,0.0,28.09,28.09,0.0,0.0,0.0,0.0,202.16,193.24,8.92,759.87,744.84,15.03,0.0,0.0,0.0,0.0,0.0,0.0,
335513,SEAGATE REHABILITATION AND NURSING CENTER,BROOKLYN,NY,Kings,47,2019Q2,20190602,351,0.0,0.0,0.0,37.05,37.05,0.0,27.93,27.93,0.0,0.0,0.0,0.0,209.51,197.26,12.25,768.44,740.44,28.0,0.0,0.0,0.0,0.0,0.0,0.0,
335513,SEAGATE REHABILITATION AND NURSING CENTER,BROOKLYN,NY,Kings,47,2019Q2,20190603,353,7.0,7.0,0.0,84.02,84.02,0.0,36.96,36.96,0.0,0.0,0.0,0.0,227.4,220.4,7.0,784.08,758.1,25.98,0.0,0.0,0.0,0.0,0.0,0.0,
335513,SEAGATE REHABILITATION AND NURSING CENTER,BROOKLYN,NY,Kings,47,2019Q2,20190604,352,7.0,7.0,0.0,83.98,83.98,0.0,46.92,46.92,0.0,0.0,0.0,0.0,216.8,209.8,7.0,769.33,758.16,11.17,0.0,0.0,0.0,0.0,0.0,0.0,
335513,SEAGATE REHABILITATION AND NURSING CENTER,BROOKLYN,NY,Kings,47,2019Q2,20190605,350,7.0,7.0,0.0,83.93,83.93,0.0,57.89,57.89,0.0,0.0,0.0,0.0,207.07,207.07,0.0,786.44,765.44,21.0,0.0,0.0,0.0,0.0,0.0,0.0,
335513,SEAGATE REHABILITATION AND NURSING CENTER,BROOKLYN,NY,Kings,47,2019Q2,20190606,351,7.0,7.0,0.0,77.02,77.02,0.0,46.93,46.93,0.0,0.0,0.0,0.0,217.12,207.92,9.2,774.66,762.49,12.17,0.0,0.0,0.0,0.0,0.0,0.0,
335513,SEAGATE REHABILITATION AND NURSING CENTER,BROOKLYN,NY,Kings,47,2019Q2,20190607,355,7.0,7.0,0.0,90.8,90.8,0.0,48.91,48.91,0.0,0.0,0.0,0.0,209.46,195.21,14.25,777.82,758.82,19.0,0.0,0.0,0.0,0.0,0.0,0.0,
335513,SEAGATE REHABILITATION AND NURSING CENTER,BROOKLYN,NY,Kings,47,2019Q2,20190608,353,0.0,0.0,0.0,41.83,41.83,0.0,27.87,27.87,0.0,0.0,0.0,0.0,214.61,186.76,27.85,767.74,760.74,7.0,0.0,0.0,0.0,0.0,0.0,0.0,
335513,SEAGATE REHABILITATION AND NURSING CENTER,BROOKLYN,NY,Kings,47,2019Q2,20190609,353,0.0,0.0,0.0,42.38,42.38,0.0,28.13,28.13,0.0,0.0,0.0,0.0,182.99,169.37,13.62,765.81,765.81,0.0,0.0,0.0,0.0,0.0,0.0,0.0,
335513,SEAGATE REHABILITATION AND NURSING CENTER,BROOKLYN,NY,Kings,47,2019Q2,20190610,354,7.0,7.0,0.0,82.96,82.96,0.0,41.94,41.94,0.0,0.0,0.0,0.0,222.73,210.73,12.0,783.31,764.31,19.0,0.0,0.0,0.0,0.0,0.0,0.0,
335513,SEAGATE REHABILITATION AND NURSING CENTER,BROOKLYN,NY,Kings,47,2019Q2,20190611,353,7.0,7.0,0.0,91.86,91.86,0.0,41.96,41.96,0.0,0.0,0.0,0.0,216.22,206.97,9.25,794.75,771.95,22.8,0.0,0.0,0.0,0.0,0.0,0.0,
335513,SEAGATE REHABILITATION AND NURSING CENTER,BROOKLYN,NY,Kings,47,2019Q2,20190612,355,7.0,7.0,0.0,90.92,90.92,0.0,58.01,58.01,0.0,0.0,0.0,0.0,206.22,201.22,5.0,783.2,761.97,21.23,0.0,0.0,0.0,0.0,0.0,0.0,
335513,SEAGATE REHABILITATION AND NURSING CENTER,BROOKLYN,NY,Kings,47,2019Q2,20190613,356,7.0,7.0,0.0,91.3,91.3,0.0,55.97,55.97,0.0,0.0,0.0,0.0,213.53,204.26,9.27,783.92,770.94,12.98,0.0,0.0,0.0,0.0,0.0,0.0,
335513,SEAGATE REHABILITATION AND NURSING CENTER,BROOKLYN,NY,Kings,47,2019Q2,20190614,353,7.0,7.0,0.0,90.96,90.96,0.0,46.92,46.92,0.0,0.0,0.0,0.0,199.57,185.17,14.4,772.59,749.59,23.0,0.0,0.0,0.0,0.0,0.0,0.0,
335513,SEAGATE REHABILITATION AND NURSING CENTER,BROOKLYN,NY,Kings,47,2019Q2,20190615,353,0.0,0.0,0.0,42.09,42.09,0.0,28.0,28.0,0.0,0.0,0.0,0.0,201.35,186.5,14.85,753.99,739.99,14.0,0.0,0.0,0.0,0.0,0.0,0.0,
335513,SEAGATE REHABILITATION AND NURSING CENTER,BROOKLYN,NY,Kings,47,2019Q2,20190616,354,0.0,0.0,0.0,41.82,41.82,0.0,30.1,30.1,0.0,0.0,0.0,0.0,212.12,195.12,17.0,765.01,749.01,16.0,0.0,0.0,0.0,0.0,0.0,0.0,
335513,SEAGATE REHABILITATION AND NURSING CENTER,BROOKLYN,NY,Kings,47,2019Q2,20190617,356,7.0,7.0,0.0,91.0,91.0,0.0,55.18,55.18,0.0,0.0,0.0,0.0,197.85,187.8,10.05,777.94,762.87,15.07,0.0,0.0,0.0,0.0,0.0,0.0,
335513,SEAGATE REHABILITATION AND NURSING CENTER,BROOKLYN,NY,Kings,47,2019Q2,20190618,355,7.0,7.0,0.0,77.1,77.1,0.0,53.78,53.78,0.0,0.0,0.0,0.0,216.18,208.68,7.5,785.15,769.15,16.0,0.0,0.0,0.0,0.0,0.0,0.0,
335513,SEAGATE REHABILITATION AND NURSING CENTER,BROOKLYN,NY,Kings,47,2019Q2,20190619,353,7.0,7.0,0.0,83.98,83.98,0.0,58.05,58.05,0.0,0.0,0.0,0.0,198.88,193.88,5.0,783.82,765.57,18.25,0.0,0.0,0.0,0.0,0.0,0.0,
335513,SEAGATE REHABILITATION AND NURSING CENTER,BROOKLYN,NY,Kings,47,2019Q2,20190620,352,7.0,7.0,0.0,76.95,76.95,0.0,39.83,39.83,0.0,0.0,0.0,0.0,216.37,204.04,12.33,759.19,757.19,2.0,0.0,0.0,0.0,0.0,0.0,0.0,
335513,SEAGATE REHABILITATION AND NURSING CENTER,BROOKLYN,NY,Kings,47,2019Q2,20190621,350,7.0,7.0,0.0,69.73,69.73,0.0,55.88,55.88,0.0,0.0,0.0,0.0,209.48,188.55,20.93,748.32,728.82,19.5,0.0,0.0,0.0,0.0,0.0,0.0,
335513,SEAGATE REHABILITATION AND NURSING CENTER,BROOKLYN,NY,Kings,47,2019Q2,20190622,351,0.0,0.0,0.0,41.83,41.83,0.0,37.05,37.05,0.0,0.0,0.0,0.0,200.45,180.7,19.75,765.57,758.57,7.0,0.0,0.0,0.0,0.0,0.0,0.0,
335513,SEAGATE REHABILITATION AND NURSING CENTER,BROOKLYN,NY,Kings,47,2019Q2,20190623,349,0.0,0.0,0.0,42.35,42.35,0.0,41.99,41.99,0.0,0.0,0.0,0.0,184.35,169.77,14.58,748.17,746.17,2.0,0.0,0.0,0.0,0.0,0.0,0.0,
335513,SEAGATE REHABILITATION AND NURSING CENTER,BROOKLYN,NY,Kings,47,2019Q2,20190624,350,7.0,7.0,0.0,84.03,84.03,0.0,32.98,32.98,0.0,0.0,0.0,0.0,184.91,183.13,1.78,786.64,769.71,16.93,0.0,0.0,0.0,0.0,0.0,0.0,
335513,SEAGATE REHABILITATION AND NURSING CENTER,BROOKLYN,NY,Kings,47,2019Q2,20190625,356,7.0,7.0,0.0,83.89,83.89,0.0,48.89,48.89,0.0,0.0,0.0,0.0,215.95,210.95,5.0,785.32,772.92,12.4,0.0,0.0,0.0,0.0,0.0,0.0,
335513,SEAGATE REHABILITATION AND NURSING CENTER,BROOKLYN,NY,Kings,47,2019Q2,20190626,354,7.0,7.0,0.0,77.16,77.16,0.0,51.08,51.08,0.0,0.0,0.0,0.0,199.36,199.36,0.0,782.85,754.07,28.78,0.0,0.0,0.0,0.0,0.0,0.0,
335513,SEAGATE REHABILITATION AND NURSING CENTER,BROOKLYN,NY,Kings,47,2019Q2,20190627,354,7.0,7.0,0.0,69.98,69.98,0.0,48.97,48.97,0.0,0.0,0.0,0.0,216.06,206.91,9.15,764.01,750.11,13.9,0.0,0.0,0.0,0.0,0.0,0.0,
335513,SEAGATE REHABILITATION AND NURSING CENTER,BROOKLYN,NY,Kings,47,2019Q2,20190628,352,7.0,7.0,0.0,83.48,83.48,0.0,46.63,46.63,0.0,0.0,0.0,0.0,203.38,191.13,12.25,773.57,754.57,19.0,0.0,0.0,0.0,0.0,0.0,0.0,
335513,SEAGATE REHABILITATION AND NURSING CENTER,BROOKLYN,NY,Kings,47,2019Q2,20190629,351,0.0,0.0,0.0,42.02,42.02,0.0,20.73,20.73,0.0,0.0,0.0,0.0,213.91,205.23,8.68,762.78,746.78,16.0,0.0,0.0,0.0,0.0,0.0,0.0,
335513,SEAGATE REHABILITATION AND NURSING CENTER,BROOKLYN,NY,Kings,47,2019Q2,20190630,351,0.0,0.0,0.0,42.47,42.47,0.0,23.48,23.48,0.0,0.0,0.0,0.0,211.07,197.37,13.7,747.73,726.73,21.0,0.0,0.0,0.0,0.0,0.0,0.0,
335513,SEAGATE REHABILITATION AND NURSING CENTER,BROOKLYN,NY,Kings,47,2019Q3,20190701,349,7.0,7.0,0.0,84.05,84.05,0.0,39.19,39.19,0.0,0.0,0.0,0.0,202.92,200.62,2.3,783.81,763.79,20.02,0.0,0.0,0.0,0.0,0.0,0.0,
335513,SEAGATE REHABILITATION AND NURSING CENTER,BROOKLYN,NY,Kings,47,2019Q3,20190702,352,7.0,7.0,0.0,84.06,84.06,0.0,46.83,46.83,0.0,0.0,0.0,0.0,188.41,181.61,6.8,780.46,767.68,12.78,0.0,0.0,0.0,0.0,0.0,0.0,
335513,SEAGATE REHABILITATION AND NURSING CENTER,BROOKLYN,NY,Kings,47,2019Q3,20190703,351,7.0,7.0,0.0,76.93,76.93,0.0,43.87,43.87,0.0,0.0,0.0,0.0,207.39,199.97,7.42,800.79,791.64,9.15,0.0,0.0,0.0,0.0,0.0,0.0,
335513,SEAGATE REHABILITATION AND NURSING CENTER,BROOKLYN,NY,Kings,47,2019Q3,20190704,351,0.0,0.0,0.0,41.76,41.76,0.0,39.38,39.38,0.0,0.0,0.0,0.0,208.41,203.41,5.0,757.32,742.12,15.2,0.0,0.0,0.0,0.0,0.0,0.0,
335513,SEAGATE REHABILITATION AND NURSING CENTER,BROOKLYN,NY,Kings,47,2019Q3,20190705,353,7.0,7.0,0.0,91.22,91.22,0.0,42.37,42.37,0.0,0.0,0.0,0.0,202.81,200.91,1.9,782.24,761.24,21.0,0.0,0.0,0.0,0.0,0.0,0.0,
335513,SEAGATE REHABILITATION AND NURSING CENTER,BROOKLYN,NY,Kings,47,2019Q3,20190706,349,0.0,0.0,0.0,42.03,42.03,0.0,29.73,29.73,0.0,0.0,0.0,0.0,193.51,181.68,11.83,765.76,760.76,5.0,0.0,0.0,0.0,0.0,0.0,0.0,
335513,SEAGATE REHABILITATION AND NURSING CENTER,BROOKLYN,NY,Kings,47,2019Q3,20190707,349,0.0,0.0,0.0,42.22,42.22,0.0,42.46,42.46,0.0,0.0,0.0,0.0,187.25,187.25,0.0,759.64,759.64,0.0,0.0,0.0,0.0,0.0,0.0,0.0,
335513,SEAGATE REHABILITATION AND NURSING CENTER,BROOKLYN,NY,Kings,47,2019Q3,20190708,350,7.0,7.0,0.0,76.78,76.78,0.0,41.75,41.75,0.0,0.0,0.0,0.0,210.38,210.38,0.0,786.3,767.25,19.05,0.0,0.0,0.0,0.0,0.0,0.0,
335513,SEAGATE REHABILITATION AND NURSING CENTER,BROOKLYN,NY,Kings,47,2019Q3,20190709,350,7.0,7.0,0.0,76.93,76.93,0.0,25.9,25.9,0.0,0.0,0.0,0.0,214.14,214.14,0.0,795.36,767.69,27.67,0.0,0.0,0.0,0.0,0.0,0.0,
335513,SEAGATE REHABILITATION AND NURSING CENTER,BROOKLYN,NY,Kings,47,2019Q3,20190710,351,7.0,7.0,0.0,77.12,77.12,0.0,51.0,51.0,0.0,0.0,0.0,0.0,199.45,199.45,0.0,811.11,790.91,20.2,0.0,0.0,0.0,0.0,0.0,0.0,
335513,SEAGATE REHABILITATION AND NURSING CENTER,BROOKLYN,NY,Kings,47,2019Q3,20190711,351,7.0,7.0,0.0,77.0,77.0,0.0,42.1,42.1,0.0,0.0,0.0,0.0,192.49,192.49,0.0,781.4,767.4,14.0,0.0,0.0,0.0,0.0,0.0,0.0,
335513,SEAGATE REHABILITATION AND NURSING CENTER,BROOKLYN,NY,Kings,47,2019Q3,20190712,355,7.0,7.0,0.0,83.72,83.72,0.0,39.62,39.62,0.0,0.0,0.0,0.0,183.58,174.33,9.25,783.99,765.84,18.15,0.0,0.0,0.0,0.0,0.0,0.0,
335513,SEAGATE REHABILITATION AND NURSING CENTER,BROOKLYN,NY,Kings,47,2019Q3,20190713,356,0.0,0.0,0.0,42.0,42.0,0.0,27.94,27.94,0.0,0.0,0.0,0.0,193.54,179.29,14.25,752.27,724.27,28.0,0.0,0.0,0.0,0.0,0.0,0.0,
335513,SEAGATE REHABILITATION AND NURSING CENTER,BROOKLYN,NY,Kings,47,2019Q3,20190714,354,0.0,0.0,0.0,42.18,42.18,0.0,28.24,28.24,0.0,0.0,0.0,0.0,202.94,195.61,7.33,747.43,726.43,21.0,0.0,0.0,0.0,0.0,0.0,0.0,
335513,SEAGATE REHABILITATION AND NURSING CENTER,BROOKLYN,NY,Kings,47,2019Q3,20190715,353,7.0,7.0,0.0,69.5,69.5,0.0,36.75,36.75,0.0,0.0,0.0,0.0,209.07,204.07,5.0,792.02,768.02,24.0,0.0,0.0,0.0,0.0,0.0,0.0,
335513,SEAGATE REHABILITATION AND NURSING CENTER,BROOKLYN,NY,Kings,47,2019Q3,20190716,355,7.0,7.0,0.0,77.58,77.58,0.0,39.89,39.89,0.0,0.0,0.0,0.0,217.15,217.15,0.0,777.84,772.26,5.58,0.0,0.0,0.0,0.0,0.0,0.0,
335513,SEAGATE REHABILITATION AND NURSING CENTER,BROOKLYN,NY,Kings,47,2019Q3,20190717,357,7.0,7.0,0.0,69.81,69.81,0.0,44.08,44.08,0.0,0.0,0.0,0.0,214.08,214.08,0.0,785.44,769.51,15.93,0.0,0.0,0.0,0.0,0.0,0.0,
335513,SEAGATE REHABILITATION AND NURSING CENTER,BROOKLYN,NY,Kings,47,2019Q3,20190718,358,7.0,7.0,0.0,77.19,77.19,0.0,44.82,44.82,0.0,0.0,0.0,0.0,209.68,209.68,0.0,786.85,766.15,20.7,0.0,0.0,0.0,0.0,0.0,0.0,
335513,SEAGATE REHABILITATION AND NURSING CENTER,BROOKLYN,NY,Kings,47,2019Q3,20190719,359,7.0,7.0,0.0,76.93,76.93,0.0,30.01,30.01,0.0,0.0,0.0,0.0,215.09,213.02,2.07,799.32,773.85,25.47,0.0,0.0,0.0,0.0,0.0,0.0,
335513,SEAGATE REHABILITATION AND NURSING CENTER,BROOKLYN,NY,Kings,47,2019Q3,20190720,360,0.0,0.0,0.0,42.09,42.09,0.0,30.07,30.07,0.0,0.0,0.0,0.0,191.89,186.89,5.0,774.12,762.12,12.0,0.0,0.0,0.0,0.0,0.0,0.0,
335513,SEAGATE REHABILITATION AND NURSING CENTER,BROOKLYN,NY,Kings,47,2019Q3,20190721,360,0.0,0.0,0.0,41.58,41.58,0.0,35.08,35.08,0.0,0.0,0.0,0.0,161.62,151.62,10.0,763.55,761.55,2.0,0.0,0.0,0.0,0.0,0.0,0.0,
335513,SEAGATE REHABILITATION AND NURSING CENTER,BROOKLYN,NY,Kings,47,2019Q3,20190722,360,7.0,7.0,0.0,77.2,77.2,0.0,39.89,39.89,0.0,0.0,0.0,0.0,208.63,201.8,6.83,781.44,765.04,16.4,0.0,0.0,0.0,0.0,0.0,0.0,
335513,SEAGATE REHABILITATION AND NURSING CENTER,BROOKLYN,NY,Kings,47,2019Q3,20190723,360,7.0,7.0,0.0,77.27,77.27,0.0,41.93,41.93,0.0,0.0,0.0,0.0,210.78,203.83,6.95,778.67,757.67,21.0,0.0,0.0,0.0,0.0,0.0,0.0,
335513,SEAGATE REHABILITATION AND NURSING CENTER,BROOKLYN,NY,Kings,47,2019Q3,20190724,359,7.0,7.0,0.0,77.0,77.0,0.0,51.17,51.17,0.0,0.0,0.0,0.0,200.15,195.15,5.0,784.75,761.18,23.57,0.0,0.0,0.0,0.0,0.0,0.0,
335513,SEAGATE REHABILITATION AND NURSING CENTER,BROOKLYN,NY,Kings,47,2019Q3,20190725,360,7.0,7.0,0.0,69.97,69.97,0.0,55.97,55.97,0.0,0.0,0.0,0.0,185.28,183.78,1.5,784.4,771.3,13.1,0.0,0.0,0.0,0.0,0.0,0.0,
335513,SEAGATE REHABILITATION AND NURSING CENTER,BROOKLYN,NY,Kings,47,2019Q3,20190726,360,7.0,7.0,0.0,63.07,63.07,0.0,30.82,30.82,0.0,0.0,0.0,0.0,208.07,203.07,5.0,781.97,758.95,23.02,0.0,0.0,0.0,0.0,0.0,0.0,
335513,SEAGATE REHABILITATION AND NURSING CENTER,BROOKLYN,NY,Kings,47,2019Q3,20190727,358,0.0,0.0,0.0,41.94,41.94,0.0,22.98,22.98,0.0,0.0,0.0,0.0,205.42,205.42,0.0,761.54,745.54,16.0,0.0,0.0,0.0,0.0,0.0,0.0,
335513,SEAGATE REHABILITATION AND NURSING CENTER,BROOKLYN,NY,Kings,47,2019Q3,20190728,358,0.0,0.0,0.0,40.25,40.25,0.0,33.62,33.62,0.0,0.0,0.0,0.0,201.3,201.3,0.0,755.32,736.32,19.0,0.0,0.0,0.0,0.0,0.0,0.0,
335513,SEAGATE REHABILITATION AND NURSING CENTER,BROOKLYN,NY,Kings,47,2019Q3,20190729,356,7.0,7.0,0.0,64.88,64.88,0.0,41.63,41.63,0.0,0.0,0.0,0.0,206.45,206.45,0.0,779.53,761.01,18.52,0.0,0.0,0.0,0.0,0.0,0.0,
335513,SEAGATE REHABILITATION AND NURSING CENTER,BROOKLYN,NY,Kings,47,2019Q3,20190730,355,7.0,7.0,0.0,70.23,70.23,0.0,46.84,46.84,0.0,0.0,0.0,0.0,198.73,198.73,0.0,783.75,777.25,6.5,0.0,0.0,0.0,0.0,0.0,0.0,
335513,SEAGATE REHABILITATION AND NURSING CENTER,BROOKLYN,NY,Kings,47,2019Q3,20190731,355,7.0,7.0,0.0,76.92,76.92,0.0,44.19,44.19,0.0,0.0,0.0,0.0,212.33,212.33,0.0,781.09,758.31,22.78,0.0,0.0,0.0,0.0,0.0,0.0,
335513,SEAGATE REHABILITATION AND NURSING CENTER,BROOKLYN,NY,Kings,47,2019Q3,20190801,358,7.0,7.0,0.0,76.85,76.85,0.0,46.8,46.8,0.0,0.0,0.0,0.0,193.71,193.71,0.0,788.24,766.04,22.2,0.0,0.0,0.0,0.0,0.0,0.0,
335513,SEAGATE REHABILITATION AND NURSING CENTER,BROOKLYN,NY,Kings,47,2019Q3,20190802,358,0.0,0.0,0.0,83.77,83.77,0.0,35.03,35.03,0.0,0.0,0.0,0.0,217.78,216.21,1.57,787.62,768.25,19.37,0.0,0.0,0.0,0.0,0.0,0.0,
335513,SEAGATE REHABILITATION AND NURSING CENTER,BROOKLYN,NY,Kings,47,2019Q3,20190803,358,0.0,0.0,0.0,42.07,42.07,0.0,42.55,42.55,0.0,0.0,0.0,0.0,199.76,187.09,12.67,757.39,757.39,0.0,0.0,0.0,0.0,0.0,0.0,0.0,
335513,SEAGATE REHABILITATION AND NURSING CENTER,BROOKLYN,NY,Kings,47,2019Q3,20190804,358,0.0,0.0,0.0,41.98,41.98,0.0,35.09,35.09,0.0,0.0,0.0,0.0,193.37,184.37,9.0,753.83,753.83,0.0,0.0,0.0,0.0,0.0,0.0,0.0,
335513,SEAGATE REHABILITATION AND NURSING CENTER,BROOKLYN,NY,Kings,47,2019Q3,20190805,358,7.0,7.0,0.0,70.01,70.01,0.0,43.97,43.97,0.0,0.0,0.0,0.0,216.79,209.59,7.2,771.38,751.1,20.28,0.0,0.0,0.0,0.0,0.0,0.0,
335513,SEAGATE REHABILITATION AND NURSING CENTER,BROOKLYN,NY,Kings,47,2019Q3,20190806,359,7.0,7.0,0.0,70.07,70.07,0.0,51.95,51.95,0.0,0.0,0.0,0.0,217.5,212.5,5.0,793.82,770.14,23.68,0.0,0.0,0.0,0.0,0.0,0.0,
335513,SEAGATE REHABILITATION AND NURSING CENTER,BROOKLYN,NY,Kings,47,2019Q3,20190807,358,7.0,7.0,0.0,73.49,73.49,0.0,43.1,43.1,0.0,0.0,0.0,0.0,214.38,212.05,2.33,786.29,767.29,19.0,0.0,0.0,0.0,0.0,0.0,0.0,
335513,SEAGATE REHABILITATION AND NURSING CENTER,BROOKLYN,NY,Kings,47,2019Q3,20190808,358,7.0,7.0,0.0,81.11,81.11,0.0,48.89,48.89,0.0,0.0,0.0,0.0,192.57,187.57,5.0,771.54,761.29,10.25,0.0,0.0,0.0,0.0,0.0,0.0,
335513,SEAGATE REHABILITATION AND NURSING CENTER,BROOKLYN,NY,Kings,47,2019Q3,20190809,359,7.0,7.0,0.0,69.89,69.89,0.0,49.45,49.45,0.0,0.0,0.0,0.0,191.08,191.08,0.0,778.84,754.37,24.47,0.0,0.0,0.0,0.0,0.0,0.0,
335513,SEAGATE REHABILITATION AND NURSING CENTER,BROOKLYN,NY,Kings,47,2019Q3,20190810,359,0.0,0.0,0.0,42.22,42.22,0.0,27.95,27.95,0.0,0.0,0.0,0.0,193.02,185.89,7.13,760.44,746.44,14.0,0.0,0.0,0.0,0.0,0.0,0.0,
335513,SEAGATE REHABILITATION AND NURSING CENTER,BROOKLYN,NY,Kings,47,2019Q3,20190811,358,0.0,0.0,0.0,48.45,48.45,0.0,28.03,28.03,0.0,0.0,0.0,0.0,190.09,190.09,0.0,746.22,730.22,16.0,0.0,0.0,0.0,0.0,0.0,0.0,
335513,SEAGATE REHABILITATION AND NURSING CENTER,BROOKLYN,NY,Kings,47,2019Q3,20190812,359,7.0,7.0,0.0,82.12,82.12,0.0,51.03,51.03,0.0,0.0,0.0,0.0,196.45,196.45,0.0,803.72,782.72,21.0,0.0,0.0,0.0,0.0,0.0,0.0,
335513,SEAGATE REHABILITATION AND NURSING CENTER,BROOKLYN,NY,Kings,47,2019Q3,20190813,358,7.0,7.0,0.0,66.07,66.07,0.0,67.87,67.87,0.0,0.0,0.0,0.0,183.35,181.27,2.08,784.63,774.15,10.48,0.0,0.0,0.0,0.0,0.0,0.0,
335513,SEAGATE REHABILITATION AND NURSING CENTER,BROOKLYN,NY,Kings,47,2019Q3,20190814,356,7.0,7.0,0.0,69.98,69.98,0.0,30.17,30.17,0.0,0.0,0.0,0.0,222.39,215.21,7.18,788.81,774.81,14.0,0.0,0.0,0.0,0.0,0.0,0.0,
335513,SEAGATE REHABILITATION AND NURSING CENTER,BROOKLYN,NY,Kings,47,2019Q3,20190815,357,7.0,7.0,0.0,80.82,80.82,0.0,60.83,60.83,0.0,0.0,0.0,0.0,187.7,180.88,6.82,786.88,779.88,7.0,0.0,0.0,0.0,0.0,0.0,0.0,
335513,SEAGATE REHABILITATION AND NURSING CENTER,BROOKLYN,NY,Kings,47,2019Q3,20190816,359,7.0,7.0,0.0,89.42,89.42,0.0,50.51,50.51,0.0,0.0,0.0,0.0,196.51,191.51,5.0,770.0,756.0,14.0,0.0,0.0,0.0,0.0,0.0,0.0,
335513,SEAGATE REHABILITATION AND NURSING CENTER,BROOKLYN,NY,Kings,47,2019Q3,20190817,358,0.0,0.0,0.0,41.99,41.99,0.0,29.97,29.97,0.0,0.0,0.0,0.0,186.53,186.53,0.0,742.45,728.45,14.0,0.0,0.0,0.0,0.0,0.0,0.0,
335513,SEAGATE REHABILITATION AND NURSING CENTER,BROOKLYN,NY,Kings,47,2019Q3,20190818,358,0.0,0.0,0.0,46.98,46.98,0.0,47.3,47.3,0.0,0.0,0.0,0.0,174.41,167.16,7.25,762.27,762.27,0.0,0.0,0.0,0.0,0.0,0.0,0.0,
335513,SEAGATE REHABILITATION AND NURSING CENTER,BROOKLYN,NY,Kings,47,2019Q3,20190819,359,7.0,7.0,0.0,72.27,72.27,0.0,53.87,53.87,0.0,0.0,0.0,0.0,201.03,199.1,1.93,792.56,774.01,18.55,0.0,0.0,0.0,0.0,0.0,0.0,
335513,SEAGATE REHABILITATION AND NURSING CENTER,BROOKLYN,NY,Kings,47,2019Q3,20190820,359,7.0,7.0,0.0,69.95,69.95,0.0,80.64,80.64,0.0,0.0,0.0,0.0,175.88,168.43,7.45,762.59,748.59,14.0,0.0,0.0,0.0,0.0,0.0,0.0,
335513,SEAGATE REHABILITATION AND NURSING CENTER,BROOKLYN,NY,Kings,47,2019Q3,20190821,358,7.0,7.0,0.0,69.97,69.97,0.0,78.7,78.7,0.0,0.0,0.0,0.0,171.76,164.51,7.25,801.03,792.11,8.92,0.0,0.0,0.0,0.0,0.0,0.0,
335513,SEAGATE REHABILITATION AND NURSING CENTER,BROOKLYN,NY,Kings,47,2019Q3,20190822,356,7.0,7.0,0.0,69.91,69.91,0.0,68.78,68.78,0.0,0.0,0.0,0.0,184.25,179.25,5.0,777.64,761.16,16.48,0.0,0.0,0.0,0.0,0.0,0.0,
335513,SEAGATE REHABILITATION AND NURSING CENTER,BROOKLYN,NY,Kings,47,2019Q3,20190823,357,7.0,7.0,0.0,76.93,76.93,0.0,85.75,85.75,0.0,0.0,0.0,0.0,163.27,161.52,1.75,788.28,768.95,19.33,0.0,0.0,0.0,0.0,0.0,0.0,
335513,SEAGATE REHABILITATION AND NURSING CENTER,BROOKLYN,NY,Kings,47,2019Q3,20190824,358,0.0,0.0,0.0,48.9,48.9,0.0,16.1,16.1,0.0,0.0,0.0,0.0,204.85,190.6,14.25,778.03,764.03,14.0,0.0,0.0,0.0,0.0,0.0,0.0,
335513,SEAGATE REHABILITATION AND NURSING CENTER,BROOKLYN,NY,Kings,47,2019Q3,20190825,355,0.0,0.0,0.0,49.28,49.28,0.0,25.39,25.39,0.0,0.0,0.0,0.0,193.0,180.25,12.75,761.08,747.08,14.0,0.0,0.0,0.0,0.0,0.0,0.0,
335513,SEAGATE REHABILITATION AND NURSING CENTER,BROOKLYN,NY,Kings,47,2019Q3,20190826,352,7.0,7.0,0.0,76.96,76.96,0.0,86.64,86.64,0.0,0.0,0.0,0.0,165.32,156.22,9.1,775.47,761.47,14.0,0.0,0.0,0.0,0.0,0.0,0.0,
335513,SEAGATE REHABILITATION AND NURSING CENTER,BROOKLYN,NY,Kings,47,2019Q3,20190827,354,7.0,7.0,0.0,62.95,62.95,0.0,88.15,88.15,0.0,0.0,0.0,0.0,189.7,182.78,6.92,912.1,905.1,7.0,0.0,0.0,0.0,0.0,0.0,0.0,
335513,SEAGATE REHABILITATION AND NURSING CENTER,BROOKLYN,NY,Kings,47,2019Q3,20190828,353,7.0,7.0,0.0,63.18,63.18,0.0,73.95,73.95,0.0,0.0,0.0,0.0,200.47,193.39,7.08,859.18,847.18,12.0,0.0,0.0,0.0,0.0,0.0,0.0,
335513,SEAGATE REHABILITATION AND NURSING CENTER,BROOKLYN,NY,Kings,47,2019Q3,20190829,352,7.0,7.0,0.0,69.73,69.73,0.0,88.96,88.96,0.0,0.0,0.0,0.0,189.91,184.91,5.0,869.23,849.26,19.97,0.0,0.0,0.0,0.0,0.0,0.0,
335513,SEAGATE REHABILITATION AND NURSING CENTER,BROOKLYN,NY,Kings,47,2019Q3,20190830,352,7.0,7.0,0.0,77.05,77.05,0.0,67.4,67.4,0.0,0.0,0.0,0.0,197.32,195.17,2.15,799.66,766.78,32.88,0.0,0.0,0.0,0.0,0.0,0.0,
335513,SEAGATE REHABILITATION AND NURSING CENTER,BROOKLYN,NY,Kings,47,2019Q3,20190831,353,0.0,0.0,0.0,49.15,49.15,0.0,23.08,23.08,0.0,0.0,0.0,0.0,200.33,195.33,5.0,764.76,752.76,12.0,0.0,0.0,0.0,0.0,0.0,0.0,
335513,SEAGATE REHABILITATION AND NURSING CENTER,BROOKLYN,NY,Kings,47,2019Q3,20190901,353,0.0,0.0,0.0,42.0,42.0,0.0,35.12,35.12,0.0,0.0,0.0,0.0,192.67,183.42,9.25,760.11,760.11,0.0,0.0,0.0,0.0,0.0,0.0,0.0,
335513,SEAGATE REHABILITATION AND NURSING CENTER,BROOKLYN,NY,Kings,47,2019Q3,20190902,352,0.0,0.0,0.0,56.02,56.02,0.0,40.9,40.9,0.0,0.0,0.0,0.0,201.74,196.74,5.0,780.54,767.24,13.3,0.0,0.0,0.0,0.0,0.0,0.0,
335513,SEAGATE REHABILITATION AND NURSING CENTER,BROOKLYN,NY,Kings,47,2019Q3,20190903,351,7.0,7.0,0.0,97.73,97.73,0.0,69.23,69.23,0.0,0.0,0.0,0.0,208.17,208.17,0.0,793.88,768.1,25.78,0.0,0.0,0.0,0.0,0.0,0.0,
335513,SEAGATE REHABILITATION AND NURSING CENTER,BROOKLYN,NY,Kings,47,2019Q3,20190904,356,7.0,7.0,0.0,84.17,84.17,0.0,47.98,47.98,0.0,0.0,0.0,0.0,215.44,213.19,2.25,838.87,819.87,19.0,0.0,0.0,0.0,0.0,0.0,0.0,
335513,SEAGATE REHABILITATION AND NURSING CENTER,BROOKLYN,NY,Kings,47,2019Q3,20190905,355,7.0,7.0,0.0,76.88,76.88,0.0,70.03,70.03,0.0,0.0,0.0,0.0,208.66,201.63,7.03,778.98,764.98,14.0,0.0,0.0,0.0,0.0,0.0,0.0,
335513,SEAGATE REHABILITATION AND NURSING CENTER,BROOKLYN,NY,Kings,47,2019Q3,20190906,354,7.0,7.0,0.0,104.13,104.13,0.0,48.68,48.68,0.0,0.0,0.0,0.0,201.9,196.9,5.0,789.81,772.81,17.0,0.0,0.0,0.0,0.0,0.0,0.0,
335513,SEAGATE REHABILITATION AND NURSING CENTER,BROOKLYN,NY,Kings,47,2019Q3,20190907,354,0.0,0.0,0.0,54.18,54.18,0.0,32.97,32.97,0.0,0.0,0.0,0.0,210.99,210.99,0.0,762.98,747.11,15.87,0.0,0.0,0.0,0.0,0.0,0.0,
335513,SEAGATE REHABILITATION AND NURSING CENTER,BROOKLYN,NY,Kings,47,2019Q3,20190908,352,7.0,7.0,0.0,48.72,48.72,0.0,33.5,33.5,0.0,0.0,0.0,0.0,220.84,220.84,0.0,757.71,736.71,21.0,0.0,0.0,0.0,0.0,0.0,0.0,
335513,SEAGATE REHABILITATION AND NURSING CENTER,BROOKLYN,NY,Kings,47,2019Q3,20190909,353,7.0,7.0,0.0,105.05,105.05,0.0,43.85,43.85,0.0,0.0,0.0,0.0,222.91,213.64,9.27,779.56,762.38,17.18,0.0,0.0,0.0,0.0,0.0,0.0,
335513,SEAGATE REHABILITATION AND NURSING CENTER,BROOKLYN,NY,Kings,47,2019Q3,20190910,354,7.0,7.0,0.0,101.85,101.85,0.0,63.72,63.72,0.0,0.0,0.0,0.0,209.0,187.17,21.83,803.44,789.44,14.0,0.0,0.0,0.0,0.0,0.0,0.0,
335513,SEAGATE REHABILITATION AND NURSING CENTER,BROOKLYN,NY,Kings,47,2019Q3,20190911,352,7.0,7.0,0.0,94.37,94.37,0.0,41.98,41.98,0.0,0.0,0.0,0.0,216.68,201.11,15.57,807.26,795.26,12.0,0.0,0.0,0.0,0.0,0.0,0.0,
335513,SEAGATE REHABILITATION AND NURSING CENTER,BROOKLYN,NY,Kings,47,2019Q3,20190912,352,7.0,7.0,0.0,94.29,94.29,0.0,41.4,41.4,0.0,0.0,0.0,0.0,209.88,195.26,14.62,790.4,774.4,16.0,0.0,0.0,0.0,0.0,0.0,0.0,
335513,SEAGATE REHABILITATION AND NURSING CENTER,BROOKLYN,NY,Kings,47,2019Q3,20190913,354,7.0,7.0,0.0,91.1,91.1,0.0,41.12,41.12,0.0,0.0,0.0,0.0,228.36,223.36,5.0,801.54,775.67,25.87,0.0,0.0,0.0,0.0,0.0,0.0,
335513,SEAGATE REHABILITATION AND NURSING CENTER,BROOKLYN,NY,Kings,47,2019Q3,20190914,352,0.0,0.0,0.0,49.02,49.02,0.0,37.1,37.1,0.0,0.0,0.0,0.0,207.66,207.66,0.0,765.5,758.5,7.0,0.0,0.0,0.0,0.0,0.0,0.0,
335513,SEAGATE REHABILITATION AND NURSING CENTER,BROOKLYN,NY,Kings,47,2019Q3,20190915,351,0.0,0.0,0.0,41.87,41.87,0.0,41.88,41.88,0.0,0.0,0.0,0.0,168.94,168.94,0.0,752.71,752.71,0.0,0.0,0.0,0.0,0.0,0.0,0.0,
335513,SEAGATE REHABILITATION AND NURSING CENTER,BROOKLYN,NY,Kings,47,2019Q3,20190916,352,7.0,7.0,0.0,100.75,100.75,0.0,51.37,51.37,0.0,0.0,0.0,0.0,209.08,200.11,8.97,784.37,770.37,14.0,0.0,0.0,0.0,0.0,0.0,0.0,
335513,SEAGATE REHABILITATION AND NURSING CENTER,BROOKLYN,NY,Kings,47,2019Q3,20190917,352,7.0,7.0,0.0,91.11,91.11,0.0,59.49,59.49,0.0,0.0,0.0,0.0,214.94,202.77,12.17,787.55,767.13,20.42,0.0,0.0,0.0,0.0,0.0,0.0,
335513,SEAGATE REHABILITATION AND NURSING CENTER,BROOKLYN,NY,Kings,47,2019Q3,20190918,354,7.0,7.0,0.0,77.08,77.08,0.0,72.15,72.15,0.0,0.0,0.0,0.0,200.14,193.44,6.7,788.29,769.29,19.0,0.0,0.0,0.0,0.0,0.0,0.0,
335513,SEAGATE REHABILITATION AND NURSING CENTER,BROOKLYN,NY,Kings,47,2019Q3,20190919,355,7.0,7.0,0.0,90.82,90.82,0.0,83.95,83.95,0.0,0.0,0.0,0.0,194.95,179.23,15.72,794.03,778.7,15.33,0.0,0.0,0.0,0.0,0.0,0.0,
335513,SEAGATE REHABILITATION AND NURSING CENTER,BROOKLYN,NY,Kings,47,2019Q3,20190920,357,7.0,7.0,0.0,91.03,91.03,0.0,58.18,58.18,0.0,0.0,0.0,0.0,212.3,205.8,6.5,791.71,767.86,23.85,0.0,0.0,0.0,0.0,0.0,0.0,
335513,SEAGATE REHABILITATION AND NURSING CENTER,BROOKLYN,NY,Kings,47,2019Q3,20190921,356,0.0,0.0,0.0,55.88,55.88,0.0,35.03,35.03,0.0,0.0,0.0,0.0,221.09,214.22,6.87,758.32,744.32,14.0,0.0,0.0,0.0,0.0,0.0,0.0,
335513,SEAGATE REHABILITATION AND NURSING CENTER,BROOKLYN,NY,Kings,47,2019Q3,20190922,355,0.0,0.0,0.0,49.47,49.47,0.0,42.08,42.08,0.0,0.0,0.0,0.0,208.47,201.75,6.72,748.3,732.3,16.0,0.0,0.0,0.0,0.0,0.0,0.0,
335513,SEAGATE REHABILITATION AND NURSING CENTER,BROOKLYN,NY,Kings,47,2019Q3,20190923,356,7.0,7.0,0.0,90.51,90.51,0.0,57.97,57.97,0.0,0.0,0.0,0.0,193.13,186.25,6.88,777.56,755.01,22.55,0.0,0.0,0.0,0.0,0.0,0.0,
335513,SEAGATE REHABILITATION AND NURSING CENTER,BROOKLYN,NY,Kings,47,2019Q3,20190924,356,7.0,7.0,0.0,91.23,91.23,0.0,53.86,53.86,0.0,0.0,0.0,0.0,209.0,204.0,5.0,789.28,778.0,11.28,0.0,0.0,0.0,0.0,0.0,0.0,
335513,SEAGATE REHABILITATION AND NURSING CENTER,BROOKLYN,NY,Kings,47,2019Q3,20190925,353,7.0,7.0,0.0,83.9,83.9,0.0,58.05,58.05,0.0,0.0,0.0,0.0,207.53,205.53,2.0,779.81,774.81,5.0,0.0,0.0,0.0,0.0,0.0,0.0,
335513,SEAGATE REHABILITATION AND NURSING CENTER,BROOKLYN,NY,Kings,47,2019Q3,20190926,351,7.0,7.0,0.0,97.92,97.92,0.0,68.04,68.04,0.0,0.0,0.0,0.0,197.35,192.35,5.0,783.74,758.09,25.65,0.0,0.0,0.0,0.0,0.0,0.0,
335513,SEAGATE REHABILITATION AND NURSING CENTER,BROOKLYN,NY,Kings,47,2019Q3,20190927,358,7.0,7.0,0.0,97.87,97.87,0.0,55.89,55.89,0.0,0.0,0.0,0.0,208.01,208.01,0.0,796.66,775.19,21.47,0.0,0.0,0.0,0.0,0.0,0.0,
335513,SEAGATE REHABILITATION AND NURSING CENTER,BROOKLYN,NY,Kings,47,2019Q3,20190928,357,0.0,0.0,0.0,56.29,56.29,0.0,30.1,30.1,0.0,0.0,0.0,0.0,186.3,177.3,9.0,759.2,759.2,0.0,0.0,0.0,0.0,0.0,0.0,0.0,
335513,SEAGATE REHABILITATION AND NURSING CENTER,BROOKLYN,NY,Kings,47,2019Q3,20190929,357,0.0,0.0,0.0,45.6,45.6,0.0,41.95,41.95,0.0,0.0,0.0,0.0,190.95,182.45,8.5,766.95,766.95,0.0,0.0,0.0,0.0,0.0,0.0,0.0,
335513,SEAGATE REHABILITATION AND NURSING CENTER,BROOKLYN,NY,Kings,47,2019Q3,20190930,358,7.0,7.0,0.0,63.13,63.13,0.0,49.61,49.61,0.0,0.0,0.0,0.0,217.84,205.84,12.0,786.76,774.46,12.3,0.0,0.0,0.0,0.0,0.0,0.0,
335513,SEAGATE REHABILITATION AND NURSING CENTER,BROOKLYN,NY,Kings,47,2019Q4,20191001,358,7.0,7.0,0.0,90.3,90.3,0.0,51.03,51.03,0.0,0.0,0.0,0.0,222.38,207.13,15.25,779.2,759.18,20.02,0.0,0.0,0.0,0.0,0.0,0.0,
335513,SEAGATE REHABILITATION AND NURSING CENTER,BROOKLYN,NY,Kings,47,2019Q4,20191002,359,0.0,0.0,0.0,91.56,91.56,0.0,65.22,65.22,0.0,0.0,0.0,0.0,214.8,207.47,7.33,783.98,771.98,12.0,0.0,0.0,0.0,0.0,0.0,0.0,
335513,SEAGATE REHABILITATION AND NURSING CENTER,BROOKLYN,NY,Kings,47,2019Q4,20191003,357,0.0,0.0,0.0,98.08,98.08,0.0,76.99,76.99,0.0,0.0,0.0,0.0,186.68,186.68,0.0,784.17,770.02,14.15,0.0,0.0,0.0,0.0,0.0,0.0,
335513,SEAGATE REHABILITATION AND NURSING CENTER,BROOKLYN,NY,Kings,47,2019Q4,20191004,356,0.0,0.0,0.0,97.94,97.94,0.0,60.83,60.83,0.0,0.0,0.0,0.0,206.57,206.57,0.0,793.83,781.83,12.0,0.0,0.0,0.0,0.0,0.0,0.0,
335513,SEAGATE REHABILITATION AND NURSING CENTER,BROOKLYN,NY,Kings,47,2019Q4,20191005,356,0.0,0.0,0.0,42.07,42.07,0.0,35.21,35.21,0.0,0.0,0.0,0.0,212.97,212.97,0.0,755.07,739.07,16.0,0.0,0.0,0.0,0.0,0.0,0.0,
335513,SEAGATE REHABILITATION AND NURSING CENTER,BROOKLYN,NY,Kings,47,2019Q4,20191006,356,0.0,0.0,0.0,48.39,48.39,0.0,34.8,34.8,0.0,0.0,0.0,0.0,216.46,216.46,0.0,753.83,732.83,21.0,0.0,0.0,0.0,0.0,0.0,0.0,
335513,SEAGATE REHABILITATION AND NURSING CENTER,BROOKLYN,NY,Kings,47,2019Q4,20191007,355,7.0,7.0,0.0,84.67,84.67,0.0,57.59,57.59,0.0,0.0,0.0,0.0,203.14,203.14,0.0,797.64,785.64,12.0,0.0,0.0,0.0,0.0,0.0,0.0,
335513,SEAGATE REHABILITATION AND NURSING CENTER,BROOKLYN,NY,Kings,47,2019Q4,20191008,354,7.0,7.0,0.0,97.95,97.95,0.0,67.88,67.88,0.0,0.0,0.0,0.0,197.03,195.45,1.58,795.48,784.65,10.83,0.0,0.0,0.0,0.0,0.0,0.0,
335513,SEAGATE REHABILITATION AND NURSING CENTER,BROOKLYN,NY,Kings,47,2019Q4,20191009,354,7.0,7.0,0.0,56.07,56.07,0.0,51.26,51.26,0.0,0.0,0.0,0.0,220.84,215.84,5.0,768.94,758.62,10.32,0.0,0.0,0.0,0.0,0.0,0.0,
335513,SEAGATE REHABILITATION AND NURSING CENTER,BROOKLYN,NY,Kings,47,2019Q4,20191010,352,7.0,7.0,0.0,97.73,97.73,0.0,67.77,67.77,0.0,0.0,0.0,0.0,196.77,194.85,1.92,785.52,763.3,22.22,0.0,0.0,0.0,0.0,0.0,0.0,
335513,SEAGATE REHABILITATION AND NURSING CENTER,BROOKLYN,NY,Kings,47,2019Q4,20191011,350,0.0,0.0,0.0,77.05,77.05,0.0,55.99,55.99,0.0,0.0,0.0,0.0,214.87,209.87,5.0,761.33,740.55,20.78,0.0,0.0,0.0,0.0,0.0,0.0,
335513,SEAGATE REHABILITATION AND NURSING CENTER,BROOKLYN,NY,Kings,47,2019Q4,20191012,351,0.0,0.0,0.0,41.97,41.97,0.0,32.14,32.14,0.0,0.0,0.0,0.0,193.18,184.18,9.0,764.56,759.56,5.0,0.0,0.0,0.0,0.0,0.0,0.0,
335513,SEAGATE REHABILITATION AND NURSING CENTER,BROOKLYN,NY,Kings,47,2019Q4,20191013,351,0.0,0.0,0.0,48.85,48.85,0.0,51.88,51.88,0.0,0.0,0.0,0.0,170.1,157.6,12.5,759.94,759.94,0.0,0.0,0.0,0.0,0.0,0.0,0.0,
335513,SEAGATE REHABILITATION AND NURSING CENTER,BROOKLYN,NY,Kings,47,2019Q4,20191014,351,0.0,0.0,0.0,91.32,91.32,0.0,67.92,67.92,0.0,0.0,0.0,0.0,197.27,195.3,1.97,771.68,753.28,18.4,0.0,0.0,0.0,0.0,0.0,0.0,
335513,SEAGATE REHABILITATION AND NURSING CENTER,BROOKLYN,NY,Kings,47,2019Q4,20191015,353,7.0,7.0,0.0,97.97,97.97,0.0,58.07,58.07,0.0,0.0,0.0,0.0,213.35,208.35,5.0,787.55,771.55,16.0,0.0,0.0,0.0,0.0,0.0,0.0,
335513,SEAGATE REHABILITATION AND NURSING CENTER,BROOKLYN,NY,Kings,47,2019Q4,20191016,352,7.0,7.0,0.0,90.75,90.75,0.0,72.13,72.13,0.0,0.0,0.0,0.0,206.58,199.58,7.0,791.02,774.99,16.03,0.0,0.0,0.0,0.0,0.0,0.0,
335513,SEAGATE REHABILITATION AND NURSING CENTER,BROOKLYN,NY,Kings,47,2019Q4,20191017,352,7.0,7.0,0.0,98.12,98.12,0.0,69.4,69.4,0.0,0.0,0.0,0.0,194.64,192.39,2.25,778.93,759.85,19.08,0.0,0.0,0.0,0.0,0.0,0.0,
335513,SEAGATE REHABILITATION AND NURSING CENTER,BROOKLYN,NY,Kings,47,2019Q4,20191018,352,7.0,7.0,0.0,98.29,98.29,0.0,47.45,47.45,0.0,0.0,0.0,0.0,196.72,191.72,5.0,780.27,764.84,15.43,0.0,0.0,0.0,0.0,0.0,0.0,
335513,SEAGATE REHABILITATION AND NURSING CENTER,BROOKLYN,NY,Kings,47,2019Q4,20191019,351,0.0,0.0,0.0,41.73,41.73,0.0,28.23,28.23,0.0,0.0,0.0,0.0,216.55,208.47,8.08,760.22,744.22,16.0,0.0,0.0,0.0,0.0,0.0,0.0,
335513,SEAGATE REHABILITATION AND NURSING CENTER,BROOKLYN,NY,Kings,47,2019Q4,20191020,350,0.0,0.0,0.0,47.48,47.48,0.0,34.77,34.77,0.0,0.0,0.0,0.0,216.84,209.09,7.75,751.85,737.85,14.0,0.0,0.0,0.0,0.0,0.0,0.0,
335513,SEAGATE REHABILITATION AND NURSING CENTER,BROOKLYN,NY,Kings,47,2019Q4,20191021,349,7.0,7.0,0.0,106.28,106.28,0.0,62.02,62.02,0.0,0.0,0.0,0.0,188.45,186.2,2.25,796.79,773.36,23.43,0.0,0.0,0.0,0.0,0.0,0.0,
335513,SEAGATE REHABILITATION AND NURSING CENTER,BROOKLYN,NY,Kings,47,2019Q4,20191022,351,7.0,7.0,0.0,97.79,97.79,0.0,68.78,68.78,0.0,0.0,0.0,0.0,202.22,195.05,7.17,798.14,789.14,9.0,0.0,0.0,0.0,0.0,0.0,0.0,
335513,SEAGATE REHABILITATION AND NURSING CENTER,BROOKLYN,NY,Kings,47,2019Q4,20191023,352,7.0,7.0,0.0,91.14,91.14,0.0,71.45,71.45,0.0,0.0,0.0,0.0,187.92,180.75,7.17,804.34,782.32,22.02,0.0,0.0,0.0,0.0,0.0,0.0,
335513,SEAGATE REHABILITATION AND NURSING CENTER,BROOKLYN,NY,Kings,47,2019Q4,20191024,353,7.0,7.0,0.0,84.17,84.17,0.0,68.11,68.11,0.0,0.0,0.0,0.0,190.69,183.19,7.5,789.61,768.78,20.83,0.0,0.0,0.0,0.0,0.0,0.0,
335513,SEAGATE REHABILITATION AND NURSING CENTER,BROOKLYN,NY,Kings,47,2019Q4,20191025,352,7.0,7.0,0.0,69.8,69.8,0.0,67.52,67.52,0.0,0.0,0.0,0.0,194.67,189.67,5.0,793.55,777.85,15.7,0.0,0.0,0.0,0.0,0.0,0.0,
335513,SEAGATE REHABILITATION AND NURSING CENTER,BROOKLYN,NY,Kings,47,2019Q4,20191026,351,0.0,0.0,0.0,49.08,49.08,0.0,48.92,48.92,0.0,0.0,0.0,0.0,181.69,172.74,8.95,758.52,751.52,7.0,0.0,0.0,0.0,0.0,0.0,0.0,
335513,SEAGATE REHABILITATION AND NURSING CENTER,BROOKLYN,NY,Kings,47,2019Q4,20191027,351,0.0,0.0,0.0,49.22,49.22,0.0,59.65,59.65,0.0,0.0,0.0,0.0,164.12,149.87,14.25,759.84,757.84,2.0,0.0,0.0,0.0,0.0,0.0,0.0,
335513,SEAGATE REHABILITATION AND NURSING CENTER,BROOKLYN,NY,Kings,47,2019Q4,20191028,348,7.0,7.0,0.0,102.88,102.88,0.0,69.8,69.8,0.0,0.0,0.0,0.0,184.53,177.4,7.13,792.77,768.77,24.0,0.0,0.0,0.0,0.0,0.0,0.0,
335513,SEAGATE REHABILITATION AND NURSING CENTER,BROOKLYN,NY,Kings,47,2019Q4,20191029,348,7.0,7.0,0.0,99.91,99.91,0.0,67.9,67.9,0.0,0.0,0.0,0.0,195.88,190.88,5.0,796.12,777.95,18.17,0.0,0.0,0.0,0.0,0.0,0.0,
335513,SEAGATE REHABILITATION AND NURSING CENTER,BROOKLYN,NY,Kings,47,2019Q4,20191030,350,7.0,7.0,0.0,90.9,90.9,0.0,51.18,51.18,0.0,0.0,0.0,0.0,220.44,218.17,2.27,792.12,772.72,19.4,0.0,0.0,0.0,0.0,0.0,0.0,
335513,SEAGATE REHABILITATION AND NURSING CENTER,BROOKLYN,NY,Kings,47,2019Q4,20191031,348,7.0,7.0,0.0,98.03,98.03,0.0,78.23,78.23,0.0,0.0,0.0,0.0,189.02,184.02,5.0,783.44,777.07,6.37,0.0,0.0,0.0,0.0,0.0,0.0,
335513,SEAGATE REHABILITATION AND NURSING CENTER,BROOKLYN,NY,Kings,47,2019Q4,20191101,351,7.0,7.0,0.0,90.94,90.94,0.0,54.6,54.6,0.0,0.0,0.0,0.0,206.39,195.89,10.5,790.07,767.54,22.53,0.0,0.0,0.0,0.0,0.0,0.0,
335513,SEAGATE REHABILITATION AND NURSING CENTER,BROOKLYN,NY,Kings,47,2019Q4,20191102,347,0.0,0.0,0.0,48.82,48.82,0.0,21.03,21.03,0.0,0.0,0.0,0.0,219.12,211.87,7.25,764.76,748.76,16.0,0.0,0.0,0.0,0.0,0.0,0.0,
335513,SEAGATE REHABILITATION AND NURSING CENTER,BROOKLYN,NY,Kings,47,2019Q4,20191103,346,0.0,0.0,0.0,63.26,63.26,0.0,28.27,28.27,0.0,0.0,0.0,0.0,223.92,216.17,7.75,778.07,756.24,21.83,0.0,0.0,0.0,0.0,0.0,0.0,
335513,SEAGATE REHABILITATION AND NURSING CENTER,BROOKLYN,NY,Kings,47,2019Q4,20191104,347,7.0,7.0,0.0,98.07,98.07,0.0,78.95,78.95,0.0,0.0,0.0,0.0,207.51,195.51,12.0,798.87,773.22,25.65,0.0,0.0,0.0,0.0,0.0,0.0,
335513,SEAGATE REHABILITATION AND NURSING CENTER,BROOKLYN,NY,Kings,47,2019Q4,20191105,348,7.0,7.0,0.0,98.03,98.03,0.0,81.82,81.82,0.0,0.0,0.0,0.0,203.99,195.17,8.82,795.43,783.0,12.43,0.0,0.0,0.0,0.0,0.0,0.0,
335513,SEAGATE REHABILITATION AND NURSING CENTER,BROOKLYN,NY,Kings,47,2019Q4,20191106,354,7.0,7.0,0.0,90.99,90.99,0.0,69.98,69.98,0.0,0.0,0.0,0.0,210.1,197.77,12.33,781.7,769.7,12.0,0.0,0.0,0.0,0.0,0.0,0.0,
335513,SEAGATE REHABILITATION AND NURSING CENTER,BROOKLYN,NY,Kings,47,2019Q4,20191107,356,7.0,7.0,0.0,97.8,97.8,0.0,63.03,63.03,0.0,0.0,0.0,0.0,218.23,216.23,2.0,796.84,780.84,16.0,0.0,0.0,0.0,0.0,0.0,0.0,
335513,SEAGATE REHABILITATION AND NURSING CENTER,BROOKLYN,NY,Kings,47,2019Q4,20191108,360,7.0,7.0,0.0,98.1,98.1,0.0,60.9,60.9,0.0,0.0,0.0,0.0,210.29,203.54,6.75,813.08,786.58,26.5,0.0,0.0,0.0,0.0,0.0,0.0,
335513,SEAGATE REHABILITATION AND NURSING CENTER,BROOKLYN,NY,Kings,47,2019Q4,20191109,358,0.0,0.0,0.0,41.68,41.68,0.0,18.24,18.24,0.0,0.0,0.0,0.0,203.25,189.25,14.0,759.53,754.53,5.0,0.0,0.0,0.0,0.0,0.0,0.0,
335513,SEAGATE REHABILITATION AND NURSING CENTER,BROOKLYN,NY,Kings,47,2019Q4,20191110,359,0.0,0.0,0.0,41.81,41.81,0.0,43.9,43.9,0.0,0.0,0.0,0.0,179.23,165.23,14.0,777.93,777.93,0.0,0.0,0.0,0.0,0.0,0.0,0.0,
335513,SEAGATE REHABILITATION AND NURSING CENTER,BROOKLYN,NY,Kings,47,2019Q4,20191111,359,7.0,7.0,0.0,105.56,105.56,0.0,35.52,35.52,0.0,0.0,0.0,0.0,199.65,187.65,12.0,786.33,766.28,20.05,0.0,0.0,0.0,0.0,0.0,0.0,
335513,SEAGATE REHABILITATION AND NURSING CENTER,BROOKLYN,NY,Kings,47,2019Q4,20191112,363,7.0,7.0,0.0,98.37,98.37,0.0,62.92,62.92,0.0,0.0,0.0,0.0,200.47,198.04,2.43,799.95,776.5,23.45,0.0,0.0,0.0,0.0,0.0,0.0,
335513,SEAGATE REHABILITATION AND NURSING CENTER,BROOKLYN,NY,Kings,47,2019Q4,20191113,366,7.0,7.0,0.0,83.72,83.72,0.0,65.17,65.17,0.0,0.0,0.0,0.0,200.27,195.27,5.0,790.17,765.22,24.95,0.0,0.0,0.0,0.0,0.0,0.0,
335513,SEAGATE REHABILITATION AND NURSING CENTER,BROOKLYN,NY,Kings,47,2019Q4,20191114,365,7.0,7.0,0.0,97.98,97.98,0.0,51.02,51.02,0.0,0.0,0.0,0.0,209.11,206.14,2.97,802.99,785.91,17.08,0.0,0.0,0.0,0.0,0.0,0.0,
335513,SEAGATE REHABILITATION AND NURSING CENTER,BROOKLYN,NY,Kings,47,2019Q4,20191115,363,0.0,0.0,0.0,90.72,90.72,0.0,53.8,53.8,0.0,0.0,0.0,0.0,203.32,196.32,7.0,800.84,791.79,9.05,0.0,0.0,0.0,0.0,0.0,0.0,
335513,SEAGATE REHABILITATION AND NURSING CENTER,BROOKLYN,NY,Kings,47,2019Q4,20191116,364,0.0,0.0,0.0,42.33,42.33,0.0,33.04,33.04,0.0,0.0,0.0,0.0,209.26,202.01,7.25,759.78,750.78,9.0,0.0,0.0,0.0,0.0,0.0,0.0,
335513,SEAGATE REHABILITATION AND NURSING CENTER,BROOKLYN,NY,Kings,47,2019Q4,20191117,364,0.0,0.0,0.0,41.97,41.97,0.0,27.82,27.82,0.0,0.0,0.0,0.0,196.26,188.51,7.75,746.04,732.04,14.0,0.0,0.0,0.0,0.0,0.0,0.0,
335513,SEAGATE REHABILITATION AND NURSING CENTER,BROOKLYN,NY,Kings,47,2019Q4,20191118,363,7.0,7.0,0.0,97.88,97.88,0.0,65.22,65.22,0.0,0.0,0.0,0.0,193.34,188.34,5.0,783.45,771.45,12.0,0.0,0.0,0.0,0.0,0.0,0.0,
335513,SEAGATE REHABILITATION AND NURSING CENTER,BROOKLYN,NY,Kings,47,2019Q4,20191119,362,7.0,7.0,0.0,98.28,98.28,0.0,53.73,53.73,0.0,0.0,0.0,0.0,198.75,198.75,0.0,813.15,781.16,31.99,0.0,0.0,0.0,0.0,0.0,0.0,
335513,SEAGATE REHABILITATION AND NURSING CENTER,BROOKLYN,NY,Kings,47,2019Q4,20191120,359,7.0,7.0,0.0,83.9,83.9,0.0,44.1,44.1,0.0,0.0,0.0,0.0,195.39,195.39,0.0,791.86,767.99,23.87,0.0,0.0,0.0,0.0,0.0,0.0,
335513,SEAGATE REHABILITATION AND NURSING CENTER,BROOKLYN,NY,Kings,47,2019Q4,20191121,359,7.0,7.0,0.0,83.84,83.84,0.0,53.76,53.76,0.0,0.0,0.0,0.0,209.72,209.72,0.0,793.5,772.0,21.5,0.0,0.0,0.0,0.0,0.0,0.0,
335513,SEAGATE REHABILITATION AND NURSING CENTER,BROOKLYN,NY,Kings,47,2019Q4,20191122,358,7.0,7.0,0.0,84.11,84.11,0.0,63.18,63.18,0.0,0.0,0.0,0.0,187.79,187.79,0.0,786.91,761.23,25.68,0.0,0.0,0.0,0.0,0.0,0.0,
335513,SEAGATE REHABILITATION AND NURSING CENTER,BROOKLYN,NY,Kings,47,2019Q4,20191123,358,0.0,0.0,0.0,41.73,41.73,0.0,49.17,49.17,0.0,0.0,0.0,0.0,177.57,177.57,0.0,765.65,760.65,5.0,0.0,0.0,0.0,0.0,0.0,0.0,
335513,SEAGATE REHABILITATION AND NURSING CENTER,BROOKLYN,NY,Kings,47,2019Q4,20191124,358,0.0,0.0,0.0,42.14,42.14,0.0,48.95,48.95,0.0,0.0,0.0,0.0,157.72,157.72,0.0,764.48,756.98,7.5,0.0,0.0,0.0,0.0,0.0,0.0,
335513,SEAGATE REHABILITATION AND NURSING CENTER,BROOKLYN,NY,Kings,47,2019Q4,20191125,358,7.0,7.0,0.0,90.95,90.95,0.0,60.88,60.88,0.0,0.0,0.0,0.0,191.39,191.39,0.0,788.45,771.85,16.6,0.0,0.0,0.0,0.0,0.0,0.0,
335513,SEAGATE REHABILITATION AND NURSING CENTER,BROOKLYN,NY,Kings,47,2019Q4,20191126,361,7.0,7.0,0.0,97.89,97.89,0.0,48.75,48.75,0.0,0.0,0.0,0.0,200.99,200.99,0.0,787.19,772.29,14.9,0.0,0.0,0.0,0.0,0.0,0.0,
335513,SEAGATE REHABILITATION AND NURSING CENTER,BROOKLYN,NY,Kings,47,2019Q4,20191127,364,7.0,7.0,0.0,91.3,91.3,0.0,63.19,63.19,0.0,0.0,0.0,0.0,193.63,193.63,0.0,787.93,773.93,14.0,0.0,0.0,0.0,0.0,0.0,0.0,
335513,SEAGATE REHABILITATION AND NURSING CENTER,BROOKLYN,NY,Kings,47,2019Q4,20191128,363,0.0,0.0,0.0,48.87,48.87,0.0,43.95,43.95,0.0,0.0,0.0,0.0,212.65,212.65,0.0,764.71,757.71,7.0,0.0,0.0,0.0,0.0,0.0,0.0,
335513,SEAGATE REHABILITATION AND NURSING CENTER,BROOKLYN,NY,Kings,47,2019Q4,20191129,363,0.0,0.0,0.0,77.01,77.01,0.0,39.9,39.9,0.0,0.0,0.0,0.0,202.76,202.76,0.0,776.12,757.57,18.55,0.0,0.0,0.0,0.0,0.0,0.0,
335513,SEAGATE REHABILITATION AND NURSING CENTER,BROOKLYN,NY,Kings,47,2019Q4,20191130,362,0.0,0.0,0.0,40.3,40.3,0.0,29.75,29.75,0.0,0.0,0.0,0.0,206.16,206.16,0.0,759.58,745.58,14.0,0.0,0.0,0.0,0.0,0.0,0.0,
335513,SEAGATE REHABILITATION AND NURSING CENTER,BROOKLYN,NY,Kings,47,2019Q4,20191201,359,0.0,0.0,0.0,43.03,43.03,0.0,33.34,33.34,0.0,0.0,0.0,0.0,190.44,190.44,0.0,746.89,732.89,14.0,0.0,0.0,0.0,0.0,0.0,0.0,
335513,SEAGATE REHABILITATION AND NURSING CENTER,BROOKLYN,NY,Kings,47,2019Q4,20191202,362,7.0,7.0,0.0,90.98,90.98,0.0,58.15,58.15,0.0,0.0,0.0,0.0,178.65,178.65,0.0,780.94,763.57,17.37,0.0,0.0,0.0,0.0,0.0,0.0,
335513,SEAGATE REHABILITATION AND NURSING CENTER,BROOKLYN,NY,Kings,47,2019Q4,20191203,357,7.0,7.0,0.0,98.36,98.36,0.0,60.68,60.68,0.0,0.0,0.0,0.0,172.67,172.67,0.0,815.13,792.78,22.35,0.0,0.0,0.0,0.0,0.0,0.0,
335513,SEAGATE REHABILITATION AND NURSING CENTER,BROOKLYN,NY,Kings,47,2019Q4,20191204,359,7.0,7.0,0.0,97.72,97.72,0.0,58.14,58.14,0.0,0.0,0.0,0.0,198.39,198.39,0.0,808.29,790.57,17.72,0.0,0.0,0.0,0.0,0.0,0.0,
335513,SEAGATE REHABILITATION AND NURSING CENTER,BROOKLYN,NY,Kings,47,2019Q4,20191205,363,0.0,0.0,0.0,91.01,91.01,0.0,53.93,53.93,0.0,0.0,0.0,0.0,201.58,201.58,0.0,813.47,796.22,17.25,0.0,0.0,0.0,0.0,0.0,0.0,
335513,SEAGATE REHABILITATION AND NURSING CENTER,BROOKLYN,NY,Kings,47,2019Q4,20191206,364,7.0,7.0,0.0,84.31,84.31,0.0,55.91,55.91,0.0,0.0,0.0,0.0,188.69,188.69,0.0,828.05,816.05,12.0,0.0,0.0,0.0,0.0,0.0,0.0,
335513,SEAGATE REHABILITATION AND NURSING CENTER,BROOKLYN,NY,Kings,47,2019Q4,20191207,362,0.0,0.0,0.0,43.24,43.24,0.0,37.09,37.09,0.0,0.0,0.0,0.0,163.21,163.21,0.0,795.77,788.77,7.0,0.0,0.0,0.0,0.0,0.0,0.0,
335513,SEAGATE REHABILITATION AND NURSING CENTER,BROOKLYN,NY,Kings,47,2019Q4,20191208,362,0.0,0.0,0.0,54.17,54.17,0.0,43.9,43.9,0.0,0.0,0.0,0.0,169.47,169.47,0.0,779.0,779.0,0.0,0.0,0.0,0.0,0.0,0.0,0.0,
335513,SEAGATE REHABILITATION AND NURSING CENTER,BROOKLYN,NY,Kings,47,2019Q4,20191209,360,7.0,7.0,0.0,85.43,85.43,0.0,56.13,56.13,0.0,0.0,0.0,0.0,190.14,190.14,0.0,801.9,780.93,20.97,0.0,0.0,0.0,0.0,0.0,0.0,
335513,SEAGATE REHABILITATION AND NURSING CENTER,BROOKLYN,NY,Kings,47,2019Q4,20191210,359,7.0,7.0,0.0,90.37,90.37,0.0,50.85,50.85,0.0,0.0,0.0,0.0,194.75,194.75,0.0,793.35,773.73,19.62,0.0,0.0,0.0,0.0,0.0,0.0,
335513,SEAGATE REHABILITATION AND NURSING CENTER,BROOKLYN,NY,Kings,47,2019Q4,20191211,357,7.0,7.0,0.0,83.8,83.8,0.0,59.68,59.68,0.0,0.0,0.0,0.0,199.92,199.92,0.0,815.12,797.04,18.08,0.0,0.0,0.0,0.0,0.0,0.0,
335513,SEAGATE REHABILITATION AND NURSING CENTER,BROOKLYN,NY,Kings,47,2019Q4,20191212,357,7.0,7.0,0.0,90.5,90.5,0.0,67.82,67.82,0.0,0.0,0.0,0.0,182.93,182.93,0.0,777.85,764.47,13.38,0.0,0.0,0.0,0.0,0.0,0.0,
335513,SEAGATE REHABILITATION AND NURSING CENTER,BROOKLYN,NY,Kings,47,2019Q4,20191213,357,7.0,7.0,0.0,84.46,84.46,0.0,58.02,58.02,0.0,0.0,0.0,0.0,186.38,186.38,0.0,776.98,753.0,23.98,0.0,0.0,0.0,0.0,0.0,0.0,
335513,SEAGATE REHABILITATION AND NURSING CENTER,BROOKLYN,NY,Kings,47,2019Q4,20191214,355,0.0,0.0,0.0,41.81,41.81,0.0,42.2,42.2,0.0,0.0,0.0,0.0,195.01,195.01,0.0,752.69,731.69,21.0,0.0,0.0,0.0,0.0,0.0,0.0,
335513,SEAGATE REHABILITATION AND NURSING CENTER,BROOKLYN,NY,Kings,47,2019Q4,20191215,355,0.0,0.0,0.0,41.92,41.92,0.0,48.08,48.08,0.0,0.0,0.0,0.0,187.69,187.69,0.0,753.16,732.16,21.0,0.0,0.0,0.0,0.0,0.0,0.0,
335513,SEAGATE REHABILITATION AND NURSING CENTER,BROOKLYN,NY,Kings,47,2019Q4,20191216,354,7.0,7.0,0.0,90.97,90.97,0.0,77.78,77.78,0.0,0.0,0.0,0.0,180.57,180.57,0.0,787.4,771.1,16.3,0.0,0.0,0.0,0.0,0.0,0.0,
335513,SEAGATE REHABILITATION AND NURSING CENTER,BROOKLYN,NY,Kings,47,2019Q4,20191217,353,7.0,7.0,0.0,97.09,97.09,0.0,53.93,53.93,0.0,0.0,0.0,0.0,202.86,202.86,0.0,795.49,774.82,20.67,0.0,0.0,0.0,0.0,0.0,0.0,
335513,SEAGATE REHABILITATION AND NURSING CENTER,BROOKLYN,NY,Kings,47,2019Q4,20191218,352,7.0,7.0,0.0,98.7,98.7,0.0,51.11,51.11,0.0,0.0,0.0,0.0,206.75,206.75,0.0,799.86,775.61,24.25,0.0,0.0,0.0,0.0,0.0,0.0,
335513,SEAGATE REHABILITATION AND NURSING CENTER,BROOKLYN,NY,Kings,47,2019Q4,20191219,350,7.0,7.0,0.0,98.24,98.24,0.0,67.89,67.89,0.0,0.0,0.0,0.0,190.2,190.2,0.0,774.38,758.38,16.0,0.0,0.0,0.0,0.0,0.0,0.0,
335513,SEAGATE REHABILITATION AND NURSING CENTER,BROOKLYN,NY,Kings,47,2019Q4,20191220,350,7.0,7.0,0.0,98.02,98.02,0.0,69.96,69.96,0.0,0.0,0.0,0.0,171.57,171.57,0.0,774.67,752.55,22.12,0.0,0.0,0.0,0.0,0.0,0.0,
335513,SEAGATE REHABILITATION AND NURSING CENTER,BROOKLYN,NY,Kings,47,2019Q4,20191221,349,0.0,0.0,0.0,42.07,42.07,0.0,37.15,37.15,0.0,0.0,0.0,0.0,167.22,167.22,0.0,745.28,745.28,0.0,0.0,0.0,0.0,0.0,0.0,0.0,
335513,SEAGATE REHABILITATION AND NURSING CENTER,BROOKLYN,NY,Kings,47,2019Q4,20191222,348,0.0,0.0,0.0,41.97,41.97,0.0,50.93,50.93,0.0,0.0,0.0,0.0,169.31,169.31,0.0,771.17,767.17,4.0,0.0,0.0,0.0,0.0,0.0,0.0,
335513,SEAGATE REHABILITATION AND NURSING CENTER,BROOKLYN,NY,Kings,47,2019Q4,20191223,346,7.0,7.0,0.0,95.65,95.65,0.0,44.93,44.93,0.0,0.0,0.0,0.0,204.54,204.54,0.0,786.71,766.46,20.25,0.0,0.0,0.0,0.0,0.0,0.0,
335513,SEAGATE REHABILITATION AND NURSING CENTER,BROOKLYN,NY,Kings,47,2019Q4,20191224,350,0.0,0.0,0.0,97.62,97.62,0.0,39.95,39.95,0.0,0.0,0.0,0.0,174.15,174.15,0.0,779.42,759.22,20.2,0.0,0.0,0.0,0.0,0.0,0.0,
335513,SEAGATE REHABILITATION AND NURSING CENTER,BROOKLYN,NY,Kings,47,2019Q4,20191225,349,0.0,0.0,0.0,42.07,42.07,0.0,46.19,46.19,0.0,0.0,0.0,0.0,168.84,168.84,0.0,765.65,753.65,12.0,0.0,0.0,0.0,0.0,0.0,0.0,
335513,SEAGATE REHABILITATION AND NURSING CENTER,BROOKLYN,NY,Kings,47,2019Q4,20191226,350,0.0,0.0,0.0,75.6,75.6,0.0,41.98,41.98,0.0,0.0,0.0,0.0,166.41,166.41,0.0,776.47,765.59,10.88,0.0,0.0,0.0,0.0,0.0,0.0,
335513,SEAGATE REHABILITATION AND NURSING CENTER,BROOKLYN,NY,Kings,47,2019Q4,20191227,349,0.0,0.0,0.0,78.98,78.98,0.0,48.9,48.9,0.0,0.0,0.0,0.0,166.05,166.05,0.0,758.83,739.83,19.0,0.0,0.0,0.0,0.0,0.0,0.0,
335513,SEAGATE REHABILITATION AND NURSING CENTER,BROOKLYN,NY,Kings,47,2019Q4,20191228,349,0.0,0.0,0.0,41.78,41.78,0.0,33.05,33.05,0.0,0.0,0.0,0.0,196.89,196.89,0.0,739.98,723.98,16.0,0.0,0.0,0.0,0.0,0.0,0.0,
335513,SEAGATE REHABILITATION AND NURSING CENTER,BROOKLYN,NY,Kings,47,2019Q4,20191229,349,0.0,0.0,0.0,41.07,41.07,0.0,29.97,29.97,0.0,0.0,0.0,0.0,200.47,200.47,0.0,757.53,736.53,21.0,0.0,0.0,0.0,0.0,0.0,0.0,
335513,SEAGATE REHABILITATION AND NURSING CENTER,BROOKLYN,NY,Kings,47,2019Q4,20191230,347,7.0,7.0,0.0,77.67,77.67,0.0,55.35,55.35,0.0,0.0,0.0,0.0,174.98,174.98,0.0,766.24,748.74,17.5,0.0,0.0,0.0,0.0,0.0,0.0,
335513,SEAGATE REHABILITATION AND NURSING CENTER,BROOKLYN,NY,Kings,47,2019Q4,20191231,348,7.0,7.0,0.0,78.91,78.91,0.0,51.75,51.75,0.0,0.0,0.0,0.0,172.88,172.88,0.0,767.74,753.24,14.5,0.0,0.0,0.0,0.0,0.0,0.0,
335513,SEAGATE REHABILITATION AND NURSING CENTER,BROOKLYN,NY,Kings,47,2020Q1,20200101,345,0.0,0.0,0.0,54.3,54.3,0.0,21.17,21.17,0.0,0.0,0.0,0.0,149.09,149.09,0.0,768.79,756.79,12.0,0.0,0.0,0.0,0.0,0.0,0.0,
335513,SEAGATE REHABILITATION AND NURSING CENTER,BROOKLYN,NY,Kings,47,2020Q1,20200102,346,7.0,7.0,0.0,84.3,84.3,0.0,55.2,55.2,0.0,0.0,0.0,0.0,180.56,180.56,0.0,778.25,758.7,19.55,0.0,0.0,0.0,0.0,0.0,0.0,
335513,SEAGATE REHABILITATION AND NURSING CENTER,BROOKLYN,NY,Kings,47,2020Q1,20200103,352,7.0,7.0,0.0,83.83,83.83,0.0,35.13,35.13,0.0,0.0,0.0,0.0,222.95,222.95,0.0,763.61,744.61,19.0,0.0,0.0,0.0,0.0,0.0,0.0,
335513,SEAGATE REHABILITATION AND NURSING CENTER,BROOKLYN,NY,Kings,47,2020Q1,20200104,347,0.0,0.0,0.0,43.73,43.73,0.0,44.17,44.17,0.0,0.0,0.0,0.0,170.53,170.53,0.0,765.85,765.85,0.0,0.0,0.0,0.0,0.0,0.0,0.0,
335513,SEAGATE REHABILITATION AND NURSING CENTER,BROOKLYN,NY,Kings,47,2020Q1,20200105,341,0.0,0.0,0.0,47.11,47.11,0.0,44.83,44.83,0.0,0.0,0.0,0.0,173.16,173.16,0.0,759.44,759.44,0.0,0.0,0.0,0.0,0.0,0.0,0.0,
335513,SEAGATE REHABILITATION AND NURSING CENTER,BROOKLYN,NY,Kings,47,2020Q1,20200106,339,7.0,7.0,0.0,91.2,91.2,0.0,37.03,37.03,0.0,0.0,0.0,0.0,206.12,206.12,0.0,781.41,763.91,17.5,0.0,0.0,0.0,0.0,0.0,0.0,
335513,SEAGATE REHABILITATION AND NURSING CENTER,BROOKLYN,NY,Kings,47,2020Q1,20200107,338,7.0,7.0,0.0,90.63,90.63,0.0,32.97,32.97,0.0,0.0,0.0,0.0,209.27,209.27,0.0,769.49,760.49,9.0,0.0,0.0,0.0,0.0,0.0,0.0,
335513,SEAGATE REHABILITATION AND NURSING CENTER,BROOKLYN,NY,Kings,47,2020Q1,20200108,338,7.0,7.0,0.0,90.88,90.88,0.0,37.07,37.07,0.0,0.0,0.0,0.0,213.88,213.88,0.0,795.69,780.99,14.7,0.0,0.0,0.0,0.0,0.0,0.0,
335513,SEAGATE REHABILITATION AND NURSING CENTER,BROOKLYN,NY,Kings,47,2020Q1,20200109,336,7.0,7.0,0.0,91.25,91.25,0.0,41.95,41.95,0.0,0.0,0.0,0.0,209.58,209.58,0.0,796.73,776.51,20.22,0.0,0.0,0.0,0.0,0.0,0.0,
335513,SEAGATE REHABILITATION AND NURSING CENTER,BROOKLYN,NY,Kings,47,2020Q1,20200110,337,7.0,7.0,0.0,91.52,91.52,0.0,41.98,41.98,0.0,0.0,0.0,0.0,188.47,188.47,0.0,771.88,749.15,22.73,0.0,0.0,0.0,0.0,0.0,0.0,
335513,SEAGATE REHABILITATION AND NURSING CENTER,BROOKLYN,NY,Kings,47,2020Q1,20200111,337,0.0,0.0,0.0,41.23,41.23,0.0,28.12,28.12,0.0,0.0,0.0,0.0,206.93,206.93,0.0,759.34,743.34,16.0,0.0,0.0,0.0,0.0,0.0,0.0,
335513,SEAGATE REHABILITATION AND NURSING CENTER,BROOKLYN,NY,Kings,47,2020Q1,20200112,336,0.0,0.0,0.0,42.2,42.2,0.0,27.92,27.92,0.0,0.0,0.0,0.0,203.12,203.12,0.0,756.42,735.42,21.0,0.0,0.0,0.0,0.0,0.0,0.0,
335513,SEAGATE REHABILITATION AND NURSING CENTER,BROOKLYN,NY,Kings,47,2020Q1,20200113,337,7.0,7.0,0.0,91.17,91.17,0.0,42.07,42.07,0.0,0.0,0.0,0.0,215.24,215.24,0.0,771.46,752.46,19.0,0.0,0.0,0.0,0.0,0.0,0.0,
335513,SEAGATE REHABILITATION AND NURSING CENTER,BROOKLYN,NY,Kings,47,2020Q1,20200114,334,7.0,7.0,0.0,111.62,111.62,0.0,30.05,30.05,0.0,0.0,0.0,0.0,220.78,220.78,0.0,784.11,770.91,13.2,0.0,0.0,0.0,0.0,0.0,0.0,
335513,SEAGATE REHABILITATION AND NURSING CENTER,BROOKLYN,NY,Kings,47,2020Q1,20200115,339,7.0,7.0,0.0,112.13,112.13,0.0,49.02,49.02,0.0,0.0,0.0,0.0,201.78,201.78,0.0,765.73,742.45,23.28,0.0,0.0,0.0,0.0,0.0,0.0,
335513,SEAGATE REHABILITATION AND NURSING CENTER,BROOKLYN,NY,Kings,47,2020Q1,20200116,342,7.0,7.0,0.0,119.0,119.0,0.0,41.55,41.55,0.0,0.0,0.0,0.0,211.19,211.19,0.0,791.29,769.29,22.0,0.0,0.0,0.0,0.0,0.0,0.0,
335513,SEAGATE REHABILITATION AND NURSING CENTER,BROOKLYN,NY,Kings,47,2020Q1,20200117,343,7.0,7.0,0.0,105.36,105.36,0.0,48.85,48.85,0.0,0.0,0.0,0.0,208.46,208.46,0.0,774.26,756.26,18.0,0.0,0.0,0.0,0.0,0.0,0.0,
335513,SEAGATE REHABILITATION AND NURSING CENTER,BROOKLYN,NY,Kings,47,2020Q1,20200118,341,0.0,0.0,0.0,41.5,41.5,0.0,30.12,30.12,0.0,0.0,0.0,0.0,167.81,167.81,0.0,780.35,780.35,0.0,0.0,0.0,0.0,0.0,0.0,0.0,
335513,SEAGATE REHABILITATION AND NURSING CENTER,BROOKLYN,NY,Kings,47,2020Q1,20200119,341,0.0,0.0,0.0,49.13,49.13,0.0,49.19,49.19,0.0,0.0,0.0,0.0,150.06,150.06,0.0,754.7,754.7,0.0,0.0,0.0,0.0,0.0,0.0,0.0,
335513,SEAGATE REHABILITATION AND NURSING CENTER,BROOKLYN,NY,Kings,47,2020Q1,20200120,339,0.0,0.0,0.0,70.0,70.0,0.0,39.77,39.77,0.0,0.0,0.0,0.0,203.2,203.2,0.0,753.6,739.6,14.0,0.0,0.0,0.0,0.0,0.0,0.0,
335513,SEAGATE REHABILITATION AND NURSING CENTER,BROOKLYN,NY,Kings,47,2020Q1,20200121,340,7.0,7.0,0.0,119.13,119.13,0.0,48.95,48.95,0.0,0.0,0.0,0.0,222.31,222.31,0.0,782.82,768.82,14.0,0.0,0.0,0.0,0.0,0.0,0.0,
335513,SEAGATE REHABILITATION AND NURSING CENTER,BROOKLYN,NY,Kings,47,2020Q1,20200122,337,0.0,0.0,0.0,97.77,97.77,0.0,51.12,51.12,0.0,0.0,0.0,0.0,229.05,229.05,0.0,781.17,774.17,7.0,0.0,0.0,0.0,0.0,0.0,0.0,
335513,SEAGATE REHABILITATION AND NURSING CENTER,BROOKLYN,NY,Kings,47,2020Q1,20200123,342,0.0,0.0,0.0,105.0,105.0,0.0,56.0,56.0,0.0,0.0,0.0,0.0,216.61,216.61,0.0,777.41,770.41,7.0,0.0,0.0,0.0,0.0,0.0,0.0,
335513,SEAGATE REHABILITATION AND NURSING CENTER,BROOKLYN,NY,Kings,47,2020Q1,20200124,340,0.0,0.0,0.0,98.75,98.75,0.0,55.85,55.85,0.0,0.0,0.0,0.0,196.24,196.24,0.0,779.34,772.34,7.0,0.0,0.0,0.0,0.0,0.0,0.0,
335513,SEAGATE REHABILITATION AND NURSING CENTER,BROOKLYN,NY,Kings,47,2020Q1,20200125,337,0.0,0.0,0.0,41.19,41.19,0.0,26.08,26.08,0.0,0.0,0.0,0.0,198.46,198.46,0.0,763.26,749.26,14.0,0.0,0.0,0.0,0.0,0.0,0.0,
335513,SEAGATE REHABILITATION AND NURSING CENTER,BROOKLYN,NY,Kings,47,2020Q1,20200126,336,0.0,0.0,0.0,42.25,42.25,0.0,35.0,35.0,0.0,0.0,0.0,0.0,199.32,199.32,0.0,776.66,762.66,14.0,0.0,0.0,0.0,0.0,0.0,0.0,
335513,SEAGATE REHABILITATION AND NURSING CENTER,BROOKLYN,NY,Kings,47,2020Q1,20200127,338,7.0,7.0,0.0,90.87,90.87,0.0,51.05,51.05,0.0,0.0,0.0,0.0,179.76,179.76,0.0,794.66,778.16,16.5,0.0,0.0,0.0,0.0,0.0,0.0,
335513,SEAGATE REHABILITATION AND NURSING CENTER,BROOKLYN,NY,Kings,47,2020Q1,20200128,339,7.0,7.0,0.0,84.28,84.28,0.0,63.08,63.08,0.0,0.0,0.0,0.0,202.07,202.07,0.0,763.48,753.2,10.28,0.0,0.0,0.0,0.0,0.0,0.0,
335513,SEAGATE REHABILITATION AND NURSING CENTER,BROOKLYN,NY,Kings,47,2020Q1,20200129,346,7.0,7.0,0.0,83.52,83.52,0.0,69.88,62.88,7.0,0.0,0.0,0.0,216.78,216.78,0.0,805.52,787.74,17.78,0.0,0.0,0.0,0.0,0.0,0.0,
335513,SEAGATE REHABILITATION AND NURSING CENTER,BROOKLYN,NY,Kings,47,2020Q1,20200130,345,7.0,7.0,0.0,79.22,79.22,0.0,74.97,67.97,7.0,0.0,0.0,0.0,217.64,217.64,0.0,775.24,758.11,17.13,0.0,0.0,0.0,0.0,0.0,0.0,
335513,SEAGATE REHABILITATION AND NURSING CENTER,BROOKLYN,NY,Kings,47,2020Q1,20200131,349,7.0,7.0,0.0,88.96,88.96,0.0,62.91,62.91,0.0,0.0,0.0,0.0,202.84,202.84,0.0,795.41,781.41,14.0,0.0,0.0,0.0,0.0,0.0,0.0,
335513,SEAGATE REHABILITATION AND NURSING CENTER,BROOKLYN,NY,Kings,47,2020Q1,20200201,349,0.0,0.0,0.0,43.64,43.64,0.0,37.22,37.22,0.0,0.0,0.0,0.0,165.78,165.78,0.0,742.91,735.91,7.0,0.0,0.0,0.0,0.0,0.0,0.0,
335513,SEAGATE REHABILITATION AND NURSING CENTER,BROOKLYN,NY,Kings,47,2020Q1,20200202,351,0.0,0.0,0.0,47.18,47.18,0.0,43.9,43.9,0.0,0.0,0.0,0.0,166.85,166.85,0.0,747.5,747.5,0.0,0.0,0.0,0.0,0.0,0.0,0.0,
335513,SEAGATE REHABILITATION AND NURSING CENTER,BROOKLYN,NY,Kings,47,2020Q1,20200203,353,7.0,7.0,0.0,82.3,82.3,0.0,52.02,52.02,0.0,0.0,0.0,0.0,199.18,199.18,0.0,766.34,753.46,12.88,0.0,0.0,0.0,0.0,0.0,0.0,
335513,SEAGATE REHABILITATION AND NURSING CENTER,BROOKLYN,NY,Kings,47,2020Q1,20200204,355,7.0,7.0,0.0,83.8,83.8,0.0,67.13,67.13,0.0,0.0,0.0,0.0,225.29,225.29,0.0,800.93,797.56,3.37,0.0,0.0,0.0,0.0,0.0,0.0,
335513,SEAGATE REHABILITATION AND NURSING CENTER,BROOKLYN,NY,Kings,47,2020Q1,20200205,355,7.0,7.0,0.0,76.97,76.97,0.0,65.0,65.0,0.0,0.0,0.0,0.0,223.39,223.39,0.0,784.92,773.14,11.78,0.0,0.0,0.0,0.0,0.0,0.0,
335513,SEAGATE REHABILITATION AND NURSING CENTER,BROOKLYN,NY,Kings,47,2020Q1,20200206,356,7.0,7.0,0.0,78.92,78.92,0.0,60.97,60.97,0.0,0.0,0.0,0.0,207.62,207.62,0.0,774.3,751.17,23.13,0.0,0.0,0.0,0.0,0.0,0.0,
335513,SEAGATE REHABILITATION AND NURSING CENTER,BROOKLYN,NY,Kings,47,2020Q1,20200207,357,7.0,7.0,0.0,77.5,77.5,0.0,56.02,56.02,0.0,0.0,0.0,0.0,204.67,204.67,0.0,780.96,768.31,12.65,0.0,0.0,0.0,0.0,0.0,0.0,
335513,SEAGATE REHABILITATION AND NURSING CENTER,BROOKLYN,NY,Kings,47,2020Q1,20200208,357,0.0,0.0,0.0,41.25,41.25,0.0,25.95,25.95,0.0,0.0,0.0,0.0,211.05,211.05,0.0,760.23,746.23,14.0,0.0,0.0,0.0,0.0,0.0,0.0,
335513,SEAGATE REHABILITATION AND NURSING CENTER,BROOKLYN,NY,Kings,47,2020Q1,20200209,355,0.0,0.0,0.0,41.98,41.98,0.0,22.93,22.93,0.0,0.0,0.0,0.0,209.03,209.03,0.0,760.27,746.27,14.0,0.0,0.0,0.0,0.0,0.0,0.0,
335513,SEAGATE REHABILITATION AND NURSING CENTER,BROOKLYN,NY,Kings,47,2020Q1,20200210,352,0.0,0.0,0.0,76.79,76.79,0.0,58.28,58.28,0.0,0.0,0.0,0.0,200.44,200.44,0.0,786.57,765.12,21.45,0.0,0.0,0.0,0.0,0.0,0.0,
335513,SEAGATE REHABILITATION AND NURSING CENTER,BROOKLYN,NY,Kings,47,2020Q1,20200211,354,0.0,0.0,0.0,70.11,70.11,0.0,46.82,46.82,0.0,0.0,0.0,0.0,211.3,211.3,0.0,791.08,773.23,17.85,0.0,0.0,0.0,0.0,0.0,0.0,
335513,SEAGATE REHABILITATION AND NURSING CENTER,BROOKLYN,NY,Kings,47,2020Q1,20200212,358,7.0,7.0,0.0,83.95,83.95,0.0,65.0,65.0,0.0,0.0,0.0,0.0,206.48,206.48,0.0,769.85,762.85,7.0,0.0,0.0,0.0,0.0,0.0,0.0,
335513,SEAGATE REHABILITATION AND NURSING CENTER,BROOKLYN,NY,Kings,47,2020Q1,20200213,359,7.0,7.0,0.0,77.19,77.19,0.0,65.97,65.97,0.0,0.0,0.0,0.0,211.83,211.83,0.0,794.72,772.59,22.13,0.0,0.0,0.0,0.0,0.0,0.0,
335513,SEAGATE REHABILITATION AND NURSING CENTER,BROOKLYN,NY,Kings,47,2020Q1,20200214,361,7.0,7.0,0.0,76.95,76.95,0.0,44.05,44.05,0.0,0.0,0.0,0.0,221.17,221.17,0.0,776.87,761.9,14.97,0.0,0.0,0.0,0.0,0.0,0.0,
335513,SEAGATE REHABILITATION AND NURSING CENTER,BROOKLYN,NY,Kings,47,2020Q1,20200215,361,0.0,0.0,0.0,41.86,41.86,0.0,32.41,32.41,0.0,0.0,0.0,0.0,185.64,185.64,0.0,758.19,758.19,0.0,0.0,0.0,0.0,0.0,0.0,0.0,
335513,SEAGATE REHABILITATION AND NURSING CENTER,BROOKLYN,NY,Kings,47,2020Q1,20200216,359,0.0,0.0,0.0,42.0,42.0,0.0,53.99,53.99,0.0,0.0,0.0,0.0,180.98,180.98,0.0,761.39,761.39,0.0,0.0,0.0,0.0,0.0,0.0,0.0,
335513,SEAGATE REHABILITATION AND NURSING CENTER,BROOKLYN,NY,Kings,47,2020Q1,20200217,355,0.0,0.0,0.0,48.99,48.99,0.0,47.37,47.37,0.0,0.0,0.0,0.0,210.64,210.64,0.0,760.11,753.11,7.0,0.0,0.0,0.0,0.0,0.0,0.0,
335513,SEAGATE REHABILITATION AND NURSING CENTER,BROOKLYN,NY,Kings,47,2020Q1,20200218,353,7.0,7.0,0.0,84.21,84.21,0.0,51.24,48.41,2.83,0.0,0.0,0.0,222.96,222.96,0.0,783.1,771.58,11.52,0.0,0.0,0.0,0.0,0.0,0.0,
335513,SEAGATE REHABILITATION AND NURSING CENTER,BROOKLYN,NY,Kings,47,2020Q1,20200219,353,0.0,0.0,0.0,83.88,83.88,0.0,49.9,49.9,0.0,0.0,0.0,0.0,215.35,215.35,0.0,774.9,763.73,11.17,0.0,0.0,0.0,0.0,0.0,0.0,
335513,SEAGATE REHABILITATION AND NURSING CENTER,BROOKLYN,NY,Kings,47,2020Q1,20200220,353,0.0,0.0,0.0,83.78,83.78,0.0,55.98,55.98,0.0,0.0,0.0,0.0,207.65,207.65,0.0,781.88,778.5,3.38,0.0,0.0,0.0,0.0,0.0,0.0,
335513,SEAGATE REHABILITATION AND NURSING CENTER,BROOKLYN,NY,Kings,47,2020Q1,20200221,348,7.0,7.0,0.0,84.4,84.4,0.0,49.0,49.0,0.0,0.0,0.0,0.0,215.47,215.47,0.0,764.09,754.26,9.83,0.0,0.0,0.0,0.0,0.0,0.0,
335513,SEAGATE REHABILITATION AND NURSING CENTER,BROOKLYN,NY,Kings,47,2020Q1,20200222,350,0.0,0.0,0.0,41.67,41.67,0.0,25.97,25.97,0.0,0.0,0.0,0.0,210.06,210.06,0.0,760.31,753.31,7.0,0.0,0.0,0.0,0.0,0.0,0.0,
335513,SEAGATE REHABILITATION AND NURSING CENTER,BROOKLYN,NY,Kings,47,2020Q1,20200223,350,0.0,0.0,0.0,41.78,41.78,0.0,28.0,28.0,0.0,0.0,0.0,0.0,216.37,216.37,0.0,769.05,762.05,7.0,0.0,0.0,0.0,0.0,0.0,0.0,
335513,SEAGATE REHABILITATION AND NURSING CENTER,BROOKLYN,NY,Kings,47,2020Q1,20200224,348,7.0,7.0,0.0,83.06,83.06,0.0,72.03,72.03,0.0,0.0,0.0,0.0,207.34,207.34,0.0,782.61,769.99,12.62,0.0,0.0,0.0,0.0,0.0,0.0,
335513,SEAGATE REHABILITATION AND NURSING CENTER,BROOKLYN,NY,Kings,47,2020Q1,20200225,352,7.0,7.0,0.0,104.78,104.78,0.0,70.0,70.0,0.0,0.0,0.0,0.0,208.64,208.64,0.0,768.8,768.8,0.0,0.0,0.0,0.0,0.0,0.0,0.0,
335513,SEAGATE REHABILITATION AND NURSING CENTER,BROOKLYN,NY,Kings,47,2020Q1,20200226,351,7.0,7.0,0.0,98.18,98.18,0.0,79.23,79.23,0.0,0.0,0.0,0.0,199.75,199.75,0.0,777.64,773.37,4.27,0.0,0.0,0.0,0.0,0.0,0.0,
335513,SEAGATE REHABILITATION AND NURSING CENTER,BROOKLYN,NY,Kings,47,2020Q1,20200227,350,7.0,7.0,0.0,84.22,84.22,0.0,60.81,60.81,0.0,0.0,0.0,0.0,217.61,217.61,0.0,768.45,756.68,11.77,0.0,0.0,0.0,0.0,0.0,0.0,
335513,SEAGATE REHABILITATION AND NURSING CENTER,BROOKLYN,NY,Kings,47,2020Q1,20200228,349,7.0,7.0,0.0,84.16,84.16,0.0,74.07,74.07,0.0,0.0,0.0,0.0,195.12,195.12,0.0,774.61,759.59,15.02,0.0,0.0,0.0,0.0,0.0,0.0,
335513,SEAGATE REHABILITATION AND NURSING CENTER,BROOKLYN,NY,Kings,47,2020Q1,20200229,349,0.0,0.0,0.0,41.5,41.5,0.0,46.17,46.17,0.0,0.0,0.0,0.0,191.93,191.93,0.0,780.98,773.98,7.0,0.0,0.0,0.0,0.0,0.0,0.0,
335513,SEAGATE REHABILITATION AND NURSING CENTER,BROOKLYN,NY,Kings,47,2020Q1,20200301,348,0.0,0.0,0.0,41.77,41.77,0.0,70.03,70.03,0.0,0.0,0.0,0.0,167.38,167.38,0.0,756.79,756.79,0.0,0.0,0.0,0.0,0.0,0.0,0.0,
335513,SEAGATE REHABILITATION AND NURSING CENTER,BROOKLYN,NY,Kings,47,2020Q1,20200302,348,7.0,7.0,0.0,84.18,84.18,0.0,51.95,51.95,0.0,0.0,0.0,0.0,182.81,182.81,0.0,799.32,783.72,15.6,0.0,0.0,0.0,0.0,0.0,0.0,
335513,SEAGATE REHABILITATION AND NURSING CENTER,BROOKLYN,NY,Kings,47,2020Q1,20200303,350,7.0,7.0,0.0,76.87,76.87,0.0,55.87,55.87,0.0,0.0,0.0,0.0,222.44,222.44,0.0,788.14,775.61,12.53,0.0,0.0,0.0,0.0,0.0,0.0,
335513,SEAGATE REHABILITATION AND NURSING CENTER,BROOKLYN,NY,Kings,47,2020Q1,20200304,351,7.0,7.0,0.0,84.07,84.07,0.0,65.16,65.16,0.0,0.0,0.0,0.0,212.28,212.28,0.0,815.47,815.47,0.0,0.0,0.0,0.0,0.0,0.0,0.0,
335513,SEAGATE REHABILITATION AND NURSING CENTER,BROOKLYN,NY,Kings,47,2020Q1,20200305,348,7.0,7.0,0.0,83.92,83.92,0.0,61.73,61.73,0.0,0.0,0.0,0.0,208.38,208.38,0.0,782.6,771.03,11.57,0.0,0.0,0.0,0.0,0.0,0.0,
335513,SEAGATE REHABILITATION AND NURSING CENTER,BROOKLYN,NY,Kings,47,2020Q1,20200306,349,7.0,7.0,0.0,84.13,84.13,0.0,89.87,89.87,0.0,0.0,0.0,0.0,203.24,203.24,0.0,769.58,762.58,7.0,0.0,0.0,0.0,0.0,0.0,0.0,
335513,SEAGATE REHABILITATION AND NURSING CENTER,BROOKLYN,NY,Kings,47,2020Q1,20200307,349,0.0,0.0,0.0,47.2,47.2,0.0,30.65,30.65,0.0,0.0,0.0,0.0,206.92,206.92,0.0,759.73,752.73,7.0,0.0,0.0,0.0,0.0,0.0,0.0,
335513,SEAGATE REHABILITATION AND NURSING CENTER,BROOKLYN,NY,Kings,47,2020Q1,20200308,348,0.0,0.0,0.0,40.3,40.3,0.0,41.62,41.62,0.0,0.0,0.0,0.0,172.85,172.85,0.0,742.2,735.2,7.0,0.0,0.0,0.0,0.0,0.0,0.0,
335513,SEAGATE REHABILITATION AND NURSING CENTER,BROOKLYN,NY,Kings,47,2020Q1,20200309,352,7.0,7.0,0.0,84.08,84.08,0.0,62.14,62.14,0.0,0.0,0.0,0.0,208.87,208.87,0.0,776.91,766.28,10.63,0.0,0.0,0.0,0.0,0.0,0.0,
335513,SEAGATE REHABILITATION AND NURSING CENTER,BROOKLYN,NY,Kings,47,2020Q1,20200310,352,7.0,7.0,0.0,84.05,84.05,0.0,62.9,62.9,0.0,0.0,0.0,0.0,208.82,208.82,0.0,774.72,773.34,1.38,0.0,0.0,0.0,0.0,0.0,0.0,
335513,SEAGATE REHABILITATION AND NURSING CENTER,BROOKLYN,NY,Kings,47,2020Q1,20200311,351,7.0,7.0,0.0,83.98,83.98,0.0,77.17,77.17,0.0,0.0,0.0,0.0,193.97,193.97,0.0,789.06,777.08,11.98,0.0,0.0,0.0,0.0,0.0,0.0,
335513,SEAGATE REHABILITATION AND NURSING CENTER,BROOKLYN,NY,Kings,47,2020Q1,20200312,355,7.0,7.0,0.0,84.14,84.14,0.0,69.85,69.85,0.0,0.0,0.0,0.0,209.27,209.27,0.0,782.7,771.2,11.5,0.0,0.0,0.0,0.0,0.0,0.0,
335513,SEAGATE REHABILITATION AND NURSING CENTER,BROOKLYN,NY,Kings,47,2020Q1,20200313,354,7.0,7.0,0.0,84.01,84.01,0.0,53.95,53.95,0.0,0.0,0.0,0.0,217.26,217.26,0.0,788.47,773.65,14.82,0.0,0.0,0.0,0.0,0.0,0.0,
335513,SEAGATE REHABILITATION AND NURSING CENTER,BROOKLYN,NY,Kings,47,2020Q1,20200314,354,0.0,0.0,0.0,41.52,41.52,0.0,32.1,32.1,0.0,0.0,0.0,0.0,190.98,190.98,0.0,759.48,759.48,0.0,0.0,0.0,0.0,0.0,0.0,0.0,
335513,SEAGATE REHABILITATION AND NURSING CENTER,BROOKLYN,NY,Kings,47,2020Q1,20200315,354,0.0,0.0,0.0,42.5,42.5,0.0,46.93,46.93,0.0,0.0,0.0,0.0,176.75,176.75,0.0,771.95,764.95,7.0,0.0,0.0,0.0,0.0,0.0,0.0,
335513,SEAGATE REHABILITATION AND NURSING CENTER,BROOKLYN,NY,Kings,47,2020Q1,20200316,354,7.0,7.0,0.0,83.9,83.9,0.0,61.01,61.01,0.0,0.0,0.0,0.0,197.42,197.42,0.0,767.72,760.72,7.0,0.0,0.0,0.0,0.0,0.0,0.0,
335513,SEAGATE REHABILITATION AND NURSING CENTER,BROOKLYN,NY,Kings,47,2020Q1,20200317,355,7.0,7.0,0.0,81.13,81.13,0.0,58.0,58.0,0.0,0.0,0.0,0.0,212.29,212.29,0.0,770.23,763.23,7.0,0.0,0.0,0.0,0.0,0.0,0.0,
335513,SEAGATE REHABILITATION AND NURSING CENTER,BROOKLYN,NY,Kings,47,2020Q1,20200318,353,7.0,7.0,0.0,83.5,83.5,0.0,77.0,77.0,0.0,0.0,0.0,0.0,188.05,188.05,0.0,772.53,772.53,0.0,0.0,0.0,0.0,0.0,0.0,0.0,
335513,SEAGATE REHABILITATION AND NURSING CENTER,BROOKLYN,NY,Kings,47,2020Q1,20200319,353,7.0,7.0,0.0,84.0,84.0,0.0,70.02,70.02,0.0,0.0,0.0,0.0,194.72,194.72,0.0,767.49,767.49,0.0,0.0,0.0,0.0,0.0,0.0,0.0,
335513,SEAGATE REHABILITATION AND NURSING CENTER,BROOKLYN,NY,Kings,47,2020Q1,20200320,353,7.0,7.0,0.0,83.96,83.96,0.0,60.88,60.88,0.0,0.0,0.0,0.0,196.79,196.79,0.0,771.98,764.9,7.08,0.0,0.0,0.0,0.0,0.0,0.0,
335513,SEAGATE REHABILITATION AND NURSING CENTER,BROOKLYN,NY,Kings,47,2020Q1,20200321,353,0.0,0.0,0.0,42.12,42.12,0.0,28.15,28.15,0.0,0.0,0.0,0.0,193.66,193.66,0.0,767.14,767.14,0.0,0.0,0.0,0.0,0.0,0.0,0.0,
335513,SEAGATE REHABILITATION AND NURSING CENTER,BROOKLYN,NY,Kings,47,2020Q1,20200322,352,0.0,0.0,0.0,40.08,40.08,0.0,27.97,27.97,0.0,0.0,0.0,0.0,201.13,201.13,0.0,762.02,762.02,0.0,0.0,0.0,0.0,0.0,0.0,0.0,
335513,SEAGATE REHABILITATION AND NURSING CENTER,BROOKLYN,NY,Kings,47,2020Q1,20200323,350,7.0,7.0,0.0,80.96,80.96,0.0,51.1,51.1,0.0,0.0,0.0,0.0,214.33,214.33,0.0,778.23,775.65,2.58,0.0,0.0,0.0,0.0,0.0,0.0,
335513,SEAGATE REHABILITATION AND NURSING CENTER,BROOKLYN,NY,Kings,47,2020Q1,20200324,349,7.0,7.0,0.0,85.3,85.3,0.0,46.8,46.8,0.0,0.0,0.0,0.0,212.0,212.0,0.0,773.03,768.91,4.12,0.0,0.0,0.0,0.0,0.0,0.0,
335513,SEAGATE REHABILITATION AND NURSING CENTER,BROOKLYN,NY,Kings,47,2020Q1,20200325,347,7.0,7.0,0.0,77.43,77.43,0.0,51.08,51.08,0.0,0.0,0.0,0.0,205.0,205.0,0.0,762.18,762.18,0.0,0.0,0.0,0.0,0.0,0.0,0.0,
335513,SEAGATE REHABILITATION AND NURSING CENTER,BROOKLYN,NY,Kings,47,2020Q1,20200326,349,7.0,7.0,0.0,83.86,83.86,0.0,54.0,54.0,0.0,0.0,0.0,0.0,200.0,200.0,0.0,758.62,751.62,7.0,0.0,0.0,0.0,0.0,0.0,0.0,
335513,SEAGATE REHABILITATION AND NURSING CENTER,BROOKLYN,NY,Kings,47,2020Q1,20200327,349,7.0,7.0,0.0,97.75,97.75,0.0,55.92,55.92,0.0,0.0,0.0,0.0,187.83,187.83,0.0,759.78,752.46,7.32,0.0,0.0,0.0,0.0,0.0,0.0,
335513,SEAGATE REHABILITATION AND NURSING CENTER,BROOKLYN,NY,Kings,47,2020Q1,20200328,348,0.0,0.0,0.0,43.87,43.87,0.0,30.05,30.05,0.0,0.0,0.0,0.0,176.0,176.0,0.0,753.6,746.6,7.0,0.0,0.0,0.0,0.0,0.0,0.0,
335513,SEAGATE REHABILITATION AND NURSING CENTER,BROOKLYN,NY,Kings,47,2020Q1,20200329,347,0.0,0.0,0.0,41.26,41.26,0.0,41.96,41.96,0.0,0.0,0.0,0.0,162.05,162.05,0.0,741.87,741.87,0.0,0.0,0.0,0.0,0.0,0.0,0.0,
335513,SEAGATE REHABILITATION AND NURSING CENTER,BROOKLYN,NY,Kings,47,2020Q1,20200330,346,7.0,7.0,0.0,82.07,82.07,0.0,61.03,61.03,0.0,0.0,0.0,0.0,182.73,182.73,0.0,761.44,754.44,7.0,0.0,0.0,0.0,0.0,0.0,0.0,
335513,SEAGATE REHABILITATION AND NURSING CENTER,BROOKLYN,NY,Kings,47,2020Q1,20200331,345,7.0,7.0,0.0,72.02,72.02,0.0,37.14,37.14,0.0,0.0,0.0,0.0,180.87,180.87,0.0,721.74,710.27,11.47,0.0,0.0,0.0,0.0,0.0,0.0,
335513,SEAGATE REHABILITATION AND NURSING CENTER,BROOKLYN,NY,Kings,47,2020Q2,20200401,343,7.0,7.0,0.0,88.05,88.05,0.0,55.85,55.85,0.0,0.0,0.0,0.0,170.0,170.0,0.0,712.0,705.0,7.0,0.0,0.0,0.0,0.0,0.0,0.0,
335513,SEAGATE REHABILITATION AND NURSING CENTER,BROOKLYN,NY,Kings,47,2020Q2,20200402,341,7.0,7.0,0.0,76.8,76.8,0.0,42.91,42.91,0.0,0.0,0.0,0.0,159.63,159.63,0.0,682.93,682.93,0.0,0.0,0.0,0.0,0.0,0.0,0.0,
335513,SEAGATE REHABILITATION AND NURSING CENTER,BROOKLYN,NY,Kings,47,2020Q2,20200403,334,7.0,7.0,0.0,81.54,81.54,0.0,39.9,39.9,0.0,0.0,0.0,0.0,149.0,149.0,0.0,597.0,597.0,0.0,0.0,0.0,0.0,0.0,0.0,0.0,
335513,SEAGATE REHABILITATION AND NURSING CENTER,BROOKLYN,NY,Kings,47,2020Q2,20200404,332,0.0,0.0,0.0,42.31,42.31,0.0,22.1,22.1,0.0,0.0,0.0,0.0,163.48,163.48,0.0,568.52,561.52,7.0,0.0,0.0,0.0,0.0,0.0,0.0,
335513,SEAGATE REHABILITATION AND NURSING CENTER,BROOKLYN,NY,Kings,47,2020Q2,20200405,328,0.0,0.0,0.0,40.99,40.99,0.0,27.0,27.0,0.0,0.0,0.0,0.0,177.0,177.0,0.0,599.5,599.5,0.0,0.0,0.0,0.0,0.0,0.0,0.0,
335513,SEAGATE REHABILITATION AND NURSING CENTER,BROOKLYN,NY,Kings,47,2020Q2,20200406,324,7.0,7.0,0.0,87.11,87.11,0.0,50.59,50.59,0.0,0.0,0.0,0.0,134.27,134.27,0.0,598.58,591.58,7.0,0.0,0.0,0.0,0.0,0.0,0.0,
335513,SEAGATE REHABILITATION AND NURSING CENTER,BROOKLYN,NY,Kings,47,2020Q2,20200407,323,7.0,7.0,0.0,86.92,86.92,0.0,62.75,62.75,0.0,0.0,0.0,0.0,124.0,124.0,0.0,612.51,612.51,0.0,0.0,0.0,0.0,0.0,0.0,0.0,
335513,SEAGATE REHABILITATION AND NURSING CENTER,BROOKLYN,NY,Kings,47,2020Q2,20200408,321,7.0,7.0,0.0,78.42,78.42,0.0,45.0,45.0,0.0,0.0,0.0,0.0,150.63,150.63,0.0,633.0,626.0,7.0,0.0,0.0,0.0,0.0,0.0,0.0,
335513,SEAGATE REHABILITATION AND NURSING CENTER,BROOKLYN,NY,Kings,47,2020Q2,20200409,318,7.0,7.0,0.0,64.5,64.5,0.0,51.03,51.03,0.0,0.0,0.0,0.0,146.23,146.23,0.0,625.38,618.38,7.0,0.0,0.0,0.0,0.0,0.0,0.0,
335513,SEAGATE REHABILITATION AND NURSING CENTER,BROOKLYN,NY,Kings,47,2020Q2,20200410,310,7.0,7.0,0.0,65.92,65.92,0.0,60.07,60.07,0.0,0.0,0.0,0.0,151.68,151.68,0.0,618.35,611.35,7.0,0.0,0.0,0.0,0.0,0.0,0.0,
335513,SEAGATE REHABILITATION AND NURSING CENTER,BROOKLYN,NY,Kings,47,2020Q2,20200411,303,0.0,0.0,0.0,32.3,32.3,0.0,23.1,23.1,0.0,0.0,0.0,0.0,167.0,167.0,0.0,573.97,573.97,0.0,0.0,0.0,0.0,0.0,0.0,0.0,
335513,SEAGATE REHABILITATION AND NURSING CENTER,BROOKLYN,NY,Kings,47,2020Q2,20200412,297,7.0,7.0,0.0,71.13,71.13,0.0,29.92,29.92,0.0,0.0,0.0,0.0,125.79,125.79,0.0,567.87,567.87,0.0,0.0,0.0,0.0,0.0,0.0,0.0,
335513,SEAGATE REHABILITATION AND NURSING CENTER,BROOKLYN,NY,Kings,47,2020Q2,20200413,289,7.0,7.0,0.0,86.25,86.25,0.0,45.48,45.48,0.0,0.0,0.0,0.0,114.64,114.64,0.0,628.08,619.08,9.0,0.0,0.0,0.0,0.0,0.0,0.0,
335513,SEAGATE REHABILITATION AND NURSING CENTER,BROOKLYN,NY,Kings,47,2020Q2,20200414,287,7.0,7.0,0.0,78.69,78.69,0.0,42.0,42.0,0.0,0.0,0.0,0.0,137.07,137.07,0.0,650.33,636.33,14.0,0.0,0.0,0.0,0.0,0.0,0.0,
335513,SEAGATE REHABILITATION AND NURSING CENTER,BROOKLYN,NY,Kings,47,2020Q2,20200415,291,7.0,7.0,0.0,82.22,82.22,0.0,35.0,35.0,0.0,0.0,0.0,0.0,139.63,139.63,0.0,650.1,623.1,27.0,0.0,0.0,0.0,0.0,0.0,0.0,
335513,SEAGATE REHABILITATION AND NURSING CENTER,BROOKLYN,NY,Kings,47,2020Q2,20200416,287,7.0,7.0,0.0,67.56,67.56,0.0,49.0,49.0,0.0,0.0,0.0,0.0,152.42,152.42,0.0,648.21,636.21,12.0,0.0,0.0,0.0,0.0,0.0,0.0,
335513,SEAGATE REHABILITATION AND NURSING CENTER,BROOKLYN,NY,Kings,47,2020Q2,20200417,283,7.0,7.0,0.0,85.98,85.98,0.0,35.0,35.0,0.0,0.0,0.0,0.0,145.12,145.12,0.0,649.87,635.87,14.0,0.0,0.0,0.0,0.0,0.0,0.0,
335513,SEAGATE REHABILITATION AND NURSING CENTER,BROOKLYN,NY,Kings,47,2020Q2,20200418,282,0.0,0.0,0.0,31.52,31.52,0.0,14.0,14.0,0.0,0.0,0.0,0.0,182.6,182.6,0.0,654.85,638.85,16.0,0.0,0.0,0.0,0.0,0.0,0.0,
335513,SEAGATE REHABILITATION AND NURSING CENTER,BROOKLYN,NY,Kings,47,2020Q2,20200419,277,0.0,0.0,0.0,32.18,32.18,0.0,21.0,21.0,0.0,0.0,0.0,0.0,187.25,187.25,0.0,619.0,605.0,14.0,0.0,0.0,0.0,0.0,0.0,0.0,
335513,SEAGATE REHABILITATION AND NURSING CENTER,BROOKLYN,NY,Kings,47,2020Q2,20200420,276,7.0,7.0,0.0,66.36,66.36,0.0,53.0,53.0,0.0,0.0,0.0,0.0,150.45,150.45,0.0,645.83,624.83,21.0,0.0,0.0,0.0,0.0,0.0,0.0,
335513,SEAGATE REHABILITATION AND NURSING CENTER,BROOKLYN,NY,Kings,47,2020Q2,20200421,276,7.0,7.0,0.0,55.4,55.4,0.0,44.0,44.0,0.0,0.0,0.0,0.0,200.09,200.09,0.0,635.92,621.92,14.0,0.0,0.0,0.0,0.0,0.0,0.0,
335513,SEAGATE REHABILITATION AND NURSING CENTER,BROOKLYN,NY,Kings,47,2020Q2,20200422,273,7.0,7.0,0.0,49.93,49.93,0.0,21.0,21.0,0.0,0.0,0.0,0.0,197.6,197.6,0.0,652.28,631.28,21.0,0.0,0.0,0.0,0.0,0.0,0.0,
335513,SEAGATE REHABILITATION AND NURSING CENTER,BROOKLYN,NY,Kings,47,2020Q2,20200423,269,7.0,7.0,0.0,48.93,48.93,0.0,7.0,7.0,0.0,0.0,0.0,0.0,208.15,208.15,0.0,635.0,621.0,14.0,0.0,0.0,0.0,0.0,0.0,0.0,
335513,SEAGATE REHABILITATION AND NURSING CENTER,BROOKLYN,NY,Kings,47,2020Q2,20200424,267,7.0,7.0,0.0,44.7,44.7,0.0,28.0,28.0,0.0,0.0,0.0,0.0,192.65,192.65,0.0,645.13,633.13,12.0,0.0,0.0,0.0,0.0,0.0,0.0,
335513,SEAGATE REHABILITATION AND NURSING CENTER,BROOKLYN,NY,Kings,47,2020Q2,20200425,267,0.0,0.0,0.0,28.44,28.44,0.0,14.0,14.0,0.0,0.0,0.0,0.0,187.76,187.76,0.0,616.67,616.67,0.0,0.0,0.0,0.0,0.0,0.0,0.0,
335513,SEAGATE REHABILITATION AND NURSING CENTER,BROOKLYN,NY,Kings,47,2020Q2,20200426,265,0.0,0.0,0.0,22.9,22.9,0.0,16.23,16.23,0.0,0.0,0.0,0.0,175.47,175.47,0.0,617.19,617.19,0.0,0.0,0.0,0.0,0.0,0.0,0.0,
335513,SEAGATE REHABILITATION AND NURSING CENTER,BROOKLYN,NY,Kings,47,2020Q2,20200427,264,9.0,9.0,0.0,55.85,55.85,0.0,27.85,27.85,0.0,0.0,0.0,0.0,190.55,190.55,0.0,671.35,662.35,9.0,0.0,0.0,0.0,0.0,0.0,0.0,
335513,SEAGATE REHABILITATION AND NURSING CENTER,BROOKLYN,NY,Kings,47,2020Q2,20200428,266,9.5,9.5,0.0,47.08,47.08,0.0,35.1,35.1,0.0,0.0,0.0,0.0,206.38,206.38,0.0,656.79,651.79,5.0,0.0,0.0,0.0,0.0,0.0,0.0,
335513,SEAGATE REHABILITATION AND NURSING CENTER,BROOKLYN,NY,Kings,47,2020Q2,20200429,269,9.0,9.0,0.0,65.55,65.55,0.0,58.88,58.88,0.0,0.0,0.0,0.0,163.57,163.57,0.0,661.85,652.85,9.0,0.0,0.0,0.0,0.0,0.0,0.0,
335513,SEAGATE REHABILITATION AND NURSING CENTER,BROOKLYN,NY,Kings,47,2020Q2,20200430,271,7.0,7.0,0.0,72.0,72.0,0.0,35.0,35.0,0.0,0.0,0.0,0.0,213.72,213.72,0.0,634.82,622.82,12.0,0.0,0.0,0.0,0.0,0.0,0.0,
335513,SEAGATE REHABILITATION AND NURSING CENTER,BROOKLYN,NY,Kings,47,2020Q2,20200501,271,8.25,8.25,0.0,68.0,68.0,0.0,46.93,46.93,0.0,0.0,0.0,0.0,196.11,196.11,0.0,659.84,652.84,7.0,0.0,0.0,0.0,0.0,0.0,0.0,
335513,SEAGATE REHABILITATION AND NURSING CENTER,BROOKLYN,NY,Kings,47,2020Q2,20200502,271,0.0,0.0,0.0,32.0,32.0,0.0,16.13,16.13,0.0,0.0,0.0,0.0,185.72,185.72,0.0,641.37,632.37,9.0,0.0,0.0,0.0,0.0,0.0,0.0,
335513,SEAGATE REHABILITATION AND NURSING CENTER,BROOKLYN,NY,Kings,47,2020Q2,20200503,271,0.0,0.0,0.0,30.39,30.39,0.0,20.97,20.97,0.0,0.0,0.0,0.0,191.53,191.53,0.0,636.42,622.42,14.0,0.0,0.0,0.0,0.0,0.0,0.0,
335513,SEAGATE REHABILITATION AND NURSING CENTER,BROOKLYN,NY,Kings,47,2020Q2,20200504,269,8.75,8.75,0.0,87.61,87.61,0.0,49.0,49.0,0.0,0.0,0.0,0.0,160.71,160.71,0.0,663.5,658.5,5.0,0.0,0.0,0.0,0.0,0.0,0.0,
335513,SEAGATE REHABILITATION AND NURSING CENTER,BROOKLYN,NY,Kings,47,2020Q2,20200505,268,10.0,10.0,0.0,75.92,75.92,0.0,56.07,56.07,0.0,0.0,0.0,0.0,175.38,175.38,0.0,730.28,723.28,7.0,0.0,0.0,0.0,0.0,0.0,0.0,
335513,SEAGATE REHABILITATION AND NURSING CENTER,BROOKLYN,NY,Kings,47,2020Q2,20200506,267,8.0,8.0,0.0,78.57,78.57,0.0,73.02,73.02,0.0,0.0,0.0,0.0,190.03,190.03,0.0,680.95,673.95,7.0,0.0,0.0,0.0,0.0,0.0,0.0,
335513,SEAGATE REHABILITATION AND NURSING CENTER,BROOKLYN,NY,Kings,47,2020Q2,20200507,268,9.5,9.5,0.0,79.77,79.77,0.0,55.95,55.95,0.0,0.0,0.0,0.0,203.69,203.69,0.0,649.64,642.64,7.0,0.0,0.0,0.0,0.0,0.0,0.0,
335513,SEAGATE REHABILITATION AND NURSING CENTER,BROOKLYN,NY,Kings,47,2020Q2,20200508,269,8.75,8.75,0.0,87.29,87.29,0.0,60.87,60.87,0.0,0.0,0.0,0.0,176.15,176.15,0.0,648.54,648.54,0.0,0.0,0.0,0.0,0.0,0.0,0.0,
335513,SEAGATE REHABILITATION AND NURSING CENTER,BROOKLYN,NY,Kings,47,2020Q2,20200509,268,4.42,4.42,0.0,46.45,46.45,0.0,16.17,16.17,0.0,0.0,0.0,0.0,191.89,191.89,0.0,652.04,645.04,7.0,0.0,0.0,0.0,0.0,0.0,0.0,
335513,SEAGATE REHABILITATION AND NURSING CENTER,BROOKLYN,NY,Kings,47,2020Q2,20200510,267,0.0,0.0,0.0,36.74,36.74,0.0,20.95,20.95,0.0,0.0,0.0,0.0,195.36,195.36,0.0,649.2,649.2,0.0,0.0,0.0,0.0,0.0,0.0,0.0,
335513,SEAGATE REHABILITATION AND NURSING CENTER,BROOKLYN,NY,Kings,47,2020Q2,20200511,268,7.0,7.0,0.0,84.26,84.26,0.0,49.02,49.02,0.0,0.0,0.0,0.0,195.33,195.33,0.0,660.14,651.14,9.0,0.0,0.0,0.0,0.0,0.0,0.0,
335513,SEAGATE REHABILITATION AND NURSING CENTER,BROOKLYN,NY,Kings,47,2020Q2,20200512,269,7.0,7.0,0.0,74.8,74.8,0.0,48.98,48.98,0.0,0.0,0.0,0.0,208.71,208.71,0.0,663.85,651.85,12.0,0.0,0.0,0.0,0.0,0.0,0.0,
335513,SEAGATE REHABILITATION AND NURSING CENTER,BROOKLYN,NY,Kings,47,2020Q2,20200513,269,7.0,7.0,0.0,84.86,84.86,0.0,63.08,63.08,0.0,0.0,0.0,0.0,193.52,193.52,0.0,710.31,703.31,7.0,0.0,0.0,0.0,0.0,0.0,0.0,
335513,SEAGATE REHABILITATION AND NURSING CENTER,BROOKLYN,NY,Kings,47,2020Q2,20200514,268,7.0,7.0,0.0,78.87,78.87,0.0,56.0,56.0,0.0,0.0,0.0,0.0,193.12,193.12,0.0,680.91,673.91,7.0,0.0,0.0,0.0,0.0,0.0,0.0,
335513,SEAGATE REHABILITATION AND NURSING CENTER,BROOKLYN,NY,Kings,47,2020Q2,20200515,267,7.0,7.0,0.0,75.13,75.13,0.0,46.8,46.8,0.0,0.0,0.0,0.0,175.5,175.5,0.0,668.91,668.91,0.0,0.0,0.0,0.0,0.0,0.0,0.0,
335513,SEAGATE REHABILITATION AND NURSING CENTER,BROOKLYN,NY,Kings,47,2020Q2,20200516,266,0.0,0.0,0.0,35.02,35.02,0.0,16.23,16.23,0.0,0.0,0.0,0.0,185.68,185.68,0.0,627.65,620.65,7.0,0.0,0.0,0.0,0.0,0.0,0.0,
335513,SEAGATE REHABILITATION AND NURSING CENTER,BROOKLYN,NY,Kings,47,2020Q2,20200517,265,0.0,0.0,0.0,36.84,36.84,0.0,20.93,20.93,0.0,0.0,0.0,0.0,180.83,180.83,0.0,627.04,620.04,7.0,0.0,0.0,0.0,0.0,0.0,0.0,
335513,SEAGATE REHABILITATION AND NURSING CENTER,BROOKLYN,NY,Kings,47,2020Q2,20200518,265,7.0,7.0,0.0,70.05,70.05,0.0,34.98,34.98,0.0,0.0,0.0,0.0,188.37,188.37,0.0,601.49,601.49,0.0,0.0,0.0,0.0,0.0,0.0,0.0,
335513,SEAGATE REHABILITATION AND NURSING CENTER,BROOKLYN,NY,Kings,47,2020Q2,20200519,265,0.0,0.0,0.0,75.0,75.0,0.0,35.03,35.03,0.0,0.0,0.0,0.0,180.16,180.16,0.0,656.62,649.62,7.0,0.0,0.0,0.0,0.0,0.0,0.0,
335513,SEAGATE REHABILITATION AND NURSING CENTER,BROOKLYN,NY,Kings,47,2020Q2,20200520,267,7.0,7.0,0.0,70.17,70.17,0.0,41.97,41.97,0.0,0.0,0.0,0.0,188.23,188.23,0.0,645.4,645.4,0.0,0.0,0.0,0.0,0.0,0.0,0.0,
335513,SEAGATE REHABILITATION AND NURSING CENTER,BROOKLYN,NY,Kings,47,2020Q2,20200521,269,7.0,7.0,0.0,71.97,71.97,0.0,49.03,49.03,0.0,0.0,0.0,0.0,180.96,180.96,0.0,623.15,611.13,12.02,0.0,0.0,0.0,0.0,0.0,0.0,
335513,SEAGATE REHABILITATION AND NURSING CENTER,BROOKLYN,NY,Kings,47,2020Q2,20200522,268,7.0,7.0,0.0,75.17,75.17,0.0,46.5,46.5,0.0,0.0,0.0,0.0,174.24,174.24,0.0,622.05,620.05,2.0,0.0,0.0,0.0,0.0,0.0,0.0,
335513,SEAGATE REHABILITATION AND NURSING CENTER,BROOKLYN,NY,Kings,47,2020Q2,20200523,268,0.0,0.0,0.0,41.73,41.73,0.0,16.08,16.08,0.0,0.0,0.0,0.0,166.36,166.36,0.0,635.13,623.13,12.0,0.0,0.0,0.0,0.0,0.0,0.0,
335513,SEAGATE REHABILITATION AND NURSING CENTER,BROOKLYN,NY,Kings,47,2020Q2,20200524,267,0.0,0.0,0.0,35.1,35.1,0.0,20.8,20.8,0.0,0.0,0.0,0.0,167.53,167.53,0.0,607.86,607.86,0.0,0.0,0.0,0.0,0.0,0.0,0.0,
335513,SEAGATE REHABILITATION AND NURSING CENTER,BROOKLYN,NY,Kings,47,2020Q2,20200525,263,0.0,0.0,0.0,44.02,44.02,0.0,28.23,28.23,0.0,0.0,0.0,0.0,179.16,179.16,0.0,625.07,625.07,0.0,0.0,0.0,0.0,0.0,0.0,0.0,
335513,SEAGATE REHABILITATION AND NURSING CENTER,BROOKLYN,NY,Kings,47,2020Q2,20200526,263,7.0,7.0,0.0,83.92,83.92,0.0,34.98,34.98,0.0,0.0,0.0,0.0,180.68,180.68,0.0,609.65,609.65,0.0,0.0,0.0,0.0,0.0,0.0,0.0,
335513,SEAGATE REHABILITATION AND NURSING CENTER,BROOKLYN,NY,Kings,47,2020Q2,20200527,263,7.0,7.0,0.0,82.08,82.08,0.0,41.97,41.97,0.0,0.0,0.0,0.0,157.16,157.16,0.0,615.78,603.28,12.5,0.0,0.0,0.0,0.0,0.0,0.0,
335513,SEAGATE REHABILITATION AND NURSING CENTER,BROOKLYN,NY,Kings,47,2020Q2,20200528,265,7.0,7.0,0.0,72.1,72.1,0.0,39.93,39.93,0.0,0.0,0.0,0.0,173.67,173.67,0.0,600.47,593.47,7.0,0.0,0.0,0.0,0.0,0.0,0.0,
335513,SEAGATE REHABILITATION AND NURSING CENTER,BROOKLYN,NY,Kings,47,2020Q2,20200529,264,7.0,7.0,0.0,84.02,84.02,0.0,42.0,42.0,0.0,0.0,0.0,0.0,176.15,176.15,0.0,574.72,565.6,9.12,0.0,0.0,0.0,0.0,0.0,0.0,
335513,SEAGATE REHABILITATION AND NURSING CENTER,BROOKLYN,NY,Kings,47,2020Q2,20200530,265,0.0,0.0,0.0,41.97,41.97,0.0,23.08,23.08,0.0,0.0,0.0,0.0,161.6,161.6,0.0,597.21,581.71,15.5,0.0,0.0,0.0,0.0,0.0,0.0,
335513,SEAGATE REHABILITATION AND NURSING CENTER,BROOKLYN,NY,Kings,47,2020Q2,20200531,265,0.0,0.0,0.0,48.51,48.51,0.0,27.97,27.97,0.0,0.0,0.0,0.0,159.79,159.79,0.0,580.1,566.1,14.0,0.0,0.0,0.0,0.0,0.0,0.0,
335513,SEAGATE REHABILITATION AND NURSING CENTER,BROOKLYN,NY,Kings,47,2020Q2,20200601,266,7.0,7.0,0.0,81.41,81.41,0.0,49.03,49.03,0.0,0.0,0.0,0.0,160.99,160.99,0.0,607.89,599.87,8.02,0.0,0.0,0.0,0.0,0.0,0.0,
335513,SEAGATE REHABILITATION AND NURSING CENTER,BROOKLYN,NY,Kings,47,2020Q2,20200602,264,7.0,7.0,0.0,76.93,76.93,0.0,56.05,56.05,0.0,0.0,0.0,0.0,146.33,146.33,0.0,591.23,584.23,7.0,0.0,0.0,0.0,0.0,0.0,0.0,
335513,SEAGATE REHABILITATION AND NURSING CENTER,BROOKLYN,NY,Kings,47,2020Q2,20200603,264,7.0,7.0,0.0,77.37,77.37,0.0,48.95,48.95,0.0,0.0,0.0,0.0,173.73,173.73,0.0,609.34,602.34,7.0,0.0,0.0,0.0,0.0,0.0,0.0,
335513,SEAGATE REHABILITATION AND NURSING CENTER,BROOKLYN,NY,Kings,47,2020Q2,20200604,267,7.0,7.0,0.0,83.79,83.79,0.0,49.12,49.12,0.0,0.0,0.0,0.0,173.94,173.94,0.0,594.92,585.92,9.0,0.0,0.0,0.0,0.0,0.0,0.0,
335513,SEAGATE REHABILITATION AND NURSING CENTER,BROOKLYN,NY,Kings,47,2020Q2,20200605,268,7.0,7.0,0.0,84.36,84.36,0.0,46.3,46.3,0.0,0.0,0.0,0.0,169.28,169.28,0.0,627.84,612.77,15.07,0.0,0.0,0.0,0.0,0.0,0.0,
335513,SEAGATE REHABILITATION AND NURSING CENTER,BROOKLYN,NY,Kings,47,2020Q2,20200606,268,0.0,0.0,0.0,43.37,43.37,0.0,16.07,16.07,0.0,0.0,0.0,0.0,170.57,170.57,0.0,588.8,588.8,0.0,0.0,0.0,0.0,0.0,0.0,0.0,
335513,SEAGATE REHABILITATION AND NURSING CENTER,BROOKLYN,NY,Kings,47,2020Q2,20200607,265,0.0,0.0,0.0,42.55,42.55,0.0,28.02,28.02,0.0,0.0,0.0,0.0,162.8,162.8,0.0,600.69,600.69,0.0,0.0,0.0,0.0,0.0,0.0,0.0,
335513,SEAGATE REHABILITATION AND NURSING CENTER,BROOKLYN,NY,Kings,47,2020Q2,20200608,266,0.0,0.0,0.0,83.97,83.97,0.0,48.65,48.65,0.0,0.0,0.0,0.0,153.54,153.54,0.0,614.66,607.66,7.0,0.0,0.0,0.0,0.0,0.0,0.0,
335513,SEAGATE REHABILITATION AND NURSING CENTER,BROOKLYN,NY,Kings,47,2020Q2,20200609,268,7.0,7.0,0.0,84.52,84.52,0.0,41.95,41.95,0.0,0.0,0.0,0.0,172.5,172.5,0.0,582.79,572.97,9.82,0.0,0.0,0.0,0.0,0.0,0.0,
335513,SEAGATE REHABILITATION AND NURSING CENTER,BROOKLYN,NY,Kings,47,2020Q2,20200610,270,7.0,7.0,0.0,86.11,86.11,0.0,49.0,49.0,0.0,0.0,0.0,0.0,167.48,167.48,0.0,609.05,605.05,4.0,0.0,0.0,0.0,0.0,0.0,0.0,
335513,SEAGATE REHABILITATION AND NURSING CENTER,BROOKLYN,NY,Kings,47,2020Q2,20200611,271,7.0,7.0,0.0,86.87,86.87,0.0,42.02,42.02,0.0,0.0,0.0,0.0,166.84,166.84,0.0,609.97,600.07,9.9,0.0,0.0,0.0,0.0,0.0,0.0,
335513,SEAGATE REHABILITATION AND NURSING CENTER,BROOKLYN,NY,Kings,47,2020Q2,20200612,270,0.0,0.0,0.0,84.04,84.04,0.0,32.88,32.88,0.0,0.0,0.0,0.0,169.16,169.16,0.0,607.67,596.65,11.02,0.0,0.0,0.0,0.0,0.0,0.0,
335513,SEAGATE REHABILITATION AND NURSING CENTER,BROOKLYN,NY,Kings,47,2020Q2,20200613,267,0.0,0.0,0.0,48.86,48.86,0.0,16.05,16.05,0.0,0.0,0.0,0.0,165.29,165.29,0.0,559.08,552.08,7.0,0.0,0.0,0.0,0.0,0.0,0.0,
335513,SEAGATE REHABILITATION AND NURSING CENTER,BROOKLYN,NY,Kings,47,2020Q2,20200614,264,0.0,0.0,0.0,42.13,42.13,0.0,28.07,28.07,0.0,0.0,0.0,0.0,174.67,174.67,0.0,600.91,593.91,7.0,0.0,0.0,0.0,0.0,0.0,0.0,
335513,SEAGATE REHABILITATION AND NURSING CENTER,BROOKLYN,NY,Kings,47,2020Q2,20200615,264,0.0,0.0,0.0,84.08,84.08,0.0,41.98,41.98,0.0,0.0,0.0,0.0,152.96,152.96,0.0,611.92,606.92,5.0,0.0,0.0,0.0,0.0,0.0,0.0,
335513,SEAGATE REHABILITATION AND NURSING CENTER,BROOKLYN,NY,Kings,47,2020Q2,20200616,265,0.0,0.0,0.0,76.98,76.98,0.0,34.75,34.75,0.0,0.0,0.0,0.0,168.32,168.32,0.0,636.29,623.82,12.47,0.0,0.0,0.0,0.0,0.0,0.0,
335513,SEAGATE REHABILITATION AND NURSING CENTER,BROOKLYN,NY,Kings,47,2020Q2,20200617,265,0.0,0.0,0.0,69.92,69.92,0.0,35.22,35.22,0.0,0.0,0.0,0.0,181.68,181.68,0.0,631.16,624.16,7.0,0.0,0.0,0.0,0.0,0.0,0.0,
335513,SEAGATE REHABILITATION AND NURSING CENTER,BROOKLYN,NY,Kings,47,2020Q2,20200618,267,0.0,0.0,0.0,76.93,76.93,0.0,35.03,35.03,0.0,0.0,0.0,0.0,181.55,181.55,0.0,627.79,613.92,13.87,0.0,0.0,0.0,0.0,0.0,0.0,
335513,SEAGATE REHABILITATION AND NURSING CENTER,BROOKLYN,NY,Kings,47,2020Q2,20200619,268,0.0,0.0,0.0,78.92,78.92,0.0,25.9,25.9,0.0,0.0,0.0,0.0,181.75,181.75,0.0,615.88,598.88,17.0,0.0,0.0,0.0,0.0,0.0,0.0,
335513,SEAGATE REHABILITATION AND NURSING CENTER,BROOKLYN,NY,Kings,47,2020Q2,20200620,267,0.0,0.0,0.0,42.45,42.45,0.0,16.07,16.07,0.0,0.0,0.0,0.0,172.73,172.73,0.0,615.88,615.88,0.0,0.0,0.0,0.0,0.0,0.0,0.0,
335513,SEAGATE REHABILITATION AND NURSING CENTER,BROOKLYN,NY,Kings,47,2020Q2,20200621,267,0.0,0.0,0.0,42.05,42.05,0.0,28.02,28.02,0.0,0.0,0.0,0.0,162.46,162.46,0.0,589.99,589.99,0.0,0.0,0.0,0.0,0.0,0.0,0.0,
335513,SEAGATE REHABILITATION AND NURSING CENTER,BROOKLYN,NY,Kings,47,2020Q2,20200622,268,0.0,0.0,0.0,76.58,76.58,0.0,49.0,49.0,0.0,0.0,0.0,0.0,173.73,173.73,0.0,615.99,608.99,7.0,0.0,0.0,0.0,0.0,0.0,0.0,
335513,SEAGATE REHABILITATION AND NURSING CENTER,BROOKLYN,NY,Kings,47,2020Q2,20200623,271,7.0,7.0,0.0,73.1,73.1,0.0,35.07,35.07,0.0,0.0,0.0,0.0,176.11,176.11,0.0,612.41,600.41,12.0,0.0,0.0,0.0,0.0,0.0,0.0,
335513,SEAGATE REHABILITATION AND NURSING CENTER,BROOKLYN,NY,Kings,47,2020Q2,20200624,272,7.0,7.0,0.0,72.0,72.0,0.0,42.07,42.07,0.0,0.0,0.0,0.0,173.38,173.38,0.0,622.24,615.24,7.0,0.0,0.0,0.0,0.0,0.0,0.0,
335513,SEAGATE REHABILITATION AND NURSING CENTER,BROOKLYN,NY,Kings,47,2020Q2,20200625,272,7.0,7.0,0.0,80.37,80.37,0.0,41.92,41.92,0.0,0.0,0.0,0.0,173.93,173.93,0.0,625.43,622.66,2.77,0.0,0.0,0.0,0.0,0.0,0.0,
335513,SEAGATE REHABILITATION AND NURSING CENTER,BROOKLYN,NY,Kings,47,2020Q2,20200626,275,7.0,7.0,0.0,69.9,69.9,0.0,32.87,32.87,0.0,0.0,0.0,0.0,183.32,183.32,0.0,612.02,600.05,11.97,0.0,0.0,0.0,0.0,0.0,0.0,
335513,SEAGATE REHABILITATION AND NURSING CENTER,BROOKLYN,NY,Kings,47,2020Q2,20200627,274,0.0,0.0,0.0,42.22,42.22,0.0,16.07,16.07,0.0,0.0,0.0,0.0,178.88,178.88,0.0,635.71,628.71,7.0,0.0,0.0,0.0,0.0,0.0,0.0,
335513,SEAGATE REHABILITATION AND NURSING CENTER,BROOKLYN,NY,Kings,47,2020Q2,20200628,274,0.0,0.0,0.0,41.5,41.5,0.0,28.07,28.07,0.0,0.0,0.0,0.0,181.52,181.52,0.0,626.61,619.61,7.0,0.0,0.0,0.0,0.0,0.0,0.0,
335513,SEAGATE REHABILITATION AND NURSING CENTER,BROOKLYN,NY,Kings,47,2020Q2,20200629,273,7.0,7.0,0.0,70.5,70.5,0.0,35.07,35.07,0.0,0.0,0.0,0.0,179.28,179.28,0.0,620.24,615.37,4.87,0.0,0.0,0.0,0.0,0.0,0.0,
335513,SEAGATE REHABILITATION AND NURSING CENTER,BROOKLYN,NY,Kings,47,2020Q2,20200630,274,7.0,7.0,0.0,70.03,70.03,0.0,35.79,35.79,0.0,0.0,0.0,0.0,174.2,174.2,0.0,631.36,619.93,11.43,0.0,0.0,0.0,0.0,0.0,0.0,
335513,SEAGATE REHABILITATION AND NURSING CENTER,BROOKLYN,NY,Kings,47,2020Q3,20200701,274,7.0,7.0,0.0,76.91,76.91,0.0,27.7,27.7,0.0,0.0,0.0,0.0,180.08,180.08,0.0,623.19,605.59,17.6,0.0,0.0,0.0,0.0,0.0,0.0,
335513,SEAGATE REHABILITATION AND NURSING CENTER,BROOKLYN,NY,Kings,47,2020Q3,20200702,272,7.0,7.0,0.0,77.01,77.01,0.0,35.18,35.18,0.0,0.0,0.0,0.0,180.47,180.47,0.0,610.11,598.11,12.0,0.0,0.0,0.0,0.0,0.0,0.0,
335513,SEAGATE REHABILITATION AND NURSING CENTER,BROOKLYN,NY,Kings,47,2020Q3,20200703,271,0.0,0.0,0.0,41.95,41.95,0.0,25.9,25.9,0.0,0.0,0.0,0.0,176.11,176.11,0.0,607.25,600.25,7.0,0.0,0.0,0.0,0.0,0.0,0.0,
335513,SEAGATE REHABILITATION AND NURSING CENTER,BROOKLYN,NY,Kings,47,2020Q3,20200704,271,0.0,0.0,0.0,26.13,26.13,0.0,16.15,16.15,0.0,0.0,0.0,0.0,165.93,165.93,0.0,614.01,614.01,0.0,0.0,0.0,0.0,0.0,0.0,0.0,
335513,SEAGATE REHABILITATION AND NURSING CENTER,BROOKLYN,NY,Kings,47,2020Q3,20200705,271,0.0,0.0,0.0,20.79,20.79,0.0,28.02,28.02,0.0,0.0,0.0,0.0,153.53,153.53,0.0,607.64,607.64,0.0,0.0,0.0,0.0,0.0,0.0,0.0,
335513,SEAGATE REHABILITATION AND NURSING CENTER,BROOKLYN,NY,Kings,47,2020Q3,20200706,272,7.0,7.0,0.0,56.13,56.13,0.0,41.92,41.92,0.0,0.0,0.0,0.0,166.92,166.92,0.0,616.04,609.04,7.0,0.0,0.0,0.0,0.0,0.0,0.0,
335513,SEAGATE REHABILITATION AND NURSING CENTER,BROOKLYN,NY,Kings,47,2020Q3,20200707,275,7.0,7.0,0.0,73.8,73.8,0.0,32.92,32.92,0.0,0.0,0.0,0.0,175.49,175.49,0.0,611.3,604.3,7.0,0.0,0.0,0.0,0.0,0.0,0.0,
335513,SEAGATE REHABILITATION AND NURSING CENTER,BROOKLYN,NY,Kings,47,2020Q3,20200708,274,7.0,7.0,0.0,55.93,55.93,0.0,30.1,30.1,0.0,0.0,0.0,0.0,181.37,181.37,0.0,622.42,606.2,16.22,0.0,0.0,0.0,0.0,0.0,0.0,
335513,SEAGATE REHABILITATION AND NURSING CENTER,BROOKLYN,NY,Kings,47,2020Q3,20200709,274,7.0,7.0,0.0,69.98,69.98,0.0,27.97,27.97,0.0,0.0,0.0,0.0,172.06,172.06,0.0,623.45,606.68,16.77,0.0,0.0,0.0,0.0,0.0,0.0,
335513,SEAGATE REHABILITATION AND NURSING CENTER,BROOKLYN,NY,Kings,47,2020Q3,20200710,271,7.0,7.0,0.0,70.07,70.07,0.0,32.93,32.93,0.0,0.0,0.0,0.0,176.47,176.47,0.0,610.08,603.08,7.0,0.0,0.0,0.0,0.0,0.0,0.0,
335513,SEAGATE REHABILITATION AND NURSING CENTER,BROOKLYN,NY,Kings,47,2020Q3,20200711,271,0.0,0.0,0.0,20.93,20.93,0.0,15.97,15.97,0.0,0.0,0.0,0.0,159.87,159.87,0.0,592.28,592.28,0.0,0.0,0.0,0.0,0.0,0.0,0.0,
335513,SEAGATE REHABILITATION AND NURSING CENTER,BROOKLYN,NY,Kings,47,2020Q3,20200712,270,0.0,0.0,0.0,20.85,20.85,0.0,28.15,28.15,0.0,0.0,0.0,0.0,157.47,157.47,0.0,591.51,584.51,7.0,0.0,0.0,0.0,0.0,0.0,0.0,
335513,SEAGATE REHABILITATION AND NURSING CENTER,BROOKLYN,NY,Kings,47,2020Q3,20200713,272,7.0,7.0,0.0,75.07,75.07,0.0,41.95,41.95,0.0,0.0,0.0,0.0,160.49,160.49,0.0,610.27,599.95,10.32,0.0,0.0,0.0,0.0,0.0,0.0,
335513,SEAGATE REHABILITATION AND NURSING CENTER,BROOKLYN,NY,Kings,47,2020Q3,20200714,271,7.0,7.0,0.0,69.9,69.9,0.0,39.93,39.93,0.0,0.0,0.0,0.0,169.26,169.26,0.0,620.39,612.96,7.43,0.0,0.0,0.0,0.0,0.0,0.0,
335513,SEAGATE REHABILITATION AND NURSING CENTER,BROOKLYN,NY,Kings,47,2020Q3,20200715,272,7.0,7.0,0.0,69.92,69.92,0.0,37.13,37.13,0.0,0.0,0.0,0.0,179.43,179.43,0.0,606.02,597.02,9.0,0.0,0.0,0.0,0.0,0.0,0.0,
335513,SEAGATE REHABILITATION AND NURSING CENTER,BROOKLYN,NY,Kings,47,2020Q3,20200716,272,7.0,7.0,0.0,69.92,69.92,0.0,34.97,34.97,0.0,0.0,0.0,0.0,180.78,180.78,0.0,624.07,609.59,14.48,0.0,0.0,0.0,0.0,0.0,0.0,
335513,SEAGATE REHABILITATION AND NURSING CENTER,BROOKLYN,NY,Kings,47,2020Q3,20200717,272,7.0,7.0,0.0,70.09,70.09,0.0,42.25,42.25,0.0,0.0,0.0,0.0,162.48,162.48,0.0,606.62,601.62,5.0,0.0,0.0,0.0,0.0,0.0,0.0,
335513,SEAGATE REHABILITATION AND NURSING CENTER,BROOKLYN,NY,Kings,47,2020Q3,20200718,272,0.0,0.0,0.0,28.03,28.03,0.0,17.78,17.78,0.0,0.0,0.0,0.0,165.79,165.79,0.0,587.87,587.87,0.0,0.0,0.0,0.0,0.0,0.0,0.0,
335513,SEAGATE REHABILITATION AND NURSING CENTER,BROOKLYN,NY,Kings,47,2020Q3,20200719,272,0.0,0.0,0.0,20.87,20.87,0.0,28.02,28.02,0.0,0.0,0.0,0.0,146.34,146.34,0.0,591.42,591.42,0.0,0.0,0.0,0.0,0.0,0.0,0.0,
335513,SEAGATE REHABILITATION AND NURSING CENTER,BROOKLYN,NY,Kings,47,2020Q3,20200720,274,7.0,7.0,0.0,49.17,49.17,0.0,55.97,55.97,0.0,0.0,0.0,0.0,169.12,169.12,0.0,604.06,593.81,10.25,0.0,0.0,0.0,0.0,0.0,0.0,
335513,SEAGATE REHABILITATION AND NURSING CENTER,BROOKLYN,NY,Kings,47,2020Q3,20200721,273,7.0,7.0,0.0,55.9,55.9,0.0,46.93,46.93,0.0,0.0,0.0,0.0,170.03,170.03,0.0,621.65,609.4,12.25,0.0,0.0,0.0,0.0,0.0,0.0,
335513,SEAGATE REHABILITATION AND NURSING CENTER,BROOKLYN,NY,Kings,47,2020Q3,20200722,275,7.0,7.0,0.0,49.08,49.08,0.0,37.17,37.17,0.0,0.0,0.0,0.0,174.27,174.27,0.0,611.43,597.68,13.75,0.0,0.0,0.0,0.0,0.0,0.0,
335513,SEAGATE REHABILITATION AND NURSING CENTER,BROOKLYN,NY,Kings,47,2020Q3,20200723,277,7.0,7.0,0.0,48.85,48.85,0.0,41.92,41.92,0.0,0.0,0.0,0.0,167.42,167.42,0.0,618.53,608.53,10.0,0.0,0.0,0.0,0.0,0.0,0.0,
335513,SEAGATE REHABILITATION AND NURSING CENTER,BROOKLYN,NY,Kings,47,2020Q3,20200724,279,7.0,7.0,0.0,49.18,49.18,0.0,53.42,53.42,0.0,0.0,0.0,0.0,162.47,162.47,0.0,628.28,615.53,12.75,0.0,0.0,0.0,0.0,0.0,0.0,
335513,SEAGATE REHABILITATION AND NURSING CENTER,BROOKLYN,NY,Kings,47,2020Q3,20200725,279,0.0,0.0,0.0,20.95,20.95,0.0,16.03,16.03,0.0,0.0,0.0,0.0,176.3,176.3,0.0,623.8,611.55,12.25,0.0,0.0,0.0,0.0,0.0,0.0,
335513,SEAGATE REHABILITATION AND NURSING CENTER,BROOKLYN,NY,Kings,47,2020Q3,20200726,279,0.0,0.0,0.0,21.12,21.12,0.0,28.03,28.03,0.0,0.0,0.0,0.0,166.73,166.73,0.0,620.73,613.48,7.25,0.0,0.0,0.0,0.0,0.0,0.0,
335513,SEAGATE REHABILITATION AND NURSING CENTER,BROOKLYN,NY,Kings,47,2020Q3,20200727,281,7.0,7.0,0.0,41.93,41.93,0.0,49.13,49.13,0.0,0.0,0.0,0.0,167.8,167.8,0.0,632.98,620.98,12.0,0.0,0.0,0.0,0.0,0.0,0.0,
335513,SEAGATE REHABILITATION AND NURSING CENTER,BROOKLYN,NY,Kings,47,2020Q3,20200728,281,7.0,7.0,0.0,55.97,55.97,0.0,34.88,34.88,0.0,0.0,0.0,0.0,181.63,181.63,0.0,611.82,604.57,7.25,0.0,0.0,0.0,0.0,0.0,0.0,
335513,SEAGATE REHABILITATION AND NURSING CENTER,BROOKLYN,NY,Kings,47,2020Q3,20200729,280,7.0,7.0,0.0,56.03,56.03,0.0,39.92,39.92,0.0,0.0,0.0,0.0,176.57,176.57,0.0,615.3,600.55,14.75,0.0,0.0,0.0,0.0,0.0,0.0,
335513,SEAGATE REHABILITATION AND NURSING CENTER,BROOKLYN,NY,Kings,47,2020Q3,20200730,283,7.0,7.0,0.0,56.0,56.0,0.0,37.08,37.08,0.0,0.0,0.0,0.0,172.49,172.49,0.0,605.77,588.77,17.0,0.0,0.0,0.0,0.0,0.0,0.0,
335513,SEAGATE REHABILITATION AND NURSING CENTER,BROOKLYN,NY,Kings,47,2020Q3,20200731,282,7.0,7.0,0.0,49.0,49.0,0.0,46.92,46.92,0.0,0.0,0.0,0.0,175.95,175.95,0.0,622.54,622.54,0.0,0.0,0.0,0.0,0.0,0.0,0.0,
335513,SEAGATE REHABILITATION AND NURSING CENTER,BROOKLYN,NY,Kings,47,2020Q3,20200801,282,0.0,0.0,0.0,27.92,27.92,0.0,16.12,16.12,0.0,0.0,0.0,0.0,180.88,180.88,0.0,619.65,619.65,0.0,0.0,0.0,0.0,0.0,0.0,0.0,
335513,SEAGATE REHABILITATION AND NURSING CENTER,BROOKLYN,NY,Kings,47,2020Q3,20200802,280,0.0,0.0,0.0,21.08,21.08,0.0,25.88,25.88,0.0,0.0,0.0,0.0,175.85,175.85,0.0,617.13,617.13,0.0,0.0,0.0,0.0,0.0,0.0,0.0,
335513,SEAGATE REHABILITATION AND NURSING CENTER,BROOKLYN,NY,Kings,47,2020Q3,20200803,282,7.0,7.0,0.0,55.93,55.93,0.0,37.17,37.17,0.0,0.0,0.0,0.0,179.7,179.7,0.0,636.45,621.95,14.5,0.0,0.0,0.0,0.0,0.0,0.0,
335513,SEAGATE REHABILITATION AND NURSING CENTER,BROOKLYN,NY,Kings,47,2020Q3,20200804,277,7.0,7.0,0.0,60.28,60.28,0.0,32.83,32.83,0.0,0.0,0.0,0.0,179.48,179.48,0.0,618.18,613.18,5.0,0.0,0.0,0.0,0.0,0.0,0.0,
335513,SEAGATE REHABILITATION AND NURSING CENTER,BROOKLYN,NY,Kings,47,2020Q3,20200805,280,7.0,7.0,0.0,55.93,55.93,0.0,47.7,47.7,0.0,0.0,0.0,0.0,167.38,167.38,0.0,620.39,612.89,7.5,0.0,0.0,0.0,0.0,0.0,0.0,
335513,SEAGATE REHABILITATION AND NURSING CENTER,BROOKLYN,NY,Kings,47,2020Q3,20200806,282,7.0,7.0,0.0,63.18,63.18,0.0,42.02,42.02,0.0,0.0,0.0,0.0,181.49,181.49,0.0,624.9,612.4,12.5,0.0,0.0,0.0,0.0,0.0,0.0,
335513,SEAGATE REHABILITATION AND NURSING CENTER,BROOKLYN,NY,Kings,47,2020Q3,20200807,282,7.0,7.0,0.0,60.55,60.55,0.0,25.88,25.88,0.0,0.0,0.0,0.0,189.11,189.11,0.0,624.19,619.19,5.0,0.0,0.0,0.0,0.0,0.0,0.0,
335513,SEAGATE REHABILITATION AND NURSING CENTER,BROOKLYN,NY,Kings,47,2020Q3,20200808,283,0.0,0.0,0.0,21.0,21.0,0.0,16.17,16.17,0.0,0.0,0.0,0.0,179.54,179.54,0.0,617.73,610.48,7.25,0.0,0.0,0.0,0.0,0.0,0.0,
335513,SEAGATE REHABILITATION AND NURSING CENTER,BROOKLYN,NY,Kings,47,2020Q3,20200809,282,0.0,0.0,0.0,20.93,20.93,0.0,27.83,27.83,0.0,0.0,0.0,0.0,174.75,174.75,0.0,629.39,622.39,7.0,0.0,0.0,0.0,0.0,0.0,0.0,
335513,SEAGATE REHABILITATION AND NURSING CENTER,BROOKLYN,NY,Kings,47,2020Q3,20200810,284,7.0,7.0,0.0,48.97,48.97,0.0,42.08,42.08,0.0,0.0,0.0,0.0,177.0,177.0,0.0,650.24,646.24,4.0,0.0,0.0,0.0,0.0,0.0,0.0,
335513,SEAGATE REHABILITATION AND NURSING CENTER,BROOKLYN,NY,Kings,47,2020Q3,20200811,285,7.0,7.0,0.0,49.1,49.1,0.0,40.28,40.28,0.0,0.0,0.0,0.0,177.0,177.0,0.0,657.39,645.39,12.0,0.0,0.0,0.0,0.0,0.0,0.0,
335513,SEAGATE REHABILITATION AND NURSING CENTER,BROOKLYN,NY,Kings,47,2020Q3,20200812,284,7.0,7.0,0.0,62.95,62.95,0.0,37.12,37.12,0.0,0.0,0.0,0.0,187.02,187.02,0.0,660.77,651.77,9.0,0.0,0.0,0.0,0.0,0.0,0.0,
335513,SEAGATE REHABILITATION AND NURSING CENTER,BROOKLYN,NY,Kings,47,2020Q3,20200813,282,7.0,7.0,0.0,63.05,63.05,0.0,35.0,35.0,0.0,0.0,0.0,0.0,186.48,186.48,0.0,652.27,637.4,14.87,0.0,0.0,0.0,0.0,0.0,0.0,
335513,SEAGATE REHABILITATION AND NURSING CENTER,BROOKLYN,NY,Kings,47,2020Q3,20200814,283,7.0,7.0,0.0,56.0,56.0,0.0,32.88,32.88,0.0,0.0,0.0,0.0,183.66,183.66,0.0,655.15,646.15,9.0,0.0,0.0,0.0,0.0,0.0,0.0,
335513,SEAGATE REHABILITATION AND NURSING CENTER,BROOKLYN,NY,Kings,47,2020Q3,20200815,282,0.0,0.0,0.0,16.0,16.0,0.0,16.12,16.12,0.0,0.0,0.0,0.0,179.7,179.7,0.0,643.56,638.56,5.0,0.0,0.0,0.0,0.0,0.0,0.0,
335513,SEAGATE REHABILITATION AND NURSING CENTER,BROOKLYN,NY,Kings,47,2020Q3,20200816,281,0.0,0.0,0.0,26.02,26.02,0.0,27.88,27.88,0.0,0.0,0.0,0.0,174.87,174.87,0.0,638.38,634.38,4.0,0.0,0.0,0.0,0.0,0.0,0.0,
335513,SEAGATE REHABILITATION AND NURSING CENTER,BROOKLYN,NY,Kings,47,2020Q3,20200817,284,7.0,7.0,0.0,55.63,55.63,0.0,63.0,63.0,0.0,0.0,0.0,0.0,175.7,175.7,0.0,645.73,638.73,7.0,0.0,0.0,0.0,0.0,0.0,0.0,
335513,SEAGATE REHABILITATION AND NURSING CENTER,BROOKLYN,NY,Kings,47,2020Q3,20200818,285,7.0,7.0,0.0,63.32,63.32,0.0,40.95,40.95,0.0,0.0,0.0,0.0,177.8,177.8,0.0,642.34,635.34,7.0,0.0,0.0,0.0,0.0,0.0,0.0,
335513,SEAGATE REHABILITATION AND NURSING CENTER,BROOKLYN,NY,Kings,47,2020Q3,20200819,284,7.0,7.0,0.0,63.03,63.03,0.0,44.95,44.95,0.0,0.0,0.0,0.0,187.29,187.29,0.0,662.01,648.51,13.5,0.0,0.0,0.0,0.0,0.0,0.0,
335513,SEAGATE REHABILITATION AND NURSING CENTER,BROOKLYN,NY,Kings,47,2020Q3,20200820,285,7.0,7.0,0.0,63.0,63.0,0.0,49.0,49.0,0.0,0.0,0.0,0.0,161.55,161.55,0.0,653.44,642.77,10.67,0.0,0.0,0.0,0.0,0.0,0.0,
335513,SEAGATE REHABILITATION AND NURSING CENTER,BROOKLYN,NY,Kings,47,2020Q3,20200821,286,7.0,7.0,0.0,56.0,56.0,0.0,47.0,47.0,0.0,0.0,0.0,0.0,185.83,185.83,0.0,660.47,646.8,13.67,0.0,0.0,0.0,0.0,0.0,0.0,
335513,SEAGATE REHABILITATION AND NURSING CENTER,BROOKLYN,NY,Kings,47,2020Q3,20200822,286,0.0,0.0,0.0,21.0,21.0,0.0,16.0,16.0,0.0,0.0,0.0,0.0,188.56,188.56,0.0,634.57,622.57,12.0,0.0,0.0,0.0,0.0,0.0,0.0,
335513,SEAGATE REHABILITATION AND NURSING CENTER,BROOKLYN,NY,Kings,47,2020Q3,20200823,286,0.0,0.0,0.0,16.15,16.15,0.0,28.0,28.0,0.0,0.0,0.0,0.0,181.88,181.88,0.0,617.32,610.32,7.0,0.0,0.0,0.0,0.0,0.0,0.0,
335513,SEAGATE REHABILITATION AND NURSING CENTER,BROOKLYN,NY,Kings,47,2020Q3,20200824,285,7.0,7.0,0.0,62.83,62.83,0.0,42.0,42.0,0.0,0.0,0.0,0.0,183.44,183.44,0.0,652.96,641.96,11.0,0.0,0.0,0.0,0.0,0.0,0.0,
335513,SEAGATE REHABILITATION AND NURSING CENTER,BROOKLYN,NY,Kings,47,2020Q3,20200825,282,7.0,7.0,0.0,56.0,56.0,0.0,48.26,48.26,0.0,0.0,0.0,0.0,185.0,185.0,0.0,669.34,664.34,5.0,0.0,0.0,0.0,0.0,0.0,0.0,
335513,SEAGATE REHABILITATION AND NURSING CENTER,BROOKLYN,NY,Kings,47,2020Q3,20200826,282,7.0,7.0,0.0,67.97,67.97,0.0,51.0,51.0,0.0,0.0,0.0,0.0,193.62,193.62,0.0,654.65,642.48,12.17,0.0,0.0,0.0,0.0,0.0,0.0,
335513,SEAGATE REHABILITATION AND NURSING CENTER,BROOKLYN,NY,Kings,47,2020Q3,20200827,283,7.0,7.0,0.0,56.05,56.05,0.0,42.6,42.6,0.0,0.0,0.0,0.0,200.37,200.37,0.0,654.29,635.29,19.0,0.0,0.0,0.0,0.0,0.0,0.0,
335513,SEAGATE REHABILITATION AND NURSING CENTER,BROOKLYN,NY,Kings,47,2020Q3,20200828,286,0.0,0.0,0.0,69.0,69.0,0.0,40.7,40.7,0.0,0.0,0.0,0.0,182.6,182.6,0.0,667.95,648.65,19.3,0.0,0.0,0.0,0.0,0.0,0.0,
335513,SEAGATE REHABILITATION AND NURSING CENTER,BROOKLYN,NY,Kings,47,2020Q3,20200829,283,0.0,0.0,0.0,25.45,25.45,0.0,16.0,16.0,0.0,0.0,0.0,0.0,169.15,169.15,0.0,632.24,627.24,5.0,0.0,0.0,0.0,0.0,0.0,0.0,
335513,SEAGATE REHABILITATION AND NURSING CENTER,BROOKLYN,NY,Kings,47,2020Q3,20200830,281,0.0,0.0,0.0,21.18,21.18,0.0,28.0,28.0,0.0,0.0,0.0,0.0,183.0,183.0,0.0,623.41,623.41,0.0,0.0,0.0,0.0,0.0,0.0,0.0,
335513,SEAGATE REHABILITATION AND NURSING CENTER,BROOKLYN,NY,Kings,47,2020Q3,20200831,282,7.0,7.0,0.0,63.07,63.07,0.0,42.0,42.0,0.0,0.0,0.0,0.0,182.35,182.35,0.0,654.43,648.68,5.75,0.0,0.0,0.0,0.0,0.0,0.0,
335513,SEAGATE REHABILITATION AND NURSING CENTER,BROOKLYN,NY,Kings,47,2020Q3,20200901,279,7.0,7.0,0.0,62.5,62.5,0.0,47.67,47.67,0.0,0.0,0.0,0.0,197.49,197.49,0.0,659.62,642.87,16.75,0.0,0.0,0.0,0.0,0.0,0.0,
335513,SEAGATE REHABILITATION AND NURSING CENTER,BROOKLYN,NY,Kings,47,2020Q3,20200902,280,7.0,7.0,0.0,67.98,67.98,0.0,44.0,44.0,0.0,0.0,0.0,0.0,193.68,193.68,0.0,650.97,633.22,17.75,0.0,0.0,0.0,0.0,0.0,0.0,
335513,SEAGATE REHABILITATION AND NURSING CENTER,BROOKLYN,NY,Kings,47,2020Q3,20200903,279,7.0,7.0,0.0,56.02,56.02,0.0,35.0,35.0,0.0,0.0,0.0,0.0,195.56,195.56,0.0,659.31,642.56,16.75,0.0,0.0,0.0,0.0,0.0,0.0,
335513,SEAGATE REHABILITATION AND NURSING CENTER,BROOKLYN,NY,Kings,47,2020Q3,20200904,279,7.0,7.0,0.0,57.47,57.47,0.0,41.37,41.37,0.0,0.0,0.0,0.0,184.4,184.4,0.0,655.27,648.27,7.0,0.0,0.0,0.0,0.0,0.0,0.0,
335513,SEAGATE REHABILITATION AND NURSING CENTER,BROOKLYN,NY,Kings,47,2020Q3,20200905,279,0.0,0.0,0.0,29.87,29.87,0.0,16.0,16.0,0.0,0.0,0.0,0.0,186.08,186.08,0.0,628.69,621.69,7.0,0.0,0.0,0.0,0.0,0.0,0.0,
335513,SEAGATE REHABILITATION AND NURSING CENTER,BROOKLYN,NY,Kings,47,2020Q3,20200906,279,0.0,0.0,0.0,20.55,20.55,0.0,28.0,28.0,0.0,0.0,0.0,0.0,175.46,175.46,0.0,616.34,609.34,7.0,0.0,0.0,0.0,0.0,0.0,0.0,
335513,SEAGATE REHABILITATION AND NURSING CENTER,BROOKLYN,NY,Kings,47,2020Q3,20200907,278,0.0,0.0,0.0,40.7,40.7,0.0,28.0,28.0,0.0,0.0,0.0,0.0,182.17,182.17,0.0,631.47,631.47,0.0,0.0,0.0,0.0,0.0,0.0,0.0,
335513,SEAGATE REHABILITATION AND NURSING CENTER,BROOKLYN,NY,Kings,47,2020Q3,20200908,274,7.0,7.0,0.0,60.48,60.48,0.0,62.0,62.0,0.0,0.0,0.0,0.0,181.77,181.77,0.0,662.45,657.2,5.25,0.0,0.0,0.0,0.0,0.0,0.0,
335513,SEAGATE REHABILITATION AND NURSING CENTER,BROOKLYN,NY,Kings,47,2020Q3,20200909,272,7.0,7.0,0.0,63.02,63.02,0.0,35.0,35.0,0.0,0.0,0.0,0.0,176.38,176.38,0.0,658.9,649.4,9.5,0.0,0.0,0.0,0.0,0.0,0.0,
335513,SEAGATE REHABILITATION AND NURSING CENTER,BROOKLYN,NY,Kings,47,2020Q3,20200910,271,7.0,7.0,0.0,57.97,57.97,0.0,35.0,35.0,0.0,0.0,0.0,0.0,195.52,195.52,0.0,669.25,656.87,12.38,0.0,0.0,0.0,0.0,0.0,0.0,
335513,SEAGATE REHABILITATION AND NURSING CENTER,BROOKLYN,NY,Kings,47,2020Q3,20200911,271,7.0,7.0,0.0,60.5,60.5,0.0,39.63,39.63,0.0,0.0,0.0,0.0,175.75,175.75,0.0,637.99,630.49,7.5,0.0,0.0,0.0,0.0,0.0,0.0,
335513,SEAGATE REHABILITATION AND NURSING CENTER,BROOKLYN,NY,Kings,47,2020Q3,20200912,271,0.0,0.0,0.0,13.0,13.0,0.0,16.0,16.0,0.0,0.0,0.0,0.0,167.73,167.73,0.0,627.36,622.36,5.0,0.0,0.0,0.0,0.0,0.0,0.0,
335513,SEAGATE REHABILITATION AND NURSING CENTER,BROOKLYN,NY,Kings,47,2020Q3,20200913,270,0.0,0.0,0.0,25.35,25.35,0.0,27.77,27.77,0.0,0.0,0.0,0.0,150.94,150.94,0.0,608.11,608.11,0.0,0.0,0.0,0.0,0.0,0.0,0.0,
335513,SEAGATE REHABILITATION AND NURSING CENTER,BROOKLYN,NY,Kings,47,2020Q3,20200914,271,7.0,7.0,0.0,60.65,60.65,0.0,48.5,48.5,0.0,0.0,0.0,0.0,158.43,158.43,0.0,627.18,614.1,13.08,0.0,0.0,0.0,0.0,0.0,0.0,
335513,SEAGATE REHABILITATION AND NURSING CENTER,BROOKLYN,NY,Kings,47,2020Q3,20200915,271,7.0,7.0,0.0,60.48,60.48,0.0,45.42,45.42,0.0,0.0,0.0,0.0,176.85,176.85,0.0,621.99,614.99,7.0,0.0,0.0,0.0,0.0,0.0,0.0,
335513,SEAGATE REHABILITATION AND NURSING CENTER,BROOKLYN,NY,Kings,47,2020Q3,20200916,272,7.0,7.0,0.0,62.92,62.92,0.0,44.0,44.0,0.0,0.0,0.0,0.0,162.0,162.0,0.0,599.78,590.78,9.0,0.0,0.0,0.0,0.0,0.0,0.0,
335513,SEAGATE REHABILITATION AND NURSING CENTER,BROOKLYN,NY,Kings,47,2020Q3,20200917,274,0.0,0.0,0.0,57.5,57.5,0.0,34.13,34.13,0.0,0.0,0.0,0.0,157.65,157.65,0.0,623.78,601.2,22.58,0.0,0.0,0.0,0.0,0.0,0.0,
335513,SEAGATE REHABILITATION AND NURSING CENTER,BROOKLYN,NY,Kings,47,2020Q3,20200918,275,0.0,0.0,0.0,56.53,56.53,0.0,29.0,29.0,0.0,0.0,0.0,0.0,182.78,182.78,0.0,621.32,607.07,14.25,0.0,0.0,0.0,0.0,0.0,0.0,
335513,SEAGATE REHABILITATION AND NURSING CENTER,BROOKLYN,NY,Kings,47,2020Q3,20200919,276,0.0,0.0,0.0,11.03,11.03,0.0,13.65,13.65,0.0,0.0,0.0,0.0,189.66,189.66,0.0,611.31,604.31,7.0,0.0,0.0,0.0,0.0,0.0,0.0,
335513,SEAGATE REHABILITATION AND NURSING CENTER,BROOKLYN,NY,Kings,47,2020Q3,20200920,276,0.0,0.0,0.0,20.4,20.4,0.0,29.75,29.75,0.0,0.0,0.0,0.0,173.25,173.25,0.0,615.04,608.04,7.0,0.0,0.0,0.0,0.0,0.0,0.0,
335513,SEAGATE REHABILITATION AND NURSING CENTER,BROOKLYN,NY,Kings,47,2020Q3,20200921,276,7.0,7.0,0.0,73.55,73.55,0.0,49.67,49.67,0.0,0.0,0.0,0.0,153.57,153.57,0.0,626.76,620.51,6.25,0.0,0.0,0.0,0.0,0.0,0.0,
335513,SEAGATE REHABILITATION AND NURSING CENTER,BROOKLYN,NY,Kings,47,2020Q3,20200922,274,7.0,7.0,0.0,61.72,61.72,0.0,40.95,40.95,0.0,0.0,0.0,0.0,155.94,155.94,0.0,620.72,608.72,12.0,0.0,0.0,0.0,0.0,0.0,0.0,
335513,SEAGATE REHABILITATION AND NURSING CENTER,BROOKLYN,NY,Kings,47,2020Q3,20200923,273,7.0,7.0,0.0,62.9,62.9,0.0,45.17,45.17,0.0,0.0,0.0,0.0,158.5,158.5,0.0,623.63,609.26,14.37,0.0,0.0,0.0,0.0,0.0,0.0,
335513,SEAGATE REHABILITATION AND NURSING CENTER,BROOKLYN,NY,Kings,47,2020Q3,20200924,275,7.0,7.0,0.0,63.13,63.13,0.0,42.67,42.67,0.0,0.0,0.0,0.0,175.8,175.8,0.0,629.6,617.6,12.0,0.0,0.0,0.0,0.0,0.0,0.0,
335513,SEAGATE REHABILITATION AND NURSING CENTER,BROOKLYN,NY,Kings,47,2020Q3,20200925,277,7.0,7.0,0.0,55.34,55.34,0.0,33.4,33.4,0.0,0.0,0.0,0.0,170.35,170.35,0.0,627.85,619.0,8.85,0.0,0.0,0.0,0.0,0.0,0.0,
335513,SEAGATE REHABILITATION AND NURSING CENTER,BROOKLYN,NY,Kings,47,2020Q3,20200926,279,0.0,0.0,0.0,18.0,18.0,0.0,15.63,15.63,0.0,0.0,0.0,0.0,180.72,180.72,0.0,597.43,592.43,5.0,0.0,0.0,0.0,0.0,0.0,0.0,
335513,SEAGATE REHABILITATION AND NURSING CENTER,BROOKLYN,NY,Kings,47,2020Q3,20200927,279,0.0,0.0,0.0,34.33,34.33,0.0,33.27,33.27,0.0,0.0,0.0,0.0,161.37,161.37,0.0,602.57,602.57,0.0,0.0,0.0,0.0,0.0,0.0,0.0,
335513,SEAGATE REHABILITATION AND NURSING CENTER,BROOKLYN,NY,Kings,47,2020Q3,20200928,279,7.0,7.0,0.0,60.67,60.67,0.0,36.78,36.78,0.0,0.0,0.0,0.0,162.45,162.45,0.0,615.82,614.02,1.8,0.0,0.0,0.0,0.0,0.0,0.0,
335513,SEAGATE REHABILITATION AND NURSING CENTER,BROOKLYN,NY,Kings,47,2020Q3,20200929,279,0.0,0.0,0.0,66.1,66.1,0.0,50.13,50.13,0.0,0.0,0.0,0.0,170.96,170.96,0.0,618.13,602.63,15.5,0.0,0.0,0.0,0.0,0.0,0.0,
335513,SEAGATE REHABILITATION AND NURSING CENTER,BROOKLYN,NY,Kings,47,2020Q3,20200930,280,0.0,0.0,0.0,46.0,46.0,0.0,48.87,48.87,0.0,0.0,0.0,0.0,173.82,173.82,0.0,629.48,616.48,13.0,0.0,0.0,0.0,0.0,0.0,0.0,
335513,SEAGATE REHABILITATION AND NURSING CENTER,BROOKLYN,NY,Kings,47,2020Q4,20201001,279,0.0,0.0,0.0,65.0,65.0,0.0,52.15,52.15,0.0,0.0,0.0,0.0,176.12,176.12,0.0,629.43,611.68,17.75,0.0,0.0,0.0,0.0,0.0,0.0,
335513,SEAGATE REHABILITATION AND NURSING CENTER,BROOKLYN,NY,Kings,47,2020Q4,20201002,281,0.0,0.0,0.0,51.0,51.0,0.0,45.55,45.55,0.0,0.0,0.0,0.0,169.8,169.8,0.0,631.58,620.58,11.0,0.0,0.0,0.0,0.0,0.0,0.0,
335513,SEAGATE REHABILITATION AND NURSING CENTER,BROOKLYN,NY,Kings,47,2020Q4,20201003,281,0.0,0.0,0.0,12.28,12.28,0.0,14.0,14.0,0.0,0.0,0.0,0.0,182.5,182.5,0.0,601.5,594.5,7.0,0.0,0.0,0.0,0.0,0.0,0.0,
335513,SEAGATE REHABILITATION AND NURSING CENTER,BROOKLYN,NY,Kings,47,2020Q4,20201004,280,0.0,0.0,0.0,25.75,25.75,0.0,20.73,20.73,0.0,0.0,0.0,0.0,188.41,188.41,0.0,600.84,593.84,7.0,0.0,0.0,0.0,0.0,0.0,0.0,
335513,SEAGATE REHABILITATION AND NURSING CENTER,BROOKLYN,NY,Kings,47,2020Q4,20201005,281,0.0,0.0,0.0,66.27,66.27,0.0,35.0,35.0,0.0,0.0,0.0,0.0,175.73,175.73,0.0,626.75,624.17,2.58,0.0,0.0,0.0,0.0,0.0,0.0,
335513,SEAGATE REHABILITATION AND NURSING CENTER,BROOKLYN,NY,Kings,47,2020Q4,20201006,280,0.0,0.0,0.0,59.7,59.7,0.0,45.73,45.73,0.0,0.0,0.0,0.0,160.71,160.71,0.0,632.59,625.59,7.0,0.0,0.0,0.0,0.0,0.0,0.0,
335513,SEAGATE REHABILITATION AND NURSING CENTER,BROOKLYN,NY,Kings,47,2020Q4,20201007,279,7.0,7.0,0.0,52.87,52.87,0.0,44.77,44.77,0.0,0.0,0.0,0.0,183.5,183.5,0.0,622.3,605.28,17.02,0.0,0.0,0.0,0.0,0.0,0.0,
335513,SEAGATE REHABILITATION AND NURSING CENTER,BROOKLYN,NY,Kings,47,2020Q4,20201008,278,7.0,7.0,0.0,66.03,66.03,0.0,37.3,37.3,0.0,0.0,0.0,0.0,187.5,187.5,0.0,641.73,623.73,18.0,0.0,0.0,0.0,0.0,0.0,0.0,
335513,SEAGATE REHABILITATION AND NURSING CENTER,BROOKLYN,NY,Kings,47,2020Q4,20201009,279,7.0,7.0,0.0,44.0,44.0,0.0,39.7,39.7,0.0,0.0,0.0,0.0,176.7,176.7,0.0,624.61,610.09,14.52,0.0,0.0,0.0,0.0,0.0,0.0,
335513,SEAGATE REHABILITATION AND NURSING CENTER,BROOKLYN,NY,Kings,47,2020Q4,20201010,280,0.0,0.0,0.0,12.5,12.5,0.0,13.73,13.73,0.0,0.0,0.0,0.0,168.0,168.0,0.0,607.42,602.42,5.0,0.0,0.0,0.0,0.0,0.0,0.0,
335513,SEAGATE REHABILITATION AND NURSING CENTER,BROOKLYN,NY,Kings,47,2020Q4,20201011,281,0.0,0.0,0.0,30.5,30.5,0.0,22.68,22.68,0.0,0.0,0.0,0.0,177.0,177.0,0.0,628.56,628.56,0.0,0.0,0.0,0.0,0.0,0.0,0.0,
335513,SEAGATE REHABILITATION AND NURSING CENTER,BROOKLYN,NY,Kings,47,2020Q4,20201012,282,7.0,7.0,0.0,65.02,65.02,0.0,42.85,42.85,0.0,0.0,0.0,0.0,164.75,164.75,0.0,629.0,618.75,10.25,0.0,0.0,0.0,0.0,0.0,0.0,
335513,SEAGATE REHABILITATION AND NURSING CENTER,BROOKLYN,NY,Kings,47,2020Q4,20201013,281,7.0,7.0,0.0,62.5,62.5,0.0,54.45,54.45,0.0,0.0,0.0,0.0,177.21,177.21,0.0,620.73,600.98,19.75,0.0,0.0,0.0,0.0,0.0,0.0,
335513,SEAGATE REHABILITATION AND NURSING CENTER,BROOKLYN,NY,Kings,47,2020Q4,20201014,280,7.0,7.0,0.0,67.87,67.87,0.0,58.0,58.0,0.0,0.0,0.0,0.0,167.67,167.67,0.0,618.32,606.82,11.5,0.0,0.0,0.0,0.0,0.0,0.0,
335513,SEAGATE REHABILITATION AND NURSING CENTER,BROOKLYN,NY,Kings,47,2020Q4,20201015,278,7.0,7.0,0.0,58.13,58.13,0.0,42.33,42.33,0.0,0.0,0.0,0.0,169.82,169.82,0.0,615.78,615.78,0.0,0.0,0.0,0.0,0.0,0.0,0.0,
335513,SEAGATE REHABILITATION AND NURSING CENTER,BROOKLYN,NY,Kings,47,2020Q4,20201016,279,7.0,7.0,0.0,55.5,55.5,0.0,33.0,33.0,0.0,0.0,0.0,0.0,179.89,179.89,0.0,607.04,600.04,7.0,0.0,0.0,0.0,0.0,0.0,0.0,
335513,SEAGATE REHABILITATION AND NURSING CENTER,BROOKLYN,NY,Kings,47,2020Q4,20201017,278,0.0,0.0,0.0,16.0,16.0,0.0,15.78,15.78,0.0,0.0,0.0,0.0,179.89,179.89,0.0,568.75,561.75,7.0,0.0,0.0,0.0,0.0,0.0,0.0,
335513,SEAGATE REHABILITATION AND NURSING CENTER,BROOKLYN,NY,Kings,47,2020Q4,20201018,275,0.0,0.0,0.0,20.42,20.42,0.0,27.82,27.82,0.0,0.0,0.0,0.0,175.3,175.3,0.0,582.04,575.04,7.0,0.0,0.0,0.0,0.0,0.0,0.0,
335513,SEAGATE REHABILITATION AND NURSING CENTER,BROOKLYN,NY,Kings,47,2020Q4,20201019,275,7.0,7.0,0.0,68.08,68.08,0.0,56.38,56.38,0.0,0.0,0.0,0.0,160.97,160.97,0.0,618.63,605.88,12.75,0.0,0.0,0.0,0.0,0.0,0.0,
335513,SEAGATE REHABILITATION AND NURSING CENTER,BROOKLYN,NY,Kings,47,2020Q4,20201020,277,7.0,7.0,0.0,62.5,62.5,0.0,49.0,49.0,0.0,0.0,0.0,0.0,162.72,162.72,0.0,636.51,632.51,4.0,0.0,0.0,0.0,0.0,0.0,0.0,
335513,SEAGATE REHABILITATION AND NURSING CENTER,BROOKLYN,NY,Kings,47,2020Q4,20201021,278,7.0,7.0,0.0,66.35,66.35,0.0,56.0,56.0,0.0,0.0,0.0,0.0,160.98,160.98,0.0,594.03,587.03,7.0,0.0,0.0,0.0,0.0,0.0,0.0,
335513,SEAGATE REHABILITATION AND NURSING CENTER,BROOKLYN,NY,Kings,47,2020Q4,20201022,279,7.0,7.0,0.0,59.73,59.73,0.0,57.4,57.4,0.0,0.0,0.0,0.0,168.91,168.91,0.0,621.3,608.3,13.0,0.0,0.0,0.0,0.0,0.0,0.0,
335513,SEAGATE REHABILITATION AND NURSING CENTER,BROOKLYN,NY,Kings,47,2020Q4,20201023,281,7.0,7.0,0.0,62.5,62.5,0.0,41.75,41.75,0.0,0.0,0.0,0.0,169.84,169.84,0.0,606.44,598.69,7.75,0.0,0.0,0.0,0.0,0.0,0.0,
335513,SEAGATE REHABILITATION AND NURSING CENTER,BROOKLYN,NY,Kings,47,2020Q4,20201024,281,0.0,0.0,0.0,15.5,15.5,0.0,16.0,16.0,0.0,0.0,0.0,0.0,172.34,172.34,0.0,594.38,589.38,5.0,0.0,0.0,0.0,0.0,0.0,0.0,
335513,SEAGATE REHABILITATION AND NURSING CENTER,BROOKLYN,NY,Kings,47,2020Q4,20201025,281,0.0,0.0,0.0,27.43,27.43,0.0,35.18,35.18,0.0,0.0,0.0,0.0,154.0,154.0,0.0,600.09,600.09,0.0,0.0,0.0,0.0,0.0,0.0,0.0,
335513,SEAGATE REHABILITATION AND NURSING CENTER,BROOKLYN,NY,Kings,47,2020Q4,20201026,283,0.0,0.0,0.0,68.07,68.07,0.0,57.25,57.25,0.0,0.0,0.0,0.0,169.58,169.58,0.0,621.71,614.96,6.75,0.0,0.0,0.0,0.0,0.0,0.0,
335513,SEAGATE REHABILITATION AND NURSING CENTER,BROOKLYN,NY,Kings,47,2020Q4,20201027,283,0.0,0.0,0.0,62.5,62.5,0.0,54.83,54.83,0.0,0.0,0.0,0.0,172.36,172.36,0.0,604.42,593.17,11.25,0.0,0.0,0.0,0.0,0.0,0.0,
335513,SEAGATE REHABILITATION AND NURSING CENTER,BROOKLYN,NY,Kings,47,2020Q4,20201028,284,0.0,0.0,0.0,67.51,67.51,0.0,52.67,52.67,0.0,0.0,0.0,0.0,162.08,162.08,0.0,626.82,613.57,13.25,0.0,0.0,0.0,0.0,0.0,0.0,
335513,SEAGATE REHABILITATION AND NURSING CENTER,BROOKLYN,NY,Kings,47,2020Q4,20201029,281,7.0,7.0,0.0,50.92,50.92,0.0,63.27,63.27,0.0,0.0,0.0,0.0,152.73,152.73,0.0,610.92,593.17,17.75,0.0,0.0,0.0,0.0,0.0,0.0,
335513,SEAGATE REHABILITATION AND NURSING CENTER,BROOKLYN,NY,Kings,47,2020Q4,20201030,282,7.0,7.0,0.0,62.0,62.0,0.0,40.67,40.67,0.0,0.0,0.0,0.0,176.38,176.38,0.0,618.01,611.01,7.0,0.0,0.0,0.0,0.0,0.0,0.0,
335513,SEAGATE REHABILITATION AND NURSING CENTER,BROOKLYN,NY,Kings,47,2020Q4,20201031,282,0.0,0.0,0.0,15.4,15.4,0.0,16.0,16.0,0.0,0.0,0.0,0.0,178.65,178.65,0.0,606.57,599.57,7.0,0.0,0.0,0.0,0.0,0.0,0.0,
335513,SEAGATE REHABILITATION AND NURSING CENTER,BROOKLYN,NY,Kings,47,2020Q4,20201101,283,0.0,0.0,0.0,20.6,20.6,0.0,29.17,29.17,0.0,0.0,0.0,0.0,180.87,180.87,0.0,627.34,620.34,7.0,0.0,0.0,0.0,0.0,0.0,0.0,
335513,SEAGATE REHABILITATION AND NURSING CENTER,BROOKLYN,NY,Kings,47,2020Q4,20201102,283,7.0,7.0,0.0,61.13,61.13,0.0,49.55,49.55,0.0,0.0,0.0,0.0,161.35,161.35,0.0,637.23,633.1,4.13,0.0,0.0,0.0,0.0,0.0,0.0,
335513,SEAGATE REHABILITATION AND NURSING CENTER,BROOKLYN,NY,Kings,47,2020Q4,20201103,282,7.0,7.0,0.0,48.5,48.5,0.0,49.0,49.0,0.0,0.0,0.0,0.0,167.8,167.8,0.0,614.66,607.66,7.0,0.0,0.0,0.0,0.0,0.0,0.0,
335513,SEAGATE REHABILITATION AND NURSING CENTER,BROOKLYN,NY,Kings,47,2020Q4,20201104,281,7.0,7.0,0.0,49.53,49.53,0.0,41.6,41.6,0.0,0.0,0.0,0.0,161.08,161.08,0.0,625.1,608.35,16.75,0.0,0.0,0.0,0.0,0.0,0.0,
335513,SEAGATE REHABILITATION AND NURSING CENTER,BROOKLYN,NY,Kings,47,2020Q4,20201105,284,7.0,7.0,0.0,55.92,55.92,0.0,43.28,43.28,0.0,0.0,0.0,0.0,189.56,189.56,0.0,624.56,606.98,17.58,0.0,0.0,0.0,0.0,0.0,0.0,
335513,SEAGATE REHABILITATION AND NURSING CENTER,BROOKLYN,NY,Kings,47,2020Q4,20201106,284,7.0,7.0,0.0,48.5,48.5,0.0,34.87,34.87,0.0,0.0,0.0,0.0,177.44,177.44,0.0,628.39,614.24,14.15,0.0,0.0,0.0,0.0,0.0,0.0,
335513,SEAGATE REHABILITATION AND NURSING CENTER,BROOKLYN,NY,Kings,47,2020Q4,20201107,285,0.0,0.0,0.0,20.05,20.05,0.0,16.0,16.0,0.0,0.0,0.0,0.0,181.27,181.27,0.0,600.77,595.77,5.0,0.0,0.0,0.0,0.0,0.0,0.0,
335513,SEAGATE REHABILITATION AND NURSING CENTER,BROOKLYN,NY,Kings,47,2020Q4,20201108,286,0.0,0.0,0.0,15.45,15.45,0.0,29.78,29.78,0.0,0.0,0.0,0.0,175.64,175.64,0.0,610.2,610.2,0.0,0.0,0.0,0.0,0.0,0.0,0.0,
335513,SEAGATE REHABILITATION AND NURSING CENTER,BROOKLYN,NY,Kings,47,2020Q4,20201109,287,7.0,7.0,0.0,46.7,46.7,0.0,56.85,56.85,0.0,0.0,0.0,0.0,183.28,183.28,0.0,627.51,627.51,0.0,0.0,0.0,0.0,0.0,0.0,0.0,
335513,SEAGATE REHABILITATION AND NURSING CENTER,BROOKLYN,NY,Kings,47,2020Q4,20201110,287,7.0,7.0,0.0,41.5,41.5,0.0,54.47,54.47,0.0,0.0,0.0,0.0,176.56,176.56,0.0,626.47,621.47,5.0,0.0,0.0,0.0,0.0,0.0,0.0,
335513,SEAGATE REHABILITATION AND NURSING CENTER,BROOKLYN,NY,Kings,47,2020Q4,20201111,287,7.0,7.0,0.0,55.97,55.97,0.0,51.0,51.0,0.0,0.0,0.0,0.0,168.42,168.42,0.0,633.02,626.09,6.93,0.0,0.0,0.0,0.0,0.0,0.0,
335513,SEAGATE REHABILITATION AND NURSING CENTER,BROOKLYN,NY,Kings,47,2020Q4,20201112,286,7.0,7.0,0.0,42.7,42.7,0.0,54.93,54.93,0.0,0.0,0.0,0.0,176.87,176.87,0.0,613.41,613.41,0.0,0.0,0.0,0.0,0.0,0.0,0.0,
335513,SEAGATE REHABILITATION AND NURSING CENTER,BROOKLYN,NY,Kings,47,2020Q4,20201113,286,7.0,7.0,0.0,48.5,48.5,0.0,35.67,35.67,0.0,0.0,0.0,0.0,176.45,176.45,0.0,616.39,616.39,0.0,0.0,0.0,0.0,0.0,0.0,0.0,
335513,SEAGATE REHABILITATION AND NURSING CENTER,BROOKLYN,NY,Kings,47,2020Q4,20201114,286,0.0,0.0,0.0,15.93,15.93,0.0,16.0,16.0,0.0,0.0,0.0,0.0,176.04,176.04,0.0,579.58,579.58,0.0,0.0,0.0,0.0,0.0,0.0,0.0,
335513,SEAGATE REHABILITATION AND NURSING CENTER,BROOKLYN,NY,Kings,47,2020Q4,20201115,287,0.0,0.0,0.0,21.35,21.35,0.0,27.5,27.5,0.0,0.0,0.0,0.0,179.93,179.93,0.0,608.2,608.2,0.0,0.0,0.0,0.0,0.0,0.0,0.0,
335513,SEAGATE REHABILITATION AND NURSING CENTER,BROOKLYN,NY,Kings,47,2020Q4,20201116,285,0.0,0.0,0.0,53.85,53.85,0.0,42.12,42.12,0.0,0.0,0.0,0.0,170.13,170.13,0.0,608.17,608.17,0.0,0.0,0.0,0.0,0.0,0.0,0.0,
335513,SEAGATE REHABILITATION AND NURSING CENTER,BROOKLYN,NY,Kings,47,2020Q4,20201117,284,0.0,0.0,0.0,53.5,53.5,0.0,49.1,49.1,0.0,0.0,0.0,0.0,182.92,182.92,0.0,623.18,616.35,6.83,0.0,0.0,0.0,0.0,0.0,0.0,
335513,SEAGATE REHABILITATION AND NURSING CENTER,BROOKLYN,NY,Kings,47,2020Q4,20201118,286,0.0,0.0,0.0,56.8,56.8,0.0,48.5,48.5,0.0,0.0,0.0,0.0,170.89,170.89,0.0,627.94,621.86,6.08,0.0,0.0,0.0,0.0,0.0,0.0,
335513,SEAGATE REHABILITATION AND NURSING CENTER,BROOKLYN,NY,Kings,47,2020Q4,20201119,285,0.0,0.0,0.0,63.33,63.33,0.0,44.5,44.5,0.0,0.0,0.0,0.0,183.96,183.96,0.0,612.25,607.0,5.25,0.0,0.0,0.0,0.0,0.0,0.0,
335513,SEAGATE REHABILITATION AND NURSING CENTER,BROOKLYN,NY,Kings,47,2020Q4,20201120,283,0.0,0.0,0.0,56.0,56.0,0.0,35.58,35.58,0.0,0.0,0.0,0.0,181.67,181.67,0.0,622.37,617.37,5.0,0.0,0.0,0.0,0.0,0.0,0.0,
335513,SEAGATE REHABILITATION AND NURSING CENTER,BROOKLYN,NY,Kings,47,2020Q4,20201121,280,0.0,0.0,0.0,11.5,11.5,0.0,28.0,28.0,0.0,0.0,0.0,0.0,184.05,184.05,0.0,599.91,599.91,0.0,0.0,0.0,0.0,0.0,0.0,0.0,
335513,SEAGATE REHABILITATION AND NURSING CENTER,BROOKLYN,NY,Kings,47,2020Q4,20201122,279,0.0,0.0,0.0,45.7,45.7,0.0,28.0,28.0,0.0,0.0,0.0,0.0,154.5,154.5,0.0,601.49,601.49,0.0,0.0,0.0,0.0,0.0,0.0,0.0,
335513,SEAGATE REHABILITATION AND NURSING CENTER,BROOKLYN,NY,Kings,47,2020Q4,20201123,279,0.0,0.0,0.0,56.45,56.45,0.0,51.35,51.35,0.0,0.0,0.0,0.0,162.69,162.69,0.0,628.74,628.74,0.0,0.0,0.0,0.0,0.0,0.0,0.0,
335513,SEAGATE REHABILITATION AND NURSING CENTER,BROOKLYN,NY,Kings,47,2020Q4,20201124,280,0.0,0.0,0.0,55.5,55.5,0.0,54.0,54.0,0.0,0.0,0.0,0.0,165.65,165.65,0.0,619.02,614.52,4.5,0.0,0.0,0.0,0.0,0.0,0.0,
335513,SEAGATE REHABILITATION AND NURSING CENTER,BROOKLYN,NY,Kings,47,2020Q4,20201125,279,0.0,0.0,0.0,55.47,55.47,0.0,51.0,51.0,0.0,0.0,0.0,0.0,165.8,165.8,0.0,630.15,626.65,3.5,0.0,0.0,0.0,0.0,0.0,0.0,
335513,SEAGATE REHABILITATION AND NURSING CENTER,BROOKLYN,NY,Kings,47,2020Q4,20201126,279,0.0,0.0,0.0,46.42,46.42,0.0,28.52,28.52,0.0,0.0,0.0,0.0,160.42,160.42,0.0,599.55,599.55,0.0,0.0,0.0,0.0,0.0,0.0,0.0,
335513,SEAGATE REHABILITATION AND NURSING CENTER,BROOKLYN,NY,Kings,47,2020Q4,20201127,281,0.0,0.0,0.0,54.51,54.51,0.0,33.82,33.82,0.0,0.0,0.0,0.0,162.78,162.78,0.0,618.28,618.28,0.0,0.0,0.0,0.0,0.0,0.0,0.0,
335513,SEAGATE REHABILITATION AND NURSING CENTER,BROOKLYN,NY,Kings,47,2020Q4,20201128,282,0.0,0.0,0.0,19.98,19.98,0.0,16.0,16.0,0.0,0.0,0.0,0.0,151.7,151.7,0.0,601.3,601.3,0.0,0.0,0.0,0.0,0.0,0.0,0.0,
335513,SEAGATE REHABILITATION AND NURSING CENTER,BROOKLYN,NY,Kings,47,2020Q4,20201129,282,0.0,0.0,0.0,46.47,46.47,0.0,28.0,28.0,0.0,0.0,0.0,0.0,161.21,161.21,0.0,600.43,600.43,0.0,0.0,0.0,0.0,0.0,0.0,0.0,
335513,SEAGATE REHABILITATION AND NURSING CENTER,BROOKLYN,NY,Kings,47,2020Q4,20201130,284,0.0,0.0,0.0,61.05,61.05,0.0,35.73,35.73,0.0,0.0,0.0,0.0,161.25,161.25,0.0,608.22,608.22,0.0,0.0,0.0,0.0,0.0,0.0,0.0,
335513,SEAGATE REHABILITATION AND NURSING CENTER,BROOKLYN,NY,Kings,47,2020Q4,20201201,282,7.0,7.0,0.0,49.0,49.0,0.0,35.53,35.53,0.0,0.0,0.0,0.0,160.38,160.38,0.0,617.56,612.31,5.25,0.0,0.0,0.0,0.0,0.0,0.0,
335513,SEAGATE REHABILITATION AND NURSING CENTER,BROOKLYN,NY,Kings,47,2020Q4,20201202,284,7.0,7.0,0.0,54.57,54.57,0.0,50.89,50.89,0.0,0.0,0.0,0.0,160.73,160.73,0.0,637.25,632.25,5.0,0.0,0.0,0.0,0.0,0.0,0.0,
335513,SEAGATE REHABILITATION AND NURSING CENTER,BROOKLYN,NY,Kings,47,2020Q4,20201203,283,7.0,7.0,0.0,47.08,47.08,0.0,56.78,56.78,0.0,0.0,0.0,0.0,168.22,168.22,0.0,640.69,640.69,0.0,0.0,0.0,0.0,0.0,0.0,0.0,
335513,SEAGATE REHABILITATION AND NURSING CENTER,BROOKLYN,NY,Kings,47,2020Q4,20201204,282,7.0,7.0,0.0,36.5,36.5,0.0,33.55,33.55,0.0,0.0,0.0,0.0,161.12,161.12,0.0,646.49,646.49,0.0,0.0,0.0,0.0,0.0,0.0,0.0,
335513,SEAGATE REHABILITATION AND NURSING CENTER,BROOKLYN,NY,Kings,47,2020Q4,20201205,282,0.0,0.0,0.0,8.5,8.5,0.0,29.3,29.3,0.0,0.0,0.0,0.0,164.18,164.18,0.0,609.96,609.96,0.0,0.0,0.0,0.0,0.0,0.0,0.0,
335513,SEAGATE REHABILITATION AND NURSING CENTER,BROOKLYN,NY,Kings,47,2020Q4,20201206,283,0.0,0.0,0.0,31.6,31.6,0.0,42.45,42.45,0.0,0.0,0.0,0.0,145.0,145.0,0.0,615.59,615.59,0.0,0.0,0.0,0.0,0.0,0.0,0.0,
335513,SEAGATE REHABILITATION AND NURSING CENTER,BROOKLYN,NY,Kings,47,2020Q4,20201207,286,7.0,7.0,0.0,38.85,38.85,0.0,50.53,50.53,0.0,0.0,0.0,0.0,161.06,161.06,0.0,602.37,602.37,0.0,0.0,0.0,0.0,0.0,0.0,0.0,
335513,SEAGATE REHABILITATION AND NURSING CENTER,BROOKLYN,NY,Kings,47,2020Q4,20201208,284,7.0,7.0,0.0,58.57,58.57,0.0,50.5,50.5,0.0,0.0,0.0,0.0,163.33,163.33,0.0,614.75,614.75,0.0,0.0,0.0,0.0,0.0,0.0,0.0,
335513,SEAGATE REHABILITATION AND NURSING CENTER,BROOKLYN,NY,Kings,47,2020Q4,20201209,287,7.0,7.0,0.0,45.68,45.68,0.0,62.8,62.8,0.0,0.0,0.0,0.0,165.33,165.33,0.0,615.9,615.9,0.0,0.0,0.0,0.0,0.0,0.0,0.0,
335513,SEAGATE REHABILITATION AND NURSING CENTER,BROOKLYN,NY,Kings,47,2020Q4,20201210,287,7.0,7.0,0.0,55.7,55.7,0.0,44.28,44.28,0.0,0.0,0.0,0.0,150.23,150.23,0.0,608.23,608.23,0.0,0.0,0.0,0.0,0.0,0.0,0.0,
335513,SEAGATE REHABILITATION AND NURSING CENTER,BROOKLYN,NY,Kings,47,2020Q4,20201211,284,7.0,7.0,0.0,39.0,39.0,0.0,46.87,46.87,0.0,0.0,0.0,0.0,168.82,168.82,0.0,626.92,626.92,0.0,0.0,0.0,0.0,0.0,0.0,0.0,
335513,SEAGATE REHABILITATION AND NURSING CENTER,BROOKLYN,NY,Kings,47,2020Q4,20201212,284,0.0,0.0,0.0,15.68,15.68,0.0,15.72,15.72,0.0,0.0,0.0,0.0,164.59,164.59,0.0,608.35,608.35,0.0,0.0,0.0,0.0,0.0,0.0,0.0,
335513,SEAGATE REHABILITATION AND NURSING CENTER,BROOKLYN,NY,Kings,47,2020Q4,20201213,283,0.0,0.0,0.0,18.32,18.32,0.0,28.9,28.9,0.0,0.0,0.0,0.0,142.0,142.0,0.0,597.57,597.57,0.0,0.0,0.0,0.0,0.0,0.0,0.0,
335513,SEAGATE REHABILITATION AND NURSING CENTER,BROOKLYN,NY,Kings,47,2020Q4,20201214,282,7.0,7.0,0.0,71.48,71.48,0.0,49.77,49.77,0.0,0.0,0.0,0.0,145.62,145.62,0.0,621.58,621.58,0.0,0.0,0.0,0.0,0.0,0.0,0.0,
335513,SEAGATE REHABILITATION AND NURSING CENTER,BROOKLYN,NY,Kings,47,2020Q4,20201215,284,7.0,7.0,0.0,50.57,50.57,0.0,53.65,53.65,0.0,0.0,0.0,0.0,162.5,162.5,0.0,621.39,621.39,0.0,0.0,0.0,0.0,0.0,0.0,0.0,
335513,SEAGATE REHABILITATION AND NURSING CENTER,BROOKLYN,NY,Kings,47,2020Q4,20201216,284,7.0,7.0,0.0,71.04,71.04,0.0,43.08,43.08,0.0,0.0,0.0,0.0,150.5,150.5,0.0,618.57,618.57,0.0,0.0,0.0,0.0,0.0,0.0,0.0,
335513,SEAGATE REHABILITATION AND NURSING CENTER,BROOKLYN,NY,Kings,47,2020Q4,20201217,284,7.0,7.0,0.0,45.68,45.68,0.0,30.0,30.0,0.0,0.0,0.0,0.0,150.12,150.12,0.0,523.18,523.18,0.0,0.0,0.0,0.0,0.0,0.0,0.0,
335513,SEAGATE REHABILITATION AND NURSING CENTER,BROOKLYN,NY,Kings,47,2020Q4,20201218,283,0.0,0.0,0.0,53.1,53.1,0.0,35.15,35.15,0.0,0.0,0.0,0.0,146.85,146.85,0.0,585.36,585.36,0.0,0.0,0.0,0.0,0.0,0.0,0.0,
335513,SEAGATE REHABILITATION AND NURSING CENTER,BROOKLYN,NY,Kings,47,2020Q4,20201219,282,0.0,0.0,0.0,12.37,12.37,0.0,16.0,16.0,0.0,0.0,0.0,0.0,160.0,160.0,0.0,599.05,599.05,0.0,0.0,0.0,0.0,0.0,0.0,0.0,
335513,SEAGATE REHABILITATION AND NURSING CENTER,BROOKLYN,NY,Kings,47,2020Q4,20201220,282,0.0,0.0,0.0,42.0,42.0,0.0,35.42,35.42,0.0,0.0,0.0,0.0,146.86,146.86,0.0,600.56,600.56,0.0,0.0,0.0,0.0,0.0,0.0,0.0,
335513,SEAGATE REHABILITATION AND NURSING CENTER,BROOKLYN,NY,Kings,47,2020Q4,20201221,289,7.0,7.0,0.0,45.63,45.63,0.0,49.53,49.53,0.0,0.0,0.0,0.0,161.76,161.76,0.0,619.97,613.55,6.42,0.0,0.0,0.0,0.0,0.0,0.0,
335513,SEAGATE REHABILITATION AND NURSING CENTER,BROOKLYN,NY,Kings,47,2020Q4,20201222,290,7.0,7.0,0.0,46.42,46.42,0.0,40.95,40.95,0.0,0.0,0.0,0.0,175.33,175.33,0.0,617.69,611.02,6.67,0.0,0.0,0.0,0.0,0.0,0.0,
335513,SEAGATE REHABILITATION AND NURSING CENTER,BROOKLYN,NY,Kings,47,2020Q4,20201223,291,7.0,7.0,0.0,68.65,68.65,0.0,38.17,38.17,0.0,0.0,0.0,0.0,174.54,174.54,0.0,616.79,612.29,4.5,0.0,0.0,0.0,0.0,0.0,0.0,
335513,SEAGATE REHABILITATION AND NURSING CENTER,BROOKLYN,NY,Kings,47,2020Q4,20201224,289,7.0,7.0,0.0,50.85,50.85,0.0,43.25,43.25,0.0,0.0,0.0,0.0,166.96,166.96,0.0,601.02,601.02,0.0,0.0,0.0,0.0,0.0,0.0,0.0,
335513,SEAGATE REHABILITATION AND NURSING CENTER,BROOKLYN,NY,Kings,47,2020Q4,20201225,291,0.0,0.0,0.0,41.5,41.5,0.0,26.42,26.42,0.0,0.0,0.0,0.0,170.52,170.52,0.0,611.91,611.91,0.0,0.0,0.0,0.0,0.0,0.0,0.0,
335513,SEAGATE REHABILITATION AND NURSING CENTER,BROOKLYN,NY,Kings,47,2020Q4,20201226,291,0.0,0.0,0.0,11.0,11.0,0.0,16.0,16.0,0.0,0.0,0.0,0.0,173.73,173.73,0.0,587.8,587.8,0.0,0.0,0.0,0.0,0.0,0.0,0.0,
335513,SEAGATE REHABILITATION AND NURSING CENTER,BROOKLYN,NY,Kings,47,2020Q4,20201227,291,0.0,0.0,0.0,22.12,22.12,0.0,28.73,28.73,0.0,0.0,0.0,0.0,161.42,161.42,0.0,593.25,593.25,0.0,0.0,0.0,0.0,0.0,0.0,0.0,
335513,SEAGATE REHABILITATION AND NURSING CENTER,BROOKLYN,NY,Kings,47,2020Q4,20201228,290,7.0,7.0,0.0,65.88,65.88,0.0,56.6,56.6,0.0,0.0,0.0,0.0,153.85,153.85,0.0,610.27,607.52,2.75,0.0,0.0,0.0,0.0,0.0,0.0,
335513,SEAGATE REHABILITATION AND NURSING CENTER,BROOKLYN,NY,Kings,47,2020Q4,20201229,290,7.0,7.0,0.0,77.5,77.5,0.0,40.93,40.93,0.0,0.0,0.0,0.0,166.24,159.24,7.0,630.57,607.82,22.75,0.0,0.0,0.0,0.0,0.0,0.0,
335513,SEAGATE REHABILITATION AND NURSING CENTER,BROOKLYN,NY,Kings,47,2020Q4,20201230,290,7.0,7.0,0.0,68.07,68.07,0.0,23.0,23.0,0.0,0.0,0.0,0.0,181.23,174.23,7.0,608.98,594.98,14.0,0.0,0.0,0.0,0.0,0.0,0.0,
335513,SEAGATE REHABILITATION AND NURSING CENTER,BROOKLYN,NY,Kings,47,2020Q4,20201231,290,7.0,7.0,0.0,54.08,54.08,0.0,21.75,21.75,0.0,0.0,0.0,0.0,173.09,166.09,7.0,628.57,614.57,14.0,0.0,0.0,0.0,0.0,0.0,0.0,
335513,SEAGATE REHABILITATION AND NURSING CENTER,BROOKLYN,NY,Kings,47,2021Q1,20210101,290,0.0,0.0,0.0,38.5,38.5,0.0,12.88,12.88,0.0,0.0,0.0,0.0,161.36,161.36,0.0,600.24,600.24,0.0,0.0,0.0,0.0,0.0,0.0,0.0,
335513,SEAGATE REHABILITATION AND NURSING CENTER,BROOKLYN,NY,Kings,47,2021Q1,20210102,289,0.0,0.0,0.0,15.5,15.5,0.0,16.0,16.0,0.0,0.0,0.0,0.0,168.17,168.17,0.0,621.41,621.41,0.0,0.0,0.0,0.0,0.0,0.0,0.0,
335513,SEAGATE REHABILITATION AND NURSING CENTER,BROOKLYN,NY,Kings,47,2021Q1,20210103,289,0.0,0.0,0.0,22.0,22.0,0.0,27.82,27.82,0.0,0.0,0.0,0.0,175.38,168.38,7.0,613.19,613.19,0.0,0.0,0.0,0.0,0.0,0.0,0.0,
335513,SEAGATE REHABILITATION AND NURSING CENTER,BROOKLYN,NY,Kings,47,2021Q1,20210104,294,7.0,7.0,0.0,69.5,69.5,0.0,50.4,50.4,0.0,0.0,0.0,0.0,190.2,183.2,7.0,628.78,614.78,14.0,0.0,0.0,0.0,0.0,0.0,0.0,
335513,SEAGATE REHABILITATION AND NURSING CENTER,BROOKLYN,NY,Kings,47,2021Q1,20210105,295,7.0,7.0,0.0,69.0,69.0,0.0,50.81,50.81,0.0,0.0,0.0,0.0,182.14,175.14,7.0,632.18,630.18,2.0,0.0,0.0,0.0,0.0,0.0,0.0,
335513,SEAGATE REHABILITATION AND NURSING CENTER,BROOKLYN,NY,Kings,47,2021Q1,20210106,295,7.0,7.0,0.0,76.68,76.68,0.0,45.17,45.17,0.0,0.0,0.0,0.0,190.41,183.41,7.0,646.13,635.13,11.0,0.0,0.0,0.0,0.0,0.0,0.0,
335513,SEAGATE REHABILITATION AND NURSING CENTER,BROOKLYN,NY,Kings,47,2021Q1,20210107,296,7.0,7.0,0.0,58.07,58.07,0.0,54.1,54.1,0.0,0.0,0.0,0.0,173.7,173.7,0.0,662.09,655.09,7.0,0.0,0.0,0.0,0.0,0.0,0.0,
335513,SEAGATE REHABILITATION AND NURSING CENTER,BROOKLYN,NY,Kings,47,2021Q1,20210108,295,7.0,7.0,0.0,67.0,67.0,0.0,42.45,42.45,0.0,0.0,0.0,0.0,189.41,182.41,7.0,669.53,658.03,11.5,0.0,0.0,0.0,0.0,0.0,0.0,
335513,SEAGATE REHABILITATION AND NURSING CENTER,BROOKLYN,NY,Kings,47,2021Q1,20210109,294,0.0,0.0,0.0,25.72,25.72,0.0,20.9,20.9,0.0,0.0,0.0,0.0,180.68,180.68,0.0,655.82,650.82,5.0,0.0,0.0,0.0,0.0,0.0,0.0,
335513,SEAGATE REHABILITATION AND NURSING CENTER,BROOKLYN,NY,Kings,47,2021Q1,20210110,294,0.0,0.0,0.0,22.5,22.5,0.0,33.0,33.0,0.0,0.0,0.0,0.0,177.52,177.52,0.0,626.98,626.98,0.0,0.0,0.0,0.0,0.0,0.0,0.0,
335513,SEAGATE REHABILITATION AND NURSING CENTER,BROOKLYN,NY,Kings,47,2021Q1,20210111,295,7.0,7.0,0.0,49.0,49.0,0.0,42.0,42.0,0.0,0.0,0.0,0.0,180.72,173.72,7.0,653.97,649.22,4.75,0.0,0.0,0.0,0.0,0.0,0.0,
335513,SEAGATE REHABILITATION AND NURSING CENTER,BROOKLYN,NY,Kings,47,2021Q1,20210112,295,7.0,7.0,0.0,60.0,60.0,0.0,49.8,49.8,0.0,0.0,0.0,0.0,190.91,183.91,7.0,658.53,649.28,9.25,0.0,0.0,0.0,0.0,0.0,0.0,
335513,SEAGATE REHABILITATION AND NURSING CENTER,BROOKLYN,NY,Kings,47,2021Q1,20210113,294,7.0,7.0,0.0,70.66,70.66,0.0,50.0,50.0,0.0,0.0,0.0,0.0,182.97,175.97,7.0,656.09,649.09,7.0,0.0,0.0,0.0,0.0,0.0,0.0,
335513,SEAGATE REHABILITATION AND NURSING CENTER,BROOKLYN,NY,Kings,47,2021Q1,20210114,293,7.0,7.0,0.0,59.48,59.48,0.0,43.42,43.42,0.0,0.0,0.0,0.0,185.7,185.7,0.0,637.55,627.05,10.5,0.0,0.0,0.0,0.0,0.0,0.0,
335513,SEAGATE REHABILITATION AND NURSING CENTER,BROOKLYN,NY,Kings,47,2021Q1,20210115,296,7.0,7.0,0.0,53.78,53.78,0.0,34.5,34.5,0.0,0.0,0.0,0.0,192.04,185.04,7.0,637.71,632.71,5.0,0.0,0.0,0.0,0.0,0.0,0.0,
335513,SEAGATE REHABILITATION AND NURSING CENTER,BROOKLYN,NY,Kings,47,2021Q1,20210116,295,0.0,0.0,0.0,15.45,15.45,0.0,16.0,16.0,0.0,0.0,0.0,0.0,199.0,185.5,13.5,642.12,640.12,2.0,0.0,0.0,0.0,0.0,0.0,0.0,
335513,SEAGATE REHABILITATION AND NURSING CENTER,BROOKLYN,NY,Kings,47,2021Q1,20210117,294,0.0,0.0,0.0,33.98,33.98,0.0,28.0,28.0,0.0,0.0,0.0,0.0,184.75,177.75,7.0,641.88,634.88,7.0,0.0,0.0,0.0,0.0,0.0,0.0,
335513,SEAGATE REHABILITATION AND NURSING CENTER,BROOKLYN,NY,Kings,47,2021Q1,20210118,294,0.0,0.0,0.0,55.07,55.07,0.0,21.0,21.0,0.0,0.0,0.0,0.0,183.96,183.96,0.0,652.76,641.26,11.5,0.0,0.0,0.0,0.0,0.0,0.0,
335513,SEAGATE REHABILITATION AND NURSING CENTER,BROOKLYN,NY,Kings,47,2021Q1,20210119,297,7.0,7.0,0.0,62.0,62.0,0.0,47.0,47.0,0.0,0.0,0.0,0.0,200.63,193.63,7.0,667.47,653.72,13.75,0.0,0.0,0.0,0.0,0.0,0.0,
335513,SEAGATE REHABILITATION AND NURSING CENTER,BROOKLYN,NY,Kings,47,2021Q1,20210120,297,7.0,7.0,0.0,74.84,74.84,0.0,45.5,45.5,0.0,0.0,0.0,0.0,192.33,185.33,7.0,682.55,677.55,5.0,0.0,0.0,0.0,0.0,0.0,0.0,
335513,SEAGATE REHABILITATION AND NURSING CENTER,BROOKLYN,NY,Kings,47,2021Q1,20210121,296,7.0,7.0,0.0,50.93,50.93,0.0,44.22,44.22,0.0,0.0,0.0,0.0,179.08,172.08,7.0,666.02,663.1,2.92,0.0,0.0,0.0,0.0,0.0,0.0,
335513,SEAGATE REHABILITATION AND NURSING CENTER,BROOKLYN,NY,Kings,47,2021Q1,20210122,296,7.0,7.0,0.0,58.0,58.0,0.0,32.46,32.46,0.0,0.0,0.0,0.0,174.2,174.2,0.0,642.74,642.74,0.0,0.0,0.0,0.0,0.0,0.0,0.0,
335513,SEAGATE REHABILITATION AND NURSING CENTER,BROOKLYN,NY,Kings,47,2021Q1,20210123,295,0.0,0.0,0.0,13.0,13.0,0.0,20.87,20.87,0.0,0.0,0.0,0.0,184.38,177.38,7.0,630.47,628.47,2.0,0.0,0.0,0.0,0.0,0.0,0.0,
335513,SEAGATE REHABILITATION AND NURSING CENTER,BROOKLYN,NY,Kings,47,2021Q1,20210124,295,0.0,0.0,0.0,21.15,21.15,0.0,26.0,26.0,0.0,0.0,0.0,0.0,182.2,175.2,7.0,641.65,636.65,5.0,0.0,0.0,0.0,0.0,0.0,0.0,
335513,SEAGATE REHABILITATION AND NURSING CENTER,BROOKLYN,NY,Kings,47,2021Q1,20210125,296,7.0,7.0,0.0,53.6,53.6,0.0,48.5,48.5,0.0,0.0,0.0,0.0,174.35,167.35,7.0,650.72,643.82,6.9,0.0,0.0,0.0,0.0,0.0,0.0,
335513,SEAGATE REHABILITATION AND NURSING CENTER,BROOKLYN,NY,Kings,47,2021Q1,20210126,299,7.0,7.0,0.0,46.5,46.5,0.0,43.33,43.33,0.0,0.0,0.0,0.0,177.95,167.95,10.0,670.67,657.67,13.0,0.0,0.0,0.0,0.0,0.0,0.0,
335513,SEAGATE REHABILITATION AND NURSING CENTER,BROOKLYN,NY,Kings,47,2021Q1,20210127,301,7.0,7.0,0.0,57.42,57.42,0.0,43.25,43.25,0.0,0.0,0.0,0.0,177.33,167.75,9.58,666.95,659.95,7.0,0.0,0.0,0.0,0.0,0.0,0.0,
335513,SEAGATE REHABILITATION AND NURSING CENTER,BROOKLYN,NY,Kings,47,2021Q1,20210128,301,7.0,7.0,0.0,61.0,61.0,0.0,43.5,43.5,0.0,0.0,0.0,0.0,204.04,204.04,0.0,662.67,648.67,14.0,0.0,0.0,0.0,0.0,0.0,0.0,
335513,SEAGATE REHABILITATION AND NURSING CENTER,BROOKLYN,NY,Kings,47,2021Q1,20210129,303,7.0,7.0,0.0,44.42,44.42,0.0,28.75,28.75,0.0,0.0,0.0,0.0,189.81,182.81,7.0,663.35,637.35,26.0,0.0,0.0,0.0,0.0,0.0,0.0,
335513,SEAGATE REHABILITATION AND NURSING CENTER,BROOKLYN,NY,Kings,47,2021Q1,20210130,303,0.0,0.0,0.0,15.45,15.45,0.0,14.0,14.0,0.0,0.0,0.0,0.0,182.0,168.0,14.0,648.66,646.66,2.0,0.0,0.0,0.0,0.0,0.0,0.0,
335513,SEAGATE REHABILITATION AND NURSING CENTER,BROOKLYN,NY,Kings,47,2021Q1,20210131,303,0.0,0.0,0.0,24.05,24.05,0.0,15.82,15.82,0.0,0.0,0.0,0.0,173.33,166.33,7.0,656.28,649.28,7.0,0.0,0.0,0.0,0.0,0.0,0.0,
335513,SEAGATE REHABILITATION AND NURSING CENTER,BROOKLYN,NY,Kings,47,2021Q1,20210201,305,7.0,7.0,0.0,48.5,48.5,0.0,33.75,33.75,0.0,0.0,0.0,0.0,158.42,143.42,15.0,529.82,513.82,16.0,0.0,0.0,0.0,0.0,0.0,0.0,
335513,SEAGATE REHABILITATION AND NURSING CENTER,BROOKLYN,NY,Kings,47,2021Q1,20210202,305,7.0,7.0,0.0,39.5,39.5,0.0,14.0,14.0,0.0,0.0,0.0,0.0,190.55,183.55,7.0,524.36,517.36,7.0,0.0,0.0,0.0,0.0,0.0,0.0,
335513,SEAGATE REHABILITATION AND NURSING CENTER,BROOKLYN,NY,Kings,47,2021Q1,20210203,306,7.0,7.0,0.0,64.6,64.6,0.0,44.58,44.58,0.0,0.0,0.0,0.0,194.95,187.95,7.0,632.44,622.36,10.08,0.0,0.0,0.0,0.0,0.0,0.0,
335513,SEAGATE REHABILITATION AND NURSING CENTER,BROOKLYN,NY,Kings,47,2021Q1,20210204,305,7.0,7.0,0.0,60.5,60.5,0.0,44.12,44.12,0.0,0.0,0.0,0.0,187.86,180.86,7.0,660.61,658.61,2.0,0.0,0.0,0.0,0.0,0.0,0.0,
335513,SEAGATE REHABILITATION AND NURSING CENTER,BROOKLYN,NY,Kings,47,2021Q1,20210205,303,7.0,7.0,0.0,51.03,51.03,0.0,33.95,33.95,0.0,0.0,0.0,0.0,184.8,177.8,7.0,661.99,652.74,9.25,0.0,0.0,0.0,0.0,0.0,0.0,
335513,SEAGATE REHABILITATION AND NURSING CENTER,BROOKLYN,NY,Kings,47,2021Q1,20210206,303,0.0,0.0,0.0,15.22,15.22,0.0,15.83,15.83,0.0,0.0,0.0,0.0,200.75,200.75,0.0,610.05,610.05,0.0,0.0,0.0,0.0,0.0,0.0,0.0,
335513,SEAGATE REHABILITATION AND NURSING CENTER,BROOKLYN,NY,Kings,47,2021Q1,20210207,302,0.0,0.0,0.0,22.35,22.35,0.0,28.0,28.0,0.0,0.0,0.0,0.0,195.15,195.15,0.0,641.23,641.23,0.0,0.0,0.0,0.0,0.0,0.0,0.0,
335513,SEAGATE REHABILITATION AND NURSING CENTER,BROOKLYN,NY,Kings,47,2021Q1,20210208,304,7.0,7.0,0.0,62.43,62.43,0.0,49.98,49.98,0.0,0.0,0.0,0.0,191.51,183.99,7.52,655.9,649.9,6.0,0.0,0.0,0.0,0.0,0.0,0.0,
335513,SEAGATE REHABILITATION AND NURSING CENTER,BROOKLYN,NY,Kings,47,2021Q1,20210209,306,7.0,7.0,0.0,55.5,55.5,0.0,47.15,47.15,0.0,0.0,0.0,0.0,191.43,176.43,15.0,663.89,661.89,2.0,0.0,0.0,0.0,0.0,0.0,0.0,
335513,SEAGATE REHABILITATION AND NURSING CENTER,BROOKLYN,NY,Kings,47,2021Q1,20210210,306,7.0,7.0,0.0,68.2,68.2,0.0,30.57,30.57,0.0,0.0,0.0,0.0,189.43,181.66,7.77,682.41,663.91,18.5,0.0,0.0,0.0,0.0,0.0,0.0,
335513,SEAGATE REHABILITATION AND NURSING CENTER,BROOKLYN,NY,Kings,47,2021Q1,20210211,306,7.0,7.0,0.0,50.92,50.92,0.0,36.73,36.73,0.0,0.0,0.0,0.0,173.08,173.08,0.0,667.91,657.26,10.65,0.0,0.0,0.0,0.0,0.0,0.0,
335513,SEAGATE REHABILITATION AND NURSING CENTER,BROOKLYN,NY,Kings,47,2021Q1,20210212,306,7.0,7.0,0.0,53.5,53.5,0.0,33.0,33.0,0.0,0.0,0.0,0.0,178.68,171.11,7.57,664.88,656.2,8.68,0.0,0.0,0.0,0.0,0.0,0.0,
335513,SEAGATE REHABILITATION AND NURSING CENTER,BROOKLYN,NY,Kings,47,2021Q1,20210213,306,0.0,0.0,0.0,10.87,10.87,0.0,15.85,15.85,0.0,0.0,0.0,0.0,186.33,172.33,14.0,662.41,653.41,9.0,0.0,0.0,0.0,0.0,0.0,0.0,
335513,SEAGATE REHABILITATION AND NURSING CENTER,BROOKLYN,NY,Kings,47,2021Q1,20210214,306,0.0,0.0,0.0,29.07,29.07,0.0,28.21,28.21,0.0,0.0,0.0,0.0,168.4,154.4,14.0,656.44,649.44,7.0,0.0,0.0,0.0,0.0,0.0,0.0,
335513,SEAGATE REHABILITATION AND NURSING CENTER,BROOKLYN,NY,Kings,47,2021Q1,20210215,307,0.0,0.0,0.0,41.57,41.57,0.0,21.0,21.0,0.0,0.0,0.0,0.0,181.01,181.01,0.0,666.53,656.53,10.0,0.0,0.0,0.0,0.0,0.0,0.0,
335513,SEAGATE REHABILITATION AND NURSING CENTER,BROOKLYN,NY,Kings,47,2021Q1,20210216,303,7.0,7.0,0.0,53.5,53.5,0.0,40.6,40.6,0.0,0.0,0.0,0.0,190.46,183.46,7.0,668.44,661.44,7.0,0.0,0.0,0.0,0.0,0.0,0.0,
335513,SEAGATE REHABILITATION AND NURSING CENTER,BROOKLYN,NY,Kings,47,2021Q1,20210217,306,7.0,7.0,0.0,48.98,48.98,0.0,36.5,36.5,0.0,0.0,0.0,0.0,194.56,187.56,7.0,670.78,662.03,8.75,0.0,0.0,0.0,0.0,0.0,0.0,
335513,SEAGATE REHABILITATION AND NURSING CENTER,BROOKLYN,NY,Kings,47,2021Q1,20210218,307,7.0,7.0,0.0,50.52,50.52,0.0,35.38,35.38,0.0,0.0,0.0,0.0,189.05,182.05,7.0,644.02,643.54,0.48,0.0,0.0,0.0,0.0,0.0,0.0,
335513,SEAGATE REHABILITATION AND NURSING CENTER,BROOKLYN,NY,Kings,47,2021Q1,20210219,309,7.0,7.0,0.0,42.0,42.0,0.0,32.5,32.5,0.0,0.0,0.0,0.0,186.19,172.39,13.8,642.07,635.07,7.0,0.0,0.0,0.0,0.0,0.0,0.0,
335513,SEAGATE REHABILITATION AND NURSING CENTER,BROOKLYN,NY,Kings,47,2021Q1,20210220,308,0.0,0.0,0.0,15.6,15.6,0.0,15.42,15.42,0.0,0.0,0.0,0.0,169.78,169.78,0.0,666.1,661.1,5.0,0.0,0.0,0.0,0.0,0.0,0.0,
335513,SEAGATE REHABILITATION AND NURSING CENTER,BROOKLYN,NY,Kings,47,2021Q1,20210221,308,0.0,0.0,0.0,23.95,23.95,0.0,28.0,28.0,0.0,0.0,0.0,0.0,196.18,196.18,0.0,669.28,669.28,0.0,0.0,0.0,0.0,0.0,0.0,0.0,
335513,SEAGATE REHABILITATION AND NURSING CENTER,BROOKLYN,NY,Kings,47,2021Q1,20210222,308,7.0,7.0,0.0,66.45,66.45,0.0,28.0,28.0,0.0,0.0,0.0,0.0,189.29,182.29,7.0,678.96,673.71,5.25,0.0,0.0,0.0,0.0,0.0,0.0,
335513,SEAGATE REHABILITATION AND NURSING CENTER,BROOKLYN,NY,Kings,47,2021Q1,20210223,306,7.0,7.0,0.0,62.0,62.0,0.0,33.0,33.0,0.0,0.0,0.0,0.0,180.92,166.42,14.5,675.15,661.9,13.25,0.0,0.0,0.0,0.0,0.0,0.0,
335513,SEAGATE REHABILITATION AND NURSING CENTER,BROOKLYN,NY,Kings,47,2021Q1,20210224,306,7.0,7.0,0.0,56.0,56.0,0.0,30.0,30.0,0.0,0.0,0.0,0.0,192.5,185.5,7.0,679.58,668.16,11.42,0.0,0.0,0.0,0.0,0.0,0.0,
335513,SEAGATE REHABILITATION AND NURSING CENTER,BROOKLYN,NY,Kings,47,2021Q1,20210225,306,7.0,7.0,0.0,55.5,55.5,0.0,35.0,35.0,0.0,0.0,0.0,0.0,189.53,189.53,0.0,679.05,667.8,11.25,0.0,0.0,0.0,0.0,0.0,0.0,
335513,SEAGATE REHABILITATION AND NURSING CENTER,BROOKLYN,NY,Kings,47,2021Q1,20210226,306,7.0,7.0,0.0,57.08,57.08,0.0,27.52,27.52,0.0,0.0,0.0,0.0,192.05,183.05,9.0,670.98,661.61,9.37,0.0,0.0,0.0,0.0,0.0,0.0,
335513,SEAGATE REHABILITATION AND NURSING CENTER,BROOKLYN,NY,Kings,47,2021Q1,20210227,305,0.0,0.0,0.0,15.79,15.79,0.0,16.0,16.0,0.0,0.0,0.0,0.0,182.27,182.27,0.0,684.47,682.72,1.75,0.0,0.0,0.0,0.0,0.0,0.0,
335513,SEAGATE REHABILITATION AND NURSING CENTER,BROOKLYN,NY,Kings,47,2021Q1,20210228,304,0.0,0.0,0.0,22.13,22.13,0.0,20.75,20.75,0.0,0.0,0.0,0.0,174.83,167.83,7.0,663.69,656.69,7.0,0.0,0.0,0.0,0.0,0.0,0.0,
335513,SEAGATE REHABILITATION AND NURSING CENTER,BROOKLYN,NY,Kings,47,2021Q1,20210301,305,7.0,7.0,0.0,62.5,62.5,0.0,43.17,43.17,0.0,0.0,0.0,0.0,181.47,181.47,0.0,699.05,686.05,13.0,0.0,0.0,0.0,0.0,0.0,0.0,
335513,SEAGATE REHABILITATION AND NURSING CENTER,BROOKLYN,NY,Kings,47,2021Q1,20210302,307,7.0,7.0,0.0,55.5,55.5,0.0,48.67,48.67,0.0,0.0,0.0,0.0,193.21,186.21,7.0,674.04,662.29,11.75,0.0,0.0,0.0,0.0,0.0,0.0,
335513,SEAGATE REHABILITATION AND NURSING CENTER,BROOKLYN,NY,Kings,47,2021Q1,20210303,306,7.0,7.0,0.0,61.18,61.18,0.0,37.0,37.0,0.0,0.0,0.0,0.0,193.83,186.83,7.0,663.88,646.13,17.75,0.0,0.0,0.0,0.0,0.0,0.0,
335513,SEAGATE REHABILITATION AND NURSING CENTER,BROOKLYN,NY,Kings,47,2021Q1,20210304,307,7.0,7.0,0.0,48.82,48.82,0.0,40.02,40.02,0.0,0.0,0.0,0.0,199.94,192.94,7.0,684.63,672.38,12.25,0.0,0.0,0.0,0.0,0.0,0.0,
335513,SEAGATE REHABILITATION AND NURSING CENTER,BROOKLYN,NY,Kings,47,2021Q1,20210305,306,7.0,7.0,0.0,51.0,51.0,0.0,28.0,28.0,0.0,0.0,0.0,0.0,190.5,183.5,7.0,676.63,659.38,17.25,0.0,0.0,0.0,0.0,0.0,0.0,
335513,SEAGATE REHABILITATION AND NURSING CENTER,BROOKLYN,NY,Kings,47,2021Q1,20210306,303,0.0,0.0,0.0,17.58,17.58,0.0,13.8,13.8,0.0,0.0,0.0,0.0,195.83,195.83,0.0,657.49,652.49,5.0,0.0,0.0,0.0,0.0,0.0,0.0,
335513,SEAGATE REHABILITATION AND NURSING CENTER,BROOKLYN,NY,Kings,47,2021Q1,20210307,303,0.0,0.0,0.0,28.92,28.92,0.0,28.0,28.0,0.0,0.0,0.0,0.0,202.55,202.55,0.0,647.5,645.5,2.0,0.0,0.0,0.0,0.0,0.0,0.0,
335513,SEAGATE REHABILITATION AND NURSING CENTER,BROOKLYN,NY,Kings,47,2021Q1,20210308,302,7.0,7.0,0.0,51.5,51.5,0.0,35.0,35.0,0.0,0.0,0.0,0.0,188.22,181.22,7.0,651.82,642.82,9.0,0.0,0.0,0.0,0.0,0.0,0.0,
335513,SEAGATE REHABILITATION AND NURSING CENTER,BROOKLYN,NY,Kings,47,2021Q1,20210309,302,7.0,7.0,0.0,46.0,46.0,0.0,48.0,48.0,0.0,0.0,0.0,0.0,169.93,155.93,14.0,668.37,656.0,12.37,0.0,0.0,0.0,0.0,0.0,0.0,
335513,SEAGATE REHABILITATION AND NURSING CENTER,BROOKLYN,NY,Kings,47,2021Q1,20210310,302,7.0,7.0,0.0,58.65,58.65,0.0,29.5,29.5,0.0,0.0,0.0,0.0,198.26,191.26,7.0,677.75,670.75,7.0,0.0,0.0,0.0,0.0,0.0,0.0,
335513,SEAGATE REHABILITATION AND NURSING CENTER,BROOKLYN,NY,Kings,47,2021Q1,20210311,304,7.0,7.0,0.0,48.85,48.85,0.0,35.0,35.0,0.0,0.0,0.0,0.0,196.63,196.63,0.0,684.24,664.54,19.7,0.0,0.0,0.0,0.0,0.0,0.0,
335513,SEAGATE REHABILITATION AND NURSING CENTER,BROOKLYN,NY,Kings,47,2021Q1,20210312,306,7.0,7.0,0.0,55.5,55.5,0.0,39.93,39.93,0.0,0.0,0.0,0.0,181.18,167.68,13.5,674.61,657.9,16.71,0.0,0.0,0.0,0.0,0.0,0.0,
335513,SEAGATE REHABILITATION AND NURSING CENTER,BROOKLYN,NY,Kings,47,2021Q1,20210313,307,0.0,0.0,0.0,11.38,11.38,0.0,18.64,18.64,0.0,0.0,0.0,0.0,196.52,196.52,0.0,664.52,662.52,2.0,0.0,0.0,0.0,0.0,0.0,0.0,
335513,SEAGATE REHABILITATION AND NURSING CENTER,BROOKLYN,NY,Kings,47,2021Q1,20210314,307,0.0,0.0,0.0,21.45,21.45,0.0,28.0,28.0,0.0,0.0,0.0,0.0,180.43,166.43,14.0,623.7,619.7,4.0,0.0,0.0,0.0,0.0,0.0,0.0,
335513,SEAGATE REHABILITATION AND NURSING CENTER,BROOKLYN,NY,Kings,47,2021Q1,20210315,306,7.0,7.0,0.0,66.97,66.97,0.0,28.35,28.35,0.0,0.0,0.0,0.0,178.37,178.37,0.0,693.83,682.05,11.78,0.0,0.0,0.0,0.0,0.0,0.0,
335513,SEAGATE REHABILITATION AND NURSING CENTER,BROOKLYN,NY,Kings,47,2021Q1,20210316,306,7.0,7.0,0.0,62.15,62.15,0.0,42.25,42.25,0.0,0.0,0.0,0.0,169.96,162.96,7.0,666.4,657.58,8.82,0.0,0.0,0.0,0.0,0.0,0.0,
335513,SEAGATE REHABILITATION AND NURSING CENTER,BROOKLYN,NY,Kings,47,2021Q1,20210317,304,7.0,7.0,0.0,56.15,56.15,0.0,33.27,33.27,0.0,0.0,0.0,0.0,176.15,169.15,7.0,646.35,629.6,16.75,0.0,0.0,0.0,0.0,0.0,0.0,
335513,SEAGATE REHABILITATION AND NURSING CENTER,BROOKLYN,NY,Kings,47,2021Q1,20210318,304,7.0,7.0,0.0,50.9,50.9,0.0,34.85,34.85,0.0,0.0,0.0,0.0,177.51,170.51,7.0,667.89,652.89,15.0,0.0,0.0,0.0,0.0,0.0,0.0,
335513,SEAGATE REHABILITATION AND NURSING CENTER,BROOKLYN,NY,Kings,47,2021Q1,20210319,306,7.0,7.0,0.0,46.5,46.5,0.0,35.43,35.43,0.0,0.0,0.0,0.0,183.28,169.28,14.0,654.42,641.84,12.58,0.0,0.0,0.0,0.0,0.0,0.0,
335513,SEAGATE REHABILITATION AND NURSING CENTER,BROOKLYN,NY,Kings,47,2021Q1,20210320,306,0.0,0.0,0.0,12.87,12.87,0.0,13.67,13.67,0.0,0.0,0.0,0.0,182.25,182.25,0.0,661.71,654.91,6.8,0.0,0.0,0.0,0.0,0.0,0.0,
335513,SEAGATE REHABILITATION AND NURSING CENTER,BROOKLYN,NY,Kings,47,2021Q1,20210321,306,0.0,0.0,0.0,26.65,26.65,0.0,19.47,19.47,0.0,0.0,0.0,0.0,187.82,187.82,0.0,661.97,661.97,0.0,0.0,0.0,0.0,0.0,0.0,0.0,
335513,SEAGATE REHABILITATION AND NURSING CENTER,BROOKLYN,NY,Kings,47,2021Q1,20210322,308,7.0,7.0,0.0,62.48,62.48,0.0,34.82,34.82,0.0,0.0,0.0,0.0,168.37,161.37,7.0,662.18,655.85,6.33,0.0,0.0,0.0,0.0,0.0,0.0,
335513,SEAGATE REHABILITATION AND NURSING CENTER,BROOKLYN,NY,Kings,47,2021Q1,20210323,310,7.0,7.0,0.0,58.0,58.0,0.0,30.13,30.13,0.0,0.0,0.0,0.0,184.37,170.37,14.0,681.79,661.79,20.0,0.0,0.0,0.0,0.0,0.0,0.0,
335513,SEAGATE REHABILITATION AND NURSING CENTER,BROOKLYN,NY,Kings,47,2021Q1,20210324,307,7.0,7.0,0.0,46.0,46.0,0.0,39.87,39.87,0.0,0.0,0.0,0.0,184.02,177.02,7.0,683.32,676.32,7.0,0.0,0.0,0.0,0.0,0.0,0.0,
335513,SEAGATE REHABILITATION AND NURSING CENTER,BROOKLYN,NY,Kings,47,2021Q1,20210325,309,7.0,7.0,0.0,50.5,50.5,0.0,35.0,35.0,0.0,0.0,0.0,0.0,190.25,190.25,0.0,694.32,665.24,29.08,0.0,0.0,0.0,0.0,0.0,0.0,
335513,SEAGATE REHABILITATION AND NURSING CENTER,BROOKLYN,NY,Kings,47,2021Q1,20210326,309,7.0,7.0,0.0,53.5,53.5,0.0,28.0,28.0,0.0,0.0,0.0,0.0,181.86,173.44,8.42,675.1,651.01,24.09,0.0,0.0,0.0,0.0,0.0,0.0,
335513,SEAGATE REHABILITATION AND NURSING CENTER,BROOKLYN,NY,Kings,47,2021Q1,20210327,309,0.0,0.0,0.0,19.43,19.43,0.0,13.5,13.5,0.0,0.0,0.0,0.0,180.86,180.86,0.0,684.14,670.14,14.0,0.0,0.0,0.0,0.0,0.0,0.0,
335513,SEAGATE REHABILITATION AND NURSING CENTER,BROOKLYN,NY,Kings,47,2021Q1,20210328,309,0.0,0.0,0.0,27.03,27.03,0.0,13.22,13.22,0.0,0.0,0.0,0.0,177.72,163.72,14.0,652.3,645.3,7.0,0.0,0.0,0.0,0.0,0.0,0.0,
335513,SEAGATE REHABILITATION AND NURSING CENTER,BROOKLYN,NY,Kings,47,2021Q1,20210329,308,7.0,7.0,0.0,72.53,72.53,0.0,37.23,37.23,0.0,0.0,0.0,0.0,190.31,190.31,0.0,687.6,678.6,9.0,0.0,0.0,0.0,0.0,0.0,0.0,
335513,SEAGATE REHABILITATION AND NURSING CENTER,BROOKLYN,NY,Kings,47,2021Q1,20210330,311,7.0,7.0,0.0,57.6,57.6,0.0,25.77,25.77,0.0,0.0,0.0,0.0,181.39,181.39,0.0,674.68,667.68,7.0,0.0,0.0,0.0,0.0,0.0,0.0,
335513,SEAGATE REHABILITATION AND NURSING CENTER,BROOKLYN,NY,Kings,47,2021Q1,20210331,310,7.0,7.0,0.0,60.9,60.9,0.0,37.08,37.08,0.0,0.0,0.0,0.0,185.25,185.25,0.0,680.41,668.41,12.0,0.0,0.0,0.0,0.0,0.0,0.0,
335513,SEAGATE REHABILITATION AND NURSING CENTER,BROOKLYN,NY,Kings,47,2021Q2,20210401,314,7.0,7.0,0.0,78.25,78.25,0.0,18.92,18.92,0.0,0.0,0.0,0.0,173.0,173.0,0.0,680.81,670.08,10.73,0.0,0.0,0.0,0.0,0.0,0.0,
335513,SEAGATE REHABILITATION AND NURSING CENTER,BROOKLYN,NY,Kings,47,2021Q2,20210402,316,7.0,7.0,0.0,71.6,71.6,0.0,21.0,21.0,0.0,0.0,0.0,0.0,177.72,177.72,0.0,679.9,657.9,22.0,0.0,0.0,0.0,0.0,0.0,0.0,
335513,SEAGATE REHABILITATION AND NURSING CENTER,BROOKLYN,NY,Kings,47,2021Q2,20210403,315,0.0,0.0,0.0,15.93,15.93,0.0,13.5,13.5,0.0,0.0,0.0,0.0,188.15,188.15,0.0,683.1,667.33,15.77,0.0,0.0,0.0,0.0,0.0,0.0,
335513,SEAGATE REHABILITATION AND NURSING CENTER,BROOKLYN,NY,Kings,47,2021Q2,20210404,315,0.0,0.0,0.0,20.0,20.0,0.0,27.12,27.12,0.0,0.0,0.0,0.0,174.77,174.77,0.0,656.48,646.48,10.0,0.0,0.0,0.0,0.0,0.0,0.0,
335513,SEAGATE REHABILITATION AND NURSING CENTER,BROOKLYN,NY,Kings,47,2021Q2,20210405,317,7.0,7.0,0.0,55.83,55.83,0.0,35.0,35.0,0.0,0.0,0.0,0.0,168.87,168.87,0.0,695.57,690.57,5.0,0.0,0.0,0.0,0.0,0.0,0.0,
335513,SEAGATE REHABILITATION AND NURSING CENTER,BROOKLYN,NY,Kings,47,2021Q2,20210406,316,7.0,7.0,0.0,35.3,35.3,0.0,38.25,38.25,0.0,0.0,0.0,0.0,169.94,169.94,0.0,685.1,658.6,26.5,0.0,0.0,0.0,0.0,0.0,0.0,
335513,SEAGATE REHABILITATION AND NURSING CENTER,BROOKLYN,NY,Kings,47,2021Q2,20210407,314,7.0,7.0,0.0,45.64,45.64,0.0,34.5,34.5,0.0,0.0,0.0,0.0,160.3,160.3,0.0,695.05,668.92,26.13,0.0,0.0,0.0,0.0,0.0,0.0,
335513,SEAGATE REHABILITATION AND NURSING CENTER,BROOKLYN,NY,Kings,47,2021Q2,20210408,314,14.0,14.0,0.0,34.4,34.4,0.0,21.0,21.0,0.0,0.0,0.0,0.0,193.8,186.8,7.0,673.74,634.71,39.03,0.0,0.0,0.0,0.0,0.0,0.0,
335513,SEAGATE REHABILITATION AND NURSING CENTER,BROOKLYN,NY,Kings,47,2021Q2,20210409,316,7.0,7.0,0.0,35.15,35.15,0.0,28.0,28.0,0.0,0.0,0.0,0.0,191.06,183.71,7.35,704.44,676.52,27.92,0.0,0.0,0.0,0.0,0.0,0.0,
335513,SEAGATE REHABILITATION AND NURSING CENTER,BROOKLYN,NY,Kings,47,2021Q2,20210410,316,7.0,7.0,0.0,17.95,17.95,0.0,13.68,13.68,0.0,0.0,0.0,0.0,172.74,172.74,0.0,677.45,655.2,22.25,0.0,0.0,0.0,0.0,0.0,0.0,
335513,SEAGATE REHABILITATION AND NURSING CENTER,BROOKLYN,NY,Kings,47,2021Q2,20210411,315,13.5,13.5,0.0,13.8,13.8,0.0,20.58,20.58,0.0,0.0,0.0,0.0,164.82,164.82,0.0,672.54,672.54,0.0,0.0,0.0,0.0,0.0,0.0,0.0,
335513,SEAGATE REHABILITATION AND NURSING CENTER,BROOKLYN,NY,Kings,47,2021Q2,20210412,316,7.0,7.0,0.0,49.73,49.73,0.0,42.5,42.5,0.0,0.0,0.0,0.0,173.98,167.05,6.93,686.83,682.5,4.33,0.0,0.0,0.0,0.0,0.0,0.0,
335513,SEAGATE REHABILITATION AND NURSING CENTER,BROOKLYN,NY,Kings,47,2021Q2,20210413,318,7.0,7.0,0.0,51.04,51.04,0.0,47.95,47.95,0.0,0.0,0.0,0.0,189.11,189.11,0.0,690.98,685.98,5.0,0.0,0.0,0.0,0.0,0.0,0.0,
335513,SEAGATE REHABILITATION AND NURSING CENTER,BROOKLYN,NY,Kings,47,2021Q2,20210414,318,0.0,0.0,0.0,50.76,50.76,0.0,42.0,42.0,0.0,0.0,0.0,0.0,176.36,176.36,0.0,698.7,690.79,7.91,0.0,0.0,0.0,0.0,0.0,0.0,
335513,SEAGATE REHABILITATION AND NURSING CENTER,BROOKLYN,NY,Kings,47,2021Q2,20210415,320,7.0,7.0,0.0,43.68,43.68,0.0,47.7,47.7,0.0,0.0,0.0,0.0,181.24,181.24,0.0,693.24,679.66,13.58,0.0,0.0,0.0,0.0,0.0,0.0,
335513,SEAGATE REHABILITATION AND NURSING CENTER,BROOKLYN,NY,Kings,47,2021Q2,20210416,319,0.0,0.0,0.0,47.33,47.33,0.0,31.0,31.0,0.0,0.0,0.0,0.0,170.14,170.14,0.0,699.09,699.09,0.0,0.0,0.0,0.0,0.0,0.0,0.0,
335513,SEAGATE REHABILITATION AND NURSING CENTER,BROOKLYN,NY,Kings,47,2021Q2,20210417,317,0.0,0.0,0.0,11.03,11.03,0.0,13.8,13.8,0.0,0.0,0.0,0.0,187.85,187.85,0.0,664.29,664.29,0.0,0.0,0.0,0.0,0.0,0.0,0.0,
335513,SEAGATE REHABILITATION AND NURSING CENTER,BROOKLYN,NY,Kings,47,2021Q2,20210418,318,0.0,0.0,0.0,23.85,23.85,0.0,27.75,27.75,0.0,0.0,0.0,0.0,181.52,181.52,0.0,663.98,661.98,2.0,0.0,0.0,0.0,0.0,0.0,0.0,
335513,SEAGATE REHABILITATION AND NURSING CENTER,BROOKLYN,NY,Kings,47,2021Q2,20210419,317,7.0,7.0,0.0,68.08,68.08,0.0,35.0,35.0,0.0,0.0,0.0,0.0,182.25,182.25,0.0,671.74,664.99,6.75,0.0,0.0,0.0,0.0,0.0,0.0,
335513,SEAGATE REHABILITATION AND NURSING CENTER,BROOKLYN,NY,Kings,47,2021Q2,20210420,320,7.0,7.0,0.0,54.79,54.79,0.0,41.5,41.5,0.0,0.0,0.0,0.0,210.19,189.19,21.0,714.15,700.65,13.5,0.0,0.0,0.0,0.0,0.0,0.0,
335513,SEAGATE REHABILITATION AND NURSING CENTER,BROOKLYN,NY,Kings,47,2021Q2,20210421,318,7.0,7.0,0.0,52.5,52.5,0.0,42.0,42.0,0.0,0.0,0.0,0.0,204.14,197.14,7.0,682.78,673.11,9.67,0.0,0.0,0.0,0.0,0.0,0.0,
335513,SEAGATE REHABILITATION AND NURSING CENTER,BROOKLYN,NY,Kings,47,2021Q2,20210422,320,7.0,7.0,0.0,80.92,80.92,0.0,35.0,35.0,0.0,0.0,0.0,0.0,212.63,191.63,21.0,698.36,692.36,6.0,0.0,0.0,0.0,0.0,0.0,0.0,
335513,SEAGATE REHABILITATION AND NURSING CENTER,BROOKLYN,NY,Kings,47,2021Q2,20210423,320,7.0,7.0,0.0,73.33,73.33,0.0,35.0,35.0,0.0,0.0,0.0,0.0,200.84,192.07,8.77,695.11,689.86,5.25,0.0,0.0,0.0,0.0,0.0,0.0,
335513,SEAGATE REHABILITATION AND NURSING CENTER,BROOKLYN,NY,Kings,47,2021Q2,20210424,320,0.0,0.0,0.0,18.08,18.08,0.0,13.5,13.5,0.0,0.0,0.0,0.0,168.07,168.07,0.0,670.07,668.07,2.0,0.0,0.0,0.0,0.0,0.0,0.0,
335513,SEAGATE REHABILITATION AND NURSING CENTER,BROOKLYN,NY,Kings,47,2021Q2,20210425,320,0.0,0.0,0.0,25.87,25.87,0.0,26.77,26.77,0.0,0.0,0.0,0.0,180.1,180.1,0.0,688.9,681.9,7.0,0.0,0.0,0.0,0.0,0.0,0.0,
335513,SEAGATE REHABILITATION AND NURSING CENTER,BROOKLYN,NY,Kings,47,2021Q2,20210426,316,7.0,7.0,0.0,58.66,58.66,0.0,42.33,42.33,0.0,0.0,0.0,0.0,184.76,177.59,7.17,693.55,679.55,14.0,0.0,0.0,0.0,0.0,0.0,0.0,
335513,SEAGATE REHABILITATION AND NURSING CENTER,BROOKLYN,NY,Kings,47,2021Q2,20210427,318,13.5,13.5,0.0,55.02,55.02,0.0,62.5,62.5,0.0,0.0,0.0,0.0,190.5,181.5,9.0,698.61,678.38,20.23,0.0,0.0,0.0,0.0,0.0,0.0,
335513,SEAGATE REHABILITATION AND NURSING CENTER,BROOKLYN,NY,Kings,47,2021Q2,20210428,319,7.0,7.0,0.0,64.86,64.86,0.0,42.25,42.25,0.0,0.0,0.0,0.0,187.2,181.23,5.97,669.09,660.31,8.78,0.0,0.0,0.0,0.0,0.0,0.0,
335513,SEAGATE REHABILITATION AND NURSING CENTER,BROOKLYN,NY,Kings,47,2021Q2,20210429,322,7.0,7.0,0.0,45.33,45.33,0.0,43.1,43.1,0.0,0.0,0.0,0.0,167.35,162.35,5.0,704.04,686.54,17.5,0.0,0.0,0.0,0.0,0.0,0.0,
335513,SEAGATE REHABILITATION AND NURSING CENTER,BROOKLYN,NY,Kings,47,2021Q2,20210430,319,13.5,13.5,0.0,55.18,55.18,0.0,35.62,35.62,0.0,0.0,0.0,0.0,173.94,172.27,1.67,680.96,674.96,6.0,0.0,0.0,0.0,0.0,0.0,0.0,
335513,SEAGATE REHABILITATION AND NURSING CENTER,BROOKLYN,NY,Kings,47,2021Q2,20210501,319,0.0,0.0,0.0,27.97,27.97,0.0,13.8,13.8,0.0,0.0,0.0,0.0,187.47,179.85,7.62,664.15,659.15,5.0,0.0,0.0,0.0,0.0,0.0,0.0,
335513,SEAGATE REHABILITATION AND NURSING CENTER,BROOKLYN,NY,Kings,47,2021Q2,20210502,318,13.5,13.5,0.0,8.9,8.9,0.0,21.0,21.0,0.0,0.0,0.0,0.0,168.98,161.73,7.25,671.69,669.69,2.0,0.0,0.0,0.0,0.0,0.0,0.0,
335513,SEAGATE REHABILITATION AND NURSING CENTER,BROOKLYN,NY,Kings,47,2021Q2,20210503,318,7.0,7.0,0.0,78.66,78.66,0.0,42.0,42.0,0.0,0.0,0.0,0.0,168.07,155.67,12.4,691.07,680.49,10.58,0.0,0.0,0.0,0.0,0.0,0.0,
335513,SEAGATE REHABILITATION AND NURSING CENTER,BROOKLYN,NY,Kings,47,2021Q2,20210504,321,7.0,7.0,0.0,57.09,57.09,0.0,48.5,48.5,0.0,0.0,0.0,0.0,185.64,177.34,8.3,695.64,690.64,5.0,0.0,0.0,0.0,0.0,0.0,0.0,
335513,SEAGATE REHABILITATION AND NURSING CENTER,BROOKLYN,NY,Kings,47,2021Q2,20210505,322,7.0,7.0,0.0,67.52,67.52,0.0,42.0,42.0,0.0,0.0,0.0,0.0,170.29,170.29,0.0,685.62,682.12,3.5,0.0,0.0,0.0,0.0,0.0,0.0,
335513,SEAGATE REHABILITATION AND NURSING CENTER,BROOKLYN,NY,Kings,47,2021Q2,20210506,319,0.0,0.0,0.0,85.18,85.18,0.0,28.0,28.0,0.0,0.0,0.0,0.0,176.54,176.54,0.0,703.3,696.72,6.58,0.0,0.0,0.0,0.0,0.0,0.0,
335513,SEAGATE REHABILITATION AND NURSING CENTER,BROOKLYN,NY,Kings,47,2021Q2,20210507,319,0.0,0.0,0.0,65.01,65.01,0.0,41.32,41.32,0.0,0.0,0.0,0.0,153.83,151.83,2.0,684.91,681.94,2.97,0.0,0.0,0.0,0.0,0.0,0.0,
335513,SEAGATE REHABILITATION AND NURSING CENTER,BROOKLYN,NY,Kings,47,2021Q2,20210508,319,0.0,0.0,0.0,19.43,19.43,0.0,15.72,15.72,0.0,0.0,0.0,0.0,178.76,172.21,6.55,661.57,661.57,0.0,0.0,0.0,0.0,0.0,0.0,0.0,
335513,SEAGATE REHABILITATION AND NURSING CENTER,BROOKLYN,NY,Kings,47,2021Q2,20210509,318,0.0,0.0,0.0,34.6,34.6,0.0,47.33,47.33,0.0,0.0,0.0,0.0,167.58,161.23,6.35,665.98,663.98,2.0,0.0,0.0,0.0,0.0,0.0,0.0,
335513,SEAGATE REHABILITATION AND NURSING CENTER,BROOKLYN,NY,Kings,47,2021Q2,20210510,321,13.5,13.5,0.0,83.11,83.11,0.0,49.88,49.88,0.0,0.0,0.0,0.0,155.67,155.67,0.0,672.52,667.52,5.0,0.0,0.0,0.0,0.0,0.0,0.0,
335513,SEAGATE REHABILITATION AND NURSING CENTER,BROOKLYN,NY,Kings,47,2021Q2,20210511,320,7.0,7.0,0.0,74.7,74.7,0.0,46.5,46.5,0.0,0.0,0.0,0.0,186.24,186.24,0.0,712.41,700.16,12.25,0.0,0.0,0.0,0.0,0.0,0.0,
335513,SEAGATE REHABILITATION AND NURSING CENTER,BROOKLYN,NY,Kings,47,2021Q2,20210512,322,7.0,7.0,0.0,60.25,60.25,0.0,30.0,30.0,0.0,0.0,0.0,0.0,201.35,201.35,0.0,716.21,709.38,6.83,0.0,0.0,0.0,0.0,0.0,0.0,
335513,SEAGATE REHABILITATION AND NURSING CENTER,BROOKLYN,NY,Kings,47,2021Q2,20210513,324,7.0,7.0,0.0,72.2,72.2,0.0,42.0,42.0,0.0,0.0,0.0,0.0,170.97,169.19,1.78,665.3,656.8,8.5,0.0,0.0,0.0,0.0,0.0,0.0,
335513,SEAGATE REHABILITATION AND NURSING CENTER,BROOKLYN,NY,Kings,47,2021Q2,20210514,323,13.5,13.5,0.0,30.58,30.58,0.0,33.0,33.0,0.0,0.0,0.0,0.0,179.64,172.64,7.0,662.08,662.08,0.0,0.0,0.0,0.0,0.0,0.0,0.0,
335513,SEAGATE REHABILITATION AND NURSING CENTER,BROOKLYN,NY,Kings,47,2021Q2,20210515,324,0.0,0.0,0.0,19.42,19.42,0.0,15.87,15.87,0.0,0.0,0.0,0.0,185.3,179.83,5.47,670.77,670.77,0.0,0.0,0.0,0.0,0.0,0.0,0.0,
335513,SEAGATE REHABILITATION AND NURSING CENTER,BROOKLYN,NY,Kings,47,2021Q2,20210516,325,0.0,0.0,0.0,25.55,25.55,0.0,40.0,40.0,0.0,0.0,0.0,0.0,198.75,191.25,7.5,677.87,675.87,2.0,0.0,0.0,0.0,0.0,0.0,0.0,
335513,SEAGATE REHABILITATION AND NURSING CENTER,BROOKLYN,NY,Kings,47,2021Q2,20210517,323,7.0,7.0,0.0,56.76,56.76,0.0,28.0,28.0,0.0,0.0,0.0,0.0,204.19,197.84,6.35,676.4,671.4,5.0,0.0,0.0,0.0,0.0,0.0,0.0,
335513,SEAGATE REHABILITATION AND NURSING CENTER,BROOKLYN,NY,Kings,47,2021Q2,20210518,322,7.0,7.0,0.0,59.35,59.35,0.0,34.5,34.5,0.0,0.0,0.0,0.0,181.31,181.31,0.0,692.06,690.06,2.0,0.0,0.0,0.0,0.0,0.0,0.0,
335513,SEAGATE REHABILITATION AND NURSING CENTER,BROOKLYN,NY,Kings,47,2021Q2,20210519,325,7.0,7.0,0.0,53.22,53.22,0.0,30.0,30.0,0.0,0.0,0.0,0.0,187.15,187.15,0.0,674.27,669.27,5.0,0.0,0.0,0.0,0.0,0.0,0.0,
335513,SEAGATE REHABILITATION AND NURSING CENTER,BROOKLYN,NY,Kings,47,2021Q2,20210520,325,7.0,7.0,0.0,85.67,85.67,0.0,41.5,41.5,0.0,0.0,0.0,0.0,189.67,189.67,0.0,706.95,698.15,8.8,0.0,0.0,0.0,0.0,0.0,0.0,
335513,SEAGATE REHABILITATION AND NURSING CENTER,BROOKLYN,NY,Kings,47,2021Q2,20210521,325,13.5,13.5,0.0,62.89,62.89,0.0,26.0,26.0,0.0,0.0,0.0,0.0,182.66,180.66,2.0,692.28,680.03,12.25,0.0,0.0,0.0,0.0,0.0,0.0,
335513,SEAGATE REHABILITATION AND NURSING CENTER,BROOKLYN,NY,Kings,47,2021Q2,20210522,325,0.0,0.0,0.0,24.5,24.5,0.0,16.0,16.0,0.0,0.0,0.0,0.0,174.23,166.98,7.25,701.46,701.46,0.0,0.0,0.0,0.0,0.0,0.0,0.0,
335513,SEAGATE REHABILITATION AND NURSING CENTER,BROOKLYN,NY,Kings,47,2021Q2,20210523,324,0.0,0.0,0.0,36.14,36.14,0.0,42.0,42.0,0.0,0.0,0.0,0.0,157.8,152.58,5.22,696.5,687.5,9.0,0.0,0.0,0.0,0.0,0.0,0.0,
335513,SEAGATE REHABILITATION AND NURSING CENTER,BROOKLYN,NY,Kings,47,2021Q2,20210524,321,7.0,7.0,0.0,73.43,73.43,0.0,35.0,35.0,0.0,0.0,0.0,0.0,178.32,178.32,0.0,692.85,676.1,16.75,0.0,0.0,0.0,0.0,0.0,0.0,
335513,SEAGATE REHABILITATION AND NURSING CENTER,BROOKLYN,NY,Kings,47,2021Q2,20210525,323,7.0,7.0,0.0,62.24,62.24,0.0,39.67,39.67,0.0,0.0,0.0,0.0,185.66,185.66,0.0,674.93,664.93,10.0,0.0,0.0,0.0,0.0,0.0,0.0,
335513,SEAGATE REHABILITATION AND NURSING CENTER,BROOKLYN,NY,Kings,47,2021Q2,20210526,325,7.0,7.0,0.0,54.05,54.05,0.0,37.82,37.82,0.0,0.0,0.0,0.0,182.49,180.49,2.0,672.02,660.57,11.45,0.0,0.0,0.0,0.0,0.0,0.0,
335513,SEAGATE REHABILITATION AND NURSING CENTER,BROOKLYN,NY,Kings,47,2021Q2,20210527,325,12.77,12.77,0.0,61.15,61.15,0.0,42.83,42.83,0.0,0.0,0.0,0.0,153.94,146.94,7.0,679.77,674.77,5.0,0.0,0.0,0.0,0.0,0.0,0.0,
335513,SEAGATE REHABILITATION AND NURSING CENTER,BROOKLYN,NY,Kings,47,2021Q2,20210528,328,10.5,10.5,0.0,63.1,63.1,0.0,33.0,33.0,0.0,0.0,0.0,0.0,176.67,170.14,6.53,697.25,690.67,6.58,0.0,0.0,0.0,0.0,0.0,0.0,
335513,SEAGATE REHABILITATION AND NURSING CENTER,BROOKLYN,NY,Kings,47,2021Q2,20210529,326,0.0,0.0,0.0,17.43,17.43,0.0,15.83,15.83,0.0,0.0,0.0,0.0,173.75,166.88,6.87,686.89,679.89,7.0,0.0,0.0,0.0,0.0,0.0,0.0,
335513,SEAGATE REHABILITATION AND NURSING CENTER,BROOKLYN,NY,Kings,47,2021Q2,20210530,325,0.0,0.0,0.0,31.15,31.15,0.0,42.0,42.0,0.0,0.0,0.0,0.0,180.53,173.4,7.13,660.07,658.07,2.0,0.0,0.0,0.0,0.0,0.0,0.0,
335513,SEAGATE REHABILITATION AND NURSING CENTER,BROOKLYN,NY,Kings,47,2021Q2,20210531,324,0.0,0.0,0.0,49.8,49.8,0.0,28.57,28.57,0.0,0.0,0.0,0.0,174.74,169.52,5.22,690.68,685.68,5.0,0.0,0.0,0.0,0.0,0.0,0.0,
335513,SEAGATE REHABILITATION AND NURSING CENTER,BROOKLYN,NY,Kings,47,2021Q2,20210601,324,12.75,12.75,0.0,54.37,54.37,0.0,40.67,40.67,0.0,0.0,0.0,0.0,182.55,182.55,0.0,712.06,698.56,13.5,0.0,0.0,0.0,0.0,0.0,0.0,
335513,SEAGATE REHABILITATION AND NURSING CENTER,BROOKLYN,NY,Kings,47,2021Q2,20210602,327,13.0,13.0,0.0,63.41,63.41,0.0,30.53,30.53,0.0,0.0,0.0,0.0,179.58,177.58,2.0,723.48,706.78,16.7,0.0,0.0,0.0,0.0,0.0,0.0,
335513,SEAGATE REHABILITATION AND NURSING CENTER,BROOKLYN,NY,Kings,47,2021Q2,20210603,327,7.0,7.0,0.0,58.19,58.19,0.0,35.25,35.25,0.0,0.0,0.0,0.0,162.16,156.94,5.22,722.28,711.78,10.5,0.0,0.0,0.0,0.0,0.0,0.0,
335513,SEAGATE REHABILITATION AND NURSING CENTER,BROOKLYN,NY,Kings,47,2021Q2,20210604,331,7.0,7.0,0.0,62.41,62.41,0.0,33.0,33.0,0.0,0.0,0.0,0.0,192.22,190.22,2.0,721.1,709.68,11.42,0.0,0.0,0.0,0.0,0.0,0.0,
335513,SEAGATE REHABILITATION AND NURSING CENTER,BROOKLYN,NY,Kings,47,2021Q2,20210605,331,0.0,0.0,0.0,15.12,15.12,0.0,15.8,15.8,0.0,0.0,0.0,0.0,180.44,173.87,6.57,704.77,690.77,14.0,0.0,0.0,0.0,0.0,0.0,0.0,
335513,SEAGATE REHABILITATION AND NURSING CENTER,BROOKLYN,NY,Kings,47,2021Q2,20210606,331,0.0,0.0,0.0,32.69,32.69,0.0,35.0,35.0,0.0,0.0,0.0,0.0,167.17,160.57,6.6,702.58,693.58,9.0,0.0,0.0,0.0,0.0,0.0,0.0,
335513,SEAGATE REHABILITATION AND NURSING CENTER,BROOKLYN,NY,Kings,47,2021Q2,20210607,331,7.0,7.0,0.0,87.9,87.9,0.0,35.0,35.0,0.0,0.0,0.0,0.0,160.9,155.77,5.13,701.51,692.01,9.5,0.0,0.0,0.0,0.0,0.0,0.0,
335513,SEAGATE REHABILITATION AND NURSING CENTER,BROOKLYN,NY,Kings,47,2021Q2,20210608,333,7.0,7.0,0.0,69.43,69.43,0.0,32.87,32.87,0.0,0.0,0.0,0.0,177.08,177.08,0.0,719.56,708.84,10.72,0.0,0.0,0.0,0.0,0.0,0.0,
335513,SEAGATE REHABILITATION AND NURSING CENTER,BROOKLYN,NY,Kings,47,2021Q2,20210609,331,7.0,7.0,0.0,49.03,49.03,0.0,22.87,22.87,0.0,0.0,0.0,0.0,223.54,221.71,1.83,745.24,717.64,27.6,0.0,0.0,0.0,0.0,0.0,0.0,
335513,SEAGATE REHABILITATION AND NURSING CENTER,BROOKLYN,NY,Kings,47,2021Q2,20210610,330,7.0,7.0,0.0,65.02,65.02,0.0,42.62,42.62,0.0,0.0,0.0,0.0,162.08,155.28,6.8,743.58,736.58,7.0,0.0,0.0,0.0,0.0,0.0,0.0,
335513,SEAGATE REHABILITATION AND NURSING CENTER,BROOKLYN,NY,Kings,47,2021Q2,20210611,328,7.0,7.0,0.0,76.25,76.25,0.0,32.87,32.87,0.0,0.0,0.0,0.0,183.92,176.92,7.0,743.81,726.81,17.0,0.0,0.0,0.0,0.0,0.0,0.0,
335513,SEAGATE REHABILITATION AND NURSING CENTER,BROOKLYN,NY,Kings,47,2021Q2,20210612,328,0.0,0.0,0.0,12.45,12.45,0.0,13.83,13.83,0.0,0.0,0.0,0.0,183.27,176.14,7.13,711.45,704.45,7.0,0.0,0.0,0.0,0.0,0.0,0.0,
335513,SEAGATE REHABILITATION AND NURSING CENTER,BROOKLYN,NY,Kings,47,2021Q2,20210613,328,0.0,0.0,0.0,28.2,28.2,0.0,39.0,39.0,0.0,0.0,0.0,0.0,168.11,161.11,7.0,694.93,685.8,9.13,0.0,0.0,0.0,0.0,0.0,0.0,
335513,SEAGATE REHABILITATION AND NURSING CENTER,BROOKLYN,NY,Kings,47,2021Q2,20210614,326,7.0,7.0,0.0,88.83,88.83,0.0,42.07,42.07,0.0,0.0,0.0,0.0,189.83,184.63,5.2,700.54,682.29,18.25,0.0,0.0,0.0,0.0,0.0,0.0,
335513,SEAGATE REHABILITATION AND NURSING CENTER,BROOKLYN,NY,Kings,47,2021Q2,20210615,327,7.0,7.0,0.0,63.43,63.43,0.0,40.37,40.37,0.0,0.0,0.0,0.0,170.0,170.0,0.0,740.16,715.66,24.5,0.0,0.0,0.0,0.0,0.0,0.0,
335513,SEAGATE REHABILITATION AND NURSING CENTER,BROOKLYN,NY,Kings,47,2021Q2,20210616,328,7.0,7.0,0.0,72.53,72.53,0.0,37.25,37.25,0.0,0.0,0.0,0.0,179.32,179.32,0.0,740.37,712.47,27.9,0.0,0.0,0.0,0.0,0.0,0.0,
335513,SEAGATE REHABILITATION AND NURSING CENTER,BROOKLYN,NY,Kings,47,2021Q2,20210617,329,7.0,7.0,0.0,67.78,67.78,0.0,42.0,42.0,0.0,0.0,0.0,0.0,182.78,182.78,0.0,714.6,688.93,25.67,0.0,0.0,0.0,0.0,0.0,0.0,
335513,SEAGATE REHABILITATION AND NURSING CENTER,BROOKLYN,NY,Kings,47,2021Q2,20210618,331,13.5,13.5,0.0,72.28,72.28,0.0,33.17,33.17,0.0,0.0,0.0,0.0,170.42,168.64,1.78,677.07,659.24,17.83,0.0,0.0,0.0,0.0,0.0,0.0,
335513,SEAGATE REHABILITATION AND NURSING CENTER,BROOKLYN,NY,Kings,47,2021Q2,20210619,331,0.0,0.0,0.0,23.87,23.87,0.0,15.85,15.85,0.0,0.0,0.0,0.0,184.53,178.36,6.17,674.6,669.6,5.0,0.0,0.0,0.0,0.0,0.0,0.0,
335513,SEAGATE REHABILITATION AND NURSING CENTER,BROOKLYN,NY,Kings,47,2021Q2,20210620,330,0.0,0.0,0.0,36.7,36.7,0.0,40.0,40.0,0.0,0.0,0.0,0.0,143.34,135.99,7.35,653.92,644.92,9.0,0.0,0.0,0.0,0.0,0.0,0.0,
335513,SEAGATE REHABILITATION AND NURSING CENTER,BROOKLYN,NY,Kings,47,2021Q2,20210621,330,13.5,13.5,0.0,55.88,55.88,0.0,37.0,37.0,0.0,0.0,0.0,0.0,163.5,158.5,5.0,716.82,691.52,25.3,0.0,0.0,0.0,0.0,0.0,0.0,
335513,SEAGATE REHABILITATION AND NURSING CENTER,BROOKLYN,NY,Kings,47,2021Q2,20210622,327,7.0,7.0,0.0,61.67,61.67,0.0,42.22,42.22,0.0,0.0,0.0,0.0,188.52,188.52,0.0,724.26,713.01,11.25,0.0,0.0,0.0,0.0,0.0,0.0,
335513,SEAGATE REHABILITATION AND NURSING CENTER,BROOKLYN,NY,Kings,47,2021Q2,20210623,327,7.0,7.0,0.0,67.47,67.47,0.0,42.0,42.0,0.0,0.0,0.0,0.0,189.85,189.85,0.0,707.5,693.5,14.0,0.0,0.0,0.0,0.0,0.0,0.0,
335513,SEAGATE REHABILITATION AND NURSING CENTER,BROOKLYN,NY,Kings,47,2021Q2,20210624,328,7.0,7.0,0.0,71.28,71.28,0.0,42.28,42.28,0.0,0.0,0.0,0.0,167.15,167.15,0.0,715.63,696.88,18.75,0.0,0.0,0.0,0.0,0.0,0.0,
335513,SEAGATE REHABILITATION AND NURSING CENTER,BROOKLYN,NY,Kings,47,2021Q2,20210625,326,7.0,7.0,0.0,73.53,73.53,0.0,33.0,33.0,0.0,0.0,0.0,0.0,179.0,179.0,0.0,707.33,686.43,20.9,0.0,0.0,0.0,0.0,0.0,0.0,
335513,SEAGATE REHABILITATION AND NURSING CENTER,BROOKLYN,NY,Kings,47,2021Q2,20210626,327,0.0,0.0,0.0,11.07,11.07,0.0,29.83,29.83,0.0,0.0,0.0,0.0,179.87,179.87,0.0,705.37,691.37,14.0,0.0,0.0,0.0,0.0,0.0,0.0,
335513,SEAGATE REHABILITATION AND NURSING CENTER,BROOKLYN,NY,Kings,47,2021Q2,20210627,327,0.0,0.0,0.0,36.33,36.33,0.0,28.0,28.0,0.0,0.0,0.0,0.0,169.91,169.91,0.0,668.13,654.13,14.0,0.0,0.0,0.0,0.0,0.0,0.0,
335513,SEAGATE REHABILITATION AND NURSING CENTER,BROOKLYN,NY,Kings,47,2021Q2,20210628,328,7.0,7.0,0.0,87.96,87.96,0.0,42.0,42.0,0.0,0.0,0.0,0.0,178.22,178.22,0.0,704.07,689.15,14.92,0.0,0.0,0.0,0.0,0.0,0.0,
335513,SEAGATE REHABILITATION AND NURSING CENTER,BROOKLYN,NY,Kings,47,2021Q2,20210629,328,7.0,7.0,0.0,63.5,63.5,0.0,40.0,40.0,0.0,0.0,0.0,0.0,171.72,171.72,0.0,677.28,667.86,9.42,0.0,0.0,0.0,0.0,0.0,0.0,
335513,SEAGATE REHABILITATION AND NURSING CENTER,BROOKLYN,NY,Kings,47,2021Q2,20210630,331,7.0,7.0,0.0,72.92,72.92,0.0,23.0,23.0,0.0,0.0,0.0,0.0,201.7,201.7,0.0,718.12,679.38,38.74,0.0,0.0,0.0,0.0,0.0,0.0,
335513,SEAGATE REHABILITATION AND NURSING CENTER,BROOKLYN,NY,Kings,47,2021Q3,20210701,331,7.0,7.0,0.0,68.15,68.15,0.0,42.85,42.85,0.0,0.0,0.0,0.0,213.06,213.06,0.0,745.49,718.97,26.52,0.0,0.0,0.0,0.0,0.0,0.0,
335513,SEAGATE REHABILITATION AND NURSING CENTER,BROOKLYN,NY,Kings,47,2021Q3,20210702,333,7.0,7.0,0.0,64.78,64.78,0.0,33.27,33.27,0.0,0.0,0.0,0.0,189.43,189.43,0.0,707.15,683.22,23.93,0.0,0.0,0.0,0.0,0.0,0.0,
335513,SEAGATE REHABILITATION AND NURSING CENTER,BROOKLYN,NY,Kings,47,2021Q3,20210703,332,0.0,0.0,0.0,32.0,32.0,0.0,15.85,15.85,0.0,0.0,0.0,0.0,187.0,187.0,0.0,707.45,705.45,2.0,0.0,0.0,0.0,0.0,0.0,0.0,
335513,SEAGATE REHABILITATION AND NURSING CENTER,BROOKLYN,NY,Kings,47,2021Q3,20210704,332,0.0,0.0,0.0,40.6,40.6,0.0,20.21,20.21,0.0,0.0,0.0,0.0,165.69,165.12,0.57,716.77,711.77,5.0,0.0,0.0,0.0,0.0,0.0,0.0,
335513,SEAGATE REHABILITATION AND NURSING CENTER,BROOKLYN,NY,Kings,47,2021Q3,20210705,333,0.0,0.0,0.0,48.64,48.64,0.0,32.63,32.63,0.0,0.0,0.0,0.0,187.55,180.55,7.0,717.63,703.85,13.78,0.0,0.0,0.0,0.0,0.0,0.0,
335513,SEAGATE REHABILITATION AND NURSING CENTER,BROOKLYN,NY,Kings,47,2021Q3,20210706,335,7.0,7.0,0.0,70.35,70.35,0.0,41.0,41.0,0.0,0.0,0.0,0.0,191.57,187.57,4.0,722.59,704.67,17.92,0.0,0.0,0.0,0.0,0.0,0.0,
335513,SEAGATE REHABILITATION AND NURSING CENTER,BROOKLYN,NY,Kings,47,2021Q3,20210707,335,7.0,7.0,0.0,69.0,69.0,0.0,37.0,37.0,0.0,0.0,0.0,0.0,193.16,193.16,0.0,715.31,687.31,28.0,0.0,0.0,0.0,0.0,0.0,0.0,
335513,SEAGATE REHABILITATION AND NURSING CENTER,BROOKLYN,NY,Kings,47,2021Q3,20210708,338,13.5,13.5,0.0,76.28,76.28,0.0,48.5,48.5,0.0,0.0,0.0,0.0,154.37,154.37,0.0,751.92,726.32,25.6,0.0,0.0,0.0,0.0,0.0,0.0,
335513,SEAGATE REHABILITATION AND NURSING CENTER,BROOKLYN,NY,Kings,47,2021Q3,20210709,338,7.0,7.0,0.0,61.42,61.42,0.0,33.06,33.06,0.0,0.0,0.0,0.0,193.9,193.9,0.0,710.05,683.47,26.58,0.0,0.0,0.0,0.0,0.0,0.0,
335513,SEAGATE REHABILITATION AND NURSING CENTER,BROOKLYN,NY,Kings,47,2021Q3,20210710,337,0.0,0.0,0.0,29.87,29.87,0.0,16.0,16.0,0.0,0.0,0.0,0.0,191.43,191.43,0.0,699.34,685.21,14.13,0.0,0.0,0.0,0.0,0.0,0.0,
335513,SEAGATE REHABILITATION AND NURSING CENTER,BROOKLYN,NY,Kings,47,2021Q3,20210711,336,0.0,0.0,0.0,38.6,38.6,0.0,28.0,28.0,0.0,0.0,0.0,0.0,186.61,186.61,0.0,682.52,661.52,21.0,0.0,0.0,0.0,0.0,0.0,0.0,
335513,SEAGATE REHABILITATION AND NURSING CENTER,BROOKLYN,NY,Kings,47,2021Q3,20210712,337,7.0,7.0,0.0,82.92,82.92,0.0,41.87,41.87,0.0,0.0,0.0,0.0,197.12,195.12,2.0,700.32,691.99,8.33,0.0,0.0,0.0,0.0,0.0,0.0,
335513,SEAGATE REHABILITATION AND NURSING CENTER,BROOKLYN,NY,Kings,47,2021Q3,20210713,340,7.0,7.0,0.0,64.91,64.91,0.0,39.83,39.83,0.0,0.0,0.0,0.0,184.72,178.79,5.93,745.99,719.46,26.53,0.0,0.0,0.0,0.0,0.0,0.0,
335513,SEAGATE REHABILITATION AND NURSING CENTER,BROOKLYN,NY,Kings,47,2021Q3,20210714,340,7.0,7.0,0.0,90.53,90.53,0.0,37.0,37.0,0.0,0.0,0.0,0.0,203.76,199.59,4.17,755.85,716.57,39.28,0.0,0.0,0.0,0.0,0.0,0.0,
335513,SEAGATE REHABILITATION AND NURSING CENTER,BROOKLYN,NY,Kings,47,2021Q3,20210715,340,7.0,7.0,0.0,72.58,72.58,0.0,35.0,35.0,0.0,0.0,0.0,0.0,187.08,187.08,0.0,723.35,695.6,27.75,0.0,0.0,0.0,0.0,0.0,0.0,
335513,SEAGATE REHABILITATION AND NURSING CENTER,BROOKLYN,NY,Kings,47,2021Q3,20210716,345,7.0,7.0,0.0,86.5,86.5,0.0,39.83,39.83,0.0,0.0,0.0,0.0,189.64,187.64,2.0,742.81,701.14,41.67,0.0,0.0,0.0,0.0,0.0,0.0,
335513,SEAGATE REHABILITATION AND NURSING CENTER,BROOKLYN,NY,Kings,47,2021Q3,20210717,341,0.0,0.0,0.0,37.0,37.0,0.0,15.8,15.8,0.0,0.0,0.0,0.0,188.33,183.33,5.0,733.36,712.66,20.7,0.0,0.0,0.0,0.0,0.0,0.0,
335513,SEAGATE REHABILITATION AND NURSING CENTER,BROOKLYN,NY,Kings,47,2021Q3,20210718,341,0.0,0.0,0.0,39.55,39.55,0.0,28.0,28.0,0.0,0.0,0.0,0.0,183.13,183.13,0.0,725.1,697.37,27.73,0.0,0.0,0.0,0.0,0.0,0.0,
335513,SEAGATE REHABILITATION AND NURSING CENTER,BROOKLYN,NY,Kings,47,2021Q3,20210719,342,7.0,7.0,0.0,87.62,87.62,0.0,48.33,48.33,0.0,0.0,0.0,0.0,180.32,180.32,0.0,739.12,705.92,33.2,0.0,0.0,0.0,0.0,0.0,0.0,
335513,SEAGATE REHABILITATION AND NURSING CENTER,BROOKLYN,NY,Kings,47,2021Q3,20210720,343,7.0,7.0,0.0,79.33,79.33,0.0,33.0,33.0,0.0,0.0,0.0,0.0,209.32,209.32,0.0,745.37,727.12,18.25,0.0,0.0,0.0,0.0,0.0,0.0,
335513,SEAGATE REHABILITATION AND NURSING CENTER,BROOKLYN,NY,Kings,47,2021Q3,20210721,344,7.0,7.0,0.0,85.3,85.3,0.0,35.0,35.0,0.0,0.0,0.0,0.0,205.21,205.21,0.0,709.96,672.18,37.78,0.0,0.0,0.0,0.0,0.0,0.0,
335513,SEAGATE REHABILITATION AND NURSING CENTER,BROOKLYN,NY,Kings,47,2021Q3,20210722,345,6.65,6.65,0.0,75.8,75.8,0.0,34.87,34.87,0.0,0.0,0.0,0.0,202.41,202.41,0.0,749.15,713.73,35.42,0.0,0.0,0.0,0.0,0.0,0.0,
335513,SEAGATE REHABILITATION AND NURSING CENTER,BROOKLYN,NY,Kings,47,2021Q3,20210723,348,7.35,7.35,0.0,55.98,55.98,0.0,20.85,20.85,0.0,0.0,0.0,0.0,187.26,187.26,0.0,699.96,687.96,12.0,0.0,0.0,0.0,0.0,0.0,0.0,
335513,SEAGATE REHABILITATION AND NURSING CENTER,BROOKLYN,NY,Kings,47,2021Q3,20210724,348,0.0,0.0,0.0,35.63,35.63,0.0,15.82,15.82,0.0,0.0,0.0,0.0,187.2,187.2,0.0,726.44,691.61,34.83,0.0,0.0,0.0,0.0,0.0,0.0,
335513,SEAGATE REHABILITATION AND NURSING CENTER,BROOKLYN,NY,Kings,47,2021Q3,20210725,348,0.0,0.0,0.0,46.38,46.38,0.0,27.87,27.87,0.0,0.0,0.0,0.0,194.6,194.6,0.0,698.47,663.51,34.96,0.0,0.0,0.0,0.0,0.0,0.0,
335513,SEAGATE REHABILITATION AND NURSING CENTER,BROOKLYN,NY,Kings,47,2021Q3,20210726,351,13.5,13.5,0.0,66.96,66.96,0.0,28.0,28.0,0.0,0.0,0.0,0.0,191.23,191.23,0.0,741.27,713.27,28.0,0.0,0.0,0.0,0.0,0.0,0.0,
335513,SEAGATE REHABILITATION AND NURSING CENTER,BROOKLYN,NY,Kings,47,2021Q3,20210727,353,7.0,7.0,0.0,63.18,63.18,0.0,33.0,33.0,0.0,0.0,0.0,0.0,200.02,200.02,0.0,731.46,707.39,24.07,0.0,0.0,0.0,0.0,0.0,0.0,
335513,SEAGATE REHABILITATION AND NURSING CENTER,BROOKLYN,NY,Kings,47,2021Q3,20210728,355,13.5,13.5,0.0,66.29,66.29,0.0,37.0,37.0,0.0,0.0,0.0,0.0,188.85,188.85,0.0,747.16,724.64,22.52,0.0,0.0,0.0,0.0,0.0,0.0,
335513,SEAGATE REHABILITATION AND NURSING CENTER,BROOKLYN,NY,Kings,47,2021Q3,20210729,354,13.5,13.5,0.0,58.51,58.51,0.0,42.0,42.0,0.0,0.0,0.0,0.0,175.5,175.5,0.0,739.74,700.74,39.0,0.0,0.0,0.0,0.0,0.0,0.0,
335513,SEAGATE REHABILITATION AND NURSING CENTER,BROOKLYN,NY,Kings,47,2021Q3,20210730,351,0.0,0.0,0.0,63.18,63.18,0.0,33.0,33.0,0.0,0.0,0.0,0.0,183.76,182.03,1.73,715.44,663.24,52.2,0.0,0.0,0.0,0.0,0.0,0.0,
335513,SEAGATE REHABILITATION AND NURSING CENTER,BROOKLYN,NY,Kings,47,2021Q3,20210731,352,0.0,0.0,0.0,40.28,40.28,0.0,16.0,16.0,0.0,0.0,0.0,0.0,177.44,170.71,6.73,721.22,672.92,48.3,0.0,0.0,0.0,0.0,0.0,0.0,
335513,SEAGATE REHABILITATION AND NURSING CENTER,BROOKLYN,NY,Kings,47,2021Q3,20210801,350,0.0,0.0,0.0,42.53,35.6,6.93,28.0,28.0,0.0,0.0,0.0,0.0,178.85,171.58,7.27,716.96,660.96,56.0,0.0,0.0,0.0,0.0,0.0,0.0,
335513,SEAGATE REHABILITATION AND NURSING CENTER,BROOKLYN,NY,Kings,47,2021Q3,20210802,350,12.25,12.25,0.0,67.5,62.43,5.07,35.13,35.13,0.0,0.0,0.0,0.0,165.66,161.53,4.13,733.06,686.42,46.64,0.0,0.0,0.0,0.0,0.0,0.0,
335513,SEAGATE REHABILITATION AND NURSING CENTER,BROOKLYN,NY,Kings,47,2021Q3,20210803,348,7.0,7.0,0.0,41.68,39.9,1.78,33.87,33.87,0.0,0.0,0.0,0.0,200.67,198.67,2.0,758.29,723.46,34.83,0.0,0.0,0.0,0.0,0.0,0.0,
335513,SEAGATE REHABILITATION AND NURSING CENTER,BROOKLYN,NY,Kings,47,2021Q3,20210804,349,10.0,10.0,0.0,63.58,58.36,5.22,29.83,29.83,0.0,0.0,0.0,0.0,186.99,182.47,4.52,760.98,689.73,71.25,0.0,0.0,0.0,0.0,0.0,0.0,
335513,SEAGATE REHABILITATION AND NURSING CENTER,BROOKLYN,NY,Kings,47,2021Q3,20210805,353,13.9,13.9,0.0,67.81,65.78,2.03,48.87,48.87,0.0,0.0,0.0,0.0,184.75,177.75,7.0,749.71,723.29,26.42,0.0,0.0,0.0,0.0,0.0,0.0,
335513,SEAGATE REHABILITATION AND NURSING CENTER,BROOKLYN,NY,Kings,47,2021Q3,20210806,352,8.57,8.57,0.0,74.27,69.3,4.97,39.85,39.85,0.0,0.0,0.0,0.0,171.47,164.47,7.0,740.9,682.17,58.73,0.0,0.0,0.0,0.0,0.0,0.0,
335513,SEAGATE REHABILITATION AND NURSING CENTER,BROOKLYN,NY,Kings,47,2021Q3,20210807,352,4.93,4.93,0.0,25.0,25.0,0.0,16.0,16.0,0.0,0.0,0.0,0.0,177.12,177.12,0.0,704.08,676.63,27.45,0.0,0.0,0.0,0.0,0.0,0.0,
335513,SEAGATE REHABILITATION AND NURSING CENTER,BROOKLYN,NY,Kings,47,2021Q3,20210808,350,0.0,0.0,0.0,43.3,43.3,0.0,22.1,22.1,0.0,0.0,0.0,0.0,169.87,169.87,0.0,714.7,695.55,19.15,0.0,0.0,0.0,0.0,0.0,0.0,
335513,SEAGATE REHABILITATION AND NURSING CENTER,BROOKLYN,NY,Kings,47,2021Q3,20210809,349,13.0,13.0,0.0,75.42,75.42,0.0,28.42,28.42,0.0,0.0,0.0,0.0,177.97,169.5,8.47,747.83,711.91,35.92,0.0,0.0,0.0,0.0,0.0,0.0,
335513,SEAGATE REHABILITATION AND NURSING CENTER,BROOKLYN,NY,Kings,47,2021Q3,20210810,347,7.0,7.0,0.0,74.05,71.92,2.13,35.0,35.0,0.0,0.0,0.0,0.0,180.13,167.88,12.25,753.74,692.96,60.78,0.0,0.0,0.0,0.0,0.0,0.0,
335513,SEAGATE REHABILITATION AND NURSING CENTER,BROOKLYN,NY,Kings,47,2021Q3,20210811,347,7.0,7.0,0.0,77.67,72.8,4.87,34.63,34.63,0.0,0.0,0.0,0.0,185.61,178.61,7.0,787.09,743.71,43.38,0.0,0.0,0.0,0.0,0.0,0.0,
335513,SEAGATE REHABILITATION AND NURSING CENTER,BROOKLYN,NY,Kings,47,2021Q3,20210812,347,7.0,7.0,0.0,86.25,84.22,2.03,35.0,35.0,0.0,0.0,0.0,0.0,187.8,187.8,0.0,687.15,649.65,37.5,0.0,0.0,0.0,0.0,0.0,0.0,
335513,SEAGATE REHABILITATION AND NURSING CENTER,BROOKLYN,NY,Kings,47,2021Q3,20210813,350,0.0,0.0,0.0,88.82,80.09,8.73,32.83,32.83,0.0,0.0,0.0,0.0,171.06,171.06,0.0,722.08,657.66,64.42,0.0,0.0,0.0,0.0,0.0,0.0,
335513,SEAGATE REHABILITATION AND NURSING CENTER,BROOKLYN,NY,Kings,47,2021Q3,20210814,350,0.0,0.0,0.0,38.18,27.13,11.05,16.0,16.0,0.0,0.0,0.0,0.0,168.46,161.46,7.0,713.78,663.28,50.5,0.0,0.0,0.0,0.0,0.0,0.0,
335513,SEAGATE REHABILITATION AND NURSING CENTER,BROOKLYN,NY,Kings,47,2021Q3,20210815,351,0.0,0.0,0.0,54.67,46.35,8.32,20.7,20.7,0.0,0.0,0.0,0.0,151.94,151.94,0.0,731.63,689.63,42.0,0.0,0.0,0.0,0.0,0.0,0.0,
335513,SEAGATE REHABILITATION AND NURSING CENTER,BROOKLYN,NY,Kings,47,2021Q3,20210816,350,0.0,0.0,0.0,86.7,81.57,5.13,28.92,28.92,0.0,0.0,0.0,0.0,167.32,160.32,7.0,760.05,711.2,48.85,0.0,0.0,0.0,0.0,0.0,0.0,
335513,SEAGATE REHABILITATION AND NURSING CENTER,BROOKLYN,NY,Kings,47,2021Q3,20210817,352,0.0,0.0,0.0,71.88,69.73,2.15,26.67,26.67,0.0,0.0,0.0,0.0,207.42,200.42,7.0,769.44,723.88,45.56,0.0,0.0,0.0,0.0,0.0,0.0,
335513,SEAGATE REHABILITATION AND NURSING CENTER,BROOKLYN,NY,Kings,47,2021Q3,20210818,348,0.0,0.0,0.0,71.49,66.64,4.85,23.0,23.0,0.0,0.0,0.0,0.0,189.9,189.9,0.0,744.72,723.72,21.0,0.0,0.0,0.0,0.0,0.0,0.0,
335513,SEAGATE REHABILITATION AND NURSING CENTER,BROOKLYN,NY,Kings,47,2021Q3,20210819,348,0.0,0.0,0.0,82.92,82.92,0.0,21.53,21.53,0.0,0.0,0.0,0.0,182.11,182.11,0.0,745.15,712.3,32.85,0.0,0.0,0.0,0.0,0.0,0.0,
335513,SEAGATE REHABILITATION AND NURSING CENTER,BROOKLYN,NY,Kings,47,2021Q3,20210820,346,0.0,0.0,0.0,85.53,85.53,0.0,19.83,19.83,0.0,0.0,0.0,0.0,189.6,189.6,0.0,752.16,695.91,56.25,0.0,0.0,0.0,0.0,0.0,0.0,
335513,SEAGATE REHABILITATION AND NURSING CENTER,BROOKLYN,NY,Kings,47,2021Q3,20210821,346,0.0,0.0,0.0,37.35,35.27,2.08,16.0,16.0,0.0,0.0,0.0,0.0,130.26,130.26,0.0,657.04,614.84,42.2,0.0,0.0,0.0,0.0,0.0,0.0,
335513,SEAGATE REHABILITATION AND NURSING CENTER,BROOKLYN,NY,Kings,47,2021Q3,20210822,345,0.0,0.0,0.0,39.58,32.5,7.08,18.59,18.59,0.0,0.0,0.0,0.0,164.74,164.74,0.0,633.91,584.73,49.18,0.0,0.0,0.0,0.0,0.0,0.0,
335513,SEAGATE REHABILITATION AND NURSING CENTER,BROOKLYN,NY,Kings,47,2021Q3,20210823,345,13.25,13.25,0.0,77.19,72.36,4.83,23.0,23.0,0.0,0.0,0.0,0.0,167.23,167.23,0.0,705.06,676.89,28.17,0.0,0.0,0.0,0.0,0.0,0.0,
335513,SEAGATE REHABILITATION AND NURSING CENTER,BROOKLYN,NY,Kings,47,2021Q3,20210824,350,0.0,0.0,0.0,59.19,57.12,2.07,28.28,28.28,0.0,0.0,0.0,0.0,177.45,177.45,0.0,759.51,718.66,40.85,0.0,0.0,0.0,0.0,0.0,0.0,
335513,SEAGATE REHABILITATION AND NURSING CENTER,BROOKLYN,NY,Kings,47,2021Q3,20210825,349,7.0,7.0,0.0,78.38,73.45,4.93,30.0,30.0,0.0,0.0,0.0,0.0,189.07,189.07,0.0,750.04,690.21,59.83,0.0,0.0,0.0,0.0,0.0,0.0,
335513,SEAGATE REHABILITATION AND NURSING CENTER,BROOKLYN,NY,Kings,47,2021Q3,20210826,351,12.37,12.37,0.0,88.01,86.06,1.95,28.22,28.22,0.0,0.0,0.0,0.0,170.67,170.67,0.0,754.8,670.81,83.99,0.0,0.0,0.0,0.0,0.0,0.0,
335513,SEAGATE REHABILITATION AND NURSING CENTER,BROOKLYN,NY,Kings,47,2021Q3,20210827,350,7.0,7.0,0.0,84.93,77.75,7.18,19.0,19.0,0.0,0.0,0.0,0.0,192.19,192.19,0.0,746.12,704.12,42.0,0.0,0.0,0.0,0.0,0.0,0.0,
335513,SEAGATE REHABILITATION AND NURSING CENTER,BROOKLYN,NY,Kings,47,2021Q3,20210828,351,0.0,0.0,0.0,48.39,41.37,7.02,17.4,17.4,0.0,0.0,0.0,0.0,150.02,150.02,0.0,750.05,708.18,41.87,0.0,0.0,0.0,0.0,0.0,0.0,
335513,SEAGATE REHABILITATION AND NURSING CENTER,BROOKLYN,NY,Kings,47,2021Q3,20210829,350,12.83,12.83,0.0,83.23,78.38,4.85,28.0,28.0,0.0,0.0,0.0,0.0,114.0,114.0,0.0,684.2,657.47,26.73,0.0,0.0,0.0,0.0,0.0,0.0,
335513,SEAGATE REHABILITATION AND NURSING CENTER,BROOKLYN,NY,Kings,47,2021Q3,20210830,350,14.17,14.17,0.0,93.46,93.46,0.0,28.13,28.13,0.0,0.0,0.0,0.0,158.33,158.33,0.0,775.19,727.69,47.5,0.0,0.0,0.0,0.0,0.0,0.0,
335513,SEAGATE REHABILITATION AND NURSING CENTER,BROOKLYN,NY,Kings,47,2021Q3,20210831,351,13.5,13.5,0.0,77.63,73.55,4.08,26.0,26.0,0.0,0.0,0.0,0.0,168.18,168.18,0.0,751.53,688.97,62.56,0.0,0.0,0.0,0.0,0.0,0.0,
335513,SEAGATE REHABILITATION AND NURSING CENTER,BROOKLYN,NY,Kings,47,2021Q3,20210901,351,7.0,7.0,0.0,63.3,58.15,5.15,29.5,29.5,0.0,0.0,0.0,0.0,172.29,172.29,0.0,750.47,679.03,71.44,0.0,0.0,0.0,0.0,0.0,0.0,
335513,SEAGATE REHABILITATION AND NURSING CENTER,BROOKLYN,NY,Kings,47,2021Q3,20210902,349,7.0,7.0,0.0,61.8,59.82,1.98,28.0,28.0,0.0,0.0,0.0,0.0,176.6,176.6,0.0,703.9,658.06,45.84,0.0,0.0,0.0,0.0,0.0,0.0,
335513,SEAGATE REHABILITATION AND NURSING CENTER,BROOKLYN,NY,Kings,47,2021Q3,20210903,351,15.0,15.0,0.0,65.92,60.9,5.02,19.0,19.0,0.0,0.0,0.0,0.0,155.02,155.02,0.0,729.62,681.22,48.4,0.0,0.0,0.0,0.0,0.0,0.0,
335513,SEAGATE REHABILITATION AND NURSING CENTER,BROOKLYN,NY,Kings,47,2021Q3,20210904,350,1.0,1.0,0.0,25.0,25.0,0.0,15.68,15.68,0.0,0.0,0.0,0.0,157.16,157.16,0.0,680.94,639.84,41.1,0.0,0.0,0.0,0.0,0.0,0.0,
335513,SEAGATE REHABILITATION AND NURSING CENTER,BROOKLYN,NY,Kings,47,2021Q3,20210905,346,0.0,0.0,0.0,31.5,29.5,2.0,28.0,28.0,0.0,0.0,0.0,0.0,199.64,199.64,0.0,635.26,599.49,35.77,0.0,0.0,0.0,0.0,0.0,0.0,
335513,SEAGATE REHABILITATION AND NURSING CENTER,BROOKLYN,NY,Kings,47,2021Q3,20210906,345,7.0,7.0,0.0,54.55,46.1,8.45,19.0,19.0,0.0,0.0,0.0,0.0,189.15,189.15,0.0,750.47,703.7,46.77,0.0,0.0,0.0,0.0,0.0,0.0,
335513,SEAGATE REHABILITATION AND NURSING CENTER,BROOKLYN,NY,Kings,47,2021Q3,20210907,345,13.5,13.5,0.0,31.12,18.9,12.22,14.0,14.0,0.0,0.0,0.0,0.0,183.83,183.83,0.0,789.62,729.63,59.99,0.0,0.0,0.0,0.0,0.0,0.0,
335513,SEAGATE REHABILITATION AND NURSING CENTER,BROOKLYN,NY,Kings,47,2021Q3,20210908,346,14.0,14.0,0.0,65.96,61.13,4.83,36.5,36.5,0.0,0.0,0.0,0.0,180.07,180.07,0.0,772.05,724.43,47.62,0.0,0.0,0.0,0.0,0.0,0.0,
335513,SEAGATE REHABILITATION AND NURSING CENTER,BROOKLYN,NY,Kings,47,2021Q3,20210909,346,7.0,7.0,0.0,65.2,63.3,1.9,35.0,35.0,0.0,0.0,0.0,0.0,188.76,188.76,0.0,753.74,699.74,54.0,0.0,0.0,0.0,0.0,0.0,0.0,
335513,SEAGATE REHABILITATION AND NURSING CENTER,BROOKLYN,NY,Kings,47,2021Q3,20210910,346,0.0,0.0,0.0,67.55,51.95,15.6,26.0,26.0,0.0,0.0,0.0,0.0,196.73,196.73,0.0,766.3,726.64,39.66,0.0,0.0,0.0,0.0,0.0,0.0,
335513,SEAGATE REHABILITATION AND NURSING CENTER,BROOKLYN,NY,Kings,47,2021Q3,20210911,347,0.0,0.0,0.0,48.3,35.3,13.0,15.08,15.08,0.0,0.0,0.0,0.0,173.21,173.21,0.0,742.67,688.25,54.42,0.0,0.0,0.0,0.0,0.0,0.0,
335513,SEAGATE REHABILITATION AND NURSING CENTER,BROOKLYN,NY,Kings,47,2021Q3,20210912,347,0.0,0.0,0.0,59.02,47.07,11.95,21.0,21.0,0.0,0.0,0.0,0.0,141.43,141.43,0.0,740.26,677.81,62.45,0.0,0.0,0.0,0.0,0.0,0.0,
335513,SEAGATE REHABILITATION AND NURSING CENTER,BROOKLYN,NY,Kings,47,2021Q3,20210913,347,7.0,7.0,0.0,68.45,63.4,5.05,41.5,41.5,0.0,0.0,0.0,0.0,178.93,178.93,0.0,748.52,717.45,31.07,0.0,0.0,0.0,0.0,0.0,0.0,
335513,SEAGATE REHABILITATION AND NURSING CENTER,BROOKLYN,NY,Kings,47,2021Q3,20210914,348,0.0,0.0,0.0,80.29,78.27,2.02,33.0,33.0,0.0,0.0,0.0,0.0,187.73,187.73,0.0,765.94,717.29,48.65,0.0,0.0,0.0,0.0,0.0,0.0,
335513,SEAGATE REHABILITATION AND NURSING CENTER,BROOKLYN,NY,Kings,47,2021Q3,20210915,349,0.0,0.0,0.0,84.01,79.03,4.98,34.5,34.5,0.0,0.0,0.0,0.0,187.38,187.38,0.0,758.63,709.12,49.51,0.0,0.0,0.0,0.0,0.0,0.0,
335513,SEAGATE REHABILITATION AND NURSING CENTER,BROOKLYN,NY,Kings,47,2021Q3,20210916,349,0.0,0.0,0.0,43.65,41.75,1.9,23.0,23.0,0.0,0.0,0.0,0.0,173.11,173.11,0.0,765.0,706.35,58.65,0.0,0.0,0.0,0.0,0.0,0.0,
335513,SEAGATE REHABILITATION AND NURSING CENTER,BROOKLYN,NY,Kings,47,2021Q3,20210917,351,0.0,0.0,0.0,42.65,35.5,7.15,26.0,26.0,0.0,0.0,0.0,0.0,186.26,186.26,0.0,736.93,695.51,41.42,0.0,0.0,0.0,0.0,0.0,0.0,
335513,SEAGATE REHABILITATION AND NURSING CENTER,BROOKLYN,NY,Kings,47,2021Q3,20210918,349,0.0,0.0,0.0,22.62,16.0,6.62,15.7,15.7,0.0,0.0,0.0,0.0,188.68,188.68,0.0,741.44,693.21,48.23,0.0,0.0,0.0,0.0,0.0,0.0,
335513,SEAGATE REHABILITATION AND NURSING CENTER,BROOKLYN,NY,Kings,47,2021Q3,20210919,350,0.0,0.0,0.0,29.45,22.0,7.45,26.0,26.0,0.0,0.0,0.0,0.0,191.99,191.99,0.0,748.6,694.82,53.78,0.0,0.0,0.0,0.0,0.0,0.0,
335513,SEAGATE REHABILITATION AND NURSING CENTER,BROOKLYN,NY,Kings,47,2021Q3,20210920,347,0.0,0.0,0.0,82.48,77.6,4.88,28.0,28.0,0.0,0.0,0.0,0.0,190.77,190.77,0.0,746.32,710.47,35.85,0.0,0.0,0.0,0.0,0.0,0.0,
335513,SEAGATE REHABILITATION AND NURSING CENTER,BROOKLYN,NY,Kings,47,2021Q3,20210921,349,7.0,7.0,0.0,54.75,52.87,1.88,28.0,28.0,0.0,0.0,0.0,0.0,187.17,187.17,0.0,738.41,699.54,38.87,0.0,0.0,0.0,0.0,0.0,0.0,
335513,SEAGATE REHABILITATION AND NURSING CENTER,BROOKLYN,NY,Kings,47,2021Q3,20210922,348,13.63,13.63,0.0,69.23,64.11,5.12,21.0,21.0,0.0,0.0,0.0,0.0,184.48,184.48,0.0,717.94,673.54,44.4,0.0,0.0,0.0,0.0,0.0,0.0,
335513,SEAGATE REHABILITATION AND NURSING CENTER,BROOKLYN,NY,Kings,47,2021Q3,20210923,349,7.0,7.0,0.0,61.7,59.75,1.95,28.0,28.0,0.0,0.0,0.0,0.0,192.36,192.36,0.0,717.1,668.1,49.0,0.0,0.0,0.0,0.0,0.0,0.0,
335513,SEAGATE REHABILITATION AND NURSING CENTER,BROOKLYN,NY,Kings,47,2021Q3,20210924,348,14.5,14.5,0.0,69.44,62.51,6.93,21.0,21.0,0.0,0.0,0.0,0.0,198.82,198.82,0.0,751.3,699.75,51.55,0.0,0.0,0.0,0.0,0.0,0.0,
335513,SEAGATE REHABILITATION AND NURSING CENTER,BROOKLYN,NY,Kings,47,2021Q3,20210925,346,0.0,0.0,0.0,40.48,33.5,6.98,15.78,15.78,0.0,0.0,0.0,0.0,166.03,166.03,0.0,713.69,659.94,53.75,0.0,0.0,0.0,0.0,0.0,0.0,
335513,SEAGATE REHABILITATION AND NURSING CENTER,BROOKLYN,NY,Kings,47,2021Q3,20210926,345,13.5,13.5,0.0,46.42,38.0,8.42,28.0,28.0,0.0,0.0,0.0,0.0,147.84,147.84,0.0,675.85,634.41,41.44,0.0,0.0,0.0,0.0,0.0,0.0,
335513,SEAGATE REHABILITATION AND NURSING CENTER,BROOKLYN,NY,Kings,47,2021Q3,20210927,347,7.0,7.0,0.0,51.02,44.8,6.22,33.0,33.0,0.0,0.0,0.0,0.0,172.9,172.9,0.0,724.83,695.73,29.1,0.0,0.0,0.0,0.0,0.0,0.0,
335513,SEAGATE REHABILITATION AND NURSING CENTER,BROOKLYN,NY,Kings,47,2021Q3,20210928,349,13.5,13.5,0.0,72.92,70.97,1.95,28.0,28.0,0.0,0.0,0.0,0.0,170.03,170.03,0.0,725.46,677.11,48.35,0.0,0.0,0.0,0.0,0.0,0.0,
335513,SEAGATE REHABILITATION AND NURSING CENTER,BROOKLYN,NY,Kings,47,2021Q3,20210929,347,13.8,13.8,0.0,66.35,61.3,5.05,21.0,21.0,0.0,0.0,0.0,0.0,149.77,149.77,0.0,756.99,700.17,56.82,0.0,0.0,0.0,0.0,0.0,0.0,
335513,SEAGATE REHABILITATION AND NURSING CENTER,BROOKLYN,NY,Kings,47,2021Q3,20210930,348,13.5,13.5,0.0,53.47,51.5,1.97,35.0,35.0,0.0,0.0,0.0,0.0,156.5,156.5,0.0,764.24,699.02,65.22,0.0,0.0,0.0,0.0,0.0,0.0,
335513,SEAGATE REHABILITATION AND NURSING CENTER,BROOKLYN,NY,Kings,47,2021Q4,20211001,352,7.0,7.0,0.0,70.15,63.25,6.9,21.0,21.0,0.0,0.0,0.0,0.0,166.12,166.12,0.0,732.02,699.3,32.72,0.0,0.0,0.0,0.0,0.0,0.0,
335513,SEAGATE REHABILITATION AND NURSING CENTER,BROOKLYN,NY,Kings,47,2021Q4,20211002,352,0.0,0.0,0.0,35.88,30.75,5.13,18.0,18.0,0.0,0.0,0.0,0.0,174.1,174.1,0.0,699.45,669.85,29.6,0.0,0.0,0.0,0.0,0.0,0.0,
335513,SEAGATE REHABILITATION AND NURSING CENTER,BROOKLYN,NY,Kings,47,2021Q4,20211003,351,0.0,0.0,0.0,29.07,29.07,0.0,26.13,26.13,0.0,0.0,0.0,0.0,179.0,179.0,0.0,674.73,632.73,42.0,0.0,0.0,0.0,0.0,0.0,0.0,
335513,SEAGATE REHABILITATION AND NURSING CENTER,BROOKLYN,NY,Kings,47,2021Q4,20211004,349,13.5,13.5,0.0,81.96,81.96,0.0,30.0,30.0,0.0,0.0,0.0,0.0,174.33,167.33,7.0,734.27,700.9,33.37,0.0,0.0,0.0,0.0,0.0,0.0,
335513,SEAGATE REHABILITATION AND NURSING CENTER,BROOKLYN,NY,Kings,47,2021Q4,20211005,348,7.0,7.0,0.0,89.95,89.95,0.0,33.22,33.22,0.0,0.0,0.0,0.0,178.99,171.99,7.0,744.91,700.46,44.45,0.0,0.0,0.0,0.0,0.0,0.0,
335513,SEAGATE REHABILITATION AND NURSING CENTER,BROOKLYN,NY,Kings,47,2021Q4,20211006,350,13.5,13.5,0.0,68.95,68.95,0.0,36.87,36.87,0.0,0.0,0.0,0.0,164.92,157.92,7.0,722.72,699.72,23.0,0.0,0.0,0.0,0.0,0.0,0.0,
335513,SEAGATE REHABILITATION AND NURSING CENTER,BROOKLYN,NY,Kings,47,2021Q4,20211007,349,7.0,7.0,0.0,69.76,67.93,1.83,42.0,42.0,0.0,0.0,0.0,0.0,202.71,188.71,14.0,716.38,674.55,41.83,0.0,0.0,0.0,0.0,0.0,0.0,
335513,SEAGATE REHABILITATION AND NURSING CENTER,BROOKLYN,NY,Kings,47,2021Q4,20211008,349,0.0,0.0,0.0,82.66,75.49,7.17,19.0,19.0,0.0,0.0,0.0,0.0,182.93,168.93,14.0,740.26,714.41,25.85,0.0,0.0,0.0,0.0,0.0,0.0,
335513,SEAGATE REHABILITATION AND NURSING CENTER,BROOKLYN,NY,Kings,47,2021Q4,20211009,349,0.0,0.0,0.0,34.48,26.0,8.48,15.58,15.58,0.0,0.0,0.0,0.0,160.66,153.66,7.0,692.9,643.59,49.31,0.0,0.0,0.0,0.0,0.0,0.0,
335513,SEAGATE REHABILITATION AND NURSING CENTER,BROOKLYN,NY,Kings,47,2021Q4,20211010,349,0.0,0.0,0.0,44.02,37.0,7.02,41.91,41.91,0.0,0.0,0.0,0.0,127.0,127.0,0.0,697.7,648.77,48.93,0.0,0.0,0.0,0.0,0.0,0.0,
335513,SEAGATE REHABILITATION AND NURSING CENTER,BROOKLYN,NY,Kings,47,2021Q4,20211011,350,8.57,8.57,0.0,46.46,46.46,0.0,35.75,35.75,0.0,0.0,0.0,0.0,181.53,174.53,7.0,721.85,692.02,29.83,0.0,0.0,0.0,0.0,0.0,0.0,
335513,SEAGATE REHABILITATION AND NURSING CENTER,BROOKLYN,NY,Kings,47,2021Q4,20211012,350,7.0,7.0,0.0,65.92,65.92,0.0,41.75,41.75,0.0,0.0,0.0,0.0,188.53,181.53,7.0,726.21,691.21,35.0,0.0,0.0,0.0,0.0,0.0,0.0,
335513,SEAGATE REHABILITATION AND NURSING CENTER,BROOKLYN,NY,Kings,47,2021Q4,20211013,346,10.0,10.0,0.0,63.12,63.12,0.0,44.43,44.43,0.0,0.0,0.0,0.0,191.84,177.84,14.0,718.5,690.0,28.5,0.0,0.0,0.0,0.0,0.0,0.0,
335513,SEAGATE REHABILITATION AND NURSING CENTER,BROOKLYN,NY,Kings,47,2021Q4,20211014,344,13.52,13.52,0.0,50.42,48.54,1.88,40.0,40.0,0.0,0.0,0.0,0.0,193.95,172.95,21.0,743.55,724.35,19.2,0.0,0.0,0.0,0.0,0.0,0.0,
335513,SEAGATE REHABILITATION AND NURSING CENTER,BROOKLYN,NY,Kings,47,2021Q4,20211015,343,7.0,7.0,0.0,67.8,61.13,6.67,42.5,42.5,0.0,0.0,0.0,0.0,171.88,155.88,16.0,714.54,690.14,24.4,0.0,0.0,0.0,0.0,0.0,0.0,
335513,SEAGATE REHABILITATION AND NURSING CENTER,BROOKLYN,NY,Kings,47,2021Q4,20211016,342,0.0,0.0,0.0,41.95,34.5,7.45,15.77,15.77,0.0,0.0,0.0,0.0,179.9,165.9,14.0,649.25,633.42,15.83,0.0,0.0,0.0,0.0,0.0,0.0,
335513,SEAGATE REHABILITATION AND NURSING CENTER,BROOKLYN,NY,Kings,47,2021Q4,20211017,341,1.95,1.95,0.0,52.75,47.75,5.0,21.0,21.0,0.0,0.0,0.0,0.0,176.1,156.6,19.5,678.19,664.19,14.0,0.0,0.0,0.0,0.0,0.0,0.0,
335513,SEAGATE REHABILITATION AND NURSING CENTER,BROOKLYN,NY,Kings,47,2021Q4,20211018,344,5.05,5.05,0.0,76.19,76.19,0.0,42.0,42.0,0.0,0.0,0.0,0.0,168.49,158.74,9.75,750.39,715.39,35.0,0.0,0.0,0.0,0.0,0.0,0.0,
335513,SEAGATE REHABILITATION AND NURSING CENTER,BROOKLYN,NY,Kings,47,2021Q4,20211019,342,11.0,11.0,0.0,69.73,69.73,0.0,34.5,34.5,0.0,0.0,0.0,0.0,180.02,175.02,5.0,761.74,720.61,41.13,0.0,0.0,0.0,0.0,0.0,0.0,
335513,SEAGATE REHABILITATION AND NURSING CENTER,BROOKLYN,NY,Kings,47,2021Q4,20211020,344,5.0,5.0,0.0,72.58,72.58,0.0,36.5,36.5,0.0,0.0,0.0,0.0,172.33,151.33,21.0,768.78,716.86,51.92,0.0,0.0,0.0,0.0,0.0,0.0,
335513,SEAGATE REHABILITATION AND NURSING CENTER,BROOKLYN,NY,Kings,47,2021Q4,20211021,345,9.0,9.0,0.0,77.18,75.18,2.0,35.0,35.0,0.0,0.0,0.0,0.0,179.93,156.93,23.0,759.66,715.16,44.5,0.0,0.0,0.0,0.0,0.0,0.0,
335513,SEAGATE REHABILITATION AND NURSING CENTER,BROOKLYN,NY,Kings,47,2021Q4,20211022,342,7.0,7.0,0.0,73.88,67.05,6.83,26.0,26.0,0.0,0.0,0.0,0.0,189.55,151.55,38.0,763.21,730.03,33.18,0.0,0.0,0.0,0.0,0.0,0.0,
335513,SEAGATE REHABILITATION AND NURSING CENTER,BROOKLYN,NY,Kings,47,2021Q4,20211023,342,0.0,0.0,0.0,46.67,39.5,7.17,15.82,15.82,0.0,0.0,0.0,0.0,163.0,142.0,21.0,711.33,643.87,67.46,0.0,0.0,0.0,0.0,0.0,0.0,
335513,SEAGATE REHABILITATION AND NURSING CENTER,BROOKLYN,NY,Kings,47,2021Q4,20211024,341,3.2,3.2,0.0,39.5,34.5,5.0,20.78,20.78,0.0,0.0,0.0,0.0,175.21,153.21,22.0,714.33,665.7,48.63,0.0,0.0,0.0,0.0,0.0,0.0,
335513,SEAGATE REHABILITATION AND NURSING CENTER,BROOKLYN,NY,Kings,47,2021Q4,20211025,341,5.3,5.3,0.0,49.7,49.7,0.0,34.8,34.8,0.0,0.0,0.0,0.0,189.86,159.86,30.0,738.43,707.43,31.0,0.0,0.0,0.0,0.0,0.0,0.0,
335513,SEAGATE REHABILITATION AND NURSING CENTER,BROOKLYN,NY,Kings,47,2021Q4,20211026,342,13.5,13.5,0.0,73.95,73.95,0.0,33.0,33.0,0.0,0.0,0.0,0.0,181.25,155.03,26.22,773.25,697.68,75.57,0.0,0.0,0.0,0.0,0.0,0.0,
335513,SEAGATE REHABILITATION AND NURSING CENTER,BROOKLYN,NY,Kings,47,2021Q4,20211027,342,7.0,7.0,0.0,64.72,64.72,0.0,30.0,30.0,0.0,0.0,0.0,0.0,183.28,164.28,19.0,746.69,679.94,66.75,0.0,0.0,0.0,0.0,0.0,0.0,
335513,SEAGATE REHABILITATION AND NURSING CENTER,BROOKLYN,NY,Kings,47,2021Q4,20211028,340,8.75,8.75,0.0,84.15,82.15,2.0,36.0,36.0,0.0,0.0,0.0,0.0,175.28,168.28,7.0,765.16,708.66,56.5,0.0,0.0,0.0,0.0,0.0,0.0,
335513,SEAGATE REHABILITATION AND NURSING CENTER,BROOKLYN,NY,Kings,47,2021Q4,20211029,341,14.0,14.0,0.0,73.13,66.25,6.88,19.0,19.0,0.0,0.0,0.0,0.0,178.12,155.12,23.0,748.07,698.09,49.98,0.0,0.0,0.0,0.0,0.0,0.0,
335513,SEAGATE REHABILITATION AND NURSING CENTER,BROOKLYN,NY,Kings,47,2021Q4,20211030,341,0.0,0.0,0.0,17.37,10.49,6.88,15.8,15.8,0.0,0.0,0.0,0.0,193.25,166.65,26.6,730.62,694.55,36.07,0.0,0.0,0.0,0.0,0.0,0.0,
335513,SEAGATE REHABILITATION AND NURSING CENTER,BROOKLYN,NY,Kings,47,2021Q4,20211031,340,0.0,0.0,0.0,37.68,32.45,5.23,18.87,18.87,0.0,0.0,0.0,0.0,187.34,159.34,28.0,716.21,665.87,50.34,0.0,0.0,0.0,0.0,0.0,0.0,
335513,SEAGATE REHABILITATION AND NURSING CENTER,BROOKLYN,NY,Kings,47,2021Q4,20211101,339,7.0,7.0,0.0,83.6,83.6,0.0,24.13,24.13,0.0,0.0,0.0,0.0,170.82,149.82,21.0,750.34,719.76,30.58,0.0,0.0,0.0,0.0,0.0,0.0,
335513,SEAGATE REHABILITATION AND NURSING CENTER,BROOKLYN,NY,Kings,47,2021Q4,20211102,338,13.57,13.57,0.0,62.5,62.5,0.0,33.0,33.0,0.0,0.0,0.0,0.0,175.68,168.68,7.0,791.55,735.22,56.33,0.0,0.0,0.0,0.0,0.0,0.0,
335513,SEAGATE REHABILITATION AND NURSING CENTER,BROOKLYN,NY,Kings,47,2021Q4,20211103,339,7.0,7.0,0.0,79.08,79.08,0.0,38.0,38.0,0.0,0.0,0.0,0.0,177.92,156.92,21.0,835.83,717.48,118.35,0.0,0.0,0.0,0.0,0.0,0.0,
335513,SEAGATE REHABILITATION AND NURSING CENTER,BROOKLYN,NY,Kings,47,2021Q4,20211104,339,7.0,7.0,0.0,93.77,91.9,1.87,43.0,43.0,0.0,0.0,0.0,0.0,172.53,158.53,14.0,773.45,684.62,88.83,0.0,0.0,0.0,0.0,0.0,0.0,
335513,SEAGATE REHABILITATION AND NURSING CENTER,BROOKLYN,NY,Kings,47,2021Q4,20211105,337,13.5,13.5,0.0,77.75,65.62,12.13,26.0,26.0,0.0,0.0,0.0,0.0,183.73,161.08,22.65,772.22,707.22,65.0,0.0,0.0,0.0,0.0,0.0,0.0,
335513,SEAGATE REHABILITATION AND NURSING CENTER,BROOKLYN,NY,Kings,47,2021Q4,20211106,336,0.0,0.0,0.0,25.0,25.0,0.0,16.0,16.0,0.0,0.0,0.0,0.0,166.7,136.98,29.72,748.98,692.98,56.0,0.0,0.0,0.0,0.0,0.0,0.0,
335513,SEAGATE REHABILITATION AND NURSING CENTER,BROOKLYN,NY,Kings,47,2021Q4,20211107,336,0.0,0.0,0.0,61.63,44.35,17.28,22.32,22.32,0.0,0.0,0.0,0.0,174.16,138.75,35.41,732.28,683.28,49.0,0.0,0.0,0.0,0.0,0.0,0.0,
335513,SEAGATE REHABILITATION AND NURSING CENTER,BROOKLYN,NY,Kings,47,2021Q4,20211108,334,7.0,7.0,0.0,78.35,78.35,0.0,35.0,35.0,0.0,0.0,0.0,0.0,168.85,140.13,28.72,753.03,710.38,42.65,0.0,0.0,0.0,0.0,0.0,0.0,
335513,SEAGATE REHABILITATION AND NURSING CENTER,BROOKLYN,NY,Kings,47,2021Q4,20211109,337,7.0,7.0,0.0,70.93,67.1,3.83,40.0,40.0,0.0,0.0,0.0,0.0,175.2,157.12,18.08,781.73,693.33,88.4,0.0,0.0,0.0,0.0,0.0,0.0,
335513,SEAGATE REHABILITATION AND NURSING CENTER,BROOKLYN,NY,Kings,47,2021Q4,20211110,338,7.0,7.0,0.0,92.65,85.75,6.9,30.0,30.0,0.0,0.0,0.0,0.0,183.41,166.68,16.73,773.67,714.17,59.5,0.0,0.0,0.0,0.0,0.0,0.0,
335513,SEAGATE REHABILITATION AND NURSING CENTER,BROOKLYN,NY,Kings,47,2021Q4,20211111,338,7.0,7.0,0.0,103.73,98.46,5.27,36.55,36.55,0.0,0.0,0.0,0.0,164.21,142.54,21.67,779.15,681.47,97.68,0.0,0.0,0.0,0.0,0.0,0.0,
335513,SEAGATE REHABILITATION AND NURSING CENTER,BROOKLYN,NY,Kings,47,2021Q4,20211112,345,13.5,13.5,0.0,83.55,83.55,0.0,26.0,26.0,0.0,0.0,0.0,0.0,182.74,156.74,26.0,764.52,708.04,56.48,0.0,0.0,0.0,0.0,0.0,0.0,
335513,SEAGATE REHABILITATION AND NURSING CENTER,BROOKLYN,NY,Kings,47,2021Q4,20211113,347,0.0,0.0,0.0,24.6,22.6,2.0,15.58,15.58,0.0,0.0,0.0,0.0,182.67,166.67,16.0,755.22,669.27,85.95,0.0,0.0,0.0,0.0,0.0,0.0,
335513,SEAGATE REHABILITATION AND NURSING CENTER,BROOKLYN,NY,Kings,47,2021Q4,20211114,347,0.0,0.0,0.0,44.25,39.25,5.0,21.42,21.42,0.0,0.0,0.0,0.0,187.67,163.17,24.5,658.0,614.0,44.0,0.0,0.0,0.0,0.0,0.0,0.0,
335513,SEAGATE REHABILITATION AND NURSING CENTER,BROOKLYN,NY,Kings,47,2021Q4,20211115,342,7.0,7.0,0.0,94.05,94.05,0.0,43.8,43.8,0.0,0.0,0.0,0.0,186.03,162.53,23.5,723.38,683.38,40.0,0.0,0.0,0.0,0.0,0.0,0.0,
335513,SEAGATE REHABILITATION AND NURSING CENTER,BROOKLYN,NY,Kings,47,2021Q4,20211116,342,7.0,7.0,0.0,69.12,67.85,1.27,48.0,48.0,0.0,0.0,0.0,0.0,180.03,164.75,15.28,734.73,660.44,74.29,0.0,0.0,0.0,0.0,0.0,0.0,
335513,SEAGATE REHABILITATION AND NURSING CENTER,BROOKLYN,NY,Kings,47,2021Q4,20211117,346,0.0,0.0,0.0,111.97,106.24,5.73,38.38,38.38,0.0,0.0,0.0,0.0,140.75,116.6,24.15,727.71,623.84,103.87,0.0,0.0,0.0,0.0,0.0,0.0,
335513,SEAGATE REHABILITATION AND NURSING CENTER,BROOKLYN,NY,Kings,47,2021Q4,20211118,349,0.0,0.0,0.0,84.49,82.97,1.52,44.23,44.23,0.0,0.0,0.0,0.0,147.08,128.78,18.3,708.2,629.42,78.78,0.0,0.0,0.0,0.0,0.0,0.0,
335513,SEAGATE REHABILITATION AND NURSING CENTER,BROOKLYN,NY,Kings,47,2021Q4,20211119,351,0.0,0.0,0.0,101.17,95.69,5.48,35.3,35.3,0.0,0.0,0.0,0.0,169.61,141.36,28.25,759.07,677.39,81.68,0.0,0.0,0.0,0.0,0.0,0.0,
335513,SEAGATE REHABILITATION AND NURSING CENTER,BROOKLYN,NY,Kings,47,2021Q4,20211120,350,0.0,0.0,0.0,34.48,34.48,0.0,15.82,15.82,0.0,0.0,0.0,0.0,163.5,144.5,19.0,725.12,658.54,66.58,0.0,0.0,0.0,0.0,0.0,0.0,
335513,SEAGATE REHABILITATION AND NURSING CENTER,BROOKLYN,NY,Kings,47,2021Q4,20211121,349,0.0,0.0,0.0,53.37,53.37,0.0,21.0,21.0,0.0,0.0,0.0,0.0,155.88,134.88,21.0,745.34,694.34,51.0,0.0,0.0,0.0,0.0,0.0,0.0,
335513,SEAGATE REHABILITATION AND NURSING CENTER,BROOKLYN,NY,Kings,47,2021Q4,20211122,350,7.0,7.0,0.0,88.78,88.78,0.0,35.63,35.63,0.0,0.0,0.0,0.0,177.14,158.14,19.0,746.45,701.09,45.36,0.0,0.0,0.0,0.0,0.0,0.0,
335513,SEAGATE REHABILITATION AND NURSING CENTER,BROOKLYN,NY,Kings,47,2021Q4,20211123,352,7.0,7.0,0.0,67.63,67.63,0.0,42.0,42.0,0.0,0.0,0.0,0.0,184.04,161.17,22.87,773.34,686.66,86.68,0.0,0.0,0.0,0.0,0.0,0.0,
335513,SEAGATE REHABILITATION AND NURSING CENTER,BROOKLYN,NY,Kings,47,2021Q4,20211124,352,7.0,7.0,0.0,76.35,76.35,0.0,30.0,30.0,0.0,0.0,0.0,0.0,187.27,171.27,16.0,772.95,655.57,117.38,0.0,0.0,0.0,0.0,0.0,0.0,
335513,SEAGATE REHABILITATION AND NURSING CENTER,BROOKLYN,NY,Kings,47,2021Q4,20211125,352,0.0,0.0,0.0,48.78,48.78,0.0,22.43,22.43,0.0,0.0,0.0,0.0,172.62,151.44,21.18,749.41,676.94,72.47,0.0,0.0,0.0,0.0,0.0,0.0,
335513,SEAGATE REHABILITATION AND NURSING CENTER,BROOKLYN,NY,Kings,47,2021Q4,20211126,350,0.0,0.0,0.0,44.25,44.25,0.0,38.0,38.0,0.0,0.0,0.0,0.0,161.15,133.15,28.0,752.88,675.25,77.63,0.0,0.0,0.0,0.0,0.0,0.0,
335513,SEAGATE REHABILITATION AND NURSING CENTER,BROOKLYN,NY,Kings,47,2021Q4,20211127,350,0.0,0.0,0.0,27.0,27.0,0.0,16.0,16.0,0.0,0.0,0.0,0.0,174.45,153.45,21.0,744.9,669.2,75.7,0.0,0.0,0.0,0.0,0.0,0.0,
335513,SEAGATE REHABILITATION AND NURSING CENTER,BROOKLYN,NY,Kings,47,2021Q4,20211128,349,0.0,0.0,0.0,45.4,45.4,0.0,19.0,19.0,0.0,0.0,0.0,0.0,175.35,137.85,37.5,718.27,646.27,72.0,0.0,0.0,0.0,0.0,0.0,0.0,
335513,SEAGATE REHABILITATION AND NURSING CENTER,BROOKLYN,NY,Kings,47,2021Q4,20211129,349,7.0,7.0,0.0,65.67,65.67,0.0,41.78,41.78,0.0,0.0,0.0,0.0,186.6,146.35,40.25,763.13,668.63,94.5,0.0,0.0,0.0,0.0,0.0,0.0,
335513,SEAGATE REHABILITATION AND NURSING CENTER,BROOKLYN,NY,Kings,47,2021Q4,20211130,351,7.0,7.0,0.0,82.53,82.53,0.0,43.5,43.5,0.0,0.0,0.0,0.0,164.31,153.31,11.0,737.54,646.61,90.93,0.0,0.0,0.0,0.0,0.0,0.0,
335513,SEAGATE REHABILITATION AND NURSING CENTER,BROOKLYN,NY,Kings,47,2021Q4,20211201,351,7.0,7.0,0.0,94.98,94.98,0.0,43.88,43.88,0.0,0.0,0.0,0.0,162.88,139.15,23.73,765.75,668.65,97.1,0.0,0.0,0.0,0.0,0.0,0.0,
335513,SEAGATE REHABILITATION AND NURSING CENTER,BROOKLYN,NY,Kings,47,2021Q4,20211202,349,7.0,7.0,0.0,75.32,75.32,0.0,36.02,36.02,0.0,0.0,0.0,0.0,174.82,161.14,13.68,752.33,659.82,92.51,0.0,0.0,0.0,0.0,0.0,0.0,
335513,SEAGATE REHABILITATION AND NURSING CENTER,BROOKLYN,NY,Kings,47,2021Q4,20211203,349,14.5,14.5,0.0,75.5,75.5,0.0,30.12,30.12,0.0,0.0,0.0,0.0,167.14,146.14,21.0,763.51,678.09,85.42,0.0,0.0,0.0,0.0,0.0,0.0,
335513,SEAGATE REHABILITATION AND NURSING CENTER,BROOKLYN,NY,Kings,47,2021Q4,20211204,349,0.0,0.0,0.0,31.5,31.5,0.0,21.5,21.5,0.0,0.0,0.0,0.0,164.8,141.13,23.67,718.36,646.78,71.58,0.0,0.0,0.0,0.0,0.0,0.0,
335513,SEAGATE REHABILITATION AND NURSING CENTER,BROOKLYN,NY,Kings,47,2021Q4,20211205,349,0.0,0.0,0.0,31.88,31.88,0.0,23.5,23.5,0.0,0.0,0.0,0.0,179.88,126.63,53.25,714.3,634.87,79.43,0.0,0.0,0.0,0.0,0.0,0.0,
335513,SEAGATE REHABILITATION AND NURSING CENTER,BROOKLYN,NY,Kings,47,2021Q4,20211206,349,7.0,7.0,0.0,70.42,70.42,0.0,29.5,29.5,0.0,0.0,0.0,0.0,179.22,153.22,26.0,737.5,656.56,80.94,0.0,0.0,0.0,0.0,0.0,0.0,
335513,SEAGATE REHABILITATION AND NURSING CENTER,BROOKLYN,NY,Kings,47,2021Q4,20211207,347,7.0,7.0,0.0,61.85,59.83,2.02,47.5,47.5,0.0,0.0,0.0,0.0,179.93,159.2,20.73,762.37,664.46,97.91,0.0,0.0,0.0,0.0,0.0,0.0,
335513,SEAGATE REHABILITATION AND NURSING CENTER,BROOKLYN,NY,Kings,47,2021Q4,20211208,346,7.0,7.0,0.0,44.9,39.92,4.98,37.5,37.5,0.0,0.0,0.0,0.0,181.94,156.34,25.6,766.1,654.25,111.85,0.0,0.0,0.0,0.0,0.0,0.0,
335513,SEAGATE REHABILITATION AND NURSING CENTER,BROOKLYN,NY,Kings,47,2021Q4,20211209,344,7.0,7.0,0.0,70.09,68.22,1.87,42.58,42.58,0.0,0.0,0.0,0.0,169.69,133.17,36.52,761.21,679.36,81.85,0.0,0.0,0.0,0.0,0.0,0.0,
335513,SEAGATE REHABILITATION AND NURSING CENTER,BROOKLYN,NY,Kings,47,2021Q4,20211210,346,14.0,14.0,0.0,74.53,67.48,7.05,43.25,43.25,0.0,0.0,0.0,0.0,163.45,137.52,25.93,788.61,697.24,91.37,0.0,0.0,0.0,0.0,0.0,0.0,
335513,SEAGATE REHABILITATION AND NURSING CENTER,BROOKLYN,NY,Kings,47,2021Q4,20211211,346,0.0,0.0,0.0,19.63,12.5,7.13,15.87,15.87,0.0,0.0,0.0,0.0,179.91,150.41,29.5,723.59,616.97,106.62,0.0,0.0,0.0,0.0,0.0,0.0,
335513,SEAGATE REHABILITATION AND NURSING CENTER,BROOKLYN,NY,Kings,47,2021Q4,20211212,346,0.0,0.0,0.0,37.92,31.0,6.92,21.23,21.23,0.0,0.0,0.0,0.0,183.08,148.08,35.0,699.7,631.87,67.83,0.0,0.0,0.0,0.0,0.0,0.0,
335513,SEAGATE REHABILITATION AND NURSING CENTER,BROOKLYN,NY,Kings,47,2021Q4,20211213,346,7.0,7.0,0.0,71.43,66.4,5.03,46.73,46.73,0.0,0.0,0.0,0.0,160.94,139.22,21.72,750.45,659.37,91.08,0.0,0.0,0.0,0.0,0.0,0.0,
335513,SEAGATE REHABILITATION AND NURSING CENTER,BROOKLYN,NY,Kings,47,2021Q4,20211214,348,8.5,8.5,0.0,50.68,50.68,0.0,35.0,35.0,0.0,0.0,0.0,0.0,186.46,163.53,22.93,744.98,654.88,90.1,0.0,0.0,0.0,0.0,0.0,0.0,
335513,SEAGATE REHABILITATION AND NURSING CENTER,BROOKLYN,NY,Kings,47,2021Q4,20211215,346,7.0,7.0,0.0,62.05,60.05,2.0,32.25,32.25,0.0,0.0,0.0,0.0,183.25,166.25,17.0,788.59,676.34,112.25,0.0,0.0,0.0,0.0,0.0,0.0,
335513,SEAGATE REHABILITATION AND NURSING CENTER,BROOKLYN,NY,Kings,47,2021Q4,20211216,348,7.0,7.0,0.0,50.0,43.0,7.0,44.0,44.0,0.0,0.0,0.0,0.0,185.87,162.37,23.5,725.33,663.73,61.6,0.0,0.0,0.0,0.0,0.0,0.0,
335513,SEAGATE REHABILITATION AND NURSING CENTER,BROOKLYN,NY,Kings,47,2021Q4,20211217,352,7.0,7.0,0.0,53.18,48.18,5.0,27.3,27.3,0.0,0.0,0.0,0.0,185.72,170.29,15.43,757.31,666.71,90.6,0.0,0.0,0.0,0.0,0.0,0.0,
335513,SEAGATE REHABILITATION AND NURSING CENTER,BROOKLYN,NY,Kings,47,2021Q4,20211218,352,0.0,0.0,0.0,43.82,43.82,0.0,23.98,23.98,0.0,0.0,0.0,0.0,175.98,146.2,29.78,724.48,654.48,70.0,0.0,0.0,0.0,0.0,0.0,0.0,
335513,SEAGATE REHABILITATION AND NURSING CENTER,BROOKLYN,NY,Kings,47,2021Q4,20211219,352,0.0,0.0,0.0,26.97,26.97,0.0,28.53,28.53,0.0,0.0,0.0,0.0,174.0,127.17,46.83,748.13,668.29,79.84,0.0,0.0,0.0,0.0,0.0,0.0,
335513,SEAGATE REHABILITATION AND NURSING CENTER,BROOKLYN,NY,Kings,47,2021Q4,20211220,352,7.0,7.0,0.0,65.53,65.53,0.0,41.95,41.95,0.0,0.0,0.0,0.0,164.71,150.71,14.0,779.72,707.55,72.17,0.0,0.0,0.0,0.0,0.0,0.0,
335513,SEAGATE REHABILITATION AND NURSING CENTER,BROOKLYN,NY,Kings,47,2021Q4,20211221,352,8.5,8.5,0.0,61.25,59.37,1.88,26.0,26.0,0.0,0.0,0.0,0.0,172.52,158.52,14.0,757.62,694.49,63.13,0.0,0.0,0.0,0.0,0.0,0.0,
335513,SEAGATE REHABILITATION AND NURSING CENTER,BROOKLYN,NY,Kings,47,2021Q4,20211222,348,9.5,9.5,0.0,60.18,55.06,5.12,36.85,36.85,0.0,0.0,0.0,0.0,179.6,169.6,10.0,741.81,670.81,71.0,0.0,0.0,0.0,0.0,0.0,0.0,
335513,SEAGATE REHABILITATION AND NURSING CENTER,BROOKLYN,NY,Kings,47,2021Q4,20211223,347,7.0,7.0,0.0,63.33,61.93,1.4,44.03,44.03,0.0,0.0,0.0,0.0,150.01,132.01,18.0,732.55,666.21,66.34,0.0,0.0,0.0,0.0,0.0,0.0,
335513,SEAGATE REHABILITATION AND NURSING CENTER,BROOKLYN,NY,Kings,47,2021Q4,20211224,350,9.15,9.15,0.0,40.24,32.77,7.47,33.64,33.64,0.0,0.0,0.0,0.0,171.25,148.25,23.0,715.0,647.15,67.85,0.0,0.0,0.0,0.0,0.0,0.0,
335513,SEAGATE REHABILITATION AND NURSING CENTER,BROOKLYN,NY,Kings,47,2021Q4,20211225,350,0.0,0.0,0.0,38.65,31.5,7.15,15.8,15.8,0.0,0.0,0.0,0.0,166.88,151.88,15.0,744.83,662.1,82.73,0.0,0.0,0.0,0.0,0.0,0.0,
335513,SEAGATE REHABILITATION AND NURSING CENTER,BROOKLYN,NY,Kings,47,2021Q4,20211226,350,0.0,0.0,0.0,57.59,50.67,6.92,21.0,21.0,0.0,0.0,0.0,0.0,164.83,157.83,7.0,719.1,630.88,88.22,0.0,0.0,0.0,0.0,0.0,0.0,
335513,SEAGATE REHABILITATION AND NURSING CENTER,BROOKLYN,NY,Kings,47,2021Q4,20211227,353,7.0,7.0,0.0,77.44,72.37,5.07,28.0,28.0,0.0,0.0,0.0,0.0,179.13,167.13,12.0,749.82,690.82,59.0,0.0,0.0,0.0,0.0,0.0,0.0,
335513,SEAGATE REHABILITATION AND NURSING CENTER,BROOKLYN,NY,Kings,47,2021Q4,20211228,351,0.0,0.0,0.0,56.57,56.57,0.0,35.25,35.25,0.0,0.0,0.0,0.0,177.52,158.04,19.48,734.27,668.9,65.37,0.0,0.0,0.0,0.0,0.0,0.0,
335513,SEAGATE REHABILITATION AND NURSING CENTER,BROOKLYN,NY,Kings,47,2021Q4,20211229,347,13.5,13.5,0.0,56.38,54.35,2.03,27.87,27.87,0.0,0.0,0.0,0.0,156.46,143.33,13.13,766.35,682.7,83.65,0.0,0.0,0.0,0.0,0.0,0.0,
335513,SEAGATE REHABILITATION AND NURSING CENTER,BROOKLYN,NY,Kings,47,2021Q4,20211230,345,7.0,7.0,0.0,73.55,66.6,6.95,36.83,36.83,0.0,0.0,0.0,0.0,141.23,125.23,16.0,761.04,675.89,85.15,0.0,0.0,0.0,0.0,0.0,0.0,
335513,SEAGATE REHABILITATION AND NURSING CENTER,BROOKLYN,NY,Kings,47,2021Q4,20211231,345,14.5,14.5,0.0,31.74,26.72,5.02,29.5,29.5,0.0,0.0,0.0,0.0,147.53,128.03,19.5,715.98,645.61,70.37,0.0,0.0,0.0,0.0,0.0,0.0,
335513,SEAGATE REHABILITATION AND NURSING CENTER,BROOKLYN,NY,Kings,47,2022Q1,20220101,345,3.0,3.0,0.0,36.5,36.5,0.0,14.0,14.0,0.0,0.0,0.0,0.0,138.27,120.05,18.22,637.9,592.08,45.82,0.0,0.0,0.0,0.0,0.0,0.0,
335513,SEAGATE REHABILITATION AND NURSING CENTER,BROOKLYN,NY,Kings,47,2022Q1,20220102,345,11.75,11.75,0.0,34.65,34.65,0.0,21.0,21.0,0.0,0.0,0.0,0.0,140.0,99.0,41.0,625.72,574.52,51.2,0.0,0.0,0.0,0.0,0.0,0.0,
335513,SEAGATE REHABILITATION AND NURSING CENTER,BROOKLYN,NY,Kings,47,2022Q1,20220103,346,0.0,0.0,0.0,82.65,82.65,0.0,34.28,34.28,0.0,0.0,0.0,0.0,150.27,129.27,21.0,721.58,654.28,67.3,0.0,0.0,0.0,0.0,0.0,0.0,
335513,SEAGATE REHABILITATION AND NURSING CENTER,BROOKLYN,NY,Kings,47,2022Q1,20220104,349,7.0,7.0,0.0,67.74,65.81,1.93,43.25,43.25,0.0,0.0,0.0,0.0,185.45,169.45,16.0,745.53,673.47,72.06,0.0,0.0,0.0,0.0,0.0,0.0,
335513,SEAGATE REHABILITATION AND NURSING CENTER,BROOKLYN,NY,Kings,47,2022Q1,20220105,351,0.0,0.0,0.0,100.98,94.0,6.98,37.0,37.0,0.0,0.0,0.0,0.0,186.47,167.47,19.0,721.65,658.65,63.0,0.0,0.0,0.0,0.0,0.0,0.0,
335513,SEAGATE REHABILITATION AND NURSING CENTER,BROOKLYN,NY,Kings,47,2022Q1,20220106,351,7.0,7.0,0.0,83.09,78.01,5.08,39.16,39.16,0.0,0.0,0.0,0.0,169.39,156.97,12.42,769.3,704.57,64.73,0.0,0.0,0.0,0.0,0.0,0.0,
335513,SEAGATE REHABILITATION AND NURSING CENTER,BROOKLYN,NY,Kings,47,2022Q1,20220107,352,13.5,13.5,0.0,84.9,81.25,3.65,34.61,34.61,0.0,0.0,0.0,0.0,151.24,133.24,18.0,647.4,586.21,61.19,0.0,0.0,0.0,0.0,0.0,0.0,
335513,SEAGATE REHABILITATION AND NURSING CENTER,BROOKLYN,NY,Kings,47,2022Q1,20220108,353,0.0,0.0,0.0,50.1,42.0,8.1,16.0,16.0,0.0,0.0,0.0,0.0,183.65,150.85,32.8,643.28,581.96,61.32,0.0,0.0,0.0,0.0,0.0,0.0,
335513,SEAGATE REHABILITATION AND NURSING CENTER,BROOKLYN,NY,Kings,47,2022Q1,20220109,352,0.0,0.0,0.0,36.45,29.47,6.98,28.63,28.63,0.0,0.0,0.0,0.0,176.75,149.0,27.75,660.03,613.21,46.82,0.0,0.0,0.0,0.0,0.0,0.0,
335513,SEAGATE REHABILITATION AND NURSING CENTER,BROOKLYN,NY,Kings,47,2022Q1,20220110,351,7.0,7.0,0.0,72.62,67.35,5.27,48.5,48.5,0.0,0.0,0.0,0.0,178.93,171.93,7.0,767.48,703.21,64.27,0.0,0.0,0.0,0.0,0.0,0.0,
335513,SEAGATE REHABILITATION AND NURSING CENTER,BROOKLYN,NY,Kings,47,2022Q1,20220111,350,7.0,7.0,0.0,88.44,86.56,1.88,47.53,47.53,0.0,0.0,0.0,0.0,144.52,133.52,11.0,791.72,693.37,98.35,0.0,0.0,0.0,0.0,0.0,0.0,
335513,SEAGATE REHABILITATION AND NURSING CENTER,BROOKLYN,NY,Kings,47,2022Q1,20220112,351,7.0,7.0,0.0,55.6,48.37,7.23,46.43,46.43,0.0,0.0,0.0,0.0,183.26,158.26,25.0,763.06,684.86,78.2,0.0,0.0,0.0,0.0,0.0,0.0,
335513,SEAGATE REHABILITATION AND NURSING CENTER,BROOKLYN,NY,Kings,47,2022Q1,20220113,349,8.75,8.75,0.0,69.95,65.07,4.88,43.75,43.75,0.0,0.0,0.0,0.0,164.69,150.87,13.82,773.29,701.59,71.7,0.0,0.0,0.0,0.0,0.0,0.0,
335513,SEAGATE REHABILITATION AND NURSING CENTER,BROOKLYN,NY,Kings,47,2022Q1,20220114,350,13.5,13.5,0.0,66.2,66.2,0.0,41.77,41.77,0.0,0.0,0.0,0.0,165.49,143.32,22.17,767.08,697.83,69.25,0.0,0.0,0.0,0.0,0.0,0.0,
335513,SEAGATE REHABILITATION AND NURSING CENTER,BROOKLYN,NY,Kings,47,2022Q1,20220115,351,0.0,0.0,0.0,37.0,37.0,0.0,23.0,23.0,0.0,0.0,0.0,0.0,160.33,125.03,35.3,753.21,662.41,90.8,0.0,0.0,0.0,0.0,0.0,0.0,
335513,SEAGATE REHABILITATION AND NURSING CENTER,BROOKLYN,NY,Kings,47,2022Q1,20220116,351,0.0,0.0,0.0,52.92,52.92,0.0,28.0,28.0,0.0,0.0,0.0,0.0,167.13,139.85,27.28,706.8,628.89,77.91,0.0,0.0,0.0,0.0,0.0,0.0,
335513,SEAGATE REHABILITATION AND NURSING CENTER,BROOKLYN,NY,Kings,47,2022Q1,20220117,350,0.0,0.0,0.0,55.8,51.37,4.43,29.25,29.25,0.0,0.0,0.0,0.0,188.78,164.16,24.62,735.05,652.87,82.18,0.0,0.0,0.0,0.0,0.0,0.0,
335513,SEAGATE REHABILITATION AND NURSING CENTER,BROOKLYN,NY,Kings,47,2022Q1,20220118,352,7.0,7.0,0.0,69.1,62.62,6.48,47.47,47.47,0.0,0.0,0.0,0.0,170.2,154.2,16.0,757.03,662.17,94.86,0.0,0.0,0.0,0.0,0.0,0.0,
335513,SEAGATE REHABILITATION AND NURSING CENTER,BROOKLYN,NY,Kings,47,2022Q1,20220119,354,7.0,7.0,0.0,85.4,80.32,5.08,36.8,36.8,0.0,0.0,0.0,0.0,151.91,139.91,12.0,761.68,674.25,87.43,0.0,0.0,0.0,0.0,0.0,0.0,
335513,SEAGATE REHABILITATION AND NURSING CENTER,BROOKLYN,NY,Kings,47,2022Q1,20220120,358,7.0,7.0,0.0,80.77,78.95,1.82,35.9,35.9,0.0,0.0,0.0,0.0,149.6,142.6,7.0,732.66,651.27,81.39,0.0,0.0,0.0,0.0,0.0,0.0,
335513,SEAGATE REHABILITATION AND NURSING CENTER,BROOKLYN,NY,Kings,47,2022Q1,20220121,357,14.5,14.5,0.0,86.71,79.66,7.05,34.59,34.59,0.0,0.0,0.0,0.0,159.11,141.61,17.5,749.0,643.5,105.5,0.0,0.0,0.0,0.0,0.0,0.0,
335513,SEAGATE REHABILITATION AND NURSING CENTER,BROOKLYN,NY,Kings,47,2022Q1,20220122,356,0.0,0.0,0.0,17.45,8.95,8.5,23.0,23.0,0.0,0.0,0.0,0.0,189.72,157.47,32.25,745.63,689.96,55.67,0.0,0.0,0.0,0.0,0.0,0.0,
335513,SEAGATE REHABILITATION AND NURSING CENTER,BROOKLYN,NY,Kings,47,2022Q1,20220123,353,0.0,0.0,0.0,50.05,42.05,8.0,35.22,35.22,0.0,0.0,0.0,0.0,157.6,143.1,14.5,704.45,650.58,53.87,0.0,0.0,0.0,0.0,0.0,0.0,
335513,SEAGATE REHABILITATION AND NURSING CENTER,BROOKLYN,NY,Kings,47,2022Q1,20220124,353,0.0,0.0,0.0,77.45,72.32,5.13,42.0,42.0,0.0,0.0,0.0,0.0,154.08,148.58,5.5,771.1,682.27,88.83,0.0,0.0,0.0,0.0,0.0,0.0,
335513,SEAGATE REHABILITATION AND NURSING CENTER,BROOKLYN,NY,Kings,47,2022Q1,20220125,356,0.0,0.0,0.0,65.73,63.9,1.83,49.42,49.42,0.0,0.0,0.0,0.0,143.41,141.41,2.0,764.94,685.05,79.89,0.0,0.0,0.0,0.0,0.0,0.0,
335513,SEAGATE REHABILITATION AND NURSING CENTER,BROOKLYN,NY,Kings,47,2022Q1,20220126,357,0.0,0.0,0.0,77.5,70.33,7.17,43.33,43.33,0.0,0.0,0.0,0.0,179.43,172.43,7.0,780.13,695.82,84.31,0.0,0.0,0.0,0.0,0.0,0.0,
335513,SEAGATE REHABILITATION AND NURSING CENTER,BROOKLYN,NY,Kings,47,2022Q1,20220127,356,0.0,0.0,0.0,56.65,51.65,5.0,35.35,35.35,0.0,0.0,0.0,0.0,176.78,162.78,14.0,792.99,679.95,113.04,0.0,0.0,0.0,0.0,0.0,0.0,
335513,SEAGATE REHABILITATION AND NURSING CENTER,BROOKLYN,NY,Kings,47,2022Q1,20220128,356,0.0,0.0,0.0,48.91,48.91,0.0,33.0,33.0,0.0,0.0,0.0,0.0,162.91,147.98,14.93,760.11,709.73,50.38,0.0,0.0,0.0,0.0,0.0,0.0,
335513,SEAGATE REHABILITATION AND NURSING CENTER,BROOKLYN,NY,Kings,47,2022Q1,20220129,356,0.0,0.0,0.0,41.22,41.22,0.0,25.0,25.0,0.0,0.0,0.0,0.0,149.08,125.5,23.58,531.39,490.02,41.37,0.0,0.0,0.0,0.0,0.0,0.0,
335513,SEAGATE REHABILITATION AND NURSING CENTER,BROOKLYN,NY,Kings,47,2022Q1,20220130,354,0.0,0.0,0.0,17.83,17.83,0.0,36.13,36.13,0.0,0.0,0.0,0.0,143.92,117.92,26.0,616.84,559.98,56.86,0.0,0.0,0.0,0.0,0.0,0.0,
335513,SEAGATE REHABILITATION AND NURSING CENTER,BROOKLYN,NY,Kings,47,2022Q1,20220131,355,7.0,7.0,0.0,72.71,72.71,0.0,50.6,50.6,0.0,0.0,0.0,0.0,136.27,122.45,13.82,723.66,654.36,69.3,0.0,0.0,0.0,0.0,0.0,0.0,
335513,SEAGATE REHABILITATION AND NURSING CENTER,BROOKLYN,NY,Kings,47,2022Q1,20220201,351,7.0,7.0,0.0,64.97,64.04,0.93,56.5,56.5,0.0,0.0,0.0,0.0,151.55,137.95,13.6,707.7,653.95,53.75,0.0,0.0,0.0,0.0,0.0,0.0,
335513,SEAGATE REHABILITATION AND NURSING CENTER,BROOKLYN,NY,Kings,47,2022Q1,20220202,354,7.0,7.0,0.0,56.12,50.05,6.07,37.0,37.0,0.0,0.0,0.0,0.0,167.6,160.6,7.0,749.37,690.55,58.82,0.0,0.0,0.0,0.0,0.0,0.0,
335513,SEAGATE REHABILITATION AND NURSING CENTER,BROOKLYN,NY,Kings,47,2022Q1,20220203,357,7.0,7.0,0.0,58.35,56.65,1.7,42.52,42.52,0.0,0.0,0.0,0.0,160.34,146.72,13.62,752.26,666.24,86.02,0.0,0.0,0.0,0.0,0.0,0.0,
335513,SEAGATE REHABILITATION AND NURSING CENTER,BROOKLYN,NY,Kings,47,2022Q1,20220204,356,7.0,7.0,0.0,68.11,60.98,7.13,40.0,40.0,0.0,0.0,0.0,0.0,172.82,158.82,14.0,700.39,656.34,44.05,0.0,0.0,0.0,0.0,0.0,0.0,
335513,SEAGATE REHABILITATION AND NURSING CENTER,BROOKLYN,NY,Kings,47,2022Q1,20220205,356,0.0,0.0,0.0,17.82,11.0,6.82,25.17,25.17,0.0,0.0,0.0,0.0,173.7,161.7,12.0,712.69,628.49,84.2,0.0,0.0,0.0,0.0,0.0,0.0,
335513,SEAGATE REHABILITATION AND NURSING CENTER,BROOKLYN,NY,Kings,47,2022Q1,20220206,356,0.0,0.0,0.0,22.7,15.37,7.33,42.97,42.97,0.0,0.0,0.0,0.0,170.55,163.55,7.0,693.03,636.28,56.75,0.0,0.0,0.0,0.0,0.0,0.0,
335513,SEAGATE REHABILITATION AND NURSING CENTER,BROOKLYN,NY,Kings,47,2022Q1,20220207,358,7.0,7.0,0.0,71.73,66.71,5.02,49.0,49.0,0.0,0.0,0.0,0.0,160.99,159.32,1.67,792.52,727.42,65.1,0.0,0.0,0.0,0.0,0.0,0.0,
335513,SEAGATE REHABILITATION AND NURSING CENTER,BROOKLYN,NY,Kings,47,2022Q1,20220208,358,7.0,7.0,0.0,64.67,63.17,1.5,56.58,56.58,0.0,0.0,0.0,0.0,146.11,130.41,15.7,776.55,705.38,71.17,0.0,0.0,0.0,0.0,0.0,0.0,
335513,SEAGATE REHABILITATION AND NURSING CENTER,BROOKLYN,NY,Kings,47,2022Q1,20220209,359,7.0,7.0,0.0,64.03,56.68,7.35,49.08,49.08,0.0,0.0,0.0,0.0,170.03,158.26,11.77,786.53,693.3,93.23,0.0,0.0,0.0,0.0,0.0,0.0,
335513,SEAGATE REHABILITATION AND NURSING CENTER,BROOKLYN,NY,Kings,47,2022Q1,20220210,359,7.0,7.0,0.0,54.9,49.75,5.15,34.67,34.67,0.0,0.0,0.0,0.0,176.59,164.46,12.13,764.32,677.78,86.54,0.0,0.0,0.0,0.0,0.0,0.0,
335513,SEAGATE REHABILITATION AND NURSING CENTER,BROOKLYN,NY,Kings,47,2022Q1,20220211,359,7.0,7.0,0.0,56.06,54.23,1.83,33.0,33.0,0.0,0.0,0.0,0.0,186.54,178.54,8.0,754.06,698.61,55.45,0.0,0.0,0.0,0.0,0.0,0.0,
335513,SEAGATE REHABILITATION AND NURSING CENTER,BROOKLYN,NY,Kings,47,2022Q1,20220212,359,0.0,0.0,0.0,9.17,4.0,5.17,30.0,30.0,0.0,0.0,0.0,0.0,173.66,153.06,20.6,752.7,683.85,68.85,0.0,0.0,0.0,0.0,0.0,0.0,
335513,SEAGATE REHABILITATION AND NURSING CENTER,BROOKLYN,NY,Kings,47,2022Q1,20220213,357,0.0,0.0,0.0,44.72,44.72,0.0,34.91,34.91,0.0,0.0,0.0,0.0,131.19,124.19,7.0,719.75,639.3,80.45,0.0,0.0,0.0,0.0,0.0,0.0,
335513,SEAGATE REHABILITATION AND NURSING CENTER,BROOKLYN,NY,Kings,47,2022Q1,20220214,360,7.0,7.0,0.0,60.46,60.46,0.0,49.5,49.5,0.0,0.0,0.0,0.0,140.73,133.98,6.75,739.61,686.61,53.0,0.0,0.0,0.0,0.0,0.0,0.0,
335513,SEAGATE REHABILITATION AND NURSING CENTER,BROOKLYN,NY,Kings,47,2022Q1,20220215,360,7.0,7.0,0.0,39.6,35.87,3.73,47.87,47.87,0.0,0.0,0.0,0.0,161.53,147.53,14.0,767.61,697.71,69.9,0.0,0.0,0.0,0.0,0.0,0.0,
335513,SEAGATE REHABILITATION AND NURSING CENTER,BROOKLYN,NY,Kings,47,2022Q1,20220216,359,7.0,7.0,0.0,43.82,38.05,5.77,37.0,37.0,0.0,0.0,0.0,0.0,165.13,149.13,16.0,729.9,683.6,46.3,0.0,0.0,0.0,0.0,0.0,0.0,
335513,SEAGATE REHABILITATION AND NURSING CENTER,BROOKLYN,NY,Kings,47,2022Q1,20220217,356,7.0,7.0,0.0,42.25,40.25,2.0,49.0,49.0,0.0,0.0,0.0,0.0,166.62,147.85,18.77,750.54,693.67,56.87,0.0,0.0,0.0,0.0,0.0,0.0,
335513,SEAGATE REHABILITATION AND NURSING CENTER,BROOKLYN,NY,Kings,47,2022Q1,20220218,355,13.5,13.5,0.0,54.45,49.45,5.0,37.0,37.0,0.0,0.0,0.0,0.0,170.15,149.43,20.72,772.85,710.48,62.37,0.0,0.0,0.0,0.0,0.0,0.0,
335513,SEAGATE REHABILITATION AND NURSING CENTER,BROOKLYN,NY,Kings,47,2022Q1,20220219,354,0.0,0.0,0.0,32.23,26.35,5.88,36.83,36.83,0.0,0.0,0.0,0.0,176.55,164.55,12.0,748.82,677.83,70.99,0.0,0.0,0.0,0.0,0.0,0.0,
335513,SEAGATE REHABILITATION AND NURSING CENTER,BROOKLYN,NY,Kings,47,2022Q1,20220220,354,0.0,0.0,0.0,49.41,37.08,12.33,41.8,41.8,0.0,0.0,0.0,0.0,180.13,164.26,15.87,703.54,638.74,64.8,0.0,0.0,0.0,0.0,0.0,0.0,
335513,SEAGATE REHABILITATION AND NURSING CENTER,BROOKLYN,NY,Kings,47,2022Q1,20220221,356,0.0,0.0,0.0,44.26,38.98,5.28,28.0,28.0,0.0,0.0,0.0,0.0,191.6,184.82,6.78,733.18,664.14,69.04,0.0,0.0,0.0,0.0,0.0,0.0,
335513,SEAGATE REHABILITATION AND NURSING CENTER,BROOKLYN,NY,Kings,47,2022Q1,20220222,354,0.0,0.0,0.0,35.08,35.08,0.0,49.68,49.68,0.0,0.0,0.0,0.0,175.11,170.11,5.0,761.68,698.95,62.73,0.0,0.0,0.0,0.0,0.0,0.0,
335513,SEAGATE REHABILITATION AND NURSING CENTER,BROOKLYN,NY,Kings,47,2022Q1,20220223,352,0.0,0.0,0.0,43.78,42.0,1.78,34.63,34.63,0.0,0.0,0.0,0.0,164.1,162.1,2.0,769.18,693.36,75.82,0.0,0.0,0.0,0.0,0.0,0.0,
335513,SEAGATE REHABILITATION AND NURSING CENTER,BROOKLYN,NY,Kings,47,2022Q1,20220224,354,0.0,0.0,0.0,40.22,35.0,5.22,41.0,41.0,0.0,0.0,0.0,0.0,177.42,172.42,5.0,764.7,681.42,83.28,0.0,0.0,0.0,0.0,0.0,0.0,
335513,SEAGATE REHABILITATION AND NURSING CENTER,BROOKLYN,NY,Kings,47,2022Q1,20220225,353,0.0,0.0,0.0,35.0,33.0,2.0,21.0,21.0,0.0,0.0,0.0,0.0,202.53,182.33,20.2,721.99,671.61,50.38,0.0,0.0,0.0,0.0,0.0,0.0,
335513,SEAGATE REHABILITATION AND NURSING CENTER,BROOKLYN,NY,Kings,47,2022Q1,20220226,352,0.0,0.0,0.0,29.5,24.5,5.0,30.98,30.98,0.0,0.0,0.0,0.0,179.82,157.7,22.12,695.06,635.84,59.22,0.0,0.0,0.0,0.0,0.0,0.0,
335513,SEAGATE REHABILITATION AND NURSING CENTER,BROOKLYN,NY,Kings,47,2022Q1,20220227,351,0.0,0.0,0.0,37.5,37.5,0.0,48.78,48.78,0.0,0.0,0.0,0.0,169.64,149.32,20.32,710.8,633.5,77.3,0.0,0.0,0.0,0.0,0.0,0.0,
335513,SEAGATE REHABILITATION AND NURSING CENTER,BROOKLYN,NY,Kings,47,2022Q1,20220228,353,7.0,7.0,0.0,42.7,42.7,0.0,42.0,42.0,0.0,0.0,0.0,0.0,143.5,133.5,10.0,729.51,692.51,37.0,0.0,0.0,0.0,0.0,0.0,0.0,
335513,SEAGATE REHABILITATION AND NURSING CENTER,BROOKLYN,NY,Kings,47,2022Q1,20220301,354,7.0,7.0,0.0,47.14,44.92,2.22,54.15,54.15,0.0,0.0,0.0,0.0,161.56,159.86,1.7,781.27,709.13,72.14,0.0,0.0,0.0,0.0,0.0,0.0,
335513,SEAGATE REHABILITATION AND NURSING CENTER,BROOKLYN,NY,Kings,47,2022Q1,20220302,354,7.0,7.0,0.0,70.92,65.5,5.42,51.5,51.5,0.0,0.0,0.0,0.0,173.24,168.24,5.0,777.69,703.21,74.48,0.0,0.0,0.0,0.0,0.0,0.0,
335513,SEAGATE REHABILITATION AND NURSING CENTER,BROOKLYN,NY,Kings,47,2022Q1,20220303,355,7.0,7.0,0.0,56.82,55.1,1.72,49.87,49.87,0.0,0.0,0.0,0.0,147.63,146.1,1.53,772.49,705.96,66.53,0.0,0.0,0.0,0.0,0.0,0.0,
335513,SEAGATE REHABILITATION AND NURSING CENTER,BROOKLYN,NY,Kings,47,2022Q1,20220304,359,7.0,7.0,0.0,62.85,54.3,8.55,33.0,33.0,0.0,0.0,0.0,0.0,139.62,134.62,5.0,757.33,703.11,54.22,0.0,0.0,0.0,0.0,0.0,0.0,
335513,SEAGATE REHABILITATION AND NURSING CENTER,BROOKLYN,NY,Kings,47,2022Q1,20220305,359,0.0,0.0,0.0,35.13,26.18,8.95,37.0,37.0,0.0,0.0,0.0,0.0,164.75,150.5,14.25,739.12,690.12,49.0,0.0,0.0,0.0,0.0,0.0,0.0,
335513,SEAGATE REHABILITATION AND NURSING CENTER,BROOKLYN,NY,Kings,47,2022Q1,20220306,359,0.0,0.0,0.0,44.6,39.32,5.28,57.5,57.5,0.0,0.0,0.0,0.0,163.24,154.24,9.0,704.07,657.76,46.31,0.0,0.0,0.0,0.0,0.0,0.0,
335513,SEAGATE REHABILITATION AND NURSING CENTER,BROOKLYN,NY,Kings,47,2022Q1,20220307,357,7.0,7.0,0.0,62.77,62.77,0.0,42.0,42.0,0.0,0.0,0.0,0.0,158.68,153.68,5.0,776.21,697.0,79.21,0.0,0.0,0.0,0.0,0.0,0.0,
335513,SEAGATE REHABILITATION AND NURSING CENTER,BROOKLYN,NY,Kings,47,2022Q1,20220308,354,7.0,7.0,0.0,51.86,50.13,1.73,57.95,57.95,0.0,0.0,0.0,0.0,142.13,135.41,6.72,788.71,697.01,91.7,0.0,0.0,0.0,0.0,0.0,0.0,
335513,SEAGATE REHABILITATION AND NURSING CENTER,BROOKLYN,NY,Kings,47,2022Q1,20220309,353,7.0,7.0,0.0,63.62,56.5,7.12,49.0,49.0,0.0,0.0,0.0,0.0,142.32,142.32,0.0,789.1,699.13,89.97,0.0,0.0,0.0,0.0,0.0,0.0,
335513,SEAGATE REHABILITATION AND NURSING CENTER,BROOKLYN,NY,Kings,47,2022Q1,20220310,353,7.0,7.0,0.0,57.82,50.27,7.55,47.17,47.17,0.0,0.0,0.0,0.0,175.64,159.64,16.0,777.78,710.21,67.57,0.0,0.0,0.0,0.0,0.0,0.0,
335513,SEAGATE REHABILITATION AND NURSING CENTER,BROOKLYN,NY,Kings,47,2022Q1,20220311,351,1.95,1.95,0.0,45.43,40.0,5.43,35.33,35.33,0.0,0.0,0.0,0.0,180.08,173.08,7.0,747.92,667.3,80.62,0.0,0.0,0.0,0.0,0.0,0.0,
335513,SEAGATE REHABILITATION AND NURSING CENTER,BROOKLYN,NY,Kings,47,2022Q1,20220312,351,5.05,5.05,0.0,26.48,26.48,0.0,38.5,38.5,0.0,0.0,0.0,0.0,139.32,127.32,12.0,753.94,655.04,98.9,0.0,0.0,0.0,0.0,0.0,0.0,
335513,SEAGATE REHABILITATION AND NURSING CENTER,BROOKLYN,NY,Kings,47,2022Q1,20220313,351,0.0,0.0,0.0,37.77,37.77,0.0,57.33,57.33,0.0,0.0,0.0,0.0,130.09,121.26,8.83,710.37,633.74,76.63,0.0,0.0,0.0,0.0,0.0,0.0,
335513,SEAGATE REHABILITATION AND NURSING CENTER,BROOKLYN,NY,Kings,47,2022Q1,20220314,351,0.0,0.0,0.0,59.75,59.75,0.0,49.78,49.78,0.0,0.0,0.0,0.0,151.02,146.02,5.0,780.41,698.38,82.03,0.0,0.0,0.0,0.0,0.0,0.0,
335513,SEAGATE REHABILITATION AND NURSING CENTER,BROOKLYN,NY,Kings,47,2022Q1,20220315,352,0.0,0.0,0.0,56.95,56.95,0.0,48.42,48.42,0.0,0.0,0.0,0.0,149.12,140.32,8.8,788.7,685.93,102.77,0.0,0.0,0.0,0.0,0.0,0.0,
335513,SEAGATE REHABILITATION AND NURSING CENTER,BROOKLYN,NY,Kings,47,2022Q1,20220316,351,7.0,7.0,0.0,63.2,63.2,0.0,44.0,44.0,0.0,0.0,0.0,0.0,177.62,172.62,5.0,778.38,670.33,108.05,0.0,0.0,0.0,0.0,0.0,0.0,
335513,SEAGATE REHABILITATION AND NURSING CENTER,BROOKLYN,NY,Kings,47,2022Q1,20220317,352,7.0,7.0,0.0,51.61,47.98,3.63,47.6,47.6,0.0,0.0,0.0,0.0,163.1,157.1,6.0,810.44,687.31,123.13,0.0,0.0,0.0,0.0,0.0,0.0,
335513,SEAGATE REHABILITATION AND NURSING CENTER,BROOKLYN,NY,Kings,47,2022Q1,20220318,354,14.5,14.5,0.0,59.73,48.98,10.75,36.21,36.21,0.0,0.0,0.0,0.0,140.69,133.27,7.42,800.09,708.72,91.37,0.0,0.0,0.0,0.0,0.0,0.0,
335513,SEAGATE REHABILITATION AND NURSING CENTER,BROOKLYN,NY,Kings,47,2022Q1,20220319,353,0.0,0.0,0.0,32.05,22.97,9.08,38.52,38.52,0.0,0.0,0.0,0.0,140.57,117.87,22.7,746.43,674.68,71.75,0.0,0.0,0.0,0.0,0.0,0.0,
335513,SEAGATE REHABILITATION AND NURSING CENTER,BROOKLYN,NY,Kings,47,2022Q1,20220320,350,0.0,0.0,0.0,42.25,35.35,6.9,57.35,57.35,0.0,0.0,0.0,0.0,155.03,127.5,27.53,697.56,639.14,58.42,0.0,0.0,0.0,0.0,0.0,0.0,
335513,SEAGATE REHABILITATION AND NURSING CENTER,BROOKLYN,NY,Kings,47,2022Q1,20220321,350,7.0,7.0,0.0,61.75,56.62,5.13,42.0,42.0,0.0,0.0,0.0,0.0,145.0,140.0,5.0,781.88,706.36,75.52,0.0,0.0,0.0,0.0,0.0,0.0,
335513,SEAGATE REHABILITATION AND NURSING CENTER,BROOKLYN,NY,Kings,47,2022Q1,20220322,349,7.0,7.0,0.0,60.58,58.58,2.0,47.95,47.95,0.0,0.0,0.0,0.0,163.5,156.88,6.62,759.72,669.35,90.37,0.0,0.0,0.0,0.0,0.0,0.0,
335513,SEAGATE REHABILITATION AND NURSING CENTER,BROOKLYN,NY,Kings,47,2022Q1,20220323,352,7.0,7.0,0.0,61.42,56.42,5.0,37.0,37.0,0.0,0.0,0.0,0.0,162.43,162.43,0.0,786.15,669.22,116.93,0.0,0.0,0.0,0.0,0.0,0.0,
335513,SEAGATE REHABILITATION AND NURSING CENTER,BROOKLYN,NY,Kings,47,2022Q1,20220324,350,7.0,7.0,0.0,42.0,42.0,0.0,34.55,34.55,0.0,0.0,0.0,0.0,179.18,165.38,13.8,783.47,697.02,86.45,0.0,0.0,0.0,0.0,0.0,0.0,
335513,SEAGATE REHABILITATION AND NURSING CENTER,BROOKLYN,NY,Kings,47,2022Q1,20220325,350,7.0,7.0,0.0,47.28,43.5,3.78,43.9,43.9,0.0,0.0,0.0,0.0,155.05,148.05,7.0,776.93,689.85,87.08,0.0,0.0,0.0,0.0,0.0,0.0,
335513,SEAGATE REHABILITATION AND NURSING CENTER,BROOKLYN,NY,Kings,47,2022Q1,20220326,348,0.0,0.0,0.0,20.72,15.0,5.72,31.5,31.5,0.0,0.0,0.0,0.0,143.49,129.69,13.8,755.37,669.57,85.8,0.0,0.0,0.0,0.0,0.0,0.0,
335513,SEAGATE REHABILITATION AND NURSING CENTER,BROOKLYN,NY,Kings,47,2022Q1,20220327,347,0.0,0.0,0.0,22.32,22.32,0.0,37.85,37.85,0.0,0.0,0.0,0.0,132.03,118.41,13.62,768.65,683.88,84.77,0.0,0.0,0.0,0.0,0.0,0.0,
335513,SEAGATE REHABILITATION AND NURSING CENTER,BROOKLYN,NY,Kings,47,2022Q1,20220328,346,7.0,7.0,0.0,38.68,38.68,0.0,42.0,42.0,0.0,0.0,0.0,0.0,157.66,157.66,0.0,773.71,717.18,56.53,0.0,0.0,0.0,0.0,0.0,0.0,
335513,SEAGATE REHABILITATION AND NURSING CENTER,BROOKLYN,NY,Kings,47,2022Q1,20220329,344,7.0,7.0,0.0,44.0,44.0,0.0,49.8,49.8,0.0,0.0,0.0,0.0,156.83,149.06,7.77,785.19,711.22,73.97,0.0,0.0,0.0,0.0,0.0,0.0,
335513,SEAGATE REHABILITATION AND NURSING CENTER,BROOKLYN,NY,Kings,47,2022Q1,20220330,350,7.0,7.0,0.0,56.8,54.8,2.0,48.6,48.6,0.0,0.0,0.0,0.0,171.87,165.37,6.5,785.26,681.59,103.67,0.0,0.0,0.0,0.0,0.0,0.0,
335513,SEAGATE REHABILITATION AND NURSING CENTER,BROOKLYN,NY,Kings,47,2022Q1,20220331,347,0.0,0.0,0.0,53.43,46.43,7.0,36.12,36.12,0.0,0.0,0.0,0.0,146.53,146.53,0.0,771.07,699.68,71.39,0.0,0.0,0.0,0.0,0.0,0.0,
335513,SEAGATE REHABILITATION AND NURSING CENTER,BROOKLYN,NY,Kings,47,2022Q2,20220401,346,9.07,9.07,0.0,64.3,59.3,5.0,33.57,33.57,0.0,0.0,0.0,0.0,149.98,129.4,20.58,768.37,698.79,69.58,0.0,0.0,0.0,0.0,0.0,0.0,
335513,SEAGATE REHABILITATION AND NURSING CENTER,BROOKLYN,NY,Kings,47,2022Q2,20220402,345,0.0,0.0,0.0,14.72,14.72,0.0,31.83,31.83,0.0,0.0,0.0,0.0,159.31,143.73,15.58,755.11,667.83,87.28,0.0,0.0,0.0,0.0,0.0,0.0,
335513,SEAGATE REHABILITATION AND NURSING CENTER,BROOKLYN,NY,Kings,47,2022Q2,20220403,345,0.0,0.0,0.0,39.48,37.7,1.78,43.58,43.58,0.0,0.0,0.0,0.0,156.02,134.5,21.52,739.94,657.72,82.22,0.0,0.0,0.0,0.0,0.0,0.0,
335513,SEAGATE REHABILITATION AND NURSING CENTER,BROOKLYN,NY,Kings,47,2022Q2,20220404,346,7.0,7.0,0.0,81.59,76.37,5.22,48.77,48.77,0.0,0.0,0.0,0.0,146.89,134.89,12.0,777.97,720.67,57.3,0.0,0.0,0.0,0.0,0.0,0.0,
335513,SEAGATE REHABILITATION AND NURSING CENTER,BROOKLYN,NY,Kings,47,2022Q2,20220405,346,7.0,7.0,0.0,56.74,56.74,0.0,48.73,48.73,0.0,0.0,0.0,0.0,190.85,175.97,14.88,771.11,710.79,60.32,0.0,0.0,0.0,0.0,0.0,0.0,
335513,SEAGATE REHABILITATION AND NURSING CENTER,BROOKLYN,NY,Kings,47,2022Q2,20220406,348,7.0,7.0,0.0,57.38,57.38,0.0,43.8,43.8,0.0,0.0,0.0,0.0,170.8,163.8,7.0,764.06,684.09,79.97,0.0,0.0,0.0,0.0,0.0,0.0,
335513,SEAGATE REHABILITATION AND NURSING CENTER,BROOKLYN,NY,Kings,47,2022Q2,20220407,349,7.0,7.0,0.0,65.23,65.23,0.0,34.78,34.78,0.0,0.0,0.0,0.0,156.44,135.44,21.0,755.9,659.23,96.67,0.0,0.0,0.0,0.0,0.0,0.0,
335513,SEAGATE REHABILITATION AND NURSING CENTER,BROOKLYN,NY,Kings,47,2022Q2,20220408,352,7.0,7.0,0.0,63.75,61.75,2.0,41.63,41.63,0.0,0.0,0.0,0.0,155.54,141.54,14.0,745.67,671.51,74.16,0.0,0.0,0.0,0.0,0.0,0.0,
335513,SEAGATE REHABILITATION AND NURSING CENTER,BROOKLYN,NY,Kings,47,2022Q2,20220409,351,0.0,0.0,0.0,29.0,18.5,10.5,32.5,32.5,0.0,0.0,0.0,0.0,121.95,121.95,0.0,749.45,645.27,104.18,0.0,0.0,0.0,0.0,0.0,0.0,
335513,SEAGATE REHABILITATION AND NURSING CENTER,BROOKLYN,NY,Kings,47,2022Q2,20220410,351,0.0,0.0,0.0,40.18,26.68,13.5,40.78,40.78,0.0,0.0,0.0,0.0,150.06,129.23,20.83,766.63,680.63,86.0,0.0,0.0,0.0,0.0,0.0,0.0,
335513,SEAGATE REHABILITATION AND NURSING CENTER,BROOKLYN,NY,Kings,47,2022Q2,20220411,351,8.6,8.6,0.0,51.75,49.75,2.0,41.78,41.78,0.0,0.0,0.0,0.0,154.63,147.63,7.0,778.32,702.77,75.55,0.0,0.0,0.0,0.0,0.0,0.0,
335513,SEAGATE REHABILITATION AND NURSING CENTER,BROOKLYN,NY,Kings,47,2022Q2,20220412,351,5.4,5.4,0.0,48.97,48.97,0.0,42.0,42.0,0.0,0.0,0.0,0.0,160.26,139.26,21.0,733.43,668.76,64.67,0.0,0.0,0.0,0.0,0.0,0.0,
335513,SEAGATE REHABILITATION AND NURSING CENTER,BROOKLYN,NY,Kings,47,2022Q2,20220413,349,7.0,7.0,0.0,28.87,28.87,0.0,41.8,41.8,0.0,0.0,0.0,0.0,172.07,165.07,7.0,760.18,663.58,96.6,0.0,0.0,0.0,0.0,0.0,0.0,
335513,SEAGATE REHABILITATION AND NURSING CENTER,BROOKLYN,NY,Kings,47,2022Q2,20220414,350,7.0,7.0,0.0,56.78,56.78,0.0,34.85,34.85,0.0,0.0,0.0,0.0,114.7,108.02,6.68,769.74,669.66,100.08,0.0,0.0,0.0,0.0,0.0,0.0,
335513,SEAGATE REHABILITATION AND NURSING CENTER,BROOKLYN,NY,Kings,47,2022Q2,20220415,348,7.0,7.0,0.0,30.35,30.35,0.0,36.25,36.25,0.0,0.0,0.0,0.0,156.29,147.82,8.47,745.33,667.34,77.99,0.0,0.0,0.0,0.0,0.0,0.0,
335513,SEAGATE REHABILITATION AND NURSING CENTER,BROOKLYN,NY,Kings,47,2022Q2,20220416,348,0.0,0.0,0.0,19.5,19.5,0.0,29.83,29.83,0.0,0.0,0.0,0.0,149.14,121.42,27.72,728.07,649.98,78.09,0.0,0.0,0.0,0.0,0.0,0.0,
335513,SEAGATE REHABILITATION AND NURSING CENTER,BROOKLYN,NY,Kings,47,2022Q2,20220417,347,0.0,0.0,0.0,41.0,37.0,4.0,29.5,29.5,0.0,0.0,0.0,0.0,91.96,78.33,13.63,687.45,617.65,69.8,0.0,0.0,0.0,0.0,0.0,0.0,
335513,SEAGATE REHABILITATION AND NURSING CENTER,BROOKLYN,NY,Kings,47,2022Q2,20220418,349,1.83,1.83,0.0,53.77,48.27,5.5,35.0,35.0,0.0,0.0,0.0,0.0,167.34,155.34,12.0,752.99,700.88,52.11,0.0,0.0,0.0,0.0,0.0,0.0,
335513,SEAGATE REHABILITATION AND NURSING CENTER,BROOKLYN,NY,Kings,47,2022Q2,20220419,349,5.17,5.17,0.0,37.2,37.2,0.0,28.0,28.0,0.0,0.0,0.0,0.0,175.85,161.85,14.0,748.45,714.68,33.77,0.0,0.0,0.0,0.0,0.0,0.0,
335513,SEAGATE REHABILITATION AND NURSING CENTER,BROOKLYN,NY,Kings,47,2022Q2,20220420,349,7.0,7.0,0.0,47.0,47.0,0.0,41.8,41.8,0.0,0.0,0.0,0.0,162.48,141.81,20.67,789.49,695.92,93.57,0.0,0.0,0.0,0.0,0.0,0.0,
335513,SEAGATE REHABILITATION AND NURSING CENTER,BROOKLYN,NY,Kings,47,2022Q2,20220421,352,7.0,7.0,0.0,43.1,43.1,0.0,44.42,44.42,0.0,0.0,0.0,0.0,177.09,163.54,13.55,802.7,675.03,127.67,0.0,0.0,0.0,0.0,0.0,0.0,
335513,SEAGATE REHABILITATION AND NURSING CENTER,BROOKLYN,NY,Kings,47,2022Q2,20220422,353,7.0,7.0,0.0,53.35,49.35,4.0,34.12,34.12,0.0,0.0,0.0,0.0,182.75,162.15,20.6,790.09,703.88,86.21,0.0,0.0,0.0,0.0,0.0,0.0,
335513,SEAGATE REHABILITATION AND NURSING CENTER,BROOKLYN,NY,Kings,47,2022Q2,20220423,353,0.0,0.0,0.0,38.5,25.0,13.5,36.25,36.25,0.0,0.0,0.0,0.0,162.94,146.64,16.3,768.5,689.66,78.84,0.0,0.0,0.0,0.0,0.0,0.0,
335513,SEAGATE REHABILITATION AND NURSING CENTER,BROOKLYN,NY,Kings,47,2022Q2,20220424,353,0.0,0.0,0.0,49.12,33.5,15.62,39.5,39.5,0.0,0.0,0.0,0.0,146.03,117.93,28.1,745.74,687.46,58.28,0.0,0.0,0.0,0.0,0.0,0.0,
335513,SEAGATE REHABILITATION AND NURSING CENTER,BROOKLYN,NY,Kings,47,2022Q2,20220425,354,7.0,7.0,0.0,61.64,55.26,6.38,53.95,53.95,0.0,0.0,0.0,0.0,154.3,142.43,11.87,763.75,703.61,60.14,0.0,0.0,0.0,0.0,0.0,0.0,
335513,SEAGATE REHABILITATION AND NURSING CENTER,BROOKLYN,NY,Kings,47,2022Q2,20220426,356,8.65,8.65,0.0,55.82,55.82,0.0,41.8,41.8,0.0,0.0,0.0,0.0,184.61,156.21,28.4,780.44,695.96,84.48,0.0,0.0,0.0,0.0,0.0,0.0,
335513,SEAGATE REHABILITATION AND NURSING CENTER,BROOKLYN,NY,Kings,47,2022Q2,20220427,352,5.35,5.35,0.0,55.46,51.46,4.0,56.35,56.35,0.0,0.0,0.0,0.0,162.05,162.05,0.0,780.48,690.93,89.55,0.0,0.0,0.0,0.0,0.0,0.0,
335513,SEAGATE REHABILITATION AND NURSING CENTER,BROOKLYN,NY,Kings,47,2022Q2,20220428,351,7.0,7.0,0.0,81.35,68.85,12.5,61.87,61.87,0.0,0.0,0.0,0.0,133.92,127.15,6.77,790.32,701.98,88.34,0.0,0.0,0.0,0.0,0.0,0.0,
335513,SEAGATE REHABILITATION AND NURSING CENTER,BROOKLYN,NY,Kings,47,2022Q2,20220429,350,7.0,7.0,0.0,41.11,41.11,0.0,33.33,33.33,0.0,0.0,0.0,0.0,168.68,154.86,13.82,771.46,702.16,69.3,0.0,0.0,0.0,0.0,0.0,0.0,
335513,SEAGATE REHABILITATION AND NURSING CENTER,BROOKLYN,NY,Kings,47,2022Q2,20220430,349,0.0,0.0,0.0,12.62,12.62,0.0,45.0,45.0,0.0,0.0,0.0,0.0,146.65,124.15,22.5,753.38,660.3,93.08,0.0,0.0,0.0,0.0,0.0,0.0,
335513,SEAGATE REHABILITATION AND NURSING CENTER,BROOKLYN,NY,Kings,47,2022Q2,20220501,348,0.0,0.0,0.0,29.78,28.18,1.6,48.85,48.85,0.0,0.0,0.0,0.0,155.67,134.32,21.35,767.39,673.66,93.73,0.0,0.0,0.0,0.0,0.0,0.0,
335513,SEAGATE REHABILITATION AND NURSING CENTER,BROOKLYN,NY,Kings,47,2022Q2,20220502,349,0.0,0.0,0.0,73.65,68.25,5.4,49.2,49.2,0.0,0.0,0.0,0.0,155.23,143.68,11.55,779.33,697.98,81.35,0.0,0.0,0.0,0.0,0.0,0.0,
335513,SEAGATE REHABILITATION AND NURSING CENTER,BROOKLYN,NY,Kings,47,2022Q2,20220503,350,7.0,7.0,0.0,69.79,69.79,0.0,56.0,56.0,0.0,0.0,0.0,0.0,181.73,174.73,7.0,755.71,656.76,98.95,0.0,0.0,0.0,0.0,0.0,0.0,
335513,SEAGATE REHABILITATION AND NURSING CENTER,BROOKLYN,NY,Kings,47,2022Q2,20220504,352,8.0,8.0,0.0,53.31,53.31,0.0,55.82,55.82,0.0,0.0,0.0,0.0,167.97,158.72,9.25,758.8,679.74,79.06,0.0,0.0,0.0,0.0,0.0,0.0,
335513,SEAGATE REHABILITATION AND NURSING CENTER,BROOKLYN,NY,Kings,47,2022Q2,20220505,353,7.0,7.0,0.0,72.37,72.37,0.0,48.8,48.8,0.0,0.0,0.0,0.0,170.32,162.17,8.15,768.2,665.75,102.45,0.0,0.0,0.0,0.0,0.0,0.0,
335513,SEAGATE REHABILITATION AND NURSING CENTER,BROOKLYN,NY,Kings,47,2022Q2,20220506,354,7.0,7.0,0.0,56.33,54.33,2.0,48.17,48.17,0.0,0.0,0.0,0.0,148.68,127.01,21.67,763.69,671.54,92.15,0.0,0.0,0.0,0.0,0.0,0.0,
335513,SEAGATE REHABILITATION AND NURSING CENTER,BROOKLYN,NY,Kings,47,2022Q2,20220507,354,0.0,0.0,0.0,26.48,17.5,8.98,29.92,29.92,0.0,0.0,0.0,0.0,158.7,138.95,19.75,712.36,618.09,94.27,0.0,0.0,0.0,0.0,0.0,0.0,
335513,SEAGATE REHABILITATION AND NURSING CENTER,BROOKLYN,NY,Kings,47,2022Q2,20220508,354,0.0,0.0,0.0,37.19,31.17,6.02,38.62,38.62,0.0,0.0,0.0,0.0,126.8,100.02,26.78,684.74,608.89,75.85,0.0,0.0,0.0,0.0,0.0,0.0,
335513,SEAGATE REHABILITATION AND NURSING CENTER,BROOKLYN,NY,Kings,47,2022Q2,20220509,352,7.0,7.0,0.0,69.95,69.95,0.0,42.0,42.0,0.0,0.0,0.0,0.0,159.2,152.2,7.0,741.0,634.57,106.43,0.0,0.0,0.0,0.0,0.0,0.0,
335513,SEAGATE REHABILITATION AND NURSING CENTER,BROOKLYN,NY,Kings,47,2022Q2,20220510,349,7.0,7.0,0.0,49.55,49.55,0.0,53.1,53.1,0.0,0.0,0.0,0.0,175.38,159.38,16.0,733.2,627.65,105.55,0.0,0.0,0.0,0.0,0.0,0.0,
335513,SEAGATE REHABILITATION AND NURSING CENTER,BROOKLYN,NY,Kings,47,2022Q2,20220511,351,7.0,7.0,0.0,54.2,50.2,4.0,30.0,30.0,0.0,0.0,0.0,0.0,174.07,167.07,7.0,763.3,651.32,111.98,0.0,0.0,0.0,0.0,0.0,0.0,
335513,SEAGATE REHABILITATION AND NURSING CENTER,BROOKLYN,NY,Kings,47,2022Q2,20220512,349,7.0,7.0,0.0,74.0,64.5,9.5,35.0,35.0,0.0,0.0,0.0,0.0,159.27,147.5,11.77,770.99,651.98,119.01,0.0,0.0,0.0,0.0,0.0,0.0,
335513,SEAGATE REHABILITATION AND NURSING CENTER,BROOKLYN,NY,Kings,47,2022Q2,20220513,347,7.0,7.0,0.0,62.04,60.07,1.97,26.47,26.47,0.0,0.0,0.0,0.0,169.26,147.33,21.93,712.88,612.69,100.19,0.0,0.0,0.0,0.0,0.0,0.0,
335513,SEAGATE REHABILITATION AND NURSING CENTER,BROOKLYN,NY,Kings,47,2022Q2,20220514,345,0.0,0.0,0.0,17.28,17.25,0.03,24.78,24.78,0.0,0.0,0.0,0.0,188.77,155.62,33.15,736.78,640.03,96.75,0.0,0.0,0.0,0.0,0.0,0.0,
335513,SEAGATE REHABILITATION AND NURSING CENTER,BROOKLYN,NY,Kings,47,2022Q2,20220515,343,0.0,0.0,0.0,23.33,22.0,1.33,35.8,35.8,0.0,0.0,0.0,0.0,176.1,155.47,20.63,710.74,645.41,65.33,0.0,0.0,0.0,0.0,0.0,0.0,
335513,SEAGATE REHABILITATION AND NURSING CENTER,BROOKLYN,NY,Kings,47,2022Q2,20220516,343,0.0,0.0,0.0,65.93,60.26,5.67,28.0,28.0,0.0,0.0,0.0,0.0,165.68,153.68,12.0,772.28,662.36,109.92,0.0,0.0,0.0,0.0,0.0,0.0,
335513,SEAGATE REHABILITATION AND NURSING CENTER,BROOKLYN,NY,Kings,47,2022Q2,20220517,342,7.0,7.0,0.0,55.83,55.83,0.0,47.35,47.35,0.0,0.0,0.0,0.0,168.02,152.52,15.5,763.34,672.03,91.31,0.0,0.0,0.0,0.0,0.0,0.0,
335513,SEAGATE REHABILITATION AND NURSING CENTER,BROOKLYN,NY,Kings,47,2022Q2,20220518,345,7.0,7.0,0.0,49.67,49.67,0.0,34.68,34.68,0.0,0.0,0.0,0.0,166.89,146.45,20.44,778.9,689.17,89.73,0.0,0.0,0.0,0.0,0.0,0.0,
335513,SEAGATE REHABILITATION AND NURSING CENTER,BROOKLYN,NY,Kings,47,2022Q2,20220519,350,7.0,7.0,0.0,58.91,58.91,0.0,42.08,42.08,0.0,0.0,0.0,0.0,167.39,154.61,12.78,767.04,676.03,91.01,0.0,0.0,0.0,0.0,0.0,0.0,
335513,SEAGATE REHABILITATION AND NURSING CENTER,BROOKLYN,NY,Kings,47,2022Q2,20220520,353,7.0,7.0,0.0,56.63,52.63,4.0,48.2,34.7,13.5,0.0,0.0,0.0,167.87,155.49,12.38,769.84,682.17,87.67,0.0,0.0,0.0,0.0,0.0,0.0,
335513,SEAGATE REHABILITATION AND NURSING CENTER,BROOKLYN,NY,Kings,47,2022Q2,20220521,352,0.0,0.0,0.0,42.77,29.5,13.27,39.92,39.92,0.0,0.0,0.0,0.0,114.35,112.85,1.5,737.02,651.29,85.73,0.0,0.0,0.0,0.0,0.0,0.0,
335513,SEAGATE REHABILITATION AND NURSING CENTER,BROOKLYN,NY,Kings,47,2022Q2,20220522,352,0.0,0.0,0.0,27.03,20.8,6.23,51.87,51.87,0.0,0.0,0.0,0.0,116.11,110.61,5.5,747.7,684.6,63.1,0.0,0.0,0.0,0.0,0.0,0.0,
335513,SEAGATE REHABILITATION AND NURSING CENTER,BROOKLYN,NY,Kings,47,2022Q2,20220523,356,9.02,9.02,0.0,63.97,63.97,0.0,55.88,55.88,0.0,0.0,0.0,0.0,163.97,149.92,14.05,745.15,669.45,75.7,0.0,0.0,0.0,0.0,0.0,0.0,
335513,SEAGATE REHABILITATION AND NURSING CENTER,BROOKLYN,NY,Kings,47,2022Q2,20220524,357,4.98,4.98,0.0,52.47,52.47,0.0,60.58,60.58,0.0,0.0,0.0,0.0,166.3,152.4,13.9,776.71,670.88,105.83,0.0,0.0,0.0,0.0,0.0,0.0,
335513,SEAGATE REHABILITATION AND NURSING CENTER,BROOKLYN,NY,Kings,47,2022Q2,20220525,359,7.0,7.0,0.0,61.67,57.67,4.0,50.75,50.75,0.0,0.0,0.0,0.0,157.97,148.75,9.22,765.25,668.07,97.18,0.0,0.0,0.0,0.0,0.0,0.0,
335513,SEAGATE REHABILITATION AND NURSING CENTER,BROOKLYN,NY,Kings,47,2022Q2,20220526,359,7.0,7.0,0.0,66.15,56.65,9.5,49.8,42.8,7.0,0.0,0.0,0.0,150.07,126.25,23.82,758.76,670.68,88.08,0.0,0.0,0.0,0.0,0.0,0.0,
335513,SEAGATE REHABILITATION AND NURSING CENTER,BROOKLYN,NY,Kings,47,2022Q2,20220527,357,7.0,7.0,0.0,54.23,54.23,0.0,55.37,48.37,7.0,0.0,0.0,0.0,166.64,151.26,15.38,723.67,630.2,93.47,0.0,0.0,0.0,0.0,0.0,0.0,
335513,SEAGATE REHABILITATION AND NURSING CENTER,BROOKLYN,NY,Kings,47,2022Q2,20220528,357,0.0,0.0,0.0,14.97,14.97,0.0,59.38,45.38,14.0,0.0,0.0,0.0,162.96,140.47,22.49,738.87,654.7,84.17,0.0,0.0,0.0,0.0,0.0,0.0,
335513,SEAGATE REHABILITATION AND NURSING CENTER,BROOKLYN,NY,Kings,47,2022Q2,20220529,355,0.0,0.0,0.0,29.8,27.82,1.98,64.93,50.93,14.0,0.0,0.0,0.0,159.45,119.45,40.0,745.28,626.74,118.54,0.0,0.0,0.0,0.0,0.0,0.0,
335513,SEAGATE REHABILITATION AND NURSING CENTER,BROOKLYN,NY,Kings,47,2022Q2,20220530,354,0.0,0.0,0.0,33.91,28.89,5.02,42.35,42.35,0.0,0.0,0.0,0.0,138.83,127.2,11.63,732.03,649.03,83.0,0.0,0.0,0.0,0.0,0.0,0.0,
335513,SEAGATE REHABILITATION AND NURSING CENTER,BROOKLYN,NY,Kings,47,2022Q2,20220531,355,7.0,7.0,0.0,55.62,55.62,0.0,50.75,49.75,1.0,0.0,0.0,0.0,166.24,164.52,1.72,766.86,670.49,96.37,0.0,0.0,0.0,0.0,0.0,0.0,
335513,SEAGATE REHABILITATION AND NURSING CENTER,BROOKLYN,NY,Kings,47,2022Q2,20220601,354,7.0,7.0,0.0,51.83,51.83,0.0,53.73,46.73,7.0,0.0,0.0,0.0,148.15,134.28,13.87,763.08,656.98,106.1,0.0,0.0,0.0,0.0,0.0,0.0,
335513,SEAGATE REHABILITATION AND NURSING CENTER,BROOKLYN,NY,Kings,47,2022Q2,20220602,356,7.0,7.0,0.0,60.75,60.75,0.0,65.23,51.23,14.0,0.0,0.0,0.0,162.06,155.01,7.05,769.09,656.03,113.06,0.0,0.0,0.0,0.0,0.0,0.0,
335513,SEAGATE REHABILITATION AND NURSING CENTER,BROOKLYN,NY,Kings,47,2022Q2,20220603,356,7.0,7.0,0.0,51.8,47.8,4.0,62.35,48.35,14.0,0.0,0.0,0.0,170.42,151.67,18.75,762.81,651.32,111.49,0.0,0.0,0.0,0.0,0.0,0.0,
335513,SEAGATE REHABILITATION AND NURSING CENTER,BROOKLYN,NY,Kings,47,2022Q2,20220604,355,0.0,0.0,0.0,24.5,13.0,11.5,43.68,43.68,0.0,0.0,0.0,0.0,154.96,139.56,15.4,720.53,643.11,77.42,0.0,0.0,0.0,0.0,0.0,0.0,
335513,SEAGATE REHABILITATION AND NURSING CENTER,BROOKLYN,NY,Kings,47,2022Q2,20220605,356,0.0,0.0,0.0,39.77,34.77,5.0,36.33,36.33,0.0,0.0,0.0,0.0,146.79,126.21,20.58,746.88,673.86,73.02,0.0,0.0,0.0,0.0,0.0,0.0,
335513,SEAGATE REHABILITATION AND NURSING CENTER,BROOKLYN,NY,Kings,47,2022Q2,20220606,354,0.0,0.0,0.0,60.2,60.2,0.0,62.73,48.73,14.0,0.0,0.0,0.0,153.64,138.79,14.85,749.76,659.67,90.09,0.0,0.0,0.0,0.0,0.0,0.0,
335513,SEAGATE REHABILITATION AND NURSING CENTER,BROOKLYN,NY,Kings,47,2022Q2,20220607,354,7.0,7.0,0.0,48.57,48.57,0.0,62.82,48.82,14.0,0.0,0.0,0.0,144.15,138.08,6.07,803.56,678.28,125.28,0.0,0.0,0.0,0.0,0.0,0.0,
335513,SEAGATE REHABILITATION AND NURSING CENTER,BROOKLYN,NY,Kings,47,2022Q2,20220608,355,7.0,7.0,0.0,58.53,56.61,1.92,58.85,51.85,7.0,0.0,0.0,0.0,171.01,154.54,16.47,761.08,673.83,87.25,0.0,0.0,0.0,0.0,0.0,0.0,
335513,SEAGATE REHABILITATION AND NURSING CENTER,BROOKLYN,NY,Kings,47,2022Q2,20220609,355,7.0,7.0,0.0,67.77,62.69,5.08,49.61,42.61,7.0,0.0,0.0,0.0,144.84,119.97,24.87,755.1,656.94,98.16,0.0,0.0,0.0,0.0,0.0,0.0,
335513,SEAGATE REHABILITATION AND NURSING CENTER,BROOKLYN,NY,Kings,47,2022Q2,20220610,356,7.0,7.0,0.0,53.38,53.38,0.0,63.46,54.46,9.0,0.0,0.0,0.0,131.08,123.31,7.77,741.67,659.32,82.35,0.0,0.0,0.0,0.0,0.0,0.0,
335513,SEAGATE REHABILITATION AND NURSING CENTER,BROOKLYN,NY,Kings,47,2022Q2,20220611,355,0.0,0.0,0.0,5.32,5.32,0.0,57.33,52.33,5.0,0.0,0.0,0.0,167.07,142.0,25.07,728.23,632.9,95.33,0.0,0.0,0.0,0.0,0.0,0.0,
335513,SEAGATE REHABILITATION AND NURSING CENTER,BROOKLYN,NY,Kings,47,2022Q2,20220612,354,7.0,7.0,0.0,30.58,28.81,1.77,64.4,57.53,6.87,0.0,0.0,0.0,133.43,101.68,31.75,707.81,617.3,90.51,0.0,0.0,0.0,0.0,0.0,0.0,
335513,SEAGATE REHABILITATION AND NURSING CENTER,BROOKLYN,NY,Kings,47,2022Q2,20220613,355,0.0,0.0,0.0,81.98,76.75,5.23,56.27,49.27,7.0,0.0,0.0,0.0,140.39,125.63,14.76,716.98,650.24,66.74,0.0,0.0,0.0,0.0,0.0,0.0,
335513,SEAGATE REHABILITATION AND NURSING CENTER,BROOKLYN,NY,Kings,47,2022Q2,20220614,356,7.0,7.0,0.0,62.25,62.25,0.0,54.13,40.13,14.0,0.0,0.0,0.0,152.15,147.15,5.0,750.86,676.03,74.83,0.0,0.0,0.0,0.0,0.0,0.0,
335513,SEAGATE REHABILITATION AND NURSING CENTER,BROOKLYN,NY,Kings,47,2022Q2,20220615,353,7.0,7.0,0.0,61.9,61.9,0.0,39.0,30.0,9.0,0.0,0.0,0.0,162.82,138.8,24.02,761.68,656.3,105.38,0.0,0.0,0.0,0.0,0.0,0.0,
335513,SEAGATE REHABILITATION AND NURSING CENTER,BROOKLYN,NY,Kings,47,2022Q2,20220616,351,1.88,1.88,0.0,41.95,41.95,0.0,65.13,50.13,15.0,0.0,0.0,0.0,158.6,145.66,12.94,746.07,641.68,104.39,0.0,0.0,0.0,0.0,0.0,0.0,
335513,SEAGATE REHABILITATION AND NURSING CENTER,BROOKLYN,NY,Kings,47,2022Q2,20220617,351,12.12,12.12,0.0,23.0,21.0,2.0,48.12,33.12,15.0,0.0,0.0,0.0,179.47,152.99,26.48,738.55,659.42,79.13,0.0,0.0,0.0,0.0,0.0,0.0,
335513,SEAGATE REHABILITATION AND NURSING CENTER,BROOKLYN,NY,Kings,47,2022Q2,20220618,351,0.0,0.0,0.0,35.35,22.87,12.48,29.27,23.27,6.0,0.0,0.0,0.0,149.41,121.48,27.93,739.16,652.95,86.21,0.0,0.0,0.0,0.0,0.0,0.0,
335513,SEAGATE REHABILITATION AND NURSING CENTER,BROOKLYN,NY,Kings,47,2022Q2,20220619,350,0.0,0.0,0.0,49.74,35.27,14.47,36.28,36.28,0.0,0.0,0.0,0.0,128.04,107.21,20.83,690.68,631.21,59.47,0.0,0.0,0.0,0.0,0.0,0.0,
335513,SEAGATE REHABILITATION AND NURSING CENTER,BROOKLYN,NY,Kings,47,2022Q2,20220620,350,7.0,7.0,0.0,53.2,48.15,5.05,64.87,48.87,16.0,0.0,0.0,0.0,156.15,139.42,16.73,755.04,669.73,85.31,0.0,0.0,0.0,0.0,0.0,0.0,
335513,SEAGATE REHABILITATION AND NURSING CENTER,BROOKLYN,NY,Kings,47,2022Q2,20220621,347,7.0,7.0,0.0,56.65,56.65,0.0,77.25,55.25,22.0,0.0,0.0,0.0,165.25,151.47,13.78,725.86,647.16,78.7,0.0,0.0,0.0,0.0,0.0,0.0,
335513,SEAGATE REHABILITATION AND NURSING CENTER,BROOKLYN,NY,Kings,47,2022Q2,20220622,347,7.0,7.0,0.0,63.87,61.95,1.92,58.0,44.0,14.0,0.0,0.0,0.0,167.17,158.92,8.25,764.54,678.91,85.63,0.0,0.0,0.0,0.0,0.0,0.0,
335513,SEAGATE REHABILITATION AND NURSING CENTER,BROOKLYN,NY,Kings,47,2022Q2,20220623,344,7.0,7.0,0.0,39.6,34.52,5.08,70.85,56.85,14.0,0.0,0.0,0.0,133.33,127.91,5.42,740.26,655.16,85.1,0.0,0.0,0.0,0.0,0.0,0.0,
335513,SEAGATE REHABILITATION AND NURSING CENTER,BROOKLYN,NY,Kings,47,2022Q2,20220624,345,0.0,0.0,0.0,49.53,47.53,2.0,55.3,48.3,7.0,0.0,0.0,0.0,163.6,136.58,27.02,729.84,633.16,96.68,0.0,0.0,0.0,0.0,0.0,0.0,
335513,SEAGATE REHABILITATION AND NURSING CENTER,BROOKLYN,NY,Kings,47,2022Q2,20220625,343,0.0,0.0,0.0,24.5,17.5,7.0,48.48,43.48,5.0,0.0,0.0,0.0,177.95,128.87,49.08,709.06,623.39,85.67,0.0,0.0,0.0,0.0,0.0,0.0,
335513,SEAGATE REHABILITATION AND NURSING CENTER,BROOKLYN,NY,Kings,47,2022Q2,20220626,342,0.0,0.0,0.0,32.0,27.0,5.0,57.83,57.83,0.0,0.0,0.0,0.0,147.38,115.25,32.13,688.32,599.04,89.28,0.0,0.0,0.0,0.0,0.0,0.0,
335513,SEAGATE REHABILITATION AND NURSING CENTER,BROOKLYN,NY,Kings,47,2022Q2,20220627,344,0.0,0.0,0.0,62.28,62.28,0.0,35.15,33.15,2.0,0.0,0.0,0.0,151.56,149.94,1.62,747.59,660.04,87.55,0.0,0.0,0.0,0.0,0.0,0.0,
335513,SEAGATE REHABILITATION AND NURSING CENTER,BROOKLYN,NY,Kings,47,2022Q2,20220628,348,0.0,0.0,0.0,57.24,55.42,1.82,55.8,41.8,14.0,0.0,0.0,0.0,165.48,152.75,12.73,782.51,676.01,106.5,0.0,0.0,0.0,0.0,0.0,0.0,
335513,SEAGATE REHABILITATION AND NURSING CENTER,BROOKLYN,NY,Kings,47,2022Q2,20220629,350,0.0,0.0,0.0,62.04,56.86,5.18,49.73,34.73,15.0,0.0,0.0,0.0,133.2,118.7,14.5,801.83,686.88,114.95,0.0,0.0,0.0,0.0,0.0,0.0,
335513,SEAGATE REHABILITATION AND NURSING CENTER,BROOKLYN,NY,Kings,47,2022Q2,20220630,348,0.0,0.0,0.0,67.05,67.05,0.0,57.0,42.0,15.0,0.0,0.0,0.0,163.09,150.34,12.75,786.94,652.89,134.05,0.0,0.0,0.0,0.0,0.0,0.0,
335513,SEAGATE REHABILITATION AND NURSING CENTER,BROOKLYN,NY,Kings,47,2022Q3,20220701,347,0.0,0.0,0.0,46.0,42.0,4.0,48.0,42.0,6.0,0.0,0.0,0.0,159.03,144.85,14.18,771.6,688.02,83.58,0.0,0.0,0.0,0.0,0.0,0.0,
335513,SEAGATE REHABILITATION AND NURSING CENTER,BROOKLYN,NY,Kings,47,2022Q3,20220702,344,0.0,0.0,0.0,26.02,14.57,11.45,37.43,37.43,0.0,0.0,0.0,0.0,152.97,116.2,36.77,740.85,698.85,42.0,0.0,0.0,0.0,0.0,0.0,0.0,
335513,SEAGATE REHABILITATION AND NURSING CENTER,BROOKLYN,NY,Kings,47,2022Q3,20220703,343,0.0,0.0,0.0,40.25,35.2,5.05,54.9,54.9,0.0,0.0,0.0,0.0,134.03,103.23,30.8,695.04,624.01,71.03,0.0,0.0,0.0,0.0,0.0,0.0,
335513,SEAGATE REHABILITATION AND NURSING CENTER,BROOKLYN,NY,Kings,47,2022Q3,20220704,342,0.0,0.0,0.0,32.08,21.23,10.85,35.06,35.06,0.0,0.0,0.0,0.0,142.73,137.73,5.0,709.15,655.58,53.57,0.0,0.0,0.0,0.0,0.0,0.0,
335513,SEAGATE REHABILITATION AND NURSING CENTER,BROOKLYN,NY,Kings,47,2022Q3,20220705,339,7.0,7.0,0.0,90.2,70.05,20.15,46.85,46.85,0.0,0.0,0.0,0.0,152.13,144.28,7.85,759.35,699.6,59.75,0.0,0.0,0.0,0.0,0.0,0.0,
335513,SEAGATE REHABILITATION AND NURSING CENTER,BROOKLYN,NY,Kings,47,2022Q3,20220706,342,13.5,13.5,0.0,78.37,63.37,15.0,30.0,30.0,0.0,0.0,0.0,0.0,166.46,152.04,14.42,762.83,676.48,86.35,0.0,0.0,0.0,0.0,0.0,0.0,
335513,SEAGATE REHABILITATION AND NURSING CENTER,BROOKLYN,NY,Kings,47,2022Q3,20220707,341,0.0,0.0,0.0,92.05,75.85,16.2,34.75,34.75,0.0,0.0,0.0,0.0,146.65,120.82,25.83,763.21,664.91,98.3,0.0,0.0,0.0,0.0,0.0,0.0,
335513,SEAGATE REHABILITATION AND NURSING CENTER,BROOKLYN,NY,Kings,47,2022Q3,20220708,340,7.0,7.0,0.0,68.37,54.57,13.8,54.97,54.97,0.0,0.0,0.0,0.0,147.67,128.67,19.0,757.16,678.15,79.01,0.0,0.0,0.0,0.0,0.0,0.0,
335513,SEAGATE REHABILITATION AND NURSING CENTER,BROOKLYN,NY,Kings,47,2022Q3,20220709,338,7.0,7.0,0.0,40.5,26.0,14.5,31.07,31.07,0.0,0.0,0.0,0.0,131.81,115.81,16.0,688.63,637.8,50.83,0.0,0.0,0.0,0.0,0.0,0.0,
335513,SEAGATE REHABILITATION AND NURSING CENTER,BROOKLYN,NY,Kings,47,2022Q3,20220710,337,0.0,0.0,0.0,41.0,36.0,5.0,48.53,48.53,0.0,0.0,0.0,0.0,143.33,123.48,19.85,644.17,568.27,75.9,0.0,0.0,0.0,0.0,0.0,0.0,
335513,SEAGATE REHABILITATION AND NURSING CENTER,BROOKLYN,NY,Kings,47,2022Q3,20220711,342,7.0,7.0,0.0,78.58,76.58,2.0,34.35,34.35,0.0,0.0,0.0,0.0,137.94,132.44,5.5,761.12,676.09,85.03,0.0,0.0,0.0,0.0,0.0,0.0,
335513,SEAGATE REHABILITATION AND NURSING CENTER,BROOKLYN,NY,Kings,47,2022Q3,20220712,344,7.0,7.0,0.0,81.1,67.1,14.0,48.2,48.2,0.0,0.0,0.0,0.0,144.09,122.57,21.52,770.09,643.65,126.44,0.0,0.0,0.0,0.0,0.0,0.0,
335513,SEAGATE REHABILITATION AND NURSING CENTER,BROOKLYN,NY,Kings,47,2022Q3,20220713,345,7.0,7.0,0.0,73.57,58.57,15.0,9.0,9.0,0.0,0.0,0.0,0.0,149.86,144.86,5.0,777.25,691.89,85.36,0.0,0.0,0.0,0.0,0.0,0.0,
335513,SEAGATE REHABILITATION AND NURSING CENTER,BROOKLYN,NY,Kings,47,2022Q3,20220714,346,7.0,7.0,0.0,77.08,62.08,15.0,34.7,34.7,0.0,0.0,0.0,0.0,190.23,164.91,25.32,695.78,610.13,85.65,0.0,0.0,0.0,0.0,0.0,0.0,
335513,SEAGATE REHABILITATION AND NURSING CENTER,BROOKLYN,NY,Kings,47,2022Q3,20220715,346,7.0,7.0,0.0,47.58,41.58,6.0,40.17,40.17,0.0,0.0,0.0,0.0,179.75,154.75,25.0,670.57,589.3,81.27,0.0,0.0,0.0,0.0,0.0,0.0,
335513,SEAGATE REHABILITATION AND NURSING CENTER,BROOKLYN,NY,Kings,47,2022Q3,20220716,346,0.0,0.0,0.0,13.5,13.5,0.0,30.0,30.0,0.0,0.0,0.0,0.0,175.43,140.08,35.35,663.37,576.14,87.23,0.0,0.0,0.0,0.0,0.0,0.0,
335513,SEAGATE REHABILITATION AND NURSING CENTER,BROOKLYN,NY,Kings,47,2022Q3,20220717,345,0.0,0.0,0.0,15.13,13.0,2.13,34.97,34.97,0.0,0.0,0.0,0.0,121.3,102.57,18.73,679.04,591.18,87.86,0.0,0.0,0.0,0.0,0.0,0.0,
335513,SEAGATE REHABILITATION AND NURSING CENTER,BROOKLYN,NY,Kings,47,2022Q3,20220718,345,7.0,7.0,0.0,66.45,59.58,6.87,48.78,48.78,0.0,0.0,0.0,0.0,144.03,144.03,0.0,704.04,639.26,64.78,0.0,0.0,0.0,0.0,0.0,0.0,
335513,SEAGATE REHABILITATION AND NURSING CENTER,BROOKLYN,NY,Kings,47,2022Q3,20220719,344,7.0,7.0,0.0,73.07,59.07,14.0,40.06,40.06,0.0,0.0,0.0,0.0,185.46,171.84,13.62,766.34,656.15,110.19,0.0,0.0,0.0,0.0,0.0,0.0,
335513,SEAGATE REHABILITATION AND NURSING CENTER,BROOKLYN,NY,Kings,47,2022Q3,20220720,346,7.0,7.0,0.0,84.92,70.92,14.0,37.0,37.0,0.0,0.0,0.0,0.0,153.29,147.69,5.6,762.21,669.68,92.53,0.0,0.0,0.0,0.0,0.0,0.0,
335513,SEAGATE REHABILITATION AND NURSING CENTER,BROOKLYN,NY,Kings,47,2022Q3,20220721,349,7.0,7.0,0.0,71.97,56.97,15.0,34.3,34.3,0.0,0.0,0.0,0.0,168.96,157.22,11.74,752.5,667.55,84.95,0.0,0.0,0.0,0.0,0.0,0.0,
335513,SEAGATE REHABILITATION AND NURSING CENTER,BROOKLYN,NY,Kings,47,2022Q3,20220722,353,7.0,7.0,0.0,70.42,62.42,8.0,26.3,26.3,0.0,0.0,0.0,0.0,160.88,140.21,20.67,700.26,606.13,94.13,0.0,0.0,0.0,0.0,0.0,0.0,
335513,SEAGATE REHABILITATION AND NURSING CENTER,BROOKLYN,NY,Kings,47,2022Q3,20220723,352,0.0,0.0,0.0,16.0,11.0,5.0,52.19,52.19,0.0,0.0,0.0,0.0,160.24,134.41,25.83,694.35,589.62,104.73,0.0,0.0,0.0,0.0,0.0,0.0,
335513,SEAGATE REHABILITATION AND NURSING CENTER,BROOKLYN,NY,Kings,47,2022Q3,20220724,349,0.0,0.0,0.0,28.5,28.5,0.0,53.0,53.0,0.0,0.0,0.0,0.0,153.72,132.22,21.5,672.13,562.76,109.37,0.0,0.0,0.0,0.0,0.0,0.0,
335513,SEAGATE REHABILITATION AND NURSING CENTER,BROOKLYN,NY,Kings,47,2022Q3,20220725,353,7.0,7.0,0.0,54.9,52.9,2.0,21.0,21.0,0.0,0.0,0.0,0.0,181.75,167.83,13.92,738.31,671.74,66.57,0.0,0.0,0.0,0.0,0.0,0.0,
335513,SEAGATE REHABILITATION AND NURSING CENTER,BROOKLYN,NY,Kings,47,2022Q3,20220726,355,7.0,7.0,0.0,58.1,44.1,14.0,33.0,33.0,0.0,0.0,0.0,0.0,141.54,141.21,0.33,718.65,633.44,85.21,0.0,0.0,0.0,0.0,0.0,0.0,
335513,SEAGATE REHABILITATION AND NURSING CENTER,BROOKLYN,NY,Kings,47,2022Q3,20220727,356,7.0,7.0,0.0,77.83,62.83,15.0,30.0,30.0,0.0,0.0,0.0,0.0,164.77,136.65,28.12,747.97,677.08,70.89,0.0,0.0,0.0,0.0,0.0,0.0,
335513,SEAGATE REHABILITATION AND NURSING CENTER,BROOKLYN,NY,Kings,47,2022Q3,20220728,356,7.0,7.0,0.0,78.0,63.0,15.0,35.0,35.0,0.0,0.0,0.0,0.0,182.32,156.75,25.57,725.69,638.14,87.55,0.0,0.0,0.0,0.0,0.0,0.0,
335513,SEAGATE REHABILITATION AND NURSING CENTER,BROOKLYN,NY,Kings,47,2022Q3,20220729,358,7.0,7.0,0.0,53.0,47.0,6.0,37.5,37.5,0.0,0.0,0.0,0.0,162.58,155.08,7.5,754.19,679.62,74.57,0.0,0.0,0.0,0.0,0.0,0.0,
335513,SEAGATE REHABILITATION AND NURSING CENTER,BROOKLYN,NY,Kings,47,2022Q3,20220730,357,0.0,0.0,0.0,41.98,38.0,3.98,24.92,24.92,0.0,0.0,0.0,0.0,145.3,130.58,14.72,705.02,649.23,55.79,0.0,0.0,0.0,0.0,0.0,0.0,
335513,SEAGATE REHABILITATION AND NURSING CENTER,BROOKLYN,NY,Kings,47,2022Q3,20220731,356,0.0,0.0,0.0,48.52,36.0,12.52,40.25,40.25,0.0,0.0,0.0,0.0,141.23,119.67,21.56,689.43,621.13,68.3,0.0,0.0,0.0,0.0,0.0,0.0,
335513,SEAGATE REHABILITATION AND NURSING CENTER,BROOKLYN,NY,Kings,47,2022Q3,20220801,355,7.0,7.0,0.0,80.02,73.0,7.02,27.83,27.83,0.0,0.0,0.0,0.0,162.39,154.74,7.65,729.43,656.11,73.32,0.0,0.0,0.0,0.0,0.0,0.0,
335513,SEAGATE REHABILITATION AND NURSING CENTER,BROOKLYN,NY,Kings,47,2022Q3,20220802,353,0.0,0.0,0.0,79.6,63.0,16.6,48.83,48.83,0.0,0.0,0.0,0.0,196.24,188.64,7.6,741.8,654.73,87.07,0.0,0.0,0.0,0.0,0.0,0.0,
335513,SEAGATE REHABILITATION AND NURSING CENTER,BROOKLYN,NY,Kings,47,2022Q3,20220803,355,7.0,7.0,0.0,93.79,66.07,27.72,34.75,34.75,0.0,0.0,0.0,0.0,180.48,162.05,18.43,776.09,685.8,90.29,0.0,0.0,0.0,0.0,0.0,0.0,
335513,SEAGATE REHABILITATION AND NURSING CENTER,BROOKLYN,NY,Kings,47,2022Q3,20220804,355,7.0,7.0,0.0,98.22,85.42,12.8,41.63,41.63,0.0,0.0,0.0,0.0,159.14,159.14,0.0,763.71,687.96,75.75,0.0,0.0,0.0,0.0,0.0,0.0,
335513,SEAGATE REHABILITATION AND NURSING CENTER,BROOKLYN,NY,Kings,47,2022Q3,20220805,353,7.0,7.0,0.0,88.57,82.57,6.0,48.15,48.15,0.0,0.0,0.0,0.0,164.46,150.94,13.52,736.98,678.86,58.12,0.0,0.0,0.0,0.0,0.0,0.0,
335513,SEAGATE REHABILITATION AND NURSING CENTER,BROOKLYN,NY,Kings,47,2022Q3,20220806,352,0.0,0.0,0.0,24.5,24.5,0.0,38.93,38.93,0.0,0.0,0.0,0.0,159.94,137.37,22.57,678.3,596.6,81.7,0.0,0.0,0.0,0.0,0.0,0.0,
335513,SEAGATE REHABILITATION AND NURSING CENTER,BROOKLYN,NY,Kings,47,2022Q3,20220807,349,0.0,0.0,0.0,41.0,41.0,0.0,49.41,49.41,0.0,0.0,0.0,0.0,158.38,137.09,21.29,694.5,614.7,79.8,0.0,0.0,0.0,0.0,0.0,0.0,
335513,SEAGATE REHABILITATION AND NURSING CENTER,BROOKLYN,NY,Kings,47,2022Q3,20220808,350,14.0,14.0,0.0,75.5,73.5,2.0,41.35,41.35,0.0,0.0,0.0,0.0,176.54,176.54,0.0,735.79,666.51,69.28,0.0,0.0,0.0,0.0,0.0,0.0,
335513,SEAGATE REHABILITATION AND NURSING CENTER,BROOKLYN,NY,Kings,47,2022Q3,20220809,351,7.0,7.0,0.0,86.92,71.22,15.7,49.27,49.27,0.0,0.0,0.0,0.0,181.05,167.58,13.47,752.18,699.88,52.3,0.0,0.0,0.0,0.0,0.0,0.0,
335513,SEAGATE REHABILITATION AND NURSING CENTER,BROOKLYN,NY,Kings,47,2022Q3,20220810,349,7.0,7.0,0.0,106.8,86.5,20.3,48.8,48.8,0.0,0.0,0.0,0.0,148.36,148.36,0.0,773.82,705.4,68.42,0.0,0.0,0.0,0.0,0.0,0.0,
335513,SEAGATE REHABILITATION AND NURSING CENTER,BROOKLYN,NY,Kings,47,2022Q3,20220811,346,0.0,0.0,0.0,92.65,77.65,15.0,34.78,34.78,0.0,0.0,0.0,0.0,174.64,164.34,10.3,745.77,667.32,78.45,0.0,0.0,0.0,0.0,0.0,0.0,
335513,SEAGATE REHABILITATION AND NURSING CENTER,BROOKLYN,NY,Kings,47,2022Q3,20220812,348,0.0,0.0,0.0,93.47,83.47,10.0,53.8,53.8,0.0,0.0,0.0,0.0,145.15,131.65,13.5,773.38,684.43,88.95,0.0,0.0,0.0,0.0,0.0,0.0,
335513,SEAGATE REHABILITATION AND NURSING CENTER,BROOKLYN,NY,Kings,47,2022Q3,20220813,347,0.0,0.0,0.0,44.66,33.28,11.38,44.68,44.68,0.0,0.0,0.0,0.0,135.58,121.78,13.8,694.06,616.84,77.22,0.0,0.0,0.0,0.0,0.0,0.0,
335513,SEAGATE REHABILITATION AND NURSING CENTER,BROOKLYN,NY,Kings,47,2022Q3,20220814,347,0.0,0.0,0.0,53.82,47.1,6.72,50.17,50.17,0.0,0.0,0.0,0.0,120.28,106.0,14.28,686.13,629.08,57.05,0.0,0.0,0.0,0.0,0.0,0.0,
335513,SEAGATE REHABILITATION AND NURSING CENTER,BROOKLYN,NY,Kings,47,2022Q3,20220815,348,0.0,0.0,0.0,104.04,89.64,14.4,35.22,35.22,0.0,0.0,0.0,0.0,158.52,144.17,14.35,729.77,687.83,41.94,0.0,0.0,0.0,0.0,0.0,0.0,
335513,SEAGATE REHABILITATION AND NURSING CENTER,BROOKLYN,NY,Kings,47,2022Q3,20220816,349,0.0,0.0,0.0,86.01,76.13,9.88,56.52,56.52,0.0,0.0,0.0,0.0,174.99,167.59,7.4,741.03,685.2,55.83,0.0,0.0,0.0,0.0,0.0,0.0,
335513,SEAGATE REHABILITATION AND NURSING CENTER,BROOKLYN,NY,Kings,47,2022Q3,20220817,351,0.0,0.0,0.0,113.27,94.15,19.12,35.22,35.22,0.0,0.0,0.0,0.0,174.59,154.22,20.37,752.5,678.13,74.37,0.0,0.0,0.0,0.0,0.0,0.0,
335513,SEAGATE REHABILITATION AND NURSING CENTER,BROOKLYN,NY,Kings,47,2022Q3,20220818,352,0.0,0.0,0.0,92.75,84.75,8.0,35.45,35.45,0.0,0.0,0.0,0.0,169.85,154.5,15.35,770.39,670.31,100.08,0.0,0.0,0.0,0.0,0.0,0.0,
335513,SEAGATE REHABILITATION AND NURSING CENTER,BROOKLYN,NY,Kings,47,2022Q3,20220819,355,0.0,0.0,0.0,86.52,75.52,11.0,54.3,54.3,0.0,0.0,0.0,0.0,163.38,151.6,11.78,739.66,646.2,93.46,0.0,0.0,0.0,0.0,0.0,0.0,
335513,SEAGATE REHABILITATION AND NURSING CENTER,BROOKLYN,NY,Kings,47,2022Q3,20220820,353,0.0,0.0,0.0,34.5,18.0,16.5,59.36,59.36,0.0,0.0,0.0,0.0,141.84,126.89,14.95,672.28,595.03,77.25,0.0,0.0,0.0,0.0,0.0,0.0,
335513,SEAGATE REHABILITATION AND NURSING CENTER,BROOKLYN,NY,Kings,47,2022Q3,20220821,351,0.0,0.0,0.0,47.6,42.6,5.0,64.85,64.85,0.0,0.0,0.0,0.0,128.8,121.28,7.52,663.2,583.14,80.06,0.0,0.0,0.0,0.0,0.0,0.0,
335513,SEAGATE REHABILITATION AND NURSING CENTER,BROOKLYN,NY,Kings,47,2022Q3,20220822,349,0.0,0.0,0.0,97.07,88.07,9.0,28.33,28.33,0.0,0.0,0.0,0.0,157.11,144.88,12.23,757.0,650.72,106.28,0.0,0.0,0.0,0.0,0.0,0.0,
335513,SEAGATE REHABILITATION AND NURSING CENTER,BROOKLYN,NY,Kings,47,2022Q3,20220823,344,0.0,0.0,0.0,85.8,73.83,11.97,32.75,32.75,0.0,0.0,0.0,0.0,183.92,164.85,19.07,723.77,637.91,85.86,0.0,0.0,0.0,0.0,0.0,0.0,
335513,SEAGATE REHABILITATION AND NURSING CENTER,BROOKLYN,NY,Kings,47,2022Q3,20220824,346,7.0,7.0,0.0,83.05,70.27,12.78,23.0,23.0,0.0,0.0,0.0,0.0,165.45,151.25,14.2,733.91,673.49,60.42,0.0,0.0,0.0,0.0,0.0,0.0,
335513,SEAGATE REHABILITATION AND NURSING CENTER,BROOKLYN,NY,Kings,47,2022Q3,20220825,347,7.0,7.0,0.0,79.8,71.07,8.73,28.0,28.0,0.0,0.0,0.0,0.0,159.97,139.97,20.0,733.95,609.85,124.1,0.0,0.0,0.0,0.0,0.0,0.0,
335513,SEAGATE REHABILITATION AND NURSING CENTER,BROOKLYN,NY,Kings,47,2022Q3,20220826,347,7.0,7.0,0.0,78.12,61.85,16.27,40.62,40.62,0.0,0.0,0.0,0.0,138.71,132.13,6.58,727.4,618.77,108.63,0.0,0.0,0.0,0.0,0.0,0.0,
335513,SEAGATE REHABILITATION AND NURSING CENTER,BROOKLYN,NY,Kings,47,2022Q3,20220827,346,1.75,1.75,0.0,35.57,19.0,16.57,51.98,51.98,0.0,0.0,0.0,0.0,127.22,105.97,21.25,688.72,610.15,78.57,0.0,0.0,0.0,0.0,0.0,0.0,
335513,SEAGATE REHABILITATION AND NURSING CENTER,BROOKLYN,NY,Kings,47,2022Q3,20220828,346,5.25,5.25,0.0,29.27,21.27,8.0,44.45,44.45,0.0,0.0,0.0,0.0,110.0,78.95,31.05,689.7,609.35,80.35,0.0,0.0,0.0,0.0,0.0,0.0,
335513,SEAGATE REHABILITATION AND NURSING CENTER,BROOKLYN,NY,Kings,47,2022Q3,20220829,342,7.0,7.0,0.0,76.88,59.88,17.0,35.0,35.0,0.0,0.0,0.0,0.0,161.77,150.22,11.55,698.78,616.84,81.94,0.0,0.0,0.0,0.0,0.0,0.0,
335513,SEAGATE REHABILITATION AND NURSING CENTER,BROOKLYN,NY,Kings,47,2022Q3,20220830,340,7.0,7.0,0.0,83.2,68.53,14.67,35.0,35.0,0.0,0.0,0.0,0.0,171.25,156.05,15.2,720.68,619.05,101.63,0.0,0.0,0.0,0.0,0.0,0.0,
335513,SEAGATE REHABILITATION AND NURSING CENTER,BROOKLYN,NY,Kings,47,2022Q3,20220831,340,7.0,7.0,0.0,84.86,72.95,11.91,35.0,35.0,0.0,0.0,0.0,0.0,147.7,142.7,5.0,719.51,646.34,73.17,0.0,0.0,0.0,0.0,0.0,0.0,
335513,SEAGATE REHABILITATION AND NURSING CENTER,BROOKLYN,NY,Kings,47,2022Q3,20220901,340,7.0,7.0,0.0,78.85,70.85,8.0,21.0,21.0,0.0,0.0,0.0,0.0,154.19,139.99,14.2,759.82,610.14,149.68,0.0,0.0,0.0,0.0,0.0,0.0,
335513,SEAGATE REHABILITATION AND NURSING CENTER,BROOKLYN,NY,Kings,47,2022Q3,20220902,339,7.0,7.0,0.0,65.47,54.47,11.0,20.42,20.42,0.0,0.0,0.0,0.0,176.04,153.46,22.58,704.53,596.27,108.26,0.0,0.0,0.0,0.0,0.0,0.0,
335513,SEAGATE REHABILITATION AND NURSING CENTER,BROOKLYN,NY,Kings,47,2022Q3,20220903,338,0.0,0.0,0.0,39.0,22.5,16.5,51.18,51.18,0.0,0.0,0.0,0.0,168.7,134.17,34.53,665.85,599.12,66.73,0.0,0.0,0.0,0.0,0.0,0.0,
335513,SEAGATE REHABILITATION AND NURSING CENTER,BROOKLYN,NY,Kings,47,2022Q3,20220904,338,1.8,1.8,0.0,32.5,27.5,5.0,42.53,42.53,0.0,0.0,0.0,0.0,169.13,146.63,22.5,695.93,584.51,111.42,0.0,0.0,0.0,0.0,0.0,0.0,
335513,SEAGATE REHABILITATION AND NURSING CENTER,BROOKLYN,NY,Kings,47,2022Q3,20220905,338,5.2,5.2,0.0,48.7,39.7,9.0,20.85,20.85,0.0,0.0,0.0,0.0,153.94,147.81,6.13,709.06,622.75,86.31,0.0,0.0,0.0,0.0,0.0,0.0,
335513,SEAGATE REHABILITATION AND NURSING CENTER,BROOKLYN,NY,Kings,47,2022Q3,20220906,338,7.0,7.0,0.0,64.0,56.3,7.7,40.02,40.02,0.0,0.0,0.0,0.0,189.7,173.4,16.3,752.37,652.45,99.92,0.0,0.0,0.0,0.0,0.0,0.0,
335513,SEAGATE REHABILITATION AND NURSING CENTER,BROOKLYN,NY,Kings,47,2022Q3,20220907,340,7.0,7.0,0.0,80.38,73.08,7.3,23.3,23.3,0.0,0.0,0.0,0.0,182.67,161.5,21.17,781.16,684.8,96.36,0.0,0.0,0.0,0.0,0.0,0.0,
335513,SEAGATE REHABILITATION AND NURSING CENTER,BROOKLYN,NY,Kings,47,2022Q3,20220908,345,7.0,7.0,0.0,91.97,77.97,14.0,21.0,21.0,0.0,0.0,0.0,0.0,189.16,173.68,15.48,824.48,662.73,161.75,0.0,0.0,0.0,0.0,0.0,0.0,
335513,SEAGATE REHABILITATION AND NURSING CENTER,BROOKLYN,NY,Kings,47,2022Q3,20220909,346,7.0,7.0,0.0,89.98,82.98,7.0,33.0,33.0,0.0,0.0,0.0,0.0,157.64,150.14,7.5,791.82,659.87,131.95,0.0,0.0,0.0,0.0,0.0,0.0,
335513,SEAGATE REHABILITATION AND NURSING CENTER,BROOKLYN,NY,Kings,47,2022Q3,20220910,347,0.0,0.0,0.0,44.5,35.5,9.0,39.05,39.05,0.0,0.0,0.0,0.0,109.28,91.28,18.0,729.24,639.01,90.23,0.0,0.0,0.0,0.0,0.0,0.0,
335513,SEAGATE REHABILITATION AND NURSING CENTER,BROOKLYN,NY,Kings,47,2022Q3,20220911,347,0.0,0.0,0.0,37.55,23.82,13.73,50.24,50.24,0.0,0.0,0.0,0.0,112.03,102.2,9.83,708.28,598.74,109.54,0.0,0.0,0.0,0.0,0.0,0.0,
335513,SEAGATE REHABILITATION AND NURSING CENTER,BROOKLYN,NY,Kings,47,2022Q3,20220912,349,7.0,7.0,0.0,87.09,74.82,12.27,44.52,44.52,0.0,0.0,0.0,0.0,138.17,133.17,5.0,694.55,613.8,80.75,0.0,0.0,0.0,0.0,0.0,0.0,
335513,SEAGATE REHABILITATION AND NURSING CENTER,BROOKLYN,NY,Kings,47,2022Q3,20220913,350,7.0,7.0,0.0,73.9,64.4,9.5,36.11,36.11,0.0,0.0,0.0,0.0,139.75,139.75,0.0,768.26,669.86,98.4,0.0,0.0,0.0,0.0,0.0,0.0,
335513,SEAGATE REHABILITATION AND NURSING CENTER,BROOKLYN,NY,Kings,47,2022Q3,20220914,352,14.0,14.0,0.0,78.2,65.7,12.5,27.8,27.8,0.0,0.0,0.0,0.0,163.1,163.1,0.0,768.15,668.89,99.26,0.0,0.0,0.0,0.0,0.0,0.0,
335513,SEAGATE REHABILITATION AND NURSING CENTER,BROOKLYN,NY,Kings,47,2022Q3,20220915,353,14.0,14.0,0.0,76.26,69.53,6.73,28.45,28.45,0.0,0.0,0.0,0.0,156.94,142.46,14.48,754.89,645.66,109.23,0.0,0.0,0.0,0.0,0.0,0.0,
335513,SEAGATE REHABILITATION AND NURSING CENTER,BROOKLYN,NY,Kings,47,2022Q3,20220916,352,14.0,14.0,0.0,67.67,56.67,11.0,50.8,50.8,0.0,0.0,0.0,0.0,133.2,124.95,8.25,725.08,633.71,91.37,0.0,0.0,0.0,0.0,0.0,0.0,
335513,SEAGATE REHABILITATION AND NURSING CENTER,BROOKLYN,NY,Kings,47,2022Q3,20220917,351,7.0,7.0,0.0,41.0,24.5,16.5,51.13,51.13,0.0,0.0,0.0,0.0,171.08,127.96,43.12,648.47,571.51,76.96,0.0,0.0,0.0,0.0,0.0,0.0,
335513,SEAGATE REHABILITATION AND NURSING CENTER,BROOKLYN,NY,Kings,47,2022Q3,20220918,352,0.0,0.0,0.0,40.95,35.62,5.33,63.65,63.65,0.0,0.0,0.0,0.0,157.02,119.32,37.7,688.73,596.11,92.62,0.0,0.0,0.0,0.0,0.0,0.0,
335513,SEAGATE REHABILITATION AND NURSING CENTER,BROOKLYN,NY,Kings,47,2022Q3,20220919,353,7.0,7.0,0.0,76.01,74.01,2.0,42.0,42.0,0.0,0.0,0.0,0.0,145.17,125.92,19.25,773.51,672.07,101.44,0.0,0.0,0.0,0.0,0.0,0.0,
335513,SEAGATE REHABILITATION AND NURSING CENTER,BROOKLYN,NY,Kings,47,2022Q3,20220920,354,7.0,7.0,0.0,76.22,69.22,7.0,41.6,41.6,0.0,0.0,0.0,0.0,163.84,149.37,14.47,776.87,670.05,106.82,0.0,0.0,0.0,0.0,0.0,0.0,
335513,SEAGATE REHABILITATION AND NURSING CENTER,BROOKLYN,NY,Kings,47,2022Q3,20220921,357,7.0,7.0,0.0,82.08,75.08,7.0,36.25,36.25,0.0,0.0,0.0,0.0,154.08,146.76,7.32,779.99,684.39,95.6,0.0,0.0,0.0,0.0,0.0,0.0,
335513,SEAGATE REHABILITATION AND NURSING CENTER,BROOKLYN,NY,Kings,47,2022Q3,20220922,357,7.0,7.0,0.0,64.84,56.87,7.97,27.68,27.68,0.0,0.0,0.0,0.0,188.96,167.36,21.6,809.2,635.76,173.44,0.0,0.0,0.0,0.0,0.0,0.0,
335513,SEAGATE REHABILITATION AND NURSING CENTER,BROOKLYN,NY,Kings,47,2022Q3,20220923,355,7.0,7.0,0.0,63.48,54.6,8.88,41.5,41.5,0.0,0.0,0.0,0.0,179.35,164.88,14.47,794.2,682.85,111.35,0.0,0.0,0.0,0.0,0.0,0.0,
335513,SEAGATE REHABILITATION AND NURSING CENTER,BROOKLYN,NY,Kings,47,2022Q3,20220924,355,0.0,0.0,0.0,46.07,30.8,15.27,36.83,36.83,0.0,0.0,0.0,0.0,122.95,116.45,6.5,742.53,627.58,114.95,0.0,0.0,0.0,0.0,0.0,0.0,
335513,SEAGATE REHABILITATION AND NURSING CENTER,BROOKLYN,NY,Kings,47,2022Q3,20220925,355,0.0,0.0,0.0,52.93,41.0,11.93,46.52,46.52,0.0,0.0,0.0,0.0,126.73,111.06,15.67,716.82,619.54,97.28,0.0,0.0,0.0,0.0,0.0,0.0,
335513,SEAGATE REHABILITATION AND NURSING CENTER,BROOKLYN,NY,Kings,47,2022Q3,20220926,353,7.0,7.0,0.0,73.04,59.04,14.0,27.83,27.83,0.0,0.0,0.0,0.0,175.8,156.55,19.25,755.42,637.95,117.47,0.0,0.0,0.0,0.0,0.0,0.0,
335513,SEAGATE REHABILITATION AND NURSING CENTER,BROOKLYN,NY,Kings,47,2022Q3,20220927,356,7.0,7.0,0.0,71.56,61.83,9.73,28.5,28.5,0.0,0.0,0.0,0.0,181.15,173.63,7.52,785.14,678.45,106.69,0.0,0.0,0.0,0.0,0.0,0.0,
335513,SEAGATE REHABILITATION AND NURSING CENTER,BROOKLYN,NY,Kings,47,2022Q3,20220928,357,7.0,7.0,0.0,76.71,66.44,10.27,30.73,30.73,0.0,0.0,0.0,0.0,172.38,166.48,5.9,763.57,664.67,98.9,0.0,0.0,0.0,0.0,0.0,0.0,
335513,SEAGATE REHABILITATION AND NURSING CENTER,BROOKLYN,NY,Kings,47,2022Q3,20220929,356,7.0,7.0,0.0,58.95,56.95,2.0,29.23,29.23,0.0,0.0,0.0,0.0,165.38,151.1,14.28,782.84,662.33,120.51,0.0,0.0,0.0,0.0,0.0,0.0,
335513,SEAGATE REHABILITATION AND NURSING CENTER,BROOKLYN,NY,Kings,47,2022Q3,20220930,358,7.0,7.0,0.0,60.2,49.2,11.0,49.83,49.83,0.0,0.0,0.0,0.0,155.13,147.81,7.32,751.22,635.69,115.53,0.0,0.0,0.0,0.0,0.0,0.0,
335513,SEAGATE REHABILITATION AND NURSING CENTER,BROOKLYN,NY,Kings,47,2022Q4,20221001,358,0.0,0.0,0.0,41.0,24.5,16.5,24.0,24.0,0.0,0.0,0.0,0.0,180.63,132.88,47.75,688.23,606.76,81.47,0.0,0.0,0.0,0.0,0.0,0.0,
335513,SEAGATE REHABILITATION AND NURSING CENTER,BROOKLYN,NY,Kings,47,2022Q4,20221002,358,0.0,0.0,0.0,46.3,41.3,5.0,43.13,43.13,0.0,0.0,0.0,0.0,161.16,132.08,29.08,657.93,579.69,78.24,0.0,0.0,0.0,0.0,0.0,0.0,
335513,SEAGATE REHABILITATION AND NURSING CENTER,BROOKLYN,NY,Kings,47,2022Q4,20221003,358,7.0,7.0,0.0,65.0,65.0,0.0,35.0,35.0,0.0,0.0,0.0,0.0,176.68,165.26,11.42,761.09,670.15,90.94,0.0,0.0,0.0,0.0,0.0,0.0,
335513,SEAGATE REHABILITATION AND NURSING CENTER,BROOKLYN,NY,Kings,47,2022Q4,20221004,358,7.0,7.0,0.0,50.67,50.67,0.0,34.11,34.11,0.0,0.0,0.0,0.0,194.8,180.15,14.65,758.26,653.47,104.79,0.0,0.0,0.0,0.0,0.0,0.0,
335513,SEAGATE REHABILITATION AND NURSING CENTER,BROOKLYN,NY,Kings,47,2022Q4,20221005,356,7.0,7.0,0.0,51.55,51.55,0.0,24.05,24.05,0.0,0.0,0.0,0.0,173.15,159.48,13.67,781.77,665.5,116.27,0.0,0.0,0.0,0.0,0.0,0.0,
335513,SEAGATE REHABILITATION AND NURSING CENTER,BROOKLYN,NY,Kings,47,2022Q4,20221006,354,7.0,7.0,0.0,66.64,64.57,2.07,41.58,41.58,0.0,0.0,0.0,0.0,182.34,168.66,13.68,778.62,624.77,153.85,0.0,0.0,0.0,0.0,0.0,0.0,
335513,SEAGATE REHABILITATION AND NURSING CENTER,BROOKLYN,NY,Kings,47,2022Q4,20221007,353,7.0,7.0,0.0,44.05,35.62,8.43,56.3,56.3,0.0,0.0,0.0,0.0,187.19,173.87,13.32,740.79,633.59,107.2,0.0,0.0,0.0,0.0,0.0,0.0,
335513,SEAGATE REHABILITATION AND NURSING CENTER,BROOKLYN,NY,Kings,47,2022Q4,20221008,351,0.0,0.0,0.0,30.25,18.5,11.75,29.3,29.3,0.0,0.0,0.0,0.0,168.33,152.81,15.52,726.38,645.25,81.13,0.0,0.0,0.0,0.0,0.0,0.0,
335513,SEAGATE REHABILITATION AND NURSING CENTER,BROOKLYN,NY,Kings,47,2022Q4,20221009,350,0.0,0.0,0.0,22.7,16.0,6.7,30.25,30.25,0.0,0.0,0.0,0.0,161.61,128.46,33.15,732.44,645.89,86.55,0.0,0.0,0.0,0.0,0.0,0.0,
335513,SEAGATE REHABILITATION AND NURSING CENTER,BROOKLYN,NY,Kings,47,2022Q4,20221010,352,9.0,9.0,0.0,45.55,40.0,5.55,21.0,21.0,0.0,0.0,0.0,0.0,187.1,173.73,13.37,759.55,680.97,78.58,0.0,0.0,0.0,0.0,0.0,0.0,
335513,SEAGATE REHABILITATION AND NURSING CENTER,BROOKLYN,NY,Kings,47,2022Q4,20221011,353,5.0,5.0,0.0,44.62,42.62,2.0,34.85,34.85,0.0,0.0,0.0,0.0,196.02,176.79,19.23,766.98,651.31,115.67,0.0,0.0,0.0,0.0,0.0,0.0,
335513,SEAGATE REHABILITATION AND NURSING CENTER,BROOKLYN,NY,Kings,47,2022Q4,20221012,354,7.0,7.0,0.0,63.73,58.73,5.0,34.8,34.8,0.0,0.0,0.0,0.0,188.07,188.07,0.0,758.48,638.56,119.92,0.0,0.0,0.0,0.0,0.0,0.0,
335513,SEAGATE REHABILITATION AND NURSING CENTER,BROOKLYN,NY,Kings,47,2022Q4,20221013,354,7.0,7.0,0.0,59.55,57.72,1.83,27.85,27.85,0.0,0.0,0.0,0.0,181.43,166.15,15.28,771.21,602.61,168.6,0.0,0.0,0.0,0.0,0.0,0.0,
335513,SEAGATE REHABILITATION AND NURSING CENTER,BROOKLYN,NY,Kings,47,2022Q4,20221014,355,7.0,7.0,0.0,61.45,56.28,5.17,43.2,43.2,0.0,0.0,0.0,0.0,178.12,164.82,13.3,748.1,614.2,133.9,0.0,0.0,0.0,0.0,0.0,0.0,
335513,SEAGATE REHABILITATION AND NURSING CENTER,BROOKLYN,NY,Kings,47,2022Q4,20221015,354,0.0,0.0,0.0,14.0,14.0,0.0,36.33,36.33,0.0,0.0,0.0,0.0,180.07,144.43,35.64,728.55,605.82,122.73,0.0,0.0,0.0,0.0,0.0,0.0,
335513,SEAGATE REHABILITATION AND NURSING CENTER,BROOKLYN,NY,Kings,47,2022Q4,20221016,354,0.0,0.0,0.0,34.5,34.5,0.0,43.8,43.8,0.0,0.0,0.0,0.0,183.28,139.4,43.88,687.5,589.43,98.07,0.0,0.0,0.0,0.0,0.0,0.0,
335513,SEAGATE REHABILITATION AND NURSING CENTER,BROOKLYN,NY,Kings,47,2022Q4,20221017,354,7.0,7.0,0.0,43.65,42.0,1.65,27.78,27.78,0.0,0.0,0.0,0.0,157.66,145.68,11.98,769.36,645.41,123.95,0.0,0.0,0.0,0.0,0.0,0.0,
335513,SEAGATE REHABILITATION AND NURSING CENTER,BROOKLYN,NY,Kings,47,2022Q4,20221018,357,7.0,7.0,0.0,69.35,64.0,5.35,35.0,35.0,0.0,0.0,0.0,0.0,180.06,164.96,15.1,771.82,639.82,132.0,0.0,0.0,0.0,0.0,0.0,0.0,
335513,SEAGATE REHABILITATION AND NURSING CENTER,BROOKLYN,NY,Kings,47,2022Q4,20221019,354,0.0,0.0,0.0,64.17,64.17,0.0,28.28,28.28,0.0,0.0,0.0,0.0,164.5,152.93,11.57,775.81,653.91,121.9,0.0,0.0,0.0,0.0,0.0,0.0,
335513,SEAGATE REHABILITATION AND NURSING CENTER,BROOKLYN,NY,Kings,47,2022Q4,20221020,357,0.0,0.0,0.0,73.83,73.83,0.0,43.47,43.47,0.0,0.0,0.0,0.0,157.37,135.27,22.1,776.74,632.8,143.94,0.0,0.0,0.0,0.0,0.0,0.0,
335513,SEAGATE REHABILITATION AND NURSING CENTER,BROOKLYN,NY,Kings,47,2022Q4,20221021,356,7.0,7.0,0.0,81.02,81.02,0.0,41.73,41.73,0.0,0.0,0.0,0.0,167.14,154.47,12.67,759.71,646.5,113.21,0.0,0.0,0.0,0.0,0.0,0.0,
335513,SEAGATE REHABILITATION AND NURSING CENTER,BROOKLYN,NY,Kings,47,2022Q4,20221022,356,0.0,0.0,0.0,27.37,27.37,0.0,44.97,44.97,0.0,0.0,0.0,0.0,129.13,106.13,23.0,745.38,636.14,109.24,0.0,0.0,0.0,0.0,0.0,0.0,
335513,SEAGATE REHABILITATION AND NURSING CENTER,BROOKLYN,NY,Kings,47,2022Q4,20221023,355,0.0,0.0,0.0,26.9,26.9,0.0,48.63,48.63,0.0,0.0,0.0,0.0,128.77,116.95,11.82,723.34,632.11,91.23,0.0,0.0,0.0,0.0,0.0,0.0,
335513,SEAGATE REHABILITATION AND NURSING CENTER,BROOKLYN,NY,Kings,47,2022Q4,20221024,358,7.0,7.0,0.0,63.86,63.86,0.0,27.78,27.78,0.0,0.0,0.0,0.0,165.58,151.38,14.2,746.1,650.21,95.89,0.0,0.0,0.0,0.0,0.0,0.0,
335513,SEAGATE REHABILITATION AND NURSING CENTER,BROOKLYN,NY,Kings,47,2022Q4,20221025,359,7.0,7.0,0.0,70.88,70.88,0.0,35.78,35.78,0.0,0.0,0.0,0.0,148.26,139.78,8.48,780.24,649.13,131.11,0.0,0.0,0.0,0.0,0.0,0.0,
335513,SEAGATE REHABILITATION AND NURSING CENTER,BROOKLYN,NY,Kings,47,2022Q4,20221026,360,7.0,7.0,0.0,72.8,72.8,0.0,29.2,29.2,0.0,0.0,0.0,0.0,174.4,156.15,18.25,790.14,680.98,109.16,0.0,0.0,0.0,0.0,0.0,0.0,
335513,SEAGATE REHABILITATION AND NURSING CENTER,BROOKLYN,NY,Kings,47,2022Q4,20221027,359,7.0,7.0,0.0,70.73,70.73,0.0,28.1,28.1,0.0,0.0,0.0,0.0,152.05,138.75,13.3,776.84,622.2,154.64,0.0,0.0,0.0,0.0,0.0,0.0,
335513,SEAGATE REHABILITATION AND NURSING CENTER,BROOKLYN,NY,Kings,47,2022Q4,20221028,357,7.0,7.0,0.0,78.33,74.33,4.0,18.8,18.8,0.0,0.0,0.0,0.0,168.54,162.16,6.38,752.63,628.16,124.47,0.0,0.0,0.0,0.0,0.0,0.0,
335513,SEAGATE REHABILITATION AND NURSING CENTER,BROOKLYN,NY,Kings,47,2022Q4,20221029,354,0.0,0.0,0.0,30.5,21.0,9.5,16.0,16.0,0.0,0.0,0.0,0.0,168.32,139.48,28.84,729.27,646.81,82.46,0.0,0.0,0.0,0.0,0.0,0.0,
335513,SEAGATE REHABILITATION AND NURSING CENTER,BROOKLYN,NY,Kings,47,2022Q4,20221030,354,0.0,0.0,0.0,35.92,35.92,0.0,36.91,36.91,0.0,0.0,0.0,0.0,157.96,116.54,41.42,649.86,561.52,88.34,0.0,0.0,0.0,0.0,0.0,0.0,
335513,SEAGATE REHABILITATION AND NURSING CENTER,BROOKLYN,NY,Kings,47,2022Q4,20221031,354,7.0,7.0,0.0,76.2,76.2,0.0,20.47,20.47,0.0,0.0,0.0,0.0,166.57,166.57,0.0,741.94,624.67,117.27,0.0,0.0,0.0,0.0,0.0,0.0,
335513,SEAGATE REHABILITATION AND NURSING CENTER,BROOKLYN,NY,Kings,47,2022Q4,20221101,356,7.0,7.0,0.0,72.32,70.45,1.87,55.17,55.17,0.0,0.0,0.0,0.0,155.54,147.4,8.14,752.15,639.76,112.39,0.0,0.0,0.0,0.0,0.0,0.0,
335513,SEAGATE REHABILITATION AND NURSING CENTER,BROOKLYN,NY,Kings,47,2022Q4,20221102,359,7.0,7.0,0.0,78.31,73.18,5.13,37.58,37.58,0.0,0.0,0.0,0.0,160.05,140.2,19.85,765.72,670.45,95.27,0.0,0.0,0.0,0.0,0.0,0.0,
335513,SEAGATE REHABILITATION AND NURSING CENTER,BROOKLYN,NY,Kings,47,2022Q4,20221103,358,0.0,0.0,0.0,77.85,77.85,0.0,35.13,35.13,0.0,0.0,0.0,0.0,166.8,150.53,16.27,791.16,626.54,164.62,0.0,0.0,0.0,0.0,0.0,0.0,
335513,SEAGATE REHABILITATION AND NURSING CENTER,BROOKLYN,NY,Kings,47,2022Q4,20221104,358,0.0,0.0,0.0,72.22,68.22,4.0,47.83,47.83,0.0,0.0,0.0,0.0,176.25,162.74,13.51,785.59,650.47,135.12,0.0,0.0,0.0,0.0,0.0,0.0,
335513,SEAGATE REHABILITATION AND NURSING CENTER,BROOKLYN,NY,Kings,47,2022Q4,20221105,357,0.0,0.0,0.0,31.02,19.5,11.52,28.02,28.02,0.0,0.0,0.0,0.0,160.62,138.57,22.05,734.0,625.03,108.97,0.0,0.0,0.0,0.0,0.0,0.0,
335513,SEAGATE REHABILITATION AND NURSING CENTER,BROOKLYN,NY,Kings,47,2022Q4,20221106,357,0.0,0.0,0.0,44.04,37.67,6.37,44.2,44.2,0.0,0.0,0.0,0.0,132.2,101.86,30.34,693.35,598.85,94.5,0.0,0.0,0.0,0.0,0.0,0.0,
335513,SEAGATE REHABILITATION AND NURSING CENTER,BROOKLYN,NY,Kings,47,2022Q4,20221107,356,0.0,0.0,0.0,74.64,69.02,5.62,27.62,27.62,0.0,0.0,0.0,0.0,137.73,116.1,21.63,767.61,652.96,114.65,0.0,0.0,0.0,0.0,0.0,0.0,
335513,SEAGATE REHABILITATION AND NURSING CENTER,BROOKLYN,NY,Kings,47,2022Q4,20221108,356,7.0,7.0,0.0,56.14,56.14,0.0,43.09,43.09,0.0,0.0,0.0,0.0,174.27,152.06,22.21,790.38,632.75,157.63,0.0,0.0,0.0,0.0,0.0,0.0,
335513,SEAGATE REHABILITATION AND NURSING CENTER,BROOKLYN,NY,Kings,47,2022Q4,20221109,355,7.0,7.0,0.0,72.15,72.15,0.0,53.7,53.7,0.0,0.0,0.0,0.0,153.9,134.32,19.58,759.54,587.58,171.96,0.0,0.0,0.0,0.0,0.0,0.0,
335513,SEAGATE REHABILITATION AND NURSING CENTER,BROOKLYN,NY,Kings,47,2022Q4,20221110,355,7.0,7.0,0.0,78.24,78.24,0.0,21.63,21.63,0.0,0.0,0.0,0.0,145.75,126.18,19.57,761.73,616.58,145.15,0.0,0.0,0.0,0.0,0.0,0.0,
335513,SEAGATE REHABILITATION AND NURSING CENTER,BROOKLYN,NY,Kings,47,2022Q4,20221111,355,7.0,7.0,0.0,45.72,45.72,0.0,41.63,41.63,0.0,0.0,0.0,0.0,149.22,149.22,0.0,717.59,606.7,110.89,0.0,0.0,0.0,0.0,0.0,0.0,
335513,SEAGATE REHABILITATION AND NURSING CENTER,BROOKLYN,NY,Kings,47,2022Q4,20221112,355,0.0,0.0,0.0,20.5,20.5,0.0,39.08,39.08,0.0,0.0,0.0,0.0,169.54,138.45,31.09,692.35,574.38,117.97,0.0,0.0,0.0,0.0,0.0,0.0,
335513,SEAGATE REHABILITATION AND NURSING CENTER,BROOKLYN,NY,Kings,47,2022Q4,20221113,354,0.0,0.0,0.0,28.5,28.5,0.0,51.48,51.48,0.0,0.0,0.0,0.0,174.75,139.75,35.0,678.85,573.54,105.31,0.0,0.0,0.0,0.0,0.0,0.0,
335513,SEAGATE REHABILITATION AND NURSING CENTER,BROOKLYN,NY,Kings,47,2022Q4,20221114,357,7.0,7.0,0.0,60.53,60.53,0.0,34.62,34.62,0.0,0.0,0.0,0.0,113.49,113.49,0.0,746.35,636.14,110.21,0.0,0.0,0.0,0.0,0.0,0.0,
335513,SEAGATE REHABILITATION AND NURSING CENTER,BROOKLYN,NY,Kings,47,2022Q4,20221115,357,7.0,7.0,0.0,45.02,43.02,2.0,58.0,58.0,0.0,0.0,0.0,0.0,143.07,126.72,16.35,736.98,603.3,133.68,0.0,0.0,0.0,0.0,0.0,0.0,
335513,SEAGATE REHABILITATION AND NURSING CENTER,BROOKLYN,NY,Kings,47,2022Q4,20221116,355,7.0,7.0,0.0,72.01,67.01,5.0,35.0,35.0,0.0,0.0,0.0,0.0,158.75,144.55,14.2,776.13,630.65,145.48,0.0,0.0,0.0,0.0,0.0,0.0,
335513,SEAGATE REHABILITATION AND NURSING CENTER,BROOKLYN,NY,Kings,47,2022Q4,20221117,357,7.0,7.0,0.0,69.92,69.92,0.0,36.04,36.04,0.0,0.0,0.0,0.0,148.21,126.94,21.27,786.07,631.7,154.37,0.0,0.0,0.0,0.0,0.0,0.0,
335513,SEAGATE REHABILITATION AND NURSING CENTER,BROOKLYN,NY,Kings,47,2022Q4,20221118,356,7.0,7.0,0.0,58.51,56.13,2.38,42.98,42.98,0.0,0.0,0.0,0.0,163.81,156.63,7.18,764.38,642.27,122.11,0.0,0.0,0.0,0.0,0.0,0.0,
335513,SEAGATE REHABILITATION AND NURSING CENTER,BROOKLYN,NY,Kings,47,2022Q4,20221119,353,0.0,0.0,0.0,39.8,33.43,6.37,30.73,30.73,0.0,0.0,0.0,0.0,124.87,102.35,22.52,690.33,597.57,92.76,0.0,0.0,0.0,0.0,0.0,0.0,
335513,SEAGATE REHABILITATION AND NURSING CENTER,BROOKLYN,NY,Kings,47,2022Q4,20221120,352,0.0,0.0,0.0,41.56,34.48,7.08,51.85,51.85,0.0,0.0,0.0,0.0,97.37,90.87,6.5,745.97,620.56,125.41,0.0,0.0,0.0,0.0,0.0,0.0,
335513,SEAGATE REHABILITATION AND NURSING CENTER,BROOKLYN,NY,Kings,47,2022Q4,20221121,353,7.0,7.0,0.0,61.76,56.59,5.17,41.73,41.73,0.0,0.0,0.0,0.0,155.84,135.57,20.27,750.27,605.16,145.11,0.0,0.0,0.0,0.0,0.0,0.0,
335513,SEAGATE REHABILITATION AND NURSING CENTER,BROOKLYN,NY,Kings,47,2022Q4,20221122,354,7.0,7.0,0.0,57.08,57.08,0.0,42.13,42.13,0.0,0.0,0.0,0.0,165.76,152.48,13.28,774.96,648.68,126.28,0.0,0.0,0.0,0.0,0.0,0.0,
335513,SEAGATE REHABILITATION AND NURSING CENTER,BROOKLYN,NY,Kings,47,2022Q4,20221123,356,7.0,7.0,0.0,62.68,62.68,0.0,35.53,35.53,0.0,0.0,0.0,0.0,136.69,129.52,7.17,736.06,617.96,118.1,0.0,0.0,0.0,0.0,0.0,0.0,
335513,SEAGATE REHABILITATION AND NURSING CENTER,BROOKLYN,NY,Kings,47,2022Q4,20221124,356,0.0,0.0,0.0,34.25,34.25,0.0,43.25,43.25,0.0,0.0,0.0,0.0,122.77,113.77,9.0,698.64,562.79,135.85,0.0,0.0,0.0,0.0,0.0,0.0,
335513,SEAGATE REHABILITATION AND NURSING CENTER,BROOKLYN,NY,Kings,47,2022Q4,20221125,354,0.0,0.0,0.0,36.97,34.97,2.0,41.33,41.33,0.0,0.0,0.0,0.0,156.7,143.62,13.08,735.35,594.47,140.88,0.0,0.0,0.0,0.0,0.0,0.0,
335513,SEAGATE REHABILITATION AND NURSING CENTER,BROOKLYN,NY,Kings,47,2022Q4,20221126,354,0.0,0.0,0.0,23.0,18.0,5.0,31.0,31.0,0.0,0.0,0.0,0.0,174.74,136.81,37.93,721.83,575.41,146.42,0.0,0.0,0.0,0.0,0.0,0.0,
335513,SEAGATE REHABILITATION AND NURSING CENTER,BROOKLYN,NY,Kings,47,2022Q4,20221127,353,0.0,0.0,0.0,20.47,20.47,0.0,51.51,51.51,0.0,0.0,0.0,0.0,157.36,123.02,34.34,661.19,554.92,106.27,0.0,0.0,0.0,0.0,0.0,0.0,
335513,SEAGATE REHABILITATION AND NURSING CENTER,BROOKLYN,NY,Kings,47,2022Q4,20221128,354,7.0,7.0,0.0,55.21,55.21,0.0,30.3,30.3,0.0,0.0,0.0,0.0,125.15,125.15,0.0,732.34,611.09,121.25,0.0,0.0,0.0,0.0,0.0,0.0,
335513,SEAGATE REHABILITATION AND NURSING CENTER,BROOKLYN,NY,Kings,47,2022Q4,20221129,353,7.0,7.0,0.0,38.05,38.05,0.0,46.6,46.6,0.0,0.0,0.0,0.0,173.77,157.85,15.92,760.29,612.83,147.46,0.0,0.0,0.0,0.0,0.0,0.0,
335513,SEAGATE REHABILITATION AND NURSING CENTER,BROOKLYN,NY,Kings,47,2022Q4,20221130,354,7.0,7.0,0.0,56.68,56.68,0.0,53.67,53.67,0.0,0.0,0.0,0.0,159.81,141.58,18.23,756.22,594.78,161.44,0.0,0.0,0.0,0.0,0.0,0.0,
335513,SEAGATE REHABILITATION AND NURSING CENTER,BROOKLYN,NY,Kings,47,2022Q4,20221201,352,7.0,7.0,0.0,57.64,57.64,0.0,22.83,22.83,0.0,0.0,0.0,0.0,172.68,156.7,15.98,761.68,587.45,174.23,0.0,0.0,0.0,0.0,0.0,0.0,
335513,SEAGATE REHABILITATION AND NURSING CENTER,BROOKLYN,NY,Kings,47,2022Q4,20221202,356,7.0,7.0,0.0,47.73,47.73,0.0,48.22,48.22,0.0,0.0,0.0,0.0,165.72,150.77,14.95,762.75,610.97,151.78,0.0,0.0,0.0,0.0,0.0,0.0,
335513,SEAGATE REHABILITATION AND NURSING CENTER,BROOKLYN,NY,Kings,47,2022Q4,20221203,357,0.0,0.0,0.0,24.93,24.93,0.0,45.83,45.83,0.0,0.0,0.0,0.0,124.51,117.01,7.5,699.64,566.77,132.87,0.0,0.0,0.0,0.0,0.0,0.0,
335513,SEAGATE REHABILITATION AND NURSING CENTER,BROOKLYN,NY,Kings,47,2022Q4,20221204,356,0.0,0.0,0.0,27.38,27.38,0.0,57.83,57.83,0.0,0.0,0.0,0.0,114.67,108.02,6.65,710.71,603.09,107.62,0.0,0.0,0.0,0.0,0.0,0.0,
335513,SEAGATE REHABILITATION AND NURSING CENTER,BROOKLYN,NY,Kings,47,2022Q4,20221205,352,7.0,7.0,0.0,63.85,63.85,0.0,28.14,28.14,0.0,0.0,0.0,0.0,166.47,158.82,7.65,724.9,605.64,119.26,0.0,0.0,0.0,0.0,0.0,0.0,
335513,SEAGATE REHABILITATION AND NURSING CENTER,BROOKLYN,NY,Kings,47,2022Q4,20221206,350,7.0,7.0,0.0,58.63,56.75,1.88,42.38,42.38,0.0,0.0,0.0,0.0,187.24,173.16,14.08,762.27,621.22,141.05,0.0,0.0,0.0,0.0,0.0,0.0,
335513,SEAGATE REHABILITATION AND NURSING CENTER,BROOKLYN,NY,Kings,47,2022Q4,20221207,349,7.0,7.0,0.0,54.9,49.78,5.12,50.0,50.0,0.0,0.0,0.0,0.0,170.52,163.14,7.38,781.92,663.55,118.37,0.0,0.0,0.0,0.0,0.0,0.0,
335513,SEAGATE REHABILITATION AND NURSING CENTER,BROOKLYN,NY,Kings,47,2022Q4,20221208,352,7.0,7.0,0.0,58.33,58.33,0.0,13.78,13.78,0.0,0.0,0.0,0.0,156.62,149.05,7.57,792.13,614.17,177.96,0.0,0.0,0.0,0.0,0.0,0.0,
335513,SEAGATE REHABILITATION AND NURSING CENTER,BROOKLYN,NY,Kings,47,2022Q4,20221209,357,7.0,7.0,0.0,56.65,56.65,0.0,43.35,43.35,0.0,0.0,0.0,0.0,160.66,137.49,23.17,764.17,632.21,131.96,0.0,0.0,0.0,0.0,0.0,0.0,
335513,SEAGATE REHABILITATION AND NURSING CENTER,BROOKLYN,NY,Kings,47,2022Q4,20221210,357,0.0,0.0,0.0,23.1,23.1,0.0,35.6,35.6,0.0,0.0,0.0,0.0,160.73,120.08,40.65,705.55,563.94,141.61,0.0,0.0,0.0,0.0,0.0,0.0,
335513,SEAGATE REHABILITATION AND NURSING CENTER,BROOKLYN,NY,Kings,47,2022Q4,20221211,356,0.0,0.0,0.0,35.7,35.7,0.0,65.46,65.46,0.0,0.0,0.0,0.0,143.6,114.52,29.08,693.04,563.49,129.55,0.0,0.0,0.0,0.0,0.0,0.0,
335513,SEAGATE REHABILITATION AND NURSING CENTER,BROOKLYN,NY,Kings,47,2022Q4,20221212,354,7.0,7.0,0.0,61.35,61.35,0.0,29.05,29.05,0.0,0.0,0.0,0.0,142.53,135.35,7.18,751.89,651.44,100.45,0.0,0.0,0.0,0.0,0.0,0.0,
335513,SEAGATE REHABILITATION AND NURSING CENTER,BROOKLYN,NY,Kings,47,2022Q4,20221213,356,7.0,7.0,0.0,58.76,56.86,1.9,25.78,25.78,0.0,0.0,0.0,0.0,167.63,153.06,14.57,769.67,625.57,144.1,0.0,0.0,0.0,0.0,0.0,0.0,
335513,SEAGATE REHABILITATION AND NURSING CENTER,BROOKLYN,NY,Kings,47,2022Q4,20221214,357,7.0,7.0,0.0,70.75,65.65,5.1,25.67,25.67,0.0,0.0,0.0,0.0,157.6,150.22,7.38,760.28,640.14,120.14,0.0,0.0,0.0,0.0,0.0,0.0,
335513,SEAGATE REHABILITATION AND NURSING CENTER,BROOKLYN,NY,Kings,47,2022Q4,20221215,357,7.0,7.0,0.0,57.3,57.3,0.0,19.0,19.0,0.0,0.0,0.0,0.0,177.53,168.18,9.35,784.96,616.93,168.03,0.0,0.0,0.0,0.0,0.0,0.0,
335513,SEAGATE REHABILITATION AND NURSING CENTER,BROOKLYN,NY,Kings,47,2022Q4,20221216,359,7.0,7.0,0.0,51.66,47.66,4.0,21.73,21.73,0.0,0.0,0.0,0.0,167.85,140.55,27.3,749.04,631.0,118.04,0.0,0.0,0.0,0.0,0.0,0.0,
335513,SEAGATE REHABILITATION AND NURSING CENTER,BROOKLYN,NY,Kings,47,2022Q4,20221217,359,0.0,0.0,0.0,30.57,19.45,11.12,36.75,36.75,0.0,0.0,0.0,0.0,133.21,112.06,21.15,737.57,641.74,95.83,0.0,0.0,0.0,0.0,0.0,0.0,
335513,SEAGATE REHABILITATION AND NURSING CENTER,BROOKLYN,NY,Kings,47,2022Q4,20221218,359,0.0,0.0,0.0,35.05,27.92,7.13,55.75,55.75,0.0,0.0,0.0,0.0,120.87,100.67,20.2,735.11,639.04,96.07,0.0,0.0,0.0,0.0,0.0,0.0,
335513,SEAGATE REHABILITATION AND NURSING CENTER,BROOKLYN,NY,Kings,47,2022Q4,20221219,358,7.0,7.0,0.0,62.47,57.22,5.25,28.0,28.0,0.0,0.0,0.0,0.0,162.41,155.24,7.17,742.98,601.48,141.5,0.0,0.0,0.0,0.0,0.0,0.0,
335513,SEAGATE REHABILITATION AND NURSING CENTER,BROOKLYN,NY,Kings,47,2022Q4,20221220,357,7.0,7.0,0.0,51.08,49.25,1.83,40.28,40.28,0.0,0.0,0.0,0.0,185.68,170.13,15.55,781.18,636.75,144.43,0.0,0.0,0.0,0.0,0.0,0.0,
335513,SEAGATE REHABILITATION AND NURSING CENTER,BROOKLYN,NY,Kings,47,2022Q4,20221221,358,7.0,7.0,0.0,70.58,65.41,5.17,22.78,22.78,0.0,0.0,0.0,0.0,178.42,159.37,19.05,752.88,624.98,127.9,0.0,0.0,0.0,0.0,0.0,0.0,
335513,SEAGATE REHABILITATION AND NURSING CENTER,BROOKLYN,NY,Kings,47,2022Q4,20221222,356,7.0,7.0,0.0,63.21,63.21,0.0,28.4,28.4,0.0,0.0,0.0,0.0,167.07,152.34,14.73,790.48,611.06,179.42,0.0,0.0,0.0,0.0,0.0,0.0,
335513,SEAGATE REHABILITATION AND NURSING CENTER,BROOKLYN,NY,Kings,47,2022Q4,20221223,358,7.0,7.0,0.0,61.23,57.23,4.0,42.24,42.24,0.0,0.0,0.0,0.0,146.07,126.85,19.22,704.75,597.97,106.78,0.0,0.0,0.0,0.0,0.0,0.0,
335513,SEAGATE REHABILITATION AND NURSING CENTER,BROOKLYN,NY,Kings,47,2022Q4,20221224,358,0.0,0.0,0.0,31.0,21.5,9.5,31.43,31.43,0.0,0.0,0.0,0.0,162.18,122.9,39.28,695.48,541.68,153.8,0.0,0.0,0.0,0.0,0.0,0.0,
335513,SEAGATE REHABILITATION AND NURSING CENTER,BROOKLYN,NY,Kings,47,2022Q4,20221225,358,7.0,7.0,0.0,22.0,22.0,0.0,50.3,50.3,0.0,0.0,0.0,0.0,147.4,108.1,39.3,698.16,581.79,116.37,0.0,0.0,0.0,0.0,0.0,0.0,
335513,SEAGATE REHABILITATION AND NURSING CENTER,BROOKLYN,NY,Kings,47,2022Q4,20221226,358,7.0,7.0,0.0,26.46,26.46,0.0,28.55,28.55,0.0,0.0,0.0,0.0,168.94,152.94,16.0,770.06,622.84,147.22,0.0,0.0,0.0,0.0,0.0,0.0,
335513,SEAGATE REHABILITATION AND NURSING CENTER,BROOKLYN,NY,Kings,47,2022Q4,20221227,355,7.0,7.0,0.0,34.87,32.87,2.0,25.69,25.69,0.0,0.0,0.0,0.0,185.62,161.87,23.75,790.42,602.4,188.02,0.0,0.0,0.0,0.0,0.0,0.0,
335513,SEAGATE REHABILITATION AND NURSING CENTER,BROOKLYN,NY,Kings,47,2022Q4,20221228,357,7.0,7.0,0.0,49.0,44.0,5.0,26.31,26.31,0.0,0.0,0.0,0.0,165.88,148.51,17.37,801.31,649.63,151.68,0.0,0.0,0.0,0.0,0.0,0.0,
335513,SEAGATE REHABILITATION AND NURSING CENTER,BROOKLYN,NY,Kings,47,2022Q4,20221229,355,7.0,7.0,0.0,41.85,41.85,0.0,26.41,26.41,0.0,0.0,0.0,0.0,181.07,168.79,12.28,775.99,618.18,157.81,0.0,0.0,0.0,0.0,0.0,0.0,
335513,SEAGATE REHABILITATION AND NURSING CENTER,BROOKLYN,NY,Kings,47,2022Q4,20221230,356,0.0,0.0,0.0,39.34,35.34,4.0,32.47,32.47,0.0,0.0,0.0,0.0,204.04,178.94,25.1,752.72,600.73,151.99,0.0,0.0,0.0,0.0,0.0,0.0,
335513,SEAGATE REHABILITATION AND NURSING CENTER,BROOKLYN,NY,Kings,47,2022Q4,20221231,356,0.0,0.0,0.0,28.78,19.0,9.78,13.78,13.78,0.0,0.0,0.0,0.0,159.86,130.69,29.17,753.09,569.52,183.57,0.0,0.0,0.0,0.0,0.0,0.0,
335513,SEAGATE REHABILITATION AND NURSING CENTER,BROOKLYN,NY,Kings,47,2023Q1,20230101,357,0.0,0.0,0.0,24.5,22.5,2.0,23.83,23.83,0.0,0.0,0.0,0.0,165.35,130.12,35.23,663.28,550.37,112.91,0.0,0.0,0.0,0.0,0.0,0.0,
335513,SEAGATE REHABILITATION AND NURSING CENTER,BROOKLYN,NY,Kings,47,2023Q1,20230102,358,6.92,6.92,0.0,30.5,25.5,5.0,14.0,14.0,0.0,0.0,0.0,0.0,187.05,174.78,12.27,734.7,600.96,133.74,0.0,0.0,0.0,0.0,0.0,0.0,
335513,SEAGATE REHABILITATION AND NURSING CENTER,BROOKLYN,NY,Kings,47,2023Q1,20230103,356,7.08,7.08,0.0,36.77,35.0,1.77,28.0,28.0,0.0,0.0,0.0,0.0,191.7,175.7,16.0,780.38,655.01,125.37,0.0,0.0,0.0,0.0,0.0,0.0,
335513,SEAGATE REHABILITATION AND NURSING CENTER,BROOKLYN,NY,Kings,47,2023Q1,20230104,354,7.0,7.0,0.0,56.45,51.22,5.23,28.0,28.0,0.0,0.0,0.0,0.0,162.28,148.15,14.13,780.16,658.84,121.32,0.0,0.0,0.0,0.0,0.0,0.0,
335513,SEAGATE REHABILITATION AND NURSING CENTER,BROOKLYN,NY,Kings,47,2023Q1,20230105,355,7.0,7.0,0.0,51.0,51.0,0.0,21.0,21.0,0.0,0.0,0.0,0.0,138.45,124.42,14.03,768.46,597.67,170.79,0.0,0.0,0.0,0.0,0.0,0.0,
335513,SEAGATE REHABILITATION AND NURSING CENTER,BROOKLYN,NY,Kings,47,2023Q1,20230106,358,7.0,7.0,0.0,57.4,57.4,0.0,27.0,27.0,0.0,0.0,0.0,0.0,161.81,132.01,29.8,778.9,631.27,147.63,0.0,0.0,0.0,0.0,0.0,0.0,
335513,SEAGATE REHABILITATION AND NURSING CENTER,BROOKLYN,NY,Kings,47,2023Q1,20230107,358,0.0,0.0,0.0,29.47,29.47,0.0,16.0,16.0,0.0,0.0,0.0,0.0,204.82,162.6,42.22,764.43,606.35,158.08,0.0,0.0,0.0,0.0,0.0,0.0,
335513,SEAGATE REHABILITATION AND NURSING CENTER,BROOKLYN,NY,Kings,47,2023Q1,20230108,358,0.0,0.0,0.0,36.5,36.5,0.0,41.37,41.37,0.0,0.0,0.0,0.0,184.48,149.72,34.76,704.33,595.19,109.14,0.0,0.0,0.0,0.0,0.0,0.0,
335513,SEAGATE REHABILITATION AND NURSING CENTER,BROOKLYN,NY,Kings,47,2023Q1,20230109,359,7.0,7.0,0.0,65.3,65.3,0.0,21.17,21.17,0.0,0.0,0.0,0.0,174.63,153.4,21.23,761.8,636.49,125.31,0.0,0.0,0.0,0.0,0.0,0.0,
335513,SEAGATE REHABILITATION AND NURSING CENTER,BROOKLYN,NY,Kings,47,2023Q1,20230110,358,7.0,7.0,0.0,62.01,60.13,1.88,19.0,19.0,0.0,0.0,0.0,0.0,199.04,179.11,19.93,769.25,617.11,152.14,0.0,0.0,0.0,0.0,0.0,0.0,
335513,SEAGATE REHABILITATION AND NURSING CENTER,BROOKLYN,NY,Kings,47,2023Q1,20230111,356,7.0,7.0,0.0,63.54,58.42,5.12,24.65,24.65,0.0,0.0,0.0,0.0,176.07,155.97,20.1,795.65,634.7,160.95,0.0,0.0,0.0,0.0,0.0,0.0,
335513,SEAGATE REHABILITATION AND NURSING CENTER,BROOKLYN,NY,Kings,47,2023Q1,20230112,359,7.0,7.0,0.0,63.92,63.92,0.0,19.0,19.0,0.0,0.0,0.0,0.0,194.58,177.7,16.88,799.91,626.33,173.58,0.0,0.0,0.0,0.0,0.0,0.0,
335513,SEAGATE REHABILITATION AND NURSING CENTER,BROOKLYN,NY,Kings,47,2023Q1,20230113,358,7.0,7.0,0.0,65.12,63.12,2.0,35.0,35.0,0.0,0.0,0.0,0.0,199.66,169.64,30.02,787.62,635.19,152.43,0.0,0.0,0.0,0.0,0.0,0.0,
335513,SEAGATE REHABILITATION AND NURSING CENTER,BROOKLYN,NY,Kings,47,2023Q1,20230114,355,0.0,0.0,0.0,19.37,12.0,7.37,29.53,29.53,0.0,0.0,0.0,0.0,154.08,126.21,27.87,753.47,597.07,156.4,0.0,0.0,0.0,0.0,0.0,0.0,
335513,SEAGATE REHABILITATION AND NURSING CENTER,BROOKLYN,NY,Kings,47,2023Q1,20230115,354,0.0,0.0,0.0,26.42,13.5,12.92,50.38,50.38,0.0,0.0,0.0,0.0,160.94,125.54,35.4,723.6,621.63,101.97,0.0,0.0,0.0,0.0,0.0,0.0,
335513,SEAGATE REHABILITATION AND NURSING CENTER,BROOKLYN,NY,Kings,47,2023Q1,20230116,351,7.0,7.0,0.0,37.55,32.33,5.22,27.85,27.85,0.0,0.0,0.0,0.0,187.17,161.37,25.8,767.41,576.51,190.9,0.0,0.0,0.0,0.0,0.0,0.0,
335513,SEAGATE REHABILITATION AND NURSING CENTER,BROOKLYN,NY,Kings,47,2023Q1,20230117,356,7.0,7.0,0.0,49.72,47.72,2.0,33.0,33.0,0.0,0.0,0.0,0.0,197.23,170.31,26.92,782.7,608.77,173.93,0.0,0.0,0.0,0.0,0.0,0.0,
335513,SEAGATE REHABILITATION AND NURSING CENTER,BROOKLYN,NY,Kings,47,2023Q1,20230118,359,7.0,7.0,0.0,63.87,58.87,5.0,22.75,22.75,0.0,0.0,0.0,0.0,179.05,160.87,18.18,787.81,628.11,159.7,0.0,0.0,0.0,0.0,0.0,0.0,
335513,SEAGATE REHABILITATION AND NURSING CENTER,BROOKLYN,NY,Kings,47,2023Q1,20230119,359,7.0,7.0,0.0,84.87,84.87,0.0,22.21,22.21,0.0,0.0,0.0,0.0,151.77,137.47,14.3,795.4,640.1,155.3,0.0,0.0,0.0,0.0,0.0,0.0,
335513,SEAGATE REHABILITATION AND NURSING CENTER,BROOKLYN,NY,Kings,47,2023Q1,20230120,356,7.0,7.0,0.0,75.87,71.87,4.0,27.37,27.37,0.0,0.0,0.0,0.0,146.76,118.03,28.73,788.52,643.82,144.7,0.0,0.0,0.0,0.0,0.0,0.0,
335513,SEAGATE REHABILITATION AND NURSING CENTER,BROOKLYN,NY,Kings,47,2023Q1,20230121,356,0.0,0.0,0.0,30.42,20.92,9.5,21.0,21.0,0.0,0.0,0.0,0.0,179.17,137.79,41.38,763.82,578.59,185.23,0.0,0.0,0.0,0.0,0.0,0.0,
335513,SEAGATE REHABILITATION AND NURSING CENTER,BROOKLYN,NY,Kings,47,2023Q1,20230122,355,0.0,0.0,0.0,28.42,28.42,0.0,22.0,22.0,0.0,0.0,0.0,0.0,177.22,144.92,32.3,710.36,575.38,134.98,0.0,0.0,0.0,0.0,0.0,0.0,
335513,SEAGATE REHABILITATION AND NURSING CENTER,BROOKLYN,NY,Kings,47,2023Q1,20230123,352,7.0,7.0,0.0,63.58,63.58,0.0,14.0,14.0,0.0,0.0,0.0,0.0,176.36,161.77,14.59,749.84,597.09,152.75,0.0,0.0,0.0,0.0,0.0,0.0,
335513,SEAGATE REHABILITATION AND NURSING CENTER,BROOKLYN,NY,Kings,47,2023Q1,20230124,355,7.0,7.0,0.0,55.65,53.92,1.73,19.0,19.0,0.0,0.0,0.0,0.0,170.1,149.1,21.0,769.83,595.54,174.29,0.0,0.0,0.0,0.0,0.0,0.0,
335513,SEAGATE REHABILITATION AND NURSING CENTER,BROOKLYN,NY,Kings,47,2023Q1,20230125,354,7.0,7.0,0.0,62.79,57.52,5.27,16.0,16.0,0.0,0.0,0.0,0.0,166.23,153.01,13.22,767.83,592.94,174.89,0.0,0.0,0.0,0.0,0.0,0.0,
335513,SEAGATE REHABILITATION AND NURSING CENTER,BROOKLYN,NY,Kings,47,2023Q1,20230126,355,7.0,7.0,0.0,49.51,49.51,0.0,21.0,21.0,0.0,0.0,0.0,0.0,181.12,147.21,33.91,808.88,567.5,241.38,0.0,0.0,0.0,0.0,0.0,0.0,
335513,SEAGATE REHABILITATION AND NURSING CENTER,BROOKLYN,NY,Kings,47,2023Q1,20230127,358,7.0,7.0,0.0,34.83,34.83,0.0,27.0,27.0,0.0,0.0,0.0,0.0,184.76,147.86,36.9,795.95,576.79,219.16,0.0,0.0,0.0,0.0,0.0,0.0,
335513,SEAGATE REHABILITATION AND NURSING CENTER,BROOKLYN,NY,Kings,47,2023Q1,20230128,358,0.0,0.0,0.0,13.96,12.13,1.83,22.82,22.82,0.0,0.0,0.0,0.0,155.28,113.2,42.08,740.13,537.15,202.98,0.0,0.0,0.0,0.0,0.0,0.0,
335513,SEAGATE REHABILITATION AND NURSING CENTER,BROOKLYN,NY,Kings,47,2023Q1,20230129,357,0.0,0.0,0.0,27.43,20.5,6.93,43.14,43.14,0.0,0.0,0.0,0.0,131.77,88.71,43.06,730.47,613.49,116.98,0.0,0.0,0.0,0.0,0.0,0.0,
335513,SEAGATE REHABILITATION AND NURSING CENTER,BROOKLYN,NY,Kings,47,2023Q1,20230130,357,7.0,7.0,0.0,57.53,52.3,5.23,28.0,28.0,0.0,0.0,0.0,0.0,220.54,180.27,40.27,776.85,586.75,190.1,0.0,0.0,0.0,0.0,0.0,0.0,
335513,SEAGATE REHABILITATION AND NURSING CENTER,BROOKLYN,NY,Kings,47,2023Q1,20230131,356,7.0,7.0,0.0,70.38,68.5,1.88,26.0,26.0,0.0,0.0,0.0,0.0,212.99,184.56,28.43,793.52,622.15,171.37,0.0,0.0,0.0,0.0,0.0,0.0,
335513,SEAGATE REHABILITATION AND NURSING CENTER,BROOKLYN,NY,Kings,47,2023Q1,20230201,352,7.0,7.0,0.0,77.95,72.83,5.12,23.0,23.0,0.0,0.0,0.0,0.0,209.43,164.16,45.27,813.99,615.42,198.57,0.0,0.0,0.0,0.0,0.0,0.0,
335513,SEAGATE REHABILITATION AND NURSING CENTER,BROOKLYN,NY,Kings,47,2023Q1,20230202,352,7.0,7.0,0.0,76.02,76.02,0.0,21.0,21.0,0.0,0.0,0.0,0.0,192.94,153.36,39.58,817.8,651.1,166.7,0.0,0.0,0.0,0.0,0.0,0.0,
335513,SEAGATE REHABILITATION AND NURSING CENTER,BROOKLYN,NY,Kings,47,2023Q1,20230203,353,7.0,7.0,0.0,66.28,62.28,4.0,35.25,35.25,0.0,0.0,0.0,0.0,221.3,157.23,64.07,860.71,607.23,253.48,0.0,0.0,0.0,0.0,0.0,0.0,
335513,SEAGATE REHABILITATION AND NURSING CENTER,BROOKLYN,NY,Kings,47,2023Q1,20230204,353,0.0,0.0,0.0,23.0,13.5,9.5,22.62,22.62,0.0,0.0,0.0,0.0,203.65,155.46,48.19,737.03,545.71,191.32,0.0,0.0,0.0,0.0,0.0,0.0,
335513,SEAGATE REHABILITATION AND NURSING CENTER,BROOKLYN,NY,Kings,47,2023Q1,20230205,352,0.0,0.0,0.0,29.52,29.52,0.0,50.83,50.83,0.0,0.0,0.0,0.0,194.34,139.92,54.42,732.98,559.46,173.52,0.0,0.0,0.0,0.0,0.0,0.0,
335513,SEAGATE REHABILITATION AND NURSING CENTER,BROOKLYN,NY,Kings,47,2023Q1,20230206,351,7.0,7.0,0.0,63.77,63.77,0.0,21.0,21.0,0.0,0.0,0.0,0.0,212.17,168.1,44.07,800.21,617.47,182.74,0.0,0.0,0.0,0.0,0.0,0.0,
335513,SEAGATE REHABILITATION AND NURSING CENTER,BROOKLYN,NY,Kings,47,2023Q1,20230207,350,7.0,7.0,0.0,49.65,47.83,1.82,26.0,26.0,0.0,0.0,0.0,0.0,200.62,163.54,37.08,802.75,626.53,176.22,0.0,0.0,0.0,0.0,0.0,0.0,
335513,SEAGATE REHABILITATION AND NURSING CENTER,BROOKLYN,NY,Kings,47,2023Q1,20230208,354,0.0,0.0,0.0,64.16,58.98,5.18,21.0,21.0,0.0,0.0,0.0,0.0,183.24,136.76,46.48,786.87,590.93,195.94,0.0,0.0,0.0,0.0,0.0,0.0,
335513,SEAGATE REHABILITATION AND NURSING CENTER,BROOKLYN,NY,Kings,47,2023Q1,20230209,357,7.0,7.0,0.0,61.9,61.9,0.0,21.0,21.0,0.0,0.0,0.0,0.0,196.96,153.2,43.76,788.32,596.91,191.41,0.0,0.0,0.0,0.0,0.0,0.0,
335513,SEAGATE REHABILITATION AND NURSING CENTER,BROOKLYN,NY,Kings,47,2023Q1,20230210,358,7.0,7.0,0.0,60.18,56.18,4.0,35.25,35.25,0.0,0.0,0.0,0.0,217.11,164.32,52.79,780.82,584.54,196.28,0.0,0.0,0.0,0.0,0.0,0.0,
335513,SEAGATE REHABILITATION AND NURSING CENTER,BROOKLYN,NY,Kings,47,2023Q1,20230211,357,0.0,0.0,0.0,24.58,13.5,11.08,22.8,22.8,0.0,0.0,0.0,0.0,219.13,143.83,75.3,742.78,523.38,219.4,0.0,0.0,0.0,0.0,0.0,0.0,
335513,SEAGATE REHABILITATION AND NURSING CENTER,BROOKLYN,NY,Kings,47,2023Q1,20230212,357,0.0,0.0,0.0,20.28,13.5,6.78,42.33,42.33,0.0,0.0,0.0,0.0,167.72,106.92,60.8,726.36,558.78,167.58,0.0,0.0,0.0,0.0,0.0,0.0,
335513,SEAGATE REHABILITATION AND NURSING CENTER,BROOKLYN,NY,Kings,47,2023Q1,20230213,358,7.0,7.0,0.0,43.35,37.72,5.63,21.0,21.0,0.0,0.0,0.0,0.0,196.17,156.49,39.68,767.69,551.35,216.34,0.0,0.0,0.0,0.0,0.0,0.0,
335513,SEAGATE REHABILITATION AND NURSING CENTER,BROOKLYN,NY,Kings,47,2023Q1,20230214,356,7.0,7.0,0.0,57.02,55.15,1.87,26.88,26.88,0.0,0.0,0.0,0.0,201.02,166.62,34.4,751.69,594.46,157.23,0.0,0.0,0.0,0.0,0.0,0.0,
335513,SEAGATE REHABILITATION AND NURSING CENTER,BROOKLYN,NY,Kings,47,2023Q1,20230215,354,7.0,7.0,0.0,70.05,64.92,5.13,16.0,16.0,0.0,0.0,0.0,0.0,201.23,168.25,32.98,791.61,624.48,167.13,0.0,0.0,0.0,0.0,0.0,0.0,
335513,SEAGATE REHABILITATION AND NURSING CENTER,BROOKLYN,NY,Kings,47,2023Q1,20230216,354,7.0,7.0,0.0,51.51,51.51,0.0,25.0,25.0,0.0,0.0,0.0,0.0,208.92,150.16,58.76,788.1,583.82,204.28,0.0,0.0,0.0,0.0,0.0,0.0,
335513,SEAGATE REHABILITATION AND NURSING CENTER,BROOKLYN,NY,Kings,47,2023Q1,20230217,350,7.0,7.0,0.0,56.39,56.39,0.0,33.97,33.97,0.0,0.0,0.0,0.0,204.68,160.7,43.98,780.56,555.54,225.02,0.0,0.0,0.0,0.0,0.0,0.0,
335513,SEAGATE REHABILITATION AND NURSING CENTER,BROOKLYN,NY,Kings,47,2023Q1,20230218,349,0.0,0.0,0.0,20.5,20.5,0.0,31.5,31.5,0.0,0.0,0.0,0.0,189.65,162.42,27.23,745.23,529.32,215.91,0.0,0.0,0.0,0.0,0.0,0.0,
335513,SEAGATE REHABILITATION AND NURSING CENTER,BROOKLYN,NY,Kings,47,2023Q1,20230219,350,7.0,7.0,0.0,21.08,21.08,0.0,49.88,49.88,0.0,0.0,0.0,0.0,174.36,141.48,32.88,743.47,584.39,159.08,0.0,0.0,0.0,0.0,0.0,0.0,
335513,SEAGATE REHABILITATION AND NURSING CENTER,BROOKLYN,NY,Kings,47,2023Q1,20230220,349,7.0,7.0,0.0,28.0,28.0,0.0,22.28,22.28,0.0,0.0,0.0,0.0,198.44,140.91,57.53,789.04,598.46,190.58,0.0,0.0,0.0,0.0,0.0,0.0,
335513,SEAGATE REHABILITATION AND NURSING CENTER,BROOKLYN,NY,Kings,47,2023Q1,20230221,354,7.0,7.0,0.0,41.8,39.92,1.88,26.0,26.0,0.0,0.0,0.0,0.0,189.79,141.45,48.34,788.7,591.68,197.02,0.0,0.0,0.0,0.0,0.0,0.0,
335513,SEAGATE REHABILITATION AND NURSING CENTER,BROOKLYN,NY,Kings,47,2023Q1,20230222,357,7.0,7.0,0.0,54.12,49.0,5.12,23.0,23.0,0.0,0.0,0.0,0.0,187.35,134.08,53.27,791.18,582.22,208.96,0.0,0.0,0.0,0.0,0.0,0.0,
335513,SEAGATE REHABILITATION AND NURSING CENTER,BROOKLYN,NY,Kings,47,2023Q1,20230223,358,7.0,7.0,0.0,45.57,45.57,0.0,21.32,21.32,0.0,0.0,0.0,0.0,190.31,154.23,36.08,779.46,572.27,207.19,0.0,0.0,0.0,0.0,0.0,0.0,
335513,SEAGATE REHABILITATION AND NURSING CENTER,BROOKLYN,NY,Kings,47,2023Q1,20230224,359,7.0,7.0,0.0,34.93,32.93,2.0,26.27,26.27,0.0,0.0,0.0,0.0,185.05,145.58,39.47,776.44,584.48,191.96,0.0,0.0,0.0,0.0,0.0,0.0,
335513,SEAGATE REHABILITATION AND NURSING CENTER,BROOKLYN,NY,Kings,47,2023Q1,20230225,357,0.0,0.0,0.0,22.8,15.8,7.0,37.0,37.0,0.0,0.0,0.0,0.0,159.21,102.37,56.84,761.28,511.28,250.0,0.0,0.0,0.0,0.0,0.0,0.0,
335513,SEAGATE REHABILITATION AND NURSING CENTER,BROOKLYN,NY,Kings,47,2023Q1,20230226,357,0.0,0.0,0.0,32.05,25.2,6.85,35.83,35.83,0.0,0.0,0.0,0.0,161.54,101.04,60.5,734.21,562.48,171.73,0.0,0.0,0.0,0.0,0.0,0.0,
335513,SEAGATE REHABILITATION AND NURSING CENTER,BROOKLYN,NY,Kings,47,2023Q1,20230227,359,7.0,7.0,0.0,28.05,22.9,5.15,28.0,28.0,0.0,0.0,0.0,0.0,210.8,167.3,43.5,761.87,567.53,194.34,0.0,0.0,0.0,0.0,0.0,0.0,
335513,SEAGATE REHABILITATION AND NURSING CENTER,BROOKLYN,NY,Kings,47,2023Q1,20230228,360,7.0,7.0,0.0,56.78,55.0,1.78,26.43,26.43,0.0,0.0,0.0,0.0,196.25,154.7,41.55,762.37,568.04,194.33,0.0,0.0,0.0,0.0,0.0,0.0,
335513,SEAGATE REHABILITATION AND NURSING CENTER,BROOKLYN,NY,Kings,47,2023Q1,20230301,360,7.0,7.0,0.0,63.67,58.45,5.22,23.0,23.0,0.0,0.0,0.0,0.0,198.53,141.45,57.08,781.46,603.48,177.98,0.0,0.0,0.0,0.0,0.0,0.0,
335513,SEAGATE REHABILITATION AND NURSING CENTER,BROOKLYN,NY,Kings,47,2023Q1,20230302,359,7.0,7.0,0.0,56.89,56.89,0.0,21.2,21.2,0.0,0.0,0.0,0.0,196.92,153.54,43.38,791.37,584.19,207.18,0.0,0.0,0.0,0.0,0.0,0.0,
335513,SEAGATE REHABILITATION AND NURSING CENTER,BROOKLYN,NY,Kings,47,2023Q1,20230303,357,7.0,7.0,0.0,56.57,54.75,1.82,19.0,19.0,0.0,0.0,0.0,0.0,214.49,173.83,40.66,810.18,554.43,255.75,0.0,0.0,0.0,0.0,0.0,0.0,
335513,SEAGATE REHABILITATION AND NURSING CENTER,BROOKLYN,NY,Kings,47,2023Q1,20230304,357,0.0,0.0,0.0,12.18,7.0,5.18,23.0,23.0,0.0,0.0,0.0,0.0,205.07,154.21,50.86,747.45,520.99,226.46,0.0,0.0,0.0,0.0,0.0,0.0,
335513,SEAGATE REHABILITATION AND NURSING CENTER,BROOKLYN,NY,Kings,47,2023Q1,20230305,355,0.0,0.0,0.0,15.3,15.3,0.0,35.58,35.58,0.0,0.0,0.0,0.0,171.68,115.01,56.67,748.6,559.7,188.9,0.0,0.0,0.0,0.0,0.0,0.0,
335513,SEAGATE REHABILITATION AND NURSING CENTER,BROOKLYN,NY,Kings,47,2023Q1,20230306,356,7.0,7.0,0.0,49.43,49.43,0.0,21.0,21.0,0.0,0.0,0.0,0.0,196.64,149.0,47.64,781.83,581.8,200.03,0.0,0.0,0.0,0.0,0.0,0.0,
335513,SEAGATE REHABILITATION AND NURSING CENTER,BROOKLYN,NY,Kings,47,2023Q1,20230307,357,7.0,7.0,0.0,63.67,61.8,1.87,41.5,41.5,0.0,0.0,0.0,0.0,208.17,166.25,41.92,782.03,584.76,197.27,0.0,0.0,0.0,0.0,0.0,0.0,
335513,SEAGATE REHABILITATION AND NURSING CENTER,BROOKLYN,NY,Kings,47,2023Q1,20230308,356,7.0,7.0,0.0,71.05,65.92,5.13,16.0,16.0,0.0,0.0,0.0,0.0,213.55,152.53,61.02,775.02,580.73,194.29,0.0,0.0,0.0,0.0,0.0,0.0,
335513,SEAGATE REHABILITATION AND NURSING CENTER,BROOKLYN,NY,Kings,47,2023Q1,20230309,354,7.0,7.0,0.0,75.43,75.43,0.0,14.0,14.0,0.0,0.0,0.0,0.0,205.01,155.16,49.85,784.71,584.22,200.49,0.0,0.0,0.0,0.0,0.0,0.0,
335513,SEAGATE REHABILITATION AND NURSING CENTER,BROOKLYN,NY,Kings,47,2023Q1,20230310,355,7.0,7.0,0.0,48.85,48.85,0.0,34.38,34.38,0.0,0.0,0.0,0.0,175.81,120.35,55.46,761.98,581.47,180.51,0.0,0.0,0.0,0.0,0.0,0.0,
335513,SEAGATE REHABILITATION AND NURSING CENTER,BROOKLYN,NY,Kings,47,2023Q1,20230311,355,0.0,0.0,0.0,13.5,13.5,0.0,30.0,30.0,0.0,0.0,0.0,0.0,195.97,121.18,74.79,743.87,505.81,238.06,0.0,0.0,0.0,0.0,0.0,0.0,
335513,SEAGATE REHABILITATION AND NURSING CENTER,BROOKLYN,NY,Kings,47,2023Q1,20230312,353,0.0,0.0,0.0,24.2,22.5,1.7,48.97,48.97,0.0,0.0,0.0,0.0,163.22,111.42,51.8,728.85,535.1,193.75,0.0,0.0,0.0,0.0,0.0,0.0,
335513,SEAGATE REHABILITATION AND NURSING CENTER,BROOKLYN,NY,Kings,47,2023Q1,20230313,355,7.0,7.0,0.0,60.25,54.95,5.3,28.0,28.0,0.0,0.0,0.0,0.0,211.22,170.64,40.58,765.97,566.38,199.59,0.0,0.0,0.0,0.0,0.0,0.0,
335513,SEAGATE REHABILITATION AND NURSING CENTER,BROOKLYN,NY,Kings,47,2023Q1,20230314,357,7.0,7.0,0.0,58.38,56.85,1.53,33.17,33.17,0.0,0.0,0.0,0.0,206.91,152.01,54.9,790.91,618.49,172.42,0.0,0.0,0.0,0.0,0.0,0.0,
335513,SEAGATE REHABILITATION AND NURSING CENTER,BROOKLYN,NY,Kings,47,2023Q1,20230315,358,7.0,7.0,0.0,77.77,72.3,5.47,23.0,23.0,0.0,0.0,0.0,0.0,185.39,143.45,41.94,796.43,628.98,167.45,0.0,0.0,0.0,0.0,0.0,0.0,
335513,SEAGATE REHABILITATION AND NURSING CENTER,BROOKLYN,NY,Kings,47,2023Q1,20230316,359,7.0,7.0,0.0,82.54,82.54,0.0,19.0,19.0,0.0,0.0,0.0,0.0,198.32,136.55,61.77,780.6,631.64,148.96,0.0,0.0,0.0,0.0,0.0,0.0,
335513,SEAGATE REHABILITATION AND NURSING CENTER,BROOKLYN,NY,Kings,47,2023Q1,20230317,360,7.0,7.0,0.0,53.0,49.0,4.0,29.33,29.33,0.0,0.0,0.0,0.0,204.85,157.22,47.63,764.85,603.2,161.65,0.0,0.0,0.0,0.0,0.0,0.0,
335513,SEAGATE REHABILITATION AND NURSING CENTER,BROOKLYN,NY,Kings,47,2023Q1,20230318,360,0.0,0.0,0.0,16.5,7.0,9.5,29.68,29.68,0.0,0.0,0.0,0.0,201.09,157.17,43.92,749.62,525.89,223.73,0.0,0.0,0.0,0.0,0.0,0.0,
335513,SEAGATE REHABILITATION AND NURSING CENTER,BROOKLYN,NY,Kings,47,2023Q1,20230319,359,0.0,0.0,0.0,29.63,29.63,0.0,50.42,50.42,0.0,0.0,0.0,0.0,175.42,129.52,45.9,720.49,584.21,136.28,0.0,0.0,0.0,0.0,0.0,0.0,
335513,SEAGATE REHABILITATION AND NURSING CENTER,BROOKLYN,NY,Kings,47,2023Q1,20230320,359,7.0,7.0,0.0,63.38,63.38,0.0,21.42,21.42,0.0,0.0,0.0,0.0,186.21,124.45,61.76,760.68,590.0,170.68,0.0,0.0,0.0,0.0,0.0,0.0,
335513,SEAGATE REHABILITATION AND NURSING CENTER,BROOKLYN,NY,Kings,47,2023Q1,20230321,358,7.0,7.0,0.0,72.13,68.73,3.4,27.0,27.0,0.0,0.0,0.0,0.0,195.82,120.06,75.76,751.37,543.57,207.8,0.0,0.0,0.0,0.0,0.0,0.0,
335513,SEAGATE REHABILITATION AND NURSING CENTER,BROOKLYN,NY,Kings,47,2023Q1,20230322,358,7.0,7.0,0.0,78.11,71.76,6.35,16.0,16.0,0.0,0.0,0.0,0.0,200.44,135.34,65.1,760.27,582.74,177.53,0.0,0.0,0.0,0.0,0.0,0.0,
335513,SEAGATE REHABILITATION AND NURSING CENTER,BROOKLYN,NY,Kings,47,2023Q1,20230323,357,7.0,7.0,0.0,69.3,69.3,0.0,21.0,21.0,0.0,0.0,0.0,0.0,209.55,153.86,55.69,753.99,582.95,171.04,0.0,0.0,0.0,0.0,0.0,0.0,
335513,SEAGATE REHABILITATION AND NURSING CENTER,BROOKLYN,NY,Kings,47,2023Q1,20230324,358,7.0,7.0,0.0,44.53,44.53,0.0,26.5,26.5,0.0,0.0,0.0,0.0,204.28,145.46,58.82,757.0,574.75,182.25,0.0,0.0,0.0,0.0,0.0,0.0,
335513,SEAGATE REHABILITATION AND NURSING CENTER,BROOKLYN,NY,Kings,47,2023Q1,20230325,358,0.0,0.0,0.0,27.75,25.75,2.0,24.43,24.43,0.0,0.0,0.0,0.0,170.71,81.31,89.4,724.4,538.53,185.87,0.0,0.0,0.0,0.0,0.0,0.0,
335513,SEAGATE REHABILITATION AND NURSING CENTER,BROOKLYN,NY,Kings,47,2023Q1,20230326,357,0.0,0.0,0.0,34.23,27.5,6.73,44.76,44.76,0.0,0.0,0.0,0.0,162.57,82.48,80.09,733.58,543.54,190.04,0.0,0.0,0.0,0.0,0.0,0.0,
335513,SEAGATE REHABILITATION AND NURSING CENTER,BROOKLYN,NY,Kings,47,2023Q1,20230327,358,7.0,7.0,0.0,57.07,51.8,5.27,28.0,28.0,0.0,0.0,0.0,0.0,227.98,167.23,60.75,754.78,564.74,190.04,0.0,0.0,0.0,0.0,0.0,0.0,
335513,SEAGATE REHABILITATION AND NURSING CENTER,BROOKLYN,NY,Kings,47,2023Q1,20230328,358,7.0,7.0,0.0,63.92,61.92,2.0,40.9,40.9,0.0,0.0,0.0,0.0,213.62,162.17,51.45,780.85,568.24,212.61,0.0,0.0,0.0,0.0,0.0,0.0,
335513,SEAGATE REHABILITATION AND NURSING CENTER,BROOKLYN,NY,Kings,47,2023Q1,20230329,357,7.0,7.0,0.0,77.12,72.12,5.0,23.0,23.0,0.0,0.0,0.0,0.0,212.52,147.62,64.9,776.93,621.82,155.11,0.0,0.0,0.0,0.0,0.0,0.0,
335513,SEAGATE REHABILITATION AND NURSING CENTER,BROOKLYN,NY,Kings,47,2023Q1,20230330,359,7.0,7.0,0.0,49.9,49.9,0.0,21.0,21.0,0.0,0.0,0.0,0.0,193.37,117.38,75.99,752.8,606.82,145.98,0.0,0.0,0.0,0.0,0.0,0.0,
335513,SEAGATE REHABILITATION AND NURSING CENTER,BROOKLYN,NY,Kings,47,2023Q1,20230331,359,7.0,7.0,0.0,55.95,53.95,2.0,40.68,40.68,0.0,0.0,0.0,0.0,192.04,128.58,63.46,758.18,588.28,169.9,0.0,0.0,0.0,0.0,0.0,0.0,
335513,SEAGATE REHABILITATION AND NURSING CENTER,BROOKLYN,NY,Kings,47,2023Q2,20230401,358,0.0,0.0,0.0,14.0,7.0,7.0,36.63,36.63,0.0,0.0,0.0,0.0,207.56,148.61,58.95,758.74,510.58,248.16,0.0,0.0,0.0,0.0,0.0,0.0,
335513,SEAGATE REHABILITATION AND NURSING CENTER,BROOKLYN,NY,Kings,47,2023Q2,20230402,357,0.0,0.0,0.0,14.02,9.02,5.0,41.65,41.65,0.0,0.0,0.0,0.0,193.65,138.59,55.06,723.31,543.96,179.35,0.0,0.0,0.0,0.0,0.0,0.0,
335513,SEAGATE REHABILITATION AND NURSING CENTER,BROOKLYN,NY,Kings,47,2023Q2,20230403,353,7.0,7.0,0.0,49.55,49.55,0.0,26.33,26.33,0.0,0.0,0.0,0.0,194.62,140.58,54.04,759.83,583.46,176.37,0.0,0.0,0.0,0.0,0.0,0.0,
335513,SEAGATE REHABILITATION AND NURSING CENTER,BROOKLYN,NY,Kings,47,2023Q2,20230404,355,7.0,7.0,0.0,41.76,40.23,1.53,34.73,34.73,0.0,0.0,0.0,0.0,223.77,162.3,61.47,755.78,561.46,194.32,0.0,0.0,0.0,0.0,0.0,0.0,
335513,SEAGATE REHABILITATION AND NURSING CENTER,BROOKLYN,NY,Kings,47,2023Q2,20230405,354,7.0,7.0,0.0,77.65,72.18,5.47,28.0,28.0,0.0,0.0,0.0,0.0,195.48,134.39,61.09,760.61,572.07,188.54,0.0,0.0,0.0,0.0,0.0,0.0,
335513,SEAGATE REHABILITATION AND NURSING CENTER,BROOKLYN,NY,Kings,47,2023Q2,20230406,354,7.0,7.0,0.0,57.4,57.4,0.0,14.0,14.0,0.0,0.0,0.0,0.0,215.21,146.78,68.43,786.89,550.06,236.83,0.0,0.0,0.0,0.0,0.0,0.0,
335513,SEAGATE REHABILITATION AND NURSING CENTER,BROOKLYN,NY,Kings,47,2023Q2,20230407,355,7.0,7.0,0.0,50.58,50.58,0.0,21.57,21.57,0.0,0.0,0.0,0.0,200.91,151.36,49.55,748.86,536.49,212.37,0.0,0.0,0.0,0.0,0.0,0.0,
335513,SEAGATE REHABILITATION AND NURSING CENTER,BROOKLYN,NY,Kings,47,2023Q2,20230408,355,0.0,0.0,0.0,25.8,23.95,1.85,34.73,34.73,0.0,0.0,0.0,0.0,176.81,105.68,71.13,731.94,504.84,227.1,0.0,0.0,0.0,0.0,0.0,0.0,
335513,SEAGATE REHABILITATION AND NURSING CENTER,BROOKLYN,NY,Kings,47,2023Q2,20230409,356,0.0,0.0,0.0,27.43,20.5,6.93,66.32,66.32,0.0,0.0,0.0,0.0,150.07,84.42,65.65,727.11,503.88,223.23,0.0,0.0,0.0,0.0,0.0,0.0,
335513,SEAGATE REHABILITATION AND NURSING CENTER,BROOKLYN,NY,Kings,47,2023Q2,20230410,358,7.0,7.0,0.0,63.1,57.88,5.22,21.0,21.0,0.0,0.0,0.0,0.0,209.28,157.16,52.12,744.39,542.01,202.38,0.0,0.0,0.0,0.0,0.0,0.0,
335513,SEAGATE REHABILITATION AND NURSING CENTER,BROOKLYN,NY,Kings,47,2023Q2,20230411,359,7.0,7.0,0.0,56.13,56.13,0.0,36.52,36.52,0.0,0.0,0.0,0.0,218.01,153.17,64.84,788.06,608.51,179.55,0.0,0.0,0.0,0.0,0.0,0.0,
335513,SEAGATE REHABILITATION AND NURSING CENTER,BROOKLYN,NY,Kings,47,2023Q2,20230412,359,7.0,7.0,0.0,41.56,41.56,0.0,14.55,14.55,0.0,0.0,0.0,0.0,224.28,153.23,71.05,782.35,606.59,175.76,0.0,0.0,0.0,0.0,0.0,0.0,
335513,SEAGATE REHABILITATION AND NURSING CENTER,BROOKLYN,NY,Kings,47,2023Q2,20230413,361,7.0,7.0,0.0,49.42,49.42,0.0,14.0,14.0,0.0,0.0,0.0,0.0,207.84,151.35,56.49,766.97,574.85,192.12,0.0,0.0,0.0,0.0,0.0,0.0,
335513,SEAGATE REHABILITATION AND NURSING CENTER,BROOKLYN,NY,Kings,47,2023Q2,20230414,360,7.0,7.0,0.0,40.0,40.0,0.0,29.0,29.0,0.0,0.0,0.0,0.0,209.42,151.82,57.6,765.41,596.32,169.09,0.0,0.0,0.0,0.0,0.0,0.0,
335513,SEAGATE REHABILITATION AND NURSING CENTER,BROOKLYN,NY,Kings,47,2023Q2,20230415,361,0.0,0.0,0.0,20.5,20.5,0.0,36.85,36.85,0.0,0.0,0.0,0.0,215.84,143.62,72.22,753.85,501.96,251.89,0.0,0.0,0.0,0.0,0.0,0.0,
335513,SEAGATE REHABILITATION AND NURSING CENTER,BROOKLYN,NY,Kings,47,2023Q2,20230416,358,0.0,0.0,0.0,23.0,23.0,0.0,49.81,49.81,0.0,0.0,0.0,0.0,195.15,126.58,68.57,741.96,556.35,185.61,0.0,0.0,0.0,0.0,0.0,0.0,
335513,SEAGATE REHABILITATION AND NURSING CENTER,BROOKLYN,NY,Kings,47,2023Q2,20230417,359,7.0,7.0,0.0,56.75,56.75,0.0,28.27,28.27,0.0,0.0,0.0,0.0,196.93,140.24,56.69,772.01,596.14,175.87,0.0,0.0,0.0,0.0,0.0,0.0,
335513,SEAGATE REHABILITATION AND NURSING CENTER,BROOKLYN,NY,Kings,47,2023Q2,20230418,357,7.0,7.0,0.0,56.61,54.83,1.78,48.1,48.1,0.0,0.0,0.0,0.0,192.85,124.84,68.01,770.31,601.66,168.65,0.0,0.0,0.0,0.0,0.0,0.0,
335513,SEAGATE REHABILITATION AND NURSING CENTER,BROOKLYN,NY,Kings,47,2023Q2,20230419,354,7.0,7.0,0.0,56.33,51.11,5.22,33.47,33.47,0.0,0.0,0.0,0.0,209.48,134.17,75.31,762.3,602.96,159.34,0.0,0.0,0.0,0.0,0.0,0.0,
335513,SEAGATE REHABILITATION AND NURSING CENTER,BROOKLYN,NY,Kings,47,2023Q2,20230420,355,7.0,7.0,0.0,65.14,65.14,0.0,21.0,21.0,0.0,0.0,0.0,0.0,214.46,159.09,55.37,783.01,542.16,240.85,0.0,0.0,0.0,0.0,0.0,0.0,
335513,SEAGATE REHABILITATION AND NURSING CENTER,BROOKLYN,NY,Kings,47,2023Q2,20230421,356,7.0,7.0,0.0,54.58,52.78,1.8,19.67,19.67,0.0,0.0,0.0,0.0,208.6,142.21,66.39,767.51,562.51,205.0,0.0,0.0,0.0,0.0,0.0,0.0,
335513,SEAGATE REHABILITATION AND NURSING CENTER,BROOKLYN,NY,Kings,47,2023Q2,20230422,356,0.0,0.0,0.0,20.7,13.5,7.2,37.52,37.52,0.0,0.0,0.0,0.0,178.38,97.47,80.91,745.27,538.47,206.8,0.0,0.0,0.0,0.0,0.0,0.0,
335513,SEAGATE REHABILITATION AND NURSING CENTER,BROOKLYN,NY,Kings,47,2023Q2,20230423,354,0.0,0.0,0.0,40.53,35.53,5.0,59.33,59.33,0.0,0.0,0.0,0.0,165.31,88.05,77.26,750.88,618.26,132.62,0.0,0.0,0.0,0.0,0.0,0.0,
335513,SEAGATE REHABILITATION AND NURSING CENTER,BROOKLYN,NY,Kings,47,2023Q2,20230424,355,7.0,7.0,0.0,50.37,50.37,0.0,28.0,28.0,0.0,0.0,0.0,0.0,218.72,138.94,79.78,770.19,583.78,186.41,0.0,0.0,0.0,0.0,0.0,0.0,
335513,SEAGATE REHABILITATION AND NURSING CENTER,BROOKLYN,NY,Kings,47,2023Q2,20230425,357,7.0,7.0,0.0,62.54,60.72,1.82,33.37,33.37,0.0,0.0,0.0,0.0,212.73,154.95,57.78,754.45,538.76,215.69,0.0,0.0,0.0,0.0,0.0,0.0,
335513,SEAGATE REHABILITATION AND NURSING CENTER,BROOKLYN,NY,Kings,47,2023Q2,20230426,357,7.0,7.0,0.0,56.55,51.37,5.18,29.68,29.68,0.0,0.0,0.0,0.0,209.12,155.91,53.21,775.53,611.79,163.74,0.0,0.0,0.0,0.0,0.0,0.0,
335513,SEAGATE REHABILITATION AND NURSING CENTER,BROOKLYN,NY,Kings,47,2023Q2,20230427,355,7.0,7.0,0.0,55.15,55.15,0.0,29.67,29.67,0.0,0.0,0.0,0.0,210.99,142.2,68.79,782.8,586.9,195.9,0.0,0.0,0.0,0.0,0.0,0.0,
335513,SEAGATE REHABILITATION AND NURSING CENTER,BROOKLYN,NY,Kings,47,2023Q2,20230428,357,7.0,7.0,0.0,52.5,48.5,4.0,40.8,40.8,0.0,0.0,0.0,0.0,197.51,143.57,53.94,768.68,576.05,192.63,0.0,0.0,0.0,0.0,0.0,0.0,
335513,SEAGATE REHABILITATION AND NURSING CENTER,BROOKLYN,NY,Kings,47,2023Q2,20230429,356,0.0,0.0,0.0,26.8,15.58,11.22,29.83,29.83,0.0,0.0,0.0,0.0,199.49,108.04,91.45,752.3,497.88,254.42,0.0,0.0,0.0,0.0,0.0,0.0,
335513,SEAGATE REHABILITATION AND NURSING CENTER,BROOKLYN,NY,Kings,47,2023Q2,20230430,356,0.0,0.0,0.0,19.3,14.02,5.28,49.33,49.33,0.0,0.0,0.0,0.0,203.08,140.15,62.93,735.54,533.46,202.08,0.0,0.0,0.0,0.0,0.0,0.0,
335513,SEAGATE REHABILITATION AND NURSING CENTER,BROOKLYN,NY,Kings,47,2023Q2,20230501,353,7.0,7.0,0.0,77.1,77.1,0.0,28.83,28.83,0.0,0.0,0.0,0.0,198.2,127.58,70.62,747.76,571.81,175.95,0.0,0.0,0.0,0.0,0.0,0.0,
335513,SEAGATE REHABILITATION AND NURSING CENTER,BROOKLYN,NY,Kings,47,2023Q2,20230502,355,7.0,7.0,0.0,56.0,54.52,1.48,33.0,33.0,0.0,0.0,0.0,0.0,222.01,142.28,79.73,753.09,592.6,160.49,0.0,0.0,0.0,0.0,0.0,0.0,
335513,SEAGATE REHABILITATION AND NURSING CENTER,BROOKLYN,NY,Kings,47,2023Q2,20230503,356,7.0,7.0,0.0,71.44,65.92,5.52,23.0,23.0,0.0,0.0,0.0,0.0,182.37,136.87,45.5,761.74,569.27,192.47,0.0,0.0,0.0,0.0,0.0,0.0,
335513,SEAGATE REHABILITATION AND NURSING CENTER,BROOKLYN,NY,Kings,47,2023Q2,20230504,355,7.0,7.0,0.0,61.45,61.45,0.0,21.0,21.0,0.0,0.0,0.0,0.0,223.4,135.03,88.37,805.36,577.81,227.55,0.0,0.0,0.0,0.0,0.0,0.0,
335513,SEAGATE REHABILITATION AND NURSING CENTER,BROOKLYN,NY,Kings,47,2023Q2,20230505,354,7.0,7.0,0.0,52.72,48.72,4.0,39.77,39.77,0.0,0.0,0.0,0.0,195.52,144.22,51.3,780.0,568.73,211.27,0.0,0.0,0.0,0.0,0.0,0.0,
335513,SEAGATE REHABILITATION AND NURSING CENTER,BROOKLYN,NY,Kings,47,2023Q2,20230506,355,0.0,0.0,0.0,26.52,15.5,11.02,30.35,30.35,0.0,0.0,0.0,0.0,203.7,99.0,104.7,748.62,526.37,222.25,0.0,0.0,0.0,0.0,0.0,0.0,
335513,SEAGATE REHABILITATION AND NURSING CENTER,BROOKLYN,NY,Kings,47,2023Q2,20230507,354,0.0,0.0,0.0,25.83,18.5,7.33,49.0,49.0,0.0,0.0,0.0,0.0,141.9,51.22,90.68,722.66,548.13,174.53,0.0,0.0,0.0,0.0,0.0,0.0,
335513,SEAGATE REHABILITATION AND NURSING CENTER,BROOKLYN,NY,Kings,47,2023Q2,20230508,354,7.0,7.0,0.0,49.28,44.13,5.15,28.0,28.0,0.0,0.0,0.0,0.0,219.36,139.59,79.77,756.59,546.31,210.28,0.0,0.0,0.0,0.0,0.0,0.0,
335513,SEAGATE REHABILITATION AND NURSING CENTER,BROOKLYN,NY,Kings,47,2023Q2,20230509,356,7.0,7.0,0.0,56.94,56.94,0.0,26.0,26.0,0.0,0.0,0.0,0.0,193.9,128.83,65.07,765.04,562.0,203.04,0.0,0.0,0.0,0.0,0.0,0.0,
335513,SEAGATE REHABILITATION AND NURSING CENTER,BROOKLYN,NY,Kings,47,2023Q2,20230510,357,7.0,7.0,0.0,62.45,62.45,0.0,16.0,16.0,0.0,0.0,0.0,0.0,241.11,160.19,80.92,780.57,571.83,208.74,0.0,0.0,0.0,0.0,0.0,0.0,
335513,SEAGATE REHABILITATION AND NURSING CENTER,BROOKLYN,NY,Kings,47,2023Q2,20230511,356,7.0,7.0,0.0,49.9,49.9,0.0,28.0,28.0,0.0,0.0,0.0,0.0,202.78,147.47,55.31,765.49,551.81,213.68,0.0,0.0,0.0,0.0,0.0,0.0,
335513,SEAGATE REHABILITATION AND NURSING CENTER,BROOKLYN,NY,Kings,47,2023Q2,20230512,359,7.0,7.0,0.0,53.52,49.52,4.0,41.33,41.33,0.0,0.0,0.0,0.0,198.12,135.65,62.47,758.17,557.0,201.17,0.0,0.0,0.0,0.0,0.0,0.0,
335513,SEAGATE REHABILITATION AND NURSING CENTER,BROOKLYN,NY,Kings,47,2023Q2,20230513,357,0.0,0.0,0.0,30.23,20.5,9.73,25.0,25.0,0.0,0.0,0.0,0.0,198.0,115.8,82.2,731.97,489.65,242.32,0.0,0.0,0.0,0.0,0.0,0.0,
335513,SEAGATE REHABILITATION AND NURSING CENTER,BROOKLYN,NY,Kings,47,2023Q2,20230514,357,0.0,0.0,0.0,8.97,8.97,0.0,42.6,42.6,0.0,0.0,0.0,0.0,188.31,94.96,93.35,682.84,469.11,213.73,0.0,0.0,0.0,0.0,0.0,0.0,
335513,SEAGATE REHABILITATION AND NURSING CENTER,BROOKLYN,NY,Kings,47,2023Q2,20230515,356,7.0,7.0,0.0,68.46,68.46,0.0,21.0,21.0,0.0,0.0,0.0,0.0,207.06,132.96,74.1,777.62,600.45,177.17,0.0,0.0,0.0,0.0,0.0,0.0,
335513,SEAGATE REHABILITATION AND NURSING CENTER,BROOKLYN,NY,Kings,47,2023Q2,20230516,355,7.0,7.0,0.0,44.71,43.18,1.53,25.75,25.75,0.0,0.0,0.0,0.0,217.48,167.97,49.51,793.33,613.14,180.19,0.0,0.0,0.0,0.0,0.0,0.0,
335513,SEAGATE REHABILITATION AND NURSING CENTER,BROOKLYN,NY,Kings,47,2023Q2,20230517,356,7.0,7.0,0.0,61.7,56.23,5.47,9.0,9.0,0.0,0.0,0.0,0.0,214.66,161.33,53.33,780.01,575.56,204.45,0.0,0.0,0.0,0.0,0.0,0.0,
335513,SEAGATE REHABILITATION AND NURSING CENTER,BROOKLYN,NY,Kings,47,2023Q2,20230518,357,7.0,7.0,0.0,50.05,50.05,0.0,21.0,21.0,0.0,0.0,0.0,0.0,222.16,154.57,67.59,794.24,548.63,245.61,0.0,0.0,0.0,0.0,0.0,0.0,
335513,SEAGATE REHABILITATION AND NURSING CENTER,BROOKLYN,NY,Kings,47,2023Q2,20230519,359,7.0,7.0,0.0,53.0,49.0,4.0,19.0,19.0,0.0,0.0,0.0,0.0,200.36,136.0,64.36,760.93,535.39,225.54,0.0,0.0,0.0,0.0,0.0,0.0,
335513,SEAGATE REHABILITATION AND NURSING CENTER,BROOKLYN,NY,Kings,47,2023Q2,20230520,357,0.0,0.0,0.0,27.05,15.5,11.55,31.15,31.15,0.0,0.0,0.0,0.0,177.2,96.48,80.72,732.22,497.96,234.26,0.0,0.0,0.0,0.0,0.0,0.0,
335513,SEAGATE REHABILITATION AND NURSING CENTER,BROOKLYN,NY,Kings,47,2023Q2,20230521,356,0.0,0.0,0.0,32.05,25.5,6.55,35.53,35.53,0.0,0.0,0.0,0.0,178.68,94.38,84.3,740.59,559.31,181.28,0.0,0.0,0.0,0.0,0.0,0.0,
335513,SEAGATE REHABILITATION AND NURSING CENTER,BROOKLYN,NY,Kings,47,2023Q2,20230522,356,7.0,7.0,0.0,49.68,44.1,5.58,21.0,21.0,0.0,0.0,0.0,0.0,195.68,119.38,76.3,762.14,550.13,212.01,0.0,0.0,0.0,0.0,0.0,0.0,
335513,SEAGATE REHABILITATION AND NURSING CENTER,BROOKLYN,NY,Kings,47,2023Q2,20230523,352,7.0,7.0,0.0,49.67,47.8,1.87,21.32,21.32,0.0,0.0,0.0,0.0,208.01,141.55,66.46,778.7,576.56,202.14,0.0,0.0,0.0,0.0,0.0,0.0,
335513,SEAGATE REHABILITATION AND NURSING CENTER,BROOKLYN,NY,Kings,47,2023Q2,20230524,353,7.0,7.0,0.0,56.81,51.68,5.13,13.5,13.5,0.0,0.0,0.0,0.0,200.74,148.28,52.46,769.64,603.95,165.69,0.0,0.0,0.0,0.0,0.0,0.0,
335513,SEAGATE REHABILITATION AND NURSING CENTER,BROOKLYN,NY,Kings,47,2023Q2,20230525,354,7.0,7.0,0.0,56.67,56.67,0.0,20.5,20.5,0.0,0.0,0.0,0.0,183.87,114.99,68.88,763.45,564.55,198.9,0.0,0.0,0.0,0.0,0.0,0.0,
335513,SEAGATE REHABILITATION AND NURSING CENTER,BROOKLYN,NY,Kings,47,2023Q2,20230526,356,7.0,7.0,0.0,60.13,58.13,2.0,7.0,7.0,0.0,0.0,0.0,0.0,196.87,118.03,78.84,753.27,532.37,220.9,0.0,0.0,0.0,0.0,0.0,0.0,
335513,SEAGATE REHABILITATION AND NURSING CENTER,BROOKLYN,NY,Kings,47,2023Q2,20230527,355,0.0,0.0,0.0,12.0,7.0,5.0,38.11,38.11,0.0,0.0,0.0,0.0,189.67,98.42,91.25,755.21,507.49,247.72,0.0,0.0,0.0,0.0,0.0,0.0,
335513,SEAGATE REHABILITATION AND NURSING CENTER,BROOKLYN,NY,Kings,47,2023Q2,20230528,354,0.0,0.0,0.0,22.55,22.55,0.0,36.4,36.4,0.0,0.0,0.0,0.0,191.18,109.95,81.23,749.83,515.9,233.93,0.0,0.0,0.0,0.0,0.0,0.0,
335513,SEAGATE REHABILITATION AND NURSING CENTER,BROOKLYN,NY,Kings,47,2023Q2,20230529,353,7.0,7.0,0.0,34.82,34.82,0.0,21.88,21.88,0.0,0.0,0.0,0.0,200.99,115.16,85.83,775.83,539.2,236.63,0.0,0.0,0.0,0.0,0.0,0.0,
335513,SEAGATE REHABILITATION AND NURSING CENTER,BROOKLYN,NY,Kings,47,2023Q2,20230530,356,7.0,7.0,0.0,56.47,54.95,1.52,21.0,21.0,0.0,0.0,0.0,0.0,183.81,120.68,63.13,763.27,554.61,208.66,0.0,0.0,0.0,0.0,0.0,0.0,
335513,SEAGATE REHABILITATION AND NURSING CENTER,BROOKLYN,NY,Kings,47,2023Q2,20230531,355,7.0,7.0,0.0,49.58,44.1,5.48,28.55,28.55,0.0,0.0,0.0,0.0,182.0,137.17,44.83,763.82,561.1,202.72,0.0,0.0,0.0,0.0,0.0,0.0,
335513,SEAGATE REHABILITATION AND NURSING CENTER,BROOKLYN,NY,Kings,47,2023Q2,20230601,355,7.0,7.0,0.0,77.68,77.68,0.0,35.0,35.0,0.0,0.0,0.0,0.0,191.18,140.65,50.53,745.59,532.98,212.61,0.0,0.0,0.0,0.0,0.0,0.0,
335513,SEAGATE REHABILITATION AND NURSING CENTER,BROOKLYN,NY,Kings,47,2023Q2,20230602,359,7.0,7.0,0.0,72.02,68.02,4.0,40.0,40.0,0.0,0.0,0.0,0.0,197.96,136.87,61.09,765.01,508.99,256.02,0.0,0.0,0.0,0.0,0.0,0.0,
335513,SEAGATE REHABILITATION AND NURSING CENTER,BROOKLYN,NY,Kings,47,2023Q2,20230603,360,0.0,0.0,0.0,28.72,17.5,11.22,37.53,37.53,0.0,0.0,0.0,0.0,187.37,111.97,75.4,753.93,527.55,226.38,0.0,0.0,0.0,0.0,0.0,0.0,
335513,SEAGATE REHABILITATION AND NURSING CENTER,BROOKLYN,NY,Kings,47,2023Q2,20230604,360,0.0,0.0,0.0,37.7,30.5,7.2,48.5,48.5,0.0,0.0,0.0,0.0,161.07,88.2,72.87,749.05,573.82,175.23,0.0,0.0,0.0,0.0,0.0,0.0,
335513,SEAGATE REHABILITATION AND NURSING CENTER,BROOKLYN,NY,Kings,47,2023Q2,20230605,358,7.0,7.0,0.0,48.9,43.82,5.08,28.0,28.0,0.0,0.0,0.0,0.0,211.43,149.79,61.64,758.11,534.33,223.78,0.0,0.0,0.0,0.0,0.0,0.0,
335513,SEAGATE REHABILITATION AND NURSING CENTER,BROOKLYN,NY,Kings,47,2023Q2,20230606,357,7.0,7.0,0.0,56.58,54.85,1.73,25.83,25.83,0.0,0.0,0.0,0.0,213.01,160.35,52.66,777.99,567.57,210.42,0.0,0.0,0.0,0.0,0.0,0.0,
335513,SEAGATE REHABILITATION AND NURSING CENTER,BROOKLYN,NY,Kings,47,2023Q2,20230607,355,7.0,7.0,0.0,70.56,65.29,5.27,30.0,30.0,0.0,0.0,0.0,0.0,205.71,134.26,71.45,776.17,602.0,174.17,0.0,0.0,0.0,0.0,0.0,0.0,
335513,SEAGATE REHABILITATION AND NURSING CENTER,BROOKLYN,NY,Kings,47,2023Q2,20230608,354,7.0,7.0,0.0,66.6,66.6,0.0,28.0,28.0,0.0,0.0,0.0,0.0,214.42,151.25,63.17,786.77,557.65,229.12,0.0,0.0,0.0,0.0,0.0,0.0,
335513,SEAGATE REHABILITATION AND NURSING CENTER,BROOKLYN,NY,Kings,47,2023Q2,20230609,358,7.0,7.0,0.0,76.5,74.5,2.0,33.0,33.0,0.0,0.0,0.0,0.0,176.4,105.91,70.49,768.98,522.62,246.36,0.0,0.0,0.0,0.0,0.0,0.0,
335513,SEAGATE REHABILITATION AND NURSING CENTER,BROOKLYN,NY,Kings,47,2023Q2,20230610,358,0.0,0.0,0.0,20.5,13.5,7.0,37.0,37.0,0.0,0.0,0.0,0.0,199.41,123.15,76.26,761.28,491.54,269.74,0.0,0.0,0.0,0.0,0.0,0.0,
335513,SEAGATE REHABILITATION AND NURSING CENTER,BROOKLYN,NY,Kings,47,2023Q2,20230611,358,0.0,0.0,0.0,27.75,22.75,5.0,49.62,49.62,0.0,0.0,0.0,0.0,187.64,121.29,66.35,730.58,529.29,201.29,0.0,0.0,0.0,0.0,0.0,0.0,
335513,SEAGATE REHABILITATION AND NURSING CENTER,BROOKLYN,NY,Kings,47,2023Q2,20230612,361,7.0,7.0,0.0,45.79,45.79,0.0,28.0,28.0,0.0,0.0,0.0,0.0,199.12,125.5,73.62,782.15,545.05,237.1,0.0,0.0,0.0,0.0,0.0,0.0,
335513,SEAGATE REHABILITATION AND NURSING CENTER,BROOKLYN,NY,Kings,47,2023Q2,20230613,361,7.0,7.0,0.0,57.2,55.2,2.0,28.5,28.5,0.0,0.0,0.0,0.0,211.12,147.6,63.52,763.71,581.54,182.17,0.0,0.0,0.0,0.0,0.0,0.0,
335513,SEAGATE REHABILITATION AND NURSING CENTER,BROOKLYN,NY,Kings,47,2023Q2,20230614,360,7.0,7.0,0.0,53.5,48.5,5.0,28.0,28.0,0.0,0.0,0.0,0.0,198.16,137.05,61.11,785.36,587.75,197.61,0.0,0.0,0.0,0.0,0.0,0.0,
335513,SEAGATE REHABILITATION AND NURSING CENTER,BROOKLYN,NY,Kings,47,2023Q2,20230615,360,7.0,7.0,0.0,52.59,52.59,0.0,19.0,19.0,0.0,0.0,0.0,0.0,215.66,158.43,57.23,785.32,545.07,240.25,0.0,0.0,0.0,0.0,0.0,0.0,
335513,SEAGATE REHABILITATION AND NURSING CENTER,BROOKLYN,NY,Kings,47,2023Q2,20230616,359,7.0,7.0,0.0,51.15,47.15,4.0,29.02,29.02,0.0,0.0,0.0,0.0,203.53,127.51,76.02,770.22,514.63,255.59,0.0,0.0,0.0,0.0,0.0,0.0,
335513,SEAGATE REHABILITATION AND NURSING CENTER,BROOKLYN,NY,Kings,47,2023Q2,20230617,358,0.0,0.0,0.0,24.82,13.5,11.32,43.16,43.16,0.0,0.0,0.0,0.0,165.37,91.95,73.42,742.53,490.87,251.66,0.0,0.0,0.0,0.0,0.0,0.0,
335513,SEAGATE REHABILITATION AND NURSING CENTER,BROOKLYN,NY,Kings,47,2023Q2,20230618,357,0.0,0.0,0.0,35.0,27.5,7.5,50.65,50.65,0.0,0.0,0.0,0.0,144.29,72.23,72.06,760.14,581.61,178.53,0.0,0.0,0.0,0.0,0.0,0.0,
335513,SEAGATE REHABILITATION AND NURSING CENTER,BROOKLYN,NY,Kings,47,2023Q2,20230619,357,0.0,0.0,0.0,56.77,51.59,5.18,21.0,21.0,0.0,0.0,0.0,0.0,196.15,120.38,75.77,787.44,560.3,227.14,0.0,0.0,0.0,0.0,0.0,0.0,
335513,SEAGATE REHABILITATION AND NURSING CENTER,BROOKLYN,NY,Kings,47,2023Q2,20230620,357,0.0,0.0,0.0,48.83,47.13,1.7,25.87,25.87,0.0,0.0,0.0,0.0,196.83,143.07,53.76,769.82,575.62,194.2,0.0,0.0,0.0,0.0,0.0,0.0,
335513,SEAGATE REHABILITATION AND NURSING CENTER,BROOKLYN,NY,Kings,47,2023Q2,20230621,355,7.0,7.0,0.0,63.58,58.28,5.3,14.0,14.0,0.0,0.0,0.0,0.0,208.87,142.34,66.53,772.43,575.16,197.27,0.0,0.0,0.0,0.0,0.0,0.0,
335513,SEAGATE REHABILITATION AND NURSING CENTER,BROOKLYN,NY,Kings,47,2023Q2,20230622,355,0.0,0.0,0.0,70.79,70.79,0.0,7.0,7.0,0.0,0.0,0.0,0.0,208.86,146.91,61.95,779.45,552.4,227.05,0.0,0.0,0.0,0.0,0.0,0.0,
335513,SEAGATE REHABILITATION AND NURSING CENTER,BROOKLYN,NY,Kings,47,2023Q2,20230623,356,7.0,7.0,0.0,51.48,47.48,4.0,21.0,21.0,0.0,0.0,0.0,0.0,208.52,134.77,73.75,769.25,536.8,232.45,0.0,0.0,0.0,0.0,0.0,0.0,
335513,SEAGATE REHABILITATION AND NURSING CENTER,BROOKLYN,NY,Kings,47,2023Q2,20230624,358,0.0,0.0,0.0,23.0,13.5,9.5,30.8,30.8,0.0,0.0,0.0,0.0,203.26,135.26,68.0,763.78,454.01,309.77,0.0,0.0,0.0,0.0,0.0,0.0,
335513,SEAGATE REHABILITATION AND NURSING CENTER,BROOKLYN,NY,Kings,47,2023Q2,20230625,357,0.0,0.0,0.0,22.72,22.72,0.0,34.93,34.93,0.0,0.0,0.0,0.0,188.13,120.58,67.55,748.68,470.68,278.0,0.0,0.0,0.0,0.0,0.0,0.0,
335513,SEAGATE REHABILITATION AND NURSING CENTER,BROOKLYN,NY,Kings,47,2023Q2,20230626,358,7.0,7.0,0.0,63.12,63.12,0.0,25.15,25.15,0.0,0.0,0.0,0.0,197.83,133.88,63.95,782.17,561.83,220.34,0.0,0.0,0.0,0.0,0.0,0.0,
335513,SEAGATE REHABILITATION AND NURSING CENTER,BROOKLYN,NY,Kings,47,2023Q2,20230627,357,7.0,7.0,0.0,63.26,63.26,0.0,35.78,35.78,0.0,0.0,0.0,0.0,153.6,105.92,47.68,775.85,535.21,240.64,0.0,0.0,0.0,0.0,0.0,0.0,
335513,SEAGATE REHABILITATION AND NURSING CENTER,BROOKLYN,NY,Kings,47,2023Q2,20230628,360,7.0,7.0,0.0,72.38,72.38,0.0,23.83,23.83,0.0,0.0,0.0,0.0,195.82,136.53,59.29,782.44,542.83,239.61,0.0,0.0,0.0,0.0,0.0,0.0,
335513,SEAGATE REHABILITATION AND NURSING CENTER,BROOKLYN,NY,Kings,47,2023Q2,20230629,360,7.0,7.0,0.0,77.5,77.5,0.0,21.0,21.0,0.0,0.0,0.0,0.0,202.98,153.14,49.84,770.99,507.93,263.06,0.0,0.0,0.0,0.0,0.0,0.0,
335513,SEAGATE REHABILITATION AND NURSING CENTER,BROOKLYN,NY,Kings,47,2023Q2,20230630,359,7.0,7.0,0.0,67.9,67.9,0.0,40.2,40.2,0.0,0.0,0.0,0.0,191.74,149.98,41.76,778.03,523.22,254.81,0.0,0.0,0.0,0.0,0.0,0.0,
335513,SEAGATE REHABILITATION AND NURSING CENTER,BROOKLYN,NY,Kings,47,2023Q3,20230701,359,0.0,0.0,0.0,12.0,12.0,0.0,30.06,30.06,0.0,0.0,0.0,0.0,179.63,113.02,66.61,761.52,572.45,189.07,0.0,0.0,0.0,0.0,0.0,0.0,
335513,SEAGATE REHABILITATION AND NURSING CENTER,BROOKLYN,NY,Kings,47,2023Q3,20230702,358,0.0,0.0,0.0,7.0,7.0,0.0,62.87,55.99,6.88,0.0,0.0,0.0,165.68,93.93,71.75,723.47,611.34,112.13,0.0,0.0,0.0,0.0,0.0,0.0,
335513,SEAGATE REHABILITATION AND NURSING CENTER,BROOKLYN,NY,Kings,47,2023Q3,20230703,358,7.0,7.0,0.0,44.27,44.27,0.0,28.28,23.0,5.28,0.0,0.0,0.0,206.85,153.63,53.22,767.0,672.16,94.84,0.0,0.0,0.0,0.0,0.0,0.0,
335513,SEAGATE REHABILITATION AND NURSING CENTER,BROOKLYN,NY,Kings,47,2023Q3,20230704,359,7.0,7.0,0.0,18.73,18.73,0.0,34.87,32.87,2.0,0.0,0.0,0.0,217.38,172.3,45.08,757.34,628.4,128.94,0.0,0.0,0.0,0.0,0.0,0.0,
335513,SEAGATE REHABILITATION AND NURSING CENTER,BROOKLYN,NY,Kings,47,2023Q3,20230705,359,7.0,7.0,0.0,63.75,63.75,0.0,37.68,32.68,5.0,0.0,0.0,0.0,208.22,160.18,48.04,775.16,638.63,136.53,0.0,0.0,0.0,0.0,0.0,0.0,
335513,SEAGATE REHABILITATION AND NURSING CENTER,BROOKLYN,NY,Kings,47,2023Q3,20230706,358,7.0,7.0,0.0,63.23,63.23,0.0,39.8,39.8,0.0,0.0,0.0,0.0,201.07,155.48,45.59,763.89,641.67,122.22,0.0,0.0,0.0,0.0,0.0,0.0,
335513,SEAGATE REHABILITATION AND NURSING CENTER,BROOKLYN,NY,Kings,47,2023Q3,20230707,359,7.0,7.0,0.0,36.79,36.79,0.0,38.28,34.28,4.0,0.0,0.0,0.0,208.6,142.25,66.35,771.22,649.07,122.15,0.0,0.0,0.0,0.0,0.0,0.0,
335513,SEAGATE REHABILITATION AND NURSING CENTER,BROOKLYN,NY,Kings,47,2023Q3,20230708,359,0.0,0.0,0.0,7.18,7.18,0.0,56.5,45.0,11.5,0.0,0.0,0.0,199.0,138.54,60.46,751.1,597.48,153.62,0.0,0.0,0.0,0.0,0.0,0.0,
335513,SEAGATE REHABILITATION AND NURSING CENTER,BROOKLYN,NY,Kings,47,2023Q3,20230709,357,0.0,0.0,0.0,12.1,12.1,0.0,76.34,71.34,5.0,0.0,0.0,0.0,201.76,136.6,65.16,741.37,608.69,132.68,0.0,0.0,0.0,0.0,0.0,0.0,
335513,SEAGATE REHABILITATION AND NURSING CENTER,BROOKLYN,NY,Kings,47,2023Q3,20230710,354,7.0,7.0,0.0,35.55,35.55,0.0,41.7,41.7,0.0,0.0,0.0,0.0,195.15,148.42,46.73,780.72,645.92,134.8,0.0,0.0,0.0,0.0,0.0,0.0,
335513,SEAGATE REHABILITATION AND NURSING CENTER,BROOKLYN,NY,Kings,47,2023Q3,20230711,354,7.0,7.0,0.0,34.75,34.75,0.0,41.67,39.67,2.0,0.0,0.0,0.0,202.96,146.34,56.62,778.98,627.48,151.5,0.0,0.0,0.0,0.0,0.0,0.0,
335513,SEAGATE REHABILITATION AND NURSING CENTER,BROOKLYN,NY,Kings,47,2023Q3,20230712,353,7.0,7.0,0.0,34.55,34.55,0.0,38.57,33.57,5.0,0.0,0.0,0.0,212.5,153.65,58.85,795.63,646.65,148.98,0.0,0.0,0.0,0.0,0.0,0.0,
335513,SEAGATE REHABILITATION AND NURSING CENTER,BROOKLYN,NY,Kings,47,2023Q3,20230713,353,7.0,7.0,0.0,35.18,35.18,0.0,54.15,54.15,0.0,0.0,0.0,0.0,209.29,159.43,49.86,775.13,641.82,133.31,0.0,0.0,0.0,0.0,0.0,0.0,
335513,SEAGATE REHABILITATION AND NURSING CENTER,BROOKLYN,NY,Kings,47,2023Q3,20230714,357,7.0,7.0,0.0,28.13,28.13,0.0,61.56,61.56,0.0,0.0,0.0,0.0,203.15,157.3,45.85,779.69,619.18,160.51,0.0,0.0,0.0,0.0,0.0,0.0,
335513,SEAGATE REHABILITATION AND NURSING CENTER,BROOKLYN,NY,Kings,47,2023Q3,20230715,355,0.0,0.0,0.0,0.0,0.0,0.0,61.4,61.4,0.0,0.0,0.0,0.0,177.49,105.82,71.67,751.1,557.65,193.45,0.0,0.0,0.0,0.0,0.0,0.0,
335513,SEAGATE REHABILITATION AND NURSING CENTER,BROOKLYN,NY,Kings,47,2023Q3,20230716,353,0.0,0.0,0.0,7.0,7.0,0.0,51.51,51.51,0.0,0.0,0.0,0.0,169.0,100.41,68.59,760.98,631.98,129.0,0.0,0.0,0.0,0.0,0.0,0.0,
335513,SEAGATE REHABILITATION AND NURSING CENTER,BROOKLYN,NY,Kings,47,2023Q3,20230717,356,7.0,7.0,0.0,41.78,41.78,0.0,34.86,34.86,0.0,0.0,0.0,0.0,206.52,153.61,52.91,770.23,647.11,123.12,0.0,0.0,0.0,0.0,0.0,0.0,
335513,SEAGATE REHABILITATION AND NURSING CENTER,BROOKLYN,NY,Kings,47,2023Q3,20230718,356,7.0,7.0,0.0,42.72,42.72,0.0,48.64,48.64,0.0,0.0,0.0,0.0,200.09,139.5,60.59,769.54,637.5,132.04,0.0,0.0,0.0,0.0,0.0,0.0,
335513,SEAGATE REHABILITATION AND NURSING CENTER,BROOKLYN,NY,Kings,47,2023Q3,20230719,356,7.0,7.0,0.0,49.0,49.0,0.0,49.92,49.92,0.0,0.0,0.0,0.0,188.14,162.94,25.2,760.65,637.3,123.35,0.0,0.0,0.0,0.0,0.0,0.0,
335513,SEAGATE REHABILITATION AND NURSING CENTER,BROOKLYN,NY,Kings,47,2023Q3,20230720,359,7.0,7.0,0.0,42.15,42.15,0.0,33.28,33.28,0.0,0.0,0.0,0.0,188.78,130.93,57.85,782.86,660.62,122.24,0.0,0.0,0.0,0.0,0.0,0.0,
335513,SEAGATE REHABILITATION AND NURSING CENTER,BROOKLYN,NY,Kings,47,2023Q3,20230721,360,7.0,7.0,0.0,27.45,27.45,0.0,40.28,40.28,0.0,0.0,0.0,0.0,179.36,121.67,57.69,772.05,628.98,143.07,0.0,0.0,0.0,0.0,0.0,0.0,
335513,SEAGATE REHABILITATION AND NURSING CENTER,BROOKLYN,NY,Kings,47,2023Q3,20230722,360,0.0,0.0,0.0,0.0,0.0,0.0,43.18,43.18,0.0,0.0,0.0,0.0,204.79,129.46,75.33,753.77,607.52,146.25,0.0,0.0,0.0,0.0,0.0,0.0,
335513,SEAGATE REHABILITATION AND NURSING CENTER,BROOKLYN,NY,Kings,47,2023Q3,20230723,359,0.0,0.0,0.0,9.15,9.15,0.0,67.7,67.7,0.0,0.0,0.0,0.0,175.29,86.66,88.63,758.17,620.81,137.36,0.0,0.0,0.0,0.0,0.0,0.0,
335513,SEAGATE REHABILITATION AND NURSING CENTER,BROOKLYN,NY,Kings,47,2023Q3,20230724,361,7.0,7.0,0.0,39.18,39.18,0.0,28.0,28.0,0.0,0.0,0.0,0.0,193.33,132.86,60.47,770.33,644.96,125.37,0.0,0.0,0.0,0.0,0.0,0.0,
335513,SEAGATE REHABILITATION AND NURSING CENTER,BROOKLYN,NY,Kings,47,2023Q3,20230725,361,7.0,7.0,0.0,35.05,35.05,0.0,59.03,57.15,1.88,0.0,0.0,0.0,177.48,129.09,48.39,784.11,659.29,124.82,0.0,0.0,0.0,0.0,0.0,0.0,
335513,SEAGATE REHABILITATION AND NURSING CENTER,BROOKLYN,NY,Kings,47,2023Q3,20230726,359,7.0,7.0,0.0,55.98,55.98,0.0,35.02,29.9,5.12,0.0,0.0,0.0,178.19,152.84,25.35,781.6,672.39,109.21,0.0,0.0,0.0,0.0,0.0,0.0,
335513,SEAGATE REHABILITATION AND NURSING CENTER,BROOKLYN,NY,Kings,47,2023Q3,20230727,361,7.0,7.0,0.0,47.23,47.23,0.0,43.23,43.23,0.0,0.0,0.0,0.0,197.63,154.46,43.17,795.37,673.38,121.99,0.0,0.0,0.0,0.0,0.0,0.0,
335513,SEAGATE REHABILITATION AND NURSING CENTER,BROOKLYN,NY,Kings,47,2023Q3,20230728,359,7.0,7.0,0.0,36.47,36.47,0.0,63.49,59.49,4.0,0.0,0.0,0.0,169.23,121.28,47.95,772.4,589.11,183.29,0.0,0.0,0.0,0.0,0.0,0.0,
335513,SEAGATE REHABILITATION AND NURSING CENTER,BROOKLYN,NY,Kings,47,2023Q3,20230729,359,0.0,0.0,0.0,0.0,0.0,0.0,67.65,56.32,11.33,0.0,0.0,0.0,165.63,90.75,74.88,758.33,567.15,191.18,0.0,0.0,0.0,0.0,0.0,0.0,
335513,SEAGATE REHABILITATION AND NURSING CENTER,BROOKLYN,NY,Kings,47,2023Q3,20230730,359,0.0,0.0,0.0,14.0,14.0,0.0,83.69,76.79,6.9,0.0,0.0,0.0,167.27,71.07,96.2,753.11,633.42,119.69,0.0,0.0,0.0,0.0,0.0,0.0,
335513,SEAGATE REHABILITATION AND NURSING CENTER,BROOKLYN,NY,Kings,47,2023Q3,20230731,359,7.0,7.0,0.0,28.0,28.0,0.0,41.77,36.5,5.27,0.0,0.0,0.0,187.61,134.65,52.96,750.13,622.64,127.49,0.0,0.0,0.0,0.0,0.0,0.0,
335513,SEAGATE REHABILITATION AND NURSING CENTER,BROOKLYN,NY,Kings,47,2023Q3,20230801,357,7.0,7.0,0.0,28.0,28.0,0.0,52.78,51.18,1.6,0.0,0.0,0.0,188.97,124.57,64.4,772.48,631.68,140.8,0.0,0.0,0.0,0.0,0.0,0.0,
335513,SEAGATE REHABILITATION AND NURSING CENTER,BROOKLYN,NY,Kings,47,2023Q3,20230802,357,7.0,7.0,0.0,42.0,42.0,0.0,55.26,49.86,5.4,0.0,0.0,0.0,197.88,137.39,60.49,751.08,626.68,124.4,0.0,0.0,0.0,0.0,0.0,0.0,
335513,SEAGATE REHABILITATION AND NURSING CENTER,BROOKLYN,NY,Kings,47,2023Q3,20230803,356,7.0,7.0,0.0,37.0,37.0,0.0,31.57,31.57,0.0,0.0,0.0,0.0,195.2,145.37,49.83,777.51,621.35,156.16,0.0,0.0,0.0,0.0,0.0,0.0,
335513,SEAGATE REHABILITATION AND NURSING CENTER,BROOKLYN,NY,Kings,47,2023Q3,20230804,356,7.0,7.0,0.0,40.0,40.0,0.0,49.64,47.69,1.95,0.0,0.0,0.0,199.47,137.19,62.28,768.55,628.23,140.32,0.0,0.0,0.0,0.0,0.0,0.0,
335513,SEAGATE REHABILITATION AND NURSING CENTER,BROOKLYN,NY,Kings,47,2023Q3,20230805,355,0.0,0.0,0.0,0.0,0.0,0.0,49.55,44.5,5.05,0.0,0.0,0.0,203.25,116.75,86.5,753.44,598.5,154.94,0.0,0.0,0.0,0.0,0.0,0.0,
335513,SEAGATE REHABILITATION AND NURSING CENTER,BROOKLYN,NY,Kings,47,2023Q3,20230806,356,0.0,0.0,0.0,0.0,0.0,0.0,77.02,77.02,0.0,0.0,0.0,0.0,166.92,99.34,67.58,749.04,621.97,127.07,0.0,0.0,0.0,0.0,0.0,0.0,
335513,SEAGATE REHABILITATION AND NURSING CENTER,BROOKLYN,NY,Kings,47,2023Q3,20230807,357,7.0,7.0,0.0,42.55,42.55,0.0,40.07,40.07,0.0,0.0,0.0,0.0,191.91,120.13,71.78,763.92,643.37,120.55,0.0,0.0,0.0,0.0,0.0,0.0,
335513,SEAGATE REHABILITATION AND NURSING CENTER,BROOKLYN,NY,Kings,47,2023Q3,20230808,359,0.0,0.0,0.0,42.65,42.65,0.0,41.63,39.75,1.88,0.0,0.0,0.0,170.52,124.17,46.35,771.86,680.61,91.25,0.0,0.0,0.0,0.0,0.0,0.0,
335513,SEAGATE REHABILITATION AND NURSING CENTER,BROOKLYN,NY,Kings,47,2023Q3,20230809,357,0.0,0.0,0.0,49.83,49.83,0.0,41.21,36.09,5.12,0.0,0.0,0.0,187.37,142.05,45.32,775.77,654.15,121.62,0.0,0.0,0.0,0.0,0.0,0.0,
335513,SEAGATE REHABILITATION AND NURSING CENTER,BROOKLYN,NY,Kings,47,2023Q3,20230810,359,0.0,0.0,0.0,42.87,42.87,0.0,40.95,40.95,0.0,0.0,0.0,0.0,205.42,161.08,44.34,785.26,629.27,155.99,0.0,0.0,0.0,0.0,0.0,0.0,
335513,SEAGATE REHABILITATION AND NURSING CENTER,BROOKLYN,NY,Kings,47,2023Q3,20230811,355,7.0,7.0,0.0,41.95,41.95,0.0,55.89,55.89,0.0,0.0,0.0,0.0,202.98,140.79,62.19,773.36,611.43,161.93,0.0,0.0,0.0,0.0,0.0,0.0,
335513,SEAGATE REHABILITATION AND NURSING CENTER,BROOKLYN,NY,Kings,47,2023Q3,20230812,356,0.0,0.0,0.0,0.0,0.0,0.0,51.88,51.88,0.0,0.0,0.0,0.0,168.34,97.0,71.34,754.5,597.67,156.83,0.0,0.0,0.0,0.0,0.0,0.0,
335513,SEAGATE REHABILITATION AND NURSING CENTER,BROOKLYN,NY,Kings,47,2023Q3,20230813,355,0.0,0.0,0.0,0.0,0.0,0.0,37.07,37.07,0.0,0.0,0.0,0.0,160.72,86.85,73.87,750.31,653.69,96.62,0.0,0.0,0.0,0.0,0.0,0.0,
335513,SEAGATE REHABILITATION AND NURSING CENTER,BROOKLYN,NY,Kings,47,2023Q3,20230814,354,7.0,7.0,0.0,49.52,49.52,0.0,37.1,37.1,0.0,0.0,0.0,0.0,189.16,133.09,56.07,765.5,643.34,122.16,0.0,0.0,0.0,0.0,0.0,0.0,
335513,SEAGATE REHABILITATION AND NURSING CENTER,BROOKLYN,NY,Kings,47,2023Q3,20230815,355,7.0,7.0,0.0,35.0,35.0,0.0,57.0,57.0,0.0,0.0,0.0,0.0,177.58,120.99,56.59,769.61,630.49,139.12,0.0,0.0,0.0,0.0,0.0,0.0,
335513,SEAGATE REHABILITATION AND NURSING CENTER,BROOKLYN,NY,Kings,47,2023Q3,20230816,356,7.0,7.0,0.0,56.2,56.2,0.0,44.92,44.92,0.0,0.0,0.0,0.0,184.09,149.89,34.2,767.21,665.22,101.99,0.0,0.0,0.0,0.0,0.0,0.0,
335513,SEAGATE REHABILITATION AND NURSING CENTER,BROOKLYN,NY,Kings,47,2023Q3,20230817,357,7.0,7.0,0.0,49.93,49.93,0.0,22.4,22.4,0.0,0.0,0.0,0.0,206.34,146.5,59.84,782.93,672.29,110.64,0.0,0.0,0.0,0.0,0.0,0.0,
335513,SEAGATE REHABILITATION AND NURSING CENTER,BROOKLYN,NY,Kings,47,2023Q3,20230818,358,7.0,7.0,0.0,48.93,48.93,0.0,21.03,19.03,2.0,0.0,0.0,0.0,209.59,158.65,50.94,768.87,619.95,148.92,0.0,0.0,0.0,0.0,0.0,0.0,
335513,SEAGATE REHABILITATION AND NURSING CENTER,BROOKLYN,NY,Kings,47,2023Q3,20230819,357,0.0,0.0,0.0,0.0,0.0,0.0,30.71,23.71,7.0,0.0,0.0,0.0,191.73,130.88,60.85,729.24,606.21,123.03,0.0,0.0,0.0,0.0,0.0,0.0,
335513,SEAGATE REHABILITATION AND NURSING CENTER,BROOKLYN,NY,Kings,47,2023Q3,20230820,356,0.0,0.0,0.0,7.0,7.0,0.0,40.12,35.12,5.0,0.0,0.0,0.0,190.84,123.2,67.64,717.57,569.05,148.52,0.0,0.0,0.0,0.0,0.0,0.0,
335513,SEAGATE REHABILITATION AND NURSING CENTER,BROOKLYN,NY,Kings,47,2023Q3,20230821,358,7.0,7.0,0.0,51.0,51.0,0.0,46.43,46.43,0.0,0.0,0.0,0.0,186.02,127.55,58.47,778.42,667.38,111.04,0.0,0.0,0.0,0.0,0.0,0.0,
335513,SEAGATE REHABILITATION AND NURSING CENTER,BROOKLYN,NY,Kings,47,2023Q3,20230822,358,7.0,7.0,0.0,61.08,61.08,0.0,54.5,54.5,0.0,0.0,0.0,0.0,175.02,121.67,53.35,768.5,643.85,124.65,0.0,0.0,0.0,0.0,0.0,0.0,
335513,SEAGATE REHABILITATION AND NURSING CENTER,BROOKLYN,NY,Kings,47,2023Q3,20230823,357,7.0,7.0,0.0,62.8,62.8,0.0,33.71,33.71,0.0,0.0,0.0,0.0,176.82,149.85,26.97,757.89,640.81,117.08,0.0,0.0,0.0,0.0,0.0,0.0,
335513,SEAGATE REHABILITATION AND NURSING CENTER,BROOKLYN,NY,Kings,47,2023Q3,20230824,358,7.0,7.0,0.0,56.9,56.9,0.0,51.48,51.48,0.0,0.0,0.0,0.0,200.85,143.46,57.39,769.82,637.59,132.23,0.0,0.0,0.0,0.0,0.0,0.0,
335513,SEAGATE REHABILITATION AND NURSING CENTER,BROOKLYN,NY,Kings,47,2023Q3,20230825,354,7.0,7.0,0.0,49.5,49.5,0.0,49.7,45.7,4.0,0.0,0.0,0.0,183.95,123.52,60.43,781.03,606.1,174.93,0.0,0.0,0.0,0.0,0.0,0.0,
335513,SEAGATE REHABILITATION AND NURSING CENTER,BROOKLYN,NY,Kings,47,2023Q3,20230826,354,0.0,0.0,0.0,0.0,0.0,0.0,81.8,70.27,11.53,0.0,0.0,0.0,154.87,93.1,61.77,749.79,616.93,132.86,0.0,0.0,0.0,0.0,0.0,0.0,
335513,SEAGATE REHABILITATION AND NURSING CENTER,BROOKLYN,NY,Kings,47,2023Q3,20230827,354,0.0,0.0,0.0,7.0,7.0,0.0,91.0,84.35,6.65,0.0,0.0,0.0,165.38,93.08,72.3,744.0,664.62,79.38,0.0,0.0,0.0,0.0,0.0,0.0,
335513,SEAGATE REHABILITATION AND NURSING CENTER,BROOKLYN,NY,Kings,47,2023Q3,20230828,351,7.0,7.0,0.0,49.97,49.97,0.0,55.2,49.65,5.55,0.0,0.0,0.0,184.1,103.32,80.78,754.88,623.61,131.27,0.0,0.0,0.0,0.0,0.0,0.0,
335513,SEAGATE REHABILITATION AND NURSING CENTER,BROOKLYN,NY,Kings,47,2023Q3,20230829,353,7.0,7.0,0.0,49.22,49.22,0.0,56.86,54.93,1.93,0.0,0.0,0.0,182.05,117.5,64.55,787.92,670.45,117.47,0.0,0.0,0.0,0.0,0.0,0.0,
335513,SEAGATE REHABILITATION AND NURSING CENTER,BROOKLYN,NY,Kings,47,2023Q3,20230830,357,7.0,7.0,0.0,56.98,56.98,0.0,54.89,49.82,5.07,0.0,0.0,0.0,198.71,159.45,39.26,773.98,665.72,108.26,0.0,0.0,0.0,0.0,0.0,0.0,
335513,SEAGATE REHABILITATION AND NURSING CENTER,BROOKLYN,NY,Kings,47,2023Q3,20230831,360,7.0,7.0,0.0,56.97,56.97,0.0,42.45,42.45,0.0,0.0,0.0,0.0,181.75,129.78,51.97,768.8,649.83,118.97,0.0,0.0,0.0,0.0,0.0,0.0,
335513,SEAGATE REHABILITATION AND NURSING CENTER,BROOKLYN,NY,Kings,47,2023Q3,20230901,357,7.0,7.0,0.0,42.0,42.0,0.0,48.84,44.84,4.0,0.0,0.0,0.0,182.03,136.34,45.69,752.25,618.0,134.25,0.0,0.0,0.0,0.0,0.0,0.0,
335513,SEAGATE REHABILITATION AND NURSING CENTER,BROOKLYN,NY,Kings,47,2023Q3,20230902,357,0.0,0.0,0.0,0.0,0.0,0.0,57.43,47.93,9.5,0.0,0.0,0.0,194.15,117.87,76.28,744.98,609.41,135.57,0.0,0.0,0.0,0.0,0.0,0.0,
335513,SEAGATE REHABILITATION AND NURSING CENTER,BROOKLYN,NY,Kings,47,2023Q3,20230903,358,0.0,0.0,0.0,14.0,14.0,0.0,71.8,71.8,0.0,0.0,0.0,0.0,191.92,104.7,87.22,740.27,631.12,109.15,0.0,0.0,0.0,0.0,0.0,0.0,
335513,SEAGATE REHABILITATION AND NURSING CENTER,BROOKLYN,NY,Kings,47,2023Q3,20230904,358,7.0,7.0,0.0,14.0,14.0,0.0,64.93,64.93,0.0,0.0,0.0,0.0,184.3,104.43,79.87,727.94,612.64,115.3,0.0,0.0,0.0,0.0,0.0,0.0,
335513,SEAGATE REHABILITATION AND NURSING CENTER,BROOKLYN,NY,Kings,47,2023Q3,20230905,358,7.0,7.0,0.0,42.52,42.52,0.0,47.14,45.26,1.88,0.0,0.0,0.0,196.43,151.23,45.2,769.35,680.21,89.14,0.0,0.0,0.0,0.0,0.0,0.0,
335513,SEAGATE REHABILITATION AND NURSING CENTER,BROOKLYN,NY,Kings,47,2023Q3,20230906,359,7.0,7.0,0.0,63.8,63.8,0.0,39.93,34.81,5.12,0.0,0.0,0.0,179.09,126.8,52.29,796.59,667.99,128.6,0.0,0.0,0.0,0.0,0.0,0.0,
335513,SEAGATE REHABILITATION AND NURSING CENTER,BROOKLYN,NY,Kings,47,2023Q3,20230907,360,7.0,7.0,0.0,63.65,63.65,0.0,27.93,27.93,0.0,0.0,0.0,0.0,172.77,133.61,39.16,771.15,666.9,104.25,0.0,0.0,0.0,0.0,0.0,0.0,
335513,SEAGATE REHABILITATION AND NURSING CENTER,BROOKLYN,NY,Kings,47,2023Q3,20230908,355,7.0,7.0,0.0,47.87,47.87,0.0,42.87,38.87,4.0,0.0,0.0,0.0,193.11,148.72,44.39,750.72,608.4,142.32,0.0,0.0,0.0,0.0,0.0,0.0,
335513,SEAGATE REHABILITATION AND NURSING CENTER,BROOKLYN,NY,Kings,47,2023Q3,20230909,355,0.0,0.0,0.0,0.0,0.0,0.0,89.29,76.04,13.25,0.0,0.0,0.0,181.15,114.42,66.73,712.65,572.61,140.04,0.0,0.0,0.0,0.0,0.0,0.0,
335513,SEAGATE REHABILITATION AND NURSING CENTER,BROOKLYN,NY,Kings,47,2023Q3,20230910,354,0.0,0.0,0.0,0.0,0.0,0.0,75.42,63.35,12.07,0.0,0.0,0.0,165.01,100.16,64.85,749.68,665.18,84.5,0.0,0.0,0.0,0.0,0.0,0.0,
335513,SEAGATE REHABILITATION AND NURSING CENTER,BROOKLYN,NY,Kings,47,2023Q3,20230911,357,7.0,7.0,0.0,49.9,49.9,0.0,45.31,40.13,5.18,0.0,0.0,0.0,182.12,132.3,49.82,740.53,648.26,92.27,0.0,0.0,0.0,0.0,0.0,0.0,
335513,SEAGATE REHABILITATION AND NURSING CENTER,BROOKLYN,NY,Kings,47,2023Q3,20230912,355,7.0,7.0,0.0,49.18,49.18,0.0,43.85,41.98,1.87,0.0,0.0,0.0,181.58,152.57,29.01,775.16,672.12,103.04,0.0,0.0,0.0,0.0,0.0,0.0,
335513,SEAGATE REHABILITATION AND NURSING CENTER,BROOKLYN,NY,Kings,47,2023Q3,20230913,354,7.0,7.0,0.0,49.0,49.0,0.0,54.09,48.96,5.13,0.0,0.0,0.0,180.14,148.02,32.12,759.45,647.25,112.2,0.0,0.0,0.0,0.0,0.0,0.0,
335513,SEAGATE REHABILITATION AND NURSING CENTER,BROOKLYN,NY,Kings,47,2023Q3,20230914,354,7.0,7.0,0.0,49.0,49.0,0.0,44.0,44.0,0.0,0.0,0.0,0.0,179.89,140.45,39.44,772.25,666.92,105.33,0.0,0.0,0.0,0.0,0.0,0.0,
335513,SEAGATE REHABILITATION AND NURSING CENTER,BROOKLYN,NY,Kings,47,2023Q3,20230915,356,7.0,7.0,0.0,42.32,42.32,0.0,35.5,31.5,4.0,0.0,0.0,0.0,178.12,136.11,42.01,783.3,685.12,98.18,0.0,0.0,0.0,0.0,0.0,0.0,
335513,SEAGATE REHABILITATION AND NURSING CENTER,BROOKLYN,NY,Kings,47,2023Q3,20230916,357,0.0,0.0,0.0,0.0,0.0,0.0,51.69,42.19,9.5,0.0,0.0,0.0,182.24,127.79,54.45,749.48,652.8,96.68,0.0,0.0,0.0,0.0,0.0,0.0,
335513,SEAGATE REHABILITATION AND NURSING CENTER,BROOKLYN,NY,Kings,47,2023Q3,20230917,356,0.0,0.0,0.0,0.0,0.0,0.0,45.06,45.06,0.0,0.0,0.0,0.0,175.66,114.06,61.6,759.43,651.93,107.5,0.0,0.0,0.0,0.0,0.0,0.0,
335513,SEAGATE REHABILITATION AND NURSING CENTER,BROOKLYN,NY,Kings,47,2023Q3,20230918,357,7.0,7.0,0.0,35.0,35.0,0.0,49.48,49.48,0.0,0.0,0.0,0.0,199.32,144.15,55.17,764.2,688.38,75.82,0.0,0.0,0.0,0.0,0.0,0.0,
335513,SEAGATE REHABILITATION AND NURSING CENTER,BROOKLYN,NY,Kings,47,2023Q3,20230919,356,7.0,7.0,0.0,42.0,42.0,0.0,59.69,59.69,0.0,0.0,0.0,0.0,180.59,120.17,60.42,769.94,661.32,108.62,0.0,0.0,0.0,0.0,0.0,0.0,
335513,SEAGATE REHABILITATION AND NURSING CENTER,BROOKLYN,NY,Kings,47,2023Q3,20230920,356,7.0,7.0,0.0,42.0,42.0,0.0,38.75,38.75,0.0,0.0,0.0,0.0,195.25,147.28,47.97,768.81,659.35,109.46,0.0,0.0,0.0,0.0,0.0,0.0,
335513,SEAGATE REHABILITATION AND NURSING CENTER,BROOKLYN,NY,Kings,47,2023Q3,20230921,356,7.0,7.0,0.0,35.0,35.0,0.0,34.93,34.93,0.0,0.0,0.0,0.0,200.99,172.16,28.83,796.02,680.14,115.88,0.0,0.0,0.0,0.0,0.0,0.0,
335513,SEAGATE REHABILITATION AND NURSING CENTER,BROOKLYN,NY,Kings,47,2023Q3,20230922,355,7.0,7.0,0.0,42.0,42.0,0.0,32.97,28.97,4.0,0.0,0.0,0.0,195.66,144.55,51.11,788.09,699.84,88.25,0.0,0.0,0.0,0.0,0.0,0.0,
335513,SEAGATE REHABILITATION AND NURSING CENTER,BROOKLYN,NY,Kings,47,2023Q3,20230923,355,0.0,0.0,0.0,7.0,7.0,0.0,68.22,56.72,11.5,0.0,0.0,0.0,188.56,113.93,74.63,746.46,613.06,133.4,0.0,0.0,0.0,0.0,0.0,0.0,
335513,SEAGATE REHABILITATION AND NURSING CENTER,BROOKLYN,NY,Kings,47,2023Q3,20230924,354,0.0,0.0,0.0,7.0,7.0,0.0,84.63,77.63,7.0,0.0,0.0,0.0,178.39,107.24,71.15,755.54,656.04,99.5,0.0,0.0,0.0,0.0,0.0,0.0,
335513,SEAGATE REHABILITATION AND NURSING CENTER,BROOKLYN,NY,Kings,47,2023Q3,20230925,354,7.0,7.0,0.0,42.0,42.0,0.0,43.02,38.02,5.0,0.0,0.0,0.0,194.84,126.97,67.87,794.78,689.09,105.69,0.0,0.0,0.0,0.0,0.0,0.0,
335513,SEAGATE REHABILITATION AND NURSING CENTER,BROOKLYN,NY,Kings,47,2023Q3,20230926,356,7.0,7.0,0.0,42.0,42.0,0.0,56.01,54.48,1.53,0.0,0.0,0.0,191.36,149.0,42.36,783.05,664.18,118.87,0.0,0.0,0.0,0.0,0.0,0.0,
335513,SEAGATE REHABILITATION AND NURSING CENTER,BROOKLYN,NY,Kings,47,2023Q3,20230927,360,7.0,7.0,0.0,49.0,49.0,0.0,41.92,36.45,5.47,0.0,0.0,0.0,194.14,150.03,44.11,790.11,695.96,94.15,0.0,0.0,0.0,0.0,0.0,0.0,
335513,SEAGATE REHABILITATION AND NURSING CENTER,BROOKLYN,NY,Kings,47,2023Q3,20230928,358,7.0,7.0,0.0,42.0,42.0,0.0,42.63,42.63,0.0,0.0,0.0,0.0,163.41,139.11,24.3,787.2,674.37,112.83,0.0,0.0,0.0,0.0,0.0,0.0,
335513,SEAGATE REHABILITATION AND NURSING CENTER,BROOKLYN,NY,Kings,47,2023Q3,20230929,355,7.0,7.0,0.0,35.0,35.0,0.0,44.77,40.77,4.0,0.0,0.0,0.0,175.48,125.88,49.6,731.67,626.17,105.5,0.0,0.0,0.0,0.0,0.0,0.0,
335513,SEAGATE REHABILITATION AND NURSING CENTER,BROOKLYN,NY,Kings,47,2023Q3,20230930,353,0.0,0.0,0.0,0.0,0.0,0.0,49.68,40.18,9.5,0.0,0.0,0.0,179.28,145.06,34.22,720.76,638.01,82.75,0.0,0.0,0.0,0.0,0.0,0.0,
335513,SEAGATE REHABILITATION AND NURSING CENTER,BROOKLYN,NY,Kings,47,2023Q4,20231001,351,0.0,0.0,0.0,14.0,14.0,0.0,42.67,42.67,0.0,0.0,0.0,0.0,161.23,113.07,48.16,762.75,712.07,50.68,0.0,0.0,0.0,0.0,0.0,0.0,
335513,SEAGATE REHABILITATION AND NURSING CENTER,BROOKLYN,NY,Kings,47,2023Q4,20231002,354,7.0,7.0,0.0,35.0,35.0,0.0,35.0,35.0,0.0,0.0,0.0,0.0,180.56,132.07,48.49,745.13,688.51,56.62,0.0,0.0,0.0,0.0,0.0,0.0,
335513,SEAGATE REHABILITATION AND NURSING CENTER,BROOKLYN,NY,Kings,47,2023Q4,20231003,354,7.0,7.0,0.0,49.0,49.0,0.0,50.85,49.1,1.75,0.0,0.0,0.0,206.78,135.58,71.2,774.6,729.6,45.0,0.0,0.0,0.0,0.0,0.0,0.0,
335513,SEAGATE REHABILITATION AND NURSING CENTER,BROOKLYN,NY,Kings,47,2023Q4,20231004,352,7.0,7.0,0.0,56.62,56.62,0.0,47.62,42.37,5.25,0.0,0.0,0.0,181.16,156.33,24.83,751.89,706.57,45.32,0.0,0.0,0.0,0.0,0.0,0.0,
335513,SEAGATE REHABILITATION AND NURSING CENTER,BROOKLYN,NY,Kings,47,2023Q4,20231005,352,7.0,7.0,0.0,50.47,50.47,0.0,32.52,32.52,0.0,0.0,0.0,0.0,199.3,173.0,26.3,791.78,745.28,46.5,0.0,0.0,0.0,0.0,0.0,0.0,
335513,SEAGATE REHABILITATION AND NURSING CENTER,BROOKLYN,NY,Kings,47,2023Q4,20231006,353,7.0,7.0,0.0,42.88,42.88,0.0,37.32,35.32,2.0,0.0,0.0,0.0,213.37,151.26,62.11,743.67,698.6,45.07,0.0,0.0,0.0,0.0,0.0,0.0,
335513,SEAGATE REHABILITATION AND NURSING CENTER,BROOKLYN,NY,Kings,47,2023Q4,20231007,352,0.0,0.0,0.0,0.0,0.0,0.0,43.05,36.25,6.8,0.0,0.0,0.0,194.11,113.78,80.33,767.44,702.44,65.0,0.0,0.0,0.0,0.0,0.0,0.0,
335513,SEAGATE REHABILITATION AND NURSING CENTER,BROOKLYN,NY,Kings,47,2023Q4,20231008,350,0.0,0.0,0.0,21.0,21.0,0.0,61.23,56.03,5.2,0.0,0.0,0.0,146.08,77.05,69.03,730.51,672.69,57.82,0.0,0.0,0.0,0.0,0.0,0.0,
335513,SEAGATE REHABILITATION AND NURSING CENTER,BROOKLYN,NY,Kings,47,2023Q4,20231009,353,7.0,7.0,0.0,49.97,49.97,0.0,60.51,60.51,0.0,0.0,0.0,0.0,180.96,123.19,57.77,805.57,760.57,45.0,0.0,0.0,0.0,0.0,0.0,0.0,
335513,SEAGATE REHABILITATION AND NURSING CENTER,BROOKLYN,NY,Kings,47,2023Q4,20231010,353,7.0,7.0,0.0,56.07,56.07,0.0,62.38,60.71,1.67,0.0,0.0,0.0,172.23,128.34,43.89,791.0,757.5,33.5,0.0,0.0,0.0,0.0,0.0,0.0,
335513,SEAGATE REHABILITATION AND NURSING CENTER,BROOKLYN,NY,Kings,47,2023Q4,20231011,351,7.0,7.0,0.0,55.95,55.95,0.0,72.56,67.23,5.33,0.0,0.0,0.0,185.37,144.02,41.35,807.31,769.19,38.12,0.0,0.0,0.0,0.0,0.0,0.0,
335513,SEAGATE REHABILITATION AND NURSING CENTER,BROOKLYN,NY,Kings,47,2023Q4,20231012,348,7.0,7.0,0.0,56.78,56.78,0.0,68.73,68.73,0.0,0.0,0.0,0.0,179.96,112.24,67.72,793.47,765.47,28.0,0.0,0.0,0.0,0.0,0.0,0.0,
335513,SEAGATE REHABILITATION AND NURSING CENTER,BROOKLYN,NY,Kings,47,2023Q4,20231013,351,7.0,7.0,0.0,21.17,21.17,0.0,70.12,68.12,2.0,0.0,0.0,0.0,171.32,114.74,56.58,753.18,737.11,16.07,0.0,0.0,0.0,0.0,0.0,0.0,
335513,SEAGATE REHABILITATION AND NURSING CENTER,BROOKLYN,NY,Kings,47,2023Q4,20231014,351,0.0,0.0,0.0,0.0,0.0,0.0,62.02,57.02,5.0,0.0,0.0,0.0,182.75,128.03,54.72,727.45,687.24,40.21,0.0,0.0,0.0,0.0,0.0,0.0,
335513,SEAGATE REHABILITATION AND NURSING CENTER,BROOKLYN,NY,Kings,47,2023Q4,20231015,351,7.0,7.0,0.0,7.0,7.0,0.0,69.7,69.7,0.0,0.0,0.0,0.0,173.44,113.21,60.23,693.51,636.04,57.47,0.0,0.0,0.0,0.0,0.0,0.0,
335513,SEAGATE REHABILITATION AND NURSING CENTER,BROOKLYN,NY,Kings,47,2023Q4,20231016,352,0.0,0.0,0.0,42.5,42.5,0.0,51.0,51.0,0.0,0.0,0.0,0.0,188.83,135.3,53.53,763.34,722.84,40.5,0.0,0.0,0.0,0.0,0.0,0.0,
335513,SEAGATE REHABILITATION AND NURSING CENTER,BROOKLYN,NY,Kings,47,2023Q4,20231017,353,7.0,7.0,0.0,49.12,49.12,0.0,63.69,62.22,1.47,0.0,0.0,0.0,174.54,128.99,45.55,753.15,732.15,21.0,0.0,0.0,0.0,0.0,0.0,0.0,
335513,SEAGATE REHABILITATION AND NURSING CENTER,BROOKLYN,NY,Kings,47,2023Q4,20231018,354,7.0,7.0,0.0,49.18,49.18,0.0,58.48,52.95,5.53,0.0,0.0,0.0,185.29,145.17,40.12,775.02,739.69,35.33,0.0,0.0,0.0,0.0,0.0,0.0,
335513,SEAGATE REHABILITATION AND NURSING CENTER,BROOKLYN,NY,Kings,47,2023Q4,20231019,353,7.0,7.0,0.0,49.87,49.87,0.0,47.1,47.1,0.0,0.0,0.0,0.0,193.65,147.0,46.65,774.75,749.75,25.0,0.0,0.0,0.0,0.0,0.0,0.0,
335513,SEAGATE REHABILITATION AND NURSING CENTER,BROOKLYN,NY,Kings,47,2023Q4,20231020,353,7.0,7.0,0.0,35.23,35.23,0.0,54.03,52.76,1.27,0.0,0.0,0.0,165.53,112.05,53.48,767.75,744.88,22.87,0.0,0.0,0.0,0.0,0.0,0.0,
335513,SEAGATE REHABILITATION AND NURSING CENTER,BROOKLYN,NY,Kings,47,2023Q4,20231021,353,0.0,0.0,0.0,0.0,0.0,0.0,57.88,50.35,7.53,0.0,0.0,0.0,157.17,110.33,46.84,750.49,675.4,75.09,0.0,0.0,0.0,0.0,0.0,0.0,
335513,SEAGATE REHABILITATION AND NURSING CENTER,BROOKLYN,NY,Kings,47,2023Q4,20231022,351,0.0,0.0,0.0,14.0,14.0,0.0,77.18,70.26,6.92,0.0,0.0,0.0,154.95,112.17,42.78,729.71,661.91,67.8,0.0,0.0,0.0,0.0,0.0,0.0,
335513,SEAGATE REHABILITATION AND NURSING CENTER,BROOKLYN,NY,Kings,47,2023Q4,20231023,352,7.0,7.0,0.0,42.62,42.62,0.0,58.38,53.1,5.28,0.0,0.0,0.0,176.65,137.33,39.32,770.39,730.11,40.28,0.0,0.0,0.0,0.0,0.0,0.0,
335513,SEAGATE REHABILITATION AND NURSING CENTER,BROOKLYN,NY,Kings,47,2023Q4,20231024,355,7.0,7.0,0.0,49.8,49.8,0.0,72.29,70.77,1.52,0.0,0.0,0.0,187.92,137.4,50.52,789.42,749.29,40.13,0.0,0.0,0.0,0.0,0.0,0.0,
335513,SEAGATE REHABILITATION AND NURSING CENTER,BROOKLYN,NY,Kings,47,2023Q4,20231025,354,7.0,7.0,0.0,49.87,49.87,0.0,56.31,50.83,5.48,0.0,0.0,0.0,193.86,155.9,37.96,781.12,745.87,35.25,0.0,0.0,0.0,0.0,0.0,0.0,
335513,SEAGATE REHABILITATION AND NURSING CENTER,BROOKLYN,NY,Kings,47,2023Q4,20231026,354,7.0,7.0,0.0,49.98,49.98,0.0,42.15,42.15,0.0,0.0,0.0,0.0,158.36,119.91,38.45,776.03,748.65,27.38,0.0,0.0,0.0,0.0,0.0,0.0,
335513,SEAGATE REHABILITATION AND NURSING CENTER,BROOKLYN,NY,Kings,47,2023Q4,20231027,352,7.0,7.0,0.0,27.68,27.68,0.0,54.14,52.14,2.0,0.0,0.0,0.0,176.15,131.47,44.68,768.39,748.67,19.72,0.0,0.0,0.0,0.0,0.0,0.0,
335513,SEAGATE REHABILITATION AND NURSING CENTER,BROOKLYN,NY,Kings,47,2023Q4,20231028,350,0.0,0.0,0.0,0.0,0.0,0.0,65.05,60.05,5.0,0.0,0.0,0.0,178.51,138.83,39.68,757.89,718.41,39.48,0.0,0.0,0.0,0.0,0.0,0.0,
335513,SEAGATE REHABILITATION AND NURSING CENTER,BROOKLYN,NY,Kings,47,2023Q4,20231029,349,7.0,7.0,0.0,14.0,14.0,0.0,74.83,74.83,0.0,0.0,0.0,0.0,189.51,132.65,56.86,750.51,682.79,67.72,0.0,0.0,0.0,0.0,0.0,0.0,
335513,SEAGATE REHABILITATION AND NURSING CENTER,BROOKLYN,NY,Kings,47,2023Q4,20231030,349,0.0,0.0,0.0,35.55,35.55,0.0,53.24,53.24,0.0,0.0,0.0,0.0,186.15,147.82,38.33,773.55,725.72,47.83,0.0,0.0,0.0,0.0,0.0,0.0,
335513,SEAGATE REHABILITATION AND NURSING CENTER,BROOKLYN,NY,Kings,47,2023Q4,20231031,349,7.0,7.0,0.0,49.17,49.17,0.0,70.23,68.68,1.55,0.0,0.0,0.0,174.41,140.7,33.71,775.39,731.69,43.7,0.0,0.0,0.0,0.0,0.0,0.0,
335513,SEAGATE REHABILITATION AND NURSING CENTER,BROOKLYN,NY,Kings,47,2023Q4,20231101,351,7.0,7.0,0.0,49.5,49.5,0.0,46.95,41.5,5.45,0.0,0.0,0.0,175.49,144.12,31.37,769.1,734.1,35.0,0.0,0.0,0.0,0.0,0.0,0.0,
335513,SEAGATE REHABILITATION AND NURSING CENTER,BROOKLYN,NY,Kings,47,2023Q4,20231102,352,7.0,7.0,0.0,42.55,42.55,0.0,49.45,49.45,0.0,0.0,0.0,0.0,186.42,165.65,20.77,781.49,749.49,32.0,0.0,0.0,0.0,0.0,0.0,0.0,
335513,SEAGATE REHABILITATION AND NURSING CENTER,BROOKLYN,NY,Kings,47,2023Q4,20231103,351,7.0,7.0,0.0,48.77,48.77,0.0,66.63,64.63,2.0,0.0,0.0,0.0,148.8,131.2,17.6,777.47,745.9,31.57,0.0,0.0,0.0,0.0,0.0,0.0,
335513,SEAGATE REHABILITATION AND NURSING CENTER,BROOKLYN,NY,Kings,47,2023Q4,20231104,352,0.0,0.0,0.0,13.5,13.5,0.0,24.37,18.0,6.37,0.0,0.0,0.0,164.87,119.19,45.68,760.61,697.81,62.8,0.0,0.0,0.0,0.0,0.0,0.0,
335513,SEAGATE REHABILITATION AND NURSING CENTER,BROOKLYN,NY,Kings,47,2023Q4,20231105,351,0.0,0.0,0.0,14.0,14.0,0.0,40.03,32.4,7.63,0.0,0.0,0.0,158.63,137.2,21.43,759.55,688.92,70.63,0.0,0.0,0.0,0.0,0.0,0.0,
335513,SEAGATE REHABILITATION AND NURSING CENTER,BROOKLYN,NY,Kings,47,2023Q4,20231106,349,7.0,7.0,0.0,42.73,42.73,0.0,66.28,61.28,5.0,0.0,0.0,0.0,158.42,130.42,28.0,764.74,721.12,43.62,0.0,0.0,0.0,0.0,0.0,0.0,
335513,SEAGATE REHABILITATION AND NURSING CENTER,BROOKLYN,NY,Kings,47,2023Q4,20231107,346,7.0,7.0,0.0,56.33,56.33,0.0,40.35,38.57,1.78,0.0,0.0,0.0,197.34,148.43,48.91,777.7,718.75,58.95,0.0,0.0,0.0,0.0,0.0,0.0,
335513,SEAGATE REHABILITATION AND NURSING CENTER,BROOKLYN,NY,Kings,47,2023Q4,20231108,348,7.0,7.0,0.0,35.62,35.62,0.0,53.27,48.05,5.22,0.0,0.0,0.0,187.83,160.27,27.56,780.61,734.79,45.82,0.0,0.0,0.0,0.0,0.0,0.0,
335513,SEAGATE REHABILITATION AND NURSING CENTER,BROOKLYN,NY,Kings,47,2023Q4,20231109,348,7.0,7.0,0.0,42.82,42.82,0.0,60.95,60.95,0.0,0.0,0.0,0.0,188.28,148.53,39.75,760.5,734.98,25.52,0.0,0.0,0.0,0.0,0.0,0.0,
335513,SEAGATE REHABILITATION AND NURSING CENTER,BROOKLYN,NY,Kings,47,2023Q4,20231110,350,7.0,7.0,0.0,35.4,35.4,0.0,40.32,38.32,2.0,0.0,0.0,0.0,157.3,139.3,18.0,755.29,737.79,17.5,0.0,0.0,0.0,0.0,0.0,0.0,
335513,SEAGATE REHABILITATION AND NURSING CENTER,BROOKLYN,NY,Kings,47,2023Q4,20231111,349,0.0,0.0,0.0,0.0,0.0,0.0,51.0,46.0,5.0,0.0,0.0,0.0,191.67,158.87,32.8,758.24,698.8,59.44,0.0,0.0,0.0,0.0,0.0,0.0,
335513,SEAGATE REHABILITATION AND NURSING CENTER,BROOKLYN,NY,Kings,47,2023Q4,20231112,350,2.0,2.0,0.0,14.0,14.0,0.0,40.68,40.68,0.0,0.0,0.0,0.0,190.39,140.06,50.33,737.15,675.6,61.55,0.0,0.0,0.0,0.0,0.0,0.0,
335513,SEAGATE REHABILITATION AND NURSING CENTER,BROOKLYN,NY,Kings,47,2023Q4,20231113,355,12.0,12.0,0.0,49.98,49.98,0.0,38.21,38.21,0.0,0.0,0.0,0.0,162.76,141.42,21.34,758.74,709.61,49.13,0.0,0.0,0.0,0.0,0.0,0.0,
335513,SEAGATE REHABILITATION AND NURSING CENTER,BROOKLYN,NY,Kings,47,2023Q4,20231114,355,7.0,7.0,0.0,56.53,56.53,0.0,40.45,38.68,1.77,0.0,0.0,0.0,172.28,128.63,43.65,752.2,719.2,33.0,0.0,0.0,0.0,0.0,0.0,0.0,
335513,SEAGATE REHABILITATION AND NURSING CENTER,BROOKLYN,NY,Kings,47,2023Q4,20231115,357,7.0,7.0,0.0,49.73,49.73,0.0,57.95,52.72,5.23,0.0,0.0,0.0,157.01,141.18,15.83,761.01,731.18,29.83,0.0,0.0,0.0,0.0,0.0,0.0,
335513,SEAGATE REHABILITATION AND NURSING CENTER,BROOKLYN,NY,Kings,47,2023Q4,20231116,355,0.0,0.0,0.0,56.48,56.48,0.0,44.35,44.35,0.0,0.0,0.0,0.0,179.91,129.91,50.0,790.55,769.55,21.0,0.0,0.0,0.0,0.0,0.0,0.0,
335513,SEAGATE REHABILITATION AND NURSING CENTER,BROOKLYN,NY,Kings,47,2023Q4,20231117,357,7.0,7.0,0.0,35.0,35.0,0.0,46.17,44.17,2.0,0.0,0.0,0.0,186.61,141.59,45.02,757.05,734.38,22.67,0.0,0.0,0.0,0.0,0.0,0.0,
335513,SEAGATE REHABILITATION AND NURSING CENTER,BROOKLYN,NY,Kings,47,2023Q4,20231118,355,0.0,0.0,0.0,0.0,0.0,0.0,50.32,43.89,6.43,0.0,0.0,0.0,149.92,106.92,43.0,758.24,661.24,97.0,0.0,0.0,0.0,0.0,0.0,0.0,
335513,SEAGATE REHABILITATION AND NURSING CENTER,BROOKLYN,NY,Kings,47,2023Q4,20231119,354,0.0,0.0,0.0,21.0,21.0,0.0,36.32,28.77,7.55,0.0,0.0,0.0,171.2,113.97,57.23,757.47,680.12,77.35,0.0,0.0,0.0,0.0,0.0,0.0,
335513,SEAGATE REHABILITATION AND NURSING CENTER,BROOKLYN,NY,Kings,47,2023Q4,20231120,355,7.0,7.0,0.0,49.83,49.83,0.0,63.24,58.22,5.02,0.0,0.0,0.0,184.54,133.33,51.21,784.46,751.85,32.61,0.0,0.0,0.0,0.0,0.0,0.0,
335513,SEAGATE REHABILITATION AND NURSING CENTER,BROOKLYN,NY,Kings,47,2023Q4,20231121,355,7.0,7.0,0.0,57.17,57.17,0.0,42.72,42.72,0.0,0.0,0.0,0.0,155.24,110.12,45.12,772.89,743.22,29.67,0.0,0.0,0.0,0.0,0.0,0.0,
335513,SEAGATE REHABILITATION AND NURSING CENTER,BROOKLYN,NY,Kings,47,2023Q4,20231122,356,7.0,7.0,0.0,56.67,56.67,0.0,62.13,62.13,0.0,0.0,0.0,0.0,171.01,134.27,36.74,789.91,762.13,27.78,0.0,0.0,0.0,0.0,0.0,0.0,
335513,SEAGATE REHABILITATION AND NURSING CENTER,BROOKLYN,NY,Kings,47,2023Q4,20231123,356,0.0,0.0,0.0,7.0,7.0,0.0,29.55,29.55,0.0,0.0,0.0,0.0,209.16,147.73,61.43,747.5,726.5,21.0,0.0,0.0,0.0,0.0,0.0,0.0,
335513,SEAGATE REHABILITATION AND NURSING CENTER,BROOKLYN,NY,Kings,47,2023Q4,20231124,355,0.0,0.0,0.0,21.0,21.0,0.0,47.43,45.43,2.0,0.0,0.0,0.0,180.44,139.19,41.25,745.4,700.13,45.27,0.0,0.0,0.0,0.0,0.0,0.0,
335513,SEAGATE REHABILITATION AND NURSING CENTER,BROOKLYN,NY,Kings,47,2023Q4,20231125,356,0.0,0.0,0.0,7.0,7.0,0.0,52.77,45.77,7.0,0.0,0.0,0.0,166.85,123.12,43.73,754.63,695.8,58.83,0.0,0.0,0.0,0.0,0.0,0.0,
335513,SEAGATE REHABILITATION AND NURSING CENTER,BROOKLYN,NY,Kings,47,2023Q4,20231126,356,0.0,0.0,0.0,14.0,14.0,0.0,52.21,47.21,5.0,0.0,0.0,0.0,201.43,127.27,74.16,735.11,674.01,61.1,0.0,0.0,0.0,0.0,0.0,0.0,
335513,SEAGATE REHABILITATION AND NURSING CENTER,BROOKLYN,NY,Kings,47,2023Q4,20231127,353,7.0,7.0,0.0,49.98,49.98,0.0,43.47,43.47,0.0,0.0,0.0,0.0,153.17,124.67,28.5,726.72,678.72,48.0,0.0,0.0,0.0,0.0,0.0,0.0,
335513,SEAGATE REHABILITATION AND NURSING CENTER,BROOKLYN,NY,Kings,47,2023Q4,20231128,353,7.0,7.0,0.0,56.73,56.73,0.0,46.73,44.9,1.83,0.0,0.0,0.0,170.52,130.74,39.78,781.92,745.4,36.52,0.0,0.0,0.0,0.0,0.0,0.0,
335513,SEAGATE REHABILITATION AND NURSING CENTER,BROOKLYN,NY,Kings,47,2023Q4,20231129,352,7.0,7.0,0.0,49.75,49.75,0.0,58.24,53.07,5.17,0.0,0.0,0.0,180.36,167.14,13.22,753.55,727.95,25.6,0.0,0.0,0.0,0.0,0.0,0.0,
335513,SEAGATE REHABILITATION AND NURSING CENTER,BROOKLYN,NY,Kings,47,2023Q4,20231130,351,7.0,7.0,0.0,56.5,56.5,0.0,56.16,56.16,0.0,0.0,0.0,0.0,165.84,135.84,30.0,740.33,719.33,21.0,0.0,0.0,0.0,0.0,0.0,0.0,
335513,SEAGATE REHABILITATION AND NURSING CENTER,BROOKLYN,NY,Kings,47,2023Q4,20231201,351,7.0,7.0,0.0,36.57,36.57,0.0,45.87,43.87,2.0,0.0,0.0,0.0,164.72,133.97,30.75,755.7,738.24,17.46,0.0,0.0,0.0,0.0,0.0,0.0,
335513,SEAGATE REHABILITATION AND NURSING CENTER,BROOKLYN,NY,Kings,47,2023Q4,20231202,350,0.0,0.0,0.0,12.95,12.95,0.0,40.02,33.02,7.0,0.0,0.0,0.0,151.4,106.28,45.12,736.52,645.86,90.66,0.0,0.0,0.0,0.0,0.0,0.0,
335513,SEAGATE REHABILITATION AND NURSING CENTER,BROOKLYN,NY,Kings,47,2023Q4,20231203,349,0.0,0.0,0.0,28.0,28.0,0.0,34.52,27.6,6.92,0.0,0.0,0.0,160.45,121.48,38.97,714.29,634.51,79.78,0.0,0.0,0.0,0.0,0.0,0.0,
335513,SEAGATE REHABILITATION AND NURSING CENTER,BROOKLYN,NY,Kings,47,2023Q4,20231204,350,7.0,7.0,0.0,56.88,56.88,0.0,68.01,62.93,5.08,0.0,0.0,0.0,167.56,120.73,46.83,752.16,716.48,35.68,0.0,0.0,0.0,0.0,0.0,0.0,
335513,SEAGATE REHABILITATION AND NURSING CENTER,BROOKLYN,NY,Kings,47,2023Q4,20231205,348,7.0,7.0,0.0,50.08,50.08,0.0,50.69,48.82,1.87,0.0,0.0,0.0,170.89,140.22,30.67,795.23,756.03,39.2,0.0,0.0,0.0,0.0,0.0,0.0,
335513,SEAGATE REHABILITATION AND NURSING CENTER,BROOKLYN,NY,Kings,47,2023Q4,20231206,346,7.0,7.0,0.0,56.67,56.67,0.0,68.43,63.3,5.13,0.0,0.0,0.0,168.68,126.68,42.0,774.02,731.99,42.03,0.0,0.0,0.0,0.0,0.0,0.0,
335513,SEAGATE REHABILITATION AND NURSING CENTER,BROOKLYN,NY,Kings,47,2023Q4,20231207,348,7.0,7.0,0.0,35.62,35.62,0.0,57.75,57.75,0.0,0.0,0.0,0.0,164.5,131.02,33.48,774.3,739.05,35.25,0.0,0.0,0.0,0.0,0.0,0.0,
335513,SEAGATE REHABILITATION AND NURSING CENTER,BROOKLYN,NY,Kings,47,2023Q4,20231208,348,7.0,7.0,0.0,21.67,21.67,0.0,59.7,59.7,0.0,0.0,0.0,0.0,158.48,112.23,46.25,761.32,750.68,10.64,0.0,0.0,0.0,0.0,0.0,0.0,
335513,SEAGATE REHABILITATION AND NURSING CENTER,BROOKLYN,NY,Kings,47,2023Q4,20231209,348,0.0,0.0,0.0,0.0,0.0,0.0,31.97,31.97,0.0,0.0,0.0,0.0,172.17,127.17,45.0,756.65,713.03,43.62,0.0,0.0,0.0,0.0,0.0,0.0,
335513,SEAGATE REHABILITATION AND NURSING CENTER,BROOKLYN,NY,Kings,47,2023Q4,20231210,346,0.0,0.0,0.0,21.0,21.0,0.0,34.96,34.96,0.0,0.0,0.0,0.0,181.81,117.08,64.73,739.98,682.52,57.46,0.0,0.0,0.0,0.0,0.0,0.0,
335513,SEAGATE REHABILITATION AND NURSING CENTER,BROOKLYN,NY,Kings,47,2023Q4,20231211,350,7.0,7.0,0.0,36.58,36.58,0.0,42.12,42.12,0.0,0.0,0.0,0.0,167.94,125.72,42.22,757.32,730.32,27.0,0.0,0.0,0.0,0.0,0.0,0.0,
335513,SEAGATE REHABILITATION AND NURSING CENTER,BROOKLYN,NY,Kings,47,2023Q4,20231212,353,7.0,7.0,0.0,43.22,43.22,0.0,42.35,42.35,0.0,0.0,0.0,0.0,137.29,105.36,31.93,777.98,748.33,29.65,0.0,0.0,0.0,0.0,0.0,0.0,
335513,SEAGATE REHABILITATION AND NURSING CENTER,BROOKLYN,NY,Kings,47,2023Q4,20231213,355,7.0,7.0,0.0,49.9,49.9,0.0,55.7,55.7,0.0,0.0,0.0,0.0,170.45,160.08,10.37,765.44,737.74,27.7,0.0,0.0,0.0,0.0,0.0,0.0,
335513,SEAGATE REHABILITATION AND NURSING CENTER,BROOKLYN,NY,Kings,47,2023Q4,20231214,357,7.0,7.0,0.0,50.08,50.08,0.0,54.86,54.86,0.0,0.0,0.0,0.0,157.6,127.8,29.8,759.4,723.43,35.97,0.0,0.0,0.0,0.0,0.0,0.0,
335513,SEAGATE REHABILITATION AND NURSING CENTER,BROOKLYN,NY,Kings,47,2023Q4,20231215,359,7.0,7.0,0.0,42.37,42.37,0.0,46.57,46.57,0.0,0.0,0.0,0.0,156.04,115.43,40.61,727.85,712.1,15.75,0.0,0.0,0.0,0.0,0.0,0.0,
335513,SEAGATE REHABILITATION AND NURSING CENTER,BROOKLYN,NY,Kings,47,2023Q4,20231216,358,0.0,0.0,0.0,14.0,14.0,0.0,36.1,36.1,0.0,0.0,0.0,0.0,166.99,99.59,67.4,752.14,670.18,81.96,0.0,0.0,0.0,0.0,0.0,0.0,
335513,SEAGATE REHABILITATION AND NURSING CENTER,BROOKLYN,NY,Kings,47,2023Q4,20231217,358,0.0,0.0,0.0,14.0,14.0,0.0,22.82,22.82,0.0,0.0,0.0,0.0,178.35,130.45,47.9,738.43,680.55,57.88,0.0,0.0,0.0,0.0,0.0,0.0,
335513,SEAGATE REHABILITATION AND NURSING CENTER,BROOKLYN,NY,Kings,47,2023Q4,20231218,359,7.0,7.0,0.0,49.53,49.53,0.0,59.6,59.6,0.0,0.0,0.0,0.0,168.26,132.93,35.33,721.06,686.24,34.82,0.0,0.0,0.0,0.0,0.0,0.0,
335513,SEAGATE REHABILITATION AND NURSING CENTER,BROOKLYN,NY,Kings,47,2023Q4,20231219,357,7.0,7.0,0.0,49.78,49.78,0.0,38.83,38.83,0.0,0.0,0.0,0.0,152.79,118.27,34.52,798.32,765.9,32.42,0.0,0.0,0.0,0.0,0.0,0.0,
335513,SEAGATE REHABILITATION AND NURSING CENTER,BROOKLYN,NY,Kings,47,2023Q4,20231220,355,7.0,7.0,0.0,42.55,42.55,0.0,46.33,46.33,0.0,0.0,0.0,0.0,158.92,138.38,20.54,794.27,770.27,24.0,0.0,0.0,0.0,0.0,0.0,0.0,
335513,SEAGATE REHABILITATION AND NURSING CENTER,BROOKLYN,NY,Kings,47,2023Q4,20231221,354,7.0,7.0,0.0,42.78,42.78,0.0,42.22,42.22,0.0,0.0,0.0,0.0,153.46,118.33,35.13,784.83,771.03,13.8,0.0,0.0,0.0,0.0,0.0,0.0,
335513,SEAGATE REHABILITATION AND NURSING CENTER,BROOKLYN,NY,Kings,47,2023Q4,20231222,353,7.0,7.0,0.0,49.22,49.22,0.0,75.14,75.14,0.0,0.0,0.0,0.0,132.32,90.02,42.3,747.97,714.12,33.85,0.0,0.0,0.0,0.0,0.0,0.0,
335513,SEAGATE REHABILITATION AND NURSING CENTER,BROOKLYN,NY,Kings,47,2023Q4,20231223,352,0.0,0.0,0.0,0.0,0.0,0.0,30.97,30.97,0.0,0.0,0.0,0.0,182.01,121.1,60.91,769.92,725.11,44.81,0.0,0.0,0.0,0.0,0.0,0.0,
335513,SEAGATE REHABILITATION AND NURSING CENTER,BROOKLYN,NY,Kings,47,2023Q4,20231224,352,0.0,0.0,0.0,7.0,7.0,0.0,18.93,18.93,0.0,0.0,0.0,0.0,198.42,123.98,74.44,753.06,720.75,32.31,0.0,0.0,0.0,0.0,0.0,0.0,
335513,SEAGATE REHABILITATION AND NURSING CENTER,BROOKLYN,NY,Kings,47,2023Q4,20231225,353,7.0,7.0,0.0,14.0,14.0,0.0,49.68,49.68,0.0,0.0,0.0,0.0,176.12,130.0,46.12,730.36,709.36,21.0,0.0,0.0,0.0,0.0,0.0,0.0,
335513,SEAGATE REHABILITATION AND NURSING CENTER,BROOKLYN,NY,Kings,47,2023Q4,20231226,356,7.0,7.0,0.0,43.52,43.52,0.0,55.3,55.3,0.0,0.0,0.0,0.0,157.25,130.13,27.12,793.34,767.34,26.0,0.0,0.0,0.0,0.0,0.0,0.0,
335513,SEAGATE REHABILITATION AND NURSING CENTER,BROOKLYN,NY,Kings,47,2023Q4,20231227,358,7.0,7.0,0.0,42.0,42.0,0.0,27.98,27.98,0.0,0.0,0.0,0.0,159.8,132.32,27.48,801.7,777.59,24.11,0.0,0.0,0.0,0.0,0.0,0.0,
335513,SEAGATE REHABILITATION AND NURSING CENTER,BROOKLYN,NY,Kings,47,2023Q4,20231228,356,7.0,7.0,0.0,42.0,42.0,0.0,43.86,43.86,0.0,0.0,0.0,0.0,174.73,146.96,27.77,786.17,740.63,45.54,0.0,0.0,0.0,0.0,0.0,0.0,
335513,SEAGATE REHABILITATION AND NURSING CENTER,BROOKLYN,NY,Kings,47,2023Q4,20231229,357,7.0,7.0,0.0,28.0,28.0,0.0,45.43,45.43,0.0,0.0,0.0,0.0,196.75,154.75,42.0,757.49,723.25,34.24,0.0,0.0,0.0,0.0,0.0,0.0,
335513,SEAGATE REHABILITATION AND NURSING CENTER,BROOKLYN,NY,Kings,47,2023Q4,20231230,357,0.0,0.0,0.0,7.0,7.0,0.0,51.16,51.16,0.0,0.0,0.0,0.0,139.52,108.75,30.77,739.49,655.39,84.1,0.0,0.0,0.0,0.0,0.0,0.0,
335513,SEAGATE REHABILITATION AND NURSING CENTER,BROOKLYN,NY,Kings,47,2023Q4,20231231,356,7.0,7.0,0.0,7.0,7.0,0.0,20.18,20.18,0.0,0.0,0.0,0.0,164.0,109.18,54.82,671.63,611.25,60.38,0.0,0.0,0.0,0.0,0.0,0.0,
335513,SEAGATE REHABILITATION AND NURSING CENTER,BROOKLYN,NY,Kings,47,2024Q1,20240101,355,7.0,7.0,0.0,13.5,13.5,0.0,50.6,50.6,0.0,0.0,0.0,0.0,128.43,89.24,39.19,631.6,610.02,21.58,0.0,0.0,0.0,0.0,0.0,0.0,
335513,SEAGATE REHABILITATION AND NURSING CENTER,BROOKLYN,NY,Kings,47,2024Q1,20240102,355,7.0,7.0,0.0,48.5,48.5,0.0,43.0,43.0,0.0,0.0,0.0,0.0,168.78,144.78,24.0,755.16,720.54,34.62,0.0,0.0,0.0,0.0,0.0,0.0,
335513,SEAGATE REHABILITATION AND NURSING CENTER,BROOKLYN,NY,Kings,47,2024Q1,20240103,356,7.0,7.0,0.0,55.0,55.0,0.0,39.44,39.44,0.0,0.0,0.0,0.0,145.5,131.5,14.0,770.62,744.89,25.73,0.0,0.0,0.0,0.0,0.0,0.0,
335513,SEAGATE REHABILITATION AND NURSING CENTER,BROOKLYN,NY,Kings,47,2024Q1,20240104,354,13.5,13.5,0.0,42.27,42.27,0.0,38.5,38.5,0.0,0.0,0.0,0.0,155.2,126.12,29.08,773.08,754.21,18.87,0.0,0.0,0.0,0.0,0.0,0.0,
335513,SEAGATE REHABILITATION AND NURSING CENTER,BROOKLYN,NY,Kings,47,2024Q1,20240105,353,7.0,7.0,0.0,48.75,48.75,0.0,35.7,33.7,2.0,0.0,0.0,0.0,146.02,111.67,34.35,756.33,749.81,6.52,0.0,0.0,0.0,0.0,0.0,0.0,
335513,SEAGATE REHABILITATION AND NURSING CENTER,BROOKLYN,NY,Kings,47,2024Q1,20240106,353,13.5,13.5,0.0,27.0,27.0,0.0,30.0,23.0,7.0,0.0,0.0,0.0,162.7,137.12,25.58,690.97,673.57,17.4,0.0,0.0,0.0,0.0,0.0,0.0,
335513,SEAGATE REHABILITATION AND NURSING CENTER,BROOKLYN,NY,Kings,47,2024Q1,20240107,351,7.0,7.0,0.0,20.5,20.5,0.0,19.0,14.0,5.0,0.0,0.0,0.0,173.8,137.13,36.67,710.47,693.47,17.0,0.0,0.0,0.0,0.0,0.0,0.0,
335513,SEAGATE REHABILITATION AND NURSING CENTER,BROOKLYN,NY,Kings,47,2024Q1,20240108,352,0.0,0.0,0.0,51.05,51.05,0.0,42.23,42.23,0.0,0.0,0.0,0.0,174.52,118.75,55.77,753.96,732.96,21.0,0.0,0.0,0.0,0.0,0.0,0.0,
335513,SEAGATE REHABILITATION AND NURSING CENTER,BROOKLYN,NY,Kings,47,2024Q1,20240109,352,0.0,0.0,0.0,53.63,53.63,0.0,43.79,41.82,1.97,0.0,0.0,0.0,165.86,112.52,53.34,769.64,748.64,21.0,0.0,0.0,0.0,0.0,0.0,0.0,
335513,SEAGATE REHABILITATION AND NURSING CENTER,BROOKLYN,NY,Kings,47,2024Q1,20240110,354,7.0,7.0,0.0,49.83,49.83,0.0,48.63,43.6,5.03,0.0,0.0,0.0,169.54,126.63,42.91,750.37,726.37,24.0,0.0,0.0,0.0,0.0,0.0,0.0,
335513,SEAGATE REHABILITATION AND NURSING CENTER,BROOKLYN,NY,Kings,47,2024Q1,20240111,357,2.0,2.0,0.0,55.65,55.65,0.0,40.23,40.23,0.0,0.0,0.0,0.0,193.57,130.54,63.03,757.7,738.13,19.57,0.0,0.0,0.0,0.0,0.0,0.0,
335513,SEAGATE REHABILITATION AND NURSING CENTER,BROOKLYN,NY,Kings,47,2024Q1,20240112,355,12.0,12.0,0.0,41.52,41.52,0.0,44.0,40.0,4.0,0.0,0.0,0.0,183.83,130.03,53.8,735.16,735.16,0.0,0.0,0.0,0.0,0.0,0.0,0.0,
335513,SEAGATE REHABILITATION AND NURSING CENTER,BROOKLYN,NY,Kings,47,2024Q1,20240113,354,0.0,0.0,0.0,20.5,20.5,0.0,26.85,15.5,11.35,0.0,0.0,0.0,142.82,102.32,40.5,682.84,625.17,57.67,0.0,0.0,0.0,0.0,0.0,0.0,
335513,SEAGATE REHABILITATION AND NURSING CENTER,BROOKLYN,NY,Kings,47,2024Q1,20240114,354,7.0,7.0,0.0,34.5,34.5,0.0,21.02,14.0,7.02,0.0,0.0,0.0,163.78,106.77,57.01,711.34,641.54,69.8,0.0,0.0,0.0,0.0,0.0,0.0,
335513,SEAGATE REHABILITATION AND NURSING CENTER,BROOKLYN,NY,Kings,47,2024Q1,20240115,353,0.0,0.0,0.0,23.25,23.25,0.0,33.26,28.13,5.13,0.0,0.0,0.0,173.22,137.35,35.87,734.07,709.32,24.75,0.0,0.0,0.0,0.0,0.0,0.0,
335513,SEAGATE REHABILITATION AND NURSING CENTER,BROOKLYN,NY,Kings,47,2024Q1,20240116,354,7.0,7.0,0.0,60.28,60.28,0.0,32.0,32.0,0.0,0.0,0.0,0.0,174.27,125.94,48.33,741.04,729.04,12.0,0.0,0.0,0.0,0.0,0.0,0.0,
335513,SEAGATE REHABILITATION AND NURSING CENTER,BROOKLYN,NY,Kings,47,2024Q1,20240117,355,7.0,7.0,0.0,56.23,56.23,0.0,38.0,38.0,0.0,0.0,0.0,0.0,177.71,144.17,33.54,719.44,698.39,21.05,0.0,0.0,0.0,0.0,0.0,0.0,
335513,SEAGATE REHABILITATION AND NURSING CENTER,BROOKLYN,NY,Kings,47,2024Q1,20240118,353,13.5,13.5,0.0,49.47,49.47,0.0,37.0,37.0,0.0,0.0,0.0,0.0,158.77,117.67,41.1,738.69,717.71,20.98,0.0,0.0,0.0,0.0,0.0,0.0,
335513,SEAGATE REHABILITATION AND NURSING CENTER,BROOKLYN,NY,Kings,47,2024Q1,20240119,352,7.0,7.0,0.0,49.27,49.27,0.0,52.52,44.0,8.52,0.0,0.0,0.0,172.6,132.55,40.05,745.98,742.23,3.75,0.0,0.0,0.0,0.0,0.0,0.0,
335513,SEAGATE REHABILITATION AND NURSING CENTER,BROOKLYN,NY,Kings,47,2024Q1,20240120,352,7.0,7.0,0.0,13.5,13.5,0.0,16.02,9.0,7.02,0.0,0.0,0.0,189.76,153.16,36.6,693.56,657.08,36.48,0.0,0.0,0.0,0.0,0.0,0.0,
335513,SEAGATE REHABILITATION AND NURSING CENTER,BROOKLYN,NY,Kings,47,2024Q1,20240121,352,0.0,0.0,0.0,20.5,20.5,0.0,14.33,14.33,0.0,0.0,0.0,0.0,195.97,154.52,41.45,644.4,620.51,23.89,0.0,0.0,0.0,0.0,0.0,0.0,
335513,SEAGATE REHABILITATION AND NURSING CENTER,BROOKLYN,NY,Kings,47,2024Q1,20240122,355,2.0,2.0,0.0,63.05,63.05,0.0,30.0,30.0,0.0,0.0,0.0,0.0,177.16,128.61,48.55,706.62,673.9,32.72,0.0,0.0,0.0,0.0,0.0,0.0,
335513,SEAGATE REHABILITATION AND NURSING CENTER,BROOKLYN,NY,Kings,47,2024Q1,20240123,355,18.5,18.5,0.0,69.47,69.47,0.0,44.0,42.0,2.0,0.0,0.0,0.0,188.9,132.55,56.35,717.92,677.65,40.27,0.0,0.0,0.0,0.0,0.0,0.0,
335513,SEAGATE REHABILITATION AND NURSING CENTER,BROOKLYN,NY,Kings,47,2024Q1,20240124,354,7.0,7.0,0.0,56.4,56.4,0.0,45.0,40.0,5.0,0.0,0.0,0.0,161.99,116.89,45.1,733.38,717.61,15.77,0.0,0.0,0.0,0.0,0.0,0.0,
335513,SEAGATE REHABILITATION AND NURSING CENTER,BROOKLYN,NY,Kings,47,2024Q1,20240125,353,7.0,7.0,0.0,62.7,62.7,0.0,28.25,28.25,0.0,0.0,0.0,0.0,182.08,121.8,60.28,682.34,659.57,22.77,0.0,0.0,0.0,0.0,0.0,0.0,
335513,SEAGATE REHABILITATION AND NURSING CENTER,BROOKLYN,NY,Kings,47,2024Q1,20240126,354,13.5,13.5,0.0,41.73,41.73,0.0,35.0,35.0,0.0,0.0,0.0,0.0,174.31,103.81,70.5,717.14,700.18,16.96,0.0,0.0,0.0,0.0,0.0,0.0,
335513,SEAGATE REHABILITATION AND NURSING CENTER,BROOKLYN,NY,Kings,47,2024Q1,20240127,355,0.0,0.0,0.0,27.0,27.0,0.0,36.62,34.75,1.87,0.0,0.0,0.0,189.39,122.75,66.64,682.83,606.73,76.1,0.0,0.0,0.0,0.0,0.0,0.0,
335513,SEAGATE REHABILITATION AND NURSING CENTER,BROOKLYN,NY,Kings,47,2024Q1,20240128,355,0.0,0.0,0.0,14.0,14.0,0.0,18.88,12.0,6.88,0.0,0.0,0.0,179.25,122.95,56.3,696.95,650.1,46.85,0.0,0.0,0.0,0.0,0.0,0.0,
335513,SEAGATE REHABILITATION AND NURSING CENTER,BROOKLYN,NY,Kings,47,2024Q1,20240129,359,0.0,0.0,0.0,49.57,49.57,0.0,48.75,43.5,5.25,0.0,0.0,0.0,158.98,130.83,28.15,693.87,675.87,18.0,0.0,0.0,0.0,0.0,0.0,0.0,
335513,SEAGATE REHABILITATION AND NURSING CENTER,BROOKLYN,NY,Kings,47,2024Q1,20240130,357,7.0,7.0,0.0,63.02,63.02,0.0,25.85,24.0,1.85,0.0,0.0,0.0,184.13,147.07,37.06,699.39,677.16,22.23,0.0,0.0,0.0,0.0,0.0,0.0,
335513,SEAGATE REHABILITATION AND NURSING CENTER,BROOKLYN,NY,Kings,47,2024Q1,20240131,356,7.0,7.0,0.0,49.53,49.53,0.0,41.65,36.5,5.15,0.0,0.0,0.0,179.16,144.94,34.22,728.28,705.39,22.89,0.0,0.0,0.0,0.0,0.0,0.0,
335513,SEAGATE REHABILITATION AND NURSING CENTER,BROOKLYN,NY,Kings,47,2024Q1,20240201,356,7.0,7.0,0.0,63.05,63.05,0.0,30.0,30.0,0.0,0.0,0.0,0.0,160.36,106.15,54.21,717.25,675.69,41.56,0.0,0.0,0.0,0.0,0.0,0.0,
335513,SEAGATE REHABILITATION AND NURSING CENTER,BROOKLYN,NY,Kings,47,2024Q1,20240202,357,7.0,7.0,0.0,42.9,42.9,0.0,36.98,33.0,3.98,0.0,0.0,0.0,159.5,117.6,41.9,719.41,694.01,25.4,0.0,0.0,0.0,0.0,0.0,0.0,
335513,SEAGATE REHABILITATION AND NURSING CENTER,BROOKLYN,NY,Kings,47,2024Q1,20240203,357,0.0,0.0,0.0,13.5,13.5,0.0,24.02,14.0,10.02,0.0,0.0,0.0,154.79,134.17,20.62,684.02,653.02,31.0,0.0,0.0,0.0,0.0,0.0,0.0,
335513,SEAGATE REHABILITATION AND NURSING CENTER,BROOKLYN,NY,Kings,47,2024Q1,20240204,357,0.0,0.0,0.0,20.5,20.5,0.0,18.0,18.0,0.0,0.0,0.0,0.0,169.2,143.2,26.0,710.41,703.41,7.0,0.0,0.0,0.0,0.0,0.0,0.0,
335513,SEAGATE REHABILITATION AND NURSING CENTER,BROOKLYN,NY,Kings,47,2024Q1,20240205,356,7.0,7.0,0.0,63.02,63.02,0.0,49.0,49.0,0.0,0.0,0.0,0.0,172.13,133.0,39.13,771.01,743.24,27.77,0.0,0.0,0.0,0.0,0.0,0.0,
335513,SEAGATE REHABILITATION AND NURSING CENTER,BROOKLYN,NY,Kings,47,2024Q1,20240206,354,7.0,7.0,0.0,57.38,57.38,0.0,44.62,43.0,1.62,0.0,0.0,0.0,183.26,127.72,55.54,783.79,755.79,28.0,0.0,0.0,0.0,0.0,0.0,0.0,
335513,SEAGATE REHABILITATION AND NURSING CENTER,BROOKLYN,NY,Kings,47,2024Q1,20240207,358,7.0,7.0,0.0,63.07,63.07,0.0,58.88,53.5,5.38,0.0,0.0,0.0,169.85,143.45,26.4,804.9,777.8,27.1,0.0,0.0,0.0,0.0,0.0,0.0,
335513,SEAGATE REHABILITATION AND NURSING CENTER,BROOKLYN,NY,Kings,47,2024Q1,20240208,357,13.5,13.5,0.0,49.02,49.02,0.0,35.0,35.0,0.0,0.0,0.0,0.0,179.77,129.07,50.7,737.75,689.51,48.24,0.0,0.0,0.0,0.0,0.0,0.0,
335513,SEAGATE REHABILITATION AND NURSING CENTER,BROOKLYN,NY,Kings,47,2024Q1,20240209,357,7.0,7.0,0.0,42.02,42.02,0.0,38.73,34.75,3.98,0.0,0.0,0.0,177.41,129.86,47.55,681.04,662.6,18.44,0.0,0.0,0.0,0.0,0.0,0.0,
335513,SEAGATE REHABILITATION AND NURSING CENTER,BROOKLYN,NY,Kings,47,2024Q1,20240210,356,13.5,13.5,0.0,14.0,14.0,0.0,38.4,26.25,12.15,0.0,0.0,0.0,161.27,131.3,29.97,694.39,619.54,74.85,0.0,0.0,0.0,0.0,0.0,0.0,
335513,SEAGATE REHABILITATION AND NURSING CENTER,BROOKLYN,NY,Kings,47,2024Q1,20240211,356,0.0,0.0,0.0,20.5,20.5,0.0,24.67,17.72,6.95,0.0,0.0,0.0,174.88,128.0,46.88,766.95,704.98,61.97,0.0,0.0,0.0,0.0,0.0,0.0,
335513,SEAGATE REHABILITATION AND NURSING CENTER,BROOKLYN,NY,Kings,47,2024Q1,20240212,354,7.0,7.0,0.0,49.0,49.0,0.0,53.92,49.0,4.92,0.0,0.0,0.0,161.32,121.94,39.38,790.28,762.23,28.05,0.0,0.0,0.0,0.0,0.0,0.0,
335513,SEAGATE REHABILITATION AND NURSING CENTER,BROOKLYN,NY,Kings,47,2024Q1,20240213,356,7.0,7.0,0.0,35.65,35.65,0.0,47.7,46.5,1.2,0.0,0.0,0.0,169.05,127.22,41.83,742.34,717.34,25.0,0.0,0.0,0.0,0.0,0.0,0.0,
335513,SEAGATE REHABILITATION AND NURSING CENTER,BROOKLYN,NY,Kings,47,2024Q1,20240214,356,7.0,7.0,0.0,41.85,41.85,0.0,31.8,26.0,5.8,0.0,0.0,0.0,155.11,139.43,15.68,750.32,732.49,17.83,0.0,0.0,0.0,0.0,0.0,0.0,
335513,SEAGATE REHABILITATION AND NURSING CENTER,BROOKLYN,NY,Kings,47,2024Q1,20240215,356,13.5,13.5,0.0,48.7,48.7,0.0,28.0,28.0,0.0,0.0,0.0,0.0,174.6,126.12,48.48,788.36,742.49,45.87,0.0,0.0,0.0,0.0,0.0,0.0,
335513,SEAGATE REHABILITATION AND NURSING CENTER,BROOKLYN,NY,Kings,47,2024Q1,20240216,356,0.0,0.0,0.0,35.25,35.25,0.0,35.98,34.2,1.78,0.0,0.0,0.0,161.12,117.75,43.37,759.87,734.33,25.54,0.0,0.0,0.0,0.0,0.0,0.0,
335513,SEAGATE REHABILITATION AND NURSING CENTER,BROOKLYN,NY,Kings,47,2024Q1,20240217,356,13.5,13.5,0.0,13.5,13.5,0.0,19.52,14.3,5.22,0.0,0.0,0.0,180.61,133.71,46.9,682.19,656.87,25.32,0.0,0.0,0.0,0.0,0.0,0.0,
335513,SEAGATE REHABILITATION AND NURSING CENTER,BROOKLYN,NY,Kings,47,2024Q1,20240218,354,8.5,8.5,0.0,20.5,20.5,0.0,15.39,15.39,0.0,0.0,0.0,0.0,144.75,117.45,27.3,675.96,655.41,20.55,0.0,0.0,0.0,0.0,0.0,0.0,
335513,SEAGATE REHABILITATION AND NURSING CENTER,BROOKLYN,NY,Kings,47,2024Q1,20240219,352,5.0,5.0,0.0,28.0,28.0,0.0,30.27,30.27,0.0,0.0,0.0,0.0,159.37,106.0,53.37,745.38,717.71,27.67,0.0,0.0,0.0,0.0,0.0,0.0,
335513,SEAGATE REHABILITATION AND NURSING CENTER,BROOKLYN,NY,Kings,47,2024Q1,20240220,351,7.0,7.0,0.0,42.6,42.6,0.0,29.68,28.0,1.68,0.0,0.0,0.0,175.87,131.32,44.55,777.19,759.69,17.5,0.0,0.0,0.0,0.0,0.0,0.0,
335513,SEAGATE REHABILITATION AND NURSING CENTER,BROOKLYN,NY,Kings,47,2024Q1,20240221,350,9.0,9.0,0.0,42.0,42.0,0.0,31.32,26.0,5.32,0.0,0.0,0.0,155.77,136.63,19.14,751.44,740.44,11.0,0.0,0.0,0.0,0.0,0.0,0.0,
335513,SEAGATE REHABILITATION AND NURSING CENTER,BROOKLYN,NY,Kings,47,2024Q1,20240222,349,12.0,12.0,0.0,49.08,49.08,0.0,21.0,21.0,0.0,0.0,0.0,0.0,178.13,132.8,45.33,745.91,704.45,41.46,0.0,0.0,0.0,0.0,0.0,0.0,
335513,SEAGATE REHABILITATION AND NURSING CENTER,BROOKLYN,NY,Kings,47,2024Q1,20240223,351,13.5,13.5,0.0,55.33,55.33,0.0,29.5,21.0,8.5,0.0,0.0,0.0,188.34,123.9,64.44,732.98,713.64,19.34,0.0,0.0,0.0,0.0,0.0,0.0,
335513,SEAGATE REHABILITATION AND NURSING CENTER,BROOKLYN,NY,Kings,47,2024Q1,20240224,350,0.0,0.0,0.0,20.5,20.5,0.0,29.43,21.0,8.43,0.0,0.0,0.0,151.16,96.78,54.38,704.07,643.99,60.08,0.0,0.0,0.0,0.0,0.0,0.0,
335513,SEAGATE REHABILITATION AND NURSING CENTER,BROOKLYN,NY,Kings,47,2024Q1,20240225,351,0.0,0.0,0.0,28.03,28.03,0.0,15.98,9.0,6.98,0.0,0.0,0.0,133.45,76.03,57.42,706.84,665.99,40.85,0.0,0.0,0.0,0.0,0.0,0.0,
335513,SEAGATE REHABILITATION AND NURSING CENTER,BROOKLYN,NY,Kings,47,2024Q1,20240226,353,13.5,13.5,0.0,63.41,63.41,0.0,40.88,35.55,5.33,0.0,0.0,0.0,157.47,127.82,29.65,794.38,783.11,11.27,0.0,0.0,0.0,0.0,0.0,0.0,
335513,SEAGATE REHABILITATION AND NURSING CENTER,BROOKLYN,NY,Kings,47,2024Q1,20240227,352,13.5,13.5,0.0,56.38,56.38,0.0,41.18,39.5,1.68,0.0,0.0,0.0,153.16,118.44,34.72,807.79,799.96,7.83,0.0,0.0,0.0,0.0,0.0,0.0,
335513,SEAGATE REHABILITATION AND NURSING CENTER,BROOKLYN,NY,Kings,47,2024Q1,20240228,348,7.0,7.0,0.0,57.19,57.19,0.0,39.3,30.0,9.3,0.0,0.0,0.0,174.37,128.96,45.41,775.89,764.76,11.13,0.0,0.0,0.0,0.0,0.0,0.0,
335513,SEAGATE REHABILITATION AND NURSING CENTER,BROOKLYN,NY,Kings,47,2024Q1,20240229,348,0.0,0.0,0.0,48.67,48.67,0.0,44.92,33.0,11.92,0.0,0.0,0.0,173.01,109.62,63.39,779.49,765.69,13.8,0.0,0.0,0.0,0.0,0.0,0.0,
335513,SEAGATE REHABILITATION AND NURSING CENTER,BROOKLYN,NY,Kings,47,2024Q1,20240301,348,13.5,13.5,0.0,42.85,42.85,0.0,33.1,28.0,5.1,0.0,0.0,0.0,177.0,127.5,49.5,719.14,719.14,0.0,0.0,0.0,0.0,0.0,0.0,0.0,
335513,SEAGATE REHABILITATION AND NURSING CENTER,BROOKLYN,NY,Kings,47,2024Q1,20240302,349,0.0,0.0,0.0,15.43,15.43,0.0,7.0,7.0,0.0,0.0,0.0,0.0,202.5,121.45,81.05,704.34,681.34,23.0,0.0,0.0,0.0,0.0,0.0,0.0,
335513,SEAGATE REHABILITATION AND NURSING CENTER,BROOKLYN,NY,Kings,47,2024Q1,20240303,350,8.98,8.98,0.0,19.07,19.07,0.0,9.0,9.0,0.0,0.0,0.0,0.0,188.94,127.42,61.52,699.96,688.13,11.83,0.0,0.0,0.0,0.0,0.0,0.0,
335513,SEAGATE REHABILITATION AND NURSING CENTER,BROOKLYN,NY,Kings,47,2024Q1,20240304,352,19.02,19.02,0.0,56.4,56.4,0.0,32.5,32.5,0.0,0.0,0.0,0.0,181.33,120.36,60.97,748.49,732.49,16.0,0.0,0.0,0.0,0.0,0.0,0.0,
335513,SEAGATE REHABILITATION AND NURSING CENTER,BROOKLYN,NY,Kings,47,2024Q1,20240305,355,7.0,7.0,0.0,42.37,42.37,0.0,31.78,30.0,1.78,0.0,0.0,0.0,175.05,128.4,46.65,771.11,745.28,25.83,0.0,0.0,0.0,0.0,0.0,0.0,
335513,SEAGATE REHABILITATION AND NURSING CENTER,BROOKLYN,NY,Kings,47,2024Q1,20240306,357,7.0,7.0,0.0,67.13,67.13,0.0,47.22,40.0,7.22,0.0,0.0,0.0,169.26,123.23,46.03,829.44,796.76,32.68,0.0,0.0,0.0,0.0,0.0,0.0,
335513,SEAGATE REHABILITATION AND NURSING CENTER,BROOKLYN,NY,Kings,47,2024Q1,20240307,359,13.5,13.5,0.0,70.02,70.02,0.0,35.0,28.0,7.0,0.0,0.0,0.0,195.25,124.37,70.88,806.74,781.37,25.37,0.0,0.0,0.0,0.0,0.0,0.0,
335513,SEAGATE REHABILITATION AND NURSING CENTER,BROOKLYN,NY,Kings,47,2024Q1,20240308,357,7.0,7.0,0.0,51.82,51.82,0.0,37.52,30.52,7.0,0.0,0.0,0.0,173.76,126.66,47.1,761.51,761.51,0.0,0.0,0.0,0.0,0.0,0.0,0.0,
335513,SEAGATE REHABILITATION AND NURSING CENTER,BROOKLYN,NY,Kings,47,2024Q1,20240309,356,0.0,0.0,0.0,27.5,27.5,0.0,22.98,17.98,5.0,0.0,0.0,0.0,164.14,90.43,73.71,765.55,694.72,70.83,0.0,0.0,0.0,0.0,0.0,0.0,
335513,SEAGATE REHABILITATION AND NURSING CENTER,BROOKLYN,NY,Kings,47,2024Q1,20240310,355,0.0,0.0,0.0,14.13,14.13,0.0,16.02,14.1,1.92,0.0,0.0,0.0,166.22,110.0,56.22,753.32,696.04,57.28,0.0,0.0,0.0,0.0,0.0,0.0,
335513,SEAGATE REHABILITATION AND NURSING CENTER,BROOKLYN,NY,Kings,47,2024Q1,20240311,355,13.5,13.5,0.0,58.28,58.28,0.0,40.08,35.0,5.08,0.0,0.0,0.0,186.55,128.97,57.58,742.82,711.49,31.33,0.0,0.0,0.0,0.0,0.0,0.0,
335513,SEAGATE REHABILITATION AND NURSING CENTER,BROOKLYN,NY,Kings,47,2024Q1,20240312,354,13.5,13.5,0.0,56.98,56.98,0.0,27.97,26.0,1.97,0.0,0.0,0.0,204.35,126.62,77.73,797.39,790.39,7.0,0.0,0.0,0.0,0.0,0.0,0.0,
335513,SEAGATE REHABILITATION AND NURSING CENTER,BROOKLYN,NY,Kings,47,2024Q1,20240313,356,7.0,7.0,0.0,48.5,48.5,0.0,39.03,32.0,7.03,0.0,0.0,0.0,199.24,131.34,67.9,792.75,772.45,20.3,0.0,0.0,0.0,0.0,0.0,0.0,
335513,SEAGATE REHABILITATION AND NURSING CENTER,BROOKLYN,NY,Kings,47,2024Q1,20240314,357,13.5,13.5,0.0,42.0,42.0,0.0,52.25,47.25,5.0,0.0,0.0,0.0,146.38,84.01,62.37,780.61,762.46,18.15,0.0,0.0,0.0,0.0,0.0,0.0,
335513,SEAGATE REHABILITATION AND NURSING CENTER,BROOKLYN,NY,Kings,47,2024Q1,20240315,354,7.0,7.0,0.0,48.37,48.37,0.0,46.5,44.5,2.0,0.0,0.0,0.0,156.9,91.35,65.55,739.85,727.85,12.0,0.0,0.0,0.0,0.0,0.0,0.0,
335513,SEAGATE REHABILITATION AND NURSING CENTER,BROOKLYN,NY,Kings,47,2024Q1,20240316,353,0.0,0.0,0.0,26.0,26.0,0.0,16.0,9.0,7.0,0.0,0.0,0.0,217.75,127.97,89.78,715.76,694.76,21.0,0.0,0.0,0.0,0.0,0.0,0.0,
335513,SEAGATE REHABILITATION AND NURSING CENTER,BROOKLYN,NY,Kings,47,2024Q1,20240317,355,0.0,0.0,0.0,21.28,21.28,0.0,12.0,7.0,5.0,0.0,0.0,0.0,202.44,120.84,81.6,679.08,670.25,8.83,0.0,0.0,0.0,0.0,0.0,0.0,
335513,SEAGATE REHABILITATION AND NURSING CENTER,BROOKLYN,NY,Kings,47,2024Q1,20240318,356,7.0,7.0,0.0,59.25,59.25,0.0,28.0,28.0,0.0,0.0,0.0,0.0,183.99,130.89,53.1,751.21,725.04,26.17,0.0,0.0,0.0,0.0,0.0,0.0,
335513,SEAGATE REHABILITATION AND NURSING CENTER,BROOKLYN,NY,Kings,47,2024Q1,20240319,356,7.0,7.0,0.0,63.68,63.68,0.0,30.45,28.5,1.95,0.0,0.0,0.0,209.95,144.45,65.5,760.89,753.89,7.0,0.0,0.0,0.0,0.0,0.0,0.0,
335513,SEAGATE REHABILITATION AND NURSING CENTER,BROOKLYN,NY,Kings,47,2024Q1,20240320,355,7.0,7.0,0.0,57.28,57.28,0.0,40.05,33.0,7.05,0.0,0.0,0.0,207.54,138.29,69.25,797.81,771.66,26.15,0.0,0.0,0.0,0.0,0.0,0.0,
335513,SEAGATE REHABILITATION AND NURSING CENTER,BROOKLYN,NY,Kings,47,2024Q1,20240321,356,7.0,7.0,0.0,53.95,53.95,0.0,41.0,36.0,5.0,0.0,0.0,0.0,197.61,138.13,59.48,787.43,761.55,25.88,0.0,0.0,0.0,0.0,0.0,0.0,
335513,SEAGATE REHABILITATION AND NURSING CENTER,BROOKLYN,NY,Kings,47,2024Q1,20240322,356,7.0,7.0,0.0,47.55,47.55,0.0,35.0,31.0,4.0,0.0,0.0,0.0,198.48,130.16,68.32,777.76,771.83,5.93,0.0,0.0,0.0,0.0,0.0,0.0,
335513,SEAGATE REHABILITATION AND NURSING CENTER,BROOKLYN,NY,Kings,47,2024Q1,20240323,355,0.0,0.0,0.0,19.0,19.0,0.0,41.84,30.52,11.32,0.0,0.0,0.0,170.65,95.67,74.98,738.85,697.6,41.25,0.0,0.0,0.0,0.0,0.0,0.0,
335513,SEAGATE REHABILITATION AND NURSING CENTER,BROOKLYN,NY,Kings,47,2024Q1,20240324,353,0.0,0.0,0.0,22.28,22.28,0.0,44.38,37.5,6.88,0.0,0.0,0.0,155.86,89.28,66.58,700.58,679.83,20.75,0.0,0.0,0.0,0.0,0.0,0.0,
335513,SEAGATE REHABILITATION AND NURSING CENTER,BROOKLYN,NY,Kings,47,2024Q1,20240325,354,7.0,7.0,0.0,60.13,60.13,0.0,47.3,42.0,5.3,0.0,0.0,0.0,187.26,120.7,66.56,741.8,722.44,19.36,0.0,0.0,0.0,0.0,0.0,0.0,
335513,SEAGATE REHABILITATION AND NURSING CENTER,BROOKLYN,NY,Kings,47,2024Q1,20240326,354,11.58,11.58,0.0,68.55,68.55,0.0,35.0,33.0,2.0,0.0,0.0,0.0,189.6,121.17,68.43,750.75,727.87,22.88,0.0,0.0,0.0,0.0,0.0,0.0,
335513,SEAGATE REHABILITATION AND NURSING CENTER,BROOKLYN,NY,Kings,47,2024Q1,20240327,354,7.0,7.0,0.0,57.9,57.9,0.0,44.0,37.0,7.0,0.0,0.0,0.0,179.72,106.24,73.48,740.45,729.52,10.93,0.0,0.0,0.0,0.0,0.0,0.0,
335513,SEAGATE REHABILITATION AND NURSING CENTER,BROOKLYN,NY,Kings,47,2024Q1,20240328,353,7.0,7.0,0.0,62.6,62.6,0.0,45.0,40.0,5.0,0.0,0.0,0.0,151.49,93.68,57.81,769.25,750.5,18.75,0.0,0.0,0.0,0.0,0.0,0.0,
335513,SEAGATE REHABILITATION AND NURSING CENTER,BROOKLYN,NY,Kings,47,2024Q1,20240329,354,2.42,2.42,0.0,41.4,41.4,0.0,26.13,26.13,0.0,0.0,0.0,0.0,171.16,96.45,74.71,729.96,729.96,0.0,0.0,0.0,0.0,0.0,0.0,0.0,
335513,SEAGATE REHABILITATION AND NURSING CENTER,BROOKLYN,NY,Kings,47,2024Q1,20240330,353,13.5,13.5,0.0,42.5,42.5,0.0,2.0,2.0,0.0,0.0,0.0,0.0,216.94,130.18,86.76,697.29,676.29,21.0,0.0,0.0,0.0,0.0,0.0,0.0,
335513,SEAGATE REHABILITATION AND NURSING CENTER,BROOKLYN,NY,Kings,47,2024Q1,20240331,355,7.0,7.0,0.0,14.0,14.0,0.0,7.0,7.0,0.0,0.0,0.0,0.0,184.13,137.13,47.0,637.88,630.88,7.0,0.0,0.0,0.0,0.0,0.0,0.0,
335513,SEAGATE REHABILITATION AND NURSING CENTER,BROOKLYN,NY,Kings,47,2024Q2,20240401,354,7.0,7.0,0.0,61.62,61.62,0.0,28.0,28.0,0.0,0.0,0.0,0.0,162.45,95.85,66.6,714.5,693.68,20.82,0.0,0.0,0.0,0.0,0.0,0.0,
335513,SEAGATE REHABILITATION AND NURSING CENTER,BROOKLYN,NY,Kings,47,2024Q2,20240402,356,7.0,7.0,0.0,69.65,69.65,0.0,28.0,26.0,2.0,0.0,0.0,0.0,157.78,99.48,58.3,737.0,728.5,8.5,0.0,0.0,0.0,0.0,0.0,0.0,
335513,SEAGATE REHABILITATION AND NURSING CENTER,BROOKLYN,NY,Kings,47,2024Q2,20240403,359,7.0,7.0,0.0,55.9,55.9,0.0,39.0,32.0,7.0,0.0,0.0,0.0,187.13,138.65,48.48,769.2,758.18,11.02,0.0,0.0,0.0,0.0,0.0,0.0,
335513,SEAGATE REHABILITATION AND NURSING CENTER,BROOKLYN,NY,Kings,47,2024Q2,20240404,359,7.0,7.0,0.0,49.82,49.82,0.0,40.0,35.0,5.0,0.0,0.0,0.0,181.4,123.15,58.25,784.4,777.4,7.0,0.0,0.0,0.0,0.0,0.0,0.0,
335513,SEAGATE REHABILITATION AND NURSING CENTER,BROOKLYN,NY,Kings,47,2024Q2,20240405,360,7.0,7.0,0.0,49.95,49.95,0.0,28.0,24.0,4.0,0.0,0.0,0.0,195.6,145.17,50.43,782.2,777.2,5.0,0.0,0.0,0.0,0.0,0.0,0.0,
335513,SEAGATE REHABILITATION AND NURSING CENTER,BROOKLYN,NY,Kings,47,2024Q2,20240406,359,0.0,0.0,0.0,23.5,23.5,0.0,35.19,23.42,11.77,0.0,0.0,0.0,213.91,115.0,98.91,702.9,681.22,21.68,0.0,0.0,0.0,0.0,0.0,0.0,
335513,SEAGATE REHABILITATION AND NURSING CENTER,BROOKLYN,NY,Kings,47,2024Q2,20240407,359,7.0,7.0,0.0,21.92,21.92,0.0,25.18,16.0,9.18,0.0,0.0,0.0,169.63,89.53,80.1,701.7,657.7,44.0,0.0,0.0,0.0,0.0,0.0,0.0,
335513,SEAGATE REHABILITATION AND NURSING CENTER,BROOKLYN,NY,Kings,47,2024Q2,20240408,360,7.0,7.0,0.0,52.8,52.8,0.0,44.5,35.0,9.5,0.0,0.0,0.0,184.46,128.94,55.52,739.1,703.35,35.75,0.0,0.0,0.0,0.0,0.0,0.0,
335513,SEAGATE REHABILITATION AND NURSING CENTER,BROOKLYN,NY,Kings,47,2024Q2,20240409,357,7.0,7.0,0.0,55.8,55.8,0.0,29.55,26.87,2.68,0.0,0.0,0.0,176.16,132.89,43.27,757.05,742.88,14.17,0.0,0.0,0.0,0.0,0.0,0.0,
335513,SEAGATE REHABILITATION AND NURSING CENTER,BROOKLYN,NY,Kings,47,2024Q2,20240410,356,7.0,7.0,0.0,53.15,53.15,0.0,20.32,7.0,13.32,0.0,0.0,0.0,187.71,122.88,64.83,748.17,732.42,15.75,0.0,0.0,0.0,0.0,0.0,0.0,
335513,SEAGATE REHABILITATION AND NURSING CENTER,BROOKLYN,NY,Kings,47,2024Q2,20240411,355,0.0,0.0,0.0,59.05,59.05,0.0,19.0,14.0,5.0,0.0,0.0,0.0,158.56,96.05,62.51,776.29,771.29,5.0,0.0,0.0,0.0,0.0,0.0,0.0,
335513,SEAGATE REHABILITATION AND NURSING CENTER,BROOKLYN,NY,Kings,47,2024Q2,20240412,352,0.0,0.0,0.0,43.32,43.32,0.0,19.0,19.0,0.0,0.0,0.0,0.0,151.0,93.0,58.0,725.16,725.16,0.0,0.0,0.0,0.0,0.0,0.0,0.0,
335513,SEAGATE REHABILITATION AND NURSING CENTER,BROOKLYN,NY,Kings,47,2024Q2,20240413,352,7.0,7.0,0.0,21.03,21.03,0.0,9.5,9.5,0.0,0.0,0.0,0.0,198.05,97.62,100.43,713.7,693.08,20.62,0.0,0.0,0.0,0.0,0.0,0.0,
335513,SEAGATE REHABILITATION AND NURSING CENTER,BROOKLYN,NY,Kings,47,2024Q2,20240414,351,7.0,7.0,0.0,23.72,23.72,0.0,21.0,21.0,0.0,0.0,0.0,0.0,171.92,125.1,46.82,688.29,674.54,13.75,0.0,0.0,0.0,0.0,0.0,0.0,
335513,SEAGATE REHABILITATION AND NURSING CENTER,BROOKLYN,NY,Kings,47,2024Q2,20240415,350,13.98,13.98,0.0,44.97,44.97,0.0,21.0,21.0,0.0,0.0,0.0,0.0,190.4,133.83,56.57,729.85,713.85,16.0,0.0,0.0,0.0,0.0,0.0,0.0,
335513,SEAGATE REHABILITATION AND NURSING CENTER,BROOKLYN,NY,Kings,47,2024Q2,20240416,348,13.97,13.97,0.0,65.15,65.15,0.0,39.82,37.92,1.9,0.0,0.0,0.0,178.59,133.81,44.78,758.96,746.96,12.0,0.0,0.0,0.0,0.0,0.0,0.0,
335513,SEAGATE REHABILITATION AND NURSING CENTER,BROOKLYN,NY,Kings,47,2024Q2,20240417,348,7.0,7.0,0.0,50.8,50.8,0.0,40.1,28.0,12.1,0.0,0.0,0.0,169.11,131.67,37.44,737.06,725.91,11.15,0.0,0.0,0.0,0.0,0.0,0.0,
335513,SEAGATE REHABILITATION AND NURSING CENTER,BROOKLYN,NY,Kings,47,2024Q2,20240418,348,18.63,18.63,0.0,58.37,58.37,0.0,33.0,33.0,0.0,0.0,0.0,0.0,188.8,139.55,49.25,760.8,753.93,6.87,0.0,0.0,0.0,0.0,0.0,0.0,
335513,SEAGATE REHABILITATION AND NURSING CENTER,BROOKLYN,NY,Kings,47,2024Q2,20240419,349,13.17,13.17,0.0,63.32,63.32,0.0,26.0,26.0,0.0,0.0,0.0,0.0,198.18,138.18,60.0,736.36,735.86,0.5,0.0,0.0,0.0,0.0,0.0,0.0,
335513,SEAGATE REHABILITATION AND NURSING CENTER,BROOKLYN,NY,Kings,47,2024Q2,20240420,348,0.0,0.0,0.0,17.83,17.83,0.0,25.0,23.0,2.0,0.0,0.0,0.0,198.7,109.63,89.07,630.0,583.0,47.0,0.0,0.0,0.0,0.0,0.0,0.0,
335513,SEAGATE REHABILITATION AND NURSING CENTER,BROOKLYN,NY,Kings,47,2024Q2,20240421,347,0.0,0.0,0.0,21.0,21.0,0.0,35.92,28.85,7.07,0.0,0.0,0.0,181.18,91.0,90.18,742.92,700.92,42.0,0.0,0.0,0.0,0.0,0.0,0.0,
335513,SEAGATE REHABILITATION AND NURSING CENTER,BROOKLYN,NY,Kings,47,2024Q2,20240422,345,7.0,7.0,0.0,59.97,59.97,0.0,30.93,26.0,4.93,0.0,0.0,0.0,198.33,143.38,54.95,768.45,734.52,33.93,0.0,0.0,0.0,0.0,0.0,0.0,
335513,SEAGATE REHABILITATION AND NURSING CENTER,BROOKLYN,NY,Kings,47,2024Q2,20240423,344,13.93,13.93,0.0,64.33,64.33,0.0,22.62,21.0,1.62,0.0,0.0,0.0,210.3,133.8,76.5,782.36,775.36,7.0,0.0,0.0,0.0,0.0,0.0,0.0,
335513,SEAGATE REHABILITATION AND NURSING CENTER,BROOKLYN,NY,Kings,47,2024Q2,20240424,344,14.48,14.48,0.0,57.46,57.46,0.0,33.38,21.0,12.38,0.0,0.0,0.0,192.68,124.67,68.01,777.93,765.61,12.32,0.0,0.0,0.0,0.0,0.0,0.0,
335513,SEAGATE REHABILITATION AND NURSING CENTER,BROOKLYN,NY,Kings,47,2024Q2,20240425,347,6.58,6.58,0.0,59.82,59.82,0.0,16.0,14.0,2.0,0.0,0.0,0.0,199.67,130.0,69.67,750.25,750.25,0.0,0.0,0.0,0.0,0.0,0.0,0.0,
335513,SEAGATE REHABILITATION AND NURSING CENTER,BROOKLYN,NY,Kings,47,2024Q2,20240426,346,7.0,7.0,0.0,48.98,48.98,0.0,26.0,21.0,5.0,0.0,0.0,0.0,203.5,134.25,69.25,734.91,734.91,0.0,0.0,0.0,0.0,0.0,0.0,0.0,
335513,SEAGATE REHABILITATION AND NURSING CENTER,BROOKLYN,NY,Kings,47,2024Q2,20240427,345,7.0,7.0,0.0,33.02,33.02,0.0,14.5,14.5,0.0,0.0,0.0,0.0,204.07,116.16,87.91,772.62,752.0,20.62,0.0,0.0,0.0,0.0,0.0,0.0,
335513,SEAGATE REHABILITATION AND NURSING CENTER,BROOKLYN,NY,Kings,47,2024Q2,20240428,344,2.0,2.0,0.0,20.5,20.5,0.0,7.0,7.0,0.0,0.0,0.0,0.0,204.84,151.39,53.45,712.94,706.19,6.75,0.0,0.0,0.0,0.0,0.0,0.0,
335513,SEAGATE REHABILITATION AND NURSING CENTER,BROOKLYN,NY,Kings,47,2024Q2,20240429,344,12.0,12.0,0.0,51.1,51.1,0.0,28.0,28.0,0.0,0.0,0.0,0.0,177.66,122.56,55.1,750.61,736.61,14.0,0.0,0.0,0.0,0.0,0.0,0.0,
335513,SEAGATE REHABILITATION AND NURSING CENTER,BROOKLYN,NY,Kings,47,2024Q2,20240430,343,7.0,7.0,0.0,62.85,62.85,0.0,28.0,28.0,0.0,0.0,0.0,0.0,177.22,127.45,49.77,756.55,735.7,20.85,0.0,0.0,0.0,0.0,0.0,0.0,
335513,SEAGATE REHABILITATION AND NURSING CENTER,BROOKLYN,NY,Kings,47,2024Q2,20240501,344,7.0,7.0,0.0,74.7,74.7,0.0,34.5,34.5,0.0,0.0,0.0,0.0,166.3,138.3,28.0,776.35,759.78,16.57,0.0,0.0,0.0,0.0,0.0,0.0,
335513,SEAGATE REHABILITATION AND NURSING CENTER,BROOKLYN,NY,Kings,47,2024Q2,20240502,346,7.0,7.0,0.0,50.5,50.5,0.0,21.0,21.0,0.0,0.0,0.0,0.0,176.94,133.81,43.13,789.16,781.96,7.2,0.0,0.0,0.0,0.0,0.0,0.0,
335513,SEAGATE REHABILITATION AND NURSING CENTER,BROOKLYN,NY,Kings,47,2024Q2,20240503,346,15.0,15.0,0.0,49.22,49.22,0.0,28.0,28.0,0.0,0.0,0.0,0.0,184.05,129.33,54.72,701.85,682.15,19.7,0.0,0.0,0.0,0.0,0.0,0.0,
335513,SEAGATE REHABILITATION AND NURSING CENTER,BROOKLYN,NY,Kings,47,2024Q2,20240504,345,5.0,5.0,0.0,35.5,35.5,0.0,21.53,21.53,0.0,0.0,0.0,0.0,161.81,103.67,58.14,751.38,703.16,48.22,0.0,0.0,0.0,0.0,0.0,0.0,
335513,SEAGATE REHABILITATION AND NURSING CENTER,BROOKLYN,NY,Kings,47,2024Q2,20240505,344,14.0,14.0,0.0,12.33,12.33,0.0,9.55,9.55,0.0,0.0,0.0,0.0,165.77,86.0,79.77,719.54,691.72,27.82,0.0,0.0,0.0,0.0,0.0,0.0,
335513,SEAGATE REHABILITATION AND NURSING CENTER,BROOKLYN,NY,Kings,47,2024Q2,20240506,343,13.5,13.5,0.0,57.75,57.75,0.0,35.0,35.0,0.0,0.0,0.0,0.0,182.29,116.59,65.7,753.7,746.03,7.67,0.0,0.0,0.0,0.0,0.0,0.0,
335513,SEAGATE REHABILITATION AND NURSING CENTER,BROOKLYN,NY,Kings,47,2024Q2,20240507,345,7.0,7.0,0.0,68.27,68.27,0.0,36.32,35.0,1.32,0.0,0.0,0.0,182.56,108.63,73.93,776.49,758.11,18.38,0.0,0.0,0.0,0.0,0.0,0.0,
335513,SEAGATE REHABILITATION AND NURSING CENTER,BROOKLYN,NY,Kings,47,2024Q2,20240508,343,7.0,7.0,0.0,63.13,63.13,0.0,35.05,28.0,7.05,0.0,0.0,0.0,181.4,136.0,45.4,742.49,735.49,7.0,0.0,0.0,0.0,0.0,0.0,0.0,
335513,SEAGATE REHABILITATION AND NURSING CENTER,BROOKLYN,NY,Kings,47,2024Q2,20240509,343,7.0,7.0,0.0,72.22,72.22,0.0,33.63,28.0,5.63,0.0,0.0,0.0,180.25,120.98,59.27,708.24,700.84,7.4,0.0,0.0,0.0,0.0,0.0,0.0,
335513,SEAGATE REHABILITATION AND NURSING CENTER,BROOKLYN,NY,Kings,47,2024Q2,20240510,343,13.5,13.5,0.0,68.87,68.87,0.0,35.0,35.0,0.0,0.0,0.0,0.0,163.55,96.77,66.78,750.43,739.43,11.0,0.0,0.0,0.0,0.0,0.0,0.0,
335513,SEAGATE REHABILITATION AND NURSING CENTER,BROOKLYN,NY,Kings,47,2024Q2,20240511,343,7.0,7.0,0.0,32.0,32.0,0.0,13.85,13.85,0.0,0.0,0.0,0.0,216.55,120.61,95.94,728.02,713.05,14.97,0.0,0.0,0.0,0.0,0.0,0.0,
335513,SEAGATE REHABILITATION AND NURSING CENTER,BROOKLYN,NY,Kings,47,2024Q2,20240512,341,2.0,2.0,0.0,13.5,13.5,0.0,14.0,14.0,0.0,0.0,0.0,0.0,155.86,105.56,50.3,614.14,606.61,7.53,0.0,0.0,0.0,0.0,0.0,0.0,
335513,SEAGATE REHABILITATION AND NURSING CENTER,BROOKLYN,NY,Kings,47,2024Q2,20240513,343,12.0,12.0,0.0,50.78,50.78,0.0,42.0,42.0,0.0,0.0,0.0,0.0,170.19,126.05,44.14,730.46,730.46,0.0,0.0,0.0,0.0,0.0,0.0,0.0,
335513,SEAGATE REHABILITATION AND NURSING CENTER,BROOKLYN,NY,Kings,47,2024Q2,20240514,342,13.5,13.5,0.0,54.07,54.07,0.0,29.88,28.0,1.88,0.0,0.0,0.0,180.7,118.75,61.95,740.66,726.36,14.3,0.0,0.0,0.0,0.0,0.0,0.0,
335513,SEAGATE REHABILITATION AND NURSING CENTER,BROOKLYN,NY,Kings,47,2024Q2,20240515,339,13.5,13.5,0.0,49.17,49.17,0.0,48.62,43.5,5.12,0.0,0.0,0.0,188.4,127.97,60.43,797.66,781.08,16.58,0.0,0.0,0.0,0.0,0.0,0.0,
335513,SEAGATE REHABILITATION AND NURSING CENTER,BROOKLYN,NY,Kings,47,2024Q2,20240516,339,14.0,14.0,0.0,51.73,51.73,0.0,47.0,47.0,0.0,0.0,0.0,0.0,181.33,122.43,58.9,777.09,763.19,13.9,0.0,0.0,0.0,0.0,0.0,0.0,
335513,SEAGATE REHABILITATION AND NURSING CENTER,BROOKLYN,NY,Kings,47,2024Q2,20240517,343,13.5,13.5,0.0,54.33,54.33,0.0,37.0,33.0,4.0,0.0,0.0,0.0,188.99,112.7,76.29,735.21,730.04,5.17,0.0,0.0,0.0,0.0,0.0,0.0,
335513,SEAGATE REHABILITATION AND NURSING CENTER,BROOKLYN,NY,Kings,47,2024Q2,20240518,342,0.0,0.0,0.0,30.0,30.0,0.0,41.99,30.52,11.47,0.0,0.0,0.0,177.26,87.86,89.4,626.07,591.07,35.0,0.0,0.0,0.0,0.0,0.0,0.0,
335513,SEAGATE REHABILITATION AND NURSING CENTER,BROOKLYN,NY,Kings,47,2024Q2,20240519,339,13.5,13.5,0.0,24.0,24.0,0.0,23.05,16.0,7.05,0.0,0.0,0.0,181.37,88.12,93.25,634.06,605.49,28.57,0.0,0.0,0.0,0.0,0.0,0.0,
335513,SEAGATE REHABILITATION AND NURSING CENTER,BROOKLYN,NY,Kings,47,2024Q2,20240520,338,13.5,13.5,0.0,69.45,69.45,0.0,69.98,65.0,4.98,0.0,0.0,0.0,191.2,122.62,68.58,714.51,691.01,23.5,0.0,0.0,0.0,0.0,0.0,0.0,
335513,SEAGATE REHABILITATION AND NURSING CENTER,BROOKLYN,NY,Kings,47,2024Q2,20240521,338,7.0,7.0,0.0,61.37,61.37,0.0,50.93,49.0,1.93,0.0,0.0,0.0,190.72,100.64,90.08,756.7,739.17,17.53,0.0,0.0,0.0,0.0,0.0,0.0,
335513,SEAGATE REHABILITATION AND NURSING CENTER,BROOKLYN,NY,Kings,47,2024Q2,20240522,340,7.0,7.0,0.0,56.28,56.28,0.0,67.07,58.0,9.07,0.0,0.0,0.0,193.86,126.1,67.76,777.99,773.01,4.98,0.0,0.0,0.0,0.0,0.0,0.0,
335513,SEAGATE REHABILITATION AND NURSING CENTER,BROOKLYN,NY,Kings,47,2024Q2,20240523,346,7.0,7.0,0.0,55.0,55.0,0.0,66.75,56.75,10.0,0.0,0.0,0.0,168.48,95.24,73.24,764.83,756.96,7.87,0.0,0.0,0.0,0.0,0.0,0.0,
335513,SEAGATE REHABILITATION AND NURSING CENTER,BROOKLYN,NY,Kings,47,2024Q2,20240524,348,15.0,15.0,0.0,48.37,48.37,0.0,47.0,47.0,0.0,0.0,0.0,0.0,195.99,92.72,103.27,741.15,727.15,14.0,0.0,0.0,0.0,0.0,0.0,0.0,
335513,SEAGATE REHABILITATION AND NURSING CENTER,BROOKLYN,NY,Kings,47,2024Q2,20240525,349,12.0,12.0,0.0,23.5,23.5,0.0,42.5,42.5,0.0,0.0,0.0,0.0,189.55,98.76,90.79,692.6,671.6,21.0,0.0,0.0,0.0,0.0,0.0,0.0,
335513,SEAGATE REHABILITATION AND NURSING CENTER,BROOKLYN,NY,Kings,47,2024Q2,20240526,347,2.0,2.0,0.0,29.55,29.55,0.0,7.0,7.0,0.0,0.0,0.0,0.0,204.59,143.84,60.75,625.02,625.02,0.0,0.0,0.0,0.0,0.0,0.0,0.0,
335513,SEAGATE REHABILITATION AND NURSING CENTER,BROOKLYN,NY,Kings,47,2024Q2,20240527,347,5.0,5.0,0.0,27.5,27.5,0.0,33.0,33.0,0.0,0.0,0.0,0.0,176.02,92.57,83.45,713.28,699.53,13.75,0.0,0.0,0.0,0.0,0.0,0.0,
335513,SEAGATE REHABILITATION AND NURSING CENTER,BROOKLYN,NY,Kings,47,2024Q2,20240528,348,0.0,0.0,0.0,42.0,42.0,0.0,41.0,39.0,2.0,0.0,0.0,0.0,175.6,100.4,75.2,745.34,740.37,4.97,0.0,0.0,0.0,0.0,0.0,0.0,
335513,SEAGATE REHABILITATION AND NURSING CENTER,BROOKLYN,NY,Kings,47,2024Q2,20240529,348,0.0,0.0,0.0,56.17,56.17,0.0,44.5,39.5,5.0,0.0,0.0,0.0,182.14,103.55,78.59,754.16,750.44,3.72,0.0,0.0,0.0,0.0,0.0,0.0,
335513,SEAGATE REHABILITATION AND NURSING CENTER,BROOKLYN,NY,Kings,47,2024Q2,20240530,352,7.0,7.0,0.0,55.43,55.43,0.0,35.08,35.08,0.0,0.0,0.0,0.0,182.54,109.11,73.43,773.59,750.21,23.38,0.0,0.0,0.0,0.0,0.0,0.0,
335513,SEAGATE REHABILITATION AND NURSING CENTER,BROOKLYN,NY,Kings,47,2024Q2,20240531,354,7.0,7.0,0.0,48.73,48.73,0.0,44.0,40.0,4.0,0.0,0.0,0.0,188.97,115.95,73.02,716.83,709.83,7.0,0.0,0.0,0.0,0.0,0.0,0.0,
335513,SEAGATE REHABILITATION AND NURSING CENTER,BROOKLYN,NY,Kings,47,2024Q2,20240601,354,0.0,0.0,0.0,27.0,27.0,0.0,39.48,28.0,11.48,0.0,0.0,0.0,195.43,109.66,85.77,662.89,627.77,35.12,0.0,0.0,0.0,0.0,0.0,0.0,
335513,SEAGATE REHABILITATION AND NURSING CENTER,BROOKLYN,NY,Kings,47,2024Q2,20240602,354,13.5,13.5,0.0,13.5,13.5,0.0,21.9,14.57,7.33,0.0,0.0,0.0,205.25,96.57,108.68,709.65,688.83,20.82,0.0,0.0,0.0,0.0,0.0,0.0,
335513,SEAGATE REHABILITATION AND NURSING CENTER,BROOKLYN,NY,Kings,47,2024Q2,20240603,352,13.5,13.5,0.0,48.3,48.3,0.0,34.68,30.0,4.68,0.0,0.0,0.0,194.73,121.38,73.35,729.28,708.53,20.75,0.0,0.0,0.0,0.0,0.0,0.0,
335513,SEAGATE REHABILITATION AND NURSING CENTER,BROOKLYN,NY,Kings,47,2024Q2,20240604,354,0.0,0.0,0.0,48.43,48.43,0.0,36.65,35.0,1.65,0.0,0.0,0.0,199.51,120.91,78.6,742.57,734.79,7.78,0.0,0.0,0.0,0.0,0.0,0.0,
335513,SEAGATE REHABILITATION AND NURSING CENTER,BROOKLYN,NY,Kings,47,2024Q2,20240605,354,7.0,7.0,0.0,56.52,56.52,0.0,54.82,48.25,6.57,0.0,0.0,0.0,181.46,121.41,60.05,736.84,726.66,10.18,0.0,0.0,0.0,0.0,0.0,0.0,
335513,SEAGATE REHABILITATION AND NURSING CENTER,BROOKLYN,NY,Kings,47,2024Q2,20240606,355,7.0,7.0,0.0,49.33,49.33,0.0,35.78,30.0,5.78,0.0,0.0,0.0,180.14,108.95,71.19,741.74,729.29,12.45,0.0,0.0,0.0,0.0,0.0,0.0,
335513,SEAGATE REHABILITATION AND NURSING CENTER,BROOKLYN,NY,Kings,47,2024Q2,20240607,356,7.0,7.0,0.0,48.0,48.0,0.0,42.0,42.0,0.0,0.0,0.0,0.0,178.65,103.28,75.37,698.95,687.37,11.58,0.0,0.0,0.0,0.0,0.0,0.0,
335513,SEAGATE REHABILITATION AND NURSING CENTER,BROOKLYN,NY,Kings,47,2024Q2,20240608,356,0.0,0.0,0.0,34.0,34.0,0.0,14.5,14.5,0.0,0.0,0.0,0.0,195.68,126.22,69.46,675.78,654.78,21.0,0.0,0.0,0.0,0.0,0.0,0.0,
335513,SEAGATE REHABILITATION AND NURSING CENTER,BROOKLYN,NY,Kings,47,2024Q2,20240609,356,13.5,13.5,0.0,20.5,20.5,0.0,7.0,7.0,0.0,0.0,0.0,0.0,197.81,125.6,72.21,694.16,687.16,7.0,0.0,0.0,0.0,0.0,0.0,0.0,
335513,SEAGATE REHABILITATION AND NURSING CENTER,BROOKLYN,NY,Kings,47,2024Q2,20240610,353,7.0,7.0,0.0,62.67,62.67,0.0,35.0,35.0,0.0,0.0,0.0,0.0,195.52,116.92,78.6,738.58,717.78,20.8,0.0,0.0,0.0,0.0,0.0,0.0,
335513,SEAGATE REHABILITATION AND NURSING CENTER,BROOKLYN,NY,Kings,47,2024Q2,20240611,355,13.5,13.5,0.0,61.45,61.45,0.0,42.17,40.65,1.52,0.0,0.0,0.0,172.83,102.5,70.33,767.49,743.55,23.94,0.0,0.0,0.0,0.0,0.0,0.0,
335513,SEAGATE REHABILITATION AND NURSING CENTER,BROOKLYN,NY,Kings,47,2024Q2,20240612,355,13.5,13.5,0.0,64.43,64.43,0.0,41.46,35.98,5.48,0.0,0.0,0.0,161.04,105.0,56.04,748.55,748.55,0.0,0.0,0.0,0.0,0.0,0.0,0.0,
335513,SEAGATE REHABILITATION AND NURSING CENTER,BROOKLYN,NY,Kings,47,2024Q2,20240613,354,7.0,7.0,0.0,61.27,61.27,0.0,30.98,30.98,0.0,0.0,0.0,0.0,201.92,110.57,91.35,741.32,729.22,12.1,0.0,0.0,0.0,0.0,0.0,0.0,
335513,SEAGATE REHABILITATION AND NURSING CENTER,BROOKLYN,NY,Kings,47,2024Q2,20240614,355,7.0,7.0,0.0,48.63,48.63,0.0,61.33,57.33,4.0,0.0,0.0,0.0,151.07,83.52,67.55,768.54,753.46,15.08,0.0,0.0,0.0,0.0,0.0,0.0,
335513,SEAGATE REHABILITATION AND NURSING CENTER,BROOKLYN,NY,Kings,47,2024Q2,20240615,354,0.0,0.0,0.0,23.5,23.5,0.0,45.52,34.0,11.52,0.0,0.0,0.0,159.57,74.7,84.87,658.64,637.64,21.0,0.0,0.0,0.0,0.0,0.0,0.0,
335513,SEAGATE REHABILITATION AND NURSING CENTER,BROOKLYN,NY,Kings,47,2024Q2,20240616,355,13.5,13.5,0.0,24.0,24.0,0.0,21.25,14.0,7.25,0.0,0.0,0.0,162.4,64.22,98.18,680.88,645.88,35.0,0.0,0.0,0.0,0.0,0.0,0.0,
335513,SEAGATE REHABILITATION AND NURSING CENTER,BROOKLYN,NY,Kings,47,2024Q2,20240617,357,13.5,13.5,0.0,55.63,55.63,0.0,42.0,37.0,5.0,0.0,0.0,0.0,193.35,130.3,63.05,732.25,704.29,27.96,0.0,0.0,0.0,0.0,0.0,0.0,
335513,SEAGATE REHABILITATION AND NURSING CENTER,BROOKLYN,NY,Kings,47,2024Q2,20240618,358,7.0,7.0,0.0,62.13,62.13,0.0,49.42,47.6,1.82,0.0,0.0,0.0,173.06,102.55,70.51,772.15,760.85,11.3,0.0,0.0,0.0,0.0,0.0,0.0,
335513,SEAGATE REHABILITATION AND NURSING CENTER,BROOKLYN,NY,Kings,47,2024Q2,20240619,355,7.0,7.0,0.0,63.09,63.09,0.0,63.03,53.85,9.18,0.0,0.0,0.0,175.07,111.0,64.07,756.98,753.05,3.93,0.0,0.0,0.0,0.0,0.0,0.0,
335513,SEAGATE REHABILITATION AND NURSING CENTER,BROOKLYN,NY,Kings,47,2024Q2,20240620,357,0.0,0.0,0.0,56.38,56.38,0.0,64.2,54.7,9.5,0.0,0.0,0.0,155.39,99.8,55.59,782.86,761.54,21.32,0.0,0.0,0.0,0.0,0.0,0.0,
335513,SEAGATE REHABILITATION AND NURSING CENTER,BROOKLYN,NY,Kings,47,2024Q2,20240621,355,0.0,0.0,0.0,42.0,42.0,0.0,48.97,48.97,0.0,0.0,0.0,0.0,153.2,95.71,57.49,778.71,770.86,7.85,0.0,0.0,0.0,0.0,0.0,0.0,
335513,SEAGATE REHABILITATION AND NURSING CENTER,BROOKLYN,NY,Kings,47,2024Q2,20240622,355,0.0,0.0,0.0,23.5,23.5,0.0,32.8,32.8,0.0,0.0,0.0,0.0,180.01,102.39,77.62,763.51,742.51,21.0,0.0,0.0,0.0,0.0,0.0,0.0,
335513,SEAGATE REHABILITATION AND NURSING CENTER,BROOKLYN,NY,Kings,47,2024Q2,20240623,355,0.0,0.0,0.0,24.0,24.0,0.0,7.0,7.0,0.0,0.0,0.0,0.0,198.99,132.6,66.39,720.3,713.3,7.0,0.0,0.0,0.0,0.0,0.0,0.0,
335513,SEAGATE REHABILITATION AND NURSING CENTER,BROOKLYN,NY,Kings,47,2024Q2,20240624,356,18.12,18.12,0.0,41.98,41.98,0.0,42.0,42.0,0.0,0.0,0.0,0.0,187.19,112.81,74.38,725.43,705.16,20.27,0.0,0.0,0.0,0.0,0.0,0.0,
335513,SEAGATE REHABILITATION AND NURSING CENTER,BROOKLYN,NY,Kings,47,2024Q2,20240625,356,7.0,7.0,0.0,49.37,49.37,0.0,56.12,54.3,1.82,0.0,0.0,0.0,153.06,94.14,58.92,746.68,726.4,20.28,0.0,0.0,0.0,0.0,0.0,0.0,
335513,SEAGATE REHABILITATION AND NURSING CENTER,BROOKLYN,NY,Kings,47,2024Q2,20240626,356,0.0,0.0,0.0,48.46,48.46,0.0,34.88,29.7,5.18,0.0,0.0,0.0,168.05,119.98,48.07,739.93,733.93,6.0,0.0,0.0,0.0,0.0,0.0,0.0,
335513,SEAGATE REHABILITATION AND NURSING CENTER,BROOKLYN,NY,Kings,47,2024Q2,20240627,355,13.5,13.5,0.0,42.33,42.33,0.0,34.69,34.69,0.0,0.0,0.0,0.0,191.77,124.33,67.44,752.1,728.53,23.57,0.0,0.0,0.0,0.0,0.0,0.0,
335513,SEAGATE REHABILITATION AND NURSING CENTER,BROOKLYN,NY,Kings,47,2024Q2,20240628,354,0.0,0.0,0.0,48.33,48.33,0.0,51.8,49.8,2.0,0.0,0.0,0.0,169.51,101.82,67.69,715.1,710.6,4.5,0.0,0.0,0.0,0.0,0.0,0.0,
335513,SEAGATE REHABILITATION AND NURSING CENTER,BROOKLYN,NY,Kings,47,2024Q2,20240629,354,0.0,0.0,0.0,13.5,13.5,0.0,46.62,39.62,7.0,0.0,0.0,0.0,179.56,91.53,88.03,654.47,626.7,27.77,0.0,0.0,0.0,0.0,0.0,0.0,
335513,SEAGATE REHABILITATION AND NURSING CENTER,BROOKLYN,NY,Kings,47,2024Q2,20240630,352,7.0,7.0,0.0,20.5,20.5,0.0,28.76,21.58,7.18,0.0,0.0,0.0,192.51,105.0,87.51,678.22,643.8,34.42,0.0,0.0,0.0,0.0,0.0,0.0,
335513,SEAGATE REHABILITATION AND NURSING CENTER,BROOKLYN,NY,Kings,47,2024Q3,20240701,348,13.5,13.5,0.0,53.78,53.78,0.0,50.82,46.0,4.82,0.0,0.0,0.0,177.8,133.26,44.54,750.58,721.15,29.43,0.0,0.0,0.0,0.0,0.0,0.0,
335513,SEAGATE REHABILITATION AND NURSING CENTER,BROOKLYN,NY,Kings,47,2024Q3,20240702,350,13.5,13.5,0.0,46.15,46.15,0.0,48.84,46.84,2.0,0.0,0.0,0.0,158.72,116.68,42.04,770.09,739.42,30.67,0.0,0.0,0.0,0.0,0.0,0.0,
335513,SEAGATE REHABILITATION AND NURSING CENTER,BROOKLYN,NY,Kings,47,2024Q3,20240703,349,13.5,13.5,0.0,57.62,57.62,0.0,67.75,62.75,5.0,0.0,0.0,0.0,177.71,110.81,66.9,753.89,746.21,7.68,0.0,0.0,0.0,0.0,0.0,0.0,
335513,SEAGATE REHABILITATION AND NURSING CENTER,BROOKLYN,NY,Kings,47,2024Q3,20240704,349,0.0,0.0,0.0,27.5,27.5,0.0,33.31,33.31,0.0,0.0,0.0,0.0,158.79,108.96,49.83,769.15,762.15,7.0,0.0,0.0,0.0,0.0,0.0,0.0,
335513,SEAGATE REHABILITATION AND NURSING CENTER,BROOKLYN,NY,Kings,47,2024Q3,20240705,348,13.5,13.5,0.0,28.0,28.0,0.0,56.28,56.28,0.0,0.0,0.0,0.0,188.13,112.32,75.81,750.95,738.45,12.5,0.0,0.0,0.0,0.0,0.0,0.0,
335513,SEAGATE REHABILITATION AND NURSING CENTER,BROOKLYN,NY,Kings,47,2024Q3,20240706,347,0.0,0.0,0.0,27.0,27.0,0.0,15.73,15.73,0.0,0.0,0.0,0.0,189.6,119.02,70.58,751.31,744.31,7.0,0.0,0.0,0.0,0.0,0.0,0.0,
335513,SEAGATE REHABILITATION AND NURSING CENTER,BROOKLYN,NY,Kings,47,2024Q3,20240707,345,0.0,0.0,0.0,20.5,20.5,0.0,21.4,21.4,0.0,0.0,0.0,0.0,152.38,99.0,53.38,701.62,701.62,0.0,0.0,0.0,0.0,0.0,0.0,0.0,
335513,SEAGATE REHABILITATION AND NURSING CENTER,BROOKLYN,NY,Kings,47,2024Q3,20240708,344,7.0,7.0,0.0,58.05,58.05,0.0,54.0,54.0,0.0,0.0,0.0,0.0,169.35,107.45,61.9,723.85,710.25,13.6,0.0,0.0,0.0,0.0,0.0,0.0,
335513,SEAGATE REHABILITATION AND NURSING CENTER,BROOKLYN,NY,Kings,47,2024Q3,20240709,343,13.62,13.62,0.0,55.98,55.98,0.0,49.44,47.82,1.62,0.0,0.0,0.0,176.39,104.33,72.06,756.61,749.88,6.73,0.0,0.0,0.0,0.0,0.0,0.0,
335513,SEAGATE REHABILITATION AND NURSING CENTER,BROOKLYN,NY,Kings,47,2024Q3,20240710,341,7.0,7.0,0.0,49.75,49.75,0.0,51.93,46.55,5.38,0.0,0.0,0.0,190.46,113.54,76.92,736.31,722.56,13.75,0.0,0.0,0.0,0.0,0.0,0.0,
335513,SEAGATE REHABILITATION AND NURSING CENTER,BROOKLYN,NY,Kings,47,2024Q3,20240711,340,7.0,7.0,0.0,56.47,56.47,0.0,48.8,48.8,0.0,0.0,0.0,0.0,188.81,134.83,53.98,772.19,741.9,30.29,0.0,0.0,0.0,0.0,0.0,0.0,
335513,SEAGATE REHABILITATION AND NURSING CENTER,BROOKLYN,NY,Kings,47,2024Q3,20240712,343,13.5,13.5,0.0,42.02,42.02,0.0,55.83,53.83,2.0,0.0,0.0,0.0,197.21,149.61,47.6,716.18,711.18,5.0,0.0,0.0,0.0,0.0,0.0,0.0,
335513,SEAGATE REHABILITATION AND NURSING CENTER,BROOKLYN,NY,Kings,47,2024Q3,20240713,343,0.0,0.0,0.0,23.5,23.5,0.0,55.38,48.38,7.0,0.0,0.0,0.0,169.67,91.36,78.31,709.29,674.51,34.78,0.0,0.0,0.0,0.0,0.0,0.0,
335513,SEAGATE REHABILITATION AND NURSING CENTER,BROOKLYN,NY,Kings,47,2024Q3,20240714,344,0.0,0.0,0.0,24.0,24.0,0.0,28.0,21.0,7.0,0.0,0.0,0.0,182.28,103.42,78.86,744.78,696.49,48.29,0.0,0.0,0.0,0.0,0.0,0.0,
335513,SEAGATE REHABILITATION AND NURSING CENTER,BROOKLYN,NY,Kings,47,2024Q3,20240715,347,7.0,7.0,0.0,42.83,42.83,0.0,28.0,23.0,5.0,0.0,0.0,0.0,203.0,134.22,68.78,723.9,703.35,20.55,0.0,0.0,0.0,0.0,0.0,0.0,
335513,SEAGATE REHABILITATION AND NURSING CENTER,BROOKLYN,NY,Kings,47,2024Q3,20240716,348,7.0,7.0,0.0,49.23,49.23,0.0,36.6,34.65,1.95,0.0,0.0,0.0,212.29,124.22,88.07,728.19,713.57,14.62,0.0,0.0,0.0,0.0,0.0,0.0,
335513,SEAGATE REHABILITATION AND NURSING CENTER,BROOKLYN,NY,Kings,47,2024Q3,20240717,348,13.5,13.5,0.0,49.06,49.06,0.0,40.85,35.8,5.05,0.0,0.0,0.0,196.11,117.45,78.66,735.39,723.59,11.8,0.0,0.0,0.0,0.0,0.0,0.0,
335513,SEAGATE REHABILITATION AND NURSING CENTER,BROOKLYN,NY,Kings,47,2024Q3,20240718,350,7.0,7.0,0.0,56.25,56.25,0.0,42.85,42.85,0.0,0.0,0.0,0.0,164.96,115.73,49.23,719.74,717.72,2.02,0.0,0.0,0.0,0.0,0.0,0.0,
335513,SEAGATE REHABILITATION AND NURSING CENTER,BROOKLYN,NY,Kings,47,2024Q3,20240719,349,13.5,13.5,0.0,42.22,42.22,0.0,44.8,44.8,0.0,0.0,0.0,0.0,184.79,93.91,90.88,726.34,705.96,20.38,0.0,0.0,0.0,0.0,0.0,0.0,
335513,SEAGATE REHABILITATION AND NURSING CENTER,BROOKLYN,NY,Kings,47,2024Q3,20240720,348,0.0,0.0,0.0,20.0,20.0,0.0,39.55,39.55,0.0,0.0,0.0,0.0,189.63,113.14,76.49,745.04,731.04,14.0,0.0,0.0,0.0,0.0,0.0,0.0,
335513,SEAGATE REHABILITATION AND NURSING CENTER,BROOKLYN,NY,Kings,47,2024Q3,20240721,348,13.5,13.5,0.0,27.5,27.5,0.0,11.68,11.68,0.0,0.0,0.0,0.0,187.29,120.53,66.76,656.36,649.36,7.0,0.0,0.0,0.0,0.0,0.0,0.0,
335513,SEAGATE REHABILITATION AND NURSING CENTER,BROOKLYN,NY,Kings,47,2024Q3,20240722,348,13.5,13.5,0.0,28.0,28.0,0.0,34.85,34.85,0.0,0.0,0.0,0.0,172.28,96.26,76.02,740.4,726.67,13.73,0.0,0.0,0.0,0.0,0.0,0.0,
335513,SEAGATE REHABILITATION AND NURSING CENTER,BROOKLYN,NY,Kings,47,2024Q3,20240723,350,7.0,7.0,0.0,48.13,48.13,0.0,48.85,46.85,2.0,0.0,0.0,0.0,190.04,124.89,65.15,756.49,734.19,22.3,0.0,0.0,0.0,0.0,0.0,0.0,
335513,SEAGATE REHABILITATION AND NURSING CENTER,BROOKLYN,NY,Kings,47,2024Q3,20240724,353,7.0,7.0,0.0,42.13,42.13,0.0,42.0,37.0,5.0,0.0,0.0,0.0,178.33,118.2,60.13,764.41,742.61,21.8,0.0,0.0,0.0,0.0,0.0,0.0,
335513,SEAGATE REHABILITATION AND NURSING CENTER,BROOKLYN,NY,Kings,47,2024Q3,20240725,355,7.0,7.0,0.0,41.8,41.8,0.0,35.41,35.41,0.0,0.0,0.0,0.0,196.17,117.25,78.92,755.21,732.16,23.05,0.0,0.0,0.0,0.0,0.0,0.0,
335513,SEAGATE REHABILITATION AND NURSING CENTER,BROOKLYN,NY,Kings,47,2024Q3,20240726,355,7.0,7.0,0.0,34.83,34.83,0.0,47.16,43.16,4.0,0.0,0.0,0.0,189.88,125.78,64.1,741.76,716.09,25.67,0.0,0.0,0.0,0.0,0.0,0.0,
335513,SEAGATE REHABILITATION AND NURSING CENTER,BROOKLYN,NY,Kings,47,2024Q3,20240727,355,13.5,13.5,0.0,14.0,14.0,0.0,47.68,36.2,11.48,0.0,0.0,0.0,163.68,69.37,94.31,730.62,702.62,28.0,0.0,0.0,0.0,0.0,0.0,0.0,
335513,SEAGATE REHABILITATION AND NURSING CENTER,BROOKLYN,NY,Kings,47,2024Q3,20240728,355,13.5,13.5,0.0,7.0,7.0,0.0,28.07,21.15,6.92,0.0,0.0,0.0,175.5,105.34,70.16,716.85,682.33,34.52,0.0,0.0,0.0,0.0,0.0,0.0,
335513,SEAGATE REHABILITATION AND NURSING CENTER,BROOKLYN,NY,Kings,47,2024Q3,20240729,354,13.5,13.5,0.0,29.12,29.12,0.0,35.1,30.0,5.1,0.0,0.0,0.0,203.48,133.05,70.43,762.85,740.98,21.87,0.0,0.0,0.0,0.0,0.0,0.0,
335513,SEAGATE REHABILITATION AND NURSING CENTER,BROOKLYN,NY,Kings,47,2024Q3,20240730,355,7.0,7.0,0.0,35.72,35.72,0.0,38.16,36.16,2.0,0.0,0.0,0.0,193.35,125.83,67.52,746.76,732.16,14.6,0.0,0.0,0.0,0.0,0.0,0.0,
335513,SEAGATE REHABILITATION AND NURSING CENTER,BROOKLYN,NY,Kings,47,2024Q3,20240731,356,7.0,7.0,0.0,42.13,42.13,0.0,54.8,49.8,5.0,0.0,0.0,0.0,180.51,121.0,59.51,760.29,747.18,13.11,0.0,0.0,0.0,0.0,0.0,0.0,
335513,SEAGATE REHABILITATION AND NURSING CENTER,BROOKLYN,NY,Kings,47,2024Q3,20240801,356,13.5,13.5,0.0,28.73,28.73,0.0,42.37,42.37,0.0,0.0,0.0,0.0,206.53,120.35,86.18,788.11,756.44,31.67,0.0,0.0,0.0,0.0,0.0,0.0,
335513,SEAGATE REHABILITATION AND NURSING CENTER,BROOKLYN,NY,Kings,47,2024Q3,20240802,354,7.0,7.0,0.0,34.82,34.82,0.0,44.0,40.0,4.0,0.0,0.0,0.0,166.13,110.83,55.3,739.38,719.71,19.67,0.0,0.0,0.0,0.0,0.0,0.0,
335513,SEAGATE REHABILITATION AND NURSING CENTER,BROOKLYN,NY,Kings,47,2024Q3,20240803,356,13.5,13.5,0.0,20.5,20.5,0.0,18.98,9.48,9.5,0.0,0.0,0.0,189.23,109.42,79.81,730.44,716.64,13.8,0.0,0.0,0.0,0.0,0.0,0.0,
335513,SEAGATE REHABILITATION AND NURSING CENTER,BROOKLYN,NY,Kings,47,2024Q3,20240804,356,0.0,0.0,0.0,20.5,20.5,0.0,16.28,16.28,0.0,0.0,0.0,0.0,203.13,124.65,78.48,714.3,706.45,7.85,0.0,0.0,0.0,0.0,0.0,0.0,
335513,SEAGATE REHABILITATION AND NURSING CENTER,BROOKLYN,NY,Kings,47,2024Q3,20240805,355,13.5,13.5,0.0,42.38,42.38,0.0,28.02,28.02,0.0,0.0,0.0,0.0,171.55,113.47,58.08,751.93,717.5,34.43,0.0,0.0,0.0,0.0,0.0,0.0,
335513,SEAGATE REHABILITATION AND NURSING CENTER,BROOKLYN,NY,Kings,47,2024Q3,20240806,354,13.5,13.5,0.0,28.0,28.0,0.0,66.95,62.35,4.6,0.0,0.0,0.0,153.83,107.49,46.34,738.01,706.74,31.27,0.0,0.0,0.0,0.0,0.0,0.0,
335513,SEAGATE REHABILITATION AND NURSING CENTER,BROOKLYN,NY,Kings,47,2024Q3,20240807,355,7.0,7.0,0.0,44.07,44.07,0.0,46.3,43.9,2.4,0.0,0.0,0.0,148.15,121.22,26.93,742.14,738.14,4.0,0.0,0.0,0.0,0.0,0.0,0.0,
335513,SEAGATE REHABILITATION AND NURSING CENTER,BROOKLYN,NY,Kings,47,2024Q3,20240808,355,7.0,7.0,0.0,41.68,41.68,0.0,29.77,29.77,0.0,0.0,0.0,0.0,200.59,142.77,57.82,781.61,769.29,12.32,0.0,0.0,0.0,0.0,0.0,0.0,
335513,SEAGATE REHABILITATION AND NURSING CENTER,BROOKLYN,NY,Kings,47,2024Q3,20240809,356,7.0,7.0,0.0,27.98,27.98,0.0,48.8,44.8,4.0,0.0,0.0,0.0,200.87,139.07,61.8,766.43,759.6,6.83,0.0,0.0,0.0,0.0,0.0,0.0,
335513,SEAGATE REHABILITATION AND NURSING CENTER,BROOKLYN,NY,Kings,47,2024Q3,20240810,357,7.0,7.0,0.0,13.5,13.5,0.0,61.23,50.15,11.08,0.0,0.0,0.0,160.85,93.72,67.13,742.3,700.52,41.78,0.0,0.0,0.0,0.0,0.0,0.0,
335513,SEAGATE REHABILITATION AND NURSING CENTER,BROOKLYN,NY,Kings,47,2024Q3,20240811,357,0.0,0.0,0.0,20.5,20.5,0.0,43.28,35.5,7.78,0.0,0.0,0.0,171.35,106.5,64.85,737.48,689.25,48.23,0.0,0.0,0.0,0.0,0.0,0.0,
335513,SEAGATE REHABILITATION AND NURSING CENTER,BROOKLYN,NY,Kings,47,2024Q3,20240812,357,13.5,13.5,0.0,28.83,28.83,0.0,40.86,36.23,4.63,0.0,0.0,0.0,203.96,138.23,65.73,725.32,698.63,26.69,0.0,0.0,0.0,0.0,0.0,0.0,
335513,SEAGATE REHABILITATION AND NURSING CENTER,BROOKLYN,NY,Kings,47,2024Q3,20240813,357,13.5,13.5,0.0,28.52,28.52,0.0,28.77,26.94,1.83,0.0,0.0,0.0,183.88,125.78,58.1,742.12,712.93,29.19,0.0,0.0,0.0,0.0,0.0,0.0,
335513,SEAGATE REHABILITATION AND NURSING CENTER,BROOKLYN,NY,Kings,47,2024Q3,20240814,354,13.5,13.5,0.0,42.17,42.17,0.0,54.84,49.67,5.17,0.0,0.0,0.0,161.83,138.53,23.3,761.64,749.39,12.25,0.0,0.0,0.0,0.0,0.0,0.0,
335513,SEAGATE REHABILITATION AND NURSING CENTER,BROOKLYN,NY,Kings,47,2024Q3,20240815,350,13.5,13.5,0.0,28.88,28.88,0.0,58.23,58.23,0.0,0.0,0.0,0.0,145.08,94.65,50.43,746.69,732.86,13.83,0.0,0.0,0.0,0.0,0.0,0.0,
335513,SEAGATE REHABILITATION AND NURSING CENTER,BROOKLYN,NY,Kings,47,2024Q3,20240816,349,7.0,7.0,0.0,34.87,34.87,0.0,35.92,33.92,2.0,0.0,0.0,0.0,170.86,120.65,50.21,712.22,704.29,7.93,0.0,0.0,0.0,0.0,0.0,0.0,
335513,SEAGATE REHABILITATION AND NURSING CENTER,BROOKLYN,NY,Kings,47,2024Q3,20240817,347,13.5,13.5,0.0,0.0,0.0,0.0,35.13,30.13,5.0,0.0,0.0,0.0,167.37,104.87,62.5,710.64,703.64,7.0,0.0,0.0,0.0,0.0,0.0,0.0,
335513,SEAGATE REHABILITATION AND NURSING CENTER,BROOKLYN,NY,Kings,47,2024Q3,20240818,347,0.0,0.0,0.0,20.5,20.5,0.0,21.0,21.0,0.0,0.0,0.0,0.0,197.56,132.41,65.15,682.11,675.11,7.0,0.0,0.0,0.0,0.0,0.0,0.0,
335513,SEAGATE REHABILITATION AND NURSING CENTER,BROOKLYN,NY,Kings,47,2024Q3,20240819,345,13.5,13.5,0.0,27.7,27.7,0.0,34.9,34.9,0.0,0.0,0.0,0.0,177.38,117.38,60.0,701.39,688.34,13.05,0.0,0.0,0.0,0.0,0.0,0.0,
335513,SEAGATE REHABILITATION AND NURSING CENTER,BROOKLYN,NY,Kings,47,2024Q3,20240820,345,7.0,7.0,0.0,48.5,48.5,0.0,53.7,53.7,0.0,0.0,0.0,0.0,177.92,113.7,64.22,752.5,734.7,17.8,0.0,0.0,0.0,0.0,0.0,0.0,
335513,SEAGATE REHABILITATION AND NURSING CENTER,BROOKLYN,NY,Kings,47,2024Q3,20240821,345,13.5,13.5,0.0,41.1,41.1,0.0,52.99,52.99,0.0,0.0,0.0,0.0,180.6,131.88,48.72,753.07,745.12,7.95,0.0,0.0,0.0,0.0,0.0,0.0,
335513,SEAGATE REHABILITATION AND NURSING CENTER,BROOKLYN,NY,Kings,47,2024Q3,20240822,345,7.0,7.0,0.0,49.37,49.37,0.0,38.36,38.36,0.0,0.0,0.0,0.0,195.65,129.28,66.37,773.08,737.51,35.57,0.0,0.0,0.0,0.0,0.0,0.0,
335513,SEAGATE REHABILITATION AND NURSING CENTER,BROOKLYN,NY,Kings,47,2024Q3,20240823,345,13.5,13.5,0.0,35.12,35.12,0.0,65.87,61.87,4.0,0.0,0.0,0.0,175.11,141.15,33.96,743.77,729.01,14.76,0.0,0.0,0.0,0.0,0.0,0.0,
335513,SEAGATE REHABILITATION AND NURSING CENTER,BROOKLYN,NY,Kings,47,2024Q3,20240824,343,0.0,0.0,0.0,27.0,27.0,0.0,78.6,67.23,11.37,0.0,0.0,0.0,151.2,66.82,84.38,745.29,702.55,42.74,0.0,0.0,0.0,0.0,0.0,0.0,
335513,SEAGATE REHABILITATION AND NURSING CENTER,BROOKLYN,NY,Kings,47,2024Q3,20240825,342,13.5,13.5,0.0,20.5,20.5,0.0,54.48,47.58,6.9,0.0,0.0,0.0,170.97,101.05,69.92,713.49,664.77,48.72,0.0,0.0,0.0,0.0,0.0,0.0,
335513,SEAGATE REHABILITATION AND NURSING CENTER,BROOKLYN,NY,Kings,47,2024Q3,20240826,342,13.65,13.65,0.0,49.92,49.92,0.0,59.82,54.59,5.23,0.0,0.0,0.0,171.4,136.77,34.63,712.5,677.77,34.73,0.0,0.0,0.0,0.0,0.0,0.0,
335513,SEAGATE REHABILITATION AND NURSING CENTER,BROOKLYN,NY,Kings,47,2024Q3,20240827,344,0.0,0.0,0.0,55.33,55.33,0.0,50.2,48.25,1.95,0.0,0.0,0.0,198.21,135.4,62.81,755.62,749.2,6.42,0.0,0.0,0.0,0.0,0.0,0.0,
335513,SEAGATE REHABILITATION AND NURSING CENTER,BROOKLYN,NY,Kings,47,2024Q3,20240828,347,0.0,0.0,0.0,58.13,58.13,0.0,63.88,58.83,5.05,0.0,0.0,0.0,181.19,137.85,43.34,756.49,749.14,7.35,0.0,0.0,0.0,0.0,0.0,0.0,
335513,SEAGATE REHABILITATION AND NURSING CENTER,BROOKLYN,NY,Kings,47,2024Q3,20240829,351,13.5,13.5,0.0,48.63,48.63,0.0,71.0,71.0,0.0,0.0,0.0,0.0,180.62,120.4,60.22,758.67,751.42,7.25,0.0,0.0,0.0,0.0,0.0,0.0,
335513,SEAGATE REHABILITATION AND NURSING CENTER,BROOKLYN,NY,Kings,47,2024Q3,20240830,352,13.5,13.5,0.0,41.5,41.5,0.0,60.81,56.83,3.98,0.0,0.0,0.0,172.18,112.02,60.16,780.5,765.55,14.95,0.0,0.0,0.0,0.0,0.0,0.0,
335513,SEAGATE REHABILITATION AND NURSING CENTER,BROOKLYN,NY,Kings,47,2024Q3,20240831,349,1.38,1.38,0.0,27.5,27.5,0.0,40.17,30.15,10.02,0.0,0.0,0.0,182.67,117.4,65.27,720.69,720.69,0.0,0.0,0.0,0.0,0.0,0.0,0.0,
335513,SEAGATE REHABILITATION AND NURSING CENTER,BROOKLYN,NY,Kings,47,2024Q3,20240901,347,12.62,12.62,0.0,20.5,20.5,0.0,15.75,15.75,0.0,0.0,0.0,0.0,192.0,125.32,66.68,689.08,668.08,21.0,0.0,0.0,0.0,0.0,0.0,0.0,
335513,SEAGATE REHABILITATION AND NURSING CENTER,BROOKLYN,NY,Kings,47,2024Q3,20240902,346,7.0,7.0,0.0,21.0,21.0,0.0,47.25,47.25,0.0,0.0,0.0,0.0,171.65,111.62,60.03,690.88,677.76,13.12,0.0,0.0,0.0,0.0,0.0,0.0,
335513,SEAGATE REHABILITATION AND NURSING CENTER,BROOKLYN,NY,Kings,47,2024Q3,20240903,348,7.0,7.0,0.0,62.77,62.77,0.0,48.83,47.0,1.83,0.0,0.0,0.0,185.61,118.34,67.27,747.38,724.53,22.85,0.0,0.0,0.0,0.0,0.0,0.0,
335513,SEAGATE REHABILITATION AND NURSING CENTER,BROOKLYN,NY,Kings,47,2024Q3,20240904,351,7.0,7.0,0.0,62.62,62.62,0.0,49.12,43.95,5.17,0.0,0.0,0.0,194.17,134.51,59.66,742.87,737.87,5.0,0.0,0.0,0.0,0.0,0.0,0.0,
335513,SEAGATE REHABILITATION AND NURSING CENTER,BROOKLYN,NY,Kings,47,2024Q3,20240905,347,0.0,0.0,0.0,55.3,55.3,0.0,29.93,29.93,0.0,0.0,0.0,0.0,215.99,145.89,70.1,766.11,761.11,5.0,0.0,0.0,0.0,0.0,0.0,0.0,
335513,SEAGATE REHABILITATION AND NURSING CENTER,BROOKLYN,NY,Kings,47,2024Q3,20240906,353,13.5,13.5,0.0,54.67,54.67,0.0,50.97,46.97,4.0,0.0,0.0,0.0,194.46,142.57,51.89,775.45,766.7,8.75,0.0,0.0,0.0,0.0,0.0,0.0,
335513,SEAGATE REHABILITATION AND NURSING CENTER,BROOKLYN,NY,Kings,47,2024Q3,20240907,352,0.0,0.0,0.0,23.5,23.5,0.0,67.02,55.65,11.37,0.0,0.0,0.0,154.73,98.37,56.36,685.57,643.84,41.73,0.0,0.0,0.0,0.0,0.0,0.0,
335513,SEAGATE REHABILITATION AND NURSING CENTER,BROOKLYN,NY,Kings,47,2024Q3,20240908,352,0.0,0.0,0.0,24.0,24.0,0.0,38.58,31.0,7.58,0.0,0.0,0.0,160.61,95.94,64.67,742.39,701.92,40.47,0.0,0.0,0.0,0.0,0.0,0.0,
335513,SEAGATE REHABILITATION AND NURSING CENTER,BROOKLYN,NY,Kings,47,2024Q3,20240909,349,13.5,13.5,0.0,49.38,49.38,0.0,53.58,49.03,4.55,0.0,0.0,0.0,172.62,148.44,24.18,725.99,705.99,20.0,0.0,0.0,0.0,0.0,0.0,0.0,
335513,SEAGATE REHABILITATION AND NURSING CENTER,BROOKLYN,NY,Kings,47,2024Q3,20240910,348,0.0,0.0,0.0,63.02,63.02,0.0,34.42,32.62,1.8,0.0,0.0,0.0,194.16,137.83,56.33,793.55,787.35,6.2,0.0,0.0,0.0,0.0,0.0,0.0,
335513,SEAGATE REHABILITATION AND NURSING CENTER,BROOKLYN,NY,Kings,47,2024Q3,20240911,348,13.5,13.5,0.0,64.5,64.5,0.0,62.99,57.79,5.2,0.0,0.0,0.0,186.46,126.4,60.06,751.0,738.0,13.0,0.0,0.0,0.0,0.0,0.0,0.0,
335513,SEAGATE REHABILITATION AND NURSING CENTER,BROOKLYN,NY,Kings,47,2024Q3,20240912,347,13.5,13.5,0.0,54.82,54.82,0.0,56.05,56.05,0.0,0.0,0.0,0.0,158.44,103.1,55.34,770.59,763.59,7.0,0.0,0.0,0.0,0.0,0.0,0.0,
335513,SEAGATE REHABILITATION AND NURSING CENTER,BROOKLYN,NY,Kings,47,2024Q3,20240913,352,13.5,13.5,0.0,48.45,48.45,0.0,52.11,45.03,7.08,0.0,0.0,0.0,184.0,120.82,63.18,768.6,748.35,20.25,0.0,0.0,0.0,0.0,0.0,0.0,
335513,SEAGATE REHABILITATION AND NURSING CENTER,BROOKLYN,NY,Kings,47,2024Q3,20240914,351,0.0,0.0,0.0,23.5,23.5,0.0,38.18,31.5,6.68,0.0,0.0,0.0,181.64,121.32,60.32,720.35,706.35,14.0,0.0,0.0,0.0,0.0,0.0,0.0,
335513,SEAGATE REHABILITATION AND NURSING CENTER,BROOKLYN,NY,Kings,47,2024Q3,20240915,352,0.0,0.0,0.0,24.0,24.0,0.0,13.72,13.72,0.0,0.0,0.0,0.0,180.79,137.42,43.37,699.45,699.45,0.0,0.0,0.0,0.0,0.0,0.0,0.0,
335513,SEAGATE REHABILITATION AND NURSING CENTER,BROOKLYN,NY,Kings,47,2024Q3,20240916,350,13.5,13.5,0.0,49.88,49.88,0.0,48.65,48.65,0.0,0.0,0.0,0.0,181.15,143.43,37.72,749.17,749.17,0.0,0.0,0.0,0.0,0.0,0.0,0.0,
335513,SEAGATE REHABILITATION AND NURSING CENTER,BROOKLYN,NY,Kings,47,2024Q3,20240917,354,13.5,13.5,0.0,56.1,56.1,0.0,38.13,38.13,0.0,0.0,0.0,0.0,171.52,113.07,58.45,752.51,745.51,7.0,0.0,0.0,0.0,0.0,0.0,0.0,
335513,SEAGATE REHABILITATION AND NURSING CENTER,BROOKLYN,NY,Kings,47,2024Q3,20240918,353,7.0,7.0,0.0,57.6,57.6,0.0,50.83,50.83,0.0,0.0,0.0,0.0,203.52,132.61,70.91,779.56,765.56,14.0,0.0,0.0,0.0,0.0,0.0,0.0,
335513,SEAGATE REHABILITATION AND NURSING CENTER,BROOKLYN,NY,Kings,47,2024Q3,20240919,354,13.5,13.5,0.0,48.5,48.5,0.0,42.19,42.19,0.0,0.0,0.0,0.0,185.51,120.76,64.75,780.2,780.2,0.0,0.0,0.0,0.0,0.0,0.0,0.0,
335513,SEAGATE REHABILITATION AND NURSING CENTER,BROOKLYN,NY,Kings,47,2024Q3,20240920,355,13.5,13.5,0.0,55.5,55.5,0.0,45.71,45.71,0.0,0.0,0.0,0.0,176.45,117.74,58.71,770.72,761.92,8.8,0.0,0.0,0.0,0.0,0.0,0.0,
335513,SEAGATE REHABILITATION AND NURSING CENTER,BROOKLYN,NY,Kings,47,2024Q3,20240921,354,7.0,7.0,0.0,23.5,23.5,0.0,51.68,51.68,0.0,0.0,0.0,0.0,173.84,93.58,80.26,730.9,690.02,40.88,0.0,0.0,0.0,0.0,0.0,0.0,
335513,SEAGATE REHABILITATION AND NURSING CENTER,BROOKLYN,NY,Kings,47,2024Q3,20240922,353,1.52,1.52,0.0,24.0,24.0,0.0,49.0,49.0,0.0,0.0,0.0,0.0,157.51,78.6,78.91,720.75,667.25,53.5,0.0,0.0,0.0,0.0,0.0,0.0,
335513,SEAGATE REHABILITATION AND NURSING CENTER,BROOKLYN,NY,Kings,47,2024Q3,20240923,355,12.48,12.48,0.0,42.0,42.0,0.0,55.73,55.73,0.0,0.0,0.0,0.0,178.77,117.93,60.84,762.42,748.75,13.67,0.0,0.0,0.0,0.0,0.0,0.0,
335513,SEAGATE REHABILITATION AND NURSING CENTER,BROOKLYN,NY,Kings,47,2024Q3,20240924,353,7.0,7.0,0.0,55.57,55.57,0.0,63.17,63.17,0.0,0.0,0.0,0.0,193.03,140.65,52.38,835.46,828.96,6.5,0.0,0.0,0.0,0.0,0.0,0.0,
335513,SEAGATE REHABILITATION AND NURSING CENTER,BROOKLYN,NY,Kings,47,2024Q3,20240925,352,13.5,13.5,0.0,57.53,57.53,0.0,59.25,59.25,0.0,0.0,0.0,0.0,190.15,133.09,57.06,787.62,770.94,16.68,0.0,0.0,0.0,0.0,0.0,0.0,
335513,SEAGATE REHABILITATION AND NURSING CENTER,BROOKLYN,NY,Kings,47,2024Q3,20240926,351,13.5,13.5,0.0,55.5,55.5,0.0,74.65,74.65,0.0,0.0,0.0,0.0,183.17,108.31,74.86,754.53,747.26,7.27,0.0,0.0,0.0,0.0,0.0,0.0,
335513,SEAGATE REHABILITATION AND NURSING CENTER,BROOKLYN,NY,Kings,47,2024Q3,20240927,350,20.0,20.0,0.0,48.43,48.43,0.0,83.06,83.06,0.0,0.0,0.0,0.0,159.47,98.35,61.12,755.68,750.95,4.73,0.0,0.0,0.0,0.0,0.0,0.0,
335513,SEAGATE REHABILITATION AND NURSING CENTER,BROOKLYN,NY,Kings,47,2024Q3,20240928,349,0.0,0.0,0.0,23.5,23.5,0.0,23.98,23.98,0.0,0.0,0.0,0.0,193.74,136.89,56.85,744.22,722.47,21.75,0.0,0.0,0.0,0.0,0.0,0.0,
335513,SEAGATE REHABILITATION AND NURSING CENTER,BROOKLYN,NY,Kings,47,2024Q3,20240929,349,13.5,13.5,0.0,24.5,24.5,0.0,23.08,23.08,0.0,0.0,0.0,0.0,210.16,162.24,47.92,736.94,724.94,12.0,0.0,0.0,0.0,0.0,0.0,0.0,
335513,SEAGATE REHABILITATION AND NURSING CENTER,BROOKLYN,NY,Kings,47,2024Q3,20240930,347,14.0,14.0,0.0,49.0,49.0,0.0,62.65,62.65,0.0,0.0,0.0,0.0,185.42,144.55,40.87,790.25,768.89,21.36,0.0,0.0,0.0,0.0,0.0,0.0,
335513,SEAGATE REHABILITATION AND NURSING CENTER,BROOKLYN,NY,Kings,47,2024Q4,20241001,346,7.0,7.0,0.0,63.6,63.6,0.0,76.03,74.28,1.75,0.0,0.0,0.0,174.99,125.56,49.43,767.61,760.21,7.4,0.0,0.0,0.0,0.0,0.0,0.0,
335513,SEAGATE REHABILITATION AND NURSING CENTER,BROOKLYN,NY,Kings,47,2024Q4,20241002,346,0.0,0.0,0.0,49.95,49.95,0.0,92.36,87.11,5.25,0.0,0.0,0.0,158.08,121.36,36.72,839.7,818.38,21.32,0.0,0.0,0.0,0.0,0.0,0.0,
335513,SEAGATE REHABILITATION AND NURSING CENTER,BROOKLYN,NY,Kings,47,2024Q4,20241003,345,0.0,0.0,0.0,56.72,56.72,0.0,67.89,67.89,0.0,0.0,0.0,0.0,193.63,147.09,46.54,802.07,795.07,7.0,0.0,0.0,0.0,0.0,0.0,0.0,
335513,SEAGATE REHABILITATION AND NURSING CENTER,BROOKLYN,NY,Kings,47,2024Q4,20241004,345,0.0,0.0,0.0,49.92,49.92,0.0,66.7,62.72,3.98,0.0,0.0,0.0,180.79,135.61,45.18,770.08,756.43,13.65,0.0,0.0,0.0,0.0,0.0,0.0,
335513,SEAGATE REHABILITATION AND NURSING CENTER,BROOKLYN,NY,Kings,47,2024Q4,20241005,345,0.0,0.0,0.0,21.0,21.0,0.0,48.52,37.05,11.47,0.0,0.0,0.0,188.49,111.51,76.98,763.84,728.84,35.0,0.0,0.0,0.0,0.0,0.0,0.0,
335513,SEAGATE REHABILITATION AND NURSING CENTER,BROOKLYN,NY,Kings,47,2024Q4,20241006,342,0.0,0.0,0.0,21.0,21.0,0.0,59.29,51.84,7.45,0.0,0.0,0.0,154.29,77.4,76.89,745.02,712.17,32.85,0.0,0.0,0.0,0.0,0.0,0.0,
335513,SEAGATE REHABILITATION AND NURSING CENTER,BROOKLYN,NY,Kings,47,2024Q4,20241007,344,14.0,14.0,0.0,63.24,63.24,0.0,59.07,53.97,5.1,0.0,0.0,0.0,146.38,111.01,35.37,749.9,744.5,5.4,0.0,0.0,0.0,0.0,0.0,0.0,
335513,SEAGATE REHABILITATION AND NURSING CENTER,BROOKLYN,NY,Kings,47,2024Q4,20241008,345,0.0,0.0,0.0,56.28,56.28,0.0,57.56,55.56,2.0,0.0,0.0,0.0,202.27,144.29,57.98,746.97,741.69,5.28,0.0,0.0,0.0,0.0,0.0,0.0,
335513,SEAGATE REHABILITATION AND NURSING CENTER,BROOKLYN,NY,Kings,47,2024Q4,20241009,351,7.0,7.0,0.0,75.38,75.38,0.0,76.3,71.3,5.0,0.0,0.0,0.0,175.75,141.81,33.94,754.61,745.86,8.75,0.0,0.0,0.0,0.0,0.0,0.0,
335513,SEAGATE REHABILITATION AND NURSING CENTER,BROOKLYN,NY,Kings,47,2024Q4,20241010,353,7.0,7.0,0.0,63.11,63.11,0.0,70.62,70.62,0.0,0.0,0.0,0.0,191.14,137.88,53.26,757.09,751.69,5.4,0.0,0.0,0.0,0.0,0.0,0.0,
335513,SEAGATE REHABILITATION AND NURSING CENTER,BROOKLYN,NY,Kings,47,2024Q4,20241011,352,13.5,13.5,0.0,41.48,41.48,0.0,64.14,64.14,0.0,0.0,0.0,0.0,164.21,107.18,57.03,718.97,703.74,15.23,0.0,0.0,0.0,0.0,0.0,0.0,
335513,SEAGATE REHABILITATION AND NURSING CENTER,BROOKLYN,NY,Kings,47,2024Q4,20241012,352,0.0,0.0,0.0,24.0,24.0,0.0,49.96,49.96,0.0,0.0,0.0,0.0,167.84,104.56,63.28,699.89,680.89,19.0,0.0,0.0,0.0,0.0,0.0,0.0,
335513,SEAGATE REHABILITATION AND NURSING CENTER,BROOKLYN,NY,Kings,47,2024Q4,20241013,353,0.0,0.0,0.0,18.35,18.35,0.0,22.37,22.37,0.0,0.0,0.0,0.0,219.57,119.06,100.51,707.24,700.24,7.0,0.0,0.0,0.0,0.0,0.0,0.0,
335513,SEAGATE REHABILITATION AND NURSING CENTER,BROOKLYN,NY,Kings,47,2024Q4,20241014,351,14.0,14.0,0.0,55.92,55.92,0.0,74.42,74.42,0.0,0.0,0.0,0.0,159.69,113.5,46.19,704.95,704.95,0.0,0.0,0.0,0.0,0.0,0.0,0.0,
335513,SEAGATE REHABILITATION AND NURSING CENTER,BROOKLYN,NY,Kings,47,2024Q4,20241015,351,0.0,0.0,0.0,63.43,63.43,0.0,76.58,76.58,0.0,0.0,0.0,0.0,163.06,120.2,42.86,710.61,702.71,7.9,0.0,0.0,0.0,0.0,0.0,0.0,
335513,SEAGATE REHABILITATION AND NURSING CENTER,BROOKLYN,NY,Kings,47,2024Q4,20241016,351,7.0,7.0,0.0,63.95,63.95,0.0,56.38,56.38,0.0,0.0,0.0,0.0,178.35,97.03,81.32,730.4,724.9,5.5,0.0,0.0,0.0,0.0,0.0,0.0,
335513,SEAGATE REHABILITATION AND NURSING CENTER,BROOKLYN,NY,Kings,47,2024Q4,20241017,351,7.0,7.0,0.0,62.6,62.6,0.0,57.11,57.11,0.0,0.0,0.0,0.0,170.36,118.61,51.75,772.77,772.77,0.0,0.0,0.0,0.0,0.0,0.0,0.0,
335513,SEAGATE REHABILITATION AND NURSING CENTER,BROOKLYN,NY,Kings,47,2024Q4,20241018,351,7.0,7.0,0.0,63.28,63.28,0.0,77.41,73.41,4.0,0.0,0.0,0.0,159.48,109.12,50.36,738.74,738.74,0.0,0.0,0.0,0.0,0.0,0.0,0.0,
335513,SEAGATE REHABILITATION AND NURSING CENTER,BROOKLYN,NY,Kings,47,2024Q4,20241019,349,0.0,0.0,0.0,23.72,23.72,0.0,88.12,76.75,11.37,0.0,0.0,0.0,171.66,81.52,90.14,719.89,699.02,20.87,0.0,0.0,0.0,0.0,0.0,0.0,
335513,SEAGATE REHABILITATION AND NURSING CENTER,BROOKLYN,NY,Kings,47,2024Q4,20241020,348,7.0,7.0,0.0,25.0,25.0,0.0,63.65,56.67,6.98,0.0,0.0,0.0,141.27,84.0,57.27,712.44,684.94,27.5,0.0,0.0,0.0,0.0,0.0,0.0,
335513,SEAGATE REHABILITATION AND NURSING CENTER,BROOKLYN,NY,Kings,47,2024Q4,20241021,349,7.0,7.0,0.0,72.07,72.07,0.0,85.37,80.22,5.15,0.0,0.0,0.0,145.38,113.48,31.9,719.54,713.22,6.32,0.0,0.0,0.0,0.0,0.0,0.0,
335513,SEAGATE REHABILITATION AND NURSING CENTER,BROOKLYN,NY,Kings,47,2024Q4,20241022,348,7.0,7.0,0.0,70.82,70.82,0.0,74.6,72.68,1.92,0.0,0.0,0.0,160.3,125.6,34.7,788.68,781.26,7.42,0.0,0.0,0.0,0.0,0.0,0.0,
335513,SEAGATE REHABILITATION AND NURSING CENTER,BROOKLYN,NY,Kings,47,2024Q4,20241023,346,7.0,7.0,0.0,78.52,78.52,0.0,90.99,85.91,5.08,0.0,0.0,0.0,169.11,132.12,36.99,767.92,761.45,6.47,0.0,0.0,0.0,0.0,0.0,0.0,
335513,SEAGATE REHABILITATION AND NURSING CENTER,BROOKLYN,NY,Kings,47,2024Q4,20241024,345,7.0,7.0,0.0,67.38,67.38,0.0,81.7,81.7,0.0,0.0,0.0,0.0,175.14,122.81,52.33,771.35,771.35,0.0,0.0,0.0,0.0,0.0,0.0,0.0,
335513,SEAGATE REHABILITATION AND NURSING CENTER,BROOKLYN,NY,Kings,47,2024Q4,20241025,345,7.0,7.0,0.0,56.5,56.5,0.0,82.57,80.57,2.0,0.0,0.0,0.0,133.13,84.53,48.6,758.25,746.0,12.25,0.0,0.0,0.0,0.0,0.0,0.0,
335513,SEAGATE REHABILITATION AND NURSING CENTER,BROOKLYN,NY,Kings,47,2024Q4,20241026,346,0.0,0.0,0.0,28.0,28.0,0.0,49.86,42.86,7.0,0.0,0.0,0.0,160.37,91.72,68.65,677.18,677.18,0.0,0.0,0.0,0.0,0.0,0.0,0.0,
335513,SEAGATE REHABILITATION AND NURSING CENTER,BROOKLYN,NY,Kings,47,2024Q4,20241027,346,7.0,7.0,0.0,21.3,21.3,0.0,27.98,22.98,5.0,0.0,0.0,0.0,198.83,107.23,91.6,739.45,739.45,0.0,0.0,0.0,0.0,0.0,0.0,0.0,
335513,SEAGATE REHABILITATION AND NURSING CENTER,BROOKLYN,NY,Kings,47,2024Q4,20241028,344,7.0,7.0,0.0,54.93,54.93,0.0,68.16,68.16,0.0,0.0,0.0,0.0,183.69,130.68,53.01,736.89,728.82,8.07,0.0,0.0,0.0,0.0,0.0,0.0,
335513,SEAGATE REHABILITATION AND NURSING CENTER,BROOKLYN,NY,Kings,47,2024Q4,20241029,341,7.0,7.0,0.0,63.1,63.1,0.0,57.55,55.7,1.85,0.0,0.0,0.0,170.64,104.98,65.66,773.72,765.72,8.0,0.0,0.0,0.0,0.0,0.0,0.0,
335513,SEAGATE REHABILITATION AND NURSING CENTER,BROOKLYN,NY,Kings,47,2024Q4,20241030,338,13.58,13.58,0.0,41.87,41.87,0.0,74.4,69.25,5.15,0.0,0.0,0.0,180.58,112.5,68.08,765.66,756.11,9.55,0.0,0.0,0.0,0.0,0.0,0.0,
335513,SEAGATE REHABILITATION AND NURSING CENTER,BROOKLYN,NY,Kings,47,2024Q4,20241031,339,7.0,7.0,0.0,56.05,56.05,0.0,61.29,61.29,0.0,0.0,0.0,0.0,157.53,113.35,44.18,787.94,780.61,7.33,0.0,0.0,0.0,0.0,0.0,0.0,
335513,SEAGATE REHABILITATION AND NURSING CENTER,BROOKLYN,NY,Kings,47,2024Q4,20241101,340,14.0,14.0,0.0,42.75,42.75,0.0,62.81,60.93,1.88,0.0,0.0,0.0,177.76,123.92,53.84,783.74,776.99,6.75,0.0,0.0,0.0,0.0,0.0,0.0,
335513,SEAGATE REHABILITATION AND NURSING CENTER,BROOKLYN,NY,Kings,47,2024Q4,20241102,339,0.0,0.0,0.0,28.0,28.0,0.0,70.13,63.1,7.03,0.0,0.0,0.0,154.57,74.83,79.74,743.78,729.78,14.0,0.0,0.0,0.0,0.0,0.0,0.0,
335513,SEAGATE REHABILITATION AND NURSING CENTER,BROOKLYN,NY,Kings,47,2024Q4,20241103,339,0.0,0.0,0.0,21.42,21.42,0.0,38.33,31.21,7.12,0.0,0.0,0.0,199.41,102.21,97.2,740.65,726.82,13.83,0.0,0.0,0.0,0.0,0.0,0.0,
335513,SEAGATE REHABILITATION AND NURSING CENTER,BROOKLYN,NY,Kings,47,2024Q4,20241104,335,13.5,13.5,0.0,56.35,56.35,0.0,60.75,55.78,4.97,0.0,0.0,0.0,192.87,149.2,43.67,813.59,802.79,10.8,0.0,0.0,0.0,0.0,0.0,0.0,
335513,SEAGATE REHABILITATION AND NURSING CENTER,BROOKLYN,NY,Kings,47,2024Q4,20241105,336,0.0,0.0,0.0,48.8,48.8,0.0,65.75,65.75,0.0,0.0,0.0,0.0,189.11,135.35,53.76,740.97,736.47,4.5,0.0,0.0,0.0,0.0,0.0,0.0,
335513,SEAGATE REHABILITATION AND NURSING CENTER,BROOKLYN,NY,Kings,47,2024Q4,20241106,340,7.0,7.0,0.0,49.86,49.86,0.0,75.15,75.15,0.0,0.0,0.0,0.0,191.4,126.03,65.37,754.62,754.62,0.0,0.0,0.0,0.0,0.0,0.0,0.0,
335513,SEAGATE REHABILITATION AND NURSING CENTER,BROOKLYN,NY,Kings,47,2024Q4,20241107,344,13.5,13.5,0.0,47.85,47.85,0.0,71.82,71.82,0.0,0.0,0.0,0.0,172.76,114.62,58.14,764.05,759.55,4.5,0.0,0.0,0.0,0.0,0.0,0.0,
335513,SEAGATE REHABILITATION AND NURSING CENTER,BROOKLYN,NY,Kings,47,2024Q4,20241108,344,7.0,7.0,0.0,35.0,35.0,0.0,107.57,103.57,4.0,0.0,0.0,0.0,157.68,73.14,84.54,741.86,737.86,4.0,0.0,0.0,0.0,0.0,0.0,0.0,
335513,SEAGATE REHABILITATION AND NURSING CENTER,BROOKLYN,NY,Kings,47,2024Q4,20241109,344,7.0,7.0,0.0,14.0,14.0,0.0,63.87,53.87,10.0,0.0,0.0,0.0,192.52,116.99,75.53,739.46,725.46,14.0,0.0,0.0,0.0,0.0,0.0,0.0,
335513,SEAGATE REHABILITATION AND NURSING CENTER,BROOKLYN,NY,Kings,47,2024Q4,20241110,342,0.0,0.0,0.0,20.5,20.5,0.0,27.78,27.78,0.0,0.0,0.0,0.0,218.72,137.17,81.55,744.72,737.72,7.0,0.0,0.0,0.0,0.0,0.0,0.0,
335513,SEAGATE REHABILITATION AND NURSING CENTER,BROOKLYN,NY,Kings,47,2024Q4,20241111,342,13.5,13.5,0.0,55.68,55.68,0.0,63.05,63.05,0.0,0.0,0.0,0.0,186.57,106.52,80.05,724.93,720.93,4.0,0.0,0.0,0.0,0.0,0.0,0.0,
335513,SEAGATE REHABILITATION AND NURSING CENTER,BROOKLYN,NY,Kings,47,2024Q4,20241112,344,7.0,7.0,0.0,41.5,41.5,0.0,79.61,77.94,1.67,0.0,0.0,0.0,145.93,109.7,36.23,735.68,735.68,0.0,0.0,0.0,0.0,0.0,0.0,0.0,
335513,SEAGATE REHABILITATION AND NURSING CENTER,BROOKLYN,NY,Kings,47,2024Q4,20241113,346,13.5,13.5,0.0,49.23,49.23,0.0,92.02,86.69,5.33,0.0,0.0,0.0,158.95,106.4,52.55,723.74,717.89,5.85,0.0,0.0,0.0,0.0,0.0,0.0,
335513,SEAGATE REHABILITATION AND NURSING CENTER,BROOKLYN,NY,Kings,47,2024Q4,20241114,347,7.0,7.0,0.0,55.5,55.5,0.0,64.63,64.63,0.0,0.0,0.0,0.0,182.52,126.42,56.1,759.24,754.91,4.33,0.0,0.0,0.0,0.0,0.0,0.0,
335513,SEAGATE REHABILITATION AND NURSING CENTER,BROOKLYN,NY,Kings,47,2024Q4,20241115,347,13.5,13.5,0.0,35.0,35.0,0.0,56.29,52.29,4.0,0.0,0.0,0.0,184.98,133.93,51.05,733.26,722.59,10.67,0.0,0.0,0.0,0.0,0.0,0.0,
335513,SEAGATE REHABILITATION AND NURSING CENTER,BROOKLYN,NY,Kings,47,2024Q4,20241116,347,0.0,0.0,0.0,23.5,23.5,0.0,83.26,71.43,11.83,0.0,0.0,0.0,160.32,69.65,90.67,710.66,686.81,23.85,0.0,0.0,0.0,0.0,0.0,0.0,
335513,SEAGATE REHABILITATION AND NURSING CENTER,BROOKLYN,NY,Kings,47,2024Q4,20241117,348,7.0,7.0,0.0,17.0,17.0,0.0,58.7,51.65,7.05,0.0,0.0,0.0,142.16,69.3,72.86,753.83,733.65,20.18,0.0,0.0,0.0,0.0,0.0,0.0,
335513,SEAGATE REHABILITATION AND NURSING CENTER,BROOKLYN,NY,Kings,47,2024Q4,20241118,351,13.5,13.5,0.0,41.8,41.8,0.0,54.12,49.0,5.12,0.0,0.0,0.0,174.94,118.47,56.47,715.69,705.89,9.8,0.0,0.0,0.0,0.0,0.0,0.0,
335513,SEAGATE REHABILITATION AND NURSING CENTER,BROOKLYN,NY,Kings,47,2024Q4,20241119,352,7.0,7.0,0.0,55.63,55.63,0.0,68.43,66.43,2.0,0.0,0.0,0.0,161.57,93.05,68.52,745.22,740.07,5.15,0.0,0.0,0.0,0.0,0.0,0.0,
335513,SEAGATE REHABILITATION AND NURSING CENTER,BROOKLYN,NY,Kings,47,2024Q4,20241120,355,7.0,7.0,0.0,56.82,56.82,0.0,63.18,58.18,5.0,0.0,0.0,0.0,167.76,95.43,72.33,760.24,755.17,5.07,0.0,0.0,0.0,0.0,0.0,0.0,
335513,SEAGATE REHABILITATION AND NURSING CENTER,BROOKLYN,NY,Kings,47,2024Q4,20241121,355,13.5,13.5,0.0,55.65,55.65,0.0,64.72,64.72,0.0,0.0,0.0,0.0,167.15,87.78,79.37,776.96,763.34,13.62,0.0,0.0,0.0,0.0,0.0,0.0,
335513,SEAGATE REHABILITATION AND NURSING CENTER,BROOKLYN,NY,Kings,47,2024Q4,20241122,353,13.5,13.5,0.0,48.57,48.57,0.0,72.65,70.65,2.0,0.0,0.0,0.0,153.29,78.61,74.68,754.7,749.87,4.83,0.0,0.0,0.0,0.0,0.0,0.0,
335513,SEAGATE REHABILITATION AND NURSING CENTER,BROOKLYN,NY,Kings,47,2024Q4,20241123,347,0.0,0.0,0.0,23.5,23.5,0.0,62.25,55.25,7.0,0.0,0.0,0.0,159.98,75.0,84.98,725.32,711.32,14.0,0.0,0.0,0.0,0.0,0.0,0.0,
335513,SEAGATE REHABILITATION AND NURSING CENTER,BROOKLYN,NY,Kings,47,2024Q4,20241124,345,7.0,7.0,0.0,17.0,17.0,0.0,38.9,33.9,5.0,0.0,0.0,0.0,175.53,92.85,82.68,716.1,702.1,14.0,0.0,0.0,0.0,0.0,0.0,0.0,
335513,SEAGATE REHABILITATION AND NURSING CENTER,BROOKLYN,NY,Kings,47,2024Q4,20241125,346,7.0,7.0,0.0,55.7,55.7,0.0,53.99,53.99,0.0,0.0,0.0,0.0,168.92,108.71,60.21,741.87,732.82,9.05,0.0,0.0,0.0,0.0,0.0,0.0,
335513,SEAGATE REHABILITATION AND NURSING CENTER,BROOKLYN,NY,Kings,47,2024Q4,20241126,345,0.0,0.0,0.0,55.72,55.72,0.0,55.75,53.9,1.85,0.0,0.0,0.0,168.17,102.21,65.96,739.64,739.64,0.0,0.0,0.0,0.0,0.0,0.0,0.0,
335513,SEAGATE REHABILITATION AND NURSING CENTER,BROOKLYN,NY,Kings,47,2024Q4,20241127,348,7.0,7.0,0.0,55.6,55.6,0.0,62.38,57.23,5.15,0.0,0.0,0.0,181.99,96.94,85.05,748.71,732.44,16.27,0.0,0.0,0.0,0.0,0.0,0.0,
335513,SEAGATE REHABILITATION AND NURSING CENTER,BROOKLYN,NY,Kings,47,2024Q4,20241128,350,0.0,0.0,0.0,21.0,21.0,0.0,63.97,63.97,0.0,0.0,0.0,0.0,188.77,113.96,74.81,760.17,760.17,0.0,0.0,0.0,0.0,0.0,0.0,0.0,
335513,SEAGATE REHABILITATION AND NURSING CENTER,BROOKLYN,NY,Kings,47,2024Q4,20241129,349,0.0,0.0,0.0,27.5,27.5,0.0,63.07,61.07,2.0,0.0,0.0,0.0,163.88,108.45,55.43,741.26,734.26,7.0,0.0,0.0,0.0,0.0,0.0,0.0,
335513,SEAGATE REHABILITATION AND NURSING CENTER,BROOKLYN,NY,Kings,47,2024Q4,20241130,351,7.0,7.0,0.0,20.5,20.5,0.0,63.87,55.07,8.8,0.0,0.0,0.0,142.09,87.0,55.09,722.82,702.52,20.3,0.0,0.0,0.0,0.0,0.0,0.0,
335513,SEAGATE REHABILITATION AND NURSING CENTER,BROOKLYN,NY,Kings,47,2024Q4,20241201,351,0.0,0.0,0.0,20.5,20.5,0.0,51.06,39.23,11.83,0.0,0.0,0.0,181.55,104.83,76.72,738.26,731.26,7.0,0.0,0.0,0.0,0.0,0.0,0.0,
335513,SEAGATE REHABILITATION AND NURSING CENTER,BROOKLYN,NY,Kings,47,2024Q4,20241202,351,0.0,0.0,0.0,48.82,48.82,0.0,71.64,66.77,4.87,0.0,0.0,0.0,160.14,124.32,35.82,723.3,723.3,0.0,0.0,0.0,0.0,0.0,0.0,0.0,
335513,SEAGATE REHABILITATION AND NURSING CENTER,BROOKLYN,NY,Kings,47,2024Q4,20241203,349,0.0,0.0,0.0,61.55,61.55,0.0,53.98,51.98,2.0,0.0,0.0,0.0,165.32,111.4,53.92,750.3,745.3,5.0,0.0,0.0,0.0,0.0,0.0,0.0,
335513,SEAGATE REHABILITATION AND NURSING CENTER,BROOKLYN,NY,Kings,47,2024Q4,20241204,345,0.0,0.0,0.0,63.03,63.03,0.0,56.25,51.25,5.0,0.0,0.0,0.0,186.05,124.51,61.54,719.56,719.56,0.0,0.0,0.0,0.0,0.0,0.0,0.0,
335513,SEAGATE REHABILITATION AND NURSING CENTER,BROOKLYN,NY,Kings,47,2024Q4,20241205,349,0.0,0.0,0.0,62.13,62.13,0.0,69.82,69.82,0.0,0.0,0.0,0.0,161.19,98.57,62.62,743.88,743.88,0.0,0.0,0.0,0.0,0.0,0.0,0.0,
335513,SEAGATE REHABILITATION AND NURSING CENTER,BROOKLYN,NY,Kings,47,2024Q4,20241206,349,0.0,0.0,0.0,48.67,48.67,0.0,57.98,53.98,4.0,0.0,0.0,0.0,205.61,112.24,93.37,648.45,641.68,6.77,0.0,0.0,0.0,0.0,0.0,0.0,
335513,SEAGATE REHABILITATION AND NURSING CENTER,BROOKLYN,NY,Kings,47,2024Q4,20241207,346,0.0,0.0,0.0,27.0,27.0,0.0,42.38,32.76,9.62,0.0,0.0,0.0,180.49,92.54,87.95,723.33,716.33,7.0,0.0,0.0,0.0,0.0,0.0,0.0,
335513,SEAGATE REHABILITATION AND NURSING CENTER,BROOKLYN,NY,Kings,47,2024Q4,20241208,346,0.0,0.0,0.0,20.5,20.5,0.0,40.69,38.69,2.0,0.0,0.0,0.0,196.57,138.12,58.45,711.66,698.01,13.65,0.0,0.0,0.0,0.0,0.0,0.0,
335513,SEAGATE REHABILITATION AND NURSING CENTER,BROOKLYN,NY,Kings,47,2024Q4,20241209,345,0.0,0.0,0.0,48.72,48.72,0.0,73.47,68.47,5.0,0.0,0.0,0.0,191.79,124.47,67.32,716.17,716.17,0.0,0.0,0.0,0.0,0.0,0.0,0.0,
335513,SEAGATE REHABILITATION AND NURSING CENTER,BROOKLYN,NY,Kings,47,2024Q4,20241210,344,0.0,0.0,0.0,55.53,55.53,0.0,62.7,60.97,1.73,0.0,0.0,0.0,174.57,114.8,59.77,754.05,750.05,4.0,0.0,0.0,0.0,0.0,0.0,0.0,
335513,SEAGATE REHABILITATION AND NURSING CENTER,BROOKLYN,NY,Kings,47,2024Q4,20241211,345,0.0,0.0,0.0,60.97,60.97,0.0,56.41,51.14,5.27,0.0,0.0,0.0,204.81,109.95,94.86,726.21,718.33,7.88,0.0,0.0,0.0,0.0,0.0,0.0,
335513,SEAGATE REHABILITATION AND NURSING CENTER,BROOKLYN,NY,Kings,47,2024Q4,20241212,350,0.0,0.0,0.0,62.0,62.0,0.0,52.35,50.35,2.0,0.0,0.0,0.0,192.01,126.07,65.94,728.62,722.12,6.5,0.0,0.0,0.0,0.0,0.0,0.0,
335513,SEAGATE REHABILITATION AND NURSING CENTER,BROOKLYN,NY,Kings,47,2024Q4,20241213,348,0.0,0.0,0.0,48.9,48.9,0.0,75.2,66.2,9.0,0.0,0.0,0.0,186.89,116.03,70.86,674.9,660.65,14.25,0.0,0.0,0.0,0.0,0.0,0.0,
335513,SEAGATE REHABILITATION AND NURSING CENTER,BROOKLYN,NY,Kings,47,2024Q4,20241214,349,0.0,0.0,0.0,23.5,23.5,0.0,46.52,35.0,11.52,0.0,0.0,0.0,198.47,95.47,103.0,693.42,686.42,7.0,0.0,0.0,0.0,0.0,0.0,0.0,
335513,SEAGATE REHABILITATION AND NURSING CENTER,BROOKLYN,NY,Kings,47,2024Q4,20241215,349,0.0,0.0,0.0,24.0,24.0,0.0,37.1,29.7,7.4,0.0,0.0,0.0,197.87,102.4,95.47,726.45,719.45,7.0,0.0,0.0,0.0,0.0,0.0,0.0,
335513,SEAGATE REHABILITATION AND NURSING CENTER,BROOKLYN,NY,Kings,47,2024Q4,20241216,348,13.5,13.5,0.0,49.08,49.08,0.0,72.08,67.5,4.58,0.0,0.0,0.0,189.84,111.3,78.54,700.56,691.56,9.0,0.0,0.0,0.0,0.0,0.0,0.0,
335513,SEAGATE REHABILITATION AND NURSING CENTER,BROOKLYN,NY,Kings,47,2024Q4,20241217,354,13.5,13.5,0.0,48.5,48.5,0.0,58.55,56.65,1.9,0.0,0.0,0.0,194.06,144.57,49.49,773.63,773.63,0.0,0.0,0.0,0.0,0.0,0.0,0.0,
335513,SEAGATE REHABILITATION AND NURSING CENTER,BROOKLYN,NY,Kings,47,2024Q4,20241218,351,13.5,13.5,0.0,51.85,51.85,0.0,61.08,55.98,5.1,0.0,0.0,0.0,193.36,124.42,68.94,765.03,765.03,0.0,0.0,0.0,0.0,0.0,0.0,0.0,
335513,SEAGATE REHABILITATION AND NURSING CENTER,BROOKLYN,NY,Kings,47,2024Q4,20241219,351,7.0,7.0,0.0,55.65,55.65,0.0,61.42,61.42,0.0,0.0,0.0,0.0,180.75,105.2,75.55,729.4,729.4,0.0,0.0,0.0,0.0,0.0,0.0,0.0,
335513,SEAGATE REHABILITATION AND NURSING CENTER,BROOKLYN,NY,Kings,47,2024Q4,20241220,353,7.0,7.0,0.0,48.92,48.92,0.0,43.8,43.8,0.0,0.0,0.0,0.0,198.42,96.47,101.95,707.28,707.28,0.0,0.0,0.0,0.0,0.0,0.0,0.0,
335513,SEAGATE REHABILITATION AND NURSING CENTER,BROOKLYN,NY,Kings,47,2024Q4,20241221,354,0.0,0.0,0.0,27.0,27.0,0.0,44.99,44.99,0.0,0.0,0.0,0.0,160.68,92.28,68.4,704.62,697.62,7.0,0.0,0.0,0.0,0.0,0.0,0.0,
335513,SEAGATE REHABILITATION AND NURSING CENTER,BROOKLYN,NY,Kings,47,2024Q4,20241222,354,7.0,7.0,0.0,13.5,13.5,0.0,33.67,33.67,0.0,0.0,0.0,0.0,180.71,110.65,70.06,749.25,735.25,14.0,0.0,0.0,0.0,0.0,0.0,0.0,
335513,SEAGATE REHABILITATION AND NURSING CENTER,BROOKLYN,NY,Kings,47,2024Q4,20241223,351,13.77,13.77,0.0,41.5,41.5,0.0,61.42,61.42,0.0,0.0,0.0,0.0,186.59,98.65,87.94,769.46,756.74,12.72,0.0,0.0,0.0,0.0,0.0,0.0,
335513,SEAGATE REHABILITATION AND NURSING CENTER,BROOKLYN,NY,Kings,47,2024Q4,20241224,354,7.0,7.0,0.0,48.5,48.5,0.0,63.67,61.7,1.97,0.0,0.0,0.0,186.61,100.91,85.7,751.53,744.53,7.0,0.0,0.0,0.0,0.0,0.0,0.0,
335513,SEAGATE REHABILITATION AND NURSING CENTER,BROOKLYN,NY,Kings,47,2024Q4,20241225,352,7.0,7.0,0.0,14.0,14.0,0.0,75.37,70.34,5.03,0.0,0.0,0.0,155.12,91.37,63.75,752.23,738.23,14.0,0.0,0.0,0.0,0.0,0.0,0.0,
335513,SEAGATE REHABILITATION AND NURSING CENTER,BROOKLYN,NY,Kings,47,2024Q4,20241226,350,13.5,13.5,0.0,41.5,41.5,0.0,65.98,63.98,2.0,0.0,0.0,0.0,170.19,115.79,54.4,760.2,760.2,0.0,0.0,0.0,0.0,0.0,0.0,0.0,
335513,SEAGATE REHABILITATION AND NURSING CENTER,BROOKLYN,NY,Kings,47,2024Q4,20241227,353,13.75,13.75,0.0,34.5,34.5,0.0,55.02,41.52,13.5,0.0,0.0,0.0,186.64,127.02,59.62,724.42,712.39,12.03,0.0,0.0,0.0,0.0,0.0,0.0,
335513,SEAGATE REHABILITATION AND NURSING CENTER,BROOKLYN,NY,Kings,47,2024Q4,20241228,354,0.0,0.0,0.0,27.5,27.5,0.0,61.5,54.53,6.97,0.0,0.0,0.0,176.01,99.55,76.46,720.42,706.64,13.78,0.0,0.0,0.0,0.0,0.0,0.0,
335513,SEAGATE REHABILITATION AND NURSING CENTER,BROOKLYN,NY,Kings,47,2024Q4,20241229,353,7.0,7.0,0.0,20.5,20.5,0.0,55.5,48.55,6.95,0.0,0.0,0.0,160.01,85.17,74.84,709.42,709.42,0.0,0.0,0.0,0.0,0.0,0.0,0.0,
335513,SEAGATE REHABILITATION AND NURSING CENTER,BROOKLYN,NY,Kings,47,2024Q4,20241230,354,13.68,13.68,0.0,35.0,35.0,0.0,60.94,55.86,5.08,0.0,0.0,0.0,192.64,117.65,74.99,728.78,721.2,7.58,0.0,0.0,0.0,0.0,0.0,0.0,
335513,SEAGATE REHABILITATION AND NURSING CENTER,BROOKLYN,NY,Kings,47,2024Q4,20241231,353,14.98,14.98,0.0,48.0,48.0,0.0,34.02,34.02,0.0,0.0,0.0,0.0,187.89,111.6,76.29,727.79,727.79,0.0,0.0,0.0,0.0,0.0,0.0,0.0,
335513,SEAGATE REHABILITATION AND NURSING CENTER,BROOKLYN,NY,Kings,47,2025Q1,20250101,352,5.02,5.02,0.0,23.83,23.83,0.0,37.0,37.0,0.0,0.0,0.0,0.0,168.44,89.0,79.44,684.05,677.05,7.0,0.0,0.0,0.0,0.0,0.0,0.0,
335513,SEAGATE REHABILITATION AND NURSING CENTER,BROOKLYN,NY,Kings,47,2025Q1,20250102,352,8.17,8.17,0.0,62.97,62.97,0.0,54.63,54.63,0.0,0.0,0.0,0.0,150.52,85.8,64.72,745.81,739.31,6.5,0.0,0.0,0.0,0.0,0.0,0.0,
335513,SEAGATE REHABILITATION AND NURSING CENTER,BROOKLYN,NY,Kings,47,2025Q1,20250103,350,18.83,18.83,0.0,42.45,42.45,0.0,51.0,51.0,0.0,0.0,0.0,0.0,152.32,90.13,62.19,760.71,753.71,7.0,0.0,0.0,0.0,0.0,0.0,0.0,
335513,SEAGATE REHABILITATION AND NURSING CENTER,BROOKLYN,NY,Kings,47,2025Q1,20250104,351,0.0,0.0,0.0,20.5,20.5,0.0,14.45,14.45,0.0,0.0,0.0,0.0,205.01,123.7,81.31,730.16,730.16,0.0,0.0,0.0,0.0,0.0,0.0,0.0,
335513,SEAGATE REHABILITATION AND NURSING CENTER,BROOKLYN,NY,Kings,47,2025Q1,20250105,350,13.5,13.5,0.0,20.5,20.5,0.0,14.25,14.25,0.0,0.0,0.0,0.0,201.93,119.4,82.53,748.38,741.38,7.0,0.0,0.0,0.0,0.0,0.0,0.0,
335513,SEAGATE REHABILITATION AND NURSING CENTER,BROOKLYN,NY,Kings,47,2025Q1,20250106,353,13.5,13.5,0.0,41.9,41.9,0.0,56.02,56.02,0.0,0.0,0.0,0.0,182.42,109.4,73.02,701.11,678.81,22.3,0.0,0.0,0.0,0.0,0.0,0.0,
335513,SEAGATE REHABILITATION AND NURSING CENTER,BROOKLYN,NY,Kings,47,2025Q1,20250107,355,0.0,0.0,0.0,55.65,55.65,0.0,56.1,54.22,1.88,0.0,0.0,0.0,164.76,114.23,50.53,728.61,721.98,6.63,0.0,0.0,0.0,0.0,0.0,0.0,
335513,SEAGATE REHABILITATION AND NURSING CENTER,BROOKLYN,NY,Kings,47,2025Q1,20250108,354,14.0,14.0,0.0,49.08,49.08,0.0,58.12,53.0,5.12,0.0,0.0,0.0,166.21,100.36,65.85,775.34,761.34,14.0,0.0,0.0,0.0,0.0,0.0,0.0,
335513,SEAGATE REHABILITATION AND NURSING CENTER,BROOKLYN,NY,Kings,47,2025Q1,20250109,350,13.5,13.5,0.0,48.5,48.5,0.0,54.45,54.45,0.0,0.0,0.0,0.0,181.71,94.34,87.37,766.09,760.06,6.03,0.0,0.0,0.0,0.0,0.0,0.0,
335513,SEAGATE REHABILITATION AND NURSING CENTER,BROOKLYN,NY,Kings,47,2025Q1,20250110,352,13.5,13.5,0.0,55.55,55.55,0.0,58.0,54.0,4.0,0.0,0.0,0.0,165.17,104.37,60.8,761.95,761.95,0.0,0.0,0.0,0.0,0.0,0.0,0.0,
335513,SEAGATE REHABILITATION AND NURSING CENTER,BROOKLYN,NY,Kings,47,2025Q1,20250111,353,0.0,0.0,0.0,13.5,13.5,0.0,48.1,37.0,11.1,0.0,0.0,0.0,164.13,87.19,76.94,716.86,709.86,7.0,0.0,0.0,0.0,0.0,0.0,0.0,
335513,SEAGATE REHABILITATION AND NURSING CENTER,BROOKLYN,NY,Kings,47,2025Q1,20250112,352,13.5,13.5,0.0,20.5,20.5,0.0,35.27,28.0,7.27,0.0,0.0,0.0,172.73,98.9,73.83,750.55,750.55,0.0,0.0,0.0,0.0,0.0,0.0,0.0,
335513,SEAGATE REHABILITATION AND NURSING CENTER,BROOKLYN,NY,Kings,47,2025Q1,20250113,353,13.5,13.5,0.0,49.0,49.0,0.0,63.13,58.0,5.13,0.0,0.0,0.0,186.17,107.22,78.95,737.22,730.89,6.33,0.0,0.0,0.0,0.0,0.0,0.0,
335513,SEAGATE REHABILITATION AND NURSING CENTER,BROOKLYN,NY,Kings,47,2025Q1,20250114,352,13.5,13.5,0.0,48.42,48.42,0.0,55.27,53.5,1.77,0.0,0.0,0.0,177.39,100.38,77.01,755.6,748.77,6.83,0.0,0.0,0.0,0.0,0.0,0.0,
335513,SEAGATE REHABILITATION AND NURSING CENTER,BROOKLYN,NY,Kings,47,2025Q1,20250115,352,13.5,13.5,0.0,57.53,57.53,0.0,57.85,52.62,5.23,0.0,0.0,0.0,171.58,96.9,74.68,760.31,756.31,4.0,0.0,0.0,0.0,0.0,0.0,0.0,
335513,SEAGATE REHABILITATION AND NURSING CENTER,BROOKLYN,NY,Kings,47,2025Q1,20250116,350,13.5,13.5,0.0,55.67,55.67,0.0,50.5,50.5,0.0,0.0,0.0,0.0,168.29,92.54,75.75,776.11,763.39,12.72,0.0,0.0,0.0,0.0,0.0,0.0,
335513,SEAGATE REHABILITATION AND NURSING CENTER,BROOKLYN,NY,Kings,47,2025Q1,20250117,351,13.5,13.5,0.0,34.72,34.72,0.0,66.17,62.17,4.0,0.0,0.0,0.0,145.15,81.83,63.32,719.21,697.96,21.25,0.0,0.0,0.0,0.0,0.0,0.0,
335513,SEAGATE REHABILITATION AND NURSING CENTER,BROOKLYN,NY,Kings,47,2025Q1,20250118,352,0.0,0.0,0.0,20.5,20.5,0.0,32.33,22.83,9.5,0.0,0.0,0.0,186.55,96.0,90.55,746.91,746.91,0.0,0.0,0.0,0.0,0.0,0.0,0.0,
335513,SEAGATE REHABILITATION AND NURSING CENTER,BROOKLYN,NY,Kings,47,2025Q1,20250119,350,7.0,7.0,0.0,20.5,20.5,0.0,28.33,28.33,0.0,0.0,0.0,0.0,153.2,90.7,62.5,764.73,757.73,7.0,0.0,0.0,0.0,0.0,0.0,0.0,
335513,SEAGATE REHABILITATION AND NURSING CENTER,BROOKLYN,NY,Kings,47,2025Q1,20250120,349,7.0,7.0,0.0,14.0,14.0,0.0,56.0,56.0,0.0,0.0,0.0,0.0,193.05,88.03,105.02,752.76,739.26,13.5,0.0,0.0,0.0,0.0,0.0,0.0,
335513,SEAGATE REHABILITATION AND NURSING CENTER,BROOKLYN,NY,Kings,47,2025Q1,20250121,349,0.0,0.0,0.0,55.65,55.65,0.0,64.03,62.18,1.85,0.0,0.0,0.0,149.08,93.92,55.16,764.21,750.21,14.0,0.0,0.0,0.0,0.0,0.0,0.0,
335513,SEAGATE REHABILITATION AND NURSING CENTER,BROOKLYN,NY,Kings,47,2025Q1,20250122,351,13.5,13.5,0.0,64.63,64.63,0.0,75.65,70.5,5.15,0.0,0.0,0.0,162.14,84.0,78.14,752.38,745.38,7.0,0.0,0.0,0.0,0.0,0.0,0.0,
335513,SEAGATE REHABILITATION AND NURSING CENTER,BROOKLYN,NY,Kings,47,2025Q1,20250123,351,16.0,16.0,0.0,62.25,62.25,0.0,47.36,40.36,7.0,0.0,0.0,0.0,154.54,104.5,50.04,727.14,727.14,0.0,0.0,0.0,0.0,0.0,0.0,0.0,
335513,SEAGATE REHABILITATION AND NURSING CENTER,BROOKLYN,NY,Kings,47,2025Q1,20250124,353,7.0,7.0,0.0,34.75,34.75,0.0,60.0,56.0,4.0,0.0,0.0,0.0,182.92,104.59,78.33,711.19,700.64,10.55,0.0,0.0,0.0,0.0,0.0,0.0,
335513,SEAGATE REHABILITATION AND NURSING CENTER,BROOKLYN,NY,Kings,47,2025Q1,20250125,353,0.0,0.0,0.0,27.0,27.0,0.0,61.85,50.5,11.35,0.0,0.0,0.0,168.68,79.5,89.18,709.82,689.79,20.03,0.0,0.0,0.0,0.0,0.0,0.0,
335513,SEAGATE REHABILITATION AND NURSING CENTER,BROOKLYN,NY,Kings,47,2025Q1,20250126,352,7.0,7.0,0.0,20.5,20.5,0.0,41.92,36.77,5.15,0.0,0.0,0.0,159.44,61.25,98.19,708.13,708.13,0.0,0.0,0.0,0.0,0.0,0.0,0.0,
335513,SEAGATE REHABILITATION AND NURSING CENTER,BROOKLYN,NY,Kings,47,2025Q1,20250127,346,13.5,13.5,0.0,42.23,42.23,0.0,67.85,67.85,0.0,0.0,0.0,0.0,182.57,114.13,68.44,704.71,695.21,9.5,0.0,0.0,0.0,0.0,0.0,0.0,
335513,SEAGATE REHABILITATION AND NURSING CENTER,BROOKLYN,NY,Kings,47,2025Q1,20250128,350,13.5,13.5,0.0,48.48,48.48,0.0,55.87,54.0,1.87,0.0,0.0,0.0,185.84,111.85,73.99,716.29,716.29,0.0,0.0,0.0,0.0,0.0,0.0,0.0,
335513,SEAGATE REHABILITATION AND NURSING CENTER,BROOKLYN,NY,Kings,47,2025Q1,20250129,351,7.0,7.0,0.0,50.32,50.32,0.0,55.91,50.78,5.13,0.0,0.0,0.0,159.0,111.41,47.59,682.15,682.15,0.0,0.0,0.0,0.0,0.0,0.0,0.0,
335513,SEAGATE REHABILITATION AND NURSING CENTER,BROOKLYN,NY,Kings,47,2025Q1,20250130,348,13.5,13.5,0.0,48.63,48.63,0.0,77.0,77.0,0.0,0.0,0.0,0.0,173.6,92.37,81.23,728.64,722.81,5.83,0.0,0.0,0.0,0.0,0.0,0.0,
335513,SEAGATE REHABILITATION AND NURSING CENTER,BROOKLYN,NY,Kings,47,2025Q1,20250131,349,14.0,14.0,0.0,42.08,42.08,0.0,63.0,63.0,0.0,0.0,0.0,0.0,157.28,88.18,69.1,670.63,670.63,0.0,0.0,0.0,0.0,0.0,0.0,0.0,
335513,SEAGATE REHABILITATION AND NURSING CENTER,BROOKLYN,NY,Kings,47,2025Q1,20250201,349,0.0,0.0,0.0,23.5,23.5,0.0,48.12,48.12,0.0,0.0,0.0,0.0,167.07,102.4,64.67,718.96,711.96,7.0,0.0,0.0,0.0,0.0,0.0,0.0,
335513,SEAGATE REHABILITATION AND NURSING CENTER,BROOKLYN,NY,Kings,47,2025Q1,20250202,348,11.72,11.72,0.0,24.0,24.0,0.0,26.33,26.33,0.0,0.0,0.0,0.0,174.88,98.07,76.81,725.55,725.55,0.0,0.0,0.0,0.0,0.0,0.0,0.0,
335513,SEAGATE REHABILITATION AND NURSING CENTER,BROOKLYN,NY,Kings,47,2025Q1,20250203,347,5.67,5.67,0.0,55.12,55.12,0.0,69.5,69.5,0.0,0.0,0.0,0.0,155.32,103.68,51.64,743.64,738.64,5.0,0.0,0.0,0.0,0.0,0.0,0.0,
335513,SEAGATE REHABILITATION AND NURSING CENTER,BROOKLYN,NY,Kings,47,2025Q1,20250204,345,5.93,5.93,0.0,49.1,49.1,0.0,50.93,49.0,1.93,0.0,0.0,0.0,171.01,111.12,59.89,744.57,740.57,4.0,0.0,0.0,0.0,0.0,0.0,0.0,
335513,SEAGATE REHABILITATION AND NURSING CENTER,BROOKLYN,NY,Kings,47,2025Q1,20250205,346,20.0,20.0,0.0,41.6,41.6,0.0,49.07,42.0,7.07,0.0,0.0,0.0,170.01,79.0,91.01,763.55,763.55,0.0,0.0,0.0,0.0,0.0,0.0,0.0,
335513,SEAGATE REHABILITATION AND NURSING CENTER,BROOKLYN,NY,Kings,47,2025Q1,20250206,345,8.47,8.47,0.0,54.48,54.48,0.0,61.0,56.0,5.0,0.0,0.0,0.0,147.03,100.18,46.85,741.16,741.16,0.0,0.0,0.0,0.0,0.0,0.0,0.0,
335513,SEAGATE REHABILITATION AND NURSING CENTER,BROOKLYN,NY,Kings,47,2025Q1,20250207,349,5.53,5.53,0.0,47.38,47.38,0.0,65.85,63.85,2.0,0.0,0.0,0.0,140.25,99.25,41.0,740.03,734.36,5.67,0.0,0.0,0.0,0.0,0.0,0.0,
335513,SEAGATE REHABILITATION AND NURSING CENTER,BROOKLYN,NY,Kings,47,2025Q1,20250208,348,0.0,0.0,0.0,27.0,27.0,0.0,36.48,30.0,6.48,0.0,0.0,0.0,179.71,72.29,107.42,703.03,703.03,0.0,0.0,0.0,0.0,0.0,0.0,0.0,
335513,SEAGATE REHABILITATION AND NURSING CENTER,BROOKLYN,NY,Kings,47,2025Q1,20250209,346,0.0,0.0,0.0,13.5,13.5,0.0,42.25,35.0,7.25,0.0,0.0,0.0,155.36,94.29,61.07,733.91,733.91,0.0,0.0,0.0,0.0,0.0,0.0,0.0,
335513,SEAGATE REHABILITATION AND NURSING CENTER,BROOKLYN,NY,Kings,47,2025Q1,20250210,343,0.0,0.0,0.0,41.5,41.5,0.0,67.29,62.02,5.27,0.0,0.0,0.0,181.25,114.21,67.04,742.06,742.06,0.0,0.0,0.0,0.0,0.0,0.0,0.0,
335513,SEAGATE REHABILITATION AND NURSING CENTER,BROOKLYN,NY,Kings,47,2025Q1,20250211,345,0.0,0.0,0.0,41.63,41.63,0.0,54.62,52.57,2.05,0.0,0.0,0.0,179.8,111.28,68.52,762.78,762.78,0.0,0.0,0.0,0.0,0.0,0.0,0.0,
335513,SEAGATE REHABILITATION AND NURSING CENTER,BROOKLYN,NY,Kings,47,2025Q1,20250212,348,7.0,7.0,0.0,50.15,50.15,0.0,67.97,63.02,4.95,0.0,0.0,0.0,164.97,96.02,68.95,746.34,746.34,0.0,0.0,0.0,0.0,0.0,0.0,0.0,
335513,SEAGATE REHABILITATION AND NURSING CENTER,BROOKLYN,NY,Kings,47,2025Q1,20250213,350,7.0,7.0,0.0,42.28,42.28,0.0,62.87,62.87,0.0,0.0,0.0,0.0,173.28,86.93,86.35,752.45,752.45,0.0,0.0,0.0,0.0,0.0,0.0,0.0,
335513,SEAGATE REHABILITATION AND NURSING CENTER,BROOKLYN,NY,Kings,47,2025Q1,20250214,350,13.5,13.5,0.0,42.0,42.0,0.0,66.0,66.0,0.0,0.0,0.0,0.0,156.6,102.45,54.15,724.57,724.57,0.0,0.0,0.0,0.0,0.0,0.0,0.0,
335513,SEAGATE REHABILITATION AND NURSING CENTER,BROOKLYN,NY,Kings,47,2025Q1,20250215,350,13.5,13.5,0.0,23.5,23.5,0.0,32.0,32.0,0.0,0.0,0.0,0.0,174.63,101.7,72.93,742.19,742.19,0.0,0.0,0.0,0.0,0.0,0.0,0.0,
335513,SEAGATE REHABILITATION AND NURSING CENTER,BROOKLYN,NY,Kings,47,2025Q1,20250216,349,13.5,13.5,0.0,24.0,24.0,0.0,39.8,39.8,0.0,0.0,0.0,0.0,165.97,91.0,74.97,730.77,730.77,0.0,0.0,0.0,0.0,0.0,0.0,0.0,
335513,SEAGATE REHABILITATION AND NURSING CENTER,BROOKLYN,NY,Kings,47,2025Q1,20250217,352,13.5,13.5,0.0,21.0,21.0,0.0,78.1,78.1,0.0,0.0,0.0,0.0,188.34,109.0,79.34,762.68,762.68,0.0,0.0,0.0,0.0,0.0,0.0,0.0,
335513,SEAGATE REHABILITATION AND NURSING CENTER,BROOKLYN,NY,Kings,47,2025Q1,20250218,352,7.0,7.0,0.0,41.5,41.5,0.0,71.98,69.88,2.1,0.0,0.0,0.0,155.3,110.25,45.05,725.62,725.62,0.0,0.0,0.0,0.0,0.0,0.0,0.0,
335513,SEAGATE REHABILITATION AND NURSING CENTER,BROOKLYN,NY,Kings,47,2025Q1,20250219,355,13.5,13.5,0.0,43.13,43.13,0.0,48.57,43.67,4.9,0.0,0.0,0.0,179.12,98.67,80.45,760.59,752.39,8.2,0.0,0.0,0.0,0.0,0.0,0.0,
335513,SEAGATE REHABILITATION AND NURSING CENTER,BROOKLYN,NY,Kings,47,2025Q1,20250220,353,7.0,7.0,0.0,41.0,41.0,0.0,63.5,63.5,0.0,0.0,0.0,0.0,154.11,109.06,45.05,802.45,802.45,0.0,0.0,0.0,0.0,0.0,0.0,0.0,
335513,SEAGATE REHABILITATION AND NURSING CENTER,BROOKLYN,NY,Kings,47,2025Q1,20250221,353,7.0,7.0,0.0,27.5,27.5,0.0,67.08,63.08,4.0,0.0,0.0,0.0,174.12,106.5,67.62,770.78,764.71,6.07,0.0,0.0,0.0,0.0,0.0,0.0,
335513,SEAGATE REHABILITATION AND NURSING CENTER,BROOKLYN,NY,Kings,47,2025Q1,20250222,352,0.0,0.0,0.0,13.5,13.5,0.0,49.6,38.02,11.58,0.0,0.0,0.0,165.5,82.52,82.98,686.47,686.47,0.0,0.0,0.0,0.0,0.0,0.0,0.0,
335513,SEAGATE REHABILITATION AND NURSING CENTER,BROOKLYN,NY,Kings,47,2025Q1,20250223,351,13.5,13.5,0.0,13.5,13.5,0.0,34.93,28.0,6.93,0.0,0.0,0.0,154.04,86.67,67.37,730.48,723.48,7.0,0.0,0.0,0.0,0.0,0.0,0.0,
335513,SEAGATE REHABILITATION AND NURSING CENTER,BROOKLYN,NY,Kings,47,2025Q1,20250224,351,13.5,13.5,0.0,35.12,35.12,0.0,63.68,56.7,6.98,0.0,0.0,0.0,176.52,132.69,43.83,748.08,741.53,6.55,0.0,0.0,0.0,0.0,0.0,0.0,
335513,SEAGATE REHABILITATION AND NURSING CENTER,BROOKLYN,NY,Kings,47,2025Q1,20250225,350,7.0,7.0,0.0,36.93,36.93,0.0,53.49,46.52,6.97,0.0,0.0,0.0,189.5,129.4,60.1,741.26,736.26,5.0,0.0,0.0,0.0,0.0,0.0,0.0,
335513,SEAGATE REHABILITATION AND NURSING CENTER,BROOKLYN,NY,Kings,47,2025Q1,20250226,352,14.0,14.0,0.0,34.65,34.65,0.0,56.03,49.0,7.03,0.0,0.0,0.0,179.44,98.98,80.46,760.2,753.78,6.42,0.0,0.0,0.0,0.0,0.0,0.0,
335513,SEAGATE REHABILITATION AND NURSING CENTER,BROOKLYN,NY,Kings,47,2025Q1,20250227,353,0.0,0.0,0.0,48.0,48.0,0.0,63.2,56.2,7.0,0.0,0.0,0.0,167.99,114.38,53.61,725.95,725.95,0.0,0.0,0.0,0.0,0.0,0.0,0.0,
335513,SEAGATE REHABILITATION AND NURSING CENTER,BROOKLYN,NY,Kings,47,2025Q1,20250228,353,13.5,13.5,0.0,41.63,41.63,0.0,84.17,79.17,5.0,0.0,0.0,0.0,136.18,97.72,38.46,702.55,696.38,6.17,0.0,0.0,0.0,0.0,0.0,0.0,
335513,SEAGATE REHABILITATION AND NURSING CENTER,BROOKLYN,NY,Kings,47,2025Q1,20250301,352,7.0,7.0,0.0,23.5,23.5,0.0,56.0,56.0,0.0,0.0,0.0,0.0,157.55,81.87,75.68,723.44,723.44,0.0,0.0,0.0,0.0,0.0,0.0,0.0,
335513,SEAGATE REHABILITATION AND NURSING CENTER,BROOKLYN,NY,Kings,47,2025Q1,20250302,350,7.0,7.0,0.0,24.52,24.52,0.0,23.0,23.0,0.0,0.0,0.0,0.0,177.31,108.98,68.33,687.85,687.85,0.0,0.0,0.0,0.0,0.0,0.0,0.0,
335513,SEAGATE REHABILITATION AND NURSING CENTER,BROOKLYN,NY,Kings,47,2025Q1,20250303,348,7.0,7.0,0.0,55.4,55.4,0.0,57.83,57.83,0.0,0.0,0.0,0.0,165.12,122.72,42.4,710.84,710.84,0.0,0.0,0.0,0.0,0.0,0.0,0.0,
335513,SEAGATE REHABILITATION AND NURSING CENTER,BROOKLYN,NY,Kings,47,2025Q1,20250304,351,7.0,7.0,0.0,56.52,56.52,0.0,67.52,65.4,2.12,0.0,0.0,0.0,159.92,121.09,38.83,715.39,710.39,5.0,0.0,0.0,0.0,0.0,0.0,0.0,
335513,SEAGATE REHABILITATION AND NURSING CENTER,BROOKLYN,NY,Kings,47,2025Q1,20250305,350,8.22,8.22,0.0,62.83,62.83,0.0,74.66,69.78,4.88,0.0,0.0,0.0,190.75,108.83,81.92,746.82,746.82,0.0,0.0,0.0,0.0,0.0,0.0,0.0,
335513,SEAGATE REHABILITATION AND NURSING CENTER,BROOKLYN,NY,Kings,47,2025Q1,20250306,354,12.28,12.28,0.0,48.82,48.82,0.0,61.62,61.62,0.0,0.0,0.0,0.0,182.01,125.72,56.29,773.72,761.92,11.8,0.0,0.0,0.0,0.0,0.0,0.0,
335513,SEAGATE REHABILITATION AND NURSING CENTER,BROOKLYN,NY,Kings,47,2025Q1,20250307,352,13.5,13.5,0.0,35.08,35.08,0.0,67.43,65.43,2.0,0.0,0.0,0.0,165.31,102.25,63.06,767.59,762.26,5.33,0.0,0.0,0.0,0.0,0.0,0.0,
335513,SEAGATE REHABILITATION AND NURSING CENTER,BROOKLYN,NY,Kings,47,2025Q1,20250308,351,0.0,0.0,0.0,23.0,23.0,0.0,44.5,36.87,7.63,0.0,0.0,0.0,180.48,97.6,82.88,707.14,707.14,0.0,0.0,0.0,0.0,0.0,0.0,0.0,
335513,SEAGATE REHABILITATION AND NURSING CENTER,BROOKLYN,NY,Kings,47,2025Q1,20250309,351,13.5,13.5,0.0,20.5,20.5,0.0,40.62,34.25,6.37,0.0,0.0,0.0,165.86,96.42,69.44,711.18,711.18,0.0,0.0,0.0,0.0,0.0,0.0,0.0,
335513,SEAGATE REHABILITATION AND NURSING CENTER,BROOKLYN,NY,Kings,47,2025Q1,20250310,352,13.5,13.5,0.0,55.77,55.77,0.0,79.1,72.1,7.0,0.0,0.0,0.0,175.8,121.22,54.58,709.1,705.1,4.0,0.0,0.0,0.0,0.0,0.0,0.0,
335513,SEAGATE REHABILITATION AND NURSING CENTER,BROOKLYN,NY,Kings,47,2025Q1,20250311,351,7.0,7.0,0.0,55.67,55.67,0.0,73.6,66.62,6.98,0.0,0.0,0.0,175.67,117.14,58.53,761.39,756.39,5.0,0.0,0.0,0.0,0.0,0.0,0.0,
335513,SEAGATE REHABILITATION AND NURSING CENTER,BROOKLYN,NY,Kings,47,2025Q1,20250312,350,13.5,13.5,0.0,48.67,48.67,0.0,63.1,56.08,7.02,0.0,0.0,0.0,150.28,109.55,40.73,765.07,765.07,0.0,0.0,0.0,0.0,0.0,0.0,0.0,
335513,SEAGATE REHABILITATION AND NURSING CENTER,BROOKLYN,NY,Kings,47,2025Q1,20250313,352,13.5,13.5,0.0,55.7,55.7,0.0,68.65,65.65,3.0,0.0,0.0,0.0,177.37,111.3,66.07,763.27,754.27,9.0,0.0,0.0,0.0,0.0,0.0,0.0,
335513,SEAGATE REHABILITATION AND NURSING CENTER,BROOKLYN,NY,Kings,47,2025Q1,20250314,350,13.5,13.5,0.0,55.65,55.65,0.0,70.0,70.0,0.0,0.0,0.0,0.0,161.67,101.92,59.75,741.05,736.05,5.0,0.0,0.0,0.0,0.0,0.0,0.0,
335513,SEAGATE REHABILITATION AND NURSING CENTER,BROOKLYN,NY,Kings,47,2025Q1,20250315,350,0.0,0.0,0.0,22.5,22.5,0.0,61.28,58.28,3.0,0.0,0.0,0.0,172.96,87.31,85.65,766.44,766.44,0.0,0.0,0.0,0.0,0.0,0.0,0.0,
335513,SEAGATE REHABILITATION AND NURSING CENTER,BROOKLYN,NY,Kings,47,2025Q1,20250316,348,0.0,0.0,0.0,20.5,20.5,0.0,34.0,34.0,0.0,0.0,0.0,0.0,167.27,88.36,78.91,768.72,768.72,0.0,0.0,0.0,0.0,0.0,0.0,0.0,
335513,SEAGATE REHABILITATION AND NURSING CENTER,BROOKLYN,NY,Kings,47,2025Q1,20250317,346,13.5,13.5,0.0,41.97,41.97,0.0,75.33,75.33,0.0,0.0,0.0,0.0,153.95,124.45,29.5,714.56,714.56,0.0,0.0,0.0,0.0,0.0,0.0,0.0,
335513,SEAGATE REHABILITATION AND NURSING CENTER,BROOKLYN,NY,Kings,47,2025Q1,20250318,348,7.0,7.0,0.0,55.53,55.53,0.0,58.6,56.53,2.07,0.0,0.0,0.0,182.2,100.95,81.25,697.43,697.43,0.0,0.0,0.0,0.0,0.0,0.0,0.0,
335513,SEAGATE REHABILITATION AND NURSING CENTER,BROOKLYN,NY,Kings,47,2025Q1,20250319,348,0.0,0.0,0.0,41.5,41.5,0.0,66.93,62.0,4.93,0.0,0.0,0.0,172.63,99.16,73.47,742.45,742.45,0.0,0.0,0.0,0.0,0.0,0.0,0.0,
335513,SEAGATE REHABILITATION AND NURSING CENTER,BROOKLYN,NY,Kings,47,2025Q1,20250320,350,0.0,0.0,0.0,48.63,48.63,0.0,50.28,50.28,0.0,0.0,0.0,0.0,150.08,101.96,48.12,749.96,743.46,6.5,0.0,0.0,0.0,0.0,0.0,0.0,
335513,SEAGATE REHABILITATION AND NURSING CENTER,BROOKLYN,NY,Kings,47,2025Q1,20250321,351,13.5,13.5,0.0,42.15,42.15,0.0,65.7,58.7,7.0,0.0,0.0,0.0,156.89,84.7,72.19,718.64,713.64,5.0,0.0,0.0,0.0,0.0,0.0,0.0,
335513,SEAGATE REHABILITATION AND NURSING CENTER,BROOKLYN,NY,Kings,47,2025Q1,20250322,350,0.0,0.0,0.0,27.5,27.5,0.0,56.42,54.55,1.87,0.0,0.0,0.0,168.48,93.18,75.3,669.52,669.52,0.0,0.0,0.0,0.0,0.0,0.0,0.0,
335513,SEAGATE REHABILITATION AND NURSING CENTER,BROOKLYN,NY,Kings,47,2025Q1,20250323,350,13.5,13.5,0.0,7.0,7.0,0.0,53.52,46.5,7.02,0.0,0.0,0.0,164.34,100.53,63.81,671.53,671.53,0.0,0.0,0.0,0.0,0.0,0.0,0.0,
335513,SEAGATE REHABILITATION AND NURSING CENTER,BROOKLYN,NY,Kings,47,2025Q1,20250324,347,13.5,13.5,0.0,42.58,42.58,0.0,76.73,71.61,5.12,0.0,0.0,0.0,182.92,118.7,64.22,680.0,666.95,13.05,0.0,0.0,0.0,0.0,0.0,0.0,
335513,SEAGATE REHABILITATION AND NURSING CENTER,BROOKLYN,NY,Kings,47,2025Q1,20250325,345,7.0,7.0,0.0,48.92,48.92,0.0,80.93,79.18,1.75,0.0,0.0,0.0,179.83,120.45,59.38,741.25,736.87,4.38,0.0,0.0,0.0,0.0,0.0,0.0,
335513,SEAGATE REHABILITATION AND NURSING CENTER,BROOKLYN,NY,Kings,47,2025Q1,20250326,347,13.5,13.5,0.0,42.03,42.03,0.0,67.82,62.57,5.25,0.0,0.0,0.0,180.92,123.8,57.12,747.59,742.92,4.67,0.0,0.0,0.0,0.0,0.0,0.0,
335513,SEAGATE REHABILITATION AND NURSING CENTER,BROOKLYN,NY,Kings,47,2025Q1,20250327,351,13.5,13.5,0.0,54.56,54.56,0.0,60.03,60.03,0.0,0.0,0.0,0.0,155.33,102.75,52.58,727.54,727.54,0.0,0.0,0.0,0.0,0.0,0.0,0.0,
335513,SEAGATE REHABILITATION AND NURSING CENTER,BROOKLYN,NY,Kings,47,2025Q1,20250328,349,13.5,13.5,0.0,35.12,35.12,0.0,73.95,64.95,9.0,0.0,0.0,0.0,153.19,97.68,55.51,758.83,751.11,7.72,0.0,0.0,0.0,0.0,0.0,0.0,
335513,SEAGATE REHABILITATION AND NURSING CENTER,BROOKLYN,NY,Kings,47,2025Q1,20250329,350,0.0,0.0,0.0,20.5,20.5,0.0,48.04,43.54,4.5,0.0,0.0,0.0,187.41,109.03,78.38,752.3,752.3,0.0,0.0,0.0,0.0,0.0,0.0,0.0,
335513,SEAGATE REHABILITATION AND NURSING CENTER,BROOKLYN,NY,Kings,47,2025Q1,20250330,349,13.5,13.5,0.0,7.0,7.0,0.0,36.92,36.92,0.0,0.0,0.0,0.0,173.12,124.17,48.95,731.96,731.96,0.0,0.0,0.0,0.0,0.0,0.0,0.0,
335513,SEAGATE REHABILITATION AND NURSING CENTER,BROOKLYN,NY,Kings,47,2025Q1,20250331,352,13.5,13.5,0.0,34.93,34.93,0.0,60.87,60.87,0.0,0.0,0.0,0.0,180.99,111.48,69.51,756.01,756.01,0.0,0.0,0.0,0.0,0.0,0.0,0.0,
335513,SEAGATE REHABILITATION AND NURSING CENTER,BROOKLYN,NY,Kings,47,2025Q2,20250401,353,13.5,13.5,0.0,48.77,48.77,0.0,46.12,44.0,2.12,0.0,0.0,0.0,189.85,125.57,64.28,735.99,735.99,0.0,0.0,0.0,0.0,0.0,0.0,0.0,
335513,SEAGATE REHABILITATION AND NURSING CENTER,BROOKLYN,NY,Kings,47,2025Q2,20250402,352,13.5,13.5,0.0,35.18,35.18,0.0,80.28,75.4,4.88,0.0,0.0,0.0,174.15,100.4,73.75,722.58,713.41,9.17,0.0,0.0,0.0,0.0,0.0,0.0,
335513,SEAGATE REHABILITATION AND NURSING CENTER,BROOKLYN,NY,Kings,47,2025Q2,20250403,350,7.0,7.0,0.0,48.7,48.7,0.0,60.6,60.6,0.0,0.0,0.0,0.0,167.17,117.7,49.47,747.38,747.38,0.0,0.0,0.0,0.0,0.0,0.0,0.0,
335513,SEAGATE REHABILITATION AND NURSING CENTER,BROOKLYN,NY,Kings,47,2025Q2,20250404,350,13.5,13.5,0.0,34.62,34.62,0.0,64.98,64.98,0.0,0.0,0.0,0.0,177.53,100.02,77.51,763.62,756.62,7.0,0.0,0.0,0.0,0.0,0.0,0.0,
335513,SEAGATE REHABILITATION AND NURSING CENTER,BROOKLYN,NY,Kings,47,2025Q2,20250405,350,0.0,0.0,0.0,24.5,24.5,0.0,31.62,30.0,1.62,0.0,0.0,0.0,173.57,87.0,86.57,681.6,681.6,0.0,0.0,0.0,0.0,0.0,0.0,0.0,
335513,SEAGATE REHABILITATION AND NURSING CENTER,BROOKLYN,NY,Kings,47,2025Q2,20250406,349,13.5,13.5,0.0,7.0,7.0,0.0,40.28,33.0,7.28,0.0,0.0,0.0,153.25,87.0,66.25,702.01,702.01,0.0,0.0,0.0,0.0,0.0,0.0,0.0,
335513,SEAGATE REHABILITATION AND NURSING CENTER,BROOKLYN,NY,Kings,47,2025Q2,20250407,349,13.5,13.5,0.0,49.2,49.2,0.0,60.72,55.62,5.1,0.0,0.0,0.0,199.17,110.41,88.76,738.79,731.79,7.0,0.0,0.0,0.0,0.0,0.0,0.0,
335513,SEAGATE REHABILITATION AND NURSING CENTER,BROOKLYN,NY,Kings,47,2025Q2,20250408,346,13.5,13.5,0.0,55.38,55.38,0.0,64.95,63.0,1.95,0.0,0.0,0.0,211.67,114.88,96.79,739.73,734.73,5.0,0.0,0.0,0.0,0.0,0.0,0.0,
335513,SEAGATE REHABILITATION AND NURSING CENTER,BROOKLYN,NY,Kings,47,2025Q2,20250409,345,13.5,13.5,0.0,42.23,42.23,0.0,64.72,59.67,5.05,0.0,0.0,0.0,186.82,84.7,102.12,760.04,747.04,13.0,0.0,0.0,0.0,0.0,0.0,0.0,
335513,SEAGATE REHABILITATION AND NURSING CENTER,BROOKLYN,NY,Kings,47,2025Q2,20250410,343,0.0,0.0,0.0,48.22,48.22,0.0,50.75,50.75,0.0,0.0,0.0,0.0,189.37,98.68,90.69,747.71,747.71,0.0,0.0,0.0,0.0,0.0,0.0,0.0,
335513,SEAGATE REHABILITATION AND NURSING CENTER,BROOKLYN,NY,Kings,47,2025Q2,20250411,344,13.5,13.5,0.0,35.0,35.0,0.0,69.23,67.28,1.95,0.0,0.0,0.0,172.24,95.18,77.06,763.28,758.11,5.17,0.0,0.0,0.0,0.0,0.0,0.0,
335513,SEAGATE REHABILITATION AND NURSING CENTER,BROOKLYN,NY,Kings,47,2025Q2,20250412,343,0.0,0.0,0.0,23.5,23.5,0.0,45.05,40.0,5.05,0.0,0.0,0.0,193.13,86.5,106.63,734.67,734.67,0.0,0.0,0.0,0.0,0.0,0.0,0.0,
335513,SEAGATE REHABILITATION AND NURSING CENTER,BROOKLYN,NY,Kings,47,2025Q2,20250413,342,13.5,13.5,0.0,8.0,8.0,0.0,34.0,34.0,0.0,0.0,0.0,0.0,156.19,85.28,70.91,660.43,660.43,0.0,0.0,0.0,0.0,0.0,0.0,0.0,
335513,SEAGATE REHABILITATION AND NURSING CENTER,BROOKLYN,NY,Kings,47,2025Q2,20250414,343,13.5,13.5,0.0,35.17,35.17,0.0,67.05,67.05,0.0,0.0,0.0,0.0,176.25,107.52,68.73,728.38,728.38,0.0,0.0,0.0,0.0,0.0,0.0,0.0,
335513,SEAGATE REHABILITATION AND NURSING CENTER,BROOKLYN,NY,Kings,47,2025Q2,20250415,343,7.0,7.0,0.0,41.45,41.45,0.0,57.01,54.93,2.08,0.0,0.0,0.0,175.71,108.68,67.03,724.4,724.4,0.0,0.0,0.0,0.0,0.0,0.0,0.0,
335513,SEAGATE REHABILITATION AND NURSING CENTER,BROOKLYN,NY,Kings,47,2025Q2,20250416,344,13.5,13.5,0.0,27.85,27.85,0.0,58.92,54.0,4.92,0.0,0.0,0.0,178.58,96.3,82.28,743.19,738.19,5.0,0.0,0.0,0.0,0.0,0.0,0.0,
335513,SEAGATE REHABILITATION AND NURSING CENTER,BROOKLYN,NY,Kings,47,2025Q2,20250417,343,7.0,7.0,0.0,41.7,41.7,0.0,48.85,48.85,0.0,0.0,0.0,0.0,195.48,115.49,79.99,779.78,779.78,0.0,0.0,0.0,0.0,0.0,0.0,0.0,
335513,SEAGATE REHABILITATION AND NURSING CENTER,BROOKLYN,NY,Kings,47,2025Q2,20250418,340,13.5,13.5,0.0,34.58,34.58,0.0,80.95,79.0,1.95,0.0,0.0,0.0,177.66,112.87,64.79,708.96,703.96,5.0,0.0,0.0,0.0,0.0,0.0,0.0,
335513,SEAGATE REHABILITATION AND NURSING CENTER,BROOKLYN,NY,Kings,47,2025Q2,20250419,339,0.0,0.0,0.0,16.6,16.6,0.0,32.9,26.0,6.9,0.0,0.0,0.0,154.99,70.18,84.81,700.77,700.77,0.0,0.0,0.0,0.0,0.0,0.0,0.0,
335513,SEAGATE REHABILITATION AND NURSING CENTER,BROOKLYN,NY,Kings,47,2025Q2,20250420,339,13.5,13.5,0.0,14.0,14.0,0.0,27.52,20.52,7.0,0.0,0.0,0.0,157.62,95.67,61.95,687.49,687.49,0.0,0.0,0.0,0.0,0.0,0.0,0.0,
335513,SEAGATE REHABILITATION AND NURSING CENTER,BROOKLYN,NY,Kings,47,2025Q2,20250421,341,13.5,13.5,0.0,21.0,21.0,0.0,105.9,100.75,5.15,0.0,0.0,0.0,171.35,114.99,56.36,768.81,768.81,0.0,0.0,0.0,0.0,0.0,0.0,0.0,
335513,SEAGATE REHABILITATION AND NURSING CENTER,BROOKLYN,NY,Kings,47,2025Q2,20250422,344,7.0,7.0,0.0,41.83,41.83,0.0,78.85,76.85,2.0,0.0,0.0,0.0,177.31,121.05,56.26,752.27,752.27,0.0,0.0,0.0,0.0,0.0,0.0,0.0,
335513,SEAGATE REHABILITATION AND NURSING CENTER,BROOKLYN,NY,Kings,47,2025Q2,20250423,351,13.5,13.5,0.0,41.97,41.97,0.0,86.57,81.57,5.0,0.0,0.0,0.0,168.54,110.71,57.83,779.84,772.17,7.67,0.0,0.0,0.0,0.0,0.0,0.0,
335513,SEAGATE REHABILITATION AND NURSING CENTER,BROOKLYN,NY,Kings,47,2025Q2,20250424,347,0.0,0.0,0.0,49.0,49.0,0.0,64.46,64.46,0.0,0.0,0.0,0.0,181.95,110.6,71.35,753.42,748.42,5.0,0.0,0.0,0.0,0.0,0.0,0.0,
335513,SEAGATE REHABILITATION AND NURSING CENTER,BROOKLYN,NY,Kings,47,2025Q2,20250425,349,13.5,13.5,0.0,35.32,35.32,0.0,114.49,112.67,1.82,0.0,0.0,0.0,166.13,97.06,69.07,790.39,785.39,5.0,0.0,0.0,0.0,0.0,0.0,0.0,
335513,SEAGATE REHABILITATION AND NURSING CENTER,BROOKLYN,NY,Kings,47,2025Q2,20250426,351,0.0,0.0,0.0,22.5,22.5,0.0,49.18,44.0,5.18,0.0,0.0,0.0,189.44,81.0,108.44,739.17,739.17,0.0,0.0,0.0,0.0,0.0,0.0,0.0,
335513,SEAGATE REHABILITATION AND NURSING CENTER,BROOKLYN,NY,Kings,47,2025Q2,20250427,352,13.5,13.5,0.0,7.0,7.0,0.0,57.55,57.55,0.0,0.0,0.0,0.0,179.7,96.22,83.48,727.88,727.88,0.0,0.0,0.0,0.0,0.0,0.0,0.0,
335513,SEAGATE REHABILITATION AND NURSING CENTER,BROOKLYN,NY,Kings,47,2025Q2,20250428,353,13.5,13.5,0.0,26.08,26.08,0.0,87.13,87.13,0.0,0.0,0.0,0.0,184.03,115.26,68.77,692.74,692.74,0.0,0.0,0.0,0.0,0.0,0.0,0.0,
335513,SEAGATE REHABILITATION AND NURSING CENTER,BROOKLYN,NY,Kings,47,2025Q2,20250429,353,7.0,7.0,0.0,41.53,41.53,0.0,92.26,90.83,1.43,0.0,0.0,0.0,190.14,115.63,74.51,754.98,754.98,0.0,0.0,0.0,0.0,0.0,0.0,0.0,
335513,SEAGATE REHABILITATION AND NURSING CENTER,BROOKLYN,NY,Kings,47,2025Q2,20250430,352,13.5,13.5,0.0,28.67,28.67,0.0,103.15,97.58,5.57,0.0,0.0,0.0,188.29,114.47,73.82,736.15,729.92,6.23,0.0,0.0,0.0,0.0,0.0,0.0,
335513,SEAGATE REHABILITATION AND NURSING CENTER,BROOKLYN,NY,Kings,47,2025Q2,20250501,354,7.0,7.0,0.0,41.5,41.5,0.0,77.0,77.0,0.0,0.0,0.0,0.0,198.82,106.68,92.14,733.85,727.0,6.85,0.0,0.0,0.0,0.0,0.0,0.0,
335513,SEAGATE REHABILITATION AND NURSING CENTER,BROOKLYN,NY,Kings,47,2025Q2,20250502,354,13.5,13.5,0.0,27.78,27.78,0.0,70.42,68.5,1.92,0.0,0.0,0.0,188.29,109.27,79.02,756.43,748.68,7.75,0.0,0.0,0.0,0.0,0.0,0.0,
335513,SEAGATE REHABILITATION AND NURSING CENTER,BROOKLYN,NY,Kings,47,2025Q2,20250503,351,0.0,0.0,0.0,13.5,13.5,0.0,55.95,50.87,5.08,0.0,0.0,0.0,183.52,89.0,94.52,721.33,721.33,0.0,0.0,0.0,0.0,0.0,0.0,0.0,
335513,SEAGATE REHABILITATION AND NURSING CENTER,BROOKLYN,NY,Kings,47,2025Q2,20250504,349,13.5,13.5,0.0,7.0,7.0,0.0,30.07,28.0,2.07,0.0,0.0,0.0,182.67,90.18,92.49,713.29,713.29,0.0,0.0,0.0,0.0,0.0,0.0,0.0,
335513,SEAGATE REHABILITATION AND NURSING CENTER,BROOKLYN,NY,Kings,47,2025Q2,20250505,346,7.0,7.0,0.0,42.3,42.3,0.0,84.72,79.79,4.93,0.0,0.0,0.0,189.01,109.31,79.7,734.82,734.82,0.0,0.0,0.0,0.0,0.0,0.0,0.0,
335513,SEAGATE REHABILITATION AND NURSING CENTER,BROOKLYN,NY,Kings,47,2025Q2,20250506,347,7.0,7.0,0.0,48.57,48.57,0.0,76.91,75.03,1.88,0.0,0.0,0.0,204.27,109.85,94.42,748.69,748.69,0.0,0.0,0.0,0.0,0.0,0.0,0.0,
335513,SEAGATE REHABILITATION AND NURSING CENTER,BROOKLYN,NY,Kings,47,2025Q2,20250507,350,13.5,13.5,0.0,49.73,49.73,0.0,82.49,77.37,5.12,0.0,0.0,0.0,188.06,103.3,84.76,771.11,771.11,0.0,0.0,0.0,0.0,0.0,0.0,0.0,
335513,SEAGATE REHABILITATION AND NURSING CENTER,BROOKLYN,NY,Kings,47,2025Q2,20250508,349,13.5,13.5,0.0,56.05,56.05,0.0,86.7,86.7,0.0,0.0,0.0,0.0,169.41,96.68,72.73,755.23,748.6,6.63,0.0,0.0,0.0,0.0,0.0,0.0,
335513,SEAGATE REHABILITATION AND NURSING CENTER,BROOKLYN,NY,Kings,47,2025Q2,20250509,347,13.5,13.5,0.0,48.67,48.67,0.0,70.23,68.0,2.23,0.0,0.0,0.0,154.77,92.6,62.17,730.81,718.36,12.45,0.0,0.0,0.0,0.0,0.0,0.0,
335513,SEAGATE REHABILITATION AND NURSING CENTER,BROOKLYN,NY,Kings,47,2025Q2,20250510,348,0.0,0.0,0.0,14.0,14.0,0.0,63.95,59.18,4.77,0.0,0.0,0.0,179.33,81.11,98.22,699.23,699.23,0.0,0.0,0.0,0.0,0.0,0.0,0.0,
335513,SEAGATE REHABILITATION AND NURSING CENTER,BROOKLYN,NY,Kings,47,2025Q2,20250511,348,22.0,22.0,0.0,7.0,7.0,0.0,58.83,58.83,0.0,0.0,0.0,0.0,160.78,75.63,85.15,664.68,664.68,0.0,0.0,0.0,0.0,0.0,0.0,0.0,
335513,SEAGATE REHABILITATION AND NURSING CENTER,BROOKLYN,NY,Kings,47,2025Q2,20250512,350,1.0,1.0,0.0,56.12,56.12,0.0,72.75,72.75,0.0,0.0,0.0,0.0,173.75,99.19,74.56,751.96,737.63,14.33,0.0,0.0,0.0,0.0,0.0,0.0,
335513,SEAGATE REHABILITATION AND NURSING CENTER,BROOKLYN,NY,Kings,47,2025Q2,20250513,347,13.5,13.5,0.0,56.23,56.23,0.0,71.75,70.0,1.75,0.0,0.0,0.0,171.56,102.52,69.04,750.23,739.23,11.0,0.0,0.0,0.0,0.0,0.0,0.0,
335513,SEAGATE REHABILITATION AND NURSING CENTER,BROOKLYN,NY,Kings,47,2025Q2,20250514,348,7.0,7.0,0.0,49.1,49.1,0.0,72.28,67.03,5.25,0.0,0.0,0.0,180.64,116.67,63.97,758.99,750.49,8.5,0.0,0.0,0.0,0.0,0.0,0.0,
335513,SEAGATE REHABILITATION AND NURSING CENTER,BROOKLYN,NY,Kings,47,2025Q2,20250515,349,13.5,13.5,0.0,56.05,56.05,0.0,77.0,77.0,0.0,0.0,0.0,0.0,167.11,77.13,89.98,740.59,735.11,5.48,0.0,0.0,0.0,0.0,0.0,0.0,
335513,SEAGATE REHABILITATION AND NURSING CENTER,BROOKLYN,NY,Kings,47,2025Q2,20250516,351,7.0,7.0,0.0,42.22,42.22,0.0,58.35,56.45,1.9,0.0,0.0,0.0,180.29,103.75,76.54,753.03,747.53,5.5,0.0,0.0,0.0,0.0,0.0,0.0,
335513,SEAGATE REHABILITATION AND NURSING CENTER,BROOKLYN,NY,Kings,47,2025Q2,20250517,351,0.0,0.0,0.0,27.0,27.0,0.0,71.33,64.6,6.73,0.0,0.0,0.0,185.79,89.21,96.58,687.2,687.2,0.0,0.0,0.0,0.0,0.0,0.0,0.0,
335513,SEAGATE REHABILITATION AND NURSING CENTER,BROOKLYN,NY,Kings,47,2025Q2,20250518,352,0.0,0.0,0.0,20.5,20.5,0.0,54.83,47.4,7.43,0.0,0.0,0.0,173.67,84.11,89.56,730.98,730.98,0.0,0.0,0.0,0.0,0.0,0.0,0.0,
335513,SEAGATE REHABILITATION AND NURSING CENTER,BROOKLYN,NY,Kings,47,2025Q2,20250519,353,7.0,7.0,0.0,42.22,42.22,0.0,77.58,72.65,4.93,0.0,0.0,0.0,182.42,101.65,80.77,740.81,740.81,0.0,0.0,0.0,0.0,0.0,0.0,0.0,
335513,SEAGATE REHABILITATION AND NURSING CENTER,BROOKLYN,NY,Kings,47,2025Q2,20250520,354,7.0,7.0,0.0,55.73,55.73,0.0,74.48,74.48,0.0,0.0,0.0,0.0,191.15,99.35,91.8,734.03,734.03,0.0,0.0,0.0,0.0,0.0,0.0,0.0,
335513,SEAGATE REHABILITATION AND NURSING CENTER,BROOKLYN,NY,Kings,47,2025Q2,20250521,354,13.5,13.5,0.0,49.4,49.4,0.0,51.0,51.0,0.0,0.0,0.0,0.0,200.39,104.12,96.27,739.78,739.78,0.0,0.0,0.0,0.0,0.0,0.0,0.0,
335513,SEAGATE REHABILITATION AND NURSING CENTER,BROOKLYN,NY,Kings,47,2025Q2,20250522,354,7.0,7.0,0.0,48.5,48.5,0.0,76.77,76.77,0.0,0.0,0.0,0.0,165.43,95.73,69.7,743.2,743.2,0.0,0.0,0.0,0.0,0.0,0.0,0.0,
335513,SEAGATE REHABILITATION AND NURSING CENTER,BROOKLYN,NY,Kings,47,2025Q2,20250523,355,13.5,13.5,0.0,28.0,28.0,0.0,65.03,63.0,2.03,0.0,0.0,0.0,170.49,115.41,55.08,719.93,714.4,5.53,0.0,0.0,0.0,0.0,0.0,0.0,
335513,SEAGATE REHABILITATION AND NURSING CENTER,BROOKLYN,NY,Kings,47,2025Q2,20250524,353,0.0,0.0,0.0,23.5,23.5,0.0,69.64,64.67,4.97,0.0,0.0,0.0,180.57,67.7,112.87,733.11,733.11,0.0,0.0,0.0,0.0,0.0,0.0,0.0,
335513,SEAGATE REHABILITATION AND NURSING CENTER,BROOKLYN,NY,Kings,47,2025Q2,20250525,351,13.5,13.5,0.0,10.5,10.5,0.0,49.93,49.93,0.0,0.0,0.0,0.0,185.5,81.85,103.65,706.85,706.85,0.0,0.0,0.0,0.0,0.0,0.0,0.0,
335513,SEAGATE REHABILITATION AND NURSING CENTER,BROOKLYN,NY,Kings,47,2025Q2,20250526,350,0.0,0.0,0.0,21.0,21.0,0.0,88.5,88.5,0.0,0.0,0.0,0.0,192.19,101.83,90.36,736.05,736.05,0.0,0.0,0.0,0.0,0.0,0.0,0.0,
335513,SEAGATE REHABILITATION AND NURSING CENTER,BROOKLYN,NY,Kings,47,2025Q2,20250527,351,13.5,13.5,0.0,42.12,42.12,0.0,73.3,71.58,1.72,0.0,0.0,0.0,165.43,99.78,65.65,754.86,749.61,5.25,0.0,0.0,0.0,0.0,0.0,0.0,
335513,SEAGATE REHABILITATION AND NURSING CENTER,BROOKLYN,NY,Kings,47,2025Q2,20250528,353,13.5,13.5,0.0,48.37,48.37,0.0,63.3,58.02,5.28,0.0,0.0,0.0,205.67,121.3,84.37,742.2,737.57,4.63,0.0,0.0,0.0,0.0,0.0,0.0,
335513,SEAGATE REHABILITATION AND NURSING CENTER,BROOKLYN,NY,Kings,47,2025Q2,20250529,353,13.5,13.5,0.0,42.0,42.0,0.0,84.27,84.27,0.0,0.0,0.0,0.0,169.98,97.09,72.89,742.01,734.09,7.92,0.0,0.0,0.0,0.0,0.0,0.0,
335513,SEAGATE REHABILITATION AND NURSING CENTER,BROOKLYN,NY,Kings,47,2025Q2,20250530,353,13.5,13.5,0.0,41.75,41.75,0.0,65.0,63.0,2.0,0.0,0.0,0.0,189.71,117.78,71.93,756.59,744.07,12.52,0.0,0.0,0.0,0.0,0.0,0.0,
335513,SEAGATE REHABILITATION AND NURSING CENTER,BROOKLYN,NY,Kings,47,2025Q2,20250531,353,13.5,13.5,0.0,0.0,0.0,0.0,64.1,57.22,6.88,0.0,0.0,0.0,181.49,90.15,91.34,690.94,690.94,0.0,0.0,0.0,0.0,0.0,0.0,0.0,
335513,SEAGATE REHABILITATION AND NURSING CENTER,BROOKLYN,NY,Kings,47,2025Q2,20250601,354,7.0,7.0,0.0,13.5,13.5,0.0,70.22,63.0,7.22,0.0,0.0,0.0,150.77,93.24,57.53,736.11,736.11,0.0,0.0,0.0,0.0,0.0,0.0,0.0,
335513,SEAGATE REHABILITATION AND NURSING CENTER,BROOKLYN,NY,Kings,47,2025Q2,20250602,355,13.5,13.5,0.0,41.67,41.67,0.0,72.45,67.55,4.9,0.0,0.0,0.0,189.67,101.52,88.15,761.83,757.83,4.0,0.0,0.0,0.0,0.0,0.0,0.0,
335513,SEAGATE REHABILITATION AND NURSING CENTER,BROOKLYN,NY,Kings,47,2025Q2,20250603,356,13.5,13.5,0.0,34.1,34.1,0.0,67.67,67.67,0.0,0.0,0.0,0.0,181.92,111.72,70.2,746.23,746.23,0.0,0.0,0.0,0.0,0.0,0.0,0.0,
335513,SEAGATE REHABILITATION AND NURSING CENTER,BROOKLYN,NY,Kings,47,2025Q2,20250604,354,7.0,7.0,0.0,48.48,48.48,0.0,81.27,81.27,0.0,0.0,0.0,0.0,178.0,90.3,87.7,722.79,712.24,10.55,0.0,0.0,0.0,0.0,0.0,0.0,
335513,SEAGATE REHABILITATION AND NURSING CENTER,BROOKLYN,NY,Kings,47,2025Q2,20250605,355,13.5,13.5,0.0,55.5,55.5,0.0,91.17,91.17,0.0,0.0,0.0,0.0,168.75,107.73,61.02,713.86,707.16,6.7,0.0,0.0,0.0,0.0,0.0,0.0,
335513,SEAGATE REHABILITATION AND NURSING CENTER,BROOKLYN,NY,Kings,47,2025Q2,20250606,356,13.5,13.5,0.0,41.5,41.5,0.0,65.15,63.25,1.9,0.0,0.0,0.0,174.57,101.39,73.18,690.8,685.8,5.0,0.0,0.0,0.0,0.0,0.0,0.0,
335513,SEAGATE REHABILITATION AND NURSING CENTER,BROOKLYN,NY,Kings,47,2025Q2,20250607,355,0.0,0.0,0.0,13.5,13.5,0.0,85.3,80.2,5.1,0.0,0.0,0.0,177.98,73.0,104.98,697.64,697.64,0.0,0.0,0.0,0.0,0.0,0.0,0.0,
335513,SEAGATE REHABILITATION AND NURSING CENTER,BROOKLYN,NY,Kings,47,2025Q2,20250608,354,13.5,13.5,0.0,20.5,20.5,0.0,56.12,56.12,0.0,0.0,0.0,0.0,179.97,70.0,109.97,673.1,673.1,0.0,0.0,0.0,0.0,0.0,0.0,0.0,
335513,SEAGATE REHABILITATION AND NURSING CENTER,BROOKLYN,NY,Kings,47,2025Q2,20250609,353,7.0,7.0,0.0,48.48,48.48,0.0,76.78,76.78,0.0,0.0,0.0,0.0,166.0,115.19,50.81,702.54,702.54,0.0,0.0,0.0,0.0,0.0,0.0,0.0,
335513,SEAGATE REHABILITATION AND NURSING CENTER,BROOKLYN,NY,Kings,47,2025Q2,20250610,350,13.5,13.5,0.0,48.35,48.35,0.0,85.47,83.55,1.92,0.0,0.0,0.0,160.53,103.46,57.07,741.45,741.45,0.0,0.0,0.0,0.0,0.0,0.0,0.0,
335513,SEAGATE REHABILITATION AND NURSING CENTER,BROOKLYN,NY,Kings,47,2025Q2,20250611,351,13.5,13.5,0.0,62.25,62.25,0.0,74.93,69.85,5.08,0.0,0.0,0.0,176.98,97.09,79.89,750.57,750.57,0.0,0.0,0.0,0.0,0.0,0.0,0.0,
335513,SEAGATE REHABILITATION AND NURSING CENTER,BROOKLYN,NY,Kings,47,2025Q2,20250612,356,7.0,7.0,0.0,70.78,70.78,0.0,71.27,71.27,0.0,0.0,0.0,0.0,155.35,101.23,54.12,789.22,777.97,11.25,0.0,0.0,0.0,0.0,0.0,0.0,
335513,SEAGATE REHABILITATION AND NURSING CENTER,BROOKLYN,NY,Kings,47,2025Q2,20250613,355,7.0,7.0,0.0,41.7,41.7,0.0,60.8,58.9,1.9,0.0,0.0,0.0,160.65,111.02,49.63,758.77,753.19,5.58,0.0,0.0,0.0,0.0,0.0,0.0,
335513,SEAGATE REHABILITATION AND NURSING CENTER,BROOKLYN,NY,Kings,47,2025Q2,20250614,355,0.0,0.0,0.0,20.5,20.5,0.0,78.87,71.85,7.02,0.0,0.0,0.0,138.54,85.43,53.11,705.06,705.06,0.0,0.0,0.0,0.0,0.0,0.0,0.0,
335513,SEAGATE REHABILITATION AND NURSING CENTER,BROOKLYN,NY,Kings,47,2025Q2,20250615,356,0.0,0.0,0.0,27.5,27.5,0.0,66.0,58.92,7.08,0.0,0.0,0.0,149.21,105.7,43.51,689.1,689.1,0.0,0.0,0.0,0.0,0.0,0.0,0.0,
335513,SEAGATE REHABILITATION AND NURSING CENTER,BROOKLYN,NY,Kings,47,2025Q2,20250616,356,7.0,7.0,0.0,55.27,55.27,0.0,73.15,68.15,5.0,0.0,0.0,0.0,177.63,115.38,62.25,764.05,759.82,4.23,0.0,0.0,0.0,0.0,0.0,0.0,
335513,SEAGATE REHABILITATION AND NURSING CENTER,BROOKLYN,NY,Kings,47,2025Q2,20250617,357,7.0,7.0,0.0,68.82,68.82,0.0,64.72,62.7,2.02,0.0,0.0,0.0,158.49,100.07,58.42,760.35,756.32,4.03,0.0,0.0,0.0,0.0,0.0,0.0,
335513,SEAGATE REHABILITATION AND NURSING CENTER,BROOKLYN,NY,Kings,47,2025Q2,20250618,357,13.5,13.5,0.0,48.72,48.72,0.0,74.98,70.0,4.98,0.0,0.0,0.0,184.91,113.99,70.92,786.0,781.0,5.0,0.0,0.0,0.0,0.0,0.0,0.0,
335513,SEAGATE REHABILITATION AND NURSING CENTER,BROOKLYN,NY,Kings,47,2025Q2,20250619,355,7.0,7.0,0.0,50.04,50.04,0.0,85.77,85.77,0.0,0.0,0.0,0.0,154.16,97.38,56.78,763.61,763.61,0.0,0.0,0.0,0.0,0.0,0.0,0.0,
335513,SEAGATE REHABILITATION AND NURSING CENTER,BROOKLYN,NY,Kings,47,2025Q2,20250620,353,13.5,13.5,0.0,25.88,25.88,0.0,76.17,76.17,0.0,0.0,0.0,0.0,125.66,81.23,44.43,772.46,767.96,4.5,0.0,0.0,0.0,0.0,0.0,0.0,
335513,SEAGATE REHABILITATION AND NURSING CENTER,BROOKLYN,NY,Kings,47,2025Q2,20250621,353,0.0,0.0,0.0,22.5,22.5,0.0,57.84,57.84,0.0,0.0,0.0,0.0,170.05,67.35,102.7,768.05,768.05,0.0,0.0,0.0,0.0,0.0,0.0,0.0,
335513,SEAGATE REHABILITATION AND NURSING CENTER,BROOKLYN,NY,Kings,47,2025Q2,20250622,352,13.5,13.5,0.0,25.5,25.5,0.0,51.28,51.28,0.0,0.0,0.0,0.0,176.81,77.0,99.81,710.45,710.45,0.0,0.0,0.0,0.0,0.0,0.0,0.0,
335513,SEAGATE REHABILITATION AND NURSING CENTER,BROOKLYN,NY,Kings,47,2025Q2,20250623,350,13.5,13.5,0.0,61.95,61.95,0.0,57.0,57.0,0.0,0.0,0.0,0.0,169.1,101.3,67.8,732.2,732.2,0.0,0.0,0.0,0.0,0.0,0.0,0.0,
335513,SEAGATE REHABILITATION AND NURSING CENTER,BROOKLYN,NY,Kings,47,2025Q2,20250624,352,7.0,7.0,0.0,43.47,43.47,0.0,64.95,63.0,1.95,0.0,0.0,0.0,149.02,88.85,60.17,744.27,744.27,0.0,0.0,0.0,0.0,0.0,0.0,0.0,
335513,SEAGATE REHABILITATION AND NURSING CENTER,BROOKLYN,NY,Kings,47,2025Q2,20250625,350,0.0,0.0,0.0,60.17,60.17,0.0,56.05,51.0,5.05,0.0,0.0,0.0,161.93,93.93,68.0,732.32,722.49,9.83,0.0,0.0,0.0,0.0,0.0,0.0,
335513,SEAGATE REHABILITATION AND NURSING CENTER,BROOKLYN,NY,Kings,47,2025Q2,20250626,353,13.5,13.5,0.0,55.78,55.78,0.0,67.5,67.5,0.0,0.0,0.0,0.0,158.09,95.76,62.33,742.2,737.95,4.25,0.0,0.0,0.0,0.0,0.0,0.0,
335513,SEAGATE REHABILITATION AND NURSING CENTER,BROOKLYN,NY,Kings,47,2025Q2,20250627,353,13.5,13.5,0.0,48.48,48.48,0.0,77.17,77.17,0.0,0.0,0.0,0.0,159.77,89.0,70.77,751.29,739.19,12.1,0.0,0.0,0.0,0.0,0.0,0.0,
335513,SEAGATE REHABILITATION AND NURSING CENTER,BROOKLYN,NY,Kings,47,2025Q2,20250628,352,0.0,0.0,0.0,30.5,30.5,0.0,57.7,57.7,0.0,0.0,0.0,0.0,141.37,71.02,70.35,720.4,720.4,0.0,0.0,0.0,0.0,0.0,0.0,0.0,
335513,SEAGATE REHABILITATION AND NURSING CENTER,BROOKLYN,NY,Kings,47,2025Q2,20250629,352,13.5,13.5,0.0,24.0,24.0,0.0,42.0,42.0,0.0,0.0,0.0,0.0,153.59,97.36,56.23,704.0,697.0,7.0,0.0,0.0,0.0,0.0,0.0,0.0,
335513,SEAGATE REHABILITATION AND NURSING CENTER,BROOKLYN,NY,Kings,47,2025Q2,20250630,356,13.5,13.5,0.0,48.57,48.57,0.0,54.0,54.0,0.0,0.0,0.0,0.0,194.55,106.85,87.7,756.22,751.57,4.65,0.0,0.0,0.0,0.0,0.0,0.0,
335513,SEAGATE REHABILITATION AND NURSING CENTER,BROOKLYN,NY,Kings,47,2025Q3,20250701,355,7.0,7.0,0.0,48.43,48.43,0.0,50.95,49.0,1.95,0.0,0.0,0.0,200.8,126.0,74.8,732.01,728.01,4.0,0.0,0.0,0.0,0.0,0.0,0.0,
335513,SEAGATE REHABILITATION AND NURSING CENTER,BROOKLYN,NY,Kings,47,2025Q3,20250702,357,0.0,0.0,0.0,55.62,55.62,0.0,67.55,62.5,5.05,0.0,0.0,0.0,199.86,109.62,90.24,760.19,751.94,8.25,0.0,0.0,0.0,0.0,0.0,0.0,
335513,SEAGATE REHABILITATION AND NURSING CENTER,BROOKLYN,NY,Kings,47,2025Q3,20250703,357,7.0,7.0,0.0,57.0,57.0,0.0,50.77,50.77,0.0,0.0,0.0,0.0,184.53,113.03,71.5,744.35,737.35,7.0,0.0,0.0,0.0,0.0,0.0,0.0,
335513,SEAGATE REHABILITATION AND NURSING CENTER,BROOKLYN,NY,Kings,47,2025Q3,20250704,355,0.0,0.0,0.0,31.5,31.5,0.0,71.56,69.68,1.88,0.0,0.0,0.0,176.81,106.79,70.02,733.08,728.0,5.08,0.0,0.0,0.0,0.0,0.0,0.0,
335513,SEAGATE REHABILITATION AND NURSING CENTER,BROOKLYN,NY,Kings,47,2025Q3,20250705,355,0.0,0.0,0.0,23.5,23.5,0.0,55.62,50.5,5.12,0.0,0.0,0.0,183.87,86.0,97.87,686.09,686.09,0.0,0.0,0.0,0.0,0.0,0.0,0.0,
335513,SEAGATE REHABILITATION AND NURSING CENTER,BROOKLYN,NY,Kings,47,2025Q3,20250706,354,7.0,7.0,0.0,22.0,22.0,0.0,41.5,41.5,0.0,0.0,0.0,0.0,181.65,93.85,87.8,687.48,687.48,0.0,0.0,0.0,0.0,0.0,0.0,0.0,
335513,SEAGATE REHABILITATION AND NURSING CENTER,BROOKLYN,NY,Kings,47,2025Q3,20250707,355,7.0,7.0,0.0,49.37,49.37,0.0,28.0,28.0,0.0,0.0,0.0,0.0,188.97,99.35,89.62,740.98,740.98,0.0,0.0,0.0,0.0,0.0,0.0,0.0,
335513,SEAGATE REHABILITATION AND NURSING CENTER,BROOKLYN,NY,Kings,47,2025Q3,20250708,355,7.0,7.0,0.0,48.27,48.27,0.0,50.7,49.0,1.7,0.0,0.0,0.0,177.06,104.85,72.21,757.36,757.36,0.0,0.0,0.0,0.0,0.0,0.0,0.0,
335513,SEAGATE REHABILITATION AND NURSING CENTER,BROOKLYN,NY,Kings,47,2025Q3,20250709,353,7.0,7.0,0.0,55.38,55.38,0.0,54.3,49.0,5.3,0.0,0.0,0.0,203.1,106.32,96.78,735.05,730.05,5.0,0.0,0.0,0.0,0.0,0.0,0.0,
335513,SEAGATE REHABILITATION AND NURSING CENTER,BROOKLYN,NY,Kings,47,2025Q3,20250710,353,0.0,0.0,0.0,62.0,62.0,0.0,28.0,28.0,0.0,0.0,0.0,0.0,179.37,129.59,49.78,737.11,737.11,0.0,0.0,0.0,0.0,0.0,0.0,0.0,
335513,SEAGATE REHABILITATION AND NURSING CENTER,BROOKLYN,NY,Kings,47,2025Q3,20250711,353,0.0,0.0,0.0,45.5,45.5,0.0,42.48,42.48,0.0,0.0,0.0,0.0,160.57,100.2,60.37,731.42,726.17,5.25,0.0,0.0,0.0,0.0,0.0,0.0,
335513,SEAGATE REHABILITATION AND NURSING CENTER,BROOKLYN,NY,Kings,47,2025Q3,20250712,354,0.0,0.0,0.0,27.42,27.42,0.0,51.37,51.37,0.0,0.0,0.0,0.0,152.96,77.74,75.22,700.71,700.71,0.0,0.0,0.0,0.0,0.0,0.0,0.0,
335513,SEAGATE REHABILITATION AND NURSING CENTER,BROOKLYN,NY,Kings,47,2025Q3,20250713,353,0.0,0.0,0.0,24.5,24.5,0.0,46.5,46.5,0.0,0.0,0.0,0.0,161.02,101.92,59.1,666.08,666.08,0.0,0.0,0.0,0.0,0.0,0.0,0.0,
335513,SEAGATE REHABILITATION AND NURSING CENTER,BROOKLYN,NY,Kings,47,2025Q3,20250714,353,7.0,7.0,0.0,67.57,67.57,0.0,38.0,38.0,0.0,0.0,0.0,0.0,162.87,120.7,42.17,729.74,722.41,7.33,0.0,0.0,0.0,0.0,0.0,0.0,
335513,SEAGATE REHABILITATION AND NURSING CENTER,BROOKLYN,NY,Kings,47,2025Q3,20250715,355,13.5,13.5,0.0,69.25,69.25,0.0,23.0,23.0,0.0,0.0,0.0,0.0,167.83,108.25,59.58,691.27,691.27,0.0,0.0,0.0,0.0,0.0,0.0,0.0,
335513,SEAGATE REHABILITATION AND NURSING CENTER,BROOKLYN,NY,Kings,47,2025Q3,20250716,357,7.0,7.0,0.0,64.32,64.32,0.0,57.85,57.85,0.0,0.0,0.0,0.0,162.55,88.8,73.75,730.49,721.49,9.0,0.0,0.0,0.0,0.0,0.0,0.0,
335513,SEAGATE REHABILITATION AND NURSING CENTER,BROOKLYN,NY,Kings,47,2025Q3,20250717,357,7.0,7.0,0.0,63.52,63.52,0.0,42.0,42.0,0.0,0.0,0.0,0.0,173.76,96.57,77.19,740.14,732.64,7.5,0.0,0.0,0.0,0.0,0.0,0.0,
335513,SEAGATE REHABILITATION AND NURSING CENTER,BROOKLYN,NY,Kings,47,2025Q3,20250718,358,7.0,7.0,0.0,45.72,45.72,0.0,62.33,60.5,1.83,0.0,0.0,0.0,151.51,74.47,77.04,735.88,723.38,12.5,0.0,0.0,0.0,0.0,0.0,0.0,
335513,SEAGATE REHABILITATION AND NURSING CENTER,BROOKLYN,NY,Kings,47,2025Q3,20250719,358,0.0,0.0,0.0,30.5,30.5,0.0,49.0,43.83,5.17,0.0,0.0,0.0,183.04,99.2,83.84,703.95,703.95,0.0,0.0,0.0,0.0,0.0,0.0,0.0,
335513,SEAGATE REHABILITATION AND NURSING CENTER,BROOKLYN,NY,Kings,47,2025Q3,20250720,356,0.0,0.0,0.0,31.5,31.5,0.0,26.0,26.0,0.0,0.0,0.0,0.0,175.37,83.9,91.47,701.95,701.95,0.0,0.0,0.0,0.0,0.0,0.0,0.0,
335513,SEAGATE REHABILITATION AND NURSING CENTER,BROOKLYN,NY,Kings,47,2025Q3,20250721,355,7.0,7.0,0.0,62.62,62.62,0.0,35.0,35.0,0.0,0.0,0.0,0.0,171.71,113.33,58.38,728.82,728.82,0.0,0.0,0.0,0.0,0.0,0.0,0.0,
335513,SEAGATE REHABILITATION AND NURSING CENTER,BROOKLYN,NY,Kings,47,2025Q3,20250722,354,7.0,7.0,0.0,62.33,62.33,0.0,45.8,44.0,1.8,0.0,0.0,0.0,150.49,83.87,66.62,699.81,695.81,4.0,0.0,0.0,0.0,0.0,0.0,0.0,
335513,SEAGATE REHABILITATION AND NURSING CENTER,BROOKLYN,NY,Kings,47,2025Q3,20250723,353,7.0,7.0,0.0,50.0,50.0,0.0,45.2,40.0,5.2,0.0,0.0,0.0,156.43,74.95,81.48,723.48,718.48,5.0,0.0,0.0,0.0,0.0,0.0,0.0,
335513,SEAGATE REHABILITATION AND NURSING CENTER,BROOKLYN,NY,Kings,47,2025Q3,20250724,354,7.0,7.0,0.0,59.92,59.92,0.0,35.0,35.0,0.0,0.0,0.0,0.0,166.44,85.79,80.65,752.83,746.83,6.0,0.0,0.0,0.0,0.0,0.0,0.0,
335513,SEAGATE REHABILITATION AND NURSING CENTER,BROOKLYN,NY,Kings,47,2025Q3,20250725,353,7.0,7.0,0.0,48.78,48.78,0.0,36.3,34.5,1.8,0.0,0.0,0.0,152.41,95.57,56.84,766.49,753.99,12.5,0.0,0.0,0.0,0.0,0.0,0.0,
335513,SEAGATE REHABILITATION AND NURSING CENTER,BROOKLYN,NY,Kings,47,2025Q3,20250726,353,7.0,7.0,0.0,27.5,27.5,0.0,37.13,30.0,7.13,0.0,0.0,0.0,130.87,63.32,67.55,677.5,670.5,7.0,0.0,0.0,0.0,0.0,0.0,0.0,
335513,SEAGATE REHABILITATION AND NURSING CENTER,BROOKLYN,NY,Kings,47,2025Q3,20250727,353,0.0,0.0,0.0,29.0,29.0,0.0,65.61,58.83,6.78,0.0,0.0,0.0,122.69,82.87,39.82,712.17,712.17,0.0,0.0,0.0,0.0,0.0,0.0,0.0,
335513,SEAGATE REHABILITATION AND NURSING CENTER,BROOKLYN,NY,Kings,47,2025Q3,20250728,352,7.0,7.0,0.0,68.83,68.83,0.0,32.28,27.0,5.28,0.0,0.0,0.0,156.24,94.86,61.38,723.47,723.47,0.0,0.0,0.0,0.0,0.0,0.0,0.0,
335513,SEAGATE REHABILITATION AND NURSING CENTER,BROOKLYN,NY,Kings,47,2025Q3,20250729,350,7.0,7.0,0.0,65.5,65.5,0.0,43.71,41.83,1.88,0.0,0.0,0.0,149.26,65.54,83.72,722.46,722.46,0.0,0.0,0.0,0.0,0.0,0.0,0.0,
335513,SEAGATE REHABILITATION AND NURSING CENTER,BROOKLYN,NY,Kings,47,2025Q3,20250730,350,7.0,7.0,0.0,76.37,76.37,0.0,40.12,35.0,5.12,0.0,0.0,0.0,177.96,97.67,80.29,723.34,718.17,5.17,0.0,0.0,0.0,0.0,0.0,0.0,
335513,SEAGATE REHABILITATION AND NURSING CENTER,BROOKLYN,NY,Kings,47,2025Q3,20250731,350,7.0,7.0,0.0,71.01,71.01,0.0,57.85,57.85,0.0,0.0,0.0,0.0,151.48,84.59,66.89,716.4,708.9,7.5,0.0,0.0,0.0,0.0,0.0,0.0,
335513,SEAGATE REHABILITATION AND NURSING CENTER,BROOKLYN,NY,Kings,47,2025Q3,20250801,351,14.0,14.0,0.0,56.6,56.6,0.0,69.27,67.5,1.77,0.0,0.0,0.0,131.13,78.28,52.85,731.54,726.46,5.08,0.0,0.0,0.0,0.0,0.0,0.0,
335513,SEAGATE REHABILITATION AND NURSING CENTER,BROOKLYN,NY,Kings,47,2025Q3,20250802,350,0.0,0.0,0.0,30.08,30.08,0.0,40.23,35.0,5.23,0.0,0.0,0.0,191.01,79.85,111.16,715.9,715.9,0.0,0.0,0.0,0.0,0.0,0.0,0.0,
335513,SEAGATE REHABILITATION AND NURSING CENTER,BROOKLYN,NY,Kings,47,2025Q3,20250803,350,0.0,0.0,0.0,37.97,37.97,0.0,21.0,21.0,0.0,0.0,0.0,0.0,181.88,90.73,91.15,703.45,703.45,0.0,0.0,0.0,0.0,0.0,0.0,0.0,
335513,SEAGATE REHABILITATION AND NURSING CENTER,BROOKLYN,NY,Kings,47,2025Q3,20250804,350,7.0,7.0,0.0,64.53,64.53,0.0,49.0,49.0,0.0,0.0,0.0,0.0,177.16,100.88,76.28,717.71,713.71,4.0,0.0,0.0,0.0,0.0,0.0,0.0,
335513,SEAGATE REHABILITATION AND NURSING CENTER,BROOKLYN,NY,Kings,47,2025Q3,20250805,351,7.0,7.0,0.0,70.35,70.35,0.0,50.75,49.0,1.75,0.0,0.0,0.0,156.25,94.0,62.25,705.21,705.21,0.0,0.0,0.0,0.0,0.0,0.0,0.0,
335513,SEAGATE REHABILITATION AND NURSING CENTER,BROOKLYN,NY,Kings,47,2025Q3,20250806,349,7.0,7.0,0.0,73.47,73.47,0.0,59.25,54.0,5.25,0.0,0.0,0.0,166.36,88.13,78.23,734.47,723.97,10.5,0.0,0.0,0.0,0.0,0.0,0.0,
335513,SEAGATE REHABILITATION AND NURSING CENTER,BROOKLYN,NY,Kings,47,2025Q3,20250807,348,7.0,7.0,0.0,62.15,62.15,0.0,39.5,39.5,0.0,0.0,0.0,0.0,188.9,122.46,66.44,748.62,748.62,0.0,0.0,0.0,0.0,0.0,0.0,0.0,
335513,SEAGATE REHABILITATION AND NURSING CENTER,BROOKLYN,NY,Kings,47,2025Q3,20250808,350,7.0,7.0,0.0,58.15,58.15,0.0,62.5,60.5,2.0,0.0,0.0,0.0,174.03,101.11,72.92,740.0,734.33,5.67,0.0,0.0,0.0,0.0,0.0,0.0,
335513,SEAGATE REHABILITATION AND NURSING CENTER,BROOKLYN,NY,Kings,47,2025Q3,20250809,350,0.0,0.0,0.0,9.0,9.0,0.0,85.38,78.66,6.72,0.0,0.0,0.0,125.32,81.31,44.01,703.37,703.37,0.0,0.0,0.0,0.0,0.0,0.0,0.0,
335513,SEAGATE REHABILITATION AND NURSING CENTER,BROOKLYN,NY,Kings,47,2025Q3,20250810,349,7.0,7.0,0.0,27.5,27.5,0.0,67.28,67.28,0.0,0.0,0.0,0.0,123.55,93.87,29.68,667.88,667.88,0.0,0.0,0.0,0.0,0.0,0.0,0.0,
335513,SEAGATE REHABILITATION AND NURSING CENTER,BROOKLYN,NY,Kings,47,2025Q3,20250811,349,7.0,7.0,0.0,66.52,66.52,0.0,26.0,26.0,0.0,0.0,0.0,0.0,147.93,103.73,44.2,737.01,737.01,0.0,0.0,0.0,0.0,0.0,0.0,0.0,
335513,SEAGATE REHABILITATION AND NURSING CENTER,BROOKLYN,NY,Kings,47,2025Q3,20250812,346,7.0,7.0,0.0,66.33,66.33,0.0,39.0,39.0,0.0,0.0,0.0,0.0,167.14,105.72,61.42,723.05,717.72,5.33,0.0,0.0,0.0,0.0,0.0,0.0,
335513,SEAGATE REHABILITATION AND NURSING CENTER,BROOKLYN,NY,Kings,47,2025Q3,20250813,349,7.0,7.0,0.0,73.27,73.27,0.0,59.0,59.0,0.0,0.0,0.0,0.0,166.27,99.04,67.23,723.92,717.12,6.8,0.0,0.0,0.0,0.0,0.0,0.0,
335513,SEAGATE REHABILITATION AND NURSING CENTER,BROOKLYN,NY,Kings,47,2025Q3,20250814,353,0.0,0.0,0.0,80.83,80.83,0.0,50.5,50.5,0.0,0.0,0.0,0.0,142.75,96.82,45.93,734.99,734.99,0.0,0.0,0.0,0.0,0.0,0.0,0.0,
335513,SEAGATE REHABILITATION AND NURSING CENTER,BROOKLYN,NY,Kings,47,2025Q3,20250815,353,7.0,7.0,0.0,48.5,48.5,0.0,56.0,56.0,0.0,0.0,0.0,0.0,144.44,86.5,57.94,730.96,718.46,12.5,0.0,0.0,0.0,0.0,0.0,0.0,
335513,SEAGATE REHABILITATION AND NURSING CENTER,BROOKLYN,NY,Kings,47,2025Q3,20250816,353,0.0,0.0,0.0,41.0,41.0,0.0,40.0,40.0,0.0,0.0,0.0,0.0,185.57,98.37,87.2,703.54,703.54,0.0,0.0,0.0,0.0,0.0,0.0,0.0,
335513,SEAGATE REHABILITATION AND NURSING CENTER,BROOKLYN,NY,Kings,47,2025Q3,20250817,351,0.0,0.0,0.0,47.5,47.5,0.0,28.92,28.92,0.0,0.0,0.0,0.0,182.71,84.0,98.71,684.63,684.63,0.0,0.0,0.0,0.0,0.0,0.0,0.0,
335513,SEAGATE REHABILITATION AND NURSING CENTER,BROOKLYN,NY,Kings,47,2025Q3,20250818,354,7.0,7.0,0.0,64.75,64.75,0.0,49.0,49.0,0.0,0.0,0.0,0.0,176.34,97.55,78.79,739.2,732.2,7.0,0.0,0.0,0.0,0.0,0.0,0.0,
335513,SEAGATE REHABILITATION AND NURSING CENTER,BROOKLYN,NY,Kings,47,2025Q3,20250819,355,7.0,7.0,0.0,87.66,87.66,0.0,52.15,52.15,0.0,0.0,0.0,0.0,175.21,96.43,78.78,688.09,688.09,0.0,0.0,0.0,0.0,0.0,0.0,0.0,
335513,SEAGATE REHABILITATION AND NURSING CENTER,BROOKLYN,NY,Kings,47,2025Q3,20250820,354,7.0,7.0,0.0,79.53,79.53,0.0,81.17,81.17,0.0,0.0,0.0,0.0,160.52,89.43,71.09,755.45,745.95,9.5,0.0,0.0,0.0,0.0,0.0,0.0,
335513,SEAGATE REHABILITATION AND NURSING CENTER,BROOKLYN,NY,Kings,47,2025Q3,20250821,354,7.0,7.0,0.0,80.23,80.23,0.0,35.0,35.0,0.0,0.0,0.0,0.0,184.0,109.12,74.88,746.18,746.18,0.0,0.0,0.0,0.0,0.0,0.0,0.0,
335513,SEAGATE REHABILITATION AND NURSING CENTER,BROOKLYN,NY,Kings,47,2025Q3,20250822,354,7.0,7.0,0.0,69.25,69.25,0.0,82.4,82.4,0.0,0.0,0.0,0.0,136.47,94.37,42.1,742.64,736.14,6.5,0.0,0.0,0.0,0.0,0.0,0.0,
335513,SEAGATE REHABILITATION AND NURSING CENTER,BROOKLYN,NY,Kings,47,2025Q3,20250823,353,0.0,0.0,0.0,45.5,45.5,0.0,79.77,79.77,0.0,0.0,0.0,0.0,162.24,101.45,60.79,672.53,672.53,0.0,0.0,0.0,0.0,0.0,0.0,0.0,
335513,SEAGATE REHABILITATION AND NURSING CENTER,BROOKLYN,NY,Kings,47,2025Q3,20250824,353,0.0,0.0,0.0,50.32,50.32,0.0,76.4,76.4,0.0,0.0,0.0,0.0,149.39,106.57,42.82,685.58,685.58,0.0,0.0,0.0,0.0,0.0,0.0,0.0,
335513,SEAGATE REHABILITATION AND NURSING CENTER,BROOKLYN,NY,Kings,47,2025Q3,20250825,353,7.0,7.0,0.0,76.53,76.53,0.0,48.5,48.5,0.0,0.0,0.0,0.0,152.73,87.17,65.56,741.24,735.74,5.5,0.0,0.0,0.0,0.0,0.0,0.0,
335513,SEAGATE REHABILITATION AND NURSING CENTER,BROOKLYN,NY,Kings,47,2025Q3,20250826,355,7.0,7.0,0.0,83.1,83.1,0.0,51.5,51.5,0.0,0.0,0.0,0.0,166.35,78.85,87.5,738.51,738.51,0.0,0.0,0.0,0.0,0.0,0.0,0.0,
335513,SEAGATE REHABILITATION AND NURSING CENTER,BROOKLYN,NY,Kings,47,2025Q3,20250827,356,7.0,7.0,0.0,55.5,55.5,0.0,82.0,82.0,0.0,0.0,0.0,0.0,173.61,66.84,106.77,748.28,739.28,9.0,0.0,0.0,0.0,0.0,0.0,0.0,
335513,SEAGATE REHABILITATION AND NURSING CENTER,BROOKLYN,NY,Kings,47,2025Q3,20250828,358,7.0,7.0,0.0,81.97,81.97,0.0,101.5,101.5,0.0,0.0,0.0,0.0,154.92,83.67,71.25,750.25,743.25,7.0,0.0,0.0,0.0,0.0,0.0,0.0,
335513,SEAGATE REHABILITATION AND NURSING CENTER,BROOKLYN,NY,Kings,47,2025Q3,20250829,357,7.0,7.0,0.0,51.0,51.0,0.0,73.0,73.0,0.0,0.0,0.0,0.0,155.19,88.58,66.61,759.13,754.13,5.0,0.0,0.0,0.0,0.0,0.0,0.0,
335513,SEAGATE REHABILITATION AND NURSING CENTER,BROOKLYN,NY,Kings,47,2025Q3,20250830,355,0.0,0.0,0.0,42.5,42.5,0.0,63.0,63.0,0.0,0.0,0.0,0.0,162.39,67.82,94.57,730.53,730.53,0.0,0.0,0.0,0.0,0.0,0.0,0.0,
335513,SEAGATE REHABILITATION AND NURSING CENTER,BROOKLYN,NY,Kings,47,2025Q3,20250831,355,0.0,0.0,0.0,34.0,34.0,0.0,62.75,62.75,0.0,0.0,0.0,0.0,160.67,89.0,71.67,749.89,749.89,0.0,0.0,0.0,0.0,0.0,0.0,0.0,
335513,SEAGATE REHABILITATION AND NURSING CENTER,BROOKLYN,NY,Kings,47,2025Q3,20250901,355,0.0,0.0,0.0,34.5,34.5,0.0,97.5,97.5,0.0,0.0,0.0,0.0,136.64,66.5,70.14,715.24,715.24,0.0,0.0,0.0,0.0,0.0,0.0,0.0,
335513,SEAGATE REHABILITATION AND NURSING CENTER,BROOKLYN,NY,Kings,47,2025Q3,20250902,355,7.0,7.0,0.0,81.07,81.07,0.0,50.87,50.87,0.0,0.0,0.0,0.0,152.99,86.35,66.64,734.26,734.26,0.0,0.0,0.0,0.0,0.0,0.0,0.0,
335513,SEAGATE REHABILITATION AND NURSING CENTER,BROOKLYN,NY,Kings,47,2025Q3,20250903,355,7.0,7.0,0.0,63.7,63.7,0.0,89.72,89.72,0.0,0.0,0.0,0.0,176.8,78.87,97.93,732.43,728.43,4.0,0.0,0.0,0.0,0.0,0.0,0.0,
335513,SEAGATE REHABILITATION AND NURSING CENTER,BROOKLYN,NY,Kings,47,2025Q3,20250904,351,7.0,7.0,0.0,64.73,64.73,0.0,86.5,86.5,0.0,0.0,0.0,0.0,178.23,99.21,79.02,746.42,746.42,0.0,0.0,0.0,0.0,0.0,0.0,0.0,
335513,SEAGATE REHABILITATION AND NURSING CENTER,BROOKLYN,NY,Kings,47,2025Q3,20250905,350,7.0,7.0,0.0,52.27,52.27,0.0,66.88,66.88,0.0,0.0,0.0,0.0,181.08,111.67,69.41,748.89,743.89,5.0,0.0,0.0,0.0,0.0,0.0,0.0,
335513,SEAGATE REHABILITATION AND NURSING CENTER,BROOKLYN,NY,Kings,47,2025Q3,20250906,348,0.0,0.0,0.0,30.5,30.5,0.0,95.27,95.27,0.0,0.0,0.0,0.0,165.68,87.72,77.96,682.08,682.08,0.0,0.0,0.0,0.0,0.0,0.0,0.0,
335513,SEAGATE REHABILITATION AND NURSING CENTER,BROOKLYN,NY,Kings,47,2025Q3,20250907,349,0.0,0.0,0.0,32.0,32.0,0.0,71.2,71.2,0.0,0.0,0.0,0.0,151.26,85.16,66.1,663.46,663.46,0.0,0.0,0.0,0.0,0.0,0.0,0.0,
335513,SEAGATE REHABILITATION AND NURSING CENTER,BROOKLYN,NY,Kings,47,2025Q3,20250908,350,7.0,7.0,0.0,54.5,54.5,0.0,56.17,56.17,0.0,0.0,0.0,0.0,179.73,102.27,77.46,745.62,745.62,0.0,0.0,0.0,0.0,0.0,0.0,0.0,
335513,SEAGATE REHABILITATION AND NURSING CENTER,BROOKLYN,NY,Kings,47,2025Q3,20250909,350,7.0,7.0,0.0,78.8,78.8,0.0,76.22,76.22,0.0,0.0,0.0,0.0,193.3,100.73,92.57,753.29,741.79,11.5,0.0,0.0,0.0,0.0,0.0,0.0,
335513,SEAGATE REHABILITATION AND NURSING CENTER,BROOKLYN,NY,Kings,47,2025Q3,20250910,347,7.0,7.0,0.0,61.4,61.4,0.0,77.67,77.67,0.0,0.0,0.0,0.0,203.79,99.15,104.64,737.78,732.03,5.75,0.0,0.0,0.0,0.0,0.0,0.0,
335513,SEAGATE REHABILITATION AND NURSING CENTER,BROOKLYN,NY,Kings,47,2025Q3,20250911,348,7.0,7.0,0.0,73.78,73.78,0.0,84.5,84.5,0.0,0.0,0.0,0.0,200.2,87.87,112.33,733.01,733.01,0.0,0.0,0.0,0.0,0.0,0.0,0.0,
335513,SEAGATE REHABILITATION AND NURSING CENTER,BROOKLYN,NY,Kings,47,2025Q3,20250912,346,7.0,7.0,0.0,62.72,62.72,0.0,74.5,74.5,0.0,0.0,0.0,0.0,158.24,78.04,80.2,735.62,730.37,5.25,0.0,0.0,0.0,0.0,0.0,0.0,
335513,SEAGATE REHABILITATION AND NURSING CENTER,BROOKLYN,NY,Kings,47,2025Q3,20250913,346,0.0,0.0,0.0,33.8,33.8,0.0,51.0,51.0,0.0,0.0,0.0,0.0,191.98,65.33,126.65,753.15,753.15,0.0,0.0,0.0,0.0,0.0,0.0,0.0,
335513,SEAGATE REHABILITATION AND NURSING CENTER,BROOKLYN,NY,Kings,47,2025Q3,20250914,347,0.0,0.0,0.0,42.32,42.32,0.0,56.0,56.0,0.0,0.0,0.0,0.0,189.26,94.16,95.1,770.14,770.14,0.0,0.0,0.0,0.0,0.0,0.0,0.0,
335513,SEAGATE REHABILITATION AND NURSING CENTER,BROOKLYN,NY,Kings,47,2025Q3,20250915,347,7.0,7.0,0.0,57.48,57.48,0.0,63.0,63.0,0.0,0.0,0.0,0.0,191.56,88.33,103.23,749.39,740.89,8.5,0.0,0.0,0.0,0.0,0.0,0.0,
335513,SEAGATE REHABILITATION AND NURSING CENTER,BROOKLYN,NY,Kings,47,2025Q3,20250916,349,7.0,7.0,0.0,82.65,82.65,0.0,73.85,73.85,0.0,0.0,0.0,0.0,178.55,81.55,97.0,764.93,759.68,5.25,0.0,0.0,0.0,0.0,0.0,0.0,
335513,SEAGATE REHABILITATION AND NURSING CENTER,BROOKLYN,NY,Kings,47,2025Q3,20250917,348,7.0,7.0,0.0,76.85,76.85,0.0,87.98,87.98,0.0,0.0,0.0,0.0,186.5,71.32,115.18,752.82,748.49,4.33,0.0,0.0,0.0,0.0,0.0,0.0,
335513,SEAGATE REHABILITATION AND NURSING CENTER,BROOKLYN,NY,Kings,47,2025Q3,20250918,344,7.0,7.0,0.0,67.5,67.5,0.0,96.67,96.67,0.0,0.0,0.0,0.0,211.39,102.61,108.78,761.35,761.35,0.0,0.0,0.0,0.0,0.0,0.0,0.0,
335513,SEAGATE REHABILITATION AND NURSING CENTER,BROOKLYN,NY,Kings,47,2025Q3,20250919,344,7.0,7.0,0.0,54.88,54.88,0.0,63.5,63.5,0.0,0.0,0.0,0.0,183.61,87.9,95.71,777.68,773.43,4.25,0.0,0.0,0.0,0.0,0.0,0.0,
335513,SEAGATE REHABILITATION AND NURSING CENTER,BROOKLYN,NY,Kings,47,2025Q3,20250920,345,0.0,0.0,0.0,35.5,35.5,0.0,85.17,85.17,0.0,0.0,0.0,0.0,162.87,66.21,96.66,698.09,698.09,0.0,0.0,0.0,0.0,0.0,0.0,0.0,
335513,SEAGATE REHABILITATION AND NURSING CENTER,BROOKLYN,NY,Kings,47,2025Q3,20250921,345,0.0,0.0,0.0,27.62,27.62,0.0,92.2,92.2,0.0,0.0,0.0,0.0,130.63,90.46,40.17,685.13,685.13,0.0,0.0,0.0,0.0,0.0,0.0,0.0,
335513,SEAGATE REHABILITATION AND NURSING CENTER,BROOKLYN,NY,Kings,47,2025Q3,20250922,344,7.0,7.0,0.0,45.5,45.5,0.0,95.77,95.77,0.0,0.0,0.0,0.0,168.56,106.68,61.88,791.66,782.66,9.0,0.0,0.0,0.0,0.0,0.0,0.0,
335513,SEAGATE REHABILITATION AND NURSING CENTER,BROOKLYN,NY,Kings,47,2025Q3,20250923,338,7.0,7.0,0.0,61.23,61.23,0.0,86.5,86.5,0.0,0.0,0.0,0.0,174.62,81.8,92.82,765.93,759.93,6.0,0.0,0.0,0.0,0.0,0.0,0.0,
335513,SEAGATE REHABILITATION AND NURSING CENTER,BROOKLYN,NY,Kings,47,2025Q3,20250924,337,7.0,7.0,0.0,66.81,66.81,0.0,93.5,93.5,0.0,0.0,0.0,0.0,186.13,88.65,97.48,783.6,779.6,4.0,0.0,0.0,0.0,0.0,0.0,0.0,
335513,SEAGATE REHABILITATION AND NURSING CENTER,BROOKLYN,NY,Kings,47,2025Q3,20250925,338,7.0,7.0,0.0,64.42,64.42,0.0,92.35,92.35,0.0,0.0,0.0,0.0,161.48,80.4,81.08,761.65,756.98,4.67,0.0,0.0,0.0,0.0,0.0,0.0,
335513,SEAGATE REHABILITATION AND NURSING CENTER,BROOKLYN,NY,Kings,47,2025Q3,20250926,337,7.0,7.0,0.0,65.88,65.88,0.0,90.52,90.52,0.0,0.0,0.0,0.0,138.77,92.37,46.4,751.58,751.58,0.0,0.0,0.0,0.0,0.0,0.0,0.0,
335513,SEAGATE REHABILITATION AND NURSING CENTER,BROOKLYN,NY,Kings,47,2025Q3,20250927,336,0.0,0.0,0.0,41.2,41.2,0.0,71.07,71.07,0.0,0.0,0.0,0.0,190.91,93.6,97.31,750.54,743.54,7.0,0.0,0.0,0.0,0.0,0.0,0.0,
335513,SEAGATE REHABILITATION AND NURSING CENTER,BROOKLYN,NY,Kings,47,2025Q3,20250928,336,0.0,0.0,0.0,35.4,35.4,0.0,49.0,49.0,0.0,0.0,0.0,0.0,169.15,89.45,79.7,696.98,696.98,0.0,0.0,0.0,0.0,0.0,0.0,0.0,
335513,SEAGATE REHABILITATION AND NURSING CENTER,BROOKLYN,NY,Kings,47,2025Q3,20250929,337,7.0,7.0,0.0,67.49,67.49,0.0,96.37,96.37,0.0,0.0,0.0,0.0,131.1,75.8,55.3,724.02,717.52,6.5,0.0,0.0,0.0,0.0,0.0,0.0,
335513,SEAGATE REHABILITATION AND NURSING CENTER,BROOKLYN,NY,Kings,47,2025Q3,20250930,342,7.0,7.0,0.0,57.48,57.48,0.0,106.5,106.5,0.0,0.0,0.0,0.0,152.47,96.32,56.15,758.82,749.24,9.58,0.0,0.0,0.0,0.0,0.0,0.0,
