entity_id,entity_name,ccn,report_period,period_type,metric_name,metric_value,source_file,ingested_at,chain_id
084E14484EC49A5E,EVANGELICAL LUTHERAN GOOD SAMARITAN SOCIETY,,2023-06,monthly,Average Registered Nurse turnover percentage,24.0,Affiliated Entity Performance 20230628.csv,2026-01-26T14:50:19.115904,214.0
084E14484EC49A5E,EVANGELICAL LUTHERAN GOOD SAMARITAN SOCIETY,,2023-06,monthly,Average amount of fines in dollars,33799.56,Affiliated Entity Performance 20230628.csv,2026-01-26T14:50:19.115904,214.0
084E14484EC49A5E,EVANGELICAL LUTHERAN GOOD SAMARITAN SOCIETY,,2023-06,monthly,Average health inspection rating,2.8,Affiliated Entity Performance 20230628.csv,2026-01-26T14:50:19.115904,214.0
084E14484EC49A5E,EVANGELICAL LUTHERAN GOOD SAMARITAN SOCIETY,,2023-06,monthly,Average number of administrators who have left the nursing home,0.3,Affiliated Entity Performance 20230628.csv,2026-01-26T14:50:19.115904,214.0
084E14484EC49A5E,EVANGELICAL LUTHERAN GOOD SAMARITAN SOCIETY,,2023-06,monthly,Average number of fines,5.3,Affiliated Entity Performance 20230628.csv,2026-01-26T14:50:19.115904,214.0
084E14484EC49A5E,EVANGELICAL LUTHERAN GOOD SAMARITAN SOCIETY,,2023-06,monthly,"Average number of hospitalizations per 1,000 long-stay resident days",1.27,Affiliated Entity Performance 20230628.csv,2026-01-26T14:50:19.115904,214.0
084E14484EC49A5E,EVANGELICAL LUTHERAN GOOD SAMARITAN SOCIETY,,2023-06,monthly,"Average number of outpatient emergency department visits per 1,000 long-stay resident days",1.04,Affiliated Entity Performance 20230628.csv,2026-01-26T14:50:19.115904,214.0
084E14484EC49A5E,EVANGELICAL LUTHERAN GOOD SAMARITAN SOCIETY,,2023-06,monthly,Average number of payment denials,0.0,Affiliated Entity Performance 20230628.csv,2026-01-26T14:50:19.115904,214.0
084E14484EC49A5E,EVANGELICAL LUTHERAN GOOD SAMARITAN SOCIETY,,2023-06,monthly,Average overall 5-star rating,4.0,Affiliated Entity Performance 20230628.csv,2026-01-26T14:50:19.115904,214.0
084E14484EC49A5E,EVANGELICAL LUTHERAN GOOD SAMARITAN SOCIETY,,2023-06,monthly,Average percentage of current residents up to date with COVID-19 vaccines,77.1,Affiliated Entity Performance 20230628.csv,2026-01-26T14:50:19.115904,214.0
084E14484EC49A5E,EVANGELICAL LUTHERAN GOOD SAMARITAN SOCIETY,,2023-06,monthly,Average percentage of healthcare personnel up to date with COVID-19 vaccines,17.8,Affiliated Entity Performance 20230628.csv,2026-01-26T14:50:19.115904,214.0
084E14484EC49A5E,EVANGELICAL LUTHERAN GOOD SAMARITAN SOCIETY,,2023-06,monthly,Average percentage of long-stay high-risk residents with pressure ulcers,5.5,Affiliated Entity Performance 20230628.csv,2026-01-26T14:50:19.115904,214.0
084E14484EC49A5E,EVANGELICAL LUTHERAN GOOD SAMARITAN SOCIETY,,2023-06,monthly,Average percentage of long-stay low-risk residents who lose control of their bowels or bladder,33.4,Affiliated Entity Performance 20230628.csv,2026-01-26T14:50:19.115904,214.0
084E14484EC49A5E,EVANGELICAL LUTHERAN GOOD SAMARITAN SOCIETY,,2023-06,monthly,Average percentage of long-stay residents experiencing one or more falls with major injury,2.2,Affiliated Entity Performance 20230628.csv,2026-01-26T14:50:19.115904,214.0
084E14484EC49A5E,EVANGELICAL LUTHERAN GOOD SAMARITAN SOCIETY,,2023-06,monthly,Average percentage of long-stay residents who have or had a catheter inserted and left in their bladder,0.7,Affiliated Entity Performance 20230628.csv,2026-01-26T14:50:19.115904,214.0
084E14484EC49A5E,EVANGELICAL LUTHERAN GOOD SAMARITAN SOCIETY,,2023-06,monthly,Average percentage of long-stay residents who have symptoms of depression,3.1,Affiliated Entity Performance 20230628.csv,2026-01-26T14:50:19.115904,214.0
084E14484EC49A5E,EVANGELICAL LUTHERAN GOOD SAMARITAN SOCIETY,,2023-06,monthly,Average percentage of long-stay residents who lose too much weight,2.4,Affiliated Entity Performance 20230628.csv,2026-01-26T14:50:19.115904,214.0
084E14484EC49A5E,EVANGELICAL LUTHERAN GOOD SAMARITAN SOCIETY,,2023-06,monthly,Average percentage of long-stay residents who received an antipsychotic medication,9.7,Affiliated Entity Performance 20230628.csv,2026-01-26T14:50:19.115904,214.0
084E14484EC49A5E,EVANGELICAL LUTHERAN GOOD SAMARITAN SOCIETY,,2023-06,monthly,Average percentage of long-stay residents who used antianxiety or hypnotic medication,13.9,Affiliated Entity Performance 20230628.csv,2026-01-26T14:50:19.115904,214.0
084E14484EC49A5E,EVANGELICAL LUTHERAN GOOD SAMARITAN SOCIETY,,2023-06,monthly,Average percentage of long-stay residents who were assessed and appropriately given the pneumococcal vaccine,99.6,Affiliated Entity Performance 20230628.csv,2026-01-26T14:50:19.115904,214.0
084E14484EC49A5E,EVANGELICAL LUTHERAN GOOD SAMARITAN SOCIETY,,2023-06,monthly,Average percentage of long-stay residents who were assessed and appropriately given the seasonal influenza vaccine,90.4,Affiliated Entity Performance 20230628.csv,2026-01-26T14:50:19.115904,214.0
084E14484EC49A5E,EVANGELICAL LUTHERAN GOOD SAMARITAN SOCIETY,,2023-06,monthly,Average percentage of long-stay residents who were physically restrained,0.0,Affiliated Entity Performance 20230628.csv,2026-01-26T14:50:19.115904,214.0
084E14484EC49A5E,EVANGELICAL LUTHERAN GOOD SAMARITAN SOCIETY,,2023-06,monthly,Average percentage of long-stay residents whose ability to move independently worsened,16.5,Affiliated Entity Performance 20230628.csv,2026-01-26T14:50:19.115904,214.0
084E14484EC49A5E,EVANGELICAL LUTHERAN GOOD SAMARITAN SOCIETY,,2023-06,monthly,Average percentage of long-stay residents whose need for help with activities of daily living has increased,12.0,Affiliated Entity Performance 20230628.csv,2026-01-26T14:50:19.115904,214.0
084E14484EC49A5E,EVANGELICAL LUTHERAN GOOD SAMARITAN SOCIETY,,2023-06,monthly,Average percentage of long-stay residents with a urinary tract infection,1.5,Affiliated Entity Performance 20230628.csv,2026-01-26T14:50:19.115904,214.0
084E14484EC49A5E,EVANGELICAL LUTHERAN GOOD SAMARITAN SOCIETY,,2023-06,monthly,Average percentage of short-stay residents who have had an outpatient emergency department visit,27.4,Affiliated Entity Performance 20230628.csv,2026-01-26T14:50:19.115904,214.0
084E14484EC49A5E,EVANGELICAL LUTHERAN GOOD SAMARITAN SOCIETY,,2023-06,monthly,Average percentage of short-stay residents who made improvements in function,73.3,Affiliated Entity Performance 20230628.csv,2026-01-26T14:50:19.115904,214.0
084E14484EC49A5E,EVANGELICAL LUTHERAN GOOD SAMARITAN SOCIETY,,2023-06,monthly,Average percentage of short-stay residents who newly received an antipsychotic medication,2.2,Affiliated Entity Performance 20230628.csv,2026-01-26T14:50:19.115904,214.0
084E14484EC49A5E,EVANGELICAL LUTHERAN GOOD SAMARITAN SOCIETY,,2023-06,monthly,Average percentage of short-stay residents who were assessed and appropriately given the pneumococcal vaccine,93.5,Affiliated Entity Performance 20230628.csv,2026-01-26T14:50:19.115904,214.0
084E14484EC49A5E,EVANGELICAL LUTHERAN GOOD SAMARITAN SOCIETY,,2023-06,monthly,Average percentage of short-stay residents who were assessed and appropriately given the seasonal influenza vaccine,80.5,Affiliated Entity Performance 20230628.csv,2026-01-26T14:50:19.115904,214.0
084E14484EC49A5E,EVANGELICAL LUTHERAN GOOD SAMARITAN SOCIETY,,2023-06,monthly,Average percentage of short-stay residents who were re-hospitalized after a nursing home admission,18.1,Affiliated Entity Performance 20230628.csv,2026-01-26T14:50:19.115904,214.0
084E14484EC49A5E,EVANGELICAL LUTHERAN GOOD SAMARITAN SOCIETY,,2023-06,monthly,Average percentage of short-stay residents with pressure ulcers or pressure injuries that are new or worsened,7.0,Affiliated Entity Performance 20230628.csv,2026-01-26T14:50:19.115904,214.0
084E14484EC49A5E,EVANGELICAL LUTHERAN GOOD SAMARITAN SOCIETY,,2023-06,monthly,Average quality rating,4.3,Affiliated Entity Performance 20230628.csv,2026-01-26T14:50:19.115904,214.0
084E14484EC49A5E,EVANGELICAL LUTHERAN GOOD SAMARITAN SOCIETY,,2023-06,monthly,Average rate of potentially preventable hospital readmissions 30 days after discharge from a SNF,7.3,Affiliated Entity Performance 20230628.csv,2026-01-26T14:50:19.115904,214.0
084E14484EC49A5E,EVANGELICAL LUTHERAN GOOD SAMARITAN SOCIETY,,2023-06,monthly,Average staffing rating,4.3,Affiliated Entity Performance 20230628.csv,2026-01-26T14:50:19.115904,214.0
084E14484EC49A5E,EVANGELICAL LUTHERAN GOOD SAMARITAN SOCIETY,,2023-06,monthly,Average total Registered Nurse hours per resident day,1.3,Affiliated Entity Performance 20230628.csv,2026-01-26T14:50:19.115904,214.0
084E14484EC49A5E,EVANGELICAL LUTHERAN GOOD SAMARITAN SOCIETY,,2023-06,monthly,Average total nurse hours per resident day,4.6,Affiliated Entity Performance 20230628.csv,2026-01-26T14:50:19.115904,214.0
084E14484EC49A5E,EVANGELICAL LUTHERAN GOOD SAMARITAN SOCIETY,,2023-06,monthly,Average total nursing staff turnover percentage,35.9,Affiliated Entity Performance 20230628.csv,2026-01-26T14:50:19.115904,214.0
084E14484EC49A5E,EVANGELICAL LUTHERAN GOOD SAMARITAN SOCIETY,,2023-06,monthly,Average total weekend nurse hours per resident day,3.7,Affiliated Entity Performance 20230628.csv,2026-01-26T14:50:19.115904,214.0
084E14484EC49A5E,EVANGELICAL LUTHERAN GOOD SAMARITAN SOCIETY,,2023-06,monthly,Number of SFF candidates,0.0,Affiliated Entity Performance 20230628.csv,2026-01-26T14:50:19.115904,214.0
084E14484EC49A5E,EVANGELICAL LUTHERAN GOOD SAMARITAN SOCIETY,,2023-06,monthly,Number of Special Focus Facilities (SFF),0.0,Affiliated Entity Performance 20230628.csv,2026-01-26T14:50:19.115904,214.0
084E14484EC49A5E,EVANGELICAL LUTHERAN GOOD SAMARITAN SOCIETY,,2023-06,monthly,Number of facilities,6.0,Affiliated Entity Performance 20230628.csv,2026-01-26T14:50:19.115904,214.0
084E14484EC49A5E,EVANGELICAL LUTHERAN GOOD SAMARITAN SOCIETY,,2023-06,monthly,Number of facilities with an abuse icon,0.0,Affiliated Entity Performance 20230628.csv,2026-01-26T14:50:19.115904,214.0
084E14484EC49A5E,EVANGELICAL LUTHERAN GOOD SAMARITAN SOCIETY,,2023-06,monthly,Number of states and territories with operations,1.0,Affiliated Entity Performance 20230628.csv,2026-01-26T14:50:19.115904,214.0
084E14484EC49A5E,EVANGELICAL LUTHERAN GOOD SAMARITAN SOCIETY,,2023-06,monthly,Percent of facilities classified as for-profit,16.7,Affiliated Entity Performance 20230628.csv,2026-01-26T14:50:19.115904,214.0
084E14484EC49A5E,EVANGELICAL LUTHERAN GOOD SAMARITAN SOCIETY,,2023-06,monthly,Percent of facilities classified as government-owned,0.0,Affiliated Entity Performance 20230628.csv,2026-01-26T14:50:19.115904,214.0
084E14484EC49A5E,EVANGELICAL LUTHERAN GOOD SAMARITAN SOCIETY,,2023-06,monthly,Percent of facilities classified as non-profit,83.3,Affiliated Entity Performance 20230628.csv,2026-01-26T14:50:19.115904,214.0
084E14484EC49A5E,EVANGELICAL LUTHERAN GOOD SAMARITAN SOCIETY,,2023-06,monthly,Percentage of facilities with an abuse icon,0.0,Affiliated Entity Performance 20230628.csv,2026-01-26T14:50:19.115904,214.0
084E14484EC49A5E,EVANGELICAL LUTHERAN GOOD SAMARITAN SOCIETY,,2023-06,monthly,Total amount of fines in dollars,202797.37,Affiliated Entity Performance 20230628.csv,2026-01-26T14:50:19.115904,214.0
084E14484EC49A5E,EVANGELICAL LUTHERAN GOOD SAMARITAN SOCIETY,,2023-06,monthly,Total number of fines,32.0,Affiliated Entity Performance 20230628.csv,2026-01-26T14:50:19.115904,214.0
084E14484EC49A5E,EVANGELICAL LUTHERAN GOOD SAMARITAN SOCIETY,,2023-06,monthly,Total number of payment denials,0.0,Affiliated Entity Performance 20230628.csv,2026-01-26T14:50:19.115904,214.0
084E14484EC49A5E,EVANGELICAL LUTHERAN GOOD SAMARITAN SOCIETY,,2023-07,monthly,Average Registered Nurse turnover percentage,46.9,Affiliated Entity Performance 20230719.csv,2026-01-26T14:50:19.734646,214.0
084E14484EC49A5E,EVANGELICAL LUTHERAN GOOD SAMARITAN SOCIETY,,2023-07,monthly,Average amount of fines in dollars,25794.24,Affiliated Entity Performance 20230719.csv,2026-01-26T14:50:19.734646,214.0
084E14484EC49A5E,EVANGELICAL LUTHERAN GOOD SAMARITAN SOCIETY,,2023-07,monthly,Average health inspection rating,2.7,Affiliated Entity Performance 20230719.csv,2026-01-26T14:50:19.734646,214.0
084E14484EC49A5E,EVANGELICAL LUTHERAN GOOD SAMARITAN SOCIETY,,2023-07,monthly,Average number of administrators who have left the nursing home,1.6,Affiliated Entity Performance 20230719.csv,2026-01-26T14:50:19.734646,214.0
084E14484EC49A5E,EVANGELICAL LUTHERAN GOOD SAMARITAN SOCIETY,,2023-07,monthly,Average number of fines,2.5,Affiliated Entity Performance 20230719.csv,2026-01-26T14:50:19.734646,214.0
084E14484EC49A5E,EVANGELICAL LUTHERAN GOOD SAMARITAN SOCIETY,,2023-07,monthly,"Average number of hospitalizations per 1,000 long-stay resident days",1.82,Affiliated Entity Performance 20230719.csv,2026-01-26T14:50:19.734646,214.0
084E14484EC49A5E,EVANGELICAL LUTHERAN GOOD SAMARITAN SOCIETY,,2023-07,monthly,"Average number of outpatient emergency department visits per 1,000 long-stay resident days",0.72,Affiliated Entity Performance 20230719.csv,2026-01-26T14:50:19.734646,214.0
084E14484EC49A5E,EVANGELICAL LUTHERAN GOOD SAMARITAN SOCIETY,,2023-07,monthly,Average number of payment denials,0.1,Affiliated Entity Performance 20230719.csv,2026-01-26T14:50:19.734646,214.0
084E14484EC49A5E,EVANGELICAL LUTHERAN GOOD SAMARITAN SOCIETY,,2023-07,monthly,Average overall 5-star rating,2.7,Affiliated Entity Performance 20230719.csv,2026-01-26T14:50:19.734646,214.0
084E14484EC49A5E,EVANGELICAL LUTHERAN GOOD SAMARITAN SOCIETY,,2023-07,monthly,Average percentage of current residents up to date with COVID-19 vaccines,58.8,Affiliated Entity Performance 20230719.csv,2026-01-26T14:50:19.734646,214.0
084E14484EC49A5E,EVANGELICAL LUTHERAN GOOD SAMARITAN SOCIETY,,2023-07,monthly,Average percentage of healthcare personnel up to date with COVID-19 vaccines,30.6,Affiliated Entity Performance 20230719.csv,2026-01-26T14:50:19.734646,214.0
084E14484EC49A5E,EVANGELICAL LUTHERAN GOOD SAMARITAN SOCIETY,,2023-07,monthly,Average percentage of long-stay high-risk residents with pressure ulcers,11.1,Affiliated Entity Performance 20230719.csv,2026-01-26T14:50:19.734646,214.0
084E14484EC49A5E,EVANGELICAL LUTHERAN GOOD SAMARITAN SOCIETY,,2023-07,monthly,Average percentage of long-stay low-risk residents who lose control of their bowels or bladder,42.7,Affiliated Entity Performance 20230719.csv,2026-01-26T14:50:19.734646,214.0
084E14484EC49A5E,EVANGELICAL LUTHERAN GOOD SAMARITAN SOCIETY,,2023-07,monthly,Average percentage of long-stay residents experiencing one or more falls with major injury,1.6,Affiliated Entity Performance 20230719.csv,2026-01-26T14:50:19.734646,214.0
084E14484EC49A5E,EVANGELICAL LUTHERAN GOOD SAMARITAN SOCIETY,,2023-07,monthly,Average percentage of long-stay residents who have or had a catheter inserted and left in their bladder,1.2,Affiliated Entity Performance 20230719.csv,2026-01-26T14:50:19.734646,214.0
084E14484EC49A5E,EVANGELICAL LUTHERAN GOOD SAMARITAN SOCIETY,,2023-07,monthly,Average percentage of long-stay residents who have symptoms of depression,24.1,Affiliated Entity Performance 20230719.csv,2026-01-26T14:50:19.734646,214.0
084E14484EC49A5E,EVANGELICAL LUTHERAN GOOD SAMARITAN SOCIETY,,2023-07,monthly,Average percentage of long-stay residents who lose too much weight,7.3,Affiliated Entity Performance 20230719.csv,2026-01-26T14:50:19.734646,214.0
084E14484EC49A5E,EVANGELICAL LUTHERAN GOOD SAMARITAN SOCIETY,,2023-07,monthly,Average percentage of long-stay residents who received an antipsychotic medication,8.6,Affiliated Entity Performance 20230719.csv,2026-01-26T14:50:19.734646,214.0
084E14484EC49A5E,EVANGELICAL LUTHERAN GOOD SAMARITAN SOCIETY,,2023-07,monthly,Average percentage of long-stay residents who used antianxiety or hypnotic medication,13.4,Affiliated Entity Performance 20230719.csv,2026-01-26T14:50:19.734646,214.0
084E14484EC49A5E,EVANGELICAL LUTHERAN GOOD SAMARITAN SOCIETY,,2023-07,monthly,Average percentage of long-stay residents who were assessed and appropriately given the pneumococcal vaccine,86.2,Affiliated Entity Performance 20230719.csv,2026-01-26T14:50:19.734646,214.0
084E14484EC49A5E,EVANGELICAL LUTHERAN GOOD SAMARITAN SOCIETY,,2023-07,monthly,Average percentage of long-stay residents who were assessed and appropriately given the seasonal influenza vaccine,91.7,Affiliated Entity Performance 20230719.csv,2026-01-26T14:50:19.734646,214.0
084E14484EC49A5E,EVANGELICAL LUTHERAN GOOD SAMARITAN SOCIETY,,2023-07,monthly,Average percentage of long-stay residents who were physically restrained,0.0,Affiliated Entity Performance 20230719.csv,2026-01-26T14:50:19.734646,214.0
084E14484EC49A5E,EVANGELICAL LUTHERAN GOOD SAMARITAN SOCIETY,,2023-07,monthly,Average percentage of long-stay residents whose ability to move independently worsened,12.3,Affiliated Entity Performance 20230719.csv,2026-01-26T14:50:19.734646,214.0
084E14484EC49A5E,EVANGELICAL LUTHERAN GOOD SAMARITAN SOCIETY,,2023-07,monthly,Average percentage of long-stay residents whose need for help with activities of daily living has increased,14.6,Affiliated Entity Performance 20230719.csv,2026-01-26T14:50:19.734646,214.0
084E14484EC49A5E,EVANGELICAL LUTHERAN GOOD SAMARITAN SOCIETY,,2023-07,monthly,Average percentage of long-stay residents with a urinary tract infection,1.7,Affiliated Entity Performance 20230719.csv,2026-01-26T14:50:19.734646,214.0
084E14484EC49A5E,EVANGELICAL LUTHERAN GOOD SAMARITAN SOCIETY,,2023-07,monthly,Average percentage of short-stay residents who have had an outpatient emergency department visit,8.8,Affiliated Entity Performance 20230719.csv,2026-01-26T14:50:19.734646,214.0
084E14484EC49A5E,EVANGELICAL LUTHERAN GOOD SAMARITAN SOCIETY,,2023-07,monthly,Average percentage of short-stay residents who made improvements in function,79.5,Affiliated Entity Performance 20230719.csv,2026-01-26T14:50:19.734646,214.0
084E14484EC49A5E,EVANGELICAL LUTHERAN GOOD SAMARITAN SOCIETY,,2023-07,monthly,Average percentage of short-stay residents who newly received an antipsychotic medication,1.2,Affiliated Entity Performance 20230719.csv,2026-01-26T14:50:19.734646,214.0
084E14484EC49A5E,EVANGELICAL LUTHERAN GOOD SAMARITAN SOCIETY,,2023-07,monthly,Average percentage of short-stay residents who were assessed and appropriately given the pneumococcal vaccine,66.8,Affiliated Entity Performance 20230719.csv,2026-01-26T14:50:19.734646,214.0
084E14484EC49A5E,EVANGELICAL LUTHERAN GOOD SAMARITAN SOCIETY,,2023-07,monthly,Average percentage of short-stay residents who were assessed and appropriately given the seasonal influenza vaccine,72.7,Affiliated Entity Performance 20230719.csv,2026-01-26T14:50:19.734646,214.0
084E14484EC49A5E,EVANGELICAL LUTHERAN GOOD SAMARITAN SOCIETY,,2023-07,monthly,Average percentage of short-stay residents who were re-hospitalized after a nursing home admission,21.9,Affiliated Entity Performance 20230719.csv,2026-01-26T14:50:19.734646,214.0
084E14484EC49A5E,EVANGELICAL LUTHERAN GOOD SAMARITAN SOCIETY,,2023-07,monthly,Average percentage of short-stay residents with pressure ulcers or pressure injuries that are new or worsened,2.3,Affiliated Entity Performance 20230719.csv,2026-01-26T14:50:19.734646,214.0
084E14484EC49A5E,EVANGELICAL LUTHERAN GOOD SAMARITAN SOCIETY,,2023-07,monthly,Average quality rating,4.1,Affiliated Entity Performance 20230719.csv,2026-01-26T14:50:19.734646,214.0
084E14484EC49A5E,EVANGELICAL LUTHERAN GOOD SAMARITAN SOCIETY,,2023-07,monthly,Average rate of potentially preventable hospital readmissions 30 days after discharge from a SNF,7.7,Affiliated Entity Performance 20230719.csv,2026-01-26T14:50:19.734646,214.0
084E14484EC49A5E,EVANGELICAL LUTHERAN GOOD SAMARITAN SOCIETY,,2023-07,monthly,Average staffing rating,2.1,Affiliated Entity Performance 20230719.csv,2026-01-26T14:50:19.734646,214.0
084E14484EC49A5E,EVANGELICAL LUTHERAN GOOD SAMARITAN SOCIETY,,2023-07,monthly,Average total Registered Nurse hours per resident day,0.6,Affiliated Entity Performance 20230719.csv,2026-01-26T14:50:19.734646,214.0
084E14484EC49A5E,EVANGELICAL LUTHERAN GOOD SAMARITAN SOCIETY,,2023-07,monthly,Average total nurse hours per resident day,3.3,Affiliated Entity Performance 20230719.csv,2026-01-26T14:50:19.734646,214.0
084E14484EC49A5E,EVANGELICAL LUTHERAN GOOD SAMARITAN SOCIETY,,2023-07,monthly,Average total nursing staff turnover percentage,40.7,Affiliated Entity Performance 20230719.csv,2026-01-26T14:50:19.734646,214.0
084E14484EC49A5E,EVANGELICAL LUTHERAN GOOD SAMARITAN SOCIETY,,2023-07,monthly,Average total weekend nurse hours per resident day,3.0,Affiliated Entity Performance 20230719.csv,2026-01-26T14:50:19.734646,214.0
084E14484EC49A5E,EVANGELICAL LUTHERAN GOOD SAMARITAN SOCIETY,,2023-07,monthly,Number of SFF candidates,0.0,Affiliated Entity Performance 20230719.csv,2026-01-26T14:50:19.734646,214.0
084E14484EC49A5E,EVANGELICAL LUTHERAN GOOD SAMARITAN SOCIETY,,2023-07,monthly,Number of Special Focus Facilities (SFF),0.0,Affiliated Entity Performance 20230719.csv,2026-01-26T14:50:19.734646,214.0
084E14484EC49A5E,EVANGELICAL LUTHERAN GOOD SAMARITAN SOCIETY,,2023-07,monthly,Number of facilities,19.0,Affiliated Entity Performance 20230719.csv,2026-01-26T14:50:19.734646,214.0
084E14484EC49A5E,EVANGELICAL LUTHERAN GOOD SAMARITAN SOCIETY,,2023-07,monthly,Number of facilities with an abuse icon,0.0,Affiliated Entity Performance 20230719.csv,2026-01-26T14:50:19.734646,214.0
084E14484EC49A5E,EVANGELICAL LUTHERAN GOOD SAMARITAN SOCIETY,,2023-07,monthly,Number of states and territories with operations,3.0,Affiliated Entity Performance 20230719.csv,2026-01-26T14:50:19.734646,214.0
084E14484EC49A5E,EVANGELICAL LUTHERAN GOOD SAMARITAN SOCIETY,,2023-07,monthly,Percent of facilities classified as for-profit,100.0,Affiliated Entity Performance 20230719.csv,2026-01-26T14:50:19.734646,214.0
084E14484EC49A5E,EVANGELICAL LUTHERAN GOOD SAMARITAN SOCIETY,,2023-07,monthly,Percent of facilities classified as government-owned,0.0,Affiliated Entity Performance 20230719.csv,2026-01-26T14:50:19.734646,214.0
084E14484EC49A5E,EVANGELICAL LUTHERAN GOOD SAMARITAN SOCIETY,,2023-07,monthly,Percent of facilities classified as non-profit,0.0,Affiliated Entity Performance 20230719.csv,2026-01-26T14:50:19.734646,214.0
084E14484EC49A5E,EVANGELICAL LUTHERAN GOOD SAMARITAN SOCIETY,,2023-07,monthly,Percentage of facilities with an abuse icon,0.0,Affiliated Entity Performance 20230719.csv,2026-01-26T14:50:19.734646,214.0
084E14484EC49A5E,EVANGELICAL LUTHERAN GOOD SAMARITAN SOCIETY,,2023-07,monthly,Total amount of fines in dollars,490090.56,Affiliated Entity Performance 20230719.csv,2026-01-26T14:50:19.734646,214.0
084E14484EC49A5E,EVANGELICAL LUTHERAN GOOD SAMARITAN SOCIETY,,2023-07,monthly,Total number of fines,48.0,Affiliated Entity Performance 20230719.csv,2026-01-26T14:50:19.734646,214.0
084E14484EC49A5E,EVANGELICAL LUTHERAN GOOD SAMARITAN SOCIETY,,2023-07,monthly,Total number of payment denials,1.0,Affiliated Entity Performance 20230719.csv,2026-01-26T14:50:19.734646,214.0
084E14484EC49A5E,EVANGELICAL LUTHERAN GOOD SAMARITAN SOCIETY,,2023-08,monthly,Average Registered Nurse turnover percentage,43.0,Affiliated Entity Performance 20230825.csv,2026-01-26T14:50:20.198275,214.0
084E14484EC49A5E,EVANGELICAL LUTHERAN GOOD SAMARITAN SOCIETY,,2023-08,monthly,Average amount of fines in dollars,20732.24,Affiliated Entity Performance 20230825.csv,2026-01-26T14:50:20.198275,214.0
084E14484EC49A5E,EVANGELICAL LUTHERAN GOOD SAMARITAN SOCIETY,,2023-08,monthly,Average health inspection rating,2.8,Affiliated Entity Performance 20230825.csv,2026-01-26T14:50:20.198275,214.0
084E14484EC49A5E,EVANGELICAL LUTHERAN GOOD SAMARITAN SOCIETY,,2023-08,monthly,Average number of administrators who have left the nursing home,0.4,Affiliated Entity Performance 20230825.csv,2026-01-26T14:50:20.198275,214.0
084E14484EC49A5E,EVANGELICAL LUTHERAN GOOD SAMARITAN SOCIETY,,2023-08,monthly,Average number of fines,1.2,Affiliated Entity Performance 20230825.csv,2026-01-26T14:50:20.198275,214.0
084E14484EC49A5E,EVANGELICAL LUTHERAN GOOD SAMARITAN SOCIETY,,2023-08,monthly,"Average number of hospitalizations per 1,000 long-stay resident days",1.5,Affiliated Entity Performance 20230825.csv,2026-01-26T14:50:20.198275,214.0
084E14484EC49A5E,EVANGELICAL LUTHERAN GOOD SAMARITAN SOCIETY,,2023-08,monthly,"Average number of outpatient emergency department visits per 1,000 long-stay resident days",1.11,Affiliated Entity Performance 20230825.csv,2026-01-26T14:50:20.198275,214.0
084E14484EC49A5E,EVANGELICAL LUTHERAN GOOD SAMARITAN SOCIETY,,2023-08,monthly,Average number of payment denials,0.1,Affiliated Entity Performance 20230825.csv,2026-01-26T14:50:20.198275,214.0
084E14484EC49A5E,EVANGELICAL LUTHERAN GOOD SAMARITAN SOCIETY,,2023-08,monthly,Average overall 5-star rating,3.0,Affiliated Entity Performance 20230825.csv,2026-01-26T14:50:20.198275,214.0
084E14484EC49A5E,EVANGELICAL LUTHERAN GOOD SAMARITAN SOCIETY,,2023-08,monthly,Average percentage of current residents up to date with COVID-19 vaccines,68.6,Affiliated Entity Performance 20230825.csv,2026-01-26T14:50:20.198275,214.0
084E14484EC49A5E,EVANGELICAL LUTHERAN GOOD SAMARITAN SOCIETY,,2023-08,monthly,Average percentage of healthcare personnel up to date with COVID-19 vaccines,23.4,Affiliated Entity Performance 20230825.csv,2026-01-26T14:50:20.198275,214.0
084E14484EC49A5E,EVANGELICAL LUTHERAN GOOD SAMARITAN SOCIETY,,2023-08,monthly,Average percentage of long-stay high-risk residents with pressure ulcers,6.6,Affiliated Entity Performance 20230825.csv,2026-01-26T14:50:20.198275,214.0
084E14484EC49A5E,EVANGELICAL LUTHERAN GOOD SAMARITAN SOCIETY,,2023-08,monthly,Average percentage of long-stay low-risk residents who lose control of their bowels or bladder,50.0,Affiliated Entity Performance 20230825.csv,2026-01-26T14:50:20.198275,214.0
084E14484EC49A5E,EVANGELICAL LUTHERAN GOOD SAMARITAN SOCIETY,,2023-08,monthly,Average percentage of long-stay residents experiencing one or more falls with major injury,4.6,Affiliated Entity Performance 20230825.csv,2026-01-26T14:50:20.198275,214.0
084E14484EC49A5E,EVANGELICAL LUTHERAN GOOD SAMARITAN SOCIETY,,2023-08,monthly,Average percentage of long-stay residents who have or had a catheter inserted and left in their bladder,2.2,Affiliated Entity Performance 20230825.csv,2026-01-26T14:50:20.198275,214.0
084E14484EC49A5E,EVANGELICAL LUTHERAN GOOD SAMARITAN SOCIETY,,2023-08,monthly,Average percentage of long-stay residents who have symptoms of depression,3.3,Affiliated Entity Performance 20230825.csv,2026-01-26T14:50:20.198275,214.0
084E14484EC49A5E,EVANGELICAL LUTHERAN GOOD SAMARITAN SOCIETY,,2023-08,monthly,Average percentage of long-stay residents who lose too much weight,5.7,Affiliated Entity Performance 20230825.csv,2026-01-26T14:50:20.198275,214.0
084E14484EC49A5E,EVANGELICAL LUTHERAN GOOD SAMARITAN SOCIETY,,2023-08,monthly,Average percentage of long-stay residents who received an antipsychotic medication,14.4,Affiliated Entity Performance 20230825.csv,2026-01-26T14:50:20.198275,214.0
084E14484EC49A5E,EVANGELICAL LUTHERAN GOOD SAMARITAN SOCIETY,,2023-08,monthly,Average percentage of long-stay residents who used antianxiety or hypnotic medication,15.2,Affiliated Entity Performance 20230825.csv,2026-01-26T14:50:20.198275,214.0
084E14484EC49A5E,EVANGELICAL LUTHERAN GOOD SAMARITAN SOCIETY,,2023-08,monthly,Average percentage of long-stay residents who were assessed and appropriately given the pneumococcal vaccine,94.7,Affiliated Entity Performance 20230825.csv,2026-01-26T14:50:20.198275,214.0
084E14484EC49A5E,EVANGELICAL LUTHERAN GOOD SAMARITAN SOCIETY,,2023-08,monthly,Average percentage of long-stay residents who were assessed and appropriately given the seasonal influenza vaccine,95.8,Affiliated Entity Performance 20230825.csv,2026-01-26T14:50:20.198275,214.0
084E14484EC49A5E,EVANGELICAL LUTHERAN GOOD SAMARITAN SOCIETY,,2023-08,monthly,Average percentage of long-stay residents who were physically restrained,0.0,Affiliated Entity Performance 20230825.csv,2026-01-26T14:50:20.198275,214.0
084E14484EC49A5E,EVANGELICAL LUTHERAN GOOD SAMARITAN SOCIETY,,2023-08,monthly,Average percentage of long-stay residents whose ability to move independently worsened,17.8,Affiliated Entity Performance 20230825.csv,2026-01-26T14:50:20.198275,214.0
084E14484EC49A5E,EVANGELICAL LUTHERAN GOOD SAMARITAN SOCIETY,,2023-08,monthly,Average percentage of long-stay residents whose need for help with activities of daily living has increased,16.6,Affiliated Entity Performance 20230825.csv,2026-01-26T14:50:20.198275,214.0
084E14484EC49A5E,EVANGELICAL LUTHERAN GOOD SAMARITAN SOCIETY,,2023-08,monthly,Average percentage of long-stay residents with a urinary tract infection,4.1,Affiliated Entity Performance 20230825.csv,2026-01-26T14:50:20.198275,214.0
084E14484EC49A5E,EVANGELICAL LUTHERAN GOOD SAMARITAN SOCIETY,,2023-08,monthly,Average percentage of short-stay residents who have had an outpatient emergency department visit,12.5,Affiliated Entity Performance 20230825.csv,2026-01-26T14:50:20.198275,214.0
084E14484EC49A5E,EVANGELICAL LUTHERAN GOOD SAMARITAN SOCIETY,,2023-08,monthly,Average percentage of short-stay residents who made improvements in function,79.2,Affiliated Entity Performance 20230825.csv,2026-01-26T14:50:20.198275,214.0
084E14484EC49A5E,EVANGELICAL LUTHERAN GOOD SAMARITAN SOCIETY,,2023-08,monthly,Average percentage of short-stay residents who newly received an antipsychotic medication,1.4,Affiliated Entity Performance 20230825.csv,2026-01-26T14:50:20.198275,214.0
084E14484EC49A5E,EVANGELICAL LUTHERAN GOOD SAMARITAN SOCIETY,,2023-08,monthly,Average percentage of short-stay residents who were assessed and appropriately given the pneumococcal vaccine,81.8,Affiliated Entity Performance 20230825.csv,2026-01-26T14:50:20.198275,214.0
084E14484EC49A5E,EVANGELICAL LUTHERAN GOOD SAMARITAN SOCIETY,,2023-08,monthly,Average percentage of short-stay residents who were assessed and appropriately given the seasonal influenza vaccine,69.9,Affiliated Entity Performance 20230825.csv,2026-01-26T14:50:20.198275,214.0
084E14484EC49A5E,EVANGELICAL LUTHERAN GOOD SAMARITAN SOCIETY,,2023-08,monthly,Average percentage of short-stay residents who were re-hospitalized after a nursing home admission,21.2,Affiliated Entity Performance 20230825.csv,2026-01-26T14:50:20.198275,214.0
084E14484EC49A5E,EVANGELICAL LUTHERAN GOOD SAMARITAN SOCIETY,,2023-08,monthly,Average percentage of short-stay residents with pressure ulcers or pressure injuries that are new or worsened,3.0,Affiliated Entity Performance 20230825.csv,2026-01-26T14:50:20.198275,214.0
084E14484EC49A5E,EVANGELICAL LUTHERAN GOOD SAMARITAN SOCIETY,,2023-08,monthly,Average quality rating,3.3,Affiliated Entity Performance 20230825.csv,2026-01-26T14:50:20.198275,214.0
084E14484EC49A5E,EVANGELICAL LUTHERAN GOOD SAMARITAN SOCIETY,,2023-08,monthly,Average rate of potentially preventable hospital readmissions 30 days after discharge from a SNF,7.7,Affiliated Entity Performance 20230825.csv,2026-01-26T14:50:20.198275,214.0
084E14484EC49A5E,EVANGELICAL LUTHERAN GOOD SAMARITAN SOCIETY,,2023-08,monthly,Average staffing rating,3.7,Affiliated Entity Performance 20230825.csv,2026-01-26T14:50:20.198275,214.0
084E14484EC49A5E,EVANGELICAL LUTHERAN GOOD SAMARITAN SOCIETY,,2023-08,monthly,Average total Registered Nurse hours per resident day,0.9,Affiliated Entity Performance 20230825.csv,2026-01-26T14:50:20.198275,214.0
084E14484EC49A5E,EVANGELICAL LUTHERAN GOOD SAMARITAN SOCIETY,,2023-08,monthly,Average total nurse hours per resident day,3.6,Affiliated Entity Performance 20230825.csv,2026-01-26T14:50:20.198275,214.0
084E14484EC49A5E,EVANGELICAL LUTHERAN GOOD SAMARITAN SOCIETY,,2023-08,monthly,Average total nursing staff turnover percentage,53.6,Affiliated Entity Performance 20230825.csv,2026-01-26T14:50:20.198275,214.0
084E14484EC49A5E,EVANGELICAL LUTHERAN GOOD SAMARITAN SOCIETY,,2023-08,monthly,Average total weekend nurse hours per resident day,3.1,Affiliated Entity Performance 20230825.csv,2026-01-26T14:50:20.198275,214.0
084E14484EC49A5E,EVANGELICAL LUTHERAN GOOD SAMARITAN SOCIETY,,2023-08,monthly,Number of SFF candidates,2.0,Affiliated Entity Performance 20230825.csv,2026-01-26T14:50:20.198275,214.0
084E14484EC49A5E,EVANGELICAL LUTHERAN GOOD SAMARITAN SOCIETY,,2023-08,monthly,Number of Special Focus Facilities (SFF),1.0,Affiliated Entity Performance 20230825.csv,2026-01-26T14:50:20.198275,214.0
084E14484EC49A5E,EVANGELICAL LUTHERAN GOOD SAMARITAN SOCIETY,,2023-08,monthly,Number of facilities,108.0,Affiliated Entity Performance 20230825.csv,2026-01-26T14:50:20.198275,214.0
084E14484EC49A5E,EVANGELICAL LUTHERAN GOOD SAMARITAN SOCIETY,,2023-08,monthly,Number of facilities with an abuse icon,5.0,Affiliated Entity Performance 20230825.csv,2026-01-26T14:50:20.198275,214.0
084E14484EC49A5E,EVANGELICAL LUTHERAN GOOD SAMARITAN SOCIETY,,2023-08,monthly,Number of states and territories with operations,20.0,Affiliated Entity Performance 20230825.csv,2026-01-26T14:50:20.198275,214.0
084E14484EC49A5E,EVANGELICAL LUTHERAN GOOD SAMARITAN SOCIETY,,2023-08,monthly,Percent of facilities classified as for-profit,5.6,Affiliated Entity Performance 20230825.csv,2026-01-26T14:50:20.198275,214.0
084E14484EC49A5E,EVANGELICAL LUTHERAN GOOD SAMARITAN SOCIETY,,2023-08,monthly,Percent of facilities classified as government-owned,0.0,Affiliated Entity Performance 20230825.csv,2026-01-26T14:50:20.198275,214.0
084E14484EC49A5E,EVANGELICAL LUTHERAN GOOD SAMARITAN SOCIETY,,2023-08,monthly,Percent of facilities classified as non-profit,94.4,Affiliated Entity Performance 20230825.csv,2026-01-26T14:50:20.198275,214.0
084E14484EC49A5E,EVANGELICAL LUTHERAN GOOD SAMARITAN SOCIETY,,2023-08,monthly,Percentage of facilities with an abuse icon,4.6,Affiliated Entity Performance 20230825.csv,2026-01-26T14:50:20.198275,214.0
084E14484EC49A5E,EVANGELICAL LUTHERAN GOOD SAMARITAN SOCIETY,,2023-08,monthly,Total amount of fines in dollars,2239082.11,Affiliated Entity Performance 20230825.csv,2026-01-26T14:50:20.198275,214.0
084E14484EC49A5E,EVANGELICAL LUTHERAN GOOD SAMARITAN SOCIETY,,2023-08,monthly,Total number of fines,126.0,Affiliated Entity Performance 20230825.csv,2026-01-26T14:50:20.198275,214.0
084E14484EC49A5E,EVANGELICAL LUTHERAN GOOD SAMARITAN SOCIETY,,2023-08,monthly,Total number of payment denials,14.0,Affiliated Entity Performance 20230825.csv,2026-01-26T14:50:20.198275,214.0
084E14484EC49A5E,EVANGELICAL LUTHERAN GOOD SAMARITAN SOCIETY,,2023-09,monthly,Average Registered Nurse turnover percentage,42.8,Affiliated Entity Performance 20230920.csv,2026-01-26T14:50:20.691433,214.0
084E14484EC49A5E,EVANGELICAL LUTHERAN GOOD SAMARITAN SOCIETY,,2023-09,monthly,Average amount of fines in dollars,20658.77,Affiliated Entity Performance 20230920.csv,2026-01-26T14:50:20.691433,214.0
084E14484EC49A5E,EVANGELICAL LUTHERAN GOOD SAMARITAN SOCIETY,,2023-09,monthly,Average health inspection rating,2.8,Affiliated Entity Performance 20230920.csv,2026-01-26T14:50:20.690731,214.0
084E14484EC49A5E,EVANGELICAL LUTHERAN GOOD SAMARITAN SOCIETY,,2023-09,monthly,Average number of administrators who have left the nursing home,0.4,Affiliated Entity Performance 20230920.csv,2026-01-26T14:50:20.691433,214.0
084E14484EC49A5E,EVANGELICAL LUTHERAN GOOD SAMARITAN SOCIETY,,2023-09,monthly,Average number of fines,1.2,Affiliated Entity Performance 20230920.csv,2026-01-26T14:50:20.691433,214.0
084E14484EC49A5E,EVANGELICAL LUTHERAN GOOD SAMARITAN SOCIETY,,2023-09,monthly,"Average number of hospitalizations per 1,000 long-stay resident days",1.51,Affiliated Entity Performance 20230920.csv,2026-01-26T14:50:20.691433,214.0
084E14484EC49A5E,EVANGELICAL LUTHERAN GOOD SAMARITAN SOCIETY,,2023-09,monthly,"Average number of outpatient emergency department visits per 1,000 long-stay resident days",1.11,Affiliated Entity Performance 20230920.csv,2026-01-26T14:50:20.691433,214.0
084E14484EC49A5E,EVANGELICAL LUTHERAN GOOD SAMARITAN SOCIETY,,2023-09,monthly,Average number of payment denials,0.1,Affiliated Entity Performance 20230920.csv,2026-01-26T14:50:20.691433,214.0
084E14484EC49A5E,EVANGELICAL LUTHERAN GOOD SAMARITAN SOCIETY,,2023-09,monthly,Average overall 5-star rating,3.0,Affiliated Entity Performance 20230920.csv,2026-01-26T14:50:20.690731,214.0
084E14484EC49A5E,EVANGELICAL LUTHERAN GOOD SAMARITAN SOCIETY,,2023-09,monthly,Average percentage of current residents up to date with COVID-19 vaccines,70.9,Affiliated Entity Performance 20230920.csv,2026-01-26T14:50:20.691433,214.0
084E14484EC49A5E,EVANGELICAL LUTHERAN GOOD SAMARITAN SOCIETY,,2023-09,monthly,Average percentage of healthcare personnel up to date with COVID-19 vaccines,22.9,Affiliated Entity Performance 20230920.csv,2026-01-26T14:50:20.691433,214.0
084E14484EC49A5E,EVANGELICAL LUTHERAN GOOD SAMARITAN SOCIETY,,2023-09,monthly,Average percentage of long-stay high-risk residents with pressure ulcers,6.5,Affiliated Entity Performance 20230920.csv,2026-01-26T14:50:20.691433,214.0
084E14484EC49A5E,EVANGELICAL LUTHERAN GOOD SAMARITAN SOCIETY,,2023-09,monthly,Average percentage of long-stay low-risk residents who lose control of their bowels or bladder,50.1,Affiliated Entity Performance 20230920.csv,2026-01-26T14:50:20.691433,214.0
084E14484EC49A5E,EVANGELICAL LUTHERAN GOOD SAMARITAN SOCIETY,,2023-09,monthly,Average percentage of long-stay residents experiencing one or more falls with major injury,4.6,Affiliated Entity Performance 20230920.csv,2026-01-26T14:50:20.691433,214.0
084E14484EC49A5E,EVANGELICAL LUTHERAN GOOD SAMARITAN SOCIETY,,2023-09,monthly,Average percentage of long-stay residents who have or had a catheter inserted and left in their bladder,2.2,Affiliated Entity Performance 20230920.csv,2026-01-26T14:50:20.691433,214.0
084E14484EC49A5E,EVANGELICAL LUTHERAN GOOD SAMARITAN SOCIETY,,2023-09,monthly,Average percentage of long-stay residents who have symptoms of depression,3.4,Affiliated Entity Performance 20230920.csv,2026-01-26T14:50:20.691433,214.0
084E14484EC49A5E,EVANGELICAL LUTHERAN GOOD SAMARITAN SOCIETY,,2023-09,monthly,Average percentage of long-stay residents who lose too much weight,5.7,Affiliated Entity Performance 20230920.csv,2026-01-26T14:50:20.691433,214.0
084E14484EC49A5E,EVANGELICAL LUTHERAN GOOD SAMARITAN SOCIETY,,2023-09,monthly,Average percentage of long-stay residents who received an antipsychotic medication,14.6,Affiliated Entity Performance 20230920.csv,2026-01-26T14:50:20.691433,214.0
084E14484EC49A5E,EVANGELICAL LUTHERAN GOOD SAMARITAN SOCIETY,,2023-09,monthly,Average percentage of long-stay residents who used antianxiety or hypnotic medication,15.1,Affiliated Entity Performance 20230920.csv,2026-01-26T14:50:20.691433,214.0
084E14484EC49A5E,EVANGELICAL LUTHERAN GOOD SAMARITAN SOCIETY,,2023-09,monthly,Average percentage of long-stay residents who were assessed and appropriately given the pneumococcal vaccine,95.0,Affiliated Entity Performance 20230920.csv,2026-01-26T14:50:20.691433,214.0
084E14484EC49A5E,EVANGELICAL LUTHERAN GOOD SAMARITAN SOCIETY,,2023-09,monthly,Average percentage of long-stay residents who were assessed and appropriately given the seasonal influenza vaccine,95.7,Affiliated Entity Performance 20230920.csv,2026-01-26T14:50:20.691433,214.0
084E14484EC49A5E,EVANGELICAL LUTHERAN GOOD SAMARITAN SOCIETY,,2023-09,monthly,Average percentage of long-stay residents who were physically restrained,0.0,Affiliated Entity Performance 20230920.csv,2026-01-26T14:50:20.691433,214.0
084E14484EC49A5E,EVANGELICAL LUTHERAN GOOD SAMARITAN SOCIETY,,2023-09,monthly,Average percentage of long-stay residents whose ability to move independently worsened,17.7,Affiliated Entity Performance 20230920.csv,2026-01-26T14:50:20.691433,214.0
084E14484EC49A5E,EVANGELICAL LUTHERAN GOOD SAMARITAN SOCIETY,,2023-09,monthly,Average percentage of long-stay residents whose need for help with activities of daily living has increased,16.5,Affiliated Entity Performance 20230920.csv,2026-01-26T14:50:20.691433,214.0
084E14484EC49A5E,EVANGELICAL LUTHERAN GOOD SAMARITAN SOCIETY,,2023-09,monthly,Average percentage of long-stay residents with a urinary tract infection,4.1,Affiliated Entity Performance 20230920.csv,2026-01-26T14:50:20.691433,214.0
084E14484EC49A5E,EVANGELICAL LUTHERAN GOOD SAMARITAN SOCIETY,,2023-09,monthly,Average percentage of short-stay residents who have had an outpatient emergency department visit,12.4,Affiliated Entity Performance 20230920.csv,2026-01-26T14:50:20.691433,214.0
084E14484EC49A5E,EVANGELICAL LUTHERAN GOOD SAMARITAN SOCIETY,,2023-09,monthly,Average percentage of short-stay residents who made improvements in function,79.2,Affiliated Entity Performance 20230920.csv,2026-01-26T14:50:20.691433,214.0
084E14484EC49A5E,EVANGELICAL LUTHERAN GOOD SAMARITAN SOCIETY,,2023-09,monthly,Average percentage of short-stay residents who newly received an antipsychotic medication,1.5,Affiliated Entity Performance 20230920.csv,2026-01-26T14:50:20.691433,214.0
084E14484EC49A5E,EVANGELICAL LUTHERAN GOOD SAMARITAN SOCIETY,,2023-09,monthly,Average percentage of short-stay residents who were assessed and appropriately given the pneumococcal vaccine,82.4,Affiliated Entity Performance 20230920.csv,2026-01-26T14:50:20.691433,214.0
084E14484EC49A5E,EVANGELICAL LUTHERAN GOOD SAMARITAN SOCIETY,,2023-09,monthly,Average percentage of short-stay residents who were assessed and appropriately given the seasonal influenza vaccine,69.6,Affiliated Entity Performance 20230920.csv,2026-01-26T14:50:20.691433,214.0
084E14484EC49A5E,EVANGELICAL LUTHERAN GOOD SAMARITAN SOCIETY,,2023-09,monthly,Average percentage of short-stay residents who were re-hospitalized after a nursing home admission,21.1,Affiliated Entity Performance 20230920.csv,2026-01-26T14:50:20.691433,214.0
084E14484EC49A5E,EVANGELICAL LUTHERAN GOOD SAMARITAN SOCIETY,,2023-09,monthly,Average percentage of short-stay residents with pressure ulcers or pressure injuries that are new or worsened,3.0,Affiliated Entity Performance 20230920.csv,2026-01-26T14:50:20.691433,214.0
084E14484EC49A5E,EVANGELICAL LUTHERAN GOOD SAMARITAN SOCIETY,,2023-09,monthly,Average quality rating,3.3,Affiliated Entity Performance 20230920.csv,2026-01-26T14:50:20.691433,214.0
084E14484EC49A5E,EVANGELICAL LUTHERAN GOOD SAMARITAN SOCIETY,,2023-09,monthly,Average rate of potentially preventable hospital readmissions 30 days after discharge from a SNF,7.7,Affiliated Entity Performance 20230920.csv,2026-01-26T14:50:20.691433,214.0
084E14484EC49A5E,EVANGELICAL LUTHERAN GOOD SAMARITAN SOCIETY,,2023-09,monthly,Average staffing rating,3.7,Affiliated Entity Performance 20230920.csv,2026-01-26T14:50:20.690731,214.0
084E14484EC49A5E,EVANGELICAL LUTHERAN GOOD SAMARITAN SOCIETY,,2023-09,monthly,Average total Registered Nurse hours per resident day,0.9,Affiliated Entity Performance 20230920.csv,2026-01-26T14:50:20.691433,214.0
084E14484EC49A5E,EVANGELICAL LUTHERAN GOOD SAMARITAN SOCIETY,,2023-09,monthly,Average total nurse hours per resident day,3.6,Affiliated Entity Performance 20230920.csv,2026-01-26T14:50:20.691433,214.0
084E14484EC49A5E,EVANGELICAL LUTHERAN GOOD SAMARITAN SOCIETY,,2023-09,monthly,Average total nursing staff turnover percentage,53.4,Affiliated Entity Performance 20230920.csv,2026-01-26T14:50:20.691433,214.0
084E14484EC49A5E,EVANGELICAL LUTHERAN GOOD SAMARITAN SOCIETY,,2023-09,monthly,Average total weekend nurse hours per resident day,3.1,Affiliated Entity Performance 20230920.csv,2026-01-26T14:50:20.691433,214.0
084E14484EC49A5E,EVANGELICAL LUTHERAN GOOD SAMARITAN SOCIETY,,2023-09,monthly,Number of SFF candidates,3.0,Affiliated Entity Performance 20230920.csv,2026-01-26T14:50:20.690731,214.0
084E14484EC49A5E,EVANGELICAL LUTHERAN GOOD SAMARITAN SOCIETY,,2023-09,monthly,Number of Special Focus Facilities (SFF),0.0,Affiliated Entity Performance 20230920.csv,2026-01-26T14:50:20.690731,214.0
084E14484EC49A5E,EVANGELICAL LUTHERAN GOOD SAMARITAN SOCIETY,,2023-09,monthly,Number of facilities,105.0,Affiliated Entity Performance 20230920.csv,2026-01-26T14:50:20.690731,214.0
084E14484EC49A5E,EVANGELICAL LUTHERAN GOOD SAMARITAN SOCIETY,,2023-09,monthly,Number of facilities with an abuse icon,7.0,Affiliated Entity Performance 20230920.csv,2026-01-26T14:50:20.690731,214.0
084E14484EC49A5E,EVANGELICAL LUTHERAN GOOD SAMARITAN SOCIETY,,2023-09,monthly,Number of states and territories with operations,20.0,Affiliated Entity Performance 20230920.csv,2026-01-26T14:50:20.690731,214.0
084E14484EC49A5E,EVANGELICAL LUTHERAN GOOD SAMARITAN SOCIETY,,2023-09,monthly,Percent of facilities classified as for-profit,5.7,Affiliated Entity Performance 20230920.csv,2026-01-26T14:50:20.690731,214.0
084E14484EC49A5E,EVANGELICAL LUTHERAN GOOD SAMARITAN SOCIETY,,2023-09,monthly,Percent of facilities classified as government-owned,0.0,Affiliated Entity Performance 20230920.csv,2026-01-26T14:50:20.690731,214.0
084E14484EC49A5E,EVANGELICAL LUTHERAN GOOD SAMARITAN SOCIETY,,2023-09,monthly,Percent of facilities classified as non-profit,94.3,Affiliated Entity Performance 20230920.csv,2026-01-26T14:50:20.690731,214.0
084E14484EC49A5E,EVANGELICAL LUTHERAN GOOD SAMARITAN SOCIETY,,2023-09,monthly,Percentage of facilities with an abuse icon,6.7,Affiliated Entity Performance 20230920.csv,2026-01-26T14:50:20.690731,214.0
084E14484EC49A5E,EVANGELICAL LUTHERAN GOOD SAMARITAN SOCIETY,,2023-09,monthly,Total amount of fines in dollars,2169170.49,Affiliated Entity Performance 20230920.csv,2026-01-26T14:50:20.691433,214.0
084E14484EC49A5E,EVANGELICAL LUTHERAN GOOD SAMARITAN SOCIETY,,2023-09,monthly,Total number of fines,124.0,Affiliated Entity Performance 20230920.csv,2026-01-26T14:50:20.691433,214.0
084E14484EC49A5E,EVANGELICAL LUTHERAN GOOD SAMARITAN SOCIETY,,2023-09,monthly,Total number of payment denials,15.0,Affiliated Entity Performance 20230920.csv,2026-01-26T14:50:20.691433,214.0
084E14484EC49A5E,EVANGELICAL LUTHERAN GOOD SAMARITAN SOCIETY,,2023-10,monthly,Average Registered Nurse turnover percentage,43.4,Affiliated Entity Performance 20231018.csv,2026-01-26T14:50:21.138154,214.0
084E14484EC49A5E,EVANGELICAL LUTHERAN GOOD SAMARITAN SOCIETY,,2023-10,monthly,Average amount of fines in dollars,20176.34,Affiliated Entity Performance 20231018.csv,2026-01-26T14:50:21.138154,214.0
084E14484EC49A5E,EVANGELICAL LUTHERAN GOOD SAMARITAN SOCIETY,,2023-10,monthly,Average health inspection rating,2.8,Affiliated Entity Performance 20231018.csv,2026-01-26T14:50:21.138154,214.0
084E14484EC49A5E,EVANGELICAL LUTHERAN GOOD SAMARITAN SOCIETY,,2023-10,monthly,Average number of administrators who have left the nursing home,0.5,Affiliated Entity Performance 20231018.csv,2026-01-26T14:50:21.138154,214.0
084E14484EC49A5E,EVANGELICAL LUTHERAN GOOD SAMARITAN SOCIETY,,2023-10,monthly,Average number of fines,1.2,Affiliated Entity Performance 20231018.csv,2026-01-26T14:50:21.138154,214.0
084E14484EC49A5E,EVANGELICAL LUTHERAN GOOD SAMARITAN SOCIETY,,2023-10,monthly,"Average number of hospitalizations per 1,000 long-stay resident days",1.6,Affiliated Entity Performance 20231018.csv,2026-01-26T14:50:21.138154,214.0
084E14484EC49A5E,EVANGELICAL LUTHERAN GOOD SAMARITAN SOCIETY,,2023-10,monthly,"Average number of outpatient emergency department visits per 1,000 long-stay resident days",1.12,Affiliated Entity Performance 20231018.csv,2026-01-26T14:50:21.138154,214.0
084E14484EC49A5E,EVANGELICAL LUTHERAN GOOD SAMARITAN SOCIETY,,2023-10,monthly,Average number of payment denials,0.1,Affiliated Entity Performance 20231018.csv,2026-01-26T14:50:21.138154,214.0
084E14484EC49A5E,EVANGELICAL LUTHERAN GOOD SAMARITAN SOCIETY,,2023-10,monthly,Average overall 5-star rating,2.9,Affiliated Entity Performance 20231018.csv,2026-01-26T14:50:21.138154,214.0
084E14484EC49A5E,EVANGELICAL LUTHERAN GOOD SAMARITAN SOCIETY,,2023-10,monthly,Average percentage of current residents up to date with COVID-19 vaccines,69.9,Affiliated Entity Performance 20231018.csv,2026-01-26T14:50:21.138154,214.0
084E14484EC49A5E,EVANGELICAL LUTHERAN GOOD SAMARITAN SOCIETY,,2023-10,monthly,Average percentage of healthcare personnel up to date with COVID-19 vaccines,21.1,Affiliated Entity Performance 20231018.csv,2026-01-26T14:50:21.138154,214.0
084E14484EC49A5E,EVANGELICAL LUTHERAN GOOD SAMARITAN SOCIETY,,2023-10,monthly,Average percentage of long-stay high-risk residents with pressure ulcers,6.5,Affiliated Entity Performance 20231018.csv,2026-01-26T14:50:21.138154,214.0
084E14484EC49A5E,EVANGELICAL LUTHERAN GOOD SAMARITAN SOCIETY,,2023-10,monthly,Average percentage of long-stay low-risk residents who lose control of their bowels or bladder,50.1,Affiliated Entity Performance 20231018.csv,2026-01-26T14:50:21.138154,214.0
084E14484EC49A5E,EVANGELICAL LUTHERAN GOOD SAMARITAN SOCIETY,,2023-10,monthly,Average percentage of long-stay residents experiencing one or more falls with major injury,4.3,Affiliated Entity Performance 20231018.csv,2026-01-26T14:50:21.138154,214.0
084E14484EC49A5E,EVANGELICAL LUTHERAN GOOD SAMARITAN SOCIETY,,2023-10,monthly,Average percentage of long-stay residents who have or had a catheter inserted and left in their bladder,2.2,Affiliated Entity Performance 20231018.csv,2026-01-26T14:50:21.138154,214.0
084E14484EC49A5E,EVANGELICAL LUTHERAN GOOD SAMARITAN SOCIETY,,2023-10,monthly,Average percentage of long-stay residents who have symptoms of depression,3.5,Affiliated Entity Performance 20231018.csv,2026-01-26T14:50:21.138154,214.0
084E14484EC49A5E,EVANGELICAL LUTHERAN GOOD SAMARITAN SOCIETY,,2023-10,monthly,Average percentage of long-stay residents who lose too much weight,5.7,Affiliated Entity Performance 20231018.csv,2026-01-26T14:50:21.138154,214.0
084E14484EC49A5E,EVANGELICAL LUTHERAN GOOD SAMARITAN SOCIETY,,2023-10,monthly,Average percentage of long-stay residents who received an antipsychotic medication,14.8,Affiliated Entity Performance 20231018.csv,2026-01-26T14:50:21.138154,214.0
084E14484EC49A5E,EVANGELICAL LUTHERAN GOOD SAMARITAN SOCIETY,,2023-10,monthly,Average percentage of long-stay residents who used antianxiety or hypnotic medication,15.2,Affiliated Entity Performance 20231018.csv,2026-01-26T14:50:21.138154,214.0
084E14484EC49A5E,EVANGELICAL LUTHERAN GOOD SAMARITAN SOCIETY,,2023-10,monthly,Average percentage of long-stay residents who were assessed and appropriately given the pneumococcal vaccine,94.8,Affiliated Entity Performance 20231018.csv,2026-01-26T14:50:21.138154,214.0
084E14484EC49A5E,EVANGELICAL LUTHERAN GOOD SAMARITAN SOCIETY,,2023-10,monthly,Average percentage of long-stay residents who were assessed and appropriately given the seasonal influenza vaccine,95.9,Affiliated Entity Performance 20231018.csv,2026-01-26T14:50:21.138154,214.0
084E14484EC49A5E,EVANGELICAL LUTHERAN GOOD SAMARITAN SOCIETY,,2023-10,monthly,Average percentage of long-stay residents who were physically restrained,0.1,Affiliated Entity Performance 20231018.csv,2026-01-26T14:50:21.138154,214.0
084E14484EC49A5E,EVANGELICAL LUTHERAN GOOD SAMARITAN SOCIETY,,2023-10,monthly,Average percentage of long-stay residents whose ability to move independently worsened,18.5,Affiliated Entity Performance 20231018.csv,2026-01-26T14:50:21.138154,214.0
084E14484EC49A5E,EVANGELICAL LUTHERAN GOOD SAMARITAN SOCIETY,,2023-10,monthly,Average percentage of long-stay residents whose need for help with activities of daily living has increased,16.8,Affiliated Entity Performance 20231018.csv,2026-01-26T14:50:21.138154,214.0
084E14484EC49A5E,EVANGELICAL LUTHERAN GOOD SAMARITAN SOCIETY,,2023-10,monthly,Average percentage of long-stay residents with a urinary tract infection,4.1,Affiliated Entity Performance 20231018.csv,2026-01-26T14:50:21.138154,214.0
084E14484EC49A5E,EVANGELICAL LUTHERAN GOOD SAMARITAN SOCIETY,,2023-10,monthly,Average percentage of short-stay residents who have had an outpatient emergency department visit,11.6,Affiliated Entity Performance 20231018.csv,2026-01-26T14:50:21.138154,214.0
084E14484EC49A5E,EVANGELICAL LUTHERAN GOOD SAMARITAN SOCIETY,,2023-10,monthly,Average percentage of short-stay residents who made improvements in function,78.3,Affiliated Entity Performance 20231018.csv,2026-01-26T14:50:21.138154,214.0
084E14484EC49A5E,EVANGELICAL LUTHERAN GOOD SAMARITAN SOCIETY,,2023-10,monthly,Average percentage of short-stay residents who newly received an antipsychotic medication,1.5,Affiliated Entity Performance 20231018.csv,2026-01-26T14:50:21.138154,214.0
084E14484EC49A5E,EVANGELICAL LUTHERAN GOOD SAMARITAN SOCIETY,,2023-10,monthly,Average percentage of short-stay residents who were assessed and appropriately given the pneumococcal vaccine,82.5,Affiliated Entity Performance 20231018.csv,2026-01-26T14:50:21.138154,214.0
084E14484EC49A5E,EVANGELICAL LUTHERAN GOOD SAMARITAN SOCIETY,,2023-10,monthly,Average percentage of short-stay residents who were assessed and appropriately given the seasonal influenza vaccine,69.9,Affiliated Entity Performance 20231018.csv,2026-01-26T14:50:21.138154,214.0
084E14484EC49A5E,EVANGELICAL LUTHERAN GOOD SAMARITAN SOCIETY,,2023-10,monthly,Average percentage of short-stay residents who were re-hospitalized after a nursing home admission,20.0,Affiliated Entity Performance 20231018.csv,2026-01-26T14:50:21.138154,214.0
084E14484EC49A5E,EVANGELICAL LUTHERAN GOOD SAMARITAN SOCIETY,,2023-10,monthly,Average percentage of short-stay residents with pressure ulcers or pressure injuries that are new or worsened,2.9,Affiliated Entity Performance 20231018.csv,2026-01-26T14:50:21.138154,214.0
084E14484EC49A5E,EVANGELICAL LUTHERAN GOOD SAMARITAN SOCIETY,,2023-10,monthly,Average quality rating,3.2,Affiliated Entity Performance 20231018.csv,2026-01-26T14:50:21.138154,214.0
084E14484EC49A5E,EVANGELICAL LUTHERAN GOOD SAMARITAN SOCIETY,,2023-10,monthly,Average rate of potentially preventable hospital readmissions 30 days after discharge from a SNF,9.8,Affiliated Entity Performance 20231018.csv,2026-01-26T14:50:21.138154,214.0
084E14484EC49A5E,EVANGELICAL LUTHERAN GOOD SAMARITAN SOCIETY,,2023-10,monthly,Average staffing rating,3.5,Affiliated Entity Performance 20231018.csv,2026-01-26T14:50:21.138154,214.0
084E14484EC49A5E,EVANGELICAL LUTHERAN GOOD SAMARITAN SOCIETY,,2023-10,monthly,Average total Registered Nurse hours per resident day,0.9,Affiliated Entity Performance 20231018.csv,2026-01-26T14:50:21.138154,214.0
084E14484EC49A5E,EVANGELICAL LUTHERAN GOOD SAMARITAN SOCIETY,,2023-10,monthly,Average total nurse hours per resident day,3.6,Affiliated Entity Performance 20231018.csv,2026-01-26T14:50:21.138154,214.0
084E14484EC49A5E,EVANGELICAL LUTHERAN GOOD SAMARITAN SOCIETY,,2023-10,monthly,Average total nursing staff turnover percentage,53.4,Affiliated Entity Performance 20231018.csv,2026-01-26T14:50:21.138154,214.0
084E14484EC49A5E,EVANGELICAL LUTHERAN GOOD SAMARITAN SOCIETY,,2023-10,monthly,Average total weekend nurse hours per resident day,3.0,Affiliated Entity Performance 20231018.csv,2026-01-26T14:50:21.138154,214.0
084E14484EC49A5E,EVANGELICAL LUTHERAN GOOD SAMARITAN SOCIETY,,2023-10,monthly,Number of SFF candidates,4.0,Affiliated Entity Performance 20231018.csv,2026-01-26T14:50:21.138154,214.0
084E14484EC49A5E,EVANGELICAL LUTHERAN GOOD SAMARITAN SOCIETY,,2023-10,monthly,Number of Special Focus Facilities (SFF),0.0,Affiliated Entity Performance 20231018.csv,2026-01-26T14:50:21.138154,214.0
084E14484EC49A5E,EVANGELICAL LUTHERAN GOOD SAMARITAN SOCIETY,,2023-10,monthly,Number of facilities,105.0,Affiliated Entity Performance 20231018.csv,2026-01-26T14:50:21.138154,214.0
084E14484EC49A5E,EVANGELICAL LUTHERAN GOOD SAMARITAN SOCIETY,,2023-10,monthly,Number of facilities with an abuse icon,6.0,Affiliated Entity Performance 20231018.csv,2026-01-26T14:50:21.138154,214.0
084E14484EC49A5E,EVANGELICAL LUTHERAN GOOD SAMARITAN SOCIETY,,2023-10,monthly,Number of states and territories with operations,18.0,Affiliated Entity Performance 20231018.csv,2026-01-26T14:50:21.138154,214.0
084E14484EC49A5E,EVANGELICAL LUTHERAN GOOD SAMARITAN SOCIETY,,2023-10,monthly,Percent of facilities classified as for-profit,4.8,Affiliated Entity Performance 20231018.csv,2026-01-26T14:50:21.138154,214.0
084E14484EC49A5E,EVANGELICAL LUTHERAN GOOD SAMARITAN SOCIETY,,2023-10,monthly,Percent of facilities classified as government-owned,0.0,Affiliated Entity Performance 20231018.csv,2026-01-26T14:50:21.138154,214.0
084E14484EC49A5E,EVANGELICAL LUTHERAN GOOD SAMARITAN SOCIETY,,2023-10,monthly,Percent of facilities classified as non-profit,95.2,Affiliated Entity Performance 20231018.csv,2026-01-26T14:50:21.138154,214.0
084E14484EC49A5E,EVANGELICAL LUTHERAN GOOD SAMARITAN SOCIETY,,2023-10,monthly,Percentage of facilities with an abuse icon,5.7,Affiliated Entity Performance 20231018.csv,2026-01-26T14:50:21.138154,214.0
084E14484EC49A5E,EVANGELICAL LUTHERAN GOOD SAMARITAN SOCIETY,,2023-10,monthly,Total amount of fines in dollars,2118515.79,Affiliated Entity Performance 20231018.csv,2026-01-26T14:50:21.138154,214.0
084E14484EC49A5E,EVANGELICAL LUTHERAN GOOD SAMARITAN SOCIETY,,2023-10,monthly,Total number of fines,122.0,Affiliated Entity Performance 20231018.csv,2026-01-26T14:50:21.138154,214.0
084E14484EC49A5E,EVANGELICAL LUTHERAN GOOD SAMARITAN SOCIETY,,2023-10,monthly,Total number of payment denials,15.0,Affiliated Entity Performance 20231018.csv,2026-01-26T14:50:21.138154,214.0
084E14484EC49A5E,EVANGELICAL LUTHERAN GOOD SAMARITAN SOCIETY,,2023-11,monthly,Average Registered Nurse turnover percentage,43.2,Affiliated Entity Performance 20231124.csv,2026-01-26T14:50:21.557449,214.0
084E14484EC49A5E,EVANGELICAL LUTHERAN GOOD SAMARITAN SOCIETY,,2023-11,monthly,Average amount of fines in dollars,19438.85,Affiliated Entity Performance 20231124.csv,2026-01-26T14:50:21.557449,214.0
084E14484EC49A5E,EVANGELICAL LUTHERAN GOOD SAMARITAN SOCIETY,,2023-11,monthly,Average health inspection rating,2.8,Affiliated Entity Performance 20231124.csv,2026-01-26T14:50:21.557449,214.0
084E14484EC49A5E,EVANGELICAL LUTHERAN GOOD SAMARITAN SOCIETY,,2023-11,monthly,Average number of administrators who have left the nursing home,0.5,Affiliated Entity Performance 20231124.csv,2026-01-26T14:50:21.557449,214.0
084E14484EC49A5E,EVANGELICAL LUTHERAN GOOD SAMARITAN SOCIETY,,2023-11,monthly,Average number of fines,1.1,Affiliated Entity Performance 20231124.csv,2026-01-26T14:50:21.557449,214.0
084E14484EC49A5E,EVANGELICAL LUTHERAN GOOD SAMARITAN SOCIETY,,2023-11,monthly,"Average number of hospitalizations per 1,000 long-stay resident days",1.6,Affiliated Entity Performance 20231124.csv,2026-01-26T14:50:21.557449,214.0
084E14484EC49A5E,EVANGELICAL LUTHERAN GOOD SAMARITAN SOCIETY,,2023-11,monthly,"Average number of outpatient emergency department visits per 1,000 long-stay resident days",1.11,Affiliated Entity Performance 20231124.csv,2026-01-26T14:50:21.557449,214.0
084E14484EC49A5E,EVANGELICAL LUTHERAN GOOD SAMARITAN SOCIETY,,2023-11,monthly,Average number of payment denials,0.1,Affiliated Entity Performance 20231124.csv,2026-01-26T14:50:21.557449,214.0
084E14484EC49A5E,EVANGELICAL LUTHERAN GOOD SAMARITAN SOCIETY,,2023-11,monthly,Average overall 5-star rating,2.9,Affiliated Entity Performance 20231124.csv,2026-01-26T14:50:21.557449,214.0
084E14484EC49A5E,EVANGELICAL LUTHERAN GOOD SAMARITAN SOCIETY,,2023-11,monthly,Average percentage of current residents up to date with COVID-19 vaccines,25.0,Affiliated Entity Performance 20231124.csv,2026-01-26T14:50:21.557449,214.0
084E14484EC49A5E,EVANGELICAL LUTHERAN GOOD SAMARITAN SOCIETY,,2023-11,monthly,Average percentage of healthcare personnel up to date with COVID-19 vaccines,4.2,Affiliated Entity Performance 20231124.csv,2026-01-26T14:50:21.557449,214.0
084E14484EC49A5E,EVANGELICAL LUTHERAN GOOD SAMARITAN SOCIETY,,2023-11,monthly,Average percentage of long-stay high-risk residents with pressure ulcers,6.5,Affiliated Entity Performance 20231124.csv,2026-01-26T14:50:21.557449,214.0
084E14484EC49A5E,EVANGELICAL LUTHERAN GOOD SAMARITAN SOCIETY,,2023-11,monthly,Average percentage of long-stay low-risk residents who lose control of their bowels or bladder,50.1,Affiliated Entity Performance 20231124.csv,2026-01-26T14:50:21.557449,214.0
084E14484EC49A5E,EVANGELICAL LUTHERAN GOOD SAMARITAN SOCIETY,,2023-11,monthly,Average percentage of long-stay residents experiencing one or more falls with major injury,4.4,Affiliated Entity Performance 20231124.csv,2026-01-26T14:50:21.557449,214.0
084E14484EC49A5E,EVANGELICAL LUTHERAN GOOD SAMARITAN SOCIETY,,2023-11,monthly,Average percentage of long-stay residents who have or had a catheter inserted and left in their bladder,2.2,Affiliated Entity Performance 20231124.csv,2026-01-26T14:50:21.557449,214.0
084E14484EC49A5E,EVANGELICAL LUTHERAN GOOD SAMARITAN SOCIETY,,2023-11,monthly,Average percentage of long-stay residents who have symptoms of depression,3.5,Affiliated Entity Performance 20231124.csv,2026-01-26T14:50:21.557449,214.0
084E14484EC49A5E,EVANGELICAL LUTHERAN GOOD SAMARITAN SOCIETY,,2023-11,monthly,Average percentage of long-stay residents who lose too much weight,5.6,Affiliated Entity Performance 20231124.csv,2026-01-26T14:50:21.557449,214.0
084E14484EC49A5E,EVANGELICAL LUTHERAN GOOD SAMARITAN SOCIETY,,2023-11,monthly,Average percentage of long-stay residents who received an antipsychotic medication,14.8,Affiliated Entity Performance 20231124.csv,2026-01-26T14:50:21.557449,214.0
084E14484EC49A5E,EVANGELICAL LUTHERAN GOOD SAMARITAN SOCIETY,,2023-11,monthly,Average percentage of long-stay residents who used antianxiety or hypnotic medication,15.2,Affiliated Entity Performance 20231124.csv,2026-01-26T14:50:21.557449,214.0
084E14484EC49A5E,EVANGELICAL LUTHERAN GOOD SAMARITAN SOCIETY,,2023-11,monthly,Average percentage of long-stay residents who were assessed and appropriately given the pneumococcal vaccine,94.8,Affiliated Entity Performance 20231124.csv,2026-01-26T14:50:21.557449,214.0
084E14484EC49A5E,EVANGELICAL LUTHERAN GOOD SAMARITAN SOCIETY,,2023-11,monthly,Average percentage of long-stay residents who were assessed and appropriately given the seasonal influenza vaccine,95.9,Affiliated Entity Performance 20231124.csv,2026-01-26T14:50:21.557449,214.0
084E14484EC49A5E,EVANGELICAL LUTHERAN GOOD SAMARITAN SOCIETY,,2023-11,monthly,Average percentage of long-stay residents who were physically restrained,0.1,Affiliated Entity Performance 20231124.csv,2026-01-26T14:50:21.557449,214.0
084E14484EC49A5E,EVANGELICAL LUTHERAN GOOD SAMARITAN SOCIETY,,2023-11,monthly,Average percentage of long-stay residents whose ability to move independently worsened,18.4,Affiliated Entity Performance 20231124.csv,2026-01-26T14:50:21.557449,214.0
084E14484EC49A5E,EVANGELICAL LUTHERAN GOOD SAMARITAN SOCIETY,,2023-11,monthly,Average percentage of long-stay residents whose need for help with activities of daily living has increased,16.7,Affiliated Entity Performance 20231124.csv,2026-01-26T14:50:21.557449,214.0
084E14484EC49A5E,EVANGELICAL LUTHERAN GOOD SAMARITAN SOCIETY,,2023-11,monthly,Average percentage of long-stay residents with a urinary tract infection,4.0,Affiliated Entity Performance 20231124.csv,2026-01-26T14:50:21.557449,214.0
084E14484EC49A5E,EVANGELICAL LUTHERAN GOOD SAMARITAN SOCIETY,,2023-11,monthly,Average percentage of short-stay residents who have had an outpatient emergency department visit,11.6,Affiliated Entity Performance 20231124.csv,2026-01-26T14:50:21.557449,214.0
084E14484EC49A5E,EVANGELICAL LUTHERAN GOOD SAMARITAN SOCIETY,,2023-11,monthly,Average percentage of short-stay residents who made improvements in function,78.1,Affiliated Entity Performance 20231124.csv,2026-01-26T14:50:21.557449,214.0
084E14484EC49A5E,EVANGELICAL LUTHERAN GOOD SAMARITAN SOCIETY,,2023-11,monthly,Average percentage of short-stay residents who newly received an antipsychotic medication,1.5,Affiliated Entity Performance 20231124.csv,2026-01-26T14:50:21.557449,214.0
084E14484EC49A5E,EVANGELICAL LUTHERAN GOOD SAMARITAN SOCIETY,,2023-11,monthly,Average percentage of short-stay residents who were assessed and appropriately given the pneumococcal vaccine,82.6,Affiliated Entity Performance 20231124.csv,2026-01-26T14:50:21.557449,214.0
084E14484EC49A5E,EVANGELICAL LUTHERAN GOOD SAMARITAN SOCIETY,,2023-11,monthly,Average percentage of short-stay residents who were assessed and appropriately given the seasonal influenza vaccine,69.9,Affiliated Entity Performance 20231124.csv,2026-01-26T14:50:21.557449,214.0
084E14484EC49A5E,EVANGELICAL LUTHERAN GOOD SAMARITAN SOCIETY,,2023-11,monthly,Average percentage of short-stay residents who were re-hospitalized after a nursing home admission,19.9,Affiliated Entity Performance 20231124.csv,2026-01-26T14:50:21.557449,214.0
084E14484EC49A5E,EVANGELICAL LUTHERAN GOOD SAMARITAN SOCIETY,,2023-11,monthly,Average percentage of short-stay residents with pressure ulcers or pressure injuries that are new or worsened,2.9,Affiliated Entity Performance 20231124.csv,2026-01-26T14:50:21.557449,214.0
084E14484EC49A5E,EVANGELICAL LUTHERAN GOOD SAMARITAN SOCIETY,,2023-11,monthly,Average quality rating,3.2,Affiliated Entity Performance 20231124.csv,2026-01-26T14:50:21.557449,214.0
084E14484EC49A5E,EVANGELICAL LUTHERAN GOOD SAMARITAN SOCIETY,,2023-11,monthly,Average rate of potentially preventable hospital readmissions 30 days after discharge from a SNF,9.8,Affiliated Entity Performance 20231124.csv,2026-01-26T14:50:21.557449,214.0
084E14484EC49A5E,EVANGELICAL LUTHERAN GOOD SAMARITAN SOCIETY,,2023-11,monthly,Average staffing rating,3.5,Affiliated Entity Performance 20231124.csv,2026-01-26T14:50:21.557449,214.0
084E14484EC49A5E,EVANGELICAL LUTHERAN GOOD SAMARITAN SOCIETY,,2023-11,monthly,Average total Registered Nurse hours per resident day,0.8,Affiliated Entity Performance 20231124.csv,2026-01-26T14:50:21.557449,214.0
084E14484EC49A5E,EVANGELICAL LUTHERAN GOOD SAMARITAN SOCIETY,,2023-11,monthly,Average total nurse hours per resident day,3.6,Affiliated Entity Performance 20231124.csv,2026-01-26T14:50:21.557449,214.0
084E14484EC49A5E,EVANGELICAL LUTHERAN GOOD SAMARITAN SOCIETY,,2023-11,monthly,Average total nursing staff turnover percentage,53.1,Affiliated Entity Performance 20231124.csv,2026-01-26T14:50:21.557449,214.0
084E14484EC49A5E,EVANGELICAL LUTHERAN GOOD SAMARITAN SOCIETY,,2023-11,monthly,Average total weekend nurse hours per resident day,3.0,Affiliated Entity Performance 20231124.csv,2026-01-26T14:50:21.557449,214.0
084E14484EC49A5E,EVANGELICAL LUTHERAN GOOD SAMARITAN SOCIETY,,2023-11,monthly,Number of SFF candidates,4.0,Affiliated Entity Performance 20231124.csv,2026-01-26T14:50:21.557449,214.0
084E14484EC49A5E,EVANGELICAL LUTHERAN GOOD SAMARITAN SOCIETY,,2023-11,monthly,Number of Special Focus Facilities (SFF),0.0,Affiliated Entity Performance 20231124.csv,2026-01-26T14:50:21.557449,214.0
084E14484EC49A5E,EVANGELICAL LUTHERAN GOOD SAMARITAN SOCIETY,,2023-11,monthly,Number of facilities,106.0,Affiliated Entity Performance 20231124.csv,2026-01-26T14:50:21.557449,214.0
084E14484EC49A5E,EVANGELICAL LUTHERAN GOOD SAMARITAN SOCIETY,,2023-11,monthly,Number of facilities with an abuse icon,6.0,Affiliated Entity Performance 20231124.csv,2026-01-26T14:50:21.557449,214.0
084E14484EC49A5E,EVANGELICAL LUTHERAN GOOD SAMARITAN SOCIETY,,2023-11,monthly,Number of states and territories with operations,18.0,Affiliated Entity Performance 20231124.csv,2026-01-26T14:50:21.557449,214.0
084E14484EC49A5E,EVANGELICAL LUTHERAN GOOD SAMARITAN SOCIETY,,2023-11,monthly,Percent of facilities classified as for-profit,4.7,Affiliated Entity Performance 20231124.csv,2026-01-26T14:50:21.557449,214.0
084E14484EC49A5E,EVANGELICAL LUTHERAN GOOD SAMARITAN SOCIETY,,2023-11,monthly,Percent of facilities classified as government-owned,0.0,Affiliated Entity Performance 20231124.csv,2026-01-26T14:50:21.557449,214.0
084E14484EC49A5E,EVANGELICAL LUTHERAN GOOD SAMARITAN SOCIETY,,2023-11,monthly,Percent of facilities classified as non-profit,95.3,Affiliated Entity Performance 20231124.csv,2026-01-26T14:50:21.557449,214.0
084E14484EC49A5E,EVANGELICAL LUTHERAN GOOD SAMARITAN SOCIETY,,2023-11,monthly,Percentage of facilities with an abuse icon,5.7,Affiliated Entity Performance 20231124.csv,2026-01-26T14:50:21.557449,214.0
084E14484EC49A5E,EVANGELICAL LUTHERAN GOOD SAMARITAN SOCIETY,,2023-11,monthly,Total amount of fines in dollars,2060518.54,Affiliated Entity Performance 20231124.csv,2026-01-26T14:50:21.557449,214.0
084E14484EC49A5E,EVANGELICAL LUTHERAN GOOD SAMARITAN SOCIETY,,2023-11,monthly,Total number of fines,120.0,Affiliated Entity Performance 20231124.csv,2026-01-26T14:50:21.557449,214.0
084E14484EC49A5E,EVANGELICAL LUTHERAN GOOD SAMARITAN SOCIETY,,2023-11,monthly,Total number of payment denials,14.0,Affiliated Entity Performance 20231124.csv,2026-01-26T14:50:21.557449,214.0
084E14484EC49A5E,EVANGELICAL LUTHERAN GOOD SAMARITAN SOCIETY,,2024-01,monthly,Average Registered Nurse turnover percentage,44.8,Affiliated Entity Performance 20240124.csv,2026-01-26T14:50:22.049652,214.0
084E14484EC49A5E,EVANGELICAL LUTHERAN GOOD SAMARITAN SOCIETY,,2024-01,monthly,Average amount of fines in dollars,22611.8,Affiliated Entity Performance 20240124.csv,2026-01-26T14:50:22.049652,214.0
084E14484EC49A5E,EVANGELICAL LUTHERAN GOOD SAMARITAN SOCIETY,,2024-01,monthly,Average health inspection rating,2.8,Affiliated Entity Performance 20240124.csv,2026-01-26T14:50:22.049652,214.0
084E14484EC49A5E,EVANGELICAL LUTHERAN GOOD SAMARITAN SOCIETY,,2024-01,monthly,Average number of administrators who have left the nursing home,0.5,Affiliated Entity Performance 20240124.csv,2026-01-26T14:50:22.049652,214.0
084E14484EC49A5E,EVANGELICAL LUTHERAN GOOD SAMARITAN SOCIETY,,2024-01,monthly,Average number of fines,1.1,Affiliated Entity Performance 20240124.csv,2026-01-26T14:50:22.049652,214.0
084E14484EC49A5E,EVANGELICAL LUTHERAN GOOD SAMARITAN SOCIETY,,2024-01,monthly,"Average number of hospitalizations per 1,000 long-stay resident days",1.58,Affiliated Entity Performance 20240124.csv,2026-01-26T14:50:22.049652,214.0
084E14484EC49A5E,EVANGELICAL LUTHERAN GOOD SAMARITAN SOCIETY,,2024-01,monthly,"Average number of outpatient emergency department visits per 1,000 long-stay resident days",1.13,Affiliated Entity Performance 20240124.csv,2026-01-26T14:50:22.049652,214.0
084E14484EC49A5E,EVANGELICAL LUTHERAN GOOD SAMARITAN SOCIETY,,2024-01,monthly,Average number of payment denials,0.1,Affiliated Entity Performance 20240124.csv,2026-01-26T14:50:22.049652,214.0
084E14484EC49A5E,EVANGELICAL LUTHERAN GOOD SAMARITAN SOCIETY,,2024-01,monthly,Average overall 5-star rating,2.9,Affiliated Entity Performance 20240124.csv,2026-01-26T14:50:22.049652,214.0
084E14484EC49A5E,EVANGELICAL LUTHERAN GOOD SAMARITAN SOCIETY,,2024-01,monthly,Average percentage of current residents up to date with COVID-19 vaccines,39.9,Affiliated Entity Performance 20240124.csv,2026-01-26T14:50:22.049652,214.0
084E14484EC49A5E,EVANGELICAL LUTHERAN GOOD SAMARITAN SOCIETY,,2024-01,monthly,Average percentage of healthcare personnel up to date with COVID-19 vaccines,5.7,Affiliated Entity Performance 20240124.csv,2026-01-26T14:50:22.049652,214.0
084E14484EC49A5E,EVANGELICAL LUTHERAN GOOD SAMARITAN SOCIETY,,2024-01,monthly,Average percentage of long-stay high-risk residents with pressure ulcers,6.3,Affiliated Entity Performance 20240124.csv,2026-01-26T14:50:22.049652,214.0
084E14484EC49A5E,EVANGELICAL LUTHERAN GOOD SAMARITAN SOCIETY,,2024-01,monthly,Average percentage of long-stay low-risk residents who lose control of their bowels or bladder,50.1,Affiliated Entity Performance 20240124.csv,2026-01-26T14:50:22.049652,214.0
084E14484EC49A5E,EVANGELICAL LUTHERAN GOOD SAMARITAN SOCIETY,,2024-01,monthly,Average percentage of long-stay residents experiencing one or more falls with major injury,4.0,Affiliated Entity Performance 20240124.csv,2026-01-26T14:50:22.049652,214.0
084E14484EC49A5E,EVANGELICAL LUTHERAN GOOD SAMARITAN SOCIETY,,2024-01,monthly,Average percentage of long-stay residents who have or had a catheter inserted and left in their bladder,2.0,Affiliated Entity Performance 20240124.csv,2026-01-26T14:50:22.049652,214.0
084E14484EC49A5E,EVANGELICAL LUTHERAN GOOD SAMARITAN SOCIETY,,2024-01,monthly,Average percentage of long-stay residents who have symptoms of depression,3.5,Affiliated Entity Performance 20240124.csv,2026-01-26T14:50:22.049652,214.0
084E14484EC49A5E,EVANGELICAL LUTHERAN GOOD SAMARITAN SOCIETY,,2024-01,monthly,Average percentage of long-stay residents who lose too much weight,5.7,Affiliated Entity Performance 20240124.csv,2026-01-26T14:50:22.049652,214.0
084E14484EC49A5E,EVANGELICAL LUTHERAN GOOD SAMARITAN SOCIETY,,2024-01,monthly,Average percentage of long-stay residents who received an antipsychotic medication,15.1,Affiliated Entity Performance 20240124.csv,2026-01-26T14:50:22.049652,214.0
084E14484EC49A5E,EVANGELICAL LUTHERAN GOOD SAMARITAN SOCIETY,,2024-01,monthly,Average percentage of long-stay residents who used antianxiety or hypnotic medication,15.2,Affiliated Entity Performance 20240124.csv,2026-01-26T14:50:22.049652,214.0
084E14484EC49A5E,EVANGELICAL LUTHERAN GOOD SAMARITAN SOCIETY,,2024-01,monthly,Average percentage of long-stay residents who were assessed and appropriately given the pneumococcal vaccine,94.7,Affiliated Entity Performance 20240124.csv,2026-01-26T14:50:22.049652,214.0
084E14484EC49A5E,EVANGELICAL LUTHERAN GOOD SAMARITAN SOCIETY,,2024-01,monthly,Average percentage of long-stay residents who were assessed and appropriately given the seasonal influenza vaccine,95.8,Affiliated Entity Performance 20240124.csv,2026-01-26T14:50:22.049652,214.0
084E14484EC49A5E,EVANGELICAL LUTHERAN GOOD SAMARITAN SOCIETY,,2024-01,monthly,Average percentage of long-stay residents who were physically restrained,0.1,Affiliated Entity Performance 20240124.csv,2026-01-26T14:50:22.049652,214.0
084E14484EC49A5E,EVANGELICAL LUTHERAN GOOD SAMARITAN SOCIETY,,2024-01,monthly,Average percentage of long-stay residents whose ability to move independently worsened,18.9,Affiliated Entity Performance 20240124.csv,2026-01-26T14:50:22.049652,214.0
084E14484EC49A5E,EVANGELICAL LUTHERAN GOOD SAMARITAN SOCIETY,,2024-01,monthly,Average percentage of long-stay residents whose need for help with activities of daily living has increased,16.5,Affiliated Entity Performance 20240124.csv,2026-01-26T14:50:22.049652,214.0
084E14484EC49A5E,EVANGELICAL LUTHERAN GOOD SAMARITAN SOCIETY,,2024-01,monthly,Average percentage of long-stay residents with a urinary tract infection,4.0,Affiliated Entity Performance 20240124.csv,2026-01-26T14:50:22.049652,214.0
084E14484EC49A5E,EVANGELICAL LUTHERAN GOOD SAMARITAN SOCIETY,,2024-01,monthly,Average percentage of short-stay residents who have had an outpatient emergency department visit,12.2,Affiliated Entity Performance 20240124.csv,2026-01-26T14:50:22.049652,214.0
084E14484EC49A5E,EVANGELICAL LUTHERAN GOOD SAMARITAN SOCIETY,,2024-01,monthly,Average percentage of short-stay residents who made improvements in function,77.9,Affiliated Entity Performance 20240124.csv,2026-01-26T14:50:22.049652,214.0
084E14484EC49A5E,EVANGELICAL LUTHERAN GOOD SAMARITAN SOCIETY,,2024-01,monthly,Average percentage of short-stay residents who newly received an antipsychotic medication,1.6,Affiliated Entity Performance 20240124.csv,2026-01-26T14:50:22.049652,214.0
084E14484EC49A5E,EVANGELICAL LUTHERAN GOOD SAMARITAN SOCIETY,,2024-01,monthly,Average percentage of short-stay residents who were assessed and appropriately given the pneumococcal vaccine,82.1,Affiliated Entity Performance 20240124.csv,2026-01-26T14:50:22.049652,214.0
084E14484EC49A5E,EVANGELICAL LUTHERAN GOOD SAMARITAN SOCIETY,,2024-01,monthly,Average percentage of short-stay residents who were assessed and appropriately given the seasonal influenza vaccine,69.5,Affiliated Entity Performance 20240124.csv,2026-01-26T14:50:22.049652,214.0
084E14484EC49A5E,EVANGELICAL LUTHERAN GOOD SAMARITAN SOCIETY,,2024-01,monthly,Average percentage of short-stay residents who were re-hospitalized after a nursing home admission,20.4,Affiliated Entity Performance 20240124.csv,2026-01-26T14:50:22.049652,214.0
084E14484EC49A5E,EVANGELICAL LUTHERAN GOOD SAMARITAN SOCIETY,,2024-01,monthly,Average percentage of short-stay residents with pressure ulcers or pressure injuries that are new or worsened,2.7,Affiliated Entity Performance 20240124.csv,2026-01-26T14:50:22.049652,214.0
084E14484EC49A5E,EVANGELICAL LUTHERAN GOOD SAMARITAN SOCIETY,,2024-01,monthly,Average quality rating,3.2,Affiliated Entity Performance 20240124.csv,2026-01-26T14:50:22.049652,214.0
084E14484EC49A5E,EVANGELICAL LUTHERAN GOOD SAMARITAN SOCIETY,,2024-01,monthly,Average rate of potentially preventable hospital readmissions 30 days after discharge from a SNF,9.8,Affiliated Entity Performance 20240124.csv,2026-01-26T14:50:22.049652,214.0
084E14484EC49A5E,EVANGELICAL LUTHERAN GOOD SAMARITAN SOCIETY,,2024-01,monthly,Average staffing rating,3.5,Affiliated Entity Performance 20240124.csv,2026-01-26T14:50:22.049652,214.0
084E14484EC49A5E,EVANGELICAL LUTHERAN GOOD SAMARITAN SOCIETY,,2024-01,monthly,Average total Registered Nurse hours per resident day,0.8,Affiliated Entity Performance 20240124.csv,2026-01-26T14:50:22.049652,214.0
084E14484EC49A5E,EVANGELICAL LUTHERAN GOOD SAMARITAN SOCIETY,,2024-01,monthly,Average total nurse hours per resident day,3.5,Affiliated Entity Performance 20240124.csv,2026-01-26T14:50:22.049652,214.0
084E14484EC49A5E,EVANGELICAL LUTHERAN GOOD SAMARITAN SOCIETY,,2024-01,monthly,Average total nursing staff turnover percentage,53.3,Affiliated Entity Performance 20240124.csv,2026-01-26T14:50:22.049652,214.0
084E14484EC49A5E,EVANGELICAL LUTHERAN GOOD SAMARITAN SOCIETY,,2024-01,monthly,Average total weekend nurse hours per resident day,3.0,Affiliated Entity Performance 20240124.csv,2026-01-26T14:50:22.049652,214.0
084E14484EC49A5E,EVANGELICAL LUTHERAN GOOD SAMARITAN SOCIETY,,2024-01,monthly,Number of SFF candidates,3.0,Affiliated Entity Performance 20240124.csv,2026-01-26T14:50:22.049652,214.0
084E14484EC49A5E,EVANGELICAL LUTHERAN GOOD SAMARITAN SOCIETY,,2024-01,monthly,Number of Special Focus Facilities (SFF),0.0,Affiliated Entity Performance 20240124.csv,2026-01-26T14:50:22.049652,214.0
084E14484EC49A5E,EVANGELICAL LUTHERAN GOOD SAMARITAN SOCIETY,,2024-01,monthly,Number of facilities,105.0,Affiliated Entity Performance 20240124.csv,2026-01-26T14:50:22.049652,214.0
084E14484EC49A5E,EVANGELICAL LUTHERAN GOOD SAMARITAN SOCIETY,,2024-01,monthly,Number of facilities with an abuse icon,5.0,Affiliated Entity Performance 20240124.csv,2026-01-26T14:50:22.049652,214.0
084E14484EC49A5E,EVANGELICAL LUTHERAN GOOD SAMARITAN SOCIETY,,2024-01,monthly,Number of states and territories with operations,18.0,Affiliated Entity Performance 20240124.csv,2026-01-26T14:50:22.049652,214.0
084E14484EC49A5E,EVANGELICAL LUTHERAN GOOD SAMARITAN SOCIETY,,2024-01,monthly,Percent of facilities classified as for-profit,4.8,Affiliated Entity Performance 20240124.csv,2026-01-26T14:50:22.049652,214.0
084E14484EC49A5E,EVANGELICAL LUTHERAN GOOD SAMARITAN SOCIETY,,2024-01,monthly,Percent of facilities classified as government-owned,0.0,Affiliated Entity Performance 20240124.csv,2026-01-26T14:50:22.049652,214.0
084E14484EC49A5E,EVANGELICAL LUTHERAN GOOD SAMARITAN SOCIETY,,2024-01,monthly,Percent of facilities classified as non-profit,95.2,Affiliated Entity Performance 20240124.csv,2026-01-26T14:50:22.049652,214.0
084E14484EC49A5E,EVANGELICAL LUTHERAN GOOD SAMARITAN SOCIETY,,2024-01,monthly,Percentage of facilities with an abuse icon,4.8,Affiliated Entity Performance 20240124.csv,2026-01-26T14:50:22.049652,214.0
084E14484EC49A5E,EVANGELICAL LUTHERAN GOOD SAMARITAN SOCIETY,,2024-01,monthly,Total amount of fines in dollars,2374238.79,Affiliated Entity Performance 20240124.csv,2026-01-26T14:50:22.049652,214.0
084E14484EC49A5E,EVANGELICAL LUTHERAN GOOD SAMARITAN SOCIETY,,2024-01,monthly,Total number of fines,113.0,Affiliated Entity Performance 20240124.csv,2026-01-26T14:50:22.049652,214.0
084E14484EC49A5E,EVANGELICAL LUTHERAN GOOD SAMARITAN SOCIETY,,2024-01,monthly,Total number of payment denials,13.0,Affiliated Entity Performance 20240124.csv,2026-01-26T14:50:22.049652,214.0
084E14484EC49A5E,EVANGELICAL LUTHERAN GOOD SAMARITAN SOCIETY,,2024-02,monthly,Average Registered Nurse turnover percentage,44.8,Affiliated Entity Performance 20240222.csv,2026-01-26T14:50:22.549247,214.0
084E14484EC49A5E,EVANGELICAL LUTHERAN GOOD SAMARITAN SOCIETY,,2024-02,monthly,Average amount of fines in dollars,21985.76,Affiliated Entity Performance 20240222.csv,2026-01-26T14:50:22.549247,214.0
084E14484EC49A5E,EVANGELICAL LUTHERAN GOOD SAMARITAN SOCIETY,,2024-02,monthly,Average health inspection rating,2.8,Affiliated Entity Performance 20240222.csv,2026-01-26T14:50:22.549247,214.0
084E14484EC49A5E,EVANGELICAL LUTHERAN GOOD SAMARITAN SOCIETY,,2024-02,monthly,Average number of administrators who have left the nursing home,0.5,Affiliated Entity Performance 20240222.csv,2026-01-26T14:50:22.549247,214.0
084E14484EC49A5E,EVANGELICAL LUTHERAN GOOD SAMARITAN SOCIETY,,2024-02,monthly,Average number of fines,1.1,Affiliated Entity Performance 20240222.csv,2026-01-26T14:50:22.549247,214.0
084E14484EC49A5E,EVANGELICAL LUTHERAN GOOD SAMARITAN SOCIETY,,2024-02,monthly,"Average number of hospitalizations per 1,000 long-stay resident days",1.57,Affiliated Entity Performance 20240222.csv,2026-01-26T14:50:22.549247,214.0
084E14484EC49A5E,EVANGELICAL LUTHERAN GOOD SAMARITAN SOCIETY,,2024-02,monthly,"Average number of outpatient emergency department visits per 1,000 long-stay resident days",1.13,Affiliated Entity Performance 20240222.csv,2026-01-26T14:50:22.549247,214.0
084E14484EC49A5E,EVANGELICAL LUTHERAN GOOD SAMARITAN SOCIETY,,2024-02,monthly,Average number of payment denials,0.1,Affiliated Entity Performance 20240222.csv,2026-01-26T14:50:22.549247,214.0
084E14484EC49A5E,EVANGELICAL LUTHERAN GOOD SAMARITAN SOCIETY,,2024-02,monthly,Average overall 5-star rating,2.9,Affiliated Entity Performance 20240222.csv,2026-01-26T14:50:22.549247,214.0
084E14484EC49A5E,EVANGELICAL LUTHERAN GOOD SAMARITAN SOCIETY,,2024-02,monthly,Average percentage of current residents up to date with COVID-19 vaccines,55.5,Affiliated Entity Performance 20240222.csv,2026-01-26T14:50:22.549247,214.0
084E14484EC49A5E,EVANGELICAL LUTHERAN GOOD SAMARITAN SOCIETY,,2024-02,monthly,Average percentage of healthcare personnel up to date with COVID-19 vaccines,7.6,Affiliated Entity Performance 20240222.csv,2026-01-26T14:50:22.549247,214.0
084E14484EC49A5E,EVANGELICAL LUTHERAN GOOD SAMARITAN SOCIETY,,2024-02,monthly,Average percentage of long-stay high-risk residents with pressure ulcers,6.4,Affiliated Entity Performance 20240222.csv,2026-01-26T14:50:22.549247,214.0
084E14484EC49A5E,EVANGELICAL LUTHERAN GOOD SAMARITAN SOCIETY,,2024-02,monthly,Average percentage of long-stay low-risk residents who lose control of their bowels or bladder,49.6,Affiliated Entity Performance 20240222.csv,2026-01-26T14:50:22.549247,214.0
084E14484EC49A5E,EVANGELICAL LUTHERAN GOOD SAMARITAN SOCIETY,,2024-02,monthly,Average percentage of long-stay residents experiencing one or more falls with major injury,4.0,Affiliated Entity Performance 20240222.csv,2026-01-26T14:50:22.549247,214.0
084E14484EC49A5E,EVANGELICAL LUTHERAN GOOD SAMARITAN SOCIETY,,2024-02,monthly,Average percentage of long-stay residents who have or had a catheter inserted and left in their bladder,2.0,Affiliated Entity Performance 20240222.csv,2026-01-26T14:50:22.549247,214.0
084E14484EC49A5E,EVANGELICAL LUTHERAN GOOD SAMARITAN SOCIETY,,2024-02,monthly,Average percentage of long-stay residents who have symptoms of depression,3.6,Affiliated Entity Performance 20240222.csv,2026-01-26T14:50:22.549247,214.0
084E14484EC49A5E,EVANGELICAL LUTHERAN GOOD SAMARITAN SOCIETY,,2024-02,monthly,Average percentage of long-stay residents who lose too much weight,5.8,Affiliated Entity Performance 20240222.csv,2026-01-26T14:50:22.549247,214.0
084E14484EC49A5E,EVANGELICAL LUTHERAN GOOD SAMARITAN SOCIETY,,2024-02,monthly,Average percentage of long-stay residents who received an antipsychotic medication,14.8,Affiliated Entity Performance 20240222.csv,2026-01-26T14:50:22.549247,214.0
084E14484EC49A5E,EVANGELICAL LUTHERAN GOOD SAMARITAN SOCIETY,,2024-02,monthly,Average percentage of long-stay residents who used antianxiety or hypnotic medication,15.2,Affiliated Entity Performance 20240222.csv,2026-01-26T14:50:22.549247,214.0
084E14484EC49A5E,EVANGELICAL LUTHERAN GOOD SAMARITAN SOCIETY,,2024-02,monthly,Average percentage of long-stay residents who were assessed and appropriately given the pneumococcal vaccine,94.8,Affiliated Entity Performance 20240222.csv,2026-01-26T14:50:22.549247,214.0
084E14484EC49A5E,EVANGELICAL LUTHERAN GOOD SAMARITAN SOCIETY,,2024-02,monthly,Average percentage of long-stay residents who were assessed and appropriately given the seasonal influenza vaccine,95.7,Affiliated Entity Performance 20240222.csv,2026-01-26T14:50:22.549247,214.0
084E14484EC49A5E,EVANGELICAL LUTHERAN GOOD SAMARITAN SOCIETY,,2024-02,monthly,Average percentage of long-stay residents who were physically restrained,0.1,Affiliated Entity Performance 20240222.csv,2026-01-26T14:50:22.549247,214.0
084E14484EC49A5E,EVANGELICAL LUTHERAN GOOD SAMARITAN SOCIETY,,2024-02,monthly,Average percentage of long-stay residents whose ability to move independently worsened,19.2,Affiliated Entity Performance 20240222.csv,2026-01-26T14:50:22.549247,214.0
084E14484EC49A5E,EVANGELICAL LUTHERAN GOOD SAMARITAN SOCIETY,,2024-02,monthly,Average percentage of long-stay residents whose need for help with activities of daily living has increased,16.5,Affiliated Entity Performance 20240222.csv,2026-01-26T14:50:22.549247,214.0
084E14484EC49A5E,EVANGELICAL LUTHERAN GOOD SAMARITAN SOCIETY,,2024-02,monthly,Average percentage of long-stay residents with a urinary tract infection,4.0,Affiliated Entity Performance 20240222.csv,2026-01-26T14:50:22.549247,214.0
084E14484EC49A5E,EVANGELICAL LUTHERAN GOOD SAMARITAN SOCIETY,,2024-02,monthly,Average percentage of short-stay residents who have had an outpatient emergency department visit,12.3,Affiliated Entity Performance 20240222.csv,2026-01-26T14:50:22.549247,214.0
084E14484EC49A5E,EVANGELICAL LUTHERAN GOOD SAMARITAN SOCIETY,,2024-02,monthly,Average percentage of short-stay residents who made improvements in function,78.1,Affiliated Entity Performance 20240222.csv,2026-01-26T14:50:22.549247,214.0
084E14484EC49A5E,EVANGELICAL LUTHERAN GOOD SAMARITAN SOCIETY,,2024-02,monthly,Average percentage of short-stay residents who newly received an antipsychotic medication,1.6,Affiliated Entity Performance 20240222.csv,2026-01-26T14:50:22.549247,214.0
084E14484EC49A5E,EVANGELICAL LUTHERAN GOOD SAMARITAN SOCIETY,,2024-02,monthly,Average percentage of short-stay residents who were assessed and appropriately given the pneumococcal vaccine,82.2,Affiliated Entity Performance 20240222.csv,2026-01-26T14:50:22.549247,214.0
084E14484EC49A5E,EVANGELICAL LUTHERAN GOOD SAMARITAN SOCIETY,,2024-02,monthly,Average percentage of short-stay residents who were assessed and appropriately given the seasonal influenza vaccine,69.6,Affiliated Entity Performance 20240222.csv,2026-01-26T14:50:22.549247,214.0
084E14484EC49A5E,EVANGELICAL LUTHERAN GOOD SAMARITAN SOCIETY,,2024-02,monthly,Average percentage of short-stay residents who were re-hospitalized after a nursing home admission,20.5,Affiliated Entity Performance 20240222.csv,2026-01-26T14:50:22.549247,214.0
084E14484EC49A5E,EVANGELICAL LUTHERAN GOOD SAMARITAN SOCIETY,,2024-02,monthly,Average percentage of short-stay residents with pressure ulcers or pressure injuries that are new or worsened,2.7,Affiliated Entity Performance 20240222.csv,2026-01-26T14:50:22.549247,214.0
084E14484EC49A5E,EVANGELICAL LUTHERAN GOOD SAMARITAN SOCIETY,,2024-02,monthly,Average quality rating,3.2,Affiliated Entity Performance 20240222.csv,2026-01-26T14:50:22.549247,214.0
084E14484EC49A5E,EVANGELICAL LUTHERAN GOOD SAMARITAN SOCIETY,,2024-02,monthly,Average rate of potentially preventable hospital readmissions 30 days after discharge from a SNF,9.8,Affiliated Entity Performance 20240222.csv,2026-01-26T14:50:22.549247,214.0
084E14484EC49A5E,EVANGELICAL LUTHERAN GOOD SAMARITAN SOCIETY,,2024-02,monthly,Average staffing rating,3.5,Affiliated Entity Performance 20240222.csv,2026-01-26T14:50:22.549247,214.0
084E14484EC49A5E,EVANGELICAL LUTHERAN GOOD SAMARITAN SOCIETY,,2024-02,monthly,Average total Registered Nurse hours per resident day,0.8,Affiliated Entity Performance 20240222.csv,2026-01-26T14:50:22.549247,214.0
084E14484EC49A5E,EVANGELICAL LUTHERAN GOOD SAMARITAN SOCIETY,,2024-02,monthly,Average total nurse hours per resident day,3.6,Affiliated Entity Performance 20240222.csv,2026-01-26T14:50:22.549247,214.0
084E14484EC49A5E,EVANGELICAL LUTHERAN GOOD SAMARITAN SOCIETY,,2024-02,monthly,Average total nursing staff turnover percentage,53.3,Affiliated Entity Performance 20240222.csv,2026-01-26T14:50:22.549247,214.0
084E14484EC49A5E,EVANGELICAL LUTHERAN GOOD SAMARITAN SOCIETY,,2024-02,monthly,Average total weekend nurse hours per resident day,3.1,Affiliated Entity Performance 20240222.csv,2026-01-26T14:50:22.549247,214.0
084E14484EC49A5E,EVANGELICAL LUTHERAN GOOD SAMARITAN SOCIETY,,2024-02,monthly,Number of SFF candidates,3.0,Affiliated Entity Performance 20240222.csv,2026-01-26T14:50:22.549247,214.0
084E14484EC49A5E,EVANGELICAL LUTHERAN GOOD SAMARITAN SOCIETY,,2024-02,monthly,Number of Special Focus Facilities (SFF),0.0,Affiliated Entity Performance 20240222.csv,2026-01-26T14:50:22.549247,214.0
084E14484EC49A5E,EVANGELICAL LUTHERAN GOOD SAMARITAN SOCIETY,,2024-02,monthly,Number of facilities,108.0,Affiliated Entity Performance 20240222.csv,2026-01-26T14:50:22.549247,214.0
084E14484EC49A5E,EVANGELICAL LUTHERAN GOOD SAMARITAN SOCIETY,,2024-02,monthly,Number of facilities with an abuse icon,4.0,Affiliated Entity Performance 20240222.csv,2026-01-26T14:50:22.549247,214.0
084E14484EC49A5E,EVANGELICAL LUTHERAN GOOD SAMARITAN SOCIETY,,2024-02,monthly,Number of states and territories with operations,19.0,Affiliated Entity Performance 20240222.csv,2026-01-26T14:50:22.549247,214.0
084E14484EC49A5E,EVANGELICAL LUTHERAN GOOD SAMARITAN SOCIETY,,2024-02,monthly,Percent of facilities classified as for-profit,6.5,Affiliated Entity Performance 20240222.csv,2026-01-26T14:50:22.549247,214.0
084E14484EC49A5E,EVANGELICAL LUTHERAN GOOD SAMARITAN SOCIETY,,2024-02,monthly,Percent of facilities classified as government-owned,0.0,Affiliated Entity Performance 20240222.csv,2026-01-26T14:50:22.549247,214.0
084E14484EC49A5E,EVANGELICAL LUTHERAN GOOD SAMARITAN SOCIETY,,2024-02,monthly,Percent of facilities classified as non-profit,93.5,Affiliated Entity Performance 20240222.csv,2026-01-26T14:50:22.549247,214.0
084E14484EC49A5E,EVANGELICAL LUTHERAN GOOD SAMARITAN SOCIETY,,2024-02,monthly,Percentage of facilities with an abuse icon,3.7,Affiliated Entity Performance 20240222.csv,2026-01-26T14:50:22.549247,214.0
084E14484EC49A5E,EVANGELICAL LUTHERAN GOOD SAMARITAN SOCIETY,,2024-02,monthly,Total amount of fines in dollars,2374461.94,Affiliated Entity Performance 20240222.csv,2026-01-26T14:50:22.549247,214.0
084E14484EC49A5E,EVANGELICAL LUTHERAN GOOD SAMARITAN SOCIETY,,2024-02,monthly,Total number of fines,117.0,Affiliated Entity Performance 20240222.csv,2026-01-26T14:50:22.549247,214.0
084E14484EC49A5E,EVANGELICAL LUTHERAN GOOD SAMARITAN SOCIETY,,2024-02,monthly,Total number of payment denials,13.0,Affiliated Entity Performance 20240222.csv,2026-01-26T14:50:22.549247,214.0
084E14484EC49A5E,EVANGELICAL LUTHERAN GOOD SAMARITAN SOCIETY,,2024-03,monthly,Average Registered Nurse turnover percentage,44.8,Affiliated Entity Performance 20240322.csv,2026-01-26T14:50:23.119603,214.0
084E14484EC49A5E,EVANGELICAL LUTHERAN GOOD SAMARITAN SOCIETY,,2024-03,monthly,Average amount of fines in dollars,21051.48,Affiliated Entity Performance 20240322.csv,2026-01-26T14:50:23.119603,214.0
084E14484EC49A5E,EVANGELICAL LUTHERAN GOOD SAMARITAN SOCIETY,,2024-03,monthly,Average health inspection rating,2.8,Affiliated Entity Performance 20240322.csv,2026-01-26T14:50:23.119603,214.0
084E14484EC49A5E,EVANGELICAL LUTHERAN GOOD SAMARITAN SOCIETY,,2024-03,monthly,Average number of administrators who have left the nursing home,0.5,Affiliated Entity Performance 20240322.csv,2026-01-26T14:50:23.119603,214.0
084E14484EC49A5E,EVANGELICAL LUTHERAN GOOD SAMARITAN SOCIETY,,2024-03,monthly,Average number of fines,1.1,Affiliated Entity Performance 20240322.csv,2026-01-26T14:50:23.119603,214.0
084E14484EC49A5E,EVANGELICAL LUTHERAN GOOD SAMARITAN SOCIETY,,2024-03,monthly,"Average number of hospitalizations per 1,000 long-stay resident days",1.57,Affiliated Entity Performance 20240322.csv,2026-01-26T14:50:23.119603,214.0
084E14484EC49A5E,EVANGELICAL LUTHERAN GOOD SAMARITAN SOCIETY,,2024-03,monthly,"Average number of outpatient emergency department visits per 1,000 long-stay resident days",1.13,Affiliated Entity Performance 20240322.csv,2026-01-26T14:50:23.119603,214.0
084E14484EC49A5E,EVANGELICAL LUTHERAN GOOD SAMARITAN SOCIETY,,2024-03,monthly,Average number of payment denials,0.1,Affiliated Entity Performance 20240322.csv,2026-01-26T14:50:23.119603,214.0
084E14484EC49A5E,EVANGELICAL LUTHERAN GOOD SAMARITAN SOCIETY,,2024-03,monthly,Average overall 5-star rating,2.9,Affiliated Entity Performance 20240322.csv,2026-01-26T14:50:23.119603,214.0
084E14484EC49A5E,EVANGELICAL LUTHERAN GOOD SAMARITAN SOCIETY,,2024-03,monthly,Average percentage of current residents up to date with COVID-19 vaccines,55.8,Affiliated Entity Performance 20240322.csv,2026-01-26T14:50:23.119603,214.0
084E14484EC49A5E,EVANGELICAL LUTHERAN GOOD SAMARITAN SOCIETY,,2024-03,monthly,Average percentage of healthcare personnel up to date with COVID-19 vaccines,7.6,Affiliated Entity Performance 20240322.csv,2026-01-26T14:50:23.119603,214.0
084E14484EC49A5E,EVANGELICAL LUTHERAN GOOD SAMARITAN SOCIETY,,2024-03,monthly,Average percentage of long-stay high-risk residents with pressure ulcers,6.4,Affiliated Entity Performance 20240322.csv,2026-01-26T14:50:23.119603,214.0
084E14484EC49A5E,EVANGELICAL LUTHERAN GOOD SAMARITAN SOCIETY,,2024-03,monthly,Average percentage of long-stay low-risk residents who lose control of their bowels or bladder,49.6,Affiliated Entity Performance 20240322.csv,2026-01-26T14:50:23.119603,214.0
084E14484EC49A5E,EVANGELICAL LUTHERAN GOOD SAMARITAN SOCIETY,,2024-03,monthly,Average percentage of long-stay residents experiencing one or more falls with major injury,4.0,Affiliated Entity Performance 20240322.csv,2026-01-26T14:50:23.119603,214.0
084E14484EC49A5E,EVANGELICAL LUTHERAN GOOD SAMARITAN SOCIETY,,2024-03,monthly,Average percentage of long-stay residents who have or had a catheter inserted and left in their bladder,2.0,Affiliated Entity Performance 20240322.csv,2026-01-26T14:50:23.119603,214.0
084E14484EC49A5E,EVANGELICAL LUTHERAN GOOD SAMARITAN SOCIETY,,2024-03,monthly,Average percentage of long-stay residents who have symptoms of depression,3.6,Affiliated Entity Performance 20240322.csv,2026-01-26T14:50:23.119603,214.0
084E14484EC49A5E,EVANGELICAL LUTHERAN GOOD SAMARITAN SOCIETY,,2024-03,monthly,Average percentage of long-stay residents who lose too much weight,5.8,Affiliated Entity Performance 20240322.csv,2026-01-26T14:50:23.119603,214.0
084E14484EC49A5E,EVANGELICAL LUTHERAN GOOD SAMARITAN SOCIETY,,2024-03,monthly,Average percentage of long-stay residents who received an antipsychotic medication,14.8,Affiliated Entity Performance 20240322.csv,2026-01-26T14:50:23.119603,214.0
084E14484EC49A5E,EVANGELICAL LUTHERAN GOOD SAMARITAN SOCIETY,,2024-03,monthly,Average percentage of long-stay residents who used antianxiety or hypnotic medication,15.2,Affiliated Entity Performance 20240322.csv,2026-01-26T14:50:23.119603,214.0
084E14484EC49A5E,EVANGELICAL LUTHERAN GOOD SAMARITAN SOCIETY,,2024-03,monthly,Average percentage of long-stay residents who were assessed and appropriately given the pneumococcal vaccine,94.8,Affiliated Entity Performance 20240322.csv,2026-01-26T14:50:23.119603,214.0
084E14484EC49A5E,EVANGELICAL LUTHERAN GOOD SAMARITAN SOCIETY,,2024-03,monthly,Average percentage of long-stay residents who were assessed and appropriately given the seasonal influenza vaccine,95.7,Affiliated Entity Performance 20240322.csv,2026-01-26T14:50:23.119603,214.0
084E14484EC49A5E,EVANGELICAL LUTHERAN GOOD SAMARITAN SOCIETY,,2024-03,monthly,Average percentage of long-stay residents who were physically restrained,0.1,Affiliated Entity Performance 20240322.csv,2026-01-26T14:50:23.119603,214.0
084E14484EC49A5E,EVANGELICAL LUTHERAN GOOD SAMARITAN SOCIETY,,2024-03,monthly,Average percentage of long-stay residents whose ability to move independently worsened,19.2,Affiliated Entity Performance 20240322.csv,2026-01-26T14:50:23.119603,214.0
084E14484EC49A5E,EVANGELICAL LUTHERAN GOOD SAMARITAN SOCIETY,,2024-03,monthly,Average percentage of long-stay residents whose need for help with activities of daily living has increased,16.5,Affiliated Entity Performance 20240322.csv,2026-01-26T14:50:23.119603,214.0
084E14484EC49A5E,EVANGELICAL LUTHERAN GOOD SAMARITAN SOCIETY,,2024-03,monthly,Average percentage of long-stay residents with a urinary tract infection,4.0,Affiliated Entity Performance 20240322.csv,2026-01-26T14:50:23.119603,214.0
084E14484EC49A5E,EVANGELICAL LUTHERAN GOOD SAMARITAN SOCIETY,,2024-03,monthly,Average percentage of short-stay residents who have had an outpatient emergency department visit,12.3,Affiliated Entity Performance 20240322.csv,2026-01-26T14:50:23.119603,214.0
084E14484EC49A5E,EVANGELICAL LUTHERAN GOOD SAMARITAN SOCIETY,,2024-03,monthly,Average percentage of short-stay residents who made improvements in function,78.1,Affiliated Entity Performance 20240322.csv,2026-01-26T14:50:23.119603,214.0
084E14484EC49A5E,EVANGELICAL LUTHERAN GOOD SAMARITAN SOCIETY,,2024-03,monthly,Average percentage of short-stay residents who newly received an antipsychotic medication,1.6,Affiliated Entity Performance 20240322.csv,2026-01-26T14:50:23.119603,214.0
084E14484EC49A5E,EVANGELICAL LUTHERAN GOOD SAMARITAN SOCIETY,,2024-03,monthly,Average percentage of short-stay residents who were assessed and appropriately given the pneumococcal vaccine,82.2,Affiliated Entity Performance 20240322.csv,2026-01-26T14:50:23.119603,214.0
084E14484EC49A5E,EVANGELICAL LUTHERAN GOOD SAMARITAN SOCIETY,,2024-03,monthly,Average percentage of short-stay residents who were assessed and appropriately given the seasonal influenza vaccine,69.6,Affiliated Entity Performance 20240322.csv,2026-01-26T14:50:23.119603,214.0
084E14484EC49A5E,EVANGELICAL LUTHERAN GOOD SAMARITAN SOCIETY,,2024-03,monthly,Average percentage of short-stay residents who were re-hospitalized after a nursing home admission,20.5,Affiliated Entity Performance 20240322.csv,2026-01-26T14:50:23.119603,214.0
084E14484EC49A5E,EVANGELICAL LUTHERAN GOOD SAMARITAN SOCIETY,,2024-03,monthly,Average percentage of short-stay residents with pressure ulcers or pressure injuries that are new or worsened,2.7,Affiliated Entity Performance 20240322.csv,2026-01-26T14:50:23.119603,214.0
084E14484EC49A5E,EVANGELICAL LUTHERAN GOOD SAMARITAN SOCIETY,,2024-03,monthly,Average quality rating,3.2,Affiliated Entity Performance 20240322.csv,2026-01-26T14:50:23.119603,214.0
084E14484EC49A5E,EVANGELICAL LUTHERAN GOOD SAMARITAN SOCIETY,,2024-03,monthly,Average rate of potentially preventable hospital readmissions 30 days after discharge from a SNF,9.8,Affiliated Entity Performance 20240322.csv,2026-01-26T14:50:23.119603,214.0
084E14484EC49A5E,EVANGELICAL LUTHERAN GOOD SAMARITAN SOCIETY,,2024-03,monthly,Average staffing rating,3.5,Affiliated Entity Performance 20240322.csv,2026-01-26T14:50:23.119603,214.0
084E14484EC49A5E,EVANGELICAL LUTHERAN GOOD SAMARITAN SOCIETY,,2024-03,monthly,Average total Registered Nurse hours per resident day,0.8,Affiliated Entity Performance 20240322.csv,2026-01-26T14:50:23.119603,214.0
084E14484EC49A5E,EVANGELICAL LUTHERAN GOOD SAMARITAN SOCIETY,,2024-03,monthly,Average total nurse hours per resident day,3.6,Affiliated Entity Performance 20240322.csv,2026-01-26T14:50:23.119603,214.0
084E14484EC49A5E,EVANGELICAL LUTHERAN GOOD SAMARITAN SOCIETY,,2024-03,monthly,Average total nursing staff turnover percentage,53.3,Affiliated Entity Performance 20240322.csv,2026-01-26T14:50:23.119603,214.0
084E14484EC49A5E,EVANGELICAL LUTHERAN GOOD SAMARITAN SOCIETY,,2024-03,monthly,Average total weekend nurse hours per resident day,3.1,Affiliated Entity Performance 20240322.csv,2026-01-26T14:50:23.119603,214.0
084E14484EC49A5E,EVANGELICAL LUTHERAN GOOD SAMARITAN SOCIETY,,2024-03,monthly,Number of SFF candidates,3.0,Affiliated Entity Performance 20240322.csv,2026-01-26T14:50:23.119603,214.0
084E14484EC49A5E,EVANGELICAL LUTHERAN GOOD SAMARITAN SOCIETY,,2024-03,monthly,Number of Special Focus Facilities (SFF),0.0,Affiliated Entity Performance 20240322.csv,2026-01-26T14:50:23.119603,214.0
084E14484EC49A5E,EVANGELICAL LUTHERAN GOOD SAMARITAN SOCIETY,,2024-03,monthly,Number of facilities,108.0,Affiliated Entity Performance 20240322.csv,2026-01-26T14:50:23.119603,214.0
084E14484EC49A5E,EVANGELICAL LUTHERAN GOOD SAMARITAN SOCIETY,,2024-03,monthly,Number of facilities with an abuse icon,4.0,Affiliated Entity Performance 20240322.csv,2026-01-26T14:50:23.119603,214.0
084E14484EC49A5E,EVANGELICAL LUTHERAN GOOD SAMARITAN SOCIETY,,2024-03,monthly,Number of states and territories with operations,19.0,Affiliated Entity Performance 20240322.csv,2026-01-26T14:50:23.119603,214.0
084E14484EC49A5E,EVANGELICAL LUTHERAN GOOD SAMARITAN SOCIETY,,2024-03,monthly,Percent of facilities classified as for-profit,7.4,Affiliated Entity Performance 20240322.csv,2026-01-26T14:50:23.119603,214.0
084E14484EC49A5E,EVANGELICAL LUTHERAN GOOD SAMARITAN SOCIETY,,2024-03,monthly,Percent of facilities classified as government-owned,0.0,Affiliated Entity Performance 20240322.csv,2026-01-26T14:50:23.119603,214.0
084E14484EC49A5E,EVANGELICAL LUTHERAN GOOD SAMARITAN SOCIETY,,2024-03,monthly,Percent of facilities classified as non-profit,92.6,Affiliated Entity Performance 20240322.csv,2026-01-26T14:50:23.119603,214.0
084E14484EC49A5E,EVANGELICAL LUTHERAN GOOD SAMARITAN SOCIETY,,2024-03,monthly,Percentage of facilities with an abuse icon,3.7,Affiliated Entity Performance 20240322.csv,2026-01-26T14:50:23.119603,214.0
084E14484EC49A5E,EVANGELICAL LUTHERAN GOOD SAMARITAN SOCIETY,,2024-03,monthly,Total amount of fines in dollars,2273560.19,Affiliated Entity Performance 20240322.csv,2026-01-26T14:50:23.119603,214.0
084E14484EC49A5E,EVANGELICAL LUTHERAN GOOD SAMARITAN SOCIETY,,2024-03,monthly,Total number of fines,116.0,Affiliated Entity Performance 20240322.csv,2026-01-26T14:50:23.119603,214.0
084E14484EC49A5E,EVANGELICAL LUTHERAN GOOD SAMARITAN SOCIETY,,2024-03,monthly,Total number of payment denials,12.0,Affiliated Entity Performance 20240322.csv,2026-01-26T14:50:23.119603,214.0
084E14484EC49A5E,EVANGELICAL LUTHERAN GOOD SAMARITAN SOCIETY,,2024-04,monthly,Average Registered Nurse turnover percentage,45.0,Affiliated Entity Performance 20240425.csv,2026-01-26T14:50:23.644151,214.0
084E14484EC49A5E,EVANGELICAL LUTHERAN GOOD SAMARITAN SOCIETY,,2024-04,monthly,Average amount of fines in dollars,21129.46,Affiliated Entity Performance 20240425.csv,2026-01-26T14:50:23.644151,214.0
084E14484EC49A5E,EVANGELICAL LUTHERAN GOOD SAMARITAN SOCIETY,,2024-04,monthly,Average health inspection rating,2.8,Affiliated Entity Performance 20240425.csv,2026-01-26T14:50:23.644151,214.0
084E14484EC49A5E,EVANGELICAL LUTHERAN GOOD SAMARITAN SOCIETY,,2024-04,monthly,Average number of administrators who have left the nursing home,0.4,Affiliated Entity Performance 20240425.csv,2026-01-26T14:50:23.644151,214.0
084E14484EC49A5E,EVANGELICAL LUTHERAN GOOD SAMARITAN SOCIETY,,2024-04,monthly,Average number of fines,1.1,Affiliated Entity Performance 20240425.csv,2026-01-26T14:50:23.644151,214.0
084E14484EC49A5E,EVANGELICAL LUTHERAN GOOD SAMARITAN SOCIETY,,2024-04,monthly,"Average number of hospitalizations per 1,000 long-stay resident days",1.64,Affiliated Entity Performance 20240425.csv,2026-01-26T14:50:23.644151,214.0
084E14484EC49A5E,EVANGELICAL LUTHERAN GOOD SAMARITAN SOCIETY,,2024-04,monthly,"Average number of outpatient emergency department visits per 1,000 long-stay resident days",1.15,Affiliated Entity Performance 20240425.csv,2026-01-26T14:50:23.644151,214.0
084E14484EC49A5E,EVANGELICAL LUTHERAN GOOD SAMARITAN SOCIETY,,2024-04,monthly,Average number of payment denials,0.1,Affiliated Entity Performance 20240425.csv,2026-01-26T14:50:23.644151,214.0
084E14484EC49A5E,EVANGELICAL LUTHERAN GOOD SAMARITAN SOCIETY,,2024-04,monthly,Average overall 5-star rating,2.8,Affiliated Entity Performance 20240425.csv,2026-01-26T14:50:23.644151,214.0
084E14484EC49A5E,EVANGELICAL LUTHERAN GOOD SAMARITAN SOCIETY,,2024-04,monthly,Average percentage of current residents up to date with COVID-19 vaccines,26.1,Affiliated Entity Performance 20240425.csv,2026-01-26T14:50:23.644151,214.0
084E14484EC49A5E,EVANGELICAL LUTHERAN GOOD SAMARITAN SOCIETY,,2024-04,monthly,Average percentage of healthcare personnel up to date with COVID-19 vaccines,6.5,Affiliated Entity Performance 20240425.csv,2026-01-26T14:50:23.644151,214.0
084E14484EC49A5E,EVANGELICAL LUTHERAN GOOD SAMARITAN SOCIETY,,2024-04,monthly,Average percentage of long-stay high-risk residents with pressure ulcers,6.2,Affiliated Entity Performance 20240425.csv,2026-01-26T14:50:23.644151,214.0
084E14484EC49A5E,EVANGELICAL LUTHERAN GOOD SAMARITAN SOCIETY,,2024-04,monthly,Average percentage of long-stay low-risk residents who lose control of their bowels or bladder,50.2,Affiliated Entity Performance 20240425.csv,2026-01-26T14:50:23.644151,214.0
084E14484EC49A5E,EVANGELICAL LUTHERAN GOOD SAMARITAN SOCIETY,,2024-04,monthly,Average percentage of long-stay residents experiencing one or more falls with major injury,4.0,Affiliated Entity Performance 20240425.csv,2026-01-26T14:50:23.644151,214.0
084E14484EC49A5E,EVANGELICAL LUTHERAN GOOD SAMARITAN SOCIETY,,2024-04,monthly,Average percentage of long-stay residents who have or had a catheter inserted and left in their bladder,1.9,Affiliated Entity Performance 20240425.csv,2026-01-26T14:50:23.644151,214.0
084E14484EC49A5E,EVANGELICAL LUTHERAN GOOD SAMARITAN SOCIETY,,2024-04,monthly,Average percentage of long-stay residents who have symptoms of depression,3.4,Affiliated Entity Performance 20240425.csv,2026-01-26T14:50:23.644151,214.0
084E14484EC49A5E,EVANGELICAL LUTHERAN GOOD SAMARITAN SOCIETY,,2024-04,monthly,Average percentage of long-stay residents who lose too much weight,5.8,Affiliated Entity Performance 20240425.csv,2026-01-26T14:50:23.644151,214.0
084E14484EC49A5E,EVANGELICAL LUTHERAN GOOD SAMARITAN SOCIETY,,2024-04,monthly,Average percentage of long-stay residents who received an antipsychotic medication,15.4,Affiliated Entity Performance 20240425.csv,2026-01-26T14:50:23.644151,214.0
084E14484EC49A5E,EVANGELICAL LUTHERAN GOOD SAMARITAN SOCIETY,,2024-04,monthly,Average percentage of long-stay residents who used antianxiety or hypnotic medication,15.3,Affiliated Entity Performance 20240425.csv,2026-01-26T14:50:23.644151,214.0
084E14484EC49A5E,EVANGELICAL LUTHERAN GOOD SAMARITAN SOCIETY,,2024-04,monthly,Average percentage of long-stay residents who were assessed and appropriately given the pneumococcal vaccine,94.9,Affiliated Entity Performance 20240425.csv,2026-01-26T14:50:23.644151,214.0
084E14484EC49A5E,EVANGELICAL LUTHERAN GOOD SAMARITAN SOCIETY,,2024-04,monthly,Average percentage of long-stay residents who were assessed and appropriately given the seasonal influenza vaccine,95.6,Affiliated Entity Performance 20240425.csv,2026-01-26T14:50:23.644151,214.0
084E14484EC49A5E,EVANGELICAL LUTHERAN GOOD SAMARITAN SOCIETY,,2024-04,monthly,Average percentage of long-stay residents who were physically restrained,0.1,Affiliated Entity Performance 20240425.csv,2026-01-26T14:50:23.644151,214.0
084E14484EC49A5E,EVANGELICAL LUTHERAN GOOD SAMARITAN SOCIETY,,2024-04,monthly,Average percentage of long-stay residents whose ability to move independently worsened,18.9,Affiliated Entity Performance 20240425.csv,2026-01-26T14:50:23.644151,214.0
084E14484EC49A5E,EVANGELICAL LUTHERAN GOOD SAMARITAN SOCIETY,,2024-04,monthly,Average percentage of long-stay residents whose need for help with activities of daily living has increased,16.5,Affiliated Entity Performance 20240425.csv,2026-01-26T14:50:23.644151,214.0
084E14484EC49A5E,EVANGELICAL LUTHERAN GOOD SAMARITAN SOCIETY,,2024-04,monthly,Average percentage of long-stay residents with a urinary tract infection,4.1,Affiliated Entity Performance 20240425.csv,2026-01-26T14:50:23.644151,214.0
084E14484EC49A5E,EVANGELICAL LUTHERAN GOOD SAMARITAN SOCIETY,,2024-04,monthly,Average percentage of short-stay residents who have had an outpatient emergency department visit,12.0,Affiliated Entity Performance 20240425.csv,2026-01-26T14:50:23.644151,214.0
084E14484EC49A5E,EVANGELICAL LUTHERAN GOOD SAMARITAN SOCIETY,,2024-04,monthly,Average percentage of short-stay residents who made improvements in function,78.2,Affiliated Entity Performance 20240425.csv,2026-01-26T14:50:23.644151,214.0
084E14484EC49A5E,EVANGELICAL LUTHERAN GOOD SAMARITAN SOCIETY,,2024-04,monthly,Average percentage of short-stay residents who newly received an antipsychotic medication,1.7,Affiliated Entity Performance 20240425.csv,2026-01-26T14:50:23.644151,214.0
084E14484EC49A5E,EVANGELICAL LUTHERAN GOOD SAMARITAN SOCIETY,,2024-04,monthly,Average percentage of short-stay residents who were assessed and appropriately given the pneumococcal vaccine,81.8,Affiliated Entity Performance 20240425.csv,2026-01-26T14:50:23.644151,214.0
084E14484EC49A5E,EVANGELICAL LUTHERAN GOOD SAMARITAN SOCIETY,,2024-04,monthly,Average percentage of short-stay residents who were assessed and appropriately given the seasonal influenza vaccine,69.7,Affiliated Entity Performance 20240425.csv,2026-01-26T14:50:23.644151,214.0
084E14484EC49A5E,EVANGELICAL LUTHERAN GOOD SAMARITAN SOCIETY,,2024-04,monthly,Average percentage of short-stay residents who were re-hospitalized after a nursing home admission,20.4,Affiliated Entity Performance 20240425.csv,2026-01-26T14:50:23.644151,214.0
084E14484EC49A5E,EVANGELICAL LUTHERAN GOOD SAMARITAN SOCIETY,,2024-04,monthly,Average percentage of short-stay residents with pressure ulcers or pressure injuries that are new or worsened,2.0,Affiliated Entity Performance 20240425.csv,2026-01-26T14:50:23.644151,214.0
084E14484EC49A5E,EVANGELICAL LUTHERAN GOOD SAMARITAN SOCIETY,,2024-04,monthly,Average quality rating,3.2,Affiliated Entity Performance 20240425.csv,2026-01-26T14:50:23.644151,214.0
084E14484EC49A5E,EVANGELICAL LUTHERAN GOOD SAMARITAN SOCIETY,,2024-04,monthly,Average rate of potentially preventable hospital readmissions 30 days after discharge from a SNF,9.8,Affiliated Entity Performance 20240425.csv,2026-01-26T14:50:23.644151,214.0
084E14484EC49A5E,EVANGELICAL LUTHERAN GOOD SAMARITAN SOCIETY,,2024-04,monthly,Average staffing rating,3.5,Affiliated Entity Performance 20240425.csv,2026-01-26T14:50:23.644151,214.0
084E14484EC49A5E,EVANGELICAL LUTHERAN GOOD SAMARITAN SOCIETY,,2024-04,monthly,Average total Registered Nurse hours per resident day,0.8,Affiliated Entity Performance 20240425.csv,2026-01-26T14:50:23.644151,214.0
084E14484EC49A5E,EVANGELICAL LUTHERAN GOOD SAMARITAN SOCIETY,,2024-04,monthly,Average total nurse hours per resident day,3.5,Affiliated Entity Performance 20240425.csv,2026-01-26T14:50:23.644151,214.0
084E14484EC49A5E,EVANGELICAL LUTHERAN GOOD SAMARITAN SOCIETY,,2024-04,monthly,Average total nursing staff turnover percentage,53.6,Affiliated Entity Performance 20240425.csv,2026-01-26T14:50:23.644151,214.0
084E14484EC49A5E,EVANGELICAL LUTHERAN GOOD SAMARITAN SOCIETY,,2024-04,monthly,Average total weekend nurse hours per resident day,3.0,Affiliated Entity Performance 20240425.csv,2026-01-26T14:50:23.644151,214.0
084E14484EC49A5E,EVANGELICAL LUTHERAN GOOD SAMARITAN SOCIETY,,2024-04,monthly,Number of SFF candidates,2.0,Affiliated Entity Performance 20240425.csv,2026-01-26T14:50:23.644151,214.0
084E14484EC49A5E,EVANGELICAL LUTHERAN GOOD SAMARITAN SOCIETY,,2024-04,monthly,Number of Special Focus Facilities (SFF),0.0,Affiliated Entity Performance 20240425.csv,2026-01-26T14:50:23.644151,214.0
084E14484EC49A5E,EVANGELICAL LUTHERAN GOOD SAMARITAN SOCIETY,,2024-04,monthly,Number of facilities,104.0,Affiliated Entity Performance 20240425.csv,2026-01-26T14:50:23.644151,214.0
084E14484EC49A5E,EVANGELICAL LUTHERAN GOOD SAMARITAN SOCIETY,,2024-04,monthly,Number of facilities with an abuse icon,4.0,Affiliated Entity Performance 20240425.csv,2026-01-26T14:50:23.644151,214.0
084E14484EC49A5E,EVANGELICAL LUTHERAN GOOD SAMARITAN SOCIETY,,2024-04,monthly,Number of states and territories with operations,17.0,Affiliated Entity Performance 20240425.csv,2026-01-26T14:50:23.644151,214.0
084E14484EC49A5E,EVANGELICAL LUTHERAN GOOD SAMARITAN SOCIETY,,2024-04,monthly,Percent of facilities classified as for-profit,4.8,Affiliated Entity Performance 20240425.csv,2026-01-26T14:50:23.644151,214.0
084E14484EC49A5E,EVANGELICAL LUTHERAN GOOD SAMARITAN SOCIETY,,2024-04,monthly,Percent of facilities classified as government-owned,0.0,Affiliated Entity Performance 20240425.csv,2026-01-26T14:50:23.644151,214.0
084E14484EC49A5E,EVANGELICAL LUTHERAN GOOD SAMARITAN SOCIETY,,2024-04,monthly,Percent of facilities classified as non-profit,95.2,Affiliated Entity Performance 20240425.csv,2026-01-26T14:50:23.644151,214.0
084E14484EC49A5E,EVANGELICAL LUTHERAN GOOD SAMARITAN SOCIETY,,2024-04,monthly,Percentage of facilities with an abuse icon,3.8,Affiliated Entity Performance 20240425.csv,2026-01-26T14:50:23.644151,214.0
084E14484EC49A5E,EVANGELICAL LUTHERAN GOOD SAMARITAN SOCIETY,,2024-04,monthly,Total amount of fines in dollars,2197464.12,Affiliated Entity Performance 20240425.csv,2026-01-26T14:50:23.644151,214.0
084E14484EC49A5E,EVANGELICAL LUTHERAN GOOD SAMARITAN SOCIETY,,2024-04,monthly,Total number of fines,111.0,Affiliated Entity Performance 20240425.csv,2026-01-26T14:50:23.644151,214.0
084E14484EC49A5E,EVANGELICAL LUTHERAN GOOD SAMARITAN SOCIETY,,2024-04,monthly,Total number of payment denials,12.0,Affiliated Entity Performance 20240425.csv,2026-01-26T14:50:23.644151,214.0
084E14484EC49A5E,EVANGELICAL LUTHERAN GOOD SAMARITAN SOCIETY,,2024-05,monthly,Average Registered Nurse turnover percentage,45.0,Affiliated Entity Performance 20240530.csv,2026-01-26T14:50:24.178360,214.0
084E14484EC49A5E,EVANGELICAL LUTHERAN GOOD SAMARITAN SOCIETY,,2024-05,monthly,Average amount of fines in dollars,21305.56,Affiliated Entity Performance 20240530.csv,2026-01-26T14:50:24.178360,214.0
084E14484EC49A5E,EVANGELICAL LUTHERAN GOOD SAMARITAN SOCIETY,,2024-05,monthly,Average health inspection rating,2.8,Affiliated Entity Performance 20240530.csv,2026-01-26T14:50:24.178360,214.0
084E14484EC49A5E,EVANGELICAL LUTHERAN GOOD SAMARITAN SOCIETY,,2024-05,monthly,Average number of administrators who have left the nursing home,0.4,Affiliated Entity Performance 20240530.csv,2026-01-26T14:50:24.178360,214.0
084E14484EC49A5E,EVANGELICAL LUTHERAN GOOD SAMARITAN SOCIETY,,2024-05,monthly,Average number of fines,1.1,Affiliated Entity Performance 20240530.csv,2026-01-26T14:50:24.178360,214.0
084E14484EC49A5E,EVANGELICAL LUTHERAN GOOD SAMARITAN SOCIETY,,2024-05,monthly,"Average number of hospitalizations per 1,000 long-stay resident days",1.64,Affiliated Entity Performance 20240530.csv,2026-01-26T14:50:24.178360,214.0
084E14484EC49A5E,EVANGELICAL LUTHERAN GOOD SAMARITAN SOCIETY,,2024-05,monthly,"Average number of outpatient emergency department visits per 1,000 long-stay resident days",1.15,Affiliated Entity Performance 20240530.csv,2026-01-26T14:50:24.178360,214.0
084E14484EC49A5E,EVANGELICAL LUTHERAN GOOD SAMARITAN SOCIETY,,2024-05,monthly,Average number of payment denials,0.1,Affiliated Entity Performance 20240530.csv,2026-01-26T14:50:24.178360,214.0
084E14484EC49A5E,EVANGELICAL LUTHERAN GOOD SAMARITAN SOCIETY,,2024-05,monthly,Average overall 5-star rating,2.9,Affiliated Entity Performance 20240530.csv,2026-01-26T14:50:24.178360,214.0
084E14484EC49A5E,EVANGELICAL LUTHERAN GOOD SAMARITAN SOCIETY,,2024-05,monthly,Average percentage of current residents up to date with COVID-19 vaccines,28.1,Affiliated Entity Performance 20240530.csv,2026-01-26T14:50:24.178360,214.0
084E14484EC49A5E,EVANGELICAL LUTHERAN GOOD SAMARITAN SOCIETY,,2024-05,monthly,Average percentage of healthcare personnel up to date with COVID-19 vaccines,7.4,Affiliated Entity Performance 20240530.csv,2026-01-26T14:50:24.178360,214.0
084E14484EC49A5E,EVANGELICAL LUTHERAN GOOD SAMARITAN SOCIETY,,2024-05,monthly,Average percentage of long-stay high-risk residents with pressure ulcers,6.2,Affiliated Entity Performance 20240530.csv,2026-01-26T14:50:24.178360,214.0
084E14484EC49A5E,EVANGELICAL LUTHERAN GOOD SAMARITAN SOCIETY,,2024-05,monthly,Average percentage of long-stay low-risk residents who lose control of their bowels or bladder,50.2,Affiliated Entity Performance 20240530.csv,2026-01-26T14:50:24.178360,214.0
084E14484EC49A5E,EVANGELICAL LUTHERAN GOOD SAMARITAN SOCIETY,,2024-05,monthly,Average percentage of long-stay residents experiencing one or more falls with major injury,4.0,Affiliated Entity Performance 20240530.csv,2026-01-26T14:50:24.178360,214.0
084E14484EC49A5E,EVANGELICAL LUTHERAN GOOD SAMARITAN SOCIETY,,2024-05,monthly,Average percentage of long-stay residents who have or had a catheter inserted and left in their bladder,1.9,Affiliated Entity Performance 20240530.csv,2026-01-26T14:50:24.178360,214.0
084E14484EC49A5E,EVANGELICAL LUTHERAN GOOD SAMARITAN SOCIETY,,2024-05,monthly,Average percentage of long-stay residents who have symptoms of depression,3.4,Affiliated Entity Performance 20240530.csv,2026-01-26T14:50:24.178360,214.0
084E14484EC49A5E,EVANGELICAL LUTHERAN GOOD SAMARITAN SOCIETY,,2024-05,monthly,Average percentage of long-stay residents who lose too much weight,5.8,Affiliated Entity Performance 20240530.csv,2026-01-26T14:50:24.178360,214.0
084E14484EC49A5E,EVANGELICAL LUTHERAN GOOD SAMARITAN SOCIETY,,2024-05,monthly,Average percentage of long-stay residents who received an antipsychotic medication,15.4,Affiliated Entity Performance 20240530.csv,2026-01-26T14:50:24.178360,214.0
084E14484EC49A5E,EVANGELICAL LUTHERAN GOOD SAMARITAN SOCIETY,,2024-05,monthly,Average percentage of long-stay residents who used antianxiety or hypnotic medication,15.3,Affiliated Entity Performance 20240530.csv,2026-01-26T14:50:24.178360,214.0
084E14484EC49A5E,EVANGELICAL LUTHERAN GOOD SAMARITAN SOCIETY,,2024-05,monthly,Average percentage of long-stay residents who were assessed and appropriately given the pneumococcal vaccine,94.9,Affiliated Entity Performance 20240530.csv,2026-01-26T14:50:24.178360,214.0
084E14484EC49A5E,EVANGELICAL LUTHERAN GOOD SAMARITAN SOCIETY,,2024-05,monthly,Average percentage of long-stay residents who were assessed and appropriately given the seasonal influenza vaccine,95.6,Affiliated Entity Performance 20240530.csv,2026-01-26T14:50:24.178360,214.0
084E14484EC49A5E,EVANGELICAL LUTHERAN GOOD SAMARITAN SOCIETY,,2024-05,monthly,Average percentage of long-stay residents who were physically restrained,0.1,Affiliated Entity Performance 20240530.csv,2026-01-26T14:50:24.178360,214.0
084E14484EC49A5E,EVANGELICAL LUTHERAN GOOD SAMARITAN SOCIETY,,2024-05,monthly,Average percentage of long-stay residents whose ability to move independently worsened,18.9,Affiliated Entity Performance 20240530.csv,2026-01-26T14:50:24.178360,214.0
084E14484EC49A5E,EVANGELICAL LUTHERAN GOOD SAMARITAN SOCIETY,,2024-05,monthly,Average percentage of long-stay residents whose need for help with activities of daily living has increased,16.5,Affiliated Entity Performance 20240530.csv,2026-01-26T14:50:24.178360,214.0
084E14484EC49A5E,EVANGELICAL LUTHERAN GOOD SAMARITAN SOCIETY,,2024-05,monthly,Average percentage of long-stay residents with a urinary tract infection,4.1,Affiliated Entity Performance 20240530.csv,2026-01-26T14:50:24.178360,214.0
084E14484EC49A5E,EVANGELICAL LUTHERAN GOOD SAMARITAN SOCIETY,,2024-05,monthly,Average percentage of short-stay residents who have had an outpatient emergency department visit,12.0,Affiliated Entity Performance 20240530.csv,2026-01-26T14:50:24.178360,214.0
084E14484EC49A5E,EVANGELICAL LUTHERAN GOOD SAMARITAN SOCIETY,,2024-05,monthly,Average percentage of short-stay residents who made improvements in function,78.2,Affiliated Entity Performance 20240530.csv,2026-01-26T14:50:24.178360,214.0
084E14484EC49A5E,EVANGELICAL LUTHERAN GOOD SAMARITAN SOCIETY,,2024-05,monthly,Average percentage of short-stay residents who newly received an antipsychotic medication,1.7,Affiliated Entity Performance 20240530.csv,2026-01-26T14:50:24.178360,214.0
084E14484EC49A5E,EVANGELICAL LUTHERAN GOOD SAMARITAN SOCIETY,,2024-05,monthly,Average percentage of short-stay residents who were assessed and appropriately given the pneumococcal vaccine,81.8,Affiliated Entity Performance 20240530.csv,2026-01-26T14:50:24.178360,214.0
084E14484EC49A5E,EVANGELICAL LUTHERAN GOOD SAMARITAN SOCIETY,,2024-05,monthly,Average percentage of short-stay residents who were assessed and appropriately given the seasonal influenza vaccine,69.7,Affiliated Entity Performance 20240530.csv,2026-01-26T14:50:24.178360,214.0
084E14484EC49A5E,EVANGELICAL LUTHERAN GOOD SAMARITAN SOCIETY,,2024-05,monthly,Average percentage of short-stay residents who were re-hospitalized after a nursing home admission,20.4,Affiliated Entity Performance 20240530.csv,2026-01-26T14:50:24.178360,214.0
084E14484EC49A5E,EVANGELICAL LUTHERAN GOOD SAMARITAN SOCIETY,,2024-05,monthly,Average percentage of short-stay residents with pressure ulcers or pressure injuries that are new or worsened,2.0,Affiliated Entity Performance 20240530.csv,2026-01-26T14:50:24.178360,214.0
084E14484EC49A5E,EVANGELICAL LUTHERAN GOOD SAMARITAN SOCIETY,,2024-05,monthly,Average quality rating,3.2,Affiliated Entity Performance 20240530.csv,2026-01-26T14:50:24.178360,214.0
084E14484EC49A5E,EVANGELICAL LUTHERAN GOOD SAMARITAN SOCIETY,,2024-05,monthly,Average rate of potentially preventable hospital readmissions 30 days after discharge from a SNF,9.8,Affiliated Entity Performance 20240530.csv,2026-01-26T14:50:24.178360,214.0
084E14484EC49A5E,EVANGELICAL LUTHERAN GOOD SAMARITAN SOCIETY,,2024-05,monthly,Average staffing rating,3.5,Affiliated Entity Performance 20240530.csv,2026-01-26T14:50:24.178360,214.0
084E14484EC49A5E,EVANGELICAL LUTHERAN GOOD SAMARITAN SOCIETY,,2024-05,monthly,Average total Registered Nurse hours per resident day,0.8,Affiliated Entity Performance 20240530.csv,2026-01-26T14:50:24.178360,214.0
084E14484EC49A5E,EVANGELICAL LUTHERAN GOOD SAMARITAN SOCIETY,,2024-05,monthly,Average total nurse hours per resident day,3.5,Affiliated Entity Performance 20240530.csv,2026-01-26T14:50:24.178360,214.0
084E14484EC49A5E,EVANGELICAL LUTHERAN GOOD SAMARITAN SOCIETY,,2024-05,monthly,Average total nursing staff turnover percentage,53.6,Affiliated Entity Performance 20240530.csv,2026-01-26T14:50:24.178360,214.0
084E14484EC49A5E,EVANGELICAL LUTHERAN GOOD SAMARITAN SOCIETY,,2024-05,monthly,Average total weekend nurse hours per resident day,3.0,Affiliated Entity Performance 20240530.csv,2026-01-26T14:50:24.178360,214.0
084E14484EC49A5E,EVANGELICAL LUTHERAN GOOD SAMARITAN SOCIETY,,2024-05,monthly,Number of SFF candidates,2.0,Affiliated Entity Performance 20240530.csv,2026-01-26T14:50:24.178360,214.0
084E14484EC49A5E,EVANGELICAL LUTHERAN GOOD SAMARITAN SOCIETY,,2024-05,monthly,Number of Special Focus Facilities (SFF),1.0,Affiliated Entity Performance 20240530.csv,2026-01-26T14:50:24.178360,214.0
084E14484EC49A5E,EVANGELICAL LUTHERAN GOOD SAMARITAN SOCIETY,,2024-05,monthly,Number of facilities,104.0,Affiliated Entity Performance 20240530.csv,2026-01-26T14:50:24.178360,214.0
084E14484EC49A5E,EVANGELICAL LUTHERAN GOOD SAMARITAN SOCIETY,,2024-05,monthly,Number of facilities with an abuse icon,5.0,Affiliated Entity Performance 20240530.csv,2026-01-26T14:50:24.178360,214.0
084E14484EC49A5E,EVANGELICAL LUTHERAN GOOD SAMARITAN SOCIETY,,2024-05,monthly,Number of states and territories with operations,17.0,Affiliated Entity Performance 20240530.csv,2026-01-26T14:50:24.178360,214.0
084E14484EC49A5E,EVANGELICAL LUTHERAN GOOD SAMARITAN SOCIETY,,2024-05,monthly,Percent of facilities classified as for-profit,5.8,Affiliated Entity Performance 20240530.csv,2026-01-26T14:50:24.178360,214.0
084E14484EC49A5E,EVANGELICAL LUTHERAN GOOD SAMARITAN SOCIETY,,2024-05,monthly,Percent of facilities classified as government-owned,0.0,Affiliated Entity Performance 20240530.csv,2026-01-26T14:50:24.178360,214.0
084E14484EC49A5E,EVANGELICAL LUTHERAN GOOD SAMARITAN SOCIETY,,2024-05,monthly,Percent of facilities classified as non-profit,94.2,Affiliated Entity Performance 20240530.csv,2026-01-26T14:50:24.178360,214.0
084E14484EC49A5E,EVANGELICAL LUTHERAN GOOD SAMARITAN SOCIETY,,2024-05,monthly,Percentage of facilities with an abuse icon,4.8,Affiliated Entity Performance 20240530.csv,2026-01-26T14:50:24.178360,214.0
084E14484EC49A5E,EVANGELICAL LUTHERAN GOOD SAMARITAN SOCIETY,,2024-05,monthly,Total amount of fines in dollars,2215778.13,Affiliated Entity Performance 20240530.csv,2026-01-26T14:50:24.178360,214.0
084E14484EC49A5E,EVANGELICAL LUTHERAN GOOD SAMARITAN SOCIETY,,2024-05,monthly,Total number of fines,115.0,Affiliated Entity Performance 20240530.csv,2026-01-26T14:50:24.178360,214.0
084E14484EC49A5E,EVANGELICAL LUTHERAN GOOD SAMARITAN SOCIETY,,2024-05,monthly,Total number of payment denials,12.0,Affiliated Entity Performance 20240530.csv,2026-01-26T14:50:24.178360,214.0
084E14484EC49A5E,EVANGELICAL LUTHERAN GOOD SAMARITAN SOCIETY,,2024-06,monthly,Average Registered Nurse turnover percentage,45.0,Affiliated Entity Performance 20240624.csv,2026-01-26T14:50:24.680430,214.0
084E14484EC49A5E,EVANGELICAL LUTHERAN GOOD SAMARITAN SOCIETY,,2024-06,monthly,Average amount of fines in dollars,21286.75,Affiliated Entity Performance 20240624.csv,2026-01-26T14:50:24.680430,214.0
084E14484EC49A5E,EVANGELICAL LUTHERAN GOOD SAMARITAN SOCIETY,,2024-06,monthly,Average health inspection rating,2.8,Affiliated Entity Performance 20240624.csv,2026-01-26T14:50:24.680430,214.0
084E14484EC49A5E,EVANGELICAL LUTHERAN GOOD SAMARITAN SOCIETY,,2024-06,monthly,Average number of administrators who have left the nursing home,0.4,Affiliated Entity Performance 20240624.csv,2026-01-26T14:50:24.680430,214.0
084E14484EC49A5E,EVANGELICAL LUTHERAN GOOD SAMARITAN SOCIETY,,2024-06,monthly,Average number of fines,1.1,Affiliated Entity Performance 20240624.csv,2026-01-26T14:50:24.680430,214.0
084E14484EC49A5E,EVANGELICAL LUTHERAN GOOD SAMARITAN SOCIETY,,2024-06,monthly,"Average number of hospitalizations per 1,000 long-stay resident days",1.64,Affiliated Entity Performance 20240624.csv,2026-01-26T14:50:24.680430,214.0
084E14484EC49A5E,EVANGELICAL LUTHERAN GOOD SAMARITAN SOCIETY,,2024-06,monthly,"Average number of outpatient emergency department visits per 1,000 long-stay resident days",1.15,Affiliated Entity Performance 20240624.csv,2026-01-26T14:50:24.680430,214.0
084E14484EC49A5E,EVANGELICAL LUTHERAN GOOD SAMARITAN SOCIETY,,2024-06,monthly,Average number of payment denials,0.1,Affiliated Entity Performance 20240624.csv,2026-01-26T14:50:24.680430,214.0
084E14484EC49A5E,EVANGELICAL LUTHERAN GOOD SAMARITAN SOCIETY,,2024-06,monthly,Average overall 5-star rating,2.9,Affiliated Entity Performance 20240624.csv,2026-01-26T14:50:24.680430,214.0
084E14484EC49A5E,EVANGELICAL LUTHERAN GOOD SAMARITAN SOCIETY,,2024-06,monthly,Average percentage of current residents up to date with COVID-19 vaccines,31.1,Affiliated Entity Performance 20240624.csv,2026-01-26T14:50:24.680430,214.0
084E14484EC49A5E,EVANGELICAL LUTHERAN GOOD SAMARITAN SOCIETY,,2024-06,monthly,Average percentage of healthcare personnel up to date with COVID-19 vaccines,4.8,Affiliated Entity Performance 20240624.csv,2026-01-26T14:50:24.680430,214.0
084E14484EC49A5E,EVANGELICAL LUTHERAN GOOD SAMARITAN SOCIETY,,2024-06,monthly,Average percentage of long-stay high-risk residents with pressure ulcers,6.2,Affiliated Entity Performance 20240624.csv,2026-01-26T14:50:24.680430,214.0
084E14484EC49A5E,EVANGELICAL LUTHERAN GOOD SAMARITAN SOCIETY,,2024-06,monthly,Average percentage of long-stay low-risk residents who lose control of their bowels or bladder,50.2,Affiliated Entity Performance 20240624.csv,2026-01-26T14:50:24.680430,214.0
084E14484EC49A5E,EVANGELICAL LUTHERAN GOOD SAMARITAN SOCIETY,,2024-06,monthly,Average percentage of long-stay residents experiencing one or more falls with major injury,4.0,Affiliated Entity Performance 20240624.csv,2026-01-26T14:50:24.680430,214.0
084E14484EC49A5E,EVANGELICAL LUTHERAN GOOD SAMARITAN SOCIETY,,2024-06,monthly,Average percentage of long-stay residents who have or had a catheter inserted and left in their bladder,1.9,Affiliated Entity Performance 20240624.csv,2026-01-26T14:50:24.680430,214.0
084E14484EC49A5E,EVANGELICAL LUTHERAN GOOD SAMARITAN SOCIETY,,2024-06,monthly,Average percentage of long-stay residents who have symptoms of depression,3.4,Affiliated Entity Performance 20240624.csv,2026-01-26T14:50:24.680430,214.0
084E14484EC49A5E,EVANGELICAL LUTHERAN GOOD SAMARITAN SOCIETY,,2024-06,monthly,Average percentage of long-stay residents who lose too much weight,5.8,Affiliated Entity Performance 20240624.csv,2026-01-26T14:50:24.680430,214.0
084E14484EC49A5E,EVANGELICAL LUTHERAN GOOD SAMARITAN SOCIETY,,2024-06,monthly,Average percentage of long-stay residents who received an antipsychotic medication,15.4,Affiliated Entity Performance 20240624.csv,2026-01-26T14:50:24.680430,214.0
084E14484EC49A5E,EVANGELICAL LUTHERAN GOOD SAMARITAN SOCIETY,,2024-06,monthly,Average percentage of long-stay residents who used antianxiety or hypnotic medication,15.3,Affiliated Entity Performance 20240624.csv,2026-01-26T14:50:24.680430,214.0
084E14484EC49A5E,EVANGELICAL LUTHERAN GOOD SAMARITAN SOCIETY,,2024-06,monthly,Average percentage of long-stay residents who were assessed and appropriately given the pneumococcal vaccine,94.9,Affiliated Entity Performance 20240624.csv,2026-01-26T14:50:24.680430,214.0
084E14484EC49A5E,EVANGELICAL LUTHERAN GOOD SAMARITAN SOCIETY,,2024-06,monthly,Average percentage of long-stay residents who were assessed and appropriately given the seasonal influenza vaccine,95.6,Affiliated Entity Performance 20240624.csv,2026-01-26T14:50:24.680430,214.0
084E14484EC49A5E,EVANGELICAL LUTHERAN GOOD SAMARITAN SOCIETY,,2024-06,monthly,Average percentage of long-stay residents who were physically restrained,0.1,Affiliated Entity Performance 20240624.csv,2026-01-26T14:50:24.680430,214.0
084E14484EC49A5E,EVANGELICAL LUTHERAN GOOD SAMARITAN SOCIETY,,2024-06,monthly,Average percentage of long-stay residents whose ability to move independently worsened,18.9,Affiliated Entity Performance 20240624.csv,2026-01-26T14:50:24.680430,214.0
084E14484EC49A5E,EVANGELICAL LUTHERAN GOOD SAMARITAN SOCIETY,,2024-06,monthly,Average percentage of long-stay residents whose need for help with activities of daily living has increased,16.5,Affiliated Entity Performance 20240624.csv,2026-01-26T14:50:24.680430,214.0
084E14484EC49A5E,EVANGELICAL LUTHERAN GOOD SAMARITAN SOCIETY,,2024-06,monthly,Average percentage of long-stay residents with a urinary tract infection,4.1,Affiliated Entity Performance 20240624.csv,2026-01-26T14:50:24.680430,214.0
084E14484EC49A5E,EVANGELICAL LUTHERAN GOOD SAMARITAN SOCIETY,,2024-06,monthly,Average percentage of short-stay residents who have had an outpatient emergency department visit,12.0,Affiliated Entity Performance 20240624.csv,2026-01-26T14:50:24.680430,214.0
084E14484EC49A5E,EVANGELICAL LUTHERAN GOOD SAMARITAN SOCIETY,,2024-06,monthly,Average percentage of short-stay residents who made improvements in function,78.2,Affiliated Entity Performance 20240624.csv,2026-01-26T14:50:24.680430,214.0
084E14484EC49A5E,EVANGELICAL LUTHERAN GOOD SAMARITAN SOCIETY,,2024-06,monthly,Average percentage of short-stay residents who newly received an antipsychotic medication,1.7,Affiliated Entity Performance 20240624.csv,2026-01-26T14:50:24.680430,214.0
084E14484EC49A5E,EVANGELICAL LUTHERAN GOOD SAMARITAN SOCIETY,,2024-06,monthly,Average percentage of short-stay residents who were assessed and appropriately given the pneumococcal vaccine,81.8,Affiliated Entity Performance 20240624.csv,2026-01-26T14:50:24.680430,214.0
084E14484EC49A5E,EVANGELICAL LUTHERAN GOOD SAMARITAN SOCIETY,,2024-06,monthly,Average percentage of short-stay residents who were assessed and appropriately given the seasonal influenza vaccine,69.7,Affiliated Entity Performance 20240624.csv,2026-01-26T14:50:24.680430,214.0
084E14484EC49A5E,EVANGELICAL LUTHERAN GOOD SAMARITAN SOCIETY,,2024-06,monthly,Average percentage of short-stay residents who were re-hospitalized after a nursing home admission,20.4,Affiliated Entity Performance 20240624.csv,2026-01-26T14:50:24.680430,214.0
084E14484EC49A5E,EVANGELICAL LUTHERAN GOOD SAMARITAN SOCIETY,,2024-06,monthly,Average percentage of short-stay residents with pressure ulcers or pressure injuries that are new or worsened,2.0,Affiliated Entity Performance 20240624.csv,2026-01-26T14:50:24.680430,214.0
084E14484EC49A5E,EVANGELICAL LUTHERAN GOOD SAMARITAN SOCIETY,,2024-06,monthly,Average quality rating,3.2,Affiliated Entity Performance 20240624.csv,2026-01-26T14:50:24.680430,214.0
084E14484EC49A5E,EVANGELICAL LUTHERAN GOOD SAMARITAN SOCIETY,,2024-06,monthly,Average rate of potentially preventable hospital readmissions 30 days after discharge from a SNF,9.8,Affiliated Entity Performance 20240624.csv,2026-01-26T14:50:24.680430,214.0
084E14484EC49A5E,EVANGELICAL LUTHERAN GOOD SAMARITAN SOCIETY,,2024-06,monthly,Average staffing rating,3.5,Affiliated Entity Performance 20240624.csv,2026-01-26T14:50:24.680430,214.0
084E14484EC49A5E,EVANGELICAL LUTHERAN GOOD SAMARITAN SOCIETY,,2024-06,monthly,Average total Registered Nurse hours per resident day,0.8,Affiliated Entity Performance 20240624.csv,2026-01-26T14:50:24.680430,214.0
084E14484EC49A5E,EVANGELICAL LUTHERAN GOOD SAMARITAN SOCIETY,,2024-06,monthly,Average total nurse hours per resident day,3.5,Affiliated Entity Performance 20240624.csv,2026-01-26T14:50:24.680430,214.0
084E14484EC49A5E,EVANGELICAL LUTHERAN GOOD SAMARITAN SOCIETY,,2024-06,monthly,Average total nursing staff turnover percentage,53.6,Affiliated Entity Performance 20240624.csv,2026-01-26T14:50:24.680430,214.0
084E14484EC49A5E,EVANGELICAL LUTHERAN GOOD SAMARITAN SOCIETY,,2024-06,monthly,Average total weekend nurse hours per resident day,3.0,Affiliated Entity Performance 20240624.csv,2026-01-26T14:50:24.680430,214.0
084E14484EC49A5E,EVANGELICAL LUTHERAN GOOD SAMARITAN SOCIETY,,2024-06,monthly,Number of SFF candidates,2.0,Affiliated Entity Performance 20240624.csv,2026-01-26T14:50:24.680430,214.0
084E14484EC49A5E,EVANGELICAL LUTHERAN GOOD SAMARITAN SOCIETY,,2024-06,monthly,Number of Special Focus Facilities (SFF),1.0,Affiliated Entity Performance 20240624.csv,2026-01-26T14:50:24.680430,214.0
084E14484EC49A5E,EVANGELICAL LUTHERAN GOOD SAMARITAN SOCIETY,,2024-06,monthly,Number of facilities,104.0,Affiliated Entity Performance 20240624.csv,2026-01-26T14:50:24.680430,214.0
084E14484EC49A5E,EVANGELICAL LUTHERAN GOOD SAMARITAN SOCIETY,,2024-06,monthly,Number of facilities with an abuse icon,3.0,Affiliated Entity Performance 20240624.csv,2026-01-26T14:50:24.680430,214.0
084E14484EC49A5E,EVANGELICAL LUTHERAN GOOD SAMARITAN SOCIETY,,2024-06,monthly,Number of states and territories with operations,17.0,Affiliated Entity Performance 20240624.csv,2026-01-26T14:50:24.680430,214.0
084E14484EC49A5E,EVANGELICAL LUTHERAN GOOD SAMARITAN SOCIETY,,2024-06,monthly,Percent of facilities classified as for-profit,6.7,Affiliated Entity Performance 20240624.csv,2026-01-26T14:50:24.680430,214.0
084E14484EC49A5E,EVANGELICAL LUTHERAN GOOD SAMARITAN SOCIETY,,2024-06,monthly,Percent of facilities classified as government-owned,0.0,Affiliated Entity Performance 20240624.csv,2026-01-26T14:50:24.680430,214.0
084E14484EC49A5E,EVANGELICAL LUTHERAN GOOD SAMARITAN SOCIETY,,2024-06,monthly,Percent of facilities classified as non-profit,93.3,Affiliated Entity Performance 20240624.csv,2026-01-26T14:50:24.680430,214.0
084E14484EC49A5E,EVANGELICAL LUTHERAN GOOD SAMARITAN SOCIETY,,2024-06,monthly,Percentage of facilities with an abuse icon,2.9,Affiliated Entity Performance 20240624.csv,2026-01-26T14:50:24.680430,214.0
084E14484EC49A5E,EVANGELICAL LUTHERAN GOOD SAMARITAN SOCIETY,,2024-06,monthly,Total amount of fines in dollars,2213822.34,Affiliated Entity Performance 20240624.csv,2026-01-26T14:50:24.680430,214.0
084E14484EC49A5E,EVANGELICAL LUTHERAN GOOD SAMARITAN SOCIETY,,2024-06,monthly,Total number of fines,114.0,Affiliated Entity Performance 20240624.csv,2026-01-26T14:50:24.680430,214.0
084E14484EC49A5E,EVANGELICAL LUTHERAN GOOD SAMARITAN SOCIETY,,2024-06,monthly,Total number of payment denials,12.0,Affiliated Entity Performance 20240624.csv,2026-01-26T14:50:24.680430,214.0
084E14484EC49A5E,EVANGELICAL LUTHERAN GOOD SAMARITAN SOCIETY,,2024-07,monthly,Average Registered Nurse turnover percentage,40.8,Affiliated Entity Performance 20240722.csv,2026-01-26T14:50:25.206569,214.0
084E14484EC49A5E,EVANGELICAL LUTHERAN GOOD SAMARITAN SOCIETY,,2024-07,monthly,Average amount of fines in dollars,20735.83,Affiliated Entity Performance 20240722.csv,2026-01-26T14:50:25.206569,214.0
084E14484EC49A5E,EVANGELICAL LUTHERAN GOOD SAMARITAN SOCIETY,,2024-07,monthly,Average health inspection rating,2.8,Affiliated Entity Performance 20240722.csv,2026-01-26T14:50:25.206569,214.0
084E14484EC49A5E,EVANGELICAL LUTHERAN GOOD SAMARITAN SOCIETY,,2024-07,monthly,Average number of administrators who have left the nursing home,0.4,Affiliated Entity Performance 20240722.csv,2026-01-26T14:50:25.206569,214.0
084E14484EC49A5E,EVANGELICAL LUTHERAN GOOD SAMARITAN SOCIETY,,2024-07,monthly,Average number of fines,1.0,Affiliated Entity Performance 20240722.csv,2026-01-26T14:50:25.206569,214.0
084E14484EC49A5E,EVANGELICAL LUTHERAN GOOD SAMARITAN SOCIETY,,2024-07,monthly,"Average number of hospitalizations per 1,000 long-stay resident days",1.35,Affiliated Entity Performance 20240722.csv,2026-01-26T14:50:25.206569,214.0
084E14484EC49A5E,EVANGELICAL LUTHERAN GOOD SAMARITAN SOCIETY,,2024-07,monthly,"Average number of outpatient emergency department visits per 1,000 long-stay resident days",1.62,Affiliated Entity Performance 20240722.csv,2026-01-26T14:50:25.206569,214.0
084E14484EC49A5E,EVANGELICAL LUTHERAN GOOD SAMARITAN SOCIETY,,2024-07,monthly,Average number of payment denials,0.1,Affiliated Entity Performance 20240722.csv,2026-01-26T14:50:25.206569,214.0
084E14484EC49A5E,EVANGELICAL LUTHERAN GOOD SAMARITAN SOCIETY,,2024-07,monthly,Average overall 5-star rating,2.9,Affiliated Entity Performance 20240722.csv,2026-01-26T14:50:25.206569,214.0
084E14484EC49A5E,EVANGELICAL LUTHERAN GOOD SAMARITAN SOCIETY,,2024-07,monthly,Average percentage of current residents up to date with COVID-19 vaccines,31.9,Affiliated Entity Performance 20240722.csv,2026-01-26T14:50:25.206569,214.0
084E14484EC49A5E,EVANGELICAL LUTHERAN GOOD SAMARITAN SOCIETY,,2024-07,monthly,Average percentage of healthcare personnel up to date with COVID-19 vaccines,5.3,Affiliated Entity Performance 20240722.csv,2026-01-26T14:50:25.206569,214.0
084E14484EC49A5E,EVANGELICAL LUTHERAN GOOD SAMARITAN SOCIETY,,2024-07,monthly,Average percentage of long-stay high-risk residents with pressure ulcers,6.3,Affiliated Entity Performance 20240722.csv,2026-01-26T14:50:25.206569,214.0
084E14484EC49A5E,EVANGELICAL LUTHERAN GOOD SAMARITAN SOCIETY,,2024-07,monthly,Average percentage of long-stay low-risk residents who lose control of their bowels or bladder,50.0,Affiliated Entity Performance 20240722.csv,2026-01-26T14:50:25.206569,214.0
084E14484EC49A5E,EVANGELICAL LUTHERAN GOOD SAMARITAN SOCIETY,,2024-07,monthly,Average percentage of long-stay residents experiencing one or more falls with major injury,4.1,Affiliated Entity Performance 20240722.csv,2026-01-26T14:50:25.206569,214.0
084E14484EC49A5E,EVANGELICAL LUTHERAN GOOD SAMARITAN SOCIETY,,2024-07,monthly,Average percentage of long-stay residents who have or had a catheter inserted and left in their bladder,2.1,Affiliated Entity Performance 20240722.csv,2026-01-26T14:50:25.206569,214.0
084E14484EC49A5E,EVANGELICAL LUTHERAN GOOD SAMARITAN SOCIETY,,2024-07,monthly,Average percentage of long-stay residents who have symptoms of depression,3.4,Affiliated Entity Performance 20240722.csv,2026-01-26T14:50:25.206569,214.0
084E14484EC49A5E,EVANGELICAL LUTHERAN GOOD SAMARITAN SOCIETY,,2024-07,monthly,Average percentage of long-stay residents who lose too much weight,6.1,Affiliated Entity Performance 20240722.csv,2026-01-26T14:50:25.206569,214.0
084E14484EC49A5E,EVANGELICAL LUTHERAN GOOD SAMARITAN SOCIETY,,2024-07,monthly,Average percentage of long-stay residents who received an antipsychotic medication,15.8,Affiliated Entity Performance 20240722.csv,2026-01-26T14:50:25.206569,214.0
084E14484EC49A5E,EVANGELICAL LUTHERAN GOOD SAMARITAN SOCIETY,,2024-07,monthly,Average percentage of long-stay residents who used antianxiety or hypnotic medication,15.5,Affiliated Entity Performance 20240722.csv,2026-01-26T14:50:25.206569,214.0
084E14484EC49A5E,EVANGELICAL LUTHERAN GOOD SAMARITAN SOCIETY,,2024-07,monthly,Average percentage of long-stay residents who were assessed and appropriately given the pneumococcal vaccine,95.5,Affiliated Entity Performance 20240722.csv,2026-01-26T14:50:25.206569,214.0
084E14484EC49A5E,EVANGELICAL LUTHERAN GOOD SAMARITAN SOCIETY,,2024-07,monthly,Average percentage of long-stay residents who were assessed and appropriately given the seasonal influenza vaccine,95.9,Affiliated Entity Performance 20240722.csv,2026-01-26T14:50:25.206569,214.0
084E14484EC49A5E,EVANGELICAL LUTHERAN GOOD SAMARITAN SOCIETY,,2024-07,monthly,Average percentage of long-stay residents who were physically restrained,0.1,Affiliated Entity Performance 20240722.csv,2026-01-26T14:50:25.206569,214.0
084E14484EC49A5E,EVANGELICAL LUTHERAN GOOD SAMARITAN SOCIETY,,2024-07,monthly,Average percentage of long-stay residents whose ability to move independently worsened,18.9,Affiliated Entity Performance 20240722.csv,2026-01-26T14:50:25.206569,214.0
084E14484EC49A5E,EVANGELICAL LUTHERAN GOOD SAMARITAN SOCIETY,,2024-07,monthly,Average percentage of long-stay residents whose need for help with activities of daily living has increased,16.5,Affiliated Entity Performance 20240722.csv,2026-01-26T14:50:25.206569,214.0
084E14484EC49A5E,EVANGELICAL LUTHERAN GOOD SAMARITAN SOCIETY,,2024-07,monthly,Average percentage of long-stay residents with a urinary tract infection,4.3,Affiliated Entity Performance 20240722.csv,2026-01-26T14:50:25.206569,214.0
084E14484EC49A5E,EVANGELICAL LUTHERAN GOOD SAMARITAN SOCIETY,,2024-07,monthly,Average percentage of short-stay residents who have had an outpatient emergency department visit,11.4,Affiliated Entity Performance 20240722.csv,2026-01-26T14:50:25.206569,214.0
084E14484EC49A5E,EVANGELICAL LUTHERAN GOOD SAMARITAN SOCIETY,,2024-07,monthly,Average percentage of short-stay residents who made improvements in function,78.3,Affiliated Entity Performance 20240722.csv,2026-01-26T14:50:25.206569,214.0
084E14484EC49A5E,EVANGELICAL LUTHERAN GOOD SAMARITAN SOCIETY,,2024-07,monthly,Average percentage of short-stay residents who newly received an antipsychotic medication,2.1,Affiliated Entity Performance 20240722.csv,2026-01-26T14:50:25.206569,214.0
084E14484EC49A5E,EVANGELICAL LUTHERAN GOOD SAMARITAN SOCIETY,,2024-07,monthly,Average percentage of short-stay residents who were assessed and appropriately given the pneumococcal vaccine,82.5,Affiliated Entity Performance 20240722.csv,2026-01-26T14:50:25.206569,214.0
084E14484EC49A5E,EVANGELICAL LUTHERAN GOOD SAMARITAN SOCIETY,,2024-07,monthly,Average percentage of short-stay residents who were assessed and appropriately given the seasonal influenza vaccine,70.1,Affiliated Entity Performance 20240722.csv,2026-01-26T14:50:25.206569,214.0
084E14484EC49A5E,EVANGELICAL LUTHERAN GOOD SAMARITAN SOCIETY,,2024-07,monthly,Average percentage of short-stay residents who were re-hospitalized after a nursing home admission,19.0,Affiliated Entity Performance 20240722.csv,2026-01-26T14:50:25.206569,214.0
084E14484EC49A5E,EVANGELICAL LUTHERAN GOOD SAMARITAN SOCIETY,,2024-07,monthly,Average percentage of short-stay residents with pressure ulcers or pressure injuries that are new or worsened,1.9,Affiliated Entity Performance 20240722.csv,2026-01-26T14:50:25.206569,214.0
084E14484EC49A5E,EVANGELICAL LUTHERAN GOOD SAMARITAN SOCIETY,,2024-07,monthly,Average quality rating,3.2,Affiliated Entity Performance 20240722.csv,2026-01-26T14:50:25.206569,214.0
084E14484EC49A5E,EVANGELICAL LUTHERAN GOOD SAMARITAN SOCIETY,,2024-07,monthly,Average rate of potentially preventable hospital readmissions 30 days after discharge from a SNF,9.8,Affiliated Entity Performance 20240722.csv,2026-01-26T14:50:25.206569,214.0
084E14484EC49A5E,EVANGELICAL LUTHERAN GOOD SAMARITAN SOCIETY,,2024-07,monthly,Average staffing rating,3.4,Affiliated Entity Performance 20240722.csv,2026-01-26T14:50:25.206569,214.0
084E14484EC49A5E,EVANGELICAL LUTHERAN GOOD SAMARITAN SOCIETY,,2024-07,monthly,Average total Registered Nurse hours per resident day,0.9,Affiliated Entity Performance 20240722.csv,2026-01-26T14:50:25.206569,214.0
084E14484EC49A5E,EVANGELICAL LUTHERAN GOOD SAMARITAN SOCIETY,,2024-07,monthly,Average total nurse hours per resident day,3.6,Affiliated Entity Performance 20240722.csv,2026-01-26T14:50:25.206569,214.0
084E14484EC49A5E,EVANGELICAL LUTHERAN GOOD SAMARITAN SOCIETY,,2024-07,monthly,Average total nursing staff turnover percentage,50.3,Affiliated Entity Performance 20240722.csv,2026-01-26T14:50:25.206569,214.0
084E14484EC49A5E,EVANGELICAL LUTHERAN GOOD SAMARITAN SOCIETY,,2024-07,monthly,Average total weekend nurse hours per resident day,3.1,Affiliated Entity Performance 20240722.csv,2026-01-26T14:50:25.206569,214.0
084E14484EC49A5E,EVANGELICAL LUTHERAN GOOD SAMARITAN SOCIETY,,2024-07,monthly,Number of SFF candidates,2.0,Affiliated Entity Performance 20240722.csv,2026-01-26T14:50:25.206569,214.0
084E14484EC49A5E,EVANGELICAL LUTHERAN GOOD SAMARITAN SOCIETY,,2024-07,monthly,Number of Special Focus Facilities (SFF),1.0,Affiliated Entity Performance 20240722.csv,2026-01-26T14:50:25.206569,214.0
084E14484EC49A5E,EVANGELICAL LUTHERAN GOOD SAMARITAN SOCIETY,,2024-07,monthly,Number of facilities,103.0,Affiliated Entity Performance 20240722.csv,2026-01-26T14:50:25.206569,214.0
084E14484EC49A5E,EVANGELICAL LUTHERAN GOOD SAMARITAN SOCIETY,,2024-07,monthly,Number of facilities with an abuse icon,3.0,Affiliated Entity Performance 20240722.csv,2026-01-26T14:50:25.206569,214.0
084E14484EC49A5E,EVANGELICAL LUTHERAN GOOD SAMARITAN SOCIETY,,2024-07,monthly,Number of states and territories with operations,16.0,Affiliated Entity Performance 20240722.csv,2026-01-26T14:50:25.206569,214.0
084E14484EC49A5E,EVANGELICAL LUTHERAN GOOD SAMARITAN SOCIETY,,2024-07,monthly,Percent of facilities classified as for-profit,5.8,Affiliated Entity Performance 20240722.csv,2026-01-26T14:50:25.206569,214.0
084E14484EC49A5E,EVANGELICAL LUTHERAN GOOD SAMARITAN SOCIETY,,2024-07,monthly,Percent of facilities classified as government-owned,0.0,Affiliated Entity Performance 20240722.csv,2026-01-26T14:50:25.206569,214.0
084E14484EC49A5E,EVANGELICAL LUTHERAN GOOD SAMARITAN SOCIETY,,2024-07,monthly,Percent of facilities classified as non-profit,94.2,Affiliated Entity Performance 20240722.csv,2026-01-26T14:50:25.206569,214.0
084E14484EC49A5E,EVANGELICAL LUTHERAN GOOD SAMARITAN SOCIETY,,2024-07,monthly,Percentage of facilities with an abuse icon,2.9,Affiliated Entity Performance 20240722.csv,2026-01-26T14:50:25.206569,214.0
084E14484EC49A5E,EVANGELICAL LUTHERAN GOOD SAMARITAN SOCIETY,,2024-07,monthly,Total amount of fines in dollars,2135790.47,Affiliated Entity Performance 20240722.csv,2026-01-26T14:50:25.206569,214.0
084E14484EC49A5E,EVANGELICAL LUTHERAN GOOD SAMARITAN SOCIETY,,2024-07,monthly,Total number of fines,104.0,Affiliated Entity Performance 20240722.csv,2026-01-26T14:50:25.206569,214.0
084E14484EC49A5E,EVANGELICAL LUTHERAN GOOD SAMARITAN SOCIETY,,2024-07,monthly,Total number of payment denials,12.0,Affiliated Entity Performance 20240722.csv,2026-01-26T14:50:25.206569,214.0
084E14484EC49A5E,EVANGELICAL LUTHERAN GOOD SAMARITAN SOCIETY,,2024-08,monthly,Average Registered Nurse turnover percentage,38.1,Affiliated Entity Performance 20240822.csv,2026-01-26T14:50:25.701623,214.0
084E14484EC49A5E,EVANGELICAL LUTHERAN GOOD SAMARITAN SOCIETY,,2024-08,monthly,Average amount of fines in dollars,16980.69,Affiliated Entity Performance 20240822.csv,2026-01-26T14:50:25.701623,214.0
084E14484EC49A5E,EVANGELICAL LUTHERAN GOOD SAMARITAN SOCIETY,,2024-08,monthly,Average health inspection rating,2.8,Affiliated Entity Performance 20240822.csv,2026-01-26T14:50:25.701623,214.0
084E14484EC49A5E,EVANGELICAL LUTHERAN GOOD SAMARITAN SOCIETY,,2024-08,monthly,Average number of administrators who have left the nursing home,0.4,Affiliated Entity Performance 20240822.csv,2026-01-26T14:50:25.701623,214.0
084E14484EC49A5E,EVANGELICAL LUTHERAN GOOD SAMARITAN SOCIETY,,2024-08,monthly,Average number of fines,1.0,Affiliated Entity Performance 20240822.csv,2026-01-26T14:50:25.701623,214.0
084E14484EC49A5E,EVANGELICAL LUTHERAN GOOD SAMARITAN SOCIETY,,2024-08,monthly,"Average number of hospitalizations per 1,000 long-stay resident days",1.33,Affiliated Entity Performance 20240822.csv,2026-01-26T14:50:25.701623,214.0
084E14484EC49A5E,EVANGELICAL LUTHERAN GOOD SAMARITAN SOCIETY,,2024-08,monthly,"Average number of outpatient emergency department visits per 1,000 long-stay resident days",1.63,Affiliated Entity Performance 20240822.csv,2026-01-26T14:50:25.701623,214.0
084E14484EC49A5E,EVANGELICAL LUTHERAN GOOD SAMARITAN SOCIETY,,2024-08,monthly,Average number of payment denials,0.1,Affiliated Entity Performance 20240822.csv,2026-01-26T14:50:25.701623,214.0
084E14484EC49A5E,EVANGELICAL LUTHERAN GOOD SAMARITAN SOCIETY,,2024-08,monthly,Average overall 5-star rating,3.0,Affiliated Entity Performance 20240822.csv,2026-01-26T14:50:25.701623,214.0
084E14484EC49A5E,EVANGELICAL LUTHERAN GOOD SAMARITAN SOCIETY,,2024-08,monthly,Average percentage of current residents up to date with COVID-19 vaccines,34.8,Affiliated Entity Performance 20240822.csv,2026-01-26T14:50:25.701623,214.0
084E14484EC49A5E,EVANGELICAL LUTHERAN GOOD SAMARITAN SOCIETY,,2024-08,monthly,Average percentage of healthcare personnel up to date with COVID-19 vaccines,6.7,Affiliated Entity Performance 20240822.csv,2026-01-26T14:50:25.701623,214.0
084E14484EC49A5E,EVANGELICAL LUTHERAN GOOD SAMARITAN SOCIETY,,2024-08,monthly,Average percentage of long-stay high-risk residents with pressure ulcers,5.7,Affiliated Entity Performance 20240822.csv,2026-01-26T14:50:25.701623,214.0
084E14484EC49A5E,EVANGELICAL LUTHERAN GOOD SAMARITAN SOCIETY,,2024-08,monthly,Average percentage of long-stay low-risk residents who lose control of their bowels or bladder,48.2,Affiliated Entity Performance 20240822.csv,2026-01-26T14:50:25.701623,214.0
084E14484EC49A5E,EVANGELICAL LUTHERAN GOOD SAMARITAN SOCIETY,,2024-08,monthly,Average percentage of long-stay residents experiencing one or more falls with major injury,3.9,Affiliated Entity Performance 20240822.csv,2026-01-26T14:50:25.701623,214.0
084E14484EC49A5E,EVANGELICAL LUTHERAN GOOD SAMARITAN SOCIETY,,2024-08,monthly,Average percentage of long-stay residents who have or had a catheter inserted and left in their bladder,2.2,Affiliated Entity Performance 20240822.csv,2026-01-26T14:50:25.701623,214.0
084E14484EC49A5E,EVANGELICAL LUTHERAN GOOD SAMARITAN SOCIETY,,2024-08,monthly,Average percentage of long-stay residents who have symptoms of depression,3.5,Affiliated Entity Performance 20240822.csv,2026-01-26T14:50:25.701623,214.0
084E14484EC49A5E,EVANGELICAL LUTHERAN GOOD SAMARITAN SOCIETY,,2024-08,monthly,Average percentage of long-stay residents who lose too much weight,5.5,Affiliated Entity Performance 20240822.csv,2026-01-26T14:50:25.701623,214.0
084E14484EC49A5E,EVANGELICAL LUTHERAN GOOD SAMARITAN SOCIETY,,2024-08,monthly,Average percentage of long-stay residents who received an antipsychotic medication,15.3,Affiliated Entity Performance 20240822.csv,2026-01-26T14:50:25.701623,214.0
084E14484EC49A5E,EVANGELICAL LUTHERAN GOOD SAMARITAN SOCIETY,,2024-08,monthly,Average percentage of long-stay residents who used antianxiety or hypnotic medication,14.9,Affiliated Entity Performance 20240822.csv,2026-01-26T14:50:25.701623,214.0
084E14484EC49A5E,EVANGELICAL LUTHERAN GOOD SAMARITAN SOCIETY,,2024-08,monthly,Average percentage of long-stay residents who were assessed and appropriately given the pneumococcal vaccine,96.3,Affiliated Entity Performance 20240822.csv,2026-01-26T14:50:25.701623,214.0
084E14484EC49A5E,EVANGELICAL LUTHERAN GOOD SAMARITAN SOCIETY,,2024-08,monthly,Average percentage of long-stay residents who were assessed and appropriately given the seasonal influenza vaccine,95.2,Affiliated Entity Performance 20240822.csv,2026-01-26T14:50:25.701623,214.0
084E14484EC49A5E,EVANGELICAL LUTHERAN GOOD SAMARITAN SOCIETY,,2024-08,monthly,Average percentage of long-stay residents who were physically restrained,0.1,Affiliated Entity Performance 20240822.csv,2026-01-26T14:50:25.701623,214.0
084E14484EC49A5E,EVANGELICAL LUTHERAN GOOD SAMARITAN SOCIETY,,2024-08,monthly,Average percentage of long-stay residents whose ability to move independently worsened,18.9,Affiliated Entity Performance 20240822.csv,2026-01-26T14:50:25.701623,214.0
084E14484EC49A5E,EVANGELICAL LUTHERAN GOOD SAMARITAN SOCIETY,,2024-08,monthly,Average percentage of long-stay residents whose need for help with activities of daily living has increased,16.7,Affiliated Entity Performance 20240822.csv,2026-01-26T14:50:25.701623,214.0
084E14484EC49A5E,EVANGELICAL LUTHERAN GOOD SAMARITAN SOCIETY,,2024-08,monthly,Average percentage of long-stay residents with a urinary tract infection,4.2,Affiliated Entity Performance 20240822.csv,2026-01-26T14:50:25.701623,214.0
084E14484EC49A5E,EVANGELICAL LUTHERAN GOOD SAMARITAN SOCIETY,,2024-08,monthly,Average percentage of short-stay residents who have had an outpatient emergency department visit,12.0,Affiliated Entity Performance 20240822.csv,2026-01-26T14:50:25.701623,214.0
084E14484EC49A5E,EVANGELICAL LUTHERAN GOOD SAMARITAN SOCIETY,,2024-08,monthly,Average percentage of short-stay residents who made improvements in function,79.4,Affiliated Entity Performance 20240822.csv,2026-01-26T14:50:25.701623,214.0
084E14484EC49A5E,EVANGELICAL LUTHERAN GOOD SAMARITAN SOCIETY,,2024-08,monthly,Average percentage of short-stay residents who newly received an antipsychotic medication,2.3,Affiliated Entity Performance 20240822.csv,2026-01-26T14:50:25.701623,214.0
084E14484EC49A5E,EVANGELICAL LUTHERAN GOOD SAMARITAN SOCIETY,,2024-08,monthly,Average percentage of short-stay residents who were assessed and appropriately given the pneumococcal vaccine,83.2,Affiliated Entity Performance 20240822.csv,2026-01-26T14:50:25.701623,214.0
084E14484EC49A5E,EVANGELICAL LUTHERAN GOOD SAMARITAN SOCIETY,,2024-08,monthly,Average percentage of short-stay residents who were assessed and appropriately given the seasonal influenza vaccine,67.7,Affiliated Entity Performance 20240822.csv,2026-01-26T14:50:25.701623,214.0
084E14484EC49A5E,EVANGELICAL LUTHERAN GOOD SAMARITAN SOCIETY,,2024-08,monthly,Average percentage of short-stay residents who were re-hospitalized after a nursing home admission,19.0,Affiliated Entity Performance 20240822.csv,2026-01-26T14:50:25.701623,214.0
084E14484EC49A5E,EVANGELICAL LUTHERAN GOOD SAMARITAN SOCIETY,,2024-08,monthly,Average percentage of short-stay residents with pressure ulcers or pressure injuries that are new or worsened,1.8,Affiliated Entity Performance 20240822.csv,2026-01-26T14:50:25.701623,214.0
084E14484EC49A5E,EVANGELICAL LUTHERAN GOOD SAMARITAN SOCIETY,,2024-08,monthly,Average quality rating,3.2,Affiliated Entity Performance 20240822.csv,2026-01-26T14:50:25.701623,214.0
084E14484EC49A5E,EVANGELICAL LUTHERAN GOOD SAMARITAN SOCIETY,,2024-08,monthly,Average rate of potentially preventable hospital readmissions 30 days after discharge from a SNF,9.8,Affiliated Entity Performance 20240822.csv,2026-01-26T14:50:25.701623,214.0
084E14484EC49A5E,EVANGELICAL LUTHERAN GOOD SAMARITAN SOCIETY,,2024-08,monthly,Average staffing rating,3.4,Affiliated Entity Performance 20240822.csv,2026-01-26T14:50:25.701623,214.0
084E14484EC49A5E,EVANGELICAL LUTHERAN GOOD SAMARITAN SOCIETY,,2024-08,monthly,Average total Registered Nurse hours per resident day,0.9,Affiliated Entity Performance 20240822.csv,2026-01-26T14:50:25.701623,214.0
084E14484EC49A5E,EVANGELICAL LUTHERAN GOOD SAMARITAN SOCIETY,,2024-08,monthly,Average total nurse hours per resident day,3.6,Affiliated Entity Performance 20240822.csv,2026-01-26T14:50:25.701623,214.0
084E14484EC49A5E,EVANGELICAL LUTHERAN GOOD SAMARITAN SOCIETY,,2024-08,monthly,Average total nursing staff turnover percentage,48.9,Affiliated Entity Performance 20240822.csv,2026-01-26T14:50:25.701623,214.0
084E14484EC49A5E,EVANGELICAL LUTHERAN GOOD SAMARITAN SOCIETY,,2024-08,monthly,Average total weekend nurse hours per resident day,3.1,Affiliated Entity Performance 20240822.csv,2026-01-26T14:50:25.701623,214.0
084E14484EC49A5E,EVANGELICAL LUTHERAN GOOD SAMARITAN SOCIETY,,2024-08,monthly,Number of SFF candidates,2.0,Affiliated Entity Performance 20240822.csv,2026-01-26T14:50:25.701623,214.0
084E14484EC49A5E,EVANGELICAL LUTHERAN GOOD SAMARITAN SOCIETY,,2024-08,monthly,Number of Special Focus Facilities (SFF),0.0,Affiliated Entity Performance 20240822.csv,2026-01-26T14:50:25.701623,214.0
084E14484EC49A5E,EVANGELICAL LUTHERAN GOOD SAMARITAN SOCIETY,,2024-08,monthly,Number of facilities,63.0,Affiliated Entity Performance 20240822.csv,2026-01-26T14:50:25.701623,214.0
084E14484EC49A5E,EVANGELICAL LUTHERAN GOOD SAMARITAN SOCIETY,,2024-08,monthly,Number of facilities with an abuse icon,2.0,Affiliated Entity Performance 20240822.csv,2026-01-26T14:50:25.701623,214.0
084E14484EC49A5E,EVANGELICAL LUTHERAN GOOD SAMARITAN SOCIETY,,2024-08,monthly,Number of states and territories with operations,9.0,Affiliated Entity Performance 20240822.csv,2026-01-26T14:50:25.701623,214.0
084E14484EC49A5E,EVANGELICAL LUTHERAN GOOD SAMARITAN SOCIETY,,2024-08,monthly,Percent of facilities classified as for-profit,4.8,Affiliated Entity Performance 20240822.csv,2026-01-26T14:50:25.701623,214.0
084E14484EC49A5E,EVANGELICAL LUTHERAN GOOD SAMARITAN SOCIETY,,2024-08,monthly,Percent of facilities classified as government-owned,0.0,Affiliated Entity Performance 20240822.csv,2026-01-26T14:50:25.701623,214.0
084E14484EC49A5E,EVANGELICAL LUTHERAN GOOD SAMARITAN SOCIETY,,2024-08,monthly,Percent of facilities classified as non-profit,95.2,Affiliated Entity Performance 20240822.csv,2026-01-26T14:50:25.701623,214.0
084E14484EC49A5E,EVANGELICAL LUTHERAN GOOD SAMARITAN SOCIETY,,2024-08,monthly,Percentage of facilities with an abuse icon,3.2,Affiliated Entity Performance 20240822.csv,2026-01-26T14:50:25.701623,214.0
084E14484EC49A5E,EVANGELICAL LUTHERAN GOOD SAMARITAN SOCIETY,,2024-08,monthly,Total amount of fines in dollars,1069783.28,Affiliated Entity Performance 20240822.csv,2026-01-26T14:50:25.701623,214.0
084E14484EC49A5E,EVANGELICAL LUTHERAN GOOD SAMARITAN SOCIETY,,2024-08,monthly,Total number of fines,61.0,Affiliated Entity Performance 20240822.csv,2026-01-26T14:50:25.701623,214.0
084E14484EC49A5E,EVANGELICAL LUTHERAN GOOD SAMARITAN SOCIETY,,2024-08,monthly,Total number of payment denials,7.0,Affiliated Entity Performance 20240822.csv,2026-01-26T14:50:25.701623,214.0
084E14484EC49A5E,EVANGELICAL LUTHERAN GOOD SAMARITAN SOCIETY,,2024-09,monthly,Average Registered Nurse turnover percentage,38.1,Affiliated Entity Performance 20240925.csv,2026-01-26T14:50:26.343820,214.0
084E14484EC49A5E,EVANGELICAL LUTHERAN GOOD SAMARITAN SOCIETY,,2024-09,monthly,Average amount of fines in dollars,16303.39,Affiliated Entity Performance 20240925.csv,2026-01-26T14:50:26.343820,214.0
084E14484EC49A5E,EVANGELICAL LUTHERAN GOOD SAMARITAN SOCIETY,,2024-09,monthly,Average health inspection rating,2.9,Affiliated Entity Performance 20240925.csv,2026-01-26T14:50:26.343820,214.0
084E14484EC49A5E,EVANGELICAL LUTHERAN GOOD SAMARITAN SOCIETY,,2024-09,monthly,Average number of administrators who have left the nursing home,0.4,Affiliated Entity Performance 20240925.csv,2026-01-26T14:50:26.343820,214.0
084E14484EC49A5E,EVANGELICAL LUTHERAN GOOD SAMARITAN SOCIETY,,2024-09,monthly,Average number of fines,0.9,Affiliated Entity Performance 20240925.csv,2026-01-26T14:50:26.343820,214.0
084E14484EC49A5E,EVANGELICAL LUTHERAN GOOD SAMARITAN SOCIETY,,2024-09,monthly,"Average number of hospitalizations per 1,000 long-stay resident days",1.33,Affiliated Entity Performance 20240925.csv,2026-01-26T14:50:26.343820,214.0
084E14484EC49A5E,EVANGELICAL LUTHERAN GOOD SAMARITAN SOCIETY,,2024-09,monthly,"Average number of outpatient emergency department visits per 1,000 long-stay resident days",1.63,Affiliated Entity Performance 20240925.csv,2026-01-26T14:50:26.343820,214.0
084E14484EC49A5E,EVANGELICAL LUTHERAN GOOD SAMARITAN SOCIETY,,2024-09,monthly,Average number of payment denials,0.1,Affiliated Entity Performance 20240925.csv,2026-01-26T14:50:26.343820,214.0
084E14484EC49A5E,EVANGELICAL LUTHERAN GOOD SAMARITAN SOCIETY,,2024-09,monthly,Average overall 5-star rating,3.0,Affiliated Entity Performance 20240925.csv,2026-01-26T14:50:26.343820,214.0
084E14484EC49A5E,EVANGELICAL LUTHERAN GOOD SAMARITAN SOCIETY,,2024-09,monthly,Average percentage of current residents up to date with COVID-19 vaccines,33.5,Affiliated Entity Performance 20240925.csv,2026-01-26T14:50:26.343820,214.0
084E14484EC49A5E,EVANGELICAL LUTHERAN GOOD SAMARITAN SOCIETY,,2024-09,monthly,Average percentage of healthcare personnel up to date with COVID-19 vaccines,6.9,Affiliated Entity Performance 20240925.csv,2026-01-26T14:50:26.343820,214.0
084E14484EC49A5E,EVANGELICAL LUTHERAN GOOD SAMARITAN SOCIETY,,2024-09,monthly,Average percentage of long-stay high-risk residents with pressure ulcers,5.7,Affiliated Entity Performance 20240925.csv,2026-01-26T14:50:26.343820,214.0
084E14484EC49A5E,EVANGELICAL LUTHERAN GOOD SAMARITAN SOCIETY,,2024-09,monthly,Average percentage of long-stay low-risk residents who lose control of their bowels or bladder,48.2,Affiliated Entity Performance 20240925.csv,2026-01-26T14:50:26.343820,214.0
084E14484EC49A5E,EVANGELICAL LUTHERAN GOOD SAMARITAN SOCIETY,,2024-09,monthly,Average percentage of long-stay residents experiencing one or more falls with major injury,3.9,Affiliated Entity Performance 20240925.csv,2026-01-26T14:50:26.343820,214.0
084E14484EC49A5E,EVANGELICAL LUTHERAN GOOD SAMARITAN SOCIETY,,2024-09,monthly,Average percentage of long-stay residents who have or had a catheter inserted and left in their bladder,2.2,Affiliated Entity Performance 20240925.csv,2026-01-26T14:50:26.343820,214.0
084E14484EC49A5E,EVANGELICAL LUTHERAN GOOD SAMARITAN SOCIETY,,2024-09,monthly,Average percentage of long-stay residents who have symptoms of depression,3.5,Affiliated Entity Performance 20240925.csv,2026-01-26T14:50:26.343820,214.0
084E14484EC49A5E,EVANGELICAL LUTHERAN GOOD SAMARITAN SOCIETY,,2024-09,monthly,Average percentage of long-stay residents who lose too much weight,5.5,Affiliated Entity Performance 20240925.csv,2026-01-26T14:50:26.343820,214.0
084E14484EC49A5E,EVANGELICAL LUTHERAN GOOD SAMARITAN SOCIETY,,2024-09,monthly,Average percentage of long-stay residents who received an antipsychotic medication,15.3,Affiliated Entity Performance 20240925.csv,2026-01-26T14:50:26.343820,214.0
084E14484EC49A5E,EVANGELICAL LUTHERAN GOOD SAMARITAN SOCIETY,,2024-09,monthly,Average percentage of long-stay residents who used antianxiety or hypnotic medication,14.9,Affiliated Entity Performance 20240925.csv,2026-01-26T14:50:26.343820,214.0
084E14484EC49A5E,EVANGELICAL LUTHERAN GOOD SAMARITAN SOCIETY,,2024-09,monthly,Average percentage of long-stay residents who were assessed and appropriately given the pneumococcal vaccine,96.3,Affiliated Entity Performance 20240925.csv,2026-01-26T14:50:26.343820,214.0
084E14484EC49A5E,EVANGELICAL LUTHERAN GOOD SAMARITAN SOCIETY,,2024-09,monthly,Average percentage of long-stay residents who were assessed and appropriately given the seasonal influenza vaccine,95.2,Affiliated Entity Performance 20240925.csv,2026-01-26T14:50:26.343820,214.0
084E14484EC49A5E,EVANGELICAL LUTHERAN GOOD SAMARITAN SOCIETY,,2024-09,monthly,Average percentage of long-stay residents who were physically restrained,0.1,Affiliated Entity Performance 20240925.csv,2026-01-26T14:50:26.343820,214.0
084E14484EC49A5E,EVANGELICAL LUTHERAN GOOD SAMARITAN SOCIETY,,2024-09,monthly,Average percentage of long-stay residents whose ability to move independently worsened,18.9,Affiliated Entity Performance 20240925.csv,2026-01-26T14:50:26.343820,214.0
084E14484EC49A5E,EVANGELICAL LUTHERAN GOOD SAMARITAN SOCIETY,,2024-09,monthly,Average percentage of long-stay residents whose need for help with activities of daily living has increased,16.7,Affiliated Entity Performance 20240925.csv,2026-01-26T14:50:26.343820,214.0
084E14484EC49A5E,EVANGELICAL LUTHERAN GOOD SAMARITAN SOCIETY,,2024-09,monthly,Average percentage of long-stay residents with a urinary tract infection,4.2,Affiliated Entity Performance 20240925.csv,2026-01-26T14:50:26.343820,214.0
084E14484EC49A5E,EVANGELICAL LUTHERAN GOOD SAMARITAN SOCIETY,,2024-09,monthly,Average percentage of short-stay residents who have had an outpatient emergency department visit,12.0,Affiliated Entity Performance 20240925.csv,2026-01-26T14:50:26.343820,214.0
084E14484EC49A5E,EVANGELICAL LUTHERAN GOOD SAMARITAN SOCIETY,,2024-09,monthly,Average percentage of short-stay residents who made improvements in function,79.4,Affiliated Entity Performance 20240925.csv,2026-01-26T14:50:26.343820,214.0
084E14484EC49A5E,EVANGELICAL LUTHERAN GOOD SAMARITAN SOCIETY,,2024-09,monthly,Average percentage of short-stay residents who newly received an antipsychotic medication,2.3,Affiliated Entity Performance 20240925.csv,2026-01-26T14:50:26.343820,214.0
084E14484EC49A5E,EVANGELICAL LUTHERAN GOOD SAMARITAN SOCIETY,,2024-09,monthly,Average percentage of short-stay residents who were assessed and appropriately given the pneumococcal vaccine,83.2,Affiliated Entity Performance 20240925.csv,2026-01-26T14:50:26.343820,214.0
084E14484EC49A5E,EVANGELICAL LUTHERAN GOOD SAMARITAN SOCIETY,,2024-09,monthly,Average percentage of short-stay residents who were assessed and appropriately given the seasonal influenza vaccine,67.7,Affiliated Entity Performance 20240925.csv,2026-01-26T14:50:26.343820,214.0
084E14484EC49A5E,EVANGELICAL LUTHERAN GOOD SAMARITAN SOCIETY,,2024-09,monthly,Average percentage of short-stay residents who were re-hospitalized after a nursing home admission,19.0,Affiliated Entity Performance 20240925.csv,2026-01-26T14:50:26.343820,214.0
084E14484EC49A5E,EVANGELICAL LUTHERAN GOOD SAMARITAN SOCIETY,,2024-09,monthly,Average percentage of short-stay residents with pressure ulcers or pressure injuries that are new or worsened,1.8,Affiliated Entity Performance 20240925.csv,2026-01-26T14:50:26.343820,214.0
084E14484EC49A5E,EVANGELICAL LUTHERAN GOOD SAMARITAN SOCIETY,,2024-09,monthly,Average quality rating,3.2,Affiliated Entity Performance 20240925.csv,2026-01-26T14:50:26.343820,214.0
084E14484EC49A5E,EVANGELICAL LUTHERAN GOOD SAMARITAN SOCIETY,,2024-09,monthly,Average rate of potentially preventable hospital readmissions 30 days after discharge from a SNF,9.8,Affiliated Entity Performance 20240925.csv,2026-01-26T14:50:26.343820,214.0
084E14484EC49A5E,EVANGELICAL LUTHERAN GOOD SAMARITAN SOCIETY,,2024-09,monthly,Average staffing rating,3.4,Affiliated Entity Performance 20240925.csv,2026-01-26T14:50:26.343820,214.0
084E14484EC49A5E,EVANGELICAL LUTHERAN GOOD SAMARITAN SOCIETY,,2024-09,monthly,Average total Registered Nurse hours per resident day,0.9,Affiliated Entity Performance 20240925.csv,2026-01-26T14:50:26.343820,214.0
084E14484EC49A5E,EVANGELICAL LUTHERAN GOOD SAMARITAN SOCIETY,,2024-09,monthly,Average total nurse hours per resident day,3.6,Affiliated Entity Performance 20240925.csv,2026-01-26T14:50:26.343820,214.0
084E14484EC49A5E,EVANGELICAL LUTHERAN GOOD SAMARITAN SOCIETY,,2024-09,monthly,Average total nursing staff turnover percentage,48.9,Affiliated Entity Performance 20240925.csv,2026-01-26T14:50:26.343820,214.0
084E14484EC49A5E,EVANGELICAL LUTHERAN GOOD SAMARITAN SOCIETY,,2024-09,monthly,Average total weekend nurse hours per resident day,3.1,Affiliated Entity Performance 20240925.csv,2026-01-26T14:50:26.343820,214.0
084E14484EC49A5E,EVANGELICAL LUTHERAN GOOD SAMARITAN SOCIETY,,2024-09,monthly,Number of SFF candidates,2.0,Affiliated Entity Performance 20240925.csv,2026-01-26T14:50:26.343820,214.0
084E14484EC49A5E,EVANGELICAL LUTHERAN GOOD SAMARITAN SOCIETY,,2024-09,monthly,Number of Special Focus Facilities (SFF),0.0,Affiliated Entity Performance 20240925.csv,2026-01-26T14:50:26.343820,214.0
084E14484EC49A5E,EVANGELICAL LUTHERAN GOOD SAMARITAN SOCIETY,,2024-09,monthly,Number of facilities,63.0,Affiliated Entity Performance 20240925.csv,2026-01-26T14:50:26.343820,214.0
084E14484EC49A5E,EVANGELICAL LUTHERAN GOOD SAMARITAN SOCIETY,,2024-09,monthly,Number of facilities with an abuse icon,1.0,Affiliated Entity Performance 20240925.csv,2026-01-26T14:50:26.343820,214.0
084E14484EC49A5E,EVANGELICAL LUTHERAN GOOD SAMARITAN SOCIETY,,2024-09,monthly,Number of states and territories with operations,9.0,Affiliated Entity Performance 20240925.csv,2026-01-26T14:50:26.343820,214.0
084E14484EC49A5E,EVANGELICAL LUTHERAN GOOD SAMARITAN SOCIETY,,2024-09,monthly,Percent of facilities classified as for-profit,6.3,Affiliated Entity Performance 20240925.csv,2026-01-26T14:50:26.343820,214.0
084E14484EC49A5E,EVANGELICAL LUTHERAN GOOD SAMARITAN SOCIETY,,2024-09,monthly,Percent of facilities classified as government-owned,0.0,Affiliated Entity Performance 20240925.csv,2026-01-26T14:50:26.343820,214.0
084E14484EC49A5E,EVANGELICAL LUTHERAN GOOD SAMARITAN SOCIETY,,2024-09,monthly,Percent of facilities classified as non-profit,93.7,Affiliated Entity Performance 20240925.csv,2026-01-26T14:50:26.343820,214.0
084E14484EC49A5E,EVANGELICAL LUTHERAN GOOD SAMARITAN SOCIETY,,2024-09,monthly,Percentage of facilities with an abuse icon,1.6,Affiliated Entity Performance 20240925.csv,2026-01-26T14:50:26.343820,214.0
084E14484EC49A5E,EVANGELICAL LUTHERAN GOOD SAMARITAN SOCIETY,,2024-09,monthly,Total amount of fines in dollars,1027113.86,Affiliated Entity Performance 20240925.csv,2026-01-26T14:50:26.343820,214.0
084E14484EC49A5E,EVANGELICAL LUTHERAN GOOD SAMARITAN SOCIETY,,2024-09,monthly,Total number of fines,56.0,Affiliated Entity Performance 20240925.csv,2026-01-26T14:50:26.343820,214.0
084E14484EC49A5E,EVANGELICAL LUTHERAN GOOD SAMARITAN SOCIETY,,2024-09,monthly,Total number of payment denials,7.0,Affiliated Entity Performance 20240925.csv,2026-01-26T14:50:26.343820,214.0
084E14484EC49A5E,EVANGELICAL LUTHERAN GOOD SAMARITAN SOCIETY,,2024-10,monthly,Average Registered Nurse turnover percentage,37.4,Affiliated Entity Performance 20241030.csv,2026-01-26T14:50:26.778774,214.0
084E14484EC49A5E,EVANGELICAL LUTHERAN GOOD SAMARITAN SOCIETY,,2024-10,monthly,Average amount of fines in dollars,12334.66,Affiliated Entity Performance 20241030.csv,2026-01-26T14:50:26.778774,214.0
084E14484EC49A5E,EVANGELICAL LUTHERAN GOOD SAMARITAN SOCIETY,,2024-10,monthly,Average health inspection rating,2.9,Affiliated Entity Performance 20241030.csv,2026-01-26T14:50:26.778774,214.0
084E14484EC49A5E,EVANGELICAL LUTHERAN GOOD SAMARITAN SOCIETY,,2024-10,monthly,Average number of administrators who have left the nursing home,0.3,Affiliated Entity Performance 20241030.csv,2026-01-26T14:50:26.778774,214.0
084E14484EC49A5E,EVANGELICAL LUTHERAN GOOD SAMARITAN SOCIETY,,2024-10,monthly,Average number of fines,0.8,Affiliated Entity Performance 20241030.csv,2026-01-26T14:50:26.778774,214.0
084E14484EC49A5E,EVANGELICAL LUTHERAN GOOD SAMARITAN SOCIETY,,2024-10,monthly,"Average number of hospitalizations per 1,000 long-stay resident days",1.34,Affiliated Entity Performance 20241030.csv,2026-01-26T14:50:26.778774,214.0
084E14484EC49A5E,EVANGELICAL LUTHERAN GOOD SAMARITAN SOCIETY,,2024-10,monthly,"Average number of outpatient emergency department visits per 1,000 long-stay resident days",1.72,Affiliated Entity Performance 20241030.csv,2026-01-26T14:50:26.778774,214.0
084E14484EC49A5E,EVANGELICAL LUTHERAN GOOD SAMARITAN SOCIETY,,2024-10,monthly,Average number of payment denials,0.1,Affiliated Entity Performance 20241030.csv,2026-01-26T14:50:26.778774,214.0
084E14484EC49A5E,EVANGELICAL LUTHERAN GOOD SAMARITAN SOCIETY,,2024-10,monthly,Average overall 5-star rating,3.0,Affiliated Entity Performance 20241030.csv,2026-01-26T14:50:26.778774,214.0
084E14484EC49A5E,EVANGELICAL LUTHERAN GOOD SAMARITAN SOCIETY,,2024-10,monthly,Average percentage of current residents up to date with COVID-19 vaccines,20.5,Affiliated Entity Performance 20241030.csv,2026-01-26T14:50:26.778774,214.0
084E14484EC49A5E,EVANGELICAL LUTHERAN GOOD SAMARITAN SOCIETY,,2024-10,monthly,Average percentage of healthcare personnel up to date with COVID-19 vaccines,4.2,Affiliated Entity Performance 20241030.csv,2026-01-26T14:50:26.778774,214.0
084E14484EC49A5E,EVANGELICAL LUTHERAN GOOD SAMARITAN SOCIETY,,2024-10,monthly,Average percentage of long-stay high-risk residents with pressure ulcers,6.2,Affiliated Entity Performance 20241030.csv,2026-01-26T14:50:26.778774,214.0
084E14484EC49A5E,EVANGELICAL LUTHERAN GOOD SAMARITAN SOCIETY,,2024-10,monthly,Average percentage of long-stay low-risk residents who lose control of their bowels or bladder,47.5,Affiliated Entity Performance 20241030.csv,2026-01-26T14:50:26.778774,214.0
084E14484EC49A5E,EVANGELICAL LUTHERAN GOOD SAMARITAN SOCIETY,,2024-10,monthly,Average percentage of long-stay residents experiencing one or more falls with major injury,4.6,Affiliated Entity Performance 20241030.csv,2026-01-26T14:50:26.778774,214.0
084E14484EC49A5E,EVANGELICAL LUTHERAN GOOD SAMARITAN SOCIETY,,2024-10,monthly,Average percentage of long-stay residents who have or had a catheter inserted and left in their bladder,2.2,Affiliated Entity Performance 20241030.csv,2026-01-26T14:50:26.778774,214.0
084E14484EC49A5E,EVANGELICAL LUTHERAN GOOD SAMARITAN SOCIETY,,2024-10,monthly,Average percentage of long-stay residents who have symptoms of depression,2.9,Affiliated Entity Performance 20241030.csv,2026-01-26T14:50:26.778774,214.0
084E14484EC49A5E,EVANGELICAL LUTHERAN GOOD SAMARITAN SOCIETY,,2024-10,monthly,Average percentage of long-stay residents who lose too much weight,5.1,Affiliated Entity Performance 20241030.csv,2026-01-26T14:50:26.778774,214.0
084E14484EC49A5E,EVANGELICAL LUTHERAN GOOD SAMARITAN SOCIETY,,2024-10,monthly,Average percentage of long-stay residents who received an antipsychotic medication,14.6,Affiliated Entity Performance 20241030.csv,2026-01-26T14:50:26.778774,214.0
084E14484EC49A5E,EVANGELICAL LUTHERAN GOOD SAMARITAN SOCIETY,,2024-10,monthly,Average percentage of long-stay residents who used antianxiety or hypnotic medication,15.7,Affiliated Entity Performance 20241030.csv,2026-01-26T14:50:26.778774,214.0
084E14484EC49A5E,EVANGELICAL LUTHERAN GOOD SAMARITAN SOCIETY,,2024-10,monthly,Average percentage of long-stay residents who were assessed and appropriately given the pneumococcal vaccine,96.5,Affiliated Entity Performance 20241030.csv,2026-01-26T14:50:26.778774,214.0
084E14484EC49A5E,EVANGELICAL LUTHERAN GOOD SAMARITAN SOCIETY,,2024-10,monthly,Average percentage of long-stay residents who were assessed and appropriately given the seasonal influenza vaccine,94.6,Affiliated Entity Performance 20241030.csv,2026-01-26T14:50:26.778774,214.0
084E14484EC49A5E,EVANGELICAL LUTHERAN GOOD SAMARITAN SOCIETY,,2024-10,monthly,Average percentage of long-stay residents who were physically restrained,0.1,Affiliated Entity Performance 20241030.csv,2026-01-26T14:50:26.778774,214.0
084E14484EC49A5E,EVANGELICAL LUTHERAN GOOD SAMARITAN SOCIETY,,2024-10,monthly,Average percentage of long-stay residents whose ability to move independently worsened,19.2,Affiliated Entity Performance 20241030.csv,2026-01-26T14:50:26.778774,214.0
084E14484EC49A5E,EVANGELICAL LUTHERAN GOOD SAMARITAN SOCIETY,,2024-10,monthly,Average percentage of long-stay residents whose need for help with activities of daily living has increased,17.4,Affiliated Entity Performance 20241030.csv,2026-01-26T14:50:26.778774,214.0
084E14484EC49A5E,EVANGELICAL LUTHERAN GOOD SAMARITAN SOCIETY,,2024-10,monthly,Average percentage of long-stay residents with a urinary tract infection,4.1,Affiliated Entity Performance 20241030.csv,2026-01-26T14:50:26.778774,214.0
084E14484EC49A5E,EVANGELICAL LUTHERAN GOOD SAMARITAN SOCIETY,,2024-10,monthly,Average percentage of short-stay residents who have had an outpatient emergency department visit,16.4,Affiliated Entity Performance 20241030.csv,2026-01-26T14:50:26.778774,214.0
084E14484EC49A5E,EVANGELICAL LUTHERAN GOOD SAMARITAN SOCIETY,,2024-10,monthly,Average percentage of short-stay residents who made improvements in function,79.2,Affiliated Entity Performance 20241030.csv,2026-01-26T14:50:26.778774,214.0
084E14484EC49A5E,EVANGELICAL LUTHERAN GOOD SAMARITAN SOCIETY,,2024-10,monthly,Average percentage of short-stay residents who newly received an antipsychotic medication,2.7,Affiliated Entity Performance 20241030.csv,2026-01-26T14:50:26.778774,214.0
084E14484EC49A5E,EVANGELICAL LUTHERAN GOOD SAMARITAN SOCIETY,,2024-10,monthly,Average percentage of short-stay residents who were assessed and appropriately given the pneumococcal vaccine,85.2,Affiliated Entity Performance 20241030.csv,2026-01-26T14:50:26.778774,214.0
084E14484EC49A5E,EVANGELICAL LUTHERAN GOOD SAMARITAN SOCIETY,,2024-10,monthly,Average percentage of short-stay residents who were assessed and appropriately given the seasonal influenza vaccine,65.4,Affiliated Entity Performance 20241030.csv,2026-01-26T14:50:26.778774,214.0
084E14484EC49A5E,EVANGELICAL LUTHERAN GOOD SAMARITAN SOCIETY,,2024-10,monthly,Average percentage of short-stay residents who were re-hospitalized after a nursing home admission,18.3,Affiliated Entity Performance 20241030.csv,2026-01-26T14:50:26.778774,214.0
084E14484EC49A5E,EVANGELICAL LUTHERAN GOOD SAMARITAN SOCIETY,,2024-10,monthly,Average percentage of short-stay residents with pressure ulcers or pressure injuries that are new or worsened,2.3,Affiliated Entity Performance 20241030.csv,2026-01-26T14:50:26.778774,214.0
084E14484EC49A5E,EVANGELICAL LUTHERAN GOOD SAMARITAN SOCIETY,,2024-10,monthly,Average quality rating,2.9,Affiliated Entity Performance 20241030.csv,2026-01-26T14:50:26.778774,214.0
084E14484EC49A5E,EVANGELICAL LUTHERAN GOOD SAMARITAN SOCIETY,,2024-10,monthly,Average rate of potentially preventable hospital readmissions 30 days after discharge from a SNF,9.9,Affiliated Entity Performance 20241030.csv,2026-01-26T14:50:26.778774,214.0
084E14484EC49A5E,EVANGELICAL LUTHERAN GOOD SAMARITAN SOCIETY,,2024-10,monthly,Average staffing rating,3.6,Affiliated Entity Performance 20241030.csv,2026-01-26T14:50:26.778774,214.0
084E14484EC49A5E,EVANGELICAL LUTHERAN GOOD SAMARITAN SOCIETY,,2024-10,monthly,Average total Registered Nurse hours per resident day,0.9,Affiliated Entity Performance 20241030.csv,2026-01-26T14:50:26.778774,214.0
084E14484EC49A5E,EVANGELICAL LUTHERAN GOOD SAMARITAN SOCIETY,,2024-10,monthly,Average total nurse hours per resident day,3.7,Affiliated Entity Performance 20241030.csv,2026-01-26T14:50:26.778774,214.0
084E14484EC49A5E,EVANGELICAL LUTHERAN GOOD SAMARITAN SOCIETY,,2024-10,monthly,Average total nursing staff turnover percentage,46.0,Affiliated Entity Performance 20241030.csv,2026-01-26T14:50:26.778774,214.0
084E14484EC49A5E,EVANGELICAL LUTHERAN GOOD SAMARITAN SOCIETY,,2024-10,monthly,Average total weekend nurse hours per resident day,3.1,Affiliated Entity Performance 20241030.csv,2026-01-26T14:50:26.778774,214.0
084E14484EC49A5E,EVANGELICAL LUTHERAN GOOD SAMARITAN SOCIETY,,2024-10,monthly,Number of SFF candidates,1.0,Affiliated Entity Performance 20241030.csv,2026-01-26T14:50:26.778774,214.0
084E14484EC49A5E,EVANGELICAL LUTHERAN GOOD SAMARITAN SOCIETY,,2024-10,monthly,Number of Special Focus Facilities (SFF),0.0,Affiliated Entity Performance 20241030.csv,2026-01-26T14:50:26.778774,214.0
084E14484EC49A5E,EVANGELICAL LUTHERAN GOOD SAMARITAN SOCIETY,,2024-10,monthly,Number of facilities,40.0,Affiliated Entity Performance 20241030.csv,2026-01-26T14:50:26.778774,214.0
084E14484EC49A5E,EVANGELICAL LUTHERAN GOOD SAMARITAN SOCIETY,,2024-10,monthly,Number of facilities with an abuse icon,1.0,Affiliated Entity Performance 20241030.csv,2026-01-26T14:50:26.778774,214.0
084E14484EC49A5E,EVANGELICAL LUTHERAN GOOD SAMARITAN SOCIETY,,2024-10,monthly,Number of states and territories with operations,7.0,Affiliated Entity Performance 20241030.csv,2026-01-26T14:50:26.778774,214.0
084E14484EC49A5E,EVANGELICAL LUTHERAN GOOD SAMARITAN SOCIETY,,2024-10,monthly,Percent of facilities classified as for-profit,5.0,Affiliated Entity Performance 20241030.csv,2026-01-26T14:50:26.778774,214.0
084E14484EC49A5E,EVANGELICAL LUTHERAN GOOD SAMARITAN SOCIETY,,2024-10,monthly,Percent of facilities classified as government-owned,0.0,Affiliated Entity Performance 20241030.csv,2026-01-26T14:50:26.778774,214.0
084E14484EC49A5E,EVANGELICAL LUTHERAN GOOD SAMARITAN SOCIETY,,2024-10,monthly,Percent of facilities classified as non-profit,95.0,Affiliated Entity Performance 20241030.csv,2026-01-26T14:50:26.778774,214.0
084E14484EC49A5E,EVANGELICAL LUTHERAN GOOD SAMARITAN SOCIETY,,2024-10,monthly,Percentage of facilities with an abuse icon,2.5,Affiliated Entity Performance 20241030.csv,2026-01-26T14:50:26.778774,214.0
084E14484EC49A5E,EVANGELICAL LUTHERAN GOOD SAMARITAN SOCIETY,,2024-10,monthly,Total amount of fines in dollars,493386.46,Affiliated Entity Performance 20241030.csv,2026-01-26T14:50:26.778774,214.0
084E14484EC49A5E,EVANGELICAL LUTHERAN GOOD SAMARITAN SOCIETY,,2024-10,monthly,Total number of fines,32.0,Affiliated Entity Performance 20241030.csv,2026-01-26T14:50:26.778774,214.0
084E14484EC49A5E,EVANGELICAL LUTHERAN GOOD SAMARITAN SOCIETY,,2024-10,monthly,Total number of payment denials,3.0,Affiliated Entity Performance 20241030.csv,2026-01-26T14:50:26.778774,214.0
084E14484EC49A5E,EVANGELICAL LUTHERAN GOOD SAMARITAN SOCIETY,,2024-11,monthly,Average Registered Nurse turnover percentage,17.9,Affiliated Entity Performance 20241126.csv,2026-01-26T14:50:27.392006,214.0
084E14484EC49A5E,EVANGELICAL LUTHERAN GOOD SAMARITAN SOCIETY,,2024-11,monthly,Average amount of fines in dollars,9917.55,Affiliated Entity Performance 20241126.csv,2026-01-26T14:50:27.392006,214.0
084E14484EC49A5E,EVANGELICAL LUTHERAN GOOD SAMARITAN SOCIETY,,2024-11,monthly,Average health inspection rating,2.7,Affiliated Entity Performance 20241126.csv,2026-01-26T14:50:27.392006,214.0
084E14484EC49A5E,EVANGELICAL LUTHERAN GOOD SAMARITAN SOCIETY,,2024-11,monthly,Average number of administrators who have left the nursing home,0.3,Affiliated Entity Performance 20241126.csv,2026-01-26T14:50:27.392006,214.0
084E14484EC49A5E,EVANGELICAL LUTHERAN GOOD SAMARITAN SOCIETY,,2024-11,monthly,Average number of fines,0.9,Affiliated Entity Performance 20241126.csv,2026-01-26T14:50:27.392006,214.0
084E14484EC49A5E,EVANGELICAL LUTHERAN GOOD SAMARITAN SOCIETY,,2024-11,monthly,"Average number of hospitalizations per 1,000 long-stay resident days",1.35,Affiliated Entity Performance 20241126.csv,2026-01-26T14:50:27.392006,214.0
084E14484EC49A5E,EVANGELICAL LUTHERAN GOOD SAMARITAN SOCIETY,,2024-11,monthly,"Average number of outpatient emergency department visits per 1,000 long-stay resident days",1.41,Affiliated Entity Performance 20241126.csv,2026-01-26T14:50:27.392006,214.0
084E14484EC49A5E,EVANGELICAL LUTHERAN GOOD SAMARITAN SOCIETY,,2024-11,monthly,Average number of payment denials,0.1,Affiliated Entity Performance 20241126.csv,2026-01-26T14:50:27.392006,214.0
084E14484EC49A5E,EVANGELICAL LUTHERAN GOOD SAMARITAN SOCIETY,,2024-11,monthly,Average overall 5-star rating,2.9,Affiliated Entity Performance 20241126.csv,2026-01-26T14:50:27.392006,214.0
084E14484EC49A5E,EVANGELICAL LUTHERAN GOOD SAMARITAN SOCIETY,,2024-11,monthly,Average percentage of current residents up to date with COVID-19 vaccines,33.6,Affiliated Entity Performance 20241126.csv,2026-01-26T14:50:27.392006,214.0
084E14484EC49A5E,EVANGELICAL LUTHERAN GOOD SAMARITAN SOCIETY,,2024-11,monthly,Average percentage of healthcare personnel up to date with COVID-19 vaccines,8.1,Affiliated Entity Performance 20241126.csv,2026-01-26T14:50:27.392006,214.0
084E14484EC49A5E,EVANGELICAL LUTHERAN GOOD SAMARITAN SOCIETY,,2024-11,monthly,Average percentage of long-stay high-risk residents with pressure ulcers,4.8,Affiliated Entity Performance 20241126.csv,2026-01-26T14:50:27.392006,214.0
084E14484EC49A5E,EVANGELICAL LUTHERAN GOOD SAMARITAN SOCIETY,,2024-11,monthly,Average percentage of long-stay low-risk residents who lose control of their bowels or bladder,45.7,Affiliated Entity Performance 20241126.csv,2026-01-26T14:50:27.392006,214.0
084E14484EC49A5E,EVANGELICAL LUTHERAN GOOD SAMARITAN SOCIETY,,2024-11,monthly,Average percentage of long-stay residents experiencing one or more falls with major injury,4.3,Affiliated Entity Performance 20241126.csv,2026-01-26T14:50:27.392006,214.0
084E14484EC49A5E,EVANGELICAL LUTHERAN GOOD SAMARITAN SOCIETY,,2024-11,monthly,Average percentage of long-stay residents who have or had a catheter inserted and left in their bladder,2.2,Affiliated Entity Performance 20241126.csv,2026-01-26T14:50:27.392006,214.0
084E14484EC49A5E,EVANGELICAL LUTHERAN GOOD SAMARITAN SOCIETY,,2024-11,monthly,Average percentage of long-stay residents who have symptoms of depression,0.6,Affiliated Entity Performance 20241126.csv,2026-01-26T14:50:27.392006,214.0
084E14484EC49A5E,EVANGELICAL LUTHERAN GOOD SAMARITAN SOCIETY,,2024-11,monthly,Average percentage of long-stay residents who lose too much weight,3.9,Affiliated Entity Performance 20241126.csv,2026-01-26T14:50:27.392006,214.0
084E14484EC49A5E,EVANGELICAL LUTHERAN GOOD SAMARITAN SOCIETY,,2024-11,monthly,Average percentage of long-stay residents who received an antipsychotic medication,15.0,Affiliated Entity Performance 20241126.csv,2026-01-26T14:50:27.392006,214.0
084E14484EC49A5E,EVANGELICAL LUTHERAN GOOD SAMARITAN SOCIETY,,2024-11,monthly,Average percentage of long-stay residents who used antianxiety or hypnotic medication,22.5,Affiliated Entity Performance 20241126.csv,2026-01-26T14:50:27.392006,214.0
084E14484EC49A5E,EVANGELICAL LUTHERAN GOOD SAMARITAN SOCIETY,,2024-11,monthly,Average percentage of long-stay residents who were assessed and appropriately given the pneumococcal vaccine,96.5,Affiliated Entity Performance 20241126.csv,2026-01-26T14:50:27.392006,214.0
084E14484EC49A5E,EVANGELICAL LUTHERAN GOOD SAMARITAN SOCIETY,,2024-11,monthly,Average percentage of long-stay residents who were assessed and appropriately given the seasonal influenza vaccine,94.3,Affiliated Entity Performance 20241126.csv,2026-01-26T14:50:27.392006,214.0
084E14484EC49A5E,EVANGELICAL LUTHERAN GOOD SAMARITAN SOCIETY,,2024-11,monthly,Average percentage of long-stay residents who were physically restrained,0.0,Affiliated Entity Performance 20241126.csv,2026-01-26T14:50:27.392006,214.0
084E14484EC49A5E,EVANGELICAL LUTHERAN GOOD SAMARITAN SOCIETY,,2024-11,monthly,Average percentage of long-stay residents whose ability to move independently worsened,18.4,Affiliated Entity Performance 20241126.csv,2026-01-26T14:50:27.392006,214.0
084E14484EC49A5E,EVANGELICAL LUTHERAN GOOD SAMARITAN SOCIETY,,2024-11,monthly,Average percentage of long-stay residents whose need for help with activities of daily living has increased,15.9,Affiliated Entity Performance 20241126.csv,2026-01-26T14:50:27.392006,214.0
084E14484EC49A5E,EVANGELICAL LUTHERAN GOOD SAMARITAN SOCIETY,,2024-11,monthly,Average percentage of long-stay residents with a urinary tract infection,4.6,Affiliated Entity Performance 20241126.csv,2026-01-26T14:50:27.392006,214.0
084E14484EC49A5E,EVANGELICAL LUTHERAN GOOD SAMARITAN SOCIETY,,2024-11,monthly,Average percentage of short-stay residents who have had an outpatient emergency department visit,15.8,Affiliated Entity Performance 20241126.csv,2026-01-26T14:50:27.392006,214.0
084E14484EC49A5E,EVANGELICAL LUTHERAN GOOD SAMARITAN SOCIETY,,2024-11,monthly,Average percentage of short-stay residents who made improvements in function,70.1,Affiliated Entity Performance 20241126.csv,2026-01-26T14:50:27.392006,214.0
084E14484EC49A5E,EVANGELICAL LUTHERAN GOOD SAMARITAN SOCIETY,,2024-11,monthly,Average percentage of short-stay residents who newly received an antipsychotic medication,2.7,Affiliated Entity Performance 20241126.csv,2026-01-26T14:50:27.392006,214.0
084E14484EC49A5E,EVANGELICAL LUTHERAN GOOD SAMARITAN SOCIETY,,2024-11,monthly,Average percentage of short-stay residents who were assessed and appropriately given the pneumococcal vaccine,81.6,Affiliated Entity Performance 20241126.csv,2026-01-26T14:50:27.392006,214.0
084E14484EC49A5E,EVANGELICAL LUTHERAN GOOD SAMARITAN SOCIETY,,2024-11,monthly,Average percentage of short-stay residents who were assessed and appropriately given the seasonal influenza vaccine,60.9,Affiliated Entity Performance 20241126.csv,2026-01-26T14:50:27.392006,214.0
084E14484EC49A5E,EVANGELICAL LUTHERAN GOOD SAMARITAN SOCIETY,,2024-11,monthly,Average percentage of short-stay residents who were re-hospitalized after a nursing home admission,22.3,Affiliated Entity Performance 20241126.csv,2026-01-26T14:50:27.392006,214.0
084E14484EC49A5E,EVANGELICAL LUTHERAN GOOD SAMARITAN SOCIETY,,2024-11,monthly,Average percentage of short-stay residents with pressure ulcers or pressure injuries that are new or worsened,2.3,Affiliated Entity Performance 20241126.csv,2026-01-26T14:50:27.392006,214.0
084E14484EC49A5E,EVANGELICAL LUTHERAN GOOD SAMARITAN SOCIETY,,2024-11,monthly,Average quality rating,2.6,Affiliated Entity Performance 20241126.csv,2026-01-26T14:50:27.392006,214.0
084E14484EC49A5E,EVANGELICAL LUTHERAN GOOD SAMARITAN SOCIETY,,2024-11,monthly,Average rate of potentially preventable hospital readmissions 30 days after discharge from a SNF,10.5,Affiliated Entity Performance 20241126.csv,2026-01-26T14:50:27.392006,214.0
084E14484EC49A5E,EVANGELICAL LUTHERAN GOOD SAMARITAN SOCIETY,,2024-11,monthly,Average staffing rating,3.7,Affiliated Entity Performance 20241126.csv,2026-01-26T14:50:27.392006,214.0
084E14484EC49A5E,EVANGELICAL LUTHERAN GOOD SAMARITAN SOCIETY,,2024-11,monthly,Average total Registered Nurse hours per resident day,0.8,Affiliated Entity Performance 20241126.csv,2026-01-26T14:50:27.392006,214.0
084E14484EC49A5E,EVANGELICAL LUTHERAN GOOD SAMARITAN SOCIETY,,2024-11,monthly,Average total nurse hours per resident day,3.9,Affiliated Entity Performance 20241126.csv,2026-01-26T14:50:27.392006,214.0
084E14484EC49A5E,EVANGELICAL LUTHERAN GOOD SAMARITAN SOCIETY,,2024-11,monthly,Average total nursing staff turnover percentage,36.6,Affiliated Entity Performance 20241126.csv,2026-01-26T14:50:27.392006,214.0
084E14484EC49A5E,EVANGELICAL LUTHERAN GOOD SAMARITAN SOCIETY,,2024-11,monthly,Average total weekend nurse hours per resident day,3.4,Affiliated Entity Performance 20241126.csv,2026-01-26T14:50:27.392006,214.0
084E14484EC49A5E,EVANGELICAL LUTHERAN GOOD SAMARITAN SOCIETY,,2024-11,monthly,Number of SFF candidates,0.0,Affiliated Entity Performance 20241126.csv,2026-01-26T14:50:27.392006,214.0
084E14484EC49A5E,EVANGELICAL LUTHERAN GOOD SAMARITAN SOCIETY,,2024-11,monthly,Number of Special Focus Facilities (SFF),0.0,Affiliated Entity Performance 20241126.csv,2026-01-26T14:50:27.392006,214.0
084E14484EC49A5E,EVANGELICAL LUTHERAN GOOD SAMARITAN SOCIETY,,2024-11,monthly,Number of facilities,7.0,Affiliated Entity Performance 20241126.csv,2026-01-26T14:50:27.392006,214.0
084E14484EC49A5E,EVANGELICAL LUTHERAN GOOD SAMARITAN SOCIETY,,2024-11,monthly,Number of facilities with an abuse icon,0.0,Affiliated Entity Performance 20241126.csv,2026-01-26T14:50:27.392006,214.0
084E14484EC49A5E,EVANGELICAL LUTHERAN GOOD SAMARITAN SOCIETY,,2024-11,monthly,Number of states and territories with operations,5.0,Affiliated Entity Performance 20241126.csv,2026-01-26T14:50:27.392006,214.0
084E14484EC49A5E,EVANGELICAL LUTHERAN GOOD SAMARITAN SOCIETY,,2024-11,monthly,Percent of facilities classified as for-profit,14.3,Affiliated Entity Performance 20241126.csv,2026-01-26T14:50:27.392006,214.0
084E14484EC49A5E,EVANGELICAL LUTHERAN GOOD SAMARITAN SOCIETY,,2024-11,monthly,Percent of facilities classified as government-owned,0.0,Affiliated Entity Performance 20241126.csv,2026-01-26T14:50:27.392006,214.0
084E14484EC49A5E,EVANGELICAL LUTHERAN GOOD SAMARITAN SOCIETY,,2024-11,monthly,Percent of facilities classified as non-profit,85.7,Affiliated Entity Performance 20241126.csv,2026-01-26T14:50:27.392006,214.0
084E14484EC49A5E,EVANGELICAL LUTHERAN GOOD SAMARITAN SOCIETY,,2024-11,monthly,Percentage of facilities with an abuse icon,0.0,Affiliated Entity Performance 20241126.csv,2026-01-26T14:50:27.392006,214.0
084E14484EC49A5E,EVANGELICAL LUTHERAN GOOD SAMARITAN SOCIETY,,2024-11,monthly,Total amount of fines in dollars,69422.85,Affiliated Entity Performance 20241126.csv,2026-01-26T14:50:27.392006,214.0
084E14484EC49A5E,EVANGELICAL LUTHERAN GOOD SAMARITAN SOCIETY,,2024-11,monthly,Total number of fines,6.0,Affiliated Entity Performance 20241126.csv,2026-01-26T14:50:27.392006,214.0
084E14484EC49A5E,EVANGELICAL LUTHERAN GOOD SAMARITAN SOCIETY,,2024-11,monthly,Total number of payment denials,1.0,Affiliated Entity Performance 20241126.csv,2026-01-26T14:50:27.392006,214.0
084E14484EC49A5E,EVANGELICAL LUTHERAN GOOD SAMARITAN SOCIETY,,2025-01,monthly,Average Registered Nurse turnover percentage,34.9,Affiliated Entity Performance 20250121.csv,2026-01-26T14:50:27.910063,214.0
084E14484EC49A5E,EVANGELICAL LUTHERAN GOOD SAMARITAN SOCIETY,,2025-01,monthly,Average amount of fines in dollars,5719.22,Affiliated Entity Performance 20250121.csv,2026-01-26T14:50:27.910063,214.0
084E14484EC49A5E,EVANGELICAL LUTHERAN GOOD SAMARITAN SOCIETY,,2025-01,monthly,Average health inspection rating,3.0,Affiliated Entity Performance 20250121.csv,2026-01-26T14:50:27.910063,214.0
084E14484EC49A5E,EVANGELICAL LUTHERAN GOOD SAMARITAN SOCIETY,,2025-01,monthly,Average number of administrators who have left the nursing home,0.5,Affiliated Entity Performance 20250121.csv,2026-01-26T14:50:27.910063,214.0
084E14484EC49A5E,EVANGELICAL LUTHERAN GOOD SAMARITAN SOCIETY,,2025-01,monthly,Average number of fines,0.5,Affiliated Entity Performance 20250121.csv,2026-01-26T14:50:27.910063,214.0
084E14484EC49A5E,EVANGELICAL LUTHERAN GOOD SAMARITAN SOCIETY,,2025-01,monthly,"Average number of hospitalizations per 1,000 long-stay resident days",1.54,Affiliated Entity Performance 20250121.csv,2026-01-26T14:50:27.910063,214.0
084E14484EC49A5E,EVANGELICAL LUTHERAN GOOD SAMARITAN SOCIETY,,2025-01,monthly,"Average number of outpatient emergency department visits per 1,000 long-stay resident days",1.83,Affiliated Entity Performance 20250121.csv,2026-01-26T14:50:27.910063,214.0
084E14484EC49A5E,EVANGELICAL LUTHERAN GOOD SAMARITAN SOCIETY,,2025-01,monthly,Average number of payment denials,0.1,Affiliated Entity Performance 20250121.csv,2026-01-26T14:50:27.910063,214.0
084E14484EC49A5E,EVANGELICAL LUTHERAN GOOD SAMARITAN SOCIETY,,2025-01,monthly,Average overall 5-star rating,2.9,Affiliated Entity Performance 20250121.csv,2026-01-26T14:50:27.910063,214.0
084E14484EC49A5E,EVANGELICAL LUTHERAN GOOD SAMARITAN SOCIETY,,2025-01,monthly,Average percentage of current residents up to date with COVID-19 vaccines,44.2,Affiliated Entity Performance 20250121.csv,2026-01-26T14:50:27.910063,214.0
084E14484EC49A5E,EVANGELICAL LUTHERAN GOOD SAMARITAN SOCIETY,,2025-01,monthly,Average percentage of healthcare personnel up to date with COVID-19 vaccines,8.2,Affiliated Entity Performance 20250121.csv,2026-01-26T14:50:27.910063,214.0
084E14484EC49A5E,EVANGELICAL LUTHERAN GOOD SAMARITAN SOCIETY,,2025-01,monthly,Average percentage of long-stay residents experiencing one or more falls with major injury,4.1,Affiliated Entity Performance 20250121.csv,2026-01-26T14:50:27.910063,214.0
084E14484EC49A5E,EVANGELICAL LUTHERAN GOOD SAMARITAN SOCIETY,,2025-01,monthly,Average percentage of long-stay residents who have or had a catheter inserted and left in their bladder,3.2,Affiliated Entity Performance 20250121.csv,2026-01-26T14:50:27.910063,214.0
084E14484EC49A5E,EVANGELICAL LUTHERAN GOOD SAMARITAN SOCIETY,,2025-01,monthly,Average percentage of long-stay residents who have symptoms of depression,0.9,Affiliated Entity Performance 20250121.csv,2026-01-26T14:50:27.910063,214.0
084E14484EC49A5E,EVANGELICAL LUTHERAN GOOD SAMARITAN SOCIETY,,2025-01,monthly,Average percentage of long-stay residents who lose too much weight,4.0,Affiliated Entity Performance 20250121.csv,2026-01-26T14:50:27.910063,214.0
084E14484EC49A5E,EVANGELICAL LUTHERAN GOOD SAMARITAN SOCIETY,,2025-01,monthly,Average percentage of long-stay residents who received an antipsychotic medication,14.5,Affiliated Entity Performance 20250121.csv,2026-01-26T14:50:27.910063,214.0
084E14484EC49A5E,EVANGELICAL LUTHERAN GOOD SAMARITAN SOCIETY,,2025-01,monthly,Average percentage of long-stay residents who used antianxiety or hypnotic medication,22.2,Affiliated Entity Performance 20250121.csv,2026-01-26T14:50:27.910063,214.0
084E14484EC49A5E,EVANGELICAL LUTHERAN GOOD SAMARITAN SOCIETY,,2025-01,monthly,Average percentage of long-stay residents who were assessed and appropriately given the pneumococcal vaccine,96.3,Affiliated Entity Performance 20250121.csv,2026-01-26T14:50:27.910063,214.0
084E14484EC49A5E,EVANGELICAL LUTHERAN GOOD SAMARITAN SOCIETY,,2025-01,monthly,Average percentage of long-stay residents who were assessed and appropriately given the seasonal influenza vaccine,94.4,Affiliated Entity Performance 20250121.csv,2026-01-26T14:50:27.910063,214.0
084E14484EC49A5E,EVANGELICAL LUTHERAN GOOD SAMARITAN SOCIETY,,2025-01,monthly,Average percentage of long-stay residents who were physically restrained,0.0,Affiliated Entity Performance 20250121.csv,2026-01-26T14:50:27.910063,214.0
084E14484EC49A5E,EVANGELICAL LUTHERAN GOOD SAMARITAN SOCIETY,,2025-01,monthly,Average percentage of long-stay residents whose ability to move independently worsened,23.2,Affiliated Entity Performance 20250121.csv,2026-01-26T14:50:27.910063,214.0
084E14484EC49A5E,EVANGELICAL LUTHERAN GOOD SAMARITAN SOCIETY,,2025-01,monthly,Average percentage of long-stay residents whose need for help with activities of daily living has increased,17.4,Affiliated Entity Performance 20250121.csv,2026-01-26T14:50:27.910063,214.0
084E14484EC49A5E,EVANGELICAL LUTHERAN GOOD SAMARITAN SOCIETY,,2025-01,monthly,Average percentage of long-stay residents with a urinary tract infection,5.6,Affiliated Entity Performance 20250121.csv,2026-01-26T14:50:27.910063,214.0
084E14484EC49A5E,EVANGELICAL LUTHERAN GOOD SAMARITAN SOCIETY,,2025-01,monthly,Average percentage of long-stay residents with new or worsened bowel or bladder incontinence,24.5,Affiliated Entity Performance 20250121.csv,2026-01-26T14:50:27.910063,214.0
084E14484EC49A5E,EVANGELICAL LUTHERAN GOOD SAMARITAN SOCIETY,,2025-01,monthly,Average percentage of long-stay residents with pressure ulcers,4.5,Affiliated Entity Performance 20250121.csv,2026-01-26T14:50:27.910063,214.0
084E14484EC49A5E,EVANGELICAL LUTHERAN GOOD SAMARITAN SOCIETY,,2025-01,monthly,Average percentage of short-stay residents who are at or above an expected ability to care for themselves and move around at discharge,50.0,Affiliated Entity Performance 20250121.csv,2026-01-26T14:50:27.910063,214.0
084E14484EC49A5E,EVANGELICAL LUTHERAN GOOD SAMARITAN SOCIETY,,2025-01,monthly,Average percentage of short-stay residents who have had an outpatient emergency department visit,20.4,Affiliated Entity Performance 20250121.csv,2026-01-26T14:50:27.910063,214.0
084E14484EC49A5E,EVANGELICAL LUTHERAN GOOD SAMARITAN SOCIETY,,2025-01,monthly,Average percentage of short-stay residents who newly received an antipsychotic medication,1.9,Affiliated Entity Performance 20250121.csv,2026-01-26T14:50:27.910063,214.0
084E14484EC49A5E,EVANGELICAL LUTHERAN GOOD SAMARITAN SOCIETY,,2025-01,monthly,Average percentage of short-stay residents who were assessed and appropriately given the pneumococcal vaccine,80.9,Affiliated Entity Performance 20250121.csv,2026-01-26T14:50:27.910063,214.0
084E14484EC49A5E,EVANGELICAL LUTHERAN GOOD SAMARITAN SOCIETY,,2025-01,monthly,Average percentage of short-stay residents who were assessed and appropriately given the seasonal influenza vaccine,62.2,Affiliated Entity Performance 20250121.csv,2026-01-26T14:50:27.910063,214.0
084E14484EC49A5E,EVANGELICAL LUTHERAN GOOD SAMARITAN SOCIETY,,2025-01,monthly,Average percentage of short-stay residents who were re-hospitalized after a nursing home admission,23.7,Affiliated Entity Performance 20250121.csv,2026-01-26T14:50:27.910063,214.0
084E14484EC49A5E,EVANGELICAL LUTHERAN GOOD SAMARITAN SOCIETY,,2025-01,monthly,Average percentage of short-stay residents with pressure ulcers or pressure injuries that are new or worsened,1.4,Affiliated Entity Performance 20250121.csv,2026-01-26T14:50:27.910063,214.0
084E14484EC49A5E,EVANGELICAL LUTHERAN GOOD SAMARITAN SOCIETY,,2025-01,monthly,Average quality rating,2.4,Affiliated Entity Performance 20250121.csv,2026-01-26T14:50:27.910063,214.0
084E14484EC49A5E,EVANGELICAL LUTHERAN GOOD SAMARITAN SOCIETY,,2025-01,monthly,Average rate of potentially preventable hospital readmissions 30 days after discharge from a SNF,10.9,Affiliated Entity Performance 20250121.csv,2026-01-26T14:50:27.910063,214.0
084E14484EC49A5E,EVANGELICAL LUTHERAN GOOD SAMARITAN SOCIETY,,2025-01,monthly,Average staffing rating,3.1,Affiliated Entity Performance 20250121.csv,2026-01-26T14:50:27.910063,214.0
084E14484EC49A5E,EVANGELICAL LUTHERAN GOOD SAMARITAN SOCIETY,,2025-01,monthly,Average total Registered Nurse hours per resident day,0.7,Affiliated Entity Performance 20250121.csv,2026-01-26T14:50:27.910063,214.0
084E14484EC49A5E,EVANGELICAL LUTHERAN GOOD SAMARITAN SOCIETY,,2025-01,monthly,Average total nurse hours per resident day,3.8,Affiliated Entity Performance 20250121.csv,2026-01-26T14:50:27.910063,214.0
084E14484EC49A5E,EVANGELICAL LUTHERAN GOOD SAMARITAN SOCIETY,,2025-01,monthly,Average total nursing staff turnover percentage,43.7,Affiliated Entity Performance 20250121.csv,2026-01-26T14:50:27.910063,214.0
084E14484EC49A5E,EVANGELICAL LUTHERAN GOOD SAMARITAN SOCIETY,,2025-01,monthly,Average total weekend nurse hours per resident day,3.3,Affiliated Entity Performance 20250121.csv,2026-01-26T14:50:27.910063,214.0
084E14484EC49A5E,EVANGELICAL LUTHERAN GOOD SAMARITAN SOCIETY,,2025-01,monthly,Number of SFF candidates,0.0,Affiliated Entity Performance 20250121.csv,2026-01-26T14:50:27.910063,214.0
084E14484EC49A5E,EVANGELICAL LUTHERAN GOOD SAMARITAN SOCIETY,,2025-01,monthly,Number of Special Focus Facilities (SFF),0.0,Affiliated Entity Performance 20250121.csv,2026-01-26T14:50:27.910063,214.0
084E14484EC49A5E,EVANGELICAL LUTHERAN GOOD SAMARITAN SOCIETY,,2025-01,monthly,Number of facilities,8.0,Affiliated Entity Performance 20250121.csv,2026-01-26T14:50:27.910063,214.0
084E14484EC49A5E,EVANGELICAL LUTHERAN GOOD SAMARITAN SOCIETY,,2025-01,monthly,Number of facilities with an abuse icon,0.0,Affiliated Entity Performance 20250121.csv,2026-01-26T14:50:27.910063,214.0
084E14484EC49A5E,EVANGELICAL LUTHERAN GOOD SAMARITAN SOCIETY,,2025-01,monthly,Number of states and territories with operations,6.0,Affiliated Entity Performance 20250121.csv,2026-01-26T14:50:27.910063,214.0
084E14484EC49A5E,EVANGELICAL LUTHERAN GOOD SAMARITAN SOCIETY,,2025-01,monthly,Percent of facilities classified as for-profit,12.5,Affiliated Entity Performance 20250121.csv,2026-01-26T14:50:27.910063,214.0
084E14484EC49A5E,EVANGELICAL LUTHERAN GOOD SAMARITAN SOCIETY,,2025-01,monthly,Percent of facilities classified as government-owned,0.0,Affiliated Entity Performance 20250121.csv,2026-01-26T14:50:27.910063,214.0
084E14484EC49A5E,EVANGELICAL LUTHERAN GOOD SAMARITAN SOCIETY,,2025-01,monthly,Percent of facilities classified as non-profit,87.5,Affiliated Entity Performance 20250121.csv,2026-01-26T14:50:27.910063,214.0
084E14484EC49A5E,EVANGELICAL LUTHERAN GOOD SAMARITAN SOCIETY,,2025-01,monthly,Percentage of facilities with an abuse icon,0.0,Affiliated Entity Performance 20250121.csv,2026-01-26T14:50:27.910063,214.0
084E14484EC49A5E,EVANGELICAL LUTHERAN GOOD SAMARITAN SOCIETY,,2025-01,monthly,Total amount of fines in dollars,45753.75,Affiliated Entity Performance 20250121.csv,2026-01-26T14:50:27.910063,214.0
084E14484EC49A5E,EVANGELICAL LUTHERAN GOOD SAMARITAN SOCIETY,,2025-01,monthly,Total number of fines,4.0,Affiliated Entity Performance 20250121.csv,2026-01-26T14:50:27.910063,214.0
084E14484EC49A5E,EVANGELICAL LUTHERAN GOOD SAMARITAN SOCIETY,,2025-01,monthly,Total number of payment denials,1.0,Affiliated Entity Performance 20250121.csv,2026-01-26T14:50:27.910063,214.0
084E14484EC49A5E,EVANGELICAL LUTHERAN GOOD SAMARITAN SOCIETY,,2025-02,monthly,Average Registered Nurse turnover percentage,34.9,Affiliated Entity Performance 20250225.csv,2026-01-26T14:50:28.394319,214.0
084E14484EC49A5E,EVANGELICAL LUTHERAN GOOD SAMARITAN SOCIETY,,2025-02,monthly,Average amount of fines in dollars,3592.5,Affiliated Entity Performance 20250225.csv,2026-01-26T14:50:28.394319,214.0
084E14484EC49A5E,EVANGELICAL LUTHERAN GOOD SAMARITAN SOCIETY,,2025-02,monthly,Average health inspection rating,3.3,Affiliated Entity Performance 20250225.csv,2026-01-26T14:50:28.394319,214.0
084E14484EC49A5E,EVANGELICAL LUTHERAN GOOD SAMARITAN SOCIETY,,2025-02,monthly,Average number of administrators who have left the nursing home,0.5,Affiliated Entity Performance 20250225.csv,2026-01-26T14:50:28.394319,214.0
084E14484EC49A5E,EVANGELICAL LUTHERAN GOOD SAMARITAN SOCIETY,,2025-02,monthly,Average number of fines,0.4,Affiliated Entity Performance 20250225.csv,2026-01-26T14:50:28.394319,214.0
084E14484EC49A5E,EVANGELICAL LUTHERAN GOOD SAMARITAN SOCIETY,,2025-02,monthly,"Average number of hospitalizations per 1,000 long-stay resident days",1.54,Affiliated Entity Performance 20250225.csv,2026-01-26T14:50:28.394319,214.0
084E14484EC49A5E,EVANGELICAL LUTHERAN GOOD SAMARITAN SOCIETY,,2025-02,monthly,"Average number of outpatient emergency department visits per 1,000 long-stay resident days",1.83,Affiliated Entity Performance 20250225.csv,2026-01-26T14:50:28.394319,214.0
084E14484EC49A5E,EVANGELICAL LUTHERAN GOOD SAMARITAN SOCIETY,,2025-02,monthly,Average number of payment denials,0.1,Affiliated Entity Performance 20250225.csv,2026-01-26T14:50:28.394319,214.0
084E14484EC49A5E,EVANGELICAL LUTHERAN GOOD SAMARITAN SOCIETY,,2025-02,monthly,Average overall 5-star rating,3.1,Affiliated Entity Performance 20250225.csv,2026-01-26T14:50:28.394319,214.0
084E14484EC49A5E,EVANGELICAL LUTHERAN GOOD SAMARITAN SOCIETY,,2025-02,monthly,Average percentage of current residents up to date with COVID-19 vaccines,44.9,Affiliated Entity Performance 20250225.csv,2026-01-26T14:50:28.394319,214.0
084E14484EC49A5E,EVANGELICAL LUTHERAN GOOD SAMARITAN SOCIETY,,2025-02,monthly,Average percentage of healthcare personnel up to date with COVID-19 vaccines,8.5,Affiliated Entity Performance 20250225.csv,2026-01-26T14:50:28.394319,214.0
084E14484EC49A5E,EVANGELICAL LUTHERAN GOOD SAMARITAN SOCIETY,,2025-02,monthly,Average percentage of long-stay residents experiencing one or more falls with major injury,4.1,Affiliated Entity Performance 20250225.csv,2026-01-26T14:50:28.394319,214.0
084E14484EC49A5E,EVANGELICAL LUTHERAN GOOD SAMARITAN SOCIETY,,2025-02,monthly,Average percentage of long-stay residents who have or had a catheter inserted and left in their bladder,3.2,Affiliated Entity Performance 20250225.csv,2026-01-26T14:50:28.394319,214.0
084E14484EC49A5E,EVANGELICAL LUTHERAN GOOD SAMARITAN SOCIETY,,2025-02,monthly,Average percentage of long-stay residents who have symptoms of depression,0.9,Affiliated Entity Performance 20250225.csv,2026-01-26T14:50:28.394319,214.0
084E14484EC49A5E,EVANGELICAL LUTHERAN GOOD SAMARITAN SOCIETY,,2025-02,monthly,Average percentage of long-stay residents who lose too much weight,4.0,Affiliated Entity Performance 20250225.csv,2026-01-26T14:50:28.394319,214.0
084E14484EC49A5E,EVANGELICAL LUTHERAN GOOD SAMARITAN SOCIETY,,2025-02,monthly,Average percentage of long-stay residents who received an antipsychotic medication,14.5,Affiliated Entity Performance 20250225.csv,2026-01-26T14:50:28.394319,214.0
084E14484EC49A5E,EVANGELICAL LUTHERAN GOOD SAMARITAN SOCIETY,,2025-02,monthly,Average percentage of long-stay residents who used antianxiety or hypnotic medication,22.2,Affiliated Entity Performance 20250225.csv,2026-01-26T14:50:28.394319,214.0
084E14484EC49A5E,EVANGELICAL LUTHERAN GOOD SAMARITAN SOCIETY,,2025-02,monthly,Average percentage of long-stay residents who were assessed and appropriately given the pneumococcal vaccine,96.3,Affiliated Entity Performance 20250225.csv,2026-01-26T14:50:28.394319,214.0
084E14484EC49A5E,EVANGELICAL LUTHERAN GOOD SAMARITAN SOCIETY,,2025-02,monthly,Average percentage of long-stay residents who were assessed and appropriately given the seasonal influenza vaccine,94.4,Affiliated Entity Performance 20250225.csv,2026-01-26T14:50:28.394319,214.0
084E14484EC49A5E,EVANGELICAL LUTHERAN GOOD SAMARITAN SOCIETY,,2025-02,monthly,Average percentage of long-stay residents who were physically restrained,0.0,Affiliated Entity Performance 20250225.csv,2026-01-26T14:50:28.394319,214.0
084E14484EC49A5E,EVANGELICAL LUTHERAN GOOD SAMARITAN SOCIETY,,2025-02,monthly,Average percentage of long-stay residents whose ability to move independently worsened,23.2,Affiliated Entity Performance 20250225.csv,2026-01-26T14:50:28.394319,214.0
084E14484EC49A5E,EVANGELICAL LUTHERAN GOOD SAMARITAN SOCIETY,,2025-02,monthly,Average percentage of long-stay residents whose need for help with activities of daily living has increased,17.4,Affiliated Entity Performance 20250225.csv,2026-01-26T14:50:28.394319,214.0
084E14484EC49A5E,EVANGELICAL LUTHERAN GOOD SAMARITAN SOCIETY,,2025-02,monthly,Average percentage of long-stay residents with a urinary tract infection,5.6,Affiliated Entity Performance 20250225.csv,2026-01-26T14:50:28.394319,214.0
084E14484EC49A5E,EVANGELICAL LUTHERAN GOOD SAMARITAN SOCIETY,,2025-02,monthly,Average percentage of long-stay residents with new or worsened bowel or bladder incontinence,24.5,Affiliated Entity Performance 20250225.csv,2026-01-26T14:50:28.394319,214.0
084E14484EC49A5E,EVANGELICAL LUTHERAN GOOD SAMARITAN SOCIETY,,2025-02,monthly,Average percentage of long-stay residents with pressure ulcers,4.5,Affiliated Entity Performance 20250225.csv,2026-01-26T14:50:28.394319,214.0
084E14484EC49A5E,EVANGELICAL LUTHERAN GOOD SAMARITAN SOCIETY,,2025-02,monthly,Average percentage of short-stay residents who are at or above an expected ability to care for themselves and move around at discharge,50.0,Affiliated Entity Performance 20250225.csv,2026-01-26T14:50:28.394319,214.0
084E14484EC49A5E,EVANGELICAL LUTHERAN GOOD SAMARITAN SOCIETY,,2025-02,monthly,Average percentage of short-stay residents who have had an outpatient emergency department visit,20.4,Affiliated Entity Performance 20250225.csv,2026-01-26T14:50:28.394319,214.0
084E14484EC49A5E,EVANGELICAL LUTHERAN GOOD SAMARITAN SOCIETY,,2025-02,monthly,Average percentage of short-stay residents who newly received an antipsychotic medication,1.9,Affiliated Entity Performance 20250225.csv,2026-01-26T14:50:28.394319,214.0
084E14484EC49A5E,EVANGELICAL LUTHERAN GOOD SAMARITAN SOCIETY,,2025-02,monthly,Average percentage of short-stay residents who were assessed and appropriately given the pneumococcal vaccine,80.9,Affiliated Entity Performance 20250225.csv,2026-01-26T14:50:28.394319,214.0
084E14484EC49A5E,EVANGELICAL LUTHERAN GOOD SAMARITAN SOCIETY,,2025-02,monthly,Average percentage of short-stay residents who were assessed and appropriately given the seasonal influenza vaccine,62.2,Affiliated Entity Performance 20250225.csv,2026-01-26T14:50:28.394319,214.0
084E14484EC49A5E,EVANGELICAL LUTHERAN GOOD SAMARITAN SOCIETY,,2025-02,monthly,Average percentage of short-stay residents who were re-hospitalized after a nursing home admission,23.7,Affiliated Entity Performance 20250225.csv,2026-01-26T14:50:28.394319,214.0
084E14484EC49A5E,EVANGELICAL LUTHERAN GOOD SAMARITAN SOCIETY,,2025-02,monthly,Average percentage of short-stay residents with pressure ulcers or pressure injuries that are new or worsened,1.4,Affiliated Entity Performance 20250225.csv,2026-01-26T14:50:28.394319,214.0
084E14484EC49A5E,EVANGELICAL LUTHERAN GOOD SAMARITAN SOCIETY,,2025-02,monthly,Average quality rating,2.4,Affiliated Entity Performance 20250225.csv,2026-01-26T14:50:28.394319,214.0
084E14484EC49A5E,EVANGELICAL LUTHERAN GOOD SAMARITAN SOCIETY,,2025-02,monthly,Average rate of potentially preventable hospital readmissions 30 days after discharge from a SNF,10.9,Affiliated Entity Performance 20250225.csv,2026-01-26T14:50:28.394319,214.0
084E14484EC49A5E,EVANGELICAL LUTHERAN GOOD SAMARITAN SOCIETY,,2025-02,monthly,Average staffing rating,3.3,Affiliated Entity Performance 20250225.csv,2026-01-26T14:50:28.394319,214.0
084E14484EC49A5E,EVANGELICAL LUTHERAN GOOD SAMARITAN SOCIETY,,2025-02,monthly,Average total Registered Nurse hours per resident day,0.7,Affiliated Entity Performance 20250225.csv,2026-01-26T14:50:28.394319,214.0
084E14484EC49A5E,EVANGELICAL LUTHERAN GOOD SAMARITAN SOCIETY,,2025-02,monthly,Average total nurse hours per resident day,3.8,Affiliated Entity Performance 20250225.csv,2026-01-26T14:50:28.394319,214.0
084E14484EC49A5E,EVANGELICAL LUTHERAN GOOD SAMARITAN SOCIETY,,2025-02,monthly,Average total nursing staff turnover percentage,43.7,Affiliated Entity Performance 20250225.csv,2026-01-26T14:50:28.394319,214.0
084E14484EC49A5E,EVANGELICAL LUTHERAN GOOD SAMARITAN SOCIETY,,2025-02,monthly,Average total weekend nurse hours per resident day,3.3,Affiliated Entity Performance 20250225.csv,2026-01-26T14:50:28.394319,214.0
084E14484EC49A5E,EVANGELICAL LUTHERAN GOOD SAMARITAN SOCIETY,,2025-02,monthly,Number of SFF candidates,0.0,Affiliated Entity Performance 20250225.csv,2026-01-26T14:50:28.394319,214.0
084E14484EC49A5E,EVANGELICAL LUTHERAN GOOD SAMARITAN SOCIETY,,2025-02,monthly,Number of Special Focus Facilities (SFF),0.0,Affiliated Entity Performance 20250225.csv,2026-01-26T14:50:28.394319,214.0
084E14484EC49A5E,EVANGELICAL LUTHERAN GOOD SAMARITAN SOCIETY,,2025-02,monthly,Number of facilities,8.0,Affiliated Entity Performance 20250225.csv,2026-01-26T14:50:28.394319,214.0
084E14484EC49A5E,EVANGELICAL LUTHERAN GOOD SAMARITAN SOCIETY,,2025-02,monthly,Number of facilities with an abuse icon,0.0,Affiliated Entity Performance 20250225.csv,2026-01-26T14:50:28.394319,214.0
084E14484EC49A5E,EVANGELICAL LUTHERAN GOOD SAMARITAN SOCIETY,,2025-02,monthly,Number of states and territories with operations,6.0,Affiliated Entity Performance 20250225.csv,2026-01-26T14:50:28.394319,214.0
084E14484EC49A5E,EVANGELICAL LUTHERAN GOOD SAMARITAN SOCIETY,,2025-02,monthly,Percent of facilities classified as for-profit,12.5,Affiliated Entity Performance 20250225.csv,2026-01-26T14:50:28.394319,214.0
084E14484EC49A5E,EVANGELICAL LUTHERAN GOOD SAMARITAN SOCIETY,,2025-02,monthly,Percent of facilities classified as government-owned,0.0,Affiliated Entity Performance 20250225.csv,2026-01-26T14:50:28.394319,214.0
084E14484EC49A5E,EVANGELICAL LUTHERAN GOOD SAMARITAN SOCIETY,,2025-02,monthly,Percent of facilities classified as non-profit,87.5,Affiliated Entity Performance 20250225.csv,2026-01-26T14:50:28.394319,214.0
084E14484EC49A5E,EVANGELICAL LUTHERAN GOOD SAMARITAN SOCIETY,,2025-02,monthly,Percentage of facilities with an abuse icon,0.0,Affiliated Entity Performance 20250225.csv,2026-01-26T14:50:28.394319,214.0
084E14484EC49A5E,EVANGELICAL LUTHERAN GOOD SAMARITAN SOCIETY,,2025-02,monthly,Total amount of fines in dollars,28740.0,Affiliated Entity Performance 20250225.csv,2026-01-26T14:50:28.394319,214.0
084E14484EC49A5E,EVANGELICAL LUTHERAN GOOD SAMARITAN SOCIETY,,2025-02,monthly,Total number of fines,3.0,Affiliated Entity Performance 20250225.csv,2026-01-26T14:50:28.394319,214.0
084E14484EC49A5E,EVANGELICAL LUTHERAN GOOD SAMARITAN SOCIETY,,2025-02,monthly,Total number of payment denials,1.0,Affiliated Entity Performance 20250225.csv,2026-01-26T14:50:28.394319,214.0
084E14484EC49A5E,EVANGELICAL LUTHERAN GOOD SAMARITAN SOCIETY,,2025-03,monthly,Average Registered Nurse turnover percentage,34.9,Affiliated Entity Performance 20250320.csv,2026-01-26T14:50:28.880649,214.0
084E14484EC49A5E,EVANGELICAL LUTHERAN GOOD SAMARITAN SOCIETY,,2025-03,monthly,Average amount of fines in dollars,3592.5,Affiliated Entity Performance 20250320.csv,2026-01-26T14:50:28.880649,214.0
084E14484EC49A5E,EVANGELICAL LUTHERAN GOOD SAMARITAN SOCIETY,,2025-03,monthly,Average health inspection rating,3.3,Affiliated Entity Performance 20250320.csv,2026-01-26T14:50:28.880649,214.0
084E14484EC49A5E,EVANGELICAL LUTHERAN GOOD SAMARITAN SOCIETY,,2025-03,monthly,Average number of administrators who have left the nursing home,0.5,Affiliated Entity Performance 20250320.csv,2026-01-26T14:50:28.880649,214.0
084E14484EC49A5E,EVANGELICAL LUTHERAN GOOD SAMARITAN SOCIETY,,2025-03,monthly,Average number of fines,0.4,Affiliated Entity Performance 20250320.csv,2026-01-26T14:50:28.880649,214.0
084E14484EC49A5E,EVANGELICAL LUTHERAN GOOD SAMARITAN SOCIETY,,2025-03,monthly,"Average number of hospitalizations per 1,000 long-stay resident days",1.54,Affiliated Entity Performance 20250320.csv,2026-01-26T14:50:28.880649,214.0
084E14484EC49A5E,EVANGELICAL LUTHERAN GOOD SAMARITAN SOCIETY,,2025-03,monthly,"Average number of outpatient emergency department visits per 1,000 long-stay resident days",1.83,Affiliated Entity Performance 20250320.csv,2026-01-26T14:50:28.880649,214.0
084E14484EC49A5E,EVANGELICAL LUTHERAN GOOD SAMARITAN SOCIETY,,2025-03,monthly,Average number of payment denials,0.1,Affiliated Entity Performance 20250320.csv,2026-01-26T14:50:28.880649,214.0
084E14484EC49A5E,EVANGELICAL LUTHERAN GOOD SAMARITAN SOCIETY,,2025-03,monthly,Average overall 5-star rating,3.1,Affiliated Entity Performance 20250320.csv,2026-01-26T14:50:28.880649,214.0
084E14484EC49A5E,EVANGELICAL LUTHERAN GOOD SAMARITAN SOCIETY,,2025-03,monthly,Average percentage of current residents up to date with COVID-19 vaccines,44.9,Affiliated Entity Performance 20250320.csv,2026-01-26T14:50:28.880649,214.0
084E14484EC49A5E,EVANGELICAL LUTHERAN GOOD SAMARITAN SOCIETY,,2025-03,monthly,Average percentage of healthcare personnel up to date with COVID-19 vaccines,8.9,Affiliated Entity Performance 20250320.csv,2026-01-26T14:50:28.880649,214.0
084E14484EC49A5E,EVANGELICAL LUTHERAN GOOD SAMARITAN SOCIETY,,2025-03,monthly,Average percentage of long-stay residents experiencing one or more falls with major injury,4.1,Affiliated Entity Performance 20250320.csv,2026-01-26T14:50:28.880649,214.0
084E14484EC49A5E,EVANGELICAL LUTHERAN GOOD SAMARITAN SOCIETY,,2025-03,monthly,Average percentage of long-stay residents who have or had a catheter inserted and left in their bladder,3.2,Affiliated Entity Performance 20250320.csv,2026-01-26T14:50:28.880649,214.0
084E14484EC49A5E,EVANGELICAL LUTHERAN GOOD SAMARITAN SOCIETY,,2025-03,monthly,Average percentage of long-stay residents who have symptoms of depression,0.9,Affiliated Entity Performance 20250320.csv,2026-01-26T14:50:28.880649,214.0
084E14484EC49A5E,EVANGELICAL LUTHERAN GOOD SAMARITAN SOCIETY,,2025-03,monthly,Average percentage of long-stay residents who lose too much weight,4.0,Affiliated Entity Performance 20250320.csv,2026-01-26T14:50:28.880649,214.0
084E14484EC49A5E,EVANGELICAL LUTHERAN GOOD SAMARITAN SOCIETY,,2025-03,monthly,Average percentage of long-stay residents who received an antipsychotic medication,14.5,Affiliated Entity Performance 20250320.csv,2026-01-26T14:50:28.880649,214.0
084E14484EC49A5E,EVANGELICAL LUTHERAN GOOD SAMARITAN SOCIETY,,2025-03,monthly,Average percentage of long-stay residents who used antianxiety or hypnotic medication,22.2,Affiliated Entity Performance 20250320.csv,2026-01-26T14:50:28.880649,214.0
084E14484EC49A5E,EVANGELICAL LUTHERAN GOOD SAMARITAN SOCIETY,,2025-03,monthly,Average percentage of long-stay residents who were assessed and appropriately given the pneumococcal vaccine,96.3,Affiliated Entity Performance 20250320.csv,2026-01-26T14:50:28.880649,214.0
084E14484EC49A5E,EVANGELICAL LUTHERAN GOOD SAMARITAN SOCIETY,,2025-03,monthly,Average percentage of long-stay residents who were assessed and appropriately given the seasonal influenza vaccine,94.4,Affiliated Entity Performance 20250320.csv,2026-01-26T14:50:28.880649,214.0
084E14484EC49A5E,EVANGELICAL LUTHERAN GOOD SAMARITAN SOCIETY,,2025-03,monthly,Average percentage of long-stay residents who were physically restrained,0.0,Affiliated Entity Performance 20250320.csv,2026-01-26T14:50:28.880649,214.0
084E14484EC49A5E,EVANGELICAL LUTHERAN GOOD SAMARITAN SOCIETY,,2025-03,monthly,Average percentage of long-stay residents whose ability to move independently worsened,23.2,Affiliated Entity Performance 20250320.csv,2026-01-26T14:50:28.880649,214.0
084E14484EC49A5E,EVANGELICAL LUTHERAN GOOD SAMARITAN SOCIETY,,2025-03,monthly,Average percentage of long-stay residents whose need for help with activities of daily living has increased,17.4,Affiliated Entity Performance 20250320.csv,2026-01-26T14:50:28.880649,214.0
084E14484EC49A5E,EVANGELICAL LUTHERAN GOOD SAMARITAN SOCIETY,,2025-03,monthly,Average percentage of long-stay residents with a urinary tract infection,5.6,Affiliated Entity Performance 20250320.csv,2026-01-26T14:50:28.880649,214.0
084E14484EC49A5E,EVANGELICAL LUTHERAN GOOD SAMARITAN SOCIETY,,2025-03,monthly,Average percentage of long-stay residents with new or worsened bowel or bladder incontinence,24.5,Affiliated Entity Performance 20250320.csv,2026-01-26T14:50:28.880649,214.0
084E14484EC49A5E,EVANGELICAL LUTHERAN GOOD SAMARITAN SOCIETY,,2025-03,monthly,Average percentage of long-stay residents with pressure ulcers,4.5,Affiliated Entity Performance 20250320.csv,2026-01-26T14:50:28.880649,214.0
084E14484EC49A5E,EVANGELICAL LUTHERAN GOOD SAMARITAN SOCIETY,,2025-03,monthly,Average percentage of short-stay residents who are at or above an expected ability to care for themselves and move around at discharge,50.0,Affiliated Entity Performance 20250320.csv,2026-01-26T14:50:28.880649,214.0
084E14484EC49A5E,EVANGELICAL LUTHERAN GOOD SAMARITAN SOCIETY,,2025-03,monthly,Average percentage of short-stay residents who have had an outpatient emergency department visit,20.4,Affiliated Entity Performance 20250320.csv,2026-01-26T14:50:28.880649,214.0
084E14484EC49A5E,EVANGELICAL LUTHERAN GOOD SAMARITAN SOCIETY,,2025-03,monthly,Average percentage of short-stay residents who newly received an antipsychotic medication,1.9,Affiliated Entity Performance 20250320.csv,2026-01-26T14:50:28.880649,214.0
084E14484EC49A5E,EVANGELICAL LUTHERAN GOOD SAMARITAN SOCIETY,,2025-03,monthly,Average percentage of short-stay residents who were assessed and appropriately given the pneumococcal vaccine,80.9,Affiliated Entity Performance 20250320.csv,2026-01-26T14:50:28.880649,214.0
084E14484EC49A5E,EVANGELICAL LUTHERAN GOOD SAMARITAN SOCIETY,,2025-03,monthly,Average percentage of short-stay residents who were assessed and appropriately given the seasonal influenza vaccine,62.2,Affiliated Entity Performance 20250320.csv,2026-01-26T14:50:28.880649,214.0
084E14484EC49A5E,EVANGELICAL LUTHERAN GOOD SAMARITAN SOCIETY,,2025-03,monthly,Average percentage of short-stay residents who were re-hospitalized after a nursing home admission,23.7,Affiliated Entity Performance 20250320.csv,2026-01-26T14:50:28.880649,214.0
084E14484EC49A5E,EVANGELICAL LUTHERAN GOOD SAMARITAN SOCIETY,,2025-03,monthly,Average percentage of short-stay residents with pressure ulcers or pressure injuries that are new or worsened,1.4,Affiliated Entity Performance 20250320.csv,2026-01-26T14:50:28.880649,214.0
084E14484EC49A5E,EVANGELICAL LUTHERAN GOOD SAMARITAN SOCIETY,,2025-03,monthly,Average quality rating,2.4,Affiliated Entity Performance 20250320.csv,2026-01-26T14:50:28.880649,214.0
084E14484EC49A5E,EVANGELICAL LUTHERAN GOOD SAMARITAN SOCIETY,,2025-03,monthly,Average rate of potentially preventable hospital readmissions 30 days after discharge from a SNF,10.9,Affiliated Entity Performance 20250320.csv,2026-01-26T14:50:28.880649,214.0
084E14484EC49A5E,EVANGELICAL LUTHERAN GOOD SAMARITAN SOCIETY,,2025-03,monthly,Average staffing rating,3.3,Affiliated Entity Performance 20250320.csv,2026-01-26T14:50:28.880649,214.0
084E14484EC49A5E,EVANGELICAL LUTHERAN GOOD SAMARITAN SOCIETY,,2025-03,monthly,Average total Registered Nurse hours per resident day,0.7,Affiliated Entity Performance 20250320.csv,2026-01-26T14:50:28.880649,214.0
084E14484EC49A5E,EVANGELICAL LUTHERAN GOOD SAMARITAN SOCIETY,,2025-03,monthly,Average total nurse hours per resident day,3.8,Affiliated Entity Performance 20250320.csv,2026-01-26T14:50:28.880649,214.0
084E14484EC49A5E,EVANGELICAL LUTHERAN GOOD SAMARITAN SOCIETY,,2025-03,monthly,Average total nursing staff turnover percentage,43.7,Affiliated Entity Performance 20250320.csv,2026-01-26T14:50:28.880649,214.0
084E14484EC49A5E,EVANGELICAL LUTHERAN GOOD SAMARITAN SOCIETY,,2025-03,monthly,Average total weekend nurse hours per resident day,3.3,Affiliated Entity Performance 20250320.csv,2026-01-26T14:50:28.880649,214.0
084E14484EC49A5E,EVANGELICAL LUTHERAN GOOD SAMARITAN SOCIETY,,2025-03,monthly,Number of SFF candidates,0.0,Affiliated Entity Performance 20250320.csv,2026-01-26T14:50:28.880649,214.0
084E14484EC49A5E,EVANGELICAL LUTHERAN GOOD SAMARITAN SOCIETY,,2025-03,monthly,Number of Special Focus Facilities (SFF),0.0,Affiliated Entity Performance 20250320.csv,2026-01-26T14:50:28.880649,214.0
084E14484EC49A5E,EVANGELICAL LUTHERAN GOOD SAMARITAN SOCIETY,,2025-03,monthly,Number of facilities,8.0,Affiliated Entity Performance 20250320.csv,2026-01-26T14:50:28.880649,214.0
084E14484EC49A5E,EVANGELICAL LUTHERAN GOOD SAMARITAN SOCIETY,,2025-03,monthly,Number of facilities with an abuse icon,0.0,Affiliated Entity Performance 20250320.csv,2026-01-26T14:50:28.880649,214.0
084E14484EC49A5E,EVANGELICAL LUTHERAN GOOD SAMARITAN SOCIETY,,2025-03,monthly,Number of states and territories with operations,6.0,Affiliated Entity Performance 20250320.csv,2026-01-26T14:50:28.880649,214.0
084E14484EC49A5E,EVANGELICAL LUTHERAN GOOD SAMARITAN SOCIETY,,2025-03,monthly,Percent of facilities classified as for-profit,25.0,Affiliated Entity Performance 20250320.csv,2026-01-26T14:50:28.880649,214.0
084E14484EC49A5E,EVANGELICAL LUTHERAN GOOD SAMARITAN SOCIETY,,2025-03,monthly,Percent of facilities classified as government-owned,0.0,Affiliated Entity Performance 20250320.csv,2026-01-26T14:50:28.880649,214.0
084E14484EC49A5E,EVANGELICAL LUTHERAN GOOD SAMARITAN SOCIETY,,2025-03,monthly,Percent of facilities classified as non-profit,75.0,Affiliated Entity Performance 20250320.csv,2026-01-26T14:50:28.880649,214.0
084E14484EC49A5E,EVANGELICAL LUTHERAN GOOD SAMARITAN SOCIETY,,2025-03,monthly,Percentage of facilities with an abuse icon,0.0,Affiliated Entity Performance 20250320.csv,2026-01-26T14:50:28.880649,214.0
084E14484EC49A5E,EVANGELICAL LUTHERAN GOOD SAMARITAN SOCIETY,,2025-03,monthly,Total amount of fines in dollars,28740.0,Affiliated Entity Performance 20250320.csv,2026-01-26T14:50:28.880649,214.0
084E14484EC49A5E,EVANGELICAL LUTHERAN GOOD SAMARITAN SOCIETY,,2025-03,monthly,Total number of fines,3.0,Affiliated Entity Performance 20250320.csv,2026-01-26T14:50:28.880649,214.0
084E14484EC49A5E,EVANGELICAL LUTHERAN GOOD SAMARITAN SOCIETY,,2025-03,monthly,Total number of payment denials,1.0,Affiliated Entity Performance 20250320.csv,2026-01-26T14:50:28.880649,214.0
084E14484EC49A5E,EVANGELICAL LUTHERAN GOOD SAMARITAN SOCIETY,,2025-04,monthly,Average Registered Nurse turnover percentage,33.8,Affiliated Entity Performance 20250428.csv,2026-01-26T14:50:29.348936,214.0
084E14484EC49A5E,EVANGELICAL LUTHERAN GOOD SAMARITAN SOCIETY,,2025-04,monthly,Average amount of fines in dollars,6045.0,Affiliated Entity Performance 20250428.csv,2026-01-26T14:50:29.348936,214.0
084E14484EC49A5E,EVANGELICAL LUTHERAN GOOD SAMARITAN SOCIETY,,2025-04,monthly,Average health inspection rating,3.3,Affiliated Entity Performance 20250428.csv,2026-01-26T14:50:29.348936,214.0
084E14484EC49A5E,EVANGELICAL LUTHERAN GOOD SAMARITAN SOCIETY,,2025-04,monthly,Average number of administrators who have left the nursing home,0.1,Affiliated Entity Performance 20250428.csv,2026-01-26T14:50:29.348936,214.0
084E14484EC49A5E,EVANGELICAL LUTHERAN GOOD SAMARITAN SOCIETY,,2025-04,monthly,Average number of fines,0.6,Affiliated Entity Performance 20250428.csv,2026-01-26T14:50:29.348936,214.0
084E14484EC49A5E,EVANGELICAL LUTHERAN GOOD SAMARITAN SOCIETY,,2025-04,monthly,"Average number of hospitalizations per 1,000 long-stay resident days",1.75,Affiliated Entity Performance 20250428.csv,2026-01-26T14:50:29.348936,214.0
084E14484EC49A5E,EVANGELICAL LUTHERAN GOOD SAMARITAN SOCIETY,,2025-04,monthly,"Average number of outpatient emergency department visits per 1,000 long-stay resident days",1.48,Affiliated Entity Performance 20250428.csv,2026-01-26T14:50:29.348936,214.0
084E14484EC49A5E,EVANGELICAL LUTHERAN GOOD SAMARITAN SOCIETY,,2025-04,monthly,Average number of payment denials,0.1,Affiliated Entity Performance 20250428.csv,2026-01-26T14:50:29.348936,214.0
084E14484EC49A5E,EVANGELICAL LUTHERAN GOOD SAMARITAN SOCIETY,,2025-04,monthly,Average overall 5-star rating,3.7,Affiliated Entity Performance 20250428.csv,2026-01-26T14:50:29.348936,214.0
084E14484EC49A5E,EVANGELICAL LUTHERAN GOOD SAMARITAN SOCIETY,,2025-04,monthly,Average percentage of current residents up to date with COVID-19 vaccines,45.6,Affiliated Entity Performance 20250428.csv,2026-01-26T14:50:29.348936,214.0
084E14484EC49A5E,EVANGELICAL LUTHERAN GOOD SAMARITAN SOCIETY,,2025-04,monthly,Average percentage of healthcare personnel up to date with COVID-19 vaccines,10.1,Affiliated Entity Performance 20250428.csv,2026-01-26T14:50:29.348936,214.0
084E14484EC49A5E,EVANGELICAL LUTHERAN GOOD SAMARITAN SOCIETY,,2025-04,monthly,Average percentage of long-stay residents experiencing one or more falls with major injury,5.0,Affiliated Entity Performance 20250428.csv,2026-01-26T14:50:29.348936,214.0
084E14484EC49A5E,EVANGELICAL LUTHERAN GOOD SAMARITAN SOCIETY,,2025-04,monthly,Average percentage of long-stay residents who have or had a catheter inserted and left in their bladder,2.7,Affiliated Entity Performance 20250428.csv,2026-01-26T14:50:29.348936,214.0
084E14484EC49A5E,EVANGELICAL LUTHERAN GOOD SAMARITAN SOCIETY,,2025-04,monthly,Average percentage of long-stay residents who have symptoms of depression,1.3,Affiliated Entity Performance 20250428.csv,2026-01-26T14:50:29.348936,214.0
084E14484EC49A5E,EVANGELICAL LUTHERAN GOOD SAMARITAN SOCIETY,,2025-04,monthly,Average percentage of long-stay residents who lose too much weight,4.6,Affiliated Entity Performance 20250428.csv,2026-01-26T14:50:29.348936,214.0
084E14484EC49A5E,EVANGELICAL LUTHERAN GOOD SAMARITAN SOCIETY,,2025-04,monthly,Average percentage of long-stay residents who received an antipsychotic medication,16.0,Affiliated Entity Performance 20250428.csv,2026-01-26T14:50:29.348936,214.0
084E14484EC49A5E,EVANGELICAL LUTHERAN GOOD SAMARITAN SOCIETY,,2025-04,monthly,Average percentage of long-stay residents who used antianxiety or hypnotic medication,23.6,Affiliated Entity Performance 20250428.csv,2026-01-26T14:50:29.348936,214.0
084E14484EC49A5E,EVANGELICAL LUTHERAN GOOD SAMARITAN SOCIETY,,2025-04,monthly,Average percentage of long-stay residents who were assessed and appropriately given the pneumococcal vaccine,95.7,Affiliated Entity Performance 20250428.csv,2026-01-26T14:50:29.348936,214.0
084E14484EC49A5E,EVANGELICAL LUTHERAN GOOD SAMARITAN SOCIETY,,2025-04,monthly,Average percentage of long-stay residents who were assessed and appropriately given the seasonal influenza vaccine,94.2,Affiliated Entity Performance 20250428.csv,2026-01-26T14:50:29.348936,214.0
084E14484EC49A5E,EVANGELICAL LUTHERAN GOOD SAMARITAN SOCIETY,,2025-04,monthly,Average percentage of long-stay residents who were physically restrained,0.0,Affiliated Entity Performance 20250428.csv,2026-01-26T14:50:29.348936,214.0
084E14484EC49A5E,EVANGELICAL LUTHERAN GOOD SAMARITAN SOCIETY,,2025-04,monthly,Average percentage of long-stay residents whose ability to move independently worsened,24.2,Affiliated Entity Performance 20250428.csv,2026-01-26T14:50:29.348936,214.0
084E14484EC49A5E,EVANGELICAL LUTHERAN GOOD SAMARITAN SOCIETY,,2025-04,monthly,Average percentage of long-stay residents whose need for help with activities of daily living has increased,19.0,Affiliated Entity Performance 20250428.csv,2026-01-26T14:50:29.348936,214.0
084E14484EC49A5E,EVANGELICAL LUTHERAN GOOD SAMARITAN SOCIETY,,2025-04,monthly,Average percentage of long-stay residents with a urinary tract infection,5.2,Affiliated Entity Performance 20250428.csv,2026-01-26T14:50:29.348936,214.0
084E14484EC49A5E,EVANGELICAL LUTHERAN GOOD SAMARITAN SOCIETY,,2025-04,monthly,Average percentage of long-stay residents with new or worsened bowel or bladder incontinence,26.2,Affiliated Entity Performance 20250428.csv,2026-01-26T14:50:29.348936,214.0
084E14484EC49A5E,EVANGELICAL LUTHERAN GOOD SAMARITAN SOCIETY,,2025-04,monthly,Average percentage of long-stay residents with pressure ulcers,4.2,Affiliated Entity Performance 20250428.csv,2026-01-26T14:50:29.348936,214.0
084E14484EC49A5E,EVANGELICAL LUTHERAN GOOD SAMARITAN SOCIETY,,2025-04,monthly,Average percentage of short-stay residents who are at or above an expected ability to care for themselves and move around at discharge,39.2,Affiliated Entity Performance 20250428.csv,2026-01-26T14:50:29.348936,214.0
084E14484EC49A5E,EVANGELICAL LUTHERAN GOOD SAMARITAN SOCIETY,,2025-04,monthly,Average percentage of short-stay residents who have had an outpatient emergency department visit,9.6,Affiliated Entity Performance 20250428.csv,2026-01-26T14:50:29.348936,214.0
084E14484EC49A5E,EVANGELICAL LUTHERAN GOOD SAMARITAN SOCIETY,,2025-04,monthly,Average percentage of short-stay residents who newly received an antipsychotic medication,2.0,Affiliated Entity Performance 20250428.csv,2026-01-26T14:50:29.348936,214.0
084E14484EC49A5E,EVANGELICAL LUTHERAN GOOD SAMARITAN SOCIETY,,2025-04,monthly,Average percentage of short-stay residents who were assessed and appropriately given the pneumococcal vaccine,82.5,Affiliated Entity Performance 20250428.csv,2026-01-26T14:50:29.348936,214.0
084E14484EC49A5E,EVANGELICAL LUTHERAN GOOD SAMARITAN SOCIETY,,2025-04,monthly,Average percentage of short-stay residents who were assessed and appropriately given the seasonal influenza vaccine,67.8,Affiliated Entity Performance 20250428.csv,2026-01-26T14:50:29.348936,214.0
084E14484EC49A5E,EVANGELICAL LUTHERAN GOOD SAMARITAN SOCIETY,,2025-04,monthly,Average percentage of short-stay residents who were re-hospitalized after a nursing home admission,15.4,Affiliated Entity Performance 20250428.csv,2026-01-26T14:50:29.348936,214.0
084E14484EC49A5E,EVANGELICAL LUTHERAN GOOD SAMARITAN SOCIETY,,2025-04,monthly,Average percentage of short-stay residents with pressure ulcers or pressure injuries that are new or worsened,1.3,Affiliated Entity Performance 20250428.csv,2026-01-26T14:50:29.348936,214.0
084E14484EC49A5E,EVANGELICAL LUTHERAN GOOD SAMARITAN SOCIETY,,2025-04,monthly,Average quality rating,2.7,Affiliated Entity Performance 20250428.csv,2026-01-26T14:50:29.348936,214.0
084E14484EC49A5E,EVANGELICAL LUTHERAN GOOD SAMARITAN SOCIETY,,2025-04,monthly,Average rate of potentially preventable hospital readmissions 30 days after discharge from a SNF,10.5,Affiliated Entity Performance 20250428.csv,2026-01-26T14:50:29.348936,214.0
084E14484EC49A5E,EVANGELICAL LUTHERAN GOOD SAMARITAN SOCIETY,,2025-04,monthly,Average staffing rating,3.8,Affiliated Entity Performance 20250428.csv,2026-01-26T14:50:29.348936,214.0
084E14484EC49A5E,EVANGELICAL LUTHERAN GOOD SAMARITAN SOCIETY,,2025-04,monthly,Average total Registered Nurse hours per resident day,0.7,Affiliated Entity Performance 20250428.csv,2026-01-26T14:50:29.348936,214.0
084E14484EC49A5E,EVANGELICAL LUTHERAN GOOD SAMARITAN SOCIETY,,2025-04,monthly,Average total nurse hours per resident day,3.7,Affiliated Entity Performance 20250428.csv,2026-01-26T14:50:29.348936,214.0
084E14484EC49A5E,EVANGELICAL LUTHERAN GOOD SAMARITAN SOCIETY,,2025-04,monthly,Average total nursing staff turnover percentage,40.9,Affiliated Entity Performance 20250428.csv,2026-01-26T14:50:29.348936,214.0
084E14484EC49A5E,EVANGELICAL LUTHERAN GOOD SAMARITAN SOCIETY,,2025-04,monthly,Average total weekend nurse hours per resident day,3.2,Affiliated Entity Performance 20250428.csv,2026-01-26T14:50:29.348936,214.0
084E14484EC49A5E,EVANGELICAL LUTHERAN GOOD SAMARITAN SOCIETY,,2025-04,monthly,Number of SFF candidates,0.0,Affiliated Entity Performance 20250428.csv,2026-01-26T14:50:29.348936,214.0
084E14484EC49A5E,EVANGELICAL LUTHERAN GOOD SAMARITAN SOCIETY,,2025-04,monthly,Number of Special Focus Facilities (SFF),0.0,Affiliated Entity Performance 20250428.csv,2026-01-26T14:50:29.348936,214.0
084E14484EC49A5E,EVANGELICAL LUTHERAN GOOD SAMARITAN SOCIETY,,2025-04,monthly,Number of facilities,7.0,Affiliated Entity Performance 20250428.csv,2026-01-26T14:50:29.348936,214.0
084E14484EC49A5E,EVANGELICAL LUTHERAN GOOD SAMARITAN SOCIETY,,2025-04,monthly,Number of facilities with an abuse icon,0.0,Affiliated Entity Performance 20250428.csv,2026-01-26T14:50:29.348936,214.0
084E14484EC49A5E,EVANGELICAL LUTHERAN GOOD SAMARITAN SOCIETY,,2025-04,monthly,Number of states and territories with operations,5.0,Affiliated Entity Performance 20250428.csv,2026-01-26T14:50:29.348936,214.0
084E14484EC49A5E,EVANGELICAL LUTHERAN GOOD SAMARITAN SOCIETY,,2025-04,monthly,Percent of facilities classified as for-profit,28.6,Affiliated Entity Performance 20250428.csv,2026-01-26T14:50:29.348936,214.0
084E14484EC49A5E,EVANGELICAL LUTHERAN GOOD SAMARITAN SOCIETY,,2025-04,monthly,Percent of facilities classified as government-owned,0.0,Affiliated Entity Performance 20250428.csv,2026-01-26T14:50:29.348936,214.0
084E14484EC49A5E,EVANGELICAL LUTHERAN GOOD SAMARITAN SOCIETY,,2025-04,monthly,Percent of facilities classified as non-profit,71.4,Affiliated Entity Performance 20250428.csv,2026-01-26T14:50:29.348936,214.0
084E14484EC49A5E,EVANGELICAL LUTHERAN GOOD SAMARITAN SOCIETY,,2025-04,monthly,Percentage of facilities with an abuse icon,0.0,Affiliated Entity Performance 20250428.csv,2026-01-26T14:50:29.348936,214.0
084E14484EC49A5E,EVANGELICAL LUTHERAN GOOD SAMARITAN SOCIETY,,2025-04,monthly,Total amount of fines in dollars,42315.0,Affiliated Entity Performance 20250428.csv,2026-01-26T14:50:29.348936,214.0
084E14484EC49A5E,EVANGELICAL LUTHERAN GOOD SAMARITAN SOCIETY,,2025-04,monthly,Total number of fines,4.0,Affiliated Entity Performance 20250428.csv,2026-01-26T14:50:29.348936,214.0
084E14484EC49A5E,EVANGELICAL LUTHERAN GOOD SAMARITAN SOCIETY,,2025-04,monthly,Total number of payment denials,1.0,Affiliated Entity Performance 20250428.csv,2026-01-26T14:50:29.348936,214.0
2BF6AD9859E5AE4F,BENJAMIN LANDA & BENT PHILIPSON,,2023-06,monthly,Average Registered Nurse turnover percentage,40.9,Affiliated Entity Performance 20230628.csv,2026-01-26T14:50:19.016429,76.0
2BF6AD9859E5AE4F,BENJAMIN LANDA & BENT PHILIPSON,,2023-06,monthly,Average amount of fines in dollars,37509.84,Affiliated Entity Performance 20230628.csv,2026-01-26T14:50:19.016429,76.0
2BF6AD9859E5AE4F,BENJAMIN LANDA & BENT PHILIPSON,,2023-06,monthly,Average health inspection rating,2.7,Affiliated Entity Performance 20230628.csv,2026-01-26T14:50:19.016429,76.0
2BF6AD9859E5AE4F,BENJAMIN LANDA & BENT PHILIPSON,,2023-06,monthly,Average number of administrators who have left the nursing home,0.5,Affiliated Entity Performance 20230628.csv,2026-01-26T14:50:19.016429,76.0
2BF6AD9859E5AE4F,BENJAMIN LANDA & BENT PHILIPSON,,2023-06,monthly,Average number of fines,1.5,Affiliated Entity Performance 20230628.csv,2026-01-26T14:50:19.016429,76.0
2BF6AD9859E5AE4F,BENJAMIN LANDA & BENT PHILIPSON,,2023-06,monthly,"Average number of hospitalizations per 1,000 long-stay resident days",1.42,Affiliated Entity Performance 20230628.csv,2026-01-26T14:50:19.016429,76.0
2BF6AD9859E5AE4F,BENJAMIN LANDA & BENT PHILIPSON,,2023-06,monthly,"Average number of outpatient emergency department visits per 1,000 long-stay resident days",1.03,Affiliated Entity Performance 20230628.csv,2026-01-26T14:50:19.016429,76.0
2BF6AD9859E5AE4F,BENJAMIN LANDA & BENT PHILIPSON,,2023-06,monthly,Average number of payment denials,0.3,Affiliated Entity Performance 20230628.csv,2026-01-26T14:50:19.016429,76.0
2BF6AD9859E5AE4F,BENJAMIN LANDA & BENT PHILIPSON,,2023-06,monthly,Average overall 5-star rating,3.0,Affiliated Entity Performance 20230628.csv,2026-01-26T14:50:19.016429,76.0
2BF6AD9859E5AE4F,BENJAMIN LANDA & BENT PHILIPSON,,2023-06,monthly,Average percentage of current residents up to date with COVID-19 vaccines,68.3,Affiliated Entity Performance 20230628.csv,2026-01-26T14:50:19.016429,76.0
2BF6AD9859E5AE4F,BENJAMIN LANDA & BENT PHILIPSON,,2023-06,monthly,Average percentage of healthcare personnel up to date with COVID-19 vaccines,29.6,Affiliated Entity Performance 20230628.csv,2026-01-26T14:50:19.016429,76.0
2BF6AD9859E5AE4F,BENJAMIN LANDA & BENT PHILIPSON,,2023-06,monthly,Average percentage of long-stay high-risk residents with pressure ulcers,6.8,Affiliated Entity Performance 20230628.csv,2026-01-26T14:50:19.016429,76.0
2BF6AD9859E5AE4F,BENJAMIN LANDA & BENT PHILIPSON,,2023-06,monthly,Average percentage of long-stay low-risk residents who lose control of their bowels or bladder,51.1,Affiliated Entity Performance 20230628.csv,2026-01-26T14:50:19.016429,76.0
2BF6AD9859E5AE4F,BENJAMIN LANDA & BENT PHILIPSON,,2023-06,monthly,Average percentage of long-stay residents experiencing one or more falls with major injury,3.5,Affiliated Entity Performance 20230628.csv,2026-01-26T14:50:19.016429,76.0
2BF6AD9859E5AE4F,BENJAMIN LANDA & BENT PHILIPSON,,2023-06,monthly,Average percentage of long-stay residents who have or had a catheter inserted and left in their bladder,3.3,Affiliated Entity Performance 20230628.csv,2026-01-26T14:50:19.016429,76.0
2BF6AD9859E5AE4F,BENJAMIN LANDA & BENT PHILIPSON,,2023-06,monthly,Average percentage of long-stay residents who have symptoms of depression,4.6,Affiliated Entity Performance 20230628.csv,2026-01-26T14:50:19.016429,76.0
2BF6AD9859E5AE4F,BENJAMIN LANDA & BENT PHILIPSON,,2023-06,monthly,Average percentage of long-stay residents who lose too much weight,4.5,Affiliated Entity Performance 20230628.csv,2026-01-26T14:50:19.016429,76.0
2BF6AD9859E5AE4F,BENJAMIN LANDA & BENT PHILIPSON,,2023-06,monthly,Average percentage of long-stay residents who received an antipsychotic medication,16.2,Affiliated Entity Performance 20230628.csv,2026-01-26T14:50:19.016429,76.0
2BF6AD9859E5AE4F,BENJAMIN LANDA & BENT PHILIPSON,,2023-06,monthly,Average percentage of long-stay residents who used antianxiety or hypnotic medication,14.3,Affiliated Entity Performance 20230628.csv,2026-01-26T14:50:19.016429,76.0
2BF6AD9859E5AE4F,BENJAMIN LANDA & BENT PHILIPSON,,2023-06,monthly,Average percentage of long-stay residents who were assessed and appropriately given the pneumococcal vaccine,93.0,Affiliated Entity Performance 20230628.csv,2026-01-26T14:50:19.016429,76.0
2BF6AD9859E5AE4F,BENJAMIN LANDA & BENT PHILIPSON,,2023-06,monthly,Average percentage of long-stay residents who were assessed and appropriately given the seasonal influenza vaccine,95.3,Affiliated Entity Performance 20230628.csv,2026-01-26T14:50:19.016429,76.0
2BF6AD9859E5AE4F,BENJAMIN LANDA & BENT PHILIPSON,,2023-06,monthly,Average percentage of long-stay residents who were physically restrained,0.0,Affiliated Entity Performance 20230628.csv,2026-01-26T14:50:19.016429,76.0
2BF6AD9859E5AE4F,BENJAMIN LANDA & BENT PHILIPSON,,2023-06,monthly,Average percentage of long-stay residents whose ability to move independently worsened,12.7,Affiliated Entity Performance 20230628.csv,2026-01-26T14:50:19.016429,76.0
2BF6AD9859E5AE4F,BENJAMIN LANDA & BENT PHILIPSON,,2023-06,monthly,Average percentage of long-stay residents whose need for help with activities of daily living has increased,13.6,Affiliated Entity Performance 20230628.csv,2026-01-26T14:50:19.016429,76.0
2BF6AD9859E5AE4F,BENJAMIN LANDA & BENT PHILIPSON,,2023-06,monthly,Average percentage of long-stay residents with a urinary tract infection,2.7,Affiliated Entity Performance 20230628.csv,2026-01-26T14:50:19.016429,76.0
2BF6AD9859E5AE4F,BENJAMIN LANDA & BENT PHILIPSON,,2023-06,monthly,Average percentage of short-stay residents who have had an outpatient emergency department visit,13.7,Affiliated Entity Performance 20230628.csv,2026-01-26T14:50:19.016429,76.0
2BF6AD9859E5AE4F,BENJAMIN LANDA & BENT PHILIPSON,,2023-06,monthly,Average percentage of short-stay residents who made improvements in function,71.3,Affiliated Entity Performance 20230628.csv,2026-01-26T14:50:19.016429,76.0
2BF6AD9859E5AE4F,BENJAMIN LANDA & BENT PHILIPSON,,2023-06,monthly,Average percentage of short-stay residents who newly received an antipsychotic medication,2.0,Affiliated Entity Performance 20230628.csv,2026-01-26T14:50:19.016429,76.0
2BF6AD9859E5AE4F,BENJAMIN LANDA & BENT PHILIPSON,,2023-06,monthly,Average percentage of short-stay residents who were assessed and appropriately given the pneumococcal vaccine,89.1,Affiliated Entity Performance 20230628.csv,2026-01-26T14:50:19.016429,76.0
2BF6AD9859E5AE4F,BENJAMIN LANDA & BENT PHILIPSON,,2023-06,monthly,Average percentage of short-stay residents who were assessed and appropriately given the seasonal influenza vaccine,89.2,Affiliated Entity Performance 20230628.csv,2026-01-26T14:50:19.016429,76.0
2BF6AD9859E5AE4F,BENJAMIN LANDA & BENT PHILIPSON,,2023-06,monthly,Average percentage of short-stay residents who were re-hospitalized after a nursing home admission,20.1,Affiliated Entity Performance 20230628.csv,2026-01-26T14:50:19.016429,76.0
2BF6AD9859E5AE4F,BENJAMIN LANDA & BENT PHILIPSON,,2023-06,monthly,Average percentage of short-stay residents with pressure ulcers or pressure injuries that are new or worsened,2.9,Affiliated Entity Performance 20230628.csv,2026-01-26T14:50:19.016429,76.0
2BF6AD9859E5AE4F,BENJAMIN LANDA & BENT PHILIPSON,,2023-06,monthly,Average quality rating,3.4,Affiliated Entity Performance 20230628.csv,2026-01-26T14:50:19.016429,76.0
2BF6AD9859E5AE4F,BENJAMIN LANDA & BENT PHILIPSON,,2023-06,monthly,Average rate of potentially preventable hospital readmissions 30 days after discharge from a SNF,7.6,Affiliated Entity Performance 20230628.csv,2026-01-26T14:50:19.016429,76.0
2BF6AD9859E5AE4F,BENJAMIN LANDA & BENT PHILIPSON,,2023-06,monthly,Average staffing rating,3.7,Affiliated Entity Performance 20230628.csv,2026-01-26T14:50:19.016429,76.0
2BF6AD9859E5AE4F,BENJAMIN LANDA & BENT PHILIPSON,,2023-06,monthly,Average total Registered Nurse hours per resident day,1.0,Affiliated Entity Performance 20230628.csv,2026-01-26T14:50:19.016429,76.0
2BF6AD9859E5AE4F,BENJAMIN LANDA & BENT PHILIPSON,,2023-06,monthly,Average total nurse hours per resident day,3.9,Affiliated Entity Performance 20230628.csv,2026-01-26T14:50:19.016429,76.0
2BF6AD9859E5AE4F,BENJAMIN LANDA & BENT PHILIPSON,,2023-06,monthly,Average total nursing staff turnover percentage,55.0,Affiliated Entity Performance 20230628.csv,2026-01-26T14:50:19.016429,76.0
2BF6AD9859E5AE4F,BENJAMIN LANDA & BENT PHILIPSON,,2023-06,monthly,Average total weekend nurse hours per resident day,3.3,Affiliated Entity Performance 20230628.csv,2026-01-26T14:50:19.016429,76.0
2BF6AD9859E5AE4F,BENJAMIN LANDA & BENT PHILIPSON,,2023-06,monthly,Number of SFF candidates,1.0,Affiliated Entity Performance 20230628.csv,2026-01-26T14:50:19.016429,76.0
2BF6AD9859E5AE4F,BENJAMIN LANDA & BENT PHILIPSON,,2023-06,monthly,Number of Special Focus Facilities (SFF),0.0,Affiliated Entity Performance 20230628.csv,2026-01-26T14:50:19.016429,76.0
2BF6AD9859E5AE4F,BENJAMIN LANDA & BENT PHILIPSON,,2023-06,monthly,Number of facilities,22.0,Affiliated Entity Performance 20230628.csv,2026-01-26T14:50:19.016429,76.0
2BF6AD9859E5AE4F,BENJAMIN LANDA & BENT PHILIPSON,,2023-06,monthly,Number of facilities with an abuse icon,2.0,Affiliated Entity Performance 20230628.csv,2026-01-26T14:50:19.016429,76.0
2BF6AD9859E5AE4F,BENJAMIN LANDA & BENT PHILIPSON,,2023-06,monthly,Number of states and territories with operations,4.0,Affiliated Entity Performance 20230628.csv,2026-01-26T14:50:19.016429,76.0
2BF6AD9859E5AE4F,BENJAMIN LANDA & BENT PHILIPSON,,2023-06,monthly,Percent of facilities classified as for-profit,0.0,Affiliated Entity Performance 20230628.csv,2026-01-26T14:50:19.016429,76.0
2BF6AD9859E5AE4F,BENJAMIN LANDA & BENT PHILIPSON,,2023-06,monthly,Percent of facilities classified as government-owned,0.0,Affiliated Entity Performance 20230628.csv,2026-01-26T14:50:19.016429,76.0
2BF6AD9859E5AE4F,BENJAMIN LANDA & BENT PHILIPSON,,2023-06,monthly,Percent of facilities classified as non-profit,100.0,Affiliated Entity Performance 20230628.csv,2026-01-26T14:50:19.016429,76.0
2BF6AD9859E5AE4F,BENJAMIN LANDA & BENT PHILIPSON,,2023-06,monthly,Percentage of facilities with an abuse icon,9.1,Affiliated Entity Performance 20230628.csv,2026-01-26T14:50:19.016429,76.0
2BF6AD9859E5AE4F,BENJAMIN LANDA & BENT PHILIPSON,,2023-06,monthly,Total amount of fines in dollars,825216.58,Affiliated Entity Performance 20230628.csv,2026-01-26T14:50:19.016429,76.0
2BF6AD9859E5AE4F,BENJAMIN LANDA & BENT PHILIPSON,,2023-06,monthly,Total number of fines,32.0,Affiliated Entity Performance 20230628.csv,2026-01-26T14:50:19.016429,76.0
2BF6AD9859E5AE4F,BENJAMIN LANDA & BENT PHILIPSON,,2023-06,monthly,Total number of payment denials,6.0,Affiliated Entity Performance 20230628.csv,2026-01-26T14:50:19.016429,76.0
2BF6AD9859E5AE4F,BENJAMIN LANDA & BENT PHILIPSON,,2023-07,monthly,Average Registered Nurse turnover percentage,61.1,Affiliated Entity Performance 20230719.csv,2026-01-26T14:50:19.629767,76.0
2BF6AD9859E5AE4F,BENJAMIN LANDA & BENT PHILIPSON,,2023-07,monthly,Average amount of fines in dollars,35900.67,Affiliated Entity Performance 20230719.csv,2026-01-26T14:50:19.629767,76.0
2BF6AD9859E5AE4F,BENJAMIN LANDA & BENT PHILIPSON,,2023-07,monthly,Average health inspection rating,2.6,Affiliated Entity Performance 20230719.csv,2026-01-26T14:50:19.629767,76.0
2BF6AD9859E5AE4F,BENJAMIN LANDA & BENT PHILIPSON,,2023-07,monthly,Average number of administrators who have left the nursing home,1.1,Affiliated Entity Performance 20230719.csv,2026-01-26T14:50:19.629767,76.0
2BF6AD9859E5AE4F,BENJAMIN LANDA & BENT PHILIPSON,,2023-07,monthly,Average number of fines,1.7,Affiliated Entity Performance 20230719.csv,2026-01-26T14:50:19.629767,76.0
2BF6AD9859E5AE4F,BENJAMIN LANDA & BENT PHILIPSON,,2023-07,monthly,"Average number of hospitalizations per 1,000 long-stay resident days",1.84,Affiliated Entity Performance 20230719.csv,2026-01-26T14:50:19.629767,76.0
2BF6AD9859E5AE4F,BENJAMIN LANDA & BENT PHILIPSON,,2023-07,monthly,"Average number of outpatient emergency department visits per 1,000 long-stay resident days",1.04,Affiliated Entity Performance 20230719.csv,2026-01-26T14:50:19.629767,76.0
2BF6AD9859E5AE4F,BENJAMIN LANDA & BENT PHILIPSON,,2023-07,monthly,Average number of payment denials,0.0,Affiliated Entity Performance 20230719.csv,2026-01-26T14:50:19.629767,76.0
2BF6AD9859E5AE4F,BENJAMIN LANDA & BENT PHILIPSON,,2023-07,monthly,Average overall 5-star rating,2.7,Affiliated Entity Performance 20230719.csv,2026-01-26T14:50:19.629767,76.0
2BF6AD9859E5AE4F,BENJAMIN LANDA & BENT PHILIPSON,,2023-07,monthly,Average percentage of current residents up to date with COVID-19 vaccines,58.9,Affiliated Entity Performance 20230719.csv,2026-01-26T14:50:19.629767,76.0
2BF6AD9859E5AE4F,BENJAMIN LANDA & BENT PHILIPSON,,2023-07,monthly,Average percentage of healthcare personnel up to date with COVID-19 vaccines,25.3,Affiliated Entity Performance 20230719.csv,2026-01-26T14:50:19.629767,76.0
2BF6AD9859E5AE4F,BENJAMIN LANDA & BENT PHILIPSON,,2023-07,monthly,Average percentage of long-stay high-risk residents with pressure ulcers,9.9,Affiliated Entity Performance 20230719.csv,2026-01-26T14:50:19.629767,76.0
2BF6AD9859E5AE4F,BENJAMIN LANDA & BENT PHILIPSON,,2023-07,monthly,Average percentage of long-stay low-risk residents who lose control of their bowels or bladder,40.3,Affiliated Entity Performance 20230719.csv,2026-01-26T14:50:19.629767,76.0
2BF6AD9859E5AE4F,BENJAMIN LANDA & BENT PHILIPSON,,2023-07,monthly,Average percentage of long-stay residents experiencing one or more falls with major injury,2.3,Affiliated Entity Performance 20230719.csv,2026-01-26T14:50:19.629767,76.0
2BF6AD9859E5AE4F,BENJAMIN LANDA & BENT PHILIPSON,,2023-07,monthly,Average percentage of long-stay residents who have or had a catheter inserted and left in their bladder,0.9,Affiliated Entity Performance 20230719.csv,2026-01-26T14:50:19.629767,76.0
2BF6AD9859E5AE4F,BENJAMIN LANDA & BENT PHILIPSON,,2023-07,monthly,Average percentage of long-stay residents who have symptoms of depression,12.0,Affiliated Entity Performance 20230719.csv,2026-01-26T14:50:19.629767,76.0
2BF6AD9859E5AE4F,BENJAMIN LANDA & BENT PHILIPSON,,2023-07,monthly,Average percentage of long-stay residents who lose too much weight,6.4,Affiliated Entity Performance 20230719.csv,2026-01-26T14:50:19.629767,76.0
2BF6AD9859E5AE4F,BENJAMIN LANDA & BENT PHILIPSON,,2023-07,monthly,Average percentage of long-stay residents who received an antipsychotic medication,11.4,Affiliated Entity Performance 20230719.csv,2026-01-26T14:50:19.629767,76.0
2BF6AD9859E5AE4F,BENJAMIN LANDA & BENT PHILIPSON,,2023-07,monthly,Average percentage of long-stay residents who used antianxiety or hypnotic medication,21.1,Affiliated Entity Performance 20230719.csv,2026-01-26T14:50:19.629767,76.0
2BF6AD9859E5AE4F,BENJAMIN LANDA & BENT PHILIPSON,,2023-07,monthly,Average percentage of long-stay residents who were assessed and appropriately given the pneumococcal vaccine,93.4,Affiliated Entity Performance 20230719.csv,2026-01-26T14:50:19.629767,76.0
2BF6AD9859E5AE4F,BENJAMIN LANDA & BENT PHILIPSON,,2023-07,monthly,Average percentage of long-stay residents who were assessed and appropriately given the seasonal influenza vaccine,96.1,Affiliated Entity Performance 20230719.csv,2026-01-26T14:50:19.629767,76.0
2BF6AD9859E5AE4F,BENJAMIN LANDA & BENT PHILIPSON,,2023-07,monthly,Average percentage of long-stay residents who were physically restrained,0.0,Affiliated Entity Performance 20230719.csv,2026-01-26T14:50:19.629767,76.0
2BF6AD9859E5AE4F,BENJAMIN LANDA & BENT PHILIPSON,,2023-07,monthly,Average percentage of long-stay residents whose ability to move independently worsened,11.6,Affiliated Entity Performance 20230719.csv,2026-01-26T14:50:19.629767,76.0
2BF6AD9859E5AE4F,BENJAMIN LANDA & BENT PHILIPSON,,2023-07,monthly,Average percentage of long-stay residents whose need for help with activities of daily living has increased,12.5,Affiliated Entity Performance 20230719.csv,2026-01-26T14:50:19.629767,76.0
2BF6AD9859E5AE4F,BENJAMIN LANDA & BENT PHILIPSON,,2023-07,monthly,Average percentage of long-stay residents with a urinary tract infection,1.8,Affiliated Entity Performance 20230719.csv,2026-01-26T14:50:19.629767,76.0
2BF6AD9859E5AE4F,BENJAMIN LANDA & BENT PHILIPSON,,2023-07,monthly,Average percentage of short-stay residents who have had an outpatient emergency department visit,11.0,Affiliated Entity Performance 20230719.csv,2026-01-26T14:50:19.629767,76.0
2BF6AD9859E5AE4F,BENJAMIN LANDA & BENT PHILIPSON,,2023-07,monthly,Average percentage of short-stay residents who made improvements in function,72.8,Affiliated Entity Performance 20230719.csv,2026-01-26T14:50:19.629767,76.0
2BF6AD9859E5AE4F,BENJAMIN LANDA & BENT PHILIPSON,,2023-07,monthly,Average percentage of short-stay residents who newly received an antipsychotic medication,2.0,Affiliated Entity Performance 20230719.csv,2026-01-26T14:50:19.629767,76.0
2BF6AD9859E5AE4F,BENJAMIN LANDA & BENT PHILIPSON,,2023-07,monthly,Average percentage of short-stay residents who were assessed and appropriately given the pneumococcal vaccine,82.0,Affiliated Entity Performance 20230719.csv,2026-01-26T14:50:19.629767,76.0
2BF6AD9859E5AE4F,BENJAMIN LANDA & BENT PHILIPSON,,2023-07,monthly,Average percentage of short-stay residents who were assessed and appropriately given the seasonal influenza vaccine,82.6,Affiliated Entity Performance 20230719.csv,2026-01-26T14:50:19.629767,76.0
2BF6AD9859E5AE4F,BENJAMIN LANDA & BENT PHILIPSON,,2023-07,monthly,Average percentage of short-stay residents who were re-hospitalized after a nursing home admission,23.6,Affiliated Entity Performance 20230719.csv,2026-01-26T14:50:19.629767,76.0
2BF6AD9859E5AE4F,BENJAMIN LANDA & BENT PHILIPSON,,2023-07,monthly,Average percentage of short-stay residents with pressure ulcers or pressure injuries that are new or worsened,2.3,Affiliated Entity Performance 20230719.csv,2026-01-26T14:50:19.629767,76.0
2BF6AD9859E5AE4F,BENJAMIN LANDA & BENT PHILIPSON,,2023-07,monthly,Average quality rating,3.9,Affiliated Entity Performance 20230719.csv,2026-01-26T14:50:19.629767,76.0
2BF6AD9859E5AE4F,BENJAMIN LANDA & BENT PHILIPSON,,2023-07,monthly,Average rate of potentially preventable hospital readmissions 30 days after discharge from a SNF,7.9,Affiliated Entity Performance 20230719.csv,2026-01-26T14:50:19.629767,76.0
2BF6AD9859E5AE4F,BENJAMIN LANDA & BENT PHILIPSON,,2023-07,monthly,Average staffing rating,2.1,Affiliated Entity Performance 20230719.csv,2026-01-26T14:50:19.629767,76.0
2BF6AD9859E5AE4F,BENJAMIN LANDA & BENT PHILIPSON,,2023-07,monthly,Average total Registered Nurse hours per resident day,0.5,Affiliated Entity Performance 20230719.csv,2026-01-26T14:50:19.629767,76.0
2BF6AD9859E5AE4F,BENJAMIN LANDA & BENT PHILIPSON,,2023-07,monthly,Average total nurse hours per resident day,3.5,Affiliated Entity Performance 20230719.csv,2026-01-26T14:50:19.629767,76.0
2BF6AD9859E5AE4F,BENJAMIN LANDA & BENT PHILIPSON,,2023-07,monthly,Average total nursing staff turnover percentage,58.8,Affiliated Entity Performance 20230719.csv,2026-01-26T14:50:19.629767,76.0
2BF6AD9859E5AE4F,BENJAMIN LANDA & BENT PHILIPSON,,2023-07,monthly,Average total weekend nurse hours per resident day,3.1,Affiliated Entity Performance 20230719.csv,2026-01-26T14:50:19.629767,76.0
2BF6AD9859E5AE4F,BENJAMIN LANDA & BENT PHILIPSON,,2023-07,monthly,Number of SFF candidates,1.0,Affiliated Entity Performance 20230719.csv,2026-01-26T14:50:19.629767,76.0
2BF6AD9859E5AE4F,BENJAMIN LANDA & BENT PHILIPSON,,2023-07,monthly,Number of Special Focus Facilities (SFF),2.0,Affiliated Entity Performance 20230719.csv,2026-01-26T14:50:19.629767,76.0
2BF6AD9859E5AE4F,BENJAMIN LANDA & BENT PHILIPSON,,2023-07,monthly,Number of facilities,67.0,Affiliated Entity Performance 20230719.csv,2026-01-26T14:50:19.629767,76.0
2BF6AD9859E5AE4F,BENJAMIN LANDA & BENT PHILIPSON,,2023-07,monthly,Number of facilities with an abuse icon,5.0,Affiliated Entity Performance 20230719.csv,2026-01-26T14:50:19.629767,76.0
2BF6AD9859E5AE4F,BENJAMIN LANDA & BENT PHILIPSON,,2023-07,monthly,Number of states and territories with operations,5.0,Affiliated Entity Performance 20230719.csv,2026-01-26T14:50:19.629767,76.0
2BF6AD9859E5AE4F,BENJAMIN LANDA & BENT PHILIPSON,,2023-07,monthly,Percent of facilities classified as for-profit,100.0,Affiliated Entity Performance 20230719.csv,2026-01-26T14:50:19.629767,76.0
2BF6AD9859E5AE4F,BENJAMIN LANDA & BENT PHILIPSON,,2023-07,monthly,Percent of facilities classified as government-owned,0.0,Affiliated Entity Performance 20230719.csv,2026-01-26T14:50:19.629767,76.0
2BF6AD9859E5AE4F,BENJAMIN LANDA & BENT PHILIPSON,,2023-07,monthly,Percent of facilities classified as non-profit,0.0,Affiliated Entity Performance 20230719.csv,2026-01-26T14:50:19.629767,76.0
2BF6AD9859E5AE4F,BENJAMIN LANDA & BENT PHILIPSON,,2023-07,monthly,Percentage of facilities with an abuse icon,7.5,Affiliated Entity Performance 20230719.csv,2026-01-26T14:50:19.629767,76.0
2BF6AD9859E5AE4F,BENJAMIN LANDA & BENT PHILIPSON,,2023-07,monthly,Total amount of fines in dollars,2405345.12,Affiliated Entity Performance 20230719.csv,2026-01-26T14:50:19.629767,76.0
2BF6AD9859E5AE4F,BENJAMIN LANDA & BENT PHILIPSON,,2023-07,monthly,Total number of fines,115.0,Affiliated Entity Performance 20230719.csv,2026-01-26T14:50:19.629767,76.0
2BF6AD9859E5AE4F,BENJAMIN LANDA & BENT PHILIPSON,,2023-07,monthly,Total number of payment denials,3.0,Affiliated Entity Performance 20230719.csv,2026-01-26T14:50:19.629767,76.0
2BF6AD9859E5AE4F,BENJAMIN LANDA & BENT PHILIPSON,,2023-08,monthly,Average Registered Nurse turnover percentage,57.1,Affiliated Entity Performance 20230825.csv,2026-01-26T14:50:20.090519,76.0
2BF6AD9859E5AE4F,BENJAMIN LANDA & BENT PHILIPSON,,2023-08,monthly,Average amount of fines in dollars,35040.13,Affiliated Entity Performance 20230825.csv,2026-01-26T14:50:20.090519,76.0
2BF6AD9859E5AE4F,BENJAMIN LANDA & BENT PHILIPSON,,2023-08,monthly,Average health inspection rating,2.6,Affiliated Entity Performance 20230825.csv,2026-01-26T14:50:20.090519,76.0
2BF6AD9859E5AE4F,BENJAMIN LANDA & BENT PHILIPSON,,2023-08,monthly,Average number of administrators who have left the nursing home,1.0,Affiliated Entity Performance 20230825.csv,2026-01-26T14:50:20.090519,76.0
2BF6AD9859E5AE4F,BENJAMIN LANDA & BENT PHILIPSON,,2023-08,monthly,Average number of fines,1.7,Affiliated Entity Performance 20230825.csv,2026-01-26T14:50:20.090519,76.0
2BF6AD9859E5AE4F,BENJAMIN LANDA & BENT PHILIPSON,,2023-08,monthly,"Average number of hospitalizations per 1,000 long-stay resident days",2.0,Affiliated Entity Performance 20230825.csv,2026-01-26T14:50:20.090519,76.0
2BF6AD9859E5AE4F,BENJAMIN LANDA & BENT PHILIPSON,,2023-08,monthly,"Average number of outpatient emergency department visits per 1,000 long-stay resident days",1.12,Affiliated Entity Performance 20230825.csv,2026-01-26T14:50:20.090519,76.0
2BF6AD9859E5AE4F,BENJAMIN LANDA & BENT PHILIPSON,,2023-08,monthly,Average number of payment denials,0.0,Affiliated Entity Performance 20230825.csv,2026-01-26T14:50:20.090519,76.0
2BF6AD9859E5AE4F,BENJAMIN LANDA & BENT PHILIPSON,,2023-08,monthly,Average overall 5-star rating,2.8,Affiliated Entity Performance 20230825.csv,2026-01-26T14:50:20.090519,76.0
2BF6AD9859E5AE4F,BENJAMIN LANDA & BENT PHILIPSON,,2023-08,monthly,Average percentage of current residents up to date with COVID-19 vaccines,55.6,Affiliated Entity Performance 20230825.csv,2026-01-26T14:50:20.090519,76.0
2BF6AD9859E5AE4F,BENJAMIN LANDA & BENT PHILIPSON,,2023-08,monthly,Average percentage of healthcare personnel up to date with COVID-19 vaccines,21.3,Affiliated Entity Performance 20230825.csv,2026-01-26T14:50:20.090519,76.0
2BF6AD9859E5AE4F,BENJAMIN LANDA & BENT PHILIPSON,,2023-08,monthly,Average percentage of long-stay high-risk residents with pressure ulcers,9.9,Affiliated Entity Performance 20230825.csv,2026-01-26T14:50:20.090519,76.0
2BF6AD9859E5AE4F,BENJAMIN LANDA & BENT PHILIPSON,,2023-08,monthly,Average percentage of long-stay low-risk residents who lose control of their bowels or bladder,41.1,Affiliated Entity Performance 20230825.csv,2026-01-26T14:50:20.090519,76.0
2BF6AD9859E5AE4F,BENJAMIN LANDA & BENT PHILIPSON,,2023-08,monthly,Average percentage of long-stay residents experiencing one or more falls with major injury,2.4,Affiliated Entity Performance 20230825.csv,2026-01-26T14:50:20.090519,76.0
2BF6AD9859E5AE4F,BENJAMIN LANDA & BENT PHILIPSON,,2023-08,monthly,Average percentage of long-stay residents who have or had a catheter inserted and left in their bladder,0.8,Affiliated Entity Performance 20230825.csv,2026-01-26T14:50:20.090519,76.0
2BF6AD9859E5AE4F,BENJAMIN LANDA & BENT PHILIPSON,,2023-08,monthly,Average percentage of long-stay residents who have symptoms of depression,12.0,Affiliated Entity Performance 20230825.csv,2026-01-26T14:50:20.090519,76.0
2BF6AD9859E5AE4F,BENJAMIN LANDA & BENT PHILIPSON,,2023-08,monthly,Average percentage of long-stay residents who lose too much weight,6.3,Affiliated Entity Performance 20230825.csv,2026-01-26T14:50:20.090519,76.0
2BF6AD9859E5AE4F,BENJAMIN LANDA & BENT PHILIPSON,,2023-08,monthly,Average percentage of long-stay residents who received an antipsychotic medication,11.0,Affiliated Entity Performance 20230825.csv,2026-01-26T14:50:20.090519,76.0
2BF6AD9859E5AE4F,BENJAMIN LANDA & BENT PHILIPSON,,2023-08,monthly,Average percentage of long-stay residents who used antianxiety or hypnotic medication,21.0,Affiliated Entity Performance 20230825.csv,2026-01-26T14:50:20.090519,76.0
2BF6AD9859E5AE4F,BENJAMIN LANDA & BENT PHILIPSON,,2023-08,monthly,Average percentage of long-stay residents who were assessed and appropriately given the pneumococcal vaccine,93.7,Affiliated Entity Performance 20230825.csv,2026-01-26T14:50:20.090519,76.0
2BF6AD9859E5AE4F,BENJAMIN LANDA & BENT PHILIPSON,,2023-08,monthly,Average percentage of long-stay residents who were assessed and appropriately given the seasonal influenza vaccine,96.0,Affiliated Entity Performance 20230825.csv,2026-01-26T14:50:20.090519,76.0
2BF6AD9859E5AE4F,BENJAMIN LANDA & BENT PHILIPSON,,2023-08,monthly,Average percentage of long-stay residents who were physically restrained,0.0,Affiliated Entity Performance 20230825.csv,2026-01-26T14:50:20.090519,76.0
2BF6AD9859E5AE4F,BENJAMIN LANDA & BENT PHILIPSON,,2023-08,monthly,Average percentage of long-stay residents whose ability to move independently worsened,11.3,Affiliated Entity Performance 20230825.csv,2026-01-26T14:50:20.090519,76.0
2BF6AD9859E5AE4F,BENJAMIN LANDA & BENT PHILIPSON,,2023-08,monthly,Average percentage of long-stay residents whose need for help with activities of daily living has increased,12.4,Affiliated Entity Performance 20230825.csv,2026-01-26T14:50:20.090519,76.0
2BF6AD9859E5AE4F,BENJAMIN LANDA & BENT PHILIPSON,,2023-08,monthly,Average percentage of long-stay residents with a urinary tract infection,1.7,Affiliated Entity Performance 20230825.csv,2026-01-26T14:50:20.090519,76.0
2BF6AD9859E5AE4F,BENJAMIN LANDA & BENT PHILIPSON,,2023-08,monthly,Average percentage of short-stay residents who have had an outpatient emergency department visit,11.1,Affiliated Entity Performance 20230825.csv,2026-01-26T14:50:20.090519,76.0
2BF6AD9859E5AE4F,BENJAMIN LANDA & BENT PHILIPSON,,2023-08,monthly,Average percentage of short-stay residents who made improvements in function,72.5,Affiliated Entity Performance 20230825.csv,2026-01-26T14:50:20.090519,76.0
2BF6AD9859E5AE4F,BENJAMIN LANDA & BENT PHILIPSON,,2023-08,monthly,Average percentage of short-stay residents who newly received an antipsychotic medication,2.0,Affiliated Entity Performance 20230825.csv,2026-01-26T14:50:20.090519,76.0
2BF6AD9859E5AE4F,BENJAMIN LANDA & BENT PHILIPSON,,2023-08,monthly,Average percentage of short-stay residents who were assessed and appropriately given the pneumococcal vaccine,81.8,Affiliated Entity Performance 20230825.csv,2026-01-26T14:50:20.090519,76.0
2BF6AD9859E5AE4F,BENJAMIN LANDA & BENT PHILIPSON,,2023-08,monthly,Average percentage of short-stay residents who were assessed and appropriately given the seasonal influenza vaccine,82.9,Affiliated Entity Performance 20230825.csv,2026-01-26T14:50:20.090519,76.0
2BF6AD9859E5AE4F,BENJAMIN LANDA & BENT PHILIPSON,,2023-08,monthly,Average percentage of short-stay residents who were re-hospitalized after a nursing home admission,23.5,Affiliated Entity Performance 20230825.csv,2026-01-26T14:50:20.090519,76.0
2BF6AD9859E5AE4F,BENJAMIN LANDA & BENT PHILIPSON,,2023-08,monthly,Average percentage of short-stay residents with pressure ulcers or pressure injuries that are new or worsened,2.1,Affiliated Entity Performance 20230825.csv,2026-01-26T14:50:20.090519,76.0
2BF6AD9859E5AE4F,BENJAMIN LANDA & BENT PHILIPSON,,2023-08,monthly,Average quality rating,3.9,Affiliated Entity Performance 20230825.csv,2026-01-26T14:50:20.090519,76.0
2BF6AD9859E5AE4F,BENJAMIN LANDA & BENT PHILIPSON,,2023-08,monthly,Average rate of potentially preventable hospital readmissions 30 days after discharge from a SNF,7.9,Affiliated Entity Performance 20230825.csv,2026-01-26T14:50:20.090519,76.0
2BF6AD9859E5AE4F,BENJAMIN LANDA & BENT PHILIPSON,,2023-08,monthly,Average staffing rating,2.5,Affiliated Entity Performance 20230825.csv,2026-01-26T14:50:20.090519,76.0
2BF6AD9859E5AE4F,BENJAMIN LANDA & BENT PHILIPSON,,2023-08,monthly,Average total Registered Nurse hours per resident day,0.5,Affiliated Entity Performance 20230825.csv,2026-01-26T14:50:20.090519,76.0
2BF6AD9859E5AE4F,BENJAMIN LANDA & BENT PHILIPSON,,2023-08,monthly,Average total nurse hours per resident day,3.7,Affiliated Entity Performance 20230825.csv,2026-01-26T14:50:20.090519,76.0
2BF6AD9859E5AE4F,BENJAMIN LANDA & BENT PHILIPSON,,2023-08,monthly,Average total nursing staff turnover percentage,57.5,Affiliated Entity Performance 20230825.csv,2026-01-26T14:50:20.090519,76.0
2BF6AD9859E5AE4F,BENJAMIN LANDA & BENT PHILIPSON,,2023-08,monthly,Average total weekend nurse hours per resident day,3.3,Affiliated Entity Performance 20230825.csv,2026-01-26T14:50:20.090519,76.0
2BF6AD9859E5AE4F,BENJAMIN LANDA & BENT PHILIPSON,,2023-08,monthly,Number of SFF candidates,4.0,Affiliated Entity Performance 20230825.csv,2026-01-26T14:50:20.090519,76.0
2BF6AD9859E5AE4F,BENJAMIN LANDA & BENT PHILIPSON,,2023-08,monthly,Number of Special Focus Facilities (SFF),1.0,Affiliated Entity Performance 20230825.csv,2026-01-26T14:50:20.090519,76.0
2BF6AD9859E5AE4F,BENJAMIN LANDA & BENT PHILIPSON,,2023-08,monthly,Number of facilities,66.0,Affiliated Entity Performance 20230825.csv,2026-01-26T14:50:20.090519,76.0
2BF6AD9859E5AE4F,BENJAMIN LANDA & BENT PHILIPSON,,2023-08,monthly,Number of facilities with an abuse icon,7.0,Affiliated Entity Performance 20230825.csv,2026-01-26T14:50:20.090519,76.0
2BF6AD9859E5AE4F,BENJAMIN LANDA & BENT PHILIPSON,,2023-08,monthly,Number of states and territories with operations,5.0,Affiliated Entity Performance 20230825.csv,2026-01-26T14:50:20.090519,76.0
2BF6AD9859E5AE4F,BENJAMIN LANDA & BENT PHILIPSON,,2023-08,monthly,Percent of facilities classified as for-profit,100.0,Affiliated Entity Performance 20230825.csv,2026-01-26T14:50:20.090519,76.0
2BF6AD9859E5AE4F,BENJAMIN LANDA & BENT PHILIPSON,,2023-08,monthly,Percent of facilities classified as government-owned,0.0,Affiliated Entity Performance 20230825.csv,2026-01-26T14:50:20.090519,76.0
2BF6AD9859E5AE4F,BENJAMIN LANDA & BENT PHILIPSON,,2023-08,monthly,Percent of facilities classified as non-profit,0.0,Affiliated Entity Performance 20230825.csv,2026-01-26T14:50:20.090519,76.0
2BF6AD9859E5AE4F,BENJAMIN LANDA & BENT PHILIPSON,,2023-08,monthly,Percentage of facilities with an abuse icon,10.6,Affiliated Entity Performance 20230825.csv,2026-01-26T14:50:20.090519,76.0
2BF6AD9859E5AE4F,BENJAMIN LANDA & BENT PHILIPSON,,2023-08,monthly,Total amount of fines in dollars,2312648.26,Affiliated Entity Performance 20230825.csv,2026-01-26T14:50:20.090519,76.0
2BF6AD9859E5AE4F,BENJAMIN LANDA & BENT PHILIPSON,,2023-08,monthly,Total number of fines,115.0,Affiliated Entity Performance 20230825.csv,2026-01-26T14:50:20.090519,76.0
2BF6AD9859E5AE4F,BENJAMIN LANDA & BENT PHILIPSON,,2023-08,monthly,Total number of payment denials,3.0,Affiliated Entity Performance 20230825.csv,2026-01-26T14:50:20.090519,76.0
2BF6AD9859E5AE4F,BENJAMIN LANDA & BENT PHILIPSON,,2023-09,monthly,Average Registered Nurse turnover percentage,57.4,Affiliated Entity Performance 20230920.csv,2026-01-26T14:50:20.581042,76.0
2BF6AD9859E5AE4F,BENJAMIN LANDA & BENT PHILIPSON,,2023-09,monthly,Average amount of fines in dollars,35029.28,Affiliated Entity Performance 20230920.csv,2026-01-26T14:50:20.581042,76.0
2BF6AD9859E5AE4F,BENJAMIN LANDA & BENT PHILIPSON,,2023-09,monthly,Average health inspection rating,2.6,Affiliated Entity Performance 20230920.csv,2026-01-26T14:50:20.581042,76.0
2BF6AD9859E5AE4F,BENJAMIN LANDA & BENT PHILIPSON,,2023-09,monthly,Average number of administrators who have left the nursing home,1.0,Affiliated Entity Performance 20230920.csv,2026-01-26T14:50:20.581042,76.0
2BF6AD9859E5AE4F,BENJAMIN LANDA & BENT PHILIPSON,,2023-09,monthly,Average number of fines,1.8,Affiliated Entity Performance 20230920.csv,2026-01-26T14:50:20.581042,76.0
2BF6AD9859E5AE4F,BENJAMIN LANDA & BENT PHILIPSON,,2023-09,monthly,"Average number of hospitalizations per 1,000 long-stay resident days",2.01,Affiliated Entity Performance 20230920.csv,2026-01-26T14:50:20.581042,76.0
2BF6AD9859E5AE4F,BENJAMIN LANDA & BENT PHILIPSON,,2023-09,monthly,"Average number of outpatient emergency department visits per 1,000 long-stay resident days",1.12,Affiliated Entity Performance 20230920.csv,2026-01-26T14:50:20.581042,76.0
2BF6AD9859E5AE4F,BENJAMIN LANDA & BENT PHILIPSON,,2023-09,monthly,Average number of payment denials,0.0,Affiliated Entity Performance 20230920.csv,2026-01-26T14:50:20.581042,76.0
2BF6AD9859E5AE4F,BENJAMIN LANDA & BENT PHILIPSON,,2023-09,monthly,Average overall 5-star rating,2.8,Affiliated Entity Performance 20230920.csv,2026-01-26T14:50:20.581042,76.0
2BF6AD9859E5AE4F,BENJAMIN LANDA & BENT PHILIPSON,,2023-09,monthly,Average percentage of current residents up to date with COVID-19 vaccines,56.4,Affiliated Entity Performance 20230920.csv,2026-01-26T14:50:20.581042,76.0
2BF6AD9859E5AE4F,BENJAMIN LANDA & BENT PHILIPSON,,2023-09,monthly,Average percentage of healthcare personnel up to date with COVID-19 vaccines,23.1,Affiliated Entity Performance 20230920.csv,2026-01-26T14:50:20.581042,76.0
2BF6AD9859E5AE4F,BENJAMIN LANDA & BENT PHILIPSON,,2023-09,monthly,Average percentage of long-stay high-risk residents with pressure ulcers,9.9,Affiliated Entity Performance 20230920.csv,2026-01-26T14:50:20.581042,76.0
2BF6AD9859E5AE4F,BENJAMIN LANDA & BENT PHILIPSON,,2023-09,monthly,Average percentage of long-stay low-risk residents who lose control of their bowels or bladder,41.1,Affiliated Entity Performance 20230920.csv,2026-01-26T14:50:20.581042,76.0
2BF6AD9859E5AE4F,BENJAMIN LANDA & BENT PHILIPSON,,2023-09,monthly,Average percentage of long-stay residents experiencing one or more falls with major injury,2.5,Affiliated Entity Performance 20230920.csv,2026-01-26T14:50:20.581042,76.0
2BF6AD9859E5AE4F,BENJAMIN LANDA & BENT PHILIPSON,,2023-09,monthly,Average percentage of long-stay residents who have or had a catheter inserted and left in their bladder,0.8,Affiliated Entity Performance 20230920.csv,2026-01-26T14:50:20.581042,76.0
2BF6AD9859E5AE4F,BENJAMIN LANDA & BENT PHILIPSON,,2023-09,monthly,Average percentage of long-stay residents who have symptoms of depression,12.1,Affiliated Entity Performance 20230920.csv,2026-01-26T14:50:20.581042,76.0
2BF6AD9859E5AE4F,BENJAMIN LANDA & BENT PHILIPSON,,2023-09,monthly,Average percentage of long-stay residents who lose too much weight,6.3,Affiliated Entity Performance 20230920.csv,2026-01-26T14:50:20.581042,76.0
2BF6AD9859E5AE4F,BENJAMIN LANDA & BENT PHILIPSON,,2023-09,monthly,Average percentage of long-stay residents who received an antipsychotic medication,11.1,Affiliated Entity Performance 20230920.csv,2026-01-26T14:50:20.581042,76.0
2BF6AD9859E5AE4F,BENJAMIN LANDA & BENT PHILIPSON,,2023-09,monthly,Average percentage of long-stay residents who used antianxiety or hypnotic medication,21.1,Affiliated Entity Performance 20230920.csv,2026-01-26T14:50:20.581042,76.0
2BF6AD9859E5AE4F,BENJAMIN LANDA & BENT PHILIPSON,,2023-09,monthly,Average percentage of long-stay residents who were assessed and appropriately given the pneumococcal vaccine,93.7,Affiliated Entity Performance 20230920.csv,2026-01-26T14:50:20.581042,76.0
2BF6AD9859E5AE4F,BENJAMIN LANDA & BENT PHILIPSON,,2023-09,monthly,Average percentage of long-stay residents who were assessed and appropriately given the seasonal influenza vaccine,96.0,Affiliated Entity Performance 20230920.csv,2026-01-26T14:50:20.581042,76.0
2BF6AD9859E5AE4F,BENJAMIN LANDA & BENT PHILIPSON,,2023-09,monthly,Average percentage of long-stay residents who were physically restrained,0.0,Affiliated Entity Performance 20230920.csv,2026-01-26T14:50:20.581042,76.0
2BF6AD9859E5AE4F,BENJAMIN LANDA & BENT PHILIPSON,,2023-09,monthly,Average percentage of long-stay residents whose ability to move independently worsened,11.4,Affiliated Entity Performance 20230920.csv,2026-01-26T14:50:20.581042,76.0
2BF6AD9859E5AE4F,BENJAMIN LANDA & BENT PHILIPSON,,2023-09,monthly,Average percentage of long-stay residents whose need for help with activities of daily living has increased,12.4,Affiliated Entity Performance 20230920.csv,2026-01-26T14:50:20.581042,76.0
2BF6AD9859E5AE4F,BENJAMIN LANDA & BENT PHILIPSON,,2023-09,monthly,Average percentage of long-stay residents with a urinary tract infection,1.7,Affiliated Entity Performance 20230920.csv,2026-01-26T14:50:20.581042,76.0
2BF6AD9859E5AE4F,BENJAMIN LANDA & BENT PHILIPSON,,2023-09,monthly,Average percentage of short-stay residents who have had an outpatient emergency department visit,11.2,Affiliated Entity Performance 20230920.csv,2026-01-26T14:50:20.581042,76.0
2BF6AD9859E5AE4F,BENJAMIN LANDA & BENT PHILIPSON,,2023-09,monthly,Average percentage of short-stay residents who made improvements in function,72.2,Affiliated Entity Performance 20230920.csv,2026-01-26T14:50:20.581042,76.0
2BF6AD9859E5AE4F,BENJAMIN LANDA & BENT PHILIPSON,,2023-09,monthly,Average percentage of short-stay residents who newly received an antipsychotic medication,2.0,Affiliated Entity Performance 20230920.csv,2026-01-26T14:50:20.581042,76.0
2BF6AD9859E5AE4F,BENJAMIN LANDA & BENT PHILIPSON,,2023-09,monthly,Average percentage of short-stay residents who were assessed and appropriately given the pneumococcal vaccine,81.7,Affiliated Entity Performance 20230920.csv,2026-01-26T14:50:20.581042,76.0
2BF6AD9859E5AE4F,BENJAMIN LANDA & BENT PHILIPSON,,2023-09,monthly,Average percentage of short-stay residents who were assessed and appropriately given the seasonal influenza vaccine,82.8,Affiliated Entity Performance 20230920.csv,2026-01-26T14:50:20.581042,76.0
2BF6AD9859E5AE4F,BENJAMIN LANDA & BENT PHILIPSON,,2023-09,monthly,Average percentage of short-stay residents who were re-hospitalized after a nursing home admission,23.7,Affiliated Entity Performance 20230920.csv,2026-01-26T14:50:20.581042,76.0
2BF6AD9859E5AE4F,BENJAMIN LANDA & BENT PHILIPSON,,2023-09,monthly,Average percentage of short-stay residents with pressure ulcers or pressure injuries that are new or worsened,2.1,Affiliated Entity Performance 20230920.csv,2026-01-26T14:50:20.581042,76.0
2BF6AD9859E5AE4F,BENJAMIN LANDA & BENT PHILIPSON,,2023-09,monthly,Average quality rating,3.8,Affiliated Entity Performance 20230920.csv,2026-01-26T14:50:20.581042,76.0
2BF6AD9859E5AE4F,BENJAMIN LANDA & BENT PHILIPSON,,2023-09,monthly,Average rate of potentially preventable hospital readmissions 30 days after discharge from a SNF,7.9,Affiliated Entity Performance 20230920.csv,2026-01-26T14:50:20.581042,76.0
2BF6AD9859E5AE4F,BENJAMIN LANDA & BENT PHILIPSON,,2023-09,monthly,Average staffing rating,2.5,Affiliated Entity Performance 20230920.csv,2026-01-26T14:50:20.581042,76.0
2BF6AD9859E5AE4F,BENJAMIN LANDA & BENT PHILIPSON,,2023-09,monthly,Average total Registered Nurse hours per resident day,0.5,Affiliated Entity Performance 20230920.csv,2026-01-26T14:50:20.581042,76.0
2BF6AD9859E5AE4F,BENJAMIN LANDA & BENT PHILIPSON,,2023-09,monthly,Average total nurse hours per resident day,3.7,Affiliated Entity Performance 20230920.csv,2026-01-26T14:50:20.581042,76.0
2BF6AD9859E5AE4F,BENJAMIN LANDA & BENT PHILIPSON,,2023-09,monthly,Average total nursing staff turnover percentage,58.1,Affiliated Entity Performance 20230920.csv,2026-01-26T14:50:20.581042,76.0
2BF6AD9859E5AE4F,BENJAMIN LANDA & BENT PHILIPSON,,2023-09,monthly,Average total weekend nurse hours per resident day,3.3,Affiliated Entity Performance 20230920.csv,2026-01-26T14:50:20.581042,76.0
2BF6AD9859E5AE4F,BENJAMIN LANDA & BENT PHILIPSON,,2023-09,monthly,Number of SFF candidates,3.0,Affiliated Entity Performance 20230920.csv,2026-01-26T14:50:20.581042,76.0
2BF6AD9859E5AE4F,BENJAMIN LANDA & BENT PHILIPSON,,2023-09,monthly,Number of Special Focus Facilities (SFF),1.0,Affiliated Entity Performance 20230920.csv,2026-01-26T14:50:20.581042,76.0
2BF6AD9859E5AE4F,BENJAMIN LANDA & BENT PHILIPSON,,2023-09,monthly,Number of facilities,65.0,Affiliated Entity Performance 20230920.csv,2026-01-26T14:50:20.581042,76.0
2BF6AD9859E5AE4F,BENJAMIN LANDA & BENT PHILIPSON,,2023-09,monthly,Number of facilities with an abuse icon,7.0,Affiliated Entity Performance 20230920.csv,2026-01-26T14:50:20.581042,76.0
2BF6AD9859E5AE4F,BENJAMIN LANDA & BENT PHILIPSON,,2023-09,monthly,Number of states and territories with operations,5.0,Affiliated Entity Performance 20230920.csv,2026-01-26T14:50:20.581042,76.0
2BF6AD9859E5AE4F,BENJAMIN LANDA & BENT PHILIPSON,,2023-09,monthly,Percent of facilities classified as for-profit,100.0,Affiliated Entity Performance 20230920.csv,2026-01-26T14:50:20.581042,76.0
2BF6AD9859E5AE4F,BENJAMIN LANDA & BENT PHILIPSON,,2023-09,monthly,Percent of facilities classified as government-owned,0.0,Affiliated Entity Performance 20230920.csv,2026-01-26T14:50:20.581042,76.0
2BF6AD9859E5AE4F,BENJAMIN LANDA & BENT PHILIPSON,,2023-09,monthly,Percent of facilities classified as non-profit,0.0,Affiliated Entity Performance 20230920.csv,2026-01-26T14:50:20.581042,76.0
2BF6AD9859E5AE4F,BENJAMIN LANDA & BENT PHILIPSON,,2023-09,monthly,Percentage of facilities with an abuse icon,10.8,Affiliated Entity Performance 20230920.csv,2026-01-26T14:50:20.581042,76.0
2BF6AD9859E5AE4F,BENJAMIN LANDA & BENT PHILIPSON,,2023-09,monthly,Total amount of fines in dollars,2276903.05,Affiliated Entity Performance 20230920.csv,2026-01-26T14:50:20.581042,76.0
2BF6AD9859E5AE4F,BENJAMIN LANDA & BENT PHILIPSON,,2023-09,monthly,Total number of fines,118.0,Affiliated Entity Performance 20230920.csv,2026-01-26T14:50:20.581042,76.0
2BF6AD9859E5AE4F,BENJAMIN LANDA & BENT PHILIPSON,,2023-09,monthly,Total number of payment denials,2.0,Affiliated Entity Performance 20230920.csv,2026-01-26T14:50:20.581042,76.0
2BF6AD9859E5AE4F,BENJAMIN LANDA & BENT PHILIPSON,,2023-10,monthly,Average Registered Nurse turnover percentage,53.3,Affiliated Entity Performance 20231018.csv,2026-01-26T14:50:21.034978,76.0
2BF6AD9859E5AE4F,BENJAMIN LANDA & BENT PHILIPSON,,2023-10,monthly,Average amount of fines in dollars,41393.56,Affiliated Entity Performance 20231018.csv,2026-01-26T14:50:21.034978,76.0
2BF6AD9859E5AE4F,BENJAMIN LANDA & BENT PHILIPSON,,2023-10,monthly,Average health inspection rating,2.6,Affiliated Entity Performance 20231018.csv,2026-01-26T14:50:21.034978,76.0
2BF6AD9859E5AE4F,BENJAMIN LANDA & BENT PHILIPSON,,2023-10,monthly,Average number of administrators who have left the nursing home,1.0,Affiliated Entity Performance 20231018.csv,2026-01-26T14:50:21.034978,76.0
2BF6AD9859E5AE4F,BENJAMIN LANDA & BENT PHILIPSON,,2023-10,monthly,Average number of fines,1.8,Affiliated Entity Performance 20231018.csv,2026-01-26T14:50:21.034978,76.0
2BF6AD9859E5AE4F,BENJAMIN LANDA & BENT PHILIPSON,,2023-10,monthly,"Average number of hospitalizations per 1,000 long-stay resident days",2.21,Affiliated Entity Performance 20231018.csv,2026-01-26T14:50:21.034978,76.0
2BF6AD9859E5AE4F,BENJAMIN LANDA & BENT PHILIPSON,,2023-10,monthly,"Average number of outpatient emergency department visits per 1,000 long-stay resident days",1.18,Affiliated Entity Performance 20231018.csv,2026-01-26T14:50:21.034978,76.0
2BF6AD9859E5AE4F,BENJAMIN LANDA & BENT PHILIPSON,,2023-10,monthly,Average number of payment denials,0.0,Affiliated Entity Performance 20231018.csv,2026-01-26T14:50:21.034978,76.0
2BF6AD9859E5AE4F,BENJAMIN LANDA & BENT PHILIPSON,,2023-10,monthly,Average overall 5-star rating,2.8,Affiliated Entity Performance 20231018.csv,2026-01-26T14:50:21.034978,76.0
2BF6AD9859E5AE4F,BENJAMIN LANDA & BENT PHILIPSON,,2023-10,monthly,Average percentage of current residents up to date with COVID-19 vaccines,56.1,Affiliated Entity Performance 20231018.csv,2026-01-26T14:50:21.034978,76.0
2BF6AD9859E5AE4F,BENJAMIN LANDA & BENT PHILIPSON,,2023-10,monthly,Average percentage of healthcare personnel up to date with COVID-19 vaccines,24.7,Affiliated Entity Performance 20231018.csv,2026-01-26T14:50:21.034978,76.0
2BF6AD9859E5AE4F,BENJAMIN LANDA & BENT PHILIPSON,,2023-10,monthly,Average percentage of long-stay high-risk residents with pressure ulcers,9.7,Affiliated Entity Performance 20231018.csv,2026-01-26T14:50:21.034978,76.0
2BF6AD9859E5AE4F,BENJAMIN LANDA & BENT PHILIPSON,,2023-10,monthly,Average percentage of long-stay low-risk residents who lose control of their bowels or bladder,41.6,Affiliated Entity Performance 20231018.csv,2026-01-26T14:50:21.034978,76.0
2BF6AD9859E5AE4F,BENJAMIN LANDA & BENT PHILIPSON,,2023-10,monthly,Average percentage of long-stay residents experiencing one or more falls with major injury,2.7,Affiliated Entity Performance 20231018.csv,2026-01-26T14:50:21.034978,76.0
2BF6AD9859E5AE4F,BENJAMIN LANDA & BENT PHILIPSON,,2023-10,monthly,Average percentage of long-stay residents who have or had a catheter inserted and left in their bladder,0.8,Affiliated Entity Performance 20231018.csv,2026-01-26T14:50:21.034978,76.0
2BF6AD9859E5AE4F,BENJAMIN LANDA & BENT PHILIPSON,,2023-10,monthly,Average percentage of long-stay residents who have symptoms of depression,11.7,Affiliated Entity Performance 20231018.csv,2026-01-26T14:50:21.034978,76.0
2BF6AD9859E5AE4F,BENJAMIN LANDA & BENT PHILIPSON,,2023-10,monthly,Average percentage of long-stay residents who lose too much weight,6.4,Affiliated Entity Performance 20231018.csv,2026-01-26T14:50:21.034978,76.0
2BF6AD9859E5AE4F,BENJAMIN LANDA & BENT PHILIPSON,,2023-10,monthly,Average percentage of long-stay residents who received an antipsychotic medication,11.0,Affiliated Entity Performance 20231018.csv,2026-01-26T14:50:21.034978,76.0
2BF6AD9859E5AE4F,BENJAMIN LANDA & BENT PHILIPSON,,2023-10,monthly,Average percentage of long-stay residents who used antianxiety or hypnotic medication,21.0,Affiliated Entity Performance 20231018.csv,2026-01-26T14:50:21.034978,76.0
2BF6AD9859E5AE4F,BENJAMIN LANDA & BENT PHILIPSON,,2023-10,monthly,Average percentage of long-stay residents who were assessed and appropriately given the pneumococcal vaccine,93.4,Affiliated Entity Performance 20231018.csv,2026-01-26T14:50:21.034978,76.0
2BF6AD9859E5AE4F,BENJAMIN LANDA & BENT PHILIPSON,,2023-10,monthly,Average percentage of long-stay residents who were assessed and appropriately given the seasonal influenza vaccine,95.8,Affiliated Entity Performance 20231018.csv,2026-01-26T14:50:21.034978,76.0
2BF6AD9859E5AE4F,BENJAMIN LANDA & BENT PHILIPSON,,2023-10,monthly,Average percentage of long-stay residents who were physically restrained,0.0,Affiliated Entity Performance 20231018.csv,2026-01-26T14:50:21.034978,76.0
2BF6AD9859E5AE4F,BENJAMIN LANDA & BENT PHILIPSON,,2023-10,monthly,Average percentage of long-stay residents whose ability to move independently worsened,11.3,Affiliated Entity Performance 20231018.csv,2026-01-26T14:50:21.034978,76.0
2BF6AD9859E5AE4F,BENJAMIN LANDA & BENT PHILIPSON,,2023-10,monthly,Average percentage of long-stay residents whose need for help with activities of daily living has increased,12.1,Affiliated Entity Performance 20231018.csv,2026-01-26T14:50:21.034978,76.0
2BF6AD9859E5AE4F,BENJAMIN LANDA & BENT PHILIPSON,,2023-10,monthly,Average percentage of long-stay residents with a urinary tract infection,1.6,Affiliated Entity Performance 20231018.csv,2026-01-26T14:50:21.034978,76.0
2BF6AD9859E5AE4F,BENJAMIN LANDA & BENT PHILIPSON,,2023-10,monthly,Average percentage of short-stay residents who have had an outpatient emergency department visit,11.5,Affiliated Entity Performance 20231018.csv,2026-01-26T14:50:21.034978,76.0
2BF6AD9859E5AE4F,BENJAMIN LANDA & BENT PHILIPSON,,2023-10,monthly,Average percentage of short-stay residents who made improvements in function,71.8,Affiliated Entity Performance 20231018.csv,2026-01-26T14:50:21.034978,76.0
2BF6AD9859E5AE4F,BENJAMIN LANDA & BENT PHILIPSON,,2023-10,monthly,Average percentage of short-stay residents who newly received an antipsychotic medication,2.0,Affiliated Entity Performance 20231018.csv,2026-01-26T14:50:21.034978,76.0
2BF6AD9859E5AE4F,BENJAMIN LANDA & BENT PHILIPSON,,2023-10,monthly,Average percentage of short-stay residents who were assessed and appropriately given the pneumococcal vaccine,81.8,Affiliated Entity Performance 20231018.csv,2026-01-26T14:50:21.034978,76.0
2BF6AD9859E5AE4F,BENJAMIN LANDA & BENT PHILIPSON,,2023-10,monthly,Average percentage of short-stay residents who were assessed and appropriately given the seasonal influenza vaccine,82.8,Affiliated Entity Performance 20231018.csv,2026-01-26T14:50:21.034978,76.0
2BF6AD9859E5AE4F,BENJAMIN LANDA & BENT PHILIPSON,,2023-10,monthly,Average percentage of short-stay residents who were re-hospitalized after a nursing home admission,23.6,Affiliated Entity Performance 20231018.csv,2026-01-26T14:50:21.034978,76.0
2BF6AD9859E5AE4F,BENJAMIN LANDA & BENT PHILIPSON,,2023-10,monthly,Average percentage of short-stay residents with pressure ulcers or pressure injuries that are new or worsened,2.1,Affiliated Entity Performance 20231018.csv,2026-01-26T14:50:21.034978,76.0
2BF6AD9859E5AE4F,BENJAMIN LANDA & BENT PHILIPSON,,2023-10,monthly,Average quality rating,3.7,Affiliated Entity Performance 20231018.csv,2026-01-26T14:50:21.034978,76.0
2BF6AD9859E5AE4F,BENJAMIN LANDA & BENT PHILIPSON,,2023-10,monthly,Average rate of potentially preventable hospital readmissions 30 days after discharge from a SNF,10.8,Affiliated Entity Performance 20231018.csv,2026-01-26T14:50:21.034978,76.0
2BF6AD9859E5AE4F,BENJAMIN LANDA & BENT PHILIPSON,,2023-10,monthly,Average staffing rating,2.5,Affiliated Entity Performance 20231018.csv,2026-01-26T14:50:21.034978,76.0
2BF6AD9859E5AE4F,BENJAMIN LANDA & BENT PHILIPSON,,2023-10,monthly,Average total Registered Nurse hours per resident day,0.5,Affiliated Entity Performance 20231018.csv,2026-01-26T14:50:21.034978,76.0
2BF6AD9859E5AE4F,BENJAMIN LANDA & BENT PHILIPSON,,2023-10,monthly,Average total nurse hours per resident day,3.6,Affiliated Entity Performance 20231018.csv,2026-01-26T14:50:21.034978,76.0
2BF6AD9859E5AE4F,BENJAMIN LANDA & BENT PHILIPSON,,2023-10,monthly,Average total nursing staff turnover percentage,52.4,Affiliated Entity Performance 20231018.csv,2026-01-26T14:50:21.034978,76.0
2BF6AD9859E5AE4F,BENJAMIN LANDA & BENT PHILIPSON,,2023-10,monthly,Average total weekend nurse hours per resident day,3.2,Affiliated Entity Performance 20231018.csv,2026-01-26T14:50:21.034978,76.0
2BF6AD9859E5AE4F,BENJAMIN LANDA & BENT PHILIPSON,,2023-10,monthly,Number of SFF candidates,4.0,Affiliated Entity Performance 20231018.csv,2026-01-26T14:50:21.034978,76.0
2BF6AD9859E5AE4F,BENJAMIN LANDA & BENT PHILIPSON,,2023-10,monthly,Number of Special Focus Facilities (SFF),1.0,Affiliated Entity Performance 20231018.csv,2026-01-26T14:50:21.034978,76.0
2BF6AD9859E5AE4F,BENJAMIN LANDA & BENT PHILIPSON,,2023-10,monthly,Number of facilities,65.0,Affiliated Entity Performance 20231018.csv,2026-01-26T14:50:21.034978,76.0
2BF6AD9859E5AE4F,BENJAMIN LANDA & BENT PHILIPSON,,2023-10,monthly,Number of facilities with an abuse icon,7.0,Affiliated Entity Performance 20231018.csv,2026-01-26T14:50:21.034978,76.0
2BF6AD9859E5AE4F,BENJAMIN LANDA & BENT PHILIPSON,,2023-10,monthly,Number of states and territories with operations,5.0,Affiliated Entity Performance 20231018.csv,2026-01-26T14:50:21.034978,76.0
2BF6AD9859E5AE4F,BENJAMIN LANDA & BENT PHILIPSON,,2023-10,monthly,Percent of facilities classified as for-profit,100.0,Affiliated Entity Performance 20231018.csv,2026-01-26T14:50:21.034978,76.0
2BF6AD9859E5AE4F,BENJAMIN LANDA & BENT PHILIPSON,,2023-10,monthly,Percent of facilities classified as government-owned,0.0,Affiliated Entity Performance 20231018.csv,2026-01-26T14:50:21.034978,76.0
2BF6AD9859E5AE4F,BENJAMIN LANDA & BENT PHILIPSON,,2023-10,monthly,Percent of facilities classified as non-profit,0.0,Affiliated Entity Performance 20231018.csv,2026-01-26T14:50:21.034978,76.0
2BF6AD9859E5AE4F,BENJAMIN LANDA & BENT PHILIPSON,,2023-10,monthly,Percentage of facilities with an abuse icon,10.8,Affiliated Entity Performance 20231018.csv,2026-01-26T14:50:21.034978,76.0
2BF6AD9859E5AE4F,BENJAMIN LANDA & BENT PHILIPSON,,2023-10,monthly,Total amount of fines in dollars,2690581.13,Affiliated Entity Performance 20231018.csv,2026-01-26T14:50:21.034978,76.0
2BF6AD9859E5AE4F,BENJAMIN LANDA & BENT PHILIPSON,,2023-10,monthly,Total number of fines,117.0,Affiliated Entity Performance 20231018.csv,2026-01-26T14:50:21.034978,76.0
2BF6AD9859E5AE4F,BENJAMIN LANDA & BENT PHILIPSON,,2023-10,monthly,Total number of payment denials,1.0,Affiliated Entity Performance 20231018.csv,2026-01-26T14:50:21.034978,76.0
2BF6AD9859E5AE4F,BENJAMIN LANDA & BENT PHILIPSON,,2023-11,monthly,Average Registered Nurse turnover percentage,53.3,Affiliated Entity Performance 20231124.csv,2026-01-26T14:50:21.457825,76.0
2BF6AD9859E5AE4F,BENJAMIN LANDA & BENT PHILIPSON,,2023-11,monthly,Average amount of fines in dollars,44089.11,Affiliated Entity Performance 20231124.csv,2026-01-26T14:50:21.457825,76.0
2BF6AD9859E5AE4F,BENJAMIN LANDA & BENT PHILIPSON,,2023-11,monthly,Average health inspection rating,2.6,Affiliated Entity Performance 20231124.csv,2026-01-26T14:50:21.457825,76.0
2BF6AD9859E5AE4F,BENJAMIN LANDA & BENT PHILIPSON,,2023-11,monthly,Average number of administrators who have left the nursing home,1.0,Affiliated Entity Performance 20231124.csv,2026-01-26T14:50:21.457825,76.0
2BF6AD9859E5AE4F,BENJAMIN LANDA & BENT PHILIPSON,,2023-11,monthly,Average number of fines,1.9,Affiliated Entity Performance 20231124.csv,2026-01-26T14:50:21.457825,76.0
2BF6AD9859E5AE4F,BENJAMIN LANDA & BENT PHILIPSON,,2023-11,monthly,"Average number of hospitalizations per 1,000 long-stay resident days",2.21,Affiliated Entity Performance 20231124.csv,2026-01-26T14:50:21.457825,76.0
2BF6AD9859E5AE4F,BENJAMIN LANDA & BENT PHILIPSON,,2023-11,monthly,"Average number of outpatient emergency department visits per 1,000 long-stay resident days",1.18,Affiliated Entity Performance 20231124.csv,2026-01-26T14:50:21.457825,76.0
2BF6AD9859E5AE4F,BENJAMIN LANDA & BENT PHILIPSON,,2023-11,monthly,Average number of payment denials,0.0,Affiliated Entity Performance 20231124.csv,2026-01-26T14:50:21.457825,76.0
2BF6AD9859E5AE4F,BENJAMIN LANDA & BENT PHILIPSON,,2023-11,monthly,Average overall 5-star rating,2.8,Affiliated Entity Performance 20231124.csv,2026-01-26T14:50:21.457825,76.0
2BF6AD9859E5AE4F,BENJAMIN LANDA & BENT PHILIPSON,,2023-11,monthly,Average percentage of current residents up to date with COVID-19 vaccines,21.4,Affiliated Entity Performance 20231124.csv,2026-01-26T14:50:21.457825,76.0
2BF6AD9859E5AE4F,BENJAMIN LANDA & BENT PHILIPSON,,2023-11,monthly,Average percentage of healthcare personnel up to date with COVID-19 vaccines,6.0,Affiliated Entity Performance 20231124.csv,2026-01-26T14:50:21.457825,76.0
2BF6AD9859E5AE4F,BENJAMIN LANDA & BENT PHILIPSON,,2023-11,monthly,Average percentage of long-stay high-risk residents with pressure ulcers,9.7,Affiliated Entity Performance 20231124.csv,2026-01-26T14:50:21.457825,76.0
2BF6AD9859E5AE4F,BENJAMIN LANDA & BENT PHILIPSON,,2023-11,monthly,Average percentage of long-stay low-risk residents who lose control of their bowels or bladder,41.6,Affiliated Entity Performance 20231124.csv,2026-01-26T14:50:21.457825,76.0
2BF6AD9859E5AE4F,BENJAMIN LANDA & BENT PHILIPSON,,2023-11,monthly,Average percentage of long-stay residents experiencing one or more falls with major injury,2.7,Affiliated Entity Performance 20231124.csv,2026-01-26T14:50:21.457825,76.0
2BF6AD9859E5AE4F,BENJAMIN LANDA & BENT PHILIPSON,,2023-11,monthly,Average percentage of long-stay residents who have or had a catheter inserted and left in their bladder,0.8,Affiliated Entity Performance 20231124.csv,2026-01-26T14:50:21.457825,76.0
2BF6AD9859E5AE4F,BENJAMIN LANDA & BENT PHILIPSON,,2023-11,monthly,Average percentage of long-stay residents who have symptoms of depression,11.7,Affiliated Entity Performance 20231124.csv,2026-01-26T14:50:21.457825,76.0
2BF6AD9859E5AE4F,BENJAMIN LANDA & BENT PHILIPSON,,2023-11,monthly,Average percentage of long-stay residents who lose too much weight,6.4,Affiliated Entity Performance 20231124.csv,2026-01-26T14:50:21.457825,76.0
2BF6AD9859E5AE4F,BENJAMIN LANDA & BENT PHILIPSON,,2023-11,monthly,Average percentage of long-stay residents who received an antipsychotic medication,11.1,Affiliated Entity Performance 20231124.csv,2026-01-26T14:50:21.457825,76.0
2BF6AD9859E5AE4F,BENJAMIN LANDA & BENT PHILIPSON,,2023-11,monthly,Average percentage of long-stay residents who used antianxiety or hypnotic medication,21.0,Affiliated Entity Performance 20231124.csv,2026-01-26T14:50:21.457825,76.0
2BF6AD9859E5AE4F,BENJAMIN LANDA & BENT PHILIPSON,,2023-11,monthly,Average percentage of long-stay residents who were assessed and appropriately given the pneumococcal vaccine,93.4,Affiliated Entity Performance 20231124.csv,2026-01-26T14:50:21.457825,76.0
2BF6AD9859E5AE4F,BENJAMIN LANDA & BENT PHILIPSON,,2023-11,monthly,Average percentage of long-stay residents who were assessed and appropriately given the seasonal influenza vaccine,95.8,Affiliated Entity Performance 20231124.csv,2026-01-26T14:50:21.457825,76.0
2BF6AD9859E5AE4F,BENJAMIN LANDA & BENT PHILIPSON,,2023-11,monthly,Average percentage of long-stay residents who were physically restrained,0.0,Affiliated Entity Performance 20231124.csv,2026-01-26T14:50:21.457825,76.0
2BF6AD9859E5AE4F,BENJAMIN LANDA & BENT PHILIPSON,,2023-11,monthly,Average percentage of long-stay residents whose ability to move independently worsened,11.3,Affiliated Entity Performance 20231124.csv,2026-01-26T14:50:21.457825,76.0
2BF6AD9859E5AE4F,BENJAMIN LANDA & BENT PHILIPSON,,2023-11,monthly,Average percentage of long-stay residents whose need for help with activities of daily living has increased,12.1,Affiliated Entity Performance 20231124.csv,2026-01-26T14:50:21.457825,76.0
2BF6AD9859E5AE4F,BENJAMIN LANDA & BENT PHILIPSON,,2023-11,monthly,Average percentage of long-stay residents with a urinary tract infection,1.6,Affiliated Entity Performance 20231124.csv,2026-01-26T14:50:21.457825,76.0
2BF6AD9859E5AE4F,BENJAMIN LANDA & BENT PHILIPSON,,2023-11,monthly,Average percentage of short-stay residents who have had an outpatient emergency department visit,11.5,Affiliated Entity Performance 20231124.csv,2026-01-26T14:50:21.457825,76.0
2BF6AD9859E5AE4F,BENJAMIN LANDA & BENT PHILIPSON,,2023-11,monthly,Average percentage of short-stay residents who made improvements in function,71.8,Affiliated Entity Performance 20231124.csv,2026-01-26T14:50:21.457825,76.0
2BF6AD9859E5AE4F,BENJAMIN LANDA & BENT PHILIPSON,,2023-11,monthly,Average percentage of short-stay residents who newly received an antipsychotic medication,2.0,Affiliated Entity Performance 20231124.csv,2026-01-26T14:50:21.457825,76.0
2BF6AD9859E5AE4F,BENJAMIN LANDA & BENT PHILIPSON,,2023-11,monthly,Average percentage of short-stay residents who were assessed and appropriately given the pneumococcal vaccine,81.8,Affiliated Entity Performance 20231124.csv,2026-01-26T14:50:21.457825,76.0
2BF6AD9859E5AE4F,BENJAMIN LANDA & BENT PHILIPSON,,2023-11,monthly,Average percentage of short-stay residents who were assessed and appropriately given the seasonal influenza vaccine,82.8,Affiliated Entity Performance 20231124.csv,2026-01-26T14:50:21.457825,76.0
2BF6AD9859E5AE4F,BENJAMIN LANDA & BENT PHILIPSON,,2023-11,monthly,Average percentage of short-stay residents who were re-hospitalized after a nursing home admission,23.6,Affiliated Entity Performance 20231124.csv,2026-01-26T14:50:21.457825,76.0
2BF6AD9859E5AE4F,BENJAMIN LANDA & BENT PHILIPSON,,2023-11,monthly,Average percentage of short-stay residents with pressure ulcers or pressure injuries that are new or worsened,2.1,Affiliated Entity Performance 20231124.csv,2026-01-26T14:50:21.457825,76.0
2BF6AD9859E5AE4F,BENJAMIN LANDA & BENT PHILIPSON,,2023-11,monthly,Average quality rating,3.7,Affiliated Entity Performance 20231124.csv,2026-01-26T14:50:21.457825,76.0
2BF6AD9859E5AE4F,BENJAMIN LANDA & BENT PHILIPSON,,2023-11,monthly,Average rate of potentially preventable hospital readmissions 30 days after discharge from a SNF,10.8,Affiliated Entity Performance 20231124.csv,2026-01-26T14:50:21.457825,76.0
2BF6AD9859E5AE4F,BENJAMIN LANDA & BENT PHILIPSON,,2023-11,monthly,Average staffing rating,2.5,Affiliated Entity Performance 20231124.csv,2026-01-26T14:50:21.457825,76.0
2BF6AD9859E5AE4F,BENJAMIN LANDA & BENT PHILIPSON,,2023-11,monthly,Average total Registered Nurse hours per resident day,0.5,Affiliated Entity Performance 20231124.csv,2026-01-26T14:50:21.457825,76.0
2BF6AD9859E5AE4F,BENJAMIN LANDA & BENT PHILIPSON,,2023-11,monthly,Average total nurse hours per resident day,3.6,Affiliated Entity Performance 20231124.csv,2026-01-26T14:50:21.457825,76.0
2BF6AD9859E5AE4F,BENJAMIN LANDA & BENT PHILIPSON,,2023-11,monthly,Average total nursing staff turnover percentage,52.4,Affiliated Entity Performance 20231124.csv,2026-01-26T14:50:21.457825,76.0
2BF6AD9859E5AE4F,BENJAMIN LANDA & BENT PHILIPSON,,2023-11,monthly,Average total weekend nurse hours per resident day,3.2,Affiliated Entity Performance 20231124.csv,2026-01-26T14:50:21.457825,76.0
2BF6AD9859E5AE4F,BENJAMIN LANDA & BENT PHILIPSON,,2023-11,monthly,Number of SFF candidates,4.0,Affiliated Entity Performance 20231124.csv,2026-01-26T14:50:21.457825,76.0
2BF6AD9859E5AE4F,BENJAMIN LANDA & BENT PHILIPSON,,2023-11,monthly,Number of Special Focus Facilities (SFF),1.0,Affiliated Entity Performance 20231124.csv,2026-01-26T14:50:21.457825,76.0
2BF6AD9859E5AE4F,BENJAMIN LANDA & BENT PHILIPSON,,2023-11,monthly,Number of facilities,65.0,Affiliated Entity Performance 20231124.csv,2026-01-26T14:50:21.457825,76.0
2BF6AD9859E5AE4F,BENJAMIN LANDA & BENT PHILIPSON,,2023-11,monthly,Number of facilities with an abuse icon,8.0,Affiliated Entity Performance 20231124.csv,2026-01-26T14:50:21.457825,76.0
2BF6AD9859E5AE4F,BENJAMIN LANDA & BENT PHILIPSON,,2023-11,monthly,Number of states and territories with operations,5.0,Affiliated Entity Performance 20231124.csv,2026-01-26T14:50:21.457825,76.0
2BF6AD9859E5AE4F,BENJAMIN LANDA & BENT PHILIPSON,,2023-11,monthly,Percent of facilities classified as for-profit,100.0,Affiliated Entity Performance 20231124.csv,2026-01-26T14:50:21.457825,76.0
2BF6AD9859E5AE4F,BENJAMIN LANDA & BENT PHILIPSON,,2023-11,monthly,Percent of facilities classified as government-owned,0.0,Affiliated Entity Performance 20231124.csv,2026-01-26T14:50:21.457825,76.0
2BF6AD9859E5AE4F,BENJAMIN LANDA & BENT PHILIPSON,,2023-11,monthly,Percent of facilities classified as non-profit,0.0,Affiliated Entity Performance 20231124.csv,2026-01-26T14:50:21.457825,76.0
2BF6AD9859E5AE4F,BENJAMIN LANDA & BENT PHILIPSON,,2023-11,monthly,Percentage of facilities with an abuse icon,12.3,Affiliated Entity Performance 20231124.csv,2026-01-26T14:50:21.457825,76.0
2BF6AD9859E5AE4F,BENJAMIN LANDA & BENT PHILIPSON,,2023-11,monthly,Total amount of fines in dollars,2865792.4,Affiliated Entity Performance 20231124.csv,2026-01-26T14:50:21.457825,76.0
2BF6AD9859E5AE4F,BENJAMIN LANDA & BENT PHILIPSON,,2023-11,monthly,Total number of fines,121.0,Affiliated Entity Performance 20231124.csv,2026-01-26T14:50:21.457825,76.0
2BF6AD9859E5AE4F,BENJAMIN LANDA & BENT PHILIPSON,,2023-11,monthly,Total number of payment denials,1.0,Affiliated Entity Performance 20231124.csv,2026-01-26T14:50:21.457825,76.0
2BF6AD9859E5AE4F,BENJAMIN LANDA & BENT PHILIPSON,,2024-01,monthly,Average Registered Nurse turnover percentage,54.4,Affiliated Entity Performance 20240124.csv,2026-01-26T14:50:21.941411,76.0
2BF6AD9859E5AE4F,BENJAMIN LANDA & BENT PHILIPSON,,2024-01,monthly,Average amount of fines in dollars,42050.58,Affiliated Entity Performance 20240124.csv,2026-01-26T14:50:21.941411,76.0
2BF6AD9859E5AE4F,BENJAMIN LANDA & BENT PHILIPSON,,2024-01,monthly,Average health inspection rating,2.6,Affiliated Entity Performance 20240124.csv,2026-01-26T14:50:21.941411,76.0
2BF6AD9859E5AE4F,BENJAMIN LANDA & BENT PHILIPSON,,2024-01,monthly,Average number of administrators who have left the nursing home,0.9,Affiliated Entity Performance 20240124.csv,2026-01-26T14:50:21.941411,76.0
2BF6AD9859E5AE4F,BENJAMIN LANDA & BENT PHILIPSON,,2024-01,monthly,Average number of fines,2.0,Affiliated Entity Performance 20240124.csv,2026-01-26T14:50:21.941411,76.0
2BF6AD9859E5AE4F,BENJAMIN LANDA & BENT PHILIPSON,,2024-01,monthly,"Average number of hospitalizations per 1,000 long-stay resident days",2.24,Affiliated Entity Performance 20240124.csv,2026-01-26T14:50:21.941411,76.0
2BF6AD9859E5AE4F,BENJAMIN LANDA & BENT PHILIPSON,,2024-01,monthly,"Average number of outpatient emergency department visits per 1,000 long-stay resident days",1.24,Affiliated Entity Performance 20240124.csv,2026-01-26T14:50:21.941411,76.0
2BF6AD9859E5AE4F,BENJAMIN LANDA & BENT PHILIPSON,,2024-01,monthly,Average number of payment denials,0.0,Affiliated Entity Performance 20240124.csv,2026-01-26T14:50:21.941411,76.0
2BF6AD9859E5AE4F,BENJAMIN LANDA & BENT PHILIPSON,,2024-01,monthly,Average overall 5-star rating,2.7,Affiliated Entity Performance 20240124.csv,2026-01-26T14:50:21.941411,76.0
2BF6AD9859E5AE4F,BENJAMIN LANDA & BENT PHILIPSON,,2024-01,monthly,Average percentage of current residents up to date with COVID-19 vaccines,36.3,Affiliated Entity Performance 20240124.csv,2026-01-26T14:50:21.941411,76.0
2BF6AD9859E5AE4F,BENJAMIN LANDA & BENT PHILIPSON,,2024-01,monthly,Average percentage of healthcare personnel up to date with COVID-19 vaccines,10.1,Affiliated Entity Performance 20240124.csv,2026-01-26T14:50:21.941411,76.0
2BF6AD9859E5AE4F,BENJAMIN LANDA & BENT PHILIPSON,,2024-01,monthly,Average percentage of long-stay high-risk residents with pressure ulcers,9.2,Affiliated Entity Performance 20240124.csv,2026-01-26T14:50:21.941411,76.0
2BF6AD9859E5AE4F,BENJAMIN LANDA & BENT PHILIPSON,,2024-01,monthly,Average percentage of long-stay low-risk residents who lose control of their bowels or bladder,40.2,Affiliated Entity Performance 20240124.csv,2026-01-26T14:50:21.941411,76.0
2BF6AD9859E5AE4F,BENJAMIN LANDA & BENT PHILIPSON,,2024-01,monthly,Average percentage of long-stay residents experiencing one or more falls with major injury,3.0,Affiliated Entity Performance 20240124.csv,2026-01-26T14:50:21.941411,76.0
2BF6AD9859E5AE4F,BENJAMIN LANDA & BENT PHILIPSON,,2024-01,monthly,Average percentage of long-stay residents who have or had a catheter inserted and left in their bladder,0.8,Affiliated Entity Performance 20240124.csv,2026-01-26T14:50:21.941411,76.0
2BF6AD9859E5AE4F,BENJAMIN LANDA & BENT PHILIPSON,,2024-01,monthly,Average percentage of long-stay residents who have symptoms of depression,9.0,Affiliated Entity Performance 20240124.csv,2026-01-26T14:50:21.941411,76.0
2BF6AD9859E5AE4F,BENJAMIN LANDA & BENT PHILIPSON,,2024-01,monthly,Average percentage of long-stay residents who lose too much weight,6.4,Affiliated Entity Performance 20240124.csv,2026-01-26T14:50:21.941411,76.0
2BF6AD9859E5AE4F,BENJAMIN LANDA & BENT PHILIPSON,,2024-01,monthly,Average percentage of long-stay residents who received an antipsychotic medication,10.7,Affiliated Entity Performance 20240124.csv,2026-01-26T14:50:21.941411,76.0
2BF6AD9859E5AE4F,BENJAMIN LANDA & BENT PHILIPSON,,2024-01,monthly,Average percentage of long-stay residents who used antianxiety or hypnotic medication,20.1,Affiliated Entity Performance 20240124.csv,2026-01-26T14:50:21.941411,76.0
2BF6AD9859E5AE4F,BENJAMIN LANDA & BENT PHILIPSON,,2024-01,monthly,Average percentage of long-stay residents who were assessed and appropriately given the pneumococcal vaccine,92.0,Affiliated Entity Performance 20240124.csv,2026-01-26T14:50:21.941411,76.0
2BF6AD9859E5AE4F,BENJAMIN LANDA & BENT PHILIPSON,,2024-01,monthly,Average percentage of long-stay residents who were assessed and appropriately given the seasonal influenza vaccine,95.8,Affiliated Entity Performance 20240124.csv,2026-01-26T14:50:21.941411,76.0
2BF6AD9859E5AE4F,BENJAMIN LANDA & BENT PHILIPSON,,2024-01,monthly,Average percentage of long-stay residents who were physically restrained,0.0,Affiliated Entity Performance 20240124.csv,2026-01-26T14:50:21.941411,76.0
2BF6AD9859E5AE4F,BENJAMIN LANDA & BENT PHILIPSON,,2024-01,monthly,Average percentage of long-stay residents whose ability to move independently worsened,12.3,Affiliated Entity Performance 20240124.csv,2026-01-26T14:50:21.941411,76.0
2BF6AD9859E5AE4F,BENJAMIN LANDA & BENT PHILIPSON,,2024-01,monthly,Average percentage of long-stay residents whose need for help with activities of daily living has increased,12.5,Affiliated Entity Performance 20240124.csv,2026-01-26T14:50:21.941411,76.0
2BF6AD9859E5AE4F,BENJAMIN LANDA & BENT PHILIPSON,,2024-01,monthly,Average percentage of long-stay residents with a urinary tract infection,1.5,Affiliated Entity Performance 20240124.csv,2026-01-26T14:50:21.941411,76.0
2BF6AD9859E5AE4F,BENJAMIN LANDA & BENT PHILIPSON,,2024-01,monthly,Average percentage of short-stay residents who have had an outpatient emergency department visit,11.5,Affiliated Entity Performance 20240124.csv,2026-01-26T14:50:21.941411,76.0
2BF6AD9859E5AE4F,BENJAMIN LANDA & BENT PHILIPSON,,2024-01,monthly,Average percentage of short-stay residents who made improvements in function,73.4,Affiliated Entity Performance 20240124.csv,2026-01-26T14:50:21.941411,76.0
2BF6AD9859E5AE4F,BENJAMIN LANDA & BENT PHILIPSON,,2024-01,monthly,Average percentage of short-stay residents who newly received an antipsychotic medication,1.6,Affiliated Entity Performance 20240124.csv,2026-01-26T14:50:21.941411,76.0
2BF6AD9859E5AE4F,BENJAMIN LANDA & BENT PHILIPSON,,2024-01,monthly,Average percentage of short-stay residents who were assessed and appropriately given the pneumococcal vaccine,81.0,Affiliated Entity Performance 20240124.csv,2026-01-26T14:50:21.941411,76.0
2BF6AD9859E5AE4F,BENJAMIN LANDA & BENT PHILIPSON,,2024-01,monthly,Average percentage of short-stay residents who were assessed and appropriately given the seasonal influenza vaccine,81.9,Affiliated Entity Performance 20240124.csv,2026-01-26T14:50:21.941411,76.0
2BF6AD9859E5AE4F,BENJAMIN LANDA & BENT PHILIPSON,,2024-01,monthly,Average percentage of short-stay residents who were re-hospitalized after a nursing home admission,23.7,Affiliated Entity Performance 20240124.csv,2026-01-26T14:50:21.941411,76.0
2BF6AD9859E5AE4F,BENJAMIN LANDA & BENT PHILIPSON,,2024-01,monthly,Average percentage of short-stay residents with pressure ulcers or pressure injuries that are new or worsened,2.2,Affiliated Entity Performance 20240124.csv,2026-01-26T14:50:21.941411,76.0
2BF6AD9859E5AE4F,BENJAMIN LANDA & BENT PHILIPSON,,2024-01,monthly,Average quality rating,3.5,Affiliated Entity Performance 20240124.csv,2026-01-26T14:50:21.941411,76.0
2BF6AD9859E5AE4F,BENJAMIN LANDA & BENT PHILIPSON,,2024-01,monthly,Average rate of potentially preventable hospital readmissions 30 days after discharge from a SNF,10.8,Affiliated Entity Performance 20240124.csv,2026-01-26T14:50:21.941411,76.0
2BF6AD9859E5AE4F,BENJAMIN LANDA & BENT PHILIPSON,,2024-01,monthly,Average staffing rating,2.7,Affiliated Entity Performance 20240124.csv,2026-01-26T14:50:21.941411,76.0
2BF6AD9859E5AE4F,BENJAMIN LANDA & BENT PHILIPSON,,2024-01,monthly,Average total Registered Nurse hours per resident day,0.5,Affiliated Entity Performance 20240124.csv,2026-01-26T14:50:21.941411,76.0
2BF6AD9859E5AE4F,BENJAMIN LANDA & BENT PHILIPSON,,2024-01,monthly,Average total nurse hours per resident day,3.6,Affiliated Entity Performance 20240124.csv,2026-01-26T14:50:21.941411,76.0
2BF6AD9859E5AE4F,BENJAMIN LANDA & BENT PHILIPSON,,2024-01,monthly,Average total nursing staff turnover percentage,53.2,Affiliated Entity Performance 20240124.csv,2026-01-26T14:50:21.941411,76.0
2BF6AD9859E5AE4F,BENJAMIN LANDA & BENT PHILIPSON,,2024-01,monthly,Average total weekend nurse hours per resident day,3.2,Affiliated Entity Performance 20240124.csv,2026-01-26T14:50:21.941411,76.0
2BF6AD9859E5AE4F,BENJAMIN LANDA & BENT PHILIPSON,,2024-01,monthly,Number of SFF candidates,5.0,Affiliated Entity Performance 20240124.csv,2026-01-26T14:50:21.941411,76.0
2BF6AD9859E5AE4F,BENJAMIN LANDA & BENT PHILIPSON,,2024-01,monthly,Number of Special Focus Facilities (SFF),1.0,Affiliated Entity Performance 20240124.csv,2026-01-26T14:50:21.941411,76.0
2BF6AD9859E5AE4F,BENJAMIN LANDA & BENT PHILIPSON,,2024-01,monthly,Number of facilities,61.0,Affiliated Entity Performance 20240124.csv,2026-01-26T14:50:21.941411,76.0
2BF6AD9859E5AE4F,BENJAMIN LANDA & BENT PHILIPSON,,2024-01,monthly,Number of facilities with an abuse icon,8.0,Affiliated Entity Performance 20240124.csv,2026-01-26T14:50:21.941411,76.0
2BF6AD9859E5AE4F,BENJAMIN LANDA & BENT PHILIPSON,,2024-01,monthly,Number of states and territories with operations,5.0,Affiliated Entity Performance 20240124.csv,2026-01-26T14:50:21.941411,76.0
2BF6AD9859E5AE4F,BENJAMIN LANDA & BENT PHILIPSON,,2024-01,monthly,Percent of facilities classified as for-profit,100.0,Affiliated Entity Performance 20240124.csv,2026-01-26T14:50:21.941411,76.0
2BF6AD9859E5AE4F,BENJAMIN LANDA & BENT PHILIPSON,,2024-01,monthly,Percent of facilities classified as government-owned,0.0,Affiliated Entity Performance 20240124.csv,2026-01-26T14:50:21.941411,76.0
2BF6AD9859E5AE4F,BENJAMIN LANDA & BENT PHILIPSON,,2024-01,monthly,Percent of facilities classified as non-profit,0.0,Affiliated Entity Performance 20240124.csv,2026-01-26T14:50:21.941411,76.0
2BF6AD9859E5AE4F,BENJAMIN LANDA & BENT PHILIPSON,,2024-01,monthly,Percentage of facilities with an abuse icon,13.1,Affiliated Entity Performance 20240124.csv,2026-01-26T14:50:21.941411,76.0
2BF6AD9859E5AE4F,BENJAMIN LANDA & BENT PHILIPSON,,2024-01,monthly,Total amount of fines in dollars,2565085.19,Affiliated Entity Performance 20240124.csv,2026-01-26T14:50:21.941411,76.0
2BF6AD9859E5AE4F,BENJAMIN LANDA & BENT PHILIPSON,,2024-01,monthly,Total number of fines,119.0,Affiliated Entity Performance 20240124.csv,2026-01-26T14:50:21.941411,76.0
2BF6AD9859E5AE4F,BENJAMIN LANDA & BENT PHILIPSON,,2024-01,monthly,Total number of payment denials,1.0,Affiliated Entity Performance 20240124.csv,2026-01-26T14:50:21.941411,76.0
6A795B9F156B4C44,FAMILY OF CARING HEALTHCARE,,2023-06,monthly,Average Registered Nurse turnover percentage,46.9,Affiliated Entity Performance 20230628.csv,2026-01-26T14:50:19.129298,220.0
6A795B9F156B4C44,FAMILY OF CARING HEALTHCARE,,2023-06,monthly,Average amount of fines in dollars,14205.44,Affiliated Entity Performance 20230628.csv,2026-01-26T14:50:19.129298,220.0
6A795B9F156B4C44,FAMILY OF CARING HEALTHCARE,,2023-06,monthly,Average health inspection rating,2.8,Affiliated Entity Performance 20230628.csv,2026-01-26T14:50:19.129298,220.0
6A795B9F156B4C44,FAMILY OF CARING HEALTHCARE,,2023-06,monthly,Average number of administrators who have left the nursing home,1.7,Affiliated Entity Performance 20230628.csv,2026-01-26T14:50:19.129298,220.0
6A795B9F156B4C44,FAMILY OF CARING HEALTHCARE,,2023-06,monthly,Average number of fines,2.4,Affiliated Entity Performance 20230628.csv,2026-01-26T14:50:19.129298,220.0
6A795B9F156B4C44,FAMILY OF CARING HEALTHCARE,,2023-06,monthly,"Average number of hospitalizations per 1,000 long-stay resident days",1.8,Affiliated Entity Performance 20230628.csv,2026-01-26T14:50:19.129298,220.0
6A795B9F156B4C44,FAMILY OF CARING HEALTHCARE,,2023-06,monthly,"Average number of outpatient emergency department visits per 1,000 long-stay resident days",0.74,Affiliated Entity Performance 20230628.csv,2026-01-26T14:50:19.129298,220.0
6A795B9F156B4C44,FAMILY OF CARING HEALTHCARE,,2023-06,monthly,Average number of payment denials,0.0,Affiliated Entity Performance 20230628.csv,2026-01-26T14:50:19.129298,220.0
6A795B9F156B4C44,FAMILY OF CARING HEALTHCARE,,2023-06,monthly,Average overall 5-star rating,2.8,Affiliated Entity Performance 20230628.csv,2026-01-26T14:50:19.129298,220.0
6A795B9F156B4C44,FAMILY OF CARING HEALTHCARE,,2023-06,monthly,Average percentage of current residents up to date with COVID-19 vaccines,40.8,Affiliated Entity Performance 20230628.csv,2026-01-26T14:50:19.129298,220.0
6A795B9F156B4C44,FAMILY OF CARING HEALTHCARE,,2023-06,monthly,Average percentage of healthcare personnel up to date with COVID-19 vaccines,34.0,Affiliated Entity Performance 20230628.csv,2026-01-26T14:50:19.129298,220.0
6A795B9F156B4C44,FAMILY OF CARING HEALTHCARE,,2023-06,monthly,Average percentage of long-stay high-risk residents with pressure ulcers,11.3,Affiliated Entity Performance 20230628.csv,2026-01-26T14:50:19.129298,220.0
6A795B9F156B4C44,FAMILY OF CARING HEALTHCARE,,2023-06,monthly,Average percentage of long-stay low-risk residents who lose control of their bowels or bladder,40.7,Affiliated Entity Performance 20230628.csv,2026-01-26T14:50:19.129298,220.0
6A795B9F156B4C44,FAMILY OF CARING HEALTHCARE,,2023-06,monthly,Average percentage of long-stay residents experiencing one or more falls with major injury,1.7,Affiliated Entity Performance 20230628.csv,2026-01-26T14:50:19.129298,220.0
6A795B9F156B4C44,FAMILY OF CARING HEALTHCARE,,2023-06,monthly,Average percentage of long-stay residents who have or had a catheter inserted and left in their bladder,1.3,Affiliated Entity Performance 20230628.csv,2026-01-26T14:50:19.129298,220.0
6A795B9F156B4C44,FAMILY OF CARING HEALTHCARE,,2023-06,monthly,Average percentage of long-stay residents who have symptoms of depression,23.7,Affiliated Entity Performance 20230628.csv,2026-01-26T14:50:19.129298,220.0
6A795B9F156B4C44,FAMILY OF CARING HEALTHCARE,,2023-06,monthly,Average percentage of long-stay residents who lose too much weight,7.4,Affiliated Entity Performance 20230628.csv,2026-01-26T14:50:19.129298,220.0
6A795B9F156B4C44,FAMILY OF CARING HEALTHCARE,,2023-06,monthly,Average percentage of long-stay residents who received an antipsychotic medication,9.1,Affiliated Entity Performance 20230628.csv,2026-01-26T14:50:19.129298,220.0
6A795B9F156B4C44,FAMILY OF CARING HEALTHCARE,,2023-06,monthly,Average percentage of long-stay residents who used antianxiety or hypnotic medication,13.8,Affiliated Entity Performance 20230628.csv,2026-01-26T14:50:19.129298,220.0
6A795B9F156B4C44,FAMILY OF CARING HEALTHCARE,,2023-06,monthly,Average percentage of long-stay residents who were assessed and appropriately given the pneumococcal vaccine,87.1,Affiliated Entity Performance 20230628.csv,2026-01-26T14:50:19.129298,220.0
6A795B9F156B4C44,FAMILY OF CARING HEALTHCARE,,2023-06,monthly,Average percentage of long-stay residents who were assessed and appropriately given the seasonal influenza vaccine,91.1,Affiliated Entity Performance 20230628.csv,2026-01-26T14:50:19.129298,220.0
6A795B9F156B4C44,FAMILY OF CARING HEALTHCARE,,2023-06,monthly,Average percentage of long-stay residents who were physically restrained,0.1,Affiliated Entity Performance 20230628.csv,2026-01-26T14:50:19.129298,220.0
6A795B9F156B4C44,FAMILY OF CARING HEALTHCARE,,2023-06,monthly,Average percentage of long-stay residents whose ability to move independently worsened,12.1,Affiliated Entity Performance 20230628.csv,2026-01-26T14:50:19.129298,220.0
6A795B9F156B4C44,FAMILY OF CARING HEALTHCARE,,2023-06,monthly,Average percentage of long-stay residents whose need for help with activities of daily living has increased,14.8,Affiliated Entity Performance 20230628.csv,2026-01-26T14:50:19.129298,220.0
6A795B9F156B4C44,FAMILY OF CARING HEALTHCARE,,2023-06,monthly,Average percentage of long-stay residents with a urinary tract infection,1.7,Affiliated Entity Performance 20230628.csv,2026-01-26T14:50:19.129298,220.0
6A795B9F156B4C44,FAMILY OF CARING HEALTHCARE,,2023-06,monthly,Average percentage of short-stay residents who have had an outpatient emergency department visit,9.1,Affiliated Entity Performance 20230628.csv,2026-01-26T14:50:19.129298,220.0
6A795B9F156B4C44,FAMILY OF CARING HEALTHCARE,,2023-06,monthly,Average percentage of short-stay residents who made improvements in function,79.7,Affiliated Entity Performance 20230628.csv,2026-01-26T14:50:19.129298,220.0
6A795B9F156B4C44,FAMILY OF CARING HEALTHCARE,,2023-06,monthly,Average percentage of short-stay residents who newly received an antipsychotic medication,1.3,Affiliated Entity Performance 20230628.csv,2026-01-26T14:50:19.129298,220.0
6A795B9F156B4C44,FAMILY OF CARING HEALTHCARE,,2023-06,monthly,Average percentage of short-stay residents who were assessed and appropriately given the pneumococcal vaccine,66.8,Affiliated Entity Performance 20230628.csv,2026-01-26T14:50:19.129298,220.0
6A795B9F156B4C44,FAMILY OF CARING HEALTHCARE,,2023-06,monthly,Average percentage of short-stay residents who were assessed and appropriately given the seasonal influenza vaccine,73.1,Affiliated Entity Performance 20230628.csv,2026-01-26T14:50:19.129298,220.0
6A795B9F156B4C44,FAMILY OF CARING HEALTHCARE,,2023-06,monthly,Average percentage of short-stay residents who were re-hospitalized after a nursing home admission,21.8,Affiliated Entity Performance 20230628.csv,2026-01-26T14:50:19.129298,220.0
6A795B9F156B4C44,FAMILY OF CARING HEALTHCARE,,2023-06,monthly,Average percentage of short-stay residents with pressure ulcers or pressure injuries that are new or worsened,2.4,Affiliated Entity Performance 20230628.csv,2026-01-26T14:50:19.129298,220.0
6A795B9F156B4C44,FAMILY OF CARING HEALTHCARE,,2023-06,monthly,Average quality rating,4.1,Affiliated Entity Performance 20230628.csv,2026-01-26T14:50:19.129298,220.0
6A795B9F156B4C44,FAMILY OF CARING HEALTHCARE,,2023-06,monthly,Average rate of potentially preventable hospital readmissions 30 days after discharge from a SNF,7.8,Affiliated Entity Performance 20230628.csv,2026-01-26T14:50:19.129298,220.0
6A795B9F156B4C44,FAMILY OF CARING HEALTHCARE,,2023-06,monthly,Average staffing rating,2.1,Affiliated Entity Performance 20230628.csv,2026-01-26T14:50:19.129298,220.0
6A795B9F156B4C44,FAMILY OF CARING HEALTHCARE,,2023-06,monthly,Average total Registered Nurse hours per resident day,0.5,Affiliated Entity Performance 20230628.csv,2026-01-26T14:50:19.129298,220.0
6A795B9F156B4C44,FAMILY OF CARING HEALTHCARE,,2023-06,monthly,Average total nurse hours per resident day,3.3,Affiliated Entity Performance 20230628.csv,2026-01-26T14:50:19.129298,220.0
6A795B9F156B4C44,FAMILY OF CARING HEALTHCARE,,2023-06,monthly,Average total nursing staff turnover percentage,40.7,Affiliated Entity Performance 20230628.csv,2026-01-26T14:50:19.129298,220.0
6A795B9F156B4C44,FAMILY OF CARING HEALTHCARE,,2023-06,monthly,Average total weekend nurse hours per resident day,3.0,Affiliated Entity Performance 20230628.csv,2026-01-26T14:50:19.129298,220.0
6A795B9F156B4C44,FAMILY OF CARING HEALTHCARE,,2023-06,monthly,Number of SFF candidates,0.0,Affiliated Entity Performance 20230628.csv,2026-01-26T14:50:19.129298,220.0
6A795B9F156B4C44,FAMILY OF CARING HEALTHCARE,,2023-06,monthly,Number of Special Focus Facilities (SFF),0.0,Affiliated Entity Performance 20230628.csv,2026-01-26T14:50:19.129298,220.0
6A795B9F156B4C44,FAMILY OF CARING HEALTHCARE,,2023-06,monthly,Number of facilities,18.0,Affiliated Entity Performance 20230628.csv,2026-01-26T14:50:19.129298,220.0
6A795B9F156B4C44,FAMILY OF CARING HEALTHCARE,,2023-06,monthly,Number of facilities with an abuse icon,0.0,Affiliated Entity Performance 20230628.csv,2026-01-26T14:50:19.129298,220.0
6A795B9F156B4C44,FAMILY OF CARING HEALTHCARE,,2023-06,monthly,Number of states and territories with operations,3.0,Affiliated Entity Performance 20230628.csv,2026-01-26T14:50:19.129298,220.0
6A795B9F156B4C44,FAMILY OF CARING HEALTHCARE,,2023-06,monthly,Percent of facilities classified as for-profit,100.0,Affiliated Entity Performance 20230628.csv,2026-01-26T14:50:19.129298,220.0
6A795B9F156B4C44,FAMILY OF CARING HEALTHCARE,,2023-06,monthly,Percent of facilities classified as government-owned,0.0,Affiliated Entity Performance 20230628.csv,2026-01-26T14:50:19.129298,220.0
6A795B9F156B4C44,FAMILY OF CARING HEALTHCARE,,2023-06,monthly,Percent of facilities classified as non-profit,0.0,Affiliated Entity Performance 20230628.csv,2026-01-26T14:50:19.129298,220.0
6A795B9F156B4C44,FAMILY OF CARING HEALTHCARE,,2023-06,monthly,Percentage of facilities with an abuse icon,0.0,Affiliated Entity Performance 20230628.csv,2026-01-26T14:50:19.129298,220.0
6A795B9F156B4C44,FAMILY OF CARING HEALTHCARE,,2023-06,monthly,Total amount of fines in dollars,255697.96,Affiliated Entity Performance 20230628.csv,2026-01-26T14:50:19.129298,220.0
6A795B9F156B4C44,FAMILY OF CARING HEALTHCARE,,2023-06,monthly,Total number of fines,43.0,Affiliated Entity Performance 20230628.csv,2026-01-26T14:50:19.129298,220.0
6A795B9F156B4C44,FAMILY OF CARING HEALTHCARE,,2023-06,monthly,Total number of payment denials,0.0,Affiliated Entity Performance 20230628.csv,2026-01-26T14:50:19.129298,220.0
6A795B9F156B4C44,FAMILY OF CARING HEALTHCARE,,2023-07,monthly,Average Registered Nurse turnover percentage,74.3,Affiliated Entity Performance 20230719.csv,2026-01-26T14:50:19.734646,220.0
6A795B9F156B4C44,FAMILY OF CARING HEALTHCARE,,2023-07,monthly,Average amount of fines in dollars,45617.74,Affiliated Entity Performance 20230719.csv,2026-01-26T14:50:19.734646,220.0
6A795B9F156B4C44,FAMILY OF CARING HEALTHCARE,,2023-07,monthly,Average health inspection rating,2.2,Affiliated Entity Performance 20230719.csv,2026-01-26T14:50:19.734646,220.0
6A795B9F156B4C44,FAMILY OF CARING HEALTHCARE,,2023-07,monthly,Average number of administrators who have left the nursing home,0.9,Affiliated Entity Performance 20230719.csv,2026-01-26T14:50:19.734646,220.0
6A795B9F156B4C44,FAMILY OF CARING HEALTHCARE,,2023-07,monthly,Average number of fines,1.8,Affiliated Entity Performance 20230719.csv,2026-01-26T14:50:19.734646,220.0
6A795B9F156B4C44,FAMILY OF CARING HEALTHCARE,,2023-07,monthly,"Average number of hospitalizations per 1,000 long-stay resident days",1.8,Affiliated Entity Performance 20230719.csv,2026-01-26T14:50:19.734646,220.0
6A795B9F156B4C44,FAMILY OF CARING HEALTHCARE,,2023-07,monthly,"Average number of outpatient emergency department visits per 1,000 long-stay resident days",1.34,Affiliated Entity Performance 20230719.csv,2026-01-26T14:50:19.734646,220.0
6A795B9F156B4C44,FAMILY OF CARING HEALTHCARE,,2023-07,monthly,Average number of payment denials,0.2,Affiliated Entity Performance 20230719.csv,2026-01-26T14:50:19.734646,220.0
6A795B9F156B4C44,FAMILY OF CARING HEALTHCARE,,2023-07,monthly,Average overall 5-star rating,1.9,Affiliated Entity Performance 20230719.csv,2026-01-26T14:50:19.734646,220.0
6A795B9F156B4C44,FAMILY OF CARING HEALTHCARE,,2023-07,monthly,Average percentage of current residents up to date with COVID-19 vaccines,63.6,Affiliated Entity Performance 20230719.csv,2026-01-26T14:50:19.734646,220.0
6A795B9F156B4C44,FAMILY OF CARING HEALTHCARE,,2023-07,monthly,Average percentage of healthcare personnel up to date with COVID-19 vaccines,13.2,Affiliated Entity Performance 20230719.csv,2026-01-26T14:50:19.734646,220.0
6A795B9F156B4C44,FAMILY OF CARING HEALTHCARE,,2023-07,monthly,Average percentage of long-stay high-risk residents with pressure ulcers,7.6,Affiliated Entity Performance 20230719.csv,2026-01-26T14:50:19.734646,220.0
6A795B9F156B4C44,FAMILY OF CARING HEALTHCARE,,2023-07,monthly,Average percentage of long-stay low-risk residents who lose control of their bowels or bladder,54.0,Affiliated Entity Performance 20230719.csv,2026-01-26T14:50:19.734646,220.0
6A795B9F156B4C44,FAMILY OF CARING HEALTHCARE,,2023-07,monthly,Average percentage of long-stay residents experiencing one or more falls with major injury,4.4,Affiliated Entity Performance 20230719.csv,2026-01-26T14:50:19.734646,220.0
6A795B9F156B4C44,FAMILY OF CARING HEALTHCARE,,2023-07,monthly,Average percentage of long-stay residents who have or had a catheter inserted and left in their bladder,1.1,Affiliated Entity Performance 20230719.csv,2026-01-26T14:50:19.734646,220.0
6A795B9F156B4C44,FAMILY OF CARING HEALTHCARE,,2023-07,monthly,Average percentage of long-stay residents who have symptoms of depression,1.3,Affiliated Entity Performance 20230719.csv,2026-01-26T14:50:19.734646,220.0
6A795B9F156B4C44,FAMILY OF CARING HEALTHCARE,,2023-07,monthly,Average percentage of long-stay residents who lose too much weight,3.6,Affiliated Entity Performance 20230719.csv,2026-01-26T14:50:19.734646,220.0
6A795B9F156B4C44,FAMILY OF CARING HEALTHCARE,,2023-07,monthly,Average percentage of long-stay residents who received an antipsychotic medication,7.5,Affiliated Entity Performance 20230719.csv,2026-01-26T14:50:19.734646,220.0
6A795B9F156B4C44,FAMILY OF CARING HEALTHCARE,,2023-07,monthly,Average percentage of long-stay residents who used antianxiety or hypnotic medication,23.3,Affiliated Entity Performance 20230719.csv,2026-01-26T14:50:19.734646,220.0
6A795B9F156B4C44,FAMILY OF CARING HEALTHCARE,,2023-07,monthly,Average percentage of long-stay residents who were assessed and appropriately given the pneumococcal vaccine,99.5,Affiliated Entity Performance 20230719.csv,2026-01-26T14:50:19.734646,220.0
6A795B9F156B4C44,FAMILY OF CARING HEALTHCARE,,2023-07,monthly,Average percentage of long-stay residents who were assessed and appropriately given the seasonal influenza vaccine,99.7,Affiliated Entity Performance 20230719.csv,2026-01-26T14:50:19.734646,220.0
6A795B9F156B4C44,FAMILY OF CARING HEALTHCARE,,2023-07,monthly,Average percentage of long-stay residents who were physically restrained,0.0,Affiliated Entity Performance 20230719.csv,2026-01-26T14:50:19.734646,220.0
6A795B9F156B4C44,FAMILY OF CARING HEALTHCARE,,2023-07,monthly,Average percentage of long-stay residents whose ability to move independently worsened,14.0,Affiliated Entity Performance 20230719.csv,2026-01-26T14:50:19.734646,220.0
6A795B9F156B4C44,FAMILY OF CARING HEALTHCARE,,2023-07,monthly,Average percentage of long-stay residents whose need for help with activities of daily living has increased,15.1,Affiliated Entity Performance 20230719.csv,2026-01-26T14:50:19.734646,220.0
6A795B9F156B4C44,FAMILY OF CARING HEALTHCARE,,2023-07,monthly,Average percentage of long-stay residents with a urinary tract infection,0.3,Affiliated Entity Performance 20230719.csv,2026-01-26T14:50:19.734646,220.0
6A795B9F156B4C44,FAMILY OF CARING HEALTHCARE,,2023-07,monthly,Average percentage of short-stay residents who have had an outpatient emergency department visit,14.1,Affiliated Entity Performance 20230719.csv,2026-01-26T14:50:19.734646,220.0
6A795B9F156B4C44,FAMILY OF CARING HEALTHCARE,,2023-07,monthly,Average percentage of short-stay residents who made improvements in function,57.2,Affiliated Entity Performance 20230719.csv,2026-01-26T14:50:19.734646,220.0
6A795B9F156B4C44,FAMILY OF CARING HEALTHCARE,,2023-07,monthly,Average percentage of short-stay residents who newly received an antipsychotic medication,2.8,Affiliated Entity Performance 20230719.csv,2026-01-26T14:50:19.734646,220.0
6A795B9F156B4C44,FAMILY OF CARING HEALTHCARE,,2023-07,monthly,Average percentage of short-stay residents who were assessed and appropriately given the pneumococcal vaccine,90.0,Affiliated Entity Performance 20230719.csv,2026-01-26T14:50:19.734646,220.0
6A795B9F156B4C44,FAMILY OF CARING HEALTHCARE,,2023-07,monthly,Average percentage of short-stay residents who were assessed and appropriately given the seasonal influenza vaccine,86.7,Affiliated Entity Performance 20230719.csv,2026-01-26T14:50:19.734646,220.0
6A795B9F156B4C44,FAMILY OF CARING HEALTHCARE,,2023-07,monthly,Average percentage of short-stay residents who were re-hospitalized after a nursing home admission,23.4,Affiliated Entity Performance 20230719.csv,2026-01-26T14:50:19.734646,220.0
6A795B9F156B4C44,FAMILY OF CARING HEALTHCARE,,2023-07,monthly,Average percentage of short-stay residents with pressure ulcers or pressure injuries that are new or worsened,2.6,Affiliated Entity Performance 20230719.csv,2026-01-26T14:50:19.734646,220.0
6A795B9F156B4C44,FAMILY OF CARING HEALTHCARE,,2023-07,monthly,Average quality rating,3.4,Affiliated Entity Performance 20230719.csv,2026-01-26T14:50:19.734646,220.0
6A795B9F156B4C44,FAMILY OF CARING HEALTHCARE,,2023-07,monthly,Average rate of potentially preventable hospital readmissions 30 days after discharge from a SNF,8.0,Affiliated Entity Performance 20230719.csv,2026-01-26T14:50:19.734646,220.0
6A795B9F156B4C44,FAMILY OF CARING HEALTHCARE,,2023-07,monthly,Average staffing rating,1.0,Affiliated Entity Performance 20230719.csv,2026-01-26T14:50:19.734646,220.0
6A795B9F156B4C44,FAMILY OF CARING HEALTHCARE,,2023-07,monthly,Average total Registered Nurse hours per resident day,0.3,Affiliated Entity Performance 20230719.csv,2026-01-26T14:50:19.734646,220.0
6A795B9F156B4C44,FAMILY OF CARING HEALTHCARE,,2023-07,monthly,Average total nurse hours per resident day,2.3,Affiliated Entity Performance 20230719.csv,2026-01-26T14:50:19.734646,220.0
6A795B9F156B4C44,FAMILY OF CARING HEALTHCARE,,2023-07,monthly,Average total nursing staff turnover percentage,69.6,Affiliated Entity Performance 20230719.csv,2026-01-26T14:50:19.734646,220.0
6A795B9F156B4C44,FAMILY OF CARING HEALTHCARE,,2023-07,monthly,Average total weekend nurse hours per resident day,2.0,Affiliated Entity Performance 20230719.csv,2026-01-26T14:50:19.734646,220.0
6A795B9F156B4C44,FAMILY OF CARING HEALTHCARE,,2023-07,monthly,Number of SFF candidates,2.0,Affiliated Entity Performance 20230719.csv,2026-01-26T14:50:19.734646,220.0
6A795B9F156B4C44,FAMILY OF CARING HEALTHCARE,,2023-07,monthly,Number of Special Focus Facilities (SFF),0.0,Affiliated Entity Performance 20230719.csv,2026-01-26T14:50:19.734646,220.0
6A795B9F156B4C44,FAMILY OF CARING HEALTHCARE,,2023-07,monthly,Number of facilities,30.0,Affiliated Entity Performance 20230719.csv,2026-01-26T14:50:19.734646,220.0
6A795B9F156B4C44,FAMILY OF CARING HEALTHCARE,,2023-07,monthly,Number of facilities with an abuse icon,1.0,Affiliated Entity Performance 20230719.csv,2026-01-26T14:50:19.734646,220.0
6A795B9F156B4C44,FAMILY OF CARING HEALTHCARE,,2023-07,monthly,Number of states and territories with operations,1.0,Affiliated Entity Performance 20230719.csv,2026-01-26T14:50:19.734646,220.0
6A795B9F156B4C44,FAMILY OF CARING HEALTHCARE,,2023-07,monthly,Percent of facilities classified as for-profit,90.0,Affiliated Entity Performance 20230719.csv,2026-01-26T14:50:19.734646,220.0
6A795B9F156B4C44,FAMILY OF CARING HEALTHCARE,,2023-07,monthly,Percent of facilities classified as government-owned,10.0,Affiliated Entity Performance 20230719.csv,2026-01-26T14:50:19.734646,220.0
6A795B9F156B4C44,FAMILY OF CARING HEALTHCARE,,2023-07,monthly,Percent of facilities classified as non-profit,0.0,Affiliated Entity Performance 20230719.csv,2026-01-26T14:50:19.734646,220.0
6A795B9F156B4C44,FAMILY OF CARING HEALTHCARE,,2023-07,monthly,Percentage of facilities with an abuse icon,3.3,Affiliated Entity Performance 20230719.csv,2026-01-26T14:50:19.734646,220.0
6A795B9F156B4C44,FAMILY OF CARING HEALTHCARE,,2023-07,monthly,Total amount of fines in dollars,1368532.23,Affiliated Entity Performance 20230719.csv,2026-01-26T14:50:19.734646,220.0
6A795B9F156B4C44,FAMILY OF CARING HEALTHCARE,,2023-07,monthly,Total number of fines,53.0,Affiliated Entity Performance 20230719.csv,2026-01-26T14:50:19.734646,220.0
6A795B9F156B4C44,FAMILY OF CARING HEALTHCARE,,2023-07,monthly,Total number of payment denials,5.0,Affiliated Entity Performance 20230719.csv,2026-01-26T14:50:19.734646,220.0
6A795B9F156B4C44,FAMILY OF CARING HEALTHCARE,,2023-08,monthly,Average Registered Nurse turnover percentage,43.0,Affiliated Entity Performance 20230825.csv,2026-01-26T14:50:20.209222,220.0
6A795B9F156B4C44,FAMILY OF CARING HEALTHCARE,,2023-08,monthly,Average amount of fines in dollars,19601.83,Affiliated Entity Performance 20230825.csv,2026-01-26T14:50:20.209222,220.0
6A795B9F156B4C44,FAMILY OF CARING HEALTHCARE,,2023-08,monthly,Average health inspection rating,3.3,Affiliated Entity Performance 20230825.csv,2026-01-26T14:50:20.209222,220.0
6A795B9F156B4C44,FAMILY OF CARING HEALTHCARE,,2023-08,monthly,Average number of administrators who have left the nursing home,0.6,Affiliated Entity Performance 20230825.csv,2026-01-26T14:50:20.209222,220.0
6A795B9F156B4C44,FAMILY OF CARING HEALTHCARE,,2023-08,monthly,Average number of fines,4.4,Affiliated Entity Performance 20230825.csv,2026-01-26T14:50:20.209222,220.0
6A795B9F156B4C44,FAMILY OF CARING HEALTHCARE,,2023-08,monthly,"Average number of hospitalizations per 1,000 long-stay resident days",1.64,Affiliated Entity Performance 20230825.csv,2026-01-26T14:50:20.209222,220.0
6A795B9F156B4C44,FAMILY OF CARING HEALTHCARE,,2023-08,monthly,"Average number of outpatient emergency department visits per 1,000 long-stay resident days",0.7,Affiliated Entity Performance 20230825.csv,2026-01-26T14:50:20.209222,220.0
6A795B9F156B4C44,FAMILY OF CARING HEALTHCARE,,2023-08,monthly,Average number of payment denials,0.1,Affiliated Entity Performance 20230825.csv,2026-01-26T14:50:20.209222,220.0
6A795B9F156B4C44,FAMILY OF CARING HEALTHCARE,,2023-08,monthly,Average overall 5-star rating,3.6,Affiliated Entity Performance 20230825.csv,2026-01-26T14:50:20.209222,220.0
6A795B9F156B4C44,FAMILY OF CARING HEALTHCARE,,2023-08,monthly,Average percentage of current residents up to date with COVID-19 vaccines,58.5,Affiliated Entity Performance 20230825.csv,2026-01-26T14:50:20.209222,220.0
6A795B9F156B4C44,FAMILY OF CARING HEALTHCARE,,2023-08,monthly,Average percentage of healthcare personnel up to date with COVID-19 vaccines,64.7,Affiliated Entity Performance 20230825.csv,2026-01-26T14:50:20.209222,220.0
6A795B9F156B4C44,FAMILY OF CARING HEALTHCARE,,2023-08,monthly,Average percentage of long-stay high-risk residents with pressure ulcers,8.5,Affiliated Entity Performance 20230825.csv,2026-01-26T14:50:20.209222,220.0
6A795B9F156B4C44,FAMILY OF CARING HEALTHCARE,,2023-08,monthly,Average percentage of long-stay low-risk residents who lose control of their bowels or bladder,40.8,Affiliated Entity Performance 20230825.csv,2026-01-26T14:50:20.209222,220.0
6A795B9F156B4C44,FAMILY OF CARING HEALTHCARE,,2023-08,monthly,Average percentage of long-stay residents experiencing one or more falls with major injury,2.6,Affiliated Entity Performance 20230825.csv,2026-01-26T14:50:20.209222,220.0
6A795B9F156B4C44,FAMILY OF CARING HEALTHCARE,,2023-08,monthly,Average percentage of long-stay residents who have or had a catheter inserted and left in their bladder,1.2,Affiliated Entity Performance 20230825.csv,2026-01-26T14:50:20.209222,220.0
6A795B9F156B4C44,FAMILY OF CARING HEALTHCARE,,2023-08,monthly,Average percentage of long-stay residents who have symptoms of depression,11.9,Affiliated Entity Performance 20230825.csv,2026-01-26T14:50:20.209222,220.0
6A795B9F156B4C44,FAMILY OF CARING HEALTHCARE,,2023-08,monthly,Average percentage of long-stay residents who lose too much weight,5.3,Affiliated Entity Performance 20230825.csv,2026-01-26T14:50:20.209222,220.0
6A795B9F156B4C44,FAMILY OF CARING HEALTHCARE,,2023-08,monthly,Average percentage of long-stay residents who received an antipsychotic medication,11.6,Affiliated Entity Performance 20230825.csv,2026-01-26T14:50:20.209222,220.0
6A795B9F156B4C44,FAMILY OF CARING HEALTHCARE,,2023-08,monthly,Average percentage of long-stay residents who used antianxiety or hypnotic medication,14.5,Affiliated Entity Performance 20230825.csv,2026-01-26T14:50:20.209222,220.0
6A795B9F156B4C44,FAMILY OF CARING HEALTHCARE,,2023-08,monthly,Average percentage of long-stay residents who were assessed and appropriately given the pneumococcal vaccine,93.7,Affiliated Entity Performance 20230825.csv,2026-01-26T14:50:20.209222,220.0
6A795B9F156B4C44,FAMILY OF CARING HEALTHCARE,,2023-08,monthly,Average percentage of long-stay residents who were assessed and appropriately given the seasonal influenza vaccine,91.7,Affiliated Entity Performance 20230825.csv,2026-01-26T14:50:20.209222,220.0
6A795B9F156B4C44,FAMILY OF CARING HEALTHCARE,,2023-08,monthly,Average percentage of long-stay residents who were physically restrained,0.0,Affiliated Entity Performance 20230825.csv,2026-01-26T14:50:20.209222,220.0
6A795B9F156B4C44,FAMILY OF CARING HEALTHCARE,,2023-08,monthly,Average percentage of long-stay residents whose ability to move independently worsened,11.7,Affiliated Entity Performance 20230825.csv,2026-01-26T14:50:20.209222,220.0
6A795B9F156B4C44,FAMILY OF CARING HEALTHCARE,,2023-08,monthly,Average percentage of long-stay residents whose need for help with activities of daily living has increased,13.4,Affiliated Entity Performance 20230825.csv,2026-01-26T14:50:20.209222,220.0
6A795B9F156B4C44,FAMILY OF CARING HEALTHCARE,,2023-08,monthly,Average percentage of long-stay residents with a urinary tract infection,1.2,Affiliated Entity Performance 20230825.csv,2026-01-26T14:50:20.209222,220.0
6A795B9F156B4C44,FAMILY OF CARING HEALTHCARE,,2023-08,monthly,Average percentage of short-stay residents who have had an outpatient emergency department visit,10.0,Affiliated Entity Performance 20230825.csv,2026-01-26T14:50:20.209222,220.0
6A795B9F156B4C44,FAMILY OF CARING HEALTHCARE,,2023-08,monthly,Average percentage of short-stay residents who made improvements in function,82.6,Affiliated Entity Performance 20230825.csv,2026-01-26T14:50:20.209222,220.0
6A795B9F156B4C44,FAMILY OF CARING HEALTHCARE,,2023-08,monthly,Average percentage of short-stay residents who newly received an antipsychotic medication,1.1,Affiliated Entity Performance 20230825.csv,2026-01-26T14:50:20.209222,220.0
6A795B9F156B4C44,FAMILY OF CARING HEALTHCARE,,2023-08,monthly,Average percentage of short-stay residents who were assessed and appropriately given the pneumococcal vaccine,88.5,Affiliated Entity Performance 20230825.csv,2026-01-26T14:50:20.209222,220.0
6A795B9F156B4C44,FAMILY OF CARING HEALTHCARE,,2023-08,monthly,Average percentage of short-stay residents who were assessed and appropriately given the seasonal influenza vaccine,83.3,Affiliated Entity Performance 20230825.csv,2026-01-26T14:50:20.209222,220.0
6A795B9F156B4C44,FAMILY OF CARING HEALTHCARE,,2023-08,monthly,Average percentage of short-stay residents who were re-hospitalized after a nursing home admission,22.5,Affiliated Entity Performance 20230825.csv,2026-01-26T14:50:20.209222,220.0
6A795B9F156B4C44,FAMILY OF CARING HEALTHCARE,,2023-08,monthly,Average percentage of short-stay residents with pressure ulcers or pressure injuries that are new or worsened,2.8,Affiliated Entity Performance 20230825.csv,2026-01-26T14:50:20.209222,220.0
6A795B9F156B4C44,FAMILY OF CARING HEALTHCARE,,2023-08,monthly,Average quality rating,4.3,Affiliated Entity Performance 20230825.csv,2026-01-26T14:50:20.209222,220.0
6A795B9F156B4C44,FAMILY OF CARING HEALTHCARE,,2023-08,monthly,Average rate of potentially preventable hospital readmissions 30 days after discharge from a SNF,7.7,Affiliated Entity Performance 20230825.csv,2026-01-26T14:50:20.209222,220.0
6A795B9F156B4C44,FAMILY OF CARING HEALTHCARE,,2023-08,monthly,Average staffing rating,3.6,Affiliated Entity Performance 20230825.csv,2026-01-26T14:50:20.209222,220.0
6A795B9F156B4C44,FAMILY OF CARING HEALTHCARE,,2023-08,monthly,Average total Registered Nurse hours per resident day,0.9,Affiliated Entity Performance 20230825.csv,2026-01-26T14:50:20.209222,220.0
6A795B9F156B4C44,FAMILY OF CARING HEALTHCARE,,2023-08,monthly,Average total nurse hours per resident day,4.0,Affiliated Entity Performance 20230825.csv,2026-01-26T14:50:20.209222,220.0
6A795B9F156B4C44,FAMILY OF CARING HEALTHCARE,,2023-08,monthly,Average total nursing staff turnover percentage,47.6,Affiliated Entity Performance 20230825.csv,2026-01-26T14:50:20.209222,220.0
6A795B9F156B4C44,FAMILY OF CARING HEALTHCARE,,2023-08,monthly,Average total weekend nurse hours per resident day,3.4,Affiliated Entity Performance 20230825.csv,2026-01-26T14:50:20.209222,220.0
6A795B9F156B4C44,FAMILY OF CARING HEALTHCARE,,2023-08,monthly,Number of SFF candidates,0.0,Affiliated Entity Performance 20230825.csv,2026-01-26T14:50:20.209222,220.0
6A795B9F156B4C44,FAMILY OF CARING HEALTHCARE,,2023-08,monthly,Number of Special Focus Facilities (SFF),0.0,Affiliated Entity Performance 20230825.csv,2026-01-26T14:50:20.209222,220.0
6A795B9F156B4C44,FAMILY OF CARING HEALTHCARE,,2023-08,monthly,Number of facilities,7.0,Affiliated Entity Performance 20230825.csv,2026-01-26T14:50:20.209222,220.0
6A795B9F156B4C44,FAMILY OF CARING HEALTHCARE,,2023-08,monthly,Number of facilities with an abuse icon,0.0,Affiliated Entity Performance 20230825.csv,2026-01-26T14:50:20.209222,220.0
6A795B9F156B4C44,FAMILY OF CARING HEALTHCARE,,2023-08,monthly,Number of states and territories with operations,1.0,Affiliated Entity Performance 20230825.csv,2026-01-26T14:50:20.209222,220.0
6A795B9F156B4C44,FAMILY OF CARING HEALTHCARE,,2023-08,monthly,Percent of facilities classified as for-profit,100.0,Affiliated Entity Performance 20230825.csv,2026-01-26T14:50:20.209222,220.0
6A795B9F156B4C44,FAMILY OF CARING HEALTHCARE,,2023-08,monthly,Percent of facilities classified as government-owned,0.0,Affiliated Entity Performance 20230825.csv,2026-01-26T14:50:20.209222,220.0
6A795B9F156B4C44,FAMILY OF CARING HEALTHCARE,,2023-08,monthly,Percent of facilities classified as non-profit,0.0,Affiliated Entity Performance 20230825.csv,2026-01-26T14:50:20.209222,220.0
6A795B9F156B4C44,FAMILY OF CARING HEALTHCARE,,2023-08,monthly,Percentage of facilities with an abuse icon,0.0,Affiliated Entity Performance 20230825.csv,2026-01-26T14:50:20.209222,220.0
6A795B9F156B4C44,FAMILY OF CARING HEALTHCARE,,2023-08,monthly,Total amount of fines in dollars,137212.78,Affiliated Entity Performance 20230825.csv,2026-01-26T14:50:20.209222,220.0
6A795B9F156B4C44,FAMILY OF CARING HEALTHCARE,,2023-08,monthly,Total number of fines,31.0,Affiliated Entity Performance 20230825.csv,2026-01-26T14:50:20.209222,220.0
6A795B9F156B4C44,FAMILY OF CARING HEALTHCARE,,2023-08,monthly,Total number of payment denials,1.0,Affiliated Entity Performance 20230825.csv,2026-01-26T14:50:20.209222,220.0
6A795B9F156B4C44,FAMILY OF CARING HEALTHCARE,,2023-09,monthly,Average Registered Nurse turnover percentage,43.0,Affiliated Entity Performance 20230920.csv,2026-01-26T14:50:20.693457,220.0
6A795B9F156B4C44,FAMILY OF CARING HEALTHCARE,,2023-09,monthly,Average amount of fines in dollars,17730.33,Affiliated Entity Performance 20230920.csv,2026-01-26T14:50:20.693457,220.0
6A795B9F156B4C44,FAMILY OF CARING HEALTHCARE,,2023-09,monthly,Average health inspection rating,3.4,Affiliated Entity Performance 20230920.csv,2026-01-26T14:50:20.693457,220.0
6A795B9F156B4C44,FAMILY OF CARING HEALTHCARE,,2023-09,monthly,Average number of administrators who have left the nursing home,0.6,Affiliated Entity Performance 20230920.csv,2026-01-26T14:50:20.693457,220.0
6A795B9F156B4C44,FAMILY OF CARING HEALTHCARE,,2023-09,monthly,Average number of fines,3.7,Affiliated Entity Performance 20230920.csv,2026-01-26T14:50:20.693457,220.0
6A795B9F156B4C44,FAMILY OF CARING HEALTHCARE,,2023-09,monthly,"Average number of hospitalizations per 1,000 long-stay resident days",1.64,Affiliated Entity Performance 20230920.csv,2026-01-26T14:50:20.693457,220.0
6A795B9F156B4C44,FAMILY OF CARING HEALTHCARE,,2023-09,monthly,"Average number of outpatient emergency department visits per 1,000 long-stay resident days",0.7,Affiliated Entity Performance 20230920.csv,2026-01-26T14:50:20.693457,220.0
6A795B9F156B4C44,FAMILY OF CARING HEALTHCARE,,2023-09,monthly,Average number of payment denials,0.1,Affiliated Entity Performance 20230920.csv,2026-01-26T14:50:20.693457,220.0
6A795B9F156B4C44,FAMILY OF CARING HEALTHCARE,,2023-09,monthly,Average overall 5-star rating,3.6,Affiliated Entity Performance 20230920.csv,2026-01-26T14:50:20.693457,220.0
6A795B9F156B4C44,FAMILY OF CARING HEALTHCARE,,2023-09,monthly,Average percentage of current residents up to date with COVID-19 vaccines,57.1,Affiliated Entity Performance 20230920.csv,2026-01-26T14:50:20.693457,220.0
6A795B9F156B4C44,FAMILY OF CARING HEALTHCARE,,2023-09,monthly,Average percentage of healthcare personnel up to date with COVID-19 vaccines,52.4,Affiliated Entity Performance 20230920.csv,2026-01-26T14:50:20.693457,220.0
6A795B9F156B4C44,FAMILY OF CARING HEALTHCARE,,2023-09,monthly,Average percentage of long-stay high-risk residents with pressure ulcers,8.5,Affiliated Entity Performance 20230920.csv,2026-01-26T14:50:20.693457,220.0
6A795B9F156B4C44,FAMILY OF CARING HEALTHCARE,,2023-09,monthly,Average percentage of long-stay low-risk residents who lose control of their bowels or bladder,40.8,Affiliated Entity Performance 20230920.csv,2026-01-26T14:50:20.693457,220.0
6A795B9F156B4C44,FAMILY OF CARING HEALTHCARE,,2023-09,monthly,Average percentage of long-stay residents experiencing one or more falls with major injury,2.6,Affiliated Entity Performance 20230920.csv,2026-01-26T14:50:20.693457,220.0
6A795B9F156B4C44,FAMILY OF CARING HEALTHCARE,,2023-09,monthly,Average percentage of long-stay residents who have or had a catheter inserted and left in their bladder,1.2,Affiliated Entity Performance 20230920.csv,2026-01-26T14:50:20.693457,220.0
6A795B9F156B4C44,FAMILY OF CARING HEALTHCARE,,2023-09,monthly,Average percentage of long-stay residents who have symptoms of depression,11.9,Affiliated Entity Performance 20230920.csv,2026-01-26T14:50:20.693457,220.0
6A795B9F156B4C44,FAMILY OF CARING HEALTHCARE,,2023-09,monthly,Average percentage of long-stay residents who lose too much weight,5.3,Affiliated Entity Performance 20230920.csv,2026-01-26T14:50:20.693457,220.0
6A795B9F156B4C44,FAMILY OF CARING HEALTHCARE,,2023-09,monthly,Average percentage of long-stay residents who received an antipsychotic medication,11.6,Affiliated Entity Performance 20230920.csv,2026-01-26T14:50:20.693457,220.0
6A795B9F156B4C44,FAMILY OF CARING HEALTHCARE,,2023-09,monthly,Average percentage of long-stay residents who used antianxiety or hypnotic medication,14.5,Affiliated Entity Performance 20230920.csv,2026-01-26T14:50:20.693457,220.0
6A795B9F156B4C44,FAMILY OF CARING HEALTHCARE,,2023-09,monthly,Average percentage of long-stay residents who were assessed and appropriately given the pneumococcal vaccine,93.7,Affiliated Entity Performance 20230920.csv,2026-01-26T14:50:20.693457,220.0
6A795B9F156B4C44,FAMILY OF CARING HEALTHCARE,,2023-09,monthly,Average percentage of long-stay residents who were assessed and appropriately given the seasonal influenza vaccine,91.7,Affiliated Entity Performance 20230920.csv,2026-01-26T14:50:20.693457,220.0
6A795B9F156B4C44,FAMILY OF CARING HEALTHCARE,,2023-09,monthly,Average percentage of long-stay residents who were physically restrained,0.0,Affiliated Entity Performance 20230920.csv,2026-01-26T14:50:20.693457,220.0
6A795B9F156B4C44,FAMILY OF CARING HEALTHCARE,,2023-09,monthly,Average percentage of long-stay residents whose ability to move independently worsened,11.7,Affiliated Entity Performance 20230920.csv,2026-01-26T14:50:20.693457,220.0
6A795B9F156B4C44,FAMILY OF CARING HEALTHCARE,,2023-09,monthly,Average percentage of long-stay residents whose need for help with activities of daily living has increased,13.4,Affiliated Entity Performance 20230920.csv,2026-01-26T14:50:20.693457,220.0
6A795B9F156B4C44,FAMILY OF CARING HEALTHCARE,,2023-09,monthly,Average percentage of long-stay residents with a urinary tract infection,1.2,Affiliated Entity Performance 20230920.csv,2026-01-26T14:50:20.693457,220.0
6A795B9F156B4C44,FAMILY OF CARING HEALTHCARE,,2023-09,monthly,Average percentage of short-stay residents who have had an outpatient emergency department visit,10.0,Affiliated Entity Performance 20230920.csv,2026-01-26T14:50:20.693457,220.0
6A795B9F156B4C44,FAMILY OF CARING HEALTHCARE,,2023-09,monthly,Average percentage of short-stay residents who made improvements in function,82.6,Affiliated Entity Performance 20230920.csv,2026-01-26T14:50:20.693457,220.0
6A795B9F156B4C44,FAMILY OF CARING HEALTHCARE,,2023-09,monthly,Average percentage of short-stay residents who newly received an antipsychotic medication,1.1,Affiliated Entity Performance 20230920.csv,2026-01-26T14:50:20.693457,220.0
6A795B9F156B4C44,FAMILY OF CARING HEALTHCARE,,2023-09,monthly,Average percentage of short-stay residents who were assessed and appropriately given the pneumococcal vaccine,88.5,Affiliated Entity Performance 20230920.csv,2026-01-26T14:50:20.693457,220.0
6A795B9F156B4C44,FAMILY OF CARING HEALTHCARE,,2023-09,monthly,Average percentage of short-stay residents who were assessed and appropriately given the seasonal influenza vaccine,83.3,Affiliated Entity Performance 20230920.csv,2026-01-26T14:50:20.693457,220.0
6A795B9F156B4C44,FAMILY OF CARING HEALTHCARE,,2023-09,monthly,Average percentage of short-stay residents who were re-hospitalized after a nursing home admission,22.5,Affiliated Entity Performance 20230920.csv,2026-01-26T14:50:20.693457,220.0
6A795B9F156B4C44,FAMILY OF CARING HEALTHCARE,,2023-09,monthly,Average percentage of short-stay residents with pressure ulcers or pressure injuries that are new or worsened,2.8,Affiliated Entity Performance 20230920.csv,2026-01-26T14:50:20.693457,220.0
6A795B9F156B4C44,FAMILY OF CARING HEALTHCARE,,2023-09,monthly,Average quality rating,4.3,Affiliated Entity Performance 20230920.csv,2026-01-26T14:50:20.693457,220.0
6A795B9F156B4C44,FAMILY OF CARING HEALTHCARE,,2023-09,monthly,Average rate of potentially preventable hospital readmissions 30 days after discharge from a SNF,7.7,Affiliated Entity Performance 20230920.csv,2026-01-26T14:50:20.693457,220.0
6A795B9F156B4C44,FAMILY OF CARING HEALTHCARE,,2023-09,monthly,Average staffing rating,3.6,Affiliated Entity Performance 20230920.csv,2026-01-26T14:50:20.693457,220.0
6A795B9F156B4C44,FAMILY OF CARING HEALTHCARE,,2023-09,monthly,Average total Registered Nurse hours per resident day,0.9,Affiliated Entity Performance 20230920.csv,2026-01-26T14:50:20.693457,220.0
6A795B9F156B4C44,FAMILY OF CARING HEALTHCARE,,2023-09,monthly,Average total nurse hours per resident day,4.0,Affiliated Entity Performance 20230920.csv,2026-01-26T14:50:20.693457,220.0
6A795B9F156B4C44,FAMILY OF CARING HEALTHCARE,,2023-09,monthly,Average total nursing staff turnover percentage,47.6,Affiliated Entity Performance 20230920.csv,2026-01-26T14:50:20.693457,220.0
6A795B9F156B4C44,FAMILY OF CARING HEALTHCARE,,2023-09,monthly,Average total weekend nurse hours per resident day,3.4,Affiliated Entity Performance 20230920.csv,2026-01-26T14:50:20.693457,220.0
6A795B9F156B4C44,FAMILY OF CARING HEALTHCARE,,2023-09,monthly,Number of SFF candidates,0.0,Affiliated Entity Performance 20230920.csv,2026-01-26T14:50:20.693457,220.0
6A795B9F156B4C44,FAMILY OF CARING HEALTHCARE,,2023-09,monthly,Number of Special Focus Facilities (SFF),0.0,Affiliated Entity Performance 20230920.csv,2026-01-26T14:50:20.693457,220.0
6A795B9F156B4C44,FAMILY OF CARING HEALTHCARE,,2023-09,monthly,Number of facilities,7.0,Affiliated Entity Performance 20230920.csv,2026-01-26T14:50:20.693457,220.0
6A795B9F156B4C44,FAMILY OF CARING HEALTHCARE,,2023-09,monthly,Number of facilities with an abuse icon,0.0,Affiliated Entity Performance 20230920.csv,2026-01-26T14:50:20.693457,220.0
6A795B9F156B4C44,FAMILY OF CARING HEALTHCARE,,2023-09,monthly,Number of states and territories with operations,1.0,Affiliated Entity Performance 20230920.csv,2026-01-26T14:50:20.693457,220.0
6A795B9F156B4C44,FAMILY OF CARING HEALTHCARE,,2023-09,monthly,Percent of facilities classified as for-profit,100.0,Affiliated Entity Performance 20230920.csv,2026-01-26T14:50:20.693457,220.0
6A795B9F156B4C44,FAMILY OF CARING HEALTHCARE,,2023-09,monthly,Percent of facilities classified as government-owned,0.0,Affiliated Entity Performance 20230920.csv,2026-01-26T14:50:20.693457,220.0
6A795B9F156B4C44,FAMILY OF CARING HEALTHCARE,,2023-09,monthly,Percent of facilities classified as non-profit,0.0,Affiliated Entity Performance 20230920.csv,2026-01-26T14:50:20.693457,220.0
6A795B9F156B4C44,FAMILY OF CARING HEALTHCARE,,2023-09,monthly,Percentage of facilities with an abuse icon,0.0,Affiliated Entity Performance 20230920.csv,2026-01-26T14:50:20.693457,220.0
6A795B9F156B4C44,FAMILY OF CARING HEALTHCARE,,2023-09,monthly,Total amount of fines in dollars,124112.28,Affiliated Entity Performance 20230920.csv,2026-01-26T14:50:20.693457,220.0
6A795B9F156B4C44,FAMILY OF CARING HEALTHCARE,,2023-09,monthly,Total number of fines,26.0,Affiliated Entity Performance 20230920.csv,2026-01-26T14:50:20.693457,220.0
6A795B9F156B4C44,FAMILY OF CARING HEALTHCARE,,2023-09,monthly,Total number of payment denials,1.0,Affiliated Entity Performance 20230920.csv,2026-01-26T14:50:20.693457,220.0
6A795B9F156B4C44,FAMILY OF CARING HEALTHCARE,,2023-10,monthly,Average Registered Nurse turnover percentage,44.4,Affiliated Entity Performance 20231018.csv,2026-01-26T14:50:21.139901,220.0
6A795B9F156B4C44,FAMILY OF CARING HEALTHCARE,,2023-10,monthly,Average amount of fines in dollars,15158.11,Affiliated Entity Performance 20231018.csv,2026-01-26T14:50:21.139901,220.0
6A795B9F156B4C44,FAMILY OF CARING HEALTHCARE,,2023-10,monthly,Average health inspection rating,3.1,Affiliated Entity Performance 20231018.csv,2026-01-26T14:50:21.139901,220.0
6A795B9F156B4C44,FAMILY OF CARING HEALTHCARE,,2023-10,monthly,Average number of administrators who have left the nursing home,0.4,Affiliated Entity Performance 20231018.csv,2026-01-26T14:50:21.139901,220.0
6A795B9F156B4C44,FAMILY OF CARING HEALTHCARE,,2023-10,monthly,Average number of fines,2.9,Affiliated Entity Performance 20231018.csv,2026-01-26T14:50:21.139901,220.0
6A795B9F156B4C44,FAMILY OF CARING HEALTHCARE,,2023-10,monthly,"Average number of hospitalizations per 1,000 long-stay resident days",1.39,Affiliated Entity Performance 20231018.csv,2026-01-26T14:50:21.139901,220.0
6A795B9F156B4C44,FAMILY OF CARING HEALTHCARE,,2023-10,monthly,"Average number of outpatient emergency department visits per 1,000 long-stay resident days",0.72,Affiliated Entity Performance 20231018.csv,2026-01-26T14:50:21.139901,220.0
6A795B9F156B4C44,FAMILY OF CARING HEALTHCARE,,2023-10,monthly,Average number of payment denials,0.1,Affiliated Entity Performance 20231018.csv,2026-01-26T14:50:21.139901,220.0
6A795B9F156B4C44,FAMILY OF CARING HEALTHCARE,,2023-10,monthly,Average overall 5-star rating,3.6,Affiliated Entity Performance 20231018.csv,2026-01-26T14:50:21.139901,220.0
6A795B9F156B4C44,FAMILY OF CARING HEALTHCARE,,2023-10,monthly,Average percentage of current residents up to date with COVID-19 vaccines,55.9,Affiliated Entity Performance 20231018.csv,2026-01-26T14:50:21.139901,220.0
6A795B9F156B4C44,FAMILY OF CARING HEALTHCARE,,2023-10,monthly,Average percentage of healthcare personnel up to date with COVID-19 vaccines,55.4,Affiliated Entity Performance 20231018.csv,2026-01-26T14:50:21.139901,220.0
6A795B9F156B4C44,FAMILY OF CARING HEALTHCARE,,2023-10,monthly,Average percentage of long-stay high-risk residents with pressure ulcers,8.8,Affiliated Entity Performance 20231018.csv,2026-01-26T14:50:21.139901,220.0
6A795B9F156B4C44,FAMILY OF CARING HEALTHCARE,,2023-10,monthly,Average percentage of long-stay low-risk residents who lose control of their bowels or bladder,39.5,Affiliated Entity Performance 20231018.csv,2026-01-26T14:50:21.139901,220.0
6A795B9F156B4C44,FAMILY OF CARING HEALTHCARE,,2023-10,monthly,Average percentage of long-stay residents experiencing one or more falls with major injury,2.8,Affiliated Entity Performance 20231018.csv,2026-01-26T14:50:21.139901,220.0
6A795B9F156B4C44,FAMILY OF CARING HEALTHCARE,,2023-10,monthly,Average percentage of long-stay residents who have or had a catheter inserted and left in their bladder,1.4,Affiliated Entity Performance 20231018.csv,2026-01-26T14:50:21.139901,220.0
6A795B9F156B4C44,FAMILY OF CARING HEALTHCARE,,2023-10,monthly,Average percentage of long-stay residents who have symptoms of depression,11.4,Affiliated Entity Performance 20231018.csv,2026-01-26T14:50:21.139901,220.0
6A795B9F156B4C44,FAMILY OF CARING HEALTHCARE,,2023-10,monthly,Average percentage of long-stay residents who lose too much weight,5.8,Affiliated Entity Performance 20231018.csv,2026-01-26T14:50:21.139901,220.0
6A795B9F156B4C44,FAMILY OF CARING HEALTHCARE,,2023-10,monthly,Average percentage of long-stay residents who received an antipsychotic medication,11.8,Affiliated Entity Performance 20231018.csv,2026-01-26T14:50:21.139901,220.0
6A795B9F156B4C44,FAMILY OF CARING HEALTHCARE,,2023-10,monthly,Average percentage of long-stay residents who used antianxiety or hypnotic medication,13.9,Affiliated Entity Performance 20231018.csv,2026-01-26T14:50:21.139901,220.0
6A795B9F156B4C44,FAMILY OF CARING HEALTHCARE,,2023-10,monthly,Average percentage of long-stay residents who were assessed and appropriately given the pneumococcal vaccine,95.0,Affiliated Entity Performance 20231018.csv,2026-01-26T14:50:21.139901,220.0
6A795B9F156B4C44,FAMILY OF CARING HEALTHCARE,,2023-10,monthly,Average percentage of long-stay residents who were assessed and appropriately given the seasonal influenza vaccine,92.7,Affiliated Entity Performance 20231018.csv,2026-01-26T14:50:21.139901,220.0
6A795B9F156B4C44,FAMILY OF CARING HEALTHCARE,,2023-10,monthly,Average percentage of long-stay residents who were physically restrained,0.0,Affiliated Entity Performance 20231018.csv,2026-01-26T14:50:21.139901,220.0
6A795B9F156B4C44,FAMILY OF CARING HEALTHCARE,,2023-10,monthly,Average percentage of long-stay residents whose ability to move independently worsened,11.4,Affiliated Entity Performance 20231018.csv,2026-01-26T14:50:21.139901,220.0
6A795B9F156B4C44,FAMILY OF CARING HEALTHCARE,,2023-10,monthly,Average percentage of long-stay residents whose need for help with activities of daily living has increased,12.5,Affiliated Entity Performance 20231018.csv,2026-01-26T14:50:21.139901,220.0
6A795B9F156B4C44,FAMILY OF CARING HEALTHCARE,,2023-10,monthly,Average percentage of long-stay residents with a urinary tract infection,1.1,Affiliated Entity Performance 20231018.csv,2026-01-26T14:50:21.139901,220.0
6A795B9F156B4C44,FAMILY OF CARING HEALTHCARE,,2023-10,monthly,Average percentage of short-stay residents who have had an outpatient emergency department visit,8.5,Affiliated Entity Performance 20231018.csv,2026-01-26T14:50:21.139901,220.0
6A795B9F156B4C44,FAMILY OF CARING HEALTHCARE,,2023-10,monthly,Average percentage of short-stay residents who made improvements in function,83.1,Affiliated Entity Performance 20231018.csv,2026-01-26T14:50:21.139901,220.0
6A795B9F156B4C44,FAMILY OF CARING HEALTHCARE,,2023-10,monthly,Average percentage of short-stay residents who newly received an antipsychotic medication,1.1,Affiliated Entity Performance 20231018.csv,2026-01-26T14:50:21.139901,220.0
6A795B9F156B4C44,FAMILY OF CARING HEALTHCARE,,2023-10,monthly,Average percentage of short-stay residents who were assessed and appropriately given the pneumococcal vaccine,87.3,Affiliated Entity Performance 20231018.csv,2026-01-26T14:50:21.139901,220.0
6A795B9F156B4C44,FAMILY OF CARING HEALTHCARE,,2023-10,monthly,Average percentage of short-stay residents who were assessed and appropriately given the seasonal influenza vaccine,82.0,Affiliated Entity Performance 20231018.csv,2026-01-26T14:50:21.139901,220.0
6A795B9F156B4C44,FAMILY OF CARING HEALTHCARE,,2023-10,monthly,Average percentage of short-stay residents who were re-hospitalized after a nursing home admission,23.2,Affiliated Entity Performance 20231018.csv,2026-01-26T14:50:21.139901,220.0
6A795B9F156B4C44,FAMILY OF CARING HEALTHCARE,,2023-10,monthly,Average percentage of short-stay residents with pressure ulcers or pressure injuries that are new or worsened,2.3,Affiliated Entity Performance 20231018.csv,2026-01-26T14:50:21.139901,220.0
6A795B9F156B4C44,FAMILY OF CARING HEALTHCARE,,2023-10,monthly,Average quality rating,4.3,Affiliated Entity Performance 20231018.csv,2026-01-26T14:50:21.139901,220.0
6A795B9F156B4C44,FAMILY OF CARING HEALTHCARE,,2023-10,monthly,Average rate of potentially preventable hospital readmissions 30 days after discharge from a SNF,10.2,Affiliated Entity Performance 20231018.csv,2026-01-26T14:50:21.139901,220.0
6A795B9F156B4C44,FAMILY OF CARING HEALTHCARE,,2023-10,monthly,Average staffing rating,3.6,Affiliated Entity Performance 20231018.csv,2026-01-26T14:50:21.139901,220.0
6A795B9F156B4C44,FAMILY OF CARING HEALTHCARE,,2023-10,monthly,Average total Registered Nurse hours per resident day,0.9,Affiliated Entity Performance 20231018.csv,2026-01-26T14:50:21.139901,220.0
6A795B9F156B4C44,FAMILY OF CARING HEALTHCARE,,2023-10,monthly,Average total nurse hours per resident day,4.2,Affiliated Entity Performance 20231018.csv,2026-01-26T14:50:21.139901,220.0
6A795B9F156B4C44,FAMILY OF CARING HEALTHCARE,,2023-10,monthly,Average total nursing staff turnover percentage,49.0,Affiliated Entity Performance 20231018.csv,2026-01-26T14:50:21.139901,220.0
6A795B9F156B4C44,FAMILY OF CARING HEALTHCARE,,2023-10,monthly,Average total weekend nurse hours per resident day,3.6,Affiliated Entity Performance 20231018.csv,2026-01-26T14:50:21.139901,220.0
6A795B9F156B4C44,FAMILY OF CARING HEALTHCARE,,2023-10,monthly,Number of SFF candidates,0.0,Affiliated Entity Performance 20231018.csv,2026-01-26T14:50:21.139901,220.0
6A795B9F156B4C44,FAMILY OF CARING HEALTHCARE,,2023-10,monthly,Number of Special Focus Facilities (SFF),0.0,Affiliated Entity Performance 20231018.csv,2026-01-26T14:50:21.139901,220.0
6A795B9F156B4C44,FAMILY OF CARING HEALTHCARE,,2023-10,monthly,Number of facilities,7.0,Affiliated Entity Performance 20231018.csv,2026-01-26T14:50:21.139901,220.0
6A795B9F156B4C44,FAMILY OF CARING HEALTHCARE,,2023-10,monthly,Number of facilities with an abuse icon,0.0,Affiliated Entity Performance 20231018.csv,2026-01-26T14:50:21.139901,220.0
6A795B9F156B4C44,FAMILY OF CARING HEALTHCARE,,2023-10,monthly,Number of states and territories with operations,1.0,Affiliated Entity Performance 20231018.csv,2026-01-26T14:50:21.139901,220.0
6A795B9F156B4C44,FAMILY OF CARING HEALTHCARE,,2023-10,monthly,Percent of facilities classified as for-profit,100.0,Affiliated Entity Performance 20231018.csv,2026-01-26T14:50:21.139901,220.0
6A795B9F156B4C44,FAMILY OF CARING HEALTHCARE,,2023-10,monthly,Percent of facilities classified as government-owned,0.0,Affiliated Entity Performance 20231018.csv,2026-01-26T14:50:21.139901,220.0
6A795B9F156B4C44,FAMILY OF CARING HEALTHCARE,,2023-10,monthly,Percent of facilities classified as non-profit,0.0,Affiliated Entity Performance 20231018.csv,2026-01-26T14:50:21.139901,220.0
6A795B9F156B4C44,FAMILY OF CARING HEALTHCARE,,2023-10,monthly,Percentage of facilities with an abuse icon,0.0,Affiliated Entity Performance 20231018.csv,2026-01-26T14:50:21.139901,220.0
6A795B9F156B4C44,FAMILY OF CARING HEALTHCARE,,2023-10,monthly,Total amount of fines in dollars,106106.78,Affiliated Entity Performance 20231018.csv,2026-01-26T14:50:21.139901,220.0
6A795B9F156B4C44,FAMILY OF CARING HEALTHCARE,,2023-10,monthly,Total number of fines,20.0,Affiliated Entity Performance 20231018.csv,2026-01-26T14:50:21.139901,220.0
6A795B9F156B4C44,FAMILY OF CARING HEALTHCARE,,2023-10,monthly,Total number of payment denials,1.0,Affiliated Entity Performance 20231018.csv,2026-01-26T14:50:21.139901,220.0
6A795B9F156B4C44,FAMILY OF CARING HEALTHCARE,,2023-11,monthly,Average Registered Nurse turnover percentage,44.4,Affiliated Entity Performance 20231124.csv,2026-01-26T14:50:21.557449,220.0
6A795B9F156B4C44,FAMILY OF CARING HEALTHCARE,,2023-11,monthly,Average amount of fines in dollars,15158.11,Affiliated Entity Performance 20231124.csv,2026-01-26T14:50:21.557449,220.0
6A795B9F156B4C44,FAMILY OF CARING HEALTHCARE,,2023-11,monthly,Average health inspection rating,3.1,Affiliated Entity Performance 20231124.csv,2026-01-26T14:50:21.557449,220.0
6A795B9F156B4C44,FAMILY OF CARING HEALTHCARE,,2023-11,monthly,Average number of administrators who have left the nursing home,0.4,Affiliated Entity Performance 20231124.csv,2026-01-26T14:50:21.557449,220.0
6A795B9F156B4C44,FAMILY OF CARING HEALTHCARE,,2023-11,monthly,Average number of fines,2.9,Affiliated Entity Performance 20231124.csv,2026-01-26T14:50:21.557449,220.0
6A795B9F156B4C44,FAMILY OF CARING HEALTHCARE,,2023-11,monthly,"Average number of hospitalizations per 1,000 long-stay resident days",1.39,Affiliated Entity Performance 20231124.csv,2026-01-26T14:50:21.557449,220.0
6A795B9F156B4C44,FAMILY OF CARING HEALTHCARE,,2023-11,monthly,"Average number of outpatient emergency department visits per 1,000 long-stay resident days",0.72,Affiliated Entity Performance 20231124.csv,2026-01-26T14:50:21.557449,220.0
6A795B9F156B4C44,FAMILY OF CARING HEALTHCARE,,2023-11,monthly,Average number of payment denials,0.1,Affiliated Entity Performance 20231124.csv,2026-01-26T14:50:21.557449,220.0
6A795B9F156B4C44,FAMILY OF CARING HEALTHCARE,,2023-11,monthly,Average overall 5-star rating,3.6,Affiliated Entity Performance 20231124.csv,2026-01-26T14:50:21.557449,220.0
6A795B9F156B4C44,FAMILY OF CARING HEALTHCARE,,2023-11,monthly,Average percentage of current residents up to date with COVID-19 vaccines,42.7,Affiliated Entity Performance 20231124.csv,2026-01-26T14:50:21.557449,220.0
6A795B9F156B4C44,FAMILY OF CARING HEALTHCARE,,2023-11,monthly,Average percentage of healthcare personnel up to date with COVID-19 vaccines,33.6,Affiliated Entity Performance 20231124.csv,2026-01-26T14:50:21.557449,220.0
6A795B9F156B4C44,FAMILY OF CARING HEALTHCARE,,2023-11,monthly,Average percentage of long-stay high-risk residents with pressure ulcers,8.8,Affiliated Entity Performance 20231124.csv,2026-01-26T14:50:21.557449,220.0
6A795B9F156B4C44,FAMILY OF CARING HEALTHCARE,,2023-11,monthly,Average percentage of long-stay low-risk residents who lose control of their bowels or bladder,39.5,Affiliated Entity Performance 20231124.csv,2026-01-26T14:50:21.557449,220.0
6A795B9F156B4C44,FAMILY OF CARING HEALTHCARE,,2023-11,monthly,Average percentage of long-stay residents experiencing one or more falls with major injury,2.8,Affiliated Entity Performance 20231124.csv,2026-01-26T14:50:21.557449,220.0
6A795B9F156B4C44,FAMILY OF CARING HEALTHCARE,,2023-11,monthly,Average percentage of long-stay residents who have or had a catheter inserted and left in their bladder,1.4,Affiliated Entity Performance 20231124.csv,2026-01-26T14:50:21.557449,220.0
6A795B9F156B4C44,FAMILY OF CARING HEALTHCARE,,2023-11,monthly,Average percentage of long-stay residents who have symptoms of depression,11.4,Affiliated Entity Performance 20231124.csv,2026-01-26T14:50:21.557449,220.0
6A795B9F156B4C44,FAMILY OF CARING HEALTHCARE,,2023-11,monthly,Average percentage of long-stay residents who lose too much weight,5.8,Affiliated Entity Performance 20231124.csv,2026-01-26T14:50:21.557449,220.0
6A795B9F156B4C44,FAMILY OF CARING HEALTHCARE,,2023-11,monthly,Average percentage of long-stay residents who received an antipsychotic medication,11.8,Affiliated Entity Performance 20231124.csv,2026-01-26T14:50:21.557449,220.0
6A795B9F156B4C44,FAMILY OF CARING HEALTHCARE,,2023-11,monthly,Average percentage of long-stay residents who used antianxiety or hypnotic medication,13.9,Affiliated Entity Performance 20231124.csv,2026-01-26T14:50:21.557449,220.0
6A795B9F156B4C44,FAMILY OF CARING HEALTHCARE,,2023-11,monthly,Average percentage of long-stay residents who were assessed and appropriately given the pneumococcal vaccine,95.0,Affiliated Entity Performance 20231124.csv,2026-01-26T14:50:21.557449,220.0
6A795B9F156B4C44,FAMILY OF CARING HEALTHCARE,,2023-11,monthly,Average percentage of long-stay residents who were assessed and appropriately given the seasonal influenza vaccine,92.7,Affiliated Entity Performance 20231124.csv,2026-01-26T14:50:21.557449,220.0
6A795B9F156B4C44,FAMILY OF CARING HEALTHCARE,,2023-11,monthly,Average percentage of long-stay residents who were physically restrained,0.0,Affiliated Entity Performance 20231124.csv,2026-01-26T14:50:21.557449,220.0
6A795B9F156B4C44,FAMILY OF CARING HEALTHCARE,,2023-11,monthly,Average percentage of long-stay residents whose ability to move independently worsened,11.4,Affiliated Entity Performance 20231124.csv,2026-01-26T14:50:21.557449,220.0
6A795B9F156B4C44,FAMILY OF CARING HEALTHCARE,,2023-11,monthly,Average percentage of long-stay residents whose need for help with activities of daily living has increased,12.5,Affiliated Entity Performance 20231124.csv,2026-01-26T14:50:21.557449,220.0
6A795B9F156B4C44,FAMILY OF CARING HEALTHCARE,,2023-11,monthly,Average percentage of long-stay residents with a urinary tract infection,1.1,Affiliated Entity Performance 20231124.csv,2026-01-26T14:50:21.557449,220.0
6A795B9F156B4C44,FAMILY OF CARING HEALTHCARE,,2023-11,monthly,Average percentage of short-stay residents who have had an outpatient emergency department visit,8.5,Affiliated Entity Performance 20231124.csv,2026-01-26T14:50:21.557449,220.0
6A795B9F156B4C44,FAMILY OF CARING HEALTHCARE,,2023-11,monthly,Average percentage of short-stay residents who made improvements in function,83.1,Affiliated Entity Performance 20231124.csv,2026-01-26T14:50:21.557449,220.0
6A795B9F156B4C44,FAMILY OF CARING HEALTHCARE,,2023-11,monthly,Average percentage of short-stay residents who newly received an antipsychotic medication,1.1,Affiliated Entity Performance 20231124.csv,2026-01-26T14:50:21.557449,220.0
6A795B9F156B4C44,FAMILY OF CARING HEALTHCARE,,2023-11,monthly,Average percentage of short-stay residents who were assessed and appropriately given the pneumococcal vaccine,87.3,Affiliated Entity Performance 20231124.csv,2026-01-26T14:50:21.557449,220.0
6A795B9F156B4C44,FAMILY OF CARING HEALTHCARE,,2023-11,monthly,Average percentage of short-stay residents who were assessed and appropriately given the seasonal influenza vaccine,82.0,Affiliated Entity Performance 20231124.csv,2026-01-26T14:50:21.557449,220.0
6A795B9F156B4C44,FAMILY OF CARING HEALTHCARE,,2023-11,monthly,Average percentage of short-stay residents who were re-hospitalized after a nursing home admission,23.2,Affiliated Entity Performance 20231124.csv,2026-01-26T14:50:21.557449,220.0
6A795B9F156B4C44,FAMILY OF CARING HEALTHCARE,,2023-11,monthly,Average percentage of short-stay residents with pressure ulcers or pressure injuries that are new or worsened,2.3,Affiliated Entity Performance 20231124.csv,2026-01-26T14:50:21.557449,220.0
6A795B9F156B4C44,FAMILY OF CARING HEALTHCARE,,2023-11,monthly,Average quality rating,4.3,Affiliated Entity Performance 20231124.csv,2026-01-26T14:50:21.557449,220.0
6A795B9F156B4C44,FAMILY OF CARING HEALTHCARE,,2023-11,monthly,Average rate of potentially preventable hospital readmissions 30 days after discharge from a SNF,10.2,Affiliated Entity Performance 20231124.csv,2026-01-26T14:50:21.557449,220.0
6A795B9F156B4C44,FAMILY OF CARING HEALTHCARE,,2023-11,monthly,Average staffing rating,3.6,Affiliated Entity Performance 20231124.csv,2026-01-26T14:50:21.557449,220.0
6A795B9F156B4C44,FAMILY OF CARING HEALTHCARE,,2023-11,monthly,Average total Registered Nurse hours per resident day,0.9,Affiliated Entity Performance 20231124.csv,2026-01-26T14:50:21.557449,220.0
6A795B9F156B4C44,FAMILY OF CARING HEALTHCARE,,2023-11,monthly,Average total nurse hours per resident day,4.2,Affiliated Entity Performance 20231124.csv,2026-01-26T14:50:21.557449,220.0
6A795B9F156B4C44,FAMILY OF CARING HEALTHCARE,,2023-11,monthly,Average total nursing staff turnover percentage,49.0,Affiliated Entity Performance 20231124.csv,2026-01-26T14:50:21.557449,220.0
6A795B9F156B4C44,FAMILY OF CARING HEALTHCARE,,2023-11,monthly,Average total weekend nurse hours per resident day,3.6,Affiliated Entity Performance 20231124.csv,2026-01-26T14:50:21.557449,220.0
6A795B9F156B4C44,FAMILY OF CARING HEALTHCARE,,2023-11,monthly,Number of SFF candidates,0.0,Affiliated Entity Performance 20231124.csv,2026-01-26T14:50:21.557449,220.0
6A795B9F156B4C44,FAMILY OF CARING HEALTHCARE,,2023-11,monthly,Number of Special Focus Facilities (SFF),0.0,Affiliated Entity Performance 20231124.csv,2026-01-26T14:50:21.557449,220.0
6A795B9F156B4C44,FAMILY OF CARING HEALTHCARE,,2023-11,monthly,Number of facilities,7.0,Affiliated Entity Performance 20231124.csv,2026-01-26T14:50:21.557449,220.0
6A795B9F156B4C44,FAMILY OF CARING HEALTHCARE,,2023-11,monthly,Number of facilities with an abuse icon,0.0,Affiliated Entity Performance 20231124.csv,2026-01-26T14:50:21.557449,220.0
6A795B9F156B4C44,FAMILY OF CARING HEALTHCARE,,2023-11,monthly,Number of states and territories with operations,1.0,Affiliated Entity Performance 20231124.csv,2026-01-26T14:50:21.557449,220.0
6A795B9F156B4C44,FAMILY OF CARING HEALTHCARE,,2023-11,monthly,Percent of facilities classified as for-profit,100.0,Affiliated Entity Performance 20231124.csv,2026-01-26T14:50:21.557449,220.0
6A795B9F156B4C44,FAMILY OF CARING HEALTHCARE,,2023-11,monthly,Percent of facilities classified as government-owned,0.0,Affiliated Entity Performance 20231124.csv,2026-01-26T14:50:21.557449,220.0
6A795B9F156B4C44,FAMILY OF CARING HEALTHCARE,,2023-11,monthly,Percent of facilities classified as non-profit,0.0,Affiliated Entity Performance 20231124.csv,2026-01-26T14:50:21.557449,220.0
6A795B9F156B4C44,FAMILY OF CARING HEALTHCARE,,2023-11,monthly,Percentage of facilities with an abuse icon,0.0,Affiliated Entity Performance 20231124.csv,2026-01-26T14:50:21.557449,220.0
6A795B9F156B4C44,FAMILY OF CARING HEALTHCARE,,2023-11,monthly,Total amount of fines in dollars,106106.78,Affiliated Entity Performance 20231124.csv,2026-01-26T14:50:21.557449,220.0
6A795B9F156B4C44,FAMILY OF CARING HEALTHCARE,,2023-11,monthly,Total number of fines,20.0,Affiliated Entity Performance 20231124.csv,2026-01-26T14:50:21.557449,220.0
6A795B9F156B4C44,FAMILY OF CARING HEALTHCARE,,2023-11,monthly,Total number of payment denials,1.0,Affiliated Entity Performance 20231124.csv,2026-01-26T14:50:21.557449,220.0
6A795B9F156B4C44,FAMILY OF CARING HEALTHCARE,,2024-01,monthly,Average Registered Nurse turnover percentage,43.3,Affiliated Entity Performance 20240124.csv,2026-01-26T14:50:22.049652,220.0
6A795B9F156B4C44,FAMILY OF CARING HEALTHCARE,,2024-01,monthly,Average amount of fines in dollars,14428.88,Affiliated Entity Performance 20240124.csv,2026-01-26T14:50:22.049652,220.0
6A795B9F156B4C44,FAMILY OF CARING HEALTHCARE,,2024-01,monthly,Average health inspection rating,3.6,Affiliated Entity Performance 20240124.csv,2026-01-26T14:50:22.049652,220.0
6A795B9F156B4C44,FAMILY OF CARING HEALTHCARE,,2024-01,monthly,Average number of administrators who have left the nursing home,0.3,Affiliated Entity Performance 20240124.csv,2026-01-26T14:50:22.049652,220.0
6A795B9F156B4C44,FAMILY OF CARING HEALTHCARE,,2024-01,monthly,Average number of fines,2.7,Affiliated Entity Performance 20240124.csv,2026-01-26T14:50:22.049652,220.0
6A795B9F156B4C44,FAMILY OF CARING HEALTHCARE,,2024-01,monthly,"Average number of hospitalizations per 1,000 long-stay resident days",1.36,Affiliated Entity Performance 20240124.csv,2026-01-26T14:50:22.049652,220.0
6A795B9F156B4C44,FAMILY OF CARING HEALTHCARE,,2024-01,monthly,"Average number of outpatient emergency department visits per 1,000 long-stay resident days",0.67,Affiliated Entity Performance 20240124.csv,2026-01-26T14:50:22.049652,220.0
6A795B9F156B4C44,FAMILY OF CARING HEALTHCARE,,2024-01,monthly,Average number of payment denials,0.1,Affiliated Entity Performance 20240124.csv,2026-01-26T14:50:22.049652,220.0
6A795B9F156B4C44,FAMILY OF CARING HEALTHCARE,,2024-01,monthly,Average overall 5-star rating,4.3,Affiliated Entity Performance 20240124.csv,2026-01-26T14:50:22.049652,220.0
6A795B9F156B4C44,FAMILY OF CARING HEALTHCARE,,2024-01,monthly,Average percentage of current residents up to date with COVID-19 vaccines,38.1,Affiliated Entity Performance 20240124.csv,2026-01-26T14:50:22.049652,220.0
6A795B9F156B4C44,FAMILY OF CARING HEALTHCARE,,2024-01,monthly,Average percentage of healthcare personnel up to date with COVID-19 vaccines,33.1,Affiliated Entity Performance 20240124.csv,2026-01-26T14:50:22.049652,220.0
6A795B9F156B4C44,FAMILY OF CARING HEALTHCARE,,2024-01,monthly,Average percentage of long-stay high-risk residents with pressure ulcers,9.4,Affiliated Entity Performance 20240124.csv,2026-01-26T14:50:22.049652,220.0
6A795B9F156B4C44,FAMILY OF CARING HEALTHCARE,,2024-01,monthly,Average percentage of long-stay low-risk residents who lose control of their bowels or bladder,40.4,Affiliated Entity Performance 20240124.csv,2026-01-26T14:50:22.049652,220.0
6A795B9F156B4C44,FAMILY OF CARING HEALTHCARE,,2024-01,monthly,Average percentage of long-stay residents experiencing one or more falls with major injury,2.9,Affiliated Entity Performance 20240124.csv,2026-01-26T14:50:22.049652,220.0
6A795B9F156B4C44,FAMILY OF CARING HEALTHCARE,,2024-01,monthly,Average percentage of long-stay residents who have or had a catheter inserted and left in their bladder,1.3,Affiliated Entity Performance 20240124.csv,2026-01-26T14:50:22.049652,220.0
6A795B9F156B4C44,FAMILY OF CARING HEALTHCARE,,2024-01,monthly,Average percentage of long-stay residents who have symptoms of depression,11.4,Affiliated Entity Performance 20240124.csv,2026-01-26T14:50:22.049652,220.0
6A795B9F156B4C44,FAMILY OF CARING HEALTHCARE,,2024-01,monthly,Average percentage of long-stay residents who lose too much weight,5.5,Affiliated Entity Performance 20240124.csv,2026-01-26T14:50:22.049652,220.0
6A795B9F156B4C44,FAMILY OF CARING HEALTHCARE,,2024-01,monthly,Average percentage of long-stay residents who received an antipsychotic medication,11.2,Affiliated Entity Performance 20240124.csv,2026-01-26T14:50:22.049652,220.0
6A795B9F156B4C44,FAMILY OF CARING HEALTHCARE,,2024-01,monthly,Average percentage of long-stay residents who used antianxiety or hypnotic medication,13.7,Affiliated Entity Performance 20240124.csv,2026-01-26T14:50:22.049652,220.0
6A795B9F156B4C44,FAMILY OF CARING HEALTHCARE,,2024-01,monthly,Average percentage of long-stay residents who were assessed and appropriately given the pneumococcal vaccine,95.8,Affiliated Entity Performance 20240124.csv,2026-01-26T14:50:22.049652,220.0
6A795B9F156B4C44,FAMILY OF CARING HEALTHCARE,,2024-01,monthly,Average percentage of long-stay residents who were assessed and appropriately given the seasonal influenza vaccine,93.6,Affiliated Entity Performance 20240124.csv,2026-01-26T14:50:22.049652,220.0
6A795B9F156B4C44,FAMILY OF CARING HEALTHCARE,,2024-01,monthly,Average percentage of long-stay residents who were physically restrained,0.0,Affiliated Entity Performance 20240124.csv,2026-01-26T14:50:22.049652,220.0
6A795B9F156B4C44,FAMILY OF CARING HEALTHCARE,,2024-01,monthly,Average percentage of long-stay residents whose ability to move independently worsened,11.0,Affiliated Entity Performance 20240124.csv,2026-01-26T14:50:22.049652,220.0
6A795B9F156B4C44,FAMILY OF CARING HEALTHCARE,,2024-01,monthly,Average percentage of long-stay residents whose need for help with activities of daily living has increased,11.2,Affiliated Entity Performance 20240124.csv,2026-01-26T14:50:22.049652,220.0
6A795B9F156B4C44,FAMILY OF CARING HEALTHCARE,,2024-01,monthly,Average percentage of long-stay residents with a urinary tract infection,0.9,Affiliated Entity Performance 20240124.csv,2026-01-26T14:50:22.049652,220.0
6A795B9F156B4C44,FAMILY OF CARING HEALTHCARE,,2024-01,monthly,Average percentage of short-stay residents who have had an outpatient emergency department visit,8.0,Affiliated Entity Performance 20240124.csv,2026-01-26T14:50:22.049652,220.0
6A795B9F156B4C44,FAMILY OF CARING HEALTHCARE,,2024-01,monthly,Average percentage of short-stay residents who made improvements in function,83.6,Affiliated Entity Performance 20240124.csv,2026-01-26T14:50:22.049652,220.0
6A795B9F156B4C44,FAMILY OF CARING HEALTHCARE,,2024-01,monthly,Average percentage of short-stay residents who newly received an antipsychotic medication,1.0,Affiliated Entity Performance 20240124.csv,2026-01-26T14:50:22.049652,220.0
6A795B9F156B4C44,FAMILY OF CARING HEALTHCARE,,2024-01,monthly,Average percentage of short-stay residents who were assessed and appropriately given the pneumococcal vaccine,86.3,Affiliated Entity Performance 20240124.csv,2026-01-26T14:50:22.049652,220.0
6A795B9F156B4C44,FAMILY OF CARING HEALTHCARE,,2024-01,monthly,Average percentage of short-stay residents who were assessed and appropriately given the seasonal influenza vaccine,80.9,Affiliated Entity Performance 20240124.csv,2026-01-26T14:50:22.049652,220.0
6A795B9F156B4C44,FAMILY OF CARING HEALTHCARE,,2024-01,monthly,Average percentage of short-stay residents who were re-hospitalized after a nursing home admission,22.5,Affiliated Entity Performance 20240124.csv,2026-01-26T14:50:22.049652,220.0
6A795B9F156B4C44,FAMILY OF CARING HEALTHCARE,,2024-01,monthly,Average percentage of short-stay residents with pressure ulcers or pressure injuries that are new or worsened,1.7,Affiliated Entity Performance 20240124.csv,2026-01-26T14:50:22.049652,220.0
6A795B9F156B4C44,FAMILY OF CARING HEALTHCARE,,2024-01,monthly,Average quality rating,4.9,Affiliated Entity Performance 20240124.csv,2026-01-26T14:50:22.049652,220.0
6A795B9F156B4C44,FAMILY OF CARING HEALTHCARE,,2024-01,monthly,Average rate of potentially preventable hospital readmissions 30 days after discharge from a SNF,10.2,Affiliated Entity Performance 20240124.csv,2026-01-26T14:50:22.049652,220.0
6A795B9F156B4C44,FAMILY OF CARING HEALTHCARE,,2024-01,monthly,Average staffing rating,3.9,Affiliated Entity Performance 20240124.csv,2026-01-26T14:50:22.049652,220.0
6A795B9F156B4C44,FAMILY OF CARING HEALTHCARE,,2024-01,monthly,Average total Registered Nurse hours per resident day,0.8,Affiliated Entity Performance 20240124.csv,2026-01-26T14:50:22.049652,220.0
6A795B9F156B4C44,FAMILY OF CARING HEALTHCARE,,2024-01,monthly,Average total nurse hours per resident day,4.2,Affiliated Entity Performance 20240124.csv,2026-01-26T14:50:22.049652,220.0
6A795B9F156B4C44,FAMILY OF CARING HEALTHCARE,,2024-01,monthly,Average total nursing staff turnover percentage,48.0,Affiliated Entity Performance 20240124.csv,2026-01-26T14:50:22.049652,220.0
6A795B9F156B4C44,FAMILY OF CARING HEALTHCARE,,2024-01,monthly,Average total weekend nurse hours per resident day,3.6,Affiliated Entity Performance 20240124.csv,2026-01-26T14:50:22.049652,220.0
6A795B9F156B4C44,FAMILY OF CARING HEALTHCARE,,2024-01,monthly,Number of SFF candidates,0.0,Affiliated Entity Performance 20240124.csv,2026-01-26T14:50:22.049652,220.0
6A795B9F156B4C44,FAMILY OF CARING HEALTHCARE,,2024-01,monthly,Number of Special Focus Facilities (SFF),0.0,Affiliated Entity Performance 20240124.csv,2026-01-26T14:50:22.049652,220.0
6A795B9F156B4C44,FAMILY OF CARING HEALTHCARE,,2024-01,monthly,Number of facilities,7.0,Affiliated Entity Performance 20240124.csv,2026-01-26T14:50:22.049652,220.0
6A795B9F156B4C44,FAMILY OF CARING HEALTHCARE,,2024-01,monthly,Number of facilities with an abuse icon,0.0,Affiliated Entity Performance 20240124.csv,2026-01-26T14:50:22.049652,220.0
6A795B9F156B4C44,FAMILY OF CARING HEALTHCARE,,2024-01,monthly,Number of states and territories with operations,1.0,Affiliated Entity Performance 20240124.csv,2026-01-26T14:50:22.049652,220.0
6A795B9F156B4C44,FAMILY OF CARING HEALTHCARE,,2024-01,monthly,Percent of facilities classified as for-profit,100.0,Affiliated Entity Performance 20240124.csv,2026-01-26T14:50:22.049652,220.0
6A795B9F156B4C44,FAMILY OF CARING HEALTHCARE,,2024-01,monthly,Percent of facilities classified as government-owned,0.0,Affiliated Entity Performance 20240124.csv,2026-01-26T14:50:22.049652,220.0
6A795B9F156B4C44,FAMILY OF CARING HEALTHCARE,,2024-01,monthly,Percent of facilities classified as non-profit,0.0,Affiliated Entity Performance 20240124.csv,2026-01-26T14:50:22.049652,220.0
6A795B9F156B4C44,FAMILY OF CARING HEALTHCARE,,2024-01,monthly,Percentage of facilities with an abuse icon,0.0,Affiliated Entity Performance 20240124.csv,2026-01-26T14:50:22.049652,220.0
6A795B9F156B4C44,FAMILY OF CARING HEALTHCARE,,2024-01,monthly,Total amount of fines in dollars,101002.13,Affiliated Entity Performance 20240124.csv,2026-01-26T14:50:22.049652,220.0
6A795B9F156B4C44,FAMILY OF CARING HEALTHCARE,,2024-01,monthly,Total number of fines,19.0,Affiliated Entity Performance 20240124.csv,2026-01-26T14:50:22.049652,220.0
6A795B9F156B4C44,FAMILY OF CARING HEALTHCARE,,2024-01,monthly,Total number of payment denials,1.0,Affiliated Entity Performance 20240124.csv,2026-01-26T14:50:22.049652,220.0
6A795B9F156B4C44,FAMILY OF CARING HEALTHCARE,,2024-02,monthly,Average Registered Nurse turnover percentage,39.8,Affiliated Entity Performance 20240222.csv,2026-01-26T14:50:22.551252,220.0
6A795B9F156B4C44,FAMILY OF CARING HEALTHCARE,,2024-02,monthly,Average amount of fines in dollars,11707.84,Affiliated Entity Performance 20240222.csv,2026-01-26T14:50:22.551252,220.0
6A795B9F156B4C44,FAMILY OF CARING HEALTHCARE,,2024-02,monthly,Average health inspection rating,3.4,Affiliated Entity Performance 20240222.csv,2026-01-26T14:50:22.551252,220.0
6A795B9F156B4C44,FAMILY OF CARING HEALTHCARE,,2024-02,monthly,Average number of administrators who have left the nursing home,0.3,Affiliated Entity Performance 20240222.csv,2026-01-26T14:50:22.551252,220.0
6A795B9F156B4C44,FAMILY OF CARING HEALTHCARE,,2024-02,monthly,Average number of fines,2.5,Affiliated Entity Performance 20240222.csv,2026-01-26T14:50:22.551252,220.0
6A795B9F156B4C44,FAMILY OF CARING HEALTHCARE,,2024-02,monthly,"Average number of hospitalizations per 1,000 long-stay resident days",1.47,Affiliated Entity Performance 20240222.csv,2026-01-26T14:50:22.551252,220.0
6A795B9F156B4C44,FAMILY OF CARING HEALTHCARE,,2024-02,monthly,"Average number of outpatient emergency department visits per 1,000 long-stay resident days",0.69,Affiliated Entity Performance 20240222.csv,2026-01-26T14:50:22.551252,220.0
6A795B9F156B4C44,FAMILY OF CARING HEALTHCARE,,2024-02,monthly,Average number of payment denials,0.1,Affiliated Entity Performance 20240222.csv,2026-01-26T14:50:22.551252,220.0
6A795B9F156B4C44,FAMILY OF CARING HEALTHCARE,,2024-02,monthly,Average overall 5-star rating,4.0,Affiliated Entity Performance 20240222.csv,2026-01-26T14:50:22.551252,220.0
6A795B9F156B4C44,FAMILY OF CARING HEALTHCARE,,2024-02,monthly,Average percentage of current residents up to date with COVID-19 vaccines,49.0,Affiliated Entity Performance 20240222.csv,2026-01-26T14:50:22.551252,220.0
6A795B9F156B4C44,FAMILY OF CARING HEALTHCARE,,2024-02,monthly,Average percentage of healthcare personnel up to date with COVID-19 vaccines,28.9,Affiliated Entity Performance 20240222.csv,2026-01-26T14:50:22.551252,220.0
6A795B9F156B4C44,FAMILY OF CARING HEALTHCARE,,2024-02,monthly,Average percentage of long-stay high-risk residents with pressure ulcers,8.4,Affiliated Entity Performance 20240222.csv,2026-01-26T14:50:22.551252,220.0
6A795B9F156B4C44,FAMILY OF CARING HEALTHCARE,,2024-02,monthly,Average percentage of long-stay low-risk residents who lose control of their bowels or bladder,39.7,Affiliated Entity Performance 20240222.csv,2026-01-26T14:50:22.551252,220.0
6A795B9F156B4C44,FAMILY OF CARING HEALTHCARE,,2024-02,monthly,Average percentage of long-stay residents experiencing one or more falls with major injury,2.9,Affiliated Entity Performance 20240222.csv,2026-01-26T14:50:22.551252,220.0
6A795B9F156B4C44,FAMILY OF CARING HEALTHCARE,,2024-02,monthly,Average percentage of long-stay residents who have or had a catheter inserted and left in their bladder,1.2,Affiliated Entity Performance 20240222.csv,2026-01-26T14:50:22.551252,220.0
6A795B9F156B4C44,FAMILY OF CARING HEALTHCARE,,2024-02,monthly,Average percentage of long-stay residents who have symptoms of depression,10.6,Affiliated Entity Performance 20240222.csv,2026-01-26T14:50:22.551252,220.0
6A795B9F156B4C44,FAMILY OF CARING HEALTHCARE,,2024-02,monthly,Average percentage of long-stay residents who lose too much weight,4.8,Affiliated Entity Performance 20240222.csv,2026-01-26T14:50:22.551252,220.0
6A795B9F156B4C44,FAMILY OF CARING HEALTHCARE,,2024-02,monthly,Average percentage of long-stay residents who received an antipsychotic medication,12.1,Affiliated Entity Performance 20240222.csv,2026-01-26T14:50:22.551252,220.0
6A795B9F156B4C44,FAMILY OF CARING HEALTHCARE,,2024-02,monthly,Average percentage of long-stay residents who used antianxiety or hypnotic medication,14.7,Affiliated Entity Performance 20240222.csv,2026-01-26T14:50:22.551252,220.0
6A795B9F156B4C44,FAMILY OF CARING HEALTHCARE,,2024-02,monthly,Average percentage of long-stay residents who were assessed and appropriately given the pneumococcal vaccine,96.3,Affiliated Entity Performance 20240222.csv,2026-01-26T14:50:22.551252,220.0
6A795B9F156B4C44,FAMILY OF CARING HEALTHCARE,,2024-02,monthly,Average percentage of long-stay residents who were assessed and appropriately given the seasonal influenza vaccine,94.2,Affiliated Entity Performance 20240222.csv,2026-01-26T14:50:22.551252,220.0
6A795B9F156B4C44,FAMILY OF CARING HEALTHCARE,,2024-02,monthly,Average percentage of long-stay residents who were physically restrained,0.0,Affiliated Entity Performance 20240222.csv,2026-01-26T14:50:22.551252,220.0
6A795B9F156B4C44,FAMILY OF CARING HEALTHCARE,,2024-02,monthly,Average percentage of long-stay residents whose ability to move independently worsened,11.5,Affiliated Entity Performance 20240222.csv,2026-01-26T14:50:22.551252,220.0
6A795B9F156B4C44,FAMILY OF CARING HEALTHCARE,,2024-02,monthly,Average percentage of long-stay residents whose need for help with activities of daily living has increased,10.8,Affiliated Entity Performance 20240222.csv,2026-01-26T14:50:22.551252,220.0
6A795B9F156B4C44,FAMILY OF CARING HEALTHCARE,,2024-02,monthly,Average percentage of long-stay residents with a urinary tract infection,0.8,Affiliated Entity Performance 20240222.csv,2026-01-26T14:50:22.551252,220.0
6A795B9F156B4C44,FAMILY OF CARING HEALTHCARE,,2024-02,monthly,Average percentage of short-stay residents who have had an outpatient emergency department visit,8.2,Affiliated Entity Performance 20240222.csv,2026-01-26T14:50:22.551252,220.0
6A795B9F156B4C44,FAMILY OF CARING HEALTHCARE,,2024-02,monthly,Average percentage of short-stay residents who made improvements in function,82.7,Affiliated Entity Performance 20240222.csv,2026-01-26T14:50:22.551252,220.0
6A795B9F156B4C44,FAMILY OF CARING HEALTHCARE,,2024-02,monthly,Average percentage of short-stay residents who newly received an antipsychotic medication,0.9,Affiliated Entity Performance 20240222.csv,2026-01-26T14:50:22.551252,220.0
6A795B9F156B4C44,FAMILY OF CARING HEALTHCARE,,2024-02,monthly,Average percentage of short-stay residents who were assessed and appropriately given the pneumococcal vaccine,83.6,Affiliated Entity Performance 20240222.csv,2026-01-26T14:50:22.551252,220.0
6A795B9F156B4C44,FAMILY OF CARING HEALTHCARE,,2024-02,monthly,Average percentage of short-stay residents who were assessed and appropriately given the seasonal influenza vaccine,79.8,Affiliated Entity Performance 20240222.csv,2026-01-26T14:50:22.551252,220.0
6A795B9F156B4C44,FAMILY OF CARING HEALTHCARE,,2024-02,monthly,Average percentage of short-stay residents who were re-hospitalized after a nursing home admission,24.3,Affiliated Entity Performance 20240222.csv,2026-01-26T14:50:22.551252,220.0
6A795B9F156B4C44,FAMILY OF CARING HEALTHCARE,,2024-02,monthly,Average percentage of short-stay residents with pressure ulcers or pressure injuries that are new or worsened,1.8,Affiliated Entity Performance 20240222.csv,2026-01-26T14:50:22.551252,220.0
6A795B9F156B4C44,FAMILY OF CARING HEALTHCARE,,2024-02,monthly,Average quality rating,4.8,Affiliated Entity Performance 20240222.csv,2026-01-26T14:50:22.551252,220.0
6A795B9F156B4C44,FAMILY OF CARING HEALTHCARE,,2024-02,monthly,Average rate of potentially preventable hospital readmissions 30 days after discharge from a SNF,10.1,Affiliated Entity Performance 20240222.csv,2026-01-26T14:50:22.551252,220.0
6A795B9F156B4C44,FAMILY OF CARING HEALTHCARE,,2024-02,monthly,Average staffing rating,3.9,Affiliated Entity Performance 20240222.csv,2026-01-26T14:50:22.551252,220.0
6A795B9F156B4C44,FAMILY OF CARING HEALTHCARE,,2024-02,monthly,Average total Registered Nurse hours per resident day,0.8,Affiliated Entity Performance 20240222.csv,2026-01-26T14:50:22.551252,220.0
6A795B9F156B4C44,FAMILY OF CARING HEALTHCARE,,2024-02,monthly,Average total nurse hours per resident day,4.0,Affiliated Entity Performance 20240222.csv,2026-01-26T14:50:22.551252,220.0
6A795B9F156B4C44,FAMILY OF CARING HEALTHCARE,,2024-02,monthly,Average total nursing staff turnover percentage,44.0,Affiliated Entity Performance 20240222.csv,2026-01-26T14:50:22.551252,220.0
6A795B9F156B4C44,FAMILY OF CARING HEALTHCARE,,2024-02,monthly,Average total weekend nurse hours per resident day,3.5,Affiliated Entity Performance 20240222.csv,2026-01-26T14:50:22.551252,220.0
6A795B9F156B4C44,FAMILY OF CARING HEALTHCARE,,2024-02,monthly,Number of SFF candidates,0.0,Affiliated Entity Performance 20240222.csv,2026-01-26T14:50:22.551252,220.0
6A795B9F156B4C44,FAMILY OF CARING HEALTHCARE,,2024-02,monthly,Number of Special Focus Facilities (SFF),0.0,Affiliated Entity Performance 20240222.csv,2026-01-26T14:50:22.551252,220.0
6A795B9F156B4C44,FAMILY OF CARING HEALTHCARE,,2024-02,monthly,Number of facilities,8.0,Affiliated Entity Performance 20240222.csv,2026-01-26T14:50:22.551252,220.0
6A795B9F156B4C44,FAMILY OF CARING HEALTHCARE,,2024-02,monthly,Number of facilities with an abuse icon,0.0,Affiliated Entity Performance 20240222.csv,2026-01-26T14:50:22.551252,220.0
6A795B9F156B4C44,FAMILY OF CARING HEALTHCARE,,2024-02,monthly,Number of states and territories with operations,1.0,Affiliated Entity Performance 20240222.csv,2026-01-26T14:50:22.551252,220.0
6A795B9F156B4C44,FAMILY OF CARING HEALTHCARE,,2024-02,monthly,Percent of facilities classified as for-profit,100.0,Affiliated Entity Performance 20240222.csv,2026-01-26T14:50:22.551252,220.0
6A795B9F156B4C44,FAMILY OF CARING HEALTHCARE,,2024-02,monthly,Percent of facilities classified as government-owned,0.0,Affiliated Entity Performance 20240222.csv,2026-01-26T14:50:22.551252,220.0
6A795B9F156B4C44,FAMILY OF CARING HEALTHCARE,,2024-02,monthly,Percent of facilities classified as non-profit,0.0,Affiliated Entity Performance 20240222.csv,2026-01-26T14:50:22.551252,220.0
6A795B9F156B4C44,FAMILY OF CARING HEALTHCARE,,2024-02,monthly,Percentage of facilities with an abuse icon,0.0,Affiliated Entity Performance 20240222.csv,2026-01-26T14:50:22.551252,220.0
6A795B9F156B4C44,FAMILY OF CARING HEALTHCARE,,2024-02,monthly,Total amount of fines in dollars,93662.71,Affiliated Entity Performance 20240222.csv,2026-01-26T14:50:22.551252,220.0
6A795B9F156B4C44,FAMILY OF CARING HEALTHCARE,,2024-02,monthly,Total number of fines,20.0,Affiliated Entity Performance 20240222.csv,2026-01-26T14:50:22.551252,220.0
6A795B9F156B4C44,FAMILY OF CARING HEALTHCARE,,2024-02,monthly,Total number of payment denials,1.0,Affiliated Entity Performance 20240222.csv,2026-01-26T14:50:22.551252,220.0
6A795B9F156B4C44,FAMILY OF CARING HEALTHCARE,,2024-03,monthly,Average Registered Nurse turnover percentage,39.8,Affiliated Entity Performance 20240322.csv,2026-01-26T14:50:23.119603,220.0
6A795B9F156B4C44,FAMILY OF CARING HEALTHCARE,,2024-03,monthly,Average amount of fines in dollars,10489.09,Affiliated Entity Performance 20240322.csv,2026-01-26T14:50:23.119603,220.0
6A795B9F156B4C44,FAMILY OF CARING HEALTHCARE,,2024-03,monthly,Average health inspection rating,3.4,Affiliated Entity Performance 20240322.csv,2026-01-26T14:50:23.119603,220.0
6A795B9F156B4C44,FAMILY OF CARING HEALTHCARE,,2024-03,monthly,Average number of administrators who have left the nursing home,0.3,Affiliated Entity Performance 20240322.csv,2026-01-26T14:50:23.119603,220.0
6A795B9F156B4C44,FAMILY OF CARING HEALTHCARE,,2024-03,monthly,Average number of fines,2.4,Affiliated Entity Performance 20240322.csv,2026-01-26T14:50:23.119603,220.0
6A795B9F156B4C44,FAMILY OF CARING HEALTHCARE,,2024-03,monthly,"Average number of hospitalizations per 1,000 long-stay resident days",1.47,Affiliated Entity Performance 20240322.csv,2026-01-26T14:50:23.119603,220.0
6A795B9F156B4C44,FAMILY OF CARING HEALTHCARE,,2024-03,monthly,"Average number of outpatient emergency department visits per 1,000 long-stay resident days",0.69,Affiliated Entity Performance 20240322.csv,2026-01-26T14:50:23.119603,220.0
6A795B9F156B4C44,FAMILY OF CARING HEALTHCARE,,2024-03,monthly,Average number of payment denials,0.1,Affiliated Entity Performance 20240322.csv,2026-01-26T14:50:23.119603,220.0
6A795B9F156B4C44,FAMILY OF CARING HEALTHCARE,,2024-03,monthly,Average overall 5-star rating,4.1,Affiliated Entity Performance 20240322.csv,2026-01-26T14:50:23.119603,220.0
6A795B9F156B4C44,FAMILY OF CARING HEALTHCARE,,2024-03,monthly,Average percentage of current residents up to date with COVID-19 vaccines,44.8,Affiliated Entity Performance 20240322.csv,2026-01-26T14:50:23.119603,220.0
6A795B9F156B4C44,FAMILY OF CARING HEALTHCARE,,2024-03,monthly,Average percentage of healthcare personnel up to date with COVID-19 vaccines,28.9,Affiliated Entity Performance 20240322.csv,2026-01-26T14:50:23.119603,220.0
6A795B9F156B4C44,FAMILY OF CARING HEALTHCARE,,2024-03,monthly,Average percentage of long-stay high-risk residents with pressure ulcers,8.4,Affiliated Entity Performance 20240322.csv,2026-01-26T14:50:23.119603,220.0
6A795B9F156B4C44,FAMILY OF CARING HEALTHCARE,,2024-03,monthly,Average percentage of long-stay low-risk residents who lose control of their bowels or bladder,39.7,Affiliated Entity Performance 20240322.csv,2026-01-26T14:50:23.119603,220.0
6A795B9F156B4C44,FAMILY OF CARING HEALTHCARE,,2024-03,monthly,Average percentage of long-stay residents experiencing one or more falls with major injury,2.9,Affiliated Entity Performance 20240322.csv,2026-01-26T14:50:23.119603,220.0
6A795B9F156B4C44,FAMILY OF CARING HEALTHCARE,,2024-03,monthly,Average percentage of long-stay residents who have or had a catheter inserted and left in their bladder,1.2,Affiliated Entity Performance 20240322.csv,2026-01-26T14:50:23.119603,220.0
6A795B9F156B4C44,FAMILY OF CARING HEALTHCARE,,2024-03,monthly,Average percentage of long-stay residents who have symptoms of depression,10.6,Affiliated Entity Performance 20240322.csv,2026-01-26T14:50:23.119603,220.0
6A795B9F156B4C44,FAMILY OF CARING HEALTHCARE,,2024-03,monthly,Average percentage of long-stay residents who lose too much weight,4.8,Affiliated Entity Performance 20240322.csv,2026-01-26T14:50:23.119603,220.0
6A795B9F156B4C44,FAMILY OF CARING HEALTHCARE,,2024-03,monthly,Average percentage of long-stay residents who received an antipsychotic medication,12.1,Affiliated Entity Performance 20240322.csv,2026-01-26T14:50:23.119603,220.0
6A795B9F156B4C44,FAMILY OF CARING HEALTHCARE,,2024-03,monthly,Average percentage of long-stay residents who used antianxiety or hypnotic medication,14.7,Affiliated Entity Performance 20240322.csv,2026-01-26T14:50:23.119603,220.0
6A795B9F156B4C44,FAMILY OF CARING HEALTHCARE,,2024-03,monthly,Average percentage of long-stay residents who were assessed and appropriately given the pneumococcal vaccine,96.3,Affiliated Entity Performance 20240322.csv,2026-01-26T14:50:23.119603,220.0
6A795B9F156B4C44,FAMILY OF CARING HEALTHCARE,,2024-03,monthly,Average percentage of long-stay residents who were assessed and appropriately given the seasonal influenza vaccine,94.2,Affiliated Entity Performance 20240322.csv,2026-01-26T14:50:23.119603,220.0
6A795B9F156B4C44,FAMILY OF CARING HEALTHCARE,,2024-03,monthly,Average percentage of long-stay residents who were physically restrained,0.0,Affiliated Entity Performance 20240322.csv,2026-01-26T14:50:23.119603,220.0
6A795B9F156B4C44,FAMILY OF CARING HEALTHCARE,,2024-03,monthly,Average percentage of long-stay residents whose ability to move independently worsened,11.5,Affiliated Entity Performance 20240322.csv,2026-01-26T14:50:23.119603,220.0
6A795B9F156B4C44,FAMILY OF CARING HEALTHCARE,,2024-03,monthly,Average percentage of long-stay residents whose need for help with activities of daily living has increased,10.8,Affiliated Entity Performance 20240322.csv,2026-01-26T14:50:23.119603,220.0
6A795B9F156B4C44,FAMILY OF CARING HEALTHCARE,,2024-03,monthly,Average percentage of long-stay residents with a urinary tract infection,0.8,Affiliated Entity Performance 20240322.csv,2026-01-26T14:50:23.119603,220.0
6A795B9F156B4C44,FAMILY OF CARING HEALTHCARE,,2024-03,monthly,Average percentage of short-stay residents who have had an outpatient emergency department visit,8.2,Affiliated Entity Performance 20240322.csv,2026-01-26T14:50:23.119603,220.0
6A795B9F156B4C44,FAMILY OF CARING HEALTHCARE,,2024-03,monthly,Average percentage of short-stay residents who made improvements in function,82.7,Affiliated Entity Performance 20240322.csv,2026-01-26T14:50:23.119603,220.0
6A795B9F156B4C44,FAMILY OF CARING HEALTHCARE,,2024-03,monthly,Average percentage of short-stay residents who newly received an antipsychotic medication,0.9,Affiliated Entity Performance 20240322.csv,2026-01-26T14:50:23.119603,220.0
6A795B9F156B4C44,FAMILY OF CARING HEALTHCARE,,2024-03,monthly,Average percentage of short-stay residents who were assessed and appropriately given the pneumococcal vaccine,83.6,Affiliated Entity Performance 20240322.csv,2026-01-26T14:50:23.119603,220.0
6A795B9F156B4C44,FAMILY OF CARING HEALTHCARE,,2024-03,monthly,Average percentage of short-stay residents who were assessed and appropriately given the seasonal influenza vaccine,79.8,Affiliated Entity Performance 20240322.csv,2026-01-26T14:50:23.119603,220.0
6A795B9F156B4C44,FAMILY OF CARING HEALTHCARE,,2024-03,monthly,Average percentage of short-stay residents who were re-hospitalized after a nursing home admission,24.3,Affiliated Entity Performance 20240322.csv,2026-01-26T14:50:23.119603,220.0
6A795B9F156B4C44,FAMILY OF CARING HEALTHCARE,,2024-03,monthly,Average percentage of short-stay residents with pressure ulcers or pressure injuries that are new or worsened,1.8,Affiliated Entity Performance 20240322.csv,2026-01-26T14:50:23.119603,220.0
6A795B9F156B4C44,FAMILY OF CARING HEALTHCARE,,2024-03,monthly,Average quality rating,4.8,Affiliated Entity Performance 20240322.csv,2026-01-26T14:50:23.119603,220.0
6A795B9F156B4C44,FAMILY OF CARING HEALTHCARE,,2024-03,monthly,Average rate of potentially preventable hospital readmissions 30 days after discharge from a SNF,10.1,Affiliated Entity Performance 20240322.csv,2026-01-26T14:50:23.119603,220.0
6A795B9F156B4C44,FAMILY OF CARING HEALTHCARE,,2024-03,monthly,Average staffing rating,3.9,Affiliated Entity Performance 20240322.csv,2026-01-26T14:50:23.119603,220.0
6A795B9F156B4C44,FAMILY OF CARING HEALTHCARE,,2024-03,monthly,Average total Registered Nurse hours per resident day,0.8,Affiliated Entity Performance 20240322.csv,2026-01-26T14:50:23.119603,220.0
6A795B9F156B4C44,FAMILY OF CARING HEALTHCARE,,2024-03,monthly,Average total nurse hours per resident day,4.0,Affiliated Entity Performance 20240322.csv,2026-01-26T14:50:23.119603,220.0
6A795B9F156B4C44,FAMILY OF CARING HEALTHCARE,,2024-03,monthly,Average total nursing staff turnover percentage,44.0,Affiliated Entity Performance 20240322.csv,2026-01-26T14:50:23.119603,220.0
6A795B9F156B4C44,FAMILY OF CARING HEALTHCARE,,2024-03,monthly,Average total weekend nurse hours per resident day,3.5,Affiliated Entity Performance 20240322.csv,2026-01-26T14:50:23.119603,220.0
6A795B9F156B4C44,FAMILY OF CARING HEALTHCARE,,2024-03,monthly,Number of SFF candidates,0.0,Affiliated Entity Performance 20240322.csv,2026-01-26T14:50:23.119603,220.0
6A795B9F156B4C44,FAMILY OF CARING HEALTHCARE,,2024-03,monthly,Number of Special Focus Facilities (SFF),0.0,Affiliated Entity Performance 20240322.csv,2026-01-26T14:50:23.119603,220.0
6A795B9F156B4C44,FAMILY OF CARING HEALTHCARE,,2024-03,monthly,Number of facilities,8.0,Affiliated Entity Performance 20240322.csv,2026-01-26T14:50:23.119603,220.0
6A795B9F156B4C44,FAMILY OF CARING HEALTHCARE,,2024-03,monthly,Number of facilities with an abuse icon,0.0,Affiliated Entity Performance 20240322.csv,2026-01-26T14:50:23.119603,220.0
6A795B9F156B4C44,FAMILY OF CARING HEALTHCARE,,2024-03,monthly,Number of states and territories with operations,1.0,Affiliated Entity Performance 20240322.csv,2026-01-26T14:50:23.119603,220.0
6A795B9F156B4C44,FAMILY OF CARING HEALTHCARE,,2024-03,monthly,Percent of facilities classified as for-profit,100.0,Affiliated Entity Performance 20240322.csv,2026-01-26T14:50:23.119603,220.0
6A795B9F156B4C44,FAMILY OF CARING HEALTHCARE,,2024-03,monthly,Percent of facilities classified as government-owned,0.0,Affiliated Entity Performance 20240322.csv,2026-01-26T14:50:23.119603,220.0
6A795B9F156B4C44,FAMILY OF CARING HEALTHCARE,,2024-03,monthly,Percent of facilities classified as non-profit,0.0,Affiliated Entity Performance 20240322.csv,2026-01-26T14:50:23.119603,220.0
6A795B9F156B4C44,FAMILY OF CARING HEALTHCARE,,2024-03,monthly,Percentage of facilities with an abuse icon,0.0,Affiliated Entity Performance 20240322.csv,2026-01-26T14:50:23.119603,220.0
6A795B9F156B4C44,FAMILY OF CARING HEALTHCARE,,2024-03,monthly,Total amount of fines in dollars,83912.71,Affiliated Entity Performance 20240322.csv,2026-01-26T14:50:23.119603,220.0
6A795B9F156B4C44,FAMILY OF CARING HEALTHCARE,,2024-03,monthly,Total number of fines,19.0,Affiliated Entity Performance 20240322.csv,2026-01-26T14:50:23.119603,220.0
6A795B9F156B4C44,FAMILY OF CARING HEALTHCARE,,2024-03,monthly,Total number of payment denials,1.0,Affiliated Entity Performance 20240322.csv,2026-01-26T14:50:23.119603,220.0
6A795B9F156B4C44,FAMILY OF CARING HEALTHCARE,,2024-04,monthly,Average Registered Nurse turnover percentage,39.3,Affiliated Entity Performance 20240425.csv,2026-01-26T14:50:23.648164,220.0
6A795B9F156B4C44,FAMILY OF CARING HEALTHCARE,,2024-04,monthly,Average amount of fines in dollars,10492.72,Affiliated Entity Performance 20240425.csv,2026-01-26T14:50:23.648164,220.0
6A795B9F156B4C44,FAMILY OF CARING HEALTHCARE,,2024-04,monthly,Average health inspection rating,3.4,Affiliated Entity Performance 20240425.csv,2026-01-26T14:50:23.648164,220.0
6A795B9F156B4C44,FAMILY OF CARING HEALTHCARE,,2024-04,monthly,Average number of administrators who have left the nursing home,0.4,Affiliated Entity Performance 20240425.csv,2026-01-26T14:50:23.648164,220.0
6A795B9F156B4C44,FAMILY OF CARING HEALTHCARE,,2024-04,monthly,Average number of fines,2.4,Affiliated Entity Performance 20240425.csv,2026-01-26T14:50:23.648164,220.0
6A795B9F156B4C44,FAMILY OF CARING HEALTHCARE,,2024-04,monthly,"Average number of hospitalizations per 1,000 long-stay resident days",1.61,Affiliated Entity Performance 20240425.csv,2026-01-26T14:50:23.648164,220.0
6A795B9F156B4C44,FAMILY OF CARING HEALTHCARE,,2024-04,monthly,"Average number of outpatient emergency department visits per 1,000 long-stay resident days",0.78,Affiliated Entity Performance 20240425.csv,2026-01-26T14:50:23.648164,220.0
6A795B9F156B4C44,FAMILY OF CARING HEALTHCARE,,2024-04,monthly,Average number of payment denials,0.1,Affiliated Entity Performance 20240425.csv,2026-01-26T14:50:23.648164,220.0
6A795B9F156B4C44,FAMILY OF CARING HEALTHCARE,,2024-04,monthly,Average overall 5-star rating,4.4,Affiliated Entity Performance 20240425.csv,2026-01-26T14:50:23.648164,220.0
6A795B9F156B4C44,FAMILY OF CARING HEALTHCARE,,2024-04,monthly,Average percentage of current residents up to date with COVID-19 vaccines,44.4,Affiliated Entity Performance 20240425.csv,2026-01-26T14:50:23.648164,220.0
6A795B9F156B4C44,FAMILY OF CARING HEALTHCARE,,2024-04,monthly,Average percentage of healthcare personnel up to date with COVID-19 vaccines,28.9,Affiliated Entity Performance 20240425.csv,2026-01-26T14:50:23.648164,220.0
6A795B9F156B4C44,FAMILY OF CARING HEALTHCARE,,2024-04,monthly,Average percentage of long-stay high-risk residents with pressure ulcers,8.4,Affiliated Entity Performance 20240425.csv,2026-01-26T14:50:23.648164,220.0
6A795B9F156B4C44,FAMILY OF CARING HEALTHCARE,,2024-04,monthly,Average percentage of long-stay low-risk residents who lose control of their bowels or bladder,39.7,Affiliated Entity Performance 20240425.csv,2026-01-26T14:50:23.648164,220.0
6A795B9F156B4C44,FAMILY OF CARING HEALTHCARE,,2024-04,monthly,Average percentage of long-stay residents experiencing one or more falls with major injury,3.0,Affiliated Entity Performance 20240425.csv,2026-01-26T14:50:23.648164,220.0
6A795B9F156B4C44,FAMILY OF CARING HEALTHCARE,,2024-04,monthly,Average percentage of long-stay residents who have or had a catheter inserted and left in their bladder,0.8,Affiliated Entity Performance 20240425.csv,2026-01-26T14:50:23.648164,220.0
6A795B9F156B4C44,FAMILY OF CARING HEALTHCARE,,2024-04,monthly,Average percentage of long-stay residents who have symptoms of depression,9.9,Affiliated Entity Performance 20240425.csv,2026-01-26T14:50:23.648164,220.0
6A795B9F156B4C44,FAMILY OF CARING HEALTHCARE,,2024-04,monthly,Average percentage of long-stay residents who lose too much weight,4.9,Affiliated Entity Performance 20240425.csv,2026-01-26T14:50:23.648164,220.0
6A795B9F156B4C44,FAMILY OF CARING HEALTHCARE,,2024-04,monthly,Average percentage of long-stay residents who received an antipsychotic medication,12.5,Affiliated Entity Performance 20240425.csv,2026-01-26T14:50:23.648164,220.0
6A795B9F156B4C44,FAMILY OF CARING HEALTHCARE,,2024-04,monthly,Average percentage of long-stay residents who used antianxiety or hypnotic medication,15.0,Affiliated Entity Performance 20240425.csv,2026-01-26T14:50:23.648164,220.0
6A795B9F156B4C44,FAMILY OF CARING HEALTHCARE,,2024-04,monthly,Average percentage of long-stay residents who were assessed and appropriately given the pneumococcal vaccine,96.6,Affiliated Entity Performance 20240425.csv,2026-01-26T14:50:23.648164,220.0
6A795B9F156B4C44,FAMILY OF CARING HEALTHCARE,,2024-04,monthly,Average percentage of long-stay residents who were assessed and appropriately given the seasonal influenza vaccine,94.9,Affiliated Entity Performance 20240425.csv,2026-01-26T14:50:23.648164,220.0
6A795B9F156B4C44,FAMILY OF CARING HEALTHCARE,,2024-04,monthly,Average percentage of long-stay residents who were physically restrained,0.0,Affiliated Entity Performance 20240425.csv,2026-01-26T14:50:23.648164,220.0
6A795B9F156B4C44,FAMILY OF CARING HEALTHCARE,,2024-04,monthly,Average percentage of long-stay residents whose ability to move independently worsened,11.5,Affiliated Entity Performance 20240425.csv,2026-01-26T14:50:23.648164,220.0
6A795B9F156B4C44,FAMILY OF CARING HEALTHCARE,,2024-04,monthly,Average percentage of long-stay residents whose need for help with activities of daily living has increased,10.8,Affiliated Entity Performance 20240425.csv,2026-01-26T14:50:23.648164,220.0
6A795B9F156B4C44,FAMILY OF CARING HEALTHCARE,,2024-04,monthly,Average percentage of long-stay residents with a urinary tract infection,0.9,Affiliated Entity Performance 20240425.csv,2026-01-26T14:50:23.648164,220.0
6A795B9F156B4C44,FAMILY OF CARING HEALTHCARE,,2024-04,monthly,Average percentage of short-stay residents who have had an outpatient emergency department visit,7.1,Affiliated Entity Performance 20240425.csv,2026-01-26T14:50:23.648164,220.0
6A795B9F156B4C44,FAMILY OF CARING HEALTHCARE,,2024-04,monthly,Average percentage of short-stay residents who made improvements in function,82.7,Affiliated Entity Performance 20240425.csv,2026-01-26T14:50:23.648164,220.0
6A795B9F156B4C44,FAMILY OF CARING HEALTHCARE,,2024-04,monthly,Average percentage of short-stay residents who newly received an antipsychotic medication,1.1,Affiliated Entity Performance 20240425.csv,2026-01-26T14:50:23.648164,220.0
6A795B9F156B4C44,FAMILY OF CARING HEALTHCARE,,2024-04,monthly,Average percentage of short-stay residents who were assessed and appropriately given the pneumococcal vaccine,84.8,Affiliated Entity Performance 20240425.csv,2026-01-26T14:50:23.648164,220.0
6A795B9F156B4C44,FAMILY OF CARING HEALTHCARE,,2024-04,monthly,Average percentage of short-stay residents who were assessed and appropriately given the seasonal influenza vaccine,79.7,Affiliated Entity Performance 20240425.csv,2026-01-26T14:50:23.648164,220.0
6A795B9F156B4C44,FAMILY OF CARING HEALTHCARE,,2024-04,monthly,Average percentage of short-stay residents who were re-hospitalized after a nursing home admission,22.6,Affiliated Entity Performance 20240425.csv,2026-01-26T14:50:23.648164,220.0
6A795B9F156B4C44,FAMILY OF CARING HEALTHCARE,,2024-04,monthly,Average percentage of short-stay residents with pressure ulcers or pressure injuries that are new or worsened,1.8,Affiliated Entity Performance 20240425.csv,2026-01-26T14:50:23.648164,220.0
6A795B9F156B4C44,FAMILY OF CARING HEALTHCARE,,2024-04,monthly,Average quality rating,4.8,Affiliated Entity Performance 20240425.csv,2026-01-26T14:50:23.648164,220.0
6A795B9F156B4C44,FAMILY OF CARING HEALTHCARE,,2024-04,monthly,Average rate of potentially preventable hospital readmissions 30 days after discharge from a SNF,10.1,Affiliated Entity Performance 20240425.csv,2026-01-26T14:50:23.648164,220.0
6A795B9F156B4C44,FAMILY OF CARING HEALTHCARE,,2024-04,monthly,Average staffing rating,4.0,Affiliated Entity Performance 20240425.csv,2026-01-26T14:50:23.648164,220.0
6A795B9F156B4C44,FAMILY OF CARING HEALTHCARE,,2024-04,monthly,Average total Registered Nurse hours per resident day,0.8,Affiliated Entity Performance 20240425.csv,2026-01-26T14:50:23.648164,220.0
6A795B9F156B4C44,FAMILY OF CARING HEALTHCARE,,2024-04,monthly,Average total nurse hours per resident day,4.0,Affiliated Entity Performance 20240425.csv,2026-01-26T14:50:23.648164,220.0
6A795B9F156B4C44,FAMILY OF CARING HEALTHCARE,,2024-04,monthly,Average total nursing staff turnover percentage,45.7,Affiliated Entity Performance 20240425.csv,2026-01-26T14:50:23.648164,220.0
6A795B9F156B4C44,FAMILY OF CARING HEALTHCARE,,2024-04,monthly,Average total weekend nurse hours per resident day,3.5,Affiliated Entity Performance 20240425.csv,2026-01-26T14:50:23.648164,220.0
6A795B9F156B4C44,FAMILY OF CARING HEALTHCARE,,2024-04,monthly,Number of SFF candidates,0.0,Affiliated Entity Performance 20240425.csv,2026-01-26T14:50:23.648164,220.0
6A795B9F156B4C44,FAMILY OF CARING HEALTHCARE,,2024-04,monthly,Number of Special Focus Facilities (SFF),0.0,Affiliated Entity Performance 20240425.csv,2026-01-26T14:50:23.648164,220.0
6A795B9F156B4C44,FAMILY OF CARING HEALTHCARE,,2024-04,monthly,Number of facilities,8.0,Affiliated Entity Performance 20240425.csv,2026-01-26T14:50:23.648164,220.0
6A795B9F156B4C44,FAMILY OF CARING HEALTHCARE,,2024-04,monthly,Number of facilities with an abuse icon,0.0,Affiliated Entity Performance 20240425.csv,2026-01-26T14:50:23.648164,220.0
6A795B9F156B4C44,FAMILY OF CARING HEALTHCARE,,2024-04,monthly,Number of states and territories with operations,1.0,Affiliated Entity Performance 20240425.csv,2026-01-26T14:50:23.648164,220.0
6A795B9F156B4C44,FAMILY OF CARING HEALTHCARE,,2024-04,monthly,Percent of facilities classified as for-profit,100.0,Affiliated Entity Performance 20240425.csv,2026-01-26T14:50:23.648164,220.0
6A795B9F156B4C44,FAMILY OF CARING HEALTHCARE,,2024-04,monthly,Percent of facilities classified as government-owned,0.0,Affiliated Entity Performance 20240425.csv,2026-01-26T14:50:23.648164,220.0
6A795B9F156B4C44,FAMILY OF CARING HEALTHCARE,,2024-04,monthly,Percent of facilities classified as non-profit,0.0,Affiliated Entity Performance 20240425.csv,2026-01-26T14:50:23.648164,220.0
6A795B9F156B4C44,FAMILY OF CARING HEALTHCARE,,2024-04,monthly,Percentage of facilities with an abuse icon,0.0,Affiliated Entity Performance 20240425.csv,2026-01-26T14:50:23.648164,220.0
6A795B9F156B4C44,FAMILY OF CARING HEALTHCARE,,2024-04,monthly,Total amount of fines in dollars,83941.79,Affiliated Entity Performance 20240425.csv,2026-01-26T14:50:23.648164,220.0
6A795B9F156B4C44,FAMILY OF CARING HEALTHCARE,,2024-04,monthly,Total number of fines,19.0,Affiliated Entity Performance 20240425.csv,2026-01-26T14:50:23.648164,220.0
6A795B9F156B4C44,FAMILY OF CARING HEALTHCARE,,2024-04,monthly,Total number of payment denials,1.0,Affiliated Entity Performance 20240425.csv,2026-01-26T14:50:23.648164,220.0
6A795B9F156B4C44,FAMILY OF CARING HEALTHCARE,,2024-05,monthly,Average Registered Nurse turnover percentage,39.3,Affiliated Entity Performance 20240530.csv,2026-01-26T14:50:24.189546,220.0
6A795B9F156B4C44,FAMILY OF CARING HEALTHCARE,,2024-05,monthly,Average amount of fines in dollars,10494.74,Affiliated Entity Performance 20240530.csv,2026-01-26T14:50:24.189546,220.0
6A795B9F156B4C44,FAMILY OF CARING HEALTHCARE,,2024-05,monthly,Average health inspection rating,3.4,Affiliated Entity Performance 20240530.csv,2026-01-26T14:50:24.189546,220.0
6A795B9F156B4C44,FAMILY OF CARING HEALTHCARE,,2024-05,monthly,Average number of administrators who have left the nursing home,0.4,Affiliated Entity Performance 20240530.csv,2026-01-26T14:50:24.189546,220.0
6A795B9F156B4C44,FAMILY OF CARING HEALTHCARE,,2024-05,monthly,Average number of fines,2.4,Affiliated Entity Performance 20240530.csv,2026-01-26T14:50:24.189546,220.0
6A795B9F156B4C44,FAMILY OF CARING HEALTHCARE,,2024-05,monthly,"Average number of hospitalizations per 1,000 long-stay resident days",1.61,Affiliated Entity Performance 20240530.csv,2026-01-26T14:50:24.189546,220.0
6A795B9F156B4C44,FAMILY OF CARING HEALTHCARE,,2024-05,monthly,"Average number of outpatient emergency department visits per 1,000 long-stay resident days",0.78,Affiliated Entity Performance 20240530.csv,2026-01-26T14:50:24.189546,220.0
6A795B9F156B4C44,FAMILY OF CARING HEALTHCARE,,2024-05,monthly,Average number of payment denials,0.1,Affiliated Entity Performance 20240530.csv,2026-01-26T14:50:24.189546,220.0
6A795B9F156B4C44,FAMILY OF CARING HEALTHCARE,,2024-05,monthly,Average overall 5-star rating,4.4,Affiliated Entity Performance 20240530.csv,2026-01-26T14:50:24.189546,220.0
6A795B9F156B4C44,FAMILY OF CARING HEALTHCARE,,2024-05,monthly,Average percentage of current residents up to date with COVID-19 vaccines,45.1,Affiliated Entity Performance 20240530.csv,2026-01-26T14:50:24.189546,220.0
6A795B9F156B4C44,FAMILY OF CARING HEALTHCARE,,2024-05,monthly,Average percentage of healthcare personnel up to date with COVID-19 vaccines,28.9,Affiliated Entity Performance 20240530.csv,2026-01-26T14:50:24.189546,220.0
6A795B9F156B4C44,FAMILY OF CARING HEALTHCARE,,2024-05,monthly,Average percentage of long-stay high-risk residents with pressure ulcers,8.4,Affiliated Entity Performance 20240530.csv,2026-01-26T14:50:24.189546,220.0
6A795B9F156B4C44,FAMILY OF CARING HEALTHCARE,,2024-05,monthly,Average percentage of long-stay low-risk residents who lose control of their bowels or bladder,39.7,Affiliated Entity Performance 20240530.csv,2026-01-26T14:50:24.189546,220.0
6A795B9F156B4C44,FAMILY OF CARING HEALTHCARE,,2024-05,monthly,Average percentage of long-stay residents experiencing one or more falls with major injury,3.0,Affiliated Entity Performance 20240530.csv,2026-01-26T14:50:24.189546,220.0
6A795B9F156B4C44,FAMILY OF CARING HEALTHCARE,,2024-05,monthly,Average percentage of long-stay residents who have or had a catheter inserted and left in their bladder,0.8,Affiliated Entity Performance 20240530.csv,2026-01-26T14:50:24.189546,220.0
6A795B9F156B4C44,FAMILY OF CARING HEALTHCARE,,2024-05,monthly,Average percentage of long-stay residents who have symptoms of depression,9.9,Affiliated Entity Performance 20240530.csv,2026-01-26T14:50:24.189546,220.0
6A795B9F156B4C44,FAMILY OF CARING HEALTHCARE,,2024-05,monthly,Average percentage of long-stay residents who lose too much weight,4.9,Affiliated Entity Performance 20240530.csv,2026-01-26T14:50:24.189546,220.0
6A795B9F156B4C44,FAMILY OF CARING HEALTHCARE,,2024-05,monthly,Average percentage of long-stay residents who received an antipsychotic medication,12.5,Affiliated Entity Performance 20240530.csv,2026-01-26T14:50:24.189546,220.0
6A795B9F156B4C44,FAMILY OF CARING HEALTHCARE,,2024-05,monthly,Average percentage of long-stay residents who used antianxiety or hypnotic medication,15.0,Affiliated Entity Performance 20240530.csv,2026-01-26T14:50:24.189546,220.0
6A795B9F156B4C44,FAMILY OF CARING HEALTHCARE,,2024-05,monthly,Average percentage of long-stay residents who were assessed and appropriately given the pneumococcal vaccine,96.6,Affiliated Entity Performance 20240530.csv,2026-01-26T14:50:24.189546,220.0
6A795B9F156B4C44,FAMILY OF CARING HEALTHCARE,,2024-05,monthly,Average percentage of long-stay residents who were assessed and appropriately given the seasonal influenza vaccine,94.9,Affiliated Entity Performance 20240530.csv,2026-01-26T14:50:24.189546,220.0
6A795B9F156B4C44,FAMILY OF CARING HEALTHCARE,,2024-05,monthly,Average percentage of long-stay residents who were physically restrained,0.0,Affiliated Entity Performance 20240530.csv,2026-01-26T14:50:24.189546,220.0
6A795B9F156B4C44,FAMILY OF CARING HEALTHCARE,,2024-05,monthly,Average percentage of long-stay residents whose ability to move independently worsened,11.5,Affiliated Entity Performance 20240530.csv,2026-01-26T14:50:24.189546,220.0
6A795B9F156B4C44,FAMILY OF CARING HEALTHCARE,,2024-05,monthly,Average percentage of long-stay residents whose need for help with activities of daily living has increased,10.8,Affiliated Entity Performance 20240530.csv,2026-01-26T14:50:24.189546,220.0
6A795B9F156B4C44,FAMILY OF CARING HEALTHCARE,,2024-05,monthly,Average percentage of long-stay residents with a urinary tract infection,0.9,Affiliated Entity Performance 20240530.csv,2026-01-26T14:50:24.189546,220.0
6A795B9F156B4C44,FAMILY OF CARING HEALTHCARE,,2024-05,monthly,Average percentage of short-stay residents who have had an outpatient emergency department visit,7.1,Affiliated Entity Performance 20240530.csv,2026-01-26T14:50:24.189546,220.0
6A795B9F156B4C44,FAMILY OF CARING HEALTHCARE,,2024-05,monthly,Average percentage of short-stay residents who made improvements in function,82.7,Affiliated Entity Performance 20240530.csv,2026-01-26T14:50:24.189546,220.0
6A795B9F156B4C44,FAMILY OF CARING HEALTHCARE,,2024-05,monthly,Average percentage of short-stay residents who newly received an antipsychotic medication,1.1,Affiliated Entity Performance 20240530.csv,2026-01-26T14:50:24.189546,220.0
6A795B9F156B4C44,FAMILY OF CARING HEALTHCARE,,2024-05,monthly,Average percentage of short-stay residents who were assessed and appropriately given the pneumococcal vaccine,84.8,Affiliated Entity Performance 20240530.csv,2026-01-26T14:50:24.189546,220.0
6A795B9F156B4C44,FAMILY OF CARING HEALTHCARE,,2024-05,monthly,Average percentage of short-stay residents who were assessed and appropriately given the seasonal influenza vaccine,79.7,Affiliated Entity Performance 20240530.csv,2026-01-26T14:50:24.189546,220.0
6A795B9F156B4C44,FAMILY OF CARING HEALTHCARE,,2024-05,monthly,Average percentage of short-stay residents who were re-hospitalized after a nursing home admission,22.6,Affiliated Entity Performance 20240530.csv,2026-01-26T14:50:24.189546,220.0
6A795B9F156B4C44,FAMILY OF CARING HEALTHCARE,,2024-05,monthly,Average percentage of short-stay residents with pressure ulcers or pressure injuries that are new or worsened,1.8,Affiliated Entity Performance 20240530.csv,2026-01-26T14:50:24.189546,220.0
6A795B9F156B4C44,FAMILY OF CARING HEALTHCARE,,2024-05,monthly,Average quality rating,4.8,Affiliated Entity Performance 20240530.csv,2026-01-26T14:50:24.189546,220.0
6A795B9F156B4C44,FAMILY OF CARING HEALTHCARE,,2024-05,monthly,Average rate of potentially preventable hospital readmissions 30 days after discharge from a SNF,10.1,Affiliated Entity Performance 20240530.csv,2026-01-26T14:50:24.189546,220.0
6A795B9F156B4C44,FAMILY OF CARING HEALTHCARE,,2024-05,monthly,Average staffing rating,4.0,Affiliated Entity Performance 20240530.csv,2026-01-26T14:50:24.189546,220.0
6A795B9F156B4C44,FAMILY OF CARING HEALTHCARE,,2024-05,monthly,Average total Registered Nurse hours per resident day,0.8,Affiliated Entity Performance 20240530.csv,2026-01-26T14:50:24.189546,220.0
6A795B9F156B4C44,FAMILY OF CARING HEALTHCARE,,2024-05,monthly,Average total nurse hours per resident day,4.0,Affiliated Entity Performance 20240530.csv,2026-01-26T14:50:24.189546,220.0
6A795B9F156B4C44,FAMILY OF CARING HEALTHCARE,,2024-05,monthly,Average total nursing staff turnover percentage,45.7,Affiliated Entity Performance 20240530.csv,2026-01-26T14:50:24.189546,220.0
6A795B9F156B4C44,FAMILY OF CARING HEALTHCARE,,2024-05,monthly,Average total weekend nurse hours per resident day,3.5,Affiliated Entity Performance 20240530.csv,2026-01-26T14:50:24.189546,220.0
6A795B9F156B4C44,FAMILY OF CARING HEALTHCARE,,2024-05,monthly,Number of SFF candidates,0.0,Affiliated Entity Performance 20240530.csv,2026-01-26T14:50:24.189546,220.0
6A795B9F156B4C44,FAMILY OF CARING HEALTHCARE,,2024-05,monthly,Number of Special Focus Facilities (SFF),0.0,Affiliated Entity Performance 20240530.csv,2026-01-26T14:50:24.189546,220.0
6A795B9F156B4C44,FAMILY OF CARING HEALTHCARE,,2024-05,monthly,Number of facilities,8.0,Affiliated Entity Performance 20240530.csv,2026-01-26T14:50:24.189546,220.0
6A795B9F156B4C44,FAMILY OF CARING HEALTHCARE,,2024-05,monthly,Number of facilities with an abuse icon,0.0,Affiliated Entity Performance 20240530.csv,2026-01-26T14:50:24.189546,220.0
6A795B9F156B4C44,FAMILY OF CARING HEALTHCARE,,2024-05,monthly,Number of states and territories with operations,1.0,Affiliated Entity Performance 20240530.csv,2026-01-26T14:50:24.189546,220.0
6A795B9F156B4C44,FAMILY OF CARING HEALTHCARE,,2024-05,monthly,Percent of facilities classified as for-profit,100.0,Affiliated Entity Performance 20240530.csv,2026-01-26T14:50:24.189546,220.0
6A795B9F156B4C44,FAMILY OF CARING HEALTHCARE,,2024-05,monthly,Percent of facilities classified as government-owned,0.0,Affiliated Entity Performance 20240530.csv,2026-01-26T14:50:24.189546,220.0
6A795B9F156B4C44,FAMILY OF CARING HEALTHCARE,,2024-05,monthly,Percent of facilities classified as non-profit,0.0,Affiliated Entity Performance 20240530.csv,2026-01-26T14:50:24.189546,220.0
6A795B9F156B4C44,FAMILY OF CARING HEALTHCARE,,2024-05,monthly,Percentage of facilities with an abuse icon,0.0,Affiliated Entity Performance 20240530.csv,2026-01-26T14:50:24.189546,220.0
6A795B9F156B4C44,FAMILY OF CARING HEALTHCARE,,2024-05,monthly,Total amount of fines in dollars,83957.95,Affiliated Entity Performance 20240530.csv,2026-01-26T14:50:24.189546,220.0
6A795B9F156B4C44,FAMILY OF CARING HEALTHCARE,,2024-05,monthly,Total number of fines,19.0,Affiliated Entity Performance 20240530.csv,2026-01-26T14:50:24.189546,220.0
6A795B9F156B4C44,FAMILY OF CARING HEALTHCARE,,2024-05,monthly,Total number of payment denials,1.0,Affiliated Entity Performance 20240530.csv,2026-01-26T14:50:24.189546,220.0
6A795B9F156B4C44,FAMILY OF CARING HEALTHCARE,,2024-06,monthly,Average Registered Nurse turnover percentage,39.3,Affiliated Entity Performance 20240624.csv,2026-01-26T14:50:24.680430,220.0
6A795B9F156B4C44,FAMILY OF CARING HEALTHCARE,,2024-06,monthly,Average amount of fines in dollars,9275.99,Affiliated Entity Performance 20240624.csv,2026-01-26T14:50:24.680430,220.0
6A795B9F156B4C44,FAMILY OF CARING HEALTHCARE,,2024-06,monthly,Average health inspection rating,3.4,Affiliated Entity Performance 20240624.csv,2026-01-26T14:50:24.680430,220.0
6A795B9F156B4C44,FAMILY OF CARING HEALTHCARE,,2024-06,monthly,Average number of administrators who have left the nursing home,0.4,Affiliated Entity Performance 20240624.csv,2026-01-26T14:50:24.680430,220.0
6A795B9F156B4C44,FAMILY OF CARING HEALTHCARE,,2024-06,monthly,Average number of fines,2.3,Affiliated Entity Performance 20240624.csv,2026-01-26T14:50:24.680430,220.0
6A795B9F156B4C44,FAMILY OF CARING HEALTHCARE,,2024-06,monthly,"Average number of hospitalizations per 1,000 long-stay resident days",1.61,Affiliated Entity Performance 20240624.csv,2026-01-26T14:50:24.680430,220.0
6A795B9F156B4C44,FAMILY OF CARING HEALTHCARE,,2024-06,monthly,"Average number of outpatient emergency department visits per 1,000 long-stay resident days",0.78,Affiliated Entity Performance 20240624.csv,2026-01-26T14:50:24.680430,220.0
6A795B9F156B4C44,FAMILY OF CARING HEALTHCARE,,2024-06,monthly,Average number of payment denials,0.1,Affiliated Entity Performance 20240624.csv,2026-01-26T14:50:24.680430,220.0
6A795B9F156B4C44,FAMILY OF CARING HEALTHCARE,,2024-06,monthly,Average overall 5-star rating,4.4,Affiliated Entity Performance 20240624.csv,2026-01-26T14:50:24.680430,220.0
6A795B9F156B4C44,FAMILY OF CARING HEALTHCARE,,2024-06,monthly,Average percentage of current residents up to date with COVID-19 vaccines,45.3,Affiliated Entity Performance 20240624.csv,2026-01-26T14:50:24.680430,220.0
6A795B9F156B4C44,FAMILY OF CARING HEALTHCARE,,2024-06,monthly,Average percentage of healthcare personnel up to date with COVID-19 vaccines,28.8,Affiliated Entity Performance 20240624.csv,2026-01-26T14:50:24.680430,220.0
6A795B9F156B4C44,FAMILY OF CARING HEALTHCARE,,2024-06,monthly,Average percentage of long-stay high-risk residents with pressure ulcers,8.4,Affiliated Entity Performance 20240624.csv,2026-01-26T14:50:24.680430,220.0
6A795B9F156B4C44,FAMILY OF CARING HEALTHCARE,,2024-06,monthly,Average percentage of long-stay low-risk residents who lose control of their bowels or bladder,39.7,Affiliated Entity Performance 20240624.csv,2026-01-26T14:50:24.680430,220.0
6A795B9F156B4C44,FAMILY OF CARING HEALTHCARE,,2024-06,monthly,Average percentage of long-stay residents experiencing one or more falls with major injury,3.0,Affiliated Entity Performance 20240624.csv,2026-01-26T14:50:24.680430,220.0
6A795B9F156B4C44,FAMILY OF CARING HEALTHCARE,,2024-06,monthly,Average percentage of long-stay residents who have or had a catheter inserted and left in their bladder,0.8,Affiliated Entity Performance 20240624.csv,2026-01-26T14:50:24.680430,220.0
6A795B9F156B4C44,FAMILY OF CARING HEALTHCARE,,2024-06,monthly,Average percentage of long-stay residents who have symptoms of depression,9.9,Affiliated Entity Performance 20240624.csv,2026-01-26T14:50:24.680430,220.0
6A795B9F156B4C44,FAMILY OF CARING HEALTHCARE,,2024-06,monthly,Average percentage of long-stay residents who lose too much weight,4.9,Affiliated Entity Performance 20240624.csv,2026-01-26T14:50:24.680430,220.0
6A795B9F156B4C44,FAMILY OF CARING HEALTHCARE,,2024-06,monthly,Average percentage of long-stay residents who received an antipsychotic medication,12.5,Affiliated Entity Performance 20240624.csv,2026-01-26T14:50:24.680430,220.0
6A795B9F156B4C44,FAMILY OF CARING HEALTHCARE,,2024-06,monthly,Average percentage of long-stay residents who used antianxiety or hypnotic medication,15.0,Affiliated Entity Performance 20240624.csv,2026-01-26T14:50:24.680430,220.0
6A795B9F156B4C44,FAMILY OF CARING HEALTHCARE,,2024-06,monthly,Average percentage of long-stay residents who were assessed and appropriately given the pneumococcal vaccine,96.6,Affiliated Entity Performance 20240624.csv,2026-01-26T14:50:24.680430,220.0
6A795B9F156B4C44,FAMILY OF CARING HEALTHCARE,,2024-06,monthly,Average percentage of long-stay residents who were assessed and appropriately given the seasonal influenza vaccine,94.9,Affiliated Entity Performance 20240624.csv,2026-01-26T14:50:24.680430,220.0
6A795B9F156B4C44,FAMILY OF CARING HEALTHCARE,,2024-06,monthly,Average percentage of long-stay residents who were physically restrained,0.0,Affiliated Entity Performance 20240624.csv,2026-01-26T14:50:24.680430,220.0
6A795B9F156B4C44,FAMILY OF CARING HEALTHCARE,,2024-06,monthly,Average percentage of long-stay residents whose ability to move independently worsened,11.5,Affiliated Entity Performance 20240624.csv,2026-01-26T14:50:24.680430,220.0
6A795B9F156B4C44,FAMILY OF CARING HEALTHCARE,,2024-06,monthly,Average percentage of long-stay residents whose need for help with activities of daily living has increased,10.8,Affiliated Entity Performance 20240624.csv,2026-01-26T14:50:24.680430,220.0
6A795B9F156B4C44,FAMILY OF CARING HEALTHCARE,,2024-06,monthly,Average percentage of long-stay residents with a urinary tract infection,0.9,Affiliated Entity Performance 20240624.csv,2026-01-26T14:50:24.680430,220.0
6A795B9F156B4C44,FAMILY OF CARING HEALTHCARE,,2024-06,monthly,Average percentage of short-stay residents who have had an outpatient emergency department visit,7.1,Affiliated Entity Performance 20240624.csv,2026-01-26T14:50:24.680430,220.0
6A795B9F156B4C44,FAMILY OF CARING HEALTHCARE,,2024-06,monthly,Average percentage of short-stay residents who made improvements in function,82.7,Affiliated Entity Performance 20240624.csv,2026-01-26T14:50:24.680430,220.0
6A795B9F156B4C44,FAMILY OF CARING HEALTHCARE,,2024-06,monthly,Average percentage of short-stay residents who newly received an antipsychotic medication,1.1,Affiliated Entity Performance 20240624.csv,2026-01-26T14:50:24.680430,220.0
6A795B9F156B4C44,FAMILY OF CARING HEALTHCARE,,2024-06,monthly,Average percentage of short-stay residents who were assessed and appropriately given the pneumococcal vaccine,84.8,Affiliated Entity Performance 20240624.csv,2026-01-26T14:50:24.680430,220.0
6A795B9F156B4C44,FAMILY OF CARING HEALTHCARE,,2024-06,monthly,Average percentage of short-stay residents who were assessed and appropriately given the seasonal influenza vaccine,79.7,Affiliated Entity Performance 20240624.csv,2026-01-26T14:50:24.680430,220.0
6A795B9F156B4C44,FAMILY OF CARING HEALTHCARE,,2024-06,monthly,Average percentage of short-stay residents who were re-hospitalized after a nursing home admission,22.6,Affiliated Entity Performance 20240624.csv,2026-01-26T14:50:24.680430,220.0
6A795B9F156B4C44,FAMILY OF CARING HEALTHCARE,,2024-06,monthly,Average percentage of short-stay residents with pressure ulcers or pressure injuries that are new or worsened,1.8,Affiliated Entity Performance 20240624.csv,2026-01-26T14:50:24.680430,220.0
6A795B9F156B4C44,FAMILY OF CARING HEALTHCARE,,2024-06,monthly,Average quality rating,4.8,Affiliated Entity Performance 20240624.csv,2026-01-26T14:50:24.680430,220.0
6A795B9F156B4C44,FAMILY OF CARING HEALTHCARE,,2024-06,monthly,Average rate of potentially preventable hospital readmissions 30 days after discharge from a SNF,10.1,Affiliated Entity Performance 20240624.csv,2026-01-26T14:50:24.680430,220.0
6A795B9F156B4C44,FAMILY OF CARING HEALTHCARE,,2024-06,monthly,Average staffing rating,4.0,Affiliated Entity Performance 20240624.csv,2026-01-26T14:50:24.680430,220.0
6A795B9F156B4C44,FAMILY OF CARING HEALTHCARE,,2024-06,monthly,Average total Registered Nurse hours per resident day,0.8,Affiliated Entity Performance 20240624.csv,2026-01-26T14:50:24.680430,220.0
6A795B9F156B4C44,FAMILY OF CARING HEALTHCARE,,2024-06,monthly,Average total nurse hours per resident day,4.0,Affiliated Entity Performance 20240624.csv,2026-01-26T14:50:24.680430,220.0
6A795B9F156B4C44,FAMILY OF CARING HEALTHCARE,,2024-06,monthly,Average total nursing staff turnover percentage,45.7,Affiliated Entity Performance 20240624.csv,2026-01-26T14:50:24.680430,220.0
6A795B9F156B4C44,FAMILY OF CARING HEALTHCARE,,2024-06,monthly,Average total weekend nurse hours per resident day,3.5,Affiliated Entity Performance 20240624.csv,2026-01-26T14:50:24.680430,220.0
6A795B9F156B4C44,FAMILY OF CARING HEALTHCARE,,2024-06,monthly,Number of SFF candidates,0.0,Affiliated Entity Performance 20240624.csv,2026-01-26T14:50:24.680430,220.0
6A795B9F156B4C44,FAMILY OF CARING HEALTHCARE,,2024-06,monthly,Number of Special Focus Facilities (SFF),0.0,Affiliated Entity Performance 20240624.csv,2026-01-26T14:50:24.680430,220.0
6A795B9F156B4C44,FAMILY OF CARING HEALTHCARE,,2024-06,monthly,Number of facilities,8.0,Affiliated Entity Performance 20240624.csv,2026-01-26T14:50:24.680430,220.0
6A795B9F156B4C44,FAMILY OF CARING HEALTHCARE,,2024-06,monthly,Number of facilities with an abuse icon,0.0,Affiliated Entity Performance 20240624.csv,2026-01-26T14:50:24.680430,220.0
6A795B9F156B4C44,FAMILY OF CARING HEALTHCARE,,2024-06,monthly,Number of states and territories with operations,1.0,Affiliated Entity Performance 20240624.csv,2026-01-26T14:50:24.680430,220.0
6A795B9F156B4C44,FAMILY OF CARING HEALTHCARE,,2024-06,monthly,Percent of facilities classified as for-profit,100.0,Affiliated Entity Performance 20240624.csv,2026-01-26T14:50:24.680430,220.0
6A795B9F156B4C44,FAMILY OF CARING HEALTHCARE,,2024-06,monthly,Percent of facilities classified as government-owned,0.0,Affiliated Entity Performance 20240624.csv,2026-01-26T14:50:24.680430,220.0
6A795B9F156B4C44,FAMILY OF CARING HEALTHCARE,,2024-06,monthly,Percent of facilities classified as non-profit,0.0,Affiliated Entity Performance 20240624.csv,2026-01-26T14:50:24.680430,220.0
6A795B9F156B4C44,FAMILY OF CARING HEALTHCARE,,2024-06,monthly,Percentage of facilities with an abuse icon,0.0,Affiliated Entity Performance 20240624.csv,2026-01-26T14:50:24.680430,220.0
6A795B9F156B4C44,FAMILY OF CARING HEALTHCARE,,2024-06,monthly,Total amount of fines in dollars,74207.95,Affiliated Entity Performance 20240624.csv,2026-01-26T14:50:24.680430,220.0
6A795B9F156B4C44,FAMILY OF CARING HEALTHCARE,,2024-06,monthly,Total number of fines,18.0,Affiliated Entity Performance 20240624.csv,2026-01-26T14:50:24.680430,220.0
6A795B9F156B4C44,FAMILY OF CARING HEALTHCARE,,2024-06,monthly,Total number of payment denials,1.0,Affiliated Entity Performance 20240624.csv,2026-01-26T14:50:24.680430,220.0
6A795B9F156B4C44,FAMILY OF CARING HEALTHCARE,,2024-07,monthly,Average Registered Nurse turnover percentage,37.0,Affiliated Entity Performance 20240722.csv,2026-01-26T14:50:25.212205,220.0
6A795B9F156B4C44,FAMILY OF CARING HEALTHCARE,,2024-07,monthly,Average amount of fines in dollars,9072.23,Affiliated Entity Performance 20240722.csv,2026-01-26T14:50:25.212205,220.0
6A795B9F156B4C44,FAMILY OF CARING HEALTHCARE,,2024-07,monthly,Average health inspection rating,3.4,Affiliated Entity Performance 20240722.csv,2026-01-26T14:50:25.212205,220.0
6A795B9F156B4C44,FAMILY OF CARING HEALTHCARE,,2024-07,monthly,Average number of administrators who have left the nursing home,0.6,Affiliated Entity Performance 20240722.csv,2026-01-26T14:50:25.212205,220.0
6A795B9F156B4C44,FAMILY OF CARING HEALTHCARE,,2024-07,monthly,Average number of fines,2.0,Affiliated Entity Performance 20240722.csv,2026-01-26T14:50:25.212205,220.0
6A795B9F156B4C44,FAMILY OF CARING HEALTHCARE,,2024-07,monthly,"Average number of hospitalizations per 1,000 long-stay resident days",1.37,Affiliated Entity Performance 20240722.csv,2026-01-26T14:50:25.212205,220.0
6A795B9F156B4C44,FAMILY OF CARING HEALTHCARE,,2024-07,monthly,"Average number of outpatient emergency department visits per 1,000 long-stay resident days",1.12,Affiliated Entity Performance 20240722.csv,2026-01-26T14:50:25.212205,220.0
6A795B9F156B4C44,FAMILY OF CARING HEALTHCARE,,2024-07,monthly,Average number of payment denials,0.3,Affiliated Entity Performance 20240722.csv,2026-01-26T14:50:25.212205,220.0
6A795B9F156B4C44,FAMILY OF CARING HEALTHCARE,,2024-07,monthly,Average overall 5-star rating,3.9,Affiliated Entity Performance 20240722.csv,2026-01-26T14:50:25.212205,220.0
6A795B9F156B4C44,FAMILY OF CARING HEALTHCARE,,2024-07,monthly,Average percentage of current residents up to date with COVID-19 vaccines,44.7,Affiliated Entity Performance 20240722.csv,2026-01-26T14:50:25.212205,220.0
6A795B9F156B4C44,FAMILY OF CARING HEALTHCARE,,2024-07,monthly,Average percentage of healthcare personnel up to date with COVID-19 vaccines,28.9,Affiliated Entity Performance 20240722.csv,2026-01-26T14:50:25.212205,220.0
6A795B9F156B4C44,FAMILY OF CARING HEALTHCARE,,2024-07,monthly,Average percentage of long-stay high-risk residents with pressure ulcers,8.4,Affiliated Entity Performance 20240722.csv,2026-01-26T14:50:25.212205,220.0
6A795B9F156B4C44,FAMILY OF CARING HEALTHCARE,,2024-07,monthly,Average percentage of long-stay low-risk residents who lose control of their bowels or bladder,39.7,Affiliated Entity Performance 20240722.csv,2026-01-26T14:50:25.212205,220.0
6A795B9F156B4C44,FAMILY OF CARING HEALTHCARE,,2024-07,monthly,Average percentage of long-stay residents experiencing one or more falls with major injury,3.1,Affiliated Entity Performance 20240722.csv,2026-01-26T14:50:25.212205,220.0
6A795B9F156B4C44,FAMILY OF CARING HEALTHCARE,,2024-07,monthly,Average percentage of long-stay residents who have or had a catheter inserted and left in their bladder,0.6,Affiliated Entity Performance 20240722.csv,2026-01-26T14:50:25.212205,220.0
6A795B9F156B4C44,FAMILY OF CARING HEALTHCARE,,2024-07,monthly,Average percentage of long-stay residents who have symptoms of depression,9.7,Affiliated Entity Performance 20240722.csv,2026-01-26T14:50:25.212205,220.0
6A795B9F156B4C44,FAMILY OF CARING HEALTHCARE,,2024-07,monthly,Average percentage of long-stay residents who lose too much weight,5.1,Affiliated Entity Performance 20240722.csv,2026-01-26T14:50:25.212205,220.0
6A795B9F156B4C44,FAMILY OF CARING HEALTHCARE,,2024-07,monthly,Average percentage of long-stay residents who received an antipsychotic medication,12.4,Affiliated Entity Performance 20240722.csv,2026-01-26T14:50:25.212205,220.0
6A795B9F156B4C44,FAMILY OF CARING HEALTHCARE,,2024-07,monthly,Average percentage of long-stay residents who used antianxiety or hypnotic medication,15.2,Affiliated Entity Performance 20240722.csv,2026-01-26T14:50:25.212205,220.0
6A795B9F156B4C44,FAMILY OF CARING HEALTHCARE,,2024-07,monthly,Average percentage of long-stay residents who were assessed and appropriately given the pneumococcal vaccine,97.3,Affiliated Entity Performance 20240722.csv,2026-01-26T14:50:25.212205,220.0
6A795B9F156B4C44,FAMILY OF CARING HEALTHCARE,,2024-07,monthly,Average percentage of long-stay residents who were assessed and appropriately given the seasonal influenza vaccine,94.8,Affiliated Entity Performance 20240722.csv,2026-01-26T14:50:25.212205,220.0
6A795B9F156B4C44,FAMILY OF CARING HEALTHCARE,,2024-07,monthly,Average percentage of long-stay residents who were physically restrained,0.0,Affiliated Entity Performance 20240722.csv,2026-01-26T14:50:25.212205,220.0
6A795B9F156B4C44,FAMILY OF CARING HEALTHCARE,,2024-07,monthly,Average percentage of long-stay residents whose ability to move independently worsened,11.5,Affiliated Entity Performance 20240722.csv,2026-01-26T14:50:25.212205,220.0
6A795B9F156B4C44,FAMILY OF CARING HEALTHCARE,,2024-07,monthly,Average percentage of long-stay residents whose need for help with activities of daily living has increased,10.8,Affiliated Entity Performance 20240722.csv,2026-01-26T14:50:25.212205,220.0
6A795B9F156B4C44,FAMILY OF CARING HEALTHCARE,,2024-07,monthly,Average percentage of long-stay residents with a urinary tract infection,0.8,Affiliated Entity Performance 20240722.csv,2026-01-26T14:50:25.212205,220.0
6A795B9F156B4C44,FAMILY OF CARING HEALTHCARE,,2024-07,monthly,Average percentage of short-stay residents who have had an outpatient emergency department visit,8.8,Affiliated Entity Performance 20240722.csv,2026-01-26T14:50:25.212205,220.0
6A795B9F156B4C44,FAMILY OF CARING HEALTHCARE,,2024-07,monthly,Average percentage of short-stay residents who made improvements in function,82.7,Affiliated Entity Performance 20240722.csv,2026-01-26T14:50:25.212205,220.0
6A795B9F156B4C44,FAMILY OF CARING HEALTHCARE,,2024-07,monthly,Average percentage of short-stay residents who newly received an antipsychotic medication,1.1,Affiliated Entity Performance 20240722.csv,2026-01-26T14:50:25.212205,220.0
6A795B9F156B4C44,FAMILY OF CARING HEALTHCARE,,2024-07,monthly,Average percentage of short-stay residents who were assessed and appropriately given the pneumococcal vaccine,87.8,Affiliated Entity Performance 20240722.csv,2026-01-26T14:50:25.212205,220.0
6A795B9F156B4C44,FAMILY OF CARING HEALTHCARE,,2024-07,monthly,Average percentage of short-stay residents who were assessed and appropriately given the seasonal influenza vaccine,81.9,Affiliated Entity Performance 20240722.csv,2026-01-26T14:50:25.212205,220.0
6A795B9F156B4C44,FAMILY OF CARING HEALTHCARE,,2024-07,monthly,Average percentage of short-stay residents who were re-hospitalized after a nursing home admission,21.6,Affiliated Entity Performance 20240722.csv,2026-01-26T14:50:25.212205,220.0
6A795B9F156B4C44,FAMILY OF CARING HEALTHCARE,,2024-07,monthly,Average percentage of short-stay residents with pressure ulcers or pressure injuries that are new or worsened,1.6,Affiliated Entity Performance 20240722.csv,2026-01-26T14:50:25.212205,220.0
6A795B9F156B4C44,FAMILY OF CARING HEALTHCARE,,2024-07,monthly,Average quality rating,4.5,Affiliated Entity Performance 20240722.csv,2026-01-26T14:50:25.212205,220.0
6A795B9F156B4C44,FAMILY OF CARING HEALTHCARE,,2024-07,monthly,Average rate of potentially preventable hospital readmissions 30 days after discharge from a SNF,10.1,Affiliated Entity Performance 20240722.csv,2026-01-26T14:50:25.212205,220.0
6A795B9F156B4C44,FAMILY OF CARING HEALTHCARE,,2024-07,monthly,Average staffing rating,2.8,Affiliated Entity Performance 20240722.csv,2026-01-26T14:50:25.212205,220.0
6A795B9F156B4C44,FAMILY OF CARING HEALTHCARE,,2024-07,monthly,Average total Registered Nurse hours per resident day,0.8,Affiliated Entity Performance 20240722.csv,2026-01-26T14:50:25.212205,220.0
6A795B9F156B4C44,FAMILY OF CARING HEALTHCARE,,2024-07,monthly,Average total nurse hours per resident day,4.0,Affiliated Entity Performance 20240722.csv,2026-01-26T14:50:25.212205,220.0
6A795B9F156B4C44,FAMILY OF CARING HEALTHCARE,,2024-07,monthly,Average total nursing staff turnover percentage,41.1,Affiliated Entity Performance 20240722.csv,2026-01-26T14:50:25.212205,220.0
6A795B9F156B4C44,FAMILY OF CARING HEALTHCARE,,2024-07,monthly,Average total weekend nurse hours per resident day,3.5,Affiliated Entity Performance 20240722.csv,2026-01-26T14:50:25.212205,220.0
6A795B9F156B4C44,FAMILY OF CARING HEALTHCARE,,2024-07,monthly,Number of SFF candidates,0.0,Affiliated Entity Performance 20240722.csv,2026-01-26T14:50:25.212205,220.0
6A795B9F156B4C44,FAMILY OF CARING HEALTHCARE,,2024-07,monthly,Number of Special Focus Facilities (SFF),0.0,Affiliated Entity Performance 20240722.csv,2026-01-26T14:50:25.212205,220.0
6A795B9F156B4C44,FAMILY OF CARING HEALTHCARE,,2024-07,monthly,Number of facilities,8.0,Affiliated Entity Performance 20240722.csv,2026-01-26T14:50:25.212205,220.0
6A795B9F156B4C44,FAMILY OF CARING HEALTHCARE,,2024-07,monthly,Number of facilities with an abuse icon,0.0,Affiliated Entity Performance 20240722.csv,2026-01-26T14:50:25.212205,220.0
6A795B9F156B4C44,FAMILY OF CARING HEALTHCARE,,2024-07,monthly,Number of states and territories with operations,1.0,Affiliated Entity Performance 20240722.csv,2026-01-26T14:50:25.212205,220.0
6A795B9F156B4C44,FAMILY OF CARING HEALTHCARE,,2024-07,monthly,Percent of facilities classified as for-profit,100.0,Affiliated Entity Performance 20240722.csv,2026-01-26T14:50:25.212205,220.0
6A795B9F156B4C44,FAMILY OF CARING HEALTHCARE,,2024-07,monthly,Percent of facilities classified as government-owned,0.0,Affiliated Entity Performance 20240722.csv,2026-01-26T14:50:25.212205,220.0
6A795B9F156B4C44,FAMILY OF CARING HEALTHCARE,,2024-07,monthly,Percent of facilities classified as non-profit,0.0,Affiliated Entity Performance 20240722.csv,2026-01-26T14:50:25.212205,220.0
6A795B9F156B4C44,FAMILY OF CARING HEALTHCARE,,2024-07,monthly,Percentage of facilities with an abuse icon,0.0,Affiliated Entity Performance 20240722.csv,2026-01-26T14:50:25.212205,220.0
6A795B9F156B4C44,FAMILY OF CARING HEALTHCARE,,2024-07,monthly,Total amount of fines in dollars,72577.87,Affiliated Entity Performance 20240722.csv,2026-01-26T14:50:25.212205,220.0
6A795B9F156B4C44,FAMILY OF CARING HEALTHCARE,,2024-07,monthly,Total number of fines,16.0,Affiliated Entity Performance 20240722.csv,2026-01-26T14:50:25.212205,220.0
6A795B9F156B4C44,FAMILY OF CARING HEALTHCARE,,2024-07,monthly,Total number of payment denials,2.0,Affiliated Entity Performance 20240722.csv,2026-01-26T14:50:25.212205,220.0
6A795B9F156B4C44,FAMILY OF CARING HEALTHCARE,,2024-08,monthly,Average Registered Nurse turnover percentage,37.0,Affiliated Entity Performance 20240822.csv,2026-01-26T14:50:25.709808,220.0
6A795B9F156B4C44,FAMILY OF CARING HEALTHCARE,,2024-08,monthly,Average amount of fines in dollars,8539.99,Affiliated Entity Performance 20240822.csv,2026-01-26T14:50:25.709808,220.0
6A795B9F156B4C44,FAMILY OF CARING HEALTHCARE,,2024-08,monthly,Average health inspection rating,3.5,Affiliated Entity Performance 20240822.csv,2026-01-26T14:50:25.709808,220.0
6A795B9F156B4C44,FAMILY OF CARING HEALTHCARE,,2024-08,monthly,Average number of administrators who have left the nursing home,0.6,Affiliated Entity Performance 20240822.csv,2026-01-26T14:50:25.709808,220.0
6A795B9F156B4C44,FAMILY OF CARING HEALTHCARE,,2024-08,monthly,Average number of fines,1.9,Affiliated Entity Performance 20240822.csv,2026-01-26T14:50:25.709808,220.0
6A795B9F156B4C44,FAMILY OF CARING HEALTHCARE,,2024-08,monthly,"Average number of hospitalizations per 1,000 long-stay resident days",1.37,Affiliated Entity Performance 20240822.csv,2026-01-26T14:50:25.709808,220.0
6A795B9F156B4C44,FAMILY OF CARING HEALTHCARE,,2024-08,monthly,"Average number of outpatient emergency department visits per 1,000 long-stay resident days",1.12,Affiliated Entity Performance 20240822.csv,2026-01-26T14:50:25.709808,220.0
6A795B9F156B4C44,FAMILY OF CARING HEALTHCARE,,2024-08,monthly,Average number of payment denials,0.1,Affiliated Entity Performance 20240822.csv,2026-01-26T14:50:25.709808,220.0
6A795B9F156B4C44,FAMILY OF CARING HEALTHCARE,,2024-08,monthly,Average overall 5-star rating,4.0,Affiliated Entity Performance 20240822.csv,2026-01-26T14:50:25.709808,220.0
6A795B9F156B4C44,FAMILY OF CARING HEALTHCARE,,2024-08,monthly,Average percentage of current residents up to date with COVID-19 vaccines,38.8,Affiliated Entity Performance 20240822.csv,2026-01-26T14:50:25.709808,220.0
6A795B9F156B4C44,FAMILY OF CARING HEALTHCARE,,2024-08,monthly,Average percentage of healthcare personnel up to date with COVID-19 vaccines,28.6,Affiliated Entity Performance 20240822.csv,2026-01-26T14:50:25.709808,220.0
6A795B9F156B4C44,FAMILY OF CARING HEALTHCARE,,2024-08,monthly,Average percentage of long-stay high-risk residents with pressure ulcers,8.4,Affiliated Entity Performance 20240822.csv,2026-01-26T14:50:25.709808,220.0
6A795B9F156B4C44,FAMILY OF CARING HEALTHCARE,,2024-08,monthly,Average percentage of long-stay low-risk residents who lose control of their bowels or bladder,39.7,Affiliated Entity Performance 20240822.csv,2026-01-26T14:50:25.709808,220.0
6A795B9F156B4C44,FAMILY OF CARING HEALTHCARE,,2024-08,monthly,Average percentage of long-stay residents experiencing one or more falls with major injury,3.1,Affiliated Entity Performance 20240822.csv,2026-01-26T14:50:25.709808,220.0
6A795B9F156B4C44,FAMILY OF CARING HEALTHCARE,,2024-08,monthly,Average percentage of long-stay residents who have or had a catheter inserted and left in their bladder,0.6,Affiliated Entity Performance 20240822.csv,2026-01-26T14:50:25.709808,220.0
6A795B9F156B4C44,FAMILY OF CARING HEALTHCARE,,2024-08,monthly,Average percentage of long-stay residents who have symptoms of depression,9.7,Affiliated Entity Performance 20240822.csv,2026-01-26T14:50:25.709808,220.0
6A795B9F156B4C44,FAMILY OF CARING HEALTHCARE,,2024-08,monthly,Average percentage of long-stay residents who lose too much weight,5.1,Affiliated Entity Performance 20240822.csv,2026-01-26T14:50:25.709808,220.0
6A795B9F156B4C44,FAMILY OF CARING HEALTHCARE,,2024-08,monthly,Average percentage of long-stay residents who received an antipsychotic medication,12.4,Affiliated Entity Performance 20240822.csv,2026-01-26T14:50:25.709808,220.0
6A795B9F156B4C44,FAMILY OF CARING HEALTHCARE,,2024-08,monthly,Average percentage of long-stay residents who used antianxiety or hypnotic medication,15.2,Affiliated Entity Performance 20240822.csv,2026-01-26T14:50:25.709808,220.0
6A795B9F156B4C44,FAMILY OF CARING HEALTHCARE,,2024-08,monthly,Average percentage of long-stay residents who were assessed and appropriately given the pneumococcal vaccine,97.3,Affiliated Entity Performance 20240822.csv,2026-01-26T14:50:25.709808,220.0
6A795B9F156B4C44,FAMILY OF CARING HEALTHCARE,,2024-08,monthly,Average percentage of long-stay residents who were assessed and appropriately given the seasonal influenza vaccine,94.8,Affiliated Entity Performance 20240822.csv,2026-01-26T14:50:25.709808,220.0
6A795B9F156B4C44,FAMILY OF CARING HEALTHCARE,,2024-08,monthly,Average percentage of long-stay residents who were physically restrained,0.0,Affiliated Entity Performance 20240822.csv,2026-01-26T14:50:25.709808,220.0
6A795B9F156B4C44,FAMILY OF CARING HEALTHCARE,,2024-08,monthly,Average percentage of long-stay residents whose ability to move independently worsened,11.5,Affiliated Entity Performance 20240822.csv,2026-01-26T14:50:25.709808,220.0
6A795B9F156B4C44,FAMILY OF CARING HEALTHCARE,,2024-08,monthly,Average percentage of long-stay residents whose need for help with activities of daily living has increased,10.8,Affiliated Entity Performance 20240822.csv,2026-01-26T14:50:25.709808,220.0
6A795B9F156B4C44,FAMILY OF CARING HEALTHCARE,,2024-08,monthly,Average percentage of long-stay residents with a urinary tract infection,0.8,Affiliated Entity Performance 20240822.csv,2026-01-26T14:50:25.709808,220.0
6A795B9F156B4C44,FAMILY OF CARING HEALTHCARE,,2024-08,monthly,Average percentage of short-stay residents who have had an outpatient emergency department visit,8.8,Affiliated Entity Performance 20240822.csv,2026-01-26T14:50:25.709808,220.0
6A795B9F156B4C44,FAMILY OF CARING HEALTHCARE,,2024-08,monthly,Average percentage of short-stay residents who made improvements in function,82.7,Affiliated Entity Performance 20240822.csv,2026-01-26T14:50:25.709808,220.0
6A795B9F156B4C44,FAMILY OF CARING HEALTHCARE,,2024-08,monthly,Average percentage of short-stay residents who newly received an antipsychotic medication,1.1,Affiliated Entity Performance 20240822.csv,2026-01-26T14:50:25.709808,220.0
6A795B9F156B4C44,FAMILY OF CARING HEALTHCARE,,2024-08,monthly,Average percentage of short-stay residents who were assessed and appropriately given the pneumococcal vaccine,87.8,Affiliated Entity Performance 20240822.csv,2026-01-26T14:50:25.709808,220.0
6A795B9F156B4C44,FAMILY OF CARING HEALTHCARE,,2024-08,monthly,Average percentage of short-stay residents who were assessed and appropriately given the seasonal influenza vaccine,81.9,Affiliated Entity Performance 20240822.csv,2026-01-26T14:50:25.709808,220.0
6A795B9F156B4C44,FAMILY OF CARING HEALTHCARE,,2024-08,monthly,Average percentage of short-stay residents who were re-hospitalized after a nursing home admission,21.6,Affiliated Entity Performance 20240822.csv,2026-01-26T14:50:25.709808,220.0
6A795B9F156B4C44,FAMILY OF CARING HEALTHCARE,,2024-08,monthly,Average percentage of short-stay residents with pressure ulcers or pressure injuries that are new or worsened,1.6,Affiliated Entity Performance 20240822.csv,2026-01-26T14:50:25.709808,220.0
6A795B9F156B4C44,FAMILY OF CARING HEALTHCARE,,2024-08,monthly,Average quality rating,4.5,Affiliated Entity Performance 20240822.csv,2026-01-26T14:50:25.709808,220.0
6A795B9F156B4C44,FAMILY OF CARING HEALTHCARE,,2024-08,monthly,Average rate of potentially preventable hospital readmissions 30 days after discharge from a SNF,10.1,Affiliated Entity Performance 20240822.csv,2026-01-26T14:50:25.709808,220.0
6A795B9F156B4C44,FAMILY OF CARING HEALTHCARE,,2024-08,monthly,Average staffing rating,2.8,Affiliated Entity Performance 20240822.csv,2026-01-26T14:50:25.709808,220.0
6A795B9F156B4C44,FAMILY OF CARING HEALTHCARE,,2024-08,monthly,Average total Registered Nurse hours per resident day,0.8,Affiliated Entity Performance 20240822.csv,2026-01-26T14:50:25.709808,220.0
6A795B9F156B4C44,FAMILY OF CARING HEALTHCARE,,2024-08,monthly,Average total nurse hours per resident day,4.0,Affiliated Entity Performance 20240822.csv,2026-01-26T14:50:25.709808,220.0
6A795B9F156B4C44,FAMILY OF CARING HEALTHCARE,,2024-08,monthly,Average total nursing staff turnover percentage,41.1,Affiliated Entity Performance 20240822.csv,2026-01-26T14:50:25.709808,220.0
6A795B9F156B4C44,FAMILY OF CARING HEALTHCARE,,2024-08,monthly,Average total weekend nurse hours per resident day,3.5,Affiliated Entity Performance 20240822.csv,2026-01-26T14:50:25.709808,220.0
6A795B9F156B4C44,FAMILY OF CARING HEALTHCARE,,2024-08,monthly,Number of SFF candidates,0.0,Affiliated Entity Performance 20240822.csv,2026-01-26T14:50:25.709808,220.0
6A795B9F156B4C44,FAMILY OF CARING HEALTHCARE,,2024-08,monthly,Number of Special Focus Facilities (SFF),0.0,Affiliated Entity Performance 20240822.csv,2026-01-26T14:50:25.709808,220.0
6A795B9F156B4C44,FAMILY OF CARING HEALTHCARE,,2024-08,monthly,Number of facilities,8.0,Affiliated Entity Performance 20240822.csv,2026-01-26T14:50:25.709808,220.0
6A795B9F156B4C44,FAMILY OF CARING HEALTHCARE,,2024-08,monthly,Number of facilities with an abuse icon,0.0,Affiliated Entity Performance 20240822.csv,2026-01-26T14:50:25.709808,220.0
6A795B9F156B4C44,FAMILY OF CARING HEALTHCARE,,2024-08,monthly,Number of states and territories with operations,1.0,Affiliated Entity Performance 20240822.csv,2026-01-26T14:50:25.709808,220.0
6A795B9F156B4C44,FAMILY OF CARING HEALTHCARE,,2024-08,monthly,Percent of facilities classified as for-profit,100.0,Affiliated Entity Performance 20240822.csv,2026-01-26T14:50:25.709808,220.0
6A795B9F156B4C44,FAMILY OF CARING HEALTHCARE,,2024-08,monthly,Percent of facilities classified as government-owned,0.0,Affiliated Entity Performance 20240822.csv,2026-01-26T14:50:25.709808,220.0
6A795B9F156B4C44,FAMILY OF CARING HEALTHCARE,,2024-08,monthly,Percent of facilities classified as non-profit,0.0,Affiliated Entity Performance 20240822.csv,2026-01-26T14:50:25.709808,220.0
6A795B9F156B4C44,FAMILY OF CARING HEALTHCARE,,2024-08,monthly,Percentage of facilities with an abuse icon,0.0,Affiliated Entity Performance 20240822.csv,2026-01-26T14:50:25.709808,220.0
6A795B9F156B4C44,FAMILY OF CARING HEALTHCARE,,2024-08,monthly,Total amount of fines in dollars,68319.88,Affiliated Entity Performance 20240822.csv,2026-01-26T14:50:25.709808,220.0
6A795B9F156B4C44,FAMILY OF CARING HEALTHCARE,,2024-08,monthly,Total number of fines,15.0,Affiliated Entity Performance 20240822.csv,2026-01-26T14:50:25.709808,220.0
6A795B9F156B4C44,FAMILY OF CARING HEALTHCARE,,2024-08,monthly,Total number of payment denials,1.0,Affiliated Entity Performance 20240822.csv,2026-01-26T14:50:25.709808,220.0
6A795B9F156B4C44,FAMILY OF CARING HEALTHCARE,,2024-09,monthly,Average Registered Nurse turnover percentage,37.0,Affiliated Entity Performance 20240925.csv,2026-01-26T14:50:26.365882,220.0
6A795B9F156B4C44,FAMILY OF CARING HEALTHCARE,,2024-09,monthly,Average amount of fines in dollars,8458.74,Affiliated Entity Performance 20240925.csv,2026-01-26T14:50:26.365882,220.0
6A795B9F156B4C44,FAMILY OF CARING HEALTHCARE,,2024-09,monthly,Average health inspection rating,3.5,Affiliated Entity Performance 20240925.csv,2026-01-26T14:50:26.365882,220.0
6A795B9F156B4C44,FAMILY OF CARING HEALTHCARE,,2024-09,monthly,Average number of administrators who have left the nursing home,0.6,Affiliated Entity Performance 20240925.csv,2026-01-26T14:50:26.365882,220.0
6A795B9F156B4C44,FAMILY OF CARING HEALTHCARE,,2024-09,monthly,Average number of fines,1.8,Affiliated Entity Performance 20240925.csv,2026-01-26T14:50:26.365882,220.0
6A795B9F156B4C44,FAMILY OF CARING HEALTHCARE,,2024-09,monthly,"Average number of hospitalizations per 1,000 long-stay resident days",1.37,Affiliated Entity Performance 20240925.csv,2026-01-26T14:50:26.365882,220.0
6A795B9F156B4C44,FAMILY OF CARING HEALTHCARE,,2024-09,monthly,"Average number of outpatient emergency department visits per 1,000 long-stay resident days",1.12,Affiliated Entity Performance 20240925.csv,2026-01-26T14:50:26.365882,220.0
6A795B9F156B4C44,FAMILY OF CARING HEALTHCARE,,2024-09,monthly,Average number of payment denials,0.1,Affiliated Entity Performance 20240925.csv,2026-01-26T14:50:26.365882,220.0
6A795B9F156B4C44,FAMILY OF CARING HEALTHCARE,,2024-09,monthly,Average overall 5-star rating,4.0,Affiliated Entity Performance 20240925.csv,2026-01-26T14:50:26.365882,220.0
6A795B9F156B4C44,FAMILY OF CARING HEALTHCARE,,2024-09,monthly,Average percentage of current residents up to date with COVID-19 vaccines,42.3,Affiliated Entity Performance 20240925.csv,2026-01-26T14:50:26.367889,220.0
6A795B9F156B4C44,FAMILY OF CARING HEALTHCARE,,2024-09,monthly,Average percentage of healthcare personnel up to date with COVID-19 vaccines,33.0,Affiliated Entity Performance 20240925.csv,2026-01-26T14:50:26.367889,220.0
6A795B9F156B4C44,FAMILY OF CARING HEALTHCARE,,2024-09,monthly,Average percentage of long-stay high-risk residents with pressure ulcers,8.4,Affiliated Entity Performance 20240925.csv,2026-01-26T14:50:26.365882,220.0
6A795B9F156B4C44,FAMILY OF CARING HEALTHCARE,,2024-09,monthly,Average percentage of long-stay low-risk residents who lose control of their bowels or bladder,39.7,Affiliated Entity Performance 20240925.csv,2026-01-26T14:50:26.365882,220.0
6A795B9F156B4C44,FAMILY OF CARING HEALTHCARE,,2024-09,monthly,Average percentage of long-stay residents experiencing one or more falls with major injury,3.1,Affiliated Entity Performance 20240925.csv,2026-01-26T14:50:26.365882,220.0
6A795B9F156B4C44,FAMILY OF CARING HEALTHCARE,,2024-09,monthly,Average percentage of long-stay residents who have or had a catheter inserted and left in their bladder,0.6,Affiliated Entity Performance 20240925.csv,2026-01-26T14:50:26.365882,220.0
6A795B9F156B4C44,FAMILY OF CARING HEALTHCARE,,2024-09,monthly,Average percentage of long-stay residents who have symptoms of depression,9.7,Affiliated Entity Performance 20240925.csv,2026-01-26T14:50:26.365882,220.0
6A795B9F156B4C44,FAMILY OF CARING HEALTHCARE,,2024-09,monthly,Average percentage of long-stay residents who lose too much weight,5.1,Affiliated Entity Performance 20240925.csv,2026-01-26T14:50:26.365882,220.0
6A795B9F156B4C44,FAMILY OF CARING HEALTHCARE,,2024-09,monthly,Average percentage of long-stay residents who received an antipsychotic medication,12.4,Affiliated Entity Performance 20240925.csv,2026-01-26T14:50:26.365882,220.0
6A795B9F156B4C44,FAMILY OF CARING HEALTHCARE,,2024-09,monthly,Average percentage of long-stay residents who used antianxiety or hypnotic medication,15.2,Affiliated Entity Performance 20240925.csv,2026-01-26T14:50:26.365882,220.0
6A795B9F156B4C44,FAMILY OF CARING HEALTHCARE,,2024-09,monthly,Average percentage of long-stay residents who were assessed and appropriately given the pneumococcal vaccine,97.3,Affiliated Entity Performance 20240925.csv,2026-01-26T14:50:26.365882,220.0
6A795B9F156B4C44,FAMILY OF CARING HEALTHCARE,,2024-09,monthly,Average percentage of long-stay residents who were assessed and appropriately given the seasonal influenza vaccine,94.8,Affiliated Entity Performance 20240925.csv,2026-01-26T14:50:26.365882,220.0
6A795B9F156B4C44,FAMILY OF CARING HEALTHCARE,,2024-09,monthly,Average percentage of long-stay residents who were physically restrained,0.0,Affiliated Entity Performance 20240925.csv,2026-01-26T14:50:26.365882,220.0
6A795B9F156B4C44,FAMILY OF CARING HEALTHCARE,,2024-09,monthly,Average percentage of long-stay residents whose ability to move independently worsened,11.5,Affiliated Entity Performance 20240925.csv,2026-01-26T14:50:26.365882,220.0
6A795B9F156B4C44,FAMILY OF CARING HEALTHCARE,,2024-09,monthly,Average percentage of long-stay residents whose need for help with activities of daily living has increased,10.8,Affiliated Entity Performance 20240925.csv,2026-01-26T14:50:26.365882,220.0
6A795B9F156B4C44,FAMILY OF CARING HEALTHCARE,,2024-09,monthly,Average percentage of long-stay residents with a urinary tract infection,0.8,Affiliated Entity Performance 20240925.csv,2026-01-26T14:50:26.365882,220.0
6A795B9F156B4C44,FAMILY OF CARING HEALTHCARE,,2024-09,monthly,Average percentage of short-stay residents who have had an outpatient emergency department visit,8.8,Affiliated Entity Performance 20240925.csv,2026-01-26T14:50:26.365882,220.0
6A795B9F156B4C44,FAMILY OF CARING HEALTHCARE,,2024-09,monthly,Average percentage of short-stay residents who made improvements in function,82.7,Affiliated Entity Performance 20240925.csv,2026-01-26T14:50:26.365882,220.0
6A795B9F156B4C44,FAMILY OF CARING HEALTHCARE,,2024-09,monthly,Average percentage of short-stay residents who newly received an antipsychotic medication,1.1,Affiliated Entity Performance 20240925.csv,2026-01-26T14:50:26.365882,220.0
6A795B9F156B4C44,FAMILY OF CARING HEALTHCARE,,2024-09,monthly,Average percentage of short-stay residents who were assessed and appropriately given the pneumococcal vaccine,87.8,Affiliated Entity Performance 20240925.csv,2026-01-26T14:50:26.365882,220.0
6A795B9F156B4C44,FAMILY OF CARING HEALTHCARE,,2024-09,monthly,Average percentage of short-stay residents who were assessed and appropriately given the seasonal influenza vaccine,81.9,Affiliated Entity Performance 20240925.csv,2026-01-26T14:50:26.365882,220.0
6A795B9F156B4C44,FAMILY OF CARING HEALTHCARE,,2024-09,monthly,Average percentage of short-stay residents who were re-hospitalized after a nursing home admission,21.6,Affiliated Entity Performance 20240925.csv,2026-01-26T14:50:26.365882,220.0
6A795B9F156B4C44,FAMILY OF CARING HEALTHCARE,,2024-09,monthly,Average percentage of short-stay residents with pressure ulcers or pressure injuries that are new or worsened,1.6,Affiliated Entity Performance 20240925.csv,2026-01-26T14:50:26.365882,220.0
6A795B9F156B4C44,FAMILY OF CARING HEALTHCARE,,2024-09,monthly,Average quality rating,4.5,Affiliated Entity Performance 20240925.csv,2026-01-26T14:50:26.365882,220.0
6A795B9F156B4C44,FAMILY OF CARING HEALTHCARE,,2024-09,monthly,Average rate of potentially preventable hospital readmissions 30 days after discharge from a SNF,10.1,Affiliated Entity Performance 20240925.csv,2026-01-26T14:50:26.367889,220.0
6A795B9F156B4C44,FAMILY OF CARING HEALTHCARE,,2024-09,monthly,Average staffing rating,2.8,Affiliated Entity Performance 20240925.csv,2026-01-26T14:50:26.365882,220.0
6A795B9F156B4C44,FAMILY OF CARING HEALTHCARE,,2024-09,monthly,Average total Registered Nurse hours per resident day,0.8,Affiliated Entity Performance 20240925.csv,2026-01-26T14:50:26.365882,220.0
6A795B9F156B4C44,FAMILY OF CARING HEALTHCARE,,2024-09,monthly,Average total nurse hours per resident day,4.0,Affiliated Entity Performance 20240925.csv,2026-01-26T14:50:26.365882,220.0
6A795B9F156B4C44,FAMILY OF CARING HEALTHCARE,,2024-09,monthly,Average total nursing staff turnover percentage,41.1,Affiliated Entity Performance 20240925.csv,2026-01-26T14:50:26.365882,220.0
6A795B9F156B4C44,FAMILY OF CARING HEALTHCARE,,2024-09,monthly,Average total weekend nurse hours per resident day,3.5,Affiliated Entity Performance 20240925.csv,2026-01-26T14:50:26.365882,220.0
6A795B9F156B4C44,FAMILY OF CARING HEALTHCARE,,2024-09,monthly,Number of SFF candidates,0.0,Affiliated Entity Performance 20240925.csv,2026-01-26T14:50:26.365882,220.0
6A795B9F156B4C44,FAMILY OF CARING HEALTHCARE,,2024-09,monthly,Number of Special Focus Facilities (SFF),0.0,Affiliated Entity Performance 20240925.csv,2026-01-26T14:50:26.365882,220.0
6A795B9F156B4C44,FAMILY OF CARING HEALTHCARE,,2024-09,monthly,Number of facilities,8.0,Affiliated Entity Performance 20240925.csv,2026-01-26T14:50:26.365882,220.0
6A795B9F156B4C44,FAMILY OF CARING HEALTHCARE,,2024-09,monthly,Number of facilities with an abuse icon,0.0,Affiliated Entity Performance 20240925.csv,2026-01-26T14:50:26.365882,220.0
6A795B9F156B4C44,FAMILY OF CARING HEALTHCARE,,2024-09,monthly,Number of states and territories with operations,1.0,Affiliated Entity Performance 20240925.csv,2026-01-26T14:50:26.365882,220.0
6A795B9F156B4C44,FAMILY OF CARING HEALTHCARE,,2024-09,monthly,Percent of facilities classified as for-profit,100.0,Affiliated Entity Performance 20240925.csv,2026-01-26T14:50:26.365882,220.0
6A795B9F156B4C44,FAMILY OF CARING HEALTHCARE,,2024-09,monthly,Percent of facilities classified as government-owned,0.0,Affiliated Entity Performance 20240925.csv,2026-01-26T14:50:26.365882,220.0
6A795B9F156B4C44,FAMILY OF CARING HEALTHCARE,,2024-09,monthly,Percent of facilities classified as non-profit,0.0,Affiliated Entity Performance 20240925.csv,2026-01-26T14:50:26.365882,220.0
6A795B9F156B4C44,FAMILY OF CARING HEALTHCARE,,2024-09,monthly,Percentage of facilities with an abuse icon,0.0,Affiliated Entity Performance 20240925.csv,2026-01-26T14:50:26.365882,220.0
6A795B9F156B4C44,FAMILY OF CARING HEALTHCARE,,2024-09,monthly,Total amount of fines in dollars,67669.88,Affiliated Entity Performance 20240925.csv,2026-01-26T14:50:26.365882,220.0
6A795B9F156B4C44,FAMILY OF CARING HEALTHCARE,,2024-09,monthly,Total number of fines,14.0,Affiliated Entity Performance 20240925.csv,2026-01-26T14:50:26.365882,220.0
6A795B9F156B4C44,FAMILY OF CARING HEALTHCARE,,2024-09,monthly,Total number of payment denials,1.0,Affiliated Entity Performance 20240925.csv,2026-01-26T14:50:26.365882,220.0
6A795B9F156B4C44,FAMILY OF CARING HEALTHCARE,,2024-10,monthly,Average Registered Nurse turnover percentage,33.7,Affiliated Entity Performance 20241030.csv,2026-01-26T14:50:26.785210,220.0
6A795B9F156B4C44,FAMILY OF CARING HEALTHCARE,,2024-10,monthly,Average amount of fines in dollars,7804.56,Affiliated Entity Performance 20241030.csv,2026-01-26T14:50:26.785210,220.0
6A795B9F156B4C44,FAMILY OF CARING HEALTHCARE,,2024-10,monthly,Average health inspection rating,3.5,Affiliated Entity Performance 20241030.csv,2026-01-26T14:50:26.785210,220.0
6A795B9F156B4C44,FAMILY OF CARING HEALTHCARE,,2024-10,monthly,Average number of administrators who have left the nursing home,0.8,Affiliated Entity Performance 20241030.csv,2026-01-26T14:50:26.785210,220.0
6A795B9F156B4C44,FAMILY OF CARING HEALTHCARE,,2024-10,monthly,Average number of fines,1.5,Affiliated Entity Performance 20241030.csv,2026-01-26T14:50:26.785210,220.0
6A795B9F156B4C44,FAMILY OF CARING HEALTHCARE,,2024-10,monthly,"Average number of hospitalizations per 1,000 long-stay resident days",1.59,Affiliated Entity Performance 20241030.csv,2026-01-26T14:50:26.785210,220.0
6A795B9F156B4C44,FAMILY OF CARING HEALTHCARE,,2024-10,monthly,"Average number of outpatient emergency department visits per 1,000 long-stay resident days",0.95,Affiliated Entity Performance 20241030.csv,2026-01-26T14:50:26.785210,220.0
6A795B9F156B4C44,FAMILY OF CARING HEALTHCARE,,2024-10,monthly,Average number of payment denials,0.1,Affiliated Entity Performance 20241030.csv,2026-01-26T14:50:26.785210,220.0
6A795B9F156B4C44,FAMILY OF CARING HEALTHCARE,,2024-10,monthly,Average overall 5-star rating,4.0,Affiliated Entity Performance 20241030.csv,2026-01-26T14:50:26.785210,220.0
6A795B9F156B4C44,FAMILY OF CARING HEALTHCARE,,2024-10,monthly,Average percentage of current residents up to date with COVID-19 vaccines,6.1,Affiliated Entity Performance 20241030.csv,2026-01-26T14:50:26.785210,220.0
6A795B9F156B4C44,FAMILY OF CARING HEALTHCARE,,2024-10,monthly,Average percentage of healthcare personnel up to date with COVID-19 vaccines,12.3,Affiliated Entity Performance 20241030.csv,2026-01-26T14:50:26.785210,220.0
6A795B9F156B4C44,FAMILY OF CARING HEALTHCARE,,2024-10,monthly,Average percentage of long-stay high-risk residents with pressure ulcers,8.4,Affiliated Entity Performance 20241030.csv,2026-01-26T14:50:26.785210,220.0
6A795B9F156B4C44,FAMILY OF CARING HEALTHCARE,,2024-10,monthly,Average percentage of long-stay low-risk residents who lose control of their bowels or bladder,39.7,Affiliated Entity Performance 20241030.csv,2026-01-26T14:50:26.785210,220.0
6A795B9F156B4C44,FAMILY OF CARING HEALTHCARE,,2024-10,monthly,Average percentage of long-stay residents experiencing one or more falls with major injury,3.0,Affiliated Entity Performance 20241030.csv,2026-01-26T14:50:26.785210,220.0
6A795B9F156B4C44,FAMILY OF CARING HEALTHCARE,,2024-10,monthly,Average percentage of long-stay residents who have or had a catheter inserted and left in their bladder,0.8,Affiliated Entity Performance 20241030.csv,2026-01-26T14:50:26.785210,220.0
6A795B9F156B4C44,FAMILY OF CARING HEALTHCARE,,2024-10,monthly,Average percentage of long-stay residents who have symptoms of depression,9.3,Affiliated Entity Performance 20241030.csv,2026-01-26T14:50:26.785210,220.0
6A795B9F156B4C44,FAMILY OF CARING HEALTHCARE,,2024-10,monthly,Average percentage of long-stay residents who lose too much weight,4.9,Affiliated Entity Performance 20241030.csv,2026-01-26T14:50:26.785210,220.0
6A795B9F156B4C44,FAMILY OF CARING HEALTHCARE,,2024-10,monthly,Average percentage of long-stay residents who received an antipsychotic medication,12.3,Affiliated Entity Performance 20241030.csv,2026-01-26T14:50:26.785210,220.0
6A795B9F156B4C44,FAMILY OF CARING HEALTHCARE,,2024-10,monthly,Average percentage of long-stay residents who used antianxiety or hypnotic medication,15.7,Affiliated Entity Performance 20241030.csv,2026-01-26T14:50:26.785210,220.0
6A795B9F156B4C44,FAMILY OF CARING HEALTHCARE,,2024-10,monthly,Average percentage of long-stay residents who were assessed and appropriately given the pneumococcal vaccine,97.9,Affiliated Entity Performance 20241030.csv,2026-01-26T14:50:26.785210,220.0
6A795B9F156B4C44,FAMILY OF CARING HEALTHCARE,,2024-10,monthly,Average percentage of long-stay residents who were assessed and appropriately given the seasonal influenza vaccine,94.9,Affiliated Entity Performance 20241030.csv,2026-01-26T14:50:26.785210,220.0
6A795B9F156B4C44,FAMILY OF CARING HEALTHCARE,,2024-10,monthly,Average percentage of long-stay residents who were physically restrained,0.0,Affiliated Entity Performance 20241030.csv,2026-01-26T14:50:26.785210,220.0
6A795B9F156B4C44,FAMILY OF CARING HEALTHCARE,,2024-10,monthly,Average percentage of long-stay residents whose ability to move independently worsened,11.5,Affiliated Entity Performance 20241030.csv,2026-01-26T14:50:26.785210,220.0
6A795B9F156B4C44,FAMILY OF CARING HEALTHCARE,,2024-10,monthly,Average percentage of long-stay residents whose need for help with activities of daily living has increased,10.8,Affiliated Entity Performance 20241030.csv,2026-01-26T14:50:26.785210,220.0
6A795B9F156B4C44,FAMILY OF CARING HEALTHCARE,,2024-10,monthly,Average percentage of long-stay residents with a urinary tract infection,1.5,Affiliated Entity Performance 20241030.csv,2026-01-26T14:50:26.785210,220.0
6A795B9F156B4C44,FAMILY OF CARING HEALTHCARE,,2024-10,monthly,Average percentage of short-stay residents who have had an outpatient emergency department visit,9.9,Affiliated Entity Performance 20241030.csv,2026-01-26T14:50:26.785210,220.0
6A795B9F156B4C44,FAMILY OF CARING HEALTHCARE,,2024-10,monthly,Average percentage of short-stay residents who made improvements in function,82.7,Affiliated Entity Performance 20241030.csv,2026-01-26T14:50:26.785210,220.0
6A795B9F156B4C44,FAMILY OF CARING HEALTHCARE,,2024-10,monthly,Average percentage of short-stay residents who newly received an antipsychotic medication,1.2,Affiliated Entity Performance 20241030.csv,2026-01-26T14:50:26.785210,220.0
6A795B9F156B4C44,FAMILY OF CARING HEALTHCARE,,2024-10,monthly,Average percentage of short-stay residents who were assessed and appropriately given the pneumococcal vaccine,91.8,Affiliated Entity Performance 20241030.csv,2026-01-26T14:50:26.785210,220.0
6A795B9F156B4C44,FAMILY OF CARING HEALTHCARE,,2024-10,monthly,Average percentage of short-stay residents who were assessed and appropriately given the seasonal influenza vaccine,84.2,Affiliated Entity Performance 20241030.csv,2026-01-26T14:50:26.785210,220.0
6A795B9F156B4C44,FAMILY OF CARING HEALTHCARE,,2024-10,monthly,Average percentage of short-stay residents who were re-hospitalized after a nursing home admission,24.3,Affiliated Entity Performance 20241030.csv,2026-01-26T14:50:26.785210,220.0
6A795B9F156B4C44,FAMILY OF CARING HEALTHCARE,,2024-10,monthly,Average percentage of short-stay residents with pressure ulcers or pressure injuries that are new or worsened,1.8,Affiliated Entity Performance 20241030.csv,2026-01-26T14:50:26.785210,220.0
6A795B9F156B4C44,FAMILY OF CARING HEALTHCARE,,2024-10,monthly,Average quality rating,4.3,Affiliated Entity Performance 20241030.csv,2026-01-26T14:50:26.785210,220.0
6A795B9F156B4C44,FAMILY OF CARING HEALTHCARE,,2024-10,monthly,Average rate of potentially preventable hospital readmissions 30 days after discharge from a SNF,9.9,Affiliated Entity Performance 20241030.csv,2026-01-26T14:50:26.785210,220.0
6A795B9F156B4C44,FAMILY OF CARING HEALTHCARE,,2024-10,monthly,Average staffing rating,3.1,Affiliated Entity Performance 20241030.csv,2026-01-26T14:50:26.785210,220.0
6A795B9F156B4C44,FAMILY OF CARING HEALTHCARE,,2024-10,monthly,Average total Registered Nurse hours per resident day,0.8,Affiliated Entity Performance 20241030.csv,2026-01-26T14:50:26.785210,220.0
6A795B9F156B4C44,FAMILY OF CARING HEALTHCARE,,2024-10,monthly,Average total nurse hours per resident day,4.0,Affiliated Entity Performance 20241030.csv,2026-01-26T14:50:26.785210,220.0
6A795B9F156B4C44,FAMILY OF CARING HEALTHCARE,,2024-10,monthly,Average total nursing staff turnover percentage,39.8,Affiliated Entity Performance 20241030.csv,2026-01-26T14:50:26.785210,220.0
6A795B9F156B4C44,FAMILY OF CARING HEALTHCARE,,2024-10,monthly,Average total weekend nurse hours per resident day,3.5,Affiliated Entity Performance 20241030.csv,2026-01-26T14:50:26.785210,220.0
6A795B9F156B4C44,FAMILY OF CARING HEALTHCARE,,2024-10,monthly,Number of SFF candidates,0.0,Affiliated Entity Performance 20241030.csv,2026-01-26T14:50:26.785210,220.0
6A795B9F156B4C44,FAMILY OF CARING HEALTHCARE,,2024-10,monthly,Number of Special Focus Facilities (SFF),0.0,Affiliated Entity Performance 20241030.csv,2026-01-26T14:50:26.785210,220.0
6A795B9F156B4C44,FAMILY OF CARING HEALTHCARE,,2024-10,monthly,Number of facilities,8.0,Affiliated Entity Performance 20241030.csv,2026-01-26T14:50:26.785210,220.0
6A795B9F156B4C44,FAMILY OF CARING HEALTHCARE,,2024-10,monthly,Number of facilities with an abuse icon,0.0,Affiliated Entity Performance 20241030.csv,2026-01-26T14:50:26.785210,220.0
6A795B9F156B4C44,FAMILY OF CARING HEALTHCARE,,2024-10,monthly,Number of states and territories with operations,1.0,Affiliated Entity Performance 20241030.csv,2026-01-26T14:50:26.785210,220.0
6A795B9F156B4C44,FAMILY OF CARING HEALTHCARE,,2024-10,monthly,Percent of facilities classified as for-profit,100.0,Affiliated Entity Performance 20241030.csv,2026-01-26T14:50:26.785210,220.0
6A795B9F156B4C44,FAMILY OF CARING HEALTHCARE,,2024-10,monthly,Percent of facilities classified as government-owned,0.0,Affiliated Entity Performance 20241030.csv,2026-01-26T14:50:26.785210,220.0
6A795B9F156B4C44,FAMILY OF CARING HEALTHCARE,,2024-10,monthly,Percent of facilities classified as non-profit,0.0,Affiliated Entity Performance 20241030.csv,2026-01-26T14:50:26.785210,220.0
6A795B9F156B4C44,FAMILY OF CARING HEALTHCARE,,2024-10,monthly,Percentage of facilities with an abuse icon,0.0,Affiliated Entity Performance 20241030.csv,2026-01-26T14:50:26.785210,220.0
6A795B9F156B4C44,FAMILY OF CARING HEALTHCARE,,2024-10,monthly,Total amount of fines in dollars,62436.46,Affiliated Entity Performance 20241030.csv,2026-01-26T14:50:26.785210,220.0
6A795B9F156B4C44,FAMILY OF CARING HEALTHCARE,,2024-10,monthly,Total number of fines,12.0,Affiliated Entity Performance 20241030.csv,2026-01-26T14:50:26.785210,220.0
6A795B9F156B4C44,FAMILY OF CARING HEALTHCARE,,2024-10,monthly,Total number of payment denials,1.0,Affiliated Entity Performance 20241030.csv,2026-01-26T14:50:26.785210,220.0
6A795B9F156B4C44,FAMILY OF CARING HEALTHCARE,,2024-11,monthly,Average Registered Nurse turnover percentage,33.7,Affiliated Entity Performance 20241126.csv,2026-01-26T14:50:27.396015,220.0
6A795B9F156B4C44,FAMILY OF CARING HEALTHCARE,,2024-11,monthly,Average amount of fines in dollars,7804.56,Affiliated Entity Performance 20241126.csv,2026-01-26T14:50:27.396015,220.0
6A795B9F156B4C44,FAMILY OF CARING HEALTHCARE,,2024-11,monthly,Average health inspection rating,3.6,Affiliated Entity Performance 20241126.csv,2026-01-26T14:50:27.396015,220.0
6A795B9F156B4C44,FAMILY OF CARING HEALTHCARE,,2024-11,monthly,Average number of administrators who have left the nursing home,0.8,Affiliated Entity Performance 20241126.csv,2026-01-26T14:50:27.396015,220.0
6A795B9F156B4C44,FAMILY OF CARING HEALTHCARE,,2024-11,monthly,Average number of fines,1.5,Affiliated Entity Performance 20241126.csv,2026-01-26T14:50:27.396015,220.0
6A795B9F156B4C44,FAMILY OF CARING HEALTHCARE,,2024-11,monthly,"Average number of hospitalizations per 1,000 long-stay resident days",1.59,Affiliated Entity Performance 20241126.csv,2026-01-26T14:50:27.396015,220.0
6A795B9F156B4C44,FAMILY OF CARING HEALTHCARE,,2024-11,monthly,"Average number of outpatient emergency department visits per 1,000 long-stay resident days",0.95,Affiliated Entity Performance 20241126.csv,2026-01-26T14:50:27.396015,220.0
6A795B9F156B4C44,FAMILY OF CARING HEALTHCARE,,2024-11,monthly,Average number of payment denials,0.1,Affiliated Entity Performance 20241126.csv,2026-01-26T14:50:27.396015,220.0
6A795B9F156B4C44,FAMILY OF CARING HEALTHCARE,,2024-11,monthly,Average overall 5-star rating,4.1,Affiliated Entity Performance 20241126.csv,2026-01-26T14:50:27.396015,220.0
6A795B9F156B4C44,FAMILY OF CARING HEALTHCARE,,2024-11,monthly,Average percentage of current residents up to date with COVID-19 vaccines,24.6,Affiliated Entity Performance 20241126.csv,2026-01-26T14:50:27.396015,220.0
6A795B9F156B4C44,FAMILY OF CARING HEALTHCARE,,2024-11,monthly,Average percentage of healthcare personnel up to date with COVID-19 vaccines,12.8,Affiliated Entity Performance 20241126.csv,2026-01-26T14:50:27.396015,220.0
6A795B9F156B4C44,FAMILY OF CARING HEALTHCARE,,2024-11,monthly,Average percentage of long-stay high-risk residents with pressure ulcers,8.4,Affiliated Entity Performance 20241126.csv,2026-01-26T14:50:27.396015,220.0
6A795B9F156B4C44,FAMILY OF CARING HEALTHCARE,,2024-11,monthly,Average percentage of long-stay low-risk residents who lose control of their bowels or bladder,39.7,Affiliated Entity Performance 20241126.csv,2026-01-26T14:50:27.396015,220.0
6A795B9F156B4C44,FAMILY OF CARING HEALTHCARE,,2024-11,monthly,Average percentage of long-stay residents experiencing one or more falls with major injury,3.0,Affiliated Entity Performance 20241126.csv,2026-01-26T14:50:27.396015,220.0
6A795B9F156B4C44,FAMILY OF CARING HEALTHCARE,,2024-11,monthly,Average percentage of long-stay residents who have or had a catheter inserted and left in their bladder,0.8,Affiliated Entity Performance 20241126.csv,2026-01-26T14:50:27.396015,220.0
6A795B9F156B4C44,FAMILY OF CARING HEALTHCARE,,2024-11,monthly,Average percentage of long-stay residents who have symptoms of depression,9.3,Affiliated Entity Performance 20241126.csv,2026-01-26T14:50:27.396015,220.0
6A795B9F156B4C44,FAMILY OF CARING HEALTHCARE,,2024-11,monthly,Average percentage of long-stay residents who lose too much weight,4.9,Affiliated Entity Performance 20241126.csv,2026-01-26T14:50:27.396015,220.0
6A795B9F156B4C44,FAMILY OF CARING HEALTHCARE,,2024-11,monthly,Average percentage of long-stay residents who received an antipsychotic medication,12.3,Affiliated Entity Performance 20241126.csv,2026-01-26T14:50:27.396015,220.0
6A795B9F156B4C44,FAMILY OF CARING HEALTHCARE,,2024-11,monthly,Average percentage of long-stay residents who used antianxiety or hypnotic medication,15.7,Affiliated Entity Performance 20241126.csv,2026-01-26T14:50:27.396015,220.0
6A795B9F156B4C44,FAMILY OF CARING HEALTHCARE,,2024-11,monthly,Average percentage of long-stay residents who were assessed and appropriately given the pneumococcal vaccine,97.9,Affiliated Entity Performance 20241126.csv,2026-01-26T14:50:27.396015,220.0
6A795B9F156B4C44,FAMILY OF CARING HEALTHCARE,,2024-11,monthly,Average percentage of long-stay residents who were assessed and appropriately given the seasonal influenza vaccine,94.9,Affiliated Entity Performance 20241126.csv,2026-01-26T14:50:27.396015,220.0
6A795B9F156B4C44,FAMILY OF CARING HEALTHCARE,,2024-11,monthly,Average percentage of long-stay residents who were physically restrained,0.0,Affiliated Entity Performance 20241126.csv,2026-01-26T14:50:27.396015,220.0
6A795B9F156B4C44,FAMILY OF CARING HEALTHCARE,,2024-11,monthly,Average percentage of long-stay residents whose ability to move independently worsened,11.5,Affiliated Entity Performance 20241126.csv,2026-01-26T14:50:27.396015,220.0
6A795B9F156B4C44,FAMILY OF CARING HEALTHCARE,,2024-11,monthly,Average percentage of long-stay residents whose need for help with activities of daily living has increased,10.8,Affiliated Entity Performance 20241126.csv,2026-01-26T14:50:27.396015,220.0
6A795B9F156B4C44,FAMILY OF CARING HEALTHCARE,,2024-11,monthly,Average percentage of long-stay residents with a urinary tract infection,1.5,Affiliated Entity Performance 20241126.csv,2026-01-26T14:50:27.396015,220.0
6A795B9F156B4C44,FAMILY OF CARING HEALTHCARE,,2024-11,monthly,Average percentage of short-stay residents who have had an outpatient emergency department visit,9.9,Affiliated Entity Performance 20241126.csv,2026-01-26T14:50:27.396015,220.0
6A795B9F156B4C44,FAMILY OF CARING HEALTHCARE,,2024-11,monthly,Average percentage of short-stay residents who made improvements in function,82.7,Affiliated Entity Performance 20241126.csv,2026-01-26T14:50:27.396015,220.0
6A795B9F156B4C44,FAMILY OF CARING HEALTHCARE,,2024-11,monthly,Average percentage of short-stay residents who newly received an antipsychotic medication,1.2,Affiliated Entity Performance 20241126.csv,2026-01-26T14:50:27.396015,220.0
6A795B9F156B4C44,FAMILY OF CARING HEALTHCARE,,2024-11,monthly,Average percentage of short-stay residents who were assessed and appropriately given the pneumococcal vaccine,91.8,Affiliated Entity Performance 20241126.csv,2026-01-26T14:50:27.396015,220.0
6A795B9F156B4C44,FAMILY OF CARING HEALTHCARE,,2024-11,monthly,Average percentage of short-stay residents who were assessed and appropriately given the seasonal influenza vaccine,84.2,Affiliated Entity Performance 20241126.csv,2026-01-26T14:50:27.396015,220.0
6A795B9F156B4C44,FAMILY OF CARING HEALTHCARE,,2024-11,monthly,Average percentage of short-stay residents who were re-hospitalized after a nursing home admission,24.3,Affiliated Entity Performance 20241126.csv,2026-01-26T14:50:27.396015,220.0
6A795B9F156B4C44,FAMILY OF CARING HEALTHCARE,,2024-11,monthly,Average percentage of short-stay residents with pressure ulcers or pressure injuries that are new or worsened,1.8,Affiliated Entity Performance 20241126.csv,2026-01-26T14:50:27.396015,220.0
6A795B9F156B4C44,FAMILY OF CARING HEALTHCARE,,2024-11,monthly,Average quality rating,4.3,Affiliated Entity Performance 20241126.csv,2026-01-26T14:50:27.396015,220.0
6A795B9F156B4C44,FAMILY OF CARING HEALTHCARE,,2024-11,monthly,Average rate of potentially preventable hospital readmissions 30 days after discharge from a SNF,9.9,Affiliated Entity Performance 20241126.csv,2026-01-26T14:50:27.396015,220.0
6A795B9F156B4C44,FAMILY OF CARING HEALTHCARE,,2024-11,monthly,Average staffing rating,3.1,Affiliated Entity Performance 20241126.csv,2026-01-26T14:50:27.396015,220.0
6A795B9F156B4C44,FAMILY OF CARING HEALTHCARE,,2024-11,monthly,Average total Registered Nurse hours per resident day,0.8,Affiliated Entity Performance 20241126.csv,2026-01-26T14:50:27.396015,220.0
6A795B9F156B4C44,FAMILY OF CARING HEALTHCARE,,2024-11,monthly,Average total nurse hours per resident day,4.0,Affiliated Entity Performance 20241126.csv,2026-01-26T14:50:27.396015,220.0
6A795B9F156B4C44,FAMILY OF CARING HEALTHCARE,,2024-11,monthly,Average total nursing staff turnover percentage,39.8,Affiliated Entity Performance 20241126.csv,2026-01-26T14:50:27.396015,220.0
6A795B9F156B4C44,FAMILY OF CARING HEALTHCARE,,2024-11,monthly,Average total weekend nurse hours per resident day,3.5,Affiliated Entity Performance 20241126.csv,2026-01-26T14:50:27.396015,220.0
6A795B9F156B4C44,FAMILY OF CARING HEALTHCARE,,2024-11,monthly,Number of SFF candidates,0.0,Affiliated Entity Performance 20241126.csv,2026-01-26T14:50:27.396015,220.0
6A795B9F156B4C44,FAMILY OF CARING HEALTHCARE,,2024-11,monthly,Number of Special Focus Facilities (SFF),0.0,Affiliated Entity Performance 20241126.csv,2026-01-26T14:50:27.396015,220.0
6A795B9F156B4C44,FAMILY OF CARING HEALTHCARE,,2024-11,monthly,Number of facilities,8.0,Affiliated Entity Performance 20241126.csv,2026-01-26T14:50:27.396015,220.0
6A795B9F156B4C44,FAMILY OF CARING HEALTHCARE,,2024-11,monthly,Number of facilities with an abuse icon,0.0,Affiliated Entity Performance 20241126.csv,2026-01-26T14:50:27.396015,220.0
6A795B9F156B4C44,FAMILY OF CARING HEALTHCARE,,2024-11,monthly,Number of states and territories with operations,1.0,Affiliated Entity Performance 20241126.csv,2026-01-26T14:50:27.396015,220.0
6A795B9F156B4C44,FAMILY OF CARING HEALTHCARE,,2024-11,monthly,Percent of facilities classified as for-profit,100.0,Affiliated Entity Performance 20241126.csv,2026-01-26T14:50:27.396015,220.0
6A795B9F156B4C44,FAMILY OF CARING HEALTHCARE,,2024-11,monthly,Percent of facilities classified as government-owned,0.0,Affiliated Entity Performance 20241126.csv,2026-01-26T14:50:27.396015,220.0
6A795B9F156B4C44,FAMILY OF CARING HEALTHCARE,,2024-11,monthly,Percent of facilities classified as non-profit,0.0,Affiliated Entity Performance 20241126.csv,2026-01-26T14:50:27.396015,220.0
6A795B9F156B4C44,FAMILY OF CARING HEALTHCARE,,2024-11,monthly,Percentage of facilities with an abuse icon,0.0,Affiliated Entity Performance 20241126.csv,2026-01-26T14:50:27.396015,220.0
6A795B9F156B4C44,FAMILY OF CARING HEALTHCARE,,2024-11,monthly,Total amount of fines in dollars,62436.46,Affiliated Entity Performance 20241126.csv,2026-01-26T14:50:27.396015,220.0
6A795B9F156B4C44,FAMILY OF CARING HEALTHCARE,,2024-11,monthly,Total number of fines,12.0,Affiliated Entity Performance 20241126.csv,2026-01-26T14:50:27.396015,220.0
6A795B9F156B4C44,FAMILY OF CARING HEALTHCARE,,2024-11,monthly,Total number of payment denials,1.0,Affiliated Entity Performance 20241126.csv,2026-01-26T14:50:27.396015,220.0
6A795B9F156B4C44,FAMILY OF CARING HEALTHCARE,,2025-01,monthly,Average Registered Nurse turnover percentage,28.9,Affiliated Entity Performance 20250121.csv,2026-01-26T14:50:27.919355,220.0
6A795B9F156B4C44,FAMILY OF CARING HEALTHCARE,,2025-01,monthly,Average amount of fines in dollars,6423.31,Affiliated Entity Performance 20250121.csv,2026-01-26T14:50:27.919355,220.0
6A795B9F156B4C44,FAMILY OF CARING HEALTHCARE,,2025-01,monthly,Average health inspection rating,3.8,Affiliated Entity Performance 20250121.csv,2026-01-26T14:50:27.919355,220.0
6A795B9F156B4C44,FAMILY OF CARING HEALTHCARE,,2025-01,monthly,Average number of administrators who have left the nursing home,0.9,Affiliated Entity Performance 20250121.csv,2026-01-26T14:50:27.919355,220.0
6A795B9F156B4C44,FAMILY OF CARING HEALTHCARE,,2025-01,monthly,Average number of fines,1.3,Affiliated Entity Performance 20250121.csv,2026-01-26T14:50:27.919355,220.0
6A795B9F156B4C44,FAMILY OF CARING HEALTHCARE,,2025-01,monthly,"Average number of hospitalizations per 1,000 long-stay resident days",1.57,Affiliated Entity Performance 20250121.csv,2026-01-26T14:50:27.919355,220.0
6A795B9F156B4C44,FAMILY OF CARING HEALTHCARE,,2025-01,monthly,"Average number of outpatient emergency department visits per 1,000 long-stay resident days",0.92,Affiliated Entity Performance 20250121.csv,2026-01-26T14:50:27.919355,220.0
6A795B9F156B4C44,FAMILY OF CARING HEALTHCARE,,2025-01,monthly,Average number of payment denials,0.1,Affiliated Entity Performance 20250121.csv,2026-01-26T14:50:27.919355,220.0
6A795B9F156B4C44,FAMILY OF CARING HEALTHCARE,,2025-01,monthly,Average overall 5-star rating,4.1,Affiliated Entity Performance 20250121.csv,2026-01-26T14:50:27.919355,220.0
6A795B9F156B4C44,FAMILY OF CARING HEALTHCARE,,2025-01,monthly,Average percentage of current residents up to date with COVID-19 vaccines,27.8,Affiliated Entity Performance 20250121.csv,2026-01-26T14:50:27.919355,220.0
6A795B9F156B4C44,FAMILY OF CARING HEALTHCARE,,2025-01,monthly,Average percentage of healthcare personnel up to date with COVID-19 vaccines,13.3,Affiliated Entity Performance 20250121.csv,2026-01-26T14:50:27.919355,220.0
6A795B9F156B4C44,FAMILY OF CARING HEALTHCARE,,2025-01,monthly,Average percentage of long-stay residents experiencing one or more falls with major injury,3.2,Affiliated Entity Performance 20250121.csv,2026-01-26T14:50:27.919355,220.0
6A795B9F156B4C44,FAMILY OF CARING HEALTHCARE,,2025-01,monthly,Average percentage of long-stay residents who have or had a catheter inserted and left in their bladder,1.1,Affiliated Entity Performance 20250121.csv,2026-01-26T14:50:27.919355,220.0
6A795B9F156B4C44,FAMILY OF CARING HEALTHCARE,,2025-01,monthly,Average percentage of long-stay residents who have symptoms of depression,8.4,Affiliated Entity Performance 20250121.csv,2026-01-26T14:50:27.919355,220.0
6A795B9F156B4C44,FAMILY OF CARING HEALTHCARE,,2025-01,monthly,Average percentage of long-stay residents who lose too much weight,4.9,Affiliated Entity Performance 20250121.csv,2026-01-26T14:50:27.919355,220.0
6A795B9F156B4C44,FAMILY OF CARING HEALTHCARE,,2025-01,monthly,Average percentage of long-stay residents who received an antipsychotic medication,13.0,Affiliated Entity Performance 20250121.csv,2026-01-26T14:50:27.919355,220.0
6A795B9F156B4C44,FAMILY OF CARING HEALTHCARE,,2025-01,monthly,Average percentage of long-stay residents who used antianxiety or hypnotic medication,15.5,Affiliated Entity Performance 20250121.csv,2026-01-26T14:50:27.919355,220.0
6A795B9F156B4C44,FAMILY OF CARING HEALTHCARE,,2025-01,monthly,Average percentage of long-stay residents who were assessed and appropriately given the pneumococcal vaccine,98.8,Affiliated Entity Performance 20250121.csv,2026-01-26T14:50:27.919355,220.0
6A795B9F156B4C44,FAMILY OF CARING HEALTHCARE,,2025-01,monthly,Average percentage of long-stay residents who were assessed and appropriately given the seasonal influenza vaccine,94.9,Affiliated Entity Performance 20250121.csv,2026-01-26T14:50:27.919355,220.0
6A795B9F156B4C44,FAMILY OF CARING HEALTHCARE,,2025-01,monthly,Average percentage of long-stay residents who were physically restrained,0.0,Affiliated Entity Performance 20250121.csv,2026-01-26T14:50:27.919355,220.0
6A795B9F156B4C44,FAMILY OF CARING HEALTHCARE,,2025-01,monthly,Average percentage of long-stay residents whose ability to move independently worsened,14.2,Affiliated Entity Performance 20250121.csv,2026-01-26T14:50:27.919355,220.0
6A795B9F156B4C44,FAMILY OF CARING HEALTHCARE,,2025-01,monthly,Average percentage of long-stay residents whose need for help with activities of daily living has increased,9.4,Affiliated Entity Performance 20250121.csv,2026-01-26T14:50:27.919355,220.0
6A795B9F156B4C44,FAMILY OF CARING HEALTHCARE,,2025-01,monthly,Average percentage of long-stay residents with a urinary tract infection,1.4,Affiliated Entity Performance 20250121.csv,2026-01-26T14:50:27.919355,220.0
6A795B9F156B4C44,FAMILY OF CARING HEALTHCARE,,2025-01,monthly,Average percentage of long-stay residents with new or worsened bowel or bladder incontinence,17.3,Affiliated Entity Performance 20250121.csv,2026-01-26T14:50:27.919355,220.0
6A795B9F156B4C44,FAMILY OF CARING HEALTHCARE,,2025-01,monthly,Average percentage of long-stay residents with pressure ulcers,6.0,Affiliated Entity Performance 20250121.csv,2026-01-26T14:50:27.919355,220.0
6A795B9F156B4C44,FAMILY OF CARING HEALTHCARE,,2025-01,monthly,Average percentage of short-stay residents who are at or above an expected ability to care for themselves and move around at discharge,51.1,Affiliated Entity Performance 20250121.csv,2026-01-26T14:50:27.919355,220.0
6A795B9F156B4C44,FAMILY OF CARING HEALTHCARE,,2025-01,monthly,Average percentage of short-stay residents who have had an outpatient emergency department visit,10.5,Affiliated Entity Performance 20250121.csv,2026-01-26T14:50:27.919355,220.0
6A795B9F156B4C44,FAMILY OF CARING HEALTHCARE,,2025-01,monthly,Average percentage of short-stay residents who newly received an antipsychotic medication,1.3,Affiliated Entity Performance 20250121.csv,2026-01-26T14:50:27.919355,220.0
6A795B9F156B4C44,FAMILY OF CARING HEALTHCARE,,2025-01,monthly,Average percentage of short-stay residents who were assessed and appropriately given the pneumococcal vaccine,95.5,Affiliated Entity Performance 20250121.csv,2026-01-26T14:50:27.919355,220.0
6A795B9F156B4C44,FAMILY OF CARING HEALTHCARE,,2025-01,monthly,Average percentage of short-stay residents who were assessed and appropriately given the seasonal influenza vaccine,86.5,Affiliated Entity Performance 20250121.csv,2026-01-26T14:50:27.919355,220.0
6A795B9F156B4C44,FAMILY OF CARING HEALTHCARE,,2025-01,monthly,Average percentage of short-stay residents who were re-hospitalized after a nursing home admission,26.1,Affiliated Entity Performance 20250121.csv,2026-01-26T14:50:27.919355,220.0
6A795B9F156B4C44,FAMILY OF CARING HEALTHCARE,,2025-01,monthly,Average percentage of short-stay residents with pressure ulcers or pressure injuries that are new or worsened,2.1,Affiliated Entity Performance 20250121.csv,2026-01-26T14:50:27.919355,220.0
6A795B9F156B4C44,FAMILY OF CARING HEALTHCARE,,2025-01,monthly,Average quality rating,4.3,Affiliated Entity Performance 20250121.csv,2026-01-26T14:50:27.919355,220.0
6A795B9F156B4C44,FAMILY OF CARING HEALTHCARE,,2025-01,monthly,Average rate of potentially preventable hospital readmissions 30 days after discharge from a SNF,9.9,Affiliated Entity Performance 20250121.csv,2026-01-26T14:50:27.919355,220.0
6A795B9F156B4C44,FAMILY OF CARING HEALTHCARE,,2025-01,monthly,Average staffing rating,3.0,Affiliated Entity Performance 20250121.csv,2026-01-26T14:50:27.919355,220.0
6A795B9F156B4C44,FAMILY OF CARING HEALTHCARE,,2025-01,monthly,Average total Registered Nurse hours per resident day,0.8,Affiliated Entity Performance 20250121.csv,2026-01-26T14:50:27.919355,220.0
6A795B9F156B4C44,FAMILY OF CARING HEALTHCARE,,2025-01,monthly,Average total nurse hours per resident day,4.1,Affiliated Entity Performance 20250121.csv,2026-01-26T14:50:27.919355,220.0
6A795B9F156B4C44,FAMILY OF CARING HEALTHCARE,,2025-01,monthly,Average total nursing staff turnover percentage,38.6,Affiliated Entity Performance 20250121.csv,2026-01-26T14:50:27.919355,220.0
6A795B9F156B4C44,FAMILY OF CARING HEALTHCARE,,2025-01,monthly,Average total weekend nurse hours per resident day,3.6,Affiliated Entity Performance 20250121.csv,2026-01-26T14:50:27.919355,220.0
6A795B9F156B4C44,FAMILY OF CARING HEALTHCARE,,2025-01,monthly,Number of SFF candidates,0.0,Affiliated Entity Performance 20250121.csv,2026-01-26T14:50:27.919355,220.0
6A795B9F156B4C44,FAMILY OF CARING HEALTHCARE,,2025-01,monthly,Number of Special Focus Facilities (SFF),0.0,Affiliated Entity Performance 20250121.csv,2026-01-26T14:50:27.919355,220.0
6A795B9F156B4C44,FAMILY OF CARING HEALTHCARE,,2025-01,monthly,Number of facilities,8.0,Affiliated Entity Performance 20250121.csv,2026-01-26T14:50:27.919355,220.0
6A795B9F156B4C44,FAMILY OF CARING HEALTHCARE,,2025-01,monthly,Number of facilities with an abuse icon,0.0,Affiliated Entity Performance 20250121.csv,2026-01-26T14:50:27.919355,220.0
6A795B9F156B4C44,FAMILY OF CARING HEALTHCARE,,2025-01,monthly,Number of states and territories with operations,1.0,Affiliated Entity Performance 20250121.csv,2026-01-26T14:50:27.919355,220.0
6A795B9F156B4C44,FAMILY OF CARING HEALTHCARE,,2025-01,monthly,Percent of facilities classified as for-profit,100.0,Affiliated Entity Performance 20250121.csv,2026-01-26T14:50:27.919355,220.0
6A795B9F156B4C44,FAMILY OF CARING HEALTHCARE,,2025-01,monthly,Percent of facilities classified as government-owned,0.0,Affiliated Entity Performance 20250121.csv,2026-01-26T14:50:27.919355,220.0
6A795B9F156B4C44,FAMILY OF CARING HEALTHCARE,,2025-01,monthly,Percent of facilities classified as non-profit,0.0,Affiliated Entity Performance 20250121.csv,2026-01-26T14:50:27.919355,220.0
6A795B9F156B4C44,FAMILY OF CARING HEALTHCARE,,2025-01,monthly,Percentage of facilities with an abuse icon,0.0,Affiliated Entity Performance 20250121.csv,2026-01-26T14:50:27.919355,220.0
6A795B9F156B4C44,FAMILY OF CARING HEALTHCARE,,2025-01,monthly,Total amount of fines in dollars,51386.46,Affiliated Entity Performance 20250121.csv,2026-01-26T14:50:27.919355,220.0
6A795B9F156B4C44,FAMILY OF CARING HEALTHCARE,,2025-01,monthly,Total number of fines,10.0,Affiliated Entity Performance 20250121.csv,2026-01-26T14:50:27.919355,220.0
6A795B9F156B4C44,FAMILY OF CARING HEALTHCARE,,2025-01,monthly,Total number of payment denials,1.0,Affiliated Entity Performance 20250121.csv,2026-01-26T14:50:27.919355,220.0
6A795B9F156B4C44,FAMILY OF CARING HEALTHCARE,,2025-02,monthly,Average Registered Nurse turnover percentage,28.9,Affiliated Entity Performance 20250225.csv,2026-01-26T14:50:28.396328,220.0
6A795B9F156B4C44,FAMILY OF CARING HEALTHCARE,,2025-02,monthly,Average amount of fines in dollars,5809.24,Affiliated Entity Performance 20250225.csv,2026-01-26T14:50:28.396328,220.0
6A795B9F156B4C44,FAMILY OF CARING HEALTHCARE,,2025-02,monthly,Average health inspection rating,3.8,Affiliated Entity Performance 20250225.csv,2026-01-26T14:50:28.396328,220.0
6A795B9F156B4C44,FAMILY OF CARING HEALTHCARE,,2025-02,monthly,Average number of administrators who have left the nursing home,0.9,Affiliated Entity Performance 20250225.csv,2026-01-26T14:50:28.396328,220.0
6A795B9F156B4C44,FAMILY OF CARING HEALTHCARE,,2025-02,monthly,Average number of fines,1.0,Affiliated Entity Performance 20250225.csv,2026-01-26T14:50:28.396328,220.0
6A795B9F156B4C44,FAMILY OF CARING HEALTHCARE,,2025-02,monthly,"Average number of hospitalizations per 1,000 long-stay resident days",1.57,Affiliated Entity Performance 20250225.csv,2026-01-26T14:50:28.396328,220.0
6A795B9F156B4C44,FAMILY OF CARING HEALTHCARE,,2025-02,monthly,"Average number of outpatient emergency department visits per 1,000 long-stay resident days",0.92,Affiliated Entity Performance 20250225.csv,2026-01-26T14:50:28.396328,220.0
6A795B9F156B4C44,FAMILY OF CARING HEALTHCARE,,2025-02,monthly,Average number of payment denials,0.1,Affiliated Entity Performance 20250225.csv,2026-01-26T14:50:28.396328,220.0
6A795B9F156B4C44,FAMILY OF CARING HEALTHCARE,,2025-02,monthly,Average overall 5-star rating,4.1,Affiliated Entity Performance 20250225.csv,2026-01-26T14:50:28.396328,220.0
6A795B9F156B4C44,FAMILY OF CARING HEALTHCARE,,2025-02,monthly,Average percentage of current residents up to date with COVID-19 vaccines,30.8,Affiliated Entity Performance 20250225.csv,2026-01-26T14:50:28.396328,220.0
6A795B9F156B4C44,FAMILY OF CARING HEALTHCARE,,2025-02,monthly,Average percentage of healthcare personnel up to date with COVID-19 vaccines,13.2,Affiliated Entity Performance 20250225.csv,2026-01-26T14:50:28.396328,220.0
6A795B9F156B4C44,FAMILY OF CARING HEALTHCARE,,2025-02,monthly,Average percentage of long-stay residents experiencing one or more falls with major injury,3.2,Affiliated Entity Performance 20250225.csv,2026-01-26T14:50:28.396328,220.0
6A795B9F156B4C44,FAMILY OF CARING HEALTHCARE,,2025-02,monthly,Average percentage of long-stay residents who have or had a catheter inserted and left in their bladder,1.1,Affiliated Entity Performance 20250225.csv,2026-01-26T14:50:28.396328,220.0
6A795B9F156B4C44,FAMILY OF CARING HEALTHCARE,,2025-02,monthly,Average percentage of long-stay residents who have symptoms of depression,8.4,Affiliated Entity Performance 20250225.csv,2026-01-26T14:50:28.396328,220.0
6A795B9F156B4C44,FAMILY OF CARING HEALTHCARE,,2025-02,monthly,Average percentage of long-stay residents who lose too much weight,4.9,Affiliated Entity Performance 20250225.csv,2026-01-26T14:50:28.396328,220.0
6A795B9F156B4C44,FAMILY OF CARING HEALTHCARE,,2025-02,monthly,Average percentage of long-stay residents who received an antipsychotic medication,13.0,Affiliated Entity Performance 20250225.csv,2026-01-26T14:50:28.396328,220.0
6A795B9F156B4C44,FAMILY OF CARING HEALTHCARE,,2025-02,monthly,Average percentage of long-stay residents who used antianxiety or hypnotic medication,15.5,Affiliated Entity Performance 20250225.csv,2026-01-26T14:50:28.396328,220.0
6A795B9F156B4C44,FAMILY OF CARING HEALTHCARE,,2025-02,monthly,Average percentage of long-stay residents who were assessed and appropriately given the pneumococcal vaccine,98.8,Affiliated Entity Performance 20250225.csv,2026-01-26T14:50:28.396328,220.0
6A795B9F156B4C44,FAMILY OF CARING HEALTHCARE,,2025-02,monthly,Average percentage of long-stay residents who were assessed and appropriately given the seasonal influenza vaccine,94.9,Affiliated Entity Performance 20250225.csv,2026-01-26T14:50:28.396328,220.0
6A795B9F156B4C44,FAMILY OF CARING HEALTHCARE,,2025-02,monthly,Average percentage of long-stay residents who were physically restrained,0.0,Affiliated Entity Performance 20250225.csv,2026-01-26T14:50:28.396328,220.0
6A795B9F156B4C44,FAMILY OF CARING HEALTHCARE,,2025-02,monthly,Average percentage of long-stay residents whose ability to move independently worsened,14.2,Affiliated Entity Performance 20250225.csv,2026-01-26T14:50:28.396328,220.0
6A795B9F156B4C44,FAMILY OF CARING HEALTHCARE,,2025-02,monthly,Average percentage of long-stay residents whose need for help with activities of daily living has increased,9.4,Affiliated Entity Performance 20250225.csv,2026-01-26T14:50:28.396328,220.0
6A795B9F156B4C44,FAMILY OF CARING HEALTHCARE,,2025-02,monthly,Average percentage of long-stay residents with a urinary tract infection,1.4,Affiliated Entity Performance 20250225.csv,2026-01-26T14:50:28.396328,220.0
6A795B9F156B4C44,FAMILY OF CARING HEALTHCARE,,2025-02,monthly,Average percentage of long-stay residents with new or worsened bowel or bladder incontinence,17.3,Affiliated Entity Performance 20250225.csv,2026-01-26T14:50:28.396328,220.0
6A795B9F156B4C44,FAMILY OF CARING HEALTHCARE,,2025-02,monthly,Average percentage of long-stay residents with pressure ulcers,6.0,Affiliated Entity Performance 20250225.csv,2026-01-26T14:50:28.396328,220.0
6A795B9F156B4C44,FAMILY OF CARING HEALTHCARE,,2025-02,monthly,Average percentage of short-stay residents who are at or above an expected ability to care for themselves and move around at discharge,51.1,Affiliated Entity Performance 20250225.csv,2026-01-26T14:50:28.396328,220.0
6A795B9F156B4C44,FAMILY OF CARING HEALTHCARE,,2025-02,monthly,Average percentage of short-stay residents who have had an outpatient emergency department visit,10.5,Affiliated Entity Performance 20250225.csv,2026-01-26T14:50:28.396328,220.0
6A795B9F156B4C44,FAMILY OF CARING HEALTHCARE,,2025-02,monthly,Average percentage of short-stay residents who newly received an antipsychotic medication,1.3,Affiliated Entity Performance 20250225.csv,2026-01-26T14:50:28.396328,220.0
6A795B9F156B4C44,FAMILY OF CARING HEALTHCARE,,2025-02,monthly,Average percentage of short-stay residents who were assessed and appropriately given the pneumococcal vaccine,95.5,Affiliated Entity Performance 20250225.csv,2026-01-26T14:50:28.396328,220.0
6A795B9F156B4C44,FAMILY OF CARING HEALTHCARE,,2025-02,monthly,Average percentage of short-stay residents who were assessed and appropriately given the seasonal influenza vaccine,86.5,Affiliated Entity Performance 20250225.csv,2026-01-26T14:50:28.396328,220.0
6A795B9F156B4C44,FAMILY OF CARING HEALTHCARE,,2025-02,monthly,Average percentage of short-stay residents who were re-hospitalized after a nursing home admission,26.1,Affiliated Entity Performance 20250225.csv,2026-01-26T14:50:28.396328,220.0
6A795B9F156B4C44,FAMILY OF CARING HEALTHCARE,,2025-02,monthly,Average percentage of short-stay residents with pressure ulcers or pressure injuries that are new or worsened,2.1,Affiliated Entity Performance 20250225.csv,2026-01-26T14:50:28.396328,220.0
6A795B9F156B4C44,FAMILY OF CARING HEALTHCARE,,2025-02,monthly,Average quality rating,4.3,Affiliated Entity Performance 20250225.csv,2026-01-26T14:50:28.396328,220.0
6A795B9F156B4C44,FAMILY OF CARING HEALTHCARE,,2025-02,monthly,Average rate of potentially preventable hospital readmissions 30 days after discharge from a SNF,9.9,Affiliated Entity Performance 20250225.csv,2026-01-26T14:50:28.396328,220.0
6A795B9F156B4C44,FAMILY OF CARING HEALTHCARE,,2025-02,monthly,Average staffing rating,3.0,Affiliated Entity Performance 20250225.csv,2026-01-26T14:50:28.396328,220.0
6A795B9F156B4C44,FAMILY OF CARING HEALTHCARE,,2025-02,monthly,Average total Registered Nurse hours per resident day,0.8,Affiliated Entity Performance 20250225.csv,2026-01-26T14:50:28.396328,220.0
6A795B9F156B4C44,FAMILY OF CARING HEALTHCARE,,2025-02,monthly,Average total nurse hours per resident day,4.1,Affiliated Entity Performance 20250225.csv,2026-01-26T14:50:28.396328,220.0
6A795B9F156B4C44,FAMILY OF CARING HEALTHCARE,,2025-02,monthly,Average total nursing staff turnover percentage,38.6,Affiliated Entity Performance 20250225.csv,2026-01-26T14:50:28.396328,220.0
6A795B9F156B4C44,FAMILY OF CARING HEALTHCARE,,2025-02,monthly,Average total weekend nurse hours per resident day,3.6,Affiliated Entity Performance 20250225.csv,2026-01-26T14:50:28.396328,220.0
6A795B9F156B4C44,FAMILY OF CARING HEALTHCARE,,2025-02,monthly,Number of SFF candidates,0.0,Affiliated Entity Performance 20250225.csv,2026-01-26T14:50:28.396328,220.0
6A795B9F156B4C44,FAMILY OF CARING HEALTHCARE,,2025-02,monthly,Number of Special Focus Facilities (SFF),0.0,Affiliated Entity Performance 20250225.csv,2026-01-26T14:50:28.396328,220.0
6A795B9F156B4C44,FAMILY OF CARING HEALTHCARE,,2025-02,monthly,Number of facilities,8.0,Affiliated Entity Performance 20250225.csv,2026-01-26T14:50:28.396328,220.0
6A795B9F156B4C44,FAMILY OF CARING HEALTHCARE,,2025-02,monthly,Number of facilities with an abuse icon,0.0,Affiliated Entity Performance 20250225.csv,2026-01-26T14:50:28.396328,220.0
6A795B9F156B4C44,FAMILY OF CARING HEALTHCARE,,2025-02,monthly,Number of states and territories with operations,1.0,Affiliated Entity Performance 20250225.csv,2026-01-26T14:50:28.396328,220.0
6A795B9F156B4C44,FAMILY OF CARING HEALTHCARE,,2025-02,monthly,Percent of facilities classified as for-profit,100.0,Affiliated Entity Performance 20250225.csv,2026-01-26T14:50:28.396328,220.0
6A795B9F156B4C44,FAMILY OF CARING HEALTHCARE,,2025-02,monthly,Percent of facilities classified as government-owned,0.0,Affiliated Entity Performance 20250225.csv,2026-01-26T14:50:28.396328,220.0
6A795B9F156B4C44,FAMILY OF CARING HEALTHCARE,,2025-02,monthly,Percent of facilities classified as non-profit,0.0,Affiliated Entity Performance 20250225.csv,2026-01-26T14:50:28.396328,220.0
6A795B9F156B4C44,FAMILY OF CARING HEALTHCARE,,2025-02,monthly,Percentage of facilities with an abuse icon,0.0,Affiliated Entity Performance 20250225.csv,2026-01-26T14:50:28.396328,220.0
6A795B9F156B4C44,FAMILY OF CARING HEALTHCARE,,2025-02,monthly,Total amount of fines in dollars,46473.89,Affiliated Entity Performance 20250225.csv,2026-01-26T14:50:28.396328,220.0
6A795B9F156B4C44,FAMILY OF CARING HEALTHCARE,,2025-02,monthly,Total number of fines,8.0,Affiliated Entity Performance 20250225.csv,2026-01-26T14:50:28.396328,220.0
6A795B9F156B4C44,FAMILY OF CARING HEALTHCARE,,2025-02,monthly,Total number of payment denials,1.0,Affiliated Entity Performance 20250225.csv,2026-01-26T14:50:28.396328,220.0
6A795B9F156B4C44,FAMILY OF CARING HEALTHCARE,,2025-03,monthly,Average Registered Nurse turnover percentage,28.9,Affiliated Entity Performance 20250320.csv,2026-01-26T14:50:28.880649,220.0
6A795B9F156B4C44,FAMILY OF CARING HEALTHCARE,,2025-03,monthly,Average amount of fines in dollars,5809.24,Affiliated Entity Performance 20250320.csv,2026-01-26T14:50:28.880649,220.0
6A795B9F156B4C44,FAMILY OF CARING HEALTHCARE,,2025-03,monthly,Average health inspection rating,3.6,Affiliated Entity Performance 20250320.csv,2026-01-26T14:50:28.880649,220.0
6A795B9F156B4C44,FAMILY OF CARING HEALTHCARE,,2025-03,monthly,Average number of administrators who have left the nursing home,0.9,Affiliated Entity Performance 20250320.csv,2026-01-26T14:50:28.880649,220.0
6A795B9F156B4C44,FAMILY OF CARING HEALTHCARE,,2025-03,monthly,Average number of fines,1.0,Affiliated Entity Performance 20250320.csv,2026-01-26T14:50:28.880649,220.0
6A795B9F156B4C44,FAMILY OF CARING HEALTHCARE,,2025-03,monthly,"Average number of hospitalizations per 1,000 long-stay resident days",1.57,Affiliated Entity Performance 20250320.csv,2026-01-26T14:50:28.880649,220.0
6A795B9F156B4C44,FAMILY OF CARING HEALTHCARE,,2025-03,monthly,"Average number of outpatient emergency department visits per 1,000 long-stay resident days",0.92,Affiliated Entity Performance 20250320.csv,2026-01-26T14:50:28.880649,220.0
6A795B9F156B4C44,FAMILY OF CARING HEALTHCARE,,2025-03,monthly,Average number of payment denials,0.1,Affiliated Entity Performance 20250320.csv,2026-01-26T14:50:28.880649,220.0
6A795B9F156B4C44,FAMILY OF CARING HEALTHCARE,,2025-03,monthly,Average overall 5-star rating,4.0,Affiliated Entity Performance 20250320.csv,2026-01-26T14:50:28.880649,220.0
6A795B9F156B4C44,FAMILY OF CARING HEALTHCARE,,2025-03,monthly,Average percentage of current residents up to date with COVID-19 vaccines,28.3,Affiliated Entity Performance 20250320.csv,2026-01-26T14:50:28.880649,220.0
6A795B9F156B4C44,FAMILY OF CARING HEALTHCARE,,2025-03,monthly,Average percentage of healthcare personnel up to date with COVID-19 vaccines,13.2,Affiliated Entity Performance 20250320.csv,2026-01-26T14:50:28.880649,220.0
6A795B9F156B4C44,FAMILY OF CARING HEALTHCARE,,2025-03,monthly,Average percentage of long-stay residents experiencing one or more falls with major injury,3.2,Affiliated Entity Performance 20250320.csv,2026-01-26T14:50:28.880649,220.0
6A795B9F156B4C44,FAMILY OF CARING HEALTHCARE,,2025-03,monthly,Average percentage of long-stay residents who have or had a catheter inserted and left in their bladder,1.1,Affiliated Entity Performance 20250320.csv,2026-01-26T14:50:28.880649,220.0
6A795B9F156B4C44,FAMILY OF CARING HEALTHCARE,,2025-03,monthly,Average percentage of long-stay residents who have symptoms of depression,8.4,Affiliated Entity Performance 20250320.csv,2026-01-26T14:50:28.880649,220.0
6A795B9F156B4C44,FAMILY OF CARING HEALTHCARE,,2025-03,monthly,Average percentage of long-stay residents who lose too much weight,4.9,Affiliated Entity Performance 20250320.csv,2026-01-26T14:50:28.880649,220.0
6A795B9F156B4C44,FAMILY OF CARING HEALTHCARE,,2025-03,monthly,Average percentage of long-stay residents who received an antipsychotic medication,13.0,Affiliated Entity Performance 20250320.csv,2026-01-26T14:50:28.880649,220.0
6A795B9F156B4C44,FAMILY OF CARING HEALTHCARE,,2025-03,monthly,Average percentage of long-stay residents who used antianxiety or hypnotic medication,15.5,Affiliated Entity Performance 20250320.csv,2026-01-26T14:50:28.880649,220.0
6A795B9F156B4C44,FAMILY OF CARING HEALTHCARE,,2025-03,monthly,Average percentage of long-stay residents who were assessed and appropriately given the pneumococcal vaccine,98.8,Affiliated Entity Performance 20250320.csv,2026-01-26T14:50:28.880649,220.0
6A795B9F156B4C44,FAMILY OF CARING HEALTHCARE,,2025-03,monthly,Average percentage of long-stay residents who were assessed and appropriately given the seasonal influenza vaccine,94.9,Affiliated Entity Performance 20250320.csv,2026-01-26T14:50:28.880649,220.0
6A795B9F156B4C44,FAMILY OF CARING HEALTHCARE,,2025-03,monthly,Average percentage of long-stay residents who were physically restrained,0.0,Affiliated Entity Performance 20250320.csv,2026-01-26T14:50:28.880649,220.0
6A795B9F156B4C44,FAMILY OF CARING HEALTHCARE,,2025-03,monthly,Average percentage of long-stay residents whose ability to move independently worsened,14.2,Affiliated Entity Performance 20250320.csv,2026-01-26T14:50:28.880649,220.0
6A795B9F156B4C44,FAMILY OF CARING HEALTHCARE,,2025-03,monthly,Average percentage of long-stay residents whose need for help with activities of daily living has increased,9.4,Affiliated Entity Performance 20250320.csv,2026-01-26T14:50:28.880649,220.0
6A795B9F156B4C44,FAMILY OF CARING HEALTHCARE,,2025-03,monthly,Average percentage of long-stay residents with a urinary tract infection,1.4,Affiliated Entity Performance 20250320.csv,2026-01-26T14:50:28.880649,220.0
6A795B9F156B4C44,FAMILY OF CARING HEALTHCARE,,2025-03,monthly,Average percentage of long-stay residents with new or worsened bowel or bladder incontinence,17.3,Affiliated Entity Performance 20250320.csv,2026-01-26T14:50:28.880649,220.0
6A795B9F156B4C44,FAMILY OF CARING HEALTHCARE,,2025-03,monthly,Average percentage of long-stay residents with pressure ulcers,6.0,Affiliated Entity Performance 20250320.csv,2026-01-26T14:50:28.880649,220.0
6A795B9F156B4C44,FAMILY OF CARING HEALTHCARE,,2025-03,monthly,Average percentage of short-stay residents who are at or above an expected ability to care for themselves and move around at discharge,51.1,Affiliated Entity Performance 20250320.csv,2026-01-26T14:50:28.880649,220.0
6A795B9F156B4C44,FAMILY OF CARING HEALTHCARE,,2025-03,monthly,Average percentage of short-stay residents who have had an outpatient emergency department visit,10.5,Affiliated Entity Performance 20250320.csv,2026-01-26T14:50:28.880649,220.0
6A795B9F156B4C44,FAMILY OF CARING HEALTHCARE,,2025-03,monthly,Average percentage of short-stay residents who newly received an antipsychotic medication,1.3,Affiliated Entity Performance 20250320.csv,2026-01-26T14:50:28.880649,220.0
6A795B9F156B4C44,FAMILY OF CARING HEALTHCARE,,2025-03,monthly,Average percentage of short-stay residents who were assessed and appropriately given the pneumococcal vaccine,95.5,Affiliated Entity Performance 20250320.csv,2026-01-26T14:50:28.880649,220.0
6A795B9F156B4C44,FAMILY OF CARING HEALTHCARE,,2025-03,monthly,Average percentage of short-stay residents who were assessed and appropriately given the seasonal influenza vaccine,86.5,Affiliated Entity Performance 20250320.csv,2026-01-26T14:50:28.880649,220.0
6A795B9F156B4C44,FAMILY OF CARING HEALTHCARE,,2025-03,monthly,Average percentage of short-stay residents who were re-hospitalized after a nursing home admission,26.1,Affiliated Entity Performance 20250320.csv,2026-01-26T14:50:28.880649,220.0
6A795B9F156B4C44,FAMILY OF CARING HEALTHCARE,,2025-03,monthly,Average percentage of short-stay residents with pressure ulcers or pressure injuries that are new or worsened,2.1,Affiliated Entity Performance 20250320.csv,2026-01-26T14:50:28.880649,220.0
6A795B9F156B4C44,FAMILY OF CARING HEALTHCARE,,2025-03,monthly,Average quality rating,4.3,Affiliated Entity Performance 20250320.csv,2026-01-26T14:50:28.880649,220.0
6A795B9F156B4C44,FAMILY OF CARING HEALTHCARE,,2025-03,monthly,Average rate of potentially preventable hospital readmissions 30 days after discharge from a SNF,9.9,Affiliated Entity Performance 20250320.csv,2026-01-26T14:50:28.880649,220.0
6A795B9F156B4C44,FAMILY OF CARING HEALTHCARE,,2025-03,monthly,Average staffing rating,3.0,Affiliated Entity Performance 20250320.csv,2026-01-26T14:50:28.880649,220.0
6A795B9F156B4C44,FAMILY OF CARING HEALTHCARE,,2025-03,monthly,Average total Registered Nurse hours per resident day,0.8,Affiliated Entity Performance 20250320.csv,2026-01-26T14:50:28.880649,220.0
6A795B9F156B4C44,FAMILY OF CARING HEALTHCARE,,2025-03,monthly,Average total nurse hours per resident day,4.1,Affiliated Entity Performance 20250320.csv,2026-01-26T14:50:28.880649,220.0
6A795B9F156B4C44,FAMILY OF CARING HEALTHCARE,,2025-03,monthly,Average total nursing staff turnover percentage,38.6,Affiliated Entity Performance 20250320.csv,2026-01-26T14:50:28.880649,220.0
6A795B9F156B4C44,FAMILY OF CARING HEALTHCARE,,2025-03,monthly,Average total weekend nurse hours per resident day,3.6,Affiliated Entity Performance 20250320.csv,2026-01-26T14:50:28.880649,220.0
6A795B9F156B4C44,FAMILY OF CARING HEALTHCARE,,2025-03,monthly,Number of SFF candidates,0.0,Affiliated Entity Performance 20250320.csv,2026-01-26T14:50:28.880649,220.0
6A795B9F156B4C44,FAMILY OF CARING HEALTHCARE,,2025-03,monthly,Number of Special Focus Facilities (SFF),0.0,Affiliated Entity Performance 20250320.csv,2026-01-26T14:50:28.880649,220.0
6A795B9F156B4C44,FAMILY OF CARING HEALTHCARE,,2025-03,monthly,Number of facilities,8.0,Affiliated Entity Performance 20250320.csv,2026-01-26T14:50:28.880649,220.0
6A795B9F156B4C44,FAMILY OF CARING HEALTHCARE,,2025-03,monthly,Number of facilities with an abuse icon,0.0,Affiliated Entity Performance 20250320.csv,2026-01-26T14:50:28.880649,220.0
6A795B9F156B4C44,FAMILY OF CARING HEALTHCARE,,2025-03,monthly,Number of states and territories with operations,1.0,Affiliated Entity Performance 20250320.csv,2026-01-26T14:50:28.880649,220.0
6A795B9F156B4C44,FAMILY OF CARING HEALTHCARE,,2025-03,monthly,Percent of facilities classified as for-profit,100.0,Affiliated Entity Performance 20250320.csv,2026-01-26T14:50:28.880649,220.0
6A795B9F156B4C44,FAMILY OF CARING HEALTHCARE,,2025-03,monthly,Percent of facilities classified as government-owned,0.0,Affiliated Entity Performance 20250320.csv,2026-01-26T14:50:28.880649,220.0
6A795B9F156B4C44,FAMILY OF CARING HEALTHCARE,,2025-03,monthly,Percent of facilities classified as non-profit,0.0,Affiliated Entity Performance 20250320.csv,2026-01-26T14:50:28.880649,220.0
6A795B9F156B4C44,FAMILY OF CARING HEALTHCARE,,2025-03,monthly,Percentage of facilities with an abuse icon,0.0,Affiliated Entity Performance 20250320.csv,2026-01-26T14:50:28.880649,220.0
6A795B9F156B4C44,FAMILY OF CARING HEALTHCARE,,2025-03,monthly,Total amount of fines in dollars,46473.89,Affiliated Entity Performance 20250320.csv,2026-01-26T14:50:28.880649,220.0
6A795B9F156B4C44,FAMILY OF CARING HEALTHCARE,,2025-03,monthly,Total number of fines,8.0,Affiliated Entity Performance 20250320.csv,2026-01-26T14:50:28.880649,220.0
6A795B9F156B4C44,FAMILY OF CARING HEALTHCARE,,2025-03,monthly,Total number of payment denials,1.0,Affiliated Entity Performance 20250320.csv,2026-01-26T14:50:28.880649,220.0
6A795B9F156B4C44,FAMILY OF CARING HEALTHCARE,,2025-04,monthly,Average Registered Nurse turnover percentage,27.9,Affiliated Entity Performance 20250428.csv,2026-01-26T14:50:29.353144,220.0
6A795B9F156B4C44,FAMILY OF CARING HEALTHCARE,,2025-04,monthly,Average amount of fines in dollars,5809.24,Affiliated Entity Performance 20250428.csv,2026-01-26T14:50:29.353144,220.0
6A795B9F156B4C44,FAMILY OF CARING HEALTHCARE,,2025-04,monthly,Average health inspection rating,3.6,Affiliated Entity Performance 20250428.csv,2026-01-26T14:50:29.353144,220.0
6A795B9F156B4C44,FAMILY OF CARING HEALTHCARE,,2025-04,monthly,Average number of administrators who have left the nursing home,0.6,Affiliated Entity Performance 20250428.csv,2026-01-26T14:50:29.353144,220.0
6A795B9F156B4C44,FAMILY OF CARING HEALTHCARE,,2025-04,monthly,Average number of fines,1.0,Affiliated Entity Performance 20250428.csv,2026-01-26T14:50:29.353144,220.0
6A795B9F156B4C44,FAMILY OF CARING HEALTHCARE,,2025-04,monthly,"Average number of hospitalizations per 1,000 long-stay resident days",1.54,Affiliated Entity Performance 20250428.csv,2026-01-26T14:50:29.353144,220.0
6A795B9F156B4C44,FAMILY OF CARING HEALTHCARE,,2025-04,monthly,"Average number of outpatient emergency department visits per 1,000 long-stay resident days",0.91,Affiliated Entity Performance 20250428.csv,2026-01-26T14:50:29.353144,220.0
6A795B9F156B4C44,FAMILY OF CARING HEALTHCARE,,2025-04,monthly,Average number of payment denials,0.1,Affiliated Entity Performance 20250428.csv,2026-01-26T14:50:29.353144,220.0
6A795B9F156B4C44,FAMILY OF CARING HEALTHCARE,,2025-04,monthly,Average overall 5-star rating,3.8,Affiliated Entity Performance 20250428.csv,2026-01-26T14:50:29.353144,220.0
6A795B9F156B4C44,FAMILY OF CARING HEALTHCARE,,2025-04,monthly,Average percentage of current residents up to date with COVID-19 vaccines,28.3,Affiliated Entity Performance 20250428.csv,2026-01-26T14:50:29.353144,220.0
6A795B9F156B4C44,FAMILY OF CARING HEALTHCARE,,2025-04,monthly,Average percentage of healthcare personnel up to date with COVID-19 vaccines,13.2,Affiliated Entity Performance 20250428.csv,2026-01-26T14:50:29.353144,220.0
6A795B9F156B4C44,FAMILY OF CARING HEALTHCARE,,2025-04,monthly,Average percentage of long-stay residents experiencing one or more falls with major injury,3.4,Affiliated Entity Performance 20250428.csv,2026-01-26T14:50:29.353144,220.0
6A795B9F156B4C44,FAMILY OF CARING HEALTHCARE,,2025-04,monthly,Average percentage of long-stay residents who have or had a catheter inserted and left in their bladder,1.1,Affiliated Entity Performance 20250428.csv,2026-01-26T14:50:29.353144,220.0
6A795B9F156B4C44,FAMILY OF CARING HEALTHCARE,,2025-04,monthly,Average percentage of long-stay residents who have symptoms of depression,7.5,Affiliated Entity Performance 20250428.csv,2026-01-26T14:50:29.353144,220.0
6A795B9F156B4C44,FAMILY OF CARING HEALTHCARE,,2025-04,monthly,Average percentage of long-stay residents who lose too much weight,5.2,Affiliated Entity Performance 20250428.csv,2026-01-26T14:50:29.353144,220.0
6A795B9F156B4C44,FAMILY OF CARING HEALTHCARE,,2025-04,monthly,Average percentage of long-stay residents who received an antipsychotic medication,13.4,Affiliated Entity Performance 20250428.csv,2026-01-26T14:50:29.353144,220.0
6A795B9F156B4C44,FAMILY OF CARING HEALTHCARE,,2025-04,monthly,Average percentage of long-stay residents who used antianxiety or hypnotic medication,16.8,Affiliated Entity Performance 20250428.csv,2026-01-26T14:50:29.353144,220.0
6A795B9F156B4C44,FAMILY OF CARING HEALTHCARE,,2025-04,monthly,Average percentage of long-stay residents who were assessed and appropriately given the pneumococcal vaccine,99.4,Affiliated Entity Performance 20250428.csv,2026-01-26T14:50:29.353144,220.0
6A795B9F156B4C44,FAMILY OF CARING HEALTHCARE,,2025-04,monthly,Average percentage of long-stay residents who were assessed and appropriately given the seasonal influenza vaccine,94.8,Affiliated Entity Performance 20250428.csv,2026-01-26T14:50:29.353144,220.0
6A795B9F156B4C44,FAMILY OF CARING HEALTHCARE,,2025-04,monthly,Average percentage of long-stay residents who were physically restrained,0.0,Affiliated Entity Performance 20250428.csv,2026-01-26T14:50:29.353144,220.0
6A795B9F156B4C44,FAMILY OF CARING HEALTHCARE,,2025-04,monthly,Average percentage of long-stay residents whose ability to move independently worsened,15.3,Affiliated Entity Performance 20250428.csv,2026-01-26T14:50:29.353144,220.0
6A795B9F156B4C44,FAMILY OF CARING HEALTHCARE,,2025-04,monthly,Average percentage of long-stay residents whose need for help with activities of daily living has increased,10.0,Affiliated Entity Performance 20250428.csv,2026-01-26T14:50:29.353144,220.0
6A795B9F156B4C44,FAMILY OF CARING HEALTHCARE,,2025-04,monthly,Average percentage of long-stay residents with a urinary tract infection,1.5,Affiliated Entity Performance 20250428.csv,2026-01-26T14:50:29.353144,220.0
6A795B9F156B4C44,FAMILY OF CARING HEALTHCARE,,2025-04,monthly,Average percentage of long-stay residents with new or worsened bowel or bladder incontinence,16.9,Affiliated Entity Performance 20250428.csv,2026-01-26T14:50:29.353144,220.0
6A795B9F156B4C44,FAMILY OF CARING HEALTHCARE,,2025-04,monthly,Average percentage of long-stay residents with pressure ulcers,6.4,Affiliated Entity Performance 20250428.csv,2026-01-26T14:50:29.353144,220.0
6A795B9F156B4C44,FAMILY OF CARING HEALTHCARE,,2025-04,monthly,Average percentage of short-stay residents who are at or above an expected ability to care for themselves and move around at discharge,51.8,Affiliated Entity Performance 20250428.csv,2026-01-26T14:50:29.353144,220.0
6A795B9F156B4C44,FAMILY OF CARING HEALTHCARE,,2025-04,monthly,Average percentage of short-stay residents who have had an outpatient emergency department visit,10.5,Affiliated Entity Performance 20250428.csv,2026-01-26T14:50:29.353144,220.0
6A795B9F156B4C44,FAMILY OF CARING HEALTHCARE,,2025-04,monthly,Average percentage of short-stay residents who newly received an antipsychotic medication,1.2,Affiliated Entity Performance 20250428.csv,2026-01-26T14:50:29.353144,220.0
6A795B9F156B4C44,FAMILY OF CARING HEALTHCARE,,2025-04,monthly,Average percentage of short-stay residents who were assessed and appropriately given the pneumococcal vaccine,97.5,Affiliated Entity Performance 20250428.csv,2026-01-26T14:50:29.353144,220.0
6A795B9F156B4C44,FAMILY OF CARING HEALTHCARE,,2025-04,monthly,Average percentage of short-stay residents who were assessed and appropriately given the seasonal influenza vaccine,88.8,Affiliated Entity Performance 20250428.csv,2026-01-26T14:50:29.353144,220.0
6A795B9F156B4C44,FAMILY OF CARING HEALTHCARE,,2025-04,monthly,Average percentage of short-stay residents who were re-hospitalized after a nursing home admission,27.8,Affiliated Entity Performance 20250428.csv,2026-01-26T14:50:29.353144,220.0
6A795B9F156B4C44,FAMILY OF CARING HEALTHCARE,,2025-04,monthly,Average percentage of short-stay residents with pressure ulcers or pressure injuries that are new or worsened,1.9,Affiliated Entity Performance 20250428.csv,2026-01-26T14:50:29.353144,220.0
6A795B9F156B4C44,FAMILY OF CARING HEALTHCARE,,2025-04,monthly,Average quality rating,4.1,Affiliated Entity Performance 20250428.csv,2026-01-26T14:50:29.353144,220.0
6A795B9F156B4C44,FAMILY OF CARING HEALTHCARE,,2025-04,monthly,Average rate of potentially preventable hospital readmissions 30 days after discharge from a SNF,9.9,Affiliated Entity Performance 20250428.csv,2026-01-26T14:50:29.353144,220.0
6A795B9F156B4C44,FAMILY OF CARING HEALTHCARE,,2025-04,monthly,Average staffing rating,3.5,Affiliated Entity Performance 20250428.csv,2026-01-26T14:50:29.353144,220.0
6A795B9F156B4C44,FAMILY OF CARING HEALTHCARE,,2025-04,monthly,Average total Registered Nurse hours per resident day,0.8,Affiliated Entity Performance 20250428.csv,2026-01-26T14:50:29.353144,220.0
6A795B9F156B4C44,FAMILY OF CARING HEALTHCARE,,2025-04,monthly,Average total nurse hours per resident day,4.2,Affiliated Entity Performance 20250428.csv,2026-01-26T14:50:29.353144,220.0
6A795B9F156B4C44,FAMILY OF CARING HEALTHCARE,,2025-04,monthly,Average total nursing staff turnover percentage,39.2,Affiliated Entity Performance 20250428.csv,2026-01-26T14:50:29.353144,220.0
6A795B9F156B4C44,FAMILY OF CARING HEALTHCARE,,2025-04,monthly,Average total weekend nurse hours per resident day,3.7,Affiliated Entity Performance 20250428.csv,2026-01-26T14:50:29.353144,220.0
6A795B9F156B4C44,FAMILY OF CARING HEALTHCARE,,2025-04,monthly,Number of SFF candidates,0.0,Affiliated Entity Performance 20250428.csv,2026-01-26T14:50:29.353144,220.0
6A795B9F156B4C44,FAMILY OF CARING HEALTHCARE,,2025-04,monthly,Number of Special Focus Facilities (SFF),0.0,Affiliated Entity Performance 20250428.csv,2026-01-26T14:50:29.353144,220.0
6A795B9F156B4C44,FAMILY OF CARING HEALTHCARE,,2025-04,monthly,Number of facilities,8.0,Affiliated Entity Performance 20250428.csv,2026-01-26T14:50:29.353144,220.0
6A795B9F156B4C44,FAMILY OF CARING HEALTHCARE,,2025-04,monthly,Number of facilities with an abuse icon,0.0,Affiliated Entity Performance 20250428.csv,2026-01-26T14:50:29.353144,220.0
6A795B9F156B4C44,FAMILY OF CARING HEALTHCARE,,2025-04,monthly,Number of states and territories with operations,1.0,Affiliated Entity Performance 20250428.csv,2026-01-26T14:50:29.353144,220.0
6A795B9F156B4C44,FAMILY OF CARING HEALTHCARE,,2025-04,monthly,Percent of facilities classified as for-profit,100.0,Affiliated Entity Performance 20250428.csv,2026-01-26T14:50:29.353144,220.0
6A795B9F156B4C44,FAMILY OF CARING HEALTHCARE,,2025-04,monthly,Percent of facilities classified as government-owned,0.0,Affiliated Entity Performance 20250428.csv,2026-01-26T14:50:29.353144,220.0
6A795B9F156B4C44,FAMILY OF CARING HEALTHCARE,,2025-04,monthly,Percent of facilities classified as non-profit,0.0,Affiliated Entity Performance 20250428.csv,2026-01-26T14:50:29.353144,220.0
6A795B9F156B4C44,FAMILY OF CARING HEALTHCARE,,2025-04,monthly,Percentage of facilities with an abuse icon,0.0,Affiliated Entity Performance 20250428.csv,2026-01-26T14:50:29.353144,220.0
6A795B9F156B4C44,FAMILY OF CARING HEALTHCARE,,2025-04,monthly,Total amount of fines in dollars,46473.89,Affiliated Entity Performance 20250428.csv,2026-01-26T14:50:29.353144,220.0
6A795B9F156B4C44,FAMILY OF CARING HEALTHCARE,,2025-04,monthly,Total number of fines,8.0,Affiliated Entity Performance 20250428.csv,2026-01-26T14:50:29.353144,220.0
6A795B9F156B4C44,FAMILY OF CARING HEALTHCARE,,2025-04,monthly,Total number of payment denials,1.0,Affiliated Entity Performance 20250428.csv,2026-01-26T14:50:29.353144,220.0
6A795B9F156B4C44,FAMILY OF CARING HEALTHCARE,,2025-05,monthly,Average Registered Nurse turnover percentage,27.9,Affiliated Entity Performance 20250527.csv,2026-01-26T14:50:29.817277,220.0
6A795B9F156B4C44,FAMILY OF CARING HEALTHCARE,,2025-05,monthly,Average amount of fines in dollars,5726.4,Affiliated Entity Performance 20250527.csv,2026-01-26T14:50:29.817277,220.0
6A795B9F156B4C44,FAMILY OF CARING HEALTHCARE,,2025-05,monthly,Average health inspection rating,3.8,Affiliated Entity Performance 20250527.csv,2026-01-26T14:50:29.817277,220.0
6A795B9F156B4C44,FAMILY OF CARING HEALTHCARE,,2025-05,monthly,Average number of administrators who have left the nursing home,0.6,Affiliated Entity Performance 20250527.csv,2026-01-26T14:50:29.817277,220.0
6A795B9F156B4C44,FAMILY OF CARING HEALTHCARE,,2025-05,monthly,Average number of fines,0.9,Affiliated Entity Performance 20250527.csv,2026-01-26T14:50:29.817277,220.0
6A795B9F156B4C44,FAMILY OF CARING HEALTHCARE,,2025-05,monthly,"Average number of hospitalizations per 1,000 long-stay resident days",1.54,Affiliated Entity Performance 20250527.csv,2026-01-26T14:50:29.817277,220.0
6A795B9F156B4C44,FAMILY OF CARING HEALTHCARE,,2025-05,monthly,"Average number of outpatient emergency department visits per 1,000 long-stay resident days",0.91,Affiliated Entity Performance 20250527.csv,2026-01-26T14:50:29.817277,220.0
6A795B9F156B4C44,FAMILY OF CARING HEALTHCARE,,2025-05,monthly,Average number of payment denials,0.1,Affiliated Entity Performance 20250527.csv,2026-01-26T14:50:29.817277,220.0
6A795B9F156B4C44,FAMILY OF CARING HEALTHCARE,,2025-05,monthly,Average overall 5-star rating,3.9,Affiliated Entity Performance 20250527.csv,2026-01-26T14:50:29.817277,220.0
6A795B9F156B4C44,FAMILY OF CARING HEALTHCARE,,2025-05,monthly,Average percentage of current residents up to date with COVID-19 vaccines,32.5,Affiliated Entity Performance 20250527.csv,2026-01-26T14:50:29.817277,220.0
6A795B9F156B4C44,FAMILY OF CARING HEALTHCARE,,2025-05,monthly,Average percentage of healthcare personnel up to date with COVID-19 vaccines,13.2,Affiliated Entity Performance 20250527.csv,2026-01-26T14:50:29.817277,220.0
6A795B9F156B4C44,FAMILY OF CARING HEALTHCARE,,2025-05,monthly,Average percentage of long-stay residents experiencing one or more falls with major injury,3.4,Affiliated Entity Performance 20250527.csv,2026-01-26T14:50:29.817277,220.0
6A795B9F156B4C44,FAMILY OF CARING HEALTHCARE,,2025-05,monthly,Average percentage of long-stay residents who have or had a catheter inserted and left in their bladder,1.1,Affiliated Entity Performance 20250527.csv,2026-01-26T14:50:29.817277,220.0
6A795B9F156B4C44,FAMILY OF CARING HEALTHCARE,,2025-05,monthly,Average percentage of long-stay residents who have symptoms of depression,7.5,Affiliated Entity Performance 20250527.csv,2026-01-26T14:50:29.817277,220.0
6A795B9F156B4C44,FAMILY OF CARING HEALTHCARE,,2025-05,monthly,Average percentage of long-stay residents who lose too much weight,5.2,Affiliated Entity Performance 20250527.csv,2026-01-26T14:50:29.817277,220.0
6A795B9F156B4C44,FAMILY OF CARING HEALTHCARE,,2025-05,monthly,Average percentage of long-stay residents who received an antipsychotic medication,13.4,Affiliated Entity Performance 20250527.csv,2026-01-26T14:50:29.817277,220.0
6A795B9F156B4C44,FAMILY OF CARING HEALTHCARE,,2025-05,monthly,Average percentage of long-stay residents who used antianxiety or hypnotic medication,16.8,Affiliated Entity Performance 20250527.csv,2026-01-26T14:50:29.817277,220.0
6A795B9F156B4C44,FAMILY OF CARING HEALTHCARE,,2025-05,monthly,Average percentage of long-stay residents who were assessed and appropriately given the pneumococcal vaccine,99.4,Affiliated Entity Performance 20250527.csv,2026-01-26T14:50:29.817277,220.0
6A795B9F156B4C44,FAMILY OF CARING HEALTHCARE,,2025-05,monthly,Average percentage of long-stay residents who were assessed and appropriately given the seasonal influenza vaccine,94.8,Affiliated Entity Performance 20250527.csv,2026-01-26T14:50:29.817277,220.0
6A795B9F156B4C44,FAMILY OF CARING HEALTHCARE,,2025-05,monthly,Average percentage of long-stay residents who were physically restrained,0.0,Affiliated Entity Performance 20250527.csv,2026-01-26T14:50:29.817277,220.0
6A795B9F156B4C44,FAMILY OF CARING HEALTHCARE,,2025-05,monthly,Average percentage of long-stay residents whose ability to move independently worsened,15.3,Affiliated Entity Performance 20250527.csv,2026-01-26T14:50:29.817277,220.0
6A795B9F156B4C44,FAMILY OF CARING HEALTHCARE,,2025-05,monthly,Average percentage of long-stay residents whose need for help with activities of daily living has increased,10.0,Affiliated Entity Performance 20250527.csv,2026-01-26T14:50:29.817277,220.0
6A795B9F156B4C44,FAMILY OF CARING HEALTHCARE,,2025-05,monthly,Average percentage of long-stay residents with a urinary tract infection,1.5,Affiliated Entity Performance 20250527.csv,2026-01-26T14:50:29.817277,220.0
6A795B9F156B4C44,FAMILY OF CARING HEALTHCARE,,2025-05,monthly,Average percentage of long-stay residents with new or worsened bowel or bladder incontinence,16.9,Affiliated Entity Performance 20250527.csv,2026-01-26T14:50:29.817277,220.0
6A795B9F156B4C44,FAMILY OF CARING HEALTHCARE,,2025-05,monthly,Average percentage of long-stay residents with pressure ulcers,6.4,Affiliated Entity Performance 20250527.csv,2026-01-26T14:50:29.817277,220.0
6A795B9F156B4C44,FAMILY OF CARING HEALTHCARE,,2025-05,monthly,Average percentage of short-stay residents who are at or above an expected ability to care for themselves and move around at discharge,51.8,Affiliated Entity Performance 20250527.csv,2026-01-26T14:50:29.817277,220.0
6A795B9F156B4C44,FAMILY OF CARING HEALTHCARE,,2025-05,monthly,Average percentage of short-stay residents who have had an outpatient emergency department visit,10.5,Affiliated Entity Performance 20250527.csv,2026-01-26T14:50:29.817277,220.0
6A795B9F156B4C44,FAMILY OF CARING HEALTHCARE,,2025-05,monthly,Average percentage of short-stay residents who newly received an antipsychotic medication,1.2,Affiliated Entity Performance 20250527.csv,2026-01-26T14:50:29.817277,220.0
6A795B9F156B4C44,FAMILY OF CARING HEALTHCARE,,2025-05,monthly,Average percentage of short-stay residents who were assessed and appropriately given the pneumococcal vaccine,97.5,Affiliated Entity Performance 20250527.csv,2026-01-26T14:50:29.817277,220.0
6A795B9F156B4C44,FAMILY OF CARING HEALTHCARE,,2025-05,monthly,Average percentage of short-stay residents who were assessed and appropriately given the seasonal influenza vaccine,88.8,Affiliated Entity Performance 20250527.csv,2026-01-26T14:50:29.817277,220.0
6A795B9F156B4C44,FAMILY OF CARING HEALTHCARE,,2025-05,monthly,Average percentage of short-stay residents who were re-hospitalized after a nursing home admission,27.8,Affiliated Entity Performance 20250527.csv,2026-01-26T14:50:29.817277,220.0
6A795B9F156B4C44,FAMILY OF CARING HEALTHCARE,,2025-05,monthly,Average percentage of short-stay residents with pressure ulcers or pressure injuries that are new or worsened,1.9,Affiliated Entity Performance 20250527.csv,2026-01-26T14:50:29.817277,220.0
6A795B9F156B4C44,FAMILY OF CARING HEALTHCARE,,2025-05,monthly,Average quality rating,4.1,Affiliated Entity Performance 20250527.csv,2026-01-26T14:50:29.817277,220.0
6A795B9F156B4C44,FAMILY OF CARING HEALTHCARE,,2025-05,monthly,Average rate of potentially preventable hospital readmissions 30 days after discharge from a SNF,9.9,Affiliated Entity Performance 20250527.csv,2026-01-26T14:50:29.817277,220.0
6A795B9F156B4C44,FAMILY OF CARING HEALTHCARE,,2025-05,monthly,Average staffing rating,3.5,Affiliated Entity Performance 20250527.csv,2026-01-26T14:50:29.817277,220.0
6A795B9F156B4C44,FAMILY OF CARING HEALTHCARE,,2025-05,monthly,Average total Registered Nurse hours per resident day,0.8,Affiliated Entity Performance 20250527.csv,2026-01-26T14:50:29.817277,220.0
6A795B9F156B4C44,FAMILY OF CARING HEALTHCARE,,2025-05,monthly,Average total nurse hours per resident day,4.2,Affiliated Entity Performance 20250527.csv,2026-01-26T14:50:29.817277,220.0
6A795B9F156B4C44,FAMILY OF CARING HEALTHCARE,,2025-05,monthly,Average total nursing staff turnover percentage,39.2,Affiliated Entity Performance 20250527.csv,2026-01-26T14:50:29.817277,220.0
6A795B9F156B4C44,FAMILY OF CARING HEALTHCARE,,2025-05,monthly,Average total weekend nurse hours per resident day,3.7,Affiliated Entity Performance 20250527.csv,2026-01-26T14:50:29.817277,220.0
6A795B9F156B4C44,FAMILY OF CARING HEALTHCARE,,2025-05,monthly,Number of SFF candidates,0.0,Affiliated Entity Performance 20250527.csv,2026-01-26T14:50:29.817277,220.0
6A795B9F156B4C44,FAMILY OF CARING HEALTHCARE,,2025-05,monthly,Number of Special Focus Facilities (SFF),0.0,Affiliated Entity Performance 20250527.csv,2026-01-26T14:50:29.817277,220.0
6A795B9F156B4C44,FAMILY OF CARING HEALTHCARE,,2025-05,monthly,Number of facilities,8.0,Affiliated Entity Performance 20250527.csv,2026-01-26T14:50:29.817277,220.0
6A795B9F156B4C44,FAMILY OF CARING HEALTHCARE,,2025-05,monthly,Number of facilities with an abuse icon,0.0,Affiliated Entity Performance 20250527.csv,2026-01-26T14:50:29.817277,220.0
6A795B9F156B4C44,FAMILY OF CARING HEALTHCARE,,2025-05,monthly,Number of states and territories with operations,1.0,Affiliated Entity Performance 20250527.csv,2026-01-26T14:50:29.817277,220.0
6A795B9F156B4C44,FAMILY OF CARING HEALTHCARE,,2025-05,monthly,Percent of facilities classified as for-profit,100.0,Affiliated Entity Performance 20250527.csv,2026-01-26T14:50:29.817277,220.0
6A795B9F156B4C44,FAMILY OF CARING HEALTHCARE,,2025-05,monthly,Percent of facilities classified as government-owned,0.0,Affiliated Entity Performance 20250527.csv,2026-01-26T14:50:29.817277,220.0
6A795B9F156B4C44,FAMILY OF CARING HEALTHCARE,,2025-05,monthly,Percent of facilities classified as non-profit,0.0,Affiliated Entity Performance 20250527.csv,2026-01-26T14:50:29.817277,220.0
6A795B9F156B4C44,FAMILY OF CARING HEALTHCARE,,2025-05,monthly,Percentage of facilities with an abuse icon,0.0,Affiliated Entity Performance 20250527.csv,2026-01-26T14:50:29.817277,220.0
6A795B9F156B4C44,FAMILY OF CARING HEALTHCARE,,2025-05,monthly,Total amount of fines in dollars,45811.16,Affiliated Entity Performance 20250527.csv,2026-01-26T14:50:29.817277,220.0
6A795B9F156B4C44,FAMILY OF CARING HEALTHCARE,,2025-05,monthly,Total number of fines,7.0,Affiliated Entity Performance 20250527.csv,2026-01-26T14:50:29.817277,220.0
6A795B9F156B4C44,FAMILY OF CARING HEALTHCARE,,2025-05,monthly,Total number of payment denials,1.0,Affiliated Entity Performance 20250527.csv,2026-01-26T14:50:29.817277,220.0
6A795B9F156B4C44,FAMILY OF CARING HEALTHCARE,,2025-06,monthly,Average Registered Nurse turnover percentage,27.9,Affiliated Entity Performance 20250626.csv,2026-01-26T14:50:30.322360,220.0
6A795B9F156B4C44,FAMILY OF CARING HEALTHCARE,,2025-06,monthly,Average amount of fines in dollars,4507.65,Affiliated Entity Performance 20250626.csv,2026-01-26T14:50:30.322360,220.0
6A795B9F156B4C44,FAMILY OF CARING HEALTHCARE,,2025-06,monthly,Average health inspection rating,3.6,Affiliated Entity Performance 20250626.csv,2026-01-26T14:50:30.322360,220.0
6A795B9F156B4C44,FAMILY OF CARING HEALTHCARE,,2025-06,monthly,Average number of administrators who have left the nursing home,0.6,Affiliated Entity Performance 20250626.csv,2026-01-26T14:50:30.322360,220.0
6A795B9F156B4C44,FAMILY OF CARING HEALTHCARE,,2025-06,monthly,Average number of fines,0.8,Affiliated Entity Performance 20250626.csv,2026-01-26T14:50:30.322360,220.0
6A795B9F156B4C44,FAMILY OF CARING HEALTHCARE,,2025-06,monthly,"Average number of hospitalizations per 1,000 long-stay resident days",1.54,Affiliated Entity Performance 20250626.csv,2026-01-26T14:50:30.322360,220.0
6A795B9F156B4C44,FAMILY OF CARING HEALTHCARE,,2025-06,monthly,"Average number of outpatient emergency department visits per 1,000 long-stay resident days",0.91,Affiliated Entity Performance 20250626.csv,2026-01-26T14:50:30.322360,220.0
6A795B9F156B4C44,FAMILY OF CARING HEALTHCARE,,2025-06,monthly,Average number of payment denials,0.1,Affiliated Entity Performance 20250626.csv,2026-01-26T14:50:30.322360,220.0
6A795B9F156B4C44,FAMILY OF CARING HEALTHCARE,,2025-06,monthly,Average overall 5-star rating,3.8,Affiliated Entity Performance 20250626.csv,2026-01-26T14:50:30.322360,220.0
6A795B9F156B4C44,FAMILY OF CARING HEALTHCARE,,2025-06,monthly,Average percentage of current residents up to date with COVID-19 vaccines,26.6,Affiliated Entity Performance 20250626.csv,2026-01-26T14:50:30.322360,220.0
6A795B9F156B4C44,FAMILY OF CARING HEALTHCARE,,2025-06,monthly,Average percentage of healthcare personnel up to date with COVID-19 vaccines,1.6,Affiliated Entity Performance 20250626.csv,2026-01-26T14:50:30.322360,220.0
6A795B9F156B4C44,FAMILY OF CARING HEALTHCARE,,2025-06,monthly,Average percentage of long-stay residents experiencing one or more falls with major injury,3.4,Affiliated Entity Performance 20250626.csv,2026-01-26T14:50:30.322360,220.0
6A795B9F156B4C44,FAMILY OF CARING HEALTHCARE,,2025-06,monthly,Average percentage of long-stay residents who have or had a catheter inserted and left in their bladder,1.1,Affiliated Entity Performance 20250626.csv,2026-01-26T14:50:30.322360,220.0
6A795B9F156B4C44,FAMILY OF CARING HEALTHCARE,,2025-06,monthly,Average percentage of long-stay residents who have symptoms of depression,7.5,Affiliated Entity Performance 20250626.csv,2026-01-26T14:50:30.322360,220.0
6A795B9F156B4C44,FAMILY OF CARING HEALTHCARE,,2025-06,monthly,Average percentage of long-stay residents who lose too much weight,5.2,Affiliated Entity Performance 20250626.csv,2026-01-26T14:50:30.322360,220.0
6A795B9F156B4C44,FAMILY OF CARING HEALTHCARE,,2025-06,monthly,Average percentage of long-stay residents who received an antipsychotic medication,13.4,Affiliated Entity Performance 20250626.csv,2026-01-26T14:50:30.322360,220.0
6A795B9F156B4C44,FAMILY OF CARING HEALTHCARE,,2025-06,monthly,Average percentage of long-stay residents who used antianxiety or hypnotic medication,16.8,Affiliated Entity Performance 20250626.csv,2026-01-26T14:50:30.322360,220.0
6A795B9F156B4C44,FAMILY OF CARING HEALTHCARE,,2025-06,monthly,Average percentage of long-stay residents who were assessed and appropriately given the pneumococcal vaccine,99.4,Affiliated Entity Performance 20250626.csv,2026-01-26T14:50:30.322360,220.0
6A795B9F156B4C44,FAMILY OF CARING HEALTHCARE,,2025-06,monthly,Average percentage of long-stay residents who were assessed and appropriately given the seasonal influenza vaccine,94.8,Affiliated Entity Performance 20250626.csv,2026-01-26T14:50:30.322360,220.0
6A795B9F156B4C44,FAMILY OF CARING HEALTHCARE,,2025-06,monthly,Average percentage of long-stay residents who were physically restrained,0.0,Affiliated Entity Performance 20250626.csv,2026-01-26T14:50:30.322360,220.0
6A795B9F156B4C44,FAMILY OF CARING HEALTHCARE,,2025-06,monthly,Average percentage of long-stay residents whose ability to move independently worsened,15.3,Affiliated Entity Performance 20250626.csv,2026-01-26T14:50:30.322360,220.0
6A795B9F156B4C44,FAMILY OF CARING HEALTHCARE,,2025-06,monthly,Average percentage of long-stay residents whose need for help with activities of daily living has increased,10.0,Affiliated Entity Performance 20250626.csv,2026-01-26T14:50:30.322360,220.0
6A795B9F156B4C44,FAMILY OF CARING HEALTHCARE,,2025-06,monthly,Average percentage of long-stay residents with a urinary tract infection,1.5,Affiliated Entity Performance 20250626.csv,2026-01-26T14:50:30.322360,220.0
6A795B9F156B4C44,FAMILY OF CARING HEALTHCARE,,2025-06,monthly,Average percentage of long-stay residents with new or worsened bowel or bladder incontinence,16.9,Affiliated Entity Performance 20250626.csv,2026-01-26T14:50:30.322360,220.0
6A795B9F156B4C44,FAMILY OF CARING HEALTHCARE,,2025-06,monthly,Average percentage of long-stay residents with pressure ulcers,6.4,Affiliated Entity Performance 20250626.csv,2026-01-26T14:50:30.322360,220.0
6A795B9F156B4C44,FAMILY OF CARING HEALTHCARE,,2025-06,monthly,Average percentage of short-stay residents who are at or above an expected ability to care for themselves and move around at discharge,51.8,Affiliated Entity Performance 20250626.csv,2026-01-26T14:50:30.322360,220.0
6A795B9F156B4C44,FAMILY OF CARING HEALTHCARE,,2025-06,monthly,Average percentage of short-stay residents who have had an outpatient emergency department visit,10.5,Affiliated Entity Performance 20250626.csv,2026-01-26T14:50:30.322360,220.0
6A795B9F156B4C44,FAMILY OF CARING HEALTHCARE,,2025-06,monthly,Average percentage of short-stay residents who newly received an antipsychotic medication,1.2,Affiliated Entity Performance 20250626.csv,2026-01-26T14:50:30.322360,220.0
6A795B9F156B4C44,FAMILY OF CARING HEALTHCARE,,2025-06,monthly,Average percentage of short-stay residents who were assessed and appropriately given the pneumococcal vaccine,97.5,Affiliated Entity Performance 20250626.csv,2026-01-26T14:50:30.322360,220.0
6A795B9F156B4C44,FAMILY OF CARING HEALTHCARE,,2025-06,monthly,Average percentage of short-stay residents who were assessed and appropriately given the seasonal influenza vaccine,88.8,Affiliated Entity Performance 20250626.csv,2026-01-26T14:50:30.322360,220.0
6A795B9F156B4C44,FAMILY OF CARING HEALTHCARE,,2025-06,monthly,Average percentage of short-stay residents who were re-hospitalized after a nursing home admission,27.8,Affiliated Entity Performance 20250626.csv,2026-01-26T14:50:30.322360,220.0
6A795B9F156B4C44,FAMILY OF CARING HEALTHCARE,,2025-06,monthly,Average percentage of short-stay residents with pressure ulcers or pressure injuries that are new or worsened,1.9,Affiliated Entity Performance 20250626.csv,2026-01-26T14:50:30.322360,220.0
6A795B9F156B4C44,FAMILY OF CARING HEALTHCARE,,2025-06,monthly,Average quality rating,4.1,Affiliated Entity Performance 20250626.csv,2026-01-26T14:50:30.322360,220.0
6A795B9F156B4C44,FAMILY OF CARING HEALTHCARE,,2025-06,monthly,Average rate of potentially preventable hospital readmissions 30 days after discharge from a SNF,9.9,Affiliated Entity Performance 20250626.csv,2026-01-26T14:50:30.322360,220.0
6A795B9F156B4C44,FAMILY OF CARING HEALTHCARE,,2025-06,monthly,Average staffing rating,3.5,Affiliated Entity Performance 20250626.csv,2026-01-26T14:50:30.322360,220.0
6A795B9F156B4C44,FAMILY OF CARING HEALTHCARE,,2025-06,monthly,Average total Registered Nurse hours per resident day,0.8,Affiliated Entity Performance 20250626.csv,2026-01-26T14:50:30.322360,220.0
6A795B9F156B4C44,FAMILY OF CARING HEALTHCARE,,2025-06,monthly,Average total nurse hours per resident day,4.2,Affiliated Entity Performance 20250626.csv,2026-01-26T14:50:30.322360,220.0
6A795B9F156B4C44,FAMILY OF CARING HEALTHCARE,,2025-06,monthly,Average total nursing staff turnover percentage,39.2,Affiliated Entity Performance 20250626.csv,2026-01-26T14:50:30.322360,220.0
6A795B9F156B4C44,FAMILY OF CARING HEALTHCARE,,2025-06,monthly,Average total weekend nurse hours per resident day,3.7,Affiliated Entity Performance 20250626.csv,2026-01-26T14:50:30.322360,220.0
6A795B9F156B4C44,FAMILY OF CARING HEALTHCARE,,2025-06,monthly,Number of SFF candidates,0.0,Affiliated Entity Performance 20250626.csv,2026-01-26T14:50:30.322360,220.0
6A795B9F156B4C44,FAMILY OF CARING HEALTHCARE,,2025-06,monthly,Number of Special Focus Facilities (SFF),0.0,Affiliated Entity Performance 20250626.csv,2026-01-26T14:50:30.322360,220.0
6A795B9F156B4C44,FAMILY OF CARING HEALTHCARE,,2025-06,monthly,Number of facilities,8.0,Affiliated Entity Performance 20250626.csv,2026-01-26T14:50:30.322360,220.0
6A795B9F156B4C44,FAMILY OF CARING HEALTHCARE,,2025-06,monthly,Number of facilities with an abuse icon,0.0,Affiliated Entity Performance 20250626.csv,2026-01-26T14:50:30.322360,220.0
6A795B9F156B4C44,FAMILY OF CARING HEALTHCARE,,2025-06,monthly,Number of states and territories with operations,1.0,Affiliated Entity Performance 20250626.csv,2026-01-26T14:50:30.322360,220.0
6A795B9F156B4C44,FAMILY OF CARING HEALTHCARE,,2025-06,monthly,Percent of facilities classified as for-profit,100.0,Affiliated Entity Performance 20250626.csv,2026-01-26T14:50:30.322360,220.0
6A795B9F156B4C44,FAMILY OF CARING HEALTHCARE,,2025-06,monthly,Percent of facilities classified as government-owned,0.0,Affiliated Entity Performance 20250626.csv,2026-01-26T14:50:30.322360,220.0
6A795B9F156B4C44,FAMILY OF CARING HEALTHCARE,,2025-06,monthly,Percent of facilities classified as non-profit,0.0,Affiliated Entity Performance 20250626.csv,2026-01-26T14:50:30.322360,220.0
6A795B9F156B4C44,FAMILY OF CARING HEALTHCARE,,2025-06,monthly,Percentage of facilities with an abuse icon,0.0,Affiliated Entity Performance 20250626.csv,2026-01-26T14:50:30.322360,220.0
6A795B9F156B4C44,FAMILY OF CARING HEALTHCARE,,2025-06,monthly,Total amount of fines in dollars,36061.16,Affiliated Entity Performance 20250626.csv,2026-01-26T14:50:30.322360,220.0
6A795B9F156B4C44,FAMILY OF CARING HEALTHCARE,,2025-06,monthly,Total number of fines,6.0,Affiliated Entity Performance 20250626.csv,2026-01-26T14:50:30.322360,220.0
6A795B9F156B4C44,FAMILY OF CARING HEALTHCARE,,2025-06,monthly,Total number of payment denials,1.0,Affiliated Entity Performance 20250626.csv,2026-01-26T14:50:30.322360,220.0
6A795B9F156B4C44,FAMILY OF CARING HEALTHCARE,,2025-07,monthly,Average Registered Nurse turnover percentage,26.4,Chain Performance 20250730.csv,2026-01-26T14:50:30.846590,220.0
6A795B9F156B4C44,FAMILY OF CARING HEALTHCARE,,2025-07,monthly,Average amount of fines in dollars,11122.65,Chain Performance 20250730.csv,2026-01-26T14:50:30.846590,220.0
6A795B9F156B4C44,FAMILY OF CARING HEALTHCARE,,2025-07,monthly,Average health inspection rating,3.6,Chain Performance 20250730.csv,2026-01-26T14:50:30.846590,220.0
6A795B9F156B4C44,FAMILY OF CARING HEALTHCARE,,2025-07,monthly,Average number of administrators who have left the nursing home,0.4,Chain Performance 20250730.csv,2026-01-26T14:50:30.846590,220.0
6A795B9F156B4C44,FAMILY OF CARING HEALTHCARE,,2025-07,monthly,Average number of fines,0.9,Chain Performance 20250730.csv,2026-01-26T14:50:30.846590,220.0
6A795B9F156B4C44,FAMILY OF CARING HEALTHCARE,,2025-07,monthly,"Average number of hospitalizations per 1,000 long-stay resident days",1.4,Chain Performance 20250730.csv,2026-01-26T14:50:30.846590,220.0
6A795B9F156B4C44,FAMILY OF CARING HEALTHCARE,,2025-07,monthly,"Average number of outpatient emergency department visits per 1,000 long-stay resident days",0.84,Chain Performance 20250730.csv,2026-01-26T14:50:30.846590,220.0
6A795B9F156B4C44,FAMILY OF CARING HEALTHCARE,,2025-07,monthly,Average number of payment denials,0.1,Chain Performance 20250730.csv,2026-01-26T14:50:30.846590,220.0
6A795B9F156B4C44,FAMILY OF CARING HEALTHCARE,,2025-07,monthly,Average overall 5-star rating,3.8,Chain Performance 20250730.csv,2026-01-26T14:50:30.846590,220.0
6A795B9F156B4C44,FAMILY OF CARING HEALTHCARE,,2025-07,monthly,Average percentage of long-stay residents experiencing one or more falls with major injury,3.5,Chain Performance 20250730.csv,2026-01-26T14:50:30.846590,220.0
6A795B9F156B4C44,FAMILY OF CARING HEALTHCARE,,2025-07,monthly,Average percentage of long-stay residents who have or had a catheter inserted and left in their bladder,1.2,Chain Performance 20250730.csv,2026-01-26T14:50:30.846590,220.0
6A795B9F156B4C44,FAMILY OF CARING HEALTHCARE,,2025-07,monthly,Average percentage of long-stay residents who have symptoms of depression,6.8,Chain Performance 20250730.csv,2026-01-26T14:50:30.846590,220.0
6A795B9F156B4C44,FAMILY OF CARING HEALTHCARE,,2025-07,monthly,Average percentage of long-stay residents who lose too much weight,5.5,Chain Performance 20250730.csv,2026-01-26T14:50:30.846590,220.0
6A795B9F156B4C44,FAMILY OF CARING HEALTHCARE,,2025-07,monthly,Average percentage of long-stay residents who received an antipsychotic medication,14.4,Chain Performance 20250730.csv,2026-01-26T14:50:30.846590,220.0
6A795B9F156B4C44,FAMILY OF CARING HEALTHCARE,,2025-07,monthly,Average percentage of long-stay residents who used antianxiety or hypnotic medication,17.5,Chain Performance 20250730.csv,2026-01-26T14:50:30.846590,220.0
6A795B9F156B4C44,FAMILY OF CARING HEALTHCARE,,2025-07,monthly,Average percentage of long-stay residents who were assessed and appropriately given the pneumococcal vaccine,99.4,Chain Performance 20250730.csv,2026-01-26T14:50:30.846590,220.0
6A795B9F156B4C44,FAMILY OF CARING HEALTHCARE,,2025-07,monthly,Average percentage of long-stay residents who were assessed and appropriately given the seasonal influenza vaccine,94.8,Chain Performance 20250730.csv,2026-01-26T14:50:30.846590,220.0
6A795B9F156B4C44,FAMILY OF CARING HEALTHCARE,,2025-07,monthly,Average percentage of long-stay residents who were physically restrained,0.0,Chain Performance 20250730.csv,2026-01-26T14:50:30.846590,220.0
6A795B9F156B4C44,FAMILY OF CARING HEALTHCARE,,2025-07,monthly,Average percentage of long-stay residents whose ability to move independently worsened,15.8,Chain Performance 20250730.csv,2026-01-26T14:50:30.846590,220.0
6A795B9F156B4C44,FAMILY OF CARING HEALTHCARE,,2025-07,monthly,Average percentage of long-stay residents whose need for help with activities of daily living has increased,10.1,Chain Performance 20250730.csv,2026-01-26T14:50:30.846590,220.0
6A795B9F156B4C44,FAMILY OF CARING HEALTHCARE,,2025-07,monthly,Average percentage of long-stay residents with a urinary tract infection,1.4,Chain Performance 20250730.csv,2026-01-26T14:50:30.846590,220.0
6A795B9F156B4C44,FAMILY OF CARING HEALTHCARE,,2025-07,monthly,Average percentage of long-stay residents with new or worsened bowel or bladder incontinence,17.4,Chain Performance 20250730.csv,2026-01-26T14:50:30.846590,220.0
6A795B9F156B4C44,FAMILY OF CARING HEALTHCARE,,2025-07,monthly,Average percentage of long-stay residents with pressure ulcers,6.7,Chain Performance 20250730.csv,2026-01-26T14:50:30.846590,220.0
6A795B9F156B4C44,FAMILY OF CARING HEALTHCARE,,2025-07,monthly,Average percentage of short-stay residents who are at or above an expected ability to care for themselves and move around at discharge,53.8,Chain Performance 20250730.csv,2026-01-26T14:50:30.846590,220.0
6A795B9F156B4C44,FAMILY OF CARING HEALTHCARE,,2025-07,monthly,Average percentage of short-stay residents who have had an outpatient emergency department visit,9.6,Chain Performance 20250730.csv,2026-01-26T14:50:30.846590,220.0
6A795B9F156B4C44,FAMILY OF CARING HEALTHCARE,,2025-07,monthly,Average percentage of short-stay residents who newly received an antipsychotic medication,1.2,Chain Performance 20250730.csv,2026-01-26T14:50:30.846590,220.0
6A795B9F156B4C44,FAMILY OF CARING HEALTHCARE,,2025-07,monthly,Average percentage of short-stay residents who were assessed and appropriately given the pneumococcal vaccine,98.4,Chain Performance 20250730.csv,2026-01-26T14:50:30.846590,220.0
6A795B9F156B4C44,FAMILY OF CARING HEALTHCARE,,2025-07,monthly,Average percentage of short-stay residents who were assessed and appropriately given the seasonal influenza vaccine,88.8,Chain Performance 20250730.csv,2026-01-26T14:50:30.846590,220.0
6A795B9F156B4C44,FAMILY OF CARING HEALTHCARE,,2025-07,monthly,Average percentage of short-stay residents who were re-hospitalized after a nursing home admission,25.2,Chain Performance 20250730.csv,2026-01-26T14:50:30.846590,220.0
6A795B9F156B4C44,FAMILY OF CARING HEALTHCARE,,2025-07,monthly,Average percentage of short-stay residents with pressure ulcers or pressure injuries that are new or worsened,1.9,Chain Performance 20250730.csv,2026-01-26T14:50:30.846590,220.0
6A795B9F156B4C44,FAMILY OF CARING HEALTHCARE,,2025-07,monthly,Average quality rating,3.9,Chain Performance 20250730.csv,2026-01-26T14:50:30.846590,220.0
6A795B9F156B4C44,FAMILY OF CARING HEALTHCARE,,2025-07,monthly,Average rate of potentially preventable hospital readmissions 30 days after discharge from a SNF,9.9,Chain Performance 20250730.csv,2026-01-26T14:50:30.846590,220.0
6A795B9F156B4C44,FAMILY OF CARING HEALTHCARE,,2025-07,monthly,Average staffing rating,3.5,Chain Performance 20250730.csv,2026-01-26T14:50:30.846590,220.0
6A795B9F156B4C44,FAMILY OF CARING HEALTHCARE,,2025-07,monthly,Average total Registered Nurse hours per resident day,0.8,Chain Performance 20250730.csv,2026-01-26T14:50:30.846590,220.0
6A795B9F156B4C44,FAMILY OF CARING HEALTHCARE,,2025-07,monthly,Average total nurse hours per resident day,4.0,Chain Performance 20250730.csv,2026-01-26T14:50:30.846590,220.0
6A795B9F156B4C44,FAMILY OF CARING HEALTHCARE,,2025-07,monthly,Average total nursing staff turnover percentage,38.2,Chain Performance 20250730.csv,2026-01-26T14:50:30.846590,220.0
6A795B9F156B4C44,FAMILY OF CARING HEALTHCARE,,2025-07,monthly,Average total weekend nurse hours per resident day,3.7,Chain Performance 20250730.csv,2026-01-26T14:50:30.846590,220.0
6A795B9F156B4C44,FAMILY OF CARING HEALTHCARE,,2025-07,monthly,Number of SFF candidates,0.0,Chain Performance 20250730.csv,2026-01-26T14:50:30.846590,220.0
6A795B9F156B4C44,FAMILY OF CARING HEALTHCARE,,2025-07,monthly,Number of Special Focus Facilities (SFF),0.0,Chain Performance 20250730.csv,2026-01-26T14:50:30.846590,220.0
6A795B9F156B4C44,FAMILY OF CARING HEALTHCARE,,2025-07,monthly,Number of facilities,8.0,Chain Performance 20250730.csv,2026-01-26T14:50:30.846590,220.0
6A795B9F156B4C44,FAMILY OF CARING HEALTHCARE,,2025-07,monthly,Number of facilities with an abuse icon,0.0,Chain Performance 20250730.csv,2026-01-26T14:50:30.846590,220.0
6A795B9F156B4C44,FAMILY OF CARING HEALTHCARE,,2025-07,monthly,Number of states and territories with operations,1.0,Chain Performance 20250730.csv,2026-01-26T14:50:30.846590,220.0
6A795B9F156B4C44,FAMILY OF CARING HEALTHCARE,,2025-07,monthly,Percent of facilities classified as for-profit,100.0,Chain Performance 20250730.csv,2026-01-26T14:50:30.846590,220.0
6A795B9F156B4C44,FAMILY OF CARING HEALTHCARE,,2025-07,monthly,Percent of facilities classified as government-owned,0.0,Chain Performance 20250730.csv,2026-01-26T14:50:30.846590,220.0
6A795B9F156B4C44,FAMILY OF CARING HEALTHCARE,,2025-07,monthly,Percent of facilities classified as non-profit,0.0,Chain Performance 20250730.csv,2026-01-26T14:50:30.846590,220.0
6A795B9F156B4C44,FAMILY OF CARING HEALTHCARE,,2025-07,monthly,Percentage of facilities with an abuse icon,0.0,Chain Performance 20250730.csv,2026-01-26T14:50:30.846590,220.0
6A795B9F156B4C44,FAMILY OF CARING HEALTHCARE,,2025-07,monthly,Total amount of fines in dollars,88981.16,Chain Performance 20250730.csv,2026-01-26T14:50:30.846590,220.0
6A795B9F156B4C44,FAMILY OF CARING HEALTHCARE,,2025-07,monthly,Total number of fines,7.0,Chain Performance 20250730.csv,2026-01-26T14:50:30.846590,220.0
6A795B9F156B4C44,FAMILY OF CARING HEALTHCARE,,2025-07,monthly,Total number of payment denials,1.0,Chain Performance 20250730.csv,2026-01-26T14:50:30.846590,220.0
6A795B9F156B4C44,FAMILY OF CARING HEALTHCARE,,2025-11,monthly,Average Registered Nurse turnover percentage,25.8,Chain_Performance_20251205.csv,2026-01-26T14:50:31.765367,220.0
6A795B9F156B4C44,FAMILY OF CARING HEALTHCARE,,2025-11,monthly,Average amount of fines in dollars,7354.5,Chain_Performance_20251205.csv,2026-01-26T14:50:31.765367,220.0
6A795B9F156B4C44,FAMILY OF CARING HEALTHCARE,,2025-11,monthly,Average health inspection rating,3.5,Chain_Performance_20251205.csv,2026-01-26T14:50:31.765367,220.0
6A795B9F156B4C44,FAMILY OF CARING HEALTHCARE,,2025-11,monthly,Average number of administrators who have left the nursing home,0.5,Chain_Performance_20251205.csv,2026-01-26T14:50:31.765367,220.0
6A795B9F156B4C44,FAMILY OF CARING HEALTHCARE,,2025-11,monthly,Average number of fines,0.6,Chain_Performance_20251205.csv,2026-01-26T14:50:31.765367,220.0
6A795B9F156B4C44,FAMILY OF CARING HEALTHCARE,,2025-11,monthly,"Average number of hospitalizations per 1,000 long-stay resident days",1.29,Chain_Performance_20251205.csv,2026-01-26T14:50:31.765367,220.0
6A795B9F156B4C44,FAMILY OF CARING HEALTHCARE,,2025-11,monthly,"Average number of outpatient emergency department visits per 1,000 long-stay resident days",0.96,Chain_Performance_20251205.csv,2026-01-26T14:50:31.765367,220.0
6A795B9F156B4C44,FAMILY OF CARING HEALTHCARE,,2025-11,monthly,Average number of payment denials,0.1,Chain_Performance_20251205.csv,2026-01-26T14:50:31.765367,220.0
6A795B9F156B4C44,FAMILY OF CARING HEALTHCARE,,2025-11,monthly,Average overall 5-star rating,3.8,Chain_Performance_20251205.csv,2026-01-26T14:50:31.765367,220.0
6A795B9F156B4C44,FAMILY OF CARING HEALTHCARE,,2025-11,monthly,Average percentage of long-stay residents experiencing one or more falls with major injury,3.4,Chain_Performance_20251205.csv,2026-01-26T14:50:31.765367,220.0
6A795B9F156B4C44,FAMILY OF CARING HEALTHCARE,,2025-11,monthly,Average percentage of long-stay residents who have or had a catheter inserted and left in their bladder,1.2,Chain_Performance_20251205.csv,2026-01-26T14:50:31.765367,220.0
6A795B9F156B4C44,FAMILY OF CARING HEALTHCARE,,2025-11,monthly,Average percentage of long-stay residents who have symptoms of depression,5.8,Chain_Performance_20251205.csv,2026-01-26T14:50:31.765367,220.0
6A795B9F156B4C44,FAMILY OF CARING HEALTHCARE,,2025-11,monthly,Average percentage of long-stay residents who lose too much weight,6.2,Chain_Performance_20251205.csv,2026-01-26T14:50:31.765367,220.0
6A795B9F156B4C44,FAMILY OF CARING HEALTHCARE,,2025-11,monthly,Average percentage of long-stay residents who received an antipsychotic medication,15.1,Chain_Performance_20251205.csv,2026-01-26T14:50:31.765367,220.0
6A795B9F156B4C44,FAMILY OF CARING HEALTHCARE,,2025-11,monthly,Average percentage of long-stay residents who used antianxiety or hypnotic medication,17.1,Chain_Performance_20251205.csv,2026-01-26T14:50:31.765367,220.0
6A795B9F156B4C44,FAMILY OF CARING HEALTHCARE,,2025-11,monthly,Average percentage of long-stay residents who were assessed and appropriately given the  pneumococcal vaccine,99.4,Nursing_Home_Chain_Performance_Measures_Nov_2025.csv,2026-01-26T13:31:01.561222,
6A795B9F156B4C44,FAMILY OF CARING HEALTHCARE,,2025-11,monthly,Average percentage of long-stay residents who were assessed and appropriately given the pneumococcal vaccine,99.4,Chain_Performance_20251205.csv,2026-01-26T14:50:31.765367,220.0
6A795B9F156B4C44,FAMILY OF CARING HEALTHCARE,,2025-11,monthly,Average percentage of long-stay residents who were assessed and appropriately given the seasonal influenza vaccine,97.6,Chain_Performance_20251205.csv,2026-01-26T14:50:31.765367,220.0
6A795B9F156B4C44,FAMILY OF CARING HEALTHCARE,,2025-11,monthly,Average percentage of long-stay residents who were physically restrained,0.0,Chain_Performance_20251205.csv,2026-01-26T14:50:31.765367,220.0
6A795B9F156B4C44,FAMILY OF CARING HEALTHCARE,,2025-11,monthly,Average percentage of long-stay residents whose ability to move independently worsened,16.0,Chain_Performance_20251205.csv,2026-01-26T14:50:31.765367,220.0
6A795B9F156B4C44,FAMILY OF CARING HEALTHCARE,,2025-11,monthly,Average percentage of long-stay residents whose need for help with activities of daily living has increased,10.0,Chain_Performance_20251205.csv,2026-01-26T14:50:31.765367,220.0
6A795B9F156B4C44,FAMILY OF CARING HEALTHCARE,,2025-11,monthly,Average percentage of long-stay residents with a urinary tract infection,1.2,Chain_Performance_20251205.csv,2026-01-26T14:50:31.765367,220.0
6A795B9F156B4C44,FAMILY OF CARING HEALTHCARE,,2025-11,monthly,Average percentage of long-stay residents with new or worsened bowel or bladder incontinence,15.7,Chain_Performance_20251205.csv,2026-01-26T14:50:31.765367,220.0
6A795B9F156B4C44,FAMILY OF CARING HEALTHCARE,,2025-11,monthly,Average percentage of long-stay residents with pressure ulcers,5.9,Chain_Performance_20251205.csv,2026-01-26T14:50:31.765367,220.0
6A795B9F156B4C44,FAMILY OF CARING HEALTHCARE,,2025-11,monthly,Average percentage of short-stay residents who are at or above an expected ability to care for themselves and move around at discharge,54.4,Chain_Performance_20251205.csv,2026-01-26T14:50:31.765367,220.0
6A795B9F156B4C44,FAMILY OF CARING HEALTHCARE,,2025-11,monthly,Average percentage of short-stay residents who have had an outpatient emergency department visit,9.4,Chain_Performance_20251205.csv,2026-01-26T14:50:31.765367,220.0
6A795B9F156B4C44,FAMILY OF CARING HEALTHCARE,,2025-11,monthly,Average percentage of short-stay residents who newly received an antipsychotic medication,1.2,Chain_Performance_20251205.csv,2026-01-26T14:50:31.765367,220.0
6A795B9F156B4C44,FAMILY OF CARING HEALTHCARE,,2025-11,monthly,Average percentage of short-stay residents who were assessed and appropriately given the  pneumococcal vaccine,98.5,Nursing_Home_Chain_Performance_Measures_Nov_2025.csv,2026-01-26T13:31:01.561222,
6A795B9F156B4C44,FAMILY OF CARING HEALTHCARE,,2025-11,monthly,Average percentage of short-stay residents who were assessed and appropriately given the pneumococcal vaccine,98.5,Chain_Performance_20251205.csv,2026-01-26T14:50:31.765367,220.0
6A795B9F156B4C44,FAMILY OF CARING HEALTHCARE,,2025-11,monthly,Average percentage of short-stay residents who were assessed and appropriately given the seasonal influenza vaccine,91.4,Chain_Performance_20251205.csv,2026-01-26T14:50:31.765367,220.0
6A795B9F156B4C44,FAMILY OF CARING HEALTHCARE,,2025-11,monthly,Average percentage of short-stay residents who were re-hospitalized after a nursing home admission,25.3,Chain_Performance_20251205.csv,2026-01-26T14:50:31.765367,220.0
6A795B9F156B4C44,FAMILY OF CARING HEALTHCARE,,2025-11,monthly,Average percentage of short-stay residents with pressure ulcers or pressure injuries that are new or worsened,1.6,Chain_Performance_20251205.csv,2026-01-26T14:50:31.765367,220.0
6A795B9F156B4C44,FAMILY OF CARING HEALTHCARE,,2025-11,monthly,Average quality rating,3.9,Chain_Performance_20251205.csv,2026-01-26T14:50:31.765367,220.0
6A795B9F156B4C44,FAMILY OF CARING HEALTHCARE,,2025-11,monthly,Average rate of potentially preventable hospital readmissions 30 days after discharge from a SNF,10.1,Chain_Performance_20251205.csv,2026-01-26T14:50:31.765367,220.0
6A795B9F156B4C44,FAMILY OF CARING HEALTHCARE,,2025-11,monthly,Average staffing rating,3.5,Chain_Performance_20251205.csv,2026-01-26T14:50:31.765367,220.0
6A795B9F156B4C44,FAMILY OF CARING HEALTHCARE,,2025-11,monthly,Average total Registered Nurse hours per resident day,0.9,Chain_Performance_20251205.csv,2026-01-26T14:50:31.765367,220.0
6A795B9F156B4C44,FAMILY OF CARING HEALTHCARE,,2025-11,monthly,Average total nurse hours per resident day,4.1,Chain_Performance_20251205.csv,2026-01-26T14:50:31.765367,220.0
6A795B9F156B4C44,FAMILY OF CARING HEALTHCARE,,2025-11,monthly,Average total nursing staff turnover percentage,38.3,Chain_Performance_20251205.csv,2026-01-26T14:50:31.765367,220.0
6A795B9F156B4C44,FAMILY OF CARING HEALTHCARE,,2025-11,monthly,Average total weekend nurse hours per resident day,3.7,Chain_Performance_20251205.csv,2026-01-26T14:50:31.765367,220.0
6A795B9F156B4C44,FAMILY OF CARING HEALTHCARE,,2025-11,monthly,Number of SFF candidates,0.0,Chain_Performance_20251205.csv,2026-01-26T14:50:31.765367,220.0
6A795B9F156B4C44,FAMILY OF CARING HEALTHCARE,,2025-11,monthly,Number of Special Focus Facilities (SFF),0.0,Chain_Performance_20251205.csv,2026-01-26T14:50:31.765367,220.0
6A795B9F156B4C44,FAMILY OF CARING HEALTHCARE,,2025-11,monthly,Number of facilities,8.0,Chain_Performance_20251205.csv,2026-01-26T14:50:31.765367,220.0
6A795B9F156B4C44,FAMILY OF CARING HEALTHCARE,,2025-11,monthly,Number of facilities with an abuse icon,0.0,Chain_Performance_20251205.csv,2026-01-26T14:50:31.765367,220.0
6A795B9F156B4C44,FAMILY OF CARING HEALTHCARE,,2025-11,monthly,Number of states and territories with operations,1.0,Chain_Performance_20251205.csv,2026-01-26T14:50:31.765367,220.0
6A795B9F156B4C44,FAMILY OF CARING HEALTHCARE,,2025-11,monthly,Percent of facilities classified as for-profit,100.0,Chain_Performance_20251205.csv,2026-01-26T14:50:31.765367,220.0
6A795B9F156B4C44,FAMILY OF CARING HEALTHCARE,,2025-11,monthly,Percent of facilities classified as government-owned,0.0,Chain_Performance_20251205.csv,2026-01-26T14:50:31.765367,220.0
6A795B9F156B4C44,FAMILY OF CARING HEALTHCARE,,2025-11,monthly,Percent of facilities classified as non-profit,0.0,Chain_Performance_20251205.csv,2026-01-26T14:50:31.765367,220.0
6A795B9F156B4C44,FAMILY OF CARING HEALTHCARE,,2025-11,monthly,Percentage of facilities with an abuse icon,0.0,Chain_Performance_20251205.csv,2026-01-26T14:50:31.765367,220.0
6A795B9F156B4C44,FAMILY OF CARING HEALTHCARE,,2025-11,monthly,Total amount of fines in dollars,58836.0,Chain_Performance_20251205.csv,2026-01-26T14:50:31.765367,220.0
6A795B9F156B4C44,FAMILY OF CARING HEALTHCARE,,2025-11,monthly,Total number of fines,5.0,Chain_Performance_20251205.csv,2026-01-26T14:50:31.765367,220.0
6A795B9F156B4C44,FAMILY OF CARING HEALTHCARE,,2025-11,monthly,Total number of payment denials,1.0,Chain_Performance_20251205.csv,2026-01-26T14:50:31.765367,220.0
EF1CED1D392363F0,EXCELSIOR CARE GROUP,,2023-06,monthly,Average Registered Nurse turnover percentage,43.8,Affiliated Entity Performance 20230628.csv,2026-01-26T14:50:19.124151,217.0
EF1CED1D392363F0,EXCELSIOR CARE GROUP,,2023-06,monthly,Average amount of fines in dollars,22437.0,Affiliated Entity Performance 20230628.csv,2026-01-26T14:50:19.124151,217.0
EF1CED1D392363F0,EXCELSIOR CARE GROUP,,2023-06,monthly,Average health inspection rating,2.8,Affiliated Entity Performance 20230628.csv,2026-01-26T14:50:19.124151,217.0
EF1CED1D392363F0,EXCELSIOR CARE GROUP,,2023-06,monthly,Average number of administrators who have left the nursing home,0.4,Affiliated Entity Performance 20230628.csv,2026-01-26T14:50:19.124151,217.0
EF1CED1D392363F0,EXCELSIOR CARE GROUP,,2023-06,monthly,Average number of fines,1.2,Affiliated Entity Performance 20230628.csv,2026-01-26T14:50:19.124151,217.0
EF1CED1D392363F0,EXCELSIOR CARE GROUP,,2023-06,monthly,"Average number of hospitalizations per 1,000 long-stay resident days",1.35,Affiliated Entity Performance 20230628.csv,2026-01-26T14:50:19.124151,217.0
EF1CED1D392363F0,EXCELSIOR CARE GROUP,,2023-06,monthly,"Average number of outpatient emergency department visits per 1,000 long-stay resident days",1.09,Affiliated Entity Performance 20230628.csv,2026-01-26T14:50:19.124151,217.0
EF1CED1D392363F0,EXCELSIOR CARE GROUP,,2023-06,monthly,Average number of payment denials,0.1,Affiliated Entity Performance 20230628.csv,2026-01-26T14:50:19.124151,217.0
EF1CED1D392363F0,EXCELSIOR CARE GROUP,,2023-06,monthly,Average overall 5-star rating,3.0,Affiliated Entity Performance 20230628.csv,2026-01-26T14:50:19.124151,217.0
EF1CED1D392363F0,EXCELSIOR CARE GROUP,,2023-06,monthly,Average percentage of current residents up to date with COVID-19 vaccines,65.2,Affiliated Entity Performance 20230628.csv,2026-01-26T14:50:19.124151,217.0
EF1CED1D392363F0,EXCELSIOR CARE GROUP,,2023-06,monthly,Average percentage of healthcare personnel up to date with COVID-19 vaccines,19.3,Affiliated Entity Performance 20230628.csv,2026-01-26T14:50:19.124151,217.0
EF1CED1D392363F0,EXCELSIOR CARE GROUP,,2023-06,monthly,Average percentage of long-stay high-risk residents with pressure ulcers,6.6,Affiliated Entity Performance 20230628.csv,2026-01-26T14:50:19.124151,217.0
EF1CED1D392363F0,EXCELSIOR CARE GROUP,,2023-06,monthly,Average percentage of long-stay low-risk residents who lose control of their bowels or bladder,49.2,Affiliated Entity Performance 20230628.csv,2026-01-26T14:50:19.124151,217.0
EF1CED1D392363F0,EXCELSIOR CARE GROUP,,2023-06,monthly,Average percentage of long-stay residents experiencing one or more falls with major injury,4.6,Affiliated Entity Performance 20230628.csv,2026-01-26T14:50:19.124151,217.0
EF1CED1D392363F0,EXCELSIOR CARE GROUP,,2023-06,monthly,Average percentage of long-stay residents who have or had a catheter inserted and left in their bladder,2.3,Affiliated Entity Performance 20230628.csv,2026-01-26T14:50:19.124151,217.0
EF1CED1D392363F0,EXCELSIOR CARE GROUP,,2023-06,monthly,Average percentage of long-stay residents who have symptoms of depression,3.6,Affiliated Entity Performance 20230628.csv,2026-01-26T14:50:19.124151,217.0
EF1CED1D392363F0,EXCELSIOR CARE GROUP,,2023-06,monthly,Average percentage of long-stay residents who lose too much weight,5.9,Affiliated Entity Performance 20230628.csv,2026-01-26T14:50:19.124151,217.0
EF1CED1D392363F0,EXCELSIOR CARE GROUP,,2023-06,monthly,Average percentage of long-stay residents who received an antipsychotic medication,14.1,Affiliated Entity Performance 20230628.csv,2026-01-26T14:50:19.124151,217.0
EF1CED1D392363F0,EXCELSIOR CARE GROUP,,2023-06,monthly,Average percentage of long-stay residents who used antianxiety or hypnotic medication,15.6,Affiliated Entity Performance 20230628.csv,2026-01-26T14:50:19.124151,217.0
EF1CED1D392363F0,EXCELSIOR CARE GROUP,,2023-06,monthly,Average percentage of long-stay residents who were assessed and appropriately given the pneumococcal vaccine,94.2,Affiliated Entity Performance 20230628.csv,2026-01-26T14:50:19.124151,217.0
EF1CED1D392363F0,EXCELSIOR CARE GROUP,,2023-06,monthly,Average percentage of long-stay residents who were assessed and appropriately given the seasonal influenza vaccine,96.0,Affiliated Entity Performance 20230628.csv,2026-01-26T14:50:19.124151,217.0
EF1CED1D392363F0,EXCELSIOR CARE GROUP,,2023-06,monthly,Average percentage of long-stay residents who were physically restrained,0.1,Affiliated Entity Performance 20230628.csv,2026-01-26T14:50:19.124151,217.0
EF1CED1D392363F0,EXCELSIOR CARE GROUP,,2023-06,monthly,Average percentage of long-stay residents whose ability to move independently worsened,18.1,Affiliated Entity Performance 20230628.csv,2026-01-26T14:50:19.124151,217.0
EF1CED1D392363F0,EXCELSIOR CARE GROUP,,2023-06,monthly,Average percentage of long-stay residents whose need for help with activities of daily living has increased,16.8,Affiliated Entity Performance 20230628.csv,2026-01-26T14:50:19.124151,217.0
EF1CED1D392363F0,EXCELSIOR CARE GROUP,,2023-06,monthly,Average percentage of long-stay residents with a urinary tract infection,4.1,Affiliated Entity Performance 20230628.csv,2026-01-26T14:50:19.124151,217.0
EF1CED1D392363F0,EXCELSIOR CARE GROUP,,2023-06,monthly,Average percentage of short-stay residents who have had an outpatient emergency department visit,12.9,Affiliated Entity Performance 20230628.csv,2026-01-26T14:50:19.124151,217.0
EF1CED1D392363F0,EXCELSIOR CARE GROUP,,2023-06,monthly,Average percentage of short-stay residents who made improvements in function,78.8,Affiliated Entity Performance 20230628.csv,2026-01-26T14:50:19.124151,217.0
EF1CED1D392363F0,EXCELSIOR CARE GROUP,,2023-06,monthly,Average percentage of short-stay residents who newly received an antipsychotic medication,1.4,Affiliated Entity Performance 20230628.csv,2026-01-26T14:50:19.124151,217.0
EF1CED1D392363F0,EXCELSIOR CARE GROUP,,2023-06,monthly,Average percentage of short-stay residents who were assessed and appropriately given the pneumococcal vaccine,80.3,Affiliated Entity Performance 20230628.csv,2026-01-26T14:50:19.124151,217.0
EF1CED1D392363F0,EXCELSIOR CARE GROUP,,2023-06,monthly,Average percentage of short-stay residents who were assessed and appropriately given the seasonal influenza vaccine,69.6,Affiliated Entity Performance 20230628.csv,2026-01-26T14:50:19.124151,217.0
EF1CED1D392363F0,EXCELSIOR CARE GROUP,,2023-06,monthly,Average percentage of short-stay residents who were re-hospitalized after a nursing home admission,20.0,Affiliated Entity Performance 20230628.csv,2026-01-26T14:50:19.124151,217.0
EF1CED1D392363F0,EXCELSIOR CARE GROUP,,2023-06,monthly,Average percentage of short-stay residents with pressure ulcers or pressure injuries that are new or worsened,3.0,Affiliated Entity Performance 20230628.csv,2026-01-26T14:50:19.124151,217.0
EF1CED1D392363F0,EXCELSIOR CARE GROUP,,2023-06,monthly,Average quality rating,3.4,Affiliated Entity Performance 20230628.csv,2026-01-26T14:50:19.124151,217.0
EF1CED1D392363F0,EXCELSIOR CARE GROUP,,2023-06,monthly,Average rate of potentially preventable hospital readmissions 30 days after discharge from a SNF,7.7,Affiliated Entity Performance 20230628.csv,2026-01-26T14:50:19.124151,217.0
EF1CED1D392363F0,EXCELSIOR CARE GROUP,,2023-06,monthly,Average staffing rating,3.5,Affiliated Entity Performance 20230628.csv,2026-01-26T14:50:19.124151,217.0
EF1CED1D392363F0,EXCELSIOR CARE GROUP,,2023-06,monthly,Average total Registered Nurse hours per resident day,0.9,Affiliated Entity Performance 20230628.csv,2026-01-26T14:50:19.124151,217.0
EF1CED1D392363F0,EXCELSIOR CARE GROUP,,2023-06,monthly,Average total nurse hours per resident day,3.6,Affiliated Entity Performance 20230628.csv,2026-01-26T14:50:19.124151,217.0
EF1CED1D392363F0,EXCELSIOR CARE GROUP,,2023-06,monthly,Average total nursing staff turnover percentage,54.3,Affiliated Entity Performance 20230628.csv,2026-01-26T14:50:19.124151,217.0
EF1CED1D392363F0,EXCELSIOR CARE GROUP,,2023-06,monthly,Average total weekend nurse hours per resident day,3.1,Affiliated Entity Performance 20230628.csv,2026-01-26T14:50:19.124151,217.0
EF1CED1D392363F0,EXCELSIOR CARE GROUP,,2023-06,monthly,Number of SFF candidates,3.0,Affiliated Entity Performance 20230628.csv,2026-01-26T14:50:19.124151,217.0
EF1CED1D392363F0,EXCELSIOR CARE GROUP,,2023-06,monthly,Number of Special Focus Facilities (SFF),1.0,Affiliated Entity Performance 20230628.csv,2026-01-26T14:50:19.124151,217.0
EF1CED1D392363F0,EXCELSIOR CARE GROUP,,2023-06,monthly,Number of facilities,118.0,Affiliated Entity Performance 20230628.csv,2026-01-26T14:50:19.124151,217.0
EF1CED1D392363F0,EXCELSIOR CARE GROUP,,2023-06,monthly,Number of facilities with an abuse icon,3.0,Affiliated Entity Performance 20230628.csv,2026-01-26T14:50:19.124151,217.0
EF1CED1D392363F0,EXCELSIOR CARE GROUP,,2023-06,monthly,Number of states and territories with operations,22.0,Affiliated Entity Performance 20230628.csv,2026-01-26T14:50:19.124151,217.0
EF1CED1D392363F0,EXCELSIOR CARE GROUP,,2023-06,monthly,Percent of facilities classified as for-profit,6.8,Affiliated Entity Performance 20230628.csv,2026-01-26T14:50:19.124151,217.0
EF1CED1D392363F0,EXCELSIOR CARE GROUP,,2023-06,monthly,Percent of facilities classified as government-owned,0.0,Affiliated Entity Performance 20230628.csv,2026-01-26T14:50:19.124151,217.0
EF1CED1D392363F0,EXCELSIOR CARE GROUP,,2023-06,monthly,Percent of facilities classified as non-profit,93.2,Affiliated Entity Performance 20230628.csv,2026-01-26T14:50:19.124151,217.0
EF1CED1D392363F0,EXCELSIOR CARE GROUP,,2023-06,monthly,Percentage of facilities with an abuse icon,2.5,Affiliated Entity Performance 20230628.csv,2026-01-26T14:50:19.124151,217.0
EF1CED1D392363F0,EXCELSIOR CARE GROUP,,2023-06,monthly,Total amount of fines in dollars,2647565.51,Affiliated Entity Performance 20230628.csv,2026-01-26T14:50:19.124151,217.0
EF1CED1D392363F0,EXCELSIOR CARE GROUP,,2023-06,monthly,Total number of fines,139.0,Affiliated Entity Performance 20230628.csv,2026-01-26T14:50:19.124151,217.0
EF1CED1D392363F0,EXCELSIOR CARE GROUP,,2023-06,monthly,Total number of payment denials,12.0,Affiliated Entity Performance 20230628.csv,2026-01-26T14:50:19.124151,217.0
EF1CED1D392363F0,EXCELSIOR CARE GROUP,,2023-07,monthly,Average Registered Nurse turnover percentage,42.3,Affiliated Entity Performance 20230719.csv,2026-01-26T14:50:19.734646,217.0
EF1CED1D392363F0,EXCELSIOR CARE GROUP,,2023-07,monthly,Average amount of fines in dollars,17458.81,Affiliated Entity Performance 20230719.csv,2026-01-26T14:50:19.734646,217.0
EF1CED1D392363F0,EXCELSIOR CARE GROUP,,2023-07,monthly,Average health inspection rating,3.6,Affiliated Entity Performance 20230719.csv,2026-01-26T14:50:19.734646,217.0
EF1CED1D392363F0,EXCELSIOR CARE GROUP,,2023-07,monthly,Average number of administrators who have left the nursing home,0.8,Affiliated Entity Performance 20230719.csv,2026-01-26T14:50:19.734646,217.0
EF1CED1D392363F0,EXCELSIOR CARE GROUP,,2023-07,monthly,Average number of fines,4.7,Affiliated Entity Performance 20230719.csv,2026-01-26T14:50:19.734646,217.0
EF1CED1D392363F0,EXCELSIOR CARE GROUP,,2023-07,monthly,"Average number of hospitalizations per 1,000 long-stay resident days",1.61,Affiliated Entity Performance 20230719.csv,2026-01-26T14:50:19.734646,217.0
EF1CED1D392363F0,EXCELSIOR CARE GROUP,,2023-07,monthly,"Average number of outpatient emergency department visits per 1,000 long-stay resident days",0.72,Affiliated Entity Performance 20230719.csv,2026-01-26T14:50:19.734646,217.0
EF1CED1D392363F0,EXCELSIOR CARE GROUP,,2023-07,monthly,Average number of payment denials,0.0,Affiliated Entity Performance 20230719.csv,2026-01-26T14:50:19.734646,217.0
EF1CED1D392363F0,EXCELSIOR CARE GROUP,,2023-07,monthly,Average overall 5-star rating,4.0,Affiliated Entity Performance 20230719.csv,2026-01-26T14:50:19.734646,217.0
EF1CED1D392363F0,EXCELSIOR CARE GROUP,,2023-07,monthly,Average percentage of current residents up to date with COVID-19 vaccines,56.2,Affiliated Entity Performance 20230719.csv,2026-01-26T14:50:19.734646,217.0
EF1CED1D392363F0,EXCELSIOR CARE GROUP,,2023-07,monthly,Average percentage of healthcare personnel up to date with COVID-19 vaccines,50.9,Affiliated Entity Performance 20230719.csv,2026-01-26T14:50:19.734646,217.0
EF1CED1D392363F0,EXCELSIOR CARE GROUP,,2023-07,monthly,Average percentage of long-stay high-risk residents with pressure ulcers,9.8,Affiliated Entity Performance 20230719.csv,2026-01-26T14:50:19.734646,217.0
EF1CED1D392363F0,EXCELSIOR CARE GROUP,,2023-07,monthly,Average percentage of long-stay low-risk residents who lose control of their bowels or bladder,40.8,Affiliated Entity Performance 20230719.csv,2026-01-26T14:50:19.734646,217.0
EF1CED1D392363F0,EXCELSIOR CARE GROUP,,2023-07,monthly,Average percentage of long-stay residents experiencing one or more falls with major injury,2.6,Affiliated Entity Performance 20230719.csv,2026-01-26T14:50:19.734646,217.0
EF1CED1D392363F0,EXCELSIOR CARE GROUP,,2023-07,monthly,Average percentage of long-stay residents who have or had a catheter inserted and left in their bladder,1.1,Affiliated Entity Performance 20230719.csv,2026-01-26T14:50:19.734646,217.0
EF1CED1D392363F0,EXCELSIOR CARE GROUP,,2023-07,monthly,Average percentage of long-stay residents who have symptoms of depression,11.9,Affiliated Entity Performance 20230719.csv,2026-01-26T14:50:19.734646,217.0
EF1CED1D392363F0,EXCELSIOR CARE GROUP,,2023-07,monthly,Average percentage of long-stay residents who lose too much weight,5.3,Affiliated Entity Performance 20230719.csv,2026-01-26T14:50:19.734646,217.0
EF1CED1D392363F0,EXCELSIOR CARE GROUP,,2023-07,monthly,Average percentage of long-stay residents who received an antipsychotic medication,11.6,Affiliated Entity Performance 20230719.csv,2026-01-26T14:50:19.734646,217.0
EF1CED1D392363F0,EXCELSIOR CARE GROUP,,2023-07,monthly,Average percentage of long-stay residents who used antianxiety or hypnotic medication,14.5,Affiliated Entity Performance 20230719.csv,2026-01-26T14:50:19.734646,217.0
EF1CED1D392363F0,EXCELSIOR CARE GROUP,,2023-07,monthly,Average percentage of long-stay residents who were assessed and appropriately given the pneumococcal vaccine,93.7,Affiliated Entity Performance 20230719.csv,2026-01-26T14:50:19.734646,217.0
EF1CED1D392363F0,EXCELSIOR CARE GROUP,,2023-07,monthly,Average percentage of long-stay residents who were assessed and appropriately given the seasonal influenza vaccine,91.7,Affiliated Entity Performance 20230719.csv,2026-01-26T14:50:19.734646,217.0
EF1CED1D392363F0,EXCELSIOR CARE GROUP,,2023-07,monthly,Average percentage of long-stay residents who were physically restrained,0.0,Affiliated Entity Performance 20230719.csv,2026-01-26T14:50:19.734646,217.0
EF1CED1D392363F0,EXCELSIOR CARE GROUP,,2023-07,monthly,Average percentage of long-stay residents whose ability to move independently worsened,10.8,Affiliated Entity Performance 20230719.csv,2026-01-26T14:50:19.734646,217.0
EF1CED1D392363F0,EXCELSIOR CARE GROUP,,2023-07,monthly,Average percentage of long-stay residents whose need for help with activities of daily living has increased,12.4,Affiliated Entity Performance 20230719.csv,2026-01-26T14:50:19.734646,217.0
EF1CED1D392363F0,EXCELSIOR CARE GROUP,,2023-07,monthly,Average percentage of long-stay residents with a urinary tract infection,1.3,Affiliated Entity Performance 20230719.csv,2026-01-26T14:50:19.734646,217.0
EF1CED1D392363F0,EXCELSIOR CARE GROUP,,2023-07,monthly,Average percentage of short-stay residents who have had an outpatient emergency department visit,10.3,Affiliated Entity Performance 20230719.csv,2026-01-26T14:50:19.734646,217.0
EF1CED1D392363F0,EXCELSIOR CARE GROUP,,2023-07,monthly,Average percentage of short-stay residents who made improvements in function,82.1,Affiliated Entity Performance 20230719.csv,2026-01-26T14:50:19.734646,217.0
EF1CED1D392363F0,EXCELSIOR CARE GROUP,,2023-07,monthly,Average percentage of short-stay residents who newly received an antipsychotic medication,1.2,Affiliated Entity Performance 20230719.csv,2026-01-26T14:50:19.734646,217.0
EF1CED1D392363F0,EXCELSIOR CARE GROUP,,2023-07,monthly,Average percentage of short-stay residents who were assessed and appropriately given the pneumococcal vaccine,88.5,Affiliated Entity Performance 20230719.csv,2026-01-26T14:50:19.734646,217.0
EF1CED1D392363F0,EXCELSIOR CARE GROUP,,2023-07,monthly,Average percentage of short-stay residents who were assessed and appropriately given the seasonal influenza vaccine,83.3,Affiliated Entity Performance 20230719.csv,2026-01-26T14:50:19.734646,217.0
EF1CED1D392363F0,EXCELSIOR CARE GROUP,,2023-07,monthly,Average percentage of short-stay residents who were re-hospitalized after a nursing home admission,22.3,Affiliated Entity Performance 20230719.csv,2026-01-26T14:50:19.734646,217.0
EF1CED1D392363F0,EXCELSIOR CARE GROUP,,2023-07,monthly,Average percentage of short-stay residents with pressure ulcers or pressure injuries that are new or worsened,3.2,Affiliated Entity Performance 20230719.csv,2026-01-26T14:50:19.734646,217.0
EF1CED1D392363F0,EXCELSIOR CARE GROUP,,2023-07,monthly,Average quality rating,4.3,Affiliated Entity Performance 20230719.csv,2026-01-26T14:50:19.734646,217.0
EF1CED1D392363F0,EXCELSIOR CARE GROUP,,2023-07,monthly,Average rate of potentially preventable hospital readmissions 30 days after discharge from a SNF,7.7,Affiliated Entity Performance 20230719.csv,2026-01-26T14:50:19.734646,217.0
EF1CED1D392363F0,EXCELSIOR CARE GROUP,,2023-07,monthly,Average staffing rating,3.7,Affiliated Entity Performance 20230719.csv,2026-01-26T14:50:19.734646,217.0
EF1CED1D392363F0,EXCELSIOR CARE GROUP,,2023-07,monthly,Average total Registered Nurse hours per resident day,0.9,Affiliated Entity Performance 20230719.csv,2026-01-26T14:50:19.734646,217.0
EF1CED1D392363F0,EXCELSIOR CARE GROUP,,2023-07,monthly,Average total nurse hours per resident day,4.1,Affiliated Entity Performance 20230719.csv,2026-01-26T14:50:19.734646,217.0
EF1CED1D392363F0,EXCELSIOR CARE GROUP,,2023-07,monthly,Average total nursing staff turnover percentage,45.2,Affiliated Entity Performance 20230719.csv,2026-01-26T14:50:19.734646,217.0
EF1CED1D392363F0,EXCELSIOR CARE GROUP,,2023-07,monthly,Average total weekend nurse hours per resident day,3.7,Affiliated Entity Performance 20230719.csv,2026-01-26T14:50:19.734646,217.0
EF1CED1D392363F0,EXCELSIOR CARE GROUP,,2023-07,monthly,Number of SFF candidates,0.0,Affiliated Entity Performance 20230719.csv,2026-01-26T14:50:19.734646,217.0
EF1CED1D392363F0,EXCELSIOR CARE GROUP,,2023-07,monthly,Number of Special Focus Facilities (SFF),0.0,Affiliated Entity Performance 20230719.csv,2026-01-26T14:50:19.734646,217.0
EF1CED1D392363F0,EXCELSIOR CARE GROUP,,2023-07,monthly,Number of facilities,7.0,Affiliated Entity Performance 20230719.csv,2026-01-26T14:50:19.734646,217.0
EF1CED1D392363F0,EXCELSIOR CARE GROUP,,2023-07,monthly,Number of facilities with an abuse icon,0.0,Affiliated Entity Performance 20230719.csv,2026-01-26T14:50:19.734646,217.0
EF1CED1D392363F0,EXCELSIOR CARE GROUP,,2023-07,monthly,Number of states and territories with operations,1.0,Affiliated Entity Performance 20230719.csv,2026-01-26T14:50:19.734646,217.0
EF1CED1D392363F0,EXCELSIOR CARE GROUP,,2023-07,monthly,Percent of facilities classified as for-profit,100.0,Affiliated Entity Performance 20230719.csv,2026-01-26T14:50:19.734646,217.0
EF1CED1D392363F0,EXCELSIOR CARE GROUP,,2023-07,monthly,Percent of facilities classified as government-owned,0.0,Affiliated Entity Performance 20230719.csv,2026-01-26T14:50:19.734646,217.0
EF1CED1D392363F0,EXCELSIOR CARE GROUP,,2023-07,monthly,Percent of facilities classified as non-profit,0.0,Affiliated Entity Performance 20230719.csv,2026-01-26T14:50:19.734646,217.0
EF1CED1D392363F0,EXCELSIOR CARE GROUP,,2023-07,monthly,Percentage of facilities with an abuse icon,0.0,Affiliated Entity Performance 20230719.csv,2026-01-26T14:50:19.734646,217.0
EF1CED1D392363F0,EXCELSIOR CARE GROUP,,2023-07,monthly,Total amount of fines in dollars,122211.66,Affiliated Entity Performance 20230719.csv,2026-01-26T14:50:19.734646,217.0
EF1CED1D392363F0,EXCELSIOR CARE GROUP,,2023-07,monthly,Total number of fines,33.0,Affiliated Entity Performance 20230719.csv,2026-01-26T14:50:19.734646,217.0
EF1CED1D392363F0,EXCELSIOR CARE GROUP,,2023-07,monthly,Total number of payment denials,0.0,Affiliated Entity Performance 20230719.csv,2026-01-26T14:50:19.734646,217.0
EF1CED1D392363F0,EXCELSIOR CARE GROUP,,2023-08,monthly,Average Registered Nurse turnover percentage,46.7,Affiliated Entity Performance 20230825.csv,2026-01-26T14:50:20.206641,217.0
EF1CED1D392363F0,EXCELSIOR CARE GROUP,,2023-08,monthly,Average amount of fines in dollars,26115.45,Affiliated Entity Performance 20230825.csv,2026-01-26T14:50:20.206641,217.0
EF1CED1D392363F0,EXCELSIOR CARE GROUP,,2023-08,monthly,Average health inspection rating,2.6,Affiliated Entity Performance 20230825.csv,2026-01-26T14:50:20.206641,217.0
EF1CED1D392363F0,EXCELSIOR CARE GROUP,,2023-08,monthly,Average number of administrators who have left the nursing home,1.0,Affiliated Entity Performance 20230825.csv,2026-01-26T14:50:20.206641,217.0
EF1CED1D392363F0,EXCELSIOR CARE GROUP,,2023-08,monthly,Average number of fines,2.6,Affiliated Entity Performance 20230825.csv,2026-01-26T14:50:20.206641,217.0
EF1CED1D392363F0,EXCELSIOR CARE GROUP,,2023-08,monthly,"Average number of hospitalizations per 1,000 long-stay resident days",1.8,Affiliated Entity Performance 20230825.csv,2026-01-26T14:50:20.206641,217.0
EF1CED1D392363F0,EXCELSIOR CARE GROUP,,2023-08,monthly,"Average number of outpatient emergency department visits per 1,000 long-stay resident days",0.82,Affiliated Entity Performance 20230825.csv,2026-01-26T14:50:20.206641,217.0
EF1CED1D392363F0,EXCELSIOR CARE GROUP,,2023-08,monthly,Average number of payment denials,0.1,Affiliated Entity Performance 20230825.csv,2026-01-26T14:50:20.206641,217.0
EF1CED1D392363F0,EXCELSIOR CARE GROUP,,2023-08,monthly,Average overall 5-star rating,2.7,Affiliated Entity Performance 20230825.csv,2026-01-26T14:50:20.206641,217.0
EF1CED1D392363F0,EXCELSIOR CARE GROUP,,2023-08,monthly,Average percentage of current residents up to date with COVID-19 vaccines,60.2,Affiliated Entity Performance 20230825.csv,2026-01-26T14:50:20.206641,217.0
EF1CED1D392363F0,EXCELSIOR CARE GROUP,,2023-08,monthly,Average percentage of healthcare personnel up to date with COVID-19 vaccines,35.4,Affiliated Entity Performance 20230825.csv,2026-01-26T14:50:20.206641,217.0
EF1CED1D392363F0,EXCELSIOR CARE GROUP,,2023-08,monthly,Average percentage of long-stay high-risk residents with pressure ulcers,11.0,Affiliated Entity Performance 20230825.csv,2026-01-26T14:50:20.206641,217.0
EF1CED1D392363F0,EXCELSIOR CARE GROUP,,2023-08,monthly,Average percentage of long-stay low-risk residents who lose control of their bowels or bladder,42.7,Affiliated Entity Performance 20230825.csv,2026-01-26T14:50:20.206641,217.0
EF1CED1D392363F0,EXCELSIOR CARE GROUP,,2023-08,monthly,Average percentage of long-stay residents experiencing one or more falls with major injury,1.9,Affiliated Entity Performance 20230825.csv,2026-01-26T14:50:20.206641,217.0
EF1CED1D392363F0,EXCELSIOR CARE GROUP,,2023-08,monthly,Average percentage of long-stay residents who have or had a catheter inserted and left in their bladder,1.1,Affiliated Entity Performance 20230825.csv,2026-01-26T14:50:20.206641,217.0
EF1CED1D392363F0,EXCELSIOR CARE GROUP,,2023-08,monthly,Average percentage of long-stay residents who have symptoms of depression,24.1,Affiliated Entity Performance 20230825.csv,2026-01-26T14:50:20.206641,217.0
EF1CED1D392363F0,EXCELSIOR CARE GROUP,,2023-08,monthly,Average percentage of long-stay residents who lose too much weight,7.3,Affiliated Entity Performance 20230825.csv,2026-01-26T14:50:20.206641,217.0
EF1CED1D392363F0,EXCELSIOR CARE GROUP,,2023-08,monthly,Average percentage of long-stay residents who received an antipsychotic medication,8.8,Affiliated Entity Performance 20230825.csv,2026-01-26T14:50:20.206641,217.0
EF1CED1D392363F0,EXCELSIOR CARE GROUP,,2023-08,monthly,Average percentage of long-stay residents who used antianxiety or hypnotic medication,13.4,Affiliated Entity Performance 20230825.csv,2026-01-26T14:50:20.206641,217.0
EF1CED1D392363F0,EXCELSIOR CARE GROUP,,2023-08,monthly,Average percentage of long-stay residents who were assessed and appropriately given the pneumococcal vaccine,86.2,Affiliated Entity Performance 20230825.csv,2026-01-26T14:50:20.206641,217.0
EF1CED1D392363F0,EXCELSIOR CARE GROUP,,2023-08,monthly,Average percentage of long-stay residents who were assessed and appropriately given the seasonal influenza vaccine,91.7,Affiliated Entity Performance 20230825.csv,2026-01-26T14:50:20.206641,217.0
EF1CED1D392363F0,EXCELSIOR CARE GROUP,,2023-08,monthly,Average percentage of long-stay residents who were physically restrained,0.0,Affiliated Entity Performance 20230825.csv,2026-01-26T14:50:20.206641,217.0
EF1CED1D392363F0,EXCELSIOR CARE GROUP,,2023-08,monthly,Average percentage of long-stay residents whose ability to move independently worsened,14.1,Affiliated Entity Performance 20230825.csv,2026-01-26T14:50:20.206641,217.0
EF1CED1D392363F0,EXCELSIOR CARE GROUP,,2023-08,monthly,Average percentage of long-stay residents whose need for help with activities of daily living has increased,15.4,Affiliated Entity Performance 20230825.csv,2026-01-26T14:50:20.206641,217.0
EF1CED1D392363F0,EXCELSIOR CARE GROUP,,2023-08,monthly,Average percentage of long-stay residents with a urinary tract infection,1.5,Affiliated Entity Performance 20230825.csv,2026-01-26T14:50:20.206641,217.0
EF1CED1D392363F0,EXCELSIOR CARE GROUP,,2023-08,monthly,Average percentage of short-stay residents who have had an outpatient emergency department visit,9.2,Affiliated Entity Performance 20230825.csv,2026-01-26T14:50:20.206641,217.0
EF1CED1D392363F0,EXCELSIOR CARE GROUP,,2023-08,monthly,Average percentage of short-stay residents who made improvements in function,79.5,Affiliated Entity Performance 20230825.csv,2026-01-26T14:50:20.206641,217.0
EF1CED1D392363F0,EXCELSIOR CARE GROUP,,2023-08,monthly,Average percentage of short-stay residents who newly received an antipsychotic medication,1.5,Affiliated Entity Performance 20230825.csv,2026-01-26T14:50:20.206641,217.0
EF1CED1D392363F0,EXCELSIOR CARE GROUP,,2023-08,monthly,Average percentage of short-stay residents who were assessed and appropriately given the pneumococcal vaccine,66.8,Affiliated Entity Performance 20230825.csv,2026-01-26T14:50:20.206641,217.0
EF1CED1D392363F0,EXCELSIOR CARE GROUP,,2023-08,monthly,Average percentage of short-stay residents who were assessed and appropriately given the seasonal influenza vaccine,72.7,Affiliated Entity Performance 20230825.csv,2026-01-26T14:50:20.206641,217.0
EF1CED1D392363F0,EXCELSIOR CARE GROUP,,2023-08,monthly,Average percentage of short-stay residents who were re-hospitalized after a nursing home admission,22.0,Affiliated Entity Performance 20230825.csv,2026-01-26T14:50:20.206641,217.0
EF1CED1D392363F0,EXCELSIOR CARE GROUP,,2023-08,monthly,Average percentage of short-stay residents with pressure ulcers or pressure injuries that are new or worsened,2.3,Affiliated Entity Performance 20230825.csv,2026-01-26T14:50:20.206641,217.0
EF1CED1D392363F0,EXCELSIOR CARE GROUP,,2023-08,monthly,Average quality rating,4.0,Affiliated Entity Performance 20230825.csv,2026-01-26T14:50:20.206641,217.0
EF1CED1D392363F0,EXCELSIOR CARE GROUP,,2023-08,monthly,Average rate of potentially preventable hospital readmissions 30 days after discharge from a SNF,7.7,Affiliated Entity Performance 20230825.csv,2026-01-26T14:50:20.206641,217.0
EF1CED1D392363F0,EXCELSIOR CARE GROUP,,2023-08,monthly,Average staffing rating,1.9,Affiliated Entity Performance 20230825.csv,2026-01-26T14:50:20.206641,217.0
EF1CED1D392363F0,EXCELSIOR CARE GROUP,,2023-08,monthly,Average total Registered Nurse hours per resident day,0.5,Affiliated Entity Performance 20230825.csv,2026-01-26T14:50:20.206641,217.0
EF1CED1D392363F0,EXCELSIOR CARE GROUP,,2023-08,monthly,Average total nurse hours per resident day,3.3,Affiliated Entity Performance 20230825.csv,2026-01-26T14:50:20.206641,217.0
EF1CED1D392363F0,EXCELSIOR CARE GROUP,,2023-08,monthly,Average total nursing staff turnover percentage,40.1,Affiliated Entity Performance 20230825.csv,2026-01-26T14:50:20.206641,217.0
EF1CED1D392363F0,EXCELSIOR CARE GROUP,,2023-08,monthly,Average total weekend nurse hours per resident day,3.0,Affiliated Entity Performance 20230825.csv,2026-01-26T14:50:20.206641,217.0
EF1CED1D392363F0,EXCELSIOR CARE GROUP,,2023-08,monthly,Number of SFF candidates,0.0,Affiliated Entity Performance 20230825.csv,2026-01-26T14:50:20.206641,217.0
EF1CED1D392363F0,EXCELSIOR CARE GROUP,,2023-08,monthly,Number of Special Focus Facilities (SFF),0.0,Affiliated Entity Performance 20230825.csv,2026-01-26T14:50:20.206641,217.0
EF1CED1D392363F0,EXCELSIOR CARE GROUP,,2023-08,monthly,Number of facilities,19.0,Affiliated Entity Performance 20230825.csv,2026-01-26T14:50:20.206641,217.0
EF1CED1D392363F0,EXCELSIOR CARE GROUP,,2023-08,monthly,Number of facilities with an abuse icon,0.0,Affiliated Entity Performance 20230825.csv,2026-01-26T14:50:20.206641,217.0
EF1CED1D392363F0,EXCELSIOR CARE GROUP,,2023-08,monthly,Number of states and territories with operations,3.0,Affiliated Entity Performance 20230825.csv,2026-01-26T14:50:20.206641,217.0
EF1CED1D392363F0,EXCELSIOR CARE GROUP,,2023-08,monthly,Percent of facilities classified as for-profit,100.0,Affiliated Entity Performance 20230825.csv,2026-01-26T14:50:20.206641,217.0
EF1CED1D392363F0,EXCELSIOR CARE GROUP,,2023-08,monthly,Percent of facilities classified as government-owned,0.0,Affiliated Entity Performance 20230825.csv,2026-01-26T14:50:20.206641,217.0
EF1CED1D392363F0,EXCELSIOR CARE GROUP,,2023-08,monthly,Percent of facilities classified as non-profit,0.0,Affiliated Entity Performance 20230825.csv,2026-01-26T14:50:20.206641,217.0
EF1CED1D392363F0,EXCELSIOR CARE GROUP,,2023-08,monthly,Percentage of facilities with an abuse icon,0.0,Affiliated Entity Performance 20230825.csv,2026-01-26T14:50:20.206641,217.0
EF1CED1D392363F0,EXCELSIOR CARE GROUP,,2023-08,monthly,Total amount of fines in dollars,496193.56,Affiliated Entity Performance 20230825.csv,2026-01-26T14:50:20.206641,217.0
EF1CED1D392363F0,EXCELSIOR CARE GROUP,,2023-08,monthly,Total number of fines,50.0,Affiliated Entity Performance 20230825.csv,2026-01-26T14:50:20.206641,217.0
EF1CED1D392363F0,EXCELSIOR CARE GROUP,,2023-08,monthly,Total number of payment denials,1.0,Affiliated Entity Performance 20230825.csv,2026-01-26T14:50:20.206641,217.0
EF1CED1D392363F0,EXCELSIOR CARE GROUP,,2023-09,monthly,Average Registered Nurse turnover percentage,46.7,Affiliated Entity Performance 20230920.csv,2026-01-26T14:50:20.693457,217.0
EF1CED1D392363F0,EXCELSIOR CARE GROUP,,2023-09,monthly,Average amount of fines in dollars,26786.46,Affiliated Entity Performance 20230920.csv,2026-01-26T14:50:20.693457,217.0
EF1CED1D392363F0,EXCELSIOR CARE GROUP,,2023-09,monthly,Average health inspection rating,2.6,Affiliated Entity Performance 20230920.csv,2026-01-26T14:50:20.693457,217.0
EF1CED1D392363F0,EXCELSIOR CARE GROUP,,2023-09,monthly,Average number of administrators who have left the nursing home,1.0,Affiliated Entity Performance 20230920.csv,2026-01-26T14:50:20.693457,217.0
EF1CED1D392363F0,EXCELSIOR CARE GROUP,,2023-09,monthly,Average number of fines,2.7,Affiliated Entity Performance 20230920.csv,2026-01-26T14:50:20.693457,217.0
EF1CED1D392363F0,EXCELSIOR CARE GROUP,,2023-09,monthly,"Average number of hospitalizations per 1,000 long-stay resident days",1.8,Affiliated Entity Performance 20230920.csv,2026-01-26T14:50:20.693457,217.0
EF1CED1D392363F0,EXCELSIOR CARE GROUP,,2023-09,monthly,"Average number of outpatient emergency department visits per 1,000 long-stay resident days",0.82,Affiliated Entity Performance 20230920.csv,2026-01-26T14:50:20.693457,217.0
EF1CED1D392363F0,EXCELSIOR CARE GROUP,,2023-09,monthly,Average number of payment denials,0.1,Affiliated Entity Performance 20230920.csv,2026-01-26T14:50:20.693457,217.0
EF1CED1D392363F0,EXCELSIOR CARE GROUP,,2023-09,monthly,Average overall 5-star rating,2.6,Affiliated Entity Performance 20230920.csv,2026-01-26T14:50:20.693457,217.0
EF1CED1D392363F0,EXCELSIOR CARE GROUP,,2023-09,monthly,Average percentage of current residents up to date with COVID-19 vaccines,61.0,Affiliated Entity Performance 20230920.csv,2026-01-26T14:50:20.693457,217.0
EF1CED1D392363F0,EXCELSIOR CARE GROUP,,2023-09,monthly,Average percentage of healthcare personnel up to date with COVID-19 vaccines,28.8,Affiliated Entity Performance 20230920.csv,2026-01-26T14:50:20.693457,217.0
EF1CED1D392363F0,EXCELSIOR CARE GROUP,,2023-09,monthly,Average percentage of long-stay high-risk residents with pressure ulcers,11.0,Affiliated Entity Performance 20230920.csv,2026-01-26T14:50:20.693457,217.0
EF1CED1D392363F0,EXCELSIOR CARE GROUP,,2023-09,monthly,Average percentage of long-stay low-risk residents who lose control of their bowels or bladder,42.7,Affiliated Entity Performance 20230920.csv,2026-01-26T14:50:20.693457,217.0
EF1CED1D392363F0,EXCELSIOR CARE GROUP,,2023-09,monthly,Average percentage of long-stay residents experiencing one or more falls with major injury,1.9,Affiliated Entity Performance 20230920.csv,2026-01-26T14:50:20.693457,217.0
EF1CED1D392363F0,EXCELSIOR CARE GROUP,,2023-09,monthly,Average percentage of long-stay residents who have or had a catheter inserted and left in their bladder,1.1,Affiliated Entity Performance 20230920.csv,2026-01-26T14:50:20.693457,217.0
EF1CED1D392363F0,EXCELSIOR CARE GROUP,,2023-09,monthly,Average percentage of long-stay residents who have symptoms of depression,24.1,Affiliated Entity Performance 20230920.csv,2026-01-26T14:50:20.693457,217.0
EF1CED1D392363F0,EXCELSIOR CARE GROUP,,2023-09,monthly,Average percentage of long-stay residents who lose too much weight,7.3,Affiliated Entity Performance 20230920.csv,2026-01-26T14:50:20.693457,217.0
EF1CED1D392363F0,EXCELSIOR CARE GROUP,,2023-09,monthly,Average percentage of long-stay residents who received an antipsychotic medication,9.2,Affiliated Entity Performance 20230920.csv,2026-01-26T14:50:20.693457,217.0
EF1CED1D392363F0,EXCELSIOR CARE GROUP,,2023-09,monthly,Average percentage of long-stay residents who used antianxiety or hypnotic medication,13.4,Affiliated Entity Performance 20230920.csv,2026-01-26T14:50:20.693457,217.0
EF1CED1D392363F0,EXCELSIOR CARE GROUP,,2023-09,monthly,Average percentage of long-stay residents who were assessed and appropriately given the pneumococcal vaccine,86.2,Affiliated Entity Performance 20230920.csv,2026-01-26T14:50:20.693457,217.0
EF1CED1D392363F0,EXCELSIOR CARE GROUP,,2023-09,monthly,Average percentage of long-stay residents who were assessed and appropriately given the seasonal influenza vaccine,91.7,Affiliated Entity Performance 20230920.csv,2026-01-26T14:50:20.693457,217.0
EF1CED1D392363F0,EXCELSIOR CARE GROUP,,2023-09,monthly,Average percentage of long-stay residents who were physically restrained,0.0,Affiliated Entity Performance 20230920.csv,2026-01-26T14:50:20.693457,217.0
EF1CED1D392363F0,EXCELSIOR CARE GROUP,,2023-09,monthly,Average percentage of long-stay residents whose ability to move independently worsened,14.1,Affiliated Entity Performance 20230920.csv,2026-01-26T14:50:20.693457,217.0
EF1CED1D392363F0,EXCELSIOR CARE GROUP,,2023-09,monthly,Average percentage of long-stay residents whose need for help with activities of daily living has increased,15.4,Affiliated Entity Performance 20230920.csv,2026-01-26T14:50:20.693457,217.0
EF1CED1D392363F0,EXCELSIOR CARE GROUP,,2023-09,monthly,Average percentage of long-stay residents with a urinary tract infection,1.5,Affiliated Entity Performance 20230920.csv,2026-01-26T14:50:20.693457,217.0
EF1CED1D392363F0,EXCELSIOR CARE GROUP,,2023-09,monthly,Average percentage of short-stay residents who have had an outpatient emergency department visit,9.2,Affiliated Entity Performance 20230920.csv,2026-01-26T14:50:20.693457,217.0
EF1CED1D392363F0,EXCELSIOR CARE GROUP,,2023-09,monthly,Average percentage of short-stay residents who made improvements in function,79.5,Affiliated Entity Performance 20230920.csv,2026-01-26T14:50:20.693457,217.0
EF1CED1D392363F0,EXCELSIOR CARE GROUP,,2023-09,monthly,Average percentage of short-stay residents who newly received an antipsychotic medication,1.5,Affiliated Entity Performance 20230920.csv,2026-01-26T14:50:20.693457,217.0
EF1CED1D392363F0,EXCELSIOR CARE GROUP,,2023-09,monthly,Average percentage of short-stay residents who were assessed and appropriately given the pneumococcal vaccine,66.8,Affiliated Entity Performance 20230920.csv,2026-01-26T14:50:20.693457,217.0
EF1CED1D392363F0,EXCELSIOR CARE GROUP,,2023-09,monthly,Average percentage of short-stay residents who were assessed and appropriately given the seasonal influenza vaccine,72.7,Affiliated Entity Performance 20230920.csv,2026-01-26T14:50:20.693457,217.0
EF1CED1D392363F0,EXCELSIOR CARE GROUP,,2023-09,monthly,Average percentage of short-stay residents who were re-hospitalized after a nursing home admission,22.0,Affiliated Entity Performance 20230920.csv,2026-01-26T14:50:20.693457,217.0
EF1CED1D392363F0,EXCELSIOR CARE GROUP,,2023-09,monthly,Average percentage of short-stay residents with pressure ulcers or pressure injuries that are new or worsened,2.3,Affiliated Entity Performance 20230920.csv,2026-01-26T14:50:20.693457,217.0
EF1CED1D392363F0,EXCELSIOR CARE GROUP,,2023-09,monthly,Average quality rating,3.9,Affiliated Entity Performance 20230920.csv,2026-01-26T14:50:20.693457,217.0
EF1CED1D392363F0,EXCELSIOR CARE GROUP,,2023-09,monthly,Average rate of potentially preventable hospital readmissions 30 days after discharge from a SNF,7.7,Affiliated Entity Performance 20230920.csv,2026-01-26T14:50:20.693457,217.0
EF1CED1D392363F0,EXCELSIOR CARE GROUP,,2023-09,monthly,Average staffing rating,1.9,Affiliated Entity Performance 20230920.csv,2026-01-26T14:50:20.693457,217.0
EF1CED1D392363F0,EXCELSIOR CARE GROUP,,2023-09,monthly,Average total Registered Nurse hours per resident day,0.5,Affiliated Entity Performance 20230920.csv,2026-01-26T14:50:20.693457,217.0
EF1CED1D392363F0,EXCELSIOR CARE GROUP,,2023-09,monthly,Average total nurse hours per resident day,3.3,Affiliated Entity Performance 20230920.csv,2026-01-26T14:50:20.693457,217.0
EF1CED1D392363F0,EXCELSIOR CARE GROUP,,2023-09,monthly,Average total nursing staff turnover percentage,40.1,Affiliated Entity Performance 20230920.csv,2026-01-26T14:50:20.693457,217.0
EF1CED1D392363F0,EXCELSIOR CARE GROUP,,2023-09,monthly,Average total weekend nurse hours per resident day,3.0,Affiliated Entity Performance 20230920.csv,2026-01-26T14:50:20.693457,217.0
EF1CED1D392363F0,EXCELSIOR CARE GROUP,,2023-09,monthly,Number of SFF candidates,0.0,Affiliated Entity Performance 20230920.csv,2026-01-26T14:50:20.693457,217.0
EF1CED1D392363F0,EXCELSIOR CARE GROUP,,2023-09,monthly,Number of Special Focus Facilities (SFF),0.0,Affiliated Entity Performance 20230920.csv,2026-01-26T14:50:20.693457,217.0
EF1CED1D392363F0,EXCELSIOR CARE GROUP,,2023-09,monthly,Number of facilities,19.0,Affiliated Entity Performance 20230920.csv,2026-01-26T14:50:20.693457,217.0
EF1CED1D392363F0,EXCELSIOR CARE GROUP,,2023-09,monthly,Number of facilities with an abuse icon,0.0,Affiliated Entity Performance 20230920.csv,2026-01-26T14:50:20.693457,217.0
EF1CED1D392363F0,EXCELSIOR CARE GROUP,,2023-09,monthly,Number of states and territories with operations,3.0,Affiliated Entity Performance 20230920.csv,2026-01-26T14:50:20.693457,217.0
EF1CED1D392363F0,EXCELSIOR CARE GROUP,,2023-09,monthly,Percent of facilities classified as for-profit,100.0,Affiliated Entity Performance 20230920.csv,2026-01-26T14:50:20.693457,217.0
EF1CED1D392363F0,EXCELSIOR CARE GROUP,,2023-09,monthly,Percent of facilities classified as government-owned,0.0,Affiliated Entity Performance 20230920.csv,2026-01-26T14:50:20.693457,217.0
EF1CED1D392363F0,EXCELSIOR CARE GROUP,,2023-09,monthly,Percent of facilities classified as non-profit,0.0,Affiliated Entity Performance 20230920.csv,2026-01-26T14:50:20.693457,217.0
EF1CED1D392363F0,EXCELSIOR CARE GROUP,,2023-09,monthly,Percentage of facilities with an abuse icon,0.0,Affiliated Entity Performance 20230920.csv,2026-01-26T14:50:20.693457,217.0
EF1CED1D392363F0,EXCELSIOR CARE GROUP,,2023-09,monthly,Total amount of fines in dollars,508942.66,Affiliated Entity Performance 20230920.csv,2026-01-26T14:50:20.693457,217.0
EF1CED1D392363F0,EXCELSIOR CARE GROUP,,2023-09,monthly,Total number of fines,52.0,Affiliated Entity Performance 20230920.csv,2026-01-26T14:50:20.693457,217.0
EF1CED1D392363F0,EXCELSIOR CARE GROUP,,2023-09,monthly,Total number of payment denials,1.0,Affiliated Entity Performance 20230920.csv,2026-01-26T14:50:20.693457,217.0
EF1CED1D392363F0,EXCELSIOR CARE GROUP,,2023-10,monthly,Average Registered Nurse turnover percentage,46.8,Affiliated Entity Performance 20231018.csv,2026-01-26T14:50:21.139901,217.0
EF1CED1D392363F0,EXCELSIOR CARE GROUP,,2023-10,monthly,Average amount of fines in dollars,26730.86,Affiliated Entity Performance 20231018.csv,2026-01-26T14:50:21.139901,217.0
EF1CED1D392363F0,EXCELSIOR CARE GROUP,,2023-10,monthly,Average health inspection rating,2.6,Affiliated Entity Performance 20231018.csv,2026-01-26T14:50:21.139901,217.0
EF1CED1D392363F0,EXCELSIOR CARE GROUP,,2023-10,monthly,Average number of administrators who have left the nursing home,0.8,Affiliated Entity Performance 20231018.csv,2026-01-26T14:50:21.139901,217.0
EF1CED1D392363F0,EXCELSIOR CARE GROUP,,2023-10,monthly,Average number of fines,2.6,Affiliated Entity Performance 20231018.csv,2026-01-26T14:50:21.139901,217.0
EF1CED1D392363F0,EXCELSIOR CARE GROUP,,2023-10,monthly,"Average number of hospitalizations per 1,000 long-stay resident days",1.87,Affiliated Entity Performance 20231018.csv,2026-01-26T14:50:21.139901,217.0
EF1CED1D392363F0,EXCELSIOR CARE GROUP,,2023-10,monthly,"Average number of outpatient emergency department visits per 1,000 long-stay resident days",0.84,Affiliated Entity Performance 20231018.csv,2026-01-26T14:50:21.139901,217.0
EF1CED1D392363F0,EXCELSIOR CARE GROUP,,2023-10,monthly,Average number of payment denials,0.1,Affiliated Entity Performance 20231018.csv,2026-01-26T14:50:21.139901,217.0
EF1CED1D392363F0,EXCELSIOR CARE GROUP,,2023-10,monthly,Average overall 5-star rating,2.6,Affiliated Entity Performance 20231018.csv,2026-01-26T14:50:21.139901,217.0
EF1CED1D392363F0,EXCELSIOR CARE GROUP,,2023-10,monthly,Average percentage of current residents up to date with COVID-19 vaccines,56.8,Affiliated Entity Performance 20231018.csv,2026-01-26T14:50:21.139901,217.0
EF1CED1D392363F0,EXCELSIOR CARE GROUP,,2023-10,monthly,Average percentage of healthcare personnel up to date with COVID-19 vaccines,24.6,Affiliated Entity Performance 20231018.csv,2026-01-26T14:50:21.139901,217.0
EF1CED1D392363F0,EXCELSIOR CARE GROUP,,2023-10,monthly,Average percentage of long-stay high-risk residents with pressure ulcers,10.8,Affiliated Entity Performance 20231018.csv,2026-01-26T14:50:21.139901,217.0
EF1CED1D392363F0,EXCELSIOR CARE GROUP,,2023-10,monthly,Average percentage of long-stay low-risk residents who lose control of their bowels or bladder,44.4,Affiliated Entity Performance 20231018.csv,2026-01-26T14:50:21.139901,217.0
EF1CED1D392363F0,EXCELSIOR CARE GROUP,,2023-10,monthly,Average percentage of long-stay residents experiencing one or more falls with major injury,2.0,Affiliated Entity Performance 20231018.csv,2026-01-26T14:50:21.139901,217.0
EF1CED1D392363F0,EXCELSIOR CARE GROUP,,2023-10,monthly,Average percentage of long-stay residents who have or had a catheter inserted and left in their bladder,1.0,Affiliated Entity Performance 20231018.csv,2026-01-26T14:50:21.139901,217.0
EF1CED1D392363F0,EXCELSIOR CARE GROUP,,2023-10,monthly,Average percentage of long-stay residents who have symptoms of depression,25.3,Affiliated Entity Performance 20231018.csv,2026-01-26T14:50:21.139901,217.0
EF1CED1D392363F0,EXCELSIOR CARE GROUP,,2023-10,monthly,Average percentage of long-stay residents who lose too much weight,7.6,Affiliated Entity Performance 20231018.csv,2026-01-26T14:50:21.139901,217.0
EF1CED1D392363F0,EXCELSIOR CARE GROUP,,2023-10,monthly,Average percentage of long-stay residents who received an antipsychotic medication,9.7,Affiliated Entity Performance 20231018.csv,2026-01-26T14:50:21.139901,217.0
EF1CED1D392363F0,EXCELSIOR CARE GROUP,,2023-10,monthly,Average percentage of long-stay residents who used antianxiety or hypnotic medication,13.3,Affiliated Entity Performance 20231018.csv,2026-01-26T14:50:21.139901,217.0
EF1CED1D392363F0,EXCELSIOR CARE GROUP,,2023-10,monthly,Average percentage of long-stay residents who were assessed and appropriately given the pneumococcal vaccine,85.2,Affiliated Entity Performance 20231018.csv,2026-01-26T14:50:21.139901,217.0
EF1CED1D392363F0,EXCELSIOR CARE GROUP,,2023-10,monthly,Average percentage of long-stay residents who were assessed and appropriately given the seasonal influenza vaccine,91.9,Affiliated Entity Performance 20231018.csv,2026-01-26T14:50:21.139901,217.0
EF1CED1D392363F0,EXCELSIOR CARE GROUP,,2023-10,monthly,Average percentage of long-stay residents who were physically restrained,0.0,Affiliated Entity Performance 20231018.csv,2026-01-26T14:50:21.139901,217.0
EF1CED1D392363F0,EXCELSIOR CARE GROUP,,2023-10,monthly,Average percentage of long-stay residents whose ability to move independently worsened,15.2,Affiliated Entity Performance 20231018.csv,2026-01-26T14:50:21.139901,217.0
EF1CED1D392363F0,EXCELSIOR CARE GROUP,,2023-10,monthly,Average percentage of long-stay residents whose need for help with activities of daily living has increased,15.1,Affiliated Entity Performance 20231018.csv,2026-01-26T14:50:21.139901,217.0
EF1CED1D392363F0,EXCELSIOR CARE GROUP,,2023-10,monthly,Average percentage of long-stay residents with a urinary tract infection,1.3,Affiliated Entity Performance 20231018.csv,2026-01-26T14:50:21.139901,217.0
EF1CED1D392363F0,EXCELSIOR CARE GROUP,,2023-10,monthly,Average percentage of short-stay residents who have had an outpatient emergency department visit,9.9,Affiliated Entity Performance 20231018.csv,2026-01-26T14:50:21.139901,217.0
EF1CED1D392363F0,EXCELSIOR CARE GROUP,,2023-10,monthly,Average percentage of short-stay residents who made improvements in function,79.7,Affiliated Entity Performance 20231018.csv,2026-01-26T14:50:21.139901,217.0
EF1CED1D392363F0,EXCELSIOR CARE GROUP,,2023-10,monthly,Average percentage of short-stay residents who newly received an antipsychotic medication,1.6,Affiliated Entity Performance 20231018.csv,2026-01-26T14:50:21.139901,217.0
EF1CED1D392363F0,EXCELSIOR CARE GROUP,,2023-10,monthly,Average percentage of short-stay residents who were assessed and appropriately given the pneumococcal vaccine,65.1,Affiliated Entity Performance 20231018.csv,2026-01-26T14:50:21.139901,217.0
EF1CED1D392363F0,EXCELSIOR CARE GROUP,,2023-10,monthly,Average percentage of short-stay residents who were assessed and appropriately given the seasonal influenza vaccine,71.3,Affiliated Entity Performance 20231018.csv,2026-01-26T14:50:21.139901,217.0
EF1CED1D392363F0,EXCELSIOR CARE GROUP,,2023-10,monthly,Average percentage of short-stay residents who were re-hospitalized after a nursing home admission,22.8,Affiliated Entity Performance 20231018.csv,2026-01-26T14:50:21.139901,217.0
EF1CED1D392363F0,EXCELSIOR CARE GROUP,,2023-10,monthly,Average percentage of short-stay residents with pressure ulcers or pressure injuries that are new or worsened,1.9,Affiliated Entity Performance 20231018.csv,2026-01-26T14:50:21.139901,217.0
EF1CED1D392363F0,EXCELSIOR CARE GROUP,,2023-10,monthly,Average quality rating,3.6,Affiliated Entity Performance 20231018.csv,2026-01-26T14:50:21.139901,217.0
EF1CED1D392363F0,EXCELSIOR CARE GROUP,,2023-10,monthly,Average rate of potentially preventable hospital readmissions 30 days after discharge from a SNF,10.3,Affiliated Entity Performance 20231018.csv,2026-01-26T14:50:21.139901,217.0
EF1CED1D392363F0,EXCELSIOR CARE GROUP,,2023-10,monthly,Average staffing rating,2.2,Affiliated Entity Performance 20231018.csv,2026-01-26T14:50:21.139901,217.0
EF1CED1D392363F0,EXCELSIOR CARE GROUP,,2023-10,monthly,Average total Registered Nurse hours per resident day,0.5,Affiliated Entity Performance 20231018.csv,2026-01-26T14:50:21.139901,217.0
EF1CED1D392363F0,EXCELSIOR CARE GROUP,,2023-10,monthly,Average total nurse hours per resident day,3.3,Affiliated Entity Performance 20231018.csv,2026-01-26T14:50:21.139901,217.0
EF1CED1D392363F0,EXCELSIOR CARE GROUP,,2023-10,monthly,Average total nursing staff turnover percentage,36.2,Affiliated Entity Performance 20231018.csv,2026-01-26T14:50:21.139901,217.0
EF1CED1D392363F0,EXCELSIOR CARE GROUP,,2023-10,monthly,Average total weekend nurse hours per resident day,3.0,Affiliated Entity Performance 20231018.csv,2026-01-26T14:50:21.139901,217.0
EF1CED1D392363F0,EXCELSIOR CARE GROUP,,2023-10,monthly,Number of SFF candidates,0.0,Affiliated Entity Performance 20231018.csv,2026-01-26T14:50:21.139901,217.0
EF1CED1D392363F0,EXCELSIOR CARE GROUP,,2023-10,monthly,Number of Special Focus Facilities (SFF),0.0,Affiliated Entity Performance 20231018.csv,2026-01-26T14:50:21.139901,217.0
EF1CED1D392363F0,EXCELSIOR CARE GROUP,,2023-10,monthly,Number of facilities,19.0,Affiliated Entity Performance 20231018.csv,2026-01-26T14:50:21.139901,217.0
EF1CED1D392363F0,EXCELSIOR CARE GROUP,,2023-10,monthly,Number of facilities with an abuse icon,0.0,Affiliated Entity Performance 20231018.csv,2026-01-26T14:50:21.139901,217.0
EF1CED1D392363F0,EXCELSIOR CARE GROUP,,2023-10,monthly,Number of states and territories with operations,3.0,Affiliated Entity Performance 20231018.csv,2026-01-26T14:50:21.139901,217.0
EF1CED1D392363F0,EXCELSIOR CARE GROUP,,2023-10,monthly,Percent of facilities classified as for-profit,100.0,Affiliated Entity Performance 20231018.csv,2026-01-26T14:50:21.139901,217.0
EF1CED1D392363F0,EXCELSIOR CARE GROUP,,2023-10,monthly,Percent of facilities classified as government-owned,0.0,Affiliated Entity Performance 20231018.csv,2026-01-26T14:50:21.139901,217.0
EF1CED1D392363F0,EXCELSIOR CARE GROUP,,2023-10,monthly,Percent of facilities classified as non-profit,0.0,Affiliated Entity Performance 20231018.csv,2026-01-26T14:50:21.139901,217.0
EF1CED1D392363F0,EXCELSIOR CARE GROUP,,2023-10,monthly,Percentage of facilities with an abuse icon,0.0,Affiliated Entity Performance 20231018.csv,2026-01-26T14:50:21.139901,217.0
EF1CED1D392363F0,EXCELSIOR CARE GROUP,,2023-10,monthly,Total amount of fines in dollars,507886.41,Affiliated Entity Performance 20231018.csv,2026-01-26T14:50:21.139901,217.0
EF1CED1D392363F0,EXCELSIOR CARE GROUP,,2023-10,monthly,Total number of fines,50.0,Affiliated Entity Performance 20231018.csv,2026-01-26T14:50:21.139901,217.0
EF1CED1D392363F0,EXCELSIOR CARE GROUP,,2023-10,monthly,Total number of payment denials,1.0,Affiliated Entity Performance 20231018.csv,2026-01-26T14:50:21.139901,217.0
EF1CED1D392363F0,EXCELSIOR CARE GROUP,,2023-11,monthly,Average Registered Nurse turnover percentage,46.8,Affiliated Entity Performance 20231124.csv,2026-01-26T14:50:21.557449,217.0
EF1CED1D392363F0,EXCELSIOR CARE GROUP,,2023-11,monthly,Average amount of fines in dollars,17638.17,Affiliated Entity Performance 20231124.csv,2026-01-26T14:50:21.557449,217.0
EF1CED1D392363F0,EXCELSIOR CARE GROUP,,2023-11,monthly,Average health inspection rating,2.7,Affiliated Entity Performance 20231124.csv,2026-01-26T14:50:21.557449,217.0
EF1CED1D392363F0,EXCELSIOR CARE GROUP,,2023-11,monthly,Average number of administrators who have left the nursing home,0.8,Affiliated Entity Performance 20231124.csv,2026-01-26T14:50:21.557449,217.0
EF1CED1D392363F0,EXCELSIOR CARE GROUP,,2023-11,monthly,Average number of fines,2.6,Affiliated Entity Performance 20231124.csv,2026-01-26T14:50:21.557449,217.0
EF1CED1D392363F0,EXCELSIOR CARE GROUP,,2023-11,monthly,"Average number of hospitalizations per 1,000 long-stay resident days",1.87,Affiliated Entity Performance 20231124.csv,2026-01-26T14:50:21.557449,217.0
EF1CED1D392363F0,EXCELSIOR CARE GROUP,,2023-11,monthly,"Average number of outpatient emergency department visits per 1,000 long-stay resident days",0.84,Affiliated Entity Performance 20231124.csv,2026-01-26T14:50:21.557449,217.0
EF1CED1D392363F0,EXCELSIOR CARE GROUP,,2023-11,monthly,Average number of payment denials,0.0,Affiliated Entity Performance 20231124.csv,2026-01-26T14:50:21.557449,217.0
EF1CED1D392363F0,EXCELSIOR CARE GROUP,,2023-11,monthly,Average overall 5-star rating,2.7,Affiliated Entity Performance 20231124.csv,2026-01-26T14:50:21.557449,217.0
EF1CED1D392363F0,EXCELSIOR CARE GROUP,,2023-11,monthly,Average percentage of current residents up to date with COVID-19 vaccines,35.7,Affiliated Entity Performance 20231124.csv,2026-01-26T14:50:21.557449,217.0
EF1CED1D392363F0,EXCELSIOR CARE GROUP,,2023-11,monthly,Average percentage of healthcare personnel up to date with COVID-19 vaccines,12.2,Affiliated Entity Performance 20231124.csv,2026-01-26T14:50:21.557449,217.0
EF1CED1D392363F0,EXCELSIOR CARE GROUP,,2023-11,monthly,Average percentage of long-stay high-risk residents with pressure ulcers,10.8,Affiliated Entity Performance 20231124.csv,2026-01-26T14:50:21.557449,217.0
EF1CED1D392363F0,EXCELSIOR CARE GROUP,,2023-11,monthly,Average percentage of long-stay low-risk residents who lose control of their bowels or bladder,44.4,Affiliated Entity Performance 20231124.csv,2026-01-26T14:50:21.557449,217.0
EF1CED1D392363F0,EXCELSIOR CARE GROUP,,2023-11,monthly,Average percentage of long-stay residents experiencing one or more falls with major injury,2.0,Affiliated Entity Performance 20231124.csv,2026-01-26T14:50:21.557449,217.0
EF1CED1D392363F0,EXCELSIOR CARE GROUP,,2023-11,monthly,Average percentage of long-stay residents who have or had a catheter inserted and left in their bladder,1.0,Affiliated Entity Performance 20231124.csv,2026-01-26T14:50:21.557449,217.0
EF1CED1D392363F0,EXCELSIOR CARE GROUP,,2023-11,monthly,Average percentage of long-stay residents who have symptoms of depression,25.3,Affiliated Entity Performance 20231124.csv,2026-01-26T14:50:21.557449,217.0
EF1CED1D392363F0,EXCELSIOR CARE GROUP,,2023-11,monthly,Average percentage of long-stay residents who lose too much weight,7.6,Affiliated Entity Performance 20231124.csv,2026-01-26T14:50:21.557449,217.0
EF1CED1D392363F0,EXCELSIOR CARE GROUP,,2023-11,monthly,Average percentage of long-stay residents who received an antipsychotic medication,9.7,Affiliated Entity Performance 20231124.csv,2026-01-26T14:50:21.557449,217.0
EF1CED1D392363F0,EXCELSIOR CARE GROUP,,2023-11,monthly,Average percentage of long-stay residents who used antianxiety or hypnotic medication,13.3,Affiliated Entity Performance 20231124.csv,2026-01-26T14:50:21.557449,217.0
EF1CED1D392363F0,EXCELSIOR CARE GROUP,,2023-11,monthly,Average percentage of long-stay residents who were assessed and appropriately given the pneumococcal vaccine,85.2,Affiliated Entity Performance 20231124.csv,2026-01-26T14:50:21.557449,217.0
EF1CED1D392363F0,EXCELSIOR CARE GROUP,,2023-11,monthly,Average percentage of long-stay residents who were assessed and appropriately given the seasonal influenza vaccine,91.9,Affiliated Entity Performance 20231124.csv,2026-01-26T14:50:21.557449,217.0
EF1CED1D392363F0,EXCELSIOR CARE GROUP,,2023-11,monthly,Average percentage of long-stay residents who were physically restrained,0.0,Affiliated Entity Performance 20231124.csv,2026-01-26T14:50:21.557449,217.0
EF1CED1D392363F0,EXCELSIOR CARE GROUP,,2023-11,monthly,Average percentage of long-stay residents whose ability to move independently worsened,15.2,Affiliated Entity Performance 20231124.csv,2026-01-26T14:50:21.557449,217.0
EF1CED1D392363F0,EXCELSIOR CARE GROUP,,2023-11,monthly,Average percentage of long-stay residents whose need for help with activities of daily living has increased,15.1,Affiliated Entity Performance 20231124.csv,2026-01-26T14:50:21.557449,217.0
EF1CED1D392363F0,EXCELSIOR CARE GROUP,,2023-11,monthly,Average percentage of long-stay residents with a urinary tract infection,1.3,Affiliated Entity Performance 20231124.csv,2026-01-26T14:50:21.557449,217.0
EF1CED1D392363F0,EXCELSIOR CARE GROUP,,2023-11,monthly,Average percentage of short-stay residents who have had an outpatient emergency department visit,9.9,Affiliated Entity Performance 20231124.csv,2026-01-26T14:50:21.557449,217.0
EF1CED1D392363F0,EXCELSIOR CARE GROUP,,2023-11,monthly,Average percentage of short-stay residents who made improvements in function,79.7,Affiliated Entity Performance 20231124.csv,2026-01-26T14:50:21.557449,217.0
EF1CED1D392363F0,EXCELSIOR CARE GROUP,,2023-11,monthly,Average percentage of short-stay residents who newly received an antipsychotic medication,1.6,Affiliated Entity Performance 20231124.csv,2026-01-26T14:50:21.557449,217.0
EF1CED1D392363F0,EXCELSIOR CARE GROUP,,2023-11,monthly,Average percentage of short-stay residents who were assessed and appropriately given the pneumococcal vaccine,65.1,Affiliated Entity Performance 20231124.csv,2026-01-26T14:50:21.557449,217.0
EF1CED1D392363F0,EXCELSIOR CARE GROUP,,2023-11,monthly,Average percentage of short-stay residents who were assessed and appropriately given the seasonal influenza vaccine,71.3,Affiliated Entity Performance 20231124.csv,2026-01-26T14:50:21.557449,217.0
EF1CED1D392363F0,EXCELSIOR CARE GROUP,,2023-11,monthly,Average percentage of short-stay residents who were re-hospitalized after a nursing home admission,22.8,Affiliated Entity Performance 20231124.csv,2026-01-26T14:50:21.557449,217.0
EF1CED1D392363F0,EXCELSIOR CARE GROUP,,2023-11,monthly,Average percentage of short-stay residents with pressure ulcers or pressure injuries that are new or worsened,1.9,Affiliated Entity Performance 20231124.csv,2026-01-26T14:50:21.557449,217.0
EF1CED1D392363F0,EXCELSIOR CARE GROUP,,2023-11,monthly,Average quality rating,3.6,Affiliated Entity Performance 20231124.csv,2026-01-26T14:50:21.557449,217.0
EF1CED1D392363F0,EXCELSIOR CARE GROUP,,2023-11,monthly,Average rate of potentially preventable hospital readmissions 30 days after discharge from a SNF,10.3,Affiliated Entity Performance 20231124.csv,2026-01-26T14:50:21.557449,217.0
EF1CED1D392363F0,EXCELSIOR CARE GROUP,,2023-11,monthly,Average staffing rating,2.2,Affiliated Entity Performance 20231124.csv,2026-01-26T14:50:21.557449,217.0
EF1CED1D392363F0,EXCELSIOR CARE GROUP,,2023-11,monthly,Average total Registered Nurse hours per resident day,0.5,Affiliated Entity Performance 20231124.csv,2026-01-26T14:50:21.557449,217.0
EF1CED1D392363F0,EXCELSIOR CARE GROUP,,2023-11,monthly,Average total nurse hours per resident day,3.3,Affiliated Entity Performance 20231124.csv,2026-01-26T14:50:21.557449,217.0
EF1CED1D392363F0,EXCELSIOR CARE GROUP,,2023-11,monthly,Average total nursing staff turnover percentage,36.2,Affiliated Entity Performance 20231124.csv,2026-01-26T14:50:21.557449,217.0
EF1CED1D392363F0,EXCELSIOR CARE GROUP,,2023-11,monthly,Average total weekend nurse hours per resident day,3.0,Affiliated Entity Performance 20231124.csv,2026-01-26T14:50:21.557449,217.0
EF1CED1D392363F0,EXCELSIOR CARE GROUP,,2023-11,monthly,Number of SFF candidates,0.0,Affiliated Entity Performance 20231124.csv,2026-01-26T14:50:21.557449,217.0
EF1CED1D392363F0,EXCELSIOR CARE GROUP,,2023-11,monthly,Number of Special Focus Facilities (SFF),0.0,Affiliated Entity Performance 20231124.csv,2026-01-26T14:50:21.557449,217.0
EF1CED1D392363F0,EXCELSIOR CARE GROUP,,2023-11,monthly,Number of facilities,19.0,Affiliated Entity Performance 20231124.csv,2026-01-26T14:50:21.557449,217.0
EF1CED1D392363F0,EXCELSIOR CARE GROUP,,2023-11,monthly,Number of facilities with an abuse icon,0.0,Affiliated Entity Performance 20231124.csv,2026-01-26T14:50:21.557449,217.0
EF1CED1D392363F0,EXCELSIOR CARE GROUP,,2023-11,monthly,Number of states and territories with operations,3.0,Affiliated Entity Performance 20231124.csv,2026-01-26T14:50:21.557449,217.0
EF1CED1D392363F0,EXCELSIOR CARE GROUP,,2023-11,monthly,Percent of facilities classified as for-profit,100.0,Affiliated Entity Performance 20231124.csv,2026-01-26T14:50:21.557449,217.0
EF1CED1D392363F0,EXCELSIOR CARE GROUP,,2023-11,monthly,Percent of facilities classified as government-owned,0.0,Affiliated Entity Performance 20231124.csv,2026-01-26T14:50:21.557449,217.0
EF1CED1D392363F0,EXCELSIOR CARE GROUP,,2023-11,monthly,Percent of facilities classified as non-profit,0.0,Affiliated Entity Performance 20231124.csv,2026-01-26T14:50:21.557449,217.0
EF1CED1D392363F0,EXCELSIOR CARE GROUP,,2023-11,monthly,Percentage of facilities with an abuse icon,0.0,Affiliated Entity Performance 20231124.csv,2026-01-26T14:50:21.557449,217.0
EF1CED1D392363F0,EXCELSIOR CARE GROUP,,2023-11,monthly,Total amount of fines in dollars,335125.31,Affiliated Entity Performance 20231124.csv,2026-01-26T14:50:21.557449,217.0
EF1CED1D392363F0,EXCELSIOR CARE GROUP,,2023-11,monthly,Total number of fines,49.0,Affiliated Entity Performance 20231124.csv,2026-01-26T14:50:21.557449,217.0
EF1CED1D392363F0,EXCELSIOR CARE GROUP,,2023-11,monthly,Total number of payment denials,0.0,Affiliated Entity Performance 20231124.csv,2026-01-26T14:50:21.557449,217.0
EF1CED1D392363F0,EXCELSIOR CARE GROUP,,2024-01,monthly,Average Registered Nurse turnover percentage,55.0,Affiliated Entity Performance 20240124.csv,2026-01-26T14:50:22.049652,217.0
EF1CED1D392363F0,EXCELSIOR CARE GROUP,,2024-01,monthly,Average amount of fines in dollars,24208.33,Affiliated Entity Performance 20240124.csv,2026-01-26T14:50:22.049652,217.0
EF1CED1D392363F0,EXCELSIOR CARE GROUP,,2024-01,monthly,Average health inspection rating,2.6,Affiliated Entity Performance 20240124.csv,2026-01-26T14:50:22.049652,217.0
EF1CED1D392363F0,EXCELSIOR CARE GROUP,,2024-01,monthly,Average number of administrators who have left the nursing home,0.9,Affiliated Entity Performance 20240124.csv,2026-01-26T14:50:22.049652,217.0
EF1CED1D392363F0,EXCELSIOR CARE GROUP,,2024-01,monthly,Average number of fines,2.7,Affiliated Entity Performance 20240124.csv,2026-01-26T14:50:22.049652,217.0
EF1CED1D392363F0,EXCELSIOR CARE GROUP,,2024-01,monthly,"Average number of hospitalizations per 1,000 long-stay resident days",1.91,Affiliated Entity Performance 20240124.csv,2026-01-26T14:50:22.049652,217.0
EF1CED1D392363F0,EXCELSIOR CARE GROUP,,2024-01,monthly,"Average number of outpatient emergency department visits per 1,000 long-stay resident days",0.76,Affiliated Entity Performance 20240124.csv,2026-01-26T14:50:22.049652,217.0
EF1CED1D392363F0,EXCELSIOR CARE GROUP,,2024-01,monthly,Average number of payment denials,0.0,Affiliated Entity Performance 20240124.csv,2026-01-26T14:50:22.049652,217.0
EF1CED1D392363F0,EXCELSIOR CARE GROUP,,2024-01,monthly,Average overall 5-star rating,2.6,Affiliated Entity Performance 20240124.csv,2026-01-26T14:50:22.049652,217.0
EF1CED1D392363F0,EXCELSIOR CARE GROUP,,2024-01,monthly,Average percentage of current residents up to date with COVID-19 vaccines,36.2,Affiliated Entity Performance 20240124.csv,2026-01-26T14:50:22.049652,217.0
EF1CED1D392363F0,EXCELSIOR CARE GROUP,,2024-01,monthly,Average percentage of healthcare personnel up to date with COVID-19 vaccines,17.1,Affiliated Entity Performance 20240124.csv,2026-01-26T14:50:22.049652,217.0
EF1CED1D392363F0,EXCELSIOR CARE GROUP,,2024-01,monthly,Average percentage of long-stay high-risk residents with pressure ulcers,11.6,Affiliated Entity Performance 20240124.csv,2026-01-26T14:50:22.049652,217.0
EF1CED1D392363F0,EXCELSIOR CARE GROUP,,2024-01,monthly,Average percentage of long-stay low-risk residents who lose control of their bowels or bladder,46.6,Affiliated Entity Performance 20240124.csv,2026-01-26T14:50:22.049652,217.0
EF1CED1D392363F0,EXCELSIOR CARE GROUP,,2024-01,monthly,Average percentage of long-stay residents experiencing one or more falls with major injury,2.0,Affiliated Entity Performance 20240124.csv,2026-01-26T14:50:22.049652,217.0
EF1CED1D392363F0,EXCELSIOR CARE GROUP,,2024-01,monthly,Average percentage of long-stay residents who have or had a catheter inserted and left in their bladder,0.8,Affiliated Entity Performance 20240124.csv,2026-01-26T14:50:22.049652,217.0
EF1CED1D392363F0,EXCELSIOR CARE GROUP,,2024-01,monthly,Average percentage of long-stay residents who have symptoms of depression,17.3,Affiliated Entity Performance 20240124.csv,2026-01-26T14:50:22.049652,217.0
EF1CED1D392363F0,EXCELSIOR CARE GROUP,,2024-01,monthly,Average percentage of long-stay residents who lose too much weight,7.3,Affiliated Entity Performance 20240124.csv,2026-01-26T14:50:22.049652,217.0
EF1CED1D392363F0,EXCELSIOR CARE GROUP,,2024-01,monthly,Average percentage of long-stay residents who received an antipsychotic medication,10.0,Affiliated Entity Performance 20240124.csv,2026-01-26T14:50:22.049652,217.0
EF1CED1D392363F0,EXCELSIOR CARE GROUP,,2024-01,monthly,Average percentage of long-stay residents who used antianxiety or hypnotic medication,12.7,Affiliated Entity Performance 20240124.csv,2026-01-26T14:50:22.049652,217.0
EF1CED1D392363F0,EXCELSIOR CARE GROUP,,2024-01,monthly,Average percentage of long-stay residents who were assessed and appropriately given the pneumococcal vaccine,90.0,Affiliated Entity Performance 20240124.csv,2026-01-26T14:50:22.049652,217.0
EF1CED1D392363F0,EXCELSIOR CARE GROUP,,2024-01,monthly,Average percentage of long-stay residents who were assessed and appropriately given the seasonal influenza vaccine,92.3,Affiliated Entity Performance 20240124.csv,2026-01-26T14:50:22.049652,217.0
EF1CED1D392363F0,EXCELSIOR CARE GROUP,,2024-01,monthly,Average percentage of long-stay residents who were physically restrained,0.4,Affiliated Entity Performance 20240124.csv,2026-01-26T14:50:22.049652,217.0
EF1CED1D392363F0,EXCELSIOR CARE GROUP,,2024-01,monthly,Average percentage of long-stay residents whose ability to move independently worsened,14.9,Affiliated Entity Performance 20240124.csv,2026-01-26T14:50:22.049652,217.0
EF1CED1D392363F0,EXCELSIOR CARE GROUP,,2024-01,monthly,Average percentage of long-stay residents whose need for help with activities of daily living has increased,15.6,Affiliated Entity Performance 20240124.csv,2026-01-26T14:50:22.049652,217.0
EF1CED1D392363F0,EXCELSIOR CARE GROUP,,2024-01,monthly,Average percentage of long-stay residents with a urinary tract infection,1.5,Affiliated Entity Performance 20240124.csv,2026-01-26T14:50:22.049652,217.0
EF1CED1D392363F0,EXCELSIOR CARE GROUP,,2024-01,monthly,Average percentage of short-stay residents who have had an outpatient emergency department visit,10.5,Affiliated Entity Performance 20240124.csv,2026-01-26T14:50:22.049652,217.0
EF1CED1D392363F0,EXCELSIOR CARE GROUP,,2024-01,monthly,Average percentage of short-stay residents who made improvements in function,77.5,Affiliated Entity Performance 20240124.csv,2026-01-26T14:50:22.049652,217.0
EF1CED1D392363F0,EXCELSIOR CARE GROUP,,2024-01,monthly,Average percentage of short-stay residents who newly received an antipsychotic medication,1.2,Affiliated Entity Performance 20240124.csv,2026-01-26T14:50:22.049652,217.0
EF1CED1D392363F0,EXCELSIOR CARE GROUP,,2024-01,monthly,Average percentage of short-stay residents who were assessed and appropriately given the pneumococcal vaccine,73.8,Affiliated Entity Performance 20240124.csv,2026-01-26T14:50:22.049652,217.0
EF1CED1D392363F0,EXCELSIOR CARE GROUP,,2024-01,monthly,Average percentage of short-stay residents who were assessed and appropriately given the seasonal influenza vaccine,76.7,Affiliated Entity Performance 20240124.csv,2026-01-26T14:50:22.049652,217.0
EF1CED1D392363F0,EXCELSIOR CARE GROUP,,2024-01,monthly,Average percentage of short-stay residents who were re-hospitalized after a nursing home admission,21.7,Affiliated Entity Performance 20240124.csv,2026-01-26T14:50:22.049652,217.0
EF1CED1D392363F0,EXCELSIOR CARE GROUP,,2024-01,monthly,Average percentage of short-stay residents with pressure ulcers or pressure injuries that are new or worsened,2.2,Affiliated Entity Performance 20240124.csv,2026-01-26T14:50:22.049652,217.0
EF1CED1D392363F0,EXCELSIOR CARE GROUP,,2024-01,monthly,Average quality rating,3.7,Affiliated Entity Performance 20240124.csv,2026-01-26T14:50:22.049652,217.0
EF1CED1D392363F0,EXCELSIOR CARE GROUP,,2024-01,monthly,Average rate of potentially preventable hospital readmissions 30 days after discharge from a SNF,10.4,Affiliated Entity Performance 20240124.csv,2026-01-26T14:50:22.049652,217.0
EF1CED1D392363F0,EXCELSIOR CARE GROUP,,2024-01,monthly,Average staffing rating,2.1,Affiliated Entity Performance 20240124.csv,2026-01-26T14:50:22.049652,217.0
EF1CED1D392363F0,EXCELSIOR CARE GROUP,,2024-01,monthly,Average total Registered Nurse hours per resident day,0.6,Affiliated Entity Performance 20240124.csv,2026-01-26T14:50:22.049652,217.0
EF1CED1D392363F0,EXCELSIOR CARE GROUP,,2024-01,monthly,Average total nurse hours per resident day,3.3,Affiliated Entity Performance 20240124.csv,2026-01-26T14:50:22.049652,217.0
EF1CED1D392363F0,EXCELSIOR CARE GROUP,,2024-01,monthly,Average total nursing staff turnover percentage,42.2,Affiliated Entity Performance 20240124.csv,2026-01-26T14:50:22.049652,217.0
EF1CED1D392363F0,EXCELSIOR CARE GROUP,,2024-01,monthly,Average total weekend nurse hours per resident day,3.0,Affiliated Entity Performance 20240124.csv,2026-01-26T14:50:22.049652,217.0
EF1CED1D392363F0,EXCELSIOR CARE GROUP,,2024-01,monthly,Number of SFF candidates,0.0,Affiliated Entity Performance 20240124.csv,2026-01-26T14:50:22.049652,217.0
EF1CED1D392363F0,EXCELSIOR CARE GROUP,,2024-01,monthly,Number of Special Focus Facilities (SFF),0.0,Affiliated Entity Performance 20240124.csv,2026-01-26T14:50:22.049652,217.0
EF1CED1D392363F0,EXCELSIOR CARE GROUP,,2024-01,monthly,Number of facilities,19.0,Affiliated Entity Performance 20240124.csv,2026-01-26T14:50:22.049652,217.0
EF1CED1D392363F0,EXCELSIOR CARE GROUP,,2024-01,monthly,Number of facilities with an abuse icon,0.0,Affiliated Entity Performance 20240124.csv,2026-01-26T14:50:22.049652,217.0
EF1CED1D392363F0,EXCELSIOR CARE GROUP,,2024-01,monthly,Number of states and territories with operations,3.0,Affiliated Entity Performance 20240124.csv,2026-01-26T14:50:22.049652,217.0
EF1CED1D392363F0,EXCELSIOR CARE GROUP,,2024-01,monthly,Percent of facilities classified as for-profit,100.0,Affiliated Entity Performance 20240124.csv,2026-01-26T14:50:22.049652,217.0
EF1CED1D392363F0,EXCELSIOR CARE GROUP,,2024-01,monthly,Percent of facilities classified as government-owned,0.0,Affiliated Entity Performance 20240124.csv,2026-01-26T14:50:22.049652,217.0
EF1CED1D392363F0,EXCELSIOR CARE GROUP,,2024-01,monthly,Percent of facilities classified as non-profit,0.0,Affiliated Entity Performance 20240124.csv,2026-01-26T14:50:22.049652,217.0
EF1CED1D392363F0,EXCELSIOR CARE GROUP,,2024-01,monthly,Percentage of facilities with an abuse icon,0.0,Affiliated Entity Performance 20240124.csv,2026-01-26T14:50:22.049652,217.0
EF1CED1D392363F0,EXCELSIOR CARE GROUP,,2024-01,monthly,Total amount of fines in dollars,459958.34,Affiliated Entity Performance 20240124.csv,2026-01-26T14:50:22.049652,217.0
EF1CED1D392363F0,EXCELSIOR CARE GROUP,,2024-01,monthly,Total number of fines,51.0,Affiliated Entity Performance 20240124.csv,2026-01-26T14:50:22.049652,217.0
EF1CED1D392363F0,EXCELSIOR CARE GROUP,,2024-01,monthly,Total number of payment denials,0.0,Affiliated Entity Performance 20240124.csv,2026-01-26T14:50:22.049652,217.0
EF1CED1D392363F0,EXCELSIOR CARE GROUP,,2024-02,monthly,Average Registered Nurse turnover percentage,53.2,Affiliated Entity Performance 20240222.csv,2026-01-26T14:50:22.551252,217.0
EF1CED1D392363F0,EXCELSIOR CARE GROUP,,2024-02,monthly,Average amount of fines in dollars,32333.03,Affiliated Entity Performance 20240222.csv,2026-01-26T14:50:22.551252,217.0
EF1CED1D392363F0,EXCELSIOR CARE GROUP,,2024-02,monthly,Average health inspection rating,2.5,Affiliated Entity Performance 20240222.csv,2026-01-26T14:50:22.551252,217.0
EF1CED1D392363F0,EXCELSIOR CARE GROUP,,2024-02,monthly,Average number of administrators who have left the nursing home,0.8,Affiliated Entity Performance 20240222.csv,2026-01-26T14:50:22.551252,217.0
EF1CED1D392363F0,EXCELSIOR CARE GROUP,,2024-02,monthly,Average number of fines,4.2,Affiliated Entity Performance 20240222.csv,2026-01-26T14:50:22.551252,217.0
EF1CED1D392363F0,EXCELSIOR CARE GROUP,,2024-02,monthly,"Average number of hospitalizations per 1,000 long-stay resident days",1.92,Affiliated Entity Performance 20240222.csv,2026-01-26T14:50:22.551252,217.0
EF1CED1D392363F0,EXCELSIOR CARE GROUP,,2024-02,monthly,"Average number of outpatient emergency department visits per 1,000 long-stay resident days",0.77,Affiliated Entity Performance 20240222.csv,2026-01-26T14:50:22.551252,217.0
EF1CED1D392363F0,EXCELSIOR CARE GROUP,,2024-02,monthly,Average number of payment denials,0.0,Affiliated Entity Performance 20240222.csv,2026-01-26T14:50:22.551252,217.0
EF1CED1D392363F0,EXCELSIOR CARE GROUP,,2024-02,monthly,Average overall 5-star rating,2.6,Affiliated Entity Performance 20240222.csv,2026-01-26T14:50:22.551252,217.0
EF1CED1D392363F0,EXCELSIOR CARE GROUP,,2024-02,monthly,Average percentage of current residents up to date with COVID-19 vaccines,43.8,Affiliated Entity Performance 20240222.csv,2026-01-26T14:50:22.551252,217.0
EF1CED1D392363F0,EXCELSIOR CARE GROUP,,2024-02,monthly,Average percentage of healthcare personnel up to date with COVID-19 vaccines,31.4,Affiliated Entity Performance 20240222.csv,2026-01-26T14:50:22.551252,217.0
EF1CED1D392363F0,EXCELSIOR CARE GROUP,,2024-02,monthly,Average percentage of long-stay high-risk residents with pressure ulcers,10.8,Affiliated Entity Performance 20240222.csv,2026-01-26T14:50:22.551252,217.0
EF1CED1D392363F0,EXCELSIOR CARE GROUP,,2024-02,monthly,Average percentage of long-stay low-risk residents who lose control of their bowels or bladder,42.9,Affiliated Entity Performance 20240222.csv,2026-01-26T14:50:22.551252,217.0
EF1CED1D392363F0,EXCELSIOR CARE GROUP,,2024-02,monthly,Average percentage of long-stay residents experiencing one or more falls with major injury,2.5,Affiliated Entity Performance 20240222.csv,2026-01-26T14:50:22.551252,217.0
EF1CED1D392363F0,EXCELSIOR CARE GROUP,,2024-02,monthly,Average percentage of long-stay residents who have or had a catheter inserted and left in their bladder,0.9,Affiliated Entity Performance 20240222.csv,2026-01-26T14:50:22.551252,217.0
EF1CED1D392363F0,EXCELSIOR CARE GROUP,,2024-02,monthly,Average percentage of long-stay residents who have symptoms of depression,21.5,Affiliated Entity Performance 20240222.csv,2026-01-26T14:50:22.551252,217.0
EF1CED1D392363F0,EXCELSIOR CARE GROUP,,2024-02,monthly,Average percentage of long-stay residents who lose too much weight,7.8,Affiliated Entity Performance 20240222.csv,2026-01-26T14:50:22.551252,217.0
EF1CED1D392363F0,EXCELSIOR CARE GROUP,,2024-02,monthly,Average percentage of long-stay residents who received an antipsychotic medication,9.6,Affiliated Entity Performance 20240222.csv,2026-01-26T14:50:22.551252,217.0
EF1CED1D392363F0,EXCELSIOR CARE GROUP,,2024-02,monthly,Average percentage of long-stay residents who used antianxiety or hypnotic medication,14.5,Affiliated Entity Performance 20240222.csv,2026-01-26T14:50:22.551252,217.0
EF1CED1D392363F0,EXCELSIOR CARE GROUP,,2024-02,monthly,Average percentage of long-stay residents who were assessed and appropriately given the pneumococcal vaccine,84.6,Affiliated Entity Performance 20240222.csv,2026-01-26T14:50:22.551252,217.0
EF1CED1D392363F0,EXCELSIOR CARE GROUP,,2024-02,monthly,Average percentage of long-stay residents who were assessed and appropriately given the seasonal influenza vaccine,92.6,Affiliated Entity Performance 20240222.csv,2026-01-26T14:50:22.551252,217.0
EF1CED1D392363F0,EXCELSIOR CARE GROUP,,2024-02,monthly,Average percentage of long-stay residents who were physically restrained,0.0,Affiliated Entity Performance 20240222.csv,2026-01-26T14:50:22.551252,217.0
EF1CED1D392363F0,EXCELSIOR CARE GROUP,,2024-02,monthly,Average percentage of long-stay residents whose ability to move independently worsened,13.8,Affiliated Entity Performance 20240222.csv,2026-01-26T14:50:22.551252,217.0
EF1CED1D392363F0,EXCELSIOR CARE GROUP,,2024-02,monthly,Average percentage of long-stay residents whose need for help with activities of daily living has increased,13.5,Affiliated Entity Performance 20240222.csv,2026-01-26T14:50:22.551252,217.0
EF1CED1D392363F0,EXCELSIOR CARE GROUP,,2024-02,monthly,Average percentage of long-stay residents with a urinary tract infection,1.2,Affiliated Entity Performance 20240222.csv,2026-01-26T14:50:22.551252,217.0
EF1CED1D392363F0,EXCELSIOR CARE GROUP,,2024-02,monthly,Average percentage of short-stay residents who have had an outpatient emergency department visit,10.1,Affiliated Entity Performance 20240222.csv,2026-01-26T14:50:22.551252,217.0
EF1CED1D392363F0,EXCELSIOR CARE GROUP,,2024-02,monthly,Average percentage of short-stay residents who made improvements in function,79.0,Affiliated Entity Performance 20240222.csv,2026-01-26T14:50:22.551252,217.0
EF1CED1D392363F0,EXCELSIOR CARE GROUP,,2024-02,monthly,Average percentage of short-stay residents who newly received an antipsychotic medication,1.6,Affiliated Entity Performance 20240222.csv,2026-01-26T14:50:22.551252,217.0
EF1CED1D392363F0,EXCELSIOR CARE GROUP,,2024-02,monthly,Average percentage of short-stay residents who were assessed and appropriately given the pneumococcal vaccine,65.7,Affiliated Entity Performance 20240222.csv,2026-01-26T14:50:22.551252,217.0
EF1CED1D392363F0,EXCELSIOR CARE GROUP,,2024-02,monthly,Average percentage of short-stay residents who were assessed and appropriately given the seasonal influenza vaccine,71.0,Affiliated Entity Performance 20240222.csv,2026-01-26T14:50:22.551252,217.0
EF1CED1D392363F0,EXCELSIOR CARE GROUP,,2024-02,monthly,Average percentage of short-stay residents who were re-hospitalized after a nursing home admission,23.3,Affiliated Entity Performance 20240222.csv,2026-01-26T14:50:22.551252,217.0
EF1CED1D392363F0,EXCELSIOR CARE GROUP,,2024-02,monthly,Average percentage of short-stay residents with pressure ulcers or pressure injuries that are new or worsened,1.8,Affiliated Entity Performance 20240222.csv,2026-01-26T14:50:22.551252,217.0
EF1CED1D392363F0,EXCELSIOR CARE GROUP,,2024-02,monthly,Average quality rating,3.8,Affiliated Entity Performance 20240222.csv,2026-01-26T14:50:22.551252,217.0
EF1CED1D392363F0,EXCELSIOR CARE GROUP,,2024-02,monthly,Average rate of potentially preventable hospital readmissions 30 days after discharge from a SNF,10.5,Affiliated Entity Performance 20240222.csv,2026-01-26T14:50:22.551252,217.0
EF1CED1D392363F0,EXCELSIOR CARE GROUP,,2024-02,monthly,Average staffing rating,2.2,Affiliated Entity Performance 20240222.csv,2026-01-26T14:50:22.551252,217.0
EF1CED1D392363F0,EXCELSIOR CARE GROUP,,2024-02,monthly,Average total Registered Nurse hours per resident day,0.5,Affiliated Entity Performance 20240222.csv,2026-01-26T14:50:22.551252,217.0
EF1CED1D392363F0,EXCELSIOR CARE GROUP,,2024-02,monthly,Average total nurse hours per resident day,3.3,Affiliated Entity Performance 20240222.csv,2026-01-26T14:50:22.551252,217.0
EF1CED1D392363F0,EXCELSIOR CARE GROUP,,2024-02,monthly,Average total nursing staff turnover percentage,40.5,Affiliated Entity Performance 20240222.csv,2026-01-26T14:50:22.551252,217.0
EF1CED1D392363F0,EXCELSIOR CARE GROUP,,2024-02,monthly,Average total weekend nurse hours per resident day,3.0,Affiliated Entity Performance 20240222.csv,2026-01-26T14:50:22.551252,217.0
EF1CED1D392363F0,EXCELSIOR CARE GROUP,,2024-02,monthly,Number of SFF candidates,1.0,Affiliated Entity Performance 20240222.csv,2026-01-26T14:50:22.551252,217.0
EF1CED1D392363F0,EXCELSIOR CARE GROUP,,2024-02,monthly,Number of Special Focus Facilities (SFF),0.0,Affiliated Entity Performance 20240222.csv,2026-01-26T14:50:22.551252,217.0
EF1CED1D392363F0,EXCELSIOR CARE GROUP,,2024-02,monthly,Number of facilities,21.0,Affiliated Entity Performance 20240222.csv,2026-01-26T14:50:22.549247,217.0
EF1CED1D392363F0,EXCELSIOR CARE GROUP,,2024-02,monthly,Number of facilities with an abuse icon,0.0,Affiliated Entity Performance 20240222.csv,2026-01-26T14:50:22.551252,217.0
EF1CED1D392363F0,EXCELSIOR CARE GROUP,,2024-02,monthly,Number of states and territories with operations,3.0,Affiliated Entity Performance 20240222.csv,2026-01-26T14:50:22.551252,217.0
EF1CED1D392363F0,EXCELSIOR CARE GROUP,,2024-02,monthly,Percent of facilities classified as for-profit,100.0,Affiliated Entity Performance 20240222.csv,2026-01-26T14:50:22.551252,217.0
EF1CED1D392363F0,EXCELSIOR CARE GROUP,,2024-02,monthly,Percent of facilities classified as government-owned,0.0,Affiliated Entity Performance 20240222.csv,2026-01-26T14:50:22.551252,217.0
EF1CED1D392363F0,EXCELSIOR CARE GROUP,,2024-02,monthly,Percent of facilities classified as non-profit,0.0,Affiliated Entity Performance 20240222.csv,2026-01-26T14:50:22.551252,217.0
EF1CED1D392363F0,EXCELSIOR CARE GROUP,,2024-02,monthly,Percentage of facilities with an abuse icon,0.0,Affiliated Entity Performance 20240222.csv,2026-01-26T14:50:22.551252,217.0
EF1CED1D392363F0,EXCELSIOR CARE GROUP,,2024-02,monthly,Total amount of fines in dollars,678993.58,Affiliated Entity Performance 20240222.csv,2026-01-26T14:50:22.551252,217.0
EF1CED1D392363F0,EXCELSIOR CARE GROUP,,2024-02,monthly,Total number of fines,88.0,Affiliated Entity Performance 20240222.csv,2026-01-26T14:50:22.551252,217.0
EF1CED1D392363F0,EXCELSIOR CARE GROUP,,2024-02,monthly,Total number of payment denials,0.0,Affiliated Entity Performance 20240222.csv,2026-01-26T14:50:22.551252,217.0
EF1CED1D392363F0,EXCELSIOR CARE GROUP,,2024-03,monthly,Average Registered Nurse turnover percentage,53.2,Affiliated Entity Performance 20240322.csv,2026-01-26T14:50:23.119603,217.0
EF1CED1D392363F0,EXCELSIOR CARE GROUP,,2024-03,monthly,Average amount of fines in dollars,31474.22,Affiliated Entity Performance 20240322.csv,2026-01-26T14:50:23.119603,217.0
EF1CED1D392363F0,EXCELSIOR CARE GROUP,,2024-03,monthly,Average health inspection rating,2.5,Affiliated Entity Performance 20240322.csv,2026-01-26T14:50:23.119603,217.0
EF1CED1D392363F0,EXCELSIOR CARE GROUP,,2024-03,monthly,Average number of administrators who have left the nursing home,0.8,Affiliated Entity Performance 20240322.csv,2026-01-26T14:50:23.119603,217.0
EF1CED1D392363F0,EXCELSIOR CARE GROUP,,2024-03,monthly,Average number of fines,4.3,Affiliated Entity Performance 20240322.csv,2026-01-26T14:50:23.119603,217.0
EF1CED1D392363F0,EXCELSIOR CARE GROUP,,2024-03,monthly,"Average number of hospitalizations per 1,000 long-stay resident days",1.92,Affiliated Entity Performance 20240322.csv,2026-01-26T14:50:23.119603,217.0
EF1CED1D392363F0,EXCELSIOR CARE GROUP,,2024-03,monthly,"Average number of outpatient emergency department visits per 1,000 long-stay resident days",0.77,Affiliated Entity Performance 20240322.csv,2026-01-26T14:50:23.119603,217.0
EF1CED1D392363F0,EXCELSIOR CARE GROUP,,2024-03,monthly,Average number of payment denials,0.0,Affiliated Entity Performance 20240322.csv,2026-01-26T14:50:23.119603,217.0
EF1CED1D392363F0,EXCELSIOR CARE GROUP,,2024-03,monthly,Average overall 5-star rating,2.6,Affiliated Entity Performance 20240322.csv,2026-01-26T14:50:23.119603,217.0
EF1CED1D392363F0,EXCELSIOR CARE GROUP,,2024-03,monthly,Average percentage of current residents up to date with COVID-19 vaccines,41.2,Affiliated Entity Performance 20240322.csv,2026-01-26T14:50:23.119603,217.0
EF1CED1D392363F0,EXCELSIOR CARE GROUP,,2024-03,monthly,Average percentage of healthcare personnel up to date with COVID-19 vaccines,22.7,Affiliated Entity Performance 20240322.csv,2026-01-26T14:50:23.119603,217.0
EF1CED1D392363F0,EXCELSIOR CARE GROUP,,2024-03,monthly,Average percentage of long-stay high-risk residents with pressure ulcers,10.8,Affiliated Entity Performance 20240322.csv,2026-01-26T14:50:23.119603,217.0
EF1CED1D392363F0,EXCELSIOR CARE GROUP,,2024-03,monthly,Average percentage of long-stay low-risk residents who lose control of their bowels or bladder,42.9,Affiliated Entity Performance 20240322.csv,2026-01-26T14:50:23.119603,217.0
EF1CED1D392363F0,EXCELSIOR CARE GROUP,,2024-03,monthly,Average percentage of long-stay residents experiencing one or more falls with major injury,2.5,Affiliated Entity Performance 20240322.csv,2026-01-26T14:50:23.119603,217.0
EF1CED1D392363F0,EXCELSIOR CARE GROUP,,2024-03,monthly,Average percentage of long-stay residents who have or had a catheter inserted and left in their bladder,0.9,Affiliated Entity Performance 20240322.csv,2026-01-26T14:50:23.119603,217.0
EF1CED1D392363F0,EXCELSIOR CARE GROUP,,2024-03,monthly,Average percentage of long-stay residents who have symptoms of depression,21.5,Affiliated Entity Performance 20240322.csv,2026-01-26T14:50:23.119603,217.0
EF1CED1D392363F0,EXCELSIOR CARE GROUP,,2024-03,monthly,Average percentage of long-stay residents who lose too much weight,7.8,Affiliated Entity Performance 20240322.csv,2026-01-26T14:50:23.119603,217.0
EF1CED1D392363F0,EXCELSIOR CARE GROUP,,2024-03,monthly,Average percentage of long-stay residents who received an antipsychotic medication,9.6,Affiliated Entity Performance 20240322.csv,2026-01-26T14:50:23.119603,217.0
EF1CED1D392363F0,EXCELSIOR CARE GROUP,,2024-03,monthly,Average percentage of long-stay residents who used antianxiety or hypnotic medication,14.5,Affiliated Entity Performance 20240322.csv,2026-01-26T14:50:23.119603,217.0
EF1CED1D392363F0,EXCELSIOR CARE GROUP,,2024-03,monthly,Average percentage of long-stay residents who were assessed and appropriately given the pneumococcal vaccine,84.6,Affiliated Entity Performance 20240322.csv,2026-01-26T14:50:23.119603,217.0
EF1CED1D392363F0,EXCELSIOR CARE GROUP,,2024-03,monthly,Average percentage of long-stay residents who were assessed and appropriately given the seasonal influenza vaccine,92.6,Affiliated Entity Performance 20240322.csv,2026-01-26T14:50:23.119603,217.0
EF1CED1D392363F0,EXCELSIOR CARE GROUP,,2024-03,monthly,Average percentage of long-stay residents who were physically restrained,0.0,Affiliated Entity Performance 20240322.csv,2026-01-26T14:50:23.119603,217.0
EF1CED1D392363F0,EXCELSIOR CARE GROUP,,2024-03,monthly,Average percentage of long-stay residents whose ability to move independently worsened,13.8,Affiliated Entity Performance 20240322.csv,2026-01-26T14:50:23.119603,217.0
EF1CED1D392363F0,EXCELSIOR CARE GROUP,,2024-03,monthly,Average percentage of long-stay residents whose need for help with activities of daily living has increased,13.5,Affiliated Entity Performance 20240322.csv,2026-01-26T14:50:23.119603,217.0
EF1CED1D392363F0,EXCELSIOR CARE GROUP,,2024-03,monthly,Average percentage of long-stay residents with a urinary tract infection,1.2,Affiliated Entity Performance 20240322.csv,2026-01-26T14:50:23.119603,217.0
EF1CED1D392363F0,EXCELSIOR CARE GROUP,,2024-03,monthly,Average percentage of short-stay residents who have had an outpatient emergency department visit,10.1,Affiliated Entity Performance 20240322.csv,2026-01-26T14:50:23.119603,217.0
EF1CED1D392363F0,EXCELSIOR CARE GROUP,,2024-03,monthly,Average percentage of short-stay residents who made improvements in function,79.0,Affiliated Entity Performance 20240322.csv,2026-01-26T14:50:23.119603,217.0
EF1CED1D392363F0,EXCELSIOR CARE GROUP,,2024-03,monthly,Average percentage of short-stay residents who newly received an antipsychotic medication,1.6,Affiliated Entity Performance 20240322.csv,2026-01-26T14:50:23.119603,217.0
EF1CED1D392363F0,EXCELSIOR CARE GROUP,,2024-03,monthly,Average percentage of short-stay residents who were assessed and appropriately given the pneumococcal vaccine,65.7,Affiliated Entity Performance 20240322.csv,2026-01-26T14:50:23.119603,217.0
EF1CED1D392363F0,EXCELSIOR CARE GROUP,,2024-03,monthly,Average percentage of short-stay residents who were assessed and appropriately given the seasonal influenza vaccine,71.0,Affiliated Entity Performance 20240322.csv,2026-01-26T14:50:23.119603,217.0
EF1CED1D392363F0,EXCELSIOR CARE GROUP,,2024-03,monthly,Average percentage of short-stay residents who were re-hospitalized after a nursing home admission,23.3,Affiliated Entity Performance 20240322.csv,2026-01-26T14:50:23.119603,217.0
EF1CED1D392363F0,EXCELSIOR CARE GROUP,,2024-03,monthly,Average percentage of short-stay residents with pressure ulcers or pressure injuries that are new or worsened,1.8,Affiliated Entity Performance 20240322.csv,2026-01-26T14:50:23.119603,217.0
EF1CED1D392363F0,EXCELSIOR CARE GROUP,,2024-03,monthly,Average quality rating,3.8,Affiliated Entity Performance 20240322.csv,2026-01-26T14:50:23.119603,217.0
EF1CED1D392363F0,EXCELSIOR CARE GROUP,,2024-03,monthly,Average rate of potentially preventable hospital readmissions 30 days after discharge from a SNF,10.5,Affiliated Entity Performance 20240322.csv,2026-01-26T14:50:23.119603,217.0
EF1CED1D392363F0,EXCELSIOR CARE GROUP,,2024-03,monthly,Average staffing rating,2.2,Affiliated Entity Performance 20240322.csv,2026-01-26T14:50:23.119603,217.0
EF1CED1D392363F0,EXCELSIOR CARE GROUP,,2024-03,monthly,Average total Registered Nurse hours per resident day,0.5,Affiliated Entity Performance 20240322.csv,2026-01-26T14:50:23.119603,217.0
EF1CED1D392363F0,EXCELSIOR CARE GROUP,,2024-03,monthly,Average total nurse hours per resident day,3.3,Affiliated Entity Performance 20240322.csv,2026-01-26T14:50:23.119603,217.0
EF1CED1D392363F0,EXCELSIOR CARE GROUP,,2024-03,monthly,Average total nursing staff turnover percentage,40.5,Affiliated Entity Performance 20240322.csv,2026-01-26T14:50:23.119603,217.0
EF1CED1D392363F0,EXCELSIOR CARE GROUP,,2024-03,monthly,Average total weekend nurse hours per resident day,3.0,Affiliated Entity Performance 20240322.csv,2026-01-26T14:50:23.119603,217.0
EF1CED1D392363F0,EXCELSIOR CARE GROUP,,2024-03,monthly,Number of SFF candidates,0.0,Affiliated Entity Performance 20240322.csv,2026-01-26T14:50:23.119603,217.0
EF1CED1D392363F0,EXCELSIOR CARE GROUP,,2024-03,monthly,Number of Special Focus Facilities (SFF),0.0,Affiliated Entity Performance 20240322.csv,2026-01-26T14:50:23.119603,217.0
EF1CED1D392363F0,EXCELSIOR CARE GROUP,,2024-03,monthly,Number of facilities,21.0,Affiliated Entity Performance 20240322.csv,2026-01-26T14:50:23.119603,217.0
EF1CED1D392363F0,EXCELSIOR CARE GROUP,,2024-03,monthly,Number of facilities with an abuse icon,0.0,Affiliated Entity Performance 20240322.csv,2026-01-26T14:50:23.119603,217.0
EF1CED1D392363F0,EXCELSIOR CARE GROUP,,2024-03,monthly,Number of states and territories with operations,3.0,Affiliated Entity Performance 20240322.csv,2026-01-26T14:50:23.119603,217.0
EF1CED1D392363F0,EXCELSIOR CARE GROUP,,2024-03,monthly,Percent of facilities classified as for-profit,100.0,Affiliated Entity Performance 20240322.csv,2026-01-26T14:50:23.119603,217.0
EF1CED1D392363F0,EXCELSIOR CARE GROUP,,2024-03,monthly,Percent of facilities classified as government-owned,0.0,Affiliated Entity Performance 20240322.csv,2026-01-26T14:50:23.119603,217.0
EF1CED1D392363F0,EXCELSIOR CARE GROUP,,2024-03,monthly,Percent of facilities classified as non-profit,0.0,Affiliated Entity Performance 20240322.csv,2026-01-26T14:50:23.119603,217.0
EF1CED1D392363F0,EXCELSIOR CARE GROUP,,2024-03,monthly,Percentage of facilities with an abuse icon,0.0,Affiliated Entity Performance 20240322.csv,2026-01-26T14:50:23.119603,217.0
EF1CED1D392363F0,EXCELSIOR CARE GROUP,,2024-03,monthly,Total amount of fines in dollars,660958.55,Affiliated Entity Performance 20240322.csv,2026-01-26T14:50:23.119603,217.0
EF1CED1D392363F0,EXCELSIOR CARE GROUP,,2024-03,monthly,Total number of fines,90.0,Affiliated Entity Performance 20240322.csv,2026-01-26T14:50:23.119603,217.0
EF1CED1D392363F0,EXCELSIOR CARE GROUP,,2024-03,monthly,Total number of payment denials,0.0,Affiliated Entity Performance 20240322.csv,2026-01-26T14:50:23.119603,217.0
EF1CED1D392363F0,EXCELSIOR CARE GROUP,,2024-04,monthly,Average Registered Nurse turnover percentage,55.2,Affiliated Entity Performance 20240425.csv,2026-01-26T14:50:23.646158,217.0
EF1CED1D392363F0,EXCELSIOR CARE GROUP,,2024-04,monthly,Average amount of fines in dollars,30847.97,Affiliated Entity Performance 20240425.csv,2026-01-26T14:50:23.646158,217.0
EF1CED1D392363F0,EXCELSIOR CARE GROUP,,2024-04,monthly,Average health inspection rating,2.7,Affiliated Entity Performance 20240425.csv,2026-01-26T14:50:23.646158,217.0
EF1CED1D392363F0,EXCELSIOR CARE GROUP,,2024-04,monthly,Average number of administrators who have left the nursing home,0.9,Affiliated Entity Performance 20240425.csv,2026-01-26T14:50:23.646158,217.0
EF1CED1D392363F0,EXCELSIOR CARE GROUP,,2024-04,monthly,Average number of fines,4.1,Affiliated Entity Performance 20240425.csv,2026-01-26T14:50:23.646158,217.0
EF1CED1D392363F0,EXCELSIOR CARE GROUP,,2024-04,monthly,"Average number of hospitalizations per 1,000 long-stay resident days",1.8,Affiliated Entity Performance 20240425.csv,2026-01-26T14:50:23.646158,217.0
EF1CED1D392363F0,EXCELSIOR CARE GROUP,,2024-04,monthly,"Average number of outpatient emergency department visits per 1,000 long-stay resident days",0.77,Affiliated Entity Performance 20240425.csv,2026-01-26T14:50:23.646158,217.0
EF1CED1D392363F0,EXCELSIOR CARE GROUP,,2024-04,monthly,Average number of payment denials,0.0,Affiliated Entity Performance 20240425.csv,2026-01-26T14:50:23.646158,217.0
EF1CED1D392363F0,EXCELSIOR CARE GROUP,,2024-04,monthly,Average overall 5-star rating,2.8,Affiliated Entity Performance 20240425.csv,2026-01-26T14:50:23.646158,217.0
EF1CED1D392363F0,EXCELSIOR CARE GROUP,,2024-04,monthly,Average percentage of current residents up to date with COVID-19 vaccines,37.0,Affiliated Entity Performance 20240425.csv,2026-01-26T14:50:23.646158,217.0
EF1CED1D392363F0,EXCELSIOR CARE GROUP,,2024-04,monthly,Average percentage of healthcare personnel up to date with COVID-19 vaccines,22.6,Affiliated Entity Performance 20240425.csv,2026-01-26T14:50:23.646158,217.0
EF1CED1D392363F0,EXCELSIOR CARE GROUP,,2024-04,monthly,Average percentage of long-stay high-risk residents with pressure ulcers,10.8,Affiliated Entity Performance 20240425.csv,2026-01-26T14:50:23.646158,217.0
EF1CED1D392363F0,EXCELSIOR CARE GROUP,,2024-04,monthly,Average percentage of long-stay low-risk residents who lose control of their bowels or bladder,42.9,Affiliated Entity Performance 20240425.csv,2026-01-26T14:50:23.646158,217.0
EF1CED1D392363F0,EXCELSIOR CARE GROUP,,2024-04,monthly,Average percentage of long-stay residents experiencing one or more falls with major injury,2.6,Affiliated Entity Performance 20240425.csv,2026-01-26T14:50:23.646158,217.0
EF1CED1D392363F0,EXCELSIOR CARE GROUP,,2024-04,monthly,Average percentage of long-stay residents who have or had a catheter inserted and left in their bladder,0.7,Affiliated Entity Performance 20240425.csv,2026-01-26T14:50:23.646158,217.0
EF1CED1D392363F0,EXCELSIOR CARE GROUP,,2024-04,monthly,Average percentage of long-stay residents who have symptoms of depression,19.9,Affiliated Entity Performance 20240425.csv,2026-01-26T14:50:23.646158,217.0
EF1CED1D392363F0,EXCELSIOR CARE GROUP,,2024-04,monthly,Average percentage of long-stay residents who lose too much weight,7.6,Affiliated Entity Performance 20240425.csv,2026-01-26T14:50:23.646158,217.0
EF1CED1D392363F0,EXCELSIOR CARE GROUP,,2024-04,monthly,Average percentage of long-stay residents who received an antipsychotic medication,10.0,Affiliated Entity Performance 20240425.csv,2026-01-26T14:50:23.646158,217.0
EF1CED1D392363F0,EXCELSIOR CARE GROUP,,2024-04,monthly,Average percentage of long-stay residents who used antianxiety or hypnotic medication,14.6,Affiliated Entity Performance 20240425.csv,2026-01-26T14:50:23.646158,217.0
EF1CED1D392363F0,EXCELSIOR CARE GROUP,,2024-04,monthly,Average percentage of long-stay residents who were assessed and appropriately given the pneumococcal vaccine,85.2,Affiliated Entity Performance 20240425.csv,2026-01-26T14:50:23.646158,217.0
EF1CED1D392363F0,EXCELSIOR CARE GROUP,,2024-04,monthly,Average percentage of long-stay residents who were assessed and appropriately given the seasonal influenza vaccine,92.8,Affiliated Entity Performance 20240425.csv,2026-01-26T14:50:23.646158,217.0
EF1CED1D392363F0,EXCELSIOR CARE GROUP,,2024-04,monthly,Average percentage of long-stay residents who were physically restrained,0.0,Affiliated Entity Performance 20240425.csv,2026-01-26T14:50:23.646158,217.0
EF1CED1D392363F0,EXCELSIOR CARE GROUP,,2024-04,monthly,Average percentage of long-stay residents whose ability to move independently worsened,13.8,Affiliated Entity Performance 20240425.csv,2026-01-26T14:50:23.646158,217.0
EF1CED1D392363F0,EXCELSIOR CARE GROUP,,2024-04,monthly,Average percentage of long-stay residents whose need for help with activities of daily living has increased,13.5,Affiliated Entity Performance 20240425.csv,2026-01-26T14:50:23.646158,217.0
EF1CED1D392363F0,EXCELSIOR CARE GROUP,,2024-04,monthly,Average percentage of long-stay residents with a urinary tract infection,1.0,Affiliated Entity Performance 20240425.csv,2026-01-26T14:50:23.646158,217.0
EF1CED1D392363F0,EXCELSIOR CARE GROUP,,2024-04,monthly,Average percentage of short-stay residents who have had an outpatient emergency department visit,10.8,Affiliated Entity Performance 20240425.csv,2026-01-26T14:50:23.646158,217.0
EF1CED1D392363F0,EXCELSIOR CARE GROUP,,2024-04,monthly,Average percentage of short-stay residents who made improvements in function,79.0,Affiliated Entity Performance 20240425.csv,2026-01-26T14:50:23.646158,217.0
EF1CED1D392363F0,EXCELSIOR CARE GROUP,,2024-04,monthly,Average percentage of short-stay residents who newly received an antipsychotic medication,1.6,Affiliated Entity Performance 20240425.csv,2026-01-26T14:50:23.646158,217.0
EF1CED1D392363F0,EXCELSIOR CARE GROUP,,2024-04,monthly,Average percentage of short-stay residents who were assessed and appropriately given the pneumococcal vaccine,66.7,Affiliated Entity Performance 20240425.csv,2026-01-26T14:50:23.646158,217.0
EF1CED1D392363F0,EXCELSIOR CARE GROUP,,2024-04,monthly,Average percentage of short-stay residents who were assessed and appropriately given the seasonal influenza vaccine,69.7,Affiliated Entity Performance 20240425.csv,2026-01-26T14:50:23.646158,217.0
EF1CED1D392363F0,EXCELSIOR CARE GROUP,,2024-04,monthly,Average percentage of short-stay residents who were re-hospitalized after a nursing home admission,22.7,Affiliated Entity Performance 20240425.csv,2026-01-26T14:50:23.646158,217.0
EF1CED1D392363F0,EXCELSIOR CARE GROUP,,2024-04,monthly,Average percentage of short-stay residents with pressure ulcers or pressure injuries that are new or worsened,1.6,Affiliated Entity Performance 20240425.csv,2026-01-26T14:50:23.646158,217.0
EF1CED1D392363F0,EXCELSIOR CARE GROUP,,2024-04,monthly,Average quality rating,3.9,Affiliated Entity Performance 20240425.csv,2026-01-26T14:50:23.646158,217.0
EF1CED1D392363F0,EXCELSIOR CARE GROUP,,2024-04,monthly,Average rate of potentially preventable hospital readmissions 30 days after discharge from a SNF,10.5,Affiliated Entity Performance 20240425.csv,2026-01-26T14:50:23.646158,217.0
EF1CED1D392363F0,EXCELSIOR CARE GROUP,,2024-04,monthly,Average staffing rating,2.0,Affiliated Entity Performance 20240425.csv,2026-01-26T14:50:23.646158,217.0
EF1CED1D392363F0,EXCELSIOR CARE GROUP,,2024-04,monthly,Average total Registered Nurse hours per resident day,0.5,Affiliated Entity Performance 20240425.csv,2026-01-26T14:50:23.646158,217.0
EF1CED1D392363F0,EXCELSIOR CARE GROUP,,2024-04,monthly,Average total nurse hours per resident day,3.3,Affiliated Entity Performance 20240425.csv,2026-01-26T14:50:23.646158,217.0
EF1CED1D392363F0,EXCELSIOR CARE GROUP,,2024-04,monthly,Average total nursing staff turnover percentage,41.8,Affiliated Entity Performance 20240425.csv,2026-01-26T14:50:23.646158,217.0
EF1CED1D392363F0,EXCELSIOR CARE GROUP,,2024-04,monthly,Average total weekend nurse hours per resident day,3.0,Affiliated Entity Performance 20240425.csv,2026-01-26T14:50:23.646158,217.0
EF1CED1D392363F0,EXCELSIOR CARE GROUP,,2024-04,monthly,Number of SFF candidates,0.0,Affiliated Entity Performance 20240425.csv,2026-01-26T14:50:23.646158,217.0
EF1CED1D392363F0,EXCELSIOR CARE GROUP,,2024-04,monthly,Number of Special Focus Facilities (SFF),0.0,Affiliated Entity Performance 20240425.csv,2026-01-26T14:50:23.646158,217.0
EF1CED1D392363F0,EXCELSIOR CARE GROUP,,2024-04,monthly,Number of facilities,22.0,Affiliated Entity Performance 20240425.csv,2026-01-26T14:50:23.646158,217.0
EF1CED1D392363F0,EXCELSIOR CARE GROUP,,2024-04,monthly,Number of facilities with an abuse icon,0.0,Affiliated Entity Performance 20240425.csv,2026-01-26T14:50:23.646158,217.0
EF1CED1D392363F0,EXCELSIOR CARE GROUP,,2024-04,monthly,Number of states and territories with operations,3.0,Affiliated Entity Performance 20240425.csv,2026-01-26T14:50:23.646158,217.0
EF1CED1D392363F0,EXCELSIOR CARE GROUP,,2024-04,monthly,Percent of facilities classified as for-profit,100.0,Affiliated Entity Performance 20240425.csv,2026-01-26T14:50:23.646158,217.0
EF1CED1D392363F0,EXCELSIOR CARE GROUP,,2024-04,monthly,Percent of facilities classified as government-owned,0.0,Affiliated Entity Performance 20240425.csv,2026-01-26T14:50:23.646158,217.0
EF1CED1D392363F0,EXCELSIOR CARE GROUP,,2024-04,monthly,Percent of facilities classified as non-profit,0.0,Affiliated Entity Performance 20240425.csv,2026-01-26T14:50:23.646158,217.0
EF1CED1D392363F0,EXCELSIOR CARE GROUP,,2024-04,monthly,Percentage of facilities with an abuse icon,0.0,Affiliated Entity Performance 20240425.csv,2026-01-26T14:50:23.646158,217.0
EF1CED1D392363F0,EXCELSIOR CARE GROUP,,2024-04,monthly,Total amount of fines in dollars,678655.24,Affiliated Entity Performance 20240425.csv,2026-01-26T14:50:23.646158,217.0
EF1CED1D392363F0,EXCELSIOR CARE GROUP,,2024-04,monthly,Total number of fines,91.0,Affiliated Entity Performance 20240425.csv,2026-01-26T14:50:23.646158,217.0
EF1CED1D392363F0,EXCELSIOR CARE GROUP,,2024-04,monthly,Total number of payment denials,0.0,Affiliated Entity Performance 20240425.csv,2026-01-26T14:50:23.646158,217.0
EF1CED1D392363F0,EXCELSIOR CARE GROUP,,2024-05,monthly,Average Registered Nurse turnover percentage,55.2,Affiliated Entity Performance 20240530.csv,2026-01-26T14:50:24.187534,217.0
EF1CED1D392363F0,EXCELSIOR CARE GROUP,,2024-05,monthly,Average amount of fines in dollars,30869.08,Affiliated Entity Performance 20240530.csv,2026-01-26T14:50:24.187534,217.0
EF1CED1D392363F0,EXCELSIOR CARE GROUP,,2024-05,monthly,Average health inspection rating,2.7,Affiliated Entity Performance 20240530.csv,2026-01-26T14:50:24.187534,217.0
EF1CED1D392363F0,EXCELSIOR CARE GROUP,,2024-05,monthly,Average number of administrators who have left the nursing home,0.9,Affiliated Entity Performance 20240530.csv,2026-01-26T14:50:24.187534,217.0
EF1CED1D392363F0,EXCELSIOR CARE GROUP,,2024-05,monthly,Average number of fines,4.1,Affiliated Entity Performance 20240530.csv,2026-01-26T14:50:24.187534,217.0
EF1CED1D392363F0,EXCELSIOR CARE GROUP,,2024-05,monthly,"Average number of hospitalizations per 1,000 long-stay resident days",1.8,Affiliated Entity Performance 20240530.csv,2026-01-26T14:50:24.187534,217.0
EF1CED1D392363F0,EXCELSIOR CARE GROUP,,2024-05,monthly,"Average number of outpatient emergency department visits per 1,000 long-stay resident days",0.77,Affiliated Entity Performance 20240530.csv,2026-01-26T14:50:24.187534,217.0
EF1CED1D392363F0,EXCELSIOR CARE GROUP,,2024-05,monthly,Average number of payment denials,0.0,Affiliated Entity Performance 20240530.csv,2026-01-26T14:50:24.187534,217.0
EF1CED1D392363F0,EXCELSIOR CARE GROUP,,2024-05,monthly,Average overall 5-star rating,2.8,Affiliated Entity Performance 20240530.csv,2026-01-26T14:50:24.187534,217.0
EF1CED1D392363F0,EXCELSIOR CARE GROUP,,2024-05,monthly,Average percentage of current residents up to date with COVID-19 vaccines,23.5,Affiliated Entity Performance 20240530.csv,2026-01-26T14:50:24.187534,217.0
EF1CED1D392363F0,EXCELSIOR CARE GROUP,,2024-05,monthly,Average percentage of healthcare personnel up to date with COVID-19 vaccines,14.9,Affiliated Entity Performance 20240530.csv,2026-01-26T14:50:24.187534,217.0
EF1CED1D392363F0,EXCELSIOR CARE GROUP,,2024-05,monthly,Average percentage of long-stay high-risk residents with pressure ulcers,10.8,Affiliated Entity Performance 20240530.csv,2026-01-26T14:50:24.187534,217.0
EF1CED1D392363F0,EXCELSIOR CARE GROUP,,2024-05,monthly,Average percentage of long-stay low-risk residents who lose control of their bowels or bladder,42.9,Affiliated Entity Performance 20240530.csv,2026-01-26T14:50:24.187534,217.0
EF1CED1D392363F0,EXCELSIOR CARE GROUP,,2024-05,monthly,Average percentage of long-stay residents experiencing one or more falls with major injury,2.6,Affiliated Entity Performance 20240530.csv,2026-01-26T14:50:24.187534,217.0
EF1CED1D392363F0,EXCELSIOR CARE GROUP,,2024-05,monthly,Average percentage of long-stay residents who have or had a catheter inserted and left in their bladder,0.7,Affiliated Entity Performance 20240530.csv,2026-01-26T14:50:24.187534,217.0
EF1CED1D392363F0,EXCELSIOR CARE GROUP,,2024-05,monthly,Average percentage of long-stay residents who have symptoms of depression,19.9,Affiliated Entity Performance 20240530.csv,2026-01-26T14:50:24.187534,217.0
EF1CED1D392363F0,EXCELSIOR CARE GROUP,,2024-05,monthly,Average percentage of long-stay residents who lose too much weight,7.6,Affiliated Entity Performance 20240530.csv,2026-01-26T14:50:24.187534,217.0
EF1CED1D392363F0,EXCELSIOR CARE GROUP,,2024-05,monthly,Average percentage of long-stay residents who received an antipsychotic medication,10.0,Affiliated Entity Performance 20240530.csv,2026-01-26T14:50:24.187534,217.0
EF1CED1D392363F0,EXCELSIOR CARE GROUP,,2024-05,monthly,Average percentage of long-stay residents who used antianxiety or hypnotic medication,14.6,Affiliated Entity Performance 20240530.csv,2026-01-26T14:50:24.187534,217.0
EF1CED1D392363F0,EXCELSIOR CARE GROUP,,2024-05,monthly,Average percentage of long-stay residents who were assessed and appropriately given the pneumococcal vaccine,85.2,Affiliated Entity Performance 20240530.csv,2026-01-26T14:50:24.187534,217.0
EF1CED1D392363F0,EXCELSIOR CARE GROUP,,2024-05,monthly,Average percentage of long-stay residents who were assessed and appropriately given the seasonal influenza vaccine,92.8,Affiliated Entity Performance 20240530.csv,2026-01-26T14:50:24.187534,217.0
EF1CED1D392363F0,EXCELSIOR CARE GROUP,,2024-05,monthly,Average percentage of long-stay residents who were physically restrained,0.0,Affiliated Entity Performance 20240530.csv,2026-01-26T14:50:24.187534,217.0
EF1CED1D392363F0,EXCELSIOR CARE GROUP,,2024-05,monthly,Average percentage of long-stay residents whose ability to move independently worsened,13.8,Affiliated Entity Performance 20240530.csv,2026-01-26T14:50:24.187534,217.0
EF1CED1D392363F0,EXCELSIOR CARE GROUP,,2024-05,monthly,Average percentage of long-stay residents whose need for help with activities of daily living has increased,13.5,Affiliated Entity Performance 20240530.csv,2026-01-26T14:50:24.187534,217.0
EF1CED1D392363F0,EXCELSIOR CARE GROUP,,2024-05,monthly,Average percentage of long-stay residents with a urinary tract infection,1.0,Affiliated Entity Performance 20240530.csv,2026-01-26T14:50:24.187534,217.0
EF1CED1D392363F0,EXCELSIOR CARE GROUP,,2024-05,monthly,Average percentage of short-stay residents who have had an outpatient emergency department visit,10.8,Affiliated Entity Performance 20240530.csv,2026-01-26T14:50:24.187534,217.0
EF1CED1D392363F0,EXCELSIOR CARE GROUP,,2024-05,monthly,Average percentage of short-stay residents who made improvements in function,79.0,Affiliated Entity Performance 20240530.csv,2026-01-26T14:50:24.187534,217.0
EF1CED1D392363F0,EXCELSIOR CARE GROUP,,2024-05,monthly,Average percentage of short-stay residents who newly received an antipsychotic medication,1.6,Affiliated Entity Performance 20240530.csv,2026-01-26T14:50:24.187534,217.0
EF1CED1D392363F0,EXCELSIOR CARE GROUP,,2024-05,monthly,Average percentage of short-stay residents who were assessed and appropriately given the pneumococcal vaccine,66.7,Affiliated Entity Performance 20240530.csv,2026-01-26T14:50:24.187534,217.0
EF1CED1D392363F0,EXCELSIOR CARE GROUP,,2024-05,monthly,Average percentage of short-stay residents who were assessed and appropriately given the seasonal influenza vaccine,69.7,Affiliated Entity Performance 20240530.csv,2026-01-26T14:50:24.187534,217.0
EF1CED1D392363F0,EXCELSIOR CARE GROUP,,2024-05,monthly,Average percentage of short-stay residents who were re-hospitalized after a nursing home admission,22.7,Affiliated Entity Performance 20240530.csv,2026-01-26T14:50:24.187534,217.0
EF1CED1D392363F0,EXCELSIOR CARE GROUP,,2024-05,monthly,Average percentage of short-stay residents with pressure ulcers or pressure injuries that are new or worsened,1.6,Affiliated Entity Performance 20240530.csv,2026-01-26T14:50:24.187534,217.0
EF1CED1D392363F0,EXCELSIOR CARE GROUP,,2024-05,monthly,Average quality rating,3.8,Affiliated Entity Performance 20240530.csv,2026-01-26T14:50:24.187534,217.0
EF1CED1D392363F0,EXCELSIOR CARE GROUP,,2024-05,monthly,Average rate of potentially preventable hospital readmissions 30 days after discharge from a SNF,10.5,Affiliated Entity Performance 20240530.csv,2026-01-26T14:50:24.187534,217.0
EF1CED1D392363F0,EXCELSIOR CARE GROUP,,2024-05,monthly,Average staffing rating,2.0,Affiliated Entity Performance 20240530.csv,2026-01-26T14:50:24.187534,217.0
EF1CED1D392363F0,EXCELSIOR CARE GROUP,,2024-05,monthly,Average total Registered Nurse hours per resident day,0.5,Affiliated Entity Performance 20240530.csv,2026-01-26T14:50:24.187534,217.0
EF1CED1D392363F0,EXCELSIOR CARE GROUP,,2024-05,monthly,Average total nurse hours per resident day,3.3,Affiliated Entity Performance 20240530.csv,2026-01-26T14:50:24.187534,217.0
EF1CED1D392363F0,EXCELSIOR CARE GROUP,,2024-05,monthly,Average total nursing staff turnover percentage,41.8,Affiliated Entity Performance 20240530.csv,2026-01-26T14:50:24.187534,217.0
EF1CED1D392363F0,EXCELSIOR CARE GROUP,,2024-05,monthly,Average total weekend nurse hours per resident day,3.0,Affiliated Entity Performance 20240530.csv,2026-01-26T14:50:24.187534,217.0
EF1CED1D392363F0,EXCELSIOR CARE GROUP,,2024-05,monthly,Number of SFF candidates,0.0,Affiliated Entity Performance 20240530.csv,2026-01-26T14:50:24.187534,217.0
EF1CED1D392363F0,EXCELSIOR CARE GROUP,,2024-05,monthly,Number of Special Focus Facilities (SFF),0.0,Affiliated Entity Performance 20240530.csv,2026-01-26T14:50:24.187534,217.0
EF1CED1D392363F0,EXCELSIOR CARE GROUP,,2024-05,monthly,Number of facilities,22.0,Affiliated Entity Performance 20240530.csv,2026-01-26T14:50:24.187534,217.0
EF1CED1D392363F0,EXCELSIOR CARE GROUP,,2024-05,monthly,Number of facilities with an abuse icon,0.0,Affiliated Entity Performance 20240530.csv,2026-01-26T14:50:24.187534,217.0
EF1CED1D392363F0,EXCELSIOR CARE GROUP,,2024-05,monthly,Number of states and territories with operations,3.0,Affiliated Entity Performance 20240530.csv,2026-01-26T14:50:24.187534,217.0
EF1CED1D392363F0,EXCELSIOR CARE GROUP,,2024-05,monthly,Percent of facilities classified as for-profit,100.0,Affiliated Entity Performance 20240530.csv,2026-01-26T14:50:24.187534,217.0
EF1CED1D392363F0,EXCELSIOR CARE GROUP,,2024-05,monthly,Percent of facilities classified as government-owned,0.0,Affiliated Entity Performance 20240530.csv,2026-01-26T14:50:24.187534,217.0
EF1CED1D392363F0,EXCELSIOR CARE GROUP,,2024-05,monthly,Percent of facilities classified as non-profit,0.0,Affiliated Entity Performance 20240530.csv,2026-01-26T14:50:24.187534,217.0
EF1CED1D392363F0,EXCELSIOR CARE GROUP,,2024-05,monthly,Percentage of facilities with an abuse icon,0.0,Affiliated Entity Performance 20240530.csv,2026-01-26T14:50:24.187534,217.0
EF1CED1D392363F0,EXCELSIOR CARE GROUP,,2024-05,monthly,Total amount of fines in dollars,679119.82,Affiliated Entity Performance 20240530.csv,2026-01-26T14:50:24.187534,217.0
EF1CED1D392363F0,EXCELSIOR CARE GROUP,,2024-05,monthly,Total number of fines,91.0,Affiliated Entity Performance 20240530.csv,2026-01-26T14:50:24.187534,217.0
EF1CED1D392363F0,EXCELSIOR CARE GROUP,,2024-05,monthly,Total number of payment denials,0.0,Affiliated Entity Performance 20240530.csv,2026-01-26T14:50:24.187534,217.0
EF1CED1D392363F0,EXCELSIOR CARE GROUP,,2024-06,monthly,Average Registered Nurse turnover percentage,55.2,Affiliated Entity Performance 20240624.csv,2026-01-26T14:50:24.680430,217.0
EF1CED1D392363F0,EXCELSIOR CARE GROUP,,2024-06,monthly,Average amount of fines in dollars,28684.73,Affiliated Entity Performance 20240624.csv,2026-01-26T14:50:24.680430,217.0
EF1CED1D392363F0,EXCELSIOR CARE GROUP,,2024-06,monthly,Average health inspection rating,2.8,Affiliated Entity Performance 20240624.csv,2026-01-26T14:50:24.680430,217.0
EF1CED1D392363F0,EXCELSIOR CARE GROUP,,2024-06,monthly,Average number of administrators who have left the nursing home,0.9,Affiliated Entity Performance 20240624.csv,2026-01-26T14:50:24.680430,217.0
EF1CED1D392363F0,EXCELSIOR CARE GROUP,,2024-06,monthly,Average number of fines,4.2,Affiliated Entity Performance 20240624.csv,2026-01-26T14:50:24.680430,217.0
EF1CED1D392363F0,EXCELSIOR CARE GROUP,,2024-06,monthly,"Average number of hospitalizations per 1,000 long-stay resident days",1.8,Affiliated Entity Performance 20240624.csv,2026-01-26T14:50:24.680430,217.0
EF1CED1D392363F0,EXCELSIOR CARE GROUP,,2024-06,monthly,"Average number of outpatient emergency department visits per 1,000 long-stay resident days",0.77,Affiliated Entity Performance 20240624.csv,2026-01-26T14:50:24.680430,217.0
EF1CED1D392363F0,EXCELSIOR CARE GROUP,,2024-06,monthly,Average number of payment denials,0.0,Affiliated Entity Performance 20240624.csv,2026-01-26T14:50:24.680430,217.0
EF1CED1D392363F0,EXCELSIOR CARE GROUP,,2024-06,monthly,Average overall 5-star rating,2.9,Affiliated Entity Performance 20240624.csv,2026-01-26T14:50:24.680430,217.0
EF1CED1D392363F0,EXCELSIOR CARE GROUP,,2024-06,monthly,Average percentage of current residents up to date with COVID-19 vaccines,19.8,Affiliated Entity Performance 20240624.csv,2026-01-26T14:50:24.680430,217.0
EF1CED1D392363F0,EXCELSIOR CARE GROUP,,2024-06,monthly,Average percentage of healthcare personnel up to date with COVID-19 vaccines,15.0,Affiliated Entity Performance 20240624.csv,2026-01-26T14:50:24.680430,217.0
EF1CED1D392363F0,EXCELSIOR CARE GROUP,,2024-06,monthly,Average percentage of long-stay high-risk residents with pressure ulcers,10.8,Affiliated Entity Performance 20240624.csv,2026-01-26T14:50:24.680430,217.0
EF1CED1D392363F0,EXCELSIOR CARE GROUP,,2024-06,monthly,Average percentage of long-stay low-risk residents who lose control of their bowels or bladder,42.9,Affiliated Entity Performance 20240624.csv,2026-01-26T14:50:24.680430,217.0
EF1CED1D392363F0,EXCELSIOR CARE GROUP,,2024-06,monthly,Average percentage of long-stay residents experiencing one or more falls with major injury,2.6,Affiliated Entity Performance 20240624.csv,2026-01-26T14:50:24.680430,217.0
EF1CED1D392363F0,EXCELSIOR CARE GROUP,,2024-06,monthly,Average percentage of long-stay residents who have or had a catheter inserted and left in their bladder,0.7,Affiliated Entity Performance 20240624.csv,2026-01-26T14:50:24.680430,217.0
EF1CED1D392363F0,EXCELSIOR CARE GROUP,,2024-06,monthly,Average percentage of long-stay residents who have symptoms of depression,19.9,Affiliated Entity Performance 20240624.csv,2026-01-26T14:50:24.680430,217.0
EF1CED1D392363F0,EXCELSIOR CARE GROUP,,2024-06,monthly,Average percentage of long-stay residents who lose too much weight,7.6,Affiliated Entity Performance 20240624.csv,2026-01-26T14:50:24.680430,217.0
EF1CED1D392363F0,EXCELSIOR CARE GROUP,,2024-06,monthly,Average percentage of long-stay residents who received an antipsychotic medication,10.7,Affiliated Entity Performance 20240624.csv,2026-01-26T14:50:24.680430,217.0
EF1CED1D392363F0,EXCELSIOR CARE GROUP,,2024-06,monthly,Average percentage of long-stay residents who used antianxiety or hypnotic medication,14.6,Affiliated Entity Performance 20240624.csv,2026-01-26T14:50:24.680430,217.0
EF1CED1D392363F0,EXCELSIOR CARE GROUP,,2024-06,monthly,Average percentage of long-stay residents who were assessed and appropriately given the pneumococcal vaccine,85.2,Affiliated Entity Performance 20240624.csv,2026-01-26T14:50:24.680430,217.0
EF1CED1D392363F0,EXCELSIOR CARE GROUP,,2024-06,monthly,Average percentage of long-stay residents who were assessed and appropriately given the seasonal influenza vaccine,92.8,Affiliated Entity Performance 20240624.csv,2026-01-26T14:50:24.680430,217.0
EF1CED1D392363F0,EXCELSIOR CARE GROUP,,2024-06,monthly,Average percentage of long-stay residents who were physically restrained,0.0,Affiliated Entity Performance 20240624.csv,2026-01-26T14:50:24.680430,217.0
EF1CED1D392363F0,EXCELSIOR CARE GROUP,,2024-06,monthly,Average percentage of long-stay residents whose ability to move independently worsened,13.8,Affiliated Entity Performance 20240624.csv,2026-01-26T14:50:24.680430,217.0
EF1CED1D392363F0,EXCELSIOR CARE GROUP,,2024-06,monthly,Average percentage of long-stay residents whose need for help with activities of daily living has increased,13.5,Affiliated Entity Performance 20240624.csv,2026-01-26T14:50:24.680430,217.0
EF1CED1D392363F0,EXCELSIOR CARE GROUP,,2024-06,monthly,Average percentage of long-stay residents with a urinary tract infection,1.0,Affiliated Entity Performance 20240624.csv,2026-01-26T14:50:24.680430,217.0
EF1CED1D392363F0,EXCELSIOR CARE GROUP,,2024-06,monthly,Average percentage of short-stay residents who have had an outpatient emergency department visit,10.8,Affiliated Entity Performance 20240624.csv,2026-01-26T14:50:24.680430,217.0
EF1CED1D392363F0,EXCELSIOR CARE GROUP,,2024-06,monthly,Average percentage of short-stay residents who made improvements in function,79.0,Affiliated Entity Performance 20240624.csv,2026-01-26T14:50:24.680430,217.0
EF1CED1D392363F0,EXCELSIOR CARE GROUP,,2024-06,monthly,Average percentage of short-stay residents who newly received an antipsychotic medication,1.6,Affiliated Entity Performance 20240624.csv,2026-01-26T14:50:24.680430,217.0
EF1CED1D392363F0,EXCELSIOR CARE GROUP,,2024-06,monthly,Average percentage of short-stay residents who were assessed and appropriately given the pneumococcal vaccine,66.7,Affiliated Entity Performance 20240624.csv,2026-01-26T14:50:24.680430,217.0
EF1CED1D392363F0,EXCELSIOR CARE GROUP,,2024-06,monthly,Average percentage of short-stay residents who were assessed and appropriately given the seasonal influenza vaccine,69.7,Affiliated Entity Performance 20240624.csv,2026-01-26T14:50:24.680430,217.0
EF1CED1D392363F0,EXCELSIOR CARE GROUP,,2024-06,monthly,Average percentage of short-stay residents who were re-hospitalized after a nursing home admission,22.7,Affiliated Entity Performance 20240624.csv,2026-01-26T14:50:24.680430,217.0
EF1CED1D392363F0,EXCELSIOR CARE GROUP,,2024-06,monthly,Average percentage of short-stay residents with pressure ulcers or pressure injuries that are new or worsened,1.6,Affiliated Entity Performance 20240624.csv,2026-01-26T14:50:24.680430,217.0
EF1CED1D392363F0,EXCELSIOR CARE GROUP,,2024-06,monthly,Average quality rating,3.8,Affiliated Entity Performance 20240624.csv,2026-01-26T14:50:24.680430,217.0
EF1CED1D392363F0,EXCELSIOR CARE GROUP,,2024-06,monthly,Average rate of potentially preventable hospital readmissions 30 days after discharge from a SNF,10.5,Affiliated Entity Performance 20240624.csv,2026-01-26T14:50:24.680430,217.0
EF1CED1D392363F0,EXCELSIOR CARE GROUP,,2024-06,monthly,Average staffing rating,2.0,Affiliated Entity Performance 20240624.csv,2026-01-26T14:50:24.680430,217.0
EF1CED1D392363F0,EXCELSIOR CARE GROUP,,2024-06,monthly,Average total Registered Nurse hours per resident day,0.5,Affiliated Entity Performance 20240624.csv,2026-01-26T14:50:24.680430,217.0
EF1CED1D392363F0,EXCELSIOR CARE GROUP,,2024-06,monthly,Average total nurse hours per resident day,3.3,Affiliated Entity Performance 20240624.csv,2026-01-26T14:50:24.680430,217.0
EF1CED1D392363F0,EXCELSIOR CARE GROUP,,2024-06,monthly,Average total nursing staff turnover percentage,41.8,Affiliated Entity Performance 20240624.csv,2026-01-26T14:50:24.680430,217.0
EF1CED1D392363F0,EXCELSIOR CARE GROUP,,2024-06,monthly,Average total weekend nurse hours per resident day,3.0,Affiliated Entity Performance 20240624.csv,2026-01-26T14:50:24.680430,217.0
EF1CED1D392363F0,EXCELSIOR CARE GROUP,,2024-06,monthly,Number of SFF candidates,0.0,Affiliated Entity Performance 20240624.csv,2026-01-26T14:50:24.680430,217.0
EF1CED1D392363F0,EXCELSIOR CARE GROUP,,2024-06,monthly,Number of Special Focus Facilities (SFF),0.0,Affiliated Entity Performance 20240624.csv,2026-01-26T14:50:24.680430,217.0
EF1CED1D392363F0,EXCELSIOR CARE GROUP,,2024-06,monthly,Number of facilities,22.0,Affiliated Entity Performance 20240624.csv,2026-01-26T14:50:24.680430,217.0
EF1CED1D392363F0,EXCELSIOR CARE GROUP,,2024-06,monthly,Number of facilities with an abuse icon,0.0,Affiliated Entity Performance 20240624.csv,2026-01-26T14:50:24.680430,217.0
EF1CED1D392363F0,EXCELSIOR CARE GROUP,,2024-06,monthly,Number of states and territories with operations,3.0,Affiliated Entity Performance 20240624.csv,2026-01-26T14:50:24.680430,217.0
EF1CED1D392363F0,EXCELSIOR CARE GROUP,,2024-06,monthly,Percent of facilities classified as for-profit,100.0,Affiliated Entity Performance 20240624.csv,2026-01-26T14:50:24.680430,217.0
EF1CED1D392363F0,EXCELSIOR CARE GROUP,,2024-06,monthly,Percent of facilities classified as government-owned,0.0,Affiliated Entity Performance 20240624.csv,2026-01-26T14:50:24.680430,217.0
EF1CED1D392363F0,EXCELSIOR CARE GROUP,,2024-06,monthly,Percent of facilities classified as non-profit,0.0,Affiliated Entity Performance 20240624.csv,2026-01-26T14:50:24.680430,217.0
EF1CED1D392363F0,EXCELSIOR CARE GROUP,,2024-06,monthly,Percentage of facilities with an abuse icon,0.0,Affiliated Entity Performance 20240624.csv,2026-01-26T14:50:24.680430,217.0
EF1CED1D392363F0,EXCELSIOR CARE GROUP,,2024-06,monthly,Total amount of fines in dollars,631064.01,Affiliated Entity Performance 20240624.csv,2026-01-26T14:50:24.680430,217.0
EF1CED1D392363F0,EXCELSIOR CARE GROUP,,2024-06,monthly,Total number of fines,92.0,Affiliated Entity Performance 20240624.csv,2026-01-26T14:50:24.680430,217.0
EF1CED1D392363F0,EXCELSIOR CARE GROUP,,2024-06,monthly,Total number of payment denials,0.0,Affiliated Entity Performance 20240624.csv,2026-01-26T14:50:24.680430,217.0
EF1CED1D392363F0,EXCELSIOR CARE GROUP,,2024-07,monthly,Average Registered Nurse turnover percentage,51.6,Affiliated Entity Performance 20240722.csv,2026-01-26T14:50:25.206569,217.0
EF1CED1D392363F0,EXCELSIOR CARE GROUP,,2024-07,monthly,Average amount of fines in dollars,27539.37,Affiliated Entity Performance 20240722.csv,2026-01-26T14:50:25.206569,217.0
EF1CED1D392363F0,EXCELSIOR CARE GROUP,,2024-07,monthly,Average health inspection rating,2.8,Affiliated Entity Performance 20240722.csv,2026-01-26T14:50:25.206569,217.0
EF1CED1D392363F0,EXCELSIOR CARE GROUP,,2024-07,monthly,Average number of administrators who have left the nursing home,0.8,Affiliated Entity Performance 20240722.csv,2026-01-26T14:50:25.206569,217.0
EF1CED1D392363F0,EXCELSIOR CARE GROUP,,2024-07,monthly,Average number of fines,4.2,Affiliated Entity Performance 20240722.csv,2026-01-26T14:50:25.206569,217.0
EF1CED1D392363F0,EXCELSIOR CARE GROUP,,2024-07,monthly,"Average number of hospitalizations per 1,000 long-stay resident days",1.6,Affiliated Entity Performance 20240722.csv,2026-01-26T14:50:25.206569,217.0
EF1CED1D392363F0,EXCELSIOR CARE GROUP,,2024-07,monthly,"Average number of outpatient emergency department visits per 1,000 long-stay resident days",0.96,Affiliated Entity Performance 20240722.csv,2026-01-26T14:50:25.206569,217.0
EF1CED1D392363F0,EXCELSIOR CARE GROUP,,2024-07,monthly,Average number of payment denials,0.0,Affiliated Entity Performance 20240722.csv,2026-01-26T14:50:25.206569,217.0
EF1CED1D392363F0,EXCELSIOR CARE GROUP,,2024-07,monthly,Average overall 5-star rating,3.0,Affiliated Entity Performance 20240722.csv,2026-01-26T14:50:25.206569,217.0
EF1CED1D392363F0,EXCELSIOR CARE GROUP,,2024-07,monthly,Average percentage of current residents up to date with COVID-19 vaccines,21.9,Affiliated Entity Performance 20240722.csv,2026-01-26T14:50:25.206569,217.0
EF1CED1D392363F0,EXCELSIOR CARE GROUP,,2024-07,monthly,Average percentage of healthcare personnel up to date with COVID-19 vaccines,19.9,Affiliated Entity Performance 20240722.csv,2026-01-26T14:50:25.206569,217.0
EF1CED1D392363F0,EXCELSIOR CARE GROUP,,2024-07,monthly,Average percentage of long-stay high-risk residents with pressure ulcers,10.2,Affiliated Entity Performance 20240722.csv,2026-01-26T14:50:25.206569,217.0
EF1CED1D392363F0,EXCELSIOR CARE GROUP,,2024-07,monthly,Average percentage of long-stay low-risk residents who lose control of their bowels or bladder,42.6,Affiliated Entity Performance 20240722.csv,2026-01-26T14:50:25.206569,217.0
EF1CED1D392363F0,EXCELSIOR CARE GROUP,,2024-07,monthly,Average percentage of long-stay residents experiencing one or more falls with major injury,2.5,Affiliated Entity Performance 20240722.csv,2026-01-26T14:50:25.206569,217.0
EF1CED1D392363F0,EXCELSIOR CARE GROUP,,2024-07,monthly,Average percentage of long-stay residents who have or had a catheter inserted and left in their bladder,0.6,Affiliated Entity Performance 20240722.csv,2026-01-26T14:50:25.206569,217.0
EF1CED1D392363F0,EXCELSIOR CARE GROUP,,2024-07,monthly,Average percentage of long-stay residents who have symptoms of depression,19.6,Affiliated Entity Performance 20240722.csv,2026-01-26T14:50:25.206569,217.0
EF1CED1D392363F0,EXCELSIOR CARE GROUP,,2024-07,monthly,Average percentage of long-stay residents who lose too much weight,7.5,Affiliated Entity Performance 20240722.csv,2026-01-26T14:50:25.206569,217.0
EF1CED1D392363F0,EXCELSIOR CARE GROUP,,2024-07,monthly,Average percentage of long-stay residents who received an antipsychotic medication,11.0,Affiliated Entity Performance 20240722.csv,2026-01-26T14:50:25.206569,217.0
EF1CED1D392363F0,EXCELSIOR CARE GROUP,,2024-07,monthly,Average percentage of long-stay residents who used antianxiety or hypnotic medication,15.0,Affiliated Entity Performance 20240722.csv,2026-01-26T14:50:25.206569,217.0
EF1CED1D392363F0,EXCELSIOR CARE GROUP,,2024-07,monthly,Average percentage of long-stay residents who were assessed and appropriately given the pneumococcal vaccine,86.8,Affiliated Entity Performance 20240722.csv,2026-01-26T14:50:25.206569,217.0
EF1CED1D392363F0,EXCELSIOR CARE GROUP,,2024-07,monthly,Average percentage of long-stay residents who were assessed and appropriately given the seasonal influenza vaccine,93.7,Affiliated Entity Performance 20240722.csv,2026-01-26T14:50:25.206569,217.0
EF1CED1D392363F0,EXCELSIOR CARE GROUP,,2024-07,monthly,Average percentage of long-stay residents who were physically restrained,0.0,Affiliated Entity Performance 20240722.csv,2026-01-26T14:50:25.206569,217.0
EF1CED1D392363F0,EXCELSIOR CARE GROUP,,2024-07,monthly,Average percentage of long-stay residents whose ability to move independently worsened,13.6,Affiliated Entity Performance 20240722.csv,2026-01-26T14:50:25.206569,217.0
EF1CED1D392363F0,EXCELSIOR CARE GROUP,,2024-07,monthly,Average percentage of long-stay residents whose need for help with activities of daily living has increased,13.3,Affiliated Entity Performance 20240722.csv,2026-01-26T14:50:25.206569,217.0
EF1CED1D392363F0,EXCELSIOR CARE GROUP,,2024-07,monthly,Average percentage of long-stay residents with a urinary tract infection,0.8,Affiliated Entity Performance 20240722.csv,2026-01-26T14:50:25.206569,217.0
EF1CED1D392363F0,EXCELSIOR CARE GROUP,,2024-07,monthly,Average percentage of short-stay residents who have had an outpatient emergency department visit,8.7,Affiliated Entity Performance 20240722.csv,2026-01-26T14:50:25.206569,217.0
EF1CED1D392363F0,EXCELSIOR CARE GROUP,,2024-07,monthly,Average percentage of short-stay residents who made improvements in function,79.1,Affiliated Entity Performance 20240722.csv,2026-01-26T14:50:25.206569,217.0
EF1CED1D392363F0,EXCELSIOR CARE GROUP,,2024-07,monthly,Average percentage of short-stay residents who newly received an antipsychotic medication,1.6,Affiliated Entity Performance 20240722.csv,2026-01-26T14:50:25.206569,217.0
EF1CED1D392363F0,EXCELSIOR CARE GROUP,,2024-07,monthly,Average percentage of short-stay residents who were assessed and appropriately given the pneumococcal vaccine,70.0,Affiliated Entity Performance 20240722.csv,2026-01-26T14:50:25.206569,217.0
EF1CED1D392363F0,EXCELSIOR CARE GROUP,,2024-07,monthly,Average percentage of short-stay residents who were assessed and appropriately given the seasonal influenza vaccine,72.7,Affiliated Entity Performance 20240722.csv,2026-01-26T14:50:25.206569,217.0
EF1CED1D392363F0,EXCELSIOR CARE GROUP,,2024-07,monthly,Average percentage of short-stay residents who were re-hospitalized after a nursing home admission,20.8,Affiliated Entity Performance 20240722.csv,2026-01-26T14:50:25.206569,217.0
EF1CED1D392363F0,EXCELSIOR CARE GROUP,,2024-07,monthly,Average percentage of short-stay residents with pressure ulcers or pressure injuries that are new or worsened,1.6,Affiliated Entity Performance 20240722.csv,2026-01-26T14:50:25.206569,217.0
EF1CED1D392363F0,EXCELSIOR CARE GROUP,,2024-07,monthly,Average quality rating,4.0,Affiliated Entity Performance 20240722.csv,2026-01-26T14:50:25.206569,217.0
EF1CED1D392363F0,EXCELSIOR CARE GROUP,,2024-07,monthly,Average rate of potentially preventable hospital readmissions 30 days after discharge from a SNF,10.5,Affiliated Entity Performance 20240722.csv,2026-01-26T14:50:25.206569,217.0
EF1CED1D392363F0,EXCELSIOR CARE GROUP,,2024-07,monthly,Average staffing rating,2.1,Affiliated Entity Performance 20240722.csv,2026-01-26T14:50:25.206569,217.0
EF1CED1D392363F0,EXCELSIOR CARE GROUP,,2024-07,monthly,Average total Registered Nurse hours per resident day,0.5,Affiliated Entity Performance 20240722.csv,2026-01-26T14:50:25.206569,217.0
EF1CED1D392363F0,EXCELSIOR CARE GROUP,,2024-07,monthly,Average total nurse hours per resident day,3.2,Affiliated Entity Performance 20240722.csv,2026-01-26T14:50:25.206569,217.0
EF1CED1D392363F0,EXCELSIOR CARE GROUP,,2024-07,monthly,Average total nursing staff turnover percentage,39.9,Affiliated Entity Performance 20240722.csv,2026-01-26T14:50:25.206569,217.0
EF1CED1D392363F0,EXCELSIOR CARE GROUP,,2024-07,monthly,Average total weekend nurse hours per resident day,2.9,Affiliated Entity Performance 20240722.csv,2026-01-26T14:50:25.206569,217.0
EF1CED1D392363F0,EXCELSIOR CARE GROUP,,2024-07,monthly,Number of SFF candidates,0.0,Affiliated Entity Performance 20240722.csv,2026-01-26T14:50:25.206569,217.0
EF1CED1D392363F0,EXCELSIOR CARE GROUP,,2024-07,monthly,Number of Special Focus Facilities (SFF),0.0,Affiliated Entity Performance 20240722.csv,2026-01-26T14:50:25.206569,217.0
EF1CED1D392363F0,EXCELSIOR CARE GROUP,,2024-07,monthly,Number of facilities,21.0,Affiliated Entity Performance 20240722.csv,2026-01-26T14:50:25.206569,217.0
EF1CED1D392363F0,EXCELSIOR CARE GROUP,,2024-07,monthly,Number of facilities with an abuse icon,0.0,Affiliated Entity Performance 20240722.csv,2026-01-26T14:50:25.206569,217.0
EF1CED1D392363F0,EXCELSIOR CARE GROUP,,2024-07,monthly,Number of states and territories with operations,3.0,Affiliated Entity Performance 20240722.csv,2026-01-26T14:50:25.206569,217.0
EF1CED1D392363F0,EXCELSIOR CARE GROUP,,2024-07,monthly,Percent of facilities classified as for-profit,100.0,Affiliated Entity Performance 20240722.csv,2026-01-26T14:50:25.206569,217.0
EF1CED1D392363F0,EXCELSIOR CARE GROUP,,2024-07,monthly,Percent of facilities classified as government-owned,0.0,Affiliated Entity Performance 20240722.csv,2026-01-26T14:50:25.206569,217.0
EF1CED1D392363F0,EXCELSIOR CARE GROUP,,2024-07,monthly,Percent of facilities classified as non-profit,0.0,Affiliated Entity Performance 20240722.csv,2026-01-26T14:50:25.206569,217.0
EF1CED1D392363F0,EXCELSIOR CARE GROUP,,2024-07,monthly,Percentage of facilities with an abuse icon,0.0,Affiliated Entity Performance 20240722.csv,2026-01-26T14:50:25.206569,217.0
EF1CED1D392363F0,EXCELSIOR CARE GROUP,,2024-07,monthly,Total amount of fines in dollars,578326.68,Affiliated Entity Performance 20240722.csv,2026-01-26T14:50:25.206569,217.0
EF1CED1D392363F0,EXCELSIOR CARE GROUP,,2024-07,monthly,Total number of fines,88.0,Affiliated Entity Performance 20240722.csv,2026-01-26T14:50:25.206569,217.0
EF1CED1D392363F0,EXCELSIOR CARE GROUP,,2024-07,monthly,Total number of payment denials,0.0,Affiliated Entity Performance 20240722.csv,2026-01-26T14:50:25.206569,217.0
EF1CED1D392363F0,EXCELSIOR CARE GROUP,,2024-08,monthly,Average Registered Nurse turnover percentage,51.6,Affiliated Entity Performance 20240822.csv,2026-01-26T14:50:25.701623,217.0
EF1CED1D392363F0,EXCELSIOR CARE GROUP,,2024-08,monthly,Average amount of fines in dollars,27915.05,Affiliated Entity Performance 20240822.csv,2026-01-26T14:50:25.701623,217.0
EF1CED1D392363F0,EXCELSIOR CARE GROUP,,2024-08,monthly,Average health inspection rating,2.9,Affiliated Entity Performance 20240822.csv,2026-01-26T14:50:25.701623,217.0
EF1CED1D392363F0,EXCELSIOR CARE GROUP,,2024-08,monthly,Average number of administrators who have left the nursing home,0.8,Affiliated Entity Performance 20240822.csv,2026-01-26T14:50:25.701623,217.0
EF1CED1D392363F0,EXCELSIOR CARE GROUP,,2024-08,monthly,Average number of fines,4.2,Affiliated Entity Performance 20240822.csv,2026-01-26T14:50:25.701623,217.0
EF1CED1D392363F0,EXCELSIOR CARE GROUP,,2024-08,monthly,"Average number of hospitalizations per 1,000 long-stay resident days",1.6,Affiliated Entity Performance 20240822.csv,2026-01-26T14:50:25.701623,217.0
EF1CED1D392363F0,EXCELSIOR CARE GROUP,,2024-08,monthly,"Average number of outpatient emergency department visits per 1,000 long-stay resident days",0.96,Affiliated Entity Performance 20240822.csv,2026-01-26T14:50:25.701623,217.0
EF1CED1D392363F0,EXCELSIOR CARE GROUP,,2024-08,monthly,Average number of payment denials,0.0,Affiliated Entity Performance 20240822.csv,2026-01-26T14:50:25.701623,217.0
EF1CED1D392363F0,EXCELSIOR CARE GROUP,,2024-08,monthly,Average overall 5-star rating,3.0,Affiliated Entity Performance 20240822.csv,2026-01-26T14:50:25.701623,217.0
EF1CED1D392363F0,EXCELSIOR CARE GROUP,,2024-08,monthly,Average percentage of current residents up to date with COVID-19 vaccines,21.1,Affiliated Entity Performance 20240822.csv,2026-01-26T14:50:25.701623,217.0
EF1CED1D392363F0,EXCELSIOR CARE GROUP,,2024-08,monthly,Average percentage of healthcare personnel up to date with COVID-19 vaccines,19.8,Affiliated Entity Performance 20240822.csv,2026-01-26T14:50:25.701623,217.0
EF1CED1D392363F0,EXCELSIOR CARE GROUP,,2024-08,monthly,Average percentage of long-stay high-risk residents with pressure ulcers,10.2,Affiliated Entity Performance 20240822.csv,2026-01-26T14:50:25.701623,217.0
EF1CED1D392363F0,EXCELSIOR CARE GROUP,,2024-08,monthly,Average percentage of long-stay low-risk residents who lose control of their bowels or bladder,42.6,Affiliated Entity Performance 20240822.csv,2026-01-26T14:50:25.701623,217.0
EF1CED1D392363F0,EXCELSIOR CARE GROUP,,2024-08,monthly,Average percentage of long-stay residents experiencing one or more falls with major injury,2.5,Affiliated Entity Performance 20240822.csv,2026-01-26T14:50:25.701623,217.0
EF1CED1D392363F0,EXCELSIOR CARE GROUP,,2024-08,monthly,Average percentage of long-stay residents who have or had a catheter inserted and left in their bladder,0.6,Affiliated Entity Performance 20240822.csv,2026-01-26T14:50:25.701623,217.0
EF1CED1D392363F0,EXCELSIOR CARE GROUP,,2024-08,monthly,Average percentage of long-stay residents who have symptoms of depression,19.6,Affiliated Entity Performance 20240822.csv,2026-01-26T14:50:25.701623,217.0
EF1CED1D392363F0,EXCELSIOR CARE GROUP,,2024-08,monthly,Average percentage of long-stay residents who lose too much weight,7.5,Affiliated Entity Performance 20240822.csv,2026-01-26T14:50:25.701623,217.0
EF1CED1D392363F0,EXCELSIOR CARE GROUP,,2024-08,monthly,Average percentage of long-stay residents who received an antipsychotic medication,11.0,Affiliated Entity Performance 20240822.csv,2026-01-26T14:50:25.701623,217.0
EF1CED1D392363F0,EXCELSIOR CARE GROUP,,2024-08,monthly,Average percentage of long-stay residents who used antianxiety or hypnotic medication,15.0,Affiliated Entity Performance 20240822.csv,2026-01-26T14:50:25.701623,217.0
EF1CED1D392363F0,EXCELSIOR CARE GROUP,,2024-08,monthly,Average percentage of long-stay residents who were assessed and appropriately given the pneumococcal vaccine,86.8,Affiliated Entity Performance 20240822.csv,2026-01-26T14:50:25.701623,217.0
EF1CED1D392363F0,EXCELSIOR CARE GROUP,,2024-08,monthly,Average percentage of long-stay residents who were assessed and appropriately given the seasonal influenza vaccine,93.7,Affiliated Entity Performance 20240822.csv,2026-01-26T14:50:25.701623,217.0
EF1CED1D392363F0,EXCELSIOR CARE GROUP,,2024-08,monthly,Average percentage of long-stay residents who were physically restrained,0.0,Affiliated Entity Performance 20240822.csv,2026-01-26T14:50:25.701623,217.0
EF1CED1D392363F0,EXCELSIOR CARE GROUP,,2024-08,monthly,Average percentage of long-stay residents whose ability to move independently worsened,13.6,Affiliated Entity Performance 20240822.csv,2026-01-26T14:50:25.701623,217.0
EF1CED1D392363F0,EXCELSIOR CARE GROUP,,2024-08,monthly,Average percentage of long-stay residents whose need for help with activities of daily living has increased,13.3,Affiliated Entity Performance 20240822.csv,2026-01-26T14:50:25.701623,217.0
EF1CED1D392363F0,EXCELSIOR CARE GROUP,,2024-08,monthly,Average percentage of long-stay residents with a urinary tract infection,0.8,Affiliated Entity Performance 20240822.csv,2026-01-26T14:50:25.701623,217.0
EF1CED1D392363F0,EXCELSIOR CARE GROUP,,2024-08,monthly,Average percentage of short-stay residents who have had an outpatient emergency department visit,8.7,Affiliated Entity Performance 20240822.csv,2026-01-26T14:50:25.701623,217.0
EF1CED1D392363F0,EXCELSIOR CARE GROUP,,2024-08,monthly,Average percentage of short-stay residents who made improvements in function,79.1,Affiliated Entity Performance 20240822.csv,2026-01-26T14:50:25.701623,217.0
EF1CED1D392363F0,EXCELSIOR CARE GROUP,,2024-08,monthly,Average percentage of short-stay residents who newly received an antipsychotic medication,1.6,Affiliated Entity Performance 20240822.csv,2026-01-26T14:50:25.701623,217.0
EF1CED1D392363F0,EXCELSIOR CARE GROUP,,2024-08,monthly,Average percentage of short-stay residents who were assessed and appropriately given the pneumococcal vaccine,70.0,Affiliated Entity Performance 20240822.csv,2026-01-26T14:50:25.701623,217.0
EF1CED1D392363F0,EXCELSIOR CARE GROUP,,2024-08,monthly,Average percentage of short-stay residents who were assessed and appropriately given the seasonal influenza vaccine,72.7,Affiliated Entity Performance 20240822.csv,2026-01-26T14:50:25.701623,217.0
EF1CED1D392363F0,EXCELSIOR CARE GROUP,,2024-08,monthly,Average percentage of short-stay residents who were re-hospitalized after a nursing home admission,20.8,Affiliated Entity Performance 20240822.csv,2026-01-26T14:50:25.701623,217.0
EF1CED1D392363F0,EXCELSIOR CARE GROUP,,2024-08,monthly,Average percentage of short-stay residents with pressure ulcers or pressure injuries that are new or worsened,1.6,Affiliated Entity Performance 20240822.csv,2026-01-26T14:50:25.701623,217.0
EF1CED1D392363F0,EXCELSIOR CARE GROUP,,2024-08,monthly,Average quality rating,4.0,Affiliated Entity Performance 20240822.csv,2026-01-26T14:50:25.701623,217.0
EF1CED1D392363F0,EXCELSIOR CARE GROUP,,2024-08,monthly,Average rate of potentially preventable hospital readmissions 30 days after discharge from a SNF,10.5,Affiliated Entity Performance 20240822.csv,2026-01-26T14:50:25.701623,217.0
EF1CED1D392363F0,EXCELSIOR CARE GROUP,,2024-08,monthly,Average staffing rating,2.1,Affiliated Entity Performance 20240822.csv,2026-01-26T14:50:25.701623,217.0
EF1CED1D392363F0,EXCELSIOR CARE GROUP,,2024-08,monthly,Average total Registered Nurse hours per resident day,0.5,Affiliated Entity Performance 20240822.csv,2026-01-26T14:50:25.701623,217.0
EF1CED1D392363F0,EXCELSIOR CARE GROUP,,2024-08,monthly,Average total nurse hours per resident day,3.2,Affiliated Entity Performance 20240822.csv,2026-01-26T14:50:25.701623,217.0
EF1CED1D392363F0,EXCELSIOR CARE GROUP,,2024-08,monthly,Average total nursing staff turnover percentage,39.9,Affiliated Entity Performance 20240822.csv,2026-01-26T14:50:25.701623,217.0
EF1CED1D392363F0,EXCELSIOR CARE GROUP,,2024-08,monthly,Average total weekend nurse hours per resident day,2.9,Affiliated Entity Performance 20240822.csv,2026-01-26T14:50:25.701623,217.0
EF1CED1D392363F0,EXCELSIOR CARE GROUP,,2024-08,monthly,Number of SFF candidates,0.0,Affiliated Entity Performance 20240822.csv,2026-01-26T14:50:25.701623,217.0
EF1CED1D392363F0,EXCELSIOR CARE GROUP,,2024-08,monthly,Number of Special Focus Facilities (SFF),0.0,Affiliated Entity Performance 20240822.csv,2026-01-26T14:50:25.701623,217.0
EF1CED1D392363F0,EXCELSIOR CARE GROUP,,2024-08,monthly,Number of facilities,21.0,Affiliated Entity Performance 20240822.csv,2026-01-26T14:50:25.701623,217.0
EF1CED1D392363F0,EXCELSIOR CARE GROUP,,2024-08,monthly,Number of facilities with an abuse icon,0.0,Affiliated Entity Performance 20240822.csv,2026-01-26T14:50:25.701623,217.0
EF1CED1D392363F0,EXCELSIOR CARE GROUP,,2024-08,monthly,Number of states and territories with operations,3.0,Affiliated Entity Performance 20240822.csv,2026-01-26T14:50:25.701623,217.0
EF1CED1D392363F0,EXCELSIOR CARE GROUP,,2024-08,monthly,Percent of facilities classified as for-profit,100.0,Affiliated Entity Performance 20240822.csv,2026-01-26T14:50:25.701623,217.0
EF1CED1D392363F0,EXCELSIOR CARE GROUP,,2024-08,monthly,Percent of facilities classified as government-owned,0.0,Affiliated Entity Performance 20240822.csv,2026-01-26T14:50:25.701623,217.0
EF1CED1D392363F0,EXCELSIOR CARE GROUP,,2024-08,monthly,Percent of facilities classified as non-profit,0.0,Affiliated Entity Performance 20240822.csv,2026-01-26T14:50:25.701623,217.0
EF1CED1D392363F0,EXCELSIOR CARE GROUP,,2024-08,monthly,Percentage of facilities with an abuse icon,0.0,Affiliated Entity Performance 20240822.csv,2026-01-26T14:50:25.701623,217.0
EF1CED1D392363F0,EXCELSIOR CARE GROUP,,2024-08,monthly,Total amount of fines in dollars,586216.13,Affiliated Entity Performance 20240822.csv,2026-01-26T14:50:25.701623,217.0
EF1CED1D392363F0,EXCELSIOR CARE GROUP,,2024-08,monthly,Total number of fines,88.0,Affiliated Entity Performance 20240822.csv,2026-01-26T14:50:25.701623,217.0
EF1CED1D392363F0,EXCELSIOR CARE GROUP,,2024-08,monthly,Total number of payment denials,0.0,Affiliated Entity Performance 20240822.csv,2026-01-26T14:50:25.701623,217.0
EF1CED1D392363F0,EXCELSIOR CARE GROUP,,2024-09,monthly,Average Registered Nurse turnover percentage,51.6,Affiliated Entity Performance 20240925.csv,2026-01-26T14:50:26.365882,217.0
EF1CED1D392363F0,EXCELSIOR CARE GROUP,,2024-09,monthly,Average amount of fines in dollars,27771.06,Affiliated Entity Performance 20240925.csv,2026-01-26T14:50:26.365882,217.0
EF1CED1D392363F0,EXCELSIOR CARE GROUP,,2024-09,monthly,Average health inspection rating,2.8,Affiliated Entity Performance 20240925.csv,2026-01-26T14:50:26.365882,217.0
EF1CED1D392363F0,EXCELSIOR CARE GROUP,,2024-09,monthly,Average number of administrators who have left the nursing home,0.8,Affiliated Entity Performance 20240925.csv,2026-01-26T14:50:26.365882,217.0
EF1CED1D392363F0,EXCELSIOR CARE GROUP,,2024-09,monthly,Average number of fines,4.1,Affiliated Entity Performance 20240925.csv,2026-01-26T14:50:26.365882,217.0
EF1CED1D392363F0,EXCELSIOR CARE GROUP,,2024-09,monthly,"Average number of hospitalizations per 1,000 long-stay resident days",1.6,Affiliated Entity Performance 20240925.csv,2026-01-26T14:50:26.365882,217.0
EF1CED1D392363F0,EXCELSIOR CARE GROUP,,2024-09,monthly,"Average number of outpatient emergency department visits per 1,000 long-stay resident days",0.96,Affiliated Entity Performance 20240925.csv,2026-01-26T14:50:26.365882,217.0
EF1CED1D392363F0,EXCELSIOR CARE GROUP,,2024-09,monthly,Average number of payment denials,0.0,Affiliated Entity Performance 20240925.csv,2026-01-26T14:50:26.365882,217.0
EF1CED1D392363F0,EXCELSIOR CARE GROUP,,2024-09,monthly,Average overall 5-star rating,3.0,Affiliated Entity Performance 20240925.csv,2026-01-26T14:50:26.365882,217.0
EF1CED1D392363F0,EXCELSIOR CARE GROUP,,2024-09,monthly,Average percentage of current residents up to date with COVID-19 vaccines,20.2,Affiliated Entity Performance 20240925.csv,2026-01-26T14:50:26.365882,217.0
EF1CED1D392363F0,EXCELSIOR CARE GROUP,,2024-09,monthly,Average percentage of healthcare personnel up to date with COVID-19 vaccines,19.7,Affiliated Entity Performance 20240925.csv,2026-01-26T14:50:26.365882,217.0
EF1CED1D392363F0,EXCELSIOR CARE GROUP,,2024-09,monthly,Average percentage of long-stay high-risk residents with pressure ulcers,10.2,Affiliated Entity Performance 20240925.csv,2026-01-26T14:50:26.365882,217.0
EF1CED1D392363F0,EXCELSIOR CARE GROUP,,2024-09,monthly,Average percentage of long-stay low-risk residents who lose control of their bowels or bladder,42.6,Affiliated Entity Performance 20240925.csv,2026-01-26T14:50:26.365882,217.0
EF1CED1D392363F0,EXCELSIOR CARE GROUP,,2024-09,monthly,Average percentage of long-stay residents experiencing one or more falls with major injury,2.5,Affiliated Entity Performance 20240925.csv,2026-01-26T14:50:26.365882,217.0
EF1CED1D392363F0,EXCELSIOR CARE GROUP,,2024-09,monthly,Average percentage of long-stay residents who have or had a catheter inserted and left in their bladder,0.6,Affiliated Entity Performance 20240925.csv,2026-01-26T14:50:26.365882,217.0
EF1CED1D392363F0,EXCELSIOR CARE GROUP,,2024-09,monthly,Average percentage of long-stay residents who have symptoms of depression,19.6,Affiliated Entity Performance 20240925.csv,2026-01-26T14:50:26.365882,217.0
EF1CED1D392363F0,EXCELSIOR CARE GROUP,,2024-09,monthly,Average percentage of long-stay residents who lose too much weight,7.5,Affiliated Entity Performance 20240925.csv,2026-01-26T14:50:26.365882,217.0
EF1CED1D392363F0,EXCELSIOR CARE GROUP,,2024-09,monthly,Average percentage of long-stay residents who received an antipsychotic medication,10.8,Affiliated Entity Performance 20240925.csv,2026-01-26T14:50:26.365882,217.0
EF1CED1D392363F0,EXCELSIOR CARE GROUP,,2024-09,monthly,Average percentage of long-stay residents who used antianxiety or hypnotic medication,15.0,Affiliated Entity Performance 20240925.csv,2026-01-26T14:50:26.365882,217.0
EF1CED1D392363F0,EXCELSIOR CARE GROUP,,2024-09,monthly,Average percentage of long-stay residents who were assessed and appropriately given the pneumococcal vaccine,86.8,Affiliated Entity Performance 20240925.csv,2026-01-26T14:50:26.365882,217.0
EF1CED1D392363F0,EXCELSIOR CARE GROUP,,2024-09,monthly,Average percentage of long-stay residents who were assessed and appropriately given the seasonal influenza vaccine,93.7,Affiliated Entity Performance 20240925.csv,2026-01-26T14:50:26.365882,217.0
EF1CED1D392363F0,EXCELSIOR CARE GROUP,,2024-09,monthly,Average percentage of long-stay residents who were physically restrained,0.0,Affiliated Entity Performance 20240925.csv,2026-01-26T14:50:26.365882,217.0
EF1CED1D392363F0,EXCELSIOR CARE GROUP,,2024-09,monthly,Average percentage of long-stay residents whose ability to move independently worsened,13.6,Affiliated Entity Performance 20240925.csv,2026-01-26T14:50:26.365882,217.0
EF1CED1D392363F0,EXCELSIOR CARE GROUP,,2024-09,monthly,Average percentage of long-stay residents whose need for help with activities of daily living has increased,13.3,Affiliated Entity Performance 20240925.csv,2026-01-26T14:50:26.365882,217.0
EF1CED1D392363F0,EXCELSIOR CARE GROUP,,2024-09,monthly,Average percentage of long-stay residents with a urinary tract infection,0.8,Affiliated Entity Performance 20240925.csv,2026-01-26T14:50:26.365882,217.0
EF1CED1D392363F0,EXCELSIOR CARE GROUP,,2024-09,monthly,Average percentage of short-stay residents who have had an outpatient emergency department visit,8.7,Affiliated Entity Performance 20240925.csv,2026-01-26T14:50:26.365882,217.0
EF1CED1D392363F0,EXCELSIOR CARE GROUP,,2024-09,monthly,Average percentage of short-stay residents who made improvements in function,79.1,Affiliated Entity Performance 20240925.csv,2026-01-26T14:50:26.365882,217.0
EF1CED1D392363F0,EXCELSIOR CARE GROUP,,2024-09,monthly,Average percentage of short-stay residents who newly received an antipsychotic medication,1.6,Affiliated Entity Performance 20240925.csv,2026-01-26T14:50:26.365882,217.0
EF1CED1D392363F0,EXCELSIOR CARE GROUP,,2024-09,monthly,Average percentage of short-stay residents who were assessed and appropriately given the pneumococcal vaccine,70.0,Affiliated Entity Performance 20240925.csv,2026-01-26T14:50:26.365882,217.0
EF1CED1D392363F0,EXCELSIOR CARE GROUP,,2024-09,monthly,Average percentage of short-stay residents who were assessed and appropriately given the seasonal influenza vaccine,72.7,Affiliated Entity Performance 20240925.csv,2026-01-26T14:50:26.365882,217.0
EF1CED1D392363F0,EXCELSIOR CARE GROUP,,2024-09,monthly,Average percentage of short-stay residents who were re-hospitalized after a nursing home admission,20.8,Affiliated Entity Performance 20240925.csv,2026-01-26T14:50:26.365882,217.0
EF1CED1D392363F0,EXCELSIOR CARE GROUP,,2024-09,monthly,Average percentage of short-stay residents with pressure ulcers or pressure injuries that are new or worsened,1.6,Affiliated Entity Performance 20240925.csv,2026-01-26T14:50:26.365882,217.0
EF1CED1D392363F0,EXCELSIOR CARE GROUP,,2024-09,monthly,Average quality rating,4.1,Affiliated Entity Performance 20240925.csv,2026-01-26T14:50:26.365882,217.0
EF1CED1D392363F0,EXCELSIOR CARE GROUP,,2024-09,monthly,Average rate of potentially preventable hospital readmissions 30 days after discharge from a SNF,10.5,Affiliated Entity Performance 20240925.csv,2026-01-26T14:50:26.365882,217.0
EF1CED1D392363F0,EXCELSIOR CARE GROUP,,2024-09,monthly,Average staffing rating,2.1,Affiliated Entity Performance 20240925.csv,2026-01-26T14:50:26.365882,217.0
EF1CED1D392363F0,EXCELSIOR CARE GROUP,,2024-09,monthly,Average total Registered Nurse hours per resident day,0.5,Affiliated Entity Performance 20240925.csv,2026-01-26T14:50:26.365882,217.0
EF1CED1D392363F0,EXCELSIOR CARE GROUP,,2024-09,monthly,Average total nurse hours per resident day,3.2,Affiliated Entity Performance 20240925.csv,2026-01-26T14:50:26.365882,217.0
EF1CED1D392363F0,EXCELSIOR CARE GROUP,,2024-09,monthly,Average total nursing staff turnover percentage,39.9,Affiliated Entity Performance 20240925.csv,2026-01-26T14:50:26.365882,217.0
EF1CED1D392363F0,EXCELSIOR CARE GROUP,,2024-09,monthly,Average total weekend nurse hours per resident day,2.9,Affiliated Entity Performance 20240925.csv,2026-01-26T14:50:26.365882,217.0
EF1CED1D392363F0,EXCELSIOR CARE GROUP,,2024-09,monthly,Number of SFF candidates,0.0,Affiliated Entity Performance 20240925.csv,2026-01-26T14:50:26.363873,217.0
EF1CED1D392363F0,EXCELSIOR CARE GROUP,,2024-09,monthly,Number of Special Focus Facilities (SFF),0.0,Affiliated Entity Performance 20240925.csv,2026-01-26T14:50:26.363873,217.0
EF1CED1D392363F0,EXCELSIOR CARE GROUP,,2024-09,monthly,Number of facilities,21.0,Affiliated Entity Performance 20240925.csv,2026-01-26T14:50:26.363873,217.0
EF1CED1D392363F0,EXCELSIOR CARE GROUP,,2024-09,monthly,Number of facilities with an abuse icon,0.0,Affiliated Entity Performance 20240925.csv,2026-01-26T14:50:26.363873,217.0
EF1CED1D392363F0,EXCELSIOR CARE GROUP,,2024-09,monthly,Number of states and territories with operations,3.0,Affiliated Entity Performance 20240925.csv,2026-01-26T14:50:26.363873,217.0
EF1CED1D392363F0,EXCELSIOR CARE GROUP,,2024-09,monthly,Percent of facilities classified as for-profit,100.0,Affiliated Entity Performance 20240925.csv,2026-01-26T14:50:26.363873,217.0
EF1CED1D392363F0,EXCELSIOR CARE GROUP,,2024-09,monthly,Percent of facilities classified as government-owned,0.0,Affiliated Entity Performance 20240925.csv,2026-01-26T14:50:26.365882,217.0
EF1CED1D392363F0,EXCELSIOR CARE GROUP,,2024-09,monthly,Percent of facilities classified as non-profit,0.0,Affiliated Entity Performance 20240925.csv,2026-01-26T14:50:26.365882,217.0
EF1CED1D392363F0,EXCELSIOR CARE GROUP,,2024-09,monthly,Percentage of facilities with an abuse icon,0.0,Affiliated Entity Performance 20240925.csv,2026-01-26T14:50:26.363873,217.0
EF1CED1D392363F0,EXCELSIOR CARE GROUP,,2024-09,monthly,Total amount of fines in dollars,583192.33,Affiliated Entity Performance 20240925.csv,2026-01-26T14:50:26.365882,217.0
EF1CED1D392363F0,EXCELSIOR CARE GROUP,,2024-09,monthly,Total number of fines,87.0,Affiliated Entity Performance 20240925.csv,2026-01-26T14:50:26.365882,217.0
EF1CED1D392363F0,EXCELSIOR CARE GROUP,,2024-09,monthly,Total number of payment denials,0.0,Affiliated Entity Performance 20240925.csv,2026-01-26T14:50:26.365882,217.0
EF1CED1D392363F0,EXCELSIOR CARE GROUP,,2024-10,monthly,Average Registered Nurse turnover percentage,53.6,Affiliated Entity Performance 20241030.csv,2026-01-26T14:50:26.783473,217.0
EF1CED1D392363F0,EXCELSIOR CARE GROUP,,2024-10,monthly,Average amount of fines in dollars,26183.74,Affiliated Entity Performance 20241030.csv,2026-01-26T14:50:26.783473,217.0
EF1CED1D392363F0,EXCELSIOR CARE GROUP,,2024-10,monthly,Average health inspection rating,2.8,Affiliated Entity Performance 20241030.csv,2026-01-26T14:50:26.783473,217.0
EF1CED1D392363F0,EXCELSIOR CARE GROUP,,2024-10,monthly,Average number of administrators who have left the nursing home,1.2,Affiliated Entity Performance 20241030.csv,2026-01-26T14:50:26.783473,217.0
EF1CED1D392363F0,EXCELSIOR CARE GROUP,,2024-10,monthly,Average number of fines,3.8,Affiliated Entity Performance 20241030.csv,2026-01-26T14:50:26.783473,217.0
EF1CED1D392363F0,EXCELSIOR CARE GROUP,,2024-10,monthly,"Average number of hospitalizations per 1,000 long-stay resident days",1.51,Affiliated Entity Performance 20241030.csv,2026-01-26T14:50:26.783473,217.0
EF1CED1D392363F0,EXCELSIOR CARE GROUP,,2024-10,monthly,"Average number of outpatient emergency department visits per 1,000 long-stay resident days",0.82,Affiliated Entity Performance 20241030.csv,2026-01-26T14:50:26.783473,217.0
EF1CED1D392363F0,EXCELSIOR CARE GROUP,,2024-10,monthly,Average number of payment denials,0.0,Affiliated Entity Performance 20241030.csv,2026-01-26T14:50:26.783473,217.0
EF1CED1D392363F0,EXCELSIOR CARE GROUP,,2024-10,monthly,Average overall 5-star rating,3.1,Affiliated Entity Performance 20241030.csv,2026-01-26T14:50:26.783473,217.0
EF1CED1D392363F0,EXCELSIOR CARE GROUP,,2024-10,monthly,Average percentage of current residents up to date with COVID-19 vaccines,7.4,Affiliated Entity Performance 20241030.csv,2026-01-26T14:50:26.783473,217.0
EF1CED1D392363F0,EXCELSIOR CARE GROUP,,2024-10,monthly,Average percentage of healthcare personnel up to date with COVID-19 vaccines,9.2,Affiliated Entity Performance 20241030.csv,2026-01-26T14:50:26.783473,217.0
EF1CED1D392363F0,EXCELSIOR CARE GROUP,,2024-10,monthly,Average percentage of long-stay high-risk residents with pressure ulcers,10.3,Affiliated Entity Performance 20241030.csv,2026-01-26T14:50:26.783473,217.0
EF1CED1D392363F0,EXCELSIOR CARE GROUP,,2024-10,monthly,Average percentage of long-stay low-risk residents who lose control of their bowels or bladder,44.4,Affiliated Entity Performance 20241030.csv,2026-01-26T14:50:26.783473,217.0
EF1CED1D392363F0,EXCELSIOR CARE GROUP,,2024-10,monthly,Average percentage of long-stay residents experiencing one or more falls with major injury,2.4,Affiliated Entity Performance 20241030.csv,2026-01-26T14:50:26.783473,217.0
EF1CED1D392363F0,EXCELSIOR CARE GROUP,,2024-10,monthly,Average percentage of long-stay residents who have or had a catheter inserted and left in their bladder,0.4,Affiliated Entity Performance 20241030.csv,2026-01-26T14:50:26.783473,217.0
EF1CED1D392363F0,EXCELSIOR CARE GROUP,,2024-10,monthly,Average percentage of long-stay residents who have symptoms of depression,19.3,Affiliated Entity Performance 20241030.csv,2026-01-26T14:50:26.783473,217.0
EF1CED1D392363F0,EXCELSIOR CARE GROUP,,2024-10,monthly,Average percentage of long-stay residents who lose too much weight,7.4,Affiliated Entity Performance 20241030.csv,2026-01-26T14:50:26.783473,217.0
EF1CED1D392363F0,EXCELSIOR CARE GROUP,,2024-10,monthly,Average percentage of long-stay residents who received an antipsychotic medication,11.7,Affiliated Entity Performance 20241030.csv,2026-01-26T14:50:26.783473,217.0
EF1CED1D392363F0,EXCELSIOR CARE GROUP,,2024-10,monthly,Average percentage of long-stay residents who used antianxiety or hypnotic medication,15.1,Affiliated Entity Performance 20241030.csv,2026-01-26T14:50:26.783473,217.0
EF1CED1D392363F0,EXCELSIOR CARE GROUP,,2024-10,monthly,Average percentage of long-stay residents who were assessed and appropriately given the pneumococcal vaccine,89.0,Affiliated Entity Performance 20241030.csv,2026-01-26T14:50:26.783473,217.0
EF1CED1D392363F0,EXCELSIOR CARE GROUP,,2024-10,monthly,Average percentage of long-stay residents who were assessed and appropriately given the seasonal influenza vaccine,94.9,Affiliated Entity Performance 20241030.csv,2026-01-26T14:50:26.783473,217.0
EF1CED1D392363F0,EXCELSIOR CARE GROUP,,2024-10,monthly,Average percentage of long-stay residents who were physically restrained,0.0,Affiliated Entity Performance 20241030.csv,2026-01-26T14:50:26.783473,217.0
EF1CED1D392363F0,EXCELSIOR CARE GROUP,,2024-10,monthly,Average percentage of long-stay residents whose ability to move independently worsened,13.3,Affiliated Entity Performance 20241030.csv,2026-01-26T14:50:26.783473,217.0
EF1CED1D392363F0,EXCELSIOR CARE GROUP,,2024-10,monthly,Average percentage of long-stay residents whose need for help with activities of daily living has increased,12.9,Affiliated Entity Performance 20241030.csv,2026-01-26T14:50:26.783473,217.0
EF1CED1D392363F0,EXCELSIOR CARE GROUP,,2024-10,monthly,Average percentage of long-stay residents with a urinary tract infection,0.7,Affiliated Entity Performance 20241030.csv,2026-01-26T14:50:26.783473,217.0
EF1CED1D392363F0,EXCELSIOR CARE GROUP,,2024-10,monthly,Average percentage of short-stay residents who have had an outpatient emergency department visit,8.1,Affiliated Entity Performance 20241030.csv,2026-01-26T14:50:26.783473,217.0
EF1CED1D392363F0,EXCELSIOR CARE GROUP,,2024-10,monthly,Average percentage of short-stay residents who made improvements in function,78.9,Affiliated Entity Performance 20241030.csv,2026-01-26T14:50:26.783473,217.0
EF1CED1D392363F0,EXCELSIOR CARE GROUP,,2024-10,monthly,Average percentage of short-stay residents who newly received an antipsychotic medication,1.6,Affiliated Entity Performance 20241030.csv,2026-01-26T14:50:26.783473,217.0
EF1CED1D392363F0,EXCELSIOR CARE GROUP,,2024-10,monthly,Average percentage of short-stay residents who were assessed and appropriately given the pneumococcal vaccine,74.5,Affiliated Entity Performance 20241030.csv,2026-01-26T14:50:26.783473,217.0
EF1CED1D392363F0,EXCELSIOR CARE GROUP,,2024-10,monthly,Average percentage of short-stay residents who were assessed and appropriately given the seasonal influenza vaccine,75.7,Affiliated Entity Performance 20241030.csv,2026-01-26T14:50:26.783473,217.0
EF1CED1D392363F0,EXCELSIOR CARE GROUP,,2024-10,monthly,Average percentage of short-stay residents who were re-hospitalized after a nursing home admission,20.3,Affiliated Entity Performance 20241030.csv,2026-01-26T14:50:26.783473,217.0
EF1CED1D392363F0,EXCELSIOR CARE GROUP,,2024-10,monthly,Average percentage of short-stay residents with pressure ulcers or pressure injuries that are new or worsened,1.6,Affiliated Entity Performance 20241030.csv,2026-01-26T14:50:26.783473,217.0
EF1CED1D392363F0,EXCELSIOR CARE GROUP,,2024-10,monthly,Average quality rating,4.2,Affiliated Entity Performance 20241030.csv,2026-01-26T14:50:26.783473,217.0
EF1CED1D392363F0,EXCELSIOR CARE GROUP,,2024-10,monthly,Average rate of potentially preventable hospital readmissions 30 days after discharge from a SNF,10.5,Affiliated Entity Performance 20241030.csv,2026-01-26T14:50:26.783473,217.0
EF1CED1D392363F0,EXCELSIOR CARE GROUP,,2024-10,monthly,Average staffing rating,2.0,Affiliated Entity Performance 20241030.csv,2026-01-26T14:50:26.783473,217.0
EF1CED1D392363F0,EXCELSIOR CARE GROUP,,2024-10,monthly,Average total Registered Nurse hours per resident day,0.5,Affiliated Entity Performance 20241030.csv,2026-01-26T14:50:26.783473,217.0
EF1CED1D392363F0,EXCELSIOR CARE GROUP,,2024-10,monthly,Average total nurse hours per resident day,3.3,Affiliated Entity Performance 20241030.csv,2026-01-26T14:50:26.783473,217.0
EF1CED1D392363F0,EXCELSIOR CARE GROUP,,2024-10,monthly,Average total nursing staff turnover percentage,44.1,Affiliated Entity Performance 20241030.csv,2026-01-26T14:50:26.783473,217.0
EF1CED1D392363F0,EXCELSIOR CARE GROUP,,2024-10,monthly,Average total weekend nurse hours per resident day,3.0,Affiliated Entity Performance 20241030.csv,2026-01-26T14:50:26.783473,217.0
EF1CED1D392363F0,EXCELSIOR CARE GROUP,,2024-10,monthly,Number of SFF candidates,0.0,Affiliated Entity Performance 20241030.csv,2026-01-26T14:50:26.783473,217.0
EF1CED1D392363F0,EXCELSIOR CARE GROUP,,2024-10,monthly,Number of Special Focus Facilities (SFF),0.0,Affiliated Entity Performance 20241030.csv,2026-01-26T14:50:26.783473,217.0
EF1CED1D392363F0,EXCELSIOR CARE GROUP,,2024-10,monthly,Number of facilities,22.0,Affiliated Entity Performance 20241030.csv,2026-01-26T14:50:26.783473,217.0
EF1CED1D392363F0,EXCELSIOR CARE GROUP,,2024-10,monthly,Number of facilities with an abuse icon,0.0,Affiliated Entity Performance 20241030.csv,2026-01-26T14:50:26.783473,217.0
EF1CED1D392363F0,EXCELSIOR CARE GROUP,,2024-10,monthly,Number of states and territories with operations,3.0,Affiliated Entity Performance 20241030.csv,2026-01-26T14:50:26.783473,217.0
EF1CED1D392363F0,EXCELSIOR CARE GROUP,,2024-10,monthly,Percent of facilities classified as for-profit,100.0,Affiliated Entity Performance 20241030.csv,2026-01-26T14:50:26.783473,217.0
EF1CED1D392363F0,EXCELSIOR CARE GROUP,,2024-10,monthly,Percent of facilities classified as government-owned,0.0,Affiliated Entity Performance 20241030.csv,2026-01-26T14:50:26.783473,217.0
EF1CED1D392363F0,EXCELSIOR CARE GROUP,,2024-10,monthly,Percent of facilities classified as non-profit,0.0,Affiliated Entity Performance 20241030.csv,2026-01-26T14:50:26.783473,217.0
EF1CED1D392363F0,EXCELSIOR CARE GROUP,,2024-10,monthly,Percentage of facilities with an abuse icon,0.0,Affiliated Entity Performance 20241030.csv,2026-01-26T14:50:26.783473,217.0
EF1CED1D392363F0,EXCELSIOR CARE GROUP,,2024-10,monthly,Total amount of fines in dollars,576042.33,Affiliated Entity Performance 20241030.csv,2026-01-26T14:50:26.783473,217.0
EF1CED1D392363F0,EXCELSIOR CARE GROUP,,2024-10,monthly,Total number of fines,84.0,Affiliated Entity Performance 20241030.csv,2026-01-26T14:50:26.783473,217.0
EF1CED1D392363F0,EXCELSIOR CARE GROUP,,2024-10,monthly,Total number of payment denials,0.0,Affiliated Entity Performance 20241030.csv,2026-01-26T14:50:26.783473,217.0
EF1CED1D392363F0,EXCELSIOR CARE GROUP,,2024-11,monthly,Average Registered Nurse turnover percentage,53.6,Affiliated Entity Performance 20241126.csv,2026-01-26T14:50:27.394010,217.0
EF1CED1D392363F0,EXCELSIOR CARE GROUP,,2024-11,monthly,Average amount of fines in dollars,26183.74,Affiliated Entity Performance 20241126.csv,2026-01-26T14:50:27.394010,217.0
EF1CED1D392363F0,EXCELSIOR CARE GROUP,,2024-11,monthly,Average health inspection rating,2.7,Affiliated Entity Performance 20241126.csv,2026-01-26T14:50:27.394010,217.0
EF1CED1D392363F0,EXCELSIOR CARE GROUP,,2024-11,monthly,Average number of administrators who have left the nursing home,1.2,Affiliated Entity Performance 20241126.csv,2026-01-26T14:50:27.394010,217.0
EF1CED1D392363F0,EXCELSIOR CARE GROUP,,2024-11,monthly,Average number of fines,3.8,Affiliated Entity Performance 20241126.csv,2026-01-26T14:50:27.394010,217.0
EF1CED1D392363F0,EXCELSIOR CARE GROUP,,2024-11,monthly,"Average number of hospitalizations per 1,000 long-stay resident days",1.51,Affiliated Entity Performance 20241126.csv,2026-01-26T14:50:27.394010,217.0
EF1CED1D392363F0,EXCELSIOR CARE GROUP,,2024-11,monthly,"Average number of outpatient emergency department visits per 1,000 long-stay resident days",0.82,Affiliated Entity Performance 20241126.csv,2026-01-26T14:50:27.394010,217.0
EF1CED1D392363F0,EXCELSIOR CARE GROUP,,2024-11,monthly,Average number of payment denials,0.0,Affiliated Entity Performance 20241126.csv,2026-01-26T14:50:27.394010,217.0
EF1CED1D392363F0,EXCELSIOR CARE GROUP,,2024-11,monthly,Average overall 5-star rating,3.1,Affiliated Entity Performance 20241126.csv,2026-01-26T14:50:27.394010,217.0
EF1CED1D392363F0,EXCELSIOR CARE GROUP,,2024-11,monthly,Average percentage of current residents up to date with COVID-19 vaccines,12.7,Affiliated Entity Performance 20241126.csv,2026-01-26T14:50:27.394010,217.0
EF1CED1D392363F0,EXCELSIOR CARE GROUP,,2024-11,monthly,Average percentage of healthcare personnel up to date with COVID-19 vaccines,10.3,Affiliated Entity Performance 20241126.csv,2026-01-26T14:50:27.394010,217.0
EF1CED1D392363F0,EXCELSIOR CARE GROUP,,2024-11,monthly,Average percentage of long-stay high-risk residents with pressure ulcers,10.3,Affiliated Entity Performance 20241126.csv,2026-01-26T14:50:27.394010,217.0
EF1CED1D392363F0,EXCELSIOR CARE GROUP,,2024-11,monthly,Average percentage of long-stay low-risk residents who lose control of their bowels or bladder,44.4,Affiliated Entity Performance 20241126.csv,2026-01-26T14:50:27.394010,217.0
EF1CED1D392363F0,EXCELSIOR CARE GROUP,,2024-11,monthly,Average percentage of long-stay residents experiencing one or more falls with major injury,2.4,Affiliated Entity Performance 20241126.csv,2026-01-26T14:50:27.394010,217.0
EF1CED1D392363F0,EXCELSIOR CARE GROUP,,2024-11,monthly,Average percentage of long-stay residents who have or had a catheter inserted and left in their bladder,0.4,Affiliated Entity Performance 20241126.csv,2026-01-26T14:50:27.394010,217.0
EF1CED1D392363F0,EXCELSIOR CARE GROUP,,2024-11,monthly,Average percentage of long-stay residents who have symptoms of depression,19.3,Affiliated Entity Performance 20241126.csv,2026-01-26T14:50:27.394010,217.0
EF1CED1D392363F0,EXCELSIOR CARE GROUP,,2024-11,monthly,Average percentage of long-stay residents who lose too much weight,7.4,Affiliated Entity Performance 20241126.csv,2026-01-26T14:50:27.394010,217.0
EF1CED1D392363F0,EXCELSIOR CARE GROUP,,2024-11,monthly,Average percentage of long-stay residents who received an antipsychotic medication,11.7,Affiliated Entity Performance 20241126.csv,2026-01-26T14:50:27.394010,217.0
EF1CED1D392363F0,EXCELSIOR CARE GROUP,,2024-11,monthly,Average percentage of long-stay residents who used antianxiety or hypnotic medication,15.1,Affiliated Entity Performance 20241126.csv,2026-01-26T14:50:27.394010,217.0
EF1CED1D392363F0,EXCELSIOR CARE GROUP,,2024-11,monthly,Average percentage of long-stay residents who were assessed and appropriately given the pneumococcal vaccine,89.0,Affiliated Entity Performance 20241126.csv,2026-01-26T14:50:27.394010,217.0
EF1CED1D392363F0,EXCELSIOR CARE GROUP,,2024-11,monthly,Average percentage of long-stay residents who were assessed and appropriately given the seasonal influenza vaccine,94.9,Affiliated Entity Performance 20241126.csv,2026-01-26T14:50:27.394010,217.0
EF1CED1D392363F0,EXCELSIOR CARE GROUP,,2024-11,monthly,Average percentage of long-stay residents who were physically restrained,0.0,Affiliated Entity Performance 20241126.csv,2026-01-26T14:50:27.394010,217.0
EF1CED1D392363F0,EXCELSIOR CARE GROUP,,2024-11,monthly,Average percentage of long-stay residents whose ability to move independently worsened,13.3,Affiliated Entity Performance 20241126.csv,2026-01-26T14:50:27.394010,217.0
EF1CED1D392363F0,EXCELSIOR CARE GROUP,,2024-11,monthly,Average percentage of long-stay residents whose need for help with activities of daily living has increased,12.9,Affiliated Entity Performance 20241126.csv,2026-01-26T14:50:27.394010,217.0
EF1CED1D392363F0,EXCELSIOR CARE GROUP,,2024-11,monthly,Average percentage of long-stay residents with a urinary tract infection,0.7,Affiliated Entity Performance 20241126.csv,2026-01-26T14:50:27.394010,217.0
EF1CED1D392363F0,EXCELSIOR CARE GROUP,,2024-11,monthly,Average percentage of short-stay residents who have had an outpatient emergency department visit,8.1,Affiliated Entity Performance 20241126.csv,2026-01-26T14:50:27.394010,217.0
EF1CED1D392363F0,EXCELSIOR CARE GROUP,,2024-11,monthly,Average percentage of short-stay residents who made improvements in function,78.9,Affiliated Entity Performance 20241126.csv,2026-01-26T14:50:27.394010,217.0
EF1CED1D392363F0,EXCELSIOR CARE GROUP,,2024-11,monthly,Average percentage of short-stay residents who newly received an antipsychotic medication,1.6,Affiliated Entity Performance 20241126.csv,2026-01-26T14:50:27.394010,217.0
EF1CED1D392363F0,EXCELSIOR CARE GROUP,,2024-11,monthly,Average percentage of short-stay residents who were assessed and appropriately given the pneumococcal vaccine,74.5,Affiliated Entity Performance 20241126.csv,2026-01-26T14:50:27.394010,217.0
EF1CED1D392363F0,EXCELSIOR CARE GROUP,,2024-11,monthly,Average percentage of short-stay residents who were assessed and appropriately given the seasonal influenza vaccine,75.7,Affiliated Entity Performance 20241126.csv,2026-01-26T14:50:27.394010,217.0
EF1CED1D392363F0,EXCELSIOR CARE GROUP,,2024-11,monthly,Average percentage of short-stay residents who were re-hospitalized after a nursing home admission,20.3,Affiliated Entity Performance 20241126.csv,2026-01-26T14:50:27.394010,217.0
EF1CED1D392363F0,EXCELSIOR CARE GROUP,,2024-11,monthly,Average percentage of short-stay residents with pressure ulcers or pressure injuries that are new or worsened,1.6,Affiliated Entity Performance 20241126.csv,2026-01-26T14:50:27.394010,217.0
EF1CED1D392363F0,EXCELSIOR CARE GROUP,,2024-11,monthly,Average quality rating,4.2,Affiliated Entity Performance 20241126.csv,2026-01-26T14:50:27.394010,217.0
EF1CED1D392363F0,EXCELSIOR CARE GROUP,,2024-11,monthly,Average rate of potentially preventable hospital readmissions 30 days after discharge from a SNF,10.5,Affiliated Entity Performance 20241126.csv,2026-01-26T14:50:27.394010,217.0
EF1CED1D392363F0,EXCELSIOR CARE GROUP,,2024-11,monthly,Average staffing rating,2.0,Affiliated Entity Performance 20241126.csv,2026-01-26T14:50:27.394010,217.0
EF1CED1D392363F0,EXCELSIOR CARE GROUP,,2024-11,monthly,Average total Registered Nurse hours per resident day,0.5,Affiliated Entity Performance 20241126.csv,2026-01-26T14:50:27.394010,217.0
EF1CED1D392363F0,EXCELSIOR CARE GROUP,,2024-11,monthly,Average total nurse hours per resident day,3.3,Affiliated Entity Performance 20241126.csv,2026-01-26T14:50:27.394010,217.0
EF1CED1D392363F0,EXCELSIOR CARE GROUP,,2024-11,monthly,Average total nursing staff turnover percentage,44.1,Affiliated Entity Performance 20241126.csv,2026-01-26T14:50:27.394010,217.0
EF1CED1D392363F0,EXCELSIOR CARE GROUP,,2024-11,monthly,Average total weekend nurse hours per resident day,3.0,Affiliated Entity Performance 20241126.csv,2026-01-26T14:50:27.394010,217.0
EF1CED1D392363F0,EXCELSIOR CARE GROUP,,2024-11,monthly,Number of SFF candidates,0.0,Affiliated Entity Performance 20241126.csv,2026-01-26T14:50:27.394010,217.0
EF1CED1D392363F0,EXCELSIOR CARE GROUP,,2024-11,monthly,Number of Special Focus Facilities (SFF),0.0,Affiliated Entity Performance 20241126.csv,2026-01-26T14:50:27.394010,217.0
EF1CED1D392363F0,EXCELSIOR CARE GROUP,,2024-11,monthly,Number of facilities,22.0,Affiliated Entity Performance 20241126.csv,2026-01-26T14:50:27.394010,217.0
EF1CED1D392363F0,EXCELSIOR CARE GROUP,,2024-11,monthly,Number of facilities with an abuse icon,0.0,Affiliated Entity Performance 20241126.csv,2026-01-26T14:50:27.394010,217.0
EF1CED1D392363F0,EXCELSIOR CARE GROUP,,2024-11,monthly,Number of states and territories with operations,3.0,Affiliated Entity Performance 20241126.csv,2026-01-26T14:50:27.394010,217.0
EF1CED1D392363F0,EXCELSIOR CARE GROUP,,2024-11,monthly,Percent of facilities classified as for-profit,100.0,Affiliated Entity Performance 20241126.csv,2026-01-26T14:50:27.394010,217.0
EF1CED1D392363F0,EXCELSIOR CARE GROUP,,2024-11,monthly,Percent of facilities classified as government-owned,0.0,Affiliated Entity Performance 20241126.csv,2026-01-26T14:50:27.394010,217.0
EF1CED1D392363F0,EXCELSIOR CARE GROUP,,2024-11,monthly,Percent of facilities classified as non-profit,0.0,Affiliated Entity Performance 20241126.csv,2026-01-26T14:50:27.394010,217.0
EF1CED1D392363F0,EXCELSIOR CARE GROUP,,2024-11,monthly,Percentage of facilities with an abuse icon,0.0,Affiliated Entity Performance 20241126.csv,2026-01-26T14:50:27.394010,217.0
EF1CED1D392363F0,EXCELSIOR CARE GROUP,,2024-11,monthly,Total amount of fines in dollars,576042.33,Affiliated Entity Performance 20241126.csv,2026-01-26T14:50:27.394010,217.0
EF1CED1D392363F0,EXCELSIOR CARE GROUP,,2024-11,monthly,Total number of fines,84.0,Affiliated Entity Performance 20241126.csv,2026-01-26T14:50:27.394010,217.0
EF1CED1D392363F0,EXCELSIOR CARE GROUP,,2024-11,monthly,Total number of payment denials,0.0,Affiliated Entity Performance 20241126.csv,2026-01-26T14:50:27.394010,217.0
EF1CED1D392363F0,EXCELSIOR CARE GROUP,,2025-01,monthly,Average Registered Nurse turnover percentage,50.2,Affiliated Entity Performance 20250121.csv,2026-01-26T14:50:27.910063,217.0
EF1CED1D392363F0,EXCELSIOR CARE GROUP,,2025-01,monthly,Average amount of fines in dollars,25829.2,Affiliated Entity Performance 20250121.csv,2026-01-26T14:50:27.910063,217.0
EF1CED1D392363F0,EXCELSIOR CARE GROUP,,2025-01,monthly,Average health inspection rating,2.7,Affiliated Entity Performance 20250121.csv,2026-01-26T14:50:27.910063,217.0
EF1CED1D392363F0,EXCELSIOR CARE GROUP,,2025-01,monthly,Average number of administrators who have left the nursing home,1.2,Affiliated Entity Performance 20250121.csv,2026-01-26T14:50:27.910063,217.0
EF1CED1D392363F0,EXCELSIOR CARE GROUP,,2025-01,monthly,Average number of fines,3.6,Affiliated Entity Performance 20250121.csv,2026-01-26T14:50:27.910063,217.0
EF1CED1D392363F0,EXCELSIOR CARE GROUP,,2025-01,monthly,"Average number of hospitalizations per 1,000 long-stay resident days",1.64,Affiliated Entity Performance 20250121.csv,2026-01-26T14:50:27.910063,217.0
EF1CED1D392363F0,EXCELSIOR CARE GROUP,,2025-01,monthly,"Average number of outpatient emergency department visits per 1,000 long-stay resident days",0.99,Affiliated Entity Performance 20250121.csv,2026-01-26T14:50:27.910063,217.0
EF1CED1D392363F0,EXCELSIOR CARE GROUP,,2025-01,monthly,Average number of payment denials,0.0,Affiliated Entity Performance 20250121.csv,2026-01-26T14:50:27.910063,217.0
EF1CED1D392363F0,EXCELSIOR CARE GROUP,,2025-01,monthly,Average overall 5-star rating,2.9,Affiliated Entity Performance 20250121.csv,2026-01-26T14:50:27.910063,217.0
EF1CED1D392363F0,EXCELSIOR CARE GROUP,,2025-01,monthly,Average percentage of current residents up to date with COVID-19 vaccines,19.0,Affiliated Entity Performance 20250121.csv,2026-01-26T14:50:27.910063,217.0
EF1CED1D392363F0,EXCELSIOR CARE GROUP,,2025-01,monthly,Average percentage of healthcare personnel up to date with COVID-19 vaccines,9.1,Affiliated Entity Performance 20250121.csv,2026-01-26T14:50:27.910063,217.0
EF1CED1D392363F0,EXCELSIOR CARE GROUP,,2025-01,monthly,Average percentage of long-stay residents experiencing one or more falls with major injury,2.0,Affiliated Entity Performance 20250121.csv,2026-01-26T14:50:27.910063,217.0
EF1CED1D392363F0,EXCELSIOR CARE GROUP,,2025-01,monthly,Average percentage of long-stay residents who have or had a catheter inserted and left in their bladder,0.3,Affiliated Entity Performance 20250121.csv,2026-01-26T14:50:27.910063,217.0
EF1CED1D392363F0,EXCELSIOR CARE GROUP,,2025-01,monthly,Average percentage of long-stay residents who have symptoms of depression,23.8,Affiliated Entity Performance 20250121.csv,2026-01-26T14:50:27.910063,217.0
EF1CED1D392363F0,EXCELSIOR CARE GROUP,,2025-01,monthly,Average percentage of long-stay residents who lose too much weight,7.1,Affiliated Entity Performance 20250121.csv,2026-01-26T14:50:27.910063,217.0
EF1CED1D392363F0,EXCELSIOR CARE GROUP,,2025-01,monthly,Average percentage of long-stay residents who received an antipsychotic medication,11.2,Affiliated Entity Performance 20250121.csv,2026-01-26T14:50:27.910063,217.0
EF1CED1D392363F0,EXCELSIOR CARE GROUP,,2025-01,monthly,Average percentage of long-stay residents who used antianxiety or hypnotic medication,15.6,Affiliated Entity Performance 20250121.csv,2026-01-26T14:50:27.910063,217.0
EF1CED1D392363F0,EXCELSIOR CARE GROUP,,2025-01,monthly,Average percentage of long-stay residents who were assessed and appropriately given the pneumococcal vaccine,91.3,Affiliated Entity Performance 20250121.csv,2026-01-26T14:50:27.910063,217.0
EF1CED1D392363F0,EXCELSIOR CARE GROUP,,2025-01,monthly,Average percentage of long-stay residents who were assessed and appropriately given the seasonal influenza vaccine,96.0,Affiliated Entity Performance 20250121.csv,2026-01-26T14:50:27.910063,217.0
EF1CED1D392363F0,EXCELSIOR CARE GROUP,,2025-01,monthly,Average percentage of long-stay residents who were physically restrained,0.0,Affiliated Entity Performance 20250121.csv,2026-01-26T14:50:27.910063,217.0
EF1CED1D392363F0,EXCELSIOR CARE GROUP,,2025-01,monthly,Average percentage of long-stay residents whose ability to move independently worsened,14.1,Affiliated Entity Performance 20250121.csv,2026-01-26T14:50:27.910063,217.0
EF1CED1D392363F0,EXCELSIOR CARE GROUP,,2025-01,monthly,Average percentage of long-stay residents whose need for help with activities of daily living has increased,12.4,Affiliated Entity Performance 20250121.csv,2026-01-26T14:50:27.910063,217.0
EF1CED1D392363F0,EXCELSIOR CARE GROUP,,2025-01,monthly,Average percentage of long-stay residents with a urinary tract infection,0.5,Affiliated Entity Performance 20250121.csv,2026-01-26T14:50:27.910063,217.0
EF1CED1D392363F0,EXCELSIOR CARE GROUP,,2025-01,monthly,Average percentage of long-stay residents with new or worsened bowel or bladder incontinence,9.9,Affiliated Entity Performance 20250121.csv,2026-01-26T14:50:27.910063,217.0
EF1CED1D392363F0,EXCELSIOR CARE GROUP,,2025-01,monthly,Average percentage of long-stay residents with pressure ulcers,7.9,Affiliated Entity Performance 20250121.csv,2026-01-26T14:50:27.910063,217.0
EF1CED1D392363F0,EXCELSIOR CARE GROUP,,2025-01,monthly,Average percentage of short-stay residents who are at or above an expected ability to care for themselves and move around at discharge,51.5,Affiliated Entity Performance 20250121.csv,2026-01-26T14:50:27.910063,217.0
EF1CED1D392363F0,EXCELSIOR CARE GROUP,,2025-01,monthly,Average percentage of short-stay residents who have had an outpatient emergency department visit,7.5,Affiliated Entity Performance 20250121.csv,2026-01-26T14:50:27.910063,217.0
EF1CED1D392363F0,EXCELSIOR CARE GROUP,,2025-01,monthly,Average percentage of short-stay residents who newly received an antipsychotic medication,1.7,Affiliated Entity Performance 20250121.csv,2026-01-26T14:50:27.910063,217.0
EF1CED1D392363F0,EXCELSIOR CARE GROUP,,2025-01,monthly,Average percentage of short-stay residents who were assessed and appropriately given the pneumococcal vaccine,77.6,Affiliated Entity Performance 20250121.csv,2026-01-26T14:50:27.910063,217.0
EF1CED1D392363F0,EXCELSIOR CARE GROUP,,2025-01,monthly,Average percentage of short-stay residents who were assessed and appropriately given the seasonal influenza vaccine,78.0,Affiliated Entity Performance 20250121.csv,2026-01-26T14:50:27.910063,217.0
EF1CED1D392363F0,EXCELSIOR CARE GROUP,,2025-01,monthly,Average percentage of short-stay residents who were re-hospitalized after a nursing home admission,24.7,Affiliated Entity Performance 20250121.csv,2026-01-26T14:50:27.910063,217.0
EF1CED1D392363F0,EXCELSIOR CARE GROUP,,2025-01,monthly,Average percentage of short-stay residents with pressure ulcers or pressure injuries that are new or worsened,1.9,Affiliated Entity Performance 20250121.csv,2026-01-26T14:50:27.910063,217.0
EF1CED1D392363F0,EXCELSIOR CARE GROUP,,2025-01,monthly,Average quality rating,4.1,Affiliated Entity Performance 20250121.csv,2026-01-26T14:50:27.910063,217.0
EF1CED1D392363F0,EXCELSIOR CARE GROUP,,2025-01,monthly,Average rate of potentially preventable hospital readmissions 30 days after discharge from a SNF,10.5,Affiliated Entity Performance 20250121.csv,2026-01-26T14:50:27.910063,217.0
EF1CED1D392363F0,EXCELSIOR CARE GROUP,,2025-01,monthly,Average staffing rating,2.0,Affiliated Entity Performance 20250121.csv,2026-01-26T14:50:27.910063,217.0
EF1CED1D392363F0,EXCELSIOR CARE GROUP,,2025-01,monthly,Average total Registered Nurse hours per resident day,0.5,Affiliated Entity Performance 20250121.csv,2026-01-26T14:50:27.910063,217.0
EF1CED1D392363F0,EXCELSIOR CARE GROUP,,2025-01,monthly,Average total nurse hours per resident day,3.3,Affiliated Entity Performance 20250121.csv,2026-01-26T14:50:27.910063,217.0
EF1CED1D392363F0,EXCELSIOR CARE GROUP,,2025-01,monthly,Average total nursing staff turnover percentage,43.6,Affiliated Entity Performance 20250121.csv,2026-01-26T14:50:27.910063,217.0
EF1CED1D392363F0,EXCELSIOR CARE GROUP,,2025-01,monthly,Average total weekend nurse hours per resident day,3.0,Affiliated Entity Performance 20250121.csv,2026-01-26T14:50:27.910063,217.0
EF1CED1D392363F0,EXCELSIOR CARE GROUP,,2025-01,monthly,Number of SFF candidates,0.0,Affiliated Entity Performance 20250121.csv,2026-01-26T14:50:27.910063,217.0
EF1CED1D392363F0,EXCELSIOR CARE GROUP,,2025-01,monthly,Number of Special Focus Facilities (SFF),0.0,Affiliated Entity Performance 20250121.csv,2026-01-26T14:50:27.910063,217.0
EF1CED1D392363F0,EXCELSIOR CARE GROUP,,2025-01,monthly,Number of facilities,22.0,Affiliated Entity Performance 20250121.csv,2026-01-26T14:50:27.910063,217.0
EF1CED1D392363F0,EXCELSIOR CARE GROUP,,2025-01,monthly,Number of facilities with an abuse icon,0.0,Affiliated Entity Performance 20250121.csv,2026-01-26T14:50:27.910063,217.0
EF1CED1D392363F0,EXCELSIOR CARE GROUP,,2025-01,monthly,Number of states and territories with operations,3.0,Affiliated Entity Performance 20250121.csv,2026-01-26T14:50:27.910063,217.0
EF1CED1D392363F0,EXCELSIOR CARE GROUP,,2025-01,monthly,Percent of facilities classified as for-profit,100.0,Affiliated Entity Performance 20250121.csv,2026-01-26T14:50:27.910063,217.0
EF1CED1D392363F0,EXCELSIOR CARE GROUP,,2025-01,monthly,Percent of facilities classified as government-owned,0.0,Affiliated Entity Performance 20250121.csv,2026-01-26T14:50:27.910063,217.0
EF1CED1D392363F0,EXCELSIOR CARE GROUP,,2025-01,monthly,Percent of facilities classified as non-profit,0.0,Affiliated Entity Performance 20250121.csv,2026-01-26T14:50:27.910063,217.0
EF1CED1D392363F0,EXCELSIOR CARE GROUP,,2025-01,monthly,Percentage of facilities with an abuse icon,0.0,Affiliated Entity Performance 20250121.csv,2026-01-26T14:50:27.910063,217.0
EF1CED1D392363F0,EXCELSIOR CARE GROUP,,2025-01,monthly,Total amount of fines in dollars,568242.33,Affiliated Entity Performance 20250121.csv,2026-01-26T14:50:27.910063,217.0
EF1CED1D392363F0,EXCELSIOR CARE GROUP,,2025-01,monthly,Total number of fines,79.0,Affiliated Entity Performance 20250121.csv,2026-01-26T14:50:27.910063,217.0
EF1CED1D392363F0,EXCELSIOR CARE GROUP,,2025-01,monthly,Total number of payment denials,0.0,Affiliated Entity Performance 20250121.csv,2026-01-26T14:50:27.910063,217.0
EF1CED1D392363F0,EXCELSIOR CARE GROUP,,2025-02,monthly,Average Registered Nurse turnover percentage,50.2,Affiliated Entity Performance 20250225.csv,2026-01-26T14:50:28.396328,217.0
EF1CED1D392363F0,EXCELSIOR CARE GROUP,,2025-02,monthly,Average amount of fines in dollars,25244.57,Affiliated Entity Performance 20250225.csv,2026-01-26T14:50:28.396328,217.0
EF1CED1D392363F0,EXCELSIOR CARE GROUP,,2025-02,monthly,Average health inspection rating,2.7,Affiliated Entity Performance 20250225.csv,2026-01-26T14:50:28.396328,217.0
EF1CED1D392363F0,EXCELSIOR CARE GROUP,,2025-02,monthly,Average number of administrators who have left the nursing home,1.2,Affiliated Entity Performance 20250225.csv,2026-01-26T14:50:28.396328,217.0
EF1CED1D392363F0,EXCELSIOR CARE GROUP,,2025-02,monthly,Average number of fines,3.3,Affiliated Entity Performance 20250225.csv,2026-01-26T14:50:28.396328,217.0
EF1CED1D392363F0,EXCELSIOR CARE GROUP,,2025-02,monthly,"Average number of hospitalizations per 1,000 long-stay resident days",1.64,Affiliated Entity Performance 20250225.csv,2026-01-26T14:50:28.396328,217.0
EF1CED1D392363F0,EXCELSIOR CARE GROUP,,2025-02,monthly,"Average number of outpatient emergency department visits per 1,000 long-stay resident days",0.99,Affiliated Entity Performance 20250225.csv,2026-01-26T14:50:28.396328,217.0
EF1CED1D392363F0,EXCELSIOR CARE GROUP,,2025-02,monthly,Average number of payment denials,0.0,Affiliated Entity Performance 20250225.csv,2026-01-26T14:50:28.396328,217.0
EF1CED1D392363F0,EXCELSIOR CARE GROUP,,2025-02,monthly,Average overall 5-star rating,2.9,Affiliated Entity Performance 20250225.csv,2026-01-26T14:50:28.396328,217.0
EF1CED1D392363F0,EXCELSIOR CARE GROUP,,2025-02,monthly,Average percentage of current residents up to date with COVID-19 vaccines,22.0,Affiliated Entity Performance 20250225.csv,2026-01-26T14:50:28.396328,217.0
EF1CED1D392363F0,EXCELSIOR CARE GROUP,,2025-02,monthly,Average percentage of healthcare personnel up to date with COVID-19 vaccines,10.0,Affiliated Entity Performance 20250225.csv,2026-01-26T14:50:28.396328,217.0
EF1CED1D392363F0,EXCELSIOR CARE GROUP,,2025-02,monthly,Average percentage of long-stay residents experiencing one or more falls with major injury,2.0,Affiliated Entity Performance 20250225.csv,2026-01-26T14:50:28.396328,217.0
EF1CED1D392363F0,EXCELSIOR CARE GROUP,,2025-02,monthly,Average percentage of long-stay residents who have or had a catheter inserted and left in their bladder,0.3,Affiliated Entity Performance 20250225.csv,2026-01-26T14:50:28.396328,217.0
EF1CED1D392363F0,EXCELSIOR CARE GROUP,,2025-02,monthly,Average percentage of long-stay residents who have symptoms of depression,23.8,Affiliated Entity Performance 20250225.csv,2026-01-26T14:50:28.396328,217.0
EF1CED1D392363F0,EXCELSIOR CARE GROUP,,2025-02,monthly,Average percentage of long-stay residents who lose too much weight,7.1,Affiliated Entity Performance 20250225.csv,2026-01-26T14:50:28.396328,217.0
EF1CED1D392363F0,EXCELSIOR CARE GROUP,,2025-02,monthly,Average percentage of long-stay residents who received an antipsychotic medication,11.2,Affiliated Entity Performance 20250225.csv,2026-01-26T14:50:28.396328,217.0
EF1CED1D392363F0,EXCELSIOR CARE GROUP,,2025-02,monthly,Average percentage of long-stay residents who used antianxiety or hypnotic medication,15.6,Affiliated Entity Performance 20250225.csv,2026-01-26T14:50:28.396328,217.0
EF1CED1D392363F0,EXCELSIOR CARE GROUP,,2025-02,monthly,Average percentage of long-stay residents who were assessed and appropriately given the pneumococcal vaccine,91.3,Affiliated Entity Performance 20250225.csv,2026-01-26T14:50:28.396328,217.0
EF1CED1D392363F0,EXCELSIOR CARE GROUP,,2025-02,monthly,Average percentage of long-stay residents who were assessed and appropriately given the seasonal influenza vaccine,96.0,Affiliated Entity Performance 20250225.csv,2026-01-26T14:50:28.396328,217.0
EF1CED1D392363F0,EXCELSIOR CARE GROUP,,2025-02,monthly,Average percentage of long-stay residents who were physically restrained,0.0,Affiliated Entity Performance 20250225.csv,2026-01-26T14:50:28.396328,217.0
EF1CED1D392363F0,EXCELSIOR CARE GROUP,,2025-02,monthly,Average percentage of long-stay residents whose ability to move independently worsened,14.1,Affiliated Entity Performance 20250225.csv,2026-01-26T14:50:28.396328,217.0
EF1CED1D392363F0,EXCELSIOR CARE GROUP,,2025-02,monthly,Average percentage of long-stay residents whose need for help with activities of daily living has increased,12.4,Affiliated Entity Performance 20250225.csv,2026-01-26T14:50:28.396328,217.0
EF1CED1D392363F0,EXCELSIOR CARE GROUP,,2025-02,monthly,Average percentage of long-stay residents with a urinary tract infection,0.5,Affiliated Entity Performance 20250225.csv,2026-01-26T14:50:28.396328,217.0
EF1CED1D392363F0,EXCELSIOR CARE GROUP,,2025-02,monthly,Average percentage of long-stay residents with new or worsened bowel or bladder incontinence,9.9,Affiliated Entity Performance 20250225.csv,2026-01-26T14:50:28.396328,217.0
EF1CED1D392363F0,EXCELSIOR CARE GROUP,,2025-02,monthly,Average percentage of long-stay residents with pressure ulcers,7.9,Affiliated Entity Performance 20250225.csv,2026-01-26T14:50:28.396328,217.0
EF1CED1D392363F0,EXCELSIOR CARE GROUP,,2025-02,monthly,Average percentage of short-stay residents who are at or above an expected ability to care for themselves and move around at discharge,51.5,Affiliated Entity Performance 20250225.csv,2026-01-26T14:50:28.396328,217.0
EF1CED1D392363F0,EXCELSIOR CARE GROUP,,2025-02,monthly,Average percentage of short-stay residents who have had an outpatient emergency department visit,7.5,Affiliated Entity Performance 20250225.csv,2026-01-26T14:50:28.396328,217.0
EF1CED1D392363F0,EXCELSIOR CARE GROUP,,2025-02,monthly,Average percentage of short-stay residents who newly received an antipsychotic medication,1.7,Affiliated Entity Performance 20250225.csv,2026-01-26T14:50:28.396328,217.0
EF1CED1D392363F0,EXCELSIOR CARE GROUP,,2025-02,monthly,Average percentage of short-stay residents who were assessed and appropriately given the pneumococcal vaccine,77.6,Affiliated Entity Performance 20250225.csv,2026-01-26T14:50:28.396328,217.0
EF1CED1D392363F0,EXCELSIOR CARE GROUP,,2025-02,monthly,Average percentage of short-stay residents who were assessed and appropriately given the seasonal influenza vaccine,78.0,Affiliated Entity Performance 20250225.csv,2026-01-26T14:50:28.396328,217.0
EF1CED1D392363F0,EXCELSIOR CARE GROUP,,2025-02,monthly,Average percentage of short-stay residents who were re-hospitalized after a nursing home admission,24.7,Affiliated Entity Performance 20250225.csv,2026-01-26T14:50:28.396328,217.0
EF1CED1D392363F0,EXCELSIOR CARE GROUP,,2025-02,monthly,Average percentage of short-stay residents with pressure ulcers or pressure injuries that are new or worsened,1.9,Affiliated Entity Performance 20250225.csv,2026-01-26T14:50:28.396328,217.0
EF1CED1D392363F0,EXCELSIOR CARE GROUP,,2025-02,monthly,Average quality rating,4.1,Affiliated Entity Performance 20250225.csv,2026-01-26T14:50:28.396328,217.0
EF1CED1D392363F0,EXCELSIOR CARE GROUP,,2025-02,monthly,Average rate of potentially preventable hospital readmissions 30 days after discharge from a SNF,10.5,Affiliated Entity Performance 20250225.csv,2026-01-26T14:50:28.396328,217.0
EF1CED1D392363F0,EXCELSIOR CARE GROUP,,2025-02,monthly,Average staffing rating,2.0,Affiliated Entity Performance 20250225.csv,2026-01-26T14:50:28.396328,217.0
EF1CED1D392363F0,EXCELSIOR CARE GROUP,,2025-02,monthly,Average total Registered Nurse hours per resident day,0.5,Affiliated Entity Performance 20250225.csv,2026-01-26T14:50:28.396328,217.0
EF1CED1D392363F0,EXCELSIOR CARE GROUP,,2025-02,monthly,Average total nurse hours per resident day,3.3,Affiliated Entity Performance 20250225.csv,2026-01-26T14:50:28.396328,217.0
EF1CED1D392363F0,EXCELSIOR CARE GROUP,,2025-02,monthly,Average total nursing staff turnover percentage,43.6,Affiliated Entity Performance 20250225.csv,2026-01-26T14:50:28.396328,217.0
EF1CED1D392363F0,EXCELSIOR CARE GROUP,,2025-02,monthly,Average total weekend nurse hours per resident day,3.0,Affiliated Entity Performance 20250225.csv,2026-01-26T14:50:28.396328,217.0
EF1CED1D392363F0,EXCELSIOR CARE GROUP,,2025-02,monthly,Number of SFF candidates,0.0,Affiliated Entity Performance 20250225.csv,2026-01-26T14:50:28.396328,217.0
EF1CED1D392363F0,EXCELSIOR CARE GROUP,,2025-02,monthly,Number of Special Focus Facilities (SFF),0.0,Affiliated Entity Performance 20250225.csv,2026-01-26T14:50:28.396328,217.0
EF1CED1D392363F0,EXCELSIOR CARE GROUP,,2025-02,monthly,Number of facilities,22.0,Affiliated Entity Performance 20250225.csv,2026-01-26T14:50:28.396328,217.0
EF1CED1D392363F0,EXCELSIOR CARE GROUP,,2025-02,monthly,Number of facilities with an abuse icon,0.0,Affiliated Entity Performance 20250225.csv,2026-01-26T14:50:28.396328,217.0
EF1CED1D392363F0,EXCELSIOR CARE GROUP,,2025-02,monthly,Number of states and territories with operations,3.0,Affiliated Entity Performance 20250225.csv,2026-01-26T14:50:28.396328,217.0
EF1CED1D392363F0,EXCELSIOR CARE GROUP,,2025-02,monthly,Percent of facilities classified as for-profit,100.0,Affiliated Entity Performance 20250225.csv,2026-01-26T14:50:28.396328,217.0
EF1CED1D392363F0,EXCELSIOR CARE GROUP,,2025-02,monthly,Percent of facilities classified as government-owned,0.0,Affiliated Entity Performance 20250225.csv,2026-01-26T14:50:28.396328,217.0
EF1CED1D392363F0,EXCELSIOR CARE GROUP,,2025-02,monthly,Percent of facilities classified as non-profit,0.0,Affiliated Entity Performance 20250225.csv,2026-01-26T14:50:28.396328,217.0
EF1CED1D392363F0,EXCELSIOR CARE GROUP,,2025-02,monthly,Percentage of facilities with an abuse icon,0.0,Affiliated Entity Performance 20250225.csv,2026-01-26T14:50:28.396328,217.0
EF1CED1D392363F0,EXCELSIOR CARE GROUP,,2025-02,monthly,Total amount of fines in dollars,555380.53,Affiliated Entity Performance 20250225.csv,2026-01-26T14:50:28.396328,217.0
EF1CED1D392363F0,EXCELSIOR CARE GROUP,,2025-02,monthly,Total number of fines,73.0,Affiliated Entity Performance 20250225.csv,2026-01-26T14:50:28.396328,217.0
EF1CED1D392363F0,EXCELSIOR CARE GROUP,,2025-02,monthly,Total number of payment denials,0.0,Affiliated Entity Performance 20250225.csv,2026-01-26T14:50:28.396328,217.0
EF1CED1D392363F0,EXCELSIOR CARE GROUP,,2025-03,monthly,Average Registered Nurse turnover percentage,50.2,Affiliated Entity Performance 20250320.csv,2026-01-26T14:50:28.880649,217.0
EF1CED1D392363F0,EXCELSIOR CARE GROUP,,2025-03,monthly,Average amount of fines in dollars,23940.99,Affiliated Entity Performance 20250320.csv,2026-01-26T14:50:28.880649,217.0
EF1CED1D392363F0,EXCELSIOR CARE GROUP,,2025-03,monthly,Average health inspection rating,2.7,Affiliated Entity Performance 20250320.csv,2026-01-26T14:50:28.880649,217.0
EF1CED1D392363F0,EXCELSIOR CARE GROUP,,2025-03,monthly,Average number of administrators who have left the nursing home,1.2,Affiliated Entity Performance 20250320.csv,2026-01-26T14:50:28.880649,217.0
EF1CED1D392363F0,EXCELSIOR CARE GROUP,,2025-03,monthly,Average number of fines,2.8,Affiliated Entity Performance 20250320.csv,2026-01-26T14:50:28.880649,217.0
EF1CED1D392363F0,EXCELSIOR CARE GROUP,,2025-03,monthly,"Average number of hospitalizations per 1,000 long-stay resident days",1.64,Affiliated Entity Performance 20250320.csv,2026-01-26T14:50:28.880649,217.0
EF1CED1D392363F0,EXCELSIOR CARE GROUP,,2025-03,monthly,"Average number of outpatient emergency department visits per 1,000 long-stay resident days",0.99,Affiliated Entity Performance 20250320.csv,2026-01-26T14:50:28.880649,217.0
EF1CED1D392363F0,EXCELSIOR CARE GROUP,,2025-03,monthly,Average number of payment denials,0.0,Affiliated Entity Performance 20250320.csv,2026-01-26T14:50:28.880649,217.0
EF1CED1D392363F0,EXCELSIOR CARE GROUP,,2025-03,monthly,Average overall 5-star rating,2.9,Affiliated Entity Performance 20250320.csv,2026-01-26T14:50:28.880649,217.0
EF1CED1D392363F0,EXCELSIOR CARE GROUP,,2025-03,monthly,Average percentage of current residents up to date with COVID-19 vaccines,22.8,Affiliated Entity Performance 20250320.csv,2026-01-26T14:50:28.880649,217.0
EF1CED1D392363F0,EXCELSIOR CARE GROUP,,2025-03,monthly,Average percentage of healthcare personnel up to date with COVID-19 vaccines,10.0,Affiliated Entity Performance 20250320.csv,2026-01-26T14:50:28.880649,217.0
EF1CED1D392363F0,EXCELSIOR CARE GROUP,,2025-03,monthly,Average percentage of long-stay residents experiencing one or more falls with major injury,2.0,Affiliated Entity Performance 20250320.csv,2026-01-26T14:50:28.880649,217.0
EF1CED1D392363F0,EXCELSIOR CARE GROUP,,2025-03,monthly,Average percentage of long-stay residents who have or had a catheter inserted and left in their bladder,0.3,Affiliated Entity Performance 20250320.csv,2026-01-26T14:50:28.880649,217.0
EF1CED1D392363F0,EXCELSIOR CARE GROUP,,2025-03,monthly,Average percentage of long-stay residents who have symptoms of depression,23.8,Affiliated Entity Performance 20250320.csv,2026-01-26T14:50:28.880649,217.0
EF1CED1D392363F0,EXCELSIOR CARE GROUP,,2025-03,monthly,Average percentage of long-stay residents who lose too much weight,7.1,Affiliated Entity Performance 20250320.csv,2026-01-26T14:50:28.880649,217.0
EF1CED1D392363F0,EXCELSIOR CARE GROUP,,2025-03,monthly,Average percentage of long-stay residents who received an antipsychotic medication,11.2,Affiliated Entity Performance 20250320.csv,2026-01-26T14:50:28.880649,217.0
EF1CED1D392363F0,EXCELSIOR CARE GROUP,,2025-03,monthly,Average percentage of long-stay residents who used antianxiety or hypnotic medication,15.6,Affiliated Entity Performance 20250320.csv,2026-01-26T14:50:28.880649,217.0
EF1CED1D392363F0,EXCELSIOR CARE GROUP,,2025-03,monthly,Average percentage of long-stay residents who were assessed and appropriately given the pneumococcal vaccine,91.3,Affiliated Entity Performance 20250320.csv,2026-01-26T14:50:28.880649,217.0
EF1CED1D392363F0,EXCELSIOR CARE GROUP,,2025-03,monthly,Average percentage of long-stay residents who were assessed and appropriately given the seasonal influenza vaccine,96.0,Affiliated Entity Performance 20250320.csv,2026-01-26T14:50:28.880649,217.0
EF1CED1D392363F0,EXCELSIOR CARE GROUP,,2025-03,monthly,Average percentage of long-stay residents who were physically restrained,0.0,Affiliated Entity Performance 20250320.csv,2026-01-26T14:50:28.880649,217.0
EF1CED1D392363F0,EXCELSIOR CARE GROUP,,2025-03,monthly,Average percentage of long-stay residents whose ability to move independently worsened,14.1,Affiliated Entity Performance 20250320.csv,2026-01-26T14:50:28.880649,217.0
EF1CED1D392363F0,EXCELSIOR CARE GROUP,,2025-03,monthly,Average percentage of long-stay residents whose need for help with activities of daily living has increased,12.4,Affiliated Entity Performance 20250320.csv,2026-01-26T14:50:28.880649,217.0
EF1CED1D392363F0,EXCELSIOR CARE GROUP,,2025-03,monthly,Average percentage of long-stay residents with a urinary tract infection,0.5,Affiliated Entity Performance 20250320.csv,2026-01-26T14:50:28.880649,217.0
EF1CED1D392363F0,EXCELSIOR CARE GROUP,,2025-03,monthly,Average percentage of long-stay residents with new or worsened bowel or bladder incontinence,9.9,Affiliated Entity Performance 20250320.csv,2026-01-26T14:50:28.880649,217.0
EF1CED1D392363F0,EXCELSIOR CARE GROUP,,2025-03,monthly,Average percentage of long-stay residents with pressure ulcers,7.9,Affiliated Entity Performance 20250320.csv,2026-01-26T14:50:28.880649,217.0
EF1CED1D392363F0,EXCELSIOR CARE GROUP,,2025-03,monthly,Average percentage of short-stay residents who are at or above an expected ability to care for themselves and move around at discharge,51.5,Affiliated Entity Performance 20250320.csv,2026-01-26T14:50:28.880649,217.0
EF1CED1D392363F0,EXCELSIOR CARE GROUP,,2025-03,monthly,Average percentage of short-stay residents who have had an outpatient emergency department visit,7.5,Affiliated Entity Performance 20250320.csv,2026-01-26T14:50:28.880649,217.0
EF1CED1D392363F0,EXCELSIOR CARE GROUP,,2025-03,monthly,Average percentage of short-stay residents who newly received an antipsychotic medication,1.7,Affiliated Entity Performance 20250320.csv,2026-01-26T14:50:28.880649,217.0
EF1CED1D392363F0,EXCELSIOR CARE GROUP,,2025-03,monthly,Average percentage of short-stay residents who were assessed and appropriately given the pneumococcal vaccine,77.6,Affiliated Entity Performance 20250320.csv,2026-01-26T14:50:28.880649,217.0
EF1CED1D392363F0,EXCELSIOR CARE GROUP,,2025-03,monthly,Average percentage of short-stay residents who were assessed and appropriately given the seasonal influenza vaccine,78.0,Affiliated Entity Performance 20250320.csv,2026-01-26T14:50:28.880649,217.0
EF1CED1D392363F0,EXCELSIOR CARE GROUP,,2025-03,monthly,Average percentage of short-stay residents who were re-hospitalized after a nursing home admission,24.7,Affiliated Entity Performance 20250320.csv,2026-01-26T14:50:28.880649,217.0
EF1CED1D392363F0,EXCELSIOR CARE GROUP,,2025-03,monthly,Average percentage of short-stay residents with pressure ulcers or pressure injuries that are new or worsened,1.9,Affiliated Entity Performance 20250320.csv,2026-01-26T14:50:28.880649,217.0
EF1CED1D392363F0,EXCELSIOR CARE GROUP,,2025-03,monthly,Average quality rating,4.1,Affiliated Entity Performance 20250320.csv,2026-01-26T14:50:28.880649,217.0
EF1CED1D392363F0,EXCELSIOR CARE GROUP,,2025-03,monthly,Average rate of potentially preventable hospital readmissions 30 days after discharge from a SNF,10.5,Affiliated Entity Performance 20250320.csv,2026-01-26T14:50:28.880649,217.0
EF1CED1D392363F0,EXCELSIOR CARE GROUP,,2025-03,monthly,Average staffing rating,2.0,Affiliated Entity Performance 20250320.csv,2026-01-26T14:50:28.880649,217.0
EF1CED1D392363F0,EXCELSIOR CARE GROUP,,2025-03,monthly,Average total Registered Nurse hours per resident day,0.5,Affiliated Entity Performance 20250320.csv,2026-01-26T14:50:28.880649,217.0
EF1CED1D392363F0,EXCELSIOR CARE GROUP,,2025-03,monthly,Average total nurse hours per resident day,3.3,Affiliated Entity Performance 20250320.csv,2026-01-26T14:50:28.880649,217.0
EF1CED1D392363F0,EXCELSIOR CARE GROUP,,2025-03,monthly,Average total nursing staff turnover percentage,43.6,Affiliated Entity Performance 20250320.csv,2026-01-26T14:50:28.880649,217.0
EF1CED1D392363F0,EXCELSIOR CARE GROUP,,2025-03,monthly,Average total weekend nurse hours per resident day,3.0,Affiliated Entity Performance 20250320.csv,2026-01-26T14:50:28.880649,217.0
EF1CED1D392363F0,EXCELSIOR CARE GROUP,,2025-03,monthly,Number of SFF candidates,0.0,Affiliated Entity Performance 20250320.csv,2026-01-26T14:50:28.880649,217.0
EF1CED1D392363F0,EXCELSIOR CARE GROUP,,2025-03,monthly,Number of Special Focus Facilities (SFF),0.0,Affiliated Entity Performance 20250320.csv,2026-01-26T14:50:28.880649,217.0
EF1CED1D392363F0,EXCELSIOR CARE GROUP,,2025-03,monthly,Number of facilities,22.0,Affiliated Entity Performance 20250320.csv,2026-01-26T14:50:28.880649,217.0
EF1CED1D392363F0,EXCELSIOR CARE GROUP,,2025-03,monthly,Number of facilities with an abuse icon,0.0,Affiliated Entity Performance 20250320.csv,2026-01-26T14:50:28.880649,217.0
EF1CED1D392363F0,EXCELSIOR CARE GROUP,,2025-03,monthly,Number of states and territories with operations,3.0,Affiliated Entity Performance 20250320.csv,2026-01-26T14:50:28.880649,217.0
EF1CED1D392363F0,EXCELSIOR CARE GROUP,,2025-03,monthly,Percent of facilities classified as for-profit,100.0,Affiliated Entity Performance 20250320.csv,2026-01-26T14:50:28.880649,217.0
EF1CED1D392363F0,EXCELSIOR CARE GROUP,,2025-03,monthly,Percent of facilities classified as government-owned,0.0,Affiliated Entity Performance 20250320.csv,2026-01-26T14:50:28.880649,217.0
EF1CED1D392363F0,EXCELSIOR CARE GROUP,,2025-03,monthly,Percent of facilities classified as non-profit,0.0,Affiliated Entity Performance 20250320.csv,2026-01-26T14:50:28.880649,217.0
EF1CED1D392363F0,EXCELSIOR CARE GROUP,,2025-03,monthly,Percentage of facilities with an abuse icon,0.0,Affiliated Entity Performance 20250320.csv,2026-01-26T14:50:28.880649,217.0
EF1CED1D392363F0,EXCELSIOR CARE GROUP,,2025-03,monthly,Total amount of fines in dollars,526701.73,Affiliated Entity Performance 20250320.csv,2026-01-26T14:50:28.880649,217.0
EF1CED1D392363F0,EXCELSIOR CARE GROUP,,2025-03,monthly,Total number of fines,62.0,Affiliated Entity Performance 20250320.csv,2026-01-26T14:50:28.880649,217.0
EF1CED1D392363F0,EXCELSIOR CARE GROUP,,2025-03,monthly,Total number of payment denials,0.0,Affiliated Entity Performance 20250320.csv,2026-01-26T14:50:28.880649,217.0
EF1CED1D392363F0,EXCELSIOR CARE GROUP,,2025-04,monthly,Average Registered Nurse turnover percentage,48.1,Affiliated Entity Performance 20250428.csv,2026-01-26T14:50:29.350942,217.0
EF1CED1D392363F0,EXCELSIOR CARE GROUP,,2025-04,monthly,Average amount of fines in dollars,23250.71,Affiliated Entity Performance 20250428.csv,2026-01-26T14:50:29.350942,217.0
EF1CED1D392363F0,EXCELSIOR CARE GROUP,,2025-04,monthly,Average health inspection rating,2.6,Affiliated Entity Performance 20250428.csv,2026-01-26T14:50:29.350942,217.0
EF1CED1D392363F0,EXCELSIOR CARE GROUP,,2025-04,monthly,Average number of administrators who have left the nursing home,1.0,Affiliated Entity Performance 20250428.csv,2026-01-26T14:50:29.350942,217.0
EF1CED1D392363F0,EXCELSIOR CARE GROUP,,2025-04,monthly,Average number of fines,2.6,Affiliated Entity Performance 20250428.csv,2026-01-26T14:50:29.350942,217.0
EF1CED1D392363F0,EXCELSIOR CARE GROUP,,2025-04,monthly,"Average number of hospitalizations per 1,000 long-stay resident days",1.58,Affiliated Entity Performance 20250428.csv,2026-01-26T14:50:29.350942,217.0
EF1CED1D392363F0,EXCELSIOR CARE GROUP,,2025-04,monthly,"Average number of outpatient emergency department visits per 1,000 long-stay resident days",0.94,Affiliated Entity Performance 20250428.csv,2026-01-26T14:50:29.350942,217.0
EF1CED1D392363F0,EXCELSIOR CARE GROUP,,2025-04,monthly,Average number of payment denials,0.0,Affiliated Entity Performance 20250428.csv,2026-01-26T14:50:29.350942,217.0
EF1CED1D392363F0,EXCELSIOR CARE GROUP,,2025-04,monthly,Average overall 5-star rating,2.9,Affiliated Entity Performance 20250428.csv,2026-01-26T14:50:29.350942,217.0
EF1CED1D392363F0,EXCELSIOR CARE GROUP,,2025-04,monthly,Average percentage of current residents up to date with COVID-19 vaccines,22.8,Affiliated Entity Performance 20250428.csv,2026-01-26T14:50:29.350942,217.0
EF1CED1D392363F0,EXCELSIOR CARE GROUP,,2025-04,monthly,Average percentage of healthcare personnel up to date with COVID-19 vaccines,10.0,Affiliated Entity Performance 20250428.csv,2026-01-26T14:50:29.350942,217.0
EF1CED1D392363F0,EXCELSIOR CARE GROUP,,2025-04,monthly,Average percentage of long-stay residents experiencing one or more falls with major injury,1.9,Affiliated Entity Performance 20250428.csv,2026-01-26T14:50:29.350942,217.0
EF1CED1D392363F0,EXCELSIOR CARE GROUP,,2025-04,monthly,Average percentage of long-stay residents who have or had a catheter inserted and left in their bladder,0.3,Affiliated Entity Performance 20250428.csv,2026-01-26T14:50:29.350942,217.0
EF1CED1D392363F0,EXCELSIOR CARE GROUP,,2025-04,monthly,Average percentage of long-stay residents who have symptoms of depression,28.3,Affiliated Entity Performance 20250428.csv,2026-01-26T14:50:29.350942,217.0
EF1CED1D392363F0,EXCELSIOR CARE GROUP,,2025-04,monthly,Average percentage of long-stay residents who lose too much weight,7.2,Affiliated Entity Performance 20250428.csv,2026-01-26T14:50:29.350942,217.0
EF1CED1D392363F0,EXCELSIOR CARE GROUP,,2025-04,monthly,Average percentage of long-stay residents who received an antipsychotic medication,10.8,Affiliated Entity Performance 20250428.csv,2026-01-26T14:50:29.350942,217.0
EF1CED1D392363F0,EXCELSIOR CARE GROUP,,2025-04,monthly,Average percentage of long-stay residents who used antianxiety or hypnotic medication,15.7,Affiliated Entity Performance 20250428.csv,2026-01-26T14:50:29.350942,217.0
EF1CED1D392363F0,EXCELSIOR CARE GROUP,,2025-04,monthly,Average percentage of long-stay residents who were assessed and appropriately given the pneumococcal vaccine,92.5,Affiliated Entity Performance 20250428.csv,2026-01-26T14:50:29.350942,217.0
EF1CED1D392363F0,EXCELSIOR CARE GROUP,,2025-04,monthly,Average percentage of long-stay residents who were assessed and appropriately given the seasonal influenza vaccine,97.1,Affiliated Entity Performance 20250428.csv,2026-01-26T14:50:29.350942,217.0
EF1CED1D392363F0,EXCELSIOR CARE GROUP,,2025-04,monthly,Average percentage of long-stay residents who were physically restrained,0.0,Affiliated Entity Performance 20250428.csv,2026-01-26T14:50:29.350942,217.0
EF1CED1D392363F0,EXCELSIOR CARE GROUP,,2025-04,monthly,Average percentage of long-stay residents whose ability to move independently worsened,12.2,Affiliated Entity Performance 20250428.csv,2026-01-26T14:50:29.350942,217.0
EF1CED1D392363F0,EXCELSIOR CARE GROUP,,2025-04,monthly,Average percentage of long-stay residents whose need for help with activities of daily living has increased,10.8,Affiliated Entity Performance 20250428.csv,2026-01-26T14:50:29.350942,217.0
EF1CED1D392363F0,EXCELSIOR CARE GROUP,,2025-04,monthly,Average percentage of long-stay residents with a urinary tract infection,0.5,Affiliated Entity Performance 20250428.csv,2026-01-26T14:50:29.350942,217.0
EF1CED1D392363F0,EXCELSIOR CARE GROUP,,2025-04,monthly,Average percentage of long-stay residents with new or worsened bowel or bladder incontinence,9.5,Affiliated Entity Performance 20250428.csv,2026-01-26T14:50:29.350942,217.0
EF1CED1D392363F0,EXCELSIOR CARE GROUP,,2025-04,monthly,Average percentage of long-stay residents with pressure ulcers,7.9,Affiliated Entity Performance 20250428.csv,2026-01-26T14:50:29.350942,217.0
EF1CED1D392363F0,EXCELSIOR CARE GROUP,,2025-04,monthly,Average percentage of short-stay residents who are at or above an expected ability to care for themselves and move around at discharge,53.3,Affiliated Entity Performance 20250428.csv,2026-01-26T14:50:29.350942,217.0
EF1CED1D392363F0,EXCELSIOR CARE GROUP,,2025-04,monthly,Average percentage of short-stay residents who have had an outpatient emergency department visit,7.1,Affiliated Entity Performance 20250428.csv,2026-01-26T14:50:29.350942,217.0
EF1CED1D392363F0,EXCELSIOR CARE GROUP,,2025-04,monthly,Average percentage of short-stay residents who newly received an antipsychotic medication,1.5,Affiliated Entity Performance 20250428.csv,2026-01-26T14:50:29.350942,217.0
EF1CED1D392363F0,EXCELSIOR CARE GROUP,,2025-04,monthly,Average percentage of short-stay residents who were assessed and appropriately given the pneumococcal vaccine,79.5,Affiliated Entity Performance 20250428.csv,2026-01-26T14:50:29.350942,217.0
EF1CED1D392363F0,EXCELSIOR CARE GROUP,,2025-04,monthly,Average percentage of short-stay residents who were assessed and appropriately given the seasonal influenza vaccine,80.6,Affiliated Entity Performance 20250428.csv,2026-01-26T14:50:29.350942,217.0
EF1CED1D392363F0,EXCELSIOR CARE GROUP,,2025-04,monthly,Average percentage of short-stay residents who were re-hospitalized after a nursing home admission,24.6,Affiliated Entity Performance 20250428.csv,2026-01-26T14:50:29.350942,217.0
EF1CED1D392363F0,EXCELSIOR CARE GROUP,,2025-04,monthly,Average percentage of short-stay residents with pressure ulcers or pressure injuries that are new or worsened,2.2,Affiliated Entity Performance 20250428.csv,2026-01-26T14:50:29.350942,217.0
EF1CED1D392363F0,EXCELSIOR CARE GROUP,,2025-04,monthly,Average quality rating,4.4,Affiliated Entity Performance 20250428.csv,2026-01-26T14:50:29.350942,217.0
EF1CED1D392363F0,EXCELSIOR CARE GROUP,,2025-04,monthly,Average rate of potentially preventable hospital readmissions 30 days after discharge from a SNF,10.5,Affiliated Entity Performance 20250428.csv,2026-01-26T14:50:29.350942,217.0
EF1CED1D392363F0,EXCELSIOR CARE GROUP,,2025-04,monthly,Average staffing rating,2.0,Affiliated Entity Performance 20250428.csv,2026-01-26T14:50:29.350942,217.0
EF1CED1D392363F0,EXCELSIOR CARE GROUP,,2025-04,monthly,Average total Registered Nurse hours per resident day,0.5,Affiliated Entity Performance 20250428.csv,2026-01-26T14:50:29.350942,217.0
EF1CED1D392363F0,EXCELSIOR CARE GROUP,,2025-04,monthly,Average total nurse hours per resident day,3.3,Affiliated Entity Performance 20250428.csv,2026-01-26T14:50:29.350942,217.0
EF1CED1D392363F0,EXCELSIOR CARE GROUP,,2025-04,monthly,Average total nursing staff turnover percentage,41.8,Affiliated Entity Performance 20250428.csv,2026-01-26T14:50:29.350942,217.0
EF1CED1D392363F0,EXCELSIOR CARE GROUP,,2025-04,monthly,Average total weekend nurse hours per resident day,3.1,Affiliated Entity Performance 20250428.csv,2026-01-26T14:50:29.350942,217.0
EF1CED1D392363F0,EXCELSIOR CARE GROUP,,2025-04,monthly,Number of SFF candidates,0.0,Affiliated Entity Performance 20250428.csv,2026-01-26T14:50:29.350942,217.0
EF1CED1D392363F0,EXCELSIOR CARE GROUP,,2025-04,monthly,Number of Special Focus Facilities (SFF),0.0,Affiliated Entity Performance 20250428.csv,2026-01-26T14:50:29.350942,217.0
EF1CED1D392363F0,EXCELSIOR CARE GROUP,,2025-04,monthly,Number of facilities,22.0,Affiliated Entity Performance 20250428.csv,2026-01-26T14:50:29.350942,217.0
EF1CED1D392363F0,EXCELSIOR CARE GROUP,,2025-04,monthly,Number of facilities with an abuse icon,0.0,Affiliated Entity Performance 20250428.csv,2026-01-26T14:50:29.350942,217.0
EF1CED1D392363F0,EXCELSIOR CARE GROUP,,2025-04,monthly,Number of states and territories with operations,3.0,Affiliated Entity Performance 20250428.csv,2026-01-26T14:50:29.350942,217.0
EF1CED1D392363F0,EXCELSIOR CARE GROUP,,2025-04,monthly,Percent of facilities classified as for-profit,100.0,Affiliated Entity Performance 20250428.csv,2026-01-26T14:50:29.350942,217.0
EF1CED1D392363F0,EXCELSIOR CARE GROUP,,2025-04,monthly,Percent of facilities classified as government-owned,0.0,Affiliated Entity Performance 20250428.csv,2026-01-26T14:50:29.350942,217.0
EF1CED1D392363F0,EXCELSIOR CARE GROUP,,2025-04,monthly,Percent of facilities classified as non-profit,0.0,Affiliated Entity Performance 20250428.csv,2026-01-26T14:50:29.350942,217.0
EF1CED1D392363F0,EXCELSIOR CARE GROUP,,2025-04,monthly,Percentage of facilities with an abuse icon,0.0,Affiliated Entity Performance 20250428.csv,2026-01-26T14:50:29.350942,217.0
EF1CED1D392363F0,EXCELSIOR CARE GROUP,,2025-04,monthly,Total amount of fines in dollars,511515.6,Affiliated Entity Performance 20250428.csv,2026-01-26T14:50:29.350942,217.0
EF1CED1D392363F0,EXCELSIOR CARE GROUP,,2025-04,monthly,Total number of fines,57.0,Affiliated Entity Performance 20250428.csv,2026-01-26T14:50:29.350942,217.0
EF1CED1D392363F0,EXCELSIOR CARE GROUP,,2025-04,monthly,Total number of payment denials,0.0,Affiliated Entity Performance 20250428.csv,2026-01-26T14:50:29.350942,217.0
EF1CED1D392363F0,EXCELSIOR CARE GROUP,,2025-05,monthly,Average Registered Nurse turnover percentage,48.1,Affiliated Entity Performance 20250527.csv,2026-01-26T14:50:29.817277,217.0
EF1CED1D392363F0,EXCELSIOR CARE GROUP,,2025-05,monthly,Average amount of fines in dollars,23004.51,Affiliated Entity Performance 20250527.csv,2026-01-26T14:50:29.817277,217.0
EF1CED1D392363F0,EXCELSIOR CARE GROUP,,2025-05,monthly,Average health inspection rating,2.6,Affiliated Entity Performance 20250527.csv,2026-01-26T14:50:29.817277,217.0
EF1CED1D392363F0,EXCELSIOR CARE GROUP,,2025-05,monthly,Average number of administrators who have left the nursing home,1.0,Affiliated Entity Performance 20250527.csv,2026-01-26T14:50:29.817277,217.0
EF1CED1D392363F0,EXCELSIOR CARE GROUP,,2025-05,monthly,Average number of fines,2.5,Affiliated Entity Performance 20250527.csv,2026-01-26T14:50:29.817277,217.0
EF1CED1D392363F0,EXCELSIOR CARE GROUP,,2025-05,monthly,"Average number of hospitalizations per 1,000 long-stay resident days",1.58,Affiliated Entity Performance 20250527.csv,2026-01-26T14:50:29.817277,217.0
EF1CED1D392363F0,EXCELSIOR CARE GROUP,,2025-05,monthly,"Average number of outpatient emergency department visits per 1,000 long-stay resident days",0.94,Affiliated Entity Performance 20250527.csv,2026-01-26T14:50:29.817277,217.0
EF1CED1D392363F0,EXCELSIOR CARE GROUP,,2025-05,monthly,Average number of payment denials,0.0,Affiliated Entity Performance 20250527.csv,2026-01-26T14:50:29.817277,217.0
EF1CED1D392363F0,EXCELSIOR CARE GROUP,,2025-05,monthly,Average overall 5-star rating,2.8,Affiliated Entity Performance 20250527.csv,2026-01-26T14:50:29.817277,217.0
EF1CED1D392363F0,EXCELSIOR CARE GROUP,,2025-05,monthly,Average percentage of current residents up to date with COVID-19 vaccines,21.3,Affiliated Entity Performance 20250527.csv,2026-01-26T14:50:29.817277,217.0
EF1CED1D392363F0,EXCELSIOR CARE GROUP,,2025-05,monthly,Average percentage of healthcare personnel up to date with COVID-19 vaccines,9.9,Affiliated Entity Performance 20250527.csv,2026-01-26T14:50:29.817277,217.0
EF1CED1D392363F0,EXCELSIOR CARE GROUP,,2025-05,monthly,Average percentage of long-stay residents experiencing one or more falls with major injury,1.9,Affiliated Entity Performance 20250527.csv,2026-01-26T14:50:29.817277,217.0
EF1CED1D392363F0,EXCELSIOR CARE GROUP,,2025-05,monthly,Average percentage of long-stay residents who have or had a catheter inserted and left in their bladder,0.3,Affiliated Entity Performance 20250527.csv,2026-01-26T14:50:29.817277,217.0
EF1CED1D392363F0,EXCELSIOR CARE GROUP,,2025-05,monthly,Average percentage of long-stay residents who have symptoms of depression,28.3,Affiliated Entity Performance 20250527.csv,2026-01-26T14:50:29.817277,217.0
EF1CED1D392363F0,EXCELSIOR CARE GROUP,,2025-05,monthly,Average percentage of long-stay residents who lose too much weight,7.2,Affiliated Entity Performance 20250527.csv,2026-01-26T14:50:29.817277,217.0
EF1CED1D392363F0,EXCELSIOR CARE GROUP,,2025-05,monthly,Average percentage of long-stay residents who received an antipsychotic medication,10.8,Affiliated Entity Performance 20250527.csv,2026-01-26T14:50:29.817277,217.0
EF1CED1D392363F0,EXCELSIOR CARE GROUP,,2025-05,monthly,Average percentage of long-stay residents who used antianxiety or hypnotic medication,15.7,Affiliated Entity Performance 20250527.csv,2026-01-26T14:50:29.817277,217.0
EF1CED1D392363F0,EXCELSIOR CARE GROUP,,2025-05,monthly,Average percentage of long-stay residents who were assessed and appropriately given the pneumococcal vaccine,92.5,Affiliated Entity Performance 20250527.csv,2026-01-26T14:50:29.817277,217.0
EF1CED1D392363F0,EXCELSIOR CARE GROUP,,2025-05,monthly,Average percentage of long-stay residents who were assessed and appropriately given the seasonal influenza vaccine,97.1,Affiliated Entity Performance 20250527.csv,2026-01-26T14:50:29.817277,217.0
EF1CED1D392363F0,EXCELSIOR CARE GROUP,,2025-05,monthly,Average percentage of long-stay residents who were physically restrained,0.0,Affiliated Entity Performance 20250527.csv,2026-01-26T14:50:29.817277,217.0
EF1CED1D392363F0,EXCELSIOR CARE GROUP,,2025-05,monthly,Average percentage of long-stay residents whose ability to move independently worsened,12.2,Affiliated Entity Performance 20250527.csv,2026-01-26T14:50:29.817277,217.0
EF1CED1D392363F0,EXCELSIOR CARE GROUP,,2025-05,monthly,Average percentage of long-stay residents whose need for help with activities of daily living has increased,10.8,Affiliated Entity Performance 20250527.csv,2026-01-26T14:50:29.817277,217.0
EF1CED1D392363F0,EXCELSIOR CARE GROUP,,2025-05,monthly,Average percentage of long-stay residents with a urinary tract infection,0.5,Affiliated Entity Performance 20250527.csv,2026-01-26T14:50:29.817277,217.0
EF1CED1D392363F0,EXCELSIOR CARE GROUP,,2025-05,monthly,Average percentage of long-stay residents with new or worsened bowel or bladder incontinence,9.5,Affiliated Entity Performance 20250527.csv,2026-01-26T14:50:29.817277,217.0
EF1CED1D392363F0,EXCELSIOR CARE GROUP,,2025-05,monthly,Average percentage of long-stay residents with pressure ulcers,7.9,Affiliated Entity Performance 20250527.csv,2026-01-26T14:50:29.817277,217.0
EF1CED1D392363F0,EXCELSIOR CARE GROUP,,2025-05,monthly,Average percentage of short-stay residents who are at or above an expected ability to care for themselves and move around at discharge,53.3,Affiliated Entity Performance 20250527.csv,2026-01-26T14:50:29.817277,217.0
EF1CED1D392363F0,EXCELSIOR CARE GROUP,,2025-05,monthly,Average percentage of short-stay residents who have had an outpatient emergency department visit,7.1,Affiliated Entity Performance 20250527.csv,2026-01-26T14:50:29.817277,217.0
EF1CED1D392363F0,EXCELSIOR CARE GROUP,,2025-05,monthly,Average percentage of short-stay residents who newly received an antipsychotic medication,1.5,Affiliated Entity Performance 20250527.csv,2026-01-26T14:50:29.817277,217.0
EF1CED1D392363F0,EXCELSIOR CARE GROUP,,2025-05,monthly,Average percentage of short-stay residents who were assessed and appropriately given the pneumococcal vaccine,79.5,Affiliated Entity Performance 20250527.csv,2026-01-26T14:50:29.817277,217.0
EF1CED1D392363F0,EXCELSIOR CARE GROUP,,2025-05,monthly,Average percentage of short-stay residents who were assessed and appropriately given the seasonal influenza vaccine,80.6,Affiliated Entity Performance 20250527.csv,2026-01-26T14:50:29.817277,217.0
EF1CED1D392363F0,EXCELSIOR CARE GROUP,,2025-05,monthly,Average percentage of short-stay residents who were re-hospitalized after a nursing home admission,24.6,Affiliated Entity Performance 20250527.csv,2026-01-26T14:50:29.817277,217.0
EF1CED1D392363F0,EXCELSIOR CARE GROUP,,2025-05,monthly,Average percentage of short-stay residents with pressure ulcers or pressure injuries that are new or worsened,2.2,Affiliated Entity Performance 20250527.csv,2026-01-26T14:50:29.817277,217.0
EF1CED1D392363F0,EXCELSIOR CARE GROUP,,2025-05,monthly,Average quality rating,4.4,Affiliated Entity Performance 20250527.csv,2026-01-26T14:50:29.817277,217.0
EF1CED1D392363F0,EXCELSIOR CARE GROUP,,2025-05,monthly,Average rate of potentially preventable hospital readmissions 30 days after discharge from a SNF,10.5,Affiliated Entity Performance 20250527.csv,2026-01-26T14:50:29.817277,217.0
EF1CED1D392363F0,EXCELSIOR CARE GROUP,,2025-05,monthly,Average staffing rating,2.0,Affiliated Entity Performance 20250527.csv,2026-01-26T14:50:29.817277,217.0
EF1CED1D392363F0,EXCELSIOR CARE GROUP,,2025-05,monthly,Average total Registered Nurse hours per resident day,0.5,Affiliated Entity Performance 20250527.csv,2026-01-26T14:50:29.817277,217.0
EF1CED1D392363F0,EXCELSIOR CARE GROUP,,2025-05,monthly,Average total nurse hours per resident day,3.3,Affiliated Entity Performance 20250527.csv,2026-01-26T14:50:29.817277,217.0
EF1CED1D392363F0,EXCELSIOR CARE GROUP,,2025-05,monthly,Average total nursing staff turnover percentage,41.8,Affiliated Entity Performance 20250527.csv,2026-01-26T14:50:29.817277,217.0
EF1CED1D392363F0,EXCELSIOR CARE GROUP,,2025-05,monthly,Average total weekend nurse hours per resident day,3.1,Affiliated Entity Performance 20250527.csv,2026-01-26T14:50:29.817277,217.0
EF1CED1D392363F0,EXCELSIOR CARE GROUP,,2025-05,monthly,Number of SFF candidates,0.0,Affiliated Entity Performance 20250527.csv,2026-01-26T14:50:29.817277,217.0
EF1CED1D392363F0,EXCELSIOR CARE GROUP,,2025-05,monthly,Number of Special Focus Facilities (SFF),0.0,Affiliated Entity Performance 20250527.csv,2026-01-26T14:50:29.817277,217.0
EF1CED1D392363F0,EXCELSIOR CARE GROUP,,2025-05,monthly,Number of facilities,22.0,Affiliated Entity Performance 20250527.csv,2026-01-26T14:50:29.817277,217.0
EF1CED1D392363F0,EXCELSIOR CARE GROUP,,2025-05,monthly,Number of facilities with an abuse icon,1.0,Affiliated Entity Performance 20250527.csv,2026-01-26T14:50:29.817277,217.0
EF1CED1D392363F0,EXCELSIOR CARE GROUP,,2025-05,monthly,Number of states and territories with operations,3.0,Affiliated Entity Performance 20250527.csv,2026-01-26T14:50:29.817277,217.0
EF1CED1D392363F0,EXCELSIOR CARE GROUP,,2025-05,monthly,Percent of facilities classified as for-profit,100.0,Affiliated Entity Performance 20250527.csv,2026-01-26T14:50:29.817277,217.0
EF1CED1D392363F0,EXCELSIOR CARE GROUP,,2025-05,monthly,Percent of facilities classified as government-owned,0.0,Affiliated Entity Performance 20250527.csv,2026-01-26T14:50:29.817277,217.0
EF1CED1D392363F0,EXCELSIOR CARE GROUP,,2025-05,monthly,Percent of facilities classified as non-profit,0.0,Affiliated Entity Performance 20250527.csv,2026-01-26T14:50:29.817277,217.0
EF1CED1D392363F0,EXCELSIOR CARE GROUP,,2025-05,monthly,Percentage of facilities with an abuse icon,4.5,Affiliated Entity Performance 20250527.csv,2026-01-26T14:50:29.817277,217.0
EF1CED1D392363F0,EXCELSIOR CARE GROUP,,2025-05,monthly,Total amount of fines in dollars,506099.31,Affiliated Entity Performance 20250527.csv,2026-01-26T14:50:29.817277,217.0
EF1CED1D392363F0,EXCELSIOR CARE GROUP,,2025-05,monthly,Total number of fines,56.0,Affiliated Entity Performance 20250527.csv,2026-01-26T14:50:29.817277,217.0
EF1CED1D392363F0,EXCELSIOR CARE GROUP,,2025-05,monthly,Total number of payment denials,0.0,Affiliated Entity Performance 20250527.csv,2026-01-26T14:50:29.817277,217.0
EF1CED1D392363F0,EXCELSIOR CARE GROUP,,2025-06,monthly,Average Registered Nurse turnover percentage,48.1,Affiliated Entity Performance 20250626.csv,2026-01-26T14:50:30.320353,217.0
EF1CED1D392363F0,EXCELSIOR CARE GROUP,,2025-06,monthly,Average amount of fines in dollars,41356.79,Affiliated Entity Performance 20250626.csv,2026-01-26T14:50:30.320353,217.0
EF1CED1D392363F0,EXCELSIOR CARE GROUP,,2025-06,monthly,Average health inspection rating,2.5,Affiliated Entity Performance 20250626.csv,2026-01-26T14:50:30.320353,217.0
EF1CED1D392363F0,EXCELSIOR CARE GROUP,,2025-06,monthly,Average number of administrators who have left the nursing home,1.0,Affiliated Entity Performance 20250626.csv,2026-01-26T14:50:30.320353,217.0
EF1CED1D392363F0,EXCELSIOR CARE GROUP,,2025-06,monthly,Average number of fines,2.5,Affiliated Entity Performance 20250626.csv,2026-01-26T14:50:30.320353,217.0
EF1CED1D392363F0,EXCELSIOR CARE GROUP,,2025-06,monthly,"Average number of hospitalizations per 1,000 long-stay resident days",1.58,Affiliated Entity Performance 20250626.csv,2026-01-26T14:50:30.320353,217.0
EF1CED1D392363F0,EXCELSIOR CARE GROUP,,2025-06,monthly,"Average number of outpatient emergency department visits per 1,000 long-stay resident days",0.94,Affiliated Entity Performance 20250626.csv,2026-01-26T14:50:30.320353,217.0
EF1CED1D392363F0,EXCELSIOR CARE GROUP,,2025-06,monthly,Average number of payment denials,0.0,Affiliated Entity Performance 20250626.csv,2026-01-26T14:50:30.320353,217.0
EF1CED1D392363F0,EXCELSIOR CARE GROUP,,2025-06,monthly,Average overall 5-star rating,2.7,Affiliated Entity Performance 20250626.csv,2026-01-26T14:50:30.320353,217.0
EF1CED1D392363F0,EXCELSIOR CARE GROUP,,2025-06,monthly,Average percentage of current residents up to date with COVID-19 vaccines,17.2,Affiliated Entity Performance 20250626.csv,2026-01-26T14:50:30.320353,217.0
EF1CED1D392363F0,EXCELSIOR CARE GROUP,,2025-06,monthly,Average percentage of healthcare personnel up to date with COVID-19 vaccines,11.4,Affiliated Entity Performance 20250626.csv,2026-01-26T14:50:30.320353,217.0
EF1CED1D392363F0,EXCELSIOR CARE GROUP,,2025-06,monthly,Average percentage of long-stay residents experiencing one or more falls with major injury,1.9,Affiliated Entity Performance 20250626.csv,2026-01-26T14:50:30.320353,217.0
EF1CED1D392363F0,EXCELSIOR CARE GROUP,,2025-06,monthly,Average percentage of long-stay residents who have or had a catheter inserted and left in their bladder,0.3,Affiliated Entity Performance 20250626.csv,2026-01-26T14:50:30.320353,217.0
EF1CED1D392363F0,EXCELSIOR CARE GROUP,,2025-06,monthly,Average percentage of long-stay residents who have symptoms of depression,28.3,Affiliated Entity Performance 20250626.csv,2026-01-26T14:50:30.320353,217.0
EF1CED1D392363F0,EXCELSIOR CARE GROUP,,2025-06,monthly,Average percentage of long-stay residents who lose too much weight,7.2,Affiliated Entity Performance 20250626.csv,2026-01-26T14:50:30.320353,217.0
EF1CED1D392363F0,EXCELSIOR CARE GROUP,,2025-06,monthly,Average percentage of long-stay residents who received an antipsychotic medication,10.8,Affiliated Entity Performance 20250626.csv,2026-01-26T14:50:30.320353,217.0
EF1CED1D392363F0,EXCELSIOR CARE GROUP,,2025-06,monthly,Average percentage of long-stay residents who used antianxiety or hypnotic medication,15.7,Affiliated Entity Performance 20250626.csv,2026-01-26T14:50:30.320353,217.0
EF1CED1D392363F0,EXCELSIOR CARE GROUP,,2025-06,monthly,Average percentage of long-stay residents who were assessed and appropriately given the pneumococcal vaccine,92.5,Affiliated Entity Performance 20250626.csv,2026-01-26T14:50:30.320353,217.0
EF1CED1D392363F0,EXCELSIOR CARE GROUP,,2025-06,monthly,Average percentage of long-stay residents who were assessed and appropriately given the seasonal influenza vaccine,97.1,Affiliated Entity Performance 20250626.csv,2026-01-26T14:50:30.320353,217.0
EF1CED1D392363F0,EXCELSIOR CARE GROUP,,2025-06,monthly,Average percentage of long-stay residents who were physically restrained,0.0,Affiliated Entity Performance 20250626.csv,2026-01-26T14:50:30.320353,217.0
EF1CED1D392363F0,EXCELSIOR CARE GROUP,,2025-06,monthly,Average percentage of long-stay residents whose ability to move independently worsened,12.2,Affiliated Entity Performance 20250626.csv,2026-01-26T14:50:30.320353,217.0
EF1CED1D392363F0,EXCELSIOR CARE GROUP,,2025-06,monthly,Average percentage of long-stay residents whose need for help with activities of daily living has increased,10.8,Affiliated Entity Performance 20250626.csv,2026-01-26T14:50:30.320353,217.0
EF1CED1D392363F0,EXCELSIOR CARE GROUP,,2025-06,monthly,Average percentage of long-stay residents with a urinary tract infection,0.5,Affiliated Entity Performance 20250626.csv,2026-01-26T14:50:30.320353,217.0
EF1CED1D392363F0,EXCELSIOR CARE GROUP,,2025-06,monthly,Average percentage of long-stay residents with new or worsened bowel or bladder incontinence,9.5,Affiliated Entity Performance 20250626.csv,2026-01-26T14:50:30.320353,217.0
EF1CED1D392363F0,EXCELSIOR CARE GROUP,,2025-06,monthly,Average percentage of long-stay residents with pressure ulcers,7.9,Affiliated Entity Performance 20250626.csv,2026-01-26T14:50:30.320353,217.0
EF1CED1D392363F0,EXCELSIOR CARE GROUP,,2025-06,monthly,Average percentage of short-stay residents who are at or above an expected ability to care for themselves and move around at discharge,53.3,Affiliated Entity Performance 20250626.csv,2026-01-26T14:50:30.320353,217.0
EF1CED1D392363F0,EXCELSIOR CARE GROUP,,2025-06,monthly,Average percentage of short-stay residents who have had an outpatient emergency department visit,7.1,Affiliated Entity Performance 20250626.csv,2026-01-26T14:50:30.320353,217.0
EF1CED1D392363F0,EXCELSIOR CARE GROUP,,2025-06,monthly,Average percentage of short-stay residents who newly received an antipsychotic medication,1.5,Affiliated Entity Performance 20250626.csv,2026-01-26T14:50:30.320353,217.0
EF1CED1D392363F0,EXCELSIOR CARE GROUP,,2025-06,monthly,Average percentage of short-stay residents who were assessed and appropriately given the pneumococcal vaccine,79.5,Affiliated Entity Performance 20250626.csv,2026-01-26T14:50:30.320353,217.0
EF1CED1D392363F0,EXCELSIOR CARE GROUP,,2025-06,monthly,Average percentage of short-stay residents who were assessed and appropriately given the seasonal influenza vaccine,80.6,Affiliated Entity Performance 20250626.csv,2026-01-26T14:50:30.320353,217.0
EF1CED1D392363F0,EXCELSIOR CARE GROUP,,2025-06,monthly,Average percentage of short-stay residents who were re-hospitalized after a nursing home admission,24.6,Affiliated Entity Performance 20250626.csv,2026-01-26T14:50:30.320353,217.0
EF1CED1D392363F0,EXCELSIOR CARE GROUP,,2025-06,monthly,Average percentage of short-stay residents with pressure ulcers or pressure injuries that are new or worsened,2.2,Affiliated Entity Performance 20250626.csv,2026-01-26T14:50:30.320353,217.0
EF1CED1D392363F0,EXCELSIOR CARE GROUP,,2025-06,monthly,Average quality rating,4.4,Affiliated Entity Performance 20250626.csv,2026-01-26T14:50:30.320353,217.0
EF1CED1D392363F0,EXCELSIOR CARE GROUP,,2025-06,monthly,Average rate of potentially preventable hospital readmissions 30 days after discharge from a SNF,10.5,Affiliated Entity Performance 20250626.csv,2026-01-26T14:50:30.320353,217.0
EF1CED1D392363F0,EXCELSIOR CARE GROUP,,2025-06,monthly,Average staffing rating,2.0,Affiliated Entity Performance 20250626.csv,2026-01-26T14:50:30.320353,217.0
EF1CED1D392363F0,EXCELSIOR CARE GROUP,,2025-06,monthly,Average total Registered Nurse hours per resident day,0.5,Affiliated Entity Performance 20250626.csv,2026-01-26T14:50:30.320353,217.0
EF1CED1D392363F0,EXCELSIOR CARE GROUP,,2025-06,monthly,Average total nurse hours per resident day,3.3,Affiliated Entity Performance 20250626.csv,2026-01-26T14:50:30.320353,217.0
EF1CED1D392363F0,EXCELSIOR CARE GROUP,,2025-06,monthly,Average total nursing staff turnover percentage,41.8,Affiliated Entity Performance 20250626.csv,2026-01-26T14:50:30.320353,217.0
EF1CED1D392363F0,EXCELSIOR CARE GROUP,,2025-06,monthly,Average total weekend nurse hours per resident day,3.1,Affiliated Entity Performance 20250626.csv,2026-01-26T14:50:30.320353,217.0
EF1CED1D392363F0,EXCELSIOR CARE GROUP,,2025-06,monthly,Number of SFF candidates,0.0,Affiliated Entity Performance 20250626.csv,2026-01-26T14:50:30.320353,217.0
EF1CED1D392363F0,EXCELSIOR CARE GROUP,,2025-06,monthly,Number of Special Focus Facilities (SFF),0.0,Affiliated Entity Performance 20250626.csv,2026-01-26T14:50:30.320353,217.0
EF1CED1D392363F0,EXCELSIOR CARE GROUP,,2025-06,monthly,Number of facilities,22.0,Affiliated Entity Performance 20250626.csv,2026-01-26T14:50:30.320353,217.0
EF1CED1D392363F0,EXCELSIOR CARE GROUP,,2025-06,monthly,Number of facilities with an abuse icon,2.0,Affiliated Entity Performance 20250626.csv,2026-01-26T14:50:30.320353,217.0
EF1CED1D392363F0,EXCELSIOR CARE GROUP,,2025-06,monthly,Number of states and territories with operations,3.0,Affiliated Entity Performance 20250626.csv,2026-01-26T14:50:30.320353,217.0
EF1CED1D392363F0,EXCELSIOR CARE GROUP,,2025-06,monthly,Percent of facilities classified as for-profit,100.0,Affiliated Entity Performance 20250626.csv,2026-01-26T14:50:30.320353,217.0
EF1CED1D392363F0,EXCELSIOR CARE GROUP,,2025-06,monthly,Percent of facilities classified as government-owned,0.0,Affiliated Entity Performance 20250626.csv,2026-01-26T14:50:30.320353,217.0
EF1CED1D392363F0,EXCELSIOR CARE GROUP,,2025-06,monthly,Percent of facilities classified as non-profit,0.0,Affiliated Entity Performance 20250626.csv,2026-01-26T14:50:30.320353,217.0
EF1CED1D392363F0,EXCELSIOR CARE GROUP,,2025-06,monthly,Percentage of facilities with an abuse icon,9.1,Affiliated Entity Performance 20250626.csv,2026-01-26T14:50:30.320353,217.0
EF1CED1D392363F0,EXCELSIOR CARE GROUP,,2025-06,monthly,Total amount of fines in dollars,909849.31,Affiliated Entity Performance 20250626.csv,2026-01-26T14:50:30.320353,217.0
EF1CED1D392363F0,EXCELSIOR CARE GROUP,,2025-06,monthly,Total number of fines,56.0,Affiliated Entity Performance 20250626.csv,2026-01-26T14:50:30.320353,217.0
EF1CED1D392363F0,EXCELSIOR CARE GROUP,,2025-06,monthly,Total number of payment denials,0.0,Affiliated Entity Performance 20250626.csv,2026-01-26T14:50:30.320353,217.0
EF1CED1D392363F0,EXCELSIOR CARE GROUP,,2025-07,monthly,Average Registered Nurse turnover percentage,44.0,Chain Performance 20250730.csv,2026-01-26T14:50:30.846590,217.0
EF1CED1D392363F0,EXCELSIOR CARE GROUP,,2025-07,monthly,Average amount of fines in dollars,38789.51,Chain Performance 20250730.csv,2026-01-26T14:50:30.846590,217.0
EF1CED1D392363F0,EXCELSIOR CARE GROUP,,2025-07,monthly,Average health inspection rating,2.5,Chain Performance 20250730.csv,2026-01-26T14:50:30.846590,217.0
EF1CED1D392363F0,EXCELSIOR CARE GROUP,,2025-07,monthly,Average number of administrators who have left the nursing home,1.2,Chain Performance 20250730.csv,2026-01-26T14:50:30.846590,217.0
EF1CED1D392363F0,EXCELSIOR CARE GROUP,,2025-07,monthly,Average number of fines,2.3,Chain Performance 20250730.csv,2026-01-26T14:50:30.846590,217.0
EF1CED1D392363F0,EXCELSIOR CARE GROUP,,2025-07,monthly,"Average number of hospitalizations per 1,000 long-stay resident days",1.73,Chain Performance 20250730.csv,2026-01-26T14:50:30.846590,217.0
EF1CED1D392363F0,EXCELSIOR CARE GROUP,,2025-07,monthly,"Average number of outpatient emergency department visits per 1,000 long-stay resident days",0.97,Chain Performance 20250730.csv,2026-01-26T14:50:30.846590,217.0
EF1CED1D392363F0,EXCELSIOR CARE GROUP,,2025-07,monthly,Average number of payment denials,0.0,Chain Performance 20250730.csv,2026-01-26T14:50:30.846590,217.0
EF1CED1D392363F0,EXCELSIOR CARE GROUP,,2025-07,monthly,Average overall 5-star rating,2.9,Chain Performance 20250730.csv,2026-01-26T14:50:30.846590,217.0
EF1CED1D392363F0,EXCELSIOR CARE GROUP,,2025-07,monthly,Average percentage of long-stay residents experiencing one or more falls with major injury,2.2,Chain Performance 20250730.csv,2026-01-26T14:50:30.846590,217.0
EF1CED1D392363F0,EXCELSIOR CARE GROUP,,2025-07,monthly,Average percentage of long-stay residents who have or had a catheter inserted and left in their bladder,0.2,Chain Performance 20250730.csv,2026-01-26T14:50:30.846590,217.0
EF1CED1D392363F0,EXCELSIOR CARE GROUP,,2025-07,monthly,Average percentage of long-stay residents who have symptoms of depression,27.0,Chain Performance 20250730.csv,2026-01-26T14:50:30.846590,217.0
EF1CED1D392363F0,EXCELSIOR CARE GROUP,,2025-07,monthly,Average percentage of long-stay residents who lose too much weight,7.1,Chain Performance 20250730.csv,2026-01-26T14:50:30.846590,217.0
EF1CED1D392363F0,EXCELSIOR CARE GROUP,,2025-07,monthly,Average percentage of long-stay residents who received an antipsychotic medication,9.9,Chain Performance 20250730.csv,2026-01-26T14:50:30.846590,217.0
EF1CED1D392363F0,EXCELSIOR CARE GROUP,,2025-07,monthly,Average percentage of long-stay residents who used antianxiety or hypnotic medication,15.7,Chain Performance 20250730.csv,2026-01-26T14:50:30.846590,217.0
EF1CED1D392363F0,EXCELSIOR CARE GROUP,,2025-07,monthly,Average percentage of long-stay residents who were assessed and appropriately given the pneumococcal vaccine,93.5,Chain Performance 20250730.csv,2026-01-26T14:50:30.846590,217.0
EF1CED1D392363F0,EXCELSIOR CARE GROUP,,2025-07,monthly,Average percentage of long-stay residents who were assessed and appropriately given the seasonal influenza vaccine,97.4,Chain Performance 20250730.csv,2026-01-26T14:50:30.846590,217.0
EF1CED1D392363F0,EXCELSIOR CARE GROUP,,2025-07,monthly,Average percentage of long-stay residents who were physically restrained,0.0,Chain Performance 20250730.csv,2026-01-26T14:50:30.846590,217.0
EF1CED1D392363F0,EXCELSIOR CARE GROUP,,2025-07,monthly,Average percentage of long-stay residents whose ability to move independently worsened,10.4,Chain Performance 20250730.csv,2026-01-26T14:50:30.846590,217.0
EF1CED1D392363F0,EXCELSIOR CARE GROUP,,2025-07,monthly,Average percentage of long-stay residents whose need for help with activities of daily living has increased,9.8,Chain Performance 20250730.csv,2026-01-26T14:50:30.846590,217.0
EF1CED1D392363F0,EXCELSIOR CARE GROUP,,2025-07,monthly,Average percentage of long-stay residents with a urinary tract infection,0.3,Chain Performance 20250730.csv,2026-01-26T14:50:30.846590,217.0
EF1CED1D392363F0,EXCELSIOR CARE GROUP,,2025-07,monthly,Average percentage of long-stay residents with new or worsened bowel or bladder incontinence,10.6,Chain Performance 20250730.csv,2026-01-26T14:50:30.846590,217.0
EF1CED1D392363F0,EXCELSIOR CARE GROUP,,2025-07,monthly,Average percentage of long-stay residents with pressure ulcers,7.0,Chain Performance 20250730.csv,2026-01-26T14:50:30.846590,217.0
EF1CED1D392363F0,EXCELSIOR CARE GROUP,,2025-07,monthly,Average percentage of short-stay residents who are at or above an expected ability to care for themselves and move around at discharge,55.4,Chain Performance 20250730.csv,2026-01-26T14:50:30.846590,217.0
EF1CED1D392363F0,EXCELSIOR CARE GROUP,,2025-07,monthly,Average percentage of short-stay residents who have had an outpatient emergency department visit,7.0,Chain Performance 20250730.csv,2026-01-26T14:50:30.846590,217.0
EF1CED1D392363F0,EXCELSIOR CARE GROUP,,2025-07,monthly,Average percentage of short-stay residents who newly received an antipsychotic medication,1.9,Chain Performance 20250730.csv,2026-01-26T14:50:30.846590,217.0
EF1CED1D392363F0,EXCELSIOR CARE GROUP,,2025-07,monthly,Average percentage of short-stay residents who were assessed and appropriately given the pneumococcal vaccine,82.5,Chain Performance 20250730.csv,2026-01-26T14:50:30.846590,217.0
EF1CED1D392363F0,EXCELSIOR CARE GROUP,,2025-07,monthly,Average percentage of short-stay residents who were assessed and appropriately given the seasonal influenza vaccine,82.1,Chain Performance 20250730.csv,2026-01-26T14:50:30.846590,217.0
EF1CED1D392363F0,EXCELSIOR CARE GROUP,,2025-07,monthly,Average percentage of short-stay residents who were re-hospitalized after a nursing home admission,23.9,Chain Performance 20250730.csv,2026-01-26T14:50:30.846590,217.0
EF1CED1D392363F0,EXCELSIOR CARE GROUP,,2025-07,monthly,Average percentage of short-stay residents with pressure ulcers or pressure injuries that are new or worsened,2.1,Chain Performance 20250730.csv,2026-01-26T14:50:30.846590,217.0
EF1CED1D392363F0,EXCELSIOR CARE GROUP,,2025-07,monthly,Average quality rating,4.5,Chain Performance 20250730.csv,2026-01-26T14:50:30.846590,217.0
EF1CED1D392363F0,EXCELSIOR CARE GROUP,,2025-07,monthly,Average rate of potentially preventable hospital readmissions 30 days after discharge from a SNF,10.8,Chain Performance 20250730.csv,2026-01-26T14:50:30.846590,217.0
EF1CED1D392363F0,EXCELSIOR CARE GROUP,,2025-07,monthly,Average staffing rating,2.4,Chain Performance 20250730.csv,2026-01-26T14:50:30.846590,217.0
EF1CED1D392363F0,EXCELSIOR CARE GROUP,,2025-07,monthly,Average total Registered Nurse hours per resident day,0.6,Chain Performance 20250730.csv,2026-01-26T14:50:30.846590,217.0
EF1CED1D392363F0,EXCELSIOR CARE GROUP,,2025-07,monthly,Average total nurse hours per resident day,3.3,Chain Performance 20250730.csv,2026-01-26T14:50:30.846590,217.0
EF1CED1D392363F0,EXCELSIOR CARE GROUP,,2025-07,monthly,Average total nursing staff turnover percentage,38.1,Chain Performance 20250730.csv,2026-01-26T14:50:30.846590,217.0
EF1CED1D392363F0,EXCELSIOR CARE GROUP,,2025-07,monthly,Average total weekend nurse hours per resident day,3.1,Chain Performance 20250730.csv,2026-01-26T14:50:30.846590,217.0
EF1CED1D392363F0,EXCELSIOR CARE GROUP,,2025-07,monthly,Number of SFF candidates,1.0,Chain Performance 20250730.csv,2026-01-26T14:50:30.846590,217.0
EF1CED1D392363F0,EXCELSIOR CARE GROUP,,2025-07,monthly,Number of Special Focus Facilities (SFF),0.0,Chain Performance 20250730.csv,2026-01-26T14:50:30.846590,217.0
EF1CED1D392363F0,EXCELSIOR CARE GROUP,,2025-07,monthly,Number of facilities,26.0,Chain Performance 20250730.csv,2026-01-26T14:50:30.846590,217.0
EF1CED1D392363F0,EXCELSIOR CARE GROUP,,2025-07,monthly,Number of facilities with an abuse icon,3.0,Chain Performance 20250730.csv,2026-01-26T14:50:30.846590,217.0
EF1CED1D392363F0,EXCELSIOR CARE GROUP,,2025-07,monthly,Number of states and territories with operations,3.0,Chain Performance 20250730.csv,2026-01-26T14:50:30.846590,217.0
EF1CED1D392363F0,EXCELSIOR CARE GROUP,,2025-07,monthly,Percent of facilities classified as for-profit,100.0,Chain Performance 20250730.csv,2026-01-26T14:50:30.846590,217.0
EF1CED1D392363F0,EXCELSIOR CARE GROUP,,2025-07,monthly,Percent of facilities classified as government-owned,0.0,Chain Performance 20250730.csv,2026-01-26T14:50:30.846590,217.0
EF1CED1D392363F0,EXCELSIOR CARE GROUP,,2025-07,monthly,Percent of facilities classified as non-profit,0.0,Chain Performance 20250730.csv,2026-01-26T14:50:30.846590,217.0
EF1CED1D392363F0,EXCELSIOR CARE GROUP,,2025-07,monthly,Percentage of facilities with an abuse icon,11.5,Chain Performance 20250730.csv,2026-01-26T14:50:30.846590,217.0
EF1CED1D392363F0,EXCELSIOR CARE GROUP,,2025-07,monthly,Total amount of fines in dollars,1008527.21,Chain Performance 20250730.csv,2026-01-26T14:50:30.846590,217.0
EF1CED1D392363F0,EXCELSIOR CARE GROUP,,2025-07,monthly,Total number of fines,59.0,Chain Performance 20250730.csv,2026-01-26T14:50:30.846590,217.0
EF1CED1D392363F0,EXCELSIOR CARE GROUP,,2025-07,monthly,Total number of payment denials,0.0,Chain Performance 20250730.csv,2026-01-26T14:50:30.846590,217.0
EF1CED1D392363F0,EXCELSIOR CARE GROUP,,2025-11,monthly,Average Registered Nurse turnover percentage,48.3,Chain_Performance_20251205.csv,2026-01-26T14:50:31.881497,217.0
EF1CED1D392363F0,EXCELSIOR CARE GROUP,,2025-11,monthly,Average amount of fines in dollars,33617.27,Chain_Performance_20251205.csv,2026-01-26T14:50:31.881497,217.0
EF1CED1D392363F0,EXCELSIOR CARE GROUP,,2025-11,monthly,Average health inspection rating,2.2,Chain_Performance_20251205.csv,2026-01-26T14:50:31.881497,217.0
EF1CED1D392363F0,EXCELSIOR CARE GROUP,,2025-11,monthly,Average number of administrators who have left the nursing home,1.0,Chain_Performance_20251205.csv,2026-01-26T14:50:31.881497,217.0
EF1CED1D392363F0,EXCELSIOR CARE GROUP,,2025-11,monthly,Average number of fines,2.6,Chain_Performance_20251205.csv,2026-01-26T14:50:31.881497,217.0
EF1CED1D392363F0,EXCELSIOR CARE GROUP,,2025-11,monthly,"Average number of hospitalizations per 1,000 long-stay resident days",1.74,Chain_Performance_20251205.csv,2026-01-26T14:50:31.881497,217.0
EF1CED1D392363F0,EXCELSIOR CARE GROUP,,2025-11,monthly,"Average number of outpatient emergency department visits per 1,000 long-stay resident days",1.09,Chain_Performance_20251205.csv,2026-01-26T14:50:31.881497,217.0
EF1CED1D392363F0,EXCELSIOR CARE GROUP,,2025-11,monthly,Average number of payment denials,0.0,Chain_Performance_20251205.csv,2026-01-26T14:50:31.881497,217.0
EF1CED1D392363F0,EXCELSIOR CARE GROUP,,2025-11,monthly,Average overall 5-star rating,2.8,Chain_Performance_20251205.csv,2026-01-26T14:50:31.881497,217.0
EF1CED1D392363F0,EXCELSIOR CARE GROUP,,2025-11,monthly,Average percentage of long-stay residents experiencing one or more falls with major injury,2.1,Chain_Performance_20251205.csv,2026-01-26T14:50:31.881497,217.0
EF1CED1D392363F0,EXCELSIOR CARE GROUP,,2025-11,monthly,Average percentage of long-stay residents who have or had a catheter inserted and left in their bladder,0.2,Chain_Performance_20251205.csv,2026-01-26T14:50:31.881497,217.0
EF1CED1D392363F0,EXCELSIOR CARE GROUP,,2025-11,monthly,Average percentage of long-stay residents who have symptoms of depression,23.1,Chain_Performance_20251205.csv,2026-01-26T14:50:31.881497,217.0
EF1CED1D392363F0,EXCELSIOR CARE GROUP,,2025-11,monthly,Average percentage of long-stay residents who lose too much weight,7.2,Chain_Performance_20251205.csv,2026-01-26T14:50:31.881497,217.0
EF1CED1D392363F0,EXCELSIOR CARE GROUP,,2025-11,monthly,Average percentage of long-stay residents who received an antipsychotic medication,9.1,Chain_Performance_20251205.csv,2026-01-26T14:50:31.881497,217.0
EF1CED1D392363F0,EXCELSIOR CARE GROUP,,2025-11,monthly,Average percentage of long-stay residents who used antianxiety or hypnotic medication,15.5,Chain_Performance_20251205.csv,2026-01-26T14:50:31.881497,217.0
EF1CED1D392363F0,EXCELSIOR CARE GROUP,,2025-11,monthly,Average percentage of long-stay residents who were assessed and appropriately given the  pneumococcal vaccine,94.6,Nursing_Home_Chain_Performance_Measures_Nov_2025.csv,2026-01-26T13:31:01.561222,
EF1CED1D392363F0,EXCELSIOR CARE GROUP,,2025-11,monthly,Average percentage of long-stay residents who were assessed and appropriately given the pneumococcal vaccine,94.6,Chain_Performance_20251205.csv,2026-01-26T14:50:31.881497,217.0
EF1CED1D392363F0,EXCELSIOR CARE GROUP,,2025-11,monthly,Average percentage of long-stay residents who were assessed and appropriately given the seasonal influenza vaccine,98.1,Chain_Performance_20251205.csv,2026-01-26T14:50:31.881497,217.0
EF1CED1D392363F0,EXCELSIOR CARE GROUP,,2025-11,monthly,Average percentage of long-stay residents who were physically restrained,0.0,Chain_Performance_20251205.csv,2026-01-26T14:50:31.881497,217.0
EF1CED1D392363F0,EXCELSIOR CARE GROUP,,2025-11,monthly,Average percentage of long-stay residents whose ability to move independently worsened,9.9,Chain_Performance_20251205.csv,2026-01-26T14:50:31.881497,217.0
EF1CED1D392363F0,EXCELSIOR CARE GROUP,,2025-11,monthly,Average percentage of long-stay residents whose need for help with activities of daily living has increased,9.1,Chain_Performance_20251205.csv,2026-01-26T14:50:31.881497,217.0
EF1CED1D392363F0,EXCELSIOR CARE GROUP,,2025-11,monthly,Average percentage of long-stay residents with a urinary tract infection,0.3,Chain_Performance_20251205.csv,2026-01-26T14:50:31.881497,217.0
EF1CED1D392363F0,EXCELSIOR CARE GROUP,,2025-11,monthly,Average percentage of long-stay residents with new or worsened bowel or bladder incontinence,10.0,Chain_Performance_20251205.csv,2026-01-26T14:50:31.881497,217.0
EF1CED1D392363F0,EXCELSIOR CARE GROUP,,2025-11,monthly,Average percentage of long-stay residents with pressure ulcers,6.6,Chain_Performance_20251205.csv,2026-01-26T14:50:31.881497,217.0
EF1CED1D392363F0,EXCELSIOR CARE GROUP,,2025-11,monthly,Average percentage of short-stay residents who are at or above an expected ability to care for themselves and move around at discharge,57.2,Chain_Performance_20251205.csv,2026-01-26T14:50:31.881497,217.0
EF1CED1D392363F0,EXCELSIOR CARE GROUP,,2025-11,monthly,Average percentage of short-stay residents who have had an outpatient emergency department visit,8.5,Chain_Performance_20251205.csv,2026-01-26T14:50:31.881497,217.0
EF1CED1D392363F0,EXCELSIOR CARE GROUP,,2025-11,monthly,Average percentage of short-stay residents who newly received an antipsychotic medication,1.8,Chain_Performance_20251205.csv,2026-01-26T14:50:31.881497,217.0
EF1CED1D392363F0,EXCELSIOR CARE GROUP,,2025-11,monthly,Average percentage of short-stay residents who were assessed and appropriately given the  pneumococcal vaccine,85.6,Nursing_Home_Chain_Performance_Measures_Nov_2025.csv,2026-01-26T13:31:01.561222,
EF1CED1D392363F0,EXCELSIOR CARE GROUP,,2025-11,monthly,Average percentage of short-stay residents who were assessed and appropriately given the pneumococcal vaccine,85.6,Chain_Performance_20251205.csv,2026-01-26T14:50:31.881497,217.0
EF1CED1D392363F0,EXCELSIOR CARE GROUP,,2025-11,monthly,Average percentage of short-stay residents who were assessed and appropriately given the seasonal influenza vaccine,88.7,Chain_Performance_20251205.csv,2026-01-26T14:50:31.881497,217.0
EF1CED1D392363F0,EXCELSIOR CARE GROUP,,2025-11,monthly,Average percentage of short-stay residents who were re-hospitalized after a nursing home admission,23.5,Chain_Performance_20251205.csv,2026-01-26T14:50:31.881497,217.0
EF1CED1D392363F0,EXCELSIOR CARE GROUP,,2025-11,monthly,Average percentage of short-stay residents with pressure ulcers or pressure injuries that are new or worsened,2.2,Chain_Performance_20251205.csv,2026-01-26T14:50:31.881497,217.0
EF1CED1D392363F0,EXCELSIOR CARE GROUP,,2025-11,monthly,Average quality rating,4.5,Chain_Performance_20251205.csv,2026-01-26T14:50:31.881497,217.0
EF1CED1D392363F0,EXCELSIOR CARE GROUP,,2025-11,monthly,Average rate of potentially preventable hospital readmissions 30 days after discharge from a SNF,10.9,Chain_Performance_20251205.csv,2026-01-26T14:50:31.881497,217.0
EF1CED1D392363F0,EXCELSIOR CARE GROUP,,2025-11,monthly,Average staffing rating,2.6,Chain_Performance_20251205.csv,2026-01-26T14:50:31.881497,217.0
EF1CED1D392363F0,EXCELSIOR CARE GROUP,,2025-11,monthly,Average total Registered Nurse hours per resident day,0.6,Chain_Performance_20251205.csv,2026-01-26T14:50:31.881497,217.0
EF1CED1D392363F0,EXCELSIOR CARE GROUP,,2025-11,monthly,Average total nurse hours per resident day,3.4,Chain_Performance_20251205.csv,2026-01-26T14:50:31.881497,217.0
EF1CED1D392363F0,EXCELSIOR CARE GROUP,,2025-11,monthly,Average total nursing staff turnover percentage,40.6,Chain_Performance_20251205.csv,2026-01-26T14:50:31.881497,217.0
EF1CED1D392363F0,EXCELSIOR CARE GROUP,,2025-11,monthly,Average total weekend nurse hours per resident day,3.1,Chain_Performance_20251205.csv,2026-01-26T14:50:31.881497,217.0
EF1CED1D392363F0,EXCELSIOR CARE GROUP,,2025-11,monthly,Number of SFF candidates,1.0,Chain_Performance_20251205.csv,2026-01-26T14:50:31.881497,217.0
EF1CED1D392363F0,EXCELSIOR CARE GROUP,,2025-11,monthly,Number of Special Focus Facilities (SFF),0.0,Chain_Performance_20251205.csv,2026-01-26T14:50:31.881497,217.0
EF1CED1D392363F0,EXCELSIOR CARE GROUP,,2025-11,monthly,Number of facilities,33.0,Chain_Performance_20251205.csv,2026-01-26T14:50:31.881497,217.0
EF1CED1D392363F0,EXCELSIOR CARE GROUP,,2025-11,monthly,Number of facilities with an abuse icon,6.0,Chain_Performance_20251205.csv,2026-01-26T14:50:31.881497,217.0
EF1CED1D392363F0,EXCELSIOR CARE GROUP,,2025-11,monthly,Number of states and territories with operations,3.0,Chain_Performance_20251205.csv,2026-01-26T14:50:31.881497,217.0
EF1CED1D392363F0,EXCELSIOR CARE GROUP,,2025-11,monthly,Percent of facilities classified as for-profit,100.0,Chain_Performance_20251205.csv,2026-01-26T14:50:31.881497,217.0
EF1CED1D392363F0,EXCELSIOR CARE GROUP,,2025-11,monthly,Percent of facilities classified as government-owned,0.0,Chain_Performance_20251205.csv,2026-01-26T14:50:31.881497,217.0
EF1CED1D392363F0,EXCELSIOR CARE GROUP,,2025-11,monthly,Percent of facilities classified as non-profit,0.0,Chain_Performance_20251205.csv,2026-01-26T14:50:31.881497,217.0
EF1CED1D392363F0,EXCELSIOR CARE GROUP,,2025-11,monthly,Percentage of facilities with an abuse icon,18.18,Chain_Performance_20251205.csv,2026-01-26T14:50:31.881497,217.0
EF1CED1D392363F0,EXCELSIOR CARE GROUP,,2025-11,monthly,Total amount of fines in dollars,1109370.0,Chain_Performance_20251205.csv,2026-01-26T14:50:31.881497,217.0
EF1CED1D392363F0,EXCELSIOR CARE GROUP,,2025-11,monthly,Total number of fines,87.0,Chain_Performance_20251205.csv,2026-01-26T14:50:31.881497,217.0
EF1CED1D392363F0,EXCELSIOR CARE GROUP,,2025-11,monthly,Total number of payment denials,0.0,Chain_Performance_20251205.csv,2026-01-26T14:50:31.881497,217.0
