CY_Qtr,STATE,Facility_Count,Census,Total_Nurse_HPRD,Nurse_Care_HPRD,Total_RN_HPRD,Direct_Care_RN_HPRD,Contract_Percentage,State_Census
2017Q1,AK,10,46.07555555555555,6.609886177293333,5.954250265264783,1.7644299218674642,1.1261748818365969,0.46506959754214144,460.75555555555553
2017Q2,AK,11,43.387612387612386,6.677981165526928,6.035631000897976,1.8136692684948539,1.1880007368009025,1.9504784654351217,477.26373626373623
2017Q3,AK,12,42.77173913043478,6.517724692926725,5.901318297331639,1.7542674714104196,1.1681012282930963,1.791820018627081,513.2608695652174
2017Q4,AK,13,40.70735785953177,6.64749147598899,5.953441646469211,1.8320328225773321,1.1709185392104506,2.4070280361403054,529.195652173913
2018Q1,AK,10,42.70222222222222,6.469285491257286,5.78635486053289,1.7522361573688594,1.15334382805995,2.166618039720291,427.0222222222222
2018Q2,AK,10,47.98351648351648,6.338054734913546,5.709313637925112,1.763835566242986,1.1749799610672162,1.9353270280782202,479.8351648351648
2018Q3,AK,12,44.23188405797101,6.3068242136304065,5.765793946592399,1.7599289400393183,1.2521776703800787,3.9769417527743496,530.7826086956521
2018Q4,AK,11,45.01383399209487,6.334191069938973,5.792576722131976,1.868062519207973,1.3554004039162313,2.4959128080504116,495.1521739130435
2019Q1,AK,10,49.11888888888889,6.360641979776959,5.8123066482683745,1.8483047933585177,1.3384755807903728,2.6200660135021474,491.1888888888889
2019Q2,AK,9,52.82295482295482,6.249330128056956,5.677783042855162,1.832891914382137,1.2852283759419352,0.8530598554837479,475.4065934065934
2019Q3,AK,10,48.35108695652174,6.318752332351685,5.763746150214688,1.8495231886338601,1.319327383494818,1.2182851208134882,483.51086956521743
2019Q4,AK,9,54.14613526570047,6.145595878036268,5.676551424174158,1.8297573216157739,1.376230678295006,1.4991352887482283,487.31521739130426
2020Q1,AK,10,48.87692307692307,6.385929897927065,5.839484239399255,1.8786298844372498,1.3556902288771977,2.7456877517111633,488.7692307692307
2020Q2,AK,12,42.540293040293044,6.556651095707581,5.983258707538641,1.8961899944030653,1.360601239936281,4.0164432204892035,510.48351648351655
2020Q3,AK,9,49.119565217391305,6.086095006269822,5.656438248383369,1.725533180890561,1.3461665560227187,1.3278318855552134,442.07608695652175
2020Q4,AK,8,50.15625,6.347395096844102,5.86149424353244,1.7993086821075446,1.3580265474739266,2.4579955904487005,401.25
2021Q1,AK,11,42.577777777777776,6.370107705446953,5.828621180489657,1.7289945910039857,1.2313783450370088,8.351483307423953,468.35555555555555
2021Q2,AK,11,47.18581418581418,5.922940105434759,5.443383439544387,1.6571958164842377,1.2014870958863508,7.702182702542835,519.043956043956
2021Q3,AK,10,49.96086956521739,5.611218344791576,5.14468453572361,1.6792550691845791,1.2357919241145245,4.52442992246564,499.60869565217394
2021Q4,AK,12,44.73731884057971,6.266002227171491,5.799516703786192,1.8396440575015183,1.3836551933589798,15.12442974513362,536.8478260869565
2022Q1,AK,14,45.26666666666666,6.040862437758609,5.509026053720457,1.875740409565888,1.3696905463216213,9.682463009433587,633.7333333333332
2022Q2,AK,16,41.456043956043956,5.88620841616965,5.426811961563949,1.7125248508946322,1.2869299204771372,11.800345710455133,663.2967032967033
2022Q3,AK,16,41.172554347826086,5.819559449559449,5.343950598950599,1.6883280533280534,1.2484834834834837,10.599060584651747,658.7608695652174
2022Q4,AK,15,42.092028985507255,5.996670855785289,5.467096080017905,1.8443718904402018,1.346448430802073,10.60368223547063,631.3804347826089
2023Q1,AK,13,48.077777777777776,5.905203818598782,5.415032977191516,1.8075858206965205,1.3583058078967485,10.803245001815615,625.0111111111111
2023Q2,AK,15,43.41098901098901,6.133428682327529,5.640791818550021,1.7759970298366414,1.3422993452139869,10.617378349722216,651.1648351648352
2023Q3,AK,15,40.73115942028985,6.218227152235407,5.726203454962728,1.759456492732481,1.3100604885338647,12.644099986973576,610.9673913043478
2023Q4,AK,17,38.5690537084399,6.369436855541926,5.886472762839429,1.7467683432246939,1.2844081761214812,17.28256183866015,655.6739130434784
2024Q1,AK,15,42.995604395604396,6.25842065804495,5.785552318151615,1.8030942766106086,1.3735981188979196,11.990094213061813,644.934065934066
2024Q2,AK,14,45.49843014128728,6.0124751142931085,5.560953161390496,1.779315276459933,1.3651615630121625,10.229462810467506,636.978021978022
2024Q3,AK,17,40.29092071611253,6.016711100531619,5.624834563199238,1.7708158374990086,1.386428152027295,12.849814865391837,684.945652173913
2024Q4,AK,14,41.33773291925466,6.160524012546251,5.750431042578367,1.8677210149691037,1.457628045001221,12.600913925705596,578.7282608695652
2025Q1,AK,18,40.03641975308641,6.157458332690915,5.76072233614456,1.801975516119583,1.4227814181532248,14.35089750497156,720.6555555555555
2025Q2,AK,19,38.501445922498554,6.016223166939566,5.6491589178145984,1.8772632907209061,1.5360739984076672,12.526076548070787,731.5274725274726
2017Q1,AL,214,101.45716510903428,3.9796097315084196,3.6839590494686716,0.5169083781757516,0.31131962856916223,0.33162191556547743,21711.833333333336
2017Q2,AL,205,99.29890109890111,4.010523876591768,3.699652616764763,0.5244081178090726,0.30638608070195705,0.32324784651665356,20356.27472527473
2017Q3,AL,214,100.54535757822026,3.964207968833116,3.675076176903993,0.515599769036901,0.31087814473788566,0.2386495827954809,21516.706521739135
2017Q4,AL,213,100.85313329250866,4.020699735568871,3.724447649619141,0.5152100269288646,0.30495625703960594,0.1779692601676192,21481.717391304344
2018Q1,AL,215,100.55147286821709,4.009416083191865,3.715199178072758,0.5311947138031045,0.32122792599571054,0.20533432322293468,21618.566666666673
2018Q2,AL,215,100.40286225402505,3.965066702912163,3.6854679843329863,0.5280429010243425,0.32632961409746164,0.3093591199049136,21586.615384615387
2018Q3,AL,217,100.9879282708876,3.963608509996662,3.6836001722117153,0.5281387345910938,0.32592130043653095,0.2421110492630329,21914.380434782608
2018Q4,AL,218,101.21464898284802,3.9261648918378236,3.647258774922277,0.5365681557428935,0.33432053128114286,0.22244711916498175,22064.793478260868
2019Q1,AL,222,101.37302302302304,3.863964796663232,3.5865743621240496,0.5432439680799117,0.3404956273547434,0.3036898431322205,22504.811111111114
2019Q2,AL,221,101.37556561085972,3.8747572254562077,3.5912188365107487,0.548187568546433,0.3397268541135708,0.29532784923544225,22404.0
2019Q3,AL,223,101.10148177032559,3.8888429503837143,3.6077957408116297,0.5471342562281905,0.34412412411929816,0.27635957880979267,22545.630434782608
2019Q4,AL,224,101.08195846273293,3.8672052621649398,3.5923904887770473,0.5524409328994281,0.35169787580703155,0.5742464878264653,22642.358695652176
2020Q1,AL,191,99.83251826707324,3.89034602570671,3.6001112386028264,0.5601698777481877,0.355534192528883,0.3581284566040917,19068.01098901099
2020Q2,AL,222,93.03504603504605,3.964567862414033,3.6582999360466166,0.5909089574108776,0.36923607630564403,0.5047017113474841,20653.780219780223
2020Q3,AL,222,88.07819232275753,3.965574917908577,3.652898006513948,0.6159558932664188,0.38944481349529075,1.0927395054544988,19553.358695652172
2020Q4,AL,222,86.55473952213083,4.0097010907379484,3.700204616601255,0.6070286752868264,0.38357088552172935,1.7064347494774268,19215.152173913044
2021Q1,AL,221,83.81649069884364,3.9857910815723017,3.6635170144741496,0.6175409840982299,0.38670612017203426,1.8623573435696699,18523.444444444445
2021Q2,AL,223,86.24609471246242,3.751170831543053,3.441316364147477,0.5975762202089828,0.37651434814008977,2.0863175026739724,19232.87912087912
2021Q3,AL,220,88.17776679841899,3.6775058076401983,3.385150488760689,0.572401477432289,0.3645217283626881,2.854387296645487,19399.108695652176
2021Q4,AL,216,89.92242039191672,3.688998193860474,3.409949097660785,0.5393648502994686,0.3408757585055461,3.60437529220717,19423.24280465401
2022Q1,AL,187,86.26476530005942,3.6069251485705,3.3542424695351256,0.5517032295658739,0.363397009028568,5.003752599140516,16131.511111111111
2022Q2,AL,220,91.09920079920082,3.6781491342829233,3.426394605566601,0.534973917181981,0.35302207032984867,4.86832022166394,20041.82417582418
2022Q3,AL,214,91.62296830556684,3.75158437428799,3.497435074420427,0.5443417136350507,0.36099651693883106,4.115612062056922,19607.315217391304
2022Q4,AL,220,92.25281620553358,3.694419951403092,3.449406061599285,0.5201854598095433,0.34730388919862226,3.3524099009542305,20295.61956521739
2023Q1,AL,220,93.15404040404042,3.729206272872672,3.462575396459649,0.5473888747323051,0.3596851093822006,3.099988662807852,20493.88888888889
2023Q2,AL,219,94.09242811982539,3.7335396348487175,3.4701425365620575,0.5321994295977748,0.34869213318486664,2.9510909208930958,20606.24175824176
2023Q3,AL,223,93.86927276272179,3.8292286202982417,3.566940766072877,0.5487765380185707,0.36634246571074586,1.9404349259150224,20932.84782608696
2023Q4,AL,220,94.36961462450594,3.826657558659736,3.5710549825893794,0.5473750249340197,0.37098695263609527,1.4846463090996453,20761.315217391308
2024Q1,AL,223,95.42955699009512,3.790101463838823,3.5240297807649883,0.5658975488393806,0.38237221618629397,1.519600880826578,21280.791208791212
2024Q2,AL,222,95.86773586773586,3.856617451154529,3.5887403393366104,0.5730084421083069,0.38835990230905854,1.3998340636257771,21282.63736263736
2024Q3,AL,223,96.32033534802106,3.883302279025236,3.617635058407739,0.5888295882613702,0.40456935046060233,1.2757177004577651,21479.434782608696
2024Q4,AL,223,96.66382335737963,3.8680391749510252,3.601065468911911,0.5926313576094656,0.40417056659716466,1.0798555677516715,21556.032608695656
2025Q1,AL,223,96.73512705530644,3.848320059913241,3.57356097480574,0.6044790040968873,0.4126247892065513,0.998075686708025,21571.933333333334
2025Q2,AL,224,96.71173469387756,3.9081290695008346,3.6330041412782568,0.6092290191805504,0.4164845244834562,1.0129679259095163,21663.428571428572
2017Q1,AR,193,78.60431778929188,4.034548268328357,3.770599147329233,0.3196416028921374,0.16918505563013925,2.6600447309402124,15170.633333333333
2017Q2,AR,201,77.399103384178,4.028714698733567,3.7465492789115262,0.31761273342577245,0.15482526398470872,2.4660505492120977,15557.219780219779
2017Q3,AR,211,77.98284566247682,4.090590347621191,3.8255746949900358,0.31071987570377385,0.1525139730863263,1.73444808077112,16454.380434782608
2017Q4,AR,177,78.46604028494227,4.045507994186615,3.7599991312793435,0.3165888313828859,0.15495991754197447,2.4851071937522544,13888.489130434782
2018Q1,AR,212,77.93003144654088,4.088081356912513,3.802438521627138,0.33114288404437403,0.16899298879215552,2.6440165688396533,16521.166666666668
2018Q2,AR,207,77.60402399532835,4.151258103729101,3.8666634081871525,0.3229428790137273,0.16239591278584947,1.102494339392573,16064.032967032968
2018Q3,AR,207,78.16929216551146,4.18698557625133,3.915658157425221,0.32332862662697087,0.1664295512193549,0.5943889258000651,16181.043478260872
2018Q4,AR,217,77.81792226006813,4.152621281356268,3.8786635572431525,0.3304541577811435,0.16659847691459018,0.5583150830764788,16886.489130434784
2019Q1,AR,220,76.69878787878787,4.100277610961415,3.8189863403738618,0.3498472313312736,0.1821954833152908,0.5725082367322815,16873.73333333333
2019Q2,AR,218,77.20324629498941,4.021883376274356,3.7522073666162163,0.3405947668974992,0.18352917747809744,0.7100724317658169,16830.30769230769
2019Q3,AR,219,77.90971808616241,4.08395059007151,3.8074065839557885,0.3434084186720604,0.18481639140613804,0.621844392547639,17062.228260869568
2019Q4,AR,218,77.75099720781809,4.1104004106776175,3.8414035119220915,0.3487508064133428,0.1901827592354368,0.6733473699466468,16949.717391304344
2020Q1,AR,208,78.15252535925613,4.085908248049208,3.7975367461404974,0.3655470295841668,0.198445254453038,0.4718869730236609,16255.725274725275
2020Q2,AR,208,74.74265638207946,4.174588115462396,3.8667297977209767,0.39209194835194594,0.203503349404727,0.6850635048611899,15546.472527472528
2020Q3,AR,213,71.47300469483568,4.181459904254294,3.8540004355322957,0.40472629651181474,0.20952297075864726,0.8195258565470928,15223.75
2020Q4,AR,211,66.59921697918813,4.3922322837447325,4.0514935985099285,0.41682170968360743,0.21013040444793724,0.7952089095584494,14052.434782608696
2021Q1,AR,214,63.64543094496365,4.247709491920043,3.8956783141936238,0.4226619845963204,0.21016837832259624,0.9717447367449364,13620.12222222222
2021Q2,AR,216,66.13868538868539,4.005743602800568,3.660741810523206,0.39699947385505785,0.19607656639656867,1.18377553860062,14285.956043956045
2021Q3,AR,219,67.89760770299782,3.859958859679196,3.5386005346487317,0.3736474388542114,0.18578182325890114,1.478321950587191,14869.576086956522
2021Q4,AR,213,69.32212523970111,3.8783642039797934,3.5665935614114868,0.3630855538894556,0.17880103796659336,1.7091282886996542,14765.612676056337
2022Q1,AR,208,69.05667735042735,3.81900491281703,3.4918992435453045,0.36973522925319147,0.18110954939929963,2.099513086757419,14363.788888888888
2022Q2,AR,215,70.28663429593661,3.871480884378377,3.54615676889492,0.3600532084313221,0.17539966316597802,3.4035639500082002,15111.626373626372
2022Q3,AR,215,71.47714863498484,3.8842731808478885,3.5507489860788306,0.35600286599831094,0.16789867578429477,3.2153505467442534,15367.58695652174
2022Q4,AR,214,72.2759548963836,3.865749443592938,3.5433808536939315,0.351496891358842,0.16719945409914058,3.094848238877309,15467.054347826088
2023Q1,AR,215,72.89431524547804,3.8657928259736756,3.53051611302335,0.35959963984530363,0.1700361218145274,2.661441025257392,15672.277777777777
2023Q2,AR,215,73.26997188857653,3.931389614566032,3.6010356833181385,0.35791364934179826,0.17097414279605475,2.083749530293481,15753.043956043955
2023Q3,AR,214,74.22043884599756,3.9917927229526473,3.6637359675127903,0.3579225280786613,0.17140528806804028,2.200293978323491,15883.173913043478
2023Q4,AR,211,74.9572944570369,4.019352519567773,3.6805194729329362,0.3584253414438196,0.16797217455368157,2.506086709442984,15815.989130434784
2024Q1,AR,217,74.18255937610778,3.981589328294478,3.6233477008061397,0.3862308457398987,0.1799038489763346,2.4108033050282676,16097.615384615387
2024Q2,AR,216,74.55535205535206,4.075476526141962,3.7221168302103096,0.3864229866390075,0.18258917336535968,2.291935298495525,16103.956043956045
2024Q3,AR,216,75.70591787439614,4.07071905069568,3.72574773269309,0.3802629504369767,0.17994058871544535,2.152955861433385,16352.478260869564
2024Q4,AR,217,75.8148667601683,4.088155424797565,3.74245373845113,0.3883219584452102,0.18422995861434704,1.9200985242139752,16451.82608695652
2025Q1,AR,216,76.59531893004115,4.026353416659223,3.6711976994156528,0.4004282702703066,0.19012798410759343,1.9935147185093673,16544.588888888888
2025Q2,AR,216,76.65939153439155,4.122552844837827,3.7651657102355496,0.409836164577384,0.19721389525071725,1.8917273493775497,16558.428571428572
2017Q1,AZ,135,85.52880658436216,3.9131120167440514,3.6763011812254915,0.6144360670724374,0.461013342314817,0.9276174041141144,11546.38888888889
2017Q2,AZ,126,83.71149485435203,4.015177217774704,3.7579371371776014,0.6429786442683959,0.47464501227292993,1.1194979031745522,10547.648351648355
2017Q3,AZ,132,82.26943346508564,4.068148947031268,3.8148707210633788,0.6443105657204629,0.48225821756015536,1.1377184551864126,10859.565217391304
2017Q4,AZ,131,79.10960836375705,4.007628056205549,3.7447870790588498,0.6540142999636052,0.48094805171648863,0.8603785992244243,10363.358695652174
2018Q1,AZ,140,81.53873015873016,4.014787295549491,3.749823104805585,0.6641742262903595,0.4887566722601393,0.9577728271732452,11415.422222222222
2018Q2,AZ,142,78.48467729453644,4.130946144615496,3.847050313603417,0.6903363706012451,0.510436629036886,1.6443876443920888,11144.824175824175
2018Q3,AZ,146,78.61703394877904,4.1414348323459445,3.8746668320732134,0.6926739420294248,0.514172506401612,2.122731923231818,11478.08695652174
2018Q4,AZ,146,79.22803752233472,4.1301427563285165,3.86408079940537,0.6976592923638708,0.5149560558208066,1.9726144802671832,11567.293478260868
2019Q1,AZ,147,81.6806500377929,4.009320177488236,3.7370934681923127,0.6952427045209529,0.5078954966292967,1.6930037794686201,12007.055555555557
2019Q2,AZ,141,81.2884420543995,4.023623179790836,3.757994318377929,0.7050427511859884,0.522376003344161,1.967469932462873,11461.670329670329
2019Q3,AZ,144,81.1946708937198,4.062303891445959,3.7931202686333227,0.7006651779779429,0.5171873823404455,2.1193153218250287,11692.032608695652
2019Q4,AZ,143,81.39153238066281,4.045584836199917,3.780257810376854,0.6877757481179732,0.5082216070983304,1.8997448418061786,11638.989130434782
2020Q1,AZ,114,88.0328706381338,3.993429630124401,3.7367424032551773,0.6666164469210613,0.4916178649289956,2.1495418389937173,10035.747252747253
2020Q2,AZ,137,72.30937675463221,4.246076678266098,3.9419883502813704,0.7478171586533715,0.5376246532095518,2.3175624672874715,9906.384615384613
2020Q3,AZ,140,69.94239130434782,4.264416722724337,3.953864615733001,0.7677984987645113,0.5579425836258323,2.4532100653671858,9791.934782608696
2020Q4,AZ,143,70.34052903618121,4.234006786254593,3.922561746271882,0.7429420466825157,0.534214458612492,2.7900895409340496,10058.695652173914
2021Q1,AZ,145,70.56038314176246,4.178138547131719,3.8718020162617166,0.7176103074131228,0.5227738639658649,3.5979254343068057,10231.255555555555
2021Q2,AZ,142,71.24508590001548,4.0589531613711936,3.761654086499556,0.6924969776098733,0.5045422205904876,4.513814275123339,10116.802197802199
2021Q3,AZ,140,73.60698757763976,3.988524035449308,3.708889118598229,0.6619932113858013,0.4819741935619973,5.162392546505296,10304.978260869566
2021Q4,AZ,140,75.85261678768262,3.912858581081639,3.6464166570293335,0.6406590387172986,0.46907391765862355,7.5713853078700835,10619.366350275566
2022Q1,AZ,138,77.86916264090178,3.8629576946341517,3.5978876785557343,0.6336482393874692,0.4663728952007734,9.058553960626123,10745.944444444445
2022Q2,AZ,137,76.50822170530199,3.8994069475838415,3.6254206628448737,0.6242345160762738,0.45346736518533737,8.595640824600977,10481.626373626374
2022Q3,AZ,140,77.37406832298137,3.9481469889963456,3.6762407759352502,0.6407568800435088,0.46518434081426646,9.303468732433814,10832.369565217392
2022Q4,AZ,139,78.76454488583046,3.9295389186897673,3.666675691319158,0.6384551165014132,0.46637810613348746,8.409117054690078,10948.271739130434
2023Q1,AZ,141,81.00323089046493,3.8430512359292597,3.57505282942143,0.6367661934507277,0.45973368835067724,8.027214011573284,11421.455555555556
2023Q2,AZ,139,79.32192268163492,3.9547860004006603,3.688189382892989,0.6372454085990533,0.4644212298286827,7.037359323107016,11025.747252747253
2023Q3,AZ,140,78.57383540372672,3.9636040595594406,3.70549493049126,0.6229373704955677,0.4542443956756266,4.803173077844994,11000.33695652174
2023Q4,AZ,139,80.0555208007507,3.9900871697191698,3.7278653675213675,0.6201543345543346,0.4471123711843712,5.169368031947226,11127.717391304348
2024Q1,AZ,139,82.65594118112102,3.971951009789434,3.7110066426593598,0.6332903592966146,0.45982455536266814,5.93486986246816,11489.175824175822
2024Q2,AZ,139,81.89327219543047,3.9860567369587625,3.736003950310271,0.6332615255997867,0.46817738360486083,4.489251760139169,11383.164835164835
2024Q3,AZ,138,82.15044108380592,4.036749579570885,3.786930809927688,0.645167471730097,0.48078944794828676,3.0379586197009365,11336.760869565216
2024Q4,AZ,140,82.5263198757764,4.021087362492109,3.767015586030807,0.6494208228317899,0.4830974025790756,3.2506192113652146,11553.684782608696
2025Q1,AZ,140,85.04785714285714,3.95971709672332,3.698415383308931,0.6591860138502784,0.48901221814421947,3.6000207407316354,11906.699999999999
2025Q2,AZ,138,84.20273928969581,4.055319920788184,3.7771632410267277,0.665902103047234,0.4834823976894662,3.101007500573182,11619.978021978022
2017Q1,CA,1042,89.1136809554276,3.8720851491088815,3.64124067362755,0.5201789524356651,0.37321687560525024,0.8349275044598938,92856.45555555556
2017Q2,CA,1018,88.15287463028132,3.8978699634816523,3.671279830807222,0.5258873057169301,0.37967735105689154,1.2709286623234244,89739.62637362638
2017Q3,CA,1090,87.09913242919824,3.8973629166203447,3.6801185670152656,0.5099404714813469,0.3690745418551524,1.8670473517620707,94938.05434782608
2017Q4,CA,1063,87.81151580841754,3.8958125824224776,3.6795063274261834,0.5129821481284383,0.37388606033223426,2.090239193305604,93343.64130434784
2018Q1,CA,1104,87.61387882447664,3.9761154467127264,3.756801698732326,0.5287219290743643,0.39286520706028444,2.3966045789082395,96725.72222222222
2018Q2,CA,1104,86.68679327918458,4.055106166081557,3.8383531999785965,0.5424324524492296,0.4051569417132034,1.0438937527589498,95702.21978021978
2018Q3,CA,1127,86.97604259094942,4.142901405008458,3.9324297495770693,0.537466955066875,0.40525870190631563,1.2074134910492231,98022.0
2018Q4,CA,1138,87.18145869947276,4.111470203943008,3.8960383147723108,0.5398510980493123,0.408596801989581,1.3188836813561124,99212.5
2019Q1,CA,1143,87.7578108292019,4.116700548515083,3.8955086386860986,0.5468737132581406,0.4132078949484727,1.3375875270803301,100307.17777777778
2019Q2,CA,1138,87.46002240290466,4.146692052773572,3.9145699320484235,0.5516539178563759,0.4157854609351581,1.424229796429664,99529.5054945055
2019Q3,CA,1139,87.32388250563041,4.177122462773872,3.9546299702912244,0.5586592364675353,0.4241322332835546,1.5003389784616896,99461.90217391304
2019Q4,CA,1152,87.67186556461353,4.176272385965498,3.9545610001921045,0.5595148708836756,0.4264112501163659,1.3149935890984203,100997.98913043478
2020Q1,CA,962,86.07228530305454,4.204382476834587,3.97887807733041,0.5678242693372475,0.4328921238921611,1.2807029338979063,82801.53846153847
2020Q2,CA,1147,79.0959789992048,4.299039809704715,4.046942777569372,0.5881636391187239,0.4427274276596541,1.3274868201376695,90723.08791208791
2020Q3,CA,1134,75.5923625488843,4.365119957141408,4.101014976415094,0.6144111584499898,0.4622363131466829,1.4169700149876447,85721.73913043478
2020Q4,CA,1129,75.90844148342127,4.364599636398595,4.102331893961513,0.6102408104653485,0.4592499941023213,1.6389559279282546,85700.63043478261
2021Q1,CA,1142,73.30354154504768,4.439681483137155,4.158034190507261,0.6124130683563269,0.4566115221144078,1.9423956777129252,83712.64444444445
2021Q2,CA,1145,76.94880752435338,4.277023683032537,4.0011015928421205,0.5835476417682369,0.43536854235033795,2.4817449772335625,88106.38461538462
2021Q3,CA,1137,79.54425260984283,4.168843428882393,3.9084076586832732,0.5556536697206359,0.417450136990549,2.9664300810469757,90441.8152173913
2021Q4,CA,1124,80.34208689005455,4.100028306697478,3.844070148405027,0.5397174788018242,0.40532960848084393,3.6336173594545955,90304.5056644213
2022Q1,CA,1137,79.63399785009283,4.139123219233111,3.8752493628931446,0.5428565874830209,0.40654704589439594,4.284674847024558,90543.85555555555
2022Q2,CA,1141,81.35552002773738,4.1162575768965555,3.8579772457818993,0.5185113040081211,0.3861344406003155,4.786869075574349,92826.64835164836
2022Q3,CA,1127,81.49292079780872,4.106761904119432,3.849777649880845,0.49352310168918634,0.3650250511508831,4.486347402717912,91842.52173913043
2022Q4,CA,1133,82.99336121877279,4.125269759340536,3.872857582613408,0.49541040026374145,0.3698024146862938,4.274656809187567,94031.47826086957
2023Q1,CA,1148,85.04513162988772,4.102774831017623,3.8450471618824604,0.4949305741992336,0.368433676500931,4.265943916045044,97631.8111111111
2023Q2,CA,1139,84.73542436492393,4.164205621661208,3.930524294121357,0.4929458123670262,0.37448776361641956,4.093872394361563,96513.64835164836
2023Q3,CA,1139,84.44497461541398,4.178147486331511,3.9485164982449645,0.49398601847477963,0.3769820371529764,3.6579615842041653,96182.82608695653
2023Q4,CA,1133,85.24705476035152,4.18422355773451,3.952609098639494,0.4969286059619537,0.3804445952716533,3.3548999418478482,96584.91304347827
2024Q1,CA,1140,86.1100925390399,4.211804210225364,3.9775297717098312,0.5006140694662221,0.38430741713282823,3.57894400519744,98165.50549450549
2024Q2,CA,1142,86.59039471911628,4.226007855403151,3.994174144179676,0.5113754634446712,0.39609905578027454,3.4664537618019073,98886.23076923078
2024Q3,CA,1140,87.01803966437834,4.260495260370624,4.032728946582965,0.5205325760766616,0.4075993573406182,3.154346161906416,99200.5652173913
2024Q4,CA,1143,87.13600745558979,4.302797713905047,4.067827470944161,0.5372632254901683,0.4252567163970606,2.9587546498162682,99596.45652173914
2025Q1,CA,1142,88.04982486865148,4.320472480985962,4.08078569699244,0.546880131972546,0.43044234096347966,3.006216793449478,100552.9
2025Q2,CA,1141,87.63403029923627,4.35464618646466,4.092666189258335,0.5564940721249254,0.4334596685023369,2.780345780467572,99990.42857142858
2017Q1,CO,206,77.37378640776699,3.7524132142682864,3.5064777798690847,0.8087607684854062,0.6292450035203658,1.0877826037579315,15939.0
2017Q2,CO,204,75.33834302951949,3.8006343358017873,3.545897498965022,0.8297964579813395,0.6382036149497241,1.8987725615324964,15369.021978021978
2017Q3,CO,211,75.04172676694829,3.753949852750375,3.510298988817266,0.8161562699507795,0.6281676311688668,1.3788825868631889,15833.804347826088
2017Q4,CO,209,74.52173913043478,3.797884785023979,3.552670116071976,0.8289540890387633,0.641894962956346,1.0580289324651948,15575.04347826087
2018Q1,CO,213,74.5377673448096,3.8070539978962676,3.555771763936877,0.8523063023089967,0.6620109959555991,1.865140925251944,15876.544444444444
2018Q2,CO,218,74.09648150015123,3.8117282842809774,3.5595249828902955,0.849620749615967,0.6571869400228311,2.04137920700041,16153.032967032967
2018Q3,CO,221,73.35284280936455,3.7798435775541264,3.533385695415747,0.8430352820485313,0.652411818346397,2.093402392275442,16210.978260869564
2018Q4,CO,219,73.74434187016082,3.796676842995798,3.5399499529210177,0.8626952801889353,0.6572006480006407,2.635606801414173,16150.01086956522
2019Q1,CO,222,74.03403403403405,3.7824266224986474,3.5218363372093027,0.872192009194159,0.6632786641427798,3.2517977331713506,16435.55555555556
2019Q2,CO,223,73.79017395160893,3.799822695509087,3.5441738478881066,0.8631118908205022,0.6568316789366272,3.9074847410231004,16455.20879120879
2019Q3,CO,220,74.44328063241107,3.7733740904155484,3.5198155345476176,0.8523754523033957,0.648020902190967,4.782613070653981,16377.521739130436
2019Q4,CO,220,74.34584980237155,3.7826507815199766,3.5270746763603498,0.8568194529360165,0.6501107950769558,4.80033878675985,16356.08695652174
2020Q1,CO,201,74.00196818107266,3.79649322162873,3.5447808905339215,0.8669780949636886,0.6646515880227841,4.369302082468815,14874.395604395604
2020Q2,CO,217,67.44158606370587,3.9705395905746426,3.697550235814169,0.912626649216193,0.6882102676965749,4.752280076834525,14634.824175824175
2020Q3,CO,219,65.50903315465554,3.957300844927857,3.668376718722062,0.9355007818916322,0.7087615351745165,3.948832060405521,14346.478260869564
2020Q4,CO,218,63.66977463103311,3.919697500550135,3.634426697448082,0.935172013867299,0.7066215178067301,4.033139594462417,13880.010869565218
2021Q1,CO,217,60.952073732718894,4.1463695969569745,3.7843000552758164,0.9890180226042807,0.7422618393573893,4.851268194900938,13226.6
2021Q2,CO,217,63.04739960500329,3.9115487828484725,3.608267690604877,0.9423306080255613,0.700370876395686,4.511618747659715,13681.285714285714
2021Q3,CO,219,64.71560452650387,3.716603156708005,3.4450603271748377,0.8801567310125855,0.6639997852579589,5.842281559075898,14172.717391304348
2021Q4,CO,217,64.49885568671498,3.5745885927584338,3.3121717677987066,0.8532850952293655,0.6415932147858071,8.27678737493251,13996.251684017148
2022Q1,CO,218,65.04424057084607,3.608603107114424,3.3544452141097407,0.8440709608766245,0.6430889428351126,12.00994363784146,14179.644444444444
2022Q2,CO,213,66.42310271887737,3.5684264908398506,3.3197285703300796,0.8104003405104083,0.6121583730686093,12.439251095021174,14148.12087912088
2022Q3,CO,215,66.52143579373103,3.5514924068661204,3.318181022257283,0.7747977114958724,0.5917892998448085,12.537815273867988,14302.108695652172
2022Q4,CO,212,67.25789581624281,3.5516767291915374,3.31755458538586,0.7647122346580799,0.5846794399747522,14.066385384814922,14258.673913043476
2023Q1,CO,213,67.89713093375066,3.6334594203388475,3.3871174672784314,0.7913911468145066,0.5992682092951073,11.434044206400705,14462.08888888889
2023Q2,CO,213,68.69736366919466,3.6846066158441104,3.4285167934476903,0.7908654879498572,0.5906562973832967,9.760374649097324,14632.538461538463
2023Q3,CO,205,69.05784729586426,3.445812668770937,3.2269194913204617,0.7346846320457668,0.5596192351072724,9.302240645629567,14156.858695652174
2023Q4,CO,210,70.12805383022773,3.5803761235362104,3.329171406344796,0.77950671427749,0.5842266587151278,9.022716195066538,14726.891304347824
2024Q1,CO,210,70.35494505494505,3.6191923810118833,3.357953190929153,0.7812827086694291,0.5817430119979204,9.175176403590275,14774.538461538461
2024Q2,CO,208,70.13334742180896,3.6661570158284404,3.4007290860002826,0.7857298016397937,0.5816190477625343,9.062642226156651,14587.736263736264
2024Q3,CO,209,71.22425629290618,3.5582029207740056,3.3103727710843374,0.756385118656444,0.5648807594012413,8.520599260543733,14885.869565217392
2024Q4,CO,209,71.05809236530061,3.6701690837697303,3.433656065080638,0.7844966826587038,0.5943629350694024,8.275009609646776,14851.141304347826
2025Q1,CO,210,71.7915343915344,3.6435284922541755,3.3989592220273277,0.7906682782306208,0.5966446575180933,7.459550907999833,15076.222222222223
2025Q2,CO,206,73.22020697748852,3.5990767354468134,3.350913108541105,0.7864392540795256,0.5885700203848794,6.914102076299207,15083.362637362636
2017Q1,CT,189,102.91640211640214,3.7886388386206393,3.5082121468655463,0.7071724280935537,0.45371378401104073,1.423383760657454,19451.200000000004
2017Q2,CT,191,103.19061043668374,3.7820235219864893,3.4930682064011385,0.6957797860786059,0.43579751064365985,0.873691618317156,19709.406593406595
2017Q3,CT,197,103.86939969101742,3.7839677742016193,3.5121473772781187,0.6806471347851746,0.43507869998284227,0.8833513941341175,20462.271739130432
2017Q4,CT,188,102.00925069380204,3.7637484526897134,3.489932099717063,0.6914083074125797,0.4482320421321823,0.5883818432160333,19177.739130434784
2018Q1,CT,203,104.65593869731799,3.732560003221649,3.4512413862715894,0.6901964892388539,0.437277910153635,0.5990997251253687,21245.155555555553
2018Q2,CT,181,106.97073644587455,3.7509821756441144,3.4691961871032375,0.6796565101040629,0.4251218134813541,0.6851780087921767,19361.703296703294
2018Q3,CT,210,103.77324016563146,3.6691997402362917,3.409714918307605,0.6467361897033217,0.4147358046465184,0.7995424496371745,21792.380434782608
2018Q4,CT,211,102.88069235524416,3.688521025276398,3.416476255808364,0.6646082108235859,0.4232331357154302,0.8295213602094385,21707.82608695652
2019Q1,CT,211,103.44049499736703,3.65472720793551,3.381097287377153,0.6638413712528668,0.4220297505262595,0.8030685068745241,21825.94444444444
2019Q2,CT,211,104.03895630435916,3.6654493425281283,3.3969211153894676,0.6418825751432182,0.40308376033463283,0.964937590219443,21952.219780219784
2019Q3,CT,211,103.84432309911394,3.6329475807931835,3.372407583789474,0.6289400176404115,0.39482561986996895,1.0420777538824544,21911.15217391304
2019Q4,CT,210,104.14197722567287,3.6593518264950253,3.3968278444133095,0.637515386255525,0.4023630694082523,0.9700329989268447,21869.815217391304
2020Q1,CT,154,99.09326387897815,3.7598195065432023,3.4932025220837146,0.7052618325288599,0.4677931695486332,0.688335227077491,15260.362637362636
2020Q2,CT,203,87.4065934065934,3.9610283328647107,3.6582037850646145,0.7321933630691747,0.46213843516475894,1.6725076726404835,17743.53846153846
2020Q3,CT,204,85.66528132992327,3.8918570612887695,3.5762765663660003,0.7381573064737031,0.457836040816885,1.2700819481832204,17475.717391304348
2020Q4,CT,205,86.37582184517495,3.8890747909208323,3.5733280418993183,0.7412443954997029,0.45875381204237076,1.603446739824213,17707.043478260865
2021Q1,CT,208,85.68712606837607,3.8648531136245894,3.540156078657759,0.738545929929186,0.44939205629704065,2.232864701929869,17822.922222222223
2021Q2,CT,204,88.571105365223,3.684511255697182,3.3800419405023865,0.6871822684605721,0.4164277773115019,3.7005301714535372,18068.505494505494
2021Q3,CT,203,91.90629685157423,3.5149813975654287,3.228735995740025,0.6552145076850836,0.39977907788320266,3.86431256578842,18656.978260869568
2021Q4,CT,201,93.53717176517901,3.379381671173698,3.1095535057294588,0.6248734123351981,0.3821644750972761,4.337790290728207,18800.97152480098
2022Q1,CT,202,93.75819581958199,3.5327644550619417,3.2436271475203635,0.652197986065318,0.39102544757363344,6.220793832048714,18939.15555555556
2022Q2,CT,200,94.8398901098901,3.5224649293256536,3.2343431903161255,0.6459763418508695,0.38807718155410564,6.5924121294903255,18967.978021978022
2022Q3,CT,200,96.5079891304348,3.5789437515592035,3.2904348986651817,0.6391315035306269,0.383539856747611,6.028224829460137,19301.59782608696
2022Q4,CT,202,97.28960396039602,3.557750275161364,3.2745687129085246,0.6245439345586079,0.3736918192729103,6.753236709717539,19652.499999999996
2023Q1,CT,202,98.1980198019802,3.5936145952364944,3.29594270798324,0.6336640059599831,0.3717047791893527,6.757142193656775,19836.0
2023Q2,CT,198,97.90226440226441,3.640587714419987,3.350712765227724,0.6258406193186746,0.36989477909051177,7.111713889035929,19384.648351648353
2023Q3,CT,197,98.56157581107922,3.6254179015075607,3.3382113439286143,0.6204629379789849,0.3671100972384721,7.407645630362614,19416.630434782608
2023Q4,CT,198,98.35468818620991,3.656392835793572,3.3784856183953265,0.6241513170416421,0.3839716537296506,6.393219798837271,19474.228260869564
2024Q1,CT,196,100.31963444718548,3.641537840754574,3.3554532524153284,0.6223366331321561,0.3767091115469113,5.531145004856114,19662.648351648353
2024Q2,CT,196,99.77573446961202,3.6559161384580814,3.3759306417172397,0.620240200044954,0.38046354236907165,5.574742685304338,19556.043956043955
2024Q3,CT,194,99.89085611833258,3.671544514070714,3.3961931725123566,0.6120745580676356,0.3753859041580569,5.8497728614763345,19378.82608695652
2024Q4,CT,196,99.90461401952086,3.6702019617203634,3.397268101782979,0.6110255900703865,0.37569671048249215,5.771392264627279,19581.304347826088
2025Q1,CT,195,100.98028490028491,3.7125222886304283,3.4285909184269983,0.6244413961372393,0.3805243640122694,5.43244030370583,19691.155555555557
2025Q2,CT,191,101.89264139002358,3.7406630845016027,3.4647817555770875,0.6247567696369728,0.3890099977639701,5.779241580556796,19461.494505494506
2017Q1,DC,15,139.80074074074074,4.489963916897595,4.191145280849463,1.026767250743121,0.8186072240384462,0.26818531864075074,2097.011111111111
2017Q2,DC,17,138.64770523594052,4.400390697847898,4.075608752004775,0.945393541829846,0.747480838088844,0.5877556469325547,2357.010989010989
2017Q3,DC,15,139.01304347826087,4.286039210166911,4.003016242871589,0.9165862342184552,0.7313593240129693,0.2225387913498491,2085.195652173913
2017Q4,DC,16,131.9476902173913,4.3344402168596545,4.0381990145551345,0.9550855442343239,0.7536534055512366,0.20796675648784296,2111.163043478261
2018Q1,DC,15,150.1125925925926,4.064209630302192,3.761487673450053,0.9405165011941653,0.7309790675640999,0.47582610922089935,2251.688888888889
2018Q2,DC,15,125.07985347985348,4.162731090468214,3.764235711691871,1.041850422294329,0.7639453770192229,0.25212470181459573,1876.1978021978023
2018Q3,DC,18,130.4987922705314,4.436601158690642,3.919487103551035,1.0894882603907343,0.7642552728753482,0.30729279837202456,2348.978260869565
2018Q4,DC,16,131.0258152173913,4.33912676932649,3.8759610100067396,1.0661166070410122,0.7390688028205528,0.4945109818718977,2096.413043478261
2019Q1,DC,18,130.36790123456788,4.414208128941836,3.804920879183318,1.1350077179492035,0.7095249436542358,0.2700686104598584,2346.622222222222
2019Q2,DC,18,131.07997557997555,4.194834264050412,3.6486407649423174,1.0712689733546334,0.7095994112962194,0.11405415045690444,2359.43956043956
2019Q3,DC,18,129.6262077294686,4.448087123417854,3.887816464099208,1.1718852516293132,0.8031722110676834,0.08716098955455806,2333.271739130435
2019Q4,DC,18,128.26388888888889,4.511095736917681,3.9472940373343377,1.2098165768225795,0.8467841623313952,0.047892915740226444,2308.75
2020Q1,DC,16,136.35782967032966,4.3555109123236475,3.7634925983569816,1.1513026790975989,0.7814810337619686,0.1989927330733393,2181.7252747252746
2020Q2,DC,14,124.76373626373628,4.363381084498802,3.6851041529043913,1.219067940031079,0.789604967631127,1.13719594230918,1746.6923076923078
2020Q3,DC,16,121.83288043478261,4.655373930789905,3.9321555387034546,1.2870967669986284,0.8204443007059298,1.0937488490187486,1949.3260869565217
2020Q4,DC,16,118.39470108695653,4.613115270517624,3.955268222427515,1.2936082213946762,0.8769002794402017,0.47545904311221304,1894.3152173913045
2021Q1,DC,16,119.39930555555556,4.572457556634774,3.739253264315003,1.3380755518073693,0.8348199610317854,1.6720525343843322,1910.388888888889
2021Q2,DC,17,114.46929541047189,4.562666079374761,4.015304714146959,1.2847735537936797,0.8311794402656366,1.9617496656704148,1945.978021978022
2021Q3,DC,17,117.133631713555,4.1797175172082515,3.6892008602760957,1.1788154282002434,0.7045957630310539,1.629363876386323,1991.271739130435
2021Q4,DC,17,117.70784553870537,3.9206199377292217,3.4706199931302706,1.0998982836755269,0.6635673842949109,2.028418956857519,2001.0333741579914
2022Q1,DC,17,117.37385620915033,3.6311877025537083,3.176404817854796,1.0242601151563075,0.584438919268078,2.079163350117418,1995.3555555555556
2022Q2,DC,16,123.63186813186813,4.088443235856184,3.5890222656770803,1.1070597417892538,0.6275080551975468,3.278189873370765,1978.10989010989
2022Q3,DC,17,117.65537084398977,3.986843049132398,3.7116168966323038,1.054003086738437,0.7965813284930956,4.064390958423988,2000.1413043478262
2022Q4,DC,16,123.71875,4.265167257871444,3.9859773548436688,1.0551653909089909,0.7965751672029607,6.0202575442003505,1979.5
2023Q1,DC,17,116.74640522875816,4.245105642082162,3.961994155255232,1.0855445577812364,0.8199016918408706,6.4469077910398225,1984.6888888888889
2023Q2,DC,17,116.5585003232062,4.294068856895672,4.004892910224273,1.1311322899798133,0.8592341777767919,7.826801743823615,1981.4945054945053
2023Q3,DC,17,117.28388746803068,4.198867645776092,3.924967999040517,1.0762432945178595,0.8238768589995202,8.59075892991789,1993.8260869565217
2023Q4,DC,17,117.7314578005115,4.25979585297504,3.975413344774401,1.062446723003063,0.8030847978624032,8.309871352833522,2001.4347826086955
2024Q1,DC,17,119.20361990950227,4.195385829248189,3.892757418333261,1.064495629256865,0.7883769142336559,7.232243363519488,2026.4615384615386
2024Q2,DC,17,119.79314802844215,4.238648661774229,3.8902202136844375,1.1258951543276496,0.810560328081157,5.5133582175788085,2036.4835164835165
2024Q3,DC,17,118.78772378516625,4.266181264263876,3.9375437066701107,1.1089118546268786,0.8155394974809455,4.597649710211438,2019.3913043478262
2024Q4,DC,17,120.18606138107418,4.182119103478729,3.8920595198195462,1.0949263450213063,0.825526597187864,4.466124646491918,2043.163043478261
2025Q1,DC,17,120.68235294117649,4.026867756331102,3.638546229501093,1.1441265895452875,0.7837696323736487,5.396780741110964,2051.6000000000004
2025Q2,DC,15,134.14945054945056,4.263301440632611,3.880228273097633,1.1509093242460982,0.8037761176097948,4.519610317381407,2012.2417582417584
2017Q1,DE,42,99.33042328042328,4.177660126401913,3.8676927522645013,0.9212981098306386,0.6373908897938312,0.41503539754670254,4171.877777777778
2017Q2,DE,39,97.78923640462104,4.208169794902235,3.8959261671094425,0.913310551095795,0.6204645098457301,0.6139775644717832,3813.7802197802202
2017Q3,DE,39,98.43952062430326,4.082900388164246,3.7845665782373215,0.8750982868111926,0.6026218781940028,0.7163976868207098,3839.141304347827
2017Q4,DE,44,94.22455533596836,4.280151591024091,3.9701424148119786,0.9532164196517758,0.6655366904286865,0.6631783594604163,4145.880434782608
2018Q1,DE,41,92.90027100271001,4.053264887602756,3.7453847702172105,0.8929380225319572,0.6214024422261247,0.9970893089956899,3808.9111111111106
2018Q2,DE,43,92.79120879120879,4.269446063256695,3.957948839412601,0.9414455014156191,0.6572321615458341,1.1224016776500652,3990.0219780219777
2018Q3,DE,45,89.37729468599034,4.317545308116814,4.002896719654507,0.9615206393133382,0.6755093751182363,1.67260338131873,4021.978260869565
2018Q4,DE,44,88.72900197628456,4.23273585299645,3.917032059580984,0.9406773578339249,0.6555696248346907,1.5923510528793494,3904.076086956521
2019Q1,DE,44,90.5770202020202,4.122628462299788,3.8098726180353233,0.9249771805344522,0.6382536208651045,1.6046012720729097,3985.3888888888882
2019Q2,DE,44,89.96853146853147,4.175396880916293,3.873566903734794,0.9545230600109927,0.6757680007994804,1.7937060497144404,3958.6153846153843
2019Q3,DE,45,89.19589371980676,4.205089378803101,3.8899443498135513,0.9600502341099083,0.6720539657866446,1.9399085105657872,4013.815217391304
2019Q4,DE,44,91.32065217391305,4.098987518462613,3.793184820892373,0.9191465539162379,0.6395372309057366,2.147950123712402,4018.108695652174
2020Q1,DE,33,80.73226773226774,4.127546599350765,3.7697283852845462,0.9644480467251556,0.6361987551507802,1.6868558562783618,2664.1648351648355
2020Q2,DE,42,75.34379905808476,4.340778708449667,3.9698327221458234,1.0421863844091621,0.6989699406870304,2.1347628937237797,3164.43956043956
2020Q3,DE,45,74.30990338164251,4.2676516286734945,3.9160826347422164,1.0488015979560723,0.7290825404771115,3.1473650789467684,3343.945652173913
2020Q4,DE,44,74.38142292490119,4.166094302149481,3.8183791880330524,0.9860597948826951,0.6674968116481123,3.467555533354491,3272.782608695652
2021Q1,DE,45,72.80493827160493,4.2524318320558905,3.7882980397476764,1.0668973071966357,0.7061080512785729,3.7065632015643066,3276.2222222222217
2021Q2,DE,44,74.29270729270729,4.0084208721610395,3.618297800099506,1.0036555528661906,0.6639625774873263,4.2460910054164565,3268.879120879121
2021Q3,DE,44,78.52272727272728,3.960065469074436,3.6024766249292135,0.9670371232618135,0.6341520795318695,6.1418304263525165,3455.0000000000005
2021Q4,DE,44,78.36042490118578,3.9688255155216066,3.6001262283143607,0.9496236479478438,0.6113136067439463,6.532568432124414,3447.8586956521744
2022Q1,DE,44,78.78055555555555,4.040015482208282,3.652500392664704,0.9392775931096159,0.5914311907196502,9.650860847612822,3466.3444444444444
2022Q2,DE,43,81.99284436493738,3.9672685280421893,3.617331644007256,0.8957232933754732,0.5788676528341405,10.718785120483515,3525.6923076923076
2022Q3,DE,43,83.5371587462083,3.977110989400042,3.633914419634887,0.8751198433760095,0.5658183270645408,13.805803240257111,3592.097826086957
2022Q4,DE,42,85.51216356107662,3.9467089362294545,3.626669410657378,0.8652520587496481,0.5761728290443346,13.686759586899337,3591.510869565218
2023Q1,DE,42,87.04550264550264,3.978324083979674,3.6528157443652898,0.8865523110214205,0.5927845923800724,16.951733379339075,3655.911111111111
2023Q2,DE,43,85.80347559417326,3.9909242320900438,3.687609702486083,0.8631969715471973,0.5915149114368174,15.177776715382304,3689.5494505494503
2023Q3,DE,43,86.82633973710819,3.936980246590099,3.670081226254422,0.8261435288294974,0.5899033145552208,15.18490591755048,3733.532608695652
2023Q4,DE,43,88.1205763397371,4.046422455214354,3.743289396308142,0.8407040633381619,0.5741847936776583,14.019837330571585,3789.1847826086955
2024Q1,DE,43,88.66342959366216,4.046266559059203,3.7243104859629907,0.8435933302588344,0.559507436444342,13.032118010811311,3812.5274725274726
2024Q2,DE,43,88.13595706618962,4.137713728992449,3.781319401755993,0.8509822660898407,0.536409637086953,13.010429529916145,3789.8461538461534
2024Q3,DE,43,88.3313953488372,4.13065582261854,3.7745367002538357,0.8361087056682284,0.528621504754764,9.700093024013707,3798.25
2024Q4,DE,43,88.76794742163801,4.123233086346628,3.766579651788612,0.82497764589966,0.5176018748967725,6.8390616962823305,3817.0217391304345
2025Q1,DE,43,89.39560723514211,4.130521764013863,3.770491095817159,0.8354204375637717,0.5241589369900075,6.5993573797341725,3844.011111111111
2025Q2,DE,43,88.23562484027602,4.171843071718617,3.79620860438039,0.8407533322134236,0.5131643138913187,6.3016029686900525,3794.1318681318685
2017Q1,FL,630,109.6494003527337,4.174610981513791,3.921977933194481,0.5937674801568121,0.4001504989206419,0.8565663186990355,69079.12222222223
2017Q2,FL,649,107.9520140876073,4.24351684046115,3.9801938926565885,0.6084818441988739,0.4062679431916177,1.0380057816543302,70060.85714285713
2017Q3,FL,661,107.80745576530948,4.267163348554535,4.00512673225252,0.6189138691092585,0.41819266267611577,1.052619230157893,71260.72826086957
2017Q4,FL,652,108.51615430781541,4.219755694718564,3.966808925106845,0.6178359662344243,0.42250573761916344,1.212797742825426,70752.53260869565
2018Q1,FL,676,107.39986850756081,4.230538287119112,3.9629203799450523,0.6391683353208224,0.43311792492678536,1.9074418426446886,72602.3111111111
2018Q2,FL,675,106.88180708180708,4.236026047890283,3.9699333380551893,0.6464772897764963,0.44169518439228567,2.0013661245536487,72145.21978021978
2018Q3,FL,679,106.53092783505154,4.252052460384079,3.9767397645660094,0.6561280232807305,0.4489870444886634,1.9677472481761826,72334.5
2018Q4,FL,686,106.42025288376219,4.240021982030539,3.9610373779386117,0.678646108515059,0.4684162843311032,1.4925475744209291,73004.29347826086
2019Q1,FL,683,108.495168374817,4.23986431951788,3.9580553178957953,0.6938359185017449,0.4798450338406507,1.6448575607460798,74102.20000000001
2019Q2,FL,676,107.10873593861758,4.250913727494161,3.971420000088027,0.7035518320885381,0.48924889294891516,1.987233162957337,72405.50549450549
2019Q3,FL,680,106.61942135549873,4.2617250867339385,3.983835730769698,0.7155627560021115,0.5003102002350485,1.925046530822251,72501.20652173914
2019Q4,FL,685,106.09822278641701,4.22470809759045,3.951250039259323,0.715043273494648,0.5015134401486021,2.287613352559436,72677.28260869565
2020Q1,FL,541,106.74969023582702,4.185160296259425,3.9125346738988553,0.7211377986122449,0.5079893534147963,2.7439176911977436,57751.58241758242
2020Q2,FL,681,96.86797050233173,4.32302992417964,4.029349360861768,0.7701580991520081,0.5395050862026602,2.5675942687016207,65967.08791208791
2020Q3,FL,691,91.16030642421191,4.35151572936631,4.051231304709742,0.802337741489011,0.5688995336347414,2.969492567543496,62991.77173913043
2020Q4,FL,685,91.69811171056809,4.324924012968057,4.028609048740961,0.786781044210621,0.5555820734873845,3.430535925164159,62813.206521739135
2021Q1,FL,696,91.79169859514688,4.247652976643491,3.959114247164091,0.7605289111055766,0.5328055619712019,4.364858157582098,63887.02222222223
2021Q2,FL,688,92.963071811909,4.136713555404664,3.859156494105389,0.718727414989643,0.5005482358778826,6.43501707691672,63958.5934065934
2021Q3,FL,693,94.90556182947486,4.116065941043488,3.8518163353302595,0.6944565601997357,0.4852208014181268,9.441818567111874,65769.55434782608
2021Q4,FL,696,95.7313323971817,4.04715947943516,3.79125581135642,0.6509363647336945,0.4514249530517781,9.786755542139938,66629.00734843846
2022Q1,FL,684,96.84704353476285,4.047548638824107,3.787829429994176,0.6454573790520611,0.4444931132738803,11.186685026722046,66243.37777777779
2022Q2,FL,666,98.55951555951555,3.908343161516469,3.6453773074773763,0.6501189912172471,0.4488665993225183,10.238944965655406,65640.63736263735
2022Q3,FL,687,100.07705208531105,3.8282941850703605,3.5679750935533185,0.6409963890869481,0.44355613120072346,8.436382927160839,68752.93478260869
2022Q4,FL,682,102.15603085553997,3.77222701358789,3.527949672354836,0.6315278302591799,0.44418145030062356,7.21348834238215,69670.41304347826
2023Q1,FL,688,104.34583333333333,3.782760998369626,3.518113404633952,0.640747461652779,0.4422662710061176,6.49289267466619,71789.93333333333
2023Q2,FL,687,103.35174432554344,3.780542513427374,3.5242976062957565,0.6439174022451724,0.45462937692619726,5.757586578812225,71002.64835164834
2023Q3,FL,689,104.28163059254116,3.7525832183091477,3.4969547505644307,0.6465116507750744,0.4595406662184707,4.209454112474472,71850.04347826086
2023Q4,FL,687,104.80770204417442,3.762594397628356,3.518570401611288,0.6539031750838509,0.47191495782325166,3.2486928904674874,72002.89130434782
2024Q1,FL,695,106.19498774606689,3.7593249663281965,3.5125734682567877,0.6726904403643553,0.4878112791830981,2.939623321623488,73805.51648351649
2024Q2,FL,691,106.11200521620202,3.8046871042014834,3.54240552278638,0.6910678285224165,0.4970279893573989,2.7453568413810188,73323.3956043956
2024Q3,FL,690,106.86969124133586,3.782897003989335,3.525169181178074,0.6869876850064445,0.4982001265313775,2.0037203669431425,73740.08695652174
2024Q4,FL,688,107.3003507330637,3.7845556248723624,3.5366418971556826,0.6942435520032368,0.5111558946434926,1.7962784923382091,73822.64130434782
2025Q1,FL,686,108.82949465500486,3.7862467523711762,3.5235370545574853,0.7111588310575188,0.5173354597981614,1.9198827702296146,74657.03333333334
2025Q2,FL,687,107.92082153654206,3.814507768472745,3.544353352050116,0.7178469919307959,0.5191730481291665,1.5259682987253367,74141.6043956044
2017Q1,GA,331,93.35562269217858,3.503831447244652,3.2654190913981127,0.37119921008649925,0.21918303929718988,1.7009478130444324,30900.71111111111
2017Q2,GA,331,92.49111915275057,3.526599097247772,3.2842667516175066,0.37241641106634243,0.2175723969597171,1.9026591656893233,30614.56043956044
2017Q3,GA,342,92.61435291126367,3.4778214170262505,3.237038800034866,0.3716600892650629,0.21794703738961116,1.7138728852629257,31674.108695652176
2017Q4,GA,345,93.64127284183995,3.4849772153312695,3.244572518298054,0.36308956676156917,0.2107655843836868,1.769797561858779,32306.239130434784
2018Q1,GA,346,92.54752729608221,3.4936924144583665,3.2398072021180253,0.374870905955384,0.2125263243729029,2.162983214337008,32021.444444444445
2018Q2,GA,344,92.56507155635063,3.510340871952754,3.2620264441236486,0.37356219870053636,0.21564296257286494,2.5754917745927206,31842.384615384617
2018Q3,GA,348,92.85747751124438,3.530563401363976,3.2843026447017674,0.3755266782713994,0.21846449204066704,2.698712327460442,32314.402173913044
2018Q4,GA,347,92.87156997869941,3.4785855758437583,3.231464693446374,0.37069858258410593,0.21468971597716163,2.9144716947934626,32226.434782608696
2019Q1,GA,352,92.26158459595959,3.4807657465478004,3.2310396096682448,0.3759804396193164,0.2166426877629927,2.8049785974009978,32476.077777777777
2019Q2,GA,351,92.92767915844838,3.4960288295645547,3.2506861592687564,0.3783325028645278,0.22019658695850655,3.440217982300083,32617.615384615383
2019Q3,GA,348,93.35026236881559,3.5304649510054866,3.24847344432466,0.38820280175139577,0.20122420703034297,3.78701530507158,32485.891304347828
2019Q4,GA,353,93.21523586648603,3.5281586637148203,3.2520400078222607,0.38651072686900156,0.19934000339581232,4.236927215082244,32904.97826086957
2020Q1,GA,270,91.68441188441187,3.5161297180343825,3.207910081564852,0.3865828393304704,0.18359431363270334,4.585304588966496,24754.791208791205
2020Q2,GA,349,85.23278440756951,3.5984462235140615,3.3016949818760004,0.43237984815147024,0.23075178395423857,3.9865742730504743,29746.24175824176
2020Q3,GA,353,80.42123414213573,3.541996979048611,3.265040957055779,0.4532213373357429,0.2675750911262903,3.9972894241328096,28388.695652173912
2020Q4,GA,352,78.22338191699605,3.5317989875200637,3.2664065410119907,0.4368574396037243,0.2617443093400958,4.240965618203241,27534.630434782608
2021Q1,GA,351,76.39189616967396,3.5842124671600604,3.2989038421693833,0.4518015721732788,0.26050175284474686,4.298349058996487,26813.55555555556
2021Q2,GA,349,77.27333984067508,3.42380694292546,3.1463718988934546,0.4363741726171946,0.24865257012278108,5.449383274226005,26968.395604395602
2021Q3,GA,352,78.9228013833992,3.380714286832176,3.1094624498598504,0.4290614616900302,0.24446138171619775,7.549064624034033,27780.82608695652
2021Q4,GA,342,79.08536382290693,3.329150524658229,3.0671716807862497,0.4033723062120101,0.22889860785157964,8.853886323653251,27047.19442743417
2022Q1,GA,341,78.57044639947866,3.334084895992953,3.065679714945339,0.4039761508911898,0.22276332907150295,10.382108011853317,26792.522222222222
2022Q2,GA,345,80.03933747412009,3.259909731438793,3.0034083336152193,0.4034439149406945,0.22712205536774202,10.900904285266805,27613.57142857143
2022Q3,GA,343,79.9106033717835,3.307798623842478,3.053855077153572,0.4066199553547883,0.2338244346281555,10.996457454329054,27409.33695652174
2022Q4,GA,351,82.20438498699369,3.3337897996793426,3.0946017282064266,0.403358158689402,0.24018618640338982,12.821677038962074,28853.739130434784
2023Q1,GA,353,83.28460812086874,3.3738975423590447,3.1293588848172607,0.40906251133807414,0.24404822158527442,12.10884619611771,29399.466666666667
2023Q2,GA,353,83.61501105127167,3.4211814338608284,3.180626437797961,0.4093897202681345,0.24470440977451308,11.437714607369823,29516.0989010989
2023Q3,GA,351,85.4281555803295,3.4099010384079724,3.1766339247587405,0.41800103384051457,0.25725544705627323,9.519955896673103,29985.282608695656
2023Q4,GA,348,85.84829460269864,3.449893651817579,3.220426826228962,0.4145107856267321,0.25722385401010506,7.49077895285466,29875.20652173913
2024Q1,GA,351,86.91330891330891,3.4193875612460363,3.184040257224349,0.42315471571969,0.26162215454929905,6.652790866061216,30506.571428571428
2024Q2,GA,352,86.91108891108891,3.4911155141497514,3.2639435712602594,0.43367504497229825,0.27184787653164444,6.720172926999628,30592.703296703297
2024Q3,GA,351,86.98981171807259,3.4944090243229535,3.2700472468695208,0.43215941190605456,0.2696037450050284,5.661086608417961,30533.423913043476
2024Q4,GA,353,88.01570390442173,3.4829091784978856,3.2616293427297385,0.43627530525839997,0.27642795369993967,3.9372846193687825,31069.543478260868
2025Q1,GA,350,88.53879365079365,3.4735166434083955,3.2474489489317215,0.44164626607940133,0.2823573452870807,3.8355895788312484,30988.577777777777
2025Q2,GA,350,88.54373626373626,3.5294100743302232,3.301835497663573,0.44904012881730476,0.28470272875106645,4.001174225423423,30990.30769230769
2017Q1,HI,35,91.28888888888888,4.118479865071637,3.8323406245653087,1.1787601891779107,0.9078896578105439,1.964506643095587,3195.111111111111
2017Q2,HI,39,85.85996055226825,4.122737458034831,3.8372132503273533,1.1841874920007742,0.9164028918635981,1.8546660804967134,3348.538461538462
2017Q3,HI,39,86.40050167224081,4.079270463379624,3.811620651279818,1.1755302333833326,0.9244863792519474,2.1496531567311266,3369.6195652173915
2017Q4,HI,38,87.23684210526316,4.205481834874418,3.9255829234703916,1.2429174044199618,0.9797289658338252,2.4649477226842587,3315.0000000000005
2018Q1,HI,41,86.95772357723577,4.255556760597618,3.9596495197491843,1.2919894725032255,1.0111809619975443,2.80434196614286,3565.2666666666664
2018Q2,HI,42,84.4084249084249,4.275848906881086,3.965898874488932,1.3103863810371068,1.0170687116602453,2.797792162072125,3545.153846153846
2018Q3,HI,39,89.44091415830545,4.319705995998928,3.9962705896283746,1.3060818163121581,1.0117203674504693,3.002023157182587,3488.1956521739125
2018Q4,HI,39,81.36538461538461,4.215445726675777,3.9265167723394265,1.352854911471232,1.0835117952722997,2.5851982436544003,3173.25
2019Q1,HI,41,84.23929539295393,4.334963502475526,4.020252667745454,1.3464634236576019,1.0527333734393247,3.668537632394188,3453.811111111111
2019Q2,HI,39,86.29416737109044,4.2551978070776935,3.9410422584879408,1.356235037125561,1.06146402706215,3.084278598956496,3365.472527472527
2019Q3,HI,40,83.97391304347826,4.2742067606399505,3.9693897884953926,1.3805212540126335,1.0865798449311381,2.7111871348832004,3358.9565217391305
2019Q4,HI,41,82.80593849416756,4.314337813436468,4.003521886125554,1.3993585277770662,1.098740523269216,3.3998125482627817,3395.04347826087
2020Q1,HI,41,83.67220584293756,4.315992933586606,3.995913524525836,1.3904108193644071,1.0831009574573722,2.7839756294589657,3430.5604395604396
2020Q2,HI,42,81.49345892203034,4.494779913185303,4.160598231600036,1.4494401029961346,1.1309704046643634,2.781881665447376,3422.7252747252746
2020Q3,HI,41,80.06203605514315,4.536562812506209,4.172616575163746,1.4780728425068048,1.1344525387921613,2.355198730524617,3282.5434782608695
2020Q4,HI,39,79.58221850613154,4.5317886398100455,4.192271267523753,1.4817648603878253,1.160803877551735,2.6538219375584196,3103.70652173913
2021Q1,HI,41,77.58428184281843,4.605221596585233,4.269373039547864,1.5237207198396008,1.2037387787038136,2.274903808978398,3180.9555555555553
2021Q2,HI,42,77.96363160648875,4.573274480916313,4.24193085372361,1.5050043795326484,1.1862920628102172,3.4578191503308195,3274.4725274725274
2021Q3,HI,41,77.81998939554612,4.483025036026123,4.145479036714281,1.4751847637606161,1.1513732851395224,2.5397776112918513,3190.619565217391
2021Q4,HI,42,77.70626293995859,4.408470810006094,4.072146927465472,1.4454388074216422,1.1262204378249299,3.5643362458173433,3263.663043478261
2022Q1,HI,43,74.01447028423773,4.447792560990937,4.094860806602522,1.469342924772026,1.1326991020681758,4.463254078226249,3182.6222222222223
2022Q2,HI,42,72.43825222396651,4.366734222113061,4.037216128065189,1.4525693222904077,1.1369588129697785,5.570851913927666,3042.4065934065934
2022Q3,HI,42,71.27355072463767,4.2885131136052514,3.9560366883199407,1.4252568436570672,1.106924412039172,5.298352125479062,2993.4891304347825
2022Q4,HI,43,73.89231547017188,4.274703884126191,3.9486050123495637,1.373571897727817,1.0698347347751422,6.580630122345245,3177.369565217391
2023Q1,HI,41,76.38970189701898,4.231793612839597,3.9043597584770713,1.3492310503125464,1.044532599209587,8.01043202834168,3131.977777777778
2023Q2,HI,39,73.88616511693435,4.330896072793283,4.004652813265096,1.4092101730594688,1.1068041583086088,9.827821752010289,2881.5604395604396
2023Q3,HI,42,76.75828157349898,4.377469706062834,4.054402482855351,1.3765975710904468,1.0805138000094405,8.892615039497818,3223.847826086957
2023Q4,HI,42,77.40553830227744,4.381760444006085,4.065541115699025,1.39492606028185,1.1091113860144768,9.685939925771118,3251.032608695652
2024Q1,HI,41,80.11551862771375,4.389023522051714,4.069965140125322,1.4027726982279007,1.12119667727183,9.386465978327262,3284.736263736264
2024Q2,HI,40,81.75631868131867,4.448521067363815,4.114429002026258,1.4321971282926682,1.1323144361594526,8.911873186598896,3270.252747252747
2024Q3,HI,42,78.92779503105591,4.60649908025851,4.284256648862045,1.5120641556576397,1.21618361384629,9.951509110478465,3314.967391304348
2024Q4,HI,42,80.01449275362319,4.521301329986803,4.198765298729526,1.5006249838279817,1.199497761792636,8.267454067839664,3360.608695652174
2025Q1,HI,42,81.18915343915344,4.459457729842455,4.124091269000798,1.4927417520650386,1.1843300477361964,7.9011729543079685,3409.9444444444443
2025Q2,HI,42,81.40763997906853,4.452009288423218,4.117287876840008,1.4956264061194315,1.1895579803303982,8.388479895262927,3419.1208791208787
2017Q1,IA,412,54.75620280474649,3.6924337802163163,3.4282019592584567,0.6739568697176855,0.4616739543726236,3.3735567177184262,22559.555555555555
2017Q2,IA,413,54.408615597477585,3.7347880346570075,3.4702875140781253,0.6700138543914704,0.45851067492355146,7.739629518751403,22470.75824175824
2017Q3,IA,419,53.4603870499118,3.649598125185912,3.3922749080328862,0.6590003886857038,0.4524587985875327,3.274193181867845,22399.902173913044
2017Q4,IA,423,54.257040805838216,3.710962809269574,3.4481921621318254,0.6809887485809628,0.4663294950856443,3.3117894106032297,22950.728260869564
2018Q1,IA,420,53.59957671957672,3.7361818086694205,3.446546417092451,0.69170918095381,0.45785198295809015,3.244043755215979,22511.82222222222
2018Q2,IA,422,53.42226967345451,3.750046146227045,3.462788081239197,0.6920005683585163,0.45646391313376117,3.0704574548122814,22544.197802197803
2018Q3,IA,426,53.61821290059196,3.7182561571900705,3.4476110507017923,0.6958101079991719,0.47393901223229223,3.888757226076842,22841.358695652176
2018Q4,IA,414,53.96061751732829,3.728507657455144,3.4516864549943267,0.7017870363342306,0.47566750452012696,3.8528568547313817,22339.695652173912
2019Q1,IA,429,53.360476560476556,3.68118108596635,3.3918017394022466,0.7109847892098426,0.47782199521610985,3.512269160610578,22891.644444444442
2019Q2,IA,433,53.01070984442809,3.7164289506654837,3.426066433005662,0.7076010553523803,0.4748037491723641,3.85151133581439,22953.637362637364
2019Q3,IA,431,53.23504489054777,3.6878632330842738,3.411124130455792,0.6989996617518035,0.47615976495066503,3.9416137404508707,22944.304347826088
2019Q4,IA,422,53.2561302287245,3.6962349875412066,3.4139894351755835,0.7116283681302524,0.48492606944422945,4.378879886678451,22474.08695652174
2020Q1,IA,361,52.46503911600865,3.7085764556326004,3.452513163399049,0.7273882423794436,0.5078488322505742,3.3521601162589967,18939.879120879123
2020Q2,IA,423,50.01935416829035,3.8511890910696245,3.5714265176755937,0.7444554961449469,0.5149161340919656,4.184977475476255,21158.186813186818
2020Q3,IA,425,48.74273657289003,3.7833245480604103,3.5122097646131025,0.744895198497671,0.5221016391188982,4.529298219149394,20715.663043478264
2020Q4,IA,422,46.472491242530396,3.8872789162022072,3.6111716016866864,0.7721242755984766,0.5440546864954264,5.990486752123945,19611.391304347828
2021Q1,IA,422,45.10926803580831,3.9656835196264417,3.683851177586459,0.7908077513497738,0.5538664059535969,5.749907580461826,19036.11111111111
2021Q2,IA,423,46.47530719871146,3.7631833609655594,3.4960582322605025,0.7425782319921923,0.5198031665077302,6.5271183649428135,19659.054945054948
2021Q3,IA,426,47.426617677076955,3.6020515197359075,3.3440070822017445,0.7107612452279604,0.49681671601898914,8.800924303275124,20203.739130434784
2021Q4,IA,394,48.26537685614903,3.6129689791307693,3.354314205878579,0.7019363096656525,0.4910408207922426,11.099910528359274,19016.558481322718
2022Q1,IA,423,47.14691358024691,3.6351924442985974,3.3574493824945693,0.6985922647882897,0.4771232219593144,11.81142030571763,19943.144444444442
2022Q2,IA,420,47.37642595499738,3.67408278001046,3.3897585224056415,0.6924910381299888,0.4681924773861548,12.003448240569487,19898.0989010989
2022Q3,IA,417,47.903268689396306,3.646627260019121,3.3854726539522817,0.6973851714123871,0.4879700080696021,10.828897884618318,19975.66304347826
2022Q4,IA,405,48.48835212023618,3.6455859379324242,3.381242082144225,0.7010231496959056,0.49280210729538665,10.222706401611388,19637.782608695652
2023Q1,IA,402,49.261967938087345,3.65424650647647,3.378529376120043,0.7108225784913634,0.4929683868803085,9.574422382423379,19803.311111111114
2023Q2,IA,405,49.33015873015873,3.682989082336531,3.404883818657549,0.7043409496810616,0.4798742287808508,8.280803450564477,19978.714285714286
2023Q3,IA,399,50.134248665141115,3.6524424613438473,3.3896019405236455,0.6961799418364553,0.48438662021117973,7.62779594905368,20003.565217391304
2023Q4,IA,393,50.189041929416966,3.7043155014644817,3.43682764302463,0.7085059970737917,0.4946497064147886,7.31810030703213,19724.293478260868
2024Q1,IA,396,50.271173271173275,3.716342877898311,3.4417207044489535,0.7172502003784558,0.498834702678116,6.6735283867425625,19907.384615384617
2024Q2,IA,393,50.287839387076026,3.771957069555683,3.4978557186100874,0.719383183463038,0.49952282083845817,5.8630454294602865,19763.120879120877
2024Q3,IA,397,50.65313218705509,3.787573769428477,3.5245786692828047,0.7173792995343381,0.5060595874176713,5.490350403294542,20109.29347826087
2024Q4,IA,394,50.88473846832929,3.798989422435713,3.5339042434954218,0.7185059014242574,0.5058796619082989,5.711599696104622,20048.58695652174
2025Q1,IA,393,51.412496465931575,3.8035435423380224,3.532288958789305,0.7267316025648076,0.5090100744586078,5.402987791476992,20205.11111111111
2025Q2,IA,391,51.12076670132935,3.818791623417749,3.543741945805441,0.7191669158977156,0.49817694818046676,4.856605426814466,19988.219780219777
2017Q1,ID,69,52.71030595813204,4.2924452923798855,3.9415478216239825,0.7997017086679844,0.5390226101408054,2.0306232286712045,3637.011111111111
2017Q2,ID,69,51.35897435897436,4.287804380385944,3.9672280399276856,0.7811496419966323,0.5252575794693054,1.984138033010622,3543.7692307692305
2017Q3,ID,71,51.822718922229036,4.237424861006896,3.9020625040619668,0.7757673423809326,0.5246640532220995,2.435709876982592,3679.4130434782614
2017Q4,ID,69,50.466288594833024,4.264404857035835,3.9192360469471836,0.753511924085404,0.49780172306155585,2.930028482926341,3482.1739130434785
2018Q1,ID,72,51.696913580246914,4.424061570884429,4.024977581821872,0.8208839508531446,0.5232012621046221,3.586732808070546,3722.177777777778
2018Q2,ID,76,50.43623481781376,4.316029379302041,3.978168953921397,0.7770601490179667,0.5330466118337123,2.753488428815108,3833.153846153846
2018Q3,ID,71,50.598285364360066,4.375237513161558,4.016426773330752,0.7808760756169291,0.5313387875633871,2.8276160384384776,3592.4782608695646
2018Q4,ID,77,50.73122529644269,4.350698898102288,4.001884384217263,0.8015869553119261,0.5391140575435472,3.550964914762115,3906.304347826087
2019Q1,ID,80,50.85291666666667,4.392323968088797,4.049066616412802,0.839411674737328,0.5776145528635143,2.6477451895287123,4068.2333333333336
2019Q2,ID,77,51.73597830740688,4.358798722256244,4.0236987537033055,0.8557170481691739,0.6070787335109816,2.7536602850725354,3983.67032967033
2019Q3,ID,79,51.56521739130434,4.267120146434138,3.9676454735628752,0.8291424744380643,0.5896675080581467,2.7519608973962217,4073.6521739130426
2019Q4,ID,78,52.08458751393535,4.281652348170881,3.9850304608049565,0.8477227036673364,0.6022241872436517,2.8126737753483533,4062.597826086957
2020Q1,ID,75,50.84307692307692,4.2973791080218104,3.9974339777063097,0.8679421274682713,0.6166031803667971,1.94965323879019,3813.230769230769
2020Q2,ID,75,48.32967032967033,4.50177423071093,4.175016098226466,0.9053407306351371,0.6410364408064272,1.8160841952041773,3624.7252747252746
2020Q3,ID,81,46.49852388620505,4.442729035777056,4.122530367351886,0.933475398765393,0.6728458010949273,2.1547888123312324,3766.380434782609
2020Q4,ID,81,43.92646269457864,4.557158245249588,4.213451273904808,0.9650080955581353,0.6899388098002077,2.9045500403428157,3558.0434782608695
2021Q1,ID,80,44.81777777777778,4.450492085234035,4.1103760908369695,0.9513522659658864,0.6741177546112654,3.2649129088683155,3585.422222222222
2021Q2,ID,79,46.550285157880104,4.227762647542208,3.905953802480203,0.8783891528462573,0.6156200209173764,2.9799018288373023,3677.4725274725283
2021Q3,ID,79,46.178178315905335,4.156939959418752,3.8449260330787807,0.8899998212279853,0.6319079741257303,3.6641137398076014,3648.0760869565215
2021Q4,ID,79,45.26223383227266,4.159571164668722,3.837868935325456,0.8961238163219668,0.6401129223482701,4.855243299961336,3575.7164727495406
2022Q1,ID,78,45.690313390313385,4.0419742724772885,3.7144401800801874,0.8469361426175229,0.5896338224015265,4.481431667847175,3563.844444444444
2022Q2,ID,78,47.21315863623556,3.977183358747192,3.669193182123367,0.8106274487570088,0.5591067352194294,4.774719495110894,3682.6263736263736
2022Q3,ID,75,47.9104347826087,3.954468694605272,3.6626199248597935,0.7982888058030987,0.5548711061098305,6.958925901632554,3593.2826086956525
2022Q4,ID,75,48.68391304347826,3.922628967102188,3.6268827604273652,0.793059428016873,0.5474347685007398,7.857847122257389,3651.2934782608695
2023Q1,ID,79,49.92897327707455,3.938380033521599,3.646012253693714,0.7902991309736759,0.5421457767010802,7.492835195908931,3944.388888888889
2023Q2,ID,77,50.37319823034108,3.9172605782443015,3.642330712676895,0.7723118439505333,0.5391548737126911,6.366165383103134,3878.7362637362635
2023Q3,ID,79,50.43753439735828,3.9068470183861645,3.6327577609253106,0.7829100605597684,0.546121746958372,5.856112336452777,3984.565217391304
2023Q4,ID,80,50.524864130434786,3.954162500705905,3.6585605989302508,0.7935437782193979,0.5445469971467987,5.652061997839196,4041.989130434783
2024Q1,ID,80,51.49560439560439,3.942852772027912,3.6357422216768738,0.7885646112972409,0.5345125210729605,3.9651256498937357,4119.648351648351
2024Q2,ID,79,52.88774516622619,3.90923994634544,3.6115423055679763,0.7575249467399595,0.5088994503037795,5.414746066309864,4178.131868131869
2024Q3,ID,80,53.27513586956521,3.9436204333023044,3.6492708330676735,0.7657473380854618,0.5195563943331505,6.056989266385986,4262.010869565217
2024Q4,ID,80,53.93002717391304,3.9345433268249668,3.6435803489324177,0.7790884927883102,0.5357228443660641,6.4541454109969285,4314.402173913043
2025Q1,ID,79,55.40661040787623,3.939268266060146,3.650559474642142,0.7796787082329584,0.533768686173818,5.554557170379139,4377.122222222222
2025Q2,ID,79,55.27222144943665,4.0104107189595135,3.727878228875154,0.7868788127403413,0.5491528921460066,5.800678125932982,4366.505494505495
2017Q1,IL,658,92.90786896318812,3.2410143849404687,3.0246337970673958,0.6688732196486954,0.5001798181171806,1.519151604737246,61133.37777777778
2017Q2,IL,652,92.20562259826063,3.2521693283399853,3.0342727552230557,0.6656999706072886,0.4977886316742293,1.8728661248319072,60118.06593406593
2017Q3,IL,670,91.885204412719,3.273434919358085,3.0621859283972404,0.6663167846203717,0.5071706930536438,1.9298573893568205,61563.08695652173
2017Q4,IL,648,91.0018954643049,3.295724223521885,3.070730253748777,0.6996530449097531,0.5256269546626104,2.130891858409755,58969.22826086957
2018Q1,IL,687,91.52283681060975,3.2541462719414893,3.0311061774489088,0.692757772461824,0.5230361979459809,2.193700728382636,62876.18888888889
2018Q2,IL,684,90.99063363537049,3.2767649636160328,3.057108134530895,0.6838723954162893,0.5174935558011385,2.1161986230066083,62237.59340659341
2018Q3,IL,692,90.44934342799698,3.247053168024893,3.03258351716728,0.6737668040262109,0.513111074719621,2.0170931704440447,62590.94565217391
2018Q4,IL,698,90.87272642332128,3.244893348159869,3.026497638670184,0.6807325614692049,0.5191396427682164,1.9515731840766555,63429.16304347826
2019Q1,IL,694,90.09519692603266,3.1980748811251343,2.9769975988680986,0.6901056643753557,0.5255400947444853,2.130450561828789,62526.066666666666
2019Q2,IL,685,90.02313307130825,3.2170641504229103,2.9949266643048893,0.6883579846859857,0.5235151147838261,2.4265881277165224,61665.846153846156
2019Q3,IL,684,89.87717709127892,3.212026057893582,2.993215497178025,0.6939748922829716,0.5304106764199737,2.5635647356091242,61475.989130434784
2019Q4,IL,686,91.14813347699328,3.226225840024435,3.007625292892306,0.6980051354696994,0.5356658231553674,2.805588072849038,62527.61956521739
2020Q1,IL,513,84.06218537797486,3.162920957374292,2.945437656637213,0.665487444177587,0.5058848831949851,2.7660737376010056,43123.9010989011
2020Q2,IL,682,81.21293222906125,3.3015857448766797,3.068139920801343,0.7317771922233023,0.5562247568913923,2.628035531540637,55387.21978021978
2020Q3,IL,679,81.38800665940963,3.252397588503556,3.0247568539534466,0.7238403185117029,0.5527626960358731,2.839591894252178,55262.456521739135
2020Q4,IL,679,78.92998014983672,3.3406101714234255,3.1080035200598384,0.7412315483841919,0.5664640049746501,3.938293022958356,53593.456521739135
2021Q1,IL,680,76.67864379084968,3.3348370682926136,3.095458137081313,0.7498865927381764,0.5679734197534785,3.9666740891828463,52141.47777777778
2021Q2,IL,666,78.48678348678348,3.1552093584512177,2.9224208464987798,0.7199491083235052,0.5427925167708341,4.404057874206647,52272.1978021978
2021Q3,IL,689,81.79974127595128,2.979311616968704,2.7652084502544008,0.6757405553813391,0.5131680913197414,6.207824324240704,56360.02173913043
2021Q4,IL,672,83.24392482613071,2.960297554123673,2.7516188175788465,0.6550620421605214,0.4981123643340847,7.723154711665413,55939.917483159836
2022Q1,IL,685,83.43803730738036,2.985242248425579,2.773118215458728,0.6489185655784314,0.49108100479106065,9.555298949007705,57155.05555555555
2022Q2,IL,678,84.79057667995721,3.066153850712112,2.8591909521889805,0.6451353392556384,0.4924609488571817,11.356922808109845,57488.01098901099
2022Q3,IL,687,85.33203594709195,3.1107213674826997,2.9096762609936797,0.6406049068793542,0.4929127147144452,11.805611192208824,58623.10869565217
2022Q4,IL,690,85.90396975425331,3.174830957473652,2.9637625651362582,0.646116952958125,0.4920829317330939,11.865198579029345,59273.739130434784
2023Q1,IL,690,86.82470209339775,3.2171086446973134,2.998092673449047,0.6589681487529058,0.49902662999873504,11.076597274910768,59909.044444444444
2023Q2,IL,687,87.1353711790393,3.220896488663853,3.004455228711017,0.6552666150461078,0.49737869627616044,10.431650025901783,59861.99999999999
2023Q3,IL,677,88.41296320082205,3.235986342487797,3.0262737299002147,0.6584084698076693,0.5039146801367712,9.449566648736607,59855.57608695653
2023Q4,IL,676,89.29926678672498,3.211204054954355,3.004043459315411,0.6523261753425644,0.5002270828456705,8.693135414772843,60366.30434782609
2024Q1,IL,675,90.11814407814408,3.1998220614660955,2.990347317779564,0.6538608676675868,0.5019620443077752,8.792184885134965,60829.74725274726
2024Q2,IL,673,90.34910112176085,3.2533565119956624,3.0508116188496817,0.6555704152170967,0.5081755008358559,8.354441119840244,60804.945054945056
2024Q3,IL,645,89.4386417256488,3.269687346967538,3.0629629760128005,0.6597810369851727,0.5082681723192387,8.119819133808356,57687.92391304347
2024Q4,IL,672,91.42357336956522,3.272634716819431,3.0791496665617513,0.6602364684295645,0.5172015991731319,7.9564308846936465,61436.641304347824
2025Q1,IL,661,93.43333333333332,3.2471927671328307,3.0577151380742733,0.6597842452857854,0.5191672779093217,7.658507735252244,61759.43333333333
2025Q2,IL,663,92.9630218951486,3.327795878502437,3.137223141819069,0.6668864118808902,0.5247901274760918,7.224006746155176,61634.483516483524
2017Q1,IN,479,73.03010902342844,3.5541053219359613,3.248729608223793,0.5764205254344528,0.3694334326029562,1.2785996408254305,34981.42222222222
2017Q2,IN,514,72.21062983708897,3.57265379650519,3.2675889216539655,0.564835470958497,0.3600924123188792,4.9686561339338375,37116.26373626373
2017Q3,IN,532,70.86762422360248,3.5972436165596813,3.2811148363362737,0.5617604961158065,0.3607013488364718,1.9137782032236115,37701.57608695652
2017Q4,IN,497,71.58890298311609,3.5935226379489276,3.271601029654502,0.5552405729820785,0.3632014727505406,2.1246241766105634,35579.684782608696
2018Q1,IN,531,71.2157564344005,3.5747819548739628,3.2529306860989937,0.5790000943174195,0.37638197497150644,2.3998723903622277,37815.566666666666
2018Q2,IN,531,71.03898925932825,3.598707052080375,3.2850622182408764,0.5760677780448192,0.3744286744302912,2.387361715464931,37721.7032967033
2018Q3,IN,539,71.19044930225056,3.6014160108005457,3.2969692215040998,0.5826311061834597,0.3872420820170688,2.5231069048585475,38371.65217391305
2018Q4,IN,528,72.0686553030303,3.628312686189213,3.3163967193849873,0.5914167247723168,0.3931490596311079,2.4171002783891313,38052.25
2019Q1,IN,541,71.40176627644279,3.5815186627440063,3.25599039220469,0.6018292779742689,0.3952813247148324,2.3787876505173737,38628.35555555555
2019Q2,IN,538,71.48000326810735,3.6065375488853038,3.289076421381459,0.5970713395387593,0.3944281812523896,2.1929909079146506,38456.241758241755
2019Q3,IN,532,72.68235125858124,3.5985127896631353,3.2887809122763616,0.5974110219221249,0.3947658140224576,2.3656503707073404,38667.010869565216
2019Q4,IN,530,72.84122231337162,3.605527156000808,3.290532209864579,0.5995709030339512,0.3962602337221946,2.8374648863958774,38605.84782608696
2020Q1,IN,488,70.85552152765267,3.602479978083947,3.2707565646459997,0.6171737285765498,0.4004027837455094,2.9171434161556697,34577.494505494506
2020Q2,IN,527,66.22488896302939,3.7420280376215342,3.406584036194559,0.628543716252192,0.4143733758781239,3.5703484955717117,34900.51648351648
2020Q3,IN,527,65.23719165085389,3.671950840352075,3.3385738801628855,0.6355741552216911,0.42015524382224245,4.31826486342173,34380.0
2020Q4,IN,519,62.983810840244615,3.828218794547095,3.4819943797714337,0.6586511817210562,0.43696308811309353,6.032682349887429,32688.597826086956
2021Q1,IN,526,60.75076045627377,3.7718216194282155,3.4086992639974194,0.6565914286836899,0.42418889678195765,6.30218542045294,31954.9
2021Q2,IN,524,62.5129393507256,3.5390011496655167,3.2055072265887747,0.6196983193144814,0.40051989236688523,6.064800896292209,32756.780219780216
2021Q3,IN,519,65.34139649828265,3.426612276400588,3.1158657542931376,0.5972269073479746,0.39263521416087144,7.681601408378877,33912.184782608696
2021Q4,IN,521,65.82663174238621,3.4275870265184625,3.1293636427206932,0.5707088849404502,0.37573644278172097,9.122676639813006,34295.67513778322
2022Q1,IN,514,66.09200172935581,3.410397633164738,3.093676617771347,0.5680116673687846,0.36882611656379116,9.40449454826109,33971.28888888889
2022Q2,IN,511,66.75127416614697,3.4570461027557653,3.1359024787685312,0.5582048008360823,0.3600508891588631,10.744521265212986,34109.9010989011
2022Q3,IN,512,67.45512058423913,3.4932001670545096,3.1911179339373064,0.5669280507432792,0.37088239274427,10.368466363677461,34537.02173913043
2022Q4,IN,509,67.80257538224993,3.519620088949529,3.2155823466587554,0.5661449251809179,0.37768136907062205,9.131569740540453,34511.510869565216
2023Q1,IN,514,68.30979247730221,3.5575745147722584,3.236536499398262,0.5770804975045973,0.3831176347170943,8.137268963407905,35111.23333333334
2023Q2,IN,514,68.17892418865182,3.6055444949688007,3.281629453863451,0.5726615827339031,0.38069214779173793,7.173248414844734,35043.96703296703
2023Q3,IN,514,68.43497293182203,3.585475380799363,3.266143649574047,0.5764399087434988,0.3843082542759876,5.799997063038134,35175.57608695653
2023Q4,IN,509,69.2625352353293,3.583504266784567,3.2717512747323356,0.5700335632753761,0.38252099169211806,4.755963278484965,35254.63043478261
2024Q1,IN,511,69.75551063417991,3.563339839276185,3.248372423968794,0.5865405689365327,0.3879229836535488,3.6901947318181945,35645.06593406593
2024Q2,IN,509,69.95818130788662,3.5960486366931423,3.286266687404892,0.5830193189529789,0.3863061178073154,3.6781376830723516,35608.71428571429
2024Q3,IN,505,70.30488592337495,3.6216012815469183,3.3146754695204,0.5879234010895904,0.39412892006863903,3.772868750612596,35503.96739130435
2024Q4,IN,508,70.49039284491613,3.6405162760639977,3.337676199195068,0.5916625501337254,0.4003490427353489,3.720645040278122,35809.11956521739
2025Q1,IN,505,71.05364136413641,3.6054406872138003,3.2892030781064396,0.6017751753583032,0.40052244264238307,3.484180081522794,35882.08888888889
2025Q2,IN,509,70.28694488222975,3.6741145422025476,3.3545636485327988,0.6098901807059236,0.4043918902108077,3.7171196822516053,35776.054945054944
2017Q1,KS,282,54.24129235618597,3.956532589398566,3.670325232957831,0.6624212577834212,0.43822386179724027,2.5688127378505543,15296.044444444444
2017Q2,KS,299,53.129773236796645,3.9584457266423545,3.6843502872147913,0.6569931890249638,0.436337879978528,15.574182747137888,15885.802197802197
2017Q3,KS,300,52.78891304347826,4.001032640253017,3.7287028800788486,0.65903591965265,0.4402361538366504,2.5757135614080036,15836.673913043478
2017Q4,KS,288,52.96357940821256,3.992923282808021,3.7206839123993545,0.6632499217927734,0.44133389818309826,2.647607532013625,15253.510869565218
2018Q1,KS,310,53.10989247311828,3.9625833363702507,3.6774580534308385,0.6703772525486481,0.4417910317823463,2.8454776389988066,16464.066666666666
2018Q2,KS,303,53.38831465564139,3.9841654506968394,3.6989925316355956,0.666511097253131,0.4397177523443084,2.648680646467597,16176.65934065934
2018Q3,KS,310,52.664831697054694,3.9589083629105444,3.68143086456001,0.6546833191189619,0.4354307154256223,2.745106039598187,16326.097826086956
2018Q4,KS,317,52.744822383760805,3.898562873395092,3.620052436209979,0.6478869819600195,0.4256235137331383,3.307786052301255,16720.108695652176
2019Q1,KS,319,52.25437129919889,3.9625676849375058,3.6860140592431927,0.6729859227594831,0.4486580261734422,3.7215326385657437,16669.144444444446
2019Q2,KS,318,51.915059782984315,4.02408228484249,3.7472858409471237,0.6814698286248317,0.4530703286521229,3.7499983148487055,16508.98901098901
2019Q3,KS,315,51.59275362318841,3.9944769181584823,3.713682079084619,0.6765033728876815,0.44504350041935375,3.6257273179664775,16251.717391304348
2019Q4,KS,318,51.79067541700848,3.9297308254817227,3.6543914220545566,0.6689515624463763,0.4460829613222913,4.11932860427536,16469.434782608696
2020Q1,KS,292,51.60894926990817,3.936518511280465,3.6546905865958657,0.6906910474545941,0.46356740387048406,3.8795074234880973,15069.813186813186
2020Q2,KS,315,49.969788941217516,4.075938589093428,3.7845656681448547,0.7057025001675529,0.4708927145234797,4.449860228540618,15740.483516483517
2020Q3,KS,312,49.03678929765886,4.025460672145683,3.7376883838039374,0.7197129129154731,0.48739944954076303,5.127545911114349,15299.478260869566
2020Q4,KS,315,45.949102829537615,4.13850869439511,3.8440277785078902,0.7438533724340177,0.503330995302661,6.624121550040711,14473.967391304348
2021Q1,KS,314,44.27678697806087,4.218993743916142,3.9031630705639593,0.7648367967699811,0.5069505746997831,6.604008240812951,13902.911111111112
2021Q2,KS,315,45.49324960753532,4.0369430564757565,3.7262592096706912,0.7237029164212799,0.4760813272968198,7.491742162479896,14330.373626373626
2021Q3,KS,316,46.733076499724824,3.8376440575170174,3.5515893359752218,0.6929648379536942,0.4587009871752597,8.813367724583603,14767.652173913044
2021Q4,KS,306,47.316670769144565,3.822296451544287,3.536836520053886,0.6854881251805943,0.45461204704640984,10.791771586620277,14478.901255358236
2022Q1,KS,305,47.66892531876138,3.7830365025311194,3.5041193966887576,0.6692942288645424,0.4432690720451932,10.640718414303137,14539.022222222222
2022Q2,KS,306,47.92620124973067,3.856338729147512,3.5753016403245135,0.6665853810227095,0.4413472301212466,10.777878715211411,14665.417582417584
2022Q3,KS,303,47.98392882766537,3.9078838890550243,3.6315658791866023,0.6710955068779905,0.4498523848684211,11.114243049369955,14539.130434782608
2022Q4,KS,295,48.57752394988946,3.884762438239252,3.6082824633607253,0.6665599737256085,0.444745106546298,10.57110804789105,14330.36956521739
2023Q1,KS,299,49.08338907469343,3.849010299553161,3.5694629378105045,0.6636352334964121,0.4415300938649368,9.646987469375084,14675.933333333334
2023Q2,KS,299,48.893160351354325,3.8844129218677415,3.609284705946026,0.6535177181068814,0.4366161505306187,8.152942075881295,14619.054945054944
2023Q3,KS,299,49.23415006543551,3.8840380615402563,3.620895459240822,0.6500659512837684,0.4437411404728379,6.9591923999374545,14721.010869565216
2023Q4,KS,299,49.382688672386216,3.8819895849513295,3.616116205677335,0.6586275221415484,0.44909893044782206,6.80364260762885,14765.423913043478
2024Q1,KS,298,49.86204734862453,3.8808915149771592,3.603616076215889,0.6613417726761425,0.44924025946652735,6.441762222622292,14858.89010989011
2024Q2,KS,298,49.56866288074342,3.963005840635678,3.682465810595572,0.6666128107138579,0.4527937149374016,5.945181262138607,14771.461538461539
2024Q3,KS,296,50.01439482961222,3.9761779070655336,3.7018451723651826,0.6583312750735687,0.4487658811505501,5.69328499696936,14804.260869565218
2024Q4,KS,297,50.0990704142878,3.9654983282282874,3.6887185250714625,0.6597659227398208,0.4480558650076301,5.992512981388717,14879.423913043478
2025Q1,KS,294,50.64996220710506,3.9313767144854714,3.649564086799115,0.6585793740924849,0.44456148270628665,6.488930950484482,14891.088888888888
2025Q2,KS,295,50.04082696964053,4.038695898152821,3.7494433973079158,0.6722847352804118,0.45058244115812307,5.332390682333287,14762.043956043955
2017Q1,KY,247,80.37579847053533,3.8134525625799633,3.5050415334175833,0.597694025030866,0.3605479993328684,2.237128340821006,19852.822222222225
2017Q2,KY,248,80.70799361928394,3.8127252338562596,3.5117235637289195,0.5743050085153435,0.347948290837139,6.1493462262064895,20015.582417582416
2017Q3,KY,263,80.19966110100843,3.8050159725969084,3.5157960557811836,0.5802113103198075,0.3659313036617674,2.362447449697257,21092.510869565216
2017Q4,KY,261,80.57133933033484,3.8413190611982655,3.545017809155938,0.5924404410240666,0.3733563965908557,2.389246315077465,21029.119565217392
2018Q1,KY,270,80.7414814814815,3.826013079390709,3.51612652891054,0.6135896714505168,0.38427997092789157,2.5442880874150813,21800.200000000004
2018Q2,KY,275,80.38405594405594,3.8685450268466415,3.5539234424548285,0.6107861360869472,0.38536179708701135,2.9339418299446995,22105.615384615383
2018Q3,KY,254,81.8547586442999,3.83587649821046,3.530557601441252,0.595926185001741,0.379621180040381,3.5614712636143575,20791.108695652176
2018Q4,KY,280,80.59406055900621,3.8019572391157856,3.4796523245715654,0.6167678578567635,0.3876573175801008,3.361543187374833,22566.33695652174
2019Q1,KY,277,80.64584837545125,3.8093530866187084,3.4751994403385034,0.6403901863266916,0.39899688684561707,3.072138853745778,22338.899999999998
2019Q2,KY,279,80.00319035802907,3.826846240229303,3.500167457578054,0.6263639442871484,0.39020477540135123,3.403038006008087,22320.89010989011
2019Q3,KY,282,80.47467622571692,3.8543953329645304,3.517073221782373,0.6334407891428202,0.39087234862908227,3.3720583459072992,22693.858695652172
2019Q4,KY,279,80.60366993922395,3.8125955721180222,3.480031301128358,0.6257096815511362,0.38471364252622725,3.686868053891832,22488.42391304348
2020Q1,KY,243,81.36132591688148,3.879644447384116,3.519479485510602,0.6537666766899575,0.39940546137800054,3.703533355415839,19770.8021978022
2020Q2,KY,278,75.7152739346984,3.9157397941470524,3.5553608691452907,0.6749352552540011,0.4139639509356834,3.8123380348804825,21048.846153846156
2020Q3,KY,275,74.35292490118576,3.866305282625487,3.512580588572076,0.6854854611246756,0.4291278429071052,4.896779047183541,20447.054347826084
2020Q4,KY,274,70.93486194858775,4.013949319007721,3.6504251378258576,0.7168722058736353,0.4525087605683269,6.136228542116438,19436.152173913044
2021Q1,KY,273,69.68660968660969,3.93579408363509,3.55835343417825,0.7117082408597127,0.4404274208620489,5.880045588615544,19024.444444444445
2021Q2,KY,274,72.30167642576401,3.7381371944285737,3.3777587323951477,0.6729513082645041,0.41351897357954703,6.244436425485397,19810.65934065934
2021Q3,KY,275,73.55652173913045,3.649939445883352,3.308488463067846,0.6516381046545369,0.40625215746542154,7.759296125031828,20228.04347826087
2021Q4,KY,274,73.64867457681665,3.6231816337734952,3.2840301736097826,0.6309616666280544,0.38953656106837126,8.799770828115363,20179.736834047762
2022Q1,KY,270,73.71596707818931,3.6214138351072798,3.269976257440135,0.6321352505278295,0.3852471001474908,10.263571471311646,19903.311111111114
2022Q2,KY,268,75.0529768738724,3.680193177199201,3.332920893447961,0.6221779651571903,0.3837279828583166,11.800011791521243,20114.197802197803
2022Q3,KY,273,74.95309762701066,3.695948190778116,3.3562641923972207,0.6338924697825576,0.392294549545769,11.208367942332837,20462.195652173912
2022Q4,KY,273,75.03053830227744,3.695118725878458,3.3678184070084543,0.6271399764495744,0.3977744104831764,10.913733176456265,20483.33695652174
2023Q1,KY,271,75.35785157851579,3.7539707221740413,3.406384581317078,0.6604945543417821,0.41649271101177493,9.670030022686731,20421.977777777778
2023Q2,KY,268,76.8536985402657,3.7157902809997077,3.393210534234502,0.6329848882894381,0.4064913077253045,8.860880304658366,20596.79120879121
2023Q3,KY,265,78.01390484003281,3.767506081823196,3.4481212568593027,0.6375175645998195,0.41294583694141734,7.697643730007803,20673.684782608696
2023Q4,KY,265,78.3050861361772,3.7654767641762152,3.4486585461673123,0.6350169453526782,0.41223012888944294,6.7197018786239235,20750.847826086956
2024Q1,KY,265,78.77325316193242,3.7599075392565977,3.426922569128408,0.6526745970371923,0.4179511448886801,5.877574400127347,20874.91208791209
2024Q2,KY,264,79.2104562104562,3.766545740512635,3.4351656531536268,0.6475495808617349,0.41807849068184594,5.950101050835913,20911.56043956044
2024Q3,KY,265,79.2578753076292,3.7748202847684142,3.4327901208244858,0.662041968486374,0.42934288392061926,5.380555690588372,21003.33695652174
2024Q4,KY,265,79.49963084495486,3.868541054307577,3.5207938856702685,0.6793565321656527,0.44302082704528584,4.6970707350897225,21067.40217391304
2025Q1,KY,264,80.51005892255891,3.8423052622719513,3.4776763783516187,0.6911339319647094,0.4463864230529364,3.9153769558960336,21254.655555555553
2025Q2,KY,266,80.63021564901264,3.8430838459114582,3.4905992565589075,0.6765845568173958,0.4420114154841718,3.809667955160739,21447.63736263736
2017Q1,LA,250,96.8353777777778,3.4752272677203373,3.1224440975658116,0.23408693149794654,0.09573388697243801,0.7432123965234542,24208.844444444447
2017Q2,LA,244,96.93280490001801,3.512374046134919,3.187243065080268,0.2293169852102127,0.095694128502771,0.7971272698420573,23651.604395604394
2017Q3,LA,258,97.35157566565555,3.4853162648973033,3.1666425170843766,0.22096935306787402,0.08863186939924361,0.7488119748944865,25116.706521739132
2017Q4,LA,262,96.7132841022237,3.5507522723499765,3.2280063718885352,0.2257032091514286,0.09150067969956809,0.7793098121036457,25338.880434782608
2018Q1,LA,261,96.5109833971903,3.5632687425867093,3.238888393382922,0.23696738879677184,0.09740193282615284,0.9147536091438204,25189.36666666667
2018Q2,LA,264,96.20433732933733,3.6176769730872924,3.293166393577745,0.2397371769715729,0.0984406326894146,0.9811490414849106,25397.945054945056
2018Q3,LA,265,95.67100082034455,3.621122120474572,3.3022938281015874,0.23828292372984908,0.0995087116215119,1.1150579495513802,25352.815217391304
2018Q4,LA,269,95.8764748666559,3.628510446313161,3.306836810942236,0.24209977785279618,0.10025859856343965,1.1410521987231117,25790.771739130436
2019Q1,LA,266,95.97715121136174,3.55036735542999,3.222870514032989,0.24992200002350184,0.10305220932474445,1.6300542584164592,25529.922222222223
2019Q2,LA,266,95.50466826406678,3.5851050313480575,3.2653234036368417,0.2459334730809859,0.09769033984979579,2.1346231116854764,25404.241758241762
2019Q3,LA,266,96.11020758417783,3.621534522189328,3.3008174075864507,0.2545388644346174,0.10503320778109267,1.7336446271579455,25565.315217391304
2019Q4,LA,268,95.702344256976,3.5984823385969964,3.288574204422121,0.24789960913479486,0.10443551275047815,1.7525959941781806,25648.228260869568
2020Q1,LA,211,97.98546950679652,3.5528269885655455,3.2399702033412017,0.2544198607540372,0.10886977860859277,1.9684829183699097,20674.934065934067
2020Q2,LA,265,85.51490773377566,3.6974279310558864,3.3536995730756396,0.2787012751479978,0.11807700737855642,2.600004278141465,22661.45054945055
2020Q3,LA,263,82.70809224665234,3.6316376932897927,3.2902072901077104,0.2783568400038977,0.11809717145419885,3.2679570515070004,21752.228260869568
2020Q4,LA,229,81.64448452629581,3.7505079629739444,3.413603314020346,0.26230232093046507,0.10968278330269533,3.352860492118591,18696.58695652174
2021Q1,LA,257,81.3310419368785,3.656652645377626,3.343343490041128,0.2687976846533598,0.12709453658780334,3.736461129414032,20902.077777777777
2021Q2,LA,258,82.7551324644348,3.538500858242083,3.233550734073626,0.25762501383223746,0.12296790663561383,5.098861231938579,21350.82417582418
2021Q3,LA,252,83.2870082815735,3.5257540682553348,3.2290844651737043,0.24752919065774656,0.11825615274743828,6.185938945502435,20988.326086956524
2021Q4,LA,252,86.16609196240245,3.425914920166034,3.1511640479767755,0.22865939035880722,0.11138881560518475,6.945342839088557,21713.855174525415
2022Q1,LA,255,85.69010893246187,3.3855346315547536,3.095436634414529,0.23443496553421458,0.11179718375175685,7.876193119560263,21850.977777777778
2022Q2,LA,254,86.79237691442415,3.5330518428866884,3.2394180205660787,0.2355749733689776,0.1118744501198583,8.073020573973013,22045.263736263736
2022Q3,LA,253,87.71825055851521,3.5270649694131944,3.234698956277275,0.23277679223011857,0.10926166535242172,7.180591127534113,22192.717391304348
2022Q4,LA,257,87.8208847910675,3.5197283519798575,3.2293408275810918,0.23294645587609927,0.10892186471344904,6.868087291820214,22569.967391304348
2023Q1,LA,255,88.45246187363836,3.494879802008292,3.1945559767958764,0.23812281279064268,0.11263551338335671,6.893820953900434,22555.37777777778
2023Q2,LA,253,87.4722668635712,3.5557737773068223,3.256772126756689,0.23967243233687907,0.11288376531997532,5.8095556563662525,22130.483516483517
2023Q3,LA,255,88.12630008525149,3.598391921808727,3.300412403147269,0.24071900410313607,0.11340243479505845,5.191558002600183,22472.20652173913
2023Q4,LA,258,88.79916582406472,3.593020262964497,3.3013320542363687,0.23634520815452784,0.11160059817709704,4.4382502149784795,22910.184782608696
2024Q1,LA,261,89.18525535766916,3.550733434706849,3.2505370498796404,0.24371505292839948,0.11522712970538265,4.626682961930351,23277.35164835165
2024Q2,LA,255,90.37961646196942,3.61167990696428,3.30755475122529,0.24756795417256525,0.11624369236226904,4.443667089090481,23046.8021978022
2024Q3,LA,256,90.72108525815219,3.667824570369778,3.3547833654628736,0.24906083458177544,0.11452988140853283,3.9992133118928117,23224.59782608696
2024Q4,LA,260,90.28135451505017,3.6895137691997797,3.3794047778914855,0.24276498589970966,0.11207479405240955,3.834919411970081,23473.152173913044
2025Q1,LA,257,90.86817985300475,3.6302170349812846,3.313258817165061,0.25304280988361777,0.11787799490051531,4.297097333452275,23353.12222222222
2025Q2,LA,258,90.38367833716671,3.724400648813305,3.404366747281374,0.2552613019243855,0.12283699838079422,4.572220489763439,23318.98901098901
2017Q1,MA,380,99.01242690058479,3.7467641193364294,3.4427861409091243,0.7155264402099683,0.4789243420032632,2.3545064541279714,37624.72222222222
2017Q2,MA,372,96.96904171097718,3.7729446602627923,3.461422499143971,0.7167853674347986,0.47215395985372544,2.2745264704376864,36072.48351648351
2017Q3,MA,374,97.76598465473147,3.7323833240386546,3.447410455978301,0.6914973310994396,0.4741898320180075,2.635650747569367,36564.47826086957
2017Q4,MA,365,97.66721262656343,3.762964671696652,3.466808073385544,0.7018081267446522,0.4790715972515486,2.9772420717443344,35648.53260869565
2018Q1,MA,385,98.70880230880232,3.722261102957085,3.420489351686714,0.7060827656377001,0.4798891780157064,3.123990984735557,38002.88888888889
2018Q2,MA,380,97.62611336032388,3.7593123041454595,3.4554355017060576,0.7059112429207999,0.48015523513504954,2.7753955578722644,37097.92307692308
2018Q3,MA,378,97.80184610075915,3.6869594611480743,3.4019616148269547,0.6798070891758305,0.46914368257625266,2.961057356886032,36969.09782608696
2018Q4,MA,381,98.76563391532582,3.7269675987374686,3.42981179878409,0.6892734665864417,0.473251946239283,2.8034913405684905,37629.706521739135
2019Q1,MA,378,98.88380364491478,3.7159316795019777,3.4094722426425235,0.6803444710758861,0.4662116178021164,2.5734930726140473,37378.077777777784
2019Q2,MA,379,97.92380179187566,3.718848628517387,3.4136404263294815,0.6712304525457363,0.45717270986772246,2.5694449635231575,37113.12087912088
2019Q3,MA,364,100.4873088867654,3.6644079213840577,3.3716408453906093,0.6569310684109536,0.4506494866897723,2.900265807084019,36577.38043478261
2019Q4,MA,373,99.43723044643899,3.647613806337566,3.3575468483316766,0.6527855591321717,0.44905190300467024,2.9868342336621,37090.08695652174
2020Q1,MA,281,98.5438191701537,3.7378242079731288,3.446515684973475,0.6807590687433925,0.47494496925230884,2.7610867720928947,27690.81318681319
2020Q2,MA,364,83.33223644487381,3.954865980001428,3.6266817193946883,0.7492567466471904,0.5110127895657605,4.514344281422958,30332.934065934067
2020Q3,MA,363,82.13729189124447,3.9452867548869746,3.6157391370285055,0.7428205392742477,0.5069503076312304,4.56920586211435,29815.836956521744
2020Q4,MA,367,82.17888875725625,3.9712192578048415,3.626068945409357,0.7569528357782929,0.513131465591807,4.916107908401213,30159.652173913044
2021Q1,MA,366,81.6011839708561,3.975476288001643,3.6205908644640155,0.7441692587975266,0.4978756617978878,5.287098887708332,29866.033333333333
2021Q2,MA,359,85.22822859591662,3.788341696234019,3.444650117569059,0.6936042360058341,0.45529911960582137,6.111125471972098,30596.934065934067
2021Q3,MA,360,87.68647342995169,3.609074680735603,3.289950612497314,0.6498251517814347,0.43320642757188266,7.056722116005003,31567.130434782608
2021Q4,MA,356,88.79068002298108,3.577680052393182,3.265370808398782,0.6322100095683808,0.4235147116011355,7.9102223215022445,31609.482088181263
2022Q1,MA,356,88.31847690387016,3.6126485975310656,3.291656094375282,0.6404208078243673,0.4241023258805452,9.111857829019273,31441.37777777778
2022Q2,MA,355,89.7342207088686,3.6482652687397543,3.3364980350923674,0.6378249445299952,0.4261328713592635,10.495795606902472,31855.648351648353
2022Q3,MA,351,90.59116809116809,3.597433787862732,3.2970683776753025,0.6280834937119065,0.42588965156544295,12.052728589303548,31797.5
2022Q4,MA,352,92.13432559288538,3.6260756489138575,3.329570372540201,0.626437678596685,0.42603539322943024,12.972726622543682,32431.282608695652
2023Q1,MA,346,94.17774566473989,3.6537780846627417,3.3452364531599783,0.6321136122235691,0.4285423032398528,13.08138476204778,32585.5
2023Q2,MA,346,93.88102648796291,3.707085625611904,3.400323853206664,0.6295946937993963,0.42607254617654355,12.895480620010305,32482.835164835167
2023Q3,MA,346,94.17733727067103,3.686625521665005,3.3845993015668214,0.6134407524318237,0.4167739745744704,11.947492255894945,32585.358695652176
2023Q4,MA,345,94.52432262129804,3.6650626691136137,3.3539079535311296,0.6134238527939118,0.4119003087125466,10.863806783535471,32610.891304347824
2024Q1,MA,342,96.02740826425037,3.703027673816698,3.3829740828792407,0.6063469558132415,0.404528718632521,9.852373493694696,32841.37362637363
2024Q2,MA,341,95.15681093100449,3.7241885918197943,3.40452965665598,0.6030177583326531,0.40379011728146497,8.673488452627051,32448.472527472528
2024Q3,MA,342,95.29268370200863,3.7660071060528195,3.4457527309742315,0.604173166762777,0.4067371290759496,8.20135375449146,32590.097826086952
2024Q4,MA,340,96.06540920716112,3.8098811052252204,3.4790848426883056,0.6105896850704476,0.4079543156803196,7.153341411502582,32662.239130434784
2025Q1,MA,332,98.29126506024096,3.792589791494081,3.453582030703354,0.6139023705941858,0.4087026612365306,6.579802231946856,32632.7
2025Q2,MA,336,96.80226321297751,3.821833969294141,3.4844471499338137,0.615952900609698,0.41085075947032024,6.079305656885714,32525.560439560442
2017Q1,MD,212,111.69281970649894,3.8668920589798974,3.607808806629819,0.7579479554915094,0.5483842045817674,1.5163862064740916,23678.877777777776
2017Q2,MD,197,108.76917498744909,3.938052587177324,3.6659143342880802,0.7674594044325237,0.5514860159853942,4.970256120177438,21427.527472527472
2017Q3,MD,215,108.51991911021231,3.8798233888836093,3.6137799297841533,0.7628176204878213,0.549808937612624,1.7634902325935433,23331.78260869565
2017Q4,MD,217,109.15337607693847,3.8591204136681574,3.590764155367857,0.7686596534960154,0.5509347228124148,1.1999977254447038,23686.28260869565
2018Q1,MD,218,108.95208970438328,3.8211517748545125,3.532886388727756,0.7807882945678412,0.547654881083812,1.481750757268982,23751.555555555555
2018Q2,MD,221,107.67768882701012,3.891161539150665,3.600886942820754,0.7779933696789573,0.5467770719637812,1.608273840891318,23796.769230769234
2018Q3,MD,219,107.35398054397457,3.8731150622662933,3.6039979555869532,0.7743340493248166,0.5479045829619301,1.6972933567451762,23510.521739130432
2018Q4,MD,222,107.63567371719546,3.8819522815055465,3.615373636876004,0.781988353998065,0.5585424847988334,2.1437771181606755,23895.119565217392
2019Q1,MD,222,106.64134134134135,3.826342107313392,3.549569318729015,0.7844407502907503,0.5524318836961102,1.9832027104986165,23674.37777777778
2019Q2,MD,222,106.8018513018513,3.8369285288219244,3.5585400519370736,0.787275773992624,0.5525505802482468,2.4056347600449115,23710.01098901099
2019Q3,MD,226,105.16549634474798,3.8327375593443893,3.555679627879069,0.7760189902044314,0.5415616886665652,2.8845148900533077,23767.402173913044
2019Q4,MD,220,106.63483201581029,3.8090963721725872,3.529805179009854,0.7779394650114049,0.541202925094832,3.0758806318955534,23459.663043478264
2020Q1,MD,156,100.5409974640744,3.8568338237766935,3.5492977691833416,0.7758785031668628,0.5152965010369374,4.211908832469651,15684.395604395606
2020Q2,MD,222,92.53405603405605,4.044663980917666,3.722523289894526,0.8601088118850545,0.5891761248290202,4.793602147351782,20542.560439560442
2020Q3,MD,223,90.5266621173718,3.9887778402957066,3.663003120213004,0.8720376848504101,0.5965699463452586,4.869732915466731,20187.445652173912
2020Q4,MD,218,92.03220981252493,4.000955299550655,3.6774777196637984,0.8621149497398956,0.5908454229552746,5.466740340956079,20063.021739130432
2021Q1,MD,220,89.93297979797978,3.9837035884746945,3.656946087237803,0.8531092626214919,0.5887124755640143,6.371400447132509,19785.255555555552
2021Q2,MD,222,92.46515196515196,3.787459160451846,3.4781813198314118,0.7995957025258823,0.5488387997522458,8.011203547808986,20527.263736263736
2021Q3,MD,220,94.74416996047431,3.717121559932041,3.4251424107566555,0.775243979261815,0.5407245379954965,10.164099411825484,20843.717391304348
2021Q4,MD,220,95.76336079719424,3.7067631311917886,3.415644409885286,0.7672398738567553,0.5358743800067856,12.044367651807761,21067.93937538273
2022Q1,MD,220,96.72969696969697,3.701906781784918,3.4087831549752305,0.7553381598623259,0.5247452914713917,13.465966051819667,21280.533333333333
2022Q2,MD,219,98.05419238295951,3.7197503687077877,3.4221868542496328,0.7500613011879504,0.5221492875061023,14.33041291149759,21473.868131868134
2022Q3,MD,219,99.81283502084575,3.6142650752425753,3.331163996143268,0.7282975282802983,0.5099771758636996,15.158968148536314,21859.01086956522
2022Q4,MD,220,100.59886363636363,3.665425915257492,3.387051034786243,0.7316115987212941,0.5204521636975407,15.760040368897268,22131.75
2023Q1,MD,219,102.67701674277016,3.6981609021605286,3.39314146313503,0.7692089690299857,0.5370079416374636,15.134041559979206,22486.266666666666
2023Q2,MD,218,102.25294888597642,3.6969458130021584,3.41338055720155,0.7450295933830714,0.5334014051803949,14.994856940291648,22291.14285714286
2023Q3,MD,220,102.78260869565219,3.661355801030611,3.3718502441932015,0.7386600715274574,0.5173641266728195,12.680156528371384,22612.17391304348
2023Q4,MD,217,103.49454017231015,3.653612610803106,3.3661325305578202,0.73272662154281,0.5119844784903433,12.078962994470832,22458.315217391304
2024Q1,MD,220,104.47157842157843,3.6934034657074926,3.3909566817641323,0.7387046077949971,0.5081356677747917,11.262774294175456,22983.747252747253
2024Q2,MD,214,105.54909109582007,3.7678935597478524,3.465788282250763,0.7424479253579364,0.5137654873865402,10.280073155988783,22587.505494505494
2024Q3,MD,219,104.81511812586857,3.70941178559675,3.4218970932586426,0.7200136375582142,0.5056405177536858,9.970777579931104,22954.510869565216
2024Q4,MD,219,104.8478757196744,3.7353075089646035,3.446045837228843,0.7251643640753145,0.510510974094368,9.382350325043442,22961.684782608696
2025Q1,MD,220,104.6339898989899,3.715928742470748,3.421274085279471,0.737422839498724,0.5170864673539751,9.438305283932614,23019.477777777778
2025Q2,MD,220,104.2225774225774,3.751611489090052,3.4582139967870194,0.7326408123320183,0.5131653563609734,9.148143079792117,22928.96703296703
2017Q1,ME,96,60.499421296296305,4.406092670001818,4.1332316654391015,0.9827290779870483,0.7200033096429221,7.361331590586697,5807.944444444445
2017Q2,ME,97,59.90438427551829,4.499900184577212,4.237787626518601,0.9851978342436116,0.7313799605125799,14.689572528774237,5810.725274725274
2017Q3,ME,90,58.925,4.442892381415005,4.193823578240578,0.9550403259691044,0.7155169615022783,7.833602495568137,5303.25
2017Q4,ME,93,60.560659186535766,4.324982543900787,4.071435182772789,0.9803959224713745,0.7343715900779108,7.639226402613332,5632.141304347826
2018Q1,ME,97,60.07445589919817,4.426430736962533,4.144636037753838,1.0305983411192678,0.7581255410429976,7.2546830383327325,5827.222222222223
2018Q2,ME,98,60.06772819017716,4.460060726099715,4.171750397622479,1.0133001359010163,0.7353365603602124,7.957592887279548,5886.637362637362
2018Q3,ME,95,61.31212814645308,4.357486358580845,4.080309833765032,1.0064470914478938,0.7380400397112722,8.195739040593567,5824.652173913042
2018Q4,ME,89,62.64838788470934,4.405903638649811,4.108110065988908,1.0312876706987806,0.7430577524782392,10.68447632846912,5575.706521739131
2019Q1,ME,92,63.09057971014494,4.313220831179771,4.028489500181856,0.9850732785849654,0.7112808055284365,10.720963805419073,5804.333333333334
2019Q2,ME,90,63.25030525030525,4.347814640361375,4.080132446623684,0.9755638199297324,0.7170939152928458,10.99951100562355,5692.527472527473
2019Q3,ME,91,63.18812709030101,4.38847986147736,4.122017443871677,0.9863892622270614,0.7285212216759198,11.945531125503123,5750.119565217392
2019Q4,ME,91,63.02281414237935,4.440750454392971,4.175812951194689,0.9865082908948936,0.7311939495135769,12.083427199196075,5735.076086956521
2020Q1,ME,62,67.71588089330025,4.4675414929342265,4.19043143228819,1.030784603183328,0.7604191303300851,13.626493575724597,4198.384615384615
2020Q2,ME,89,57.639091245832816,4.656739721390946,4.3712613454036795,1.0450240885653754,0.7696139403066286,12.669677748177616,5129.879120879121
2020Q3,ME,91,57.54180602006688,4.524664715406651,4.260522439490182,1.0366265620459167,0.781538755345207,13.660389204265416,5236.304347826086
2020Q4,ME,90,56.62886473429952,4.5800377063130355,4.29932919871952,1.0653171659696261,0.7947303508094701,14.330198551711835,5096.597826086957
2021Q1,ME,91,53.464957264957256,4.6516500714810975,4.363055280237874,1.1089806521451182,0.8309473414969466,12.854774170670929,4865.31111111111
2021Q2,ME,90,55.290354090354086,4.403143688111158,4.122596350049025,1.0507586986670434,0.7795086876253233,14.33154547564425,4976.131868131868
2021Q3,ME,90,54.83309178743961,4.300878401296865,4.027755970027621,1.0343943632190795,0.7691204974252122,13.70996679475088,4934.978260869565
2021Q4,ME,88,53.48278753548962,4.283257197312847,4.020833605891973,1.0512991987952516,0.7970231655234891,15.43090010226004,4706.485303123087
2022Q1,ME,86,54.30077519379845,4.336241672377037,4.069397175270291,1.047407396832648,0.7954772441754226,17.644710201429124,4669.866666666667
2022Q2,ME,86,56.5452338359315,4.321307502660879,4.053234656729707,1.0243336052589358,0.7727100286312802,20.350770031360916,4862.890109890109
2022Q3,ME,85,58.429667519181585,4.307778210627681,4.048762146546442,0.9885026043946422,0.7470654381510987,21.953323186354552,4966.521739130435
2022Q4,ME,86,57.08720930232558,4.373743363576385,4.127465561444759,0.9840174329272882,0.7501009799102892,20.970739974812325,4909.5
2023Q1,ME,85,59.90496732026143,4.446736966829816,4.2115502113369105,1.0164464849554742,0.7963840112771208,22.43288192321686,5091.9222222222215
2023Q2,ME,85,59.47614738202973,4.4863848989670645,4.235754573435815,1.0235621935102426,0.7884527701457239,22.939149178052748,5055.472527472527
2023Q3,ME,85,60.02020460358057,4.3509495949786725,4.114630644412154,0.9810517344969085,0.759082917517119,20.869352590134042,5101.717391304348
2023Q4,ME,82,61.410127253446454,4.329134472174375,4.088577204184097,0.994610039760144,0.7671118853042883,18.322864308704425,5035.630434782609
2024Q1,ME,81,62.7948717948718,4.345768924147855,4.11538515882738,1.0072450908588106,0.78855796880705,17.754470641730983,5086.384615384616
2024Q2,ME,81,62.86704653371321,4.302667411894439,4.057300412392936,0.979517601690142,0.7483884089746716,15.944246708473994,5092.2307692307695
2024Q3,ME,78,64.75724637681161,4.233119983300982,3.9908656805064795,0.9636355224253171,0.734367460156919,14.319018553797255,5051.065217391305
2024Q4,ME,77,64.84076792772446,4.326240649464876,4.088213122534464,1.0097132575130843,0.7855639058458807,13.23067905895647,4992.739130434783
2025Q1,ME,77,64.89480519480519,4.356269642734051,4.104119776483643,1.0268110895421827,0.7882486252587715,11.3378559813871,4996.9
2025Q2,ME,77,64.07678036249466,4.337883675660265,4.0677447180981146,1.0298468771854803,0.7730842164343653,10.91092571791066,4933.912087912088
2017Q1,MI,407,89.93791973791974,3.9913759149545323,3.6919981690285346,0.6928547249202137,0.45189378969204347,0.8804639428895696,36604.73333333334
2017Q2,MI,403,88.29228587789383,4.0641882299966365,3.7648303815107305,0.6877407971665962,0.44601668096072106,0.7687227912288338,35581.79120879121
2017Q3,MI,428,87.22089597724502,4.023545051406209,3.732575874749957,0.6750792537874045,0.44393893274245066,0.8097713412576106,37330.54347826087
2017Q4,MI,422,87.47671543375232,4.020778632917534,3.7193241350028092,0.6914704863912449,0.45088412447338133,0.8007627157295952,36915.17391304348
2018Q1,MI,432,87.6179269547325,4.019211485989635,3.70442128700737,0.7118658275076066,0.45568168708545365,0.9266098964523951,37850.94444444444
2018Q2,MI,417,87.58739821329749,4.056395307729778,3.7369198619963,0.7120757810847558,0.455189986758649,1.1057405143935473,36523.945054945056
2018Q3,MI,423,87.41838832356872,4.059750159760187,3.7467485906711806,0.701742711731483,0.4554112494686908,1.3044847169146996,36977.97826086957
2018Q4,MI,428,87.76721861032101,4.019448144373628,3.7126792879005954,0.7110929066107395,0.4678652903624561,1.3413228069574794,37564.36956521739
2019Q1,MI,431,88.12944057746842,3.9995556993465926,3.687174177521931,0.7244698249925919,0.47702105079330626,1.2646655290872266,37983.788888888885
2019Q2,MI,437,86.63904745140442,4.064680834451983,3.750434881544099,0.7294238421071728,0.4780749091172949,1.2819459915044553,37861.26373626373
2019Q3,MI,433,86.75288683602771,4.040514571074063,3.7301501929460676,0.7255216343816697,0.47947286486136126,1.3353899885151255,37564.0
2019Q4,MI,433,86.22514810723969,4.070508922475847,3.7597633647901736,0.7358492109588005,0.4849337659558673,1.627258244151713,37335.489130434784
2020Q1,MI,325,84.75310228233305,4.102733652680373,3.782309483904917,0.7480351579626845,0.49081615416746294,0.9238120837300495,27544.75824175824
2020Q2,MI,424,76.23647107609372,4.118816311225399,3.78870242406276,0.7861977087942645,0.5171892988222367,1.6678192464848214,32324.263736263736
2020Q3,MI,427,74.91131249363609,3.9471551704218,3.6334809549764575,0.7818762640953427,0.5276949731141872,1.8745420996824556,31987.130434782608
2020Q4,MI,423,73.45058587727412,4.07073061426258,3.738655574458885,0.8083841151859973,0.5434484115780736,3.0526784407203817,31069.597826086956
2021Q1,MI,425,71.37385620915032,4.036980029669786,3.6893172432739325,0.7940659584989286,0.5209355103386385,3.5247120458264973,30333.888888888887
2021Q2,MI,420,73.38953427524855,3.835726024154458,3.512591374242945,0.7531773815414758,0.4963306449887841,4.430652351979337,30823.604395604394
2021Q3,MI,419,74.55141641589707,3.6690827292567914,3.3708450390561935,0.7105569578761003,0.47079536976722175,6.190030512680037,31237.04347826087
2021Q4,MI,409,72.82342075200219,3.8118653747975335,3.5201448284221,0.7251878744027003,0.48618473043005583,6.290061768848658,29784.779087568895
2022Q1,MI,424,75.06645702306079,3.784460083587708,3.479056444045388,0.6969407436317785,0.4548350413470105,8.347858818612007,31828.177777777775
2022Q2,MI,424,75.58511300020734,3.786096624715057,3.4817420284627225,0.678575917508579,0.4411717624887875,8.92320725941472,32048.087912087914
2022Q3,MI,422,77.15876777251185,3.798897797845649,3.5021352665164915,0.6657339368382822,0.4386425912301059,8.145658162475042,32561.000000000004
2022Q4,MI,424,77.41642739950781,3.7727328187399416,3.4771387613995346,0.6586183829713961,0.43458825905836695,6.6528625347040755,32824.56521739131
2023Q1,MI,423,78.88862621486736,3.8203506587775404,3.514014673907614,0.6766872995947778,0.4418380908936533,5.827759380229063,33369.88888888889
2023Q2,MI,422,79.26436123118589,3.855266758872634,3.559131436211977,0.6717749604948898,0.4429321530531455,5.49079974967101,33449.560439560446
2023Q3,MI,416,80.14352529264215,3.823902237604788,3.5397759363182626,0.6665642482051529,0.4430335971633249,3.7219115839868646,33339.706521739135
2023Q4,MI,418,81.03580715623049,3.8319169833068756,3.549869332765996,0.6673170281675814,0.4465421798131317,3.766497099832337,33872.967391304344
2024Q1,MI,422,81.73920629133899,3.811414295039518,3.506792330808816,0.6769138460038695,0.4424168694680926,3.54642969255438,34493.945054945056
2024Q2,MI,421,81.28691498525228,3.8434867925231115,3.536873639089289,0.6815732119788721,0.44619199000187215,3.2510371517533416,34221.79120879121
2024Q3,MI,417,82.28839537065998,3.908218819529971,3.5970873910961094,0.6853064133558363,0.4457239954740582,3.043457574174504,34314.260869565216
2024Q4,MI,421,83.15798306310027,3.9463766647262006,3.6346107253463735,0.6892995257499904,0.4501296138471689,2.9494359496703155,35009.510869565216
2025Q1,MI,420,84.76037037037035,3.8946043623760986,3.5842340029875697,0.688428632603212,0.44993973049449704,2.88488551741077,35599.35555555555
2025Q2,MI,420,84.25371533228677,3.9891450563121222,3.6753484730808275,0.6951262461659717,0.4528494458534423,3.044356956957127,35386.560439560446
2017Q1,MN,339,67.67132087840052,4.070736656831272,3.7736490507843454,0.8389949977042136,0.5698109560352059,1.5690264096493065,22940.577777777777
2017Q2,MN,344,65.87340276003067,4.063585823390804,3.7857627681670296,0.8311452397336504,0.5763319594917998,7.22582824297979,22660.45054945055
2017Q3,MN,344,66.57030460060668,3.98187986426918,3.7074659593120805,0.818796858009025,0.5732923457519091,1.1986449513555768,22900.184782608696
2017Q4,MN,348,65.23060344827586,4.0920112687898955,3.7977531563289615,0.8612237271855366,0.596084820939053,1.3033413192949102,22700.25
2018Q1,MN,361,66.42388427208371,4.111614336976023,3.8034070103868567,0.8849883045921619,0.6084857597752109,1.461712955504486,23979.022222222222
2018Q2,MN,360,65.75338827838829,4.164482282699676,3.858142335408928,0.8996412716142057,0.6214046082761048,1.5337736242659625,23671.21978021978
2018Q3,MN,362,65.94240932020178,4.137372328615675,3.8356953135174074,0.8913332173726155,0.6179252381216914,1.4443593102905972,23871.152173913044
2018Q4,MN,360,65.54257246376811,4.138984447914795,3.82340444174187,0.922186707942343,0.6368814429902754,1.8565723288726588,23595.32608695652
2019Q1,MN,368,65.45464975845411,4.143418941646546,3.824116644171343,0.9466857746217695,0.6570351794259587,1.8165309836333479,24087.31111111111
2019Q2,MN,360,65.00650183150182,4.196697104121735,3.875584784653362,0.9631547797651497,0.6704445173841445,1.9521363866635004,23402.340659340654
2019Q3,MN,359,65.7344677243551,4.203100234077264,3.884142868197274,0.9739413231583574,0.6829753882633419,1.882011352785301,23598.67391304348
2019Q4,MN,356,65.00870175867122,4.190596229038144,3.8722566029405896,0.9983113849795577,0.7073672542992206,2.2996805945284113,23143.097826086956
2020Q1,MN,310,65.18404820985467,4.231814973771537,3.907242748425368,1.0150178427510357,0.7165489150236941,2.477025820335171,20207.054945054948
2020Q2,MN,346,60.112176840500524,4.484601641471513,4.121666208765082,1.0932579363150476,0.7602061032645566,2.2066301803989132,20798.813186813182
2020Q3,MN,349,58.853650180640344,4.418125897972824,4.071791156459345,1.1079696645927628,0.7887372047968088,2.4216725739613563,20539.92391304348
2020Q4,MN,347,56.90295702292946,4.422740021028642,4.070656478968606,1.1404491982142169,0.8165342651260342,3.0367992905703054,19745.326086956524
2021Q1,MN,352,55.681534090909096,4.52484293854107,4.161085765176806,1.158441006785182,0.8244783561820893,3.1998230841231843,19599.9
2021Q2,MN,352,57.370348401598406,4.341137397173729,3.988951513505836,1.1072470121408053,0.7863689736064956,3.8069202459145703,20194.36263736264
2021Q3,MN,351,57.67769106899542,4.153094917230774,3.8141603991993676,1.0613915441808124,0.7490194670898908,4.317433690170886,20244.869565217392
2021Q4,MN,332,56.18801000081158,4.180105024306629,3.834686759443992,1.0678614615824131,0.7535726002472813,5.063419899280416,18654.419320269444
2022Q1,MN,355,55.50400625978091,4.159597536418299,3.8077833629288698,1.0329734519861526,0.7150106154837756,6.635833505784529,19703.922222222223
2022Q2,MN,346,56.01175125452582,4.121032090297836,3.7759542659104803,0.9993642045241911,0.6865382294937701,7.230688071876551,19380.065934065933
2022Q3,MN,349,56.22931979568955,4.040620495831697,3.7090415035689936,0.9735416810908983,0.6747246250299794,7.837413069286686,19624.032608695652
2022Q4,MN,346,56.59779467202814,4.011887128313891,3.678311132030544,0.9900677223455988,0.6872278686804827,8.927381273573495,19582.836956521736
2023Q1,MN,347,57.46986871597822,4.025182255914918,3.6783932551215073,0.9945973164458788,0.6842818745876942,8.247557164348816,19942.044444444444
2023Q2,MN,340,57.539463477698774,4.108174446474722,3.7685609494284855,0.9888550113999497,0.6854369306695443,9.454955629263589,19563.417582417584
2023Q3,MN,339,57.411119661408236,4.066609237000276,3.740356540883243,0.9632328942474273,0.6729013681921299,8.807020520096827,19462.369565217392
2023Q4,MN,338,57.622491638795985,4.085282434875203,3.754612488133634,0.9757446162552342,0.680395445101067,8.789782780205496,19476.402173913044
2024Q1,MN,338,58.44385200598218,4.150462490320513,3.8145649070769285,0.9965095826917428,0.6974060477877366,8.324577128426341,19754.021978021978
2024Q2,MN,337,58.37616982424105,4.201194075371658,3.8689049570388474,1.0017115866076944,0.7045240087542215,7.396343679319481,19672.769230769234
2024Q3,MN,338,58.77997170054026,4.196833701531112,3.8681693676955415,0.9945818082942431,0.7010736822294513,6.94632820975834,19867.630434782608
2024Q4,MN,338,59.071359660406486,4.1857053878771815,3.85012394910291,1.0120372772789556,0.7124160166978517,6.695021341370352,19966.119565217392
2025Q1,MN,337,59.4307945928124,4.1913027257153255,3.845892830989228,1.021888128725307,0.7136701957686283,6.366748936748498,20028.17777777778
2025Q2,MN,336,59.44453165881737,4.2300529221336545,3.8826176512013806,1.0382610905953864,0.7295883033226671,5.437510402870703,19973.362637362636
2017Q1,MO,454,74.11049926578562,3.3579045623490216,3.140622131297771,0.3930963375388644,0.2480512754466003,1.4871823406553681,33646.16666666667
2017Q2,MO,461,74.22671688398371,3.3172861618203626,3.101290445857827,0.38735843809260784,0.2464251955354806,11.494782529667743,34218.51648351649
2017Q3,MO,463,74.59134660531505,3.3253459690371647,3.1175953870165576,0.38576688709539847,0.24912817923937136,1.3486592397448922,34535.79347826087
2017Q4,MO,468,73.1492474916388,3.3853404493518684,3.1698819151145226,0.3953849006545137,0.2546270694462701,1.4489867122954216,34233.84782608696
2018Q1,MO,490,72.2030612244898,3.40029055746344,3.176400467313934,0.41185275214303324,0.2630800479248026,1.9151309751977197,35379.5
2018Q2,MO,478,73.51186261437307,3.3880688506041525,3.1659925901115793,0.4079186013092867,0.2575052593820589,2.096005540122446,35138.67032967033
2018Q3,MO,485,71.81604661586732,3.452299908376898,3.237500483705068,0.4112580139007474,0.2622264663441134,1.8901828703896835,34830.78260869565
2018Q4,MO,497,72.78752952497595,3.4098918734415076,3.1951010610440616,0.39762929530845637,0.25131960312931834,1.620340003358533,36175.40217391305
2019Q1,MO,489,71.70788457168825,3.4341344082001,3.205847508004147,0.42516957321354787,0.26519870945009033,1.6325855509885543,35065.15555555555
2019Q2,MO,506,73.62467966815792,3.3846502928213202,3.165220139570198,0.41210602155320664,0.26061815179512715,1.8323507437844062,37254.08791208791
2019Q3,MO,503,73.2302273316622,3.4017609762978185,3.181570360263007,0.4176738770810451,0.2671843766617229,2.1753762768680462,36834.80434782609
2019Q4,MO,500,73.76932608695651,3.3913190765927514,3.171646298140296,0.41526240876009207,0.26515064143839684,2.019594284785422,36884.66304347826
2020Q1,MO,443,72.6572817701486,3.3476993704065476,3.1311089803358314,0.4190486348224824,0.27353132928171175,1.6939616390210859,32187.17582417583
2020Q2,MO,474,67.22620206797423,3.504325036598172,3.266696767118374,0.46099099745321553,0.2958361884792921,2.499530104172546,31865.21978021978
2020Q3,MO,490,66.54835847382431,3.42149313,3.1903112999999994,0.4538753766666666,0.29601926666666667,2.9691468843214266,32608.695652173912
2020Q4,MO,472,61.984179255711126,3.608091217829091,3.3674337764029665,0.47967391526455816,0.31338033386077657,3.903354716813749,29256.532608695652
2021Q1,MO,479,60.814103456274644,3.550871855470657,3.302809192980422,0.4727910749377503,0.30381277997143835,3.8758151152255436,29129.955555555556
2021Q2,MO,472,62.729651704227976,3.351294602362562,3.1126346625771424,0.46341236002262504,0.2994086693557366,4.250284065225589,29608.395604395606
2021Q3,MO,485,64.80611833258628,2.9948222484817486,2.788875658836878,0.4189284522429935,0.27535713359401504,5.769345452457185,31430.967391304348
2021Q4,MO,464,66.6278054854615,3.082512365362281,2.876804368511709,0.40275031069556544,0.260835605105044,7.100768499417461,30915.30174525413
2022Q1,MO,482,65.1627478100507,3.072847479092671,2.863491622918111,0.40359808756314647,0.2618888656978307,9.531770359381243,31408.44444444444
2022Q2,MO,491,66.9015017568989,3.126910805673442,2.914539054591389,0.4000256387439424,0.2574905075762087,9.716289656814121,32848.63736263736
2022Q3,MO,491,67.62397060125741,3.14071445079893,2.932912574352394,0.39601582801640745,0.2570844171787175,10.00316183959114,33203.36956521739
2022Q4,MO,493,68.3093747244025,3.098239210003098,2.8922679133959925,0.3846482099514563,0.24773071162982854,9.416339643868172,33676.52173913043
2023Q1,MO,484,69.14804866850321,3.1489292481065467,2.93762835029111,0.39888114527824386,0.2586060305654979,9.158740289249435,33467.65555555555
2023Q2,MO,475,69.66584152689416,3.1866863878994693,2.9738446076220746,0.39133117325173866,0.25274168749373194,8.794709824165176,33091.27472527472
2023Q3,MO,486,70.01388888888889,3.1958550769359526,2.9877255873815387,0.3855685089192934,0.2509710646451114,7.5153280428712055,34026.75
2023Q4,MO,483,70.52844540462688,3.2326585273398036,3.0249884971356114,0.38287390371799385,0.24664299512253024,6.378383611258334,34065.239130434784
2024Q1,MO,486,70.8641975308642,3.2121012558869704,3.004242718663451,0.38398316549884487,0.24897531301451165,6.482216605783593,34440.0
2024Q2,MO,475,71.2306998264893,3.242458707473692,3.040339463459423,0.3778299464070022,0.24572079350505224,6.091033387120142,33834.58241758242
2024Q3,MO,474,71.72305540267841,3.2788831470035955,3.071371893523002,0.3780906378778776,0.24407925123229568,6.081686044914619,33996.72826086957
2024Q4,MO,474,71.99376261236469,3.2965588322231794,3.092443452851151,0.3886592436257447,0.25409265922260327,4.442658103277522,34125.043478260865
2025Q1,MO,475,72.08014035087719,3.2938420685747447,3.085284004873069,0.3924581054356002,0.258093340550771,4.6704545090787475,34238.066666666666
2025Q2,MO,481,71.77887185579495,3.385539247311999,3.174188749051907,0.4036488222002888,0.26484092248060287,4.544915939291898,34525.63736263737
2017Q1,MS,183,79.14754098360656,3.891612323176532,3.597893476326368,0.5071708475252384,0.3208600448003928,1.0289783726162214,14484.0
2017Q2,MS,186,79.12188349285124,3.8739176772696284,3.5924211386205527,0.49893520616897785,0.31813266259314216,1.2577726214246883,14716.67032967033
2017Q3,MS,195,78.29085841694537,3.8900102738409355,3.609479380408363,0.5097014178327678,0.3286012126407402,1.5820749332785593,15266.717391304348
2017Q4,MS,194,78.25369789332139,3.9531574986825824,3.6635571272281537,0.5176943691861797,0.33091299890024284,1.4366778041578263,15181.217391304348
2018Q1,MS,197,77.57377326565144,3.943094345356893,3.637468232485061,0.5441227425378966,0.3447241095752964,1.6142475267200345,15282.033333333333
2018Q2,MS,197,77.67161265130808,3.9941000517803915,3.7017716362675315,0.5449314610041948,0.3494435439332557,1.8605185529672343,15301.307692307693
2018Q3,MS,200,76.62940217391304,4.036483697298049,3.730410133186192,0.5460591171086703,0.3417568250919693,2.157559444804713,15325.880434782608
2018Q4,MS,200,77.3258152173913,3.9690487245175867,3.66288188389754,0.5466410621347417,0.3414627546484209,1.9950854154795326,15465.16304347826
2019Q1,MS,202,77.63415841584158,3.950481327259884,3.634840316879329,0.5636176135707448,0.34882425752219975,1.930389519806754,15682.099999999999
2019Q2,MS,200,78.50093406593406,3.9661634599434312,3.655882396583788,0.5611698537918985,0.3518917392317723,1.5722886157625393,15700.186813186812
2019Q3,MS,197,78.00380710659898,3.9959948392244407,3.6840581195565525,0.5670897003057844,0.35602402420245294,1.3102321916336515,15366.75
2019Q4,MS,199,78.52037360716628,3.955813602439148,3.6511560842015345,0.5561068511656282,0.34976683262019925,1.2790315508662535,15625.554347826088
2020Q1,MS,158,75.96376408401724,3.9338385122966617,3.6358860454108055,0.5725960188865297,0.36945750210353895,1.6118435197955163,12002.274725274725
2020Q2,MS,194,73.07125863826894,3.9861996201550385,3.659773480620155,0.6022956046511628,0.37556363565891476,1.9284871848494984,14175.824175824175
2020Q3,MS,202,67.32743219974171,4.027135211990284,3.6954071369143375,0.6342002600676304,0.40389364560630364,3.348990402172684,13600.141304347824
2020Q4,MS,174,66.9335332333833,4.145896878313199,3.80470679588454,0.6365078882135977,0.4079290732748965,4.305758750726288,11646.434782608694
2021Q1,MS,201,64.80851299060254,4.067726619048675,3.741727767134715,0.6382091222515452,0.41603146062815494,4.781777198412829,13026.511111111111
2021Q2,MS,200,66.82318681318682,3.8824301708132496,3.573829599517178,0.599094107625339,0.39313724426113855,6.24956084795905,13364.637362637364
2021Q3,MS,200,67.23728260869566,3.907985031919727,3.60343138269238,0.5874222052659062,0.3842342741394445,7.9725184165409715,13447.456521739132
2021Q4,MS,201,67.72648926220094,3.871494797991269,3.5779548717817016,0.5438897605944327,0.34653115948251995,8.73891939006813,13613.024341702388
2022Q1,MS,200,67.69572222222222,3.8714204573898074,3.5773530249326435,0.535610365992271,0.3400705690413723,10.681776012632104,13539.144444444444
2022Q2,MS,200,68.44549450549452,3.853216026548757,3.5715096555533083,0.5267473356516936,0.33611265240329197,11.243366675687328,13689.098901098903
2022Q3,MS,199,69.51731483504479,3.904933390847812,3.6209732361244353,0.5415499994892841,0.349684817513316,10.264447772811073,13833.945652173912
2022Q4,MS,199,69.84788070788726,3.8479886141033415,3.5773681061953826,0.5226229555629411,0.33908012746573873,8.953787830574846,13899.728260869564
2023Q1,MS,199,71.05265214963707,3.878402879880052,3.5923736064431107,0.5413668507323466,0.3487657174200211,8.914064779385027,14139.477777777778
2023Q2,MS,200,72.16351648351649,3.8808879102404794,3.596535363825744,0.5282521684574714,0.33836277653923935,8.089096701030128,14432.703296703297
2023Q3,MS,200,72.70755434782609,3.9546931535581424,3.6704121035805297,0.5425303123965199,0.35586636906786345,7.366661850383668,14541.510869565218
2023Q4,MS,201,72.7369673372269,3.939955399493848,3.6612935708061847,0.5356980250577672,0.34975863386694345,6.953148445704471,14620.130434782608
2024Q1,MS,200,73.20901098901099,3.902801545176988,3.61804234301308,0.5537562105787734,0.36201037373049016,7.0778926590797475,14641.802197802197
2024Q2,MS,198,73.73332223332224,3.9967223925445245,3.705254767121782,0.5590760820066133,0.36307248554225846,6.964762720882637,14599.197802197803
2024Q3,MS,200,73.7083695652174,4.057002191362258,3.7699191363732214,0.5717889833170382,0.37593155016022306,5.825006523565289,14741.673913043478
2024Q4,MS,198,73.83865832235398,4.064880416640335,3.7723405834005552,0.5659800601466864,0.36796323543078485,5.310483224649702,14620.054347826088
2025Q1,MS,200,73.74266666666666,4.008414697355971,3.6969162131375772,0.5765186293477016,0.3738749163758656,4.916977866615856,14748.533333333333
2025Q2,MS,200,74.07043956043957,3.980330736557568,3.678309546451922,0.5669318780311584,0.37102767487437704,5.385543849687681,14814.087912087913
2017Q1,MT,70,58.200634920634926,3.8382485599895273,3.5479344849780734,0.8536676084916983,0.6233214605197129,5.990782362312958,4074.0444444444447
2017Q2,MT,63,56.81231466945753,3.9472532813435466,3.7122919206029996,0.8364689826683656,0.6341982161772156,8.722943332517163,3579.1758241758243
2017Q3,MT,73,56.38028588445504,3.7707718209428234,3.5000121484220266,0.8008418592367622,0.5917219595932919,7.9777973533108835,4115.760869565218
2017Q4,MT,67,56.60983127839065,3.7887176702212115,3.5119031188474907,0.8080950757000429,0.5927489589990342,6.372920268894319,3792.8586956521735
2018Q1,MT,66,56.18434343434343,3.800651564864338,3.5124254872878184,0.8173458582408197,0.590856308148681,6.438167550574818,3708.1666666666665
2018Q2,MT,65,55.662383770076076,3.7760147975811176,3.4985692938042723,0.8210624979118767,0.607270253277974,6.302090872520375,3618.054945054945
2018Q3,MT,63,58.20910973084886,3.714712164325093,3.4282878653150743,0.8426325804730569,0.6148916355444899,8.8324188892192,3667.173913043478
2018Q4,MT,70,57.51599378881988,3.7594768130927667,3.4656443927290006,0.8510710226429052,0.6212412966417659,10.757961803519455,4026.1195652173915
2019Q1,MT,72,56.53086419753087,3.7606395228215774,3.464737879449661,0.8480501747106355,0.620446631360559,9.525564822647357,4070.2222222222226
2019Q2,MT,71,55.27983284321312,3.782541444662521,3.495195526972278,0.8477775973435098,0.6226044691079422,9.094328551743976,3924.8681318681315
2019Q3,MT,69,55.10396975425331,3.700182904516866,3.472960920526015,0.8333718982275587,0.642689594053745,7.864172461673778,3802.1739130434785
2019Q4,MT,69,56.0299306868305,3.7077620488194376,3.455346886790861,0.8295743059733807,0.6281227683466506,9.301331296444484,3866.0652173913045
2020Q1,MT,50,53.27472527472528,3.7991788778877895,3.5200426155115516,0.823995915841584,0.6173204620462045,7.409327506238969,2663.736263736264
2020Q2,MT,68,53.58306399482869,3.851458024199872,3.606476240454562,0.8543687645518923,0.6440729916880799,7.914487805524365,3643.648351648351
2020Q3,MT,68,52.55418797953964,3.765439459332865,3.515258091301452,0.8667567575787991,0.652106612648618,8.5025621458888,3573.6847826086955
2020Q4,MT,66,46.12434123847167,3.905956931734192,3.639776410644596,0.919427672664041,0.6873859469341265,8.527418637271772,3044.2065217391305
2021Q1,MT,68,46.34035947712418,3.9978346491398185,3.711944760810006,0.9136622320638358,0.6704164271887109,10.333543570683984,3151.144444444444
2021Q2,MT,68,48.42986425339366,3.769632980072342,3.5066765993513163,0.8409784306135797,0.6171003790659494,11.144845179912535,3293.230769230769
2021Q3,MT,67,48.34831278390656,3.7065618970602556,3.4480813303849756,0.8187670249212299,0.6013321298306485,13.785860365555259,3239.3369565217395
2021Q4,MT,69,45.54300567107751,3.5161153137073815,3.267700609117039,0.7967479860397708,0.5908443240737858,13.260104400882785,3142.467391304348
2022Q1,MT,68,45.47450980392156,3.7017099287110495,3.430511958146487,0.8352420015522594,0.6091593006209036,15.40440062609937,3092.2666666666664
2022Q2,MT,66,47.508158508158516,3.7780420840138227,3.4994343821626592,0.844199709813762,0.6104310036658793,18.702737298176274,3135.538461538462
2022Q3,MT,64,48.541779891304344,3.6987208814123878,3.433677356602546,0.8155549063376882,0.5958196589390303,21.493228453233538,3106.673913043478
2022Q4,MT,61,50.76158232359229,3.601640269031221,3.343065179693478,0.7792411030841705,0.5688680258640663,20.964622235491266,3096.45652173913
2023Q1,MT,60,52.863888888888894,3.595740563641778,3.3440761564465,0.771848387718284,0.5646743733907834,19.037006362695298,3171.8333333333335
2023Q2,MT,58,54.64153088291019,3.577377963786157,3.3328537645892133,0.7624037961428304,0.5685252671655144,14.446229562968188,3169.208791208791
2023Q3,MT,60,54.30579710144927,3.4962560046435915,3.268474687091351,0.7565608403832298,0.5746675428998426,14.003575749218081,3258.3478260869565
2023Q4,MT,59,54.180176860722185,3.6105929477370875,3.3707361691999047,0.7714713863103133,0.5855657791832433,11.648033024357508,3196.630434782609
2024Q1,MT,59,54.25013969081765,3.7737253878716923,3.521145470338416,0.830272359914718,0.6400970580459988,12.306138812729852,3200.758241758241
2024Q2,MT,60,54.759523809523806,3.7785873633301783,3.526053641128209,0.8074371126503828,0.6205851759441047,13.6774715788514,3285.5714285714284
2024Q3,MT,58,54.50843328335832,3.749101379715805,3.512353252629299,0.8293887718019508,0.6434369122971081,13.913270563910368,3161.4891304347825
2024Q4,MT,58,55.509182908545725,3.794962440537886,3.5554621755115683,0.8599563803819755,0.6621277055473215,13.342643482268404,3219.532608695652
2025Q1,MT,58,55.76340996168582,3.758920246663345,3.5154638679423535,0.8615394128862702,0.6631751893776731,11.405682486914914,3234.2777777777774
2025Q2,MT,57,55.97165991902835,3.756707069663309,3.519882132093344,0.8562013605442178,0.6635988633428055,10.37832866117269,3190.3846153846157
2017Q1,NC,374,87.51307189542483,3.5104421986020253,3.2785331755887417,0.4752829014594204,0.2896127019475912,1.7096119826798761,32729.888888888887
2017Q2,NC,377,86.69458128078817,3.5705237589144887,3.3155755117877526,0.4954964123499486,0.28780080968828586,4.1443913727349475,32683.85714285714
2017Q3,NC,394,86.97872986095784,3.604699983030984,3.349308745704222,0.506448112077975,0.2968272030778941,2.2207891999639413,34269.61956521739
2017Q4,NC,387,86.3472081788563,3.605794930628246,3.345363994345391,0.5050335490351318,0.2925820851925605,1.8860091253015219,33416.36956521739
2018Q1,NC,399,85.60384294068506,3.634703770355175,3.3584204859152504,0.5272511397076285,0.3002434065465769,2.8914866298182003,34155.933333333334
2018Q2,NC,406,85.24351756617767,3.6589510914276877,3.3881694299911063,0.5233412607516271,0.30033066224848043,3.2885223158316284,34608.868131868134
2018Q3,NC,407,85.38572267920094,3.630450246357497,3.36561067039328,0.5121365808588373,0.296446784560033,2.954427527685905,34751.989130434784
2018Q4,NC,407,85.4664298686038,3.579362190859648,3.288552930202909,0.5119427755409419,0.2930454861485436,3.0858522073780144,34784.83695652174
2019Q1,NC,414,85.8786097691895,3.6175945493473574,3.3085045081983866,0.5362093819153914,0.3084921231925251,3.247682225470262,35553.74444444445
2019Q2,NC,414,85.6322662844402,3.6373430757165752,3.361790524811615,0.5317414037339085,0.306670380117231,3.4243078613237645,35451.758241758245
2019Q3,NC,412,85.35713908822288,3.628489758689636,3.3611964540762944,0.5429249017966067,0.32326008684613877,3.5337021019707047,35167.141304347824
2019Q4,NC,409,86.5072020835548,3.566766755972871,3.304281290887849,0.5287692118166823,0.3121729947500732,2.7557199805429002,35381.44565217391
2020Q1,NC,312,85.03860242321781,3.5970025587968277,3.3219772317612213,0.5427428951763076,0.31717245495391017,2.819639399307643,26532.043956043955
2020Q2,NC,407,78.98307098307099,3.688674978532087,3.4029597893683237,0.5625894781246068,0.3291781686366098,3.3701309527113144,32146.109890109892
2020Q3,NC,409,76.07823960880195,3.703945733217079,3.4186272615234996,0.5802839759497421,0.34693017223069916,5.631056928389495,31116.0
2020Q4,NC,401,73.76555892876505,3.775820239079078,3.4816721204368846,0.5844759107490045,0.348481571156176,6.338340540026442,29579.989130434784
2021Q1,NC,407,70.18222768222769,3.82100126226527,3.5081351771353,0.5968320837101653,0.3448552090322958,7.8087252687906545,28564.166666666668
2021Q2,NC,409,73.85037212176576,3.5948385399745404,3.295742417059801,0.5583069790590754,0.32665676115107234,8.64437685149895,30204.802197802197
2021Q3,NC,409,76.30293930052089,3.4602131009878705,3.1818474174078677,0.5350582436792243,0.3135845471133809,10.449969031108004,31207.902173913044
2021Q4,NC,409,76.76727923616964,3.439720836420688,3.1718425968026227,0.5063245175305648,0.30247350136966306,12.953564262841905,31397.817207593384
2022Q1,NC,411,76.83706407137065,3.4683113345528094,3.191665577722633,0.509927309907139,0.2993419681845385,15.179288442778638,31580.033333333336
2022Q2,NC,413,77.66974429928425,3.5796042701388324,3.302762757351506,0.5202672056982688,0.3019669297877195,17.836611903731146,32077.604395604394
2022Q3,NC,406,78.86276504604841,3.538382927960316,3.266842975582564,0.5165925276387607,0.29944425094086874,18.20281960648975,32018.282608695652
2022Q4,NC,405,79.80603864734299,3.523987435317714,3.269628537789387,0.49531759267386405,0.2946930948054748,18.533664245344767,32321.445652173912
2023Q1,NC,410,80.07848238482384,3.5977440864247,3.320483055918043,0.5117538180700776,0.2960255217104088,17.833768535971327,32832.177777777775
2023Q2,NC,406,81.43098034969957,3.590260986276109,3.3220770411251412,0.501693889645806,0.295230916963626,15.749734797820828,33060.97802197802
2023Q3,NC,408,82.03023763853369,3.633065938052417,3.369249144308037,0.5026316047581637,0.3026225923463676,12.428661208773294,33468.33695652174
2023Q4,NC,413,82.13282977155488,3.6487718631507673,3.3743537050275916,0.5111772703662201,0.305034532106223,10.813563860685296,33920.85869565217
2024Q1,NC,410,83.63251139104797,3.6134108390493442,3.3363920887829464,0.5144047086060477,0.30526829061935457,9.98765641490767,34289.329670329666
2024Q2,NC,409,83.41382089792847,3.6235642997005386,3.346301717559772,0.5130566237805512,0.3066971463763686,9.943102338629787,34116.25274725274
2024Q3,NC,410,83.81964475079532,3.662150874361929,3.386291993141615,0.5218328595868584,0.3142055213103679,9.634216009784563,34366.05434782608
2024Q4,NC,410,85.30787380699894,3.6565411010521744,3.381987856348396,0.5192470662527624,0.3135556541042006,9.233105500928163,34976.22826086957
2025Q1,NC,411,85.55569072722358,3.595768471310912,3.3173805236191054,0.5170392406243236,0.310028716736631,9.176423363361355,35163.38888888889
2025Q2,NC,409,85.6677772105645,3.6466403813240778,3.3672460074098263,0.5246985810431276,0.3217272427613378,9.728788345299796,35038.12087912088
2017Q1,ND,72,70.73070987654322,4.419416038487133,4.132107257791789,0.7547638735859142,0.48349853273260823,3.484715596902319,5092.611111111111
2017Q2,ND,72,70.68238705738706,4.442020250004858,4.1628666345649314,0.736330059100302,0.47633517666390995,7.471471528811991,5089.131868131868
2017Q3,ND,75,70.25115942028985,4.377773743483526,4.106641511925122,0.714593147155238,0.4605449185427854,3.4842271021333415,5268.836956521739
2017Q4,ND,73,71.01622989874926,4.503832307708436,4.220642967218443,0.7434471270272254,0.48214372726414995,4.042942435624963,5184.184782608696
2018Q1,ND,73,67.40882800608827,4.507232363009059,4.2086162718232645,0.7689137817357455,0.4965157967467192,3.760120056205936,4920.844444444444
2018Q2,ND,77,68.37062937062936,4.564106409670343,4.256094812272869,0.7566149626466113,0.4732613818770834,3.2758913665500264,5264.538461538461
2018Q3,ND,76,69.86813501144164,4.512630302261124,4.226597484637209,0.7421854261255469,0.4811740611400195,4.3484209962732026,5309.978260869564
2018Q4,ND,78,68.03804347826086,4.476781978572058,4.189599931181527,0.744711218435158,0.48489702831183784,4.894423558362622,5306.967391304347
2019Q1,ND,75,68.66281481481481,4.490293673431519,4.186795224759102,0.760280986635712,0.48663115946094065,4.231267392888236,5149.711111111111
2019Q2,ND,78,67.19991546914623,4.547938258016499,4.233452246926004,0.7820689120202939,0.49904133253666266,4.7831383339515146,5241.593406593406
2019Q3,ND,77,67.48743647656691,4.52437110029472,4.215985240994727,0.7836875341207871,0.5046015633334101,5.74421909231863,5196.532608695652
2019Q4,ND,76,67.67891876430205,4.498829528476725,4.1918676657981315,0.7957795359786648,0.5171612663272832,5.888997507543372,5143.597826086956
2020Q1,ND,70,68.93328100470958,4.4364585008141555,4.147829949556483,0.7865030459685042,0.5229999886132018,5.601279103204812,4825.329670329671
2020Q2,ND,77,61.19608962466105,4.690199952891901,4.368417541003869,0.8296671183136234,0.5347636082938241,5.261208066620457,4712.098901098901
2020Q3,ND,77,62.25352907961605,4.537603150991828,4.240450721535405,0.8488486725743984,0.5727892490771059,5.460873406928347,4793.521739130436
2020Q4,ND,73,57.74925550923169,4.73885624116913,4.394788729489177,0.9230238188550037,0.6056261280308577,7.650706365902779,4215.695652173913
2021Q1,ND,76,55.732456140350884,4.826646048109966,4.5152328375436115,0.9332525904357177,0.6436631253115082,6.4336110953892005,4235.666666666667
2021Q2,ND,76,57.86639676113362,4.515452919011304,4.226038620303645,0.8493623252141407,0.5804673616455607,7.64039304647675,4397.846153846155
2021Q3,ND,77,58.69438170525126,4.45492355534391,4.1732718601412735,0.8534804986158911,0.5917788985331572,9.873255935787066,4519.467391304347
2021Q4,ND,74,59.35766745005874,4.475641401905931,4.199739474941043,0.8348099142058911,0.5789879660584945,11.581017189940528,4392.467391304347
2022Q1,ND,77,58.396103896103895,4.483929772539136,4.181058576423638,0.8433576732520356,0.5634140133684223,13.63681678426896,4496.5
2022Q2,ND,76,59.160931174089086,4.537187681012424,4.247024589582972,0.8334087159696645,0.5653153190584543,14.268388099883103,4496.23076923077
2022Q3,ND,75,60.201014492753615,4.460536896917814,4.180535500629533,0.8285337047139174,0.5667979498636212,15.452031105567023,4515.076086956521
2022Q4,ND,75,60.013043478260855,4.450777053297592,4.162283295901857,0.8390652273660316,0.5719276002801325,15.886936623939981,4500.978260869564
2023Q1,ND,75,59.43185185185186,4.524102277117894,4.224537609213167,0.878702229755836,0.599385938454252,14.967773993209994,4457.38888888889
2023Q2,ND,73,60.52611771789854,4.556279649319157,4.271247478704222,0.8397384318845985,0.5757609401231113,13.507506749005744,4418.406593406594
2023Q3,ND,74,61.068742655699204,4.523410245432417,4.238153123466648,0.8578572047066069,0.5967698361538979,13.075124973084224,4519.086956521741
2023Q4,ND,72,62.300724637681164,4.492959023941069,4.205465154599205,0.8659107298633325,0.6012197101870699,13.66082185834013,4485.652173913044
2024Q1,ND,74,61.70077220077221,4.499525046149995,4.210831542288318,0.863005562067231,0.5989246750246094,13.337168112074217,4565.857142857143
2024Q2,ND,68,60.88897866839044,4.651996066680645,4.364101401079141,0.8762575872987226,0.6146021694299872,12.499680722161884,4140.45054945055
2024Q3,ND,71,62.601500306184946,4.5918118279438405,4.3070687407834924,0.8741877856658997,0.61396517107551,11.823016363179848,4444.706521739131
2024Q4,ND,73,61.75,4.565296433919361,4.27223687224659,0.9002284953690867,0.6305626782859473,13.25886812621798,4507.75
2025Q1,ND,71,62.150078247261355,4.613355198054083,4.316415965191029,0.9043676647219235,0.6318094672142499,13.326088848935921,4412.655555555556
2025Q2,ND,73,61.54056902002107,4.655600908970827,4.360171349317782,0.9220038697304886,0.6491930315498002,12.438882512831844,4492.461538461538
2017Q1,NE,187,53.87855020796197,4.078936176078767,3.7652540208386642,0.7032430280466178,0.44690288450510374,2.4320488720760145,10075.288888888888
2017Q2,NE,183,53.73368161892752,4.066582389668619,3.7298974215127614,0.6792989482883284,0.4419688274940296,16.570216406677144,9833.263736263736
2017Q3,NE,200,53.51896739130435,4.110869957725268,3.766390095344093,0.7029188046903322,0.45360572084866296,2.2849209377574646,10703.79347826087
2017Q4,NE,192,52.888983242753625,4.109241386766229,3.8010348404195535,0.7011490412970667,0.4378394101672927,2.8357701898208814,10154.684782608696
2018Q1,NE,177,54.850596359070934,4.102827837989402,3.8001866051706967,0.7395969648763405,0.48068607299403726,3.5194247757084587,9708.555555555555
2018Q2,NE,187,53.97144032438151,4.101927339204209,3.795654147503572,0.7253783949165534,0.46553662111076266,3.285634859106329,10092.659340659342
2018Q3,NE,196,53.9514751552795,4.063572060732711,3.7640543535354265,0.7159985115942491,0.46351266840930744,3.6253146192747985,10574.489130434782
2018Q4,NE,194,53.97002465262214,4.052866971119857,3.754769287947038,0.7252797540012687,0.47154947225922056,3.834245697580827,10470.184782608696
2019Q1,NE,197,53.937732656514385,4.048955282563504,3.7450916851751934,0.7328025987225981,0.4738542176435404,3.9591486098977815,10625.733333333334
2019Q2,NE,197,54.89602275896692,4.09117727393278,3.797070309443656,0.7272968669503038,0.47594775439199044,3.9137097715785045,10814.516483516483
2019Q3,NE,190,56.18838672768878,4.107409214059031,3.817438801514601,0.7462470053646353,0.4970057108065484,3.9931136747192917,10675.793478260868
2019Q4,NE,190,56.148855835240276,4.0961351710984,3.8060169213495514,0.7512742668739723,0.4991541872392972,4.774659964604382,10668.282608695652
2020Q1,NE,150,53.08637362637362,3.9780145702145506,3.6924171541575066,0.7523772302792188,0.49755454170340957,4.59562069696949,7962.956043956043
2020Q2,NE,185,52.990436590436595,4.313971319165917,3.991710918356137,0.8039036917634242,0.5265143023044657,4.352740962037846,9803.23076923077
2020Q3,NE,184,51.69913752362949,4.266112301365574,3.949304346733123,0.8134954288515396,0.539411880986742,4.601796217386654,9512.641304347826
2020Q4,NE,186,48.91146563814867,4.372230071937804,4.030383190377706,0.8422654016318327,0.5478239680372007,5.969496653819997,9097.532608695652
2021Q1,NE,189,48.13503821281599,4.350036090412896,4.012225233488483,0.8295107825451863,0.5384937657017723,5.215588750289713,9097.522222222222
2021Q2,NE,186,49.41805506321635,4.167105947755395,3.8339136589156557,0.7900652758682527,0.5049239882838185,5.83123688629497,9191.758241758242
2021Q3,NE,188,50.813771970397774,3.9874417863746268,3.672690632911392,0.7632407907836724,0.49660225856919354,7.030675371110363,9552.989130434782
2021Q4,NE,187,50.46529467434695,3.9530919601130154,3.6436184650629477,0.7390585679223037,0.4780304728956555,9.947527810227145,9437.01010410288
2022Q1,NE,185,50.4318918918919,3.905628927784149,3.587734928682099,0.7443186719876719,0.4710889362872771,11.174943798050343,9329.900000000001
2022Q2,NE,181,51.535608038370476,4.021743726460606,3.71799237314792,0.7267139741978199,0.4701431124483561,12.935087220434626,9327.945054945056
2022Q3,NE,184,51.66032608695652,3.975780097563653,3.68823224769184,0.7112194999233853,0.47135622854503,13.829649309357048,9505.5
2022Q4,NE,181,51.84338217631516,3.929775928534361,3.63934064330195,0.6924205023537698,0.45190885860701313,14.223421922013909,9383.652173913044
2023Q1,NE,179,52.541464928615774,4.003417123184904,3.705734455834593,0.6935225171689057,0.45517692272249877,14.64470810387715,9404.922222222223
2023Q2,NE,183,51.41860325466884,4.033059406218103,3.7325508306920443,0.6965643590719792,0.4543798013252768,14.071751311592163,9409.604395604398
2023Q3,NE,182,52.99528189202103,3.973532179414506,3.688354048501555,0.678145439300932,0.4458703469757808,13.235120921578126,9645.141304347828
2023Q4,NE,181,53.669769397069416,3.9653904906406896,3.6780927796408003,0.697740092132898,0.4627405117325662,10.965273938184977,9714.228260869564
2024Q1,NE,179,54.04874455153785,3.9773357791912765,3.6816332803271243,0.6897905951840073,0.450233870967742,11.396303970633335,9674.725274725275
2024Q2,NE,176,53.90228521478521,4.101635667364378,3.8045027736624273,0.7002412489763107,0.4581711203186845,10.298475519468079,9486.802197802197
2024Q3,NE,179,53.76439154724313,4.109090945027739,3.8185770935359704,0.7117823969495998,0.4741934758841282,9.36075216670532,9623.82608695652
2024Q4,NE,180,53.5394927536232,4.052841225155479,3.771134969671131,0.6931660226434502,0.46558592578055386,9.039984370714995,9637.108695652176
2025Q1,NE,180,53.947654320987645,4.042658040716194,3.7522169409761634,0.6864468414741314,0.4602970300428399,8.216320999186356,9710.577777777777
2025Q2,NE,175,54.42938775510204,4.149149538295408,3.8589282961923796,0.6859467712981722,0.4626531285620013,7.67116439257038,9525.142857142857
2017Q1,NH,69,90.17858293075685,3.977983568121226,3.724388590183372,0.7620902342640921,0.5560355458572986,4.197690126698014,6222.322222222222
2017Q2,NH,71,87.91781457978642,4.032290819083968,3.763690129340166,0.7456377137404783,0.5309015961988391,7.655629621111963,6242.164835164836
2017Q3,NH,72,85.26660628019323,4.007512402488642,3.7479241013728606,0.7400712811124528,0.5325031249668027,5.117492211781922,6139.195652173913
2017Q4,NH,70,88.88835403726708,3.976476964438256,3.717247611544247,0.7506363799937461,0.5423340571342723,5.1169138212082865,6222.184782608695
2018Q1,NH,71,88.1527386541471,3.949095306907913,3.6753086476736923,0.7322436161449754,0.5174054138499119,5.63540119420209,6258.844444444444
2018Q2,NH,73,87.86737919614632,4.00091817242673,3.737988960138975,0.7245191304481903,0.5126403838938639,6.94237793105896,6414.318681318681
2018Q3,NH,72,88.79619565217392,3.896071871822859,3.642364014104382,0.7092530254035289,0.5038111753764966,6.342933888984568,6393.326086956522
2018Q4,NH,73,88.07132221560454,3.8917276964667025,3.6281323004563073,0.7127613286513482,0.5008685736119306,6.443335570290838,6429.206521739131
2019Q1,NH,72,89.09783950617283,3.8774853729254493,3.611792678322139,0.6934269789418623,0.48336084966935366,6.578000823332772,6415.044444444444
2019Q2,NH,73,87.57835315369563,3.879170996746209,3.6173789368200864,0.6982683749782994,0.48867350885123845,7.154743570305211,6393.219780219781
2019Q3,NH,72,88.02143719806764,3.843187817937961,3.5859146151128365,0.6890760204029129,0.4844780929382184,8.814574767765757,6337.54347826087
2019Q4,NH,73,88.22840976771887,3.7787014085077515,3.523876805357258,0.6724167907085067,0.4714496693905242,7.892628360264281,6440.673913043478
2020Q1,NH,65,89.25511411665258,3.834368076917249,3.5678061877774914,0.6909066302486627,0.48046828830330496,8.168147865022235,5801.582417582417
2020Q2,NH,69,83.36359292881032,3.997011749197616,3.699361779764634,0.7262195667125172,0.48875972413266083,8.239267449452853,5752.087912087912
2020Q3,NH,72,79.06944444444444,3.959168639595537,3.6704882617096515,0.7179751640076677,0.4894794140783113,8.899043643738972,5693.0
2020Q4,NH,71,75.8057256582976,4.000294731229918,3.7002821293190324,0.7598968622453616,0.5160909841809667,8.905842763548106,5382.20652173913
2021Q1,NH,73,72.90639269406392,4.141698577229407,3.8261952421215257,0.7697962400442594,0.518418730884456,6.583280410642944,5322.166666666666
2021Q2,NH,71,77.56570190373009,3.924328028222974,3.639866347934359,0.7148287944575699,0.4918999824404572,6.757962297609412,5507.164835164836
2021Q3,NH,72,76.76585144927536,3.7897723880376875,3.510891155700033,0.7085418793031227,0.48323406037793737,8.761081986769167,5527.141304347826
2021Q4,NH,73,75.05330553901132,3.6689014954628236,3.3930887715302607,0.6906948208341104,0.46843220423046555,8.707607255272782,5478.891304347826
2022Q1,NH,71,75.5733959311424,3.8162251042628705,3.5096046501033316,0.7319792758130846,0.4862936257801596,8.97975223979239,5365.711111111111
2022Q2,NH,72,76.85149572649573,3.744981083587704,3.4530409249877363,0.6982387976112693,0.46936637466213604,11.316464855141053,5533.307692307692
2022Q3,NH,71,77.49081445192898,3.7175298615089796,3.4333703103700337,0.6760068751605193,0.45350755674970855,15.763385797164094,5501.847826086958
2022Q4,NH,72,75.90549516908212,3.7290158075410003,3.482674135537532,0.6826289881821329,0.48392077931893124,18.327805703653645,5465.195652173912
2023Q1,NH,73,77.55479452054794,3.7618281766708863,3.5113190457966583,0.7052699814536784,0.5033960571893982,17.825311921569924,5661.5
2023Q2,NH,73,77.94008730995033,3.769958996129451,3.518865392192461,0.7197382937136412,0.5152680606308764,18.341063854348988,5689.626373626374
2023Q3,NH,73,79.48570577724837,3.7071111748022765,3.467793176053621,0.6923154173831922,0.5004671746973733,17.586360455686165,5802.456521739131
2023Q4,NH,73,79.63505062537224,3.744971084215703,3.520119290464803,0.6983823240699364,0.5148600580746369,16.81461888671152,5813.358695652174
2024Q1,NH,73,80.04606352551556,3.7376960240415538,3.5168602678722545,0.6899071549198301,0.5145731232580969,16.76332160608348,5843.362637362637
2024Q2,NH,72,80.90491452991454,3.743526936042816,3.523108553469324,0.6910327699688166,0.5187085564876841,15.385015272481647,5825.153846153847
2024Q3,NH,73,80.79854079809411,3.736265758518953,3.5211108039724093,0.675707269788793,0.5052583927186015,15.13329945117593,5898.29347826087
2024Q4,NH,74,80.06639247943596,3.690154194154381,3.4715978403645624,0.6556130341300184,0.48266822848253144,15.126058854972852,5924.913043478261
2025Q1,NH,74,80.17807807807807,3.8736779428674164,3.6296119561186995,0.7266837520084797,0.5287718404602367,13.166180530192511,5933.177777777777
2025Q2,NH,74,79.6997326997327,3.913846967941002,3.6575020029886454,0.735029513804784,0.5335535068138878,13.355835240100294,5897.78021978022
2017Q1,NJ,344,122.48339793281654,3.6307884631308465,3.3770951502682163,0.7397915026188752,0.5234270293447987,2.1591037259524564,42134.28888888889
2017Q2,NJ,325,119.76588334742182,3.669688194155066,3.412279965195552,0.7382685210594013,0.5171928044457544,2.1064121846050305,38923.91208791209
2017Q3,NJ,335,119.43410123296559,3.6155810944919518,3.367779671004214,0.7096392054353227,0.49794026230664346,2.333702778202014,40010.42391304347
2017Q4,NJ,332,121.07877160817183,3.6501177806680487,3.4042569932102653,0.724342380003407,0.5141050313257963,2.840957092869898,40198.15217391305
2018Q1,NJ,351,121.47964545742322,3.61625237717268,3.3600104207328543,0.7336931999701893,0.5171598043747794,2.9752557279256537,42639.35555555555
2018Q2,NJ,356,121.6242437337943,3.6389859773982596,3.382976610723632,0.7244263717599809,0.5078378326246865,3.0965315676178387,43298.23076923077
2018Q3,NJ,358,120.41996599465631,3.6018728076987467,3.3542167773701057,0.7067981433893608,0.4969602854353539,3.6815934852280194,43110.34782608696
2018Q4,NJ,347,120.87041097606817,3.5872360118144435,3.3336309274679574,0.7058248483219722,0.4928342974400227,3.6839853397468243,41942.032608695656
2019Q1,NJ,361,120.05386272699292,3.6008238222814732,3.3389902065093384,0.712048298316904,0.49137473433233775,3.8677673284805527,43339.444444444445
2019Q2,NJ,356,119.76154463514015,3.5890579012550923,3.3237178742691302,0.7088639863704139,0.4848898717586883,4.123793684522306,42635.109890109896
2019Q3,NJ,361,119.16325424545344,3.550354571526032,3.293504137556378,0.6900032974113426,0.47249220370674516,5.061881459644417,43017.934782608696
2019Q4,NJ,358,118.94644158367745,3.5784227694365454,3.3174589776445904,0.7031479188895299,0.48241448634630213,4.940916262049169,42582.82608695653
2020Q1,NJ,246,109.8354328598231,3.643274625260699,3.3461929146860063,0.7389422013229346,0.49490428570963757,5.029963949940095,27019.516483516483
2020Q2,NJ,350,98.77485086342229,3.8390286553088884,3.5307012920302396,0.7761439221304401,0.5188318834931829,7.49665746527006,34571.1978021978
2020Q3,NJ,353,95.71551299421112,3.8490848096016768,3.539256804903526,0.7733602491525539,0.5156206117697623,5.078122958188868,33787.57608695653
2020Q4,NJ,359,96.53391062129101,3.836398158655242,3.5258914657929776,0.7806257303998781,0.5252886314493957,5.439466612932942,34655.67391304347
2021Q1,NJ,357,98.46395891690008,3.8194770118157937,3.5096136831953757,0.773922318134735,0.5199886460151844,6.24474115045259,35151.63333333333
2021Q2,NJ,352,99.64104645354645,3.731978154602153,3.4228234308842116,0.7358562829487213,0.482948470753222,6.7616710879382245,35073.64835164835
2021Q3,NJ,349,103.91805780490844,3.5869267047513325,3.2938992975186427,0.6930726239067841,0.4541331043178372,7.978891893659264,36267.40217391305
2021Q4,NJ,351,105.81689879148546,3.610345592015957,3.315449828590436,0.6784946205389298,0.43993981632765394,10.024307037833758,37141.73147581139
2022Q1,NJ,347,107.95603586295228,3.641336299598958,3.337823873109243,0.668831662893334,0.42303423109287447,12.463545853219443,37460.74444444444
2022Q2,NJ,345,109.2261188087275,3.6124450870389606,3.3090432829788337,0.6632605768069909,0.418946186143871,13.396938400129162,37683.01098901099
2022Q3,NJ,344,110.12585313447926,3.5628173627069173,3.2613617652383766,0.644131642289262,0.4023410543192867,14.217208935790213,37883.293478260865
2022Q4,NJ,347,111.35365242450821,3.571756013045824,3.2804707169408363,0.6344565290163816,0.40193284731243534,15.179535400177702,38639.71739130435
2023Q1,NJ,347,113.62308677553634,3.5689124149734157,3.2634130827299477,0.6407288874660451,0.4023446497328833,15.659073618971608,39427.21111111111
2023Q2,NJ,344,113.2890046000511,3.5954926955483573,3.295994872545362,0.6429640263264229,0.4134280181107653,15.387869692348591,38971.417582417576
2023Q3,NJ,336,113.65974378881988,3.5897773242824007,3.303378212298453,0.6209921444733809,0.40372206805276867,14.898154308804399,38189.67391304348
2023Q4,NJ,346,114.90019477255593,3.591348862871746,3.3115077526935726,0.6168540832365688,0.4032546330105539,14.978008338043491,39755.46739130435
2024Q1,NJ,345,117.47373785634653,3.622752865441389,3.323474087386201,0.6408854235582231,0.4112755118641421,15.239698071302406,40528.439560439554
2024Q2,NJ,345,117.2243669374104,3.6355088296774767,3.341203341938706,0.6370954951811816,0.41666438421861074,14.011781336811339,40442.40659340659
2024Q3,NJ,345,116.99070573408946,3.6609396666294134,3.3721568207126573,0.6081622552537713,0.397550750884998,14.1291424592353,40361.793478260865
2024Q4,NJ,347,117.71078185691016,3.6908704563495816,3.3955690232500464,0.6055270625171809,0.39097903852760624,13.468822225197455,40845.641304347824
2025Q1,NJ,344,120.33788759689924,3.643748405987555,3.355168414410221,0.5993411182606254,0.38317382875146183,12.814549434501545,41396.23333333334
2025Q2,NJ,346,119.36009655084797,3.729029975211353,3.434323476945706,0.6104810104486967,0.39208921252140666,12.458937441034843,41298.5934065934
2017Q1,NM,68,82.54264705882353,3.3811346679573444,3.167100310594048,0.5685360310871187,0.4003046751431722,3.799028694889678,5612.900000000001
2017Q2,NM,70,80.68587127158555,3.3962196163581853,3.1777312250349725,0.5664380925697853,0.3982586109278964,9.887381730795008,5648.010989010989
2017Q3,NM,68,79.79747442455242,3.3711423781031344,3.1668387241518148,0.5628566964401969,0.4067848593686463,5.529478231887815,5426.228260869564
2017Q4,NM,70,78.10310559006211,3.3990564113371398,3.1841239482766848,0.5802893133777616,0.4100177739252143,4.308525466645486,5467.217391304348
2018Q1,NM,71,79.53035993740218,3.4276954500107246,3.2037199010623794,0.590409800097993,0.4177409636776145,3.712023768286532,5646.655555555555
2018Q2,NM,70,78.37346938775511,3.411150731413212,3.182558894637638,0.6022343606969807,0.4251895785385357,4.42628175414069,5486.142857142858
2018Q3,NM,73,77.30285884455033,3.4413427497178164,3.1964659087844733,0.6170771583655323,0.4359318214212795,4.7492714138641565,5643.108695652174
2018Q4,NM,72,77.29362922705315,3.4124416544757454,3.1703103167426114,0.6116463896967342,0.43811554064215724,5.281096561212872,5565.141304347826
2019Q1,NM,72,78.57916666666667,3.38303452718321,3.1365470852898603,0.6121782899607812,0.4416680904882825,6.375324760139729,5657.7
2019Q2,NM,69,80.55454690237299,3.3727752559301862,3.1313604532999086,0.6183135495707808,0.4520960573505048,7.251361460588733,5558.263736263736
2019Q3,NM,70,79.83198757763975,3.4530364624463643,3.205710323310991,0.6401265273730934,0.4667703523315659,7.283164876157867,5588.239130434783
2019Q4,NM,70,79.9611801242236,3.487025788911544,3.2531243810078645,0.6569186911350616,0.4875250995242257,6.873489667854141,5597.282608695652
2020Q1,NM,64,76.7706043956044,3.6089368882964448,3.3665934486213747,0.6940203573153931,0.5140057524736532,7.264500084993236,4913.318681318681
2020Q2,NM,67,73.4915532228965,3.736275670753752,3.4682241261566067,0.7090282049107521,0.5163971005048228,7.328653832441895,4923.934065934065
2020Q3,NM,69,69.57829237555136,3.798835046854872,3.532386870221403,0.7010073061449048,0.5128188316054727,7.72502047612606,4800.902173913044
2020Q4,NM,67,67.69905905256326,3.759639896764175,3.4983113705586195,0.6668639602010079,0.48583344716113464,8.968826902673548,4535.836956521738
2021Q1,NM,69,65.25265700483092,3.81128113439893,3.542919705147093,0.6876124515385508,0.5016074517729919,9.308324360020077,4502.433333333333
2021Q2,NM,67,69.8330326390028,3.5976580188457667,3.3385127720939844,0.6627741138449686,0.48846255742510075,9.7841856809851,4678.813186813187
2021Q3,NM,66,72.07279314888011,3.540369013724048,3.295742848916655,0.6684291381225065,0.49766771169903073,10.89730463955598,4756.804347826087
2021Q4,NM,68,70.46437448218724,3.4815342406886725,3.258203233117623,0.6348493529837144,0.4792745007889879,11.511233179141191,4791.577464788732
2022Q1,NM,68,71.85065359477123,3.430017192524436,3.200042253585188,0.6266840714444905,0.4609942555136608,12.207196714291591,4885.844444444444
2022Q2,NM,68,72.31383322559793,3.528499389914141,3.288181385453586,0.6338546476027873,0.4682482267284648,13.613651964720189,4917.34065934066
2022Q3,NM,67,74.85253082414017,3.5081393655272857,3.2702138316525464,0.6203944376895084,0.45683626251920817,14.548000040997788,5015.119565217392
2022Q4,NM,67,75.40979883192732,3.3595078158278584,3.176470184542173,0.6020056752419185,0.47301026620714,11.801296986043512,5052.45652173913
2023Q1,NM,66,77.24747474747474,3.388210242998802,3.1982925138934286,0.5892397733464094,0.459900555737169,9.436575663239102,5098.333333333333
2023Q2,NM,67,77.86895194357881,3.4061569569915346,3.2236377423030667,0.6027002508598953,0.47815288341439055,7.785263916665448,5217.21978021978
2023Q3,NM,66,78.95816864295125,3.3557233738116197,3.1749408886311774,0.5906328504027667,0.46799453105119787,6.24735758112818,5211.239130434783
2023Q4,NM,66,79.70965085638998,3.358287200127273,3.1717892259662768,0.588183087911702,0.4587448682533155,5.648296878973731,5260.836956521739
2024Q1,NM,66,81.11621711621713,3.370525961443726,3.175323676475418,0.601587860028244,0.4668626227462314,7.143574444666764,5353.670329670331
2024Q2,NM,66,80.36963036963039,3.3935734824943027,3.1981678060907397,0.6123224777294387,0.47838094054278024,7.517476335924241,5304.395604395605
2024Q3,NM,65,81.5546822742475,3.3031629884949054,3.113805703131247,0.5947947803656779,0.46240011728593783,7.217785054897174,5301.054347826087
2024Q4,NM,67,79.92959117456196,3.3635322497493334,3.175093061300707,0.6076502884189929,0.4747725934976842,8.487093848968893,5355.282608695652
2025Q1,NM,68,81.63218954248366,3.4274582106491533,3.2168432451475106,0.6114524138842128,0.46514675062901706,12.362906937709708,5550.988888888889
2025Q2,NM,68,82.04880413703944,3.4744633438247217,3.257273860686444,0.6110809740840387,0.4598451502605777,12.727814858599224,5579.318681318682
2017Q1,NV,52,95.21495726495725,3.9160466421008686,3.625675080676652,0.6902019497044475,0.4866852555845298,0.6434241084661173,4951.177777777777
2017Q2,NV,47,98.04746317512276,3.9580493813029234,3.6873118094951938,0.6756751536309851,0.48008768352851683,1.3201046231933224,4608.2307692307695
2017Q3,NV,52,96.71989966555182,3.962589084260484,3.647234519394521,0.6990405396059719,0.4946007849442845,0.9863575814732533,5029.434782608695
2017Q4,NV,53,96.44155045118951,3.931119959851057,3.6136477270552403,0.6837326395165115,0.4800607975774537,0.8114355491680613,5111.402173913044
2018Q1,NV,54,96.72057613168725,3.789864634877952,3.4687781399049498,0.6739077185562755,0.464889482663989,0.7914137939967434,5222.9111111111115
2018Q2,NV,58,93.76960970064418,3.9213143846632557,3.595058919089299,0.6893432016746277,0.48843664379409835,0.9678087563353959,5438.6373626373625
2018Q3,NV,55,91.33221343873517,3.9851121627382122,3.651191584386583,0.702269393972835,0.4970220344007565,1.168112622508277,5023.271739130434
2018Q4,NV,56,93.39130434782608,3.9774249301675977,3.646835656923384,0.7170037742750731,0.5066385882216015,1.9586209864552766,5229.91304347826
2019Q1,NV,58,92.03409961685823,3.943618473912301,3.5898896585889783,0.704668226419493,0.48416058515709237,2.308072378688888,5337.977777777777
2019Q2,NV,56,92.70781004709576,3.952265604660073,3.605854491267656,0.7065800240877659,0.4939936584405606,2.864066714581078,5191.6373626373625
2019Q3,NV,59,92.12509211495949,3.971995520492746,3.6576195218525958,0.7208226295107539,0.5115114737378889,2.8372676364509806,5435.38043478261
2019Q4,NV,60,95.3141304347826,3.9060614596281558,3.60472162985095,0.7158200002280788,0.5315539007173078,3.2092323116211676,5718.847826086956
2020Q1,NV,51,98.47726783020899,3.9830197819413478,3.65621473722904,0.7556210601860259,0.5578740047217599,3.083275618007375,5022.340659340658
2020Q2,NV,59,82.82268578878747,4.109369202226345,3.754533558216675,0.8149853713386183,0.5972695339292744,2.0851937966997003,4886.538461538461
2020Q3,NV,61,80.55595153243051,4.162846177667669,3.8133088170235356,0.8729415147761458,0.6536135860909572,2.270974173186757,4913.913043478261
2020Q4,NV,62,78.20827489481064,4.196126787715759,3.853258327729209,0.8570659493387134,0.6442824254651424,2.7349855453211585,4848.91304347826
2021Q1,NV,60,79.57222222222224,4.096298424445531,3.769675510251577,0.8135038283413625,0.6014191859247364,3.085153862923069,4774.333333333334
2021Q2,NV,62,78.06221198156682,3.9978772418584687,3.6784660113934886,0.8036045246998934,0.5912847305001737,4.07360725892061,4839.857142857143
2021Q3,NV,63,82.11076604554869,3.850240232478977,3.5502976798329113,0.7795765621519855,0.5763780010674199,4.8374449486748485,5172.978260869567
2021Q4,NV,61,84.34821258269503,3.8544477003551374,3.564990421791081,0.7243777444411399,0.5333558938786935,6.819727062522464,5145.240967544397
2022Q1,NV,61,81.75846994535519,3.90569777700544,3.58866021022426,0.7421679209720756,0.5388198612466414,7.997509788541314,4987.266666666666
2022Q2,NV,61,84.16717708520987,3.820419210123028,3.5025593092643175,0.7021386008921005,0.49786801280789017,8.859094705233888,5134.197802197802
2022Q3,NV,62,83.9179523141655,3.8614786031236688,3.5477224506338416,0.6949701463227123,0.49041855732992384,8.161960910950201,5202.913043478261
2022Q4,NV,62,86.36097475455821,3.82381079692978,3.515399012998296,0.6855615373840598,0.48480252860823014,7.830313839144693,5354.380434782609
2023Q1,NV,61,90.34808743169398,3.762870460534141,3.4603717054662098,0.6639177356953777,0.46890445978012585,5.829911828127218,5511.233333333333
2023Q2,NV,64,86.5571771978022,3.8258175910368593,3.5280844618921705,0.6848730135744453,0.4872659087617956,5.67258687191422,5539.659340659341
2023Q3,NV,65,86.9304347826087,3.835484606920538,3.563389555328137,0.6937059579412286,0.5110251536999562,4.709724283375942,5650.478260869565
2023Q4,NV,64,88.39419157608695,3.77204440260152,3.509991104108826,0.7017025352329167,0.527949122419375,3.533038213313434,5657.228260869565
2024Q1,NV,64,89.29035027472528,3.8358724643143534,3.556873950775633,0.727191261222975,0.5367713214890765,3.385707208232981,5714.582417582418
2024Q2,NV,66,88.71478521478522,3.756931014355666,3.478184118118468,0.7316821221385793,0.5414636435125493,2.778202373863066,5855.175824175824
2024Q3,NV,66,89.1800065876153,3.8158974590997987,3.546641040367423,0.7554037942681546,0.5689684414248544,3.4714491293085223,5885.88043478261
2024Q4,NV,65,90.95585284280935,3.8493187918722747,3.585425984894726,0.7752594702123121,0.5920267100066923,4.054391435879099,5912.130434782608
2025Q1,NV,66,90.43400673400673,3.851798063211821,3.5815364553276567,0.7837471936676483,0.6029698163364844,2.5172862740332502,5968.644444444444
2025Q2,NV,65,90.76382079459003,3.8773965667538386,3.5947714522005407,0.7965046342862677,0.6123726316338467,2.4637012250291015,5899.648351648352
2017Q1,NY,557,170.09549172152404,3.553851192117358,3.3550375664647603,0.5776877575602913,0.3998859513442597,8.245178241886943,94743.1888888889
2017Q2,NY,551,170.849644003909,3.5717456177336744,3.3772434376317624,0.5787899628929752,0.40349547053360435,8.385006400498652,94138.15384615386
2017Q3,NY,566,169.2007988938393,3.559035255618671,3.372035752518778,0.580287302011753,0.41025706919282906,9.213348134750632,95767.65217391304
2017Q4,NY,553,168.1606454909977,3.615287925986819,3.4203962846133193,0.5805335707834439,0.404238016930009,8.113946344805942,92992.83695652173
2018Q1,NY,573,170.82573201473727,3.58675060159603,3.392065080323102,0.5986996285707118,0.42263522388317226,8.842399876500037,97883.14444444445
2018Q2,NY,591,167.90321860880238,3.639649557148541,3.445536912889177,0.6099472901614761,0.4349173948225709,9.07046251290483,99230.8021978022
2018Q3,NY,601,168.77756275772262,3.5923902746331486,3.408921089034145,0.5970039237899415,0.43194446150036286,9.6318707966991,101435.3152173913
2018Q4,NY,604,168.07228980708322,3.625641235915511,3.434409135407569,0.6089747191507501,0.43806770126820227,9.558162523554165,101515.66304347827
2019Q1,NY,603,169.67845955408146,3.610913236212392,3.4192801687580427,0.6136493535828504,0.4424589002492276,9.13413405993415,102316.11111111112
2019Q2,NY,607,168.18060358093308,3.631087214869827,3.440637676279512,0.6237341288158013,0.45537809242661187,9.193729860367172,102085.62637362638
2019Q3,NY,613,168.7601070997943,3.6029723501021027,3.4183547945630086,0.6191805846032449,0.4536949438370479,9.461992412979061,103449.9456521739
2019Q4,NY,604,169.6666606680104,3.6072522594045817,3.421315065903963,0.6216600666713549,0.45570802914753095,9.50538123816685,102478.66304347827
2020Q1,NY,441,170.7649697241534,3.585205046163203,3.3818431091691794,0.6426317352376757,0.4576636841637544,7.914295913913872,75307.35164835164
2020Q2,NY,590,147.5303408455951,3.7449924554066047,3.527451234101562,0.6840979804830357,0.4909684096663714,8.678462221164308,87042.90109890111
2020Q3,NY,600,146.02873188405798,3.714133085780965,3.503636587052429,0.6926052707515122,0.5041087482039593,8.225594444182455,87617.23913043478
2020Q4,NY,603,145.02855288773523,3.688287150349433,3.475892120715859,0.6887244823384298,0.5010119501282936,8.89141370929719,87452.21739130435
2021Q1,NY,601,144.52961730449252,3.6645687791673334,3.452308448096713,0.6910713329539333,0.5047467914414219,9.133837019040737,86862.3
2021Q2,NY,598,149.23455474291595,3.5165312842705236,3.308290617981969,0.6701871569253517,0.48875738913435535,9.761397712702271,89242.26373626373
2021Q3,NY,598,152.4756616257089,3.3841995453115485,3.1912607453853155,0.639385406458121,0.468764293354756,10.605507130925588,91180.44565217392
2021Q4,NY,595,153.0986057007004,3.3897973069923593,3.2122831546482242,0.6278501330290881,0.46376253360606673,11.600083650017492,91093.67039191673
2022Q1,NY,602,153.4688630490956,3.4130274482939926,3.2343576173643043,0.6227774525934814,0.45831377196452217,12.676178713223207,92388.25555555556
2022Q2,NY,599,156.18538223045738,3.4555091654921606,3.2818788715675287,0.6227929470680069,0.4635187371035845,14.276818612786514,93555.04395604397
2022Q3,NY,599,157.12150685925818,3.4295140929558086,3.2596100062688746,0.6080717541252378,0.4541396894112386,15.658610085111837,94115.78260869565
2022Q4,NY,599,159.01745663061627,3.409222742685436,3.2438443940261554,0.6089367365602307,0.460065837176517,15.821348261422314,95251.45652173914
2023Q1,NY,600,160.26966666666667,3.4445562687054525,3.2705586244572515,0.6228586334005118,0.4671218543468751,15.923065815891817,96161.8
2023Q2,NY,601,160.72774313872483,3.4996006239106676,3.3330971276378754,0.6277227886317752,0.4780702328379915,16.264245257967623,96597.37362637362
2023Q3,NY,602,160.87843059367324,3.516809165024241,3.367086994958862,0.6338312874694546,0.49666385113238454,15.787492357421748,96848.8152173913
2023Q4,NY,603,161.18919893287188,3.56224593754599,3.400292014253424,0.6427761656839779,0.49475964904119063,13.578198985872305,97197.08695652174
2024Q1,NY,601,163.43546470168766,3.551679147019802,3.391073423364613,0.640599685694912,0.4940529391620403,12.724078617979634,98224.71428571429
2024Q2,NY,597,163.45951368564434,3.5926034335687054,3.4273854710416862,0.6536264413280459,0.5031752577203495,12.197773003682077,97585.32967032967
2024Q3,NY,598,164.2465828122728,3.553181572100631,3.3976051676646906,0.6397697879305327,0.49708313570210455,12.51192649440838,98219.45652173914
2024Q4,NY,596,164.3020681353954,3.5939824815398715,3.4379594452709625,0.6491765699919779,0.506373403251478,11.849396774781036,97924.03260869565
2025Q1,NY,596,166.22852348993288,3.559171637788737,3.4034698162888617,0.6533381951075412,0.510585869026158,11.096491660553239,99072.2
2025Q2,NY,594,165.62581862581862,3.6152463302288083,3.459442192991686,0.6659581716788763,0.5226336658126263,10.794437879396309,98381.73626373627
2017Q1,OH,893,78.74133383103148,3.5896233590547815,3.3211244380725047,0.5660237853209029,0.35700624213767657,1.079024849910064,70316.01111111112
2017Q2,OH,874,77.65703975658211,3.635700471554917,3.366153871809921,0.5668803934346603,0.3590157381959483,1.4249072146162116,67872.25274725276
2017Q3,OH,915,77.60629603231172,3.6055471492131055,3.3370195707938497,0.5587731585584222,0.35591991027565406,1.4275949732020383,71009.76086956522
2017Q4,OH,905,77.2341460485227,3.61929732999612,3.3460929039120506,0.5703048791582012,0.3627056682085339,1.502455507354222,69896.90217391304
2018Q1,OH,931,76.11050244659268,3.634826132505313,3.34937775224276,0.5844883986151505,0.3698799836733388,1.8101571916634203,70858.87777777779
2018Q2,OH,920,75.69408743430483,3.6327486461097642,3.3477937479061826,0.5812461250074759,0.36893762124022167,1.916356852589389,69638.56043956045
2018Q3,OH,935,75.48403859567541,3.6147436809049305,3.3408750223505215,0.5694367791716084,0.36530615787099513,2.2142815628450543,70577.57608695651
2018Q4,OH,936,76.1317586399108,3.6141026330954698,3.338512810985229,0.5725134528539209,0.3661471755489519,2.309581959763295,71259.32608695651
2019Q1,OH,950,75.75173099415206,3.5613541481228386,3.2797183937124244,0.5785668588354108,0.3673208386336837,2.412290871904754,71964.14444444445
2019Q2,OH,942,75.88489535941764,3.56041667147066,3.284858894036207,0.5732555424630726,0.3691290398700693,2.7197321805473065,71483.57142857142
2019Q3,OH,943,75.50965927428652,3.567150270282812,3.292364138083896,0.574782114440179,0.37140408303205236,2.940483041665356,71205.60869565219
2019Q4,OH,942,75.18317871319118,3.5782843174344943,3.2992821495854225,0.5826129771666021,0.3745428493594294,2.9998673378396385,70822.5543478261
2020Q1,OH,757,75.9875157867232,3.560034090787521,3.2711974740149685,0.5973471426016974,0.3864553757418018,2.6100485577347063,57522.54945054946
2020Q2,OH,933,70.04486296126167,3.6784021070052075,3.3787815441652365,0.6191499051877924,0.3970678805633545,2.959852000312155,65351.857142857145
2020Q3,OH,906,68.50241145983298,3.6146915774649715,3.319669339433708,0.6250814256088597,0.4063995038016131,3.3261157357620488,62063.18478260869
2020Q4,OH,931,65.99090505767523,3.736553618530522,3.426406659432973,0.6453677250469857,0.4155730414049053,4.398836353107413,61437.53260869565
2021Q1,OH,926,63.40961123110151,3.736163097493319,3.4139167483669866,0.6493109602186145,0.4123761594396655,5.105583936897665,58717.299999999996
2021Q2,OH,932,64.51674291373863,3.5312936305716187,3.2255944576860895,0.6111336574439755,0.3909048787289872,6.18888932930783,60129.604395604394
2021Q3,OH,927,66.43845269921674,3.4122058238267097,3.1260009279690912,0.5820836488775334,0.37651094211100083,8.193981827893165,61588.44565217391
2021Q4,OH,928,66.91633760584496,3.4812379390556067,3.198448437130285,0.569300565359939,0.36877127863523124,10.113131756550105,62098.361298224125
2022Q1,OH,940,67.34130023640662,3.4499658263171584,3.156824633136238,0.5664405903802548,0.3629750113830363,11.426020634755101,63300.822222222225
2022Q2,OH,930,67.32887864823348,3.497847873383897,3.2011895926373324,0.5717500675231829,0.36601562852368785,10.71361558966075,62615.857142857145
2022Q3,OH,929,68.44925586184303,3.4124590746229932,3.128879317550568,0.5501706191954115,0.3552878634841316,9.455535837073764,63589.358695652176
2022Q4,OH,936,68.96477842809365,3.437460150757026,3.151621179400525,0.5526929923156519,0.3600987489675762,9.869218942133282,64551.032608695656
2023Q1,OH,929,69.97036239684249,3.482988235318249,3.1840972616081924,0.565964170248582,0.3622981435576291,9.48305342124115,65002.46666666667
2023Q2,OH,902,70.47775395336372,3.543985538349045,3.2559369588873204,0.5606159926913865,0.3674941205247059,8.949916256267109,63570.93406593407
2023Q3,OH,921,70.96683661426616,3.5679477203507903,3.2846267171913883,0.5590809061854645,0.36532536126583653,7.235530199909855,65360.456521739135
2023Q4,OH,924,71.30857095802747,3.5820275927987715,3.2966410400608797,0.5594607392953808,0.36403587449864305,6.185161836099097,65889.11956521739
2024Q1,OH,918,72.52796332208098,3.5703327930209756,3.2732306888396643,0.5701359566953481,0.36859649064895417,6.028610553257367,66580.67032967033
2024Q2,OH,922,72.01101284832303,3.6278476838620106,3.330515484615023,0.5799495553361974,0.3784747614479495,5.892537594328942,66394.15384615384
2024Q3,OH,918,72.38967036089798,3.6311547870355017,3.3379437535964067,0.5754548000226376,0.3769337273309865,5.573981475798825,66453.71739130435
2024Q4,OH,915,72.49994060346874,3.6379037103609755,3.344408484617105,0.581225050773835,0.3807376760289331,5.26543787765713,66337.4456521739
2025Q1,OH,918,73.320019365771,3.6175594813212935,3.3185545817719597,0.5917815672615019,0.3870403288376777,5.63988934083997,67307.77777777778
2025Q2,OH,917,72.69722099056885,3.6847251195732533,3.379357183420384,0.6002165398883846,0.3911833758766575,5.156184631627569,66663.35164835164
2017Q1,OK,233,63.44363376251788,3.617592356659173,3.3586010960506245,0.30890271667519786,0.17043191099305255,0.9881341818626759,14782.366666666665
2017Q2,OK,265,61.55836616213975,3.648474576956241,3.404580587141625,0.29890437729036434,0.1727653050226342,16.797671073093476,16312.967032967033
2017Q3,OK,261,62.45139930034983,3.626418390979359,3.382454288958998,0.29273055242690804,0.16736592105938786,1.2575527613346678,16299.815217391304
2017Q4,OK,266,60.681431840470744,3.659689426772867,3.416933850326869,0.2944387392289272,0.16963600575355087,1.27140309919794,16141.260869565218
2018Q1,OK,263,60.90177439797211,3.6272153002507728,3.3630499984391746,0.30877969817105955,0.1750423885483977,0.8532300051869705,16017.166666666666
2018Q2,OK,266,61.69602577873254,3.644134941817875,3.375099490161469,0.3044683724673801,0.17509805050709312,0.9408864037527279,16411.142857142855
2018Q3,OK,263,63.06765581087784,3.6609389607368357,3.399266539317228,0.3067611477177037,0.18019356677817933,0.8663736023960484,16586.79347826087
2018Q4,OK,265,62.37711238720263,3.6438426267496253,3.386365460817463,0.29997947070992415,0.17228014524374097,0.8953157180423156,16529.934782608696
2019Q1,OK,263,62.12670046472327,3.577721107702686,3.312891980423504,0.31052446075894624,0.1753709422191455,1.27343561939114,16339.322222222221
2019Q2,OK,273,62.2835808879765,3.6018960247810563,3.338616231643154,0.3184258432855451,0.18192397649858366,1.4930598866334683,17003.417582417584
2019Q3,OK,270,62.736876006441214,3.6287295557449255,3.372968908818365,0.3182433212866662,0.18736627814453946,1.3407650871676042,16938.95652173913
2019Q4,OK,270,62.12906602254428,3.6872275262005885,3.436245854624483,0.31406084160680525,0.1826002568545299,1.7906413468825402,16774.847826086956
2020Q1,OK,221,59.33931679180548,3.721554400845334,3.4636877405471718,0.33151787412653044,0.1909859616398226,1.5484279174531865,13113.989010989011
2020Q2,OK,268,58.67611120223061,3.9619944681769934,3.6829806295348755,0.3404840484894056,0.19919966065522335,1.5945854674212696,15725.197802197803
2020Q3,OK,256,56.96862262228261,3.948577018390505,3.6737514990031492,0.3552586483817474,0.209713644748365,1.6148443219389856,14583.967391304348
2020Q4,OK,269,54.28951834491676,4.074330519657893,3.7933032688601975,0.36352713729302144,0.2150393470466828,1.823835989526591,14603.880434782608
2021Q1,OK,278,51.68685051958433,4.040047594928878,3.7563428845388014,0.3674920913544256,0.21837234622507642,2.0132242412938113,14368.944444444445
2021Q2,OK,283,52.645361705432386,3.812574953384629,3.5333947717027003,0.36781019873489423,0.21601223210913897,2.6165481190529167,14898.637362637364
2021Q3,OK,280,54.46688664596274,3.6884554835941548,3.4221313593720044,0.3636103265204014,0.22085507677110214,3.6368448029016323,15250.728260869566
2021Q4,OK,277,55.28794593017214,3.707484000714075,3.4518065294136937,0.3478523467926742,0.2106338653677304,4.228967148535958,15314.761022657683
2022Q1,OK,274,54.77518248175183,3.6774996594499676,3.4071656020776513,0.34457592637012163,0.20829670199503095,5.875876153944878,15008.400000000001
2022Q2,OK,279,54.73366418527709,3.7411883857104717,3.482530711346089,0.3310743987801095,0.19754206326418555,6.121321727128382,15270.692307692309
2022Q3,OK,273,56.226469182990925,3.7313933099369487,3.471588164148581,0.32541200013595967,0.19369189142491344,6.115867424368387,15349.826086956522
2022Q4,OK,276,56.6809625078765,3.723512964801636,3.469764904189216,0.31731626278536706,0.19370671943514753,5.21007440815934,15643.945652173914
2023Q1,OK,276,57.258655394524965,3.734071960655415,3.4787925023113893,0.3293360987973747,0.19722061020667156,5.094753515617191,15803.38888888889
2023Q2,OK,270,57.57549857549858,3.7352217258222993,3.4769663940394304,0.3278358581395842,0.19556727907650762,4.497522842120333,15545.384615384617
2023Q3,OK,276,58.151583175803395,3.703875137564042,3.458802838983195,0.3215193571653511,0.2010056718712434,3.7527269156525147,16049.836956521738
2023Q4,OK,279,58.61165653732274,3.6943941150351893,3.454031815075868,0.3192924562163829,0.198486384338666,3.6678004263634634,16352.652173913044
2024Q1,OK,276,59.21074215639433,3.700901712485131,3.454351562767923,0.3281402856629887,0.20178242488755238,3.0537685222851603,16342.164835164836
2024Q2,OK,276,59.208393056219144,3.7050558881242273,3.450204757248779,0.32763742722305084,0.1980416091153255,3.1080710261349465,16341.516483516483
2024Q3,OK,277,59.94047245330403,3.753339733673405,3.492992144799129,0.3225987890198707,0.19470672454686444,3.383585856593691,16603.510869565216
2024Q4,OK,273,60.055502468545946,3.7729758664080184,3.512861417147434,0.3194380563183444,0.1924114432023252,2.9079143800114227,16395.152173913044
2025Q1,OK,275,60.040242424242436,3.7952292267273933,3.535402147785055,0.32869877173289835,0.20076203435271697,3.193086073468737,16511.06666666667
2025Q2,OK,274,60.04929012593246,3.8562184016365793,3.5913609845659002,0.32576175022657916,0.20195240801753056,2.777414070413676,16453.505494505494
2017Q1,OR,127,57.27340332458442,4.43798140948773,4.123702704560557,0.7356211476624379,0.4848519098428896,1.774665475832652,7273.722222222222
2017Q2,OR,119,57.152553329023924,4.525116665724143,4.245781355781583,0.7232898102293568,0.4787592118338033,8.456891538266671,6801.153846153847
2017Q3,OR,124,53.80241935483871,4.530756087705979,4.207725822691592,0.7320834242999913,0.47653293210248654,2.435590486676474,6671.5
2017Q4,OR,130,54.77516722408026,4.549682527083196,4.213398416451563,0.7625324563318276,0.4965431659672941,2.1985853087030764,7120.771739130434
2018Q1,OR,129,55.07562446167097,4.64645153168144,4.286337273313024,0.7781872392200528,0.49473010252913535,3.008418636993895,7104.7555555555555
2018Q2,OR,129,54.68753726893261,4.646222014184309,4.308438355268179,0.7646347610584181,0.49483808609965785,2.751989061219777,7054.692307692307
2018Q3,OR,118,56.899410464259404,4.637777076250607,4.292730532621014,0.7640648372996601,0.5024547676865793,3.1662216547740263,6714.13043478261
2018Q4,OR,127,55.766004792879144,4.596250318461562,4.248888454041776,0.7626312905750725,0.5014516936016085,3.280279643489665,7082.282608695651
2019Q1,OR,127,56.92528433945756,4.611823421285594,4.254033559976392,0.7567583331284121,0.48429263696945857,3.3160102364820547,7229.51111111111
2019Q2,OR,128,55.745964972527474,4.595199906364879,4.2422352613236125,0.754408088965686,0.4865321431816538,3.416273125537754,7135.483516483517
2019Q3,OR,126,56.49853347135955,4.6307309319607715,4.301899925335646,0.7455319873391244,0.4858028555679912,3.6805977945385053,7118.815217391303
2019Q4,OR,125,56.357217391304346,4.649783323149846,4.317077817277367,0.8008243224894617,0.5219825862356274,3.8336884662563264,7044.652173913043
2020Q1,OR,121,56.32839887385342,4.63698209702176,4.299126794489804,0.7970737240258484,0.5125067394136387,4.017570305205483,6815.736263736264
2020Q2,OR,122,50.63565123401189,4.83721862397871,4.479524776886172,0.8229184551646606,0.5385737258452711,4.053119927338315,6177.549450549451
2020Q3,OR,125,51.860260869565224,4.857333302034061,4.496897113145191,0.8402948559087715,0.55567058969505,4.508584026126484,6482.532608695653
2020Q4,OR,123,51.73427006009191,4.922013118674467,4.544982995259855,0.8665904086774566,0.5801919631037281,5.488101760354205,6363.315217391305
2021Q1,OR,128,49.79661458333334,4.949425475501912,4.566622511361318,0.8187794622919271,0.5217568163554179,6.958490075505501,6373.966666666667
2021Q2,OR,127,50.077874881024485,4.7983308855291575,4.434858211663068,0.7720812440604753,0.48835041036717053,8.03776835285416,6359.89010989011
2021Q3,OR,125,48.85260869565217,4.723171616486146,4.3822464734204924,0.7497090627530905,0.48025672608823344,8.510083599238914,6106.576086956522
2021Q4,OR,122,49.59061442783571,4.688350974039543,4.355678556956919,0.6940754846575826,0.43635901275036926,8.413449763200182,6050.0549601959565
2022Q1,OR,125,48.91297777777778,4.879497393102672,4.521753172527719,0.7023649619914553,0.4342344771939644,12.607208269299203,6114.122222222223
2022Q2,OR,125,48.979868131868145,4.801507450470793,4.442965739680442,0.6730106650680432,0.403934713701615,11.454592778479944,6122.483516483518
2022Q3,OR,126,48.00448585231194,4.748014602816334,4.385948284537476,0.6669635091326007,0.4033953614583409,12.763490341815482,6048.565217391304
2022Q4,OR,125,48.90773913043479,4.828691235849576,4.474029361406304,0.6657346841168554,0.4109879293576726,14.393294723043896,6113.467391304349
2023Q1,OR,125,49.5776888888889,4.762604056663481,4.39638294286498,0.6643587886307281,0.4023725905380377,13.891121860957703,6197.211111111113
2023Q2,OR,119,50.13953273617139,4.720841588990738,4.352889949738564,0.667859459519192,0.4042160302489497,12.404017743421027,5966.604395604395
2023Q3,OR,126,51.22886473429952,4.6000499962111325,4.253901725197653,0.6473514132475645,0.402299674157398,12.82015815483413,6454.83695652174
2023Q4,OR,126,52.04770531400967,4.8864483530763065,4.536134680949452,0.6308193928103201,0.390921060700736,15.058515401810823,6558.010869565218
2024Q1,OR,127,52.47321969369214,4.8809558846566725,4.512835795545426,0.6401541967538046,0.39391088545643127,12.406630896246911,6664.0989010989015
2024Q2,OR,121,52.70538552356733,5.012180604784445,4.645255617837161,0.6268563029539631,0.3796487225569883,11.285258396429208,6377.351648351647
2024Q3,OR,127,52.53115371448135,5.03960617425958,4.708612763003972,0.6276695819633937,0.39679676884325504,9.897140975251082,6671.456521739131
2024Q4,OR,126,53.41839199447895,5.037516512549537,4.732932612648694,0.6392223033270568,0.41957579300610764,9.994073786645803,6730.717391304348
2025Q1,OR,127,54.750393700787406,5.007339808276486,4.693922613882777,0.649700142378439,0.4209884675062361,9.362431331417566,6953.3
2025Q2,OR,126,55.559392987964415,5.019314176100866,4.708445272226095,0.642661370329208,0.41539708403187225,8.925499598598789,7000.483516483517
2017Q1,PA,647,111.98737764039154,3.698668804367412,3.4371930486388256,0.7027190035308867,0.4744469711433401,2.7596232696088494,72455.83333333333
2017Q2,PA,624,110.29281135531136,3.732857812564118,3.4689102339232174,0.6918444731462443,0.4633320442538537,2.1345545484332056,68822.71428571429
2017Q3,PA,670,110.65011356262166,3.7078856261142006,3.4423440427078886,0.681104976150481,0.4562112671657816,2.8319396302987605,74135.57608695651
2017Q4,PA,654,110.79173314718787,3.6961823427341582,3.442094517692984,0.685916027276449,0.4659459217412476,2.8801524492047963,72457.79347826086
2018Q1,PA,662,110.82403491104397,3.686819909021738,3.429473270516452,0.700362095662267,0.47389745348101797,3.42411990030551,73365.5111111111
2018Q2,PA,645,110.5166538887469,3.7386829557060324,3.480833941365317,0.703931167644939,0.4785183947339009,3.9165050747723784,71283.24175824175
2018Q3,PA,679,109.2152141896651,3.680256892825692,3.4385821674775183,0.6815245580184028,0.46792209726233486,4.628725046381627,74157.13043478261
2018Q4,PA,682,108.94326150707639,3.6982438319394415,3.448399127734826,0.6888903445172405,0.46838224683477636,5.258863910479705,74299.3043478261
2019Q1,PA,685,110.35482562854827,3.6841680121998275,3.428404558031859,0.7003216286034505,0.47531433442960297,5.84298139294603,75593.05555555556
2019Q2,PA,683,109.32643637475263,3.677219644660474,3.4287831800777226,0.687276030520241,0.4696208722751519,5.898154749090884,74669.95604395604
2019Q3,PA,685,109.5186766105998,3.660137890225935,3.4193378009167663,0.6808538617159675,0.47086848529535563,6.204574122389447,75020.29347826086
2019Q4,PA,687,109.41498955762292,3.6834699098325276,3.436224010966725,0.6875413106710827,0.4727720044855986,6.0351834814752765,75168.09782608695
2020Q1,PA,520,103.48848267117498,3.7583024172592827,3.48269021405635,0.740384611222005,0.5026824400279759,6.043173190712587,53814.01098901099
2020Q2,PA,679,98.2848403437505,3.7989353214152923,3.527178096474811,0.7500671818277923,0.5140515899924287,6.5747430878687325,66735.40659340659
2020Q3,PA,674,95.81679783253773,3.7249312250564177,3.4568388907141205,0.754291612358552,0.5216480941891215,6.789678706150314,64580.52173913043
2020Q4,PA,675,92.47062801932367,3.785796879228396,3.5119009056451054,0.7671691964337024,0.5281495956586989,8.47297240631025,62417.67391304347
2021Q1,PA,681,89.62122695382607,3.8295259795171392,3.5447655649080585,0.7835476329833958,0.535490803102559,8.48039203584679,61032.055555555555
2021Q2,PA,679,91.86071954555018,3.643326969676789,3.369933882806535,0.744204740254638,0.5067220896754077,9.037303216013157,62373.42857142857
2021Q3,PA,674,94.16736550122565,3.500509920142213,3.2438188668517403,0.7112902213172169,0.48852863012126807,11.365529612862238,63468.80434782609
2021Q4,PA,676,94.23835817839893,3.5468370906357864,3.295195317841644,0.6950452570981379,0.4774493496983147,13.491300256966749,63705.13012859767
2022Q1,PA,677,94.72540620384048,3.5513666962424235,3.288789561473133,0.6926296139783309,0.46813824162682954,14.34173258014516,64129.100000000006
2022Q2,PA,669,95.43744148228453,3.543266937297165,3.290644165644316,0.6706532101830318,0.4529983256846311,14.943893012656545,63847.64835164835
2022Q3,PA,669,95.64993176057712,3.510489833468715,3.260800164836042,0.6617914742532013,0.4459838116194461,16.774083730491522,63989.80434782609
2022Q4,PA,666,97.41490403446925,3.497221980409482,3.2527227237742355,0.6531593521384343,0.44370610805578203,17.94258340680132,64878.32608695652
2023Q1,PA,670,98.22527363184079,3.542192892974217,3.2930003153815712,0.6731990260314733,0.4633989033230547,18.001849018563387,65810.93333333333
2023Q2,PA,668,97.93464170559979,3.5769899908470184,3.3310081399222042,0.6614335310236373,0.4542760266617349,18.319068666903917,65420.340659340654
2023Q3,PA,663,98.90755131484032,3.614276076522904,3.373974311138885,0.6590442725923323,0.45638864969380727,18.614325702720112,65575.70652173914
2023Q4,PA,664,99.64855618124672,3.6609869202118306,3.4083794244144108,0.6732352142507119,0.460545186387926,17.678057021148476,66166.64130434782
2024Q1,PA,665,100.84711228621002,3.6305551977030732,3.3778645557758016,0.6791905535246904,0.4643157615657039,16.14766575221395,67063.32967032967
2024Q2,PA,663,99.88894966270531,3.6294933959446456,3.378723207115123,0.6720899196893771,0.46220017920552214,14.356216364758259,66226.37362637362
2024Q3,PA,665,100.97247466492318,3.7058307459851045,3.4510915652555667,0.6675888450595516,0.4544741024518672,15.216761238852072,67146.69565217392
2024Q4,PA,656,101.94064819724285,3.730964037643023,3.4740654991725077,0.6709776568911705,0.4549220895785363,14.14356878770618,66873.06521739131
2025Q1,PA,658,102.98166160081055,3.6991439343033305,3.4392843408967413,0.6741614187185399,0.4547177405734521,13.532848074239181,67761.93333333335
2025Q2,PA,652,102.51663520528551,3.7450406155872646,3.481346363684639,0.6702957722929503,0.44840391074944796,13.395292957197908,66840.84615384616
2017Q3,PR,1,16.26086956521739,5.366744652406418,4.495086898395722,3.89461898395722,3.022961229946525,2.491078823961687,16.26086956521739
2018Q1,PR,2,25.933333333333334,3.5474721508140528,2.905505569837189,2.278513281919451,1.915895458440446,3.0586487596318754,51.86666666666667
2018Q2,PR,3,27.893772893772894,3.926592252133946,3.4511490479317137,2.152462245567958,1.6770190413657255,1.5685094144008562,83.68131868131869
2018Q3,PR,4,24.046195652173914,4.323477229065431,3.6142840998982937,2.5813142727991862,2.0189625946434626,0.10977966958933257,96.18478260869566
2018Q4,PR,3,22.699275362318843,4.1555067837190744,3.3278930566640064,2.5439345570630487,1.926536312849162,0.5848065529062677,68.09782608695653
2019Q1,PR,3,23.374074074074073,4.3151243859927115,3.5511804785295515,2.727024243384567,2.1888369513547774,0.7417539543380672,70.12222222222222
2019Q2,PR,3,21.168498168498168,4.803149333794774,3.927954663436581,2.9872209724865897,2.4016092749610656,1.1132166557386498,63.505494505494504
2019Q3,PR,3,22.08695652173913,4.593266076115485,3.86386154855643,2.9594898293963254,2.410859580052493,1.8704989723416148,66.26086956521739
2019Q4,PR,3,21.297101449275363,4.672820687308608,4.073545423613473,2.943916298060565,2.3446410343654303,2.337363890422051,63.891304347826086
2020Q1,PR,4,16.868131868131865,5.774115635179152,5.126355048859934,3.4903615635179146,2.842600977198697,2.0661116230554932,67.47252747252746
2020Q2,PR,4,8.211538461538463,8.770003345600536,7.92858481097357,5.733355637336902,4.9031448645031785,0.12970396215085792,32.846153846153854
2020Q3,PR,4,16.839673913043477,5.56153299983863,5.00876230434081,3.4390543811521703,2.9330401807326125,0.7747030160029853,67.3586956521739
2020Q4,PR,4,14.605978260869565,6.242870697674419,5.514498604651163,4.054669767441861,3.3262976744186052,0.0,58.42391304347826
2021Q1,PR,4,13.49722222222222,6.365422926528092,5.573644782877135,4.022444947520065,3.2306668038691093,0.32654813723686604,53.98888888888888
2021Q2,PR,3,18.875457875457876,4.49744808849214,3.827789637104599,2.764185911119736,2.094527459732195,0.0,56.62637362637363
2021Q3,PR,5,26.72826086956522,3.2325140300935336,2.8471077673851153,2.1252118747458315,1.739805612037414,3.0817919592912206,133.6413043478261
2021Q4,PR,5,26.008695652173913,3.006293045804079,2.6120996322300236,2.099378134403209,1.705184720829154,4.21007532121547,130.04347826086956
2022Q1,PR,4,18.730555555555554,3.5165401156755154,2.9696411092985313,2.6614177665727423,2.1145187601957582,0.0,74.92222222222222
2022Q2,PR,5,21.964835164835165,3.717154292575546,3.139252551530918,2.7494106463878327,2.171508905343206,0.21265576361723681,109.82417582417582
2022Q3,PR,5,23.16521739130435,3.843240427927928,3.3033924549549547,2.4275384759759757,1.932735548048048,0.058602949632962406,115.82608695652175
2022Q4,PR,5,26.319565217391307,3.0273032130172624,2.5951804741058893,2.033282398612373,1.6011596597009992,1.6042973341380287,131.59782608695653
2023Q1,PR,5,24.57111111111111,4.173177172831691,3.546513520846523,2.907969612010491,2.3888396490910733,0.7455114360153973,122.85555555555555
2023Q2,PR,6,23.212454212454208,4.257211614328547,3.7044666245857663,2.949511598548209,2.4787849139971594,1.4122644604204542,139.27472527472526
2023Q3,PR,6,23.36413043478261,4.02442273396914,3.4403706288284095,2.717505621462356,2.190831201054509,0.7032351514306114,140.18478260869566
2023Q4,PR,5,22.473913043478262,4.81567614625653,4.137329270651963,3.57499516347456,2.942812923195976,1.055550266087048,112.36956521739131
2024Q1,PR,5,20.49230769230769,5.216361003861004,4.3360628485628485,4.088038395538395,3.2556006006006006,1.275768519460867,102.46153846153845
2024Q2,PR,6,21.571428571428573,4.791597894379351,4.122489386992698,3.5573408048904738,2.9023900492443544,1.6755428858178478,129.42857142857144
2024Q3,PR,6,25.11594202898551,4.171445470282746,3.5525259665320257,2.9612283612233123,2.3779082515868435,1.9348841455696861,150.69565217391306
2024Q4,PR,6,20.244565217391305,4.885052348993288,4.214817002237136,3.4683982102908275,2.8416107382550337,2.424416280793384,121.46739130434783
2025Q1,PR,6,23.655555555555555,4.193971348050727,3.5302090183184593,3.0476029434789416,2.4218161891341787,2.943603579287559,141.93333333333334
2025Q2,PR,7,34.37519623233909,3.109922363794127,2.6562063296341965,2.388199296707312,1.9546239210850802,2.7614626397820667,240.62637362637366
2017Q1,RI,76,96.06184210526317,3.6700642860730244,3.4747941065012027,0.847919179743799,0.6701848681176692,0.6814011632645729,7300.700000000001
2017Q2,RI,77,91.44541173112601,3.6791734789109145,3.482415014716945,0.8516205494117903,0.6732544580013047,7.17172471536143,7041.2967032967035
2017Q3,RI,82,93.9567868504772,3.674908043058083,3.488341572494745,0.8322810344097853,0.662457188809413,1.2432722724738203,7704.45652173913
2017Q4,RI,79,94.69014859658778,3.595181180689559,3.4036962662450887,0.8168644363332016,0.6425239317183176,1.1772733802759718,7480.521739130434
2018Q1,RI,76,96.77076023391812,3.6315754813328653,3.4356043703694747,0.8356466267419235,0.6572324568824859,1.3832806291252393,7354.577777777778
2018Q2,RI,77,94.84158698444413,3.6124215001015716,3.4246024482548476,0.8047137708692286,0.6322401757567093,2.1098711414229223,7302.802197802198
2018Q3,RI,83,93.59664745940282,3.5646402146902774,3.3873148044505137,0.7837563942555241,0.6202123816293178,2.410564865139011,7768.521739130434
2018Q4,RI,78,95.61440914158304,3.5500177371893633,3.3690862213956856,0.7954211088585381,0.6285470224986845,2.5543678974106134,7457.923913043477
2019Q1,RI,80,96.90375000000002,3.5671160100156656,3.3792784220310246,0.7907855446483985,0.6222274393119175,2.795482136040394,7752.300000000001
2019Q2,RI,78,96.88884192730345,3.5830111804710363,3.395983609537062,0.7849110753405831,0.6170337362607003,2.860573263795507,7557.329670329669
2019Q3,RI,80,95.8366847826087,3.595476155370748,3.4173065166908154,0.7751616342339634,0.6138880398322554,2.9326975460927303,7666.934782608696
2019Q4,RI,79,96.87630709961473,3.5934320555264403,3.41998557017002,0.7648882469318858,0.6096514258688789,2.1975576674435335,7653.228260869564
2020Q1,RI,68,95.31755009696185,3.603729512991142,3.4276438435129064,0.77634459373543,0.6163510024159709,1.8376051793284827,6481.593406593406
2020Q2,RI,78,81.13581290504368,3.7174605575254125,3.5089867546909024,0.8636692006626128,0.6735678639768571,2.6298778495218276,6328.593406593407
2020Q3,RI,76,79.88729977116705,3.7294864583258747,3.5124486547839853,0.8555717615634153,0.6599998746804351,2.9568857032502867,6071.434782608696
2020Q4,RI,77,79.47430830039525,3.7844051467505984,3.5537922116675786,0.8693704573389508,0.6675976383491179,3.1293769258849378,6119.521739130434
2021Q1,RI,76,78.3891812865497,3.773932657194758,3.5386702276465822,0.8679276439716366,0.6635738238135559,4.0396720407416264,5957.577777777778
2021Q2,RI,78,80.55959425190196,3.669871461249502,3.4418360055402832,0.8156696081929027,0.6214114254335341,4.469135499603918,6283.648351648352
2021Q3,RI,73,85.87269207861821,3.443153448547912,3.228188534837469,0.7594439945831694,0.5754316905401399,5.427545383735999,6268.70652173913
2021Q4,RI,76,86.1596109839817,3.5264193563380193,3.3128447050933887,0.7417854913782228,0.5626401827272305,8.353964436758307,6548.130434782609
2022Q1,RI,76,85.6516081871345,3.5910979983169953,3.372387442669457,0.7529520855771972,0.5647154339710886,9.05878353029339,6509.522222222222
2022Q2,RI,72,86.16285103785104,3.5908272059149144,3.369118590566816,0.7663265425417908,0.5699029119334538,9.325568948115642,6203.725274725275
2022Q3,RI,75,90.25173913043479,3.5931736511561057,3.3679141435308972,0.7565141464213625,0.554762668670723,11.330184260009972,6768.880434782609
2022Q4,RI,74,91.66084018801409,3.645510835268346,3.448599387526501,0.7362419254295086,0.5606760604909723,12.542896938564505,6782.902173913043
2023Q1,RI,75,91.74266666666666,3.641383208749756,3.422173276943722,0.7380706258891618,0.545324054561632,12.328302834584036,6880.7
2023Q2,RI,75,91.61113553113555,3.6807761105228973,3.4660011739379373,0.7427383621806458,0.5535100264535879,11.495034215270566,6870.835164835166
2023Q3,RI,73,91.6721262656343,3.5578020205629635,3.3661439082625435,0.708620381048289,0.5396425845014374,9.911997403872808,6692.065217391304
2023Q4,RI,73,94.14621798689697,3.6284893386853416,3.435060890166791,0.7084933874860426,0.5384046934456875,8.659899981562981,6872.673913043479
2024Q1,RI,73,95.08068643685081,3.620847565232948,3.4147992071194597,0.722168040644627,0.5426224270567318,6.137760112429393,6940.89010989011
2024Q2,RI,73,94.9274424205931,3.632438412123,3.430744002169352,0.722354999896924,0.5491839398163346,5.462550386213979,6929.7032967032965
2024Q3,RI,73,94.68120905300773,3.6469321050073993,3.4476136025879134,0.7173890158347735,0.5459651600383092,5.986567857386095,6911.728260869565
2024Q4,RI,72,94.09963768115942,3.704082856849495,3.495403599458381,0.718321493431903,0.5408736018327783,5.063221828629591,6775.173913043478
2025Q1,RI,71,95.985289514867,3.6919236124471344,3.4790370361916443,0.706955682436993,0.5298913500699441,4.8211772889540985,6814.955555555557
2025Q2,RI,71,95.47825414022599,3.71504132861068,3.494949885310876,0.7136404354134076,0.5283863929257478,4.9132138906035046,6778.956043956045
2017Q1,SC,172,94.16963824289407,3.7869746787163194,3.552477043325792,0.5536255630267549,0.35568564070832637,1.9206252021043246,16197.177777777779
2017Q2,SC,172,93.00364170713009,3.779759860080388,3.502669038045797,0.5515975071666896,0.3421117845589695,2.1379441318858423,15996.626373626374
2017Q3,SC,172,93.69268200202224,3.8651724579840865,3.5946733594452427,0.5519414768584501,0.35077239674003585,3.0537730238029033,16115.141304347824
2017Q4,SC,168,94.03810817805382,3.8720882546597655,3.61506089292189,0.5486070069001199,0.3488356279838426,2.1559462120272257,15798.402173913042
2018Q1,SC,178,92.7987515605493,3.8091551260698657,3.532644467105599,0.5722449342004364,0.35650221708609237,2.5053348176190307,16518.177777777775
2018Q2,SC,184,90.05607978977544,3.8775775963774763,3.5954913160629456,0.5788914111621534,0.358257118016525,2.679084552312405,16570.31868131868
2018Q3,SC,183,90.748039914469,3.8569704889405525,3.581014783019621,0.5751521042207465,0.3581946860719162,2.6059576511252738,16606.891304347828
2018Q4,SC,182,90.98214285714286,3.8460687932624613,3.572545934928663,0.5731535540450504,0.3609952179492651,3.2374825243180743,16558.75
2019Q1,SC,184,91.28182367149759,3.8217542952064236,3.5411046574320255,0.5749036038652392,0.359323860978932,3.041888394376898,16795.855555555558
2019Q2,SC,187,90.03755068460951,3.809836551973052,3.544409259030825,0.5643663460101334,0.35784220278572404,3.863965530471958,16837.021978021978
2019Q3,SC,175,91.24776397515528,3.8405684202931205,3.576970081458646,0.5696123447932698,0.3645816965479967,3.4574080037995247,15968.358695652174
2019Q4,SC,182,90.8615623506928,3.827341220439783,3.5685028848694547,0.5644094463863871,0.3624849643680171,3.415140078806761,16536.804347826088
2020Q1,SC,154,89.17404024546882,3.8395067477004208,3.557686360962963,0.5842388681947851,0.36698319976634114,3.5047620271894306,13732.802197802197
2020Q2,SC,184,84.13097228858099,3.922116805057753,3.633513351776013,0.6024098789725766,0.3774088744925246,3.721466193890842,15480.098901098901
2020Q3,SC,186,78.3930575035063,3.9294635628888486,3.635886294207365,0.6253411949052601,0.39727789531123503,5.647197201872987,14581.108695652172
2020Q4,SC,186,77.2619798971482,3.9959731700989405,3.7010322916375142,0.6185888358506535,0.38911073763318704,6.151067702792378,14370.728260869564
2021Q1,SC,185,77.23537537537537,3.9268777396655743,3.6172050259376394,0.6097659041547658,0.36872347622687635,6.7294614368845815,14288.544444444444
2021Q2,SC,189,78.08924937496367,3.758806349991102,3.4554721281375245,0.5834931875564477,0.3489010071798888,8.147397115869214,14758.868131868134
2021Q3,SC,187,79.77755173215532,3.5435185898944477,3.263086456542948,0.539742155333397,0.32447954925817474,9.1395252830228,14918.402173913044
2021Q4,SC,186,80.71761353534956,3.649033664747951,3.368319961732313,0.5367271911563865,0.3197961773445242,8.683824420253762,15013.476117575017
2022Q1,SC,187,81.20968508615567,3.627671528045544,3.3461823628013425,0.5226922156722583,0.310258933725697,9.67559367488703,15186.21111111111
2022Q2,SC,187,80.82981724158195,3.6817672508744215,3.393217841613225,0.5235929467582612,0.30755171463655256,11.031088043920215,15115.175824175825
2022Q3,SC,184,83.76937618147448,3.6931993204743425,3.400310722909239,0.5260647664959154,0.30947428436837116,10.726016933181683,15413.565217391304
2022Q4,SC,184,84.34156427221171,3.6330402581993564,3.3566322648336455,0.5131516514981083,0.30255413123172803,9.642290611415415,15518.847826086956
2023Q1,SC,187,84.70956625074272,3.6630892806289292,3.371092096163046,0.5354728820716271,0.3151945692597544,8.756130233961844,15840.68888888889
2023Q2,SC,182,85.05192609588214,3.6506478493287804,3.388510332734643,0.5333986426527904,0.3335080184292539,7.947049043179752,15479.45054945055
2023Q3,SC,183,85.82507721549061,3.662497911693891,3.4167193835638714,0.5263687626777656,0.33437812770121617,6.664828125292356,15705.989130434782
2023Q4,SC,185,86.89911868390129,3.630025226112102,3.389674305267734,0.5181408605545688,0.33250247629685276,5.721057317835557,16076.33695652174
2024Q1,SC,185,87.96578556578557,3.6107338017859365,3.365078046922691,0.5294135068849838,0.3443839911297424,6.274937898554943,16273.67032967033
2024Q2,SC,184,88.63001672240803,3.656336480413687,3.420287650915992,0.527900103839501,0.3488999549197754,6.234640707811737,16307.923076923078
2024Q3,SC,184,89.28715737240076,3.650703223983809,3.4153331595491223,0.5305654625052847,0.3515092232441234,6.143373346009683,16428.83695652174
2024Q4,SC,183,90.12788073176527,3.6314851129535994,3.4002136625119537,0.5256957426322647,0.3508924517247674,5.988375135162163,16493.402173913044
2025Q1,SC,185,90.01849849849849,3.6133739878623543,3.3801613015142697,0.5405066492839643,0.3601972033776174,7.006463203652551,16653.42222222222
2025Q2,SC,183,91.44580556055965,3.633503910767135,3.3831698850902288,0.5265784678303204,0.3360136113476928,7.240356635879144,16734.582417582416
2017Q1,SD,91,53.997924297924285,3.5272732864058898,3.29054727830627,0.7550889895374263,0.5332228661618159,5.751828603245753,4913.81111111111
2017Q2,SD,100,54.462747252747256,3.525925635226014,3.2805120749942995,0.7426951580977822,0.5168751702444054,10.680604398933822,5446.274725274726
2017Q3,SD,99,55.06203337725077,3.5968370205680897,3.3499605786582385,0.7406291662097088,0.5163385011116539,5.550331398701682,5451.141304347826
2017Q4,SD,92,54.67060491493384,3.632039668749946,3.3797170500419256,0.7730549432500885,0.5353657192500194,6.483326577856291,5029.695652173913
2018Q1,SD,99,54.66722783389451,3.622491166839464,3.3546605007339587,0.7727636654793312,0.5179069977519324,5.813378907512446,5412.055555555557
2018Q2,SD,98,53.75061673020857,3.6429527608334658,3.3746306858482775,0.7592985889166117,0.5032800804426012,5.61217822417432,5267.56043956044
2018Q3,SD,103,53.07313212325875,3.6001116079861446,3.3441216016034327,0.7392718140622485,0.4993400553963744,6.155763295829214,5466.532608695651
2018Q4,SD,103,53.61597720557197,3.6194074773897045,3.3486846171257616,0.7643352917441666,0.5090460275752118,6.7428983110752645,5522.445652173913
2019Q1,SD,102,54.37352941176472,3.6023390210137656,3.3043578170045422,0.7685005679666793,0.5097274160621378,6.646525190824343,5546.100000000001
2019Q2,SD,100,54.15582417582418,3.715366260972611,3.3923385509457855,0.7745712413101796,0.5042383800916362,7.158205630622362,5415.582417582418
2019Q3,SD,99,53.966622749231455,3.671018436386127,3.394092035448642,0.7745582347292524,0.520302648068879,7.167772749444437,5342.695652173914
2019Q4,SD,101,53.98396470081792,3.61465911378955,3.351147903089795,0.7857793664115593,0.5385259529643016,7.335835715393752,5452.38043478261
2020Q1,SD,80,54.61923076923076,3.688545726156106,3.412148716891165,0.8186825877453298,0.5560971812850202,6.599113095083631,4369.538461538461
2020Q2,SD,98,51.83067952455707,3.748740616062273,3.4710095061723054,0.8299077291195217,0.5713712988884225,5.9844818690918204,5079.406593406593
2020Q3,SD,97,51.083706857911245,3.618726591513828,3.351962397257119,0.8412019189639175,0.5839142871557963,5.274180146215807,4955.119565217391
2020Q4,SD,98,46.77750665483585,3.700895207067761,3.415640598843854,0.8917290738975592,0.617375173682738,6.604407152505121,4584.195652173913
2021Q1,SD,100,45.161666666666676,3.7521566471073062,3.4764438867771346,0.8927244098362672,0.6314720694787861,4.426396958386844,4516.166666666668
2021Q2,SD,97,46.66126656848307,3.6797183638884228,3.4137737782212736,0.862798734579816,0.6138446242707203,4.533656507706737,4526.142857142858
2021Q3,SD,100,47.23108695652174,3.5677603181397664,3.3161157905395773,0.8353498064557703,0.5968257595632942,5.235928870919198,4723.108695652174
2021Q4,SD,97,46.973608121160844,3.5437528124348554,3.2819148278514314,0.8316256172980018,0.5813728995095162,5.522531120051671,4556.439987752602
2022Q1,SD,101,46.02607260726074,3.5707485115099544,3.2926222521792545,0.8418221364941189,0.5768978218209893,6.5365931306652785,4648.633333333334
2022Q2,SD,100,46.321098901098914,3.5574158169680357,3.2817180123457375,0.8237217511778745,0.5627675423821296,7.1405159792071515,4632.109890109891
2022Q3,SD,96,48.84578804347826,3.573926695502612,3.3103837916023426,0.7993103016647891,0.5508726350583905,8.57667654754231,4689.195652173913
2022Q4,SD,94,49.276017576318225,3.592473089766485,3.317086044694337,0.8031508498400755,0.5506532375586369,9.150313579417041,4631.945652173913
2023Q1,SD,94,50.87411347517731,3.6099769281706346,3.3160874545475667,0.7985665260981193,0.5306931771976905,8.988389654371973,4782.166666666667
2023Q2,SD,92,51.02615862398471,3.6721303351428283,3.3788301719839606,0.7907741502044754,0.5255449670053911,8.723539245715928,4694.406593406594
2023Q3,SD,92,51.40843572778828,3.6455440210883863,3.352015692186771,0.7821818988281419,0.5206787077617491,8.872260685617341,4729.576086956522
2023Q4,SD,93,51.45815801776532,3.6088868346219196,3.316749925047016,0.7804819931134107,0.5255493372339168,9.679705082161359,4785.608695652175
2024Q1,SD,94,50.69862052840776,3.7191608712495037,3.426028740349938,0.7976362768518435,0.5337847148562521,9.397220172391306,4765.670329670329
2024Q2,SD,94,50.97393032499416,3.7931052608644804,3.4991208193912815,0.7991159802858054,0.5329704539356148,9.151348898067988,4791.549450549451
2024Q3,SD,94,51.28087419056429,3.7531374569594367,3.4594997936758842,0.788186287000228,0.5247081359348962,9.278626136871084,4820.402173913043
2024Q4,SD,94,51.037465309898224,3.766551435070643,3.4640050343021302,0.7963166444631737,0.5240625141603908,9.490685899225117,4797.521739130433
2025Q1,SD,91,50.89987789987791,3.771865881449853,3.465553913690119,0.8041920502794636,0.5281720440425073,8.684065374037063,4631.88888888889
2025Q2,SD,93,51.36027413446768,3.8021637962370765,3.5006092780137212,0.779168204259862,0.5089131555093384,8.293621906050243,4776.505494505494
2017Q1,TN,292,88.29874429223744,3.665250768048659,3.3829270313912017,0.512839058630264,0.3045431333282482,2.143600600585425,25783.233333333334
2017Q2,TN,289,87.69169930415605,3.6826497612526903,3.4014595890042685,0.5136270338617052,0.31222566173677613,2.9783662906873563,25342.901098901097
2017Q3,TN,299,87.63872328050023,3.7092121881592823,3.4408793802467765,0.5122599290018194,0.31876904685066904,3.270070408957556,26203.978260869568
2017Q4,TN,297,87.80709266578832,3.7216190120125487,3.4590090741196904,0.5043854035505395,0.319162810238738,0.8543840240704731,26078.706521739132
2018Q1,TN,307,87.20611653999275,3.714507975704553,3.4372652972290987,0.5216840554387726,0.3250559554763323,1.339420541803931,26772.277777777774
2018Q2,TN,305,87.04049720771033,3.7675856948955815,3.4886989824112753,0.5325859039352863,0.3446617923850768,1.4267650870969353,26547.35164835165
2018Q3,TN,311,85.93135747238921,3.7504423940117166,3.4697433203669625,0.5344947060766237,0.3466015379058905,1.2366102772180136,26724.652173913044
2018Q4,TN,307,86.16194590001416,3.7145378577375188,3.4365172516948435,0.5266875537792812,0.3367948698983135,1.1158731855051278,26451.717391304348
2019Q1,TN,311,86.84076455877099,3.6940580324872982,3.394107018920274,0.5332737599833461,0.3358069802067164,1.3727800773585874,27007.477777777778
2019Q2,TN,311,86.45574361329987,3.704997167710758,3.407991445096911,0.5333189688995841,0.3376475119994245,1.3906616828468816,26887.73626373626
2019Q3,TN,308,85.7591756070017,3.709417926711637,3.418587239390438,0.5397341601401111,0.3476515428349448,1.321526545616605,26413.82608695652
2019Q4,TN,312,85.8820721850613,3.7060197455823336,3.4185005510800726,0.5290211057380072,0.3413868476637815,1.6514211928552287,26795.20652173913
2020Q1,TN,274,86.47946578968478,3.7521597808075855,3.453309720124344,0.5528367850357028,0.3561789592163166,1.7289514164784592,23695.37362637363
2020Q2,TN,310,79.18465083303794,3.882629162247812,3.5703996509981426,0.5662694091993058,0.36142927362757354,1.5843551460363636,24547.24175824176
2020Q3,TN,309,77.88557056423244,3.8118749342292757,3.500496063692708,0.5736753335733071,0.371650512097071,2.006529163778225,24066.641304347824
2020Q4,TN,308,74.52996188594014,3.9053392354966974,3.576049095569305,0.5875974972074658,0.3727497003855804,2.7348210292144777,22955.228260869564
2021Q1,TN,309,72.34721323265013,3.8942571432263606,3.5588619695264754,0.5915785874185377,0.37443820403424294,3.2303701690450057,22355.288888888892
2021Q2,TN,308,74.91854573997432,3.68911392754702,3.3628603540213264,0.5547443562939055,0.345695724913171,4.169476475495567,23074.91208791209
2021Q3,TN,305,76.43706343549538,3.6229993323461507,3.3161139049171404,0.5487525130267099,0.34712589004971967,5.993583004596582,23313.304347826088
2021Q4,TN,307,76.83389965910746,3.6614255996903693,3.3598151590714584,0.5258274103657053,0.32706882958711114,8.729733614326257,23588.007195345992
2022Q1,TN,311,76.39799928545908,3.5906242576155782,3.2837238096128845,0.529583156408122,0.32754505279697715,10.641433655281537,23759.777777777774
2022Q2,TN,308,76.84123019837305,3.3810745895679353,3.1064782936946824,0.4823203074142896,0.3009812806390473,11.590210674522824,23667.0989010989
2022Q3,TN,309,77.1806317714929,3.6622609864403985,3.3708319709620067,0.5151705740554973,0.3235149043499107,11.948893170259769,23848.815217391304
2022Q4,TN,307,78.18117122220649,3.6411680869361622,3.3570803328942023,0.5089398405632953,0.32253829791377303,11.490537945484418,24001.619565217392
2023Q1,TN,303,80.2869820315365,3.600034182475224,3.3054105916345202,0.523236067352813,0.3286304583941179,9.524074171125854,24326.955555555556
2023Q2,TN,302,80.51888508842151,3.6321679621478475,3.336215390316429,0.5257942986777053,0.33063379307851515,8.000606011900778,24316.703296703297
2023Q3,TN,302,81.04988482579903,3.6620639152001204,3.367681836146526,0.530372140735116,0.3359618986717824,7.172673981349309,24477.065217391304
2023Q4,TN,301,81.32641196013289,3.664611620933613,3.38022182496178,0.528637253112774,0.33628482152808215,6.7894078797411685,24479.25
2024Q1,TN,300,82.44296703296703,3.640176114645578,3.349614354334421,0.5347833667230494,0.3409786052562477,6.549016736879941,24732.89010989011
2024Q2,TN,300,82.00490842490842,3.68267344847579,3.3902967302055536,0.536836877449487,0.3432538390000777,5.966735437385823,24601.472527472528
2024Q3,TN,301,81.4354687274303,3.7387243732126714,3.4317849498317377,0.5578573249831162,0.35255807807243195,5.35252883833154,24512.07608695652
2024Q4,TN,303,81.58993399339934,3.772880116566956,3.4723608193981623,0.5549933455006395,0.3547524117339027,4.601706712712852,24721.75
2025Q1,TN,302,82.22347314201619,3.750022104550047,3.451026067260476,0.5558930148726929,0.3597744485720192,4.426548528556207,24831.48888888889
2025Q2,TN,299,82.00573339703774,3.7783957560052603,3.4790303429310527,0.5641152712282649,0.3679898794152631,4.199416362920664,24519.714285714286
2017Q1,TX,981,81.24974515800204,3.1951283132177415,2.944081562241237,0.2849180334953175,0.15994185018833101,0.5764432597497564,79706.0
2017Q2,TX,1095,79.444548145918,3.3308662028444775,3.0557049219757024,0.30015316970707856,0.16700857678608513,8.219172341001775,86991.78021978022
2017Q3,TX,1117,79.7621637927679,3.3087183187239613,3.0411203378831844,0.30307512835381256,0.17453139497106082,0.4572538523914547,89094.33695652174
2017Q4,TX,1025,80.5489183457052,3.302744451084111,3.029408214816602,0.30797333592425147,0.17663957524741095,0.5432419909350089,82562.64130434784
2018Q1,TX,1133,79.0882220260861,3.3194591069691266,3.0364717979482254,0.31588417243403477,0.18203428652488038,0.6931757185304637,89606.95555555556
2018Q2,TX,1133,78.50798715847259,3.330763759281252,3.051240369741633,0.3192401397063084,0.18565567665286,0.9319991918640919,88949.54945054944
2018Q3,TX,1175,77.51930619796485,3.3842658526651532,3.1074861885738354,0.3266286957610273,0.19547416733762246,0.7306509883484692,91085.1847826087
2018Q4,TX,1179,77.38841870413394,3.374186677486879,3.0945024598629023,0.3318531427835544,0.1979843396015352,1.073439636145698,91240.94565217392
2019Q1,TX,1189,77.42747406784413,3.3450164648807545,3.0574078192372856,0.3428139618133528,0.20566646076513784,0.9703430853504355,92061.26666666668
2019Q2,TX,1182,77.48389765902456,3.376693369095486,3.0911281684187184,0.3529914391366881,0.21723862034144825,1.128152679622062,91585.96703296703
2019Q3,TX,1184,77.27245519976498,3.382269003915109,3.0988928369205,0.35801909889993433,0.22369659672757972,0.9487789580054273,91490.58695652173
2019Q4,TX,1163,77.68832479718868,3.3698865277406846,3.0890735629197072,0.3604347440071026,0.22737922053236514,0.9904915758067625,90351.52173913043
2020Q1,TX,940,75.90399812953005,3.3945304172542383,3.10495135555724,0.3743662191575073,0.23720446622026642,0.9684902939383564,71349.75824175825
2020Q2,TX,1161,71.42030837379674,3.507641804981879,3.1971782040114096,0.3851561016731943,0.23811020608360314,1.354753192503446,82918.97802197802
2020Q3,TX,1157,66.7737871556875,3.5711723576322987,3.2526794733969746,0.416299422497024,0.2634625796446064,1.9530389753410364,77257.27173913043
2020Q4,TX,1155,65.25580651232825,3.63656417965637,3.3270948843696972,0.41843532135904943,0.2708194264215508,2.6068336939804966,75370.45652173914
2021Q1,TX,1175,63.830903073286045,3.5785196288420438,3.265022472199745,0.4109961292528516,0.260625572767765,3.5015399783969734,75001.3111111111
2021Q2,TX,1177,65.36959302379863,3.4064468007828563,3.1020499658575162,0.39219551381617274,0.24551862082932885,3.6175876891612764,76940.01098901099
2021Q3,TX,1184,67.01617582256169,3.299533004252913,3.000609627095463,0.37572269654892954,0.23313049782066642,4.7347851311308125,79347.15217391304
2021Q4,TX,1141,67.61809856203102,3.3118883038991225,3.024576231242156,0.3586376128197119,0.22363463959199803,5.426240733455588,77152.25045927739
2022Q1,TX,1179,68.34344548110452,3.2954342372361096,3.0071393890972087,0.3547851128590306,0.21883527582959722,6.944317797483035,80576.92222222223
2022Q2,TX,1154,68.95646294779743,3.306931045320832,3.0195478163458587,0.34569686444350356,0.21159194348491464,6.891677325363578,79575.75824175825
2022Q3,TX,1158,69.88655477960504,3.2958176205712117,3.007710905771242,0.33948292067326097,0.20710489677297522,7.1208800311400156,80928.63043478262
2022Q4,TX,1178,70.66645751826974,3.2387153256726995,2.964749684927221,0.33199973545899303,0.20753874755371382,6.937917499134988,83245.08695652174
2023Q1,TX,1168,71.96554414003045,3.2439141427026352,2.946243821230829,0.33811598465463,0.21029001649434276,6.4248285041610345,84055.75555555556
2023Q2,TX,1167,71.72904131001816,3.259570032277379,2.9760812383843374,0.34449397163786266,0.2186548851453296,5.116887132637718,83707.7912087912
2023Q3,TX,1167,72.6959967959465,3.2313993970223702,2.954704946217988,0.346606429549107,0.22406441285274326,4.417330717388794,84836.22826086957
2023Q4,TX,1172,72.90903694910224,3.2598983176413596,2.989572452242263,0.35329174884091064,0.2298092094685082,4.296768043254174,85449.39130434782
2024Q1,TX,1164,73.65761300555114,3.2532283809416147,2.973510281643079,0.36440404511139235,0.23803553244385592,4.088819419722324,85737.46153846153
2024Q2,TX,1168,73.46416340508806,3.2951372804452252,3.0106164304177105,0.37778739937546413,0.24716558626466842,3.5670801747609837,85806.14285714286
2024Q3,TX,1163,74.26400052338406,3.3023114866930343,3.021338683060089,0.3808400240575357,0.25252802087503434,3.0184025580488774,86369.03260869565
2024Q4,TX,1164,74.20977140295832,3.3281617473111784,3.0555645543663403,0.3811489640839484,0.25625410093097045,2.80921450189089,86380.17391304349
2025Q1,TX,1169,74.9398251116814,3.316387869543717,3.033409521995216,0.3942353393445985,0.2622766078261442,2.696273714707867,87604.65555555555
2025Q2,TX,1167,74.86520334849384,3.342913222631143,3.0601360135136835,0.39901130123288464,0.2683942602063277,2.5510331390305003,87367.69230769231
2017Q1,UT,85,58.71921568627453,3.897015730116963,3.5940073062898206,0.9931598033846688,0.7280394788981349,1.6092607519776418,4991.133333333335
2017Q2,UT,87,54.499557913351005,3.995342674976186,3.6882905535224677,0.9901823520822856,0.7252456816533133,1.8109645048949943,4741.461538461537
2017Q3,UT,94,56.410383903792784,3.894183692503849,3.595046685675748,0.945203623341403,0.6891479531072878,1.7989791153611556,5302.576086956522
2017Q4,UT,95,54.91018306636157,3.9077576029088488,3.596340060218997,0.9717387662398549,0.7000473833908089,2.1632240636860303,5216.467391304349
2018Q1,UT,98,53.87823129251701,3.990261633901929,3.6712301191483268,1.0045132005909017,0.7278817186651684,2.3879458427581444,5280.066666666667
2018Q2,UT,99,55.3877233877234,4.040416382758704,3.7147611164997953,0.9953710710478008,0.7109264351046518,2.517783062330602,5483.384615384616
2018Q3,UT,99,55.44191919191921,4.046943471329696,3.7189029536700566,1.0385284920737081,0.7473443505985563,2.862149989752466,5488.750000000002
2018Q4,UT,98,56.13575865128661,4.004238362443689,3.6754113846518606,1.048767960167549,0.7535879633288548,3.009787029581475,5501.304347826088
2019Q1,UT,100,56.93777777777778,4.006327648114901,3.684389626102568,1.0578517875263442,0.775801381625166,3.8676863984785905,5693.777777777778
2019Q2,UT,99,56.6042846042846,4.023681257696864,3.700041219889087,1.0525419258434194,0.7686330959235059,4.367916982348492,5603.824175824176
2019Q3,UT,97,57.46033168982519,4.067892842098694,3.741654523612649,1.0651197988985446,0.7819899137245112,3.9602600451440595,5573.652173913043
2019Q4,UT,97,58.006387270282374,3.9719672017139023,3.659801931424575,1.0389441880502037,0.7701654209705804,4.920282351187987,5626.61956521739
2020Q1,UT,91,59.0822364448738,4.01804995299023,3.6997763561296657,1.0608476679066345,0.7870519151371458,5.447755395073916,5376.483516483516
2020Q2,UT,94,54.21603927986905,4.197503579406767,3.860302028618004,1.0750484729301975,0.7897281160245297,4.234024891107217,5096.307692307691
2020Q3,UT,93,53.06661991584853,4.186818394055124,3.8365062836150288,1.1189272924292681,0.8252720697386563,4.265145250621831,4935.195652173913
2020Q4,UT,93,53.00806451612903,4.168731393469551,3.810422743899615,1.129275340269923,0.8449404348487555,4.5056124511115465,4929.75
2021Q1,UT,94,52.356382978723396,4.165360876878098,3.8024292954948242,1.1412797363044238,0.8470713535846119,5.866033687054173,4921.499999999999
2021Q2,UT,94,54.58019639934534,4.028054935004573,3.6948149092163067,1.0993546721955796,0.8279923491954018,6.977779164558713,5130.538461538462
2021Q3,UT,97,54.619229045271176,3.9381061380077225,3.597917430891507,1.0787532569313654,0.8002609648312962,8.260217425134144,5298.065217391304
2021Q4,UT,98,53.99697251833985,3.92331798477077,3.5830667292130878,1.0878809313655902,0.808351243418738,9.681645550253394,5291.703306797305
2022Q1,UT,97,54.295532646048116,3.9413784177215194,3.5954620886075954,1.1104552742616034,0.8262724050632911,11.206674963470578,5266.666666666667
2022Q2,UT,97,54.94788716438201,3.911538807277975,3.5833318901087567,1.0822980877274366,0.8115798360909232,12.447191816339764,5329.945054945055
2022Q3,UT,98,55.339618456078085,3.8643253724881856,3.532489848519467,1.066286742747654,0.79138917950383,13.977039151651333,5423.282608695652
2022Q4,UT,98,55.36901064773737,3.8704017772186687,3.54011259858135,1.0633535787759387,0.7942025652685158,13.666773101787486,5426.163043478262
2023Q1,UT,98,56.94535147392291,3.9159005531021904,3.5694225875944237,1.0693988149516782,0.7926219990522799,13.462562835432584,5580.644444444445
2023Q2,UT,97,56.49382576186701,3.9814733561807283,3.6492117648710276,1.0753596459389057,0.8087642553908287,11.526827256333883,5479.901098901099
2023Q3,UT,97,57.182317346481405,3.922596890034196,3.584393125545028,1.0513111239577106,0.7836674276643902,9.28010088397776,5546.684782608696
2023Q4,UT,97,56.78182429403854,3.875806489172543,3.541484071116058,1.042137941786506,0.7800866354463305,7.897512635412259,5507.836956521739
2024Q1,UT,98,57.36835613366225,3.8973883477876745,3.5718609060399404,1.0564175516163647,0.7968258305626735,5.727039099715176,5622.098901098901
2024Q2,UT,98,57.3640950885849,3.873097075099742,3.5496321737073693,1.0451163372578303,0.7886140589906034,4.544184787036622,5621.68131868132
2024Q3,UT,98,58.70751996450753,3.8475503441292105,3.525089201540883,1.0289524226960916,0.7718647779077171,3.9965518300141647,5753.336956521738
2024Q4,UT,98,57.705301685891754,3.893078261136985,3.571292441823588,1.0538281780072307,0.7936507704638542,4.3190270286432115,5655.119565217392
2025Q1,UT,97,59.10114547537228,3.6840217616720903,3.366384476880646,1.0112036367653643,0.7558464239959842,2.794180908944597,5732.811111111111
2025Q2,UT,98,59.83639829558197,3.830805646704309,3.507186017791654,1.0496153074935204,0.787171119577378,3.214463524121637,5863.967032967033
2017Q1,VA,272,99.56368464052287,3.6040304859560854,3.302251256400988,0.49886562243186056,0.267840274498332,1.305716125107104,27081.32222222222
2017Q2,VA,273,98.82244495431308,3.61870169031456,3.325206859667803,0.4918621198951058,0.2688269466234034,1.5749435396461706,26978.527472527472
2017Q3,VA,272,99.98385549872123,3.5749184650974657,3.2890138233634265,0.48144407505047976,0.266647088964171,1.5378655079897365,27195.608695652172
2017Q4,VA,274,99.55645033322755,3.628142985050719,3.340782939561742,0.4875451931149709,0.2720772236741911,1.931512403279812,27278.467391304348
2018Q1,VA,278,99.04792166266988,3.632906129863904,3.332722817843263,0.5106828562424264,0.2823531229987826,2.142120939958483,27535.322222222225
2018Q2,VA,280,98.38273155416013,3.640547340984015,3.3388076713185617,0.5052973162512088,0.28021543071782584,2.7424423192090495,27547.164835164836
2018Q3,VA,280,97.92996894409937,3.594846480483423,3.2930499200055814,0.49613080712703495,0.27338682018618327,2.6930318121355126,27420.391304347824
2018Q4,VA,270,98.94919484702093,3.617586197637168,3.3145206229062394,0.5045667598899547,0.28221934352035766,2.696193929584704,26716.282608695652
2019Q1,VA,283,99.33568904593639,3.5882912714222477,3.276791607380004,0.5142818250806298,0.28600951748561315,2.5730005044200346,28112.0
2019Q2,VA,285,97.92026219394641,3.6094399861078403,3.3035584207040425,0.5230868787609833,0.2964195912523498,2.5782241325509827,27907.27472527473
2019Q3,VA,287,97.40482502651113,3.6286711417381166,3.3274906887071194,0.5236792661546412,0.3011618323893405,2.8735137342707735,27955.184782608696
2019Q4,VA,284,97.95476117575016,3.6111542017112077,3.3089654492017933,0.5278409150405452,0.30483534959103087,3.2580714937617947,27819.152173913048
2020Q1,VA,207,96.21871847958805,3.6964419477928483,3.3806202854444094,0.548362738845069,0.3156931913982672,3.028348057378644,19917.274725274725
2020Q2,VA,281,89.69895584842205,3.713369890116022,3.3869585541563554,0.5712165539226715,0.3294949888651135,3.668615716766186,25205.406593406595
2020Q3,VA,284,86.81422229026332,3.6651274047935836,3.336691227104919,0.5817231014485853,0.339947722549489,4.132970622011086,24655.239130434784
2020Q4,VA,280,85.15267857142857,3.72070067329737,3.395097589140441,0.5792264488384721,0.3407873371405855,5.375258232431481,23842.75
2021Q1,VA,284,82.8878716744914,3.7269388619163286,3.3830529157269797,0.5873081410771381,0.3353741880304765,6.131533074221003,23540.155555555557
2021Q2,VA,283,87.56863278064692,3.472276105190109,3.1509348270961417,0.5462320195285912,0.31206217754433735,6.189876780124568,24781.923076923078
2021Q3,VA,266,91.19520268061459,3.3229098335864258,3.0231674768755528,0.51671344952725,0.3001848970013833,7.494278755615767,24257.92391304348
2021Q4,VA,281,90.70833106327896,3.403878122671352,3.141929538775329,0.513844697978365,0.3249872071543104,9.457927394113055,25489.041028781387
2022Q1,VA,285,89.91477582846002,3.327007341584884,3.0340124588412505,0.5009091606780343,0.2925467520901317,10.52435319753698,25625.711111111108
2022Q2,VA,287,91.39947160853085,3.3450847897850093,3.054343918092397,0.4892026911540459,0.28703769039998656,9.836377776539344,26231.648351648353
2022Q3,VA,288,92.52879679951691,3.361129263110494,3.0680426881075262,0.4988635580302679,0.29391962043413333,9.970320058057478,26648.29347826087
2022Q4,VA,285,94.02585812356979,3.3739360531006044,3.087924808486232,0.49983948781475146,0.3030081310706193,10.916563842579752,26797.369565217392
2023Q1,VA,282,96.02048857368005,3.3660117931883464,3.06948990151826,0.5009413048830529,0.29969196963479694,10.87045557351336,27077.777777777777
2023Q2,VA,286,95.71455467609314,3.416228074154569,3.125114306439771,0.5024945214239521,0.3058125935593061,11.025895935017335,27374.36263736264
2023Q3,VA,286,96.8587336576467,3.446571940796069,3.163367169606839,0.49531992935582514,0.30182289751768354,8.985996617403952,27701.597826086956
2023Q4,VA,287,96.84846992879866,3.458444141941907,3.171467221599359,0.5019176931526712,0.3044098378413468,6.907455661697405,27795.510869565216
2024Q1,VA,287,97.82972776352567,3.4368853108333046,3.130180327426137,0.5151726308101818,0.30947193739068085,6.264925746072886,28077.131868131866
2024Q2,VA,287,97.3810161963472,3.514288070616915,3.195325993787599,0.5290604214996265,0.3187832343805293,6.1638169734008255,27948.351648351647
2024Q3,VA,289,97.56292312321348,3.4927119629391323,3.1821748933983494,0.5243686996506943,0.3154929774560785,5.679944905629359,28195.684782608696
2024Q4,VA,289,97.73311268241312,3.5353370177269596,3.2152643612075757,0.5438564102445693,0.32640274416900644,5.290615119725459,28244.869565217392
2025Q1,VA,289,98.23387158785083,3.49977342241659,3.1773236511193654,0.5354725656471092,0.3227050683290393,5.615924502058711,28389.588888888888
2025Q2,VA,288,98.08741605616608,3.5592748986161222,3.2338132358232765,0.5434227975142715,0.3279192974607837,6.390210912027109,28249.17582417583
2017Q1,VT,35,72.23809523809523,3.9676211382113817,3.724719138650846,0.8189915622940013,0.6123933201494177,6.562426623268718,2528.333333333333
2017Q2,VT,32,68.81009615384616,3.868025152838428,3.627838452900811,0.7556363318777293,0.5519981035558328,8.146835515813486,2201.923076923077
2017Q3,VT,34,69.98753196930947,4.010484604035245,3.763085450916085,0.7591001320110906,0.5466633625828495,5.609239306667026,2379.576086956522
2017Q4,VT,35,69.32173913043479,4.031061796645402,3.7759263672854995,0.781255017561465,0.5622415955845459,5.998636426514148,2426.260869565218
2018Q1,VT,34,69.92810457516339,4.014868445649126,3.744388821385176,0.8121838489578466,0.5832598373679784,4.888466328573147,2377.555555555555
2018Q2,VT,35,69.95572998430141,4.090899425068107,3.831783410903509,0.7856755337531248,0.5670047439735378,7.253020581560149,2448.4505494505493
2018Q3,VT,36,69.02445652173913,4.009976203911482,3.7745639060579412,0.7548436850692667,0.5578137343674134,8.435244412763748,2484.8804347826085
2018Q4,VT,36,69.02506038647343,4.005196206656723,3.77924329975373,0.7530103538324927,0.5650896063618985,8.128089376002636,2484.9021739130435
2019Q1,VT,35,70.16603174603175,3.9345805640137,3.7051468851657967,0.7328535039339795,0.5372314193545468,6.654257981069711,2455.811111111111
2019Q2,VT,36,68.99847374847374,3.967900539287468,3.731674976442118,0.7355789930056316,0.5432922637244015,9.33930703354566,2483.945054945055
2019Q3,VT,35,69.36024844720497,3.978163338407809,3.7423172293364377,0.7427506492343513,0.5367355153577505,11.364972655638882,2427.608695652174
2019Q4,VT,34,67.7685421994885,4.041269034814605,3.8027920558543262,0.7711410038682893,0.5680749599018775,9.482349064873086,2304.130434782609
2020Q1,VT,31,66.5490960652251,4.156598023810157,3.9043226888965816,0.7535427064745519,0.5373261778570858,8.0371614934039,2063.021978021978
2020Q2,VT,35,62.66310832025118,4.416041426581555,4.169617149843172,0.8275166097143029,0.6183676884689001,8.698831688277869,2193.2087912087914
2020Q3,VT,33,63.00164690382082,4.314319166845294,4.0768055083571655,0.8326712081684295,0.6262178143282114,10.648149567535171,2079.054347826087
2020Q4,VT,33,61.743412384716734,4.3022360805108475,4.049784586002891,0.8518805780649017,0.6447500973577376,10.593149334580389,2037.5326086956522
2021Q1,VT,34,62.14248366013072,4.274488367445676,4.015099392078082,0.8434854540482551,0.6293695702475861,12.689350592808655,2112.8444444444444
2021Q2,VT,35,64.14505494505495,4.041291029945865,3.743263844700492,0.7674738377499974,0.562232332527337,15.310656226781754,2245.0769230769233
2021Q3,VT,34,65.83184143222508,3.948641330212411,3.6766892804071443,0.7494748011382951,0.5643631083614183,17.672861646681636,2238.2826086956525
2021Q4,VT,34,65.65185421994885,3.913652579141893,3.6286622938366473,0.6974848923105392,0.5146871089165802,20.960477503291074,2232.1630434782605
2022Q1,VT,34,64.41928104575163,4.0496505227700474,3.8106070828873344,0.712228101236284,0.5257572683045612,25.243054667360393,2190.2555555555555
2022Q2,VT,34,67.40239172592112,4.029913399155091,3.7936948734793305,0.6845435233980522,0.5028210488963907,26.08428148238986,2291.6813186813183
2022Q3,VT,35,67.66552795031056,3.982395368156304,3.764933198092554,0.6729245512499827,0.49998012694886707,27.570366934281438,2368.2934782608695
2022Q4,VT,35,67.62826086956521,3.8624443087209492,3.6739737237271712,0.6937919205742021,0.5352312376299003,27.642628952892096,2366.9891304347825
2023Q1,VT,34,67.85457516339868,4.078994822645508,3.8730077780720986,0.7470389385219253,0.5714314060731571,27.857813749698053,2307.055555555555
2023Q2,VT,34,68.45119586296057,4.213719143671974,3.9915258182711013,0.7666815872476249,0.5747635371220277,27.962302074320444,2327.3406593406594
2023Q3,VT,33,70.5754281949934,4.051020409115729,3.8316176079377597,0.7968928953128573,0.6020177628846253,28.763131667778012,2328.9891304347825
2023Q4,VT,34,70.92039641943735,4.030424767511573,3.815420327354523,0.7825123174915141,0.599485888414571,29.570102137846387,2411.29347826087
2024Q1,VT,34,69.08112475759536,4.117893860211381,3.8701477516761256,0.8134537773057542,0.6000838881429046,30.642988117838776,2348.758241758242
2024Q2,VT,33,69.52147852147851,4.069409502186585,3.8268514127784723,0.7824121414167541,0.5746741676366196,29.63925483286898,2294.208791208791
2024Q3,VT,34,69.22985933503837,4.125545206440977,3.876896112232223,0.807318414599794,0.5947687611694243,28.602345127878735,2353.8152173913045
2024Q4,VT,32,73.07710597826087,4.057928409075064,3.8103441031147303,0.774611065404227,0.5673042544587452,26.450991322453522,2338.467391304348
2025Q1,VT,34,71.29313725490196,4.070476858409311,3.830262196491517,0.7747165573417311,0.5742026155475186,23.935219274366876,2423.9666666666667
2025Q2,VT,34,71.69780219780219,4.13722088237548,3.8785791113134653,0.7874663823687188,0.5710926237304639,25.13458678609675,2437.7252747252746
2017Q1,WA,207,76.13843263553409,4.1224371518669205,3.7503992642720023,0.9124931351558276,0.6634430885912106,2.049323376052522,15760.655555555557
2017Q2,WA,190,75.60138808559861,4.177938320679831,3.8426519873801586,0.9159912879031297,0.6746292003659876,2.159048771206693,14364.263736263738
2017Q3,WA,204,75.76736999147484,4.121935405154142,3.7649870604963986,0.8957136065912706,0.6594255071371208,2.065786875890251,15456.543478260868
2017Q4,WA,189,74.8758339084426,4.146074914301032,3.765861002917951,0.9247641329368995,0.6766265829250326,2.268469052848357,14151.532608695652
2018Q1,WA,199,76.13662758235623,4.1692975468738425,3.764833489414472,0.9359160887264439,0.6711243048766984,2.794270945849713,15151.188888888888
2018Q2,WA,197,74.93155575389079,4.1457655188945415,3.7674132694309086,0.9131868803497064,0.6701645502338275,2.876696216330299,14761.516483516485
2018Q3,WA,198,75.86528326745719,4.221369292353914,3.858653501326375,0.9166522161969723,0.6830382239164318,3.1169792298788788,15021.326086956522
2018Q4,WA,205,75.55938494167549,4.12218115855584,3.7529332233956705,0.8991380512964456,0.6613877056945369,3.1526982010662814,15489.673913043476
2019Q1,WA,203,76.3376026272578,4.100091052622522,3.726401503418686,0.9097261107860681,0.6663340833218612,3.459621332335926,15496.533333333333
2019Q2,WA,206,74.52245812439986,4.1422009122418215,3.7712255350401356,0.915642126903546,0.6738596189829907,3.746883175282462,15351.626373626372
2019Q3,WA,200,74.89369565217392,4.100123704322939,3.7881639047809803,0.88259225394835,0.6598619637689364,3.6930643942256363,14978.739130434784
2019Q4,WA,200,75.48983695652174,4.074750956254549,3.7727170732023385,0.8890335151650849,0.6627819250071814,3.4210158142783205,15097.967391304348
2020Q1,WA,168,73.82012035583463,4.158819311655009,3.83169858634262,0.9186490595997384,0.6815322419149324,3.0649118195623934,12401.78021978022
2020Q2,WA,192,67.2092490842491,4.362901360833873,4.0113014868685495,0.9509886994583915,0.6940750161801275,3.1322789663029535,12904.175824175825
2020Q3,WA,195,66.14202898550724,4.3510582527381025,4.009396589212094,0.9641419515451024,0.7109683479017148,2.976168004797741,12897.695652173912
2020Q4,WA,191,64.6279307989984,4.364652346426075,4.003353776982535,0.9716219283894045,0.7124948531315327,4.102485466428461,12343.934782608696
2021Q1,WA,190,61.750526315789465,4.455102648460983,4.087080357295058,1.0036675966490332,0.7320489916983447,4.191960683344654,11732.599999999999
2021Q2,WA,192,65.00303342490842,4.186363846080021,3.8386016695825513,0.9242855759232143,0.6695860118531379,4.722897996472912,12480.582417582418
2021Q3,WA,190,64.15720823798627,4.070232035153924,3.7373087506732245,0.8799864195857572,0.6381635677522676,6.147496157513125,12189.869565217392
2021Q4,WA,191,63.25093057777578,4.08823561973962,3.758968317674878,0.8716426429419173,0.6356092845429754,6.7598389860751755,12080.927740355175
2022Q1,WA,192,61.93015046296296,4.131754711709448,3.7865017805865144,0.8775423514207781,0.6267205623868736,8.17170430035921,11890.58888888889
2022Q2,WA,193,63.88976826282526,4.182238034891846,3.8493183827408703,0.8768799282770814,0.6348606090744464,9.969627835004264,12330.725274725275
2022Q3,WA,194,64.55541237113403,4.100220737121209,3.7803737247056675,0.8239560574039759,0.5930819703433041,10.192156181922059,12523.75
2022Q4,WA,192,65.87245244565217,4.154379526474964,3.835422685852432,0.83226438266337,0.6056772899977741,9.957248446256468,12647.510869565218
2023Q1,WA,192,67.31302083333333,4.164391296535586,3.8200759133023663,0.8343272817621514,0.5917499262789845,9.716192490761445,12924.099999999999
2023Q2,WA,188,68.46299976619125,4.192387615099914,3.8603969639663096,0.8227722249021358,0.5875148578673485,9.103172939454945,12871.043956043955
2023Q3,WA,189,69.32033586381412,4.149096281387357,3.836476958406826,0.8042532160996629,0.5831103703347266,9.043781925016631,13101.54347826087
2023Q4,WA,187,70.53749128109742,4.174954879454681,3.851592482079097,0.822029901271253,0.5975105457068528,8.216722880878457,13190.510869565216
2024Q1,WA,189,71.05471248328391,4.263455145777247,3.915630021193549,0.8387443763450538,0.6028574467911003,7.798183401752022,13429.340659340658
2024Q2,WA,188,71.56727846621465,4.335705042499304,3.9823852861832147,0.8536308788253252,0.6144951089251396,7.040158587020462,13454.648351648353
2024Q3,WA,185,72.2674500587544,4.281836442838653,3.950169001099194,0.8296899085522508,0.6059466565636199,6.143798854452996,13369.478260869564
2024Q4,WA,187,72.79783771215996,4.2871018768554165,3.9605369949553424,0.8439360467066003,0.629048557425899,5.902231453860409,13613.195652173912
2025Q1,WA,189,73.31234567901234,4.297723919704453,3.966085018720285,0.8521881603120341,0.6380752548228087,5.564804841891015,13856.033333333333
2025Q2,WA,188,73.36310498012625,4.314260646197582,3.9769938952876918,0.8615652428180793,0.6439372526085654,4.589492729283078,13792.263736263736
2017Q1,WI,360,66.83941358024691,3.978142322879095,3.6968023921348245,0.9196317458880854,0.6624450163165169,2.0474133863374875,24062.18888888889
2017Q2,WI,351,66.10099871638333,3.938768298874834,3.670679831499735,0.9014772380658277,0.6512856954756524,3.5120131077172587,23201.45054945055
2017Q3,WI,360,65.35546497584541,3.896658888381219,3.6375199496621273,0.8857026813140513,0.6449861381436431,2.218080429259156,23527.967391304348
2017Q4,WI,339,65.32223932281647,3.882208396530651,3.6221733692637694,0.9135462358941131,0.672218606272119,2.3509356625571893,22144.239130434784
2018Q1,WI,351,64.83260525482747,3.8966865749181423,3.625435538572563,0.9248306350100729,0.6718023380151578,2.559915221001202,22756.244444444445
2018Q2,WI,358,63.98769107986985,3.940150158952044,3.6509695714890835,0.9364021143715962,0.6656529890035983,2.5354962555549134,22907.593406593405
2018Q3,WI,362,63.740571703098716,3.9390094713814103,3.6775340396906753,0.9078666120850795,0.6632094679896893,2.3258562557484614,23074.086956521736
2018Q4,WI,338,65.00932595832262,3.9332611685208727,3.658408932837999,0.9248977309265755,0.6700991773557652,2.665237382339303,21973.152173913044
2019Q1,WI,359,62.31655834107088,3.9055193429380846,3.6270614736511697,0.929996990237642,0.6718653623038688,2.772029932381352,22371.644444444446
2019Q2,WI,350,62.40056514913659,3.954716371364829,3.6686481072807577,0.9365481333442014,0.6713013910231059,3.3883583850179892,21840.197802197807
2019Q3,WI,350,61.77263975155279,3.953042910814503,3.6726506689779543,0.9275115920483802,0.6683209012814474,3.5342362561880747,21620.423913043476
2019Q4,WI,353,60.54806626431828,3.906967089936273,3.6322569225660217,0.9240146890776303,0.6697752241579488,3.9863616529301877,21373.46739130435
2020Q1,WI,240,63.44468864468865,4.02232213892289,3.7209304562827654,0.9780511420059582,0.703677664776795,3.5873890197799927,15226.725274725275
2020Q2,WI,345,57.15715878324574,4.0712407374074155,3.7797349269887306,0.9743724229554588,0.7093983668524433,3.0837009355904126,19719.21978021978
2020Q3,WI,346,56.29526891178688,4.0402853864779456,3.7429087199656697,0.9882278538229265,0.7156180862515492,3.1597700383502145,19478.16304347826
2020Q4,WI,343,52.82481936874128,4.1055306129794715,3.788071718238209,1.0327183881843376,0.7418172459716605,3.705300101121135,18118.91304347826
2021Q1,WI,343,51.906090055069654,4.144397072782884,3.8157074867334737,1.0410364398090046,0.7421533368989496,3.6836025445276803,17803.788888888892
2021Q2,WI,337,53.505037988717504,3.9909392877668073,3.674192513707926,0.9967038630846781,0.7050095896062929,4.199576224977695,18031.1978021978
2021Q3,WI,337,53.612953167333245,3.828716358162838,3.5283443607810296,0.9516805697935767,0.6743811754910314,4.640525811068617,18067.565217391304
2021Q4,WI,335,51.905900686402646,3.7913791723865935,3.4947161588888296,0.9587966916700166,0.6864708934715721,5.379390780526465,17388.476729944887
2022Q1,WI,337,51.4987800857237,3.824193160123383,3.519173012334518,0.9672577431659494,0.690115604901028,7.2288395902979845,17355.088888888888
2022Q2,WI,327,52.661726652552346,3.762268567472105,3.4618109255897207,0.9400763661773198,0.6681382784905443,8.175660912580092,17220.384615384617
2022Q3,WI,327,52.30268581305678,3.749900011058333,3.4584966386479854,0.9000570965900931,0.6389738756407796,8.864294017675165,17102.978260869568
2022Q4,WI,332,51.448762441068624,3.7835803407169553,3.483153925893967,0.913288743969745,0.6462080204855258,10.51410703336375,17080.989130434784
2023Q1,WI,327,52.68803941556235,3.8102715836165015,3.499407748826429,0.913747798445643,0.6369404214731116,10.527965207163058,17228.98888888889
2023Q2,WI,319,52.49743360088188,3.9078457926385943,3.6007088233981737,0.9164303703275964,0.6443989755555964,11.329173293882802,16746.68131868132
2023Q3,WI,323,53.12104590119801,3.9570805646972373,3.6619435936257756,0.9011264613932451,0.6433848892492771,11.650271919971999,17158.097826086956
2023Q4,WI,324,53.557400697799245,3.9670683251912537,3.6607953827236748,0.9128969788385275,0.6448540157187339,11.828487957742585,17352.597826086956
2024Q1,WI,324,54.01071767738434,3.9837338205484376,3.668474051337183,0.9130353316771871,0.6380935375132186,11.02258218124074,17499.472527472528
2024Q2,WI,319,53.99734748010611,3.9871474313376365,3.6714777902747646,0.913750354866924,0.6373468011577752,9.821473221359216,17225.153846153848
2024Q3,WI,322,53.910714285714285,4.07658756044735,3.7627225242024207,0.9204175383253259,0.6431094498547636,9.5646329070111,17359.25
2024Q4,WI,322,54.25776397515528,4.046895943090787,3.7353534739555982,0.9091732759628999,0.6382587853660601,10.203574862925958,17471.0
2025Q1,WI,323,54.52954936360509,4.05333259944965,3.7386290653265823,0.9234704896749506,0.6493323824387732,9.373677699646727,17613.044444444444
2025Q2,WI,321,53.956831330663114,4.160251799816386,3.8454840486177244,0.9379248261409412,0.6634571638307174,8.602132755082664,17320.14285714286
2017Q1,WV,119,76.05154061624651,3.6228702462333273,3.3309892794704066,0.6213504773410337,0.38665335808435,1.7053556409097055,9050.133333333335
2017Q2,WV,116,76.95310723759,3.588324767301436,3.3140718463358514,0.62132919783779,0.3934603362972829,1.4952032590303113,8926.56043956044
2017Q3,WV,119,77.30498721227622,3.58077006150047,3.328238215363893,0.6093551017032263,0.3870247360678692,2.080217604635449,9199.29347826087
2017Q4,WV,117,77.39483463396506,3.579709438972102,3.3200364311625084,0.585798568681444,0.3655789013753814,2.877381349957214,9055.195652173912
2018Q1,WV,120,76.81759259259258,3.623330472620325,3.3386677193447682,0.6154455962296446,0.3832812699637188,3.384681276926477,9218.11111111111
2018Q2,WV,114,76.44717563138616,3.6403079830984426,3.361463074182001,0.602406744483099,0.3779160041509943,4.314536453920816,8714.978021978022
2018Q3,WV,120,76.56177536231884,3.558875540969332,3.3029395959973593,0.5897358389668285,0.381899243057018,4.5981918992167,9187.41304347826
2018Q4,WV,117,77.59057971014492,3.6153207014014854,3.35363424869939,0.5955455617617654,0.3758171542831828,4.408676338797113,9078.097826086956
2019Q1,WV,123,76.82068654019874,3.6039707668699035,3.3290822960824555,0.6050684908955145,0.3800281630517224,4.568200929697103,9448.944444444445
2019Q2,WV,121,77.33348469712107,3.617160227781177,3.3488429265817907,0.6044440229754122,0.3818629648898028,5.81982453667301,9357.351648351649
2019Q3,WV,122,77.5327868852459,3.618852093934004,3.365236133519032,0.6022187863410509,0.37851725065155345,6.539968313869283,9459.0
2019Q4,WV,121,77.41412145167087,3.661966211558947,3.4015652247573036,0.6189383527467758,0.38838741943943544,6.433047370775408,9367.108695652174
2020Q1,WV,116,78.48171655930277,3.6741455942582144,3.3958853429222904,0.6453223417622967,0.3969635694481159,5.620559486609773,9103.87912087912
2020Q2,WV,121,73.00136227408956,3.857302548586869,3.55622468021368,0.6732003886451909,0.4044485816441036,5.83586422882699,8833.164835164836
2020Q3,WV,119,72.64815491413958,3.8053737464669735,3.5176199971836364,0.6576933232078375,0.3993567753648699,5.782524220930599,8645.13043478261
2020Q4,WV,120,69.83813405797102,3.957584204157388,3.6640310604360757,0.6862865736375392,0.41800980009416183,7.71820562097837,8380.576086956522
2021Q1,WV,122,67.61803278688524,4.00706451378282,3.7041249599297448,0.7051149713245138,0.42984340948701993,7.520621765229035,8249.4
2021Q2,WV,123,70.46725632091484,3.720859053680554,3.432020640515252,0.6660236199508076,0.4046941197352739,8.311845114852273,8667.472527472526
2021Q3,WV,123,72.01466949452106,3.6103887016853227,3.3346928402612286,0.6354275031352847,0.3831901860064448,9.827824948051793,8857.80434782609
2021Q4,WV,120,72.77263599714227,3.6380403597011894,3.3633710819110036,0.6140403996291689,0.36778659243389733,9.37292790759025,8732.716319657073
2022Q1,WV,122,71.96958105646628,3.6458060605447047,3.347771397043378,0.6396133764264906,0.3755884519112254,8.846765007200217,8780.288888888887
2022Q2,WV,121,74.12414857869403,3.587882834812376,3.308704356019069,0.6278541034402908,0.3761807858796027,8.834211674254187,8969.021978021978
2022Q3,WV,120,74.97554347826086,3.5511767847003246,3.2699657980259262,0.6173066338057096,0.3615909414905827,9.29939963983861,8997.065217391304
2022Q4,WV,121,75.44214876033057,3.532214076316172,3.2906528764428655,0.6137771337259562,0.39544641602625313,8.9929886084089,9128.499999999998
2023Q1,WV,122,75.62604735883426,3.525316676581878,3.274871828838572,0.6384414492746643,0.4111663057851041,7.970534773530638,9226.37777777778
2023Q2,WV,120,76.07930402930403,3.4502907607976057,3.2065785894321763,0.6155891408858599,0.3947442903467319,7.990648694547351,9129.516483516483
2023Q3,WV,121,76.452120014373,3.463690364425749,3.2174590894937523,0.6106835200601599,0.3930381463225488,7.513321242432777,9250.706521739132
2023Q4,WV,120,77.32635869565216,3.499735299871264,3.2413539686276995,0.609014880230718,0.3809388262387795,6.349555918850099,9279.16304347826
2024Q1,WV,122,77.20744010088274,3.476642003740272,3.2006033317116933,0.6206108332545845,0.3826661626749825,4.965631145422481,9419.307692307693
2024Q2,WV,122,77.95244100162134,3.45059902152461,3.173813072837948,0.6111391242252389,0.37425190772658146,5.50982787577768,9510.197802197803
2024Q3,WV,122,77.49305060584462,3.4812583842847977,3.2158380605714996,0.609686507653642,0.38053083416304306,5.8609527094741525,9454.152173913044
2024Q4,WV,122,77.7438524590164,3.5477665061878514,3.279853426037449,0.612801969293958,0.38255269041722584,5.382034128299585,9484.75
2025Q1,WV,121,78.2564738292011,3.505781406760986,3.2056850458746813,0.634250803496309,0.3747378061587889,5.231863282310438,9469.033333333333
2025Q2,WV,121,77.55308328035602,3.55439129584501,3.252219589969752,0.6466419302594921,0.38341918666131103,4.396277886685638,9383.923076923078
2017Q1,WY,36,64.10401234567901,3.8303916763362014,3.5296675926951275,0.9455686408566325,0.7249298738065546,2.4427395787168313,2307.7444444444445
2017Q2,WY,31,63.28677773839064,3.872674030425918,3.618166883247822,0.9495962068424706,0.7318472878811643,5.147583677921073,1961.89010989011
2017Q3,WY,34,63.33791560102303,3.8881497165873378,3.572024974636712,0.937009504292831,0.7100646069826015,2.1295581674056656,2153.489130434783
2017Q4,WY,36,63.69293478260871,3.8217257088138945,3.516337395888144,0.9544836952657251,0.7288096287763509,2.340179047583987,2292.9456521739135
2018Q1,WY,35,63.50730158730158,3.8860419999200193,3.5667881208509957,0.9722213168839479,0.7403329700871792,2.87694055323978,2222.7555555555555
2018Q2,WY,34,65.74822236586941,3.800599729630085,3.449673393142436,0.9538185572078164,0.7058443160870099,2.7833669841179502,2235.43956043956
2018Q3,WY,33,63.05632411067194,3.8339921332643825,3.5170013947001393,0.9750105777819565,0.7509359117003328,2.7117058738272526,2080.858695652174
2018Q4,WY,37,63.18272620446534,3.817024791467124,3.4973714628453463,0.9634091986944028,0.7320198164352733,3.11655456527001,2337.7608695652175
2019Q1,WY,36,62.01851851851851,3.8223765800736533,3.4652339006668655,0.9814428187518662,0.7340971434258984,2.6452177075126198,2232.6666666666665
2019Q2,WY,36,61.938949938949946,3.833886364532408,3.4485937746412234,0.9839643786469009,0.7226220726226146,4.206215749756521,2229.802197802198
2019Q3,WY,37,61.30992949471211,3.7380370773218847,3.455496240997801,0.9434147264720962,0.705769936607267,4.675339041994062,2268.467391304348
2019Q4,WY,37,62.20534665099883,3.739594279966186,3.4606672113418377,0.9126329062513282,0.6764835865443195,5.9558384617489715,2301.5978260869565
2020Q1,WY,34,63.91531997414351,3.7617551098839974,3.481675060934292,0.9040227757719186,0.6707508824094581,5.415399273226966,2173.120879120879
2020Q2,WY,34,63.785391079508734,3.8225600956666264,3.555984687259313,0.9039347460375371,0.6819094815355303,5.049404957553249,2168.703296703297
2020Q3,WY,35,61.98136645962734,3.787125864315062,3.5291393927247214,0.9189064535524601,0.7096202525303137,4.0578442441731095,2169.347826086957
2020Q4,WY,32,59.43104619565217,3.8870532392192727,3.6075032720829885,0.9893590146600749,0.7609508187351757,5.077314782759261,1901.7934782608695
2021Q1,WY,35,54.919047619047625,4.033056909159225,3.7372424058498805,0.9663192577820168,0.7211259863001821,10.126709713711938,1922.1666666666667
2021Q2,WY,34,57.58985132514545,3.778279802225802,3.5018703804515576,0.9006626894821615,0.667582373178137,5.480598224163405,1958.0549450549454
2021Q3,WY,34,57.364450127877234,3.55394240843532,3.291785706324261,0.8478009429545911,0.6235701308544551,6.1300000983212914,1950.391304347826
2021Q4,WY,34,56.44405370843989,3.554572461018255,3.283861019387506,0.8422389370005153,0.6214229965393612,6.374161636999887,1919.0978260869563
2022Q1,WY,35,56.06380952380952,3.5804353882480844,3.2969773104342552,0.8211826093849979,0.5969914666394868,5.775056279097448,1962.2333333333331
2022Q2,WY,35,56.10675039246467,3.5019902630106317,3.225210072747622,0.7586423055400112,0.5365551762730834,6.720027108735323,1963.7362637362635
2022Q3,WY,35,56.280434782608694,3.473078637921235,3.2131753695722955,0.8031362465029273,0.5902605077721923,7.376145915582404,1969.8152173913043
2022Q4,WY,33,58.75263504611331,3.350408189580262,3.0892599776872065,0.7859702421330582,0.5763996793236645,7.59720068037615,1938.8369565217392
2023Q1,WY,35,56.82730158730159,3.6193111962727507,3.3259011429784477,0.8434191591343306,0.6057127135403283,8.196394317316509,1988.9555555555557
2023Q2,WY,33,58.814185814185805,3.630276414202323,3.3660152644958923,0.8228790786948178,0.5977039276635017,8.39000019011947,1940.8681318681315
2023Q3,WY,32,56.39470108695652,3.5822811487357407,3.3121590594244275,0.8292822810885041,0.6013373206606194,8.46139501450193,1804.6304347826087
2023Q4,WY,32,56.67493206521739,3.7430610544737517,3.4290444768086497,0.8827265044860384,0.6348905310726336,6.7086539539881835,1813.5978260869565
2024Q1,WY,32,57.20982142857143,3.7202931660614063,3.41699042588313,0.8978507158077974,0.6406557819862541,5.28691819242836,1830.7142857142858
2024Q2,WY,33,57.23376623376623,3.740585781361819,3.4677698067759333,0.8531076434343963,0.6180786976430271,5.057256453007027,1888.7142857142856
2024Q3,WY,33,57.56916996047431,3.7801450966929857,3.509347179311134,0.8558351642064311,0.622747511156883,6.159377076605053,1899.7826086956522
2024Q4,WY,33,58.98880105401844,3.69756424144285,3.4288679434920986,0.8595159417052878,0.6238271260260204,6.709804599170656,1946.6304347826085
2025Q1,WY,32,59.46666666666667,3.7114511514387143,3.415762156670404,0.8537244254484305,0.5907039424514201,5.379997988477625,1902.9333333333334
2025Q2,WY,34,56.71137685843568,3.83526116319494,3.52632815661243,0.8724025874105947,0.6034415410480722,4.25966941876125,1928.186813186813
